,/lpc/nct6687dr/0/control/0,/lpc/nct6687dr/0/control/1,/lpc/nct6687dr/0/control/2,/lpc/nct6687dr/0/control/10,/lpc/nct6687dr/0/control/11,/lpc/nct6687dr/0/control/12,/lpc/nct6687dr/0/control/13,/lpc/nct6687dr/0/control/14,/lpc/nct6687dr/0/control/15,/lpc/nct6687dr/0/control/3,/lpc/nct6687dr/0/voltage/0,/lpc/nct6687dr/0/voltage/1,/lpc/nct6687dr/0/voltage/2,/lpc/nct6687dr/0/voltage/3,/lpc/nct6687dr/0/voltage/4,/lpc/nct6687dr/0/voltage/5,/lpc/nct6687dr/0/voltage/6,/lpc/nct6687dr/0/voltage/8,/lpc/nct6687dr/0/voltage/9,/lpc/nct6687dr/0/voltage/10,/lpc/nct6687dr/0/voltage/11,/lpc/nct6687dr/0/voltage/12,/lpc/nct6687dr/0/voltage/13,/lpc/nct6687dr/0/temperature/0,/lpc/nct6687dr/0/temperature/1,/lpc/nct6687dr/0/temperature/2,/lpc/nct6687dr/0/temperature/3,/lpc/nct6687dr/0/fan/0,/lpc/nct6687dr/0/fan/1,/lpc/nct6687dr/0/fan/2,/lpc/nct6687dr/0/fan/10,/lpc/nct6687dr/0/fan/11,/lpc/nct6687dr/0/fan/12,/lpc/nct6687dr/0/fan/13,/lpc/nct6687dr/0/fan/14,/lpc/nct6687dr/0/fan/15,/lpc/nct6687dr/0/fan/3,/amdcpu/0/load/2,/amdcpu/0/load/3,/amdcpu/0/load/4,/amdcpu/0/load/5,/amdcpu/0/load/6,/amdcpu/0/load/7,/amdcpu/0/load/8,/amdcpu/0/load/9,/amdcpu/0/load/0,/amdcpu/0/load/1,/amdcpu/0/power/0,/amdcpu/0/clock/1,/amdcpu/0/clock/2,/amdcpu/0/clock/3,/amdcpu/0/clock/4,/amdcpu/0/factor/0,/amdcpu/0/power/1,/amdcpu/0/voltage/2,/amdcpu/0/clock/5,/amdcpu/0/clock/6,/amdcpu/0/factor/1,/amdcpu/0/power/2,/amdcpu/0/voltage/3,/amdcpu/0/clock/7,/amdcpu/0/clock/8,/amdcpu/0/factor/2,/amdcpu/0/power/3,/amdcpu/0/voltage/4,/amdcpu/0/clock/9,/amdcpu/0/clock/10,/amdcpu/0/factor/3,/amdcpu/0/power/4,/amdcpu/0/voltage/5,/amdcpu/0/clock/11,/amdcpu/0/clock/12,/amdcpu/0/factor/4,/amdcpu/0/power/5,/amdcpu/0/voltage/6,/amdcpu/0/clock/13,/amdcpu/0/clock/14,/amdcpu/0/factor/5,/amdcpu/0/power/6,/amdcpu/0/voltage/7,/amdcpu/0/clock/15,/amdcpu/0/clock/16,/amdcpu/0/factor/6,/amdcpu/0/power/7,/amdcpu/0/voltage/8,/amdcpu/0/clock/17,/amdcpu/0/clock/18,/amdcpu/0/factor/7,/amdcpu/0/power/8,/amdcpu/0/voltage/9,/amdcpu/0/temperature/2,/amdcpu/0/temperature/3,/amdcpu/0/clock/0,/vram/data/2,/vram/data/3,/vram/load/1,/ram/data/0,/ram/data/1,/ram/load/0,/memory/dimm/1/temperature/0,/memory/dimm/1/temperature/1,/memory/dimm/1/temperature/2,/memory/dimm/1/temperature/3,/memory/dimm/1/temperature/4,/memory/dimm/1/temperature/5,/memory/dimm/1/timing/20,/memory/dimm/1/timing/21,/memory/dimm/1/timing/22,/memory/dimm/1/timing/23,/memory/dimm/1/timing/24,/memory/dimm/1/timing/25,/memory/dimm/1/timing/26,/memory/dimm/1/timing/27,/memory/dimm/1/timing/28,/memory/dimm/1/timing/29,/memory/dimm/1/timing/30,/memory/dimm/1/timing/31,/memory/dimm/1/timing/32,/memory/dimm/1/timing/33,/memory/dimm/1/data/50,/memory/dimm/3/temperature/0,/memory/dimm/3/temperature/1,/memory/dimm/3/temperature/2,/memory/dimm/3/temperature/3,/memory/dimm/3/temperature/4,/memory/dimm/3/temperature/5,/memory/dimm/3/timing/20,/memory/dimm/3/timing/21,/memory/dimm/3/timing/22,/memory/dimm/3/timing/23,/memory/dimm/3/timing/24,/memory/dimm/3/timing/25,/memory/dimm/3/timing/26,/memory/dimm/3/timing/27,/memory/dimm/3/timing/28,/memory/dimm/3/timing/29,/memory/dimm/3/timing/30,/memory/dimm/3/timing/31,/memory/dimm/3/timing/32,/memory/dimm/3/timing/33,/memory/dimm/3/data/50,/gpu-amd/0/smalldata/2,/gpu-amd/0/factor/0,/gpu-amd/0/smalldata/5,/gpu-amd/0/smalldata/4,/gpu-amd/0/smalldata/3,/gpu-amd/0/smalldata/6,/gpu-amd/0/smalldata/7,/gpu-amd/0/smalldata/8,/gpu-amd/0/load/2,/gpu-amd/0/load/5,/gpu-amd/0/load/3,/gpu-amd/0/load/4,/gpu-amd/0/load/9,/gpu-amd/0/load/8,/gpu-amd/0/load/7,/gpu-amd/0/load/6,/gpu-amd/0/load/12,/gpu-amd/0/load/11,/gpu-amd/0/load/10,/gpu-amd/0/smalldata/0,/gpu-amd/0/smalldata/1,/gpu-amd/0/clock/0,/gpu-amd/0/clock/1,/gpu-amd/0/clock/2,/gpu-amd/0/temperature/4,/gpu-amd/0/voltage/0,/gpu-amd/0/voltage/2,/gpu-amd/0/load/0,/gpu-amd/0/power/0,/gpu-amd/0/power/2,/gpu-nvidia/0/temperature/0,/gpu-nvidia/0/clock/0,/gpu-nvidia/0/clock/4,/gpu-nvidia/0/fan/1,/gpu-nvidia/0/fan/2,/gpu-nvidia/0/control/1,/gpu-nvidia/0/control/2,/gpu-nvidia/0/load/0,/gpu-nvidia/0/load/1,/gpu-nvidia/0/load/2,/gpu-nvidia/0/load/3,/gpu-nvidia/0/load/4,/gpu-nvidia/0/load/5,/gpu-nvidia/0/voltage/0,/gpu-nvidia/0/smalldata/3,/gpu-nvidia/0/smalldata/4,/gpu-nvidia/0/load/7,/gpu-nvidia/0/load/15,/gpu-nvidia/0/load/17,/gpu-nvidia/0/load/8,/gpu-nvidia/0/load/9,/gpu-nvidia/0/load/16,/gpu-nvidia/0/load/18,/gpu-nvidia/0/load/19,/gpu-nvidia/0/load/14,/gpu-nvidia/0/load/20,/gpu-nvidia/0/load/10,/gpu-nvidia/0/load/11,/gpu-nvidia/0/load/12,/gpu-nvidia/0/load/13,/gpu-nvidia/0/temperature/2,/gpu-nvidia/0/temperature/3,/gpu-nvidia/0/smalldata/2,/gpu-nvidia/0/smalldata/0,/gpu-nvidia/0/smalldata/1,/gpu-nvidia/0/load/3,/gpu-nvidia/0/power/0,/gpu-nvidia/0/throughput/0,/gpu-nvidia/0/throughput/1
Time,"CPU Fan","Pump Fan","Chipset Fan","System Fan #1","System Fan #2","System Fan #3","System Fan #4","System Fan #5","System Fan #6","EZ-Connect Fan","+12V","+5V","CPU Northbridge/SoC","DIMM","Vcore","Chipset","CPU System Agent","+3.3V","VREF","+1.8V","+3V Standby","AVSB","CMOS Battery","CPU Core","System","VRM MOS","Chipset","CPU Fan","Pump Fan #1","Chipset Fan","System Fan #1","System Fan #2","System Fan #3","System Fan #4","System Fan #5","System Fan #6","EZ-Connect Fan","CPU Core #1","CPU Core #2","CPU Core #3","CPU Core #4","CPU Core #5","CPU Core #6","CPU Core #7","CPU Core #8","CPU Total","CPU Core Max","Package","Cores (Average)","Cores (Average Effective)","Core #1","Core #1 (Effective)","Core #1","Core #1 (SMU)","Core #1 VID","Core #2","Core #2 (Effective)","Core #2","Core #2 (SMU)","Core #2 VID","Core #3","Core #3 (Effective)","Core #3","Core #3 (SMU)","Core #3 VID","Core #4","Core #4 (Effective)","Core #4","Core #4 (SMU)","Core #4 VID","Core #5","Core #5 (Effective)","Core #5","Core #5 (SMU)","Core #5 VID","Core #6","Core #6 (Effective)","Core #6","Core #6 (SMU)","Core #6 VID","Core #7","Core #7 (Effective)","Core #7","Core #7 (SMU)","Core #7 VID","Core #8","Core #8 (Effective)","Core #8","Core #8 (SMU)","Core #8 VID","Core (Tctl/Tdie)","CCD1 (Tdie)","Bus Speed","Memory Used","Memory Available","Memory","Memory Used","Memory Available","Memory","DIMM #1","Temperature Sensor Resolution","Thermal Sensor Low Limit","Thermal Sensor High Limit","Thermal Sensor Critical Low Limit","Thermal Sensor Critical High Limit","tCKAVGmin (Minimum Cycle Time)","tCKAVGmax (Maximum Cycle Time)","tAA (CAS Latency Time)","tRCD (RAS to CAS Delay Time)","tRP (Row Precharge Delay Time)","tRAS (Active to Precharge Delay Time)","tRC (Active to Active/Refresh Delay Time)","tWR (Write Recovery Time)","tRFC1 (Normal Refresh Recovery Time)","tRFC2 (Fine Granularity Refresh Recovery Time)","tRFCsb (Same Bank Refresh Recovery Time)","tRFC1_dlr (Normal Refresh Recovery Time 3DS)","tRFC2_dlr (Fine Granularity Refresh Recovery Time 3DS)","tRFCsb_dlr (Same Bank Refresh Recovery Time 3DS)","Capacity","DIMM #3","Temperature Sensor Resolution","Thermal Sensor Low Limit","Thermal Sensor High Limit","Thermal Sensor Critical Low Limit","Thermal Sensor Critical High Limit","tCKAVGmin (Minimum Cycle Time)","tCKAVGmax (Maximum Cycle Time)","tAA (CAS Latency Time)","tRCD (RAS to CAS Delay Time)","tRP (Row Precharge Delay Time)","tRAS (Active to Precharge Delay Time)","tRC (Active to Active/Refresh Delay Time)","tWR (Write Recovery Time)","tRFC1 (Normal Refresh Recovery Time)","tRFC2 (Fine Granularity Refresh Recovery Time)","tRFCsb (Same Bank Refresh Recovery Time)","tRFC1_dlr (Normal Refresh Recovery Time 3DS)","tRFC2_dlr (Fine Granularity Refresh Recovery Time 3DS)","tRFCsb_dlr (Same Bank Refresh Recovery Time 3DS)","Capacity","GPU Memory Total","Fullscreen FPS","D3D Dedicated Memory Total","D3D Dedicated Memory Free","D3D Dedicated Memory Used","D3D Shared Memory Used","D3D Shared Memory Free","D3D Shared Memory Total","D3D 3D","D3D Copy","D3D Compute 0","D3D Compute 1","D3D Timer 0","D3D Security 1","D3D High Priority Compute","D3D High Priority 3D","D3D Video JPEG 0","D3D Video Decode 1","D3D Video Codec 0","GPU Memory Used","GPU Memory Free","GPU Core","GPU SoC","GPU Memory","GPU VR SoC","GPU Core","GPU SoC","GPU Core","GPU Core","GPU SoC","GPU Core","GPU Core","GPU Memory","GPU Fan 1","GPU Fan 2","GPU Fan 1","GPU Fan 2","GPU Core","GPU Memory Controller","GPU Video Engine","GPU Bus","GPU Power","GPU Board Power","GPU Core Voltage","D3D Dedicated Memory Used","D3D Shared Memory Used","D3D 3D","D3D Overlay","D3D Video Decode","D3D Copy","D3D Copy","D3D Security","D3D Video Encode","D3D Video Encode","D3D Optical Flow Accelerator 0","D3D VR","D3D Copy","D3D Copy","D3D Copy","D3D Copy","GPU Hot Spot","GPU Memory Junction","GPU Memory Total","GPU Memory Free","GPU Memory Used","GPU Memory","GPU Package","GPU PCIe Rx","GPU PCIe Tx"
05/28/2026 19:19:10,52,54,0,60,66,54,54,54,54,71,12.144001,5.04,1.312,1.396,1.05000007,0.320000023,0.672000051,3.292,2.046,0,3.37600017,3.37600017,3.124,57,45,46,45,1160,678,0,930,880,0,0,0,0,0,31.25,3.12,0,0,1.56,78.12,0,0,14.26,78.12,39.1185532,3547,807,4040,1506,40.4,1.657102,0.54375,3150,327,33.6666679,0.6877202,0.54375,2986,100,33.6666679,0.179573819,0.54375,2882,55,33.6666679,0.114577293,0.54375,3063,173,33.6666679,0.311376929,0.55,5050,4174,50.5,3.18061018,0.5375,3521,52,40.4,0.08505248,0.5375,3681,68,40.4,0.08974668,0.5375,57.2500076,52.3750038,99.99827,25.9938354,10.8869286,70.48074,9.442532,5.43823242,63.4546165,39.5,0.25,0,55,0,85,0.416,1.01,16,16,16,32,48,30,295,160,130,0,0,0,16,39,0.25,0,55,0,85,0.416,1.01,16,16,16,32,48,30,295,160,130,0,0,0,16,512,-1,485.785156,477.917969,7.8671875,7.6015625,7611.34961,7618.951,0,0,0,0,0,0,0,0,0,0,2.002198,7,505,600,1200,3000,51,1.04500008,1.30500007,0,7,21,36,2670,10451.9824,1000,999,30,30,0,0,0,0,15.37,19.276,0.97,11478.9727,400.796875,0.5731411,0,0,0,0.0122640738,0,0,0,0,0,0.5034446,0,0,0,45.78125,42,16376,4596,11779,71.93354,47.534,0,199680
05/28/2026 19:19:12,51,54,0,59,65,56,56,56,56,73,12.144001,5.04,1.312,1.396,1.04000008,0.326,0.672000051,3.292,2.046,0,3.37600017,3.37600017,3.124,57,45.5,46,45,1143,678,0,927,852,0,0,0,0,0,40.62,7.81,3.12,1.56,6.25,70.31,1.56,3.08,16.79,70.31,39.0815,3632,821,4040,2042,40.4,1.89097714,0.55,3986,363,40.4,0.525453866,0.55,3109,118,33.6666679,0.198505461,0.55,3119,95,33.6666679,0.168090016,0.55,3254,227,33.6666679,0.319686979,0.55,5050,3538,50.5,2.713253,0.55,3303,89,33.6666679,0.160907224,0.55,3191,96,33.6666679,0.149399519,0.55,57.8750076,51.8750038,99.9982758,26.00776,10.8730049,70.51849,9.456791,5.423973,63.5504379,39.5,0.25,0,55,0,85,0.416,1.01,16,16,16,32,48,30,295,160,130,0,0,0,16,39,0.25,0,55,0,85,0.416,1.01,16,16,16,32,48,30,295,160,130,0,0,0,16,512,-1,485.785156,477.917969,7.8671875,7.6015625,7611.34961,7618.951,0,0,0,0,0,0,0,0,0,0,1.47521138,7,505,600,1200,3000,52,1.03500009,1.30500007,0,5,17,36,2670,10451.9824,1001,999,30,30,0,0,0,0,15.165,18.577,0.97,11493.2539,400.796875,0,0,0,0,0.0593984574,0,0,0,0,0,0.6836084,0,0,0,45.75,42,16376,4581,11794,72.02017,43.79,0,249856
05/28/2026 19:19:14,50,54,0,58,64,57,57,57,57,74,12.144001,5.05,1.312,1.396,1.0660001,0.328,0.672000051,3.292,2.046,0,3.37600017,3.37600017,3.124,63,45,46,45,1114,678,0,921,834,0,0,0,0,0,68.75,6.25,4.69,7.81,10.94,42.19,0,9.23,18.73,68.75,41.0436935,3933,872,4040,3624,40.4,3.985436,0.525,4744,339,50.5,0.6330198,0.525,4039,211,40.4,0.311891466,0.525,3562,93,40.4,0.15881592,0.525,3847,227,40.4,0.30054453,0.525,5050,1901,50.5,2.42995262,0.55,2813,47,33.6666679,0.0934018,0.54375,3367,533,33.6666679,0.445512325,0.54375,65.00001,56.1250038,99.99826,26.4028473,10.4779167,71.58975,9.775116,5.105648,65.6896057,39.5,0.25,0,55,0,85,0.416,1.01,16,16,16,32,48,30,295,160,130,0,0,0,16,39.25,0.25,0,55,0,85,0.416,1.01,16,16,16,32,48,30,295,160,130,0,0,0,16,512,-1,485.785156,477.917969,7.8671875,7.6015625,7611.34961,7618.951,0,0,0,0,0,0,0,0,0,0,1.43407416,7,505,600,1200,3000,51,1.05500007,1.30500007,0,6,17,36,2670,10451.9824,1000,999,30,30,0,0,0,0,15.57,19.462,0.97,11559.3516,518.1094,1.30226541,0,0,0,0.474033862,0,0,0,0,0,1.29507661,0,0,0,45.65625,44,16376,4512,11863,72.44202,44.324,2999296,0
05/28/2026 19:19:16,51,54,0,59,65,61,61,61,61,78,12.144001,5.04,1.312,1.396,1.07,0.322000027,0.672000051,3.292,2.046,0,3.37600017,3.37600017,3.124,67,45.5,46,45,1140,678,0,896,822,0,0,0,0,0,31.25,1.56,4.69,1.56,4.69,78.12,0,1.56,15.43,78.12,40.2646751,3320,775,4040,1503,40.4,2.09610057,0.525,3085,284,33.6666679,0.5433707,0.525,2974,138,33.6666679,0.248457745,0.525,2805,90,33.6666679,0.193492323,0.525,2929,185,33.6666679,0.281186879,0.525,5050,3925,50.5,4.77247,0.525,2855,47,33.6666679,0.1637674,0.525,2821,30,33.6666679,0.0286520887,0.525,68.75001,63.6250038,99.99827,26.49575,10.3850136,71.84165,9.776463,5.10430145,65.69866,39.5,0.25,0,55,0,85,0.416,1.01,16,16,16,32,48,30,295,160,130,0,0,0,16,39.25,0.25,0,55,0,85,0.416,1.01,16,16,16,32,48,30,295,160,130,0,0,0,16,512,-1,485.785156,477.917969,7.8671875,7.6015625,7611.34961,7618.951,0,0,0,0,0,0,0,0,0,0,1.26220763,7,505,600,1200,3000,51,1.064,1.30500007,0,6,17,36,2670,10451.9824,1342,1133,0,0,0,0,0,0,15.737,20.697,0.97,11845.2188,519.0039,1.042081,0,0,0,0,0,0,0,0,0,2.13758135,0,0,0,45.71875,44,16376,4230,12145,74.16451,46.169,49152,49152
05/28/2026 19:19:18,53,54,0,60,65,65,65,65,65,82,12.144001,5.04,1.312,1.396,1.054,0.334000021,0.674,3.292,2.046,0,3.37600017,3.37600017,3.124,67,45.5,46,45,1165,677,0,921,829,0,0,0,0,0,64.06,21.88,6.35,7.81,14.06,59.38,0,1.59,21.89,64.06,42.6599159,3988,1184,5050,2781,50.5,2.62401366,0.55,4040,1376,40.4,1.79154372,0.55,4040,547,40.4,0.9451118,0.55,3290,320,33.6666679,0.6532377,0.55,4040,760,40.4,1.15579283,0.55,5050,3303,50.5,2.91493464,0.54375,3176,180,33.6666679,0.45388177,0.54375,3221,205,33.6666679,0.417971015,0.54375,66.50001,57.2500038,99.99826,26.3408852,10.5398788,71.4217453,9.800449,5.08031464,65.85985,39.5,0.25,0,55,0,85,0.416,1.01,16,16,16,32,48,30,295,160,130,0,0,0,16,39,0.25,0,55,0,85,0.416,1.01,16,16,16,32,48,30,295,160,130,0,0,0,16,512,-1,485.785156,477.917969,7.8671875,7.6015625,7611.34961,7618.951,0,0,0,0,0,0,0,0,0,0,1.882746,7,505,600,1200,3000,52,1.04500008,1.30500007,0,6,17,36,2670,10451.9824,0,0,0,0,22,4,0,4,20.23,18.256,0.97,11607.8594,442.289063,9.395966,0,0,0,2.88566732,0,0,0,0,0,11.4611,0,0,0,45.75,44,16376,4467,11908,72.71855,44.729,1.3962496E+09,3.654963E+07
05/28/2026 19:19:20,53,54,0,61,66,68,68,68,68,82,12.12,5.04,1.31000006,1.396,0.98,0.314,0.674,3.288,2.046,0,3.37200022,3.37200022,3.124,63,45,46,45,1189,676,0,920,860,0,0,0,0,0,18.46,4.62,3.03,0,0,10.77,0,0,4.61,18.46,35.49683,3688,378,4850,1069,48.5,1.165996,0.65,4786,344,48.5,0.565830767,0.65,2985,184,32.3333321,0.3372216,0.65,2990,154,32.3333321,0.30081585,0.65,3033,226,32.3333321,0.403668076,0.64375,4850,756,48.5,1.06338573,0.64375,2944,133,32.3333321,0.278016925,0.64375,3067,157,32.3333321,0.282228053,0.64375,62.8750076,48.3750038,99.99826,26.5406418,10.3401222,71.96337,9.843903,5.03686142,66.15186,39.5,0.25,0,55,0,85,0.416,1.01,16,16,16,32,48,30,295,160,130,0,0,0,16,39.25,0.25,0,55,0,85,0.416,1.01,16,16,16,32,48,30,295,160,130,0,0,0,16,512,-1,485.785156,477.917969,7.8671875,7.6015625,7611.34961,7618.951,0,0,0,0,0,0,0,0,0,0,4.19553471,7,505,600,1200,3000,51,0.969000041,1.30500007,0,2,17,37,2670,10451.9824,0,0,0,0,8,3,0,1,17.279,16.933,0.97,11799.2148,422.1289,7.85385942,0,0,0,0.00738795334,0,0,0,0,0,0,0,0,0,46.15625,44,16376,4276,12099,73.88783,52.173,999424,305849344
05/28/2026 19:19:22,55,54,0,62,67,65,65,65,65,78,12.12,5.04,1.312,1.396,0.98,0.318000019,0.674,3.292,2.046,0,3.37600017,3.37600017,3.124,60,45,46,45,1214,675,0,935,869,0,0,0,0,0,14.06,6.25,6.25,1.56,4.69,12.5,1.56,3.12,6.25,14.06,35.6598663,3710,381,4850,1089,48.5,1.18961084,0.6375,4837,369,48.5,0.591776431,0.6375,3075,203,32.3333321,0.3519359,0.6375,2983,140,32.3333321,0.289365739,0.6375,3021,232,32.3333321,0.4262314,0.6375,4850,745,48.5,1.03039515,0.6375,2977,121,32.3333321,0.268518925,0.6375,3088,147,32.3333321,0.2720791,0.6375,60.0000076,47.8750038,99.9982758,26.3613434,10.5194206,71.47722,9.728363,5.152401,65.37543,39.5,0.25,0,55,0,85,0.416,1.01,16,16,16,32,48,30,295,160,130,0,0,0,16,39,0.25,0,55,0,85,0.416,1.01,16,16,16,32,48,30,295,160,130,0,0,0,16,512,-1,485.785156,477.917969,7.8671875,7.6015625,7611.34961,7618.951,0,0,0,0,0,0,0,0,0,0,4.21911144,7,505,600,1200,3000,51,0.965000033,1.30500007,0,1,17,37,2670,10451.9824,0,0,0,0,9,3,0,1,17.892,19.873,0.97,11799.2148,422.1289,7.90296745,0,0,0,0.0073682596,0,0,0,0,0,0,0,0,0,46.4375,44,16376,4276,12099,73.88783,53.201,799744,350999552
05/28/2026 19:19:24,54,54,0,61,67,61,61,61,61,75,12.144001,5.04,1.31000006,1.396,0.978000045,0.316,0.674,3.288,2.046,0,3.37200022,3.37600017,3.124,58,45.5,46,44.5,1197,675,0,959,853,0,0,0,0,0,23.44,7.81,3.08,3.08,3.12,14.06,3.08,3.08,7.59,23.44,35.5805473,3517,385,3233,1001,32.3333321,1.124551,0.64375,4850,393,48.5,0.5820337,0.64375,3032,185,32.3333321,0.341283739,0.64375,3012,162,32.3333321,0.3145019,0.64375,3029,239,32.3333321,0.4173442,0.64375,4850,818,48.5,1.09304655,0.64375,3020,136,32.3333321,0.29034543,0.64375,3108,147,32.3333321,0.278920025,0.64375,58.2500076,47.8750038,99.99824,26.3272629,10.5535011,71.38481,9.68773651,5.1930275,65.10242,39.5,0.25,0,55,0,85,0.416,1.01,16,16,16,32,48,30,295,160,130,0,0,0,16,39,0.25,0,55,0,85,0.416,1.01,16,16,16,32,48,30,295,160,130,0,0,0,16,512,-1,485.785156,477.917969,7.8671875,7.6015625,7611.34961,7618.951,0,0,0,0,0,0,0,0,0,0,4.174149,7,505,600,1200,3000,51,0.784000039,1.30500007,0,1,17,37,2670,10451.9824,0,0,0,0,8,3,0,1,18.225,28.101,0.97,11799.2188,422.34375,7.9938817,0,0,0,0.00545025943,0,0,0,0,0,0.0120754847,0,0,0,46.5,44,16376,4276,12099,73.88783,54.962,799744,461249536
05/28/2026 19:19:26,53,54,0,60,65,57,57,57,57,73,12.144001,5.04,1.312,1.396,0.982000053,0.314,0.674,3.292,2.046,0,3.37600017,3.37600017,3.124,56,45,46,44.5,1160,700,0,932,851,0,0,0,0,0,15.62,6.25,7.94,3.23,3.12,20.31,1.61,1.59,7.46,20.31,35.93767,3905,447,4850,1187,48.5,1.28803086,0.65,4850,442,48.5,0.7341104,0.65,3022,206,32.3333321,0.389395028,0.65,2995,168,32.3333321,0.342630833,0.65,4596,264,48.5,0.47361964,0.65,4850,999,48.5,1.22203064,0.65,2996,144,32.3333321,0.3204213,0.65,3079,166,32.3333321,0.328153223,0.65,56.5000076,47.3750038,99.99826,26.3379974,10.5427666,71.41392,9.70319748,5.17756653,65.2063141,39.5,0.25,0,55,0,85,0.416,1.01,16,16,16,32,48,30,295,160,130,0,0,0,16,39,0.25,0,55,0,85,0.416,1.01,16,16,16,32,48,30,295,160,130,0,0,0,16,512,-1,485.785156,477.917969,7.8671875,7.6015625,7611.34961,7618.951,0,0,0,0,0,0,0,0,0,0,4.233224,7,505,600,1200,3000,50,1.03500009,1.30500007,0,8,17,37,2670,10451.9824,0,0,0,0,9,3,0,1,17.545,17.377,0.97,11799.2188,422.34375,8.192503,0,0,0,0.00572725246,0,0,0,0,0,0,0,0,0,46.78125,44,16376,4276,12099,73.88783,53.948,1049600,7.639962E+07
05/28/2026 19:19:28,51,54,0,59,64,53,53,53,53,70,12.144001,5.05,1.312,1.396,0.972000062,0.320000023,0.674,3.292,2.046,0,3.37600017,3.37600017,3.124,55,45,46,44.5,1138,700,0,930,834,0,0,0,0,0,12.5,3.12,0,1.54,1.54,15.62,0,0,4.29,15.62,35.8512154,3514,444,4850,1148,48.5,1.26358,0.64375,3233,420,32.3333321,0.7142442,0.64375,3052,226,32.3333321,0.39284873,0.65,3007,173,32.3333321,0.347221226,0.65,3064,299,32.3333321,0.491038144,0.65,4850,953,48.5,1.16347861,0.65,3023,167,32.3333321,0.327616721,0.65,3037,165,32.3333321,0.316979915,0.65,55.2500076,47.8750038,99.99826,26.34071,10.5400543,71.42127,9.704262,5.176502,65.21347,39.5,0.25,0,55,0,85,0.416,1.01,16,16,16,32,48,30,295,160,130,0,0,0,16,39,0.25,0,55,0,85,0.416,1.01,16,16,16,32,48,30,295,160,130,0,0,0,16,512,-1,485.785156,477.917969,7.8671875,7.6015625,7611.34961,7618.951,0,0,0,0,0,0,0,0,0,0,4.277616,7,505,600,1200,3000,51,0.955000043,1.30500007,0,3,17,38,2670,10451.9824,0,0,0,0,9,4,0,1,17.912,18.126,0.97,11799.4453,422.546875,8.310172,0,0,0,0.0106051862,0,0,0,0,0,0,0,0,0,46.90625,44,16376,4275,12100,73.88921,53.532,1049600,303749120
05/28/2026 19:19:30,50,54,0,58,63,51,51,51,51,69,12.144001,5.04,1.31000006,1.39200008,0.990000069,0.324,0.672000051,3.288,2.046,0,3.37200022,3.37200022,3.124,54,45,46,44.5,1119,700,0,899,843,0,0,0,0,0,26.56,6.25,1.54,3.03,4.69,12.5,0,1.52,7.01,26.56,36.01261,3542,453,4850,1242,48.5,1.31219876,0.6375,3233,450,32.3333321,0.7129277,0.6375,3086,222,32.3333321,0.412935942,0.65,3123,216,32.3333321,0.390589654,0.65,3055,275,32.3333321,0.49701488,0.65,4850,872,48.5,1.13254929,0.65,3002,145,32.3333321,0.321352631,0.65,3140,204,32.3333321,0.3522621,0.65,54.2500076,47.8750038,99.99826,26.3398819,10.5408821,71.41902,9.705685,5.17507935,65.22302,39.5,0.25,0,55,0,85,0.416,1.01,16,16,16,32,48,30,295,160,130,0,0,0,16,39,0.25,0,55,0,85,0.416,1.01,16,16,16,32,48,30,295,160,130,0,0,0,16,512,-1,485.785156,477.917969,7.8671875,7.6015625,7611.34961,7618.951,0,0,0,0,0,0,0,0,0,0,4.26059771,7,505,600,1200,3000,50,0.974000037,1.30500007,0,0,17,38,2670,10451.9824,0,0,0,0,9,4,0,1,18.503,20.294,0.97,11799.4453,422.546875,8.514618,0,0,0,0.0156348757,0,0,0,0,0,0,0,0,0,47.21875,44,16376,4275,12100,73.88921,55.295,999424,3.5665E+08
05/28/2026 19:19:32,49,54,0,56,62,50,50,50,50,67,12.144001,5.04,1.312,1.396,0.978000045,0.332000017,0.674,3.292,2.046,0,3.37600017,3.37600017,3.124,53,45,46,44.5,1096,700,0,901,809,0,0,0,0,0,18.75,9.38,1.56,1.56,4.69,10.94,0,1.56,6.05,18.75,35.86432,3740,442,4850,1238,48.5,1.31050754,0.64375,4850,434,48.5,0.676675141,0.64375,3079,248,32.3333321,0.4314038,0.64375,3084,206,32.3333321,0.371390253,0.64375,3072,288,32.3333321,0.499135733,0.64375,4850,770,48.5,1.07456589,0.64375,3035,178,32.3333321,0.3470227,0.64375,3101,172,32.3333321,0.318005681,0.64375,53.5000076,47.8750038,99.99826,26.30994,10.5708237,71.33784,9.675446,5.20531845,65.01982,39.5,0.25,0,55,0,85,0.416,1.01,16,16,16,32,48,30,295,160,130,0,0,0,16,39,0.25,0,55,0,85,0.416,1.01,16,16,16,32,48,30,295,160,130,0,0,0,16,512,-1,485.785156,477.917969,7.8671875,7.6015625,7611.34961,7618.951,0,0,0,0,0,0,0,0,0,0,4.33094549,7,505,600,1200,3000,50,0.969000041,1.30500007,0,1,16,38,2670,10451.9824,0,0,0,0,9,4,0,1,18.041,18.38,0.97,11800.07,422.546875,8.726498,0,0,0,0.0139110126,0,0,0,0,0,0,0,0,0,47.21875,46,16376,4275,12100,73.89303,55.143,899072,213999616
05/28/2026 19:19:34,48,54,0,55,61,49,49,49,49,67,12.144001,5.04,1.312,1.396,0.990000069,0.328,0.674,3.292,2.046,0,3.37600017,3.37600017,3.124,53,45.5,46,44.5,1078,700,0,892,801,0,0,0,0,0,18.75,9.38,3.12,1.56,6.25,12.5,3.12,3.12,7.23,18.75,35.510128,3528,408,4850,1225,48.5,1.29794931,0.64375,3208,375,32.3333321,0.6336335,0.64375,3060,219,32.3333321,0.368050784,0.64375,3001,158,32.3333321,0.318726748,0.64375,3086,264,32.3333321,0.450395018,0.64375,4850,712,48.5,1.024741,0.64375,3060,154,32.3333321,0.311035484,0.64375,3112,159,32.3333321,0.290489078,0.64375,53.0000076,47.3750038,99.99827,26.34045,10.5403137,71.42056,9.701248,5.179516,65.19321,39.5,0.25,0,55,0,85,0.416,1.01,16,16,16,32,48,30,295,160,130,0,0,0,16,39,0.25,0,55,0,85,0.416,1.01,16,16,16,32,48,30,295,160,130,0,0,0,16,512,-1,485.785156,477.917969,7.8671875,7.6015625,7611.34961,7618.951,0,0,0,0,0,0,0,0,0,0,4.25080538,7,505,600,1200,3000,51,1.04000008,1.30500007,0,10,17,38,2670,10451.9824,0,0,0,0,8,3,0,1,17.538,17.2,0.97,11800.07,422.546875,7.20533943,0,0,0,0.008080923,0,0,0,0,0,0,0,0,0,47.46875,46,16376,4275,12100,73.89303,52.759,999424,2.56E+08
05/28/2026 19:19:36,47,54,0,55,60,48,48,48,48,66,12.144001,5.04,1.312,1.396,0.994,0.33,0.674,3.29600024,2.046,0,3.37600017,3.37600017,3.124,52,45.5,46,44.5,1040,700,0,881,805,0,0,0,0,0,21.88,6.25,3.08,3.08,6.15,15.62,3.08,1.54,7.58,21.88,35.6711578,3512,424,4850,1171,48.5,1.271705,0.6375,3233,421,32.3333321,0.719708,0.6375,3066,209,32.3333321,0.379779845,0.6375,3042,175,32.3333321,0.336913824,0.6375,3045,269,32.3333321,0.462722749,0.6375,4850,869,48.5,1.09827125,0.6375,3023,141,32.3333321,0.310837239,0.6375,2984,136,32.3333321,0.293878317,0.6375,52.5000076,47.3750038,99.99826,26.3099823,10.5707817,71.33795,9.678223,5.20254135,65.03848,39.5,0.25,0,55,0,85,0.416,1.01,16,16,16,32,48,30,295,160,130,0,0,0,16,39,0.25,0,55,0,85,0.416,1.01,16,16,16,32,48,30,295,160,130,0,0,0,16,512,-1,485.785156,477.917969,7.8671875,7.6015625,7611.34961,7618.951,0,0,0,0,0,0,0,0,0,0,4.28522635,7,505,600,1200,3000,51,0.969000041,1.30500007,0,8,17,38,2670,10451.9824,0,0,0,0,9,4,0,1,18.215,19.394,0.97,11800.07,422.546875,7.821231,0,0,0,0.0151500748,0,0,0,0,0,0,0,0,0,47.625,44,16376,4275,12100,73.89303,53.816,349184,249856
05/28/2026 19:19:38,46,54,0,53,59,47,47,47,47,66,12.144001,5.04,1.312,1.396,0.982000053,0.326,0.672000051,3.292,2.046,0,3.37600017,3.37200022,3.124,52,45,46,44.5,1023,701,0,849,785,0,0,0,0,0,23.44,10.94,1.54,1.54,3.08,12.5,3.08,3.08,7.4,23.44,35.671833,3721,414,4850,1173,48.5,1.23586869,0.65,4850,423,48.5,0.6471764,0.65,3053,219,32.3333321,0.385074735,0.65,3034,166,32.3333321,0.337625176,0.65,3069,261,32.3333321,0.4739982,0.65,4850,718,48.5,1.02857757,0.65,2975,171,32.3333321,0.3380089,0.65,3088,182,32.3333321,0.320662737,0.65,52.2500076,47.3750038,99.99825,26.3104668,10.5702972,71.3392639,9.677921,5.20284271,65.03645,39.5,0.25,0,55,0,85,0.416,1.01,16,16,16,32,48,30,295,160,130,0,0,0,16,39,0.25,0,55,0,85,0.416,1.01,16,16,16,32,48,30,295,160,130,0,0,0,16,512,-1,485.785156,477.917969,7.8671875,7.6015625,7611.34961,7618.951,0,0,0,0,0,0,0,0,0,0,4.213142,7,505,600,1200,3000,51,0.955000043,1.30500007,0,1,16,38,2670,10451.9824,0,0,0,0,9,4,0,1,18.52,27.922,0.97,11800.07,422.546875,8.57578,0,0,0,0.0115744667,0,0,0,0,0,0,0,0,0,47.875,44,16376,4275,12100,73.89303,56.037,849920,341199872
05/28/2026 19:19:40,45,54,0,52,58,47,47,47,47,66,12.144001,5.04,1.312,1.396,0.990000069,0.326,0.674,3.292,2.046,0,3.37600017,3.37600017,3.124,52,45.5,46,44.5,995,675,0,845,768,0,0,0,0,0,26.56,6.25,3.12,6.25,7.81,17.19,3.12,1.56,8.98,26.56,35.8579941,3914,434,4850,1184,48.5,1.27829254,0.64375,4807,428,48.5,0.6640811,0.64375,3063,222,32.3333321,0.396368474,0.64375,3021,173,32.3333321,0.343758553,0.64375,4564,288,48.5,0.4695379,0.64375,4850,834,48.5,1.10323393,0.64375,3030,167,32.3333321,0.335628629,0.64375,3125,174,32.3333321,0.330405474,0.64375,52.1250076,47.3750038,99.99825,26.3389168,10.5418472,71.41641,9.702641,5.17812347,65.20257,39.5,0.25,0,55,0,85,0.416,1.01,16,16,16,32,48,30,295,160,130,0,0,0,16,38.75,0.25,0,55,0,85,0.416,1.01,16,16,16,32,48,30,295,160,130,0,0,0,16,512,-1,485.785156,477.917969,7.8671875,7.6015625,7611.34961,7618.951,0,0,0,0,0,0,0,0,0,0,4.19039869,7,505,600,1200,3000,50,0.955000043,1.30500007,0,2,16,38,2670,10451.9824,0,0,0,0,9,4,0,1,17.883,27.013,0.97,11800.07,422.546875,8.668087,0,0,0,0.007089501,0,0,0,0,0,0,0,0,0,48.09375,46,16376,4275,12100,73.89303,55.192,849920,383399936
05/28/2026 19:19:42,44,54,0,51,56,47,47,47,47,66,12.144001,5.04,1.312,1.396,0.984,0.324,0.674,3.292,2.046,0,3.37600017,3.37600017,3.124,52,45.5,46,44.5,975,675,0,832,736,0,0,0,0,0,23.44,10.94,3.12,1.56,3.17,12.5,1.56,3.12,7.43,23.44,35.97226,3727,432,4850,1217,48.5,1.28571594,0.6375,4850,425,48.5,0.644042253,0.6375,3081,235,32.3333321,0.408936232,0.6375,3075,197,32.3333321,0.367224365,0.6375,3088,288,32.3333321,0.465859383,0.6375,4850,793,48.5,1.04856431,0.6375,2994,153,32.3333321,0.3228363,0.6375,3025,150,32.3333321,0.315761268,0.64375,52.0000076,47.3750038,99.99826,26.3093262,10.5714378,71.336174,9.675388,5.20537567,65.01943,39.5,0.25,0,55,0,85,0.416,1.01,16,16,16,32,48,30,295,160,130,0,0,0,16,38.75,0.25,0,55,0,85,0.416,1.01,16,16,16,32,48,30,295,160,130,0,0,0,16,512,-1,485.785156,477.917969,7.8671875,7.6015625,7611.34961,7618.951,0,0,0,0,0,0,0,0,0,0,4.269794,7,505,600,1200,3000,50,1.04000008,1.30500007,0,20,18,38,2670,10451.9824,0,0,0,0,9,4,0,1,17.684,17.402,0.97,11800.07,422.546875,8.918347,0,0,0,0.00773443468,0,0,0,0,0,0,0,0,0,48.1875,46,16376,4275,12100,73.89303,54.125,36299776,7.624909E+07
05/28/2026 19:19:44,42,54,0,51,56,47,47,47,47,66,12.144001,5.04,1.312,1.396,0.986000061,0.33,0.674,3.292,2.046,0,3.37600017,3.37600017,3.124,52,45.5,46,45,959,674,0,814,747,0,0,0,0,0,21.88,4.69,4.69,0,3.12,12.5,1.56,3.08,6.44,21.88,35.55635,3742,407,4850,1131,48.5,1.241896,0.64375,4850,415,48.5,0.634776235,0.64375,3120,220,32.3333321,0.3939768,0.64375,3062,171,32.3333321,0.3456357,0.64375,3048,246,32.3333321,0.427898467,0.64375,4850,735,48.5,1.02231884,0.64375,3060,167,32.3333321,0.330341,0.64375,3098,172,32.3333321,0.3049725,0.64375,51.8750076,47.3750038,99.99826,26.3405876,10.5401764,71.4209442,9.703358,5.17740631,65.20739,39.5,0.25,0,55,0,85,0.416,1.01,16,16,16,32,48,30,295,160,130,0,0,0,16,38.75,0.25,0,55,0,85,0.416,1.01,16,16,16,32,48,30,295,160,130,0,0,0,16,512,-1,485.785156,477.917969,7.8671875,7.6015625,7611.34961,7618.951,0,0,0,0,0,0,0,0,0,0,4.22582626,7,505,600,1200,3000,50,0.960000038,1.30500007,0,3,17,38,2670,10451.9824,0,0,0,0,8,4,0,1,18.298,20.402,0.97,11800.07,422.546875,7.679846,0,0,0,0.0050243577,0,0,0,0,0,0,0,0,0,48.4375,46,16376,4275,12100,73.89303,54.543,17099776,111749120
05/28/2026 19:19:46,41,54,0,50,55,45,45,45,45,65,12.144001,5.04,1.312,1.396,0.992000043,0.326,0.674,3.292,2.046,0,3.37600017,3.37600017,3.124,51,45,46,44.5,923,674,0,825,720,0,0,0,0,0,18.75,10.94,3.12,1.56,3.12,18.75,4.69,4.69,8.2,18.75,35.77354,3524,438,4850,1177,48.5,1.30293393,0.6375,3233,447,32.3333321,0.7042123,0.6375,3117,265,32.3333321,0.429832131,0.6375,3003,164,32.3333321,0.341813266,0.6375,3021,278,32.3333321,0.474485844,0.6375,4850,836,48.5,1.07909787,0.65625,3021,147,32.3333321,0.326535,0.65625,3093,190,32.3333321,0.3298689,0.65625,51.8750076,47.8750038,99.99825,26.3104668,10.5702972,71.3392639,9.678135,5.202629,65.03789,39.5,0.25,0,55,0,85,0.416,1.01,16,16,16,32,48,30,295,160,130,0,0,0,16,38.75,0.25,0,55,0,85,0.416,1.01,16,16,16,32,48,30,295,160,130,0,0,0,16,512,-1,485.785156,477.917969,7.8671875,7.6015625,7611.34961,7618.951,0,0,0,0,0,0,0,0,0,0,4.27328,7,505,600,1200,3000,50,0.965000033,1.30500007,0,1,17,38,2670,10451.9824,0,0,0,0,9,4,0,1,18.399,25.147,0.97,11800.07,422.546875,8.601343,0,0,0,0.006899433,0,0,0,0,0,0,0,0,0,48.53125,46,16376,4275,12100,73.89303,55.702,1049600,3.42699E+08
05/28/2026 19:19:48,41,54,0,50,55,45,45,45,45,65,12.144001,5.04,1.312,1.396,0.990000069,0.324,0.674,3.292,2.046,0,3.37600017,3.37600017,3.124,51,45.5,46,44.5,913,674,0,811,720,0,0,0,0,0,18.75,10.94,3.17,3.17,6.35,26.56,1.59,0,8.82,26.56,35.7836342,3510,437,4850,1198,48.5,1.3080231,0.6375,3229,402,32.3333321,0.697001338,0.6375,3021,202,32.3333321,0.379674017,0.6375,2993,168,32.3333321,0.3342167,0.6375,3095,286,32.3333321,0.4825276,0.6375,4850,922,48.5,1.14670038,0.6375,2971,146,32.3333321,0.3104819,0.6375,3071,173,32.3333321,0.315191746,0.6375,51.7500076,47.3750038,99.99825,26.3396454,10.5411186,71.41838,9.706291,5.174473,65.2271042,39.25,0.25,0,55,0,85,0.416,1.01,16,16,16,32,48,30,295,160,130,0,0,0,16,38.75,0.25,0,55,0,85,0.416,1.01,16,16,16,32,48,30,295,160,130,0,0,0,16,512,-1,485.785156,477.917969,7.8671875,7.6015625,7611.34961,7618.951,0,0,0,0,0,0,0,0,0,0,4.29666662,7,505,600,1200,3000,50,0.940000057,1.30500007,0,2,17,39,2670,10451.9824,0,0,0,0,9,3,0,1,17.65,16.98,0.97,11800.07,422.546875,8.560559,0,0,0,0.00727292057,0,0,0,0,0,0,0,0,0,48.6875,46,16376,4275,12100,73.89303,54.18,783899648,249856
05/28/2026 19:19:50,41,54,0,50,55,45,45,45,45,65,12.144001,5.04,1.312,1.396,1,0.318000019,0.674,3.292,2.046,0,3.37600017,3.37600017,3.12800026,51,45.5,46,44.5,902,674,0,811,697,0,0,0,0,0,28.12,9.38,1.54,4.62,4.62,17.19,3.08,1.54,8.76,28.12,35.72602,4618,455,5050,1326,50.5,1.371403,0.55,4027,425,40.4,0.682279944,0.5375,4742,221,50.5,0.3981802,0.54375,4800,200,50.5,0.363161862,0.54375,4772,283,50.5,0.4897834,0.54375,5050,842,50.5,1.10998929,0.525,3744,167,40.4,0.3285815,0.525,4755,176,50.5,0.315558046,0.525,51.7500076,47.3750038,99.99825,26.3400345,10.5407295,71.41943,9.694508,5.18625641,65.14792,39.25,0.25,0,55,0,85,0.416,1.01,16,16,16,32,48,30,295,160,130,0,0,0,16,38.75,0.25,0,55,0,85,0.416,1.01,16,16,16,32,48,30,295,160,130,0,0,0,16,512,-1,485.785156,477.917969,7.8671875,7.6015625,7611.34961,7618.951,0,0,0,0,0,0,0,0,0,0,4.239691,7,505,600,1200,3000,50,1.03500009,1.30500007,0,13,18,39,2670,10451.9824,0,0,0,0,9,4,0,1,18.117,27.044,0.97,11800.07,422.546875,8.566222,0,0,0,0.0112227881,0,0,0,0,0,0,0,0,0,48.96875,46,16376,4275,12100,73.89303,54.28,749568,149504
05/28/2026 19:19:52,41,54,0,50,55,45,45,45,45,65,12.12,5.04,1.312,1.396,0.986000061,0.322000027,0.674,3.288,2.046,0,3.37600017,3.37200022,3.12000012,51,45,46,44.5,911,674,0,810,697,0,0,0,0,0,23.44,6.25,1.56,3.12,6.25,12.5,0,1.56,6.84,23.44,35.8486328,3519,439,4850,1181,48.5,1.26054,0.64375,3233,490,32.3333321,0.7162567,0.64375,3046,231,32.3333321,0.407388419,0.64375,3058,182,32.3333321,0.349726677,0.64375,3052,290,32.3333321,0.468162447,0.64375,4850,815,48.5,1.10415876,0.64375,3006,159,32.3333321,0.3282081,0.64375,3054,167,32.3333321,0.309292734,0.64375,51.7500076,47.8750038,99.99826,26.3413963,10.5393677,71.42313,9.698925,5.181839,65.1776,39.25,0.25,0,55,0,85,0.416,1.01,16,16,16,32,48,30,295,160,130,0,0,0,16,38.75,0.25,0,55,0,85,0.416,1.01,16,16,16,32,48,30,295,160,130,0,0,0,16,512,-1,485.785156,477.917969,7.8671875,7.6015625,7611.34961,7618.951,0,0,0,0,0,0,0,0,0,0,4.2206583,7,505,600,1200,3000,50,0.969000041,1.30500007,0,1,17,39,2670,10451.9824,0,0,0,0,9,4,0,1,18.668,20.364,0.97,11800.07,422.546875,8.689604,0,0,0,0.00478024641,0,0,0,0,0,0,0,0,0,49.09375,46,16376,4275,12100,73.89303,55.854,999424,111549440
05/28/2026 19:19:54,41,54,0,50,55,45,45,45,45,65,12.144001,5.04,1.31000006,1.39200008,0.984,0.320000023,0.674,3.288,2.046,0,3.37200022,3.37200022,3.124,51,45,46,44.5,913,700,0,798,697,0,0,0,0,0,23.44,9.38,1.56,3.12,3.12,14.06,0,1.59,7.03,23.44,35.6241722,3732,419,4850,1159,48.5,1.26053882,0.625,4847,407,48.5,0.624800265,0.625,3076,225,32.3333321,0.387699842,0.625,3044,185,32.3333321,0.346363932,0.625,3091,291,32.3333321,0.467026144,0.625,4850,765,48.5,1.04241192,0.625,2992,152,32.3333321,0.314932138,0.625,3106,166,32.3333321,0.301184148,0.625,51.7500076,47.3750038,99.99827,26.3104744,10.57029,71.33929,9.657291,5.2234726,64.89782,39.25,0.25,0,55,0,85,0.416,1.01,16,16,16,32,48,30,295,160,130,0,0,0,16,38.75,0.25,0,55,0,85,0.416,1.01,16,16,16,32,48,30,295,160,130,0,0,0,16,512,-1,485.785156,477.917969,7.8671875,7.6015625,7611.34961,7618.951,0,0,0,0,0,0,0,0,0,0,4.21918774,7,505,600,1200,3000,50,0.965000033,1.30500007,0,1,16,39,2670,10451.9824,0,0,0,0,9,4,0,1,18.29,18.218,0.97,11800.07,422.546875,8.663473,0,0,0,0.007278542,0,0,0,0,0,0,0,0,0,49.34375,46,16376,4275,12100,73.89303,55.565,9.101998E+08,7.639962E+07
05/28/2026 19:19:56,41,54,0,50,55,45,45,45,45,65,12.144001,5.04,1.312,1.396,0.990000069,0.322000027,0.674,3.292,2.046,0,3.37600017,3.37600017,3.124,51,45.5,46,44.5,907,700,0,797,713,0,0,0,0,0,28.12,1.56,0,0,3.12,14.06,1.56,3.12,6.45,28.12,36.017704,3501,449,4850,1304,48.5,1.36253643,0.6625,3206,432,32.3333321,0.7101765,0.6625,3016,219,32.3333321,0.40084064,0.6625,3004,192,32.3333321,0.3521086,0.65,4573,294,48.5,0.5017057,0.65,3233,794,32.3333321,1.087149,0.65,3014,159,32.3333321,0.330967367,0.65,3115,196,32.3333321,0.339366883,0.65,51.7500076,46.8750038,99.99826,26.341877,10.538887,71.42444,9.685703,5.19506073,65.0887451,39.25,0.25,0,55,0,85,0.416,1.01,16,16,16,32,48,30,295,160,130,0,0,0,16,38.75,0.25,0,55,0,85,0.416,1.01,16,16,16,32,48,30,295,160,130,0,0,0,16,512,-1,485.785156,477.917969,7.8671875,7.6015625,7611.34961,7618.951,0,0,0,0,0,0,0,0,0,0,4.281294,7,505,600,1200,3000,50,1.05000007,1.30500007,0,5,17,39,2670,10451.9824,0,0,0,0,9,4,0,1,18.036,19.61,0.97,11800.07,422.546875,8.697104,0,0,0,0.0116106039,0,0,0,0,0,0,0,0,0,49.4375,46,16376,4275,12100,73.89303,54.382,899072,3.777495E+08
05/28/2026 19:19:58,41,54,0,50,55,45,45,45,45,65,12.144001,5.04,1.312,1.396,0.9760001,0.326,0.674,3.292,2.046,0,3.37600017,3.37600017,3.124,51,45.5,46,44.5,907,700,0,809,697,0,0,0,0,0,20.31,7.81,3.12,3.12,1.56,20.31,1.56,0,7.23,20.31,35.8979759,3908,431,4850,964,48.5,1.201158,0.6375,4850,451,48.5,0.6748257,0.6375,3047,228,32.3333321,0.406812757,0.6375,3069,185,32.3333321,0.356968373,0.6375,4592,268,48.5,0.476518452,0.6375,4850,1076,48.5,1.17019641,0.6375,3023,145,32.3333321,0.324645966,0.6375,2982,134,32.3333321,0.3035156,0.6375,51.7500076,47.3750038,99.99826,26.3111954,10.5695686,71.34124,9.659077,5.22168732,64.90982,39.25,0.25,0,55,0,85,0.416,1.01,16,16,16,32,48,30,295,160,130,0,0,0,16,38.75,0.25,0,55,0,85,0.416,1.01,16,16,16,32,48,30,295,160,130,0,0,0,16,512,-1,485.785156,477.917969,7.8671875,7.6015625,7611.34961,7618.951,0,0,0,0,0,0,0,0,0,0,4.25900936,7,505,600,1200,3000,51,0.979000032,1.30500007,0,7,17,39,2670,10451.9824,0,0,0,0,9,4,0,1,18.509,21.724,0.97,11800.07,422.546875,8.770926,0,0,0,0.008472913,0,0,0,0,0,0,0,0,0,49.5625,48,16376,4275,12100,73.89303,55.485,799744,266049536
05/28/2026 19:20:00,41,54,0,50,55,45,45,45,45,65,12.144001,5.04,1.312,1.396,0.98,0.326,0.674,3.292,2.046,0,3.37600017,3.37600017,3.124,51,45.5,46,44.5,913,700,0,809,696,0,0,0,0,0,25,15.87,4.76,1.59,4.76,31.25,3.17,3.17,11.2,31.25,35.9463463,3738,446,4850,978,48.5,1.219295,0.64375,4850,441,48.5,0.688740432,0.64375,3121,254,32.3333321,0.450276762,0.64375,2996,170,32.3333321,0.358246148,0.64375,3076,281,32.3333321,0.4782494,0.64375,4850,1089,48.5,1.20170414,0.64375,3021,156,32.3333321,0.337312669,0.64375,3143,195,32.3333321,0.343263,0.64375,51.7500076,46.8750038,99.9982758,26.344368,10.536396,71.43118,9.68882751,5.19193649,65.10974,39.25,0.25,0,55,0,85,0.416,1.01,16,16,16,32,48,30,295,160,130,0,0,0,16,38.5,0.25,0,55,0,85,0.416,1.01,16,16,16,32,48,30,295,160,130,0,0,0,16,512,-1,485.785156,477.917969,7.8671875,7.6015625,7611.34961,7618.951,0,0,0,0,0,0,0,0,0,0,4.306043,7,505,600,1200,3000,50,0.969000041,1.30500007,0,0,17,39,2670,10451.9824,0,0,0,0,10,4,0,1,18.719,19.842,0.97,11800.07,422.777344,8.814571,0,0,0,0.0116931973,0,0,0,0,0,0.00902104,0,0,0,49.6875,48,16376,4275,12100,73.89303,56.62,6.764493E+08,7.619994E+07
05/28/2026 19:20:02,41,54,0,50,55,47,47,47,47,66,12.144001,5.04,1.312,1.396,0.978000045,0.326,0.674,3.292,2.046,0,3.37600017,3.37600017,3.124,52,45.5,46,44.5,900,700,0,810,712,0,0,0,0,0,23.44,4.69,4.69,3.12,4.69,12.5,3.12,4.69,7.62,23.44,35.73793,3303,433,3233,1089,32.3333321,1.25550115,0.64375,3233,449,32.3333321,0.68888,0.64375,3036,233,32.3333321,0.3857937,0.64375,3040,179,32.3333321,0.343742251,0.65,3004,244,32.3333321,0.426311523,0.65,4850,973,48.5,1.14652312,0.65,3007,139,32.3333321,0.302031338,0.65,3020,156,32.3333321,0.29936555,0.65,52.0000076,46.8750038,99.99825,26.3157,10.5650635,71.3534546,9.659531,5.22123337,64.9128647,39.25,0.25,0,55,0,85,0.416,1.01,16,16,16,32,48,30,295,160,130,0,0,0,16,38.5,0.25,0,55,0,85,0.416,1.01,16,16,16,32,48,30,295,160,130,0,0,0,16,512,-1,485.785156,477.917969,7.8671875,7.6015625,7611.34961,7618.951,0,0,0,0,0,0,0,0,0,0,4.277325,7,505,600,1200,3000,50,0.960000038,1.30500007,0,3,17,40,2670,10451.9824,0,0,0,0,9,4,0,1,18.049,18.85,0.97,11800.07,422.777344,8.822803,0,0,0,0.0103810551,0,0,0,0,0,0,0,0,0,49.90625,48,16376,4275,12100,73.89303,55.46,1049600,3.480494E+08
05/28/2026 19:20:04,42,54,0,51,55,47,47,47,47,66,12.12,5.04,1.312,1.396,0.972000062,0.318000019,0.674,3.292,2.046,0,3.37600017,3.37600017,3.124,51,45.5,46,44.5,928,700,0,792,713,0,0,0,0,0,18.75,7.81,3.08,1.54,7.81,17.19,1.54,4.62,7.79,18.75,35.9214439,3804,464,4850,1009,48.5,1.21818125,0.6375,4850,514,48.5,0.7100535,0.6375,3189,250,32.3333321,0.422279835,0.6375,3177,220,32.3333321,0.383380473,0.6375,3200,338,32.3333321,0.5173117,0.6375,4850,989,48.5,1.13431108,0.6375,3084,196,32.3333321,0.3574716,0.6375,3233,200,32.3333321,0.341056615,0.6375,51.8750076,46.8750038,99.99827,26.3411865,10.5395775,71.42256,9.681534,5.19923,65.06073,39.25,0.25,0,55,0,85,0.416,1.01,16,16,16,32,48,30,295,160,130,0,0,0,16,38.5,0.25,0,55,0,85,0.416,1.01,16,16,16,32,48,30,295,160,130,0,0,0,16,512,-1,485.785156,477.917969,7.8671875,7.6015625,7611.34961,7618.951,0,0,0,0,0,0,0,0,0,0,4.223233,7,505,600,1200,3000,50,0.969000041,1.30500007,0,3,17,40,2670,10451.9824,0,0,0,0,9,4,0,1,18.136,18.345,0.97,11800.07,422.777344,8.85462,0,0,0,0.008007813,0,0,0,0,0,0,0,0,0,50.09375,48,16376,4275,12100,73.89303,55.191,849920,384049152
05/28/2026 19:20:06,42,54,0,50,55,46,46,46,46,65,12.144001,5.04,1.312,1.396,0.974000037,0.324,0.674,3.292,2.046,0,3.37600017,3.37600017,3.124,51,45.5,46,44.5,933,674,0,803,703,0,0,0,0,0,15.62,7.81,4.76,3.12,7.81,25,3.23,4.84,9.03,25,35.658783,4496,441,4850,935,48.5,1.14081287,0.64375,4850,452,48.5,0.670512736,0.64375,4651,252,48.5,0.413111776,0.64375,4567,187,48.5,0.363881141,0.64375,4600,292,48.5,0.467254728,0.64375,4850,1060,48.5,1.21827793,0.64375,4505,168,48.5,0.3412017,0.64375,3095,185,32.3333321,0.3337337,0.64375,51.7500076,46.8750038,99.99826,26.3163872,10.5643768,71.3553162,9.66008,5.220684,64.91656,39.25,0.25,0,55,0,85,0.416,1.01,16,16,16,32,48,30,295,160,130,0,0,0,16,38.5,0.25,0,55,0,85,0.416,1.01,16,16,16,32,48,30,295,160,130,0,0,0,16,512,-1,485.785156,477.917969,7.8671875,7.6015625,7611.34961,7618.951,0,0,0,0,0,0,0,0,0,0,4.26959467,7,505,600,1200,3000,50,0.784000039,1.30500007,0,0,17,40,2670,10451.9824,0,0,0,0,9,4,0,1,18.89,20.22,0.97,11800.07,422.777344,8.878359,0,0,0,0.00577972457,0,0,0,0,0,0,0,0,0,50.21875,48,16376,4275,12100,73.89303,56.653,648999936,7.88992E+07
05/28/2026 19:20:08,41,54,0,50,55,45,45,45,45,65,12.144001,5.04,1.312,1.396,0.984,0.316,0.674,3.292,2.046,0,3.37600017,3.37600017,3.124,51,45.5,46,44.5,920,674,0,794,702,0,0,0,0,0,17.19,3.12,3.17,4.76,3.17,15.62,1.59,1.59,6.28,17.19,35.51778,3916,438,4850,999,48.5,1.15557659,0.64375,4795,417,48.5,0.6639159,0.64375,3026,221,32.3333321,0.3988318,0.64375,3050,196,32.3333321,0.357480079,0.64375,4641,277,48.5,0.469694018,0.64375,4850,1038,48.5,1.22245049,0.64375,3024,188,32.3333321,0.3470146,0.64375,3093,164,32.3333321,0.324800581,0.64375,51.6250076,47.3750038,99.99827,26.3433075,10.5374565,71.4283142,9.688915,5.19184875,65.11034,39.25,0.25,0,55,0,85,0.416,1.01,16,16,16,32,48,30,295,160,130,0,0,0,16,38.5,0.25,0,55,0,85,0.416,1.01,16,16,16,32,48,30,295,160,130,0,0,0,16,512,-1,485.785156,477.917969,7.8671875,7.6015625,7611.34961,7618.951,0,0,0,0,0,0,0,0,0,0,4.291998,7,505,600,1200,3000,50,0.969000041,1.30500007,0,1,16,40,2670,10451.9824,0,0,0,0,10,4,0,1,18.741,18.774,0.97,11800.07,422.777344,8.918058,0,0,0,0.00598637,0,0,0,0,0,0,0,0,0,50.34375,48,16376,4275,12100,73.89303,56.901,6.874491E+08,249856
05/28/2026 19:20:10,41,54,0,50,55,45,45,45,45,65,12.12,5.04,1.312,1.396,0.9760001,0.318000019,0.674,3.288,2.046,0,3.37200022,3.37200022,3.124,51,45,46,44.5,906,674,0,798,698,0,0,0,0,0,21.88,7.81,9.52,3.12,6.25,28.12,3.17,4.76,10.58,28.12,35.78697,4499,462,4850,1065,48.5,1.24182522,0.64375,4850,441,48.5,0.7476897,0.64375,4678,269,48.5,0.45195803,0.64375,4651,204,48.5,0.380637318,0.64375,4538,275,48.5,0.4768943,0.64375,4850,1121,48.5,1.26879919,0.64375,4533,148,48.5,0.3325977,0.64375,3044,175,32.3333321,0.337834984,0.64375,51.6250076,47.3750038,99.99826,26.3110466,10.5697174,71.34084,9.654774,5.2259903,64.8809052,39.25,0.25,0,55,0,85,0.416,1.01,16,16,16,32,48,30,295,160,130,0,0,0,16,38.5,0.25,0,55,0,85,0.416,1.01,16,16,16,32,48,30,295,160,130,0,0,0,16,512,-1,485.785156,477.917969,7.8671875,7.6015625,7611.34961,7618.951,0,0,0,0,0,0,0,0,0,0,4.282376,7,505,600,1200,3000,50,0.780000031,1.30500007,0,1,17,40,2670,10451.9824,0,0,0,0,9,4,0,1,18.379,17.814,0.97,11800.07,422.777344,8.864829,0,0,0,0.008736985,0,0,0,0,0,0,0,0,0,50.625,48,16376,4275,12100,73.89303,55.493,999424,8.739942E+07
05/28/2026 19:20:12,41,54,0,50,55,46,46,46,46,65,12.12,5.04,1.312,1.39200008,0.9760001,0.316,0.674,3.292,2.046,0,3.37600017,3.37600017,3.124,52,45.5,46,44.5,909,674,0,790,714,0,0,0,0,0,21.88,18.75,6.25,6.25,6.25,25,6.25,0,11.33,25,36.2166748,3735,483,4850,957,48.5,1.20499849,0.64375,4850,471,48.5,0.7696947,0.64375,3056,240,32.3333321,0.433656156,0.64375,3091,202,32.3333321,0.387220532,0.64375,3081,315,32.3333321,0.53387326,0.64375,4850,1344,48.5,1.44634807,0.64375,3026,177,32.3333321,0.3661338,0.64375,3074,159,32.3333321,0.3308943,0.64375,52.0000076,47.3750038,99.99825,26.3438187,10.5369453,71.4296951,9.685581,5.195183,65.08793,39,0.25,0,55,0,85,0.416,1.01,16,16,16,32,48,30,295,160,130,0,0,0,16,38.5,0.25,0,55,0,85,0.416,1.01,16,16,16,32,48,30,295,160,130,0,0,0,16,512,-1,485.785156,477.917969,7.8671875,7.6015625,7611.34961,7618.951,0,0,0,0,0,0,0,0,0,0,4.195704,7,505,600,1200,3000,50,0.974000037,1.30500007,0,1,16,40,2670,10451.9824,0,0,0,0,9,4,0,1,18.608,19.332,0.97,11800.07,425.4297,8.869929,0,0,0,0.00614801468,0,0,0,0,0,0.06096451,0,0,0,50.6875,48,16376,4275,12100,73.89303,55.766,849920,395499520
05/28/2026 19:20:14,42,54,0,50,55,46,46,46,46,65,12.144001,5.04,1.312,1.396,0.982000053,0.318000019,0.674,3.292,2.046,0,3.37600017,3.37600017,3.124,51,45.5,46,44.5,918,674,0,809,714,0,0,0,0,0,18.75,6.25,3.12,1.56,6.25,17.19,1.56,3.12,7.23,18.75,35.98507,3723,460,4850,951,48.5,1.195281,0.6375,4850,490,48.5,0.7939532,0.6375,3079,226,32.3333321,0.415832043,0.6375,3057,191,32.3333321,0.3695395,0.6375,3083,296,32.3333321,0.5105172,0.6375,4850,1201,48.5,1.31830978,0.6375,3022,173,32.3333321,0.327779531,0.6375,2992,155,32.3333321,0.32067892,0.6375,51.7500076,46.8750038,99.99826,26.313324,10.56744,71.3470154,9.657944,5.22282028,64.90221,39,0.25,0,55,0,85,0.416,1.01,16,16,16,32,48,30,295,160,130,0,0,0,16,38.5,0.25,0,55,0,85,0.416,1.01,16,16,16,32,48,30,295,160,130,0,0,0,16,512,-1,485.785156,477.917969,7.8671875,7.6015625,7611.34961,7618.951,0,0,0,0,0,0,0,0,0,0,4.17965174,7,505,600,1200,3000,50,0.965000033,1.30500007,0,1,16,41,2670,10451.9824,0,0,0,0,9,4,0,1,18.984,20.111,0.97,11800.07,425.546875,8.86241,0,0,0,0.004208129,0,0,0,0,0,0,0,0,0,50.78125,48,16376,4275,12100,73.89303,57.216,4699136,2.810491E+08
05/28/2026 19:20:16,41,54,0,50,55,45,45,45,45,65,12.144001,5.04,1.312,1.396,0.998,0.318000019,0.672000051,3.292,2.046,0,3.37600017,3.37600017,3.124,51,45.5,46,44.5,908,700,0,798,697,0,0,0,0,0,23.44,9.38,4.69,8.06,4.69,14.06,3.12,3.23,8.83,23.44,36.46098,3956,508,4850,1152,48.5,1.31194162,0.64375,4850,534,48.5,0.793965459,0.64375,3097,264,32.3333321,0.444540322,0.64375,3102,224,32.3333321,0.415406346,0.64375,4651,334,48.5,0.550198555,0.64375,4850,1158,48.5,1.33451855,0.64375,3042,177,32.3333321,0.363147765,0.6375,3204,221,32.3333321,0.3718867,0.6375,51.7500076,46.8750038,99.99826,26.3434448,10.5373192,71.42868,9.688171,5.19259262,65.10533,39,0.25,0,55,0,85,0.416,1.01,16,16,16,32,48,30,295,160,130,0,0,0,16,38.5,0.25,0,55,0,85,0.416,1.01,16,16,16,32,48,30,295,160,130,0,0,0,16,512,-1,485.785156,477.917969,7.8671875,7.6015625,7611.34961,7618.951,0,0,0,0,0,0,0,0,0,0,4.2337575,7,505,600,1200,3000,51,1.03500009,1.30500007,0,5,17,41,2670,10451.9824,0,0,0,0,10,4,0,1,18.414,17.385,0.97,11800.07,425.3828,9.088423,0,0,0,0.005234652,0,0,0,0,0,0.032365106,0,0,0,51.15625,50,16376,4275,12100,73.89303,56.17,4249600,3.128996E+08
05/28/2026 19:20:18,41,54,0,50,55,45,45,45,45,65,12.144001,5.05,1.312,1.396,0.982000053,0.332000017,0.674,3.292,2.046,0,3.37600017,3.37600017,3.124,51,45.5,46,44.5,910,700,0,812,714,0,0,0,0,0,9.38,14.06,4.69,1.56,6.25,15.62,3.12,3.08,7.22,15.62,35.7531967,3733,445,4850,844,48.5,1.11683333,0.64375,3233,472,32.3333321,0.68852675,0.64375,3109,245,32.3333321,0.413853258,0.64375,3062,196,32.3333321,0.3789054,0.65,4612,292,48.5,0.478105366,0.65,4850,1176,48.5,1.27624762,0.65,3022,164,32.3333321,0.346374035,0.65,3128,171,32.3333321,0.3262159,0.65,51.7500076,46.8750038,99.99827,26.3118782,10.5688858,71.3430939,9.658844,5.22192,64.90825,39,0.25,0,55,0,85,0.416,1.01,16,16,16,32,48,30,295,160,130,0,0,0,16,38.5,0.25,0,55,0,85,0.416,1.01,16,16,16,32,48,30,295,160,130,0,0,0,16,512,-1,485.785156,477.917969,7.8671875,7.6015625,7611.34961,7618.951,0,0,0,0,0,0,0,0,0,0,4.262721,7,505,600,1200,3000,50,0.969000041,1.30500007,0,4,20,41,2670,10451.9824,0,0,0,0,9,4,0,1,18.329,17.711,0.97,11800.07,425.515625,8.961956,0,0,0,0.00744042825,0,0,0,0,0,0.009696623,0,0,0,51.1875,48,16376,4275,12100,73.89303,55.229,899072,4.219996E+08
05/28/2026 19:20:20,41,54,0,50,55,45,45,45,45,65,12.144001,5.04,1.31000006,1.39200008,0.98,0.316,0.672000051,3.292,2.046,0,3.37200022,3.37200022,3.12000012,51,45.5,46,44.5,907,700,0,809,714,0,0,0,0,0,12.5,4.69,3.08,0,3.12,15.62,0,0,4.88,15.62,35.8058777,3722,430,4850,835,48.5,1.09143579,0.64375,4850,441,48.5,0.6712095,0.64375,3048,221,32.3333321,0.407369345,0.64375,3022,173,32.3333321,0.3494676,0.64375,3048,284,32.3333321,0.479398638,0.64375,4850,1159,48.5,1.23871624,0.64375,2999,157,32.3333321,0.317884833,0.64375,3113,174,32.3333321,0.317915082,0.64375,51.7500076,46.8750038,99.99825,26.34164,10.5391235,71.42379,9.688293,5.19247055,65.1061554,39,0.25,0,55,0,85,0.416,1.01,16,16,16,32,48,30,295,160,130,0,0,0,16,38.5,0.25,0,55,0,85,0.416,1.01,16,16,16,32,48,30,295,160,130,0,0,0,16,512,-1,485.785156,477.917969,7.8671875,7.6015625,7611.34961,7618.951,0,0,0,0,0,0,0,0,0,0,4.21511459,7,505,600,1200,3000,50,0.969000041,1.30500007,0,1,16,41,2670,10451.9824,0,0,0,0,9,4,0,1,18.915,20.271,0.975,11800.07,425.515625,8.845729,0,0,0,0.005881956,0,0,0,0,0,0,0,0,0,51.28125,48,16376,4275,12100,73.89303,56.59,1.05619968E+09,7.929958E+07
05/28/2026 19:20:22,41,54,0,50,55,45,45,45,45,65,12.144001,5.04,1.312,1.396,0.98,0.326,0.674,3.292,2.046,0,3.37600017,3.37600017,3.124,51,45.5,46,44.5,913,700,0,809,696,0,0,0,0,0,17.19,7.81,4.62,1.54,3.12,20.31,1.54,1.54,7.21,20.31,35.7358742,3898,439,3233,893,32.3333321,1.13699043,0.6375,4850,451,48.5,0.6512088,0.64375,4554,229,48.5,0.4115255,0.64375,3039,184,32.3333321,0.356272161,0.64375,4562,271,48.5,0.4808494,0.64375,4850,1143,48.5,1.23916078,0.64375,3036,158,32.3333321,0.330718219,0.64375,3062,185,32.3333321,0.3244092,0.64375,51.7500076,46.8750038,99.99825,26.3385124,10.5422516,71.41531,9.686089,5.19467545,65.09134,39,0.25,0,55,0,85,0.416,1.01,16,16,16,32,48,30,295,160,130,0,0,0,16,38.5,0.25,0,55,0,85,0.416,1.01,16,16,16,32,48,30,295,160,130,0,0,0,16,512,-1,485.785156,477.917969,7.8671875,7.6015625,7611.34961,7618.951,0,0,0,0,0,0,0,0,0,0,4.20876741,7,505,600,1200,3000,50,0.965000033,1.30500007,0,1,16,41,2670,10451.9824,0,0,0,0,10,4,0,1,18.963,19.258,0.975,11800.07,425.515625,8.892825,0,0,0,0.00513613736,0,0,0,0,0,0,0,0,0,51.46875,48,16376,4275,12100,73.89303,57.891,999424,2.812498E+08
05/28/2026 19:20:24,41,54,0,50,55,45,45,45,45,65,12.144001,5.04,1.312,1.396,0.982000053,0.316,0.674,3.288,2.046,0,3.37600017,3.37600017,3.124,51,45.5,46,44.5,908,700,0,793,696,0,0,0,0,0,18.75,14.06,3.12,1.56,1.56,15.62,0,1.56,7.03,18.75,35.8918839,3745,476,4850,991,48.5,1.16652215,0.64375,4850,476,48.5,0.7095745,0.64375,3056,243,32.3333321,0.411308825,0.64375,3083,212,32.3333321,0.381076127,0.64375,3112,300,32.3333321,0.479748458,0.64375,4850,1270,48.5,1.32798469,0.64375,3024,149,32.3333321,0.32875827,0.64375,3135,171,32.3333321,0.3190191,0.64375,51.7500076,46.8750038,99.9982758,26.33913,10.5416336,71.41699,9.684692,5.19607162,65.081955,39,0.25,0,55,0,85,0.416,1.01,16,16,16,32,48,30,295,160,130,0,0,0,16,38.5,0.25,0,55,0,85,0.416,1.01,16,16,16,32,48,30,295,160,130,0,0,0,16,512,-1,485.785156,477.917969,7.8671875,7.6015625,7611.34961,7618.951,0,0,0,0,0,0,0,0,0,0,4.27143,7,505,600,1200,3000,50,0.974000037,1.30500007,0,7,19,41,2670,10451.9824,0,0,0,0,10,4,0,1,18.561,17.467,0.975,11800.07,425.515625,8.966562,0,0,0,0.007215993,0,0,0,0,0,0,0,0,0,51.6875,50,16376,4275,12100,73.89303,56.262,899072,194799616
05/28/2026 19:20:26,41,54,0,50,55,45,45,45,45,65,12.144001,5.04,1.312,1.396,0.990000069,0.318000019,0.674,3.288,2.046,0,3.37600017,3.37600017,3.124,51,45.5,46,44.5,904,700,0,791,713,0,0,0,0,0,17.19,9.23,6.06,4.62,7.69,26.56,4.62,3.08,9.88,26.56,35.70034,3543,447,4850,996,48.5,1.17083728,0.64375,3233,445,32.3333321,0.6803198,0.64375,3045,214,32.3333321,0.394627422,0.64375,3080,184,32.3333321,0.356322736,0.64375,3087,290,32.3333321,0.4771252,0.64375,4850,1067,48.5,1.25031531,0.64375,3036,165,32.3333321,0.32819438,0.64375,3164,213,32.3333321,0.34969452,0.64375,51.6250076,46.8750038,99.99827,26.3093185,10.5714455,71.33615,9.65559,5.225174,64.88638,39,0.25,0,55,0,85,0.416,1.01,16,16,16,32,48,30,295,160,130,0,0,0,16,38.5,0.25,0,55,0,85,0.416,1.01,16,16,16,32,48,30,295,160,130,0,0,0,16,512,-1,485.785156,477.917969,7.8671875,7.6015625,7611.34961,7618.951,0,0,0,0,0,0,0,0,0,0,4.21078873,7,505,600,1200,3000,50,0.969000041,1.30500007,0,1,16,41,2670,10451.9824,0,0,0,0,9,4,0,1,18.932,18.889,0.975,11800.07,425.515625,8.837174,0,0,0,0.00644406863,0,0,0,0,0,0,0,0,0,51.84375,50,16376,4275,12100,73.89303,56.292,999424,3.574999E+08
05/28/2026 19:20:28,41,54,0,50,55,45,45,45,45,65,12.144001,5.04,1.312,1.396,0.988000035,0.318000019,0.674,3.292,2.046,0,3.37600017,3.37600017,3.124,51,45,46,44.5,904,674,0,810,696,0,0,0,0,0,12.5,4.69,1.59,1.59,1.56,25,1.59,1.59,6.26,25,35.8690872,3725,455,4850,943,48.5,1.15609872,0.65,4850,485,48.5,0.7242643,0.65,3021,210,32.3333321,0.40033862,0.65,3021,184,32.3333321,0.364644736,0.65,3083,310,32.3333321,0.504142165,0.65,4850,1177,48.5,1.310656,0.65,3004,155,32.3333321,0.337722331,0.65,3122,174,32.3333321,0.331705,0.65,51.6250076,46.8750038,99.99825,26.3377457,10.5430183,71.41323,9.682232,5.198532,65.06542,39,0.25,0,55,0,85,0.416,1.01,16,16,16,32,48,30,295,160,130,0,0,0,16,38.5,0.25,0,55,0,85,0.416,1.01,16,16,16,32,48,30,295,160,130,0,0,0,16,512,-1,485.785156,477.917969,7.8671875,7.6015625,7611.34961,7618.951,0,0,0,0,0,0,0,0,0,0,4.350978,7,505,600,1200,3000,50,0.965000033,1.30500007,0,0,17,42,2670,10451.9824,0,0,0,0,9,4,0,1,19.124,20.58,0.975,11800.07,425.515625,8.943049,0,0,0,0.0148550291,0,0,0,0,0,0,0,0,0,51.96875,50,16376,4275,12100,73.89303,57.956,1049600,7.654912E+07
05/28/2026 19:20:30,41,54,0,50,55,45,45,45,45,65,12.144001,5.04,1.312,1.396,0.990000069,0.318000019,0.674,3.292,2.046,0,3.37600017,3.37600017,3.124,51,45.5,46,44.5,910,674,0,811,696,0,0,0,0,0,23.44,7.81,3.12,1.59,6.25,21.88,1.56,3.12,8.6,23.44,36.141552,3742,461,4850,962,48.5,1.205085,0.65,4850,462,48.5,0.7228825,0.65,3095,237,32.3333321,0.4230207,0.65,3084,215,32.3333321,0.382085174,0.65,3090,292,32.3333321,0.507082462,0.65,4850,1178,48.5,1.30229151,0.65,3008,152,32.3333321,0.332861453,0.65,3105,191,32.3333321,0.342383683,0.65,51.6250076,46.8750038,99.99825,26.3096428,10.5711212,71.3370361,9.656456,5.224308,64.89221,39,0.25,0,55,0,85,0.416,1.01,16,16,16,32,48,30,295,160,130,0,0,0,16,38.5,0.25,0,55,0,85,0.416,1.01,16,16,16,32,48,30,295,160,130,0,0,0,16,512,-1,485.785156,477.917969,7.8671875,7.6015625,7611.34961,7618.951,0,0,0,0,0,0,0,0,0,0,4.303611,7,505,600,1200,3000,50,1.03500009,1.30500007,0,0,20,42,2670,10451.9824,0,0,0,0,9,4,0,1,18.674,18.148,0.975,11800.07,425.515625,8.913526,0,0,0,0.007426006,0,0,0,0,0,0,0,0,0,52.21875,50,16376,4275,12100,73.89303,57.13,1049600,278499328
05/28/2026 19:20:32,41,54,0,50,55,45,45,45,45,65,12.144001,5.04,1.312,1.396,0.992000043,0.318000019,0.674,3.292,2.046,0,3.37600017,3.37200022,3.124,51,45.5,46,45,913,674,0,808,713,0,0,0,0,0,20.31,9.38,6.25,4.62,7.81,31.25,1.56,0,10.15,31.25,35.9467735,3936,478,4850,997,48.5,1.21836281,0.64375,4850,476,48.5,0.7780428,0.64375,3075,241,32.3333321,0.421372175,0.64375,3085,197,32.3333321,0.3741633,0.64375,4633,301,48.5,0.510137737,0.64375,4850,1281,48.5,1.36553442,0.64375,3018,159,32.3333321,0.3364973,0.64375,3127,170,32.3333321,0.3209499,0.64375,51.7500076,47.3750038,99.99827,26.3396988,10.5410652,71.4185257,9.684818,5.19594574,65.0828,39,0.25,0,55,0,85,0.416,1.01,16,16,16,32,48,30,295,160,130,0,0,0,16,38.5,0.25,0,55,0,85,0.416,1.01,16,16,16,32,48,30,295,160,130,0,0,0,16,512,-1,485.785156,477.917969,7.8671875,7.6015625,7611.34961,7618.951,0,0,0,0,0,0,0,0,0,0,4.29985428,7,505,600,1200,3000,50,0.965000033,1.30500007,0,1,17,42,2670,10451.9824,0,0,0,0,10,4,0,1,18.565,17.742,0.975,11800.07,425.515625,8.857855,0,0,0,0.0105943568,0,0,0,0,0,0,0,0,0,52.34375,50,16376,4275,12100,73.89303,55.944,1599488,7.709901E+07
05/28/2026 19:20:34,41,54,0,50,55,45,45,45,45,65,12.12,5.04,1.312,1.396,0.992000043,0.318000019,0.672000051,3.292,2.046,0,3.37600017,3.37600017,3.124,51,45.5,46,44.5,907,674,0,792,713,0,0,0,0,0,18.75,4.69,3.12,3.12,6.25,31.25,1.56,0,8.59,31.25,35.74492,3530,446,4850,909,48.5,1.16152561,0.64375,3233,433,32.3333321,0.7082978,0.64375,3083,238,32.3333321,0.402652353,0.64375,3163,206,32.3333321,0.3605367,0.64375,3044,263,32.3333321,0.4564525,0.64375,4850,1219,48.5,1.27344167,0.64375,3031,156,32.3333321,0.326686859,0.64375,2983,146,32.3333321,0.3078912,0.64375,51.7500076,46.8750038,99.99827,26.3087616,10.5720024,71.33464,9.658348,5.222416,64.90492,39,0.25,0,55,0,85,0.416,1.01,16,16,16,32,48,30,295,160,130,0,0,0,16,38.25,0.25,0,55,0,85,0.416,1.01,16,16,16,32,48,30,295,160,130,0,0,0,16,512,-1,485.785156,477.917969,7.8671875,7.6015625,7611.34961,7618.951,0,0,0,0,0,0,0,0,0,0,4.27314425,7,505,600,1200,3000,50,0.969000041,1.30500007,0,1,17,42,2670,10451.9824,0,0,0,0,9,4,0,1,19.005,19.773,0.975,11800.07,425.515625,8.574131,0,0,0,0.008175668,0,0,0,0,0,0,0,0,0,52.53125,50,16376,4275,12100,73.89303,56.71,999424,3.503493E+08
05/28/2026 19:20:36,41,54,0,50,55,45,45,45,45,65,12.144001,5.04,1.312,1.396,0.982000053,0.318000019,0.674,3.292,2.046,0,3.37600017,3.37200022,3.124,51,45.5,46,44.5,909,674,0,809,696,0,0,0,0,0,23.44,7.81,1.59,6.25,9.38,23.44,1.59,3.17,9.58,23.44,36.30713,3934,503,4850,1234,48.5,1.36865556,0.65,4850,492,48.5,0.7830765,0.65,3105,284,32.3333321,0.470723629,0.65,3053,206,32.3333321,0.381444752,0.65,4673,335,48.5,0.5617579,0.65,4850,1111,48.5,1.26618052,0.65,3052,184,32.3333321,0.355505168,0.65,3036,175,32.3333321,0.343878269,0.65,51.7500076,47.3750038,99.99827,26.3406525,10.5401115,71.42111,9.687824,5.19293976,65.1030045,39,0.25,0,55,0,85,0.416,1.01,16,16,16,32,48,30,295,160,130,0,0,0,16,38.25,0.25,0,55,0,85,0.416,1.01,16,16,16,32,48,30,295,160,130,0,0,0,16,512,-1,485.785156,477.917969,7.8671875,7.6015625,7611.34961,7618.951,0,0,0,0,0,0,0,0,0,0,4.28720665,7,505,600,1200,3000,50,1.05500007,1.30500007,0,4,17,42,2670,10451.9824,0,0,0,0,10,4,0,1,19.766,20.024,0.975,11800.07,425.515625,8.896541,0,0,0,0.00471269153,0,0,0,0,0,0,0,0,0,52.625,50,16376,4275,12100,73.89303,57.958,999424,3.830999E+08
05/28/2026 19:20:38,41,54,0,50,55,46,46,46,46,65,12.144001,5.04,1.312,1.396,0.998,0.332000017,0.674,3.292,2.046,0,3.37600017,3.37600017,3.124,51,45.5,46,44.5,903,699,0,812,713,0,0,0,0,0,19.05,12.7,6.25,3.17,7.81,23.81,4.69,1.56,9.88,23.81,36.1769829,3596,483,4850,1077,48.5,1.247083,0.6375,4850,475,48.5,0.7065123,0.6375,3182,289,32.3333321,0.441467047,0.6375,3151,229,32.3333321,0.386957765,0.6375,3165,334,32.3333321,0.501659453,0.6375,3233,1085,32.3333321,1.2178117,0.6375,3131,177,32.3333321,0.341343582,0.6375,3202,198,32.3333321,0.331277341,0.6375,51.8750076,47.3750038,99.99826,26.3394012,10.5413628,71.4177246,9.68652,5.19424438,65.09424,39,0.25,0,55,0,85,0.416,1.01,16,16,16,32,48,30,295,160,130,0,0,0,16,38.25,0.25,0,55,0,85,0.416,1.01,16,16,16,32,48,30,295,160,130,0,0,0,16,512,-1,485.785156,477.917969,7.8671875,7.6015625,7611.34961,7618.951,0,0,0,0,0,0,0,0,0,0,4.27798843,7,505,600,1200,3000,50,0.984,1.30500007,0,3,17,42,2670,10451.9824,0,0,0,0,9,4,0,1,18.659,17.661,0.975,11800.07,425.515625,8.933863,0,0,0,0.008424156,0,0,0,0,0,0,0,0,0,52.75,50,16376,4275,12100,73.89303,57.069,24549376,7.644979E+07
05/28/2026 19:20:40,41,54,0,50,55,45,45,45,45,65,12.144001,5.04,1.312,1.396,0.992000043,0.322000027,0.674,3.292,2.046,0,3.37600017,3.37600017,3.124,51,45.5,46,44.5,915,699,0,808,714,0,0,0,0,0,20.31,10.94,1.56,4.69,3.12,26.56,0,1.56,8.59,26.56,36.3066444,3932,520,4850,1185,48.5,1.3679961,0.64375,4850,500,48.5,0.780519664,0.64375,4650,265,48.5,0.453883976,0.64375,3056,210,32.3333321,0.384832978,0.64375,3112,341,32.3333321,0.57355,0.64375,4850,1284,48.5,1.368103,0.64375,3000,195,32.3333321,0.367405862,0.64375,3087,181,32.3333321,0.342603475,0.64375,51.7500076,46.8750038,99.9982758,26.3409081,10.539856,71.42181,9.682503,5.19826126,65.0672455,39,0.25,0,55,0,85,0.416,1.01,16,16,16,32,48,30,295,160,130,0,0,0,16,38.25,0.25,0,55,0,85,0.416,1.01,16,16,16,32,48,30,295,160,130,0,0,0,16,512,-1,485.785156,477.917969,7.8671875,7.6015625,7611.34961,7618.951,0,0,0,0,0,0,0,0,0,0,4.341023,7,505,600,1200,3000,50,0.969000041,1.30500007,0,1,16,43,2670,10451.9824,0,0,0,0,10,4,0,1,19.763,18.261,0.975,11800.07,425.515625,9.07813,0,0,0,0.0138885276,0,0,0,0,0,0,0,0,0,52.9375,52,16376,4275,12100,73.89303,56.452,999424,306699264
05/28/2026 19:20:42,41,54,0,50,55,45,45,45,45,65,12.144001,5.04,1.312,1.396,0.988000035,0.318000019,0.674,3.292,2.046,0,3.37600017,3.37600017,3.124,51,45.5,46,45,902,674,0,808,696,0,0,0,0,0,23.44,12.5,7.81,4.69,9.38,21.88,4.69,1.56,10.74,23.44,36.0703278,3554,496,4850,1037,48.5,1.25154316,0.64375,3233,544,32.3333321,0.809599757,0.64375,3131,284,32.3333321,0.449910849,0.64375,3088,222,32.3333321,0.388948441,0.64375,3118,329,32.3333321,0.5272028,0.64375,4850,1180,48.5,1.28632677,0.64375,3024,172,32.3333321,0.3493388,0.64375,3134,198,32.3333321,0.347714961,0.64375,51.7500076,47.3750038,99.99825,26.3398361,10.5409279,71.4189,9.683769,5.196995,65.07575,39,0.25,0,55,0,85,0.416,1.01,16,16,16,32,48,30,295,160,130,0,0,0,16,38.25,0.25,0,55,0,85,0.416,1.01,16,16,16,32,48,30,295,160,130,0,0,0,16,512,-1,485.785156,477.917969,7.8671875,7.6015625,7611.34961,7618.951,0,0,0,0,0,0,0,0,0,0,4.26740456,7,505,600,1200,3000,51,0.965000033,1.30500007,0,0,16,43,2670,10451.9824,0,0,0,0,9,4,0,1,19.382,20.256,0.975,11800.07,425.515625,8.840036,0,0,0,0.0116159366,0,0,0,0,0,0,0,0,0,53.09375,52,16376,4275,12100,73.89303,58.193,999424,348549120
05/28/2026 19:20:44,41,54,0,50,55,45,45,45,45,65,12.144001,5.04,1.312,1.396,0.984,0.320000023,0.674,3.292,2.046,0,3.37600017,3.37600017,3.124,51,45.5,46,44.5,910,674,0,793,696,0,0,0,0,0,15.62,9.38,10.94,3.12,10.94,21.88,6.25,7.81,10.74,21.88,36.2464447,3781,491,4850,1079,48.5,1.2888118,0.64375,4850,452,48.5,0.702718437,0.64375,3207,320,32.3333321,0.474531144,0.64375,3119,235,32.3333321,0.408245564,0.64375,3142,341,32.3333321,0.535336256,0.64375,4850,1120,48.5,1.25856841,0.64375,3066,185,32.3333321,0.358753383,0.64375,3164,194,32.3333321,0.33980152,0.64375,51.7500076,47.3750038,99.9982452,26.3402481,10.5405159,71.42001,9.6783905,5.2023735,65.03961,39,0.25,0,55,0,85,0.416,1.01,16,16,16,32,48,30,295,160,130,0,0,0,16,38.25,0.25,0,55,0,85,0.416,1.01,16,16,16,32,48,30,295,160,130,0,0,0,16,512,-1,485.785156,477.917969,7.8671875,7.6015625,7611.34961,7618.951,0,0,0,0,0,0,0,0,0,0,4.30036926,7,505,600,1200,3000,50,0.965000033,1.30500007,0,2,16,43,2670,10451.9824,0,0,0,0,9,4,0,1,20.6,18.962,0.975,11800.07,425.515625,8.952877,0,0,0,0.005535177,0,0,0,0,0,0,0,0,0,53.1875,50,16376,4275,12100,73.89303,58.594,21699584,3.736996E+08
05/28/2026 19:20:46,41,54,0,50,55,45,45,45,45,65,12.144001,5.04,1.312,1.39200008,0.988000035,0.328,0.674,3.292,2.046,0,3.37600017,3.37600017,3.124,51,45.5,46,44.5,900,674,0,809,714,0,0,0,0,0,20.31,10.77,6.15,1.54,3.08,20.31,1.54,1.54,8.16,20.31,36.0203476,3937,474,4850,1092,48.5,1.2900871,0.64375,4850,477,48.5,0.7432481,0.64375,3098,277,32.3333321,0.459314525,0.64375,3027,201,32.3333321,0.38951236,0.64375,4661,327,48.5,0.522233069,0.6375,4850,1080,48.5,1.1946224,0.6375,3058,170,32.3333321,0.3611214,0.6375,3101,169,32.3333321,0.3304943,0.6375,51.7500076,46.8750038,99.99826,26.3398819,10.5408821,71.41902,9.679649,5.20111465,65.0480652,38.75,0.25,0,55,0,85,0.416,1.01,16,16,16,32,48,30,295,160,130,0,0,0,16,38.25,0.25,0,55,0,85,0.416,1.01,16,16,16,32,48,30,295,160,130,0,0,0,16,512,-1,485.785156,477.917969,7.8671875,7.6015625,7611.34961,7618.951,0,0,0,0,0,0,0,0,0,0,4.230839,7,505,600,1200,3000,50,1.05000007,1.30500007,0,8,18,43,2670,10451.9824,0,0,0,0,9,4,0,1,19.759,27.694,0.975,11800.07,425.515625,8.87605,0,0,0,0.0115982415,0,0,0,0,0,0,0,0,0,53.34375,52,16376,4275,12100,73.89303,57.046,799744,269649920
05/28/2026 19:20:48,41,54,0,50,55,45,45,45,45,65,12.12,5.04,1.31000006,1.396,0.97,0.326,0.674,3.288,2.046,0,3.37200022,3.37200022,3.124,51,45.5,46,44.5,914,674,0,799,697,0,0,0,0,0,31.25,15.62,9.52,7.94,9.52,18.75,4.76,4.76,12.77,31.25,36.27723,3950,484,4850,1342,48.5,1.38442326,0.64375,4850,477,48.5,0.713893354,0.64375,3165,301,32.3333321,0.479730576,0.64375,3107,221,32.3333321,0.389918268,0.64375,4634,321,48.5,0.512333751,0.64375,4850,835,48.5,1.13845634,0.64375,3013,171,32.3333321,0.345397919,0.64375,3127,206,32.3333321,0.352696478,0.64375,51.7500076,47.3750038,99.99827,26.3412361,10.5395279,71.4227,9.685444,5.19532,65.0870056,38.75,0.25,0,55,0,85,0.416,1.01,16,16,16,32,48,30,295,160,130,0,0,0,16,38.25,0.25,0,55,0,85,0.416,1.01,16,16,16,32,48,30,295,160,130,0,0,0,16,512,-1,485.785156,477.917969,7.8671875,7.6015625,7611.34961,7618.951,0,0,0,0,0,0,0,0,0,0,4.295471,7,505,600,1200,3000,49,0.965000033,1.30500007,0,0,16,43,2670,10451.9824,0,0,0,0,10,4,0,1,20.872,19.552,0.975,11800.07,425.515625,8.999575,0,0,0,0.0101605542,0,0,0,0,0,0,0,0,0,53.53125,50,16376,4275,12100,73.89303,57.381,1099776,9.049907E+07
05/28/2026 19:20:50,41,54,0,50,55,45,45,45,45,65,12.144001,5.04,1.312,1.396,0.984,0.318000019,0.672000051,3.292,2.046,0,3.37600017,3.37600017,3.12800026,51,45.5,46,44.5,902,674,0,791,697,0,0,0,0,0,26.56,6.15,3.08,4.62,7.69,14.06,1.54,1.54,8.16,26.56,35.9576645,4003,460,4850,1339,48.5,1.35223651,0.55,4040,470,40.4,0.681410551,0.61875,3793,234,40.4,0.4175242,0.61875,3881,220,40.4,0.3796714,0.61875,3875,314,40.4,0.4937112,0.61875,4040,774,40.4,1.11846018,0.61875,3757,161,40.4,0.33870247,0.61875,3787,167,40.4,0.340304345,0.61875,51.8750076,47.3750038,99.99827,26.3414116,10.5393524,71.42317,9.683281,5.197483,65.07247,38.75,0.25,0,55,0,85,0.416,1.01,16,16,16,32,48,30,295,160,130,0,0,0,16,38.25,0.25,0,55,0,85,0.416,1.01,16,16,16,32,48,30,295,160,130,0,0,0,16,512,-1,485.785156,477.917969,7.8671875,7.6015625,7611.34961,7618.951,0,0,0,0,0,0,0,0,0,0,4.36168146,7,505,600,1200,3000,50,0.965000033,1.30500007,0,1,17,43,2670,10451.9824,0,0,0,0,9,4,0,1,20.113,24.648,0.975,11800.07,425.515625,8.733495,0,0,0,0.008724523,0,0,0,0,0,0,0,0,0,53.875,50,16376,4275,12100,73.89303,58.886,99328,4.257495E+08
05/28/2026 19:20:52,41,54,0,50,55,46,46,46,46,65,12.144001,5.04,1.312,1.39200008,0.982000053,0.336000025,0.672000051,3.292,2.046,0,3.37600017,3.37600017,3.124,51,45.5,46,44.5,925,674,0,798,715,0,0,0,0,0,16.92,7.69,1.56,4.69,1.56,12.31,0,0,5.59,16.92,35.7539749,4035,449,5050,1147,50.5,1.26892269,0.575,4040,436,40.4,0.682074845,0.575,3896,259,40.4,0.4214291,0.575,3904,237,40.4,0.394019216,0.575,3851,296,40.4,0.480428278,0.575,4040,905,40.4,1.11421168,0.575,3788,167,40.4,0.337030143,0.575,3713,147,40.4,0.303125978,0.575,51.8750076,48.8750038,99.99827,26.3431549,10.5376091,71.4279,9.684696,5.196068,65.0819855,38.75,0.25,0,55,0,85,0.416,1.01,16,16,16,32,48,30,295,160,130,0,0,0,16,38.25,0.25,0,55,0,85,0.416,1.01,16,16,16,32,48,30,295,160,130,0,0,0,16,512,-1,485.785156,477.917969,7.8671875,7.6015625,7611.34961,7618.951,0,0,0,0,0,0,0,0,0,0,4.26236439,7,505,600,1200,3000,50,1.06000006,1.30500007,0,19,18,44,2670,10451.9824,0,0,0,0,9,4,0,1,19.339,22.448,0.975,11800.07,425.515625,8.774666,0,0,0,0.0102265682,0,0,0,0,0,0,0,0,0,53.90625,50,16376,4275,12100,73.89303,58.36,1449984,3.796992E+08
05/28/2026 19:20:54,41,54,0,50,55,45,45,45,45,65,12.144001,5.04,1.312,1.396,0.974000037,0.320000023,0.674,3.292,2.046,0,3.37600017,3.37600017,3.124,51,45.5,46,45,907,700,0,807,717,0,0,0,0,0,18.75,12.5,4.69,6.35,7.81,18.75,1.56,3.17,9.2,18.75,35.6931572,3793,433,5050,1120,50.5,1.22578835,0.575,4040,461,40.4,0.6629592,0.575,3219,227,33.6666679,0.399218172,0.575,3150,186,33.6666679,0.341541529,0.575,3215,273,33.6666679,0.445184261,0.575,4040,846,40.4,1.08520234,0.56875,3781,163,40.4,0.3285161,0.56875,3850,185,40.4,0.321822315,0.56875,51.7500076,47.3750038,99.99826,26.312,10.5687637,71.34343,9.656532,5.22423172,64.8927155,38.75,0.25,0,55,0,85,0.416,1.01,16,16,16,32,48,30,295,160,130,0,0,0,16,38.25,0.25,0,55,0,85,0.416,1.01,16,16,16,32,48,30,295,160,130,0,0,0,16,512,-1,485.785156,477.917969,7.8671875,7.6015625,7611.34961,7618.951,0,0,0,0,0,0,0,0,0,0,4.143585,7,505,600,1200,3000,50,0.969000041,1.30500007,0,5,17,44,2670,10451.9824,0,0,0,0,9,4,0,1,19.45,24.779,0.975,11800.0664,419.671875,8.883957,0,0,0,0.00761768967,0,0,0,0,0,0.03729347,0,0,0,54,50,16376,4275,12100,73.89303,57.437,849920,345649152
05/28/2026 19:20:56,41,54,0,50,55,45,45,45,45,65,12.12,5.04,1.312,1.396,0.964000046,0.326,0.674,3.292,2.046,0,3.37600017,3.37200022,3.124,51,45.5,46,45,909,700,0,792,697,0,0,0,0,0,18.75,6.15,6.15,4.62,4.62,15.62,4.62,4.62,8.14,18.75,35.8460541,3908,454,4040,1238,40.4,1.289246,0.55625,4040,473,40.4,0.6852716,0.55,3823,241,40.4,0.4243691,0.55,3832,206,40.4,0.381331772,0.55,3859,336,40.4,0.514897943,0.55,4040,782,40.4,1.05468535,0.55,3808,171,40.4,0.3546065,0.55,3824,183,40.4,0.3416652,0.55,51.7500076,48.6250038,99.9982452,26.342926,10.537838,71.42728,9.681583,5.1991806,65.0610657,38.75,0.25,0,55,0,85,0.416,1.01,16,16,16,32,48,30,295,160,130,0,0,0,16,38.25,0.25,0,55,0,85,0.416,1.01,16,16,16,32,48,30,295,160,130,0,0,0,16,512,-1,485.785156,477.917969,7.8671875,7.6015625,7611.34961,7618.951,0,0,0,0,0,0,0,0,0,0,4.351013,7,505,600,1200,3000,50,0.974000037,1.30500007,0,2,17,44,2670,10451.9824,0,0,0,0,10,4,0,1,20.025,23.864,0.975,11800.0664,419.671875,8.775912,0,0,0,0.012787194,0,0,0,0,0,0,0,0,0,54.09375,52,16376,4275,12100,73.89303,58.447,149504,3.763497E+08
05/28/2026 19:20:58,41,54,0,50,55,45,45,45,45,65,12.144001,5.04,1.312,1.396,0.978000045,0.326,0.674,3.292,2.046,0,3.37600017,3.37600017,3.124,51,45.5,46,44.5,901,700,0,792,696,0,0,0,0,0,18.75,6.25,4.69,1.56,4.69,20.31,0,3.17,7.43,20.31,36.1507072,3638,479,5050,1364,50.5,1.40933216,0.55625,4018,440,40.4,0.7163601,0.55625,3271,270,33.6666679,0.4518561,0.55625,3148,196,33.6666679,0.383584,0.55625,3201,319,33.6666679,0.5268048,0.55625,4040,870,40.4,1.13982522,0.55625,3199,196,33.6666679,0.376934648,0.55625,3175,177,33.6666679,0.34094128,0.55625,51.7500076,47.3750038,99.9988861,26.3424,10.5383644,71.42585,9.675819,5.20494461,65.02233,38.75,0.25,0,55,0,85,0.416,1.01,16,16,16,32,48,30,295,160,130,0,0,0,16,38.25,0.25,0,55,0,85,0.416,1.01,16,16,16,32,48,30,295,160,130,0,0,0,16,512,-1,485.785156,477.917969,7.8671875,7.6015625,7611.34961,7618.951,0,0,0,0,0,0,0,0,0,0,4.298525,7,505,600,1200,3000,51,0.965000033,1.30500007,0,1,16,44,2670,10451.9824,0,0,0,0,10,4,0,1,19.649,21.511,0.975,11800.0664,419.671875,8.945137,0,0,0,0.008612128,0,0,0,0,0,0,0,0,0,54.28125,52,16376,4275,12100,73.89303,58.981,849920,423499776
05/28/2026 19:21:00,41,54,0,50,55,45,45,45,45,65,12.12,5.04,1.312,1.396,0.98,0.320000023,0.674,3.292,2.046,0,3.37600017,3.37200022,3.124,51,45.5,46,44.5,909,700,0,798,714,0,0,0,0,0,18.75,7.81,3.12,1.56,6.25,17.19,0,4.69,7.42,18.75,35.70255,4021,451,5050,1305,50.5,1.33954728,0.58125,4040,430,40.4,0.6907433,0.58125,3874,238,40.4,0.39630565,0.58125,3792,180,40.4,0.3480824,0.58125,3801,267,40.4,0.47192356,0.58125,4040,852,40.4,1.10731661,0.58125,3792,159,40.4,0.318898082,0.58125,3777,177,40.4,0.319529653,0.58125,51.7500076,46.8750038,99.99826,26.3135567,10.5672073,71.34765,9.658096,5.22266769,64.90323,38.75,0.25,0,55,0,85,0.416,1.01,16,16,16,32,48,30,295,160,130,0,0,0,16,38.25,0.25,0,55,0,85,0.416,1.01,16,16,16,32,48,30,295,160,130,0,0,0,16,512,-1,485.785156,477.917969,7.8671875,7.6015625,7611.34961,7618.951,0,0,0,0,0,0,0,0,0,0,4.194807,7,505,600,1200,3000,50,1.05500007,1.30500007,0,8,17,44,2670,10451.9824,0,0,0,0,8,3,0,1,18.833,19.57,0.975,11800.0664,419.902344,8.534718,0,0,0,0.009802535,0,0,0,0,0,0.007995477,0,0,0,54.4375,52,16376,4275,12100,73.89303,57.655,849920,447349760
05/28/2026 19:21:02,41,54,0,50,55,47,47,47,47,66,12.12,5.04,1.312,1.396,0.978000045,0.33,0.674,3.292,2.046,0,3.37600017,3.37600017,3.124,52,45.5,46,44.5,905,700,0,791,713,0,0,0,0,0,21.88,9.38,3.12,3.17,6.25,17.19,3.17,4.69,8.61,21.88,35.9648132,3864,464,5050,1222,50.5,1.32207608,0.55625,4040,502,40.4,0.7435894,0.55625,3863,248,40.4,0.4346142,0.55625,3780,186,40.4,0.368855625,0.55625,3878,309,40.4,0.523702,0.55625,4040,926,40.4,1.17719591,0.55625,3110,156,33.6666679,0.329495162,0.55625,3155,163,33.6666679,0.319342047,0.55625,52.0000076,47.3750038,99.99826,26.3432541,10.53751,71.42817,9.68541,5.19535446,65.08678,38.75,0.25,0,55,0,85,0.416,1.01,16,16,16,32,48,30,295,160,130,0,0,0,16,38.25,0.25,0,55,0,85,0.416,1.01,16,16,16,32,48,30,295,160,130,0,0,0,16,512,-1,485.785156,477.917969,7.8671875,7.6015625,7611.34961,7618.951,0,0,0,0,0,0,0,0,0,0,4.24755144,7,505,600,1200,3000,50,0.965000033,1.30500007,0,1,16,44,2670,10451.9824,0,0,0,0,9,4,0,1,19.17,20.995,0.975,11800.0664,419.902344,8.307971,0,0,0,0.00470986543,0,0,0,0,0,0,0,0,0,54.53125,52,16376,4275,12100,73.89303,57.199,849920,334799872
05/28/2026 19:21:04,42,54,0,51,55,47,47,47,47,66,12.144001,5.04,1.312,1.396,0.986000061,0.318000019,0.674,3.292,2.046,0,3.37600017,3.37600017,3.124,51,45.5,46,45,938,700,0,808,696,0,0,0,0,0,23.44,6.25,4.69,1.56,7.81,10.94,1.56,1.56,7.23,23.44,35.6557236,3831,439,5050,1347,50.5,1.35236025,0.55,4040,419,40.4,0.6520102,0.55,3216,231,33.6666679,0.389781028,0.55,3139,169,33.6666679,0.326367348,0.55,3820,261,40.4,0.4572626,0.55,5050,778,50.5,1.08147407,0.55,3151,145,33.6666679,0.297285318,0.55,3182,160,33.6666679,0.303164244,0.55,51.8750076,47.3750038,99.99827,26.3159637,10.5648,71.35417,9.654964,5.22579956,64.88219,38.75,0.25,0,55,0,85,0.416,1.01,16,16,16,32,48,30,295,160,130,0,0,0,16,38.25,0.25,0,55,0,85,0.416,1.01,16,16,16,32,48,30,295,160,130,0,0,0,16,512,-1,485.785156,477.917969,7.8671875,7.6015625,7611.34961,7618.951,0,0,0,0,0,0,0,0,0,0,4.102014,7,505,600,1200,3000,50,0.965000033,1.30500007,0,2,16,44,2670,10451.9824,0,0,0,0,9,4,0,1,19.415,21.929,0.975,11800.0664,419.902344,8.262001,0,0,0,0.00654519955,0,0,0,0,0,0,0,0,0,54.625,52,16376,4275,12100,73.89303,58.974,799744,365399040
05/28/2026 19:21:06,41,54,0,50,55,45,45,45,45,65,12.144001,5.04,1.312,1.396,0.990000069,0.326,0.672000051,3.292,2.046,0,3.37600017,3.37600017,3.124,51,45.5,46,45,920,674,0,806,703,0,0,0,0,0,18.75,6.25,1.54,3.08,1.54,10.94,1.54,1.54,5.65,18.75,35.73955,4116,437,4040,1205,40.4,1.29384315,0.55625,5001,438,50.5,0.713856,0.55625,3774,221,40.4,0.396586657,0.55625,3800,188,40.4,0.355805725,0.55625,3798,304,40.4,0.5011854,0.55625,5050,866,50.5,1.15688074,0.55,3743,141,40.4,0.313697547,0.55,3719,136,40.4,0.300263733,0.55,51.6250076,47.3750038,99.99826,26.3412323,10.5395317,71.42268,9.685295,5.195469,65.0860062,38.75,0.25,0,55,0,85,0.416,1.01,16,16,16,32,48,30,295,160,130,0,0,0,16,38.25,0.25,0,55,0,85,0.416,1.01,16,16,16,32,48,30,295,160,130,0,0,0,16,512,-1,485.785156,477.917969,7.8671875,7.6015625,7611.34961,7618.951,0,0,0,0,0,0,0,0,0,0,4.31234,7,505,600,1200,3000,50,0.989,1.30500007,0,4,17,45,2670,10451.9824,0,0,0,0,8,4,0,1,18.936,25.975,0.975,11800.0664,419.902344,8.090585,0,0,0,0.006023967,0,0,0,0,0,0,0,0,0,54.90625,52,16376,4275,12100,73.89303,58.539,149504,413199360
05/28/2026 19:21:08,41,54,0,50,55,45,45,45,45,65,12.144001,5.04,1.312,1.396,0.984,0.318000019,0.672000051,3.292,2.046,0,3.37600017,3.37600017,3.124,51,45.5,46,45,904,674,0,801,699,0,0,0,0,0,12.5,1.56,1.59,1.59,0,20.31,0,1.59,4.89,20.31,35.6449852,3687,436,5050,1032,50.5,1.189081,0.55625,3367,419,33.6666679,0.6830351,0.55625,3158,198,33.6666679,0.3642925,0.55625,3197,196,33.6666679,0.34386304,0.55625,3167,274,33.6666679,0.4530698,0.55625,4040,1082,40.4,1.23716736,0.55625,3763,156,40.4,0.313623756,0.55625,3751,133,40.4,0.283674538,0.55625,51.6250076,46.8750038,99.99827,26.313797,10.566967,71.3483,9.65658951,5.2241745,64.8931,38.75,0.25,0,55,0,85,0.416,1.01,16,16,16,32,48,30,295,160,130,0,0,0,16,38.25,0.25,0,55,0,85,0.416,1.01,16,16,16,32,48,30,295,160,130,0,0,0,16,512,-1,485.785156,477.917969,7.8671875,7.6015625,7611.34961,7618.951,0,0,0,0,0,0,0,0,0,0,4.220677,7,505,600,1200,3000,50,0.969000041,1.30500007,0,2,16,45,2670,10451.9824,0,0,0,0,8,4,0,1,18.626,18.023,0.975,11800.0664,419.902344,8.16138649,0,0,0,0.008295314,0,0,0,0,0,0,0,0,0,55.0625,54,16376,4275,12100,73.89303,57.13,849920,372199424
05/28/2026 19:21:10,41,54,0,50,55,45,45,45,45,65,12.144001,5.04,1.312,1.396,0.978000045,0.320000023,0.672000051,3.292,2.046,0,3.37600017,3.37200022,3.124,51,45.5,46,44.5,909,674,0,812,714,0,0,0,0,0,18.75,9.23,3.08,4.62,7.69,18.75,3.08,3.08,8.53,18.75,35.5790062,4050,422,4040,1096,40.4,1.17882586,0.575,4040,423,40.4,0.6145025,0.575,3855,223,40.4,0.388643444,0.575,3867,184,40.4,0.348192424,0.575,3861,288,40.4,0.472245216,0.575,5050,839,50.5,1.09610343,0.575,3814,166,40.4,0.317039937,0.575,3876,156,40.4,0.306134552,0.575,51.5000076,50.0000038,99.99825,26.3154221,10.5653419,71.35271,9.657497,5.2232666,64.8992,38.75,0.25,0,55,0,85,0.416,1.01,16,16,16,32,48,30,295,160,130,0,0,0,16,38,0.25,0,55,0,85,0.416,1.01,16,16,16,32,48,30,295,160,130,0,0,0,16,512,-1,485.785156,477.917969,7.8671875,7.6015625,7611.34961,7618.951,0,0,0,0,0,0,0,0,0,0,4.33528948,7,505,600,1200,3000,50,0.935000062,1.30500007,0,1,17,45,2670,10451.9824,0,0,0,0,9,4,0,1,19.357,28.737,0.975,11800.0664,419.902344,8.12723351,0,0,0,0.005013973,0,0,0,0,0,0,0,0,0,55.15625,54,16376,4275,12100,73.89303,58,149504,3.343995E+08
05/28/2026 19:21:12,41,54,0,50,55,45,45,45,45,65,12.12,5.04,1.312,1.39200008,0.982000053,0.324,0.672000051,3.292,2.046,0,3.37200022,3.37200022,3.12000012,51,45.5,46,44.5,904,674,0,797,713,0,0,0,0,0,23.44,12.5,4.69,3.17,7.81,21.88,3.17,1.59,9.78,23.44,35.38682,3610,387,5050,922,50.5,1.08834589,0.55625,4040,369,40.4,0.598124444,0.55625,3133,184,33.6666679,0.34098956,0.55625,3137,169,33.6666679,0.317782849,0.55625,3195,260,33.6666679,0.437976837,0.55625,4040,931,40.4,1.09918141,0.55625,3151,143,33.6666679,0.294144332,0.55625,3134,120,33.6666679,0.263588876,0.55625,51.3750076,46.8750038,99.99826,26.31321,10.5675545,71.3467,9.658031,5.22273254,64.9027939,38.75,0.25,0,55,0,85,0.416,1.01,16,16,16,32,48,30,295,160,130,0,0,0,16,38,0.25,0,55,0,85,0.416,1.01,16,16,16,32,48,30,295,160,130,0,0,0,16,512,-1,485.785156,477.917969,7.8671875,7.6015625,7611.34961,7618.951,0,0,0,0,0,0,0,0,0,0,4.102038,7,505,600,1200,3000,50,0.935000062,1.30500007,0,3,16,45,2670,10451.9824,0,0,0,0,9,4,0,1,19.459,20.102,0.975,11800.0664,419.902344,8.253972,0,0,0,0.007487963,0,0,0,0,0,0,0,0,0,55.21875,54,16376,4275,12100,73.89303,59.235,849920,365649920
05/28/2026 19:21:14,41,54,0,50,55,45,45,45,45,65,12.144001,5.04,1.31000006,1.396,0.978000045,0.326,0.672000051,3.288,2.046,0,3.37200022,3.37200022,3.124,51,45.5,46,45,910,674,0,808,696,0,0,0,0,0,26.56,12.31,6.25,4.76,7.81,17.19,1.56,0,9.56,26.56,36.2963257,3820,516,4850,1226,48.5,1.277595,0.65,4850,524,48.5,0.7308091,0.65,3233,328,32.3333321,0.478389949,0.65,3233,274,32.3333321,0.429723322,0.65,3233,404,32.3333321,0.5721958,0.65,4850,948,48.5,1.1806469,0.65,3178,228,32.3333321,0.3880421,0.64375,3135,196,32.3333321,0.3471318,0.64375,51.5000076,47.8750038,99.9982452,26.3176537,10.56311,71.35875,9.653957,5.22680664,64.87541,38.75,0.25,0,55,0,85,0.416,1.01,16,16,16,32,48,30,295,160,130,0,0,0,16,38,0.25,0,55,0,85,0.416,1.01,16,16,16,32,48,30,295,160,130,0,0,0,16,512,-1,485.785156,477.917969,7.8671875,7.6015625,7611.34961,7618.951,0,0,0,0,0,0,0,0,0,0,4.27309036,7,505,600,1200,3000,50,0.979000032,1.30500007,0,2,16,45,2670,10451.9824,0,0,0,0,8,3,0,1,18.971,17.733,0.975,11800.0664,419.902344,8.06144,0,0,0,0.0060749664,0,0,0,0,0,0,0,0,0,55.4375,54,16376,4275,12100,73.89303,57.913,799744,3.334492E+08
05/28/2026 19:21:16,41,54,0,50,55,45,45,45,45,65,12.12,5.04,1.31000006,1.39200008,0.988000035,0.334000021,0.672000051,3.288,2.046,0,3.37200022,3.37200022,3.12000012,51,45.5,46,45,906,699,0,808,713,0,0,0,0,0,20.63,6.35,1.59,3.17,1.59,12.7,1.59,1.59,6.15,20.63,35.456,4005,424,5050,1190,50.5,1.22592676,0.5875,4040,420,40.4,0.673781335,0.58125,3826,224,40.4,0.39795512,0.58125,3768,168,40.4,0.344021946,0.58125,3820,257,40.4,0.4613791,0.58125,4040,851,40.4,1.13116908,0.58125,3714,132,40.4,0.2948012,0.58125,3780,150,40.4,0.296417266,0.58125,51.5000076,46.8750038,99.99826,26.3449326,10.5358315,71.432724,9.683876,5.196888,65.07648,38.75,0.25,0,55,0,85,0.416,1.01,16,16,16,32,48,30,295,160,130,0,0,0,16,38,0.25,0,55,0,85,0.416,1.01,16,16,16,32,48,30,295,160,130,0,0,0,16,512,-1,485.785156,477.917969,7.8671875,7.6015625,7611.34961,7618.951,0,0,0,0,0,0,0,0,0,0,4.18065262,7,505,600,1200,3000,50,0.969000041,1.30500007,0,1,17,45,2670,10451.9824,0,0,0,0,8,3,0,1,18.932,28.31,0.975,11800.0664,419.671875,8.19951,0,0,0,0.008095558,0,0,0,0,0,0.008347599,0,0,0,55.53125,54,16376,4275,12100,73.89303,57.543,849920,446849024
05/28/2026 19:21:18,41,54,0,50,55,45,45,45,45,65,12.144001,5.04,1.312,1.396,0.984,0.322000027,0.672000051,3.292,2.046,0,3.37600017,3.37200022,3.124,51,45.5,46,45,901,700,0,791,713,0,0,0,0,0,20.31,4.69,4.69,4.69,4.69,10.94,1.56,1.56,6.64,20.31,35.44183,4019,410,5050,1015,50.5,1.1412462,0.5625,4040,402,40.4,0.615854442,0.5625,3803,207,40.4,0.372528076,0.5625,3810,191,40.4,0.3416712,0.5625,3806,258,40.4,0.450861782,0.5625,4040,927,40.4,1.13999367,0.5625,3784,142,40.4,0.301664174,0.5625,3821,139,40.4,0.28831324,0.5625,51.3750076,48.5000038,99.99825,26.3111153,10.5696487,71.34103,9.655251,5.22551346,64.88411,38.75,0.25,0,55,0,85,0.416,1.01,16,16,16,32,48,30,295,160,130,0,0,0,16,38,0.25,0,55,0,85,0.416,1.01,16,16,16,32,48,30,295,160,130,0,0,0,16,512,-1,485.785156,477.917969,7.8671875,7.6015625,7611.34961,7618.951,0,0,0,0,0,0,0,0,0,0,4.277715,7,505,600,1200,3000,50,0.965000033,1.30500007,0,0,17,46,2670,10451.9824,0,0,0,0,9,4,0,1,19.453,28.527,0.975,11800.0664,419.671875,8.14672,0,0,0,0.006672244,0,0,0,0,0,0,0,0,0,55.8125,54,16376,4275,12100,73.89303,59.066,149504,334499840
05/28/2026 19:21:20,41,54,0,50,55,45,45,45,45,65,12.144001,5.04,1.312,1.396,0.986000061,0.320000023,0.672000051,3.292,2.046,0,3.37600017,3.37200022,3.124,51,45.5,46,45,913,700,0,797,696,0,0,0,0,0,25,7.81,3.17,1.59,3.17,20.31,4.76,1.59,8.43,25,35.736908,3708,430,5050,1122,50.5,1.21269226,0.575,4040,475,40.4,0.709990144,0.575,3264,249,33.6666679,0.409027874,0.575,3163,174,33.6666679,0.333101481,0.575,3841,277,40.4,0.471405864,0.575,4040,863,40.4,1.11015594,0.575,3127,138,33.6666679,0.299853474,0.575,3140,143,33.6666679,0.287334651,0.575,51.3750076,46.8750038,99.99826,26.3124466,10.5683174,71.344635,9.655399,5.22536469,64.8851,38.75,0.25,0,55,0,85,0.416,1.01,16,16,16,32,48,30,295,160,130,0,0,0,16,38,0.25,0,55,0,85,0.416,1.01,16,16,16,32,48,30,295,160,130,0,0,0,16,512,-1,485.785156,477.917969,7.8671875,7.6015625,7611.34961,7618.951,0,0,0,0,0,0,0,0,0,0,4.30144262,7,505,600,1200,3000,50,1.03500009,1.30500007,0,8,17,46,2670,10451.9824,0,0,0,0,9,4,0,1,19.215,28.292,0.975,11800.0664,419.671875,8.229257,0,0,0,0.007209042,0,0,0,0,0,0,0,0,0,55.84375,54,16376,4275,12100,73.89303,59.006,799744,365649920
05/28/2026 19:21:22,41,54,0,50,55,45,45,45,45,65,12.144001,5.04,1.312,1.396,0.996000051,0.332000017,0.672000051,3.292,2.046,0,3.37600017,3.37200022,3.124,51,45.5,46,44.5,904,700,0,792,713,0,0,0,0,0,20.31,10.94,3.12,1.56,6.25,18.75,1.56,3.12,8.2,20.31,35.7037773,4128,449,5050,1306,50.5,1.30806673,0.55625,4040,444,40.4,0.730094433,0.55625,4727,242,50.5,0.41488272,0.55625,3773,181,40.4,0.348603666,0.55625,3805,286,40.4,0.487173229,0.55625,4040,819,40.4,1.13752985,0.55625,3758,151,40.4,0.3083088,0.55625,3829,162,40.4,0.31447345,0.55625,51.5000076,47.3750038,99.99826,26.3430786,10.5376854,71.42769,9.683712,5.197052,65.07536,38.75,0.25,0,55,0,85,0.416,1.01,16,16,16,32,48,30,295,160,130,0,0,0,16,38,0.25,0,55,0,85,0.416,1.01,16,16,16,32,48,30,295,160,130,0,0,0,16,512,-1,485.785156,477.917969,7.8671875,7.6015625,7611.34961,7618.951,0,0,0,0,0,0,0,0,0,0,4.148073,7,505,600,1200,3000,50,0.969000041,1.30500007,0,2,17,46,2670,10451.9824,0,0,0,0,8,3,0,1,18.898,28.369,0.975,11800.0664,419.671875,8.164455,0,0,0,0.00311664934,0,0,0,0,0,0,0,0,0,56.03125,54,16376,4275,12100,73.89303,57.477,799744,4.128E+08
05/28/2026 19:21:24,41,54,0,50,55,45,45,45,45,65,12.144001,5.04,1.312,1.396,0.984,0.328,0.672000051,3.292,2.046,0,3.38,3.37600017,3.124,51,45.5,46,45,911,700,0,809,713,0,0,0,0,0,15.62,6.25,3.12,4.62,3.12,23.44,1.54,3.08,7.6,23.44,36.22877,4030,485,4040,1220,40.4,1.28435111,0.54375,4030,423,40.4,0.6836467,0.54375,3858,243,40.4,0.4246825,0.54375,4827,203,50.5,0.372937948,0.54375,3833,293,40.4,0.499267071,0.54375,4040,1194,40.4,1.31795776,0.54375,3834,153,40.4,0.32588613,0.51875,3780,152,40.4,0.313824773,0.51875,51.5000076,46.8750038,99.99826,26.31269,10.5680733,71.3453,9.652866,5.22789764,64.86808,38.75,0.25,0,55,0,85,0.416,1.01,16,16,16,32,48,30,295,160,130,0,0,0,16,38,0.25,0,55,0,85,0.416,1.01,16,16,16,32,48,30,295,160,130,0,0,0,16,512,-1,485.785156,477.917969,7.8671875,7.6015625,7611.34961,7618.951,0,0,0,0,0,0,0,0,0,0,4.341401,7,505,600,1200,3000,50,0.969000041,1.30500007,0,1,17,45,2670,10451.9824,0,0,0,0,9,4,0,1,19.317,29.132,0.975,11800.0664,419.671875,8.503194,0,0,0,0.00760188047,0,0,0,0,0,0,0,0,0,56.21875,56,16376,4275,12100,73.89303,58.605,99328,448249856
05/28/2026 19:21:26,41,54,0,50,55,45,45,45,45,65,12.144001,5.04,1.312,1.396,0.984,0.324,0.672000051,3.292,2.046,0,3.37600017,3.37200022,3.124,51,45.5,46,45,901,702,0,800,696,0,0,0,0,0,17.19,7.81,1.56,0,1.56,17.19,1.56,1.56,6.05,17.19,35.3715973,4136,394,5050,1027,50.5,1.12819731,0.55625,4040,401,40.4,0.5933661,0.55625,3832,213,40.4,0.355561525,0.55625,3771,159,40.4,0.304891378,0.55625,3764,239,40.4,0.406705081,0.55625,5050,818,50.5,1.06127667,0.56875,3740,135,40.4,0.274989426,0.56875,3843,162,40.4,0.2937051,0.56875,51.3750076,47.3750038,99.99826,26.3393288,10.5414352,71.41753,9.679459,5.20130539,65.04678,38.75,0.25,0,55,0,85,0.416,1.01,16,16,16,32,48,30,295,160,130,0,0,0,16,38,0.25,0,55,0,85,0.416,1.01,16,16,16,32,48,30,295,160,130,0,0,0,16,512,-1,485.785156,477.917969,7.8671875,7.6015625,7611.34961,7618.951,0,0,0,0,0,0,0,0,0,0,4.24773,7,505,600,1200,3000,50,1.05500007,1.30500007,0,15,17,46,2670,10451.9824,0,0,0,0,8,4,0,1,19.603,28.606,0.975,11800.0664,419.671875,7.7115593,0,0,0,0.004292096,0,0,0,0,0,0,0,0,0,56.25,54,16376,4275,12100,73.89303,59.388,849920,331499520
05/28/2026 19:21:28,41,54,0,50,55,45,45,45,45,65,12.12,5.04,1.312,1.396,0.986000061,0.320000023,0.672000051,3.288,2.046,0,3.37200022,3.37200022,3.12000012,51,45.5,46,45,909,705,0,798,696,0,0,0,0,0,25,1.56,0,0,0,18.75,0,0,5.66,25,35.5641556,4020,416,5050,1115,50.5,1.16983664,0.55625,4020,388,40.4,0.628874063,0.575,3822,210,40.4,0.370147824,0.575,3847,206,40.4,0.355088383,0.575,3829,263,40.4,0.4496549,0.575,4040,861,40.4,1.11414039,0.575,3770,136,40.4,0.289418459,0.575,3782,150,40.4,0.2890865,0.575,51.3750076,46.8750038,99.99826,26.3094444,10.57132,71.3364944,9.654861,5.22590256,64.881485,38.5,0.25,0,55,0,85,0.416,1.01,16,16,16,32,48,30,295,160,130,0,0,0,16,38,0.25,0,55,0,85,0.416,1.01,16,16,16,32,48,30,295,160,130,0,0,0,16,512,-1,485.785156,477.917969,7.8671875,7.6015625,7611.34961,7618.951,0,0,0,0,0,0,0,0,0,0,4.36426,7,505,600,1200,3000,50,0.979000032,1.30500007,0,0,16,46,2670,10451.9824,0,0,0,0,9,4,0,1,18.901,27.849,0.975,11800.0664,419.671875,7.650032,0,0,0,0.0055742017,0,0,0,0,0,0,0,0,0,56.5,54,16376,4275,12100,73.89303,58.643,149504,365049856
05/28/2026 19:21:30,41,54,0,50,55,45,45,45,45,65,12.144001,5.04,1.31000006,1.396,0.986000061,0.318000019,0.672000051,3.288,2.046,0,3.37200022,3.37200022,3.124,51,45.5,46,44.5,909,701,0,792,713,0,0,0,0,0,23.44,7.81,3.12,3.12,3.12,20.31,3.12,1.56,8.2,23.44,35.6839066,3992,442,4040,1056,40.4,1.2028681,0.58125,4040,474,40.4,0.7297157,0.58125,3781,224,40.4,0.4017993,0.58125,3794,187,40.4,0.3423702,0.58125,3783,291,40.4,0.4895972,0.58125,5050,1019,50.5,1.22090125,0.5625,3751,149,40.4,0.304886043,0.5625,3697,136,40.4,0.285110235,0.5625,51.3750076,49.1250038,99.99827,26.3110237,10.56974,71.3407745,9.654964,5.22579956,64.88219,38.5,0.25,0,55,0,85,0.416,1.01,16,16,16,32,48,30,295,160,130,0,0,0,16,38,0.25,0,55,0,85,0.416,1.01,16,16,16,32,48,30,295,160,130,0,0,0,16,512,-1,485.785156,477.917969,7.8671875,7.6015625,7611.34961,7618.951,0,0,0,0,0,0,0,0,0,0,4.2274394,7,505,600,1200,3000,50,0.940000057,1.30500007,0,2,16,47,2670,10451.9824,0,0,0,0,8,3,0,1,18.931,28.229,0.975,11800.0664,419.671875,7.75473833,0,0,0,0.00460756849,0,0,0,0,0,0,0,0,0,56.5625,54,16376,4275,12100,73.89303,57.45,99328,409099264
05/28/2026 19:21:32,41,54,0,50,55,45,45,45,45,65,12.144001,5.04,1.312,1.396,0.994,0.320000023,0.672000051,3.292,2.046,0,3.37600017,3.37600017,3.124,51,45.5,46,44.5,904,675,0,798,696,0,0,0,0,0,21.88,9.38,9.38,6.25,4.69,18.75,6.25,4.69,10.16,21.88,35.66943,4000,440,5050,1073,50.5,1.17966628,0.55,4040,471,40.4,0.7007884,0.55,3166,211,33.6666679,0.38486284,0.55,3210,210,33.6666679,0.366341,0.55,3874,307,40.4,0.49992764,0.55,5050,939,50.5,1.15715635,0.55625,3806,164,40.4,0.3262127,0.55625,3800,141,40.4,0.300467521,0.55625,51.3750076,46.8750038,99.99826,26.3094826,10.5712814,71.33659,9.652943,5.22782135,64.8686,38.5,0.25,0,55,0,85,0.416,1.01,16,16,16,32,48,30,295,160,130,0,0,0,16,38,0.25,0,55,0,85,0.416,1.01,16,16,16,32,48,30,295,160,130,0,0,0,16,512,-1,485.785156,477.917969,7.8671875,7.6015625,7611.34961,7618.951,0,0,0,0,0,0,0,0,0,0,4.310252,7,505,600,1200,3000,50,0.965000033,1.30500007,0,3,17,46,2670,10451.9824,0,0,0,0,8,3,0,1,19.361,29.185,0.975,11800.0664,419.671875,7.77883625,0,0,0,0.006847726,0,0,0,0,0,0,0,0,0,56.6875,54,16376,4275,12100,73.89303,58.575,799744,444649472
05/28/2026 19:21:34,41,54,0,50,55,45,45,45,45,65,12.144001,5.04,1.312,1.396,0.98,0.328,0.672000051,3.292,2.046,0,3.37200022,3.37200022,3.124,51,45.5,46,45,904,674,0,809,695,0,0,0,0,0,21.88,6.25,3.08,1.54,3.12,10.94,1.54,3.08,6.43,21.88,35.74173,4145,456,4040,1202,40.4,1.27210188,0.50625,5050,456,50.5,0.722822666,0.50625,4752,237,50.5,0.405602366,0.54375,3790,200,40.4,0.3631104,0.54375,3900,309,40.4,0.513993,0.54375,4040,918,40.4,1.1827184,0.53125,3841,175,40.4,0.3361405,0.53125,3747,149,40.4,0.299781352,0.53125,51.5000076,46.8750038,99.99825,26.34402,10.5367432,71.4302444,9.683323,5.197441,65.0727539,38.5,0.25,0,55,0,85,0.416,1.01,16,16,16,32,48,30,295,160,130,0,0,0,16,38,0.25,0,55,0,85,0.416,1.01,16,16,16,32,48,30,295,160,130,0,0,0,16,512,-1,485.785156,477.917969,7.8671875,7.6015625,7611.34961,7618.951,0,0,0,0,0,0,0,0,0,0,4.410391,7,505,600,1200,3000,50,1.06000006,1.30500007,0,7,17,46,2670,10451.9824,0,0,0,0,8,4,0,1,19.359,28.125,0.975,11800.0664,419.671875,7.761262,0,0,0,0.00557412766,0,0,0,0,0,0,0,0,0,56.84375,54,16376,4275,12100,73.89303,59.358,849920,333199360
05/28/2026 19:21:36,41,54,0,50,55,45,45,45,45,65,12.144001,5.04,1.31000006,1.396,0.98,0.332000017,0.672000051,3.288,2.046,0,3.37200022,3.37200022,3.124,51,45.5,46,45,912,675,0,792,712,0,0,0,0,0,18.75,9.38,6.35,3.17,7.81,25,4.76,6.35,10.2,25,35.3046341,3844,399,5050,1065,50.5,1.135186,0.58125,3973,360,40.4,0.5793819,0.56875,3809,211,40.4,0.37238887,0.56875,3769,156,40.4,0.31718564,0.56875,3827,261,40.4,0.42070505,0.56875,4040,880,40.4,1.10285807,0.56875,3145,139,33.6666679,0.286919326,0.56875,3136,118,33.6666679,0.263971925,0.56875,51.3750076,46.8750038,99.99826,26.3093872,10.5713768,71.33634,9.655609,5.225155,64.88651,38.5,0.25,0,55,0,85,0.416,1.01,16,16,16,32,48,30,295,160,130,0,0,0,16,38,0.25,0,55,0,85,0.416,1.01,16,16,16,32,48,30,295,160,130,0,0,0,16,512,-1,485.785156,477.917969,7.8671875,7.6015625,7611.34961,7618.951,0,0,0,0,0,0,0,0,0,0,4.283402,7,505,600,1200,3000,50,0.969000041,1.30500007,0,1,16,46,2670,10451.9824,0,0,0,0,9,4,0,1,19.004,28.105,0.975,11800.0664,419.671875,7.78440475,0,0,0,0.0101878988,0,0,0,0,0,0,0,0,0,57,56,16376,4275,12100,73.89303,57.981,849920,369249280
05/28/2026 19:21:38,41,54,0,50,55,45,45,45,45,65,12.144001,5.04,1.312,1.396,0.984,0.336000025,0.672000051,3.292,2.046,0,3.37600017,3.37200022,3.124,51,45.5,46,45,913,676,0,808,695,0,0,0,0,0,14.29,4.76,3.12,3.12,6.35,11.11,3.12,3.12,6.13,14.29,35.6491241,4236,424,4850,1130,48.5,1.22865832,0.5375,4850,437,48.5,0.672660768,0.5375,3835,230,40.4,0.39133513,0.6,3790,189,40.4,0.350724,0.6,3894,292,40.4,0.4669131,0.6,4040,785,40.4,1.04944348,0.6,4712,151,50.5,0.3098601,0.6,3913,180,40.4,0.317741036,0.6,51.5000076,47.3750038,99.99826,26.3418846,10.5388794,71.42445,9.685741,5.19502258,65.0890045,38.5,0.25,0,55,0,85,0.416,1.01,16,16,16,32,48,30,295,160,130,0,0,0,16,38,0.25,0,55,0,85,0.416,1.01,16,16,16,32,48,30,295,160,130,0,0,0,16,512,-1,485.785156,477.917969,7.8671875,7.6015625,7611.34961,7618.951,0,0,0,0,0,0,0,0,0,0,4.269682,7,505,600,1200,3000,50,0.965000033,1.30500007,0,2,17,46,2670,10451.9824,0,0,0,0,8,3,0,1,19.401,28.298,0.975,11800.0664,419.671875,7.777186,0,0,0,0.00675627729,0,0,0,0,0,0,0,0,0,57.0625,56,16376,4275,12100,73.89303,57.847,849920,409449472
05/28/2026 19:21:40,41,54,0,50,55,46,46,46,46,65,12.12,5.04,1.312,1.396,0.978000045,0.322000027,0.672000051,3.292,2.046,0,3.37600017,3.37200022,3.124,52,46,46,45,901,675,0,809,696,0,0,0,0,0,23.44,7.81,4.69,3.12,4.69,29.69,3.12,1.56,9.77,29.69,36.8619041,4286,559,5050,1145,50.5,1.34938514,0.55,5050,523,50.5,0.786579251,0.5625,4040,344,40.4,0.4959871,0.5625,4040,289,40.4,0.442159027,0.5625,4018,374,40.4,0.570672,0.5625,4040,1359,40.4,1.469452,0.5625,4008,218,40.4,0.375316441,0.5625,4040,221,40.4,0.368302733,0.5625,52.7500076,48.8750038,99.99828,26.377491,10.503273,71.5209961,9.712051,5.16871262,65.26581,38.5,0.25,0,55,0,85,0.416,1.01,16,16,16,32,48,30,295,160,130,0,0,0,16,38,0.25,0,55,0,85,0.416,1.01,16,16,16,32,48,30,295,160,130,0,0,0,16,512,-1,485.785156,477.917969,7.8671875,7.6015625,7611.34961,7618.951,0,0,0,0,0,0,0,0,0,0,4.28122044,7,505,600,1200,3000,50,1.04000008,1.30500007,0,17,19,47,2670,10451.9824,0,0,0,0,8,3,0,1,19.665,28.758,0.975,11800.0664,419.671875,7.778135,0,0,0,0.0116421888,0,0,0,0,0,0,0,0,0,57.21875,56,16376,4275,12100,73.89303,59.448,799744,4.445993E+08
05/28/2026 19:21:42,42,55,0,51,55,47,47,47,47,66,12.12,5.04,1.312,1.396,0.978000045,0.320000023,0.672000051,3.292,2.046,0,3.37600017,3.37600017,3.124,52,46,46,45,928,681,0,810,713,0,0,0,0,0,18.75,10.94,3.17,4.76,6.35,20.31,1.59,6.35,9.03,20.31,35.8164749,3800,434,4850,968,48.5,1.20289564,0.6375,4850,429,48.5,0.7052285,0.6375,3046,207,32.3333321,0.379480541,0.6375,3024,172,32.3333321,0.339481,0.6375,3224,264,33.6666679,0.469691,0.6375,5050,1120,50.5,1.22143614,0.54375,3161,155,33.6666679,0.315826625,0.54375,3192,159,33.6666679,0.3107287,0.54375,52.3750076,47.3750038,99.9982758,26.3696976,10.5110664,71.49986,9.705727,5.17503738,65.22331,38.5,0.25,0,55,0,85,0.416,1.01,16,16,16,32,48,30,295,160,130,0,0,0,16,38,0.25,0,55,0,85,0.416,1.01,16,16,16,32,48,30,295,160,130,0,0,0,16,512,-1,485.785156,477.917969,7.8671875,7.6015625,7611.34961,7618.951,0,0,0,0,0,0,0,0,0,0,4.27912664,7,505,600,1200,3000,50,0.969000041,1.30500007,0,3,17,46,2670,10451.9824,0,0,0,0,8,4,0,1,19.281,28.097,0.975,11800.0664,419.671875,7.864501,0,0,0,0.004717902,0,0,0,0,0,0,0,0,0,57.375,54,16376,4275,12100,73.89303,59.059,849920,256999424
05/28/2026 19:21:44,42,55,0,51,56,47,47,47,47,66,12.144001,5.04,1.312,1.396,0.998,0.324,0.672000051,3.292,2.046,0,3.37200022,3.37200022,3.124,52,45.5,46,45,947,713,0,792,715,0,0,0,0,0,17.19,6.25,4.69,1.56,6.25,12.5,6.25,3.12,7.23,17.19,35.8252449,4131,436,5050,1000,50.5,1.22107148,0.55,4040,418,40.4,0.696103156,0.55,4853,256,50.5,0.421383083,0.55,3773,171,40.4,0.3431404,0.55,3802,244,40.4,0.469028324,0.55,4040,1101,40.4,1.21642423,0.54375,3773,155,40.4,0.322961748,0.54375,3717,142,40.4,0.2983371,0.54375,52.1250076,48.0000038,99.99827,26.4001389,10.4806252,71.58241,9.733135,5.147629,65.4075,38.5,0.25,0,55,0,85,0.416,1.01,16,16,16,32,48,30,295,160,130,0,0,0,16,38,0.25,0,55,0,85,0.416,1.01,16,16,16,32,48,30,295,160,130,0,0,0,16,512,-1,485.785156,477.917969,7.8671875,7.6015625,7611.34961,7618.951,0,0,0,0,0,0,0,0,0,0,4.235528,7,505,600,1200,3000,49,0.955000043,1.30500007,0,2,17,46,2670,10451.9824,0,0,0,0,9,4,0,1,19.077,27.763,0.975,11800.0664,419.671875,7.83963346,0,0,0,0.00780794164,0,0,0,0,0,0,0,0,0,57.4375,56,16376,4275,12100,73.89303,57.859,849920,3.686492E+08
05/28/2026 19:21:46,42,55,0,51,56,47,47,47,47,66,12.12,5.04,1.312,1.396,0.988000035,0.326,0.672000051,3.292,2.046,0,3.37200022,3.37200022,3.124,51,45.5,46,44.5,936,714,0,809,729,0,0,0,0,0,23.44,6.25,4.69,3.17,4.69,14.06,1.59,3.17,7.63,23.44,35.84607,3583,428,4850,1043,48.5,1.22488689,0.6375,3233,419,32.3333321,0.6681841,0.6375,3068,212,32.3333321,0.3870378,0.6375,3038,180,32.3333321,0.343047142,0.6375,3094,261,32.3333321,0.469049066,0.6375,5050,1003,50.5,1.143042,0.5375,3149,145,33.6666679,0.303173453,0.5375,3183,158,33.6666679,0.3078597,0.5375,51.8750076,46.8750038,99.9982758,26.3707733,10.5099907,71.5027847,9.705551,5.175213,65.22213,38.5,0.25,0,55,0,85,0.416,1.01,16,16,16,32,48,30,295,160,130,0,0,0,16,38,0.25,0,55,0,85,0.416,1.01,16,16,16,32,48,30,295,160,130,0,0,0,16,512,-1,485.785156,477.917969,7.8671875,7.6015625,7611.34961,7618.951,0,0,0,0,0,0,0,0,0,0,4.23995352,7,505,600,1200,3000,50,1.0250001,1.30500007,0,5,17,46,2670,10451.9824,0,0,0,0,8,3,0,1,19.718,28.794,0.975,11800.0664,419.671875,7.811141,0,0,0,0.004559702,0,0,0,0,0,0,0,0,0,57.5625,56,16376,4275,12100,73.89303,58.873,849920,3.334994E+08
05/28/2026 19:21:48,42,54,0,51,56,47,47,47,47,65,12.144001,5.04,1.312,1.396,0.986000061,0.33,0.672000051,3.292,2.046,0,3.37600017,3.37200022,3.124,51,46,46,45,934,686,0,811,715,0,0,0,0,0,17.19,7.81,6.35,4.76,4.69,28.12,1.59,1.59,9.01,28.12,35.80874,3781,446,5050,1068,50.5,1.294126,0.55625,4040,433,40.4,0.758597553,0.55625,3820,226,40.4,0.404244572,0.55625,3145,185,33.6666679,0.3437453,0.55625,3855,272,40.4,0.4852378,0.55625,4040,1111,40.4,1.21763074,0.55625,3130,124,33.6666679,0.3021434,0.55625,3166,153,33.6666679,0.309884816,0.55625,51.7500076,46.8750038,99.99826,26.3960228,10.4847412,71.57124,9.730953,5.149811,65.39284,38.5,0.25,0,55,0,85,0.416,1.01,16,16,16,32,48,30,295,160,130,0,0,0,16,37.75,0.25,0,55,0,85,0.416,1.01,16,16,16,32,48,30,295,160,130,0,0,0,16,512,-1,485.785156,477.917969,7.8671875,7.6015625,7611.34961,7618.951,0,0,0,0,0,0,0,0,0,0,4.26686144,7,505,600,1200,3000,50,0.979000032,1.30500007,0,1,17,46,2670,10451.9824,0,0,0,0,8,3,0,1,19.552,28.775,0.975,11800.0664,419.671875,7.867941,0,0,0,0.007921723,0,0,0,0,0,0,0,0,0,57.71875,56,16376,4275,12100,73.89303,60.187,849920,367849472
05/28/2026 19:21:50,41,55,0,50,55,46,46,46,46,65,12.144001,5.04,1.312,1.396,0.978000045,0.320000023,0.672000051,3.292,2.046,0,3.37600017,3.37200022,3.124,51,46,46,45,909,710,0,812,708,0,0,0,0,0,18.75,10.94,3.08,3.08,3.12,18.75,3.08,1.54,7.79,18.75,35.7620239,4370,450,5050,1033,50.5,1.22483432,0.5375,4040,467,40.4,0.6973629,0.5375,3805,239,40.4,0.4064832,0.5375,4785,204,50.5,0.3710416,0.5375,4732,283,50.5,0.476332068,0.5375,5050,1054,50.5,1.19255662,0.51875,3735,162,40.4,0.331036717,0.51875,3759,154,40.4,0.318670183,0.51875,51.7500076,46.8750038,99.99825,26.3971825,10.4835815,71.5743942,9.73204,5.1487236,65.40014,38.5,0.25,0,55,0,85,0.416,1.01,16,16,16,32,48,30,295,160,130,0,0,0,16,38,0.25,0,55,0,85,0.416,1.01,16,16,16,32,48,30,295,160,130,0,0,0,16,512,-1,485.785156,477.917969,7.8671875,7.6015625,7611.34961,7618.951,0,0,0,0,0,0,0,0,0,0,4.245485,7,505,600,1200,3000,50,0.969000041,1.30500007,0,1,17,47,2670,10451.9824,0,0,0,0,9,4,0,1,19.187,28.328,0.975,11800.0664,419.671875,8.748991,0,0,0,0.00560951559,0,0,0,0,0,0,0,0,0,57.9375,56,16376,4275,12100,73.89303,59.171,849920,5.427999E+08
05/28/2026 19:21:52,42,55,0,50,55,46,46,46,46,65,12.144001,5.04,1.31000006,1.396,0.984,0.328,0.672000051,3.288,2.046,0,3.37200022,3.37200022,3.12000012,51,46,46,45,921,713,0,810,701,0,0,0,0,0,21.54,12.31,3.08,4.55,7.69,23.08,1.52,4.55,9.79,23.08,35.86158,4050,463,5050,1069,50.5,1.26922357,0.54375,4040,495,40.4,0.747109354,0.54375,3884,239,40.4,0.41546613,0.54375,3833,188,40.4,0.355312645,0.54375,3873,310,40.4,0.5095709,0.54375,4040,1054,40.4,1.18962824,0.54375,3848,172,40.4,0.3340535,0.54375,3831,178,40.4,0.329081148,0.54375,51.8750076,46.8750038,99.99826,26.3699532,10.5108109,71.5005646,9.706436,5.174328,65.22807,38.5,0.25,0,55,0,85,0.416,1.01,16,16,16,32,48,30,295,160,130,0,0,0,16,37.75,0.25,0,55,0,85,0.416,1.01,16,16,16,32,48,30,295,160,130,0,0,0,16,512,-1,485.785156,477.917969,7.8671875,7.6015625,7611.34961,7618.951,0,0,0,0,0,0,0,0,0,0,4.41694927,7,505,600,1200,3000,50,0.974000037,1.30500007,0,1,16,47,2670,10451.9824,0,0,0,0,9,4,0,1,19.189,19.421,0.975,11800.0664,419.765625,8.30586052,0,0,0,0.0167291928,0,0,0,0,0,0.009122313,0,0,0,57.96875,58,16376,4275,12100,73.89303,58.307,1499136,2.708992E+08
05/28/2026 19:21:54,41,55,0,50,55,45,45,45,45,65,12.12,5.04,1.31000006,1.396,0.9760001,0.324,0.672000051,3.288,2.046,0,3.37200022,3.37200022,3.12000012,51,45.5,46,45,907,684,0,798,698,0,0,0,0,0,20.31,12.5,7.94,3.17,7.81,23.44,1.59,3.17,9.99,23.44,35.6817,3872,417,4850,963,48.5,1.18112314,0.6375,4850,417,48.5,0.656613052,0.6375,3021,176,32.3333321,0.345025718,0.6375,3061,166,32.3333321,0.332841069,0.6375,3850,274,40.4,0.451466382,0.64375,5050,1073,50.5,1.1772542,0.55625,3128,130,33.6666679,0.284164816,0.54375,3168,137,33.6666679,0.281223357,0.54375,51.7500076,46.8750038,99.9982758,26.3975,10.4832649,71.57525,9.73086548,5.14989853,65.39224,38.5,0.25,0,55,0,85,0.416,1.01,16,16,16,32,48,30,295,160,130,0,0,0,16,37.75,0.25,0,55,0,85,0.416,1.01,16,16,16,32,48,30,295,160,130,0,0,0,16,512,-1,485.785156,477.917969,7.8671875,7.6015625,7611.34961,7618.951,0,0,0,0,0,0,0,0,0,0,4.17906761,7,505,600,1200,3000,50,1.04500008,1.30500007,0,10,18,47,2670,10451.9824,0,0,0,0,8,3,0,1,19.58,28.178,0.975,11800.0664,419.765625,7.745528,0,0,0,0.00725828437,0,0,0,0,0,0,0,0,0,58.15625,56,16376,4275,12100,73.89303,59.426,849920,306899968
05/28/2026 19:21:56,41,54,0,50,55,45,45,45,45,65,12.12,5.04,1.31000006,1.39200008,0.974000037,0.328,0.672000051,3.288,2.046,0,3.37200022,3.37200022,3.12000012,51,45.5,46,45,909,679,0,811,712,0,0,0,0,0,10.94,6.25,6.25,1.56,1.56,10.94,1.56,0,4.88,10.94,35.4530067,4257,390,5050,967,50.5,1.13559663,0.55,4940,383,50.5,0.5940645,0.5625,3810,223,40.4,0.3626314,0.5625,3763,150,40.4,0.2932076,0.5625,3785,259,40.4,0.4465904,0.5625,5050,869,50.5,1.05856431,0.5625,3782,121,40.4,0.271526963,0.5625,3879,150,40.4,0.281664938,0.54375,51.6250076,49.8750038,99.99826,26.3663063,10.5144577,71.49067,9.697548,5.183216,65.16835,38.5,0.25,0,55,0,85,0.416,1.01,16,16,16,32,48,30,295,160,130,0,0,0,16,37.75,0.25,0,55,0,85,0.416,1.01,16,16,16,32,48,30,295,160,130,0,0,0,16,512,-1,485.785156,477.917969,7.8671875,7.6015625,7611.34961,7618.951,0,0,0,0,0,0,0,0,0,0,4.24547,7,505,600,1200,3000,49,0.965000033,1.30500007,0,0,17,47,2670,10451.9824,0,0,0,0,8,3,0,1,19.267,21.395,0.975,11800.0664,419.765625,7.383957,0,0,0,0.007161898,0,0,0,0,0,0,0,0,0,58.3125,56,16376,4275,12100,73.89303,58.603,149504,4.093993E+08
05/28/2026 19:21:58,41,54,0,50,55,45,45,45,45,65,12.144001,5.04,1.312,1.396,0.9760001,0.33,0.672000051,3.292,2.046,0,3.37600017,3.37200022,3.124,51,46,46,45,909,677,0,809,713,0,0,0,0,0,18.75,7.81,3.12,0,1.56,20.31,1.56,0,6.64,20.31,35.7715149,4261,427,5050,980,50.5,1.17656636,0.55625,5033,441,50.5,0.6682281,0.55625,4793,214,50.5,0.3805443,0.55,3770,177,40.4,0.3285186,0.55,3864,288,40.4,0.479897648,0.55625,4040,1040,40.4,1.16617739,0.55625,3775,147,40.4,0.3032922,0.55625,3765,132,40.4,0.291234076,0.55625,51.6250076,47.3750038,99.99826,26.3970566,10.4837074,71.57405,9.73191452,5.14884949,65.39929,38.5,0.25,0,55,0,85,0.416,1.01,16,16,16,32,48,30,295,160,130,0,0,0,16,37.75,0.25,0,55,0,85,0.416,1.01,16,16,16,32,48,30,295,160,130,0,0,0,16,512,-1,485.785156,477.917969,7.8671875,7.6015625,7611.34961,7618.951,0,0,0,0,0,0,0,0,0,0,4.1454463,7,505,600,1200,3000,50,0.965000033,1.30500007,0,1,17,47,2670,10451.9824,0,0,0,0,8,3,0,1,19.025,27.335,0.975,11800.0664,419.765625,7.429938,0,0,0,0.008428892,0,0,0,0,0,0,0,0,0,58.375,56,16376,4275,12100,73.89303,57.18,4249600,225899520
05/28/2026 19:22:00,41,54,0,50,55,45,45,45,45,65,12.144001,5.04,1.312,1.396,0.98,0.322000027,0.672000051,3.292,2.046,0,3.37200022,3.37200022,3.124,51,46,46,45,902,677,0,808,696,0,0,0,0,0,21.88,4.69,1.56,1.56,1.56,15.62,0,0,5.86,21.88,35.46102,3856,400,5050,976,50.5,1.13305831,0.56875,3974,350,40.4,0.56731,0.53125,3862,221,40.4,0.3645243,0.53125,3840,183,40.4,0.3228699,0.53125,3800,252,40.4,0.409608781,0.53125,4040,951,40.4,1.10956419,0.53125,3129,127,33.6666679,0.267718464,0.53125,3155,136,33.6666679,0.263883173,0.53125,51.3750076,46.8750038,99.99826,26.36773,10.5130348,71.49453,9.700096,5.180668,65.18547,38.5,0.25,0,55,0,85,0.416,1.01,16,16,16,32,48,30,295,160,130,0,0,0,16,37.75,0.25,0,55,0,85,0.416,1.01,16,16,16,32,48,30,295,160,130,0,0,0,16,512,-1,485.785156,477.917969,7.8671875,7.6015625,7611.34961,7618.951,0,0,0,0,0,0,0,0,0,0,4.309297,7,505,600,1200,3000,50,0.950000048,1.30500007,0,1,17,47,2670,10451.9824,0,0,0,0,8,4,0,1,19.573,23.336,0.975,11800.0664,419.9961,7.415283,0,0,0,0.007738123,0,0,0,0,0,0.00712510338,0,0,0,58.53125,58,16376,4275,12100,73.89303,57.798,849920,336749568
05/28/2026 19:22:02,41,54,0,50,55,45,45,45,45,65,12.12,5.04,1.312,1.396,0.982000053,0.328,0.672000051,3.292,2.046,0,3.37200022,3.37200022,3.124,51,46,46,45,902,676,0,807,713,0,0,0,0,0,14.06,4.69,1.59,0,7.81,15.62,1.59,3.17,6.07,15.62,35.8342056,3700,430,5050,1004,50.5,1.21862924,0.5875,4040,438,40.4,0.6831018,0.5875,3209,213,33.6666679,0.368989617,0.5875,3184,174,33.6666679,0.336379737,0.5875,3808,268,40.4,0.4668039,0.5875,4040,1049,40.4,1.16517651,0.58125,3155,163,33.6666679,0.315447956,0.58125,3118,131,33.6666679,0.290306777,0.58125,51.6250076,46.8750038,99.99827,26.368969,10.511795,71.4978943,9.703297,5.17746735,65.2069855,38.5,0.25,0,55,0,85,0.416,1.01,16,16,16,32,48,30,295,160,130,0,0,0,16,37.75,0.25,0,55,0,85,0.416,1.01,16,16,16,32,48,30,295,160,130,0,0,0,16,512,-1,485.785156,477.917969,7.8671875,7.6015625,7611.34961,7618.951,0,0,0,0,0,0,0,0,0,0,4.16318369,7,505,600,1200,3000,50,1.06000006,1.30500007,0,18,18,47,2670,10451.9824,0,0,0,0,8,3,0,1,19.932,22.817,0.975,11800.0664,419.9961,7.439088,0,0,0,0.008446953,0,0,0,0,0,0,0,0,0,58.625,56,16376,4275,12100,73.89303,59.534,899072,3.165993E+08
05/28/2026 19:22:04,41,55,0,50,55,45,45,45,45,65,12.12,5.04,1.312,1.396,0.982000053,0.334000021,0.672000051,3.292,2.046,0,3.37600017,3.37200022,3.124,51,46,46,45,913,683,0,806,713,0,0,0,0,0,14.06,10.94,3.12,6.25,4.69,17.19,1.56,3.12,7.62,17.19,35.56298,4596,421,5050,992,50.5,1.19854045,0.525,4989,397,50.5,0.6986386,0.525,3801,231,40.4,0.379164845,0.525,3769,168,40.4,0.317186266,0.525,4760,266,50.5,0.455546349,0.51875,5050,1043,50.5,1.16709709,0.51875,4674,137,50.5,0.285254657,0.51875,4674,136,50.5,0.274284273,0.51875,51.5000076,47.3750038,99.99827,26.3994484,10.4813156,71.5805359,9.730709,5.150055,65.39119,38.5,0.25,0,55,0,85,0.416,1.01,16,16,16,32,48,30,295,160,130,0,0,0,16,37.75,0.25,0,55,0,85,0.416,1.01,16,16,16,32,48,30,295,160,130,0,0,0,16,512,-1,485.785156,477.917969,7.8671875,7.6015625,7611.34961,7618.951,0,0,0,0,0,0,0,0,0,0,4.294953,7,505,600,1200,3000,50,0.965000033,1.30500007,0,3,17,47,2670,10451.9824,0,0,0,0,8,3,0,1,19.081,23.214,0.975,11800.0664,419.9961,7.35758352,0,0,0,0.00633356953,0,0,0,0,0,0,0,0,0,58.78125,56,16376,4275,12100,73.89303,58.231,799744,407499776
05/28/2026 19:22:06,41,55,0,50,55,45,45,45,45,65,12.12,5.04,1.31000006,1.39200008,0.992000043,0.328,0.672000051,3.288,2.046,0,3.37200022,3.36800027,3.12000012,51,45.5,46,45,913,711,0,807,695,0,0,0,0,0,15.62,14.06,1.56,1.54,6.25,18.75,1.54,0,7.42,18.75,36.22477,4126,481,4040,1059,40.4,1.32762885,0.55625,4040,545,40.4,0.8288849,0.55625,3824,239,40.4,0.440122426,0.55625,4831,219,50.5,0.384841084,0.55625,3787,279,40.4,0.524602056,0.55625,5050,1235,50.5,1.33428359,0.55625,3727,131,40.4,0.313848346,0.55625,3711,144,40.4,0.31313628,0.55625,51.6250076,47.3750038,99.99826,26.3695412,10.5112228,71.49944,9.700893,5.17987061,65.19083,38.5,0.25,0,55,0,85,0.416,1.01,16,16,16,32,48,30,295,160,130,0,0,0,16,37.75,0.25,0,55,0,85,0.416,1.01,16,16,16,32,48,30,295,160,130,0,0,0,16,512,-1,485.785156,477.917969,7.8671875,7.6015625,7611.34961,7618.951,0,0,0,0,0,0,0,0,0,0,4.391505,7,505,600,1200,3000,50,0.969000041,1.30500007,0,1,16,48,2670,10451.9824,0,0,0,0,8,4,0,1,19.293,24.301,0.975,11800.0664,419.9961,7.42710543,0,0,0,0.00667830929,0,0,0,0,0,0,0,0,0,58.875,56,16376,4275,12100,73.89303,57.289,149504,334449664
05/28/2026 19:22:08,41,54,0,50,55,45,45,45,45,65,12.12,5.04,1.31000006,1.39200008,0.990000069,0.320000023,0.672000051,3.288,2.046,0,3.37200022,3.37200022,3.124,51,45.5,46,45,904,703,0,797,713,0,0,0,0,0,10.94,9.38,0,0,1.56,17.19,0,1.56,5.08,17.19,35.72855,4113,443,4040,943,40.4,1.19866073,0.53125,4999,447,50.5,0.693117142,0.53125,3784,235,40.4,0.404758453,0.53125,3755,201,40.4,0.3598226,0.53125,3829,298,40.4,0.4849836,0.53125,5050,1134,50.5,1.20751357,0.53125,3715,147,40.4,0.318608224,0.53125,3734,138,40.4,0.308386743,0.53125,51.7500076,46.8750038,99.9982452,26.3984489,10.4823151,71.57783,9.72953,5.15123367,65.38327,38.5,0.25,0,55,0,85,0.416,1.01,16,16,16,32,48,30,295,160,130,0,0,0,16,37.75,0.25,0,55,0,85,0.416,1.01,16,16,16,32,48,30,295,160,130,0,0,0,16,512,-1,485.785156,477.917969,7.8671875,7.6015625,7611.34961,7618.951,0,0,0,0,0,0,0,0,0,0,4.30416632,7,505,600,1200,3000,50,1.0250001,1.30500007,0,6,16,48,2670,10451.9824,0,0,0,0,9,4,0,1,19.82,22.582,0.975,11800.0664,419.9961,8.205128,0,0,0,0.008359294,0,0,0,0,0,0,0,0,0,59.0625,58,16376,4275,12100,73.89303,59.023,849920,364149760
05/28/2026 19:22:10,41,54,0,50,55,45,45,45,45,65,12.12,5.04,1.312,1.396,0.990000069,0.320000023,0.672000051,3.292,2.046,0,3.37600017,3.37200022,3.124,51,46,46,45,914,702,0,791,713,0,0,0,0,0,20.31,7.81,1.56,3.17,4.69,14.06,1.59,0,6.65,20.31,35.5654564,4058,457,5050,972,50.5,1.15429866,0.625,5050,462,50.5,0.6956451,0.5875,3778,239,40.4,0.3991145,0.5875,3814,197,40.4,0.350459456,0.5875,3815,295,40.4,0.4566533,0.5875,4040,1144,40.4,1.27827382,0.5875,3753,171,40.4,0.3196486,0.5875,3160,174,33.6666679,0.322091579,0.5875,51.6250076,46.8750038,99.99825,26.31287,10.567894,71.34578,9.654579,5.226185,64.87959,38.5,0.25,0,55,0,85,0.416,1.01,16,16,16,32,48,30,295,160,130,0,0,0,16,37.75,0.25,0,55,0,85,0.416,1.01,16,16,16,32,48,30,295,160,130,0,0,0,16,512,-1,485.785156,477.917969,7.8671875,7.6015625,7611.34961,7618.951,0,0,0,0,0,0,0,0,0,0,4.247465,7,505,600,1200,3000,50,1.03500009,1.30500007,0,0,17,48,2670,10451.9824,0,0,0,0,8,3,0,1,19.728,21.45,0.975,11800.0664,419.9961,8.082454,0,0,0,0.00328214583,0,0,0,0,0,0,0,0,0,59.0625,58,16376,4275,12100,73.89303,59.567,849920,412749824
05/28/2026 19:22:12,41,55,0,50,55,45,45,45,45,65,12.144001,5.04,1.312,1.396,0.994,0.326,0.672000051,3.292,2.046,0,3.37600017,3.37600017,3.124,51,46,46,45,909,709,0,798,697,0,0,0,0,0,20,4.62,0,1.54,1.52,15.38,1.54,0,5.57,20,35.7024879,4700,446,4850,1013,48.5,1.19424868,0.54375,4850,464,48.5,0.6887858,0.54375,4682,255,48.5,0.411227554,0.54375,4586,185,48.5,0.346266776,0.54375,4667,302,48.5,0.499321938,0.54375,4850,1040,48.5,1.22582972,0.54375,4542,161,48.5,0.3184381,0.54375,4571,149,48.5,0.310871363,0.54375,51.6250076,46.8750038,99.99825,26.3399925,10.5407715,71.41933,9.678188,5.20257568,65.03825,38.5,0.25,0,55,0,85,0.416,1.01,16,16,16,32,48,30,295,160,130,0,0,0,16,37.75,0.25,0,55,0,85,0.416,1.01,16,16,16,32,48,30,295,160,130,0,0,0,16,512,-1,485.785156,477.917969,7.8671875,7.6015625,7611.34961,7618.951,0,0,0,0,0,0,0,0,0,0,4.33194637,7,505,600,1200,3000,50,0.974000037,1.30500007,0,1,17,48,2670,10451.9824,0,0,0,0,8,3,0,1,19.127,26.425,0.975,11800.0664,419.9961,7.97977257,0,0,0,0.0079362765,0,0,0,0,0,0,0,0,0,59.1875,58,16376,4275,12100,73.89303,58.002,1449984,3.663995E+08
05/28/2026 19:22:14,41,55,0,50,55,45,45,45,45,65,12.12,5.04,1.312,1.396,0.988000035,0.332000017,0.672000051,3.288,2.046,0,3.37200022,3.37200022,3.124,51,45.5,46,45,907,685,0,809,696,0,0,0,0,0,20.31,4.69,6.25,3.12,3.12,18.75,3.12,4.69,8.01,20.31,35.80517,4159,458,4040,1046,40.4,1.20732892,0.5125,5050,458,50.5,0.7404117,0.5125,3847,229,40.4,0.402280271,0.5125,3805,165,40.4,0.337877,0.5125,3903,291,40.4,0.4978829,0.5125,5050,1159,50.5,1.29183757,0.55,3752,141,40.4,0.2977113,0.55,3825,173,40.4,0.3061605,0.55,51.6250076,50.0000038,99.99827,26.3434067,10.5373573,71.42858,9.683815,5.196949,65.0760651,38.5,0.25,0,55,0,85,0.416,1.01,16,16,16,32,48,30,295,160,130,0,0,0,16,37.75,0.25,0,55,0,85,0.416,1.01,16,16,16,32,48,30,295,160,130,0,0,0,16,512,-1,485.785156,477.917969,7.8671875,7.6015625,7611.34961,7618.951,0,0,0,0,0,0,0,0,0,0,4.142897,7,505,600,1200,3000,50,1.03000009,1.30500007,0,9,17,48,2670,10451.9824,0,0,0,0,9,4,0,1,19.483,26.087,0.975,11800.0664,419.9961,8.123165,0,0,0,0.0106989564,0,0,0,0,0,0,0,0,0,59.4375,56,16376,4275,12100,73.89303,58.175,849920,3.311493E+08
05/28/2026 19:22:16,41,54,0,50,55,45,45,45,45,65,12.12,5.04,1.312,1.396,0.990000069,0.338000029,0.672000051,3.288,2.046,0,3.37600017,3.37200022,3.124,51,46,46,45,899,677,0,791,713,0,0,0,0,0,20.31,9.38,6.15,1.54,9.23,28.12,3.08,3.08,10.11,28.12,35.9353676,4158,461,4040,853,40.4,1.12269151,0.50625,5050,509,50.5,0.7212308,0.50625,3792,224,40.4,0.4103782,0.50625,3814,206,40.4,0.372656375,0.50625,4848,296,50.5,0.50755465,0.50625,4040,1224,40.4,1.29789042,0.53125,3777,175,40.4,0.3402791,0.53125,3899,201,40.4,0.339416116,0.53125,51.6250076,47.6250038,99.99827,26.3147545,10.5660095,71.35089,9.656845,5.223919,64.89482,38.5,0.25,0,55,0,85,0.416,1.01,16,16,16,32,48,30,295,160,130,0,0,0,16,37.75,0.25,0,55,0,85,0.416,1.01,16,16,16,32,48,30,295,160,130,0,0,0,16,512,-1,485.785156,477.917969,7.8671875,7.6015625,7611.34961,7618.951,0,0,0,0,0,0,0,0,0,0,4.225164,7,505,600,1200,3000,50,0.974000037,1.30500007,0,5,17,48,2670,10451.9824,0,0,0,0,9,4,0,1,20.004,29.3,0.975,11800.0664,419.765625,8.006008,0,0,0,0.010612268,0,0,0,0,0,0.00946070347,0,0,0,59.53125,58,16376,4275,12100,73.89303,59.793,149504,563599360
05/28/2026 19:22:18,41,55,0,50,55,45,45,45,45,65,12.12,5.04,1.312,1.396,0.992000043,0.320000023,0.672000051,3.288,2.046,0,3.37200022,3.37200022,3.124,51,45.5,46,45,913,680,0,793,696,0,0,0,0,0,18.75,6.25,6.25,0,1.56,18.75,1.56,0,6.64,18.75,35.8620338,4389,442,5050,919,50.5,1.1597538,0.49375,5017,403,50.5,0.6463281,0.49375,3860,231,40.4,0.3844617,0.49375,3743,170,40.4,0.328646332,0.49375,3848,305,40.4,0.485341638,0.49375,5050,1194,50.5,1.25647926,0.49375,3793,164,40.4,0.318155169,0.49375,4754,149,50.5,0.3049458,0.49375,51.7500076,49.7500038,99.99825,26.3435783,10.5371857,71.42905,9.684395,5.196369,65.0799561,38.5,0.25,0,55,0,85,0.416,1.01,16,16,16,32,48,30,295,160,130,0,0,0,16,37.75,0.25,0,55,0,85,0.416,1.01,16,16,16,32,48,30,295,160,130,0,0,0,16,512,-1,485.785156,477.917969,7.8671875,7.6015625,7611.34961,7618.951,0,0,0,0,0,0,0,0,0,0,4.272869,7,505,600,1200,3000,50,0.974000037,1.30500007,0,1,17,48,2670,10451.9824,0,0,0,0,8,3,0,1,19.537,28.004,0.975,11800.0664,419.765625,8.010207,0,0,0,0.009519838,0,0,0,0,0,0,0,0,0,59.75,58,16376,4275,12100,73.89303,58.998,799744,4.13099E+08
05/28/2026 19:22:20,41,55,0,50,55,45,45,45,45,65,12.12,5.04,1.312,1.396,0.974000037,0.322000027,0.672000051,3.292,2.046,0,3.37600017,3.37200022,3.124,51,46,46,45,914,710,0,808,696,0,0,0,0,0,18.75,6.25,3.12,1.56,1.56,23.44,1.56,1.56,7.23,23.44,35.6934853,3860,428,4040,937,40.4,1.10092533,0.54375,4040,477,40.4,0.697900355,0.54375,3792,207,40.4,0.3864149,0.54375,3780,177,40.4,0.3416105,0.54375,3879,284,40.4,0.464408845,0.54375,5050,1042,50.5,1.20286918,0.54375,3139,145,33.6666679,0.3068733,0.54375,3162,152,33.6666679,0.307729036,0.54375,51.6250076,46.8750038,99.9982758,26.33979,10.5409737,71.41878,9.683365,5.197399,65.07304,38.5,0.25,0,55,0,85,0.416,1.01,16,16,16,32,48,30,295,160,130,0,0,0,16,37.75,0.25,0,55,0,85,0.416,1.01,16,16,16,32,48,30,295,160,130,0,0,0,16,512,-1,485.785156,477.917969,7.8671875,7.6015625,7611.34961,7618.951,0,0,0,0,0,0,0,0,0,0,4.315973,7,505,600,1200,3000,50,1.05000007,1.30500007,0,20,18,48,2670,10451.9824,0,0,0,0,8,3,0,1,19.246,17.836,0.975,11800.0664,419.765625,8.014568,0,0,0,0.007638218,0,0,0,0,0,0,0,0,0,59.75,58,16376,4275,12100,73.89303,57.728,849920,442849280
05/28/2026 19:22:22,41,55,0,50,55,45,45,45,45,65,12.144001,5.04,1.312,1.396,0.982000053,0.322000027,0.672000051,3.292,2.046,0,3.37600017,3.37200022,3.124,51,46,46,45,909,714,0,809,713,0,0,0,0,0,9.52,1.59,1.56,1.56,4.76,25.4,1.56,3.12,6.14,25.4,35.40334,4290,414,4040,787,40.4,1.04466438,0.525,5050,428,50.5,0.6609987,0.525,3741,206,40.4,0.355848044,0.55,3751,166,40.4,0.319856882,0.55,3821,269,40.4,0.4544366,0.55,4850,1173,48.5,1.23496079,0.5625,4507,126,48.5,0.28172788,0.5625,4561,155,48.5,0.290613264,0.5625,51.5000076,47.3750038,99.99826,26.33603,10.544735,71.40858,9.678757,5.20200729,65.04207,38.5,0.25,0,55,0,85,0.416,1.01,16,16,16,32,48,30,295,160,130,0,0,0,16,37.75,0.25,0,55,0,85,0.416,1.01,16,16,16,32,48,30,295,160,130,0,0,0,16,512,-1,485.785156,477.917969,7.8671875,7.6015625,7611.34961,7618.951,0,0,0,0,0,0,0,0,0,0,4.202235,7,505,600,1200,3000,50,0.969000041,1.30500007,0,0,18,48,2670,10451.9824,0,0,0,0,8,3,0,1,19.737,28.853,0.975,11800.0664,419.765625,7.899979,0,0,0,0.0107071074,0,0,0,0,0,0,0,0,0,59.96875,58,16376,4275,12100,73.89303,58.729,99328,328999936
05/28/2026 19:22:24,41,56,0,50,55,45,45,45,45,65,12.12,5.04,1.312,1.396,0.9760001,0.328,0.672000051,3.288,2.046,0,3.37200022,3.37200022,3.124,51,46,46,45,913,697,0,799,713,0,0,0,0,0,17.19,9.38,3.12,3.12,7.81,23.44,1.56,3.12,8.59,23.44,35.9179,4030,481,5050,934,50.5,1.12422311,0.58125,4040,473,40.4,0.6687795,0.58125,3822,255,40.4,0.434326977,0.58125,3781,183,40.4,0.368914366,0.58125,3827,347,40.4,0.553570151,0.58125,4040,1316,40.4,1.38619447,0.58125,3775,154,40.4,0.334489077,0.58125,3902,183,40.4,0.338813245,0.58125,51.6250076,48.8750038,99.99826,26.3142166,10.5665474,71.3494339,9.652401,5.228363,64.86496,38.5,0.25,0,55,0,85,0.416,1.01,16,16,16,32,48,30,295,160,130,0,0,0,16,37.75,0.25,0,55,0,85,0.416,1.01,16,16,16,32,48,30,295,160,130,0,0,0,16,512,-1,485.785156,477.917969,7.8671875,7.6015625,7611.34961,7618.951,0,0,0,0,0,0,0,0,0,0,4.313627,7,505,600,1200,3000,50,0.965000033,1.30500007,0,1,17,49,2670,10451.9824,0,0,0,0,9,4,0,1,20.141,28.611,0.975,11799.5781,296.5,7.674065,0,0,0,0.0106985988,0,0,0,0,0,1.9674623,0,0,0,60,58,16376,4275,12100,73.89303,59.695,149504,360049664
05/28/2026 19:22:26,41,55,0,50,55,45,45,45,45,65,12.12,5.04,1.31000006,1.396,0.9760001,0.320000023,0.672000051,3.288,2.046,0,3.37200022,3.37200022,3.12000012,51,45.5,46,45,900,698,0,797,696,0,0,0,0,0,14.06,9.38,4.69,3.12,6.25,26.56,1.56,1.56,8.4,26.56,35.4163666,4011,418,5050,777,50.5,1.04594707,0.575,4040,409,40.4,0.6381218,0.575,3854,230,40.4,0.3769191,0.575,3782,194,40.4,0.330373168,0.575,3832,275,40.4,0.454760581,0.56875,4040,1192,40.4,1.24349,0.56875,3765,131,40.4,0.287170172,0.56875,3728,133,40.4,0.274338037,0.56875,51.5000076,46.8750038,99.99826,26.3072357,10.5735283,71.3305054,9.652363,5.228401,64.8647,38.5,0.25,0,55,0,85,0.416,1.01,16,16,16,32,48,30,295,160,130,0,0,0,16,37.75,0.25,0,55,0,85,0.416,1.01,16,16,16,32,48,30,295,160,130,0,0,0,16,512,-1,485.785156,477.917969,7.8671875,7.6015625,7611.34961,7618.951,0,0,0,0,0,0,0,0,0,0,4.40737724,7,505,600,1200,3000,50,0.965000033,1.30500007,0,1,17,49,2670,10451.9824,0,0,0,0,8,3,0,1,19.313,28.206,0.975,11799.582,296.75,7.5654583,0,0,0,0.0100229979,0,0,0,0,0,0.009903913,0,0,0,60.15625,58,16376,4275,12100,73.89303,58.281,149504,401349632
05/28/2026 19:22:28,41,54,0,50,55,45,45,45,45,65,12.12,5.04,1.312,1.396,0.996000051,0.334000021,0.67,3.288,2.046,0,3.37200022,3.37200022,3.124,51,46,46,45,908,713,0,809,713,0,0,0,0,0,20.31,9.38,1.56,1.56,4.69,20.31,1.56,1.56,7.62,20.31,35.613945,4274,448,5050,1086,50.5,1.26074874,0.53125,5050,474,50.5,0.7750417,0.53125,3854,213,40.4,0.380880922,0.53125,3790,181,40.4,0.341629475,0.53125,3863,291,40.4,0.504144967,0.53125,5050,1062,50.5,1.20891643,0.53125,3751,139,40.4,0.296033233,0.53125,3782,142,40.4,0.298863024,0.53125,51.5000076,48.0000038,99.99826,26.3126678,10.5680962,71.34524,9.653652,5.227112,64.87337,38.5,0.25,0,55,0,85,0.416,1.01,16,16,16,32,48,30,295,160,130,0,0,0,16,37.75,0.25,0,55,0,85,0.416,1.01,16,16,16,32,48,30,295,160,130,0,0,0,16,512,-1,485.785156,477.917969,7.8671875,7.6015625,7611.34961,7618.951,0,0,0,0,0,0,0,0,0,0,4.31877756,7,505,600,1200,3000,50,1.04000008,1.30500007,0,11,17,49,2670,10451.9824,0,0,0,0,8,3,0,1,19.402,28.8,0.975,11799.582,296.875,7.52734947,0,0,0,0.0107528726,0,0,0,0,0,0.01087246,0,0,0,60.21875,58,16376,4275,12100,73.89303,57.903,799744,4.134492E+08
05/28/2026 19:22:30,41,55,0,50,55,45,45,45,45,65,12.12,5.04,1.312,1.396,0.984,0.336000025,0.672000051,3.288,2.046,0,3.37200022,3.37200022,3.124,51,45.5,46,45,908,713,0,810,713,0,0,0,0,0,20.31,6.25,7.69,1.54,6.15,12.5,1.54,3.08,7.38,20.31,35.3629227,4130,403,5050,1024,50.5,1.14155781,0.55625,4016,390,40.4,0.6247827,0.55625,3882,232,40.4,0.383535057,0.55625,4757,177,50.5,0.327068657,0.55625,3800,246,40.4,0.42918098,0.55625,4040,887,40.4,1.121493,0.55625,3767,129,40.4,0.276558042,0.55625,3731,140,40.4,0.273845345,0.55625,51.5000076,47.3750038,99.99827,26.3360786,10.5446854,71.4087143,9.683605,5.197159,65.074646,38.5,0.25,0,55,0,85,0.416,1.01,16,16,16,32,48,30,295,160,130,0,0,0,16,37.75,0.25,0,55,0,85,0.416,1.01,16,16,16,32,48,30,295,160,130,0,0,0,16,512,-1,485.785156,477.917969,7.8671875,7.6015625,7611.34961,7618.951,0,0,0,0,0,0,0,0,0,0,4.244411,7,505,600,1200,3000,50,0.974000037,1.30500007,0,1,17,49,2670,10451.9824,0,0,0,0,8,3,0,1,20.004,28.559,0.975,11799.582,296.875,7.419983,0,0,0,0.006578087,0,0,0,0,0,0,0,0,0,60.3125,58,16376,4275,12100,73.89303,59.467,99328,3.078492E+08
05/28/2026 19:22:32,41,55,0,50,55,45,45,45,45,65,12.12,5.04,1.312,1.396,0.978000045,0.322000027,0.672000051,3.292,2.046,0,3.37200022,3.37200022,3.12000012,51,46,45.5,45,905,687,0,809,696,0,0,0,0,0,21.88,12.5,4.76,3.17,7.94,15.62,1.59,1.59,8.63,21.88,35.6257744,3938,423,5050,1188,50.5,1.25665975,0.55,4040,400,40.4,0.6265118,0.55,3191,225,33.6666679,0.37571767,0.55,3752,166,40.4,0.321221322,0.55625,3879,268,40.4,0.453848928,0.55625,4040,855,40.4,1.09523845,0.55625,3752,131,40.4,0.2901782,0.55625,3800,154,40.4,0.28695792,0.55625,51.6250076,47.3750038,99.99826,26.3383675,10.5423965,71.41492,9.684658,5.196106,65.0817261,38.5,0.25,0,55,0,85,0.416,1.01,16,16,16,32,48,30,295,160,130,0,0,0,16,37.75,0.25,0,55,0,85,0.416,1.01,16,16,16,32,48,30,295,160,130,0,0,0,16,512,-1,485.785156,477.917969,7.8671875,7.6015625,7611.34961,7618.951,0,0,0,0,0,0,0,0,0,0,4.234385,7,505,600,1200,3000,50,0.969000041,1.30500007,0,2,17,49,2670,10451.9824,0,0,0,0,8,3,0,1,20.701,27.36,0.975,11799.582,297,7.494995,0,0,0,0.007584076,0,0,0,0,0,0.009052929,0,0,0,60.46875,60,16376,4275,12100,73.89303,59.263,849920,3.398492E+08
05/28/2026 19:22:34,41,55,0,50,55,45,45,45,45,65,12.144001,5.04,1.312,1.396,0.960000038,0.33,0.67,3.292,2.046,0,3.37600017,3.37200022,3.124,51,46,45.5,45,904,715,0,791,696,0,0,0,0,0,26.56,7.81,4.76,6.35,3.12,20.31,4.76,4.76,9.81,26.56,35.48154,4112,403,4850,1129,48.5,1.199989,0.64375,4806,373,48.5,0.594608068,0.64375,4570,192,48.5,0.3451756,0.64375,3082,162,32.3333321,0.308882535,0.64375,4626,278,48.5,0.433537364,0.64375,4850,824,48.5,1.04794168,0.64375,3095,141,32.3333321,0.2817356,0.64375,3017,128,32.3333321,0.264103144,0.64375,51.5000076,46.8750038,99.99825,26.3374519,10.5433121,71.41244,9.6814,5.19936371,65.05983,38.25,0.25,0,55,0,85,0.416,1.01,16,16,16,32,48,30,295,160,130,0,0,0,16,37.75,0.25,0,55,0,85,0.416,1.01,16,16,16,32,48,30,295,160,130,0,0,0,16,512,-1,485.785156,477.917969,7.8671875,7.6015625,7611.34961,7618.951,0,0,0,0,0,0,0,0,0,0,4.262444,7,505,600,1200,3000,50,0.830000043,1.30500007,0,0,17,49,2670,10451.9824,0,0,0,0,8,3,0,1,19.688,28.949,0.975,11799.582,297,7.381427,0,0,0,0.00513916975,0,0,0,0,0,0,0,0,0,60.65625,58,16376,4275,12100,73.89303,57.965,849920,3.0865E+08
05/28/2026 19:22:36,41,55,0,50,55,45,45,45,45,65,12.144001,5.04,1.312,1.396,0.978000045,0.320000023,0.67,3.292,2.046,0,3.37200022,3.37200022,3.124,51,45.5,45.5,45,909,691,0,809,713,0,0,0,0,0,18.75,3.12,3.12,3.12,3.12,18.75,3.12,1.56,6.84,18.75,35.5265732,3831,412,5050,1169,50.5,1.20146716,0.575,4040,379,40.4,0.6225513,0.575,3773,204,40.4,0.352185935,0.575,3713,155,40.4,0.312849432,0.575,3837,252,40.4,0.4336533,0.575,4040,879,40.4,1.14237249,0.575,3105,127,33.6666679,0.275278062,0.575,3088,132,33.6666679,0.274527073,0.575,51.5000076,46.8750038,99.99826,26.3086586,10.5721054,71.3343658,9.655102,5.225662,64.8831,38.25,0.25,0,55,0,85,0.416,1.01,16,16,16,32,48,30,295,160,130,0,0,0,16,37.75,0.25,0,55,0,85,0.416,1.01,16,16,16,32,48,30,295,160,130,0,0,0,16,512,-1,485.785156,477.917969,7.8671875,7.6015625,7611.34961,7618.951,0,0,0,0,0,0,0,0,0,0,4.149237,7,505,600,1200,3000,50,0.969000041,1.30500007,0,4,20,49,2670,10451.9824,0,0,0,0,8,3,0,1,19.689,28.967,0.975,11799.582,297,7.44707966,0,0,0,0.007358169,0,0,0,0,0,0,0,0,0,60.71875,58,16376,4275,12100,73.89303,58.689,849920,4.166492E+08
05/28/2026 19:22:38,41,55,0,50,55,45,45,45,45,65,12.12,5.04,1.312,1.396,0.9760001,0.324,0.67,3.292,2.046,0,3.37200022,3.37200022,3.124,51,46,46,45,914,718,0,809,696,0,0,0,0,0,29.69,7.81,1.56,3.12,9.38,17.19,0,3.12,8.98,29.69,35.5442543,3997,417,5050,1119,50.5,1.22154212,0.575,4040,409,40.4,0.6500953,0.575,3721,218,40.4,0.362232178,0.58125,3724,152,40.4,0.310904741,0.58125,3810,265,40.4,0.4519211,0.58125,4040,881,40.4,1.098694,0.58125,3735,133,40.4,0.2921097,0.58125,3854,162,40.4,0.29281202,0.58125,51.5000076,50.2500038,99.99827,26.3372612,10.5435028,71.41192,9.683445,5.197319,65.07357,38.25,0.25,0,55,0,85,0.416,1.01,16,16,16,32,48,30,295,160,130,0,0,0,16,37.75,0.25,0,55,0,85,0.416,1.01,16,16,16,32,48,30,295,160,130,0,0,0,16,512,-1,485.785156,477.917969,7.8671875,7.6015625,7611.34961,7618.951,0,0,0,0,0,0,0,0,0,0,4.265464,7,505,600,1200,3000,50,0.969000041,1.30500007,0,1,16,49,2670,10451.9824,0,0,0,0,8,4,0,1,21.583,28.403,0.975,11799.582,297,7.478331,0,0,0,0.0069663357,0,0,0,0,0,0,0,0,0,60.90625,58,16376,4275,12100,73.89303,60.498,149504,308699136
05/28/2026 19:22:40,41,56,0,50,55,45,45,45,45,65,12.12,5.04,1.312,1.39200008,0.988000035,0.320000023,0.67,3.288,2.046,0,3.37600017,3.37200022,3.12000012,51,46,45.5,45,911,699,0,809,696,0,0,0,0,0,23.44,4.69,1.56,1.56,3.12,17.19,3.12,1.56,7.03,23.44,35.53872,4122,435,4040,1123,40.4,1.21699357,0.55625,5050,439,50.5,0.6770652,0.55625,3736,215,40.4,0.384898275,0.55625,3720,159,40.4,0.323148578,0.55625,3805,300,40.4,0.487544924,0.55625,5050,940,50.5,1.15132356,0.55625,3807,155,40.4,0.314163744,0.55625,3772,151,40.4,0.295070261,0.55625,51.5000076,46.8750038,99.99827,26.3064156,10.5743484,71.3282852,9.651993,5.228771,64.86221,38.25,0.25,0,55,0,85,0.416,1.01,16,16,16,32,48,30,295,160,130,0,0,0,16,37.75,0.25,0,55,0,85,0.416,1.01,16,16,16,32,48,30,295,160,130,0,0,0,16,512,-1,485.785156,477.917969,7.8671875,7.6015625,7611.34961,7618.951,0,0,0,0,0,0,0,0,0,0,4.27357864,7,505,600,1200,3000,50,1.03000009,1.30500007,0,2,16,49,2670,10451.9824,0,0,0,0,8,3,0,1,21.2,27.938,0.975,11799.5859,297.125,7.48026276,0,0,0,0.008987588,0,0,0,0,0,0.0123566836,0,0,0,60.96875,60,16376,4275,12100,73.89303,59.147,799744,3.403991E+08
05/28/2026 19:22:42,41,55,0,50,55,45,45,45,45,65,12.144001,5.04,1.31000006,1.396,0.974000037,0.336000025,0.67,3.292,2.046,0,3.37200022,3.37200022,3.12000012,51,45.5,45.5,45,904,724,0,810,713,0,0,0,0,0,23.44,9.38,4.69,6.25,9.38,10.94,6.25,6.25,9.57,23.44,35.791153,4015,459,5050,1276,50.5,1.35453022,0.55625,4030,441,40.4,0.6838956,0.55625,3830,253,40.4,0.422005832,0.55625,3797,186,40.4,0.354883343,0.55625,3842,318,40.4,0.5113057,0.55625,4040,879,40.4,1.10631013,0.55625,3785,161,40.4,0.334159225,0.55625,3744,159,40.4,0.31702286,0.55625,51.6250076,47.3750038,99.99826,26.30711,10.5736542,71.33016,9.653584,5.22718048,64.87291,38.25,0.25,0,55,0,85,0.416,1.01,16,16,16,32,48,30,295,160,130,0,0,0,16,37.75,0.25,0,55,0,85,0.416,1.01,16,16,16,32,48,30,295,160,130,0,0,0,16,512,-1,485.785156,477.917969,7.8671875,7.6015625,7611.34961,7618.951,0,0,0,0,0,0,0,0,0,0,4.408228,7,505,600,1200,3000,50,0.979000032,1.30500007,0,4,17,50,2670,10451.9824,0,0,0,0,8,3,0,1,21.054,28.319,0.975,11799.5859,297.125,7.49988127,0,0,0,0.00644217525,0,0,0,0,0,0,0,0,0,61.15625,60,16376,4275,12100,73.89303,58.474,2099200,324299776
05/28/2026 19:22:44,41,56,0,50,55,45,45,45,45,65,12.12,5.04,1.31000006,1.396,0.98,0.33,0.67,3.288,2.046,0,3.37200022,3.37200022,3.12000012,51,45.5,45.5,45,900,725,0,799,696,0,0,0,0,0,23.44,4.69,4.69,3.12,4.69,18.75,3.12,1.56,8.01,23.44,35.51584,4378,429,5050,1216,50.5,1.30496871,0.55625,5007,428,50.5,0.65970844,0.55625,3797,205,40.4,0.365050375,0.55625,3802,174,40.4,0.326883644,0.55625,4785,303,50.5,0.4881949,0.55625,5050,822,50.5,1.0530287,0.55625,3754,137,40.4,0.293990076,0.55625,3777,150,40.4,0.296459734,0.55625,51.6250076,46.8750038,99.99827,26.3375626,10.5432014,71.412735,9.68375,5.197014,65.07562,38.25,0.25,0,55,0,85,0.416,1.01,16,16,16,32,48,30,295,160,130,0,0,0,16,37.75,0.25,0,55,0,85,0.416,1.01,16,16,16,32,48,30,295,160,130,0,0,0,16,512,-1,485.785156,477.917969,7.8671875,7.6015625,7611.34961,7618.951,0,0,0,0,0,0,0,0,0,0,4.313157,7,505,600,1200,3000,50,0.820000052,1.30500007,0,0,16,50,2670,10451.9824,0,0,0,0,7,3,0,1,21.927,29.019,0.975,11799.5938,297.375,7.56544447,0,0,0,0.0103595238,0,0,0,0,0,0.0105396891,0,0,0,61.125,58,16376,4275,12100,73.89303,59.839,849920,432999424
05/28/2026 19:22:46,41,56,0,50,55,45,45,45,45,65,12.12,5.04,1.31000006,1.39200008,0.986000061,0.328,0.67,3.288,2.046,0,3.37200022,3.37200022,3.12000012,51,45.5,45.5,45,908,701,0,808,696,0,0,0,0,0,28.12,9.38,3.17,4.76,4.69,14.06,3.17,4.76,9.02,28.12,35.93955,3707,457,4040,1370,40.4,1.43306148,0.64375,4040,449,40.4,0.7498536,0.64375,3199,228,33.6666679,0.4063158,0.64375,3237,191,33.6666679,0.359425724,0.64375,3801,276,40.4,0.499440849,0.64375,5050,850,50.5,1.10859656,0.54375,3130,140,33.6666679,0.308813661,0.54375,3158,155,33.6666679,0.3114293,0.54375,51.7500076,46.8750038,99.99827,26.31017,10.5705948,71.33846,9.656681,5.224083,64.8937149,38.25,0.25,0,55,0,85,0.416,1.01,16,16,16,32,48,30,295,160,130,0,0,0,16,37.75,0.25,0,55,0,85,0.416,1.01,16,16,16,32,48,30,295,160,130,0,0,0,16,512,-1,485.785156,477.917969,7.8671875,7.6015625,7611.34961,7618.951,0,0,0,0,0,0,0,0,0,0,4.306878,7,505,600,1200,3000,51,0.969000041,1.30500007,0,1,16,50,2670,10451.9824,0,0,0,0,8,3,0,1,21.376,28.476,0.975,11799.6016,297.625,7.70342,0,0,0,0.01148497,0,0,0,0,0,0.009175876,0,0,0,61.40625,60,16376,4275,12100,73.89303,60.381,849920,251449344
05/28/2026 19:22:48,41,55,0,50,55,45,45,45,45,65,12.12,5.04,1.312,1.396,0.978000045,0.326,0.67,3.288,2.046,0,3.37200022,3.37200022,3.12000012,51,46,45.5,45,909,699,0,791,713,0,0,0,0,0,21.88,10.94,4.69,6.25,10.94,21.88,4.69,4.69,10.74,21.88,35.8349228,3901,444,5050,1261,50.5,1.34935963,0.55625,5050,437,50.5,0.7090359,0.55625,3820,224,40.4,0.392074585,0.55625,3142,180,33.6666679,0.341738731,0.55625,3807,280,40.4,0.484553546,0.55625,4040,878,40.4,1.10088992,0.55625,3142,150,33.6666679,0.315449119,0.55625,3155,140,33.6666679,0.299416572,0.55625,51.8750076,46.8750038,99.99827,26.33944,10.5413246,71.41782,9.684345,5.196419,65.07962,38.25,0.25,0,55,0,85,0.416,1.01,16,16,16,32,48,30,295,160,130,0,0,0,16,37.75,0.25,0,55,0,85,0.416,1.01,16,16,16,32,48,30,295,160,130,0,0,0,16,512,-1,485.785156,477.917969,7.8671875,7.6015625,7611.34961,7618.951,0,0,0,0,0,0,0,0,0,0,4.282321,7,505,600,1200,3000,50,1.0200001,1.30500007,0,15,17,50,2670,10451.9824,0,0,0,0,8,3,0,1,21.609,27.844,0.975,11799.6016,297.75,7.62144566,0,0,0,0.009423813,0,0,0,0,0,0,0,0,0,61.375,60,16376,4275,12100,73.89303,59.152,849920,5.533E+08
05/28/2026 19:22:50,41,55,0,50,55,47,47,47,47,65,12.12,5.04,1.312,1.396,0.982000053,0.326,0.67,3.292,2.046,0,3.37600017,3.37600017,3.124,51,46,45.5,45,913,723,0,800,699,0,0,0,0,0,23.44,4.69,3.12,4.69,3.12,12.5,1.56,3.12,7.03,23.44,35.5296173,4005,404,5050,1107,50.5,1.19397426,0.58125,4028,366,40.4,0.600588858,0.58125,3255,232,33.6666679,0.375914425,0.58125,3156,171,33.6666679,0.316471219,0.58125,3838,257,40.4,0.4450545,0.58125,5050,814,50.5,1.06890035,0.58125,3817,147,40.4,0.2929525,0.55625,3844,141,40.4,0.2747748,0.55625,51.7500076,47.3750038,99.99828,26.3070755,10.5736885,71.33007,9.653858,5.226906,64.8747559,38.25,0.25,0,55,0,85,0.416,1.01,16,16,16,32,48,30,295,160,130,0,0,0,16,37.75,0.25,0,55,0,85,0.416,1.01,16,16,16,32,48,30,295,160,130,0,0,0,16,512,-1,485.785156,477.917969,7.8671875,7.6015625,7611.34961,7618.951,0,0,0,0,0,0,0,0,0,0,4.15571833,7,505,600,1200,3000,51,0.965000033,1.30500007,0,9,17,50,2670,10451.9824,0,0,0,0,9,4,0,1,21.547,28.564,0.975,11799.6016,297.75,7.59850931,0,0,0,0.004109458,0,0,0,0,0,0,0,0,0,61.59375,60,16376,4275,12100,73.89303,59.05,799744,4.038492E+08
05/28/2026 19:22:52,41,56,0,50,55,46,46,46,46,65,12.12,5.03,1.31000006,1.39200008,0.990000069,0.336000025,0.67,3.288,2.046,0,3.37200022,3.37200022,3.12000012,53,45.5,46,45,909,727,0,791,698,0,0,0,0,0,29.69,4.69,4.69,7.81,3.12,23.44,4.69,4.69,10.35,29.69,37.8407059,3687,618,4040,1678,40.4,1.80622268,0.56875,4040,605,40.4,0.980020642,0.56875,3183,343,33.6666679,0.5765162,0.56875,3175,292,33.6666679,0.535581768,0.56875,3812,405,40.4,0.6704128,0.56875,5050,1186,50.5,1.46170378,0.56875,3128,237,33.6666679,0.4626298,0.56875,3069,198,33.6666679,0.413948953,0.56875,53.0000076,47.3750038,99.9982758,26.3213043,10.55946,71.36865,9.658684,5.22208,64.90718,38.25,0.25,0,55,0,85,0.416,1.01,16,16,16,32,48,30,295,160,130,0,0,0,16,37.75,0.25,0,55,0,85,0.416,1.01,16,16,16,32,48,30,295,160,130,0,0,0,16,512,-1,485.785156,477.917969,7.8671875,7.6015625,7611.34961,7618.951,0,0,0,0,0,0,0,0,0,0,4.13505745,7,505,600,1200,3000,50,0.784000039,1.30500007,0,1,17,50,2670,10451.9824,0,0,0,0,8,3,0,1,22.276,28.946,0.975,11799.6016,297.75,7.62759638,0,0,0,0.005793346,0,0,0,0,0,0,0,0,0,61.6875,60,16376,4275,12100,73.89303,60.699,849920,432999424
05/28/2026 19:22:54,42,55,0,51,55,49,49,49,49,67,12.12,5.04,1.312,1.396,0.986000061,0.33,0.67,3.288,2.046,0,3.37200022,3.37200022,3.12000012,52,46,45.5,45,918,698,0,808,697,0,0,0,0,0,23.44,6.25,4.62,1.54,1.54,18.75,1.54,1.54,7.4,23.44,36.1233749,4154,482,5050,1246,50.5,1.3285917,0.53125,4040,482,40.4,0.812112153,0.53125,3855,251,40.4,0.4302643,0.53125,3823,201,40.4,0.374406159,0.53125,3835,289,40.4,0.490777254,0.53125,5050,1071,50.5,1.26073968,0.53125,3790,151,40.4,0.320551634,0.53125,3792,166,40.4,0.316812038,0.53125,52.6250076,47.3750038,99.99826,26.3335419,10.5472221,71.40183,9.677116,5.20364761,65.03105,38.25,0.25,0,55,0,85,0.416,1.01,16,16,16,32,48,30,295,160,130,0,0,0,16,37.75,0.25,0,55,0,85,0.416,1.01,16,16,16,32,48,30,295,160,130,0,0,0,16,512,-1,485.785156,477.917969,7.8671875,7.6015625,7611.34961,7618.951,0,0,0,0,0,0,0,0,0,0,4.18834066,7,505,600,1200,3000,50,0.965000033,1.30500007,0,0,17,50,2670,10451.9824,0,0,0,0,8,3,0,1,21.729,27.846,0.975,11799.6016,297.75,7.489955,0,0,0,0.004758077,0,0,0,0,0,0,0,0,0,61.875,60,16376,4275,12100,73.89303,59.842,849920,317249536
05/28/2026 19:22:56,42,56,0,51,56,47,47,47,47,66,12.12,5.04,1.312,1.396,0.98,0.322000027,0.67,3.288,2.046,0,3.37200022,3.37200022,3.124,52,46,45.5,45,938,701,0,818,720,0,0,0,0,0,21.88,6.25,1.56,1.56,1.56,14.06,0,0,5.86,21.88,35.27172,4525,393,5050,1104,50.5,1.18670893,0.5375,5019,372,50.5,0.61788106,0.5375,3803,186,40.4,0.350644976,0.5375,4777,165,50.5,0.306382716,0.5375,4830,271,50.5,0.450565517,0.5375,5050,770,50.5,1.01585627,0.5375,3827,135,40.4,0.29197678,0.5375,3841,142,40.4,0.282270223,0.5375,52.2500076,46.8750038,99.99826,26.3329811,10.5477829,71.4003143,9.676636,5.20412827,65.02782,38.25,0.25,0,55,0,85,0.416,1.01,16,16,16,32,48,30,295,160,130,0,0,0,16,37.75,0.25,0,55,0,85,0.416,1.01,16,16,16,32,48,30,295,160,130,0,0,0,16,512,-1,485.785156,477.917969,7.8671875,7.6015625,7611.34961,7618.951,0,0,0,0,0,0,0,0,0,0,4.235851,7,505,600,1200,3000,50,0.969000041,1.30500007,0,6,18,50,2670,10451.9824,0,0,0,0,8,3,0,1,21.848,28.107,0.975,11799.6016,297.75,7.586473,0,0,0,0.006211142,0,0,0,0,0,0,0,0,0,61.96875,60,16376,4275,12100,73.89303,59.033,849920,352799744
05/28/2026 19:22:58,42,56,0,51,56,47,47,47,47,66,12.12,5.04,1.312,1.396,0.982000053,0.33,0.67,3.288,2.046,0,3.37600017,3.37200022,3.12000012,52,46,46,45,939,729,0,820,730,0,0,0,0,0,25,14.06,4.69,3.12,3.12,17.19,4.69,1.56,9.18,25,35.6451874,3772,432,5050,1283,50.5,1.33194423,0.55625,4006,443,40.4,0.67983824,0.55625,3196,237,33.6666679,0.401950717,0.55625,3169,174,33.6666679,0.331525266,0.55625,3842,284,40.4,0.475884676,0.55625,4040,754,40.4,1.02302706,0.55625,3139,145,33.6666679,0.3051922,0.55625,3734,132,40.4,0.287088245,0.5625,52.1250076,46.8750038,99.99826,26.3053322,10.5754318,71.32535,9.650383,5.230381,64.8513947,38.25,0.25,0,55,0,85,0.416,1.01,16,16,16,32,48,30,295,160,130,0,0,0,16,37.75,0.25,0,55,0,85,0.416,1.01,16,16,16,32,48,30,295,160,130,0,0,0,16,512,-1,485.785156,477.917969,7.8671875,7.6015625,7611.34961,7618.951,0,0,0,0,0,0,0,0,0,0,4.24992371,7,505,600,1200,3000,50,0.969000041,1.30500007,0,1,16,50,2670,10451.9824,0,0,0,0,7,3,0,1,22.26,28.719,0.975,11799.6016,297.75,7.52184629,0,0,0,0.00740783,0,0,0,0,0,0,0,0,0,62.03125,60,16376,4275,12100,73.89303,59.718,849920,3.206492E+08
05/28/2026 19:23:00,42,56,0,51,56,47,47,47,47,66,12.12,5.04,1.312,1.396,0.990000069,0.336000025,0.67,3.292,2.046,0,3.37200022,3.37200022,3.124,52,46,45.5,45,947,733,0,809,716,0,0,0,0,0,25,9.38,6.35,4.76,10.94,12.5,4.76,6.35,10,25,35.91099,3782,467,5050,1313,50.5,1.36201525,0.56875,4040,485,40.4,0.7276741,0.56875,3809,244,40.4,0.423601568,0.56875,3242,216,33.6666679,0.390004277,0.56875,3818,323,40.4,0.5189414,0.56875,4040,823,40.4,1.0872426,0.56875,3119,170,33.6666679,0.329736859,0.56875,3135,164,33.6666679,0.3153613,0.56875,52.0000076,47.3750038,99.99826,26.3040276,10.5767365,71.32181,9.649719,5.231045,64.84693,38.25,0.25,0,55,0,85,0.416,1.01,16,16,16,32,48,30,295,160,130,0,0,0,16,37.75,0.25,0,55,0,85,0.416,1.01,16,16,16,32,48,30,295,160,130,0,0,0,16,512,-1,485.785156,477.917969,7.8671875,7.6015625,7611.34961,7618.951,0,0,0,0,0,0,0,0,0,0,4.26994,7,505,600,1200,3000,50,0.965000033,1.30500007,0,0,16,51,2670,10451.9824,0,0,0,0,9,4,0,1,22.142,27.393,0.975,11799.6016,298.105469,8.034958,0,0,0,0.007662997,0,0,0,0,0,0.0111088417,0,0,0,62.15625,60,16376,4275,12100,73.89303,60.878,849920,4.427991E+08
05/28/2026 19:23:02,42,56,0,51,56,47,47,47,47,66,12.12,5.04,1.312,1.39200008,0.9760001,0.33,0.67,3.292,2.046,0,3.37200022,3.37200022,3.124,52,46,45.5,45,944,735,0,804,734,0,0,0,0,0,21.88,4.69,1.54,1.56,1.56,15.62,1.56,0,6.05,21.88,35.34186,3850,407,4850,1107,48.5,1.20748985,0.65,4845,420,48.5,0.6575096,0.65,4535,195,48.5,0.352687627,0.65,3041,172,32.3333321,0.320659876,0.65,3156,256,33.6666679,0.443621427,0.64375,4040,804,40.4,1.037068,0.64375,3188,171,33.6666679,0.302228928,0.64375,3146,133,33.6666679,0.283245862,0.64375,52.1250076,46.8750038,99.99827,26.303299,10.5774651,71.31983,9.648621,5.2321434,64.8395538,38.25,0.25,0,55,0,85,0.416,1.01,16,16,16,32,48,30,295,160,130,0,0,0,16,37.75,0.25,0,55,0,85,0.416,1.01,16,16,16,32,48,30,295,160,130,0,0,0,16,512,-1,485.785156,477.917969,7.8671875,7.6015625,7611.34961,7618.951,0,0,0,0,0,0,0,0,0,0,4.232434,7,505,600,1200,3000,50,1.069,1.30500007,0,8,17,51,2670,10451.9824,0,0,0,0,9,4,0,1,21.671,28.213,0.975,11799.6016,298.105469,8.09059048,0,0,0,0.00717987027,0,0,0,0,0,0,0,0,0,62.25,60,16376,4275,12100,73.89303,59.507,849920,333399040
05/28/2026 19:23:04,42,56,0,51,56,47,47,47,47,66,12.12,5.04,1.312,1.396,0.98,0.328,0.67,3.288,2.046,0,3.37200022,3.37200022,3.12000012,52,46,45.5,45,945,708,0,802,734,0,0,0,0,0,15.62,9.38,4.69,7.81,3.12,14.06,1.56,3.12,7.42,15.62,35.61642,3638,434,5050,1227,50.5,1.27534139,0.55,4032,407,40.4,0.6639848,0.55,3268,268,33.6666679,0.426013947,0.55,3215,190,33.6666679,0.340884566,0.55,3193,286,33.6666679,0.475482881,0.55,4040,794,40.4,1.05761075,0.55,3161,159,33.6666679,0.3168036,0.55,3143,140,33.6666679,0.294499934,0.55,51.8750076,47.3750038,99.99825,26.3056488,10.5751152,71.3262,9.65020752,5.23055649,64.85022,38.25,0.25,0,55,0,85,0.416,1.01,16,16,16,32,48,30,295,160,130,0,0,0,16,37.75,0.25,0,55,0,85,0.416,1.01,16,16,16,32,48,30,295,160,130,0,0,0,16,512,-1,485.785156,477.917969,7.8671875,7.6015625,7611.34961,7618.951,0,0,0,0,0,0,0,0,0,0,4.21626949,7,505,600,1200,3000,50,0.965000033,1.30500007,0,4,17,51,2670,10451.9824,0,0,0,0,9,4,0,1,21.979,26.518,0.975,11799.6016,298.105469,8.059296,0,0,0,0.00707888929,0,0,0,0,0,0,0,0,0,62.40625,60,16376,4275,12100,73.89303,59.318,849920,363249664
05/28/2026 19:23:06,42,56,0,51,56,47,47,47,47,66,12.12,5.04,1.31000006,1.396,0.982000053,0.322000027,0.67,3.28400016,2.046,0,3.37200022,3.37200022,3.12000012,51,46,45.5,45,935,708,0,804,717,0,0,0,0,0,18.75,7.81,3.08,4.62,3.12,12.5,6.15,1.54,7.2,18.75,35.655468,4496,437,5050,1254,50.5,1.30302632,0.5125,4994,431,50.5,0.675820351,0.5125,4707,219,50.5,0.404472262,0.5125,4800,217,50.5,0.376287162,0.525,3845,310,40.4,0.513979852,0.525,5050,730,50.5,1.02411973,0.525,3776,168,40.4,0.3381758,0.525,3749,165,40.4,0.323240876,0.525,51.8750076,47.3750038,99.99827,26.3334465,10.5473175,71.40158,9.678413,5.20235062,65.0397644,38.25,0.25,0,55,0,85,0.416,1.01,16,16,16,32,48,30,295,160,130,0,0,0,16,37.75,0.25,0,55,0,85,0.416,1.01,16,16,16,32,48,30,295,160,130,0,0,0,16,512,-1,485.785156,477.917969,7.8671875,7.6015625,7611.34961,7618.951,0,0,0,0,0,0,0,0,0,0,4.19688463,7,505,600,1200,3000,50,0.969000041,1.30500007,0,1,16,51,2670,10451.9824,0,0,0,0,8,3,0,1,22.606,25.303,0.975,11799.6016,298.230469,7.989712,0,0,0,0.00994627,0,0,0,0,0,0.0103345634,0,0,0,62.53125,62,16376,4275,12100,73.89303,60.977,849920,410549248
05/28/2026 19:23:08,41,56,0,50,55,46,46,46,46,65,12.12,5.04,1.312,1.396,0.98,0.324,0.67,3.292,2.046,0,3.37200022,3.37200022,3.12000012,51,46,45.5,45,922,704,0,796,727,0,0,0,0,0,34.38,21.88,9.52,4.76,14.29,21.88,4.76,6.35,14.73,34.38,35.8459244,3513,442,3233,1301,32.3333321,1.3617835,0.6375,4840,454,48.5,0.688014567,0.64375,3042,222,32.3333321,0.376417249,0.64375,3050,174,32.3333321,0.340496868,0.64375,3034,257,32.3333321,0.467596173,0.64375,4850,818,48.5,1.07981312,0.64375,3006,148,32.3333321,0.308595121,0.64375,3051,165,32.3333321,0.3133527,0.64375,51.8750076,46.8750038,99.99826,26.334259,10.546505,71.40378,9.67812,5.20264435,65.03779,38.25,0.25,0,55,0,85,0.416,1.01,16,16,16,32,48,30,295,160,130,0,0,0,16,37.75,0.25,0,55,0,85,0.416,1.01,16,16,16,32,48,30,295,160,130,0,0,0,16,512,-1,485.785156,477.917969,7.8671875,7.6015625,7611.34961,7618.951,0,0,0,0,0,0,0,0,0,0,4.30737734,7,505,600,1200,3000,50,1.03500009,1.30500007,0,11,17,51,2670,10451.9824,0,0,0,0,8,4,0,1,22.093,24.929,0.975,11799.6016,298.355469,8.046526,0,0,0,0.01098444,0,0,0,0,0,0.009631577,0,0,0,62.65625,60,16376,4275,12100,73.89303,60.909,849920,369799168
05/28/2026 19:23:10,41,56,0,50,55,47,47,47,47,65,12.12,5.04,1.312,1.39200008,0.982000053,0.322000027,0.67,3.288,2.046,0,3.37200022,3.37200022,3.12000012,51,46,45.5,45,923,707,0,797,721,0,0,0,0,0,23.44,6.25,9.23,3.08,9.38,15.62,3.08,3.08,9.14,23.44,35.59214,4029,427,4040,1241,40.4,1.301744,0.5375,4012,410,40.4,0.635007,0.5375,3855,250,40.4,0.4111272,0.55,3852,188,40.4,0.3457911,0.55,3852,274,40.4,0.442099482,0.55,5050,744,50.5,1.03865886,0.55,3794,164,40.4,0.3132062,0.55,3776,146,40.4,0.298908263,0.55,51.7500076,46.8750038,99.99826,26.3037033,10.5770607,71.32093,9.649338,5.23142624,64.84437,38.25,0.25,0,55,0,85,0.416,1.01,16,16,16,32,48,30,295,160,130,0,0,0,16,37.75,0.25,0,55,0,85,0.416,1.01,16,16,16,32,48,30,295,160,130,0,0,0,16,512,-1,485.785156,477.917969,7.8671875,7.6015625,7611.34961,7618.951,0,0,0,0,0,0,0,0,0,0,4.374896,7,505,600,1200,3000,50,0.965000033,1.30500007,0,3,17,51,2670,10451.9824,0,0,0,0,9,4,0,1,21.826,23.42,0.975,11799.6055,298.480469,8.01276,0,0,0,0.00655450253,0,0,0,0,0,0,0,0,0,62.84375,62,16376,4275,12100,73.89303,59.469,8199168,256549888
05/28/2026 19:23:12,41,56,0,51,55,47,47,47,47,66,12.12,5.04,1.312,1.396,0.994,0.326,0.67,3.292,2.046,0,3.37200022,3.37200022,3.124,52,46,45.5,45,900,708,0,791,717,0,0,0,0,0,29.69,9.38,10.94,6.25,6.25,20.31,6.25,4.69,11.72,29.69,36.5789757,4016,530,4040,1432,40.4,1.54641056,0.55,5050,565,50.5,0.8577716,0.55,3803,255,40.4,0.445607841,0.55,3788,198,40.4,0.3774146,0.55,3808,327,40.4,0.556268036,0.55625,4040,1110,40.4,1.3609643,0.53125,3775,182,40.4,0.3570095,0.53125,3821,170,40.4,0.34983027,0.53125,52.3750076,47.3750038,99.99826,26.3360367,10.5447273,71.4086,9.680241,5.20052338,65.05204,38.25,0.25,0,55,0,85,0.416,1.01,16,16,16,32,48,30,295,160,130,0,0,0,16,37.75,0.25,0,55,0,85,0.416,1.01,16,16,16,32,48,30,295,160,130,0,0,0,16,512,-1,485.785156,477.917969,7.8671875,7.6015625,7611.34961,7618.951,0,0,0,0,0,0,0,0,0,0,4.24491549,7,505,600,1200,3000,50,0.974000037,1.30500007,0,2,17,51,2670,10451.9824,0,0,0,0,9,4,0,1,22.516,25.478,0.975,11799.6211,304.511719,8.132354,0,0,0,0.0105786426,0,0,0,0,0,0.0258655269,0,0,0,63.03125,62,16376,4275,12100,73.89303,60.31,149504,3.8545E+08
05/28/2026 19:23:14,42,56,0,51,55,47,47,47,47,66,12.144001,5.04,1.312,1.396,0.998,0.324,0.67,3.292,2.046,0,3.37600017,3.37200022,3.124,52,46,45.5,45,939,708,0,808,715,0,0,0,0,0,32.81,12.31,4.62,6.25,10.77,15.62,3.12,3.12,11.08,32.81,36.56557,3699,533,5050,1432,50.5,1.51056874,0.5875,4040,546,40.4,0.905111849,0.5875,3167,264,33.6666679,0.458202064,0.5875,3181,224,33.6666679,0.396124929,0.5875,3820,325,40.4,0.5312072,0.5875,4040,1105,40.4,1.36624324,0.5875,3127,189,33.6666679,0.365389556,0.5875,3170,179,33.6666679,0.340704739,0.5875,52.1250076,47.3750038,99.99826,26.3431129,10.5376511,71.42778,9.680916,5.199848,65.05658,38.25,0.25,0,55,0,85,0.416,1.01,16,16,16,32,48,30,295,160,130,0,0,0,16,37.75,0.25,0,55,0,85,0.416,1.01,16,16,16,32,48,30,295,160,130,0,0,0,16,512,-1,485.785156,477.917969,7.8671875,7.6015625,7611.34961,7618.951,0,0,0,0,0,0,0,0,0,0,4.25646067,7,505,600,1200,3000,50,0.974000037,1.30500007,0,1,16,51,2670,10451.9824,0,0,0,0,9,4,0,1,23.159,22.694,0.975,11799.6211,304.730469,8.432403,0,0,0,0.0101577118,0,0,0,0,0,0,0,0,0,63.0625,60,16376,4275,12100,73.89303,61.738,849920,369149952
05/28/2026 19:23:16,42,56,0,51,56,47,47,47,47,66,12.12,5.04,1.31000006,1.39200008,0.990000069,0.322000027,0.67,3.288,2.046,0,3.37200022,3.37200022,3.12000012,52,45.5,45.5,45,946,708,0,821,703,0,0,0,0,0,23.44,12.5,6.15,1.56,6.25,25,3.12,3.12,10.14,25,35.7061539,3677,464,5050,1252,50.5,1.36129344,0.56875,4040,464,40.4,0.7705474,0.56875,3119,216,33.6666679,0.3840838,0.56875,3158,189,33.6666679,0.3529794,0.56875,3754,282,40.4,0.4717833,0.56875,4040,1028,40.4,1.29769015,0.55625,3104,141,33.6666679,0.300487846,0.55625,3153,143,33.6666679,0.298138618,0.55625,52.0000076,47.3750038,99.99826,26.33561,10.5451546,71.40744,9.675144,5.20562,65.01779,38.25,0.25,0,55,0,85,0.416,1.01,16,16,16,32,48,30,295,160,130,0,0,0,16,37.75,0.25,0,55,0,85,0.416,1.01,16,16,16,32,48,30,295,160,130,0,0,0,16,512,-1,485.785156,477.917969,7.8671875,7.6015625,7611.34961,7618.951,0,0,0,0,0,0,0,0,0,0,4.25163555,7,505,600,1200,3000,50,0.969000041,1.30500007,0,1,17,51,2670,10451.9824,0,0,0,0,9,4,0,1,22.154,19.94,0.975,11799.6211,304.75,8.847047,0,0,0,0.0120849805,0,0,0,0,0,0.025221264,0,0,0,63.09375,62,16376,4275,12100,73.89303,61.325,849920,406349824
05/28/2026 19:23:18,42,56,0,51,56,47,47,47,47,66,12.144001,5.04,1.312,1.396,0.996000051,0.324,0.67,3.292,2.046,0,3.37600017,3.37200022,3.124,51,46,46,45,938,708,0,822,713,0,0,0,0,0,17.19,10.94,6.25,1.56,4.69,21.88,3.12,3.12,8.59,21.88,36.2168922,3916,520,4850,1276,48.5,1.43639314,0.61875,3233,539,32.3333321,0.8696031,0.61875,3098,270,32.3333321,0.451780021,0.61875,3037,194,32.3333321,0.3766159,0.61875,4687,335,48.5,0.5655663,0.61875,4850,1191,48.5,1.38475752,0.61875,4528,171,48.5,0.350995123,0.61875,3044,180,32.3333321,0.3510715,0.61875,51.8750076,47.3750038,99.99826,26.3126984,10.5680656,71.34532,9.653244,5.22752,64.87062,38.25,0.25,0,55,0,85,0.416,1.01,16,16,16,32,48,30,295,160,130,0,0,0,16,37.75,0.25,0,55,0,85,0.416,1.01,16,16,16,32,48,30,295,160,130,0,0,0,16,512,-1,485.785156,477.917969,7.8671875,7.6015625,7611.34961,7618.951,0,0,0,0,0,0,0,0,0,0,4.165476,7,505,600,1200,3000,50,1.03000009,1.30500007,0,6,17,52,2670,10451.9824,0,0,0,0,10,4,0,1,22.168,25.9,0.975,11799.625,305,8.725988,0,0,0,0.008526404,0,0,0,0,0,0.008696732,0,0,0,63.3125,62,16376,4275,12100,73.89303,60.056,149504,3.674491E+08
05/28/2026 19:23:20,42,56,0,51,56,47,47,47,47,66,12.12,5.04,1.312,1.396,0.998,0.332000017,0.67,3.292,2.046,0,3.37200022,3.37200022,3.124,52,46,46,45,920,707,0,807,730,0,0,0,0,0,20.63,9.52,3.17,1.59,6.35,25.4,0,1.59,8.53,25.4,36.05538,3702,495,4040,1089,40.4,1.340126,0.55,4013,470,40.4,0.7810511,0.55,3197,236,33.6666679,0.4206253,0.55,3130,179,33.6666679,0.360721648,0.55,3812,312,40.4,0.5409282,0.55,5050,1357,50.5,1.44726825,0.55,3187,156,33.6666679,0.333814085,0.55,3183,164,33.6666679,0.335988641,0.55,52.0000076,46.8750038,99.99827,26.3403625,10.5404015,71.42033,9.678997,5.201767,65.0436859,38.25,0.25,0,55,0,85,0.416,1.01,16,16,16,32,48,30,295,160,130,0,0,0,16,37.75,0.25,0,55,0,85,0.416,1.01,16,16,16,32,48,30,295,160,130,0,0,0,16,512,-1,485.785156,477.917969,7.8671875,7.6015625,7611.34961,7618.951,0,0,0,0,0,0,0,0,0,0,4.14942551,7,505,600,1200,3000,51,0.965000033,1.30500007,0,0,17,52,2670,10451.9824,0,0,0,0,9,4,0,1,22.986,22.195,0.975,11799.625,305,8.861506,0,0,0,0.004952002,0,0,0,0,0,0,0,0,0,63.40625,62,16376,4275,12100,73.89303,61.607,849920,394449920
05/28/2026 19:23:22,42,56,0,51,56,47,47,47,47,66,12.12,5.03,1.31000006,1.39200008,0.994,0.332000017,0.67,3.288,2.046,0,3.37200022,3.37200022,3.124,52,46,45.5,45,943,707,0,801,731,0,0,0,0,0,14.06,6.25,4.69,3.12,10.94,23.44,3.12,1.56,8.4,23.44,35.9886436,4387,487,5050,1108,50.5,1.338386,0.5375,5050,471,50.5,0.7723675,0.5375,3826,235,40.4,0.4148586,0.5375,3806,198,40.4,0.376206517,0.5375,3848,336,40.4,0.529057443,0.5375,5050,1260,50.5,1.39283562,0.5375,3747,145,40.4,0.324206531,0.53125,4720,142,50.5,0.318880349,0.53125,52.0000076,47.3750038,99.99825,26.3082466,10.5725174,71.33325,9.650761,5.23000336,64.85393,38.25,0.25,0,55,0,85,0.416,1.01,16,16,16,32,48,30,295,160,130,0,0,0,16,37.75,0.25,0,55,0,85,0.416,1.01,16,16,16,32,48,30,295,160,130,0,0,0,16,512,-1,485.785156,477.917969,7.8671875,7.6015625,7611.34961,7618.951,0,0,0,0,0,0,0,0,0,0,4.12832451,7,505,600,1200,3000,50,0.969000041,1.30500007,0,1,17,52,2670,10451.9824,0,0,0,0,9,4,0,1,22.78,29.766,0.975,11799.6289,305.125,8.79462051,0,0,0,0.005552153,0,0,0,0,0,0.008790909,0,0,0,63.5625,62,16376,4275,12100,73.89303,62.241,799744,443299840
05/28/2026 19:23:24,42,56,0,51,56,47,47,47,47,66,12.12,5.04,1.312,1.39200008,0.994,0.326,0.67,3.292,2.046,0,3.37200022,3.37200022,3.12000012,52,46,45.5,45,945,704,0,802,715,0,0,0,0,0,20.31,12.5,7.81,1.56,9.38,18.75,4.69,3.12,9.77,20.31,36.18804,4430,503,5050,1163,50.5,1.37174737,0.5375,5050,523,50.5,0.8367786,0.5375,3876,246,40.4,0.43432495,0.5375,3832,195,40.4,0.367367029,0.5375,4866,334,50.5,0.540843368,0.5375,5050,1243,50.5,1.38437772,0.5375,3848,163,40.4,0.320679456,0.5375,3870,159,40.4,0.316102266,0.5375,51.8750076,48.1250038,99.99825,26.3391724,10.5415916,71.4171,9.68026,5.2005043,65.05217,38.25,0.25,0,55,0,85,0.416,1.01,16,16,16,32,48,30,295,160,130,0,0,0,16,37.75,0.25,0,55,0,85,0.416,1.01,16,16,16,32,48,30,295,160,130,0,0,0,16,512,-1,485.785156,477.917969,7.8671875,7.6015625,7611.34961,7618.951,0,0,0,0,0,0,0,0,0,0,4.2484045,7,505,600,1200,3000,50,0.969000041,1.30500007,0,3,17,52,2670,10451.9824,0,0,0,0,9,4,0,1,22.164,28.628,0.975,11799.6289,305.125,8.6812,0,0,0,0.00757926656,0,0,0,0,0,0,0,0,0,63.65625,62,16376,4275,12100,73.89303,60.689,849920,450599936
05/28/2026 19:23:26,42,56,0,51,56,45,45,45,45,65,12.12,5.03,1.31000006,1.39200008,0.992000043,0.336000025,0.67,3.288,2.046,0,3.36800027,3.36800027,3.12000012,51,45.5,46,45,925,707,0,805,735,0,0,0,0,0,12.5,6.25,1.59,1.59,6.25,25,4.76,1.59,7.44,25,35.7600975,3685,471,5050,1080,50.5,1.32284641,0.58125,4040,481,40.4,0.815907955,0.58125,3178,239,33.6666679,0.392042875,0.58125,3113,163,33.6666679,0.325889021,0.58125,3838,311,40.4,0.5174381,0.58125,4040,1223,40.4,1.35069489,0.58125,3108,144,33.6666679,0.2999993,0.58125,3110,127,33.6666679,0.28199932,0.58125,51.7500076,46.8750038,99.99826,26.307251,10.573513,71.33055,9.654892,5.225872,64.8817,38.25,0.25,0,55,0,85,0.416,1.01,16,16,16,32,48,30,295,160,130,0,0,0,16,37.75,0.25,0,55,0,85,0.416,1.01,16,16,16,32,48,30,295,160,130,0,0,0,16,512,-1,485.785156,477.917969,7.8671875,7.6015625,7611.34961,7618.951,0,0,0,0,0,0,0,0,0,0,4.133695,7,505,600,1200,3000,50,0.974000037,1.30500007,0,2,17,52,2670,10451.9824,0,0,0,0,9,4,0,1,22.557,19.612,0.975,11799.6289,305.734375,8.761357,0,0,0,0.00344346534,0,0,0,0,0,0,0,0,0,63.65625,62,16376,4275,12100,73.89303,60.761,849920,2.630994E+08
05/28/2026 19:23:28,41,55,0,50,55,45,45,45,45,65,12.12,5.04,1.312,1.39200008,0.990000069,0.324,0.67,3.288,2.046,0,3.37200022,3.37200022,3.124,51,46,46,45,903,698,0,796,727,0,0,0,0,0,17.19,7.81,1.56,3.08,4.69,26.56,4.62,3.08,8.57,26.56,36.309288,3841,508,5050,1153,50.5,1.39054334,0.56875,3367,525,33.6666679,0.84622854,0.56875,3126,220,33.6666679,0.414183378,0.56875,3799,211,40.4,0.3863787,0.575,3816,324,40.4,0.5615482,0.575,4040,1290,40.4,1.40374279,0.575,3761,180,40.4,0.3444748,0.575,3772,158,40.4,0.3290906,0.575,51.7500076,47.3750038,99.99826,26.310627,10.570137,71.33971,9.652168,5.22859573,64.86339,38.25,0.25,0,55,0,85,0.416,1.01,16,16,16,32,48,30,295,160,130,0,0,0,16,37.75,0.25,0,55,0,85,0.416,1.01,16,16,16,32,48,30,295,160,130,0,0,0,16,512,-1,485.785156,477.917969,7.8671875,7.6015625,7611.34961,7618.951,0,0,0,0,0,0,0,0,0,0,4.258809,7,505,600,1200,3000,50,1.04500008,1.30500007,0,7,17,52,2670,10451.9824,0,0,0,0,9,4,0,1,23.054,30.353,0.975,11799.6289,305.984375,8.81516,0,0,0,0.009012055,0,0,0,0,0,0.0101523148,0,0,0,63.84375,62,16376,4275,12100,73.89303,62.297,849920,311549952
05/28/2026 19:23:30,41,56,0,50,55,45,45,45,45,65,12.12,5.04,1.312,1.39200008,0.990000069,0.33,0.67,3.288,2.046,0,3.37200022,3.37200022,3.12000012,51,46,46,45,904,724,0,798,701,0,0,0,0,0,18.75,14.06,3.12,3.12,6.25,21.88,3.12,6.25,9.57,21.88,36.2846451,3925,513,4040,1083,40.4,1.37995,0.55625,4040,536,40.4,0.8488729,0.55,3844,278,40.4,0.4538024,0.55,3727,183,40.4,0.3690559,0.55,3788,299,40.4,0.5385642,0.55,5050,1377,50.5,1.45729411,0.55,3741,169,40.4,0.3500805,0.55,3172,182,33.6666679,0.3465875,0.55,51.8750076,47.3750038,99.99825,26.3101082,10.5706558,71.338295,9.650326,5.230438,64.85101,38.25,0.25,0,55,0,85,0.416,1.01,16,16,16,32,48,30,295,160,130,0,0,0,16,37.75,0.25,0,55,0,85,0.416,1.01,16,16,16,32,48,30,295,160,130,0,0,0,16,512,-1,485.785156,477.917969,7.8671875,7.6015625,7611.34961,7618.951,0,0,0,0,0,0,0,0,0,0,4.29104853,7,505,600,1200,3000,50,1.03500009,1.30500007,0,2,17,52,2670,10451.9824,0,0,0,0,9,4,0,1,22.513,29.385,0.975,11799.6328,306.109375,8.776927,0,0,0,0.00720152957,0,0,0,0,0,0,0,0,0,63.9375,62,16376,4275,12100,73.89303,61.565,849920,434399232
05/28/2026 19:23:32,41,56,0,50,55,47,47,47,47,66,12.12,5.04,1.31000006,1.39200008,0.992000043,0.336000025,0.67,3.288,2.046,0,3.37200022,3.37200022,3.124,52,46,45.5,45,920,731,0,790,714,0,0,0,0,0,26.56,10.94,3.08,4.62,4.69,26.56,3.08,0,9.94,26.56,36.33583,4036,536,5050,1410,50.5,1.48543751,0.55625,4040,498,40.4,0.821572959,0.55625,3876,286,40.4,0.449257165,0.55625,3841,226,40.4,0.3943666,0.55625,3876,328,40.4,0.547089636,0.55625,4040,1198,40.4,1.39304817,0.55625,3755,176,40.4,0.342094421,0.55625,3809,168,40.4,0.33639285,0.55625,52.1250076,47.3750038,99.99826,26.33599,10.5447731,71.40848,9.677811,5.20295334,65.0357056,38.25,0.25,0,55,0,85,0.416,1.01,16,16,16,32,48,30,295,160,130,0,0,0,16,37.75,0.25,0,55,0,85,0.416,1.01,16,16,16,32,48,30,295,160,130,0,0,0,16,512,-1,485.785156,477.917969,7.8671875,7.6015625,7611.34961,7618.951,0,0,0,0,0,0,0,0,0,0,4.27471638,7,505,600,1200,3000,50,0.960000038,1.30500007,0,1,16,52,2670,10451.9824,0,0,0,0,9,4,0,1,22.216,29.024,0.975,11800.5,307.359375,8.689594,0,0,0,0.0103053832,0,0,0,0,0,0.011274009,0,0,0,64.0625,62,16376,4274,12101,73.89828,60.629,849920,394049536
05/28/2026 19:23:34,42,56,0,51,56,47,47,47,47,66,12.12,5.04,1.31000006,1.39200008,0.992000043,0.336000025,0.668000042,3.288,2.046,0,3.37200022,3.37200022,3.12000012,52,46,46,45,940,733,0,810,713,0,0,0,0,0,35.94,10.94,9.38,6.25,7.81,39.06,6.25,4.69,15.04,39.06,36.6158028,4042,562,5050,1224,50.5,1.45848227,0.55625,4040,563,40.4,0.912187636,0.55625,3899,291,40.4,0.4840413,0.55625,3809,234,40.4,0.4058464,0.55625,3920,359,40.4,0.5909635,0.55625,4040,1458,40.4,1.52346849,0.55625,3803,188,40.4,0.3703709,0.55625,3771,175,40.4,0.348149866,0.55625,52.1250076,47.3750038,99.99827,26.3075447,10.5732193,71.3313446,9.653984,5.22678,64.8755951,38.25,0.25,0,55,0,85,0.416,1.01,16,16,16,32,48,30,295,160,130,0,0,0,16,37.75,0.25,0,55,0,85,0.416,1.01,16,16,16,32,48,30,295,160,130,0,0,0,16,512,-1,485.785156,477.917969,7.8671875,7.6015625,7611.34961,7618.951,0,0,0,0,0,0,0,0,0,0,4.266833,7,505,600,1200,3000,50,0.965000033,1.30500007,0,0,17,52,2670,10451.9824,0,0,0,0,10,4,0,1,22.767,28.697,0.975,11800.5,307.609375,8.793623,0,0,0,0.00856015552,0,0,0,0,0,0.011163244,0,0,0,64.09375,62,16376,4274,12101,73.89828,61.815,799744,3.420498E+08
05/28/2026 19:23:36,42,56,0,51,56,47,47,47,47,66,12.144001,5.04,1.312,1.396,0.988000035,0.326,0.668000042,3.288,2.046,0,3.37200022,3.37200022,3.12000012,52,46,45.5,45,945,733,0,820,706,0,0,0,0,0,23.44,10.94,4.76,1.59,6.35,28.12,3.17,1.59,10,28.12,35.6534348,3505,464,4850,1063,48.5,1.31219733,0.64375,3233,469,32.3333321,0.7394081,0.64375,3027,237,32.3333321,0.405035555,0.64375,3028,168,32.3333321,0.331366241,0.64375,3055,315,32.3333321,0.502665937,0.64375,4850,1169,48.5,1.32007194,0.64375,3002,161,32.3333321,0.319378078,0.64375,2996,133,32.3333321,0.2943291,0.64375,52.0000076,47.3750038,99.99825,26.33234,10.5484238,71.3985748,9.684147,5.196617,65.07829,38.25,0.25,0,55,0,85,0.416,1.01,16,16,16,32,48,30,295,160,130,0,0,0,16,37.75,0.25,0,55,0,85,0.416,1.01,16,16,16,32,48,30,295,160,130,0,0,0,16,512,-1,485.785156,477.917969,7.8671875,7.6015625,7611.34961,7618.951,0,0,0,0,0,0,0,0,0,0,4.28944874,7,505,600,1200,3000,50,0.965000033,1.30500007,0,0,17,52,2670,10451.9824,0,0,0,0,9,4,0,1,22.799,20.486,0.975,11800.5,307.859375,8.484271,0,0,0,0.010449972,0,0,0,0,0,0.00975599,0,0,0,64.25,64,16376,4274,12101,73.89828,62.247,999424,294849536
05/28/2026 19:23:38,42,56,0,51,56,47,47,47,47,66,12.12,5.04,1.31000006,1.39200008,0.986000061,0.334000021,0.67,3.288,2.046,0,3.37600017,3.37200022,3.124,52,46,46,45,940,734,0,819,732,0,0,0,0,0,25,12.5,4.69,9.38,6.25,26.56,6.25,3.12,11.72,26.56,36.0111,4175,505,5050,1186,50.5,1.41976845,0.55625,5050,504,50.5,0.7777724,0.55,3861,259,40.4,0.449808776,0.55,3896,206,40.4,0.3841002,0.55,3844,320,40.4,0.5253111,0.55,4040,1212,40.4,1.365407,0.55,3838,175,40.4,0.349989176,0.55,3818,175,40.4,0.333498478,0.55,52.1250076,46.8750038,99.99825,26.3071442,10.57362,71.33026,9.652164,5.22859955,64.8633652,38.25,0.25,0,55,0,85,0.416,1.01,16,16,16,32,48,30,295,160,130,0,0,0,16,37.75,0.25,0,55,0,85,0.416,1.01,16,16,16,32,48,30,295,160,130,0,0,0,16,512,-1,485.785156,477.917969,7.8671875,7.6015625,7611.34961,7618.951,0,0,0,0,0,0,0,0,0,0,4.26622963,7,505,600,1200,3000,50,1.05500007,1.30500007,0,11,18,53,2670,10451.9824,0,0,0,0,9,4,0,1,22.415,28.136,0.975,11800.5039,308.484375,8.563848,0,0,0,0.0174221639,0,0,0,0,0,0.02464063,0,0,0,64.40625,64,16376,4274,12101,73.89828,61.046,799744,421449728
05/28/2026 19:23:40,42,56,0,51,56,47,47,47,47,66,12.12,5.03,1.31000006,1.396,0.984,0.326,0.668000042,3.288,2.046,0,3.37200022,3.37200022,3.124,52,46,46,45,934,735,0,807,716,0,0,0,0,0,23.44,10.94,1.54,1.54,6.25,15.62,0,0,7.42,23.44,35.72645,4140,484,4040,1155,40.4,1.38059425,0.55625,5050,525,50.5,0.802436054,0.55625,3865,265,40.4,0.442072451,0.55625,3802,200,40.4,0.370854,0.55625,3833,310,40.4,0.5190798,0.55625,5050,1115,50.5,1.27944934,0.55625,3739,160,40.4,0.321861774,0.55625,3739,146,40.4,0.306841165,0.55625,52.0000076,47.3750038,99.99826,26.3053741,10.57539,71.32546,9.654938,5.22582626,64.882,38.25,0.25,0,55,0,85,0.416,1.01,16,16,16,32,48,30,295,160,130,0,0,0,16,37.75,0.25,0,55,0,85,0.416,1.01,16,16,16,32,48,30,295,160,130,0,0,0,16,512,-1,485.785156,477.917969,7.8671875,7.6015625,7611.34961,7618.951,0,0,0,0,0,0,0,0,0,0,4.26727724,7,505,600,1200,3000,50,0.965000033,1.30500007,0,3,17,53,2670,10451.9824,0,0,0,0,9,4,0,1,22.518,30.132,0.975,11800.5039,308.609375,8.628405,0,0,0,0.008760015,0,0,0,0,0,0,0,0,0,64.53125,62,16376,4274,12101,73.89828,60.364,849920,450749440
05/28/2026 19:23:42,42,56,0,51,56,47,47,47,47,66,12.12,5.04,1.31000006,1.39200008,0.986000061,0.324,0.67,3.288,2.046,0,3.37200022,3.37200022,3.12000012,52,46,46,45,946,734,0,821,716,0,0,0,0,0,20.31,7.81,6.25,4.69,4.69,20.31,3.12,3.12,8.79,20.31,36.1611328,3708,492,5050,1210,50.5,1.43581831,0.58125,4040,463,40.4,0.7793475,0.58125,3205,262,33.6666679,0.448122144,0.58125,3188,196,33.6666679,0.372382551,0.58125,3823,312,40.4,0.5364316,0.58125,4040,1161,40.4,1.302789,0.58125,3188,178,33.6666679,0.355729461,0.58125,3130,156,33.6666679,0.328671068,0.58125,52.0000076,47.3750038,99.99827,26.3034782,10.5772858,71.32032,9.653896,5.22686768,64.875,38.25,0.25,0,55,0,85,0.416,1.01,16,16,16,32,48,30,295,160,130,0,0,0,16,37.75,0.25,0,55,0,85,0.416,1.01,16,16,16,32,48,30,295,160,130,0,0,0,16,512,-1,485.785156,477.917969,7.8671875,7.6015625,7611.34961,7618.951,0,0,0,0,0,0,0,0,0,0,4.26186275,7,505,600,1200,3000,50,0.965000033,1.30500007,0,7,17,53,2670,10451.9824,0,0,0,0,10,4,0,1,23.153,30.334,0.975,11800.5039,308.984375,8.973929,0,0,0,0.008857601,0,0,0,0,0,0.009997292,0,0,0,64.5625,64,16376,4274,12101,73.89828,62.61,849920,3.524997E+08
05/28/2026 19:23:44,42,56,0,51,56,47,47,47,47,66,12.0960007,5.03,1.30800009,1.39200008,0.998,0.324,0.668000042,3.28400016,2.046,0,3.36800027,3.36800027,3.11600018,52,45.5,46,45,943,734,0,802,735,0,0,0,0,0,16.92,9.23,4.62,4.62,4.62,23.08,3.08,0,8.27,23.08,36.5030823,4020,530,5050,1270,50.5,1.48512292,0.5625,4040,549,40.4,0.863404036,0.5625,3820,282,40.4,0.474923164,0.5625,3779,210,40.4,0.3954273,0.5625,3822,344,40.4,0.581517935,0.5625,4040,1221,40.4,1.369671,0.5625,3825,188,40.4,0.37861836,0.5625,3786,177,40.4,0.3634639,0.5625,52.1250076,47.3750038,99.99826,26.307209,10.573555,71.33044,9.654396,5.226368,64.8783646,38.25,0.25,0,55,0,85,0.416,1.01,16,16,16,32,48,30,295,160,130,0,0,0,16,37.75,0.25,0,55,0,85,0.416,1.01,16,16,16,32,48,30,295,160,130,0,0,0,16,512,-1,485.785156,477.917969,7.8671875,7.6015625,7611.34961,7618.951,0,0,0,0,0,0,0,0,0,0,4.40299129,7,505,600,1200,3000,50,0.965000033,1.30500007,0,1,16,53,2670,10451.9824,0,0,0,0,10,4,0,1,22.939,29.984,0.975,11800.5039,309.234375,9.060753,0,0,0,0.012408359,0,0,0,0,0,0.0110030752,0,0,0,64.75,64,16376,4274,12101,73.89828,62.694,99328,3.910492E+08
05/28/2026 19:23:46,42,56,0,51,56,47,47,47,47,66,12.0960007,5.03,1.31000006,1.39200008,0.986000061,0.334000021,0.668000042,3.28400016,2.046,0,3.36800027,3.36800027,3.11600018,52,45.5,46,45,938,729,0,802,717,0,0,0,0,0,23.44,9.38,4.76,4.76,9.52,15.62,4.76,4.76,9.63,23.44,36.26177,3706,494,4850,1207,48.5,1.4575088,0.64375,4850,528,48.5,0.8490776,0.64375,3033,258,32.3333321,0.4633696,0.64375,3000,191,32.3333321,0.383046448,0.64375,3052,347,32.3333321,0.5593697,0.64375,4850,1100,48.5,1.26723254,0.64375,3006,172,32.3333321,0.363674641,0.64375,3005,147,32.3333321,0.333243936,0.64375,52.1250076,47.3750038,99.99827,26.3342743,10.54649,71.4038239,9.6843605,5.1964035,65.07973,38.25,0.25,0,55,0,85,0.416,1.01,16,16,16,32,48,30,295,160,130,0,0,0,16,37.75,0.25,0,55,0,85,0.416,1.01,16,16,16,32,48,30,295,160,130,0,0,0,16,512,-1,485.785156,477.917969,7.8671875,7.6015625,7611.34961,7618.951,0,0,0,0,0,0,0,0,0,0,4.29509926,7,505,600,1200,3000,50,0.965000033,1.30500007,0,0,16,53,2670,10451.9824,0,0,0,0,9,4,0,1,22.753,30.491,0.975,11800.5078,309.609375,9.095315,0,0,0,0.0110110939,0,0,0,0,0,0.0225772839,0,0,0,64.84375,64,16376,4274,12101,73.89828,61.276,799744,360449024
05/28/2026 19:23:48,42,55,0,51,56,47,47,47,47,66,12.0960007,5.03,1.30800009,1.39200008,0.986000061,0.332000017,0.668000042,3.28400016,2.046,0,3.36800027,3.36800027,3.11600018,52,45.5,46,45,938,692,0,802,735,0,0,0,0,0,28.12,4.69,4.69,3.12,3.12,15.62,0,0,7.42,28.12,36.36836,3926,517,4040,1270,40.4,1.45869112,0.64375,5050,514,50.5,0.806559265,0.64375,3854,263,40.4,0.445641845,0.64375,3186,208,33.6666679,0.3906697,0.54375,3889,353,40.4,0.5713121,0.54375,5050,1180,50.5,1.35479283,0.51875,3160,177,33.6666679,0.355419427,0.51875,3182,172,33.6666679,0.353049248,0.51875,52.1250076,47.3750038,99.99826,26.309761,10.571003,71.33736,9.654751,5.226013,64.88075,38.25,0.25,0,55,0,85,0.416,1.01,16,16,16,32,48,30,295,160,130,0,0,0,16,37.75,0.25,0,55,0,85,0.416,1.01,16,16,16,32,48,30,295,160,130,0,0,0,16,512,-1,485.785156,477.917969,7.8671875,7.6015625,7611.34961,7618.951,0,0,0,0,0,0,0,0,0,0,4.267953,7,505,600,1200,3000,50,1.074,1.30500007,0,13,18,53,2670,10451.9824,0,0,0,0,9,4,0,1,22.921,30.83,0.975,11800.5078,309.859375,9.139819,0,0,0,0.009310635,0,0,0,0,0,0.0117233908,0,0,0,65.03125,64,16376,4274,12101,73.89828,62.002,849920,398599168
05/28/2026 19:23:50,42,54,0,51,56,47,47,47,47,66,12.0720005,5.03,1.30800009,1.39200008,0.990000069,0.338000029,0.668000042,3.28400016,2.046,0,3.36800027,3.36800027,3.11600018,52,45.5,46,45,946,705,0,820,717,0,0,0,0,0,18.75,14.06,4.62,1.54,4.69,18.75,4.62,3.08,8.76,18.75,36.32663,4129,516,4040,1146,40.4,1.4416548,0.53125,4040,571,40.4,0.856574357,0.53125,4753,254,50.5,0.4518933,0.53125,3785,205,40.4,0.397835016,0.53125,3839,326,40.4,0.5678779,0.53125,5050,1252,50.5,1.356819,0.53125,3750,199,40.4,0.380292743,0.55,3773,174,40.4,0.364997268,0.55,52.2500076,48.5000038,99.99825,26.3367844,10.54398,71.41063,9.687344,5.19342041,65.09978,38.25,0.25,0,55,0,85,0.416,1.01,16,16,16,32,48,30,295,160,130,0,0,0,16,37.75,0.25,0,55,0,85,0.416,1.01,16,16,16,32,48,30,295,160,130,0,0,0,16,512,-1,485.785156,477.917969,7.8671875,7.6015625,7611.34961,7618.951,0,0,0,0,0,0,0,0,0,0,4.23924351,7,505,600,1200,3000,51,0.969000041,1.30500007,0,3,20,53,2670,10451.9824,0,0,0,0,10,4,0,1,23.189,30.238,0.975,11800.5078,310.109375,9.137095,0,0,0,0.007209723,0,0,0,0,0,0.010948834,0,0,0,65.09375,64,16376,4274,12101,73.89828,63.426,99328,365199360
05/28/2026 19:23:52,42,54,0,51,56,47,47,47,47,66,12.0960007,5.03,1.30800009,1.388,0.988000035,0.338000029,0.668000042,3.28400016,2.046,0,3.36800027,3.36800027,3.11600018,52,45.5,46,45,933,701,0,809,716,0,0,0,0,0,23.08,9.23,3.12,3.12,6.25,26.56,1.56,4.69,9.7,26.56,36.3042755,4029,514,4040,1301,40.4,1.4830277,0.5625,4040,521,40.4,0.8372198,0.5625,3775,258,40.4,0.461770475,0.5625,3854,215,40.4,0.401532948,0.5625,3843,342,40.4,0.5680237,0.5625,5050,1113,50.5,1.3152374,0.5625,3771,175,40.4,0.3638007,0.5625,3861,188,40.4,0.373073876,0.5625,52.2500076,47.3750038,99.99827,26.3102226,10.5705414,71.33861,9.655254,5.22550964,64.88413,38.25,0.25,0,55,0,85,0.416,1.01,16,16,16,32,48,30,295,160,130,0,0,0,16,37.75,0.25,0,55,0,85,0.416,1.01,16,16,16,32,48,30,295,160,130,0,0,0,16,512,-1,485.785156,477.917969,7.8671875,7.6015625,7611.34961,7618.951,0,0,0,0,0,0,0,0,0,0,4.39462,7,505,600,1200,3000,50,0.940000057,1.30500007,0,4,18,53,2670,10451.9824,0,0,0,0,10,4,0,1,22.629,29.564,0.975,11800.5117,310.234375,9.13226,0,0,0,0.0106092636,0,0,0,0,0,0,0,0,0,65.25,64,16376,4274,12101,73.89828,62.2,149504,393699328
05/28/2026 19:23:54,42,54,0,51,56,47,47,47,47,66,12.0960007,5.02000046,1.30800009,1.388,0.984,0.336000025,0.668000042,3.28000021,2.046,0,3.364,3.364,3.11200023,52,45.5,45.5,45,933,701,0,821,734,0,0,0,0,0,14.06,10.94,6.25,4.69,3.12,15.62,1.56,3.12,7.42,15.62,36.11683,4292,521,5050,1281,50.5,1.47300649,0.56875,5050,540,50.5,0.832501531,0.56875,3846,269,40.4,0.457497,0.56875,3858,231,40.4,0.415227652,0.56875,3835,350,40.4,0.572047532,0.56875,5050,1139,50.5,1.31080055,0.56875,3776,198,40.4,0.383642644,0.56875,3868,161,40.4,0.348125517,0.56875,52.1250076,47.3750038,99.99827,26.3336754,10.5470886,71.4022,9.68927,5.191494,65.11272,38.25,0.25,0,55,0,85,0.416,1.01,16,16,16,32,48,30,295,160,130,0,0,0,16,37.75,0.25,0,55,0,85,0.416,1.01,16,16,16,32,48,30,295,160,130,0,0,0,16,512,-1,485.785156,477.917969,7.8671875,7.6015625,7611.34961,7618.951,0,0,0,0,0,0,0,0,0,0,4.25527239,7,505,600,1200,3000,50,0.969000041,1.30500007,0,1,17,53,2670,10451.9824,0,0,0,0,9,4,0,1,22.825,30.143,0.975,11800.457,303.0039,9.137967,0,0,0,0.00737345638,0,0,0,0,0,0.1572372,0,0,0,65.375,64,16376,4274,12101,73.89828,61.356,799744,443949056
05/28/2026 19:23:56,42,54,0,51,56,47,47,47,47,66,12.0960007,5.03,1.30800009,1.39200008,0.994,0.324,0.668000042,3.28400016,2.046,0,3.364,3.364,3.11600018,52,45.5,46,45,933,700,0,822,717,0,0,0,0,0,17.19,6.25,4.69,3.12,4.69,23.44,4.69,6.25,8.79,23.44,36.4909134,3764,549,4040,1221,40.4,1.49244189,0.56875,4040,622,40.4,0.9396594,0.56875,3303,291,33.6666679,0.478236735,0.56875,3266,231,33.6666679,0.407836616,0.56875,3923,329,40.4,0.5762081,0.56875,5050,1284,50.5,1.392174,0.56875,3224,196,33.6666679,0.373782367,0.56875,3269,217,33.6666679,0.379903883,0.56875,52.1250076,46.8750038,99.99827,26.33588,10.5448837,71.40817,9.686729,5.19403458,65.09564,38.25,0.25,0,55,0,85,0.416,1.01,16,16,16,32,48,30,295,160,130,0,0,0,16,37.75,0.25,0,55,0,85,0.416,1.01,16,16,16,32,48,30,295,160,130,0,0,0,16,512,-1,485.785156,477.917969,7.8671875,7.6015625,7611.34961,7618.951,0,0,0,0,0,0,0,0,0,0,4.336553,7,505,600,1200,3000,51,0.965000033,1.30500007,0,1,16,54,2670,10451.9824,0,0,0,0,9,4,0,1,23.107,30.741,0.975,11800.457,303.2539,9.22904,0,0,0,0.01246742,0,0,0,0,0,0.009459087,0,0,0,65.28125,64,16376,4274,12101,73.89828,62.579,4249600,4.986491E+08
05/28/2026 19:23:58,42,54,0,51,56,47,47,47,47,66,12.0960007,5.03,1.30800009,1.39200008,0.998,0.328,0.668000042,3.28400016,2.046,0,3.364,3.364,3.11600018,52,45.5,46,45,944,700,0,809,735,0,0,0,0,0,21.88,6.25,3.08,6.15,6.15,20.31,4.62,3.08,8.94,21.88,36.46915,4162,548,5050,1336,50.5,1.542426,0.55625,4040,556,40.4,0.8800785,0.55625,3824,268,40.4,0.4631688,0.55625,3833,242,40.4,0.4315995,0.55625,3894,375,40.4,0.6192293,0.55625,5050,1216,50.5,1.35189235,0.55625,3806,212,40.4,0.387767524,0.55625,3800,182,40.4,0.3525353,0.55625,52.1250076,46.8750038,99.99827,26.336647,10.544117,71.41025,9.691601,5.189163,65.12839,38.25,0.25,0,55,0,85,0.416,1.01,16,16,16,32,48,30,295,160,130,0,0,0,16,37.75,0.25,0,55,0,85,0.416,1.01,16,16,16,32,48,30,295,160,130,0,0,0,16,512,-1,485.785156,477.917969,7.8671875,7.6015625,7611.34961,7618.951,0,0,0,0,0,0,0,0,0,0,4.242406,7,505,600,1200,3000,50,0.969000041,1.30500007,0,0,17,53,2670,10451.9824,0,0,0,0,10,4,0,1,22.931,29.95,0.975,11800.457,304.425781,9.17289,0,0,0,0.005781093,0,0,0,0,0,0.01139274,0,0,0,65.5625,64,16376,4274,12101,73.89828,63.116,849920,5.921997E+08
05/28/2026 19:24:00,42,54,0,51,56,47,47,47,47,66,12.0960007,5.03,1.30800009,1.39200008,0.996000051,0.332000017,0.668000042,3.28400016,2.046,0,3.36800027,3.36800027,3.11600018,52,45.5,46,45,933,700,0,821,735,0,0,0,0,0,26.56,9.38,1.54,4.62,6.25,17.19,1.54,0,8.38,26.56,36.71893,4533,580,5050,1489,50.5,1.65112269,0.55,5050,616,50.5,0.9502827,0.55,4768,282,50.5,0.478902817,0.55,4871,265,50.5,0.445243746,0.55,4856,413,50.5,0.6461124,0.55,4040,1198,40.4,1.35632885,0.55625,3787,187,40.4,0.37292555,0.55625,3839,189,40.4,0.3634156,0.55625,52.1250076,47.6250038,99.99826,26.3099861,10.5707779,71.33797,9.657349,5.22341537,64.89821,38.25,0.25,0,55,0,85,0.416,1.01,16,16,16,32,48,30,295,160,130,0,0,0,16,37.75,0.25,0,55,0,85,0.416,1.01,16,16,16,32,48,30,295,160,130,0,0,0,16,512,-1,485.785156,477.917969,7.8671875,7.6015625,7611.34961,7618.951,0,0,0,0,0,0,0,0,0,0,4.22300863,7,505,600,1200,3000,50,0.969000041,1.30500007,0,1,16,53,2670,10451.9824,0,0,0,0,10,4,0,1,22.7,29.805,0.975,11800.457,304.65625,9.164332,0,0,0,0.008311207,0,0,0,0,0,0.009290743,0,0,0,65.625,66,16376,4274,12101,73.89828,61.767,149504,418949120
05/28/2026 19:24:02,42,54,0,51,56,47,47,47,47,66,12.0960007,5.03,1.30800009,1.39200008,0.994,0.324,0.668000042,3.28400016,2.046,0,3.36800027,3.364,3.11600018,52,45.5,46,45,937,674,0,823,716,0,0,0,0,0,18.75,10.94,10.94,7.69,12.5,20.31,4.62,3.08,11.1,20.31,36.7805748,4036,551,4040,1213,40.4,1.48482263,0.55,4040,534,40.4,0.8629869,0.55,3815,284,40.4,0.487705946,0.55,3851,247,40.4,0.4433856,0.55,3879,375,40.4,0.6237026,0.55,5050,1383,50.5,1.47163069,0.55,3809,194,40.4,0.3806384,0.55,3805,176,40.4,0.3672816,0.55,52.5000076,47.8750038,99.99826,26.334053,10.546711,71.40322,9.690414,5.19034958,65.12041,38.25,0.25,0,55,0,85,0.416,1.01,16,16,16,32,48,30,295,160,130,0,0,0,16,37.75,0.25,0,55,0,85,0.416,1.01,16,16,16,32,48,30,295,160,130,0,0,0,16,512,-1,485.785156,477.917969,7.8671875,7.6015625,7611.34961,7618.951,0,0,0,0,0,0,0,0,0,0,4.255199,7,505,600,1200,3000,50,1.04000008,1.30500007,0,17,17,54,2670,10451.9824,0,0,0,0,9,4,0,1,23.101,30.595,0.975,11800.4609,305.03125,9.180028,0,0,0,0.01112264,0,0,0,0,0,0.009829311,0,0,0,65.6875,64,16376,4274,12101,73.89828,61.868,849920,4.404992E+08
05/28/2026 19:24:04,42,54,0,51,56,47,47,47,47,66,12.0960007,5.03,1.30800009,1.39200008,1.008,0.33,0.668000042,3.28400016,2.046,0,3.36800027,3.364,3.11600018,52,45.5,46,45,931,675,0,820,734,0,0,0,0,0,23.44,6.25,3.12,4.69,3.12,21.88,1.56,0,8.01,23.44,36.49096,3716,548,5050,1297,50.5,1.51733112,0.55625,4040,585,40.4,0.911835134,0.55625,3178,252,33.6666679,0.4556898,0.55625,3247,233,33.6666679,0.425746769,0.55625,3845,359,40.4,0.587912858,0.55625,4040,1283,40.4,1.43166256,0.55625,3114,172,33.6666679,0.359999657,0.55625,3217,199,33.6666679,0.373700857,0.55625,52.5000076,47.3750038,99.99826,26.30297,10.5777931,71.31894,9.660702,5.22006226,64.92074,38.25,0.25,0,55,0,85,0.416,1.01,16,16,16,32,48,30,295,160,130,0,0,0,16,37.75,0.25,0,55,0,85,0.416,1.01,16,16,16,32,48,30,295,160,130,0,0,0,16,512,-1,485.785156,477.917969,7.8671875,7.6015625,7611.34961,7618.951,0,0,0,0,0,0,0,0,0,0,4.2727623,7,505,600,1200,3000,50,0.965000033,1.30500007,0,7,17,54,2670,10451.9824,0,0,0,0,10,4,0,1,23.429,31.068,0.975,11800.4648,305.28125,9.142608,0,0,0,0.013461533,0,0,0,0,0,0.0208981838,0,0,0,65.84375,66,16376,4274,12101,73.89828,63.647,849920,400049152
05/28/2026 19:24:06,42,54,0,51,56,47,47,47,47,66,12.0960007,5.02000046,1.30800009,1.388,0.996000051,0.324,0.668000042,3.28400016,2.046,0,3.364,3.364,3.11600018,52,45.5,46,45,947,675,0,821,735,0,0,0,0,0,26.56,7.81,1.56,1.56,10.94,18.75,1.56,4.69,9.18,26.56,36.34917,4014,512,4040,1261,40.4,1.47422481,0.55,4040,514,40.4,0.8244763,0.55,3768,241,40.4,0.437489063,0.55,3819,220,40.4,0.388896137,0.55,3848,332,40.4,0.566622257,0.55,5050,1157,50.5,1.32807434,0.55,3743,183,40.4,0.359536052,0.55,3801,187,40.4,0.35379982,0.55,52.3750076,46.8750038,99.99827,26.3347015,10.5460625,71.40498,9.689407,5.19135666,65.11364,38.25,0.25,0,55,0,85,0.416,1.01,16,16,16,32,48,30,295,160,130,0,0,0,16,37.75,0.25,0,55,0,85,0.416,1.01,16,16,16,32,48,30,295,160,130,0,0,0,16,512,-1,485.785156,477.917969,7.8671875,7.6015625,7611.34961,7618.951,0,0,0,0,0,0,0,0,0,0,4.26091337,7,505,600,1200,3000,50,0.979000032,1.30500007,0,3,17,54,2670,10451.9824,0,0,0,0,10,4,0,1,22.925,30.078,0.975,11800.4648,306.359375,9.182184,0,0,0,0.0143316817,0,0,0,0,0,0.009157464,0,0,0,66,66,16376,4274,12101,73.89828,62.926,849920,2.886492E+08
05/28/2026 19:24:08,42,54,0,51,56,47,47,47,47,66,12.12,5.03,1.30800009,1.39200008,0.988000035,0.332000017,0.668000042,3.28400016,2.046,0,3.36800027,3.36800027,3.11600018,52,45.5,46,45,938,675,0,819,735,0,0,0,0,0,25,12.5,3.12,3.12,6.25,20.31,1.56,4.69,9.57,25,36.43423,3994,529,5050,1274,50.5,1.49421668,0.55625,4040,579,40.4,0.8916639,0.55625,3162,268,33.6666679,0.4591582,0.55625,3240,251,33.6666679,0.420763224,0.55625,3837,343,40.4,0.5882576,0.55625,5050,1171,50.5,1.34652829,0.55625,3723,175,40.4,0.367824167,0.55625,3853,171,40.4,0.354693085,0.55625,52.2500076,47.3750038,99.99826,26.3095932,10.5711708,71.3369,9.666069,5.214695,64.9568,38.25,0.25,0,55,0,85,0.416,1.01,16,16,16,32,48,30,295,160,130,0,0,0,16,37.5,0.25,0,55,0,85,0.416,1.01,16,16,16,32,48,30,295,160,130,0,0,0,16,512,-1,485.785156,477.917969,7.8671875,7.6015625,7611.34961,7618.951,0,0,0,0,0,0,0,0,0,0,4.30243349,7,505,600,1200,3000,50,0.974000037,1.30500007,0,2,17,54,2670,10451.9824,0,0,0,0,10,4,0,1,22.828,27.439,0.975,11801.3359,307.484375,9.36755,0,0,0,0.02862705,0,0,0,0,0,0.09269807,0,0,0,66.0625,64,16376,4273,12102,73.90353,61.901,849920,3.213998E+08
05/28/2026 19:24:10,42,54,0,51,56,47,47,47,47,66,12.0960007,5.03,1.30800009,1.39200008,0.994,0.324,0.668000042,3.28000021,2.046,0,3.364,3.364,3.11600018,52,45.5,46,45,946,674,0,810,735,0,0,0,0,0,26.56,12.5,7.69,4.62,7.69,26.15,3.08,3.08,11.42,26.56,36.33559,4016,534,5050,1344,50.5,1.47529685,0.55,4040,556,40.4,0.831499934,0.55,3833,277,40.4,0.46724394,0.55,3798,216,40.4,0.395860285,0.55,3855,357,40.4,0.579700947,0.55,4040,1182,40.4,1.40888691,0.55,3734,168,40.4,0.358449221,0.55,3781,176,40.4,0.357262969,0.575,52.3750076,50.2500038,99.99826,26.3393936,10.54137,71.4177,9.692055,5.18870926,65.13143,38.25,0.25,0,55,0,85,0.416,1.01,16,16,16,32,48,30,295,160,130,0,0,0,16,37.75,0.25,0,55,0,85,0.416,1.01,16,16,16,32,48,30,295,160,130,0,0,0,16,512,-1,485.785156,477.917969,7.8671875,7.6015625,7611.34961,7618.951,0,0,0,0,0,0,0,0,0,0,4.41221762,7,505,600,1200,3000,50,0.989,1.30500007,0,4,17,54,2670,10451.9824,0,0,0,0,9,4,0,1,23.56,24.747,0.975,11801.34,308.109375,9.234365,0,0,0,0.0104985265,0,0,0,0,0,0.008903309,0,0,0,66.28125,66,16376,4273,12102,73.90353,62.963,149504,4.417495E+08
05/28/2026 19:24:12,42,54,0,51,56,47,47,47,47,66,12.0960007,5.02000046,1.30800009,1.39200008,0.994,0.338000029,0.668000042,3.28000021,2.046,0,3.364,3.364,3.11600018,52,45.5,46,45,935,674,0,821,716,0,0,0,0,0,26.56,7.81,1.56,4.69,0,14.06,0,1.56,7.03,26.56,36.1319466,4170,517,4040,1277,40.4,1.41346824,0.575,5050,567,50.5,0.8570673,0.575,3875,252,40.4,0.440955937,0.575,3840,202,40.4,0.385941923,0.575,3836,328,40.4,0.567142844,0.575,5050,1124,50.5,1.33794093,0.575,3813,191,40.4,0.358266175,0.5375,3858,197,40.4,0.3533605,0.5375,52.2500076,46.8750038,99.9982758,26.3350983,10.5456657,71.40605,9.69194,5.1888237,65.13066,38.5,0.25,0,55,0,85,0.416,1.01,16,16,16,32,48,30,295,160,130,0,0,0,16,37.5,0.25,0,55,0,85,0.416,1.01,16,16,16,32,48,30,295,160,130,0,0,0,16,512,-1,485.785156,477.917969,7.8671875,7.6015625,7611.34961,7618.951,0,0,0,0,0,0,0,0,0,0,4.29849863,7,505,600,1200,3000,51,0.969000041,1.30500007,0,2,17,54,2670,10451.9824,0,0,0,0,10,4,0,1,22.751,25.194,0.975,11801.34,308.625,9.184675,0,0,0,0.008330789,0,0,0,0,0,0.0256262328,0,0,0,66.28125,66,16376,4273,12102,73.90353,63.866,849920,4.746496E+08
05/28/2026 19:24:14,42,54,0,51,56,47,47,47,47,66,12.0960007,5.03,1.30800009,1.39200008,0.992000043,0.324,0.668000042,3.28400016,2.046,0,3.36800027,3.364,3.11600018,52,45.5,46,45,933,700,0,804,735,0,0,0,0,0,20.31,7.81,3.12,0,3.12,20.31,0,3.12,7.23,20.31,35.76677,4378,470,5050,1213,50.5,1.35994637,0.55,5050,502,50.5,0.7871441,0.55,4733,240,50.5,0.4043973,0.55,3769,182,40.4,0.358308017,0.55,3779,304,40.4,0.499303162,0.55,5050,983,50.5,1.24586475,0.55,3734,175,40.4,0.334385246,0.53125,3860,164,40.4,0.325851172,0.53125,52.0000076,47.3750038,99.99826,26.3057823,10.5749817,71.32657,9.65921,5.221554,64.91071,38.5,0.25,0,55,0,85,0.416,1.01,16,16,16,32,48,30,295,160,130,0,0,0,16,37.5,0.25,0,55,0,85,0.416,1.01,16,16,16,32,48,30,295,160,130,0,0,0,16,512,-1,485.785156,477.917969,7.8671875,7.6015625,7611.34961,7618.951,0,0,0,0,0,0,0,0,0,0,4.27549362,7,505,600,1200,3000,50,0.965000033,1.30500007,0,3,17,54,2670,10451.9824,0,0,0,0,10,4,0,1,22.708,25.511,0.975,11801.3438,309,9.191153,0,0,0,0.0138340276,0,0,0,0,0,0.008926147,0,0,0,66.46875,66,16376,4273,12102,73.90353,62.341,849920,365749248
05/28/2026 19:24:16,42,54,0,51,56,47,47,47,47,66,12.0960007,5.03,1.30800009,1.39200008,0.986000061,0.338000029,0.668000042,3.28000021,2.046,0,3.364,3.36800027,3.11600018,52,45.5,46,45,941,700,0,804,734,0,0,0,0,0,29.69,7.81,1.56,3.12,4.69,26.56,1.56,1.56,9.57,29.69,36.3842239,4360,529,4040,1336,40.4,1.46057594,0.54375,4040,544,40.4,0.843438447,0.54375,3743,284,38.8,0.486077219,0.54375,4542,201,48.5,0.4026834,0.5625,4597,335,48.5,0.555505931,0.5625,4850,1153,48.5,1.35795593,0.5625,4546,197,48.5,0.3843335,0.5625,4518,179,48.5,0.363199651,0.5625,51.8750076,47.6250038,99.99827,26.3071327,10.5736313,71.33023,9.661434,5.21933,64.92566,38.5,0.25,0,55,0,85,0.416,1.01,16,16,16,32,48,30,295,160,130,0,0,0,16,37.75,0.25,0,55,0,85,0.416,1.01,16,16,16,32,48,30,295,160,130,0,0,0,16,512,-1,485.785156,477.917969,7.8671875,7.6015625,7611.34961,7618.951,0,0,0,0,0,0,0,0,0,0,4.28729248,7,505,600,1200,3000,50,0.969000041,1.30500007,0,2,17,54,2670,10451.9824,0,0,0,0,9,4,0,1,22.913,22.783,0.975,11802.625,309.550781,9.043006,0,0,0,0.0159317628,0,0,0,0,0,0.08662395,0,0,0,66.53125,66,16376,4272,12103,73.91128,61.827,1299456,296599552
05/28/2026 19:24:18,41,54,0,50,55,45,45,45,45,65,12.12,5.03,1.31000006,1.39200008,1,0.334000021,0.668000042,3.28400016,2.046,0,3.36800027,3.36800027,3.11600018,51,45.5,45.5,45,913,701,0,821,735,0,0,0,0,0,21.88,10.94,6.25,4.69,6.25,21.88,6.25,4.62,10.34,21.88,36.43845,3918,537,5050,1403,50.5,1.53524733,0.575,4040,549,40.4,0.8810117,0.575,3208,280,33.6666679,0.469329685,0.575,3177,225,33.6666679,0.411682,0.575,3847,341,40.4,0.591887,0.56875,5050,1137,50.5,1.38031912,0.56875,3796,190,40.4,0.37791273,0.56875,3179,174,33.6666679,0.358702,0.56875,51.7500076,47.3750038,99.99827,26.3407822,10.5399818,71.42146,9.692276,5.188488,65.13292,38.5,0.25,0,55,0,85,0.416,1.01,16,16,16,32,48,30,295,160,130,0,0,0,16,37.75,0.25,0,55,0,85,0.416,1.01,16,16,16,32,48,30,295,160,130,0,0,0,16,512,-1,485.785156,477.917969,7.8671875,7.6015625,7611.34961,7618.951,0,0,0,0,0,0,0,0,0,0,4.34950161,7,505,600,1200,3000,50,0.969000041,1.30500007,0,4,17,54,2670,10451.9824,0,0,0,0,10,4,0,1,23.502,23.718,0.975,11802.625,310.011719,9.428845,0,0,0,0.0143100088,0,0,0,0,0,0.01725001,0,0,0,66.65625,64,16376,4272,12103,73.91128,63.435,899072,3.608996E+08
05/28/2026 19:24:20,41,54,0,50,55,45,45,45,45,65,12.12,5.03,1.30800009,1.39200008,0.988000035,0.326,0.666,3.28400016,2.046,0,3.36800027,3.36800027,3.11600018,51,45.5,45.5,45,908,704,0,810,723,0,0,0,0,0,25,7.81,7.81,6.25,7.81,18.75,4.69,4.69,10.35,25,36.19098,4406,514,5050,1378,50.5,1.47426844,0.55625,4040,505,40.4,0.824121237,0.55625,4902,299,50.5,0.4654866,0.5625,3819,210,40.4,0.387125015,0.5625,3846,323,40.4,0.5611199,0.5625,5050,1051,50.5,1.31634939,0.55625,4763,170,50.5,0.345769942,0.55625,3781,179,40.4,0.344629645,0.55625,51.7500076,47.3750038,99.99826,26.3094444,10.57132,71.3364944,9.662498,5.21826553,64.9328156,38.5,0.25,0,55,0,85,0.416,1.01,16,16,16,32,48,30,295,160,130,0,0,0,16,37.5,0.25,0,55,0,85,0.416,1.01,16,16,16,32,48,30,295,160,130,0,0,0,16,512,-1,485.785156,477.917969,7.8671875,7.6015625,7611.34961,7618.951,0,0,0,0,0,0,0,0,0,0,4.23903036,7,505,600,1200,3000,50,1.04500008,1.30500007,0,17,18,54,2670,10451.9824,0,0,0,0,9,4,0,1,22.77,27.967,0.975,11802.6289,310.4336,9.492153,0,0,0,0.00766474847,0,0,0,0,0,0.009157881,0,0,0,66.8125,66,16376,4272,12103,73.91128,63.374,149504,470649856
05/28/2026 19:24:22,41,54,0,50,55,45,45,45,45,65,12.12,5.03,1.31000006,1.39200008,1.00400007,0.33,0.668000042,3.28400016,2.046,0,3.36800027,3.36800027,3.11600018,51,46,46,45,900,702,0,806,715,0,0,0,0,0,23.44,12.5,6.25,6.25,6.25,17.19,3.12,3.12,9.77,23.44,36.5675049,3870,543,5050,1495,50.5,1.56762636,0.55,3367,558,33.6666679,0.898501754,0.55,3240,296,33.6666679,0.482046753,0.55,3831,228,40.4,0.41207,0.55625,3870,360,40.4,0.6090772,0.55625,4040,1082,40.4,1.34112072,0.55625,3773,166,40.4,0.35827744,0.55625,3792,160,40.4,0.334301561,0.55625,51.7500076,47.3750038,99.99827,26.3389664,10.5417976,71.41654,9.687477,5.193287,65.10067,38.5,0.25,0,55,0,85,0.416,1.01,16,16,16,32,48,30,295,160,130,0,0,0,16,37.75,0.25,0,55,0,85,0.416,1.01,16,16,16,32,48,30,295,160,130,0,0,0,16,512,-1,485.785156,477.917969,7.8671875,7.6015625,7611.34961,7618.951,0,0,0,0,0,0,0,0,0,0,4.3857584,7,505,600,1200,3000,49,0.965000033,1.30500007,0,3,17,55,2670,10451.9824,0,0,0,0,10,4,0,1,22.45,20.454,0.975,11802.6289,310.8086,9.259563,0,0,0,0.009662627,0,0,0,0,0,0.009391993,0,0,0,66.875,64,16376,4272,12103,73.91128,61.556,849920,2.680494E+08
05/28/2026 19:24:24,41,55,0,50,55,46,46,46,46,65,12.12,5.03,1.31000006,1.39200008,0.984,0.33,0.666,3.28400016,2.046,0,3.364,3.364,3.11600018,53,45.5,46,45,900,704,0,790,713,0,0,0,0,0,31.25,10.94,9.38,7.69,7.81,21.88,3.08,16.92,13.62,31.25,37.821106,3816,654,5050,1554,50.5,1.70756972,0.58125,4040,634,40.4,1.02296889,0.58125,3154,282,33.6666679,0.5010622,0.58125,3180,233,33.6666679,0.445889175,0.58125,3187,397,33.6666679,0.682480037,0.58125,4040,1252,40.4,1.51205254,0.58125,3839,217,40.4,0.4143362,0.58125,4040,660,40.4,0.852852166,0.58125,53.2500076,47.3750038,99.99827,26.3148,10.5659637,71.35101,9.6675,5.21326447,64.96642,38.5,0.25,0,55,0,85,0.416,1.01,16,16,16,32,48,30,295,160,130,0,0,0,16,37.5,0.25,0,55,0,85,0.416,1.01,16,16,16,32,48,30,295,160,130,0,0,0,16,512,-1,485.785156,477.917969,7.8671875,7.6015625,7611.34961,7618.951,0,0,0,0,0,0,0,0,0,0,4.29139948,7,505,600,1200,3000,50,0.965000033,1.30500007,0,2,17,55,2670,10451.9824,0,0,0,0,9,4,0,1,22.867,21.821,0.975,11802.7656,311.707031,9.271909,0,0,0,0.008768051,0,0,0,0,0,0.0114674512,0,0,0,67,66,16376,4272,12103,73.91204,62.511,849920,3.151995E+08
05/28/2026 19:24:26,42,55,0,51,55,49,49,49,49,67,12.12,5.03,1.30800009,1.39200008,0.984,0.33,0.666,3.28400016,2.046,0,3.36800027,3.36800027,3.11600018,52,45.5,45.5,45,941,711,0,809,695,0,0,0,0,0,25,9.38,4.69,3.12,3.12,20.31,3.12,4.69,9.18,25,35.87697,3922,503,5050,1373,50.5,1.47093606,0.55625,4040,484,40.4,0.8502589,0.55625,3246,269,33.6666679,0.451308727,0.55625,3190,222,33.6666679,0.390470266,0.55625,3852,344,40.4,0.56195873,0.55625,5050,989,50.5,1.27057648,0.55625,3764,171,40.4,0.344075054,0.55625,3183,175,33.6666679,0.3357477,0.55625,52.7500076,47.3750038,99.99826,26.3377953,10.5429688,71.41337,9.693314,5.18745041,65.13989,38.5,0.25,0,55,0,85,0.416,1.01,16,16,16,32,48,30,295,160,130,0,0,0,16,37.5,0.25,0,55,0,85,0.416,1.01,16,16,16,32,48,30,295,160,130,0,0,0,16,512,-1,485.785156,477.917969,7.8671875,7.6015625,7611.34961,7618.951,0,0,0,0,0,0,0,0,0,0,4.25209045,7,505,600,1200,3000,50,0.969000041,1.30500007,0,8,17,55,2670,10451.9824,0,0,0,0,10,4,0,1,22.737,21.561,0.975,11802.77,311.957031,9.424911,0,0,0,0.011298947,0,0,0,0,0,0.009670541,0,0,0,67.03125,66,16376,4272,12103,73.91204,64.109,849920,3.585495E+08
05/28/2026 19:24:28,42,54,0,51,56,47,47,47,47,66,12.0960007,5.02000046,1.30800009,1.39200008,0.992000043,0.33,0.666,3.28000021,2.046,0,3.364,3.364,3.11600018,52,45.5,45.5,45,944,678,0,818,720,0,0,0,0,0,25,14.06,4.69,1.56,7.81,12.5,0,4.69,8.79,25,36.16982,4021,536,5050,1438,50.5,1.55935824,0.55625,4040,560,40.4,0.842775941,0.55625,3798,268,40.4,0.442356646,0.55625,3877,258,40.4,0.413742185,0.55625,3826,343,40.4,0.56879437,0.55625,4040,1073,40.4,1.30407941,0.55625,3774,175,40.4,0.354105383,0.55625,3765,171,40.4,0.3476282,0.55625,52.6250076,47.3750038,99.99827,26.3112259,10.5695381,71.3413239,9.662731,5.218033,64.93437,38.5,0.25,0,55,0,85,0.416,1.01,16,16,16,32,48,30,295,160,130,0,0,0,16,37.5,0.25,0,55,0,85,0.416,1.01,16,16,16,32,48,30,295,160,130,0,0,0,16,512,-1,485.785156,477.917969,7.8671875,7.6015625,7611.34961,7618.951,0,0,0,0,0,0,0,0,0,0,4.21260738,7,505,600,1200,3000,50,0.969000041,1.30500007,0,2,17,55,2670,10451.9824,0,0,0,0,9,4,0,1,22.441,18.573,0.975,11802.7734,312.082031,9.564872,0,0,0,0.00867128,0,0,0,0,0,0,0,0,0,67.1875,66,16376,4272,12103,73.91204,62.917,799744,3.919493E+08
05/28/2026 19:24:30,42,54,0,51,56,47,47,47,47,66,12.12,5.03,1.31000006,1.39200008,0.994,0.326,0.666,3.28400016,2.046,0,3.36800027,3.36800027,3.12000012,52,45.5,45.5,45,944,676,0,808,729,0,0,0,0,0,18.46,7.69,3.08,4.62,6.15,30.77,1.54,3.03,9.42,30.77,36.2414131,3972,502,5050,1250,50.5,1.44191861,0.56875,4027,485,40.4,0.8369102,0.56875,3711,204,40.4,0.415467381,0.56875,3710,141,40.4,0.3508968,0.56875,3875,281,40.4,0.536971152,0.56875,4040,1439,40.4,1.64615548,0.56875,3663,102,40.4,0.315965742,0.56875,3696,116,40.4,0.3148477,0.56875,52.8750076,52.6250038,99.99827,26.333786,10.546978,71.4025,9.686905,5.193859,65.0968246,38.5,0.25,0,55,0,85,0.416,1.01,16,16,16,32,48,30,295,160,130,0,0,0,16,37.5,0.25,0,55,0,85,0.416,1.01,16,16,16,32,48,30,295,160,130,0,0,0,16,512,-1,485.785156,477.917969,7.8671875,7.6015625,7611.34961,7618.951,0,0,0,0,0,0,0,0,0,0,4.36921072,7,505,600,1200,3000,50,0.965000033,1.30500007,0,0,17,55,2670,10451.9824,0,0,0,0,4,2,0,0,19.862,22.715,0.975,11803.2852,313.707031,4.78415537,0,0,0,0.06413252,0,0,0,0,0,0.163841411,0,0,0,67.125,66,16376,4271,12104,73.91509,58.829,5.479936E+07,7.624909E+07
05/28/2026 19:24:32,43,54,0,52,57,49,49,49,49,67,12.0960007,5.03,1.31000006,1.39200008,0.996000051,0.324,0.666,3.28400016,2.046,0,3.36800027,3.36800027,3.12000012,53,46,46,45,961,674,0,807,717,0,0,0,0,0,29.23,15.38,3.08,1.54,6.15,29.23,1.54,1.54,10.96,29.23,36.5304565,3642,510,5050,1479,50.5,1.61972344,0.56875,3948,433,40.4,0.7683983,0.56875,3185,243,33.6666679,0.471650243,0.56875,3153,148,33.6666679,0.377006143,0.56875,3760,240,40.4,0.50106734,0.56875,4040,1345,40.4,1.5431391,0.56875,3011,100,33.6666679,0.313121885,0.56875,2991,95,33.6666679,0.3111627,0.56875,53.6250076,53.5000038,99.99826,26.3087082,10.5720558,71.3345,9.660831,5.21993256,64.92161,38.5,0.25,0,55,0,85,0.416,1.01,16,16,16,32,48,30,295,160,130,0,0,0,16,37.5,0.25,0,55,0,85,0.416,1.01,16,16,16,32,48,30,295,160,130,0,0,0,16,512,-1,485.785156,477.917969,7.8671875,7.6015625,7611.34961,7618.951,0,0,0,0,0,0,0,0,0,0,4.349357,7,505,600,1200,3000,50,0.974000037,1.30500007,0,3,16,55,2670,10451.9824,0,0,0,0,4,2,0,0,20.54,24.647,0.975,11803.3125,317.207031,3.51907372,0,0,0,0.08363715,0,0,0,0,0,0.0666824654,0,0,0,67.21875,66,16376,4271,12104,73.91509,56.948,1249280,8.689971E+07
05/28/2026 19:24:34,43,55,0,53,57,49,49,49,49,67,12.0960007,5.03,1.31000006,1.39200008,0.994,0.334000021,0.666,3.28400016,2.046,0,3.36800027,3.36800027,3.11600018,53,46,46,45,950,681,0,810,720,0,0,0,0,0,29.69,7.81,3.12,1.56,6.25,18.75,3.12,1.59,8.99,29.69,36.30534,3710,472,5050,1671,50.5,1.72284472,0.55,3864,381,40.4,0.681286037,0.55,3742,190,40.4,0.395605952,0.55,3097,116,33.6666679,0.3261347,0.55,3808,272,40.4,0.500603259,0.55,4040,953,40.4,1.2601105,0.55,3053,95,33.6666679,0.292735249,0.55,3027,97,33.6666679,0.2842857,0.55,53.8750076,47.3750038,99.99826,26.30283,10.5779343,71.31856,9.657303,5.223461,64.8978958,38.5,0.25,0,55,0,85,0.416,1.01,16,16,16,32,48,30,295,160,130,0,0,0,16,37.5,0.25,0,55,0,85,0.416,1.01,16,16,16,32,48,30,295,160,130,0,0,0,16,512,-1,485.785156,477.917969,7.8671875,7.6015625,7611.34961,7618.951,0,0,0,0,0,0,0,0,0,0,4.171032,7,505,600,1200,3000,50,0.965000033,1.30500007,0,1,17,55,2670,10451.9824,0,0,0,0,4,2,0,0,19.836,24.031,0.975,11803.332,320.332031,3.55766344,0,0,0,0.084503904,0,0,0,0,0,0.108264074,0,0,0,67.1875,66,16376,4271,12104,73.91509,57.285,849920,8.689971E+07
05/28/2026 19:24:36,44,55,0,53,58,51,51,51,51,69,12.0960007,5.03,1.31000006,1.39200008,0.992000043,0.324,0.666,3.28400016,2.046,0,3.36800027,3.36800027,3.11600018,54,46,45.5,45,972,692,0,840,729,0,0,0,0,0,29.69,9.38,1.56,0,0,12.5,1.56,1.56,7.03,29.69,36.7782974,4434,500,4850,1651,48.5,1.779675,0.55625,4798,480,48.5,0.8542239,0.55625,4436,170,48.5,0.398893744,0.55625,4354,128,48.5,0.339197516,0.55625,4578,297,48.5,0.5506415,0.55625,5050,1015,50.5,1.3192724,0.61875,3635,99,40.4,0.311641932,0.61875,3771,156,40.4,0.3337443,0.61875,54.1250076,47.3750038,99.99827,26.3153343,10.56543,71.35246,9.660175,5.22058868,64.9172058,38.5,0.25,0,55,0,85,0.416,1.01,16,16,16,32,48,30,295,160,130,0,0,0,16,37.5,0.25,0,55,0,85,0.416,1.01,16,16,16,32,48,30,295,160,130,0,0,0,16,512,-1,485.785156,477.917969,7.8671875,7.6015625,7611.34961,7618.951,0,0,0,0,0,0,0,0,0,0,4.325469,7,505,600,1200,3000,50,0.965000033,1.30500007,0,0,17,55,2670,10451.9824,0,0,0,0,5,3,0,0,20.128,27.335,0.975,11803.3555,323.582031,4.50346756,0,0,0,0.08118766,0,0,0,0,0,0.06942104,0,0,0,67.4375,66,16376,4271,12104,73.91509,56.936,849920,161999872
05/28/2026 19:24:38,44,56,0,53,58,49,49,49,49,67,12.0960007,5.03,1.31000006,1.39200008,0.998,0.326,0.666,3.28400016,2.046,0,3.36800027,3.36800027,3.11600018,53,46,45.5,45,970,700,0,831,739,0,0,0,0,0,31.25,12.5,4.69,1.56,6.25,17.19,1.56,1.56,9.57,31.25,36.06228,3948,465,5050,1487,50.5,1.60704648,0.55,3897,385,40.4,0.7147424,0.55,3771,203,40.4,0.3848895,0.575,3668,116,40.4,0.307563066,0.575,3785,269,40.4,0.491675884,0.575,4040,1052,40.4,1.28990579,0.575,3701,101,40.4,0.289615,0.575,3676,109,40.4,0.289309233,0.575,53.6250076,51.7500038,99.99825,26.3359871,10.5447769,71.40846,9.68766,5.193104,65.1019,38.5,0.25,0,55,0,85,0.416,1.01,16,16,16,32,48,30,295,160,130,0,0,0,16,37.5,0.25,0,55,0,85,0.416,1.01,16,16,16,32,48,30,295,160,130,0,0,0,16,512,-1,485.785156,477.917969,7.8671875,7.6015625,7611.34961,7618.951,0,0,0,0,0,0,0,0,0,0,4.306196,7,505,600,1200,3000,51,1.03500009,1.30500007,0,13,17,55,2670,10451.9824,0,0,0,0,6,3,0,0,20.902,28.452,0.975,11803.3594,325.332031,5.950769,0,0,0,0.05859204,0,0,0,0,0,0.0506668836,0,0,0,67.53125,66,16376,4271,12104,73.91509,60.215,199680,161249280
05/28/2026 19:24:40,43,56,0,53,57,49,49,49,49,67,12.12,5.03,1.31000006,1.39200008,0.990000069,0.326,0.666,3.28400016,2.046,0,3.36800027,3.36800027,3.11600018,53,46,45.5,45,962,732,0,831,759,0,0,0,0,0,32.81,12.5,4.69,4.69,6.25,20.31,6.25,0,10.94,32.81,36.2156372,3936,471,5050,1609,50.5,1.64883208,0.575,3942,422,40.4,0.758139,0.575,3716,176,40.4,0.3708077,0.575,3677,131,40.4,0.309719,0.575,3775,245,40.4,0.4655066,0.575,4040,962,40.4,1.2681042,0.575,3678,111,40.4,0.285937756,0.575,3608,110,40.4,0.275878966,0.575,53.3750076,47.3750038,99.99825,26.3066216,10.5741425,71.32884,9.656746,5.224018,64.89415,38.5,0.25,0,55,0,85,0.416,1.01,16,16,16,32,48,30,295,160,130,0,0,0,16,37.5,0.25,0,55,0,85,0.416,1.01,16,16,16,32,48,30,295,160,130,0,0,0,16,512,-1,485.785156,477.917969,7.8671875,7.6015625,7611.34961,7618.951,0,0,0,0,0,0,0,0,0,0,4.244248,7,505,600,1200,3000,50,0.974000037,1.30500007,0,3,20,55,2670,10451.9824,0,0,0,0,6,3,0,0,20.694,28.901,0.975,11803.3633,327.339844,5.91337538,0,0,0,0.0603166781,0,0,0,0,0,0.0466595069,0,0,0,67.65625,66,16376,4271,12104,73.91509,62.051,99328,161099776
05/28/2026 19:24:42,43,56,0,53,57,49,49,49,49,67,12.12,5.03,1.31000006,1.39200008,0.990000069,0.326,0.666,3.28400016,2.046,0,3.36800027,3.36800027,3.11600018,53,46,45.5,45,964,734,0,846,754,0,0,0,0,0,20.31,9.38,3.12,0,4.69,21.88,0,3.12,7.81,21.88,35.8966751,3945,446,4040,1383,40.4,1.52398241,0.525,4953,385,50.5,0.6883554,0.525,3706,166,40.4,0.351298749,0.525,3708,136,40.4,0.3155965,0.525,3779,259,40.4,0.4721736,0.525,4040,1014,40.4,1.2330792,0.525,3645,105,40.4,0.2826112,0.525,3689,119,40.4,0.287571937,0.525,53.1250076,48.6250038,99.9982758,26.3358536,10.54491,71.4081,9.689167,5.191597,65.11203,38.5,0.25,0,55,0,85,0.416,1.01,16,16,16,32,48,30,295,160,130,0,0,0,16,37.5,0.25,0,55,0,85,0.416,1.01,16,16,16,32,48,30,295,160,130,0,0,0,16,512,-1,485.785156,477.917969,7.8671875,7.6015625,7611.34961,7618.951,0,0,0,0,0,0,0,0,0,0,4.22804642,7,505,600,1200,3000,50,0.830000043,1.30500007,0,0,16,55,2670,10451.9824,0,0,0,0,6,3,0,0,20.366,28.621,0.975,11803.3672,328.714844,5.92259,0,0,0,0.0491564348,0,0,0,0,0,0.0289896913,0,0,0,67.6875,66,16376,4271,12104,73.91509,61.069,849920,160899072
05/28/2026 19:24:44,42,56,0,52,57,48,48,48,48,67,12.0960007,5.03,1.31000006,1.39200008,0.992000043,0.33,0.666,3.28400016,2.046,0,3.36800027,3.36800027,3.11600018,52,45.5,45.5,45,943,708,0,843,735,0,0,0,0,0,26.56,12.5,1.56,3.12,3.12,17.19,0,1.56,8.2,26.56,35.8945541,4252,443,5050,1297,50.5,1.46612585,0.55625,3984,429,40.4,0.7606528,0.55625,3850,239,40.4,0.387372732,0.55625,3624,110,40.4,0.2781889,0.55625,3790,238,40.4,0.472497076,0.55625,4850,1019,48.5,1.27647293,0.575,4347,97,48.5,0.2616216,0.575,4519,116,48.5,0.2703311,0.575,52.7500076,46.8750038,99.99826,26.3108826,10.5698814,71.34039,9.665314,5.21545029,64.95173,38.5,0.25,0,55,0,85,0.416,1.01,16,16,16,32,48,30,295,160,130,0,0,0,16,37.5,0.25,0,55,0,85,0.416,1.01,16,16,16,32,48,30,295,160,130,0,0,0,16,512,-1,485.785156,477.917969,7.8671875,7.6015625,7611.34961,7618.951,0,0,0,0,0,0,0,0,0,0,4.22097158,7,505,600,1200,3000,50,0.965000033,1.30500007,0,1,16,55,2670,10451.9824,0,0,0,0,6,3,0,0,20.042,28.564,0.975,11803.375,329.84375,5.91661739,0,0,0,0.0436050445,0,0,0,0,0,0.0502597131,0,0,0,67.78125,66,16376,4271,12104,73.91509,59.948,849920,1.613998E+08
05/28/2026 19:24:46,42,55,0,51,56,47,47,47,47,66,12.12,5.03,1.31000006,1.39200008,0.992000043,0.326,0.666,3.288,2.046,0,3.36800027,3.36800027,3.12000012,52,45.5,45.5,45,943,727,0,839,729,0,0,0,0,0,37.5,6.25,3.12,1.56,4.69,10.94,4.69,3.12,8.98,37.5,35.8587837,3736,463,4040,1411,40.4,1.47415447,0.55,3993,440,40.4,0.743526161,0.55,3821,211,40.4,0.390567958,0.55,4687,134,50.5,0.309055179,0.55625,3144,282,33.6666679,0.4934849,0.5375,4040,993,40.4,1.27578533,0.5375,3067,112,33.6666679,0.275005966,0.5375,3099,124,33.6666679,0.2852479,0.5375,52.3750076,46.8750038,99.99826,26.3403854,10.5403786,71.4203949,9.693489,5.187275,65.14107,38.5,0.25,0,55,0,85,0.416,1.01,16,16,16,32,48,30,295,160,130,0,0,0,16,37.5,0.25,0,55,0,85,0.416,1.01,16,16,16,32,48,30,295,160,130,0,0,0,16,512,-1,485.785156,477.917969,7.8671875,7.6015625,7611.34961,7618.951,0,0,0,0,0,0,0,0,0,0,4.22665262,7,505,600,1200,3000,50,0.955000043,1.30500007,0,2,17,55,2670,10451.9824,0,0,0,0,6,3,0,0,20.549,28.751,0.975,11803.3789,331.21875,6.039148,0,0,0,0.04016373,0,0,0,0,0,0.06814026,0,0,0,67.875,68,16376,4271,12104,73.91509,60.796,849920,8.52992E+07
05/28/2026 19:24:48,42,56,0,51,56,47,47,47,47,66,12.12,5.03,1.31000006,1.39200008,0.984,0.336000025,0.666,3.28400016,2.046,0,3.36800027,3.36800027,3.11600018,52,46,45.5,45,942,725,0,807,720,0,0,0,0,0,43.48,10.14,2.9,1.45,5.8,18.84,2.9,7.25,11.59,43.48,36.5501251,3735,512,5050,2132,50.5,2.31093264,0.5375,3909,377,40.4,0.7005322,0.5375,3057,149,33.6666679,0.3100758,0.5375,3017,106,33.6666679,0.2483225,0.5375,4727,255,50.5,0.459784359,0.55,4040,905,40.4,1.17726815,0.55,3026,79,33.6666679,0.217262745,0.55,3055,90,33.6666679,0.212630555,0.55,56.2500076,59.6250038,99.99826,26.3119888,10.5687752,71.34339,9.665203,5.215561,64.95099,38.5,0.25,0,55,0,85,0.416,1.01,16,16,16,32,48,30,295,160,130,0,0,0,16,37.5,0.25,0,55,0,85,0.416,1.01,16,16,16,32,48,30,295,160,130,0,0,0,16,512,-1,485.785156,477.917969,7.8671875,7.6015625,7611.34961,7618.951,0,0,0,0,0,0,0,0,0,0,4.02648544,7,505,600,1200,3000,50,0.969000041,1.30500007,0,4,20,56,2670,10451.9824,0,0,0,0,1,1,0,0,18.44,20.333,0.975,11803.3945,332.09375,4.76671028,0,0,0,0.0355450027,0,0,0,0,0,0.029605465,0,0,0,67.96875,68,16376,4271,12104,73.91509,61.905,0,7.420498E+08
05/28/2026 19:24:50,42,56,0,51,56,50,50,50,50,68,12.0960007,5.02000046,1.30800009,1.388,0.998,0.336000025,0.666,3.28400016,2.046,0,3.364,3.364,3.11200023,55,45.5,45.5,45,944,732,0,821,736,0,0,0,0,0,21.88,9.38,4.76,3.12,3.12,12.5,1.56,3.12,7.43,21.88,36.213398,3866,550,5050,1517,50.5,1.57876945,0.55,4040,552,40.4,0.920994,0.55,3854,279,40.4,0.478227973,0.55,3769,230,40.4,0.413237154,0.55,3892,380,40.4,0.5932934,0.55,4040,1060,40.4,1.323412,0.55,3159,184,33.6666679,0.371902823,0.55,3125,196,33.6666679,0.358891129,0.55,55.0000076,47.3750038,99.99827,26.3329926,10.5477715,71.4003448,9.669903,5.210861,64.9825745,38.5,0.25,0,55,0,85,0.416,1.01,16,16,16,32,48,30,295,160,130,0,0,0,16,37.5,0.25,0,55,0,85,0.416,1.01,16,16,16,32,48,30,295,160,130,0,0,0,16,512,-1,485.785156,477.917969,7.8671875,7.6015625,7611.34961,7618.951,0,0,0,0,0,0,0,0,0,0,4.268921,7,505,600,1200,3000,50,0.969000041,1.30500007,0,4,19,56,2670,10451.9824,0,0,0,0,10,4,0,1,20.386,30.045,0.975,11820.2773,334.078125,9.239943,0,0,0,0.0117063615,0,0,0,0,0,0.009078403,0,0,0,68.25,68,16376,4254,12121,74.01814,61.9,899072,5.773998E+08
05/28/2026 19:24:52,44,55,0,52,57,51,51,51,51,69,12.0960007,5.03,1.30800009,1.39200008,0.992000043,0.328,0.664000034,3.28400016,2.046,0,3.364,3.364,3.11600018,54,45.5,45.5,45,977,697,0,815,720,0,0,0,0,0,25,6.25,3.12,1.56,3.12,15.62,1.56,1.56,7.23,25,35.9280624,4012,499,5050,1436,50.5,1.46806431,0.55625,4040,524,40.4,0.820200741,0.55625,3857,279,40.4,0.437479019,0.55625,3811,223,40.4,0.3892615,0.55625,3795,317,40.4,0.518547833,0.55625,4040,874,40.4,1.19456863,0.55625,3751,171,40.4,0.344268024,0.5625,3749,167,40.4,0.330214083,0.5625,54.0000076,46.8750038,99.99826,26.3060913,10.5746727,71.3274,9.635429,5.24533463,64.75091,38.5,0.25,0,55,0,85,0.416,1.01,16,16,16,32,48,30,295,160,130,0,0,0,16,37.5,0.25,0,55,0,85,0.416,1.01,16,16,16,32,48,30,295,160,130,0,0,0,16,512,-1,485.785156,477.917969,7.8671875,7.6015625,7611.34961,7618.951,0,0,0,0,0,0,0,0,0,0,4.32816267,7,505,600,1200,3000,51,0.965000033,1.30500007,0,0,17,56,2670,10451.9824,0,0,0,0,10,4,0,1,20.708,30.201,0.975,11820.2773,334.328125,9.483221,0,0,0,0.00937565,0,0,0,0,0,0.0104651451,0,0,0,68.4375,68,16376,4254,12121,74.01814,62.157,799744,375399424
05/28/2026 19:24:54,44,55,0,53,57,49,49,49,49,67,12.0960007,5.02000046,1.30600011,1.39200008,0.994,0.336000025,0.666,3.28000021,2.046,0,3.364,3.364,3.11600018,53,45.5,45.5,45,968,714,0,827,742,0,0,0,0,0,31.25,14.06,4.69,3.12,7.81,20.31,4.69,4.69,11.33,31.25,36.8839951,4284,579,5050,1539,50.5,1.61521924,0.56875,5050,605,50.5,0.966872,0.56875,3856,332,40.4,0.5377831,0.55,3844,236,40.4,0.432085663,0.55,3810,366,40.4,0.5954403,0.55,5050,1177,50.5,1.40330231,0.54375,3830,197,40.4,0.3853338,0.54375,3784,181,40.4,0.3667211,0.54375,53.3750076,47.6250038,99.99827,26.335453,10.545311,71.40701,9.669685,5.21107864,64.98111,38.5,0.25,0,55,0,85,0.416,1.01,16,16,16,32,48,30,295,160,130,0,0,0,16,37.5,0.25,0,55,0,85,0.416,1.01,16,16,16,32,48,30,295,160,130,0,0,0,16,512,-1,485.785156,477.917969,7.8671875,7.6015625,7611.34961,7618.951,0,0,0,0,0,0,0,0,0,0,4.2831893,7,505,600,1200,3000,50,1.0250001,1.30500007,0,3,17,56,2670,10451.9824,0,0,0,0,10,4,0,1,21.275,30.724,0.975,11820.2773,334.453125,9.462946,0,0,0,0.0125503121,0,0,0,0,0,0.008310207,0,0,0,68.4375,68,16376,4254,12121,74.01814,63.742,799744,557249536
05/28/2026 19:24:56,43,54,0,53,57,49,49,49,49,67,12.0960007,5.03,1.30800009,1.39200008,0.992000043,0.34,0.666,3.28400016,2.046,0,3.36800027,3.364,3.11200023,53,45.5,45.5,45,961,681,0,840,730,0,0,0,0,0,25.4,7.94,4.76,3.17,4.76,12.7,3.17,1.59,7.94,25.4,36.1539764,4049,509,5050,1404,50.5,1.48511147,0.55,4040,529,40.4,0.833294034,0.55,3919,296,40.4,0.472693473,0.55,3956,257,40.4,0.428441823,0.55,3871,317,40.4,0.53870213,0.55,4040,931,40.4,1.22258556,0.55,3767,171,40.4,0.3530916,0.55,3748,167,40.4,0.350353837,0.55625,52.8750076,47.3750038,99.99825,26.3056564,10.5751076,71.3262253,9.64098,5.23978424,64.78821,38.5,0.25,0,55,0,85,0.416,1.01,16,16,16,32,48,30,295,160,130,0,0,0,16,37.5,0.25,0,55,0,85,0.416,1.01,16,16,16,32,48,30,295,160,130,0,0,0,16,512,-1,485.785156,477.917969,7.8671875,7.6015625,7611.34961,7618.951,0,0,0,0,0,0,0,0,0,0,4.19109154,7,505,600,1200,3000,51,0.965000033,1.30500007,0,1,17,56,2670,10451.9824,0,0,0,0,10,4,0,1,20.889,30.639,0.975,11820.2813,334.703125,9.534492,0,0,0,0.009605922,0,0,0,0,0,0.0106329694,0,0,0,68.59375,66,16376,4254,12121,74.01814,63.337,799744,3.68299E+08
05/28/2026 19:24:58,42,54,0,52,56,47,47,47,47,66,12.0960007,5.03,1.30800009,1.39200008,0.994,0.336000025,0.666,3.28400016,2.046,0,3.36800027,3.364,3.11600018,52,45.5,45.5,45,936,675,0,838,752,0,0,0,0,0,32.81,14.06,9.38,4.69,9.38,18.75,4.69,6.25,12.5,32.81,36.2118759,4273,533,5050,1374,50.5,1.50869942,0.5875,5050,561,50.5,0.9052501,0.5875,3867,265,40.4,0.462305516,0.5875,3808,214,40.4,0.388805,0.5875,3862,359,40.4,0.579324663,0.5875,5050,1154,50.5,1.36827874,0.55625,3755,171,40.4,0.347342,0.55625,3742,165,40.4,0.33537364,0.55625,52.5000076,47.3750038,99.99827,26.3063087,10.5744553,71.32799,9.63830948,5.24245453,64.770256,38.5,0.25,0,55,0,85,0.416,1.01,16,16,16,32,48,30,295,160,130,0,0,0,16,37.5,0.25,0,55,0,85,0.416,1.01,16,16,16,32,48,30,295,160,130,0,0,0,16,512,-1,485.785156,477.917969,7.8671875,7.6015625,7611.34961,7618.951,0,0,0,0,0,0,0,0,0,0,4.35776043,7,505,600,1200,3000,50,0.969000041,1.30500007,0,4,17,56,2670,10451.9824,0,0,0,0,9,4,0,1,20.302,30.136,0.975,11820.2813,334.953125,9.162885,0,0,0,0.0156693421,0,0,0,0,0,0.008986683,0,0,0,68.59375,68,16376,4254,12121,74.01814,61.945,849920,615349248
05/28/2026 19:25:00,42,55,0,51,56,47,47,47,47,66,12.0960007,5.03,1.30800009,1.39200008,0.990000069,0.324,0.666,3.28400016,2.046,0,3.36800027,3.36800027,3.11600018,53,46,45.5,45,945,679,0,814,742,0,0,0,0,0,20.31,14.06,3.08,1.54,10.94,28.12,4.62,0,10.33,28.12,37.53752,4059,652,4040,1195,40.4,1.4453212,0.55625,4040,782,40.4,1.09214079,0.55625,3939,345,40.4,0.5670425,0.55625,3892,281,40.4,0.502996147,0.55625,3938,435,40.4,0.690523148,0.55625,5050,1750,50.5,1.90077889,0.55625,3781,230,40.4,0.431832463,0.55625,3793,201,40.4,0.3970031,0.55625,53.5000076,46.8750038,99.99825,26.3267479,10.5540161,71.3834152,9.644016,5.23674774,64.80861,38.5,0.25,0,55,0,85,0.416,1.01,16,16,16,32,48,30,295,160,130,0,0,0,16,37.5,0.25,0,55,0,85,0.416,1.01,16,16,16,32,48,30,295,160,130,0,0,0,16,512,-1,485.785156,477.917969,7.8671875,7.6015625,7611.34961,7618.951,0,0,0,0,0,0,0,0,0,0,4.25757551,7,505,600,1200,3000,50,1.05500007,1.30500007,0,16,17,56,2670,10451.9824,0,0,0,0,9,4,0,1,20.779,29.545,0.975,11831.1758,339.765625,9.239264,0,0,0,0.06203929,0,0,0,0,0,0.7885269,0,0,0,68.78125,66,16376,4243,12132,74.0845261,61.996,849920,439399424
05/28/2026 19:25:02,43,55,0,51,56,49,49,49,49,67,12.12,5.03,1.31000006,1.39200008,0.992000043,0.326,0.666,3.28400016,2.046,0,3.36800027,3.36800027,3.11600018,53,46,45.5,45.5,952,689,0,813,720,0,0,0,0,0,17.19,18.75,4.69,4.69,7.81,35.94,6.25,4.69,12.5,35.94,36.7691,3799,581,4040,1180,40.4,1.451442,0.56875,4040,679,40.4,0.98059535,0.56875,3907,339,40.4,0.541886,0.54375,3241,258,33.6666679,0.46813646,0.54375,3837,373,40.4,0.6372185,0.54375,5050,1471,50.5,1.5587908,0.54375,3141,180,33.6666679,0.397615,0.54375,3136,168,33.6666679,0.378133357,0.54375,53.3750076,47.8750038,99.99825,26.3514366,10.5293274,71.4503555,9.672699,5.208065,65.00136,38.5,0.25,0,55,0,85,0.416,1.01,16,16,16,32,48,30,295,160,130,0,0,0,16,37.5,0.25,0,55,0,85,0.416,1.01,16,16,16,32,48,30,295,160,130,0,0,0,16,512,-1,485.785156,477.917969,7.8671875,7.6015625,7611.34961,7618.951,0,0,0,0,0,0,0,0,0,0,4.24979925,7,505,600,1200,3000,51,0.969000041,1.30500007,0,2,20,56,2670,10451.9824,0,0,0,0,10,4,0,1,21.286,30.715,0.975,11831.18,339.957031,9.175184,0,0,0,0.0345570035,0,0,0,0,0,0.0205138382,0,0,0,68.8125,66,16376,4243,12132,74.0845261,63.594,849920,290349056
05/28/2026 19:25:04,43,55,0,52,57,49,49,49,49,67,12.0960007,5.03,1.30800009,1.39200008,0.986000061,0.326,0.664000034,3.28400016,2.046,0,3.36800027,3.36800027,3.11600018,52,46,45.5,45.5,950,721,0,831,721,0,0,0,0,0,20.31,14.06,1.56,3.12,4.69,25,1.56,1.56,8.98,25,35.7254143,4001,482,4040,1027,40.4,1.31172621,0.55,4040,497,40.4,0.827171445,0.55,3858,230,40.4,0.4018677,0.55,4743,205,50.5,0.360417873,0.55,3819,300,40.4,0.5159081,0.53125,4040,1294,40.4,1.39148021,0.53125,3747,145,40.4,0.3152699,0.53125,3719,159,40.4,0.306705743,0.53125,52.7500076,47.3750038,99.99825,26.3205185,10.5602455,71.36652,9.64484,5.235924,64.81415,38.5,0.25,0,55,0,85,0.416,1.01,16,16,16,32,48,30,295,160,130,0,0,0,16,37.5,0.25,0,55,0,85,0.416,1.01,16,16,16,32,48,30,295,160,130,0,0,0,16,512,-1,485.785156,477.917969,7.8671875,7.6015625,7611.34961,7618.951,0,0,0,0,0,0,0,0,0,0,4.20345163,7,505,600,1200,3000,50,0.965000033,1.30500007,0,3,17,56,2670,10451.9824,0,0,0,0,9,4,0,1,20.718,30.583,0.975,11831.18,340.082031,9.070548,0,0,0,0.004486533,0,0,0,0,0,0,0,0,0,68.90625,68,16376,4243,12132,74.0845261,62.608,849920,3.709993E+08
05/28/2026 19:25:06,42,56,0,51,56,47,47,47,47,66,12.0960007,5.03,1.30800009,1.39200008,0.984,0.332000017,0.664000034,3.28400016,2.046,0,3.364,3.364,3.11600018,52,45.5,45.5,45.5,935,727,0,837,729,0,0,0,0,0,18.75,7.81,6.25,1.56,3.12,26.56,3.12,3.17,8.8,26.56,36.058754,4057,509,4040,1195,40.4,1.42356312,0.54375,4040,498,40.4,0.829276741,0.54375,3767,245,40.4,0.438030034,0.54375,3775,188,40.4,0.366708368,0.54375,4848,347,50.5,0.562072039,0.54375,5050,1271,50.5,1.37199688,0.54375,3765,158,40.4,0.338585824,0.54375,3171,170,33.6666679,0.337064832,0.54375,52.3750076,46.8750038,99.99826,26.3176689,10.5630951,71.3587952,9.642071,5.238693,64.79553,38.5,0.25,0,55,0,85,0.416,1.01,16,16,16,32,48,30,295,160,130,0,0,0,16,37.5,0.25,0,55,0,85,0.416,1.01,16,16,16,32,48,30,295,160,130,0,0,0,16,512,-1,485.785156,477.917969,7.8671875,7.6015625,7611.34961,7618.951,0,0,0,0,0,0,0,0,0,0,4.159812,7,505,600,1200,3000,50,1.05000007,1.30500007,0,4,16,56,2670,10451.9824,0,0,0,0,9,4,0,1,20.665,29.094,0.975,11831.18,340.207031,9.27704048,0,0,0,0.0111472448,0,0,0,0,0,0.008937973,0,0,0,69.03125,68,16376,4243,12132,74.0845261,62.342,849920,377849856
05/28/2026 19:25:08,42,56,0,51,56,47,47,47,47,66,12.0960007,5.03,1.30800009,1.388,0.984,0.326,0.664000034,3.28000021,2.046,0,3.364,3.364,3.11600018,52,45.5,45.5,45.5,938,730,0,809,721,0,0,0,0,0,15.62,14.06,1.56,1.56,4.69,25,0,0,7.81,25,35.760685,4384,488,5050,1132,50.5,1.348317,0.55,5050,525,50.5,0.85096854,0.55,3826,235,40.4,0.401328474,0.55,3748,180,40.4,0.336271316,0.55,3870,347,40.4,0.5411296,0.55,5050,1177,50.5,1.32877886,0.55,3741,149,40.4,0.313308954,0.55,4741,157,50.5,0.3061152,0.55,52.0000076,47.3750038,99.99827,26.3191757,10.5615883,71.3628845,9.641689,5.23907471,64.79297,38.5,0.25,0,55,0,85,0.416,1.01,16,16,16,32,48,30,295,160,130,0,0,0,16,37.5,0.25,0,55,0,85,0.416,1.01,16,16,16,32,48,30,295,160,130,0,0,0,16,512,-1,485.785156,477.917969,7.8671875,7.6015625,7611.34961,7618.951,0,0,0,0,0,0,0,0,0,0,4.237798,7,505,600,1200,3000,50,0.969000041,1.30500007,0,5,17,57,2670,10451.9824,0,0,0,0,10,4,0,1,21.336,31.079,0.975,11831.18,340.207031,9.292871,0,0,0,0.00475986628,0,0,0,0,0,0,0,0,0,69.15625,68,16376,4243,12132,74.0845261,63.628,849920,4.522496E+08
05/28/2026 19:25:10,42,56,0,51,56,47,47,47,47,66,12.0960007,5.03,1.30800009,1.39200008,0.990000069,0.336000025,0.664000034,3.28000021,2.046,0,3.364,3.364,3.11600018,52,45.5,45.5,45.5,947,704,0,821,735,0,0,0,0,0,25,18.75,7.81,1.56,6.25,26.56,4.69,1.56,11.52,26.56,37.45707,4071,628,5050,1256,50.5,1.52528739,0.55,5050,627,50.5,0.970014632,0.54375,3944,335,40.4,0.5413584,0.54375,3889,252,40.4,0.4512517,0.54375,3913,413,40.4,0.6694909,0.54375,4040,1620,40.4,1.70163918,0.525,3339,262,33.6666679,0.453650236,0.525,3342,263,33.6666679,0.4308104,0.525,52.7500076,54.5000038,99.99826,26.3834763,10.4972878,71.53723,9.689163,5.191601,65.112,38.5,0.25,0,55,0,85,0.416,1.01,16,16,16,32,48,30,295,160,130,0,0,0,16,37.5,0.25,0,55,0,85,0.416,1.01,16,16,16,32,48,30,295,160,130,0,0,0,16,512,-1,485.785156,477.917969,7.8671875,7.6015625,7611.34961,7618.951,0,0,0,0,0,0,0,0,0,0,4.233084,7,505,600,1200,3000,50,0.969000041,1.30500007,0,0,16,57,2670,10451.9824,322,293,0,0,9,4,0,1,21.224,27.034,0.975,11831.18,340.332031,8.565645,0,0,0,0.005433702,0,0,0,0,0,0,0,0,0,69.34375,68,16376,4243,12132,74.0845261,64.196,799744,3.328E+08
05/28/2026 19:25:12,42,55,0,51,56,48,48,48,48,66,12.0960007,5.02000046,1.30800009,1.39200008,0.996000051,0.334000021,0.664000034,3.28000021,2.046,0,3.364,3.364,3.11600018,53,45.5,45.5,45.5,938,700,0,817,735,0,0,0,0,0,14.29,18.75,3.17,1.56,3.12,25,3.12,1.56,8.82,25,35.8467674,4039,463,5050,972,50.5,1.12492967,0.575,4040,475,40.4,0.717333555,0.55625,3867,232,40.4,0.390330881,0.55625,3804,184,40.4,0.3456537,0.55625,3873,300,40.4,0.478664249,0.55625,4040,1227,40.4,1.336055,0.575,3797,155,40.4,0.3112941,0.575,3844,160,40.4,0.3101208,0.575,53.0000076,47.3750038,99.99827,26.38023,10.5005341,71.52843,9.686939,5.193825,65.09706,38.5,0.25,0,55,0,85,0.416,1.01,16,16,16,32,48,30,295,160,130,0,0,0,16,37.5,0.25,0,55,0,85,0.416,1.01,16,16,16,32,48,30,295,160,130,0,0,0,16,512,-1,485.785156,477.917969,7.8671875,7.6015625,7611.34961,7618.951,0,0,0,0,0,0,0,0,0,0,4.36338663,7,505,600,1200,3000,50,0.969000041,1.30500007,0,1,17,57,2670,10451.9824,621,642,0,0,9,4,0,1,23.401,23.04,0.975,11831.18,340.332031,8.525886,0,0,0,0.00552515,0,0,0,0,0,0,0,0,0,69.21875,68,16376,4243,12132,74.0845261,62.513,149504,3.398994E+08
05/28/2026 19:25:14,43,55,0,51,56,47,47,47,47,66,12.0960007,5.03,1.31000006,1.39200008,0.994,0.336000025,0.664000034,3.28400016,2.046,0,3.36800027,3.36800027,3.11600018,52,46,45.5,45.5,954,717,0,817,716,0,0,0,0,0,21.88,12.5,4.69,1.56,6.25,23.44,1.56,4.76,9.58,23.44,36.31044,3871,493,5050,1093,50.5,1.29246628,0.64375,4040,488,40.4,0.828632534,0.5875,3844,253,40.4,0.420275718,0.5875,3822,195,40.4,0.359785169,0.5875,3850,301,40.4,0.535137951,0.5875,4040,1293,40.4,1.38141274,0.5875,3130,145,33.6666679,0.314811647,0.5875,3192,174,33.6666679,0.333101541,0.5875,52.6250076,46.8750038,99.9982452,26.3858871,10.4948769,71.54376,9.69234848,5.18841553,65.13341,38.5,0.25,0,55,0,85,0.416,1.01,16,16,16,32,48,30,295,160,130,0,0,0,16,37.5,0.25,0,55,0,85,0.416,1.01,16,16,16,32,48,30,295,160,130,0,0,0,16,512,-1,485.785156,477.917969,7.8671875,7.6015625,7611.34961,7618.951,0,0,0,0,0,0,0,0,0,0,4.243667,7,505,600,1200,3000,50,1.04500008,1.30500007,0,4,16,57,2670,10451.9824,701,737,30,30,9,4,0,1,21.069,22.403,0.975,11831.18,340.332031,8.644675,0,0,0,0.009809158,0,0,0,0,0,0,0,0,0,69.03125,68,16376,4243,12132,74.0845261,62.748,849920,4.347996E+08
05/28/2026 19:25:16,42,55,0,51,56,47,47,47,47,66,12.0960007,5.03,1.30800009,1.39200008,0.9760001,0.33,0.664000034,3.28400016,2.046,0,3.36800027,3.364,3.11600018,52,46,45.5,45.5,942,722,0,817,733,0,0,0,0,0,18.75,6.35,1.59,1.59,9.52,25,1.59,1.59,8.25,25,35.7169571,3499,425,4850,775,48.5,1.05900466,0.625,3218,414,32.3333321,0.654899836,0.625,3001,198,32.3333321,0.3658391,0.625,3055,182,32.3333321,0.33684662,0.625,3065,310,32.3333321,0.4751103,0.625,4850,1254,48.5,1.2978096,0.625,2971,137,32.3333321,0.2903255,0.64375,2980,129,32.3333321,0.2773776,0.64375,52.3750076,47.3750038,99.9982758,26.3795547,10.5012093,71.5265961,9.688065,5.19269943,65.1046143,38.5,0.25,0,55,0,85,0.416,1.01,16,16,16,32,48,30,295,160,130,0,0,0,16,37.5,0.25,0,55,0,85,0.416,1.01,16,16,16,32,48,30,295,160,130,0,0,0,16,512,-1,485.785156,477.917969,7.8671875,7.6015625,7611.34961,7618.951,0,0,0,0,0,0,0,0,0,0,4.273184,7,505,600,1200,3000,50,1.04500008,1.30500007,0,12,18,56,2670,10451.9824,830,856,31,31,9,4,0,1,21.462,26.098,0.975,11831.18,340.226563,8.899577,0,0,0,0.00721075339,0,0,0,0,0,0.011569568,0,0,0,68.71875,68,16376,4243,12132,74.0845261,64.674,799744,358649856
05/28/2026 19:25:18,42,56,0,51,56,47,47,47,47,66,12.0960007,5.03,1.30800009,1.39200008,0.972000062,0.336000025,0.66200006,3.28400016,2.046,0,3.364,3.364,3.11200023,52,46,45.5,45.5,945,706,0,816,732,0,0,0,0,0,17.19,6.25,1.56,1.56,7.81,21.88,1.56,3.12,7.62,21.88,36.17784,4136,479,5050,1048,50.5,1.27724016,0.55,4040,487,40.4,0.8083384,0.55,3755,233,40.4,0.418324441,0.55,3767,190,40.4,0.360323936,0.55,3864,344,40.4,0.5488753,0.55,5050,1190,50.5,1.299783,0.55,3757,162,40.4,0.326445758,0.55,3804,180,40.4,0.3387054,0.55,52.2500076,47.3750038,99.99827,26.39788,10.4828835,71.57629,9.693344,5.18742,65.14009,38.5,0.25,0,55,0,85,0.416,1.01,16,16,16,32,48,30,295,160,130,0,0,0,16,37.5,0.25,0,55,0,85,0.416,1.01,16,16,16,32,48,30,295,160,130,0,0,0,16,512,-1,485.785156,477.917969,7.8671875,7.6015625,7611.34961,7618.951,0,0,0,0,0,0,0,0,0,0,4.30329275,7,505,600,1200,3000,50,0.965000033,1.30500007,0,3,17,56,2670,10451.9824,969,975,31,31,10,4,0,1,20.667,25.289,0.975,11839.6211,340.351563,8.874116,0,0,0,0.0107059311,0,0,0,0,0,0.0419032127,0,0,0,68.3125,68,16376,4235,12140,74.13605,62.968,849920,354949120
05/28/2026 19:25:20,42,56,0,51,56,47,47,47,47,66,12.0960007,5.02000046,1.30800009,1.39200008,0.982000053,0.326,0.66200006,3.28000021,2.046,0,3.364,3.364,3.11600018,52,46,45.5,45.5,937,710,0,815,712,0,0,0,0,0,15.87,6.35,4.76,6.35,3.17,15.87,1.59,0,6.75,15.87,35.9530449,3574,458,4850,971,48.5,1.17048359,0.6375,3228,446,32.3333321,0.7002222,0.64375,3051,210,32.3333321,0.389996558,0.64375,3072,184,32.3333321,0.352171332,0.64375,3066,291,32.3333321,0.479274,0.64375,5050,1277,50.5,1.32895279,0.56875,3145,148,33.6666679,0.317067862,0.56875,3127,135,33.6666679,0.29770723,0.56875,52.3750076,47.8750038,99.9982758,26.3934479,10.4873161,71.56427,9.687065,5.193699,65.0979,38.5,0.25,0,55,0,85,0.416,1.01,16,16,16,32,48,30,295,160,130,0,0,0,16,37.75,0.25,0,55,0,85,0.416,1.01,16,16,16,32,48,30,295,160,130,0,0,0,16,512,-1,485.785156,477.917969,7.8671875,7.6015625,7611.34961,7618.951,0,0,0,0,0,0,0,0,0,0,4.13610554,7,505,600,1200,3000,50,0.969000041,1.30500007,0,4,17,56,2670,10451.9824,1025,1025,31,31,9,4,0,1,20.675,20.917,0.975,11839.6211,340.351563,8.95681,0,0,0,0.00553072663,0,0,0,0,0,0,0,0,0,67.875,68,16376,4235,12140,74.13605,61.922,849920,289849344
05/28/2026 19:25:22,42,56,0,51,56,47,47,47,47,66,12.0960007,5.03,1.30800009,1.39200008,0.986000061,0.328,0.66200006,3.28400016,2.046,0,3.36800027,3.364,3.11600018,52,46,45.5,45.5,942,738,0,815,712,0,0,0,0,0,12.5,12.5,3.17,3.17,6.25,20.31,4.69,3.12,8.22,20.31,35.9973373,3715,459,4850,990,48.5,1.226068,0.6375,4850,512,48.5,0.780466,0.6375,3059,217,32.3333321,0.3920636,0.6375,3049,179,32.3333321,0.340899557,0.6375,3088,301,32.3333321,0.513785,0.6375,4850,1190,48.5,1.30773139,0.6375,3015,150,32.3333321,0.310701042,0.6375,2958,135,32.3333321,0.2877156,0.6375,52.6250076,47.8750038,99.99827,26.4218216,10.4589424,71.6412,9.718586,5.162178,65.30972,38.5,0.25,0,55,0,85,0.416,1.01,16,16,16,32,48,30,295,160,130,0,0,0,16,37.75,0.25,0,55,0,85,0.416,1.01,16,16,16,32,48,30,295,160,130,0,0,0,16,512,-1,485.785156,477.917969,7.8671875,7.6015625,7611.34961,7618.951,0,0,0,0,0,0,0,0,0,0,4.28410053,7,505,600,1200,3000,50,0.965000033,1.30500007,0,0,17,55,2670,10451.9824,1035,1035,31,31,9,4,0,1,21.147,22.847,0.975,11839.6211,340.476563,8.700089,0,0,0,0.00943198148,0,0,0,0,0,0,0,0,0,67.25,68,16376,4235,12140,74.13605,62.799,849920,371299328
05/28/2026 19:25:24,42,56,0,51,56,47,47,47,47,66,12.0960007,5.03,1.30800009,1.39200008,0.974000037,0.336000025,0.66200006,3.28400016,2.046,0,3.36800027,3.36800027,3.11600018,52,46.5,45.5,45.5,944,739,0,814,730,0,0,0,0,0,23.44,6.25,1.56,4.69,3.12,15.62,1.56,3.12,7.42,23.44,35.56354,3914,417,5050,862,50.5,1.09036708,0.56875,3341,418,33.6666679,0.648654938,0.56875,3821,226,40.4,0.3708892,0.55625,3735,178,40.4,0.3268109,0.55625,3798,263,40.4,0.4558112,0.55625,4040,1100,40.4,1.1940546,0.55625,3771,148,40.4,0.300686181,0.55625,3757,140,40.4,0.281885654,0.55625,52.5000076,47.8750038,99.99825,26.38707,10.4936943,71.5469742,9.691475,5.189289,65.12753,38.5,0.25,0,55,0,85,0.416,1.01,16,16,16,32,48,30,295,160,130,0,0,0,16,37.75,0.25,0,55,0,85,0.416,1.01,16,16,16,32,48,30,295,160,130,0,0,0,16,512,-1,485.785156,477.917969,7.8671875,7.6015625,7611.34961,7618.951,0,0,0,0,0,0,0,0,0,0,4.22248268,7,505,600,1200,3000,51,0.955000043,1.30500007,0,6,17,55,2670,10451.9824,1028,1030,31,31,9,4,0,1,20.977,22.164,0.975,11839.5977,336.101563,8.792959,0,0,0,0.00635077246,0,0,0,0,0,0.09731183,0,0,0,66.78125,66,16376,4235,12140,74.13605,63.517,849920,440549376
05/28/2026 19:25:26,42,56,0,51,56,47,47,47,47,66,12.0960007,5.03,1.30800009,1.39200008,0.9760001,0.33,0.66,3.28400016,2.046,0,3.36800027,3.364,3.11600018,52,46.5,45.5,45.5,937,738,0,802,730,0,0,0,0,0,23.44,7.81,1.56,0,3.12,23.44,0,0,7.42,23.44,36.1303139,4264,460,4040,949,40.4,1.20322537,0.55,5050,468,50.5,0.7132422,0.55,3814,223,40.4,0.401766241,0.55,3806,194,40.4,0.3589366,0.55,4811,280,50.5,0.492919236,0.55,5050,1215,50.5,1.31152713,0.55,3767,166,40.4,0.328294754,0.55,3777,184,40.4,0.336343139,0.55,52.6250076,49.5000038,99.99826,26.4263535,10.4544106,71.65349,9.723225,5.15753937,65.3409,38.5,0.25,0,55,0,85,0.416,1.01,16,16,16,32,48,30,295,160,130,0,0,0,16,37.75,0.25,0,55,0,85,0.416,1.01,16,16,16,32,48,30,295,160,130,0,0,0,16,512,-1,485.785156,477.917969,7.8671875,7.6015625,7611.34961,7618.951,0,0,0,0,0,0,0,0,0,0,4.19556761,7,505,600,1200,3000,51,1.03000009,1.30500007,0,7,17,54,2670,10451.9824,1021,1023,31,31,10,4,0,1,22.691,27.495,0.975,11839.5977,336.101563,8.74107552,0,0,0,0.00589561928,0,0,0,0,0,0,0,0,0,66.1875,68,16376,4235,12140,74.13605,61.799,149504,353299456
05/28/2026 19:25:28,42,56,0,51,56,49,49,49,49,67,12.0960007,5.03,1.30800009,1.39200008,1.044,0.344,0.66,3.28400016,2.046,0,3.364,3.364,3.11600018,56,46.5,45.5,45.5,939,711,0,804,713,0,0,0,0,0,35.94,7.81,3.12,0,1.56,68.75,1.59,1.56,15.04,68.75,39.8601227,3745,878,3367,1951,33.6666679,1.80493271,0.5375,3367,687,33.6666679,1.01372325,0.5375,3269,201,33.6666679,0.3592295,0.5375,3338,123,33.6666679,0.192938283,0.5375,4991,312,50.5,0.4273344,0.5375,5050,3522,50.5,2.71344447,0.55,3264,110,33.6666679,0.145281062,0.55,3311,119,33.6666679,0.1325968,0.55,57.2500076,49.7500038,99.99825,26.1504555,10.7303085,70.9054,10.0227318,4.858032,67.35361,38.75,0.25,0,55,0,85,0.416,1.01,16,16,16,32,48,30,295,160,130,0,0,0,16,37.75,0.25,0,55,0,85,0.416,1.01,16,16,16,32,48,30,295,160,130,0,0,0,16,512,-1,485.785156,477.917969,7.8671875,7.6015625,7611.34961,7618.951,0,0,0,0,0,0,0,0,0,0,1.46545267,7,505,600,1200,3000,52,1.069,1.30500007,0,11,17,53,2670,10451.9824,1018,1019,31,31,0,0,0,0,18.44,20.658,0.975,11090.8281,483.277344,0.170413375,0,0,0,0.956457436,0,0,0,0,0,3.50634575,0,0,0,65.28125,66,16376,4984,11391,69.56419,50.335,203032576,9899008
05/28/2026 19:25:30,43,56,0,52,57,53,53,53,53,71,12.0960007,5.03,1.30800009,1.39200008,1.0480001,0.334000021,0.66,3.28400016,2.046,0,3.36800027,3.364,3.11200023,67,46.5,45.5,45.5,976,712,0,811,733,0,0,0,0,0,67.65,11.76,10.29,5.88,10.29,52.94,2.94,4.41,20.77,67.65,42.5767555,3679,905,5050,3390,50.5,3.9356873,0.5375,3670,580,40.4,1.044436,0.5375,2874,335,33.6666679,0.7474167,0.5375,2833,215,33.6666679,0.6433534,0.5375,2985,471,33.6666679,0.854125142,0.5375,5050,2065,50.5,2.62705922,0.525,3543,129,40.4,0.5162828,0.525,3428,56,40.2,0.0505360961,0.5375,67.37501,61.8750038,99.99825,26.36935,10.5114136,71.4989243,9.996529,4.88423538,67.17752,38.75,0.25,0,55,0,85,0.416,1.01,16,16,16,32,48,30,295,160,130,0,0,0,16,37.75,0.25,0,55,0,85,0.416,1.01,16,16,16,32,48,30,295,160,130,0,0,0,16,512,-1,485.785156,477.917969,7.8671875,7.6015625,7611.34961,7618.951,0,0,0,0,0,0,0,0,0,0,1.52947247,7,505,600,1200,3000,51,1.04500008,1.30500007,0,9,17,53,2670,10451.9824,1019,1017,31,31,12,0,0,0,18.509,22.77,0.975,11536.7344,571.027344,3.209163,0,0,0,0,0,0,0,0,0,9.632718,0,0,0,64.75,66,16376,4537,11838,72.29368,52.231,99328,0
05/28/2026 19:25:32,44,56,0,53,58,57,57,57,57,75,12.0960007,5.03,1.30800009,1.39200008,1.054,0.332000017,0.658000052,3.28400016,2.046,0,3.36800027,3.36800027,3.11600018,69,46.5,45.5,45.5,983,712,0,832,726,0,0,0,0,0,9.38,4.69,0,0,1.56,93.75,0,1.56,13.87,93.75,39.63682,3899,781,4034,666,40.4,1.017972,0.54375,5050,393,50.5,0.564797342,0.54375,3651,103,40.4,0.157455251,0.51875,3595,64,40.4,0.137024432,0.51875,3655,141,40.4,0.243880451,0.51875,4040,4748,40.4,4.965319,0.51875,3571,65,40.4,0.123113424,0.51875,3596,68,40.4,0.125169411,0.51875,68.25001,49.7500038,99.99826,26.0725517,10.8082123,70.6941757,9.709106,5.17165756,65.24602,38.75,0.25,0,55,0,85,0.416,1.01,16,16,16,32,48,30,295,160,130,0,0,0,16,37.75,0.25,0,55,0,85,0.416,1.01,16,16,16,32,48,30,295,160,130,0,0,0,16,512,-1,485.785156,477.917969,7.8671875,7.6015625,7611.34961,7618.951,0,0,0,0,0,0,0,0,0,0,1.43925035,7,505,600,1200,3000,52,1.05500007,1.30500007,0,6,17,52,2670,10451.9824,1016,1015,31,31,0,0,0,0,17.492,20.132,0.975,11538.668,571.027344,0,0,0,0,0,0,0,0,0,0,0.007510145,0,0,0,64.1875,66,16376,4537,11838,72.29368,50.689,0,0
05/28/2026 19:25:34,45,56,0,53,58,61,61,61,61,79,12.12,5.03,1.30800009,1.39200008,0.978000045,0.332000017,0.658000052,3.28400016,2.046,0,3.36800027,3.364,3.11600018,65,46.5,45.5,45.5,1008,738,0,840,754,0,0,0,0,0,21.88,10.94,0,1.56,4.69,34.38,1.56,3.12,9.77,34.38,37.9352341,3768,626,4850,1106,48.5,1.32236874,0.64375,3233,645,32.3333321,0.9788267,0.64375,3189,333,32.3333321,0.5590598,0.64375,3111,247,32.3333321,0.469293982,0.65,4743,417,48.5,0.6944313,0.65,4850,1869,48.5,1.87300837,0.65,3101,212,32.3333321,0.427632272,0.65,3064,182,32.3333321,0.37541455,0.65,64.75001,49.2500038,99.99826,26.5194931,10.3612709,71.90603,9.762859,5.11790466,65.60725,38.75,0.25,0,55,0,85,0.416,1.01,16,16,16,32,48,30,295,160,130,0,0,0,16,37.75,0.25,0,55,0,85,0.416,1.01,16,16,16,32,48,30,295,160,130,0,0,0,16,512,-1,485.785156,477.917969,7.8671875,7.6015625,7611.34961,7618.951,0,0,0,0,0,0,0,0,0,0,4.305971,7,505,600,1200,3000,53,0.935000062,1.30500007,0,1,16,53,2670,10451.9824,1016,1016,30,30,8,3,0,1,21.938,18.867,0.975,11771.0078,426.402344,9.738431,0,0,0,0.5788721,0,0,0,0,0,2.58726764,0,0,0,63.9375,64,16376,4304,12071,73.71618,60.337,999424,283599872
05/28/2026 19:25:36,47,56,0,54,59,65,65,65,65,81,12.0960007,5.03,1.31000006,1.39200008,0.978000045,0.34,0.658000052,3.28400016,2.046,0,3.36800027,3.36800027,3.11600018,62,46.5,45.5,45.5,1038,739,0,844,740,0,0,0,0,0,18.75,4.69,4.69,1.56,1.56,20.31,0,0,6.45,20.31,35.7469978,3504,400,4850,830,48.5,1.07898343,0.65,3233,395,32.3333321,0.6448899,0.65,3006,194,32.3333321,0.366987824,0.65,3005,156,32.3333321,0.3165703,0.65,3000,233,32.3333321,0.436455667,0.65,4850,1069,48.5,1.19905281,0.65,3000,143,32.3333321,0.2878414,0.65,3084,176,32.3333321,0.303517282,0.65,61.5000076,48.7500038,99.99827,26.4537735,10.4269905,71.72783,9.754574,5.12619,65.55157,38.75,0.25,0,55,0,85,0.416,1.01,16,16,16,32,48,30,295,160,130,0,0,0,16,38,0.25,0,55,0,85,0.416,1.01,16,16,16,32,48,30,295,160,130,0,0,0,16,512,-1,485.785156,477.917969,7.8671875,7.6015625,7611.34961,7618.951,0,0,0,0,0,0,0,0,0,0,4.26006126,7,505,600,1200,3000,52,0.935000062,1.30500007,0,1,17,52,2670,10451.9824,1017,1014,30,30,9,3,0,1,22.136,27.699,0.975,11771.0078,426.402344,8.35915852,0,0,0,0.008453046,0,0,0,0,0,0,0,0,0,63.53125,64,16376,4304,12071,73.71618,60.053,899072,3.631493E+08
05/28/2026 19:25:38,48,56,0,55,60,62,62,62,62,77,12.0960007,5.02000046,1.30800009,1.39200008,0.974000037,0.328,0.658000052,3.28000021,2.046,0,3.364,3.364,3.11600018,59,47,45.5,45.5,1064,713,0,846,754,0,0,0,0,0,9.38,6.25,3.12,3.12,3.12,23.44,1.56,3.12,6.64,23.44,35.77861,3520,410,4850,708,48.5,1.01229024,0.64375,3233,389,32.3333321,0.6438309,0.64375,3034,198,32.3333321,0.3597252,0.64375,3024,154,32.3333321,0.310890466,0.64375,3049,263,32.3333321,0.4360425,0.65,4850,1259,48.5,1.35728729,0.65,2994,134,32.3333321,0.286573082,0.65,3122,172,32.3333321,0.304109931,0.65,59.1250076,48.7500038,99.99827,26.3713913,10.5093727,71.50446,9.739265,5.14149857,65.44869,38.75,0.25,0,55,0,85,0.416,1.01,16,16,16,32,48,30,295,160,130,0,0,0,16,38,0.25,0,55,0,85,0.416,1.01,16,16,16,32,48,30,295,160,130,0,0,0,16,512,-1,485.785156,477.917969,7.8671875,7.6015625,7611.34961,7618.951,0,0,0,0,0,0,0,0,0,0,4.279315,7,505,600,1200,3000,53,0.969000041,1.30500007,0,4,21,52,2670,10451.9824,1012,1014,30,30,9,3,0,1,22.831,21.353,0.975,11771.0078,426.7461,8.512993,0,0,0,0.00649850629,0,0,0,0,0,0.0108576277,0,0,0,63.21875,64,16376,4304,12071,73.71618,61.397,65649664,167349248
05/28/2026 19:25:40,49,57,0,56,61,58,58,58,58,74,12.12,5.03,1.30800009,1.39200008,0.986000061,0.33,0.656,3.28400016,2.046,0,3.36800027,3.36800027,3.11600018,57,47,45.5,45.5,1082,721,0,855,785,0,0,0,0,0,20.31,12.5,3.12,1.56,1.56,20.31,1.56,1.56,7.81,20.31,36.07265,3944,460,4850,920,48.5,1.16540122,0.61875,3233,465,32.3333321,0.7191541,0.61875,4680,297,48.5,0.444673479,0.61875,3038,189,32.3333321,0.365315974,0.61875,4607,290,48.5,0.4960152,0.61875,4850,1161,48.5,1.31346941,0.61875,3041,164,32.3333321,0.340765983,0.61875,3256,193,33.6666679,0.348163545,0.61875,57.5000076,49.2500038,99.9982758,26.2525826,10.6281815,71.18232,9.644253,5.236511,64.8101959,39,0.25,0,55,0,85,0.416,1.01,16,16,16,32,48,30,295,160,130,0,0,0,16,38,0.25,0,55,0,85,0.416,1.01,16,16,16,32,48,30,295,160,130,0,0,0,16,512,-1,485.785156,477.917969,7.8671875,7.6015625,7611.34961,7618.951,0,0,0,0,0,0,0,0,0,0,4.26002455,7,505,600,1200,3000,52,0.969000041,1.30500007,0,1,17,52,2670,10451.9824,1012,1012,30,30,9,3,0,1,22.248,18.68,0.975,11771.0078,426.7461,8.637889,0,0,0,0.004787056,0,0,0,0,0,0,0,0,0,62.65625,64,16376,4304,12071,73.71618,60.805,1099776,237549568
05/28/2026 19:25:42,48,57,0,56,62,55,55,55,55,72,12.12,5.03,1.30800009,1.39200008,0.982000053,0.34,0.656,3.28400016,2.046,0,3.36800027,3.36800027,3.11600018,56,47,45.5,45.5,1078,752,0,866,798,0,0,0,0,0,18.75,4.62,4.62,0,1.54,17.19,1.54,0,6.03,18.75,35.53851,3917,385,4850,778,48.5,1.05766153,0.64375,4850,371,48.5,0.6011214,0.64375,3071,207,32.3333321,0.352614224,0.64375,3018,155,32.3333321,0.304863274,0.64375,4559,231,48.5,0.4154619,0.64375,4850,1044,48.5,1.19845355,0.64375,3050,139,32.3333321,0.291593254,0.64375,3086,157,32.3333321,0.2839694,0.64375,56.2500076,49.2500038,99.99827,26.2805328,10.6002312,71.2581,9.671276,5.209488,64.9918,39,0.25,0,55,0,85,0.416,1.01,16,16,16,32,48,30,295,160,130,0,0,0,16,38,0.25,0,55,0,85,0.416,1.01,16,16,16,32,48,30,295,160,130,0,0,0,16,512,-1,485.785156,477.917969,7.8671875,7.6015625,7611.34961,7618.951,0,0,0,0,0,0,0,0,0,0,4.186585,7,505,600,1200,3000,52,0.955000043,1.30500007,0,1,17,51,2670,10451.9824,1009,1011,30,30,9,3,0,1,19.847,19.535,0.975,11771.0078,426.7461,8.451282,0,0,0,0.00323526817,0,0,0,0,0,0,0,0,0,62.40625,62,16376,4304,12071,73.71618,60.011,999424,285649920
05/28/2026 19:25:44,47,58,0,56,62,53,53,53,53,71,12.0960007,5.02000046,1.30800009,1.39200008,0.966,0.332000017,0.656,3.28400016,2.046,0,3.36800027,3.36800027,3.11600018,55,46.5,45.5,46,1058,762,0,882,783,0,0,0,0,0,10.94,14.06,3.12,1.56,6.25,18.75,3.12,3.12,7.62,18.75,36.118515,3731,432,4850,1028,48.5,1.22205365,0.64375,4850,449,48.5,0.7176112,0.64375,3088,219,32.3333321,0.3738382,0.64375,3043,178,32.3333321,0.344968259,0.64375,3084,284,32.3333321,0.480752,0.64375,4850,988,48.5,1.15372515,0.64375,3033,152,32.3333321,0.3068581,0.64375,3049,156,32.3333321,0.3035663,0.64375,55.5000076,48.7500038,99.9982758,26.2597084,10.6210556,71.20164,9.642986,5.23777771,64.80169,39,0.25,0,55,0,85,0.416,1.01,16,16,16,32,48,30,295,160,130,0,0,0,16,38,0.25,0,55,0,85,0.416,1.01,16,16,16,32,48,30,295,160,130,0,0,0,16,512,-1,485.785156,477.917969,7.8671875,7.6015625,7611.34961,7618.951,0,0,0,0,0,0,0,0,0,0,4.21870327,7,505,600,1200,3000,52,0.935000062,1.30500007,0,7,17,51,2670,10451.9824,1005,1008,30,30,9,3,0,1,22.507,21.633,0.975,11771.0078,427.1289,8.517562,0,0,0,0.004314793,0,0,0,0,0,0,0,0,0,61.96875,62,16376,4304,12071,73.71618,61.12,4.827996E+08,144399360
05/28/2026 19:25:46,46,58,0,55,60,53,53,53,53,70,12.0960007,5.03,1.30800009,1.39200008,0.972000062,0.346000016,0.656,3.28400016,2.046,0,3.36800027,3.364,3.11600018,55,47,45.5,46,1030,766,0,870,804,0,0,0,0,0,14.06,10.94,1.54,3.12,4.62,18.75,3.08,3.08,7.4,18.75,36.19023,3521,445,4850,1007,48.5,1.2720294,0.65,3222,423,32.3333321,0.7679713,0.65,3040,193,32.3333321,0.379058778,0.65,3004,171,32.3333321,0.339314669,0.65,3056,276,32.3333321,0.5019901,0.65,4850,1125,48.5,1.307895,0.65,3015,157,32.3333321,0.319737852,0.65,3129,209,32.3333321,0.346461922,0.65,55.0000076,49.2500038,99.99826,26.2823715,10.5983925,71.26309,9.673691,5.207073,65.0080261,39,0.25,0,55,0,85,0.416,1.01,16,16,16,32,48,30,295,160,130,0,0,0,16,38,0.25,0,55,0,85,0.416,1.01,16,16,16,32,48,30,295,160,130,0,0,0,16,512,-1,485.785156,477.917969,7.8671875,7.6015625,7611.34961,7618.951,0,0,0,0,0,0,0,0,0,0,4.1622324,7,505,600,1200,3000,52,0.969000041,1.30500007,0,2,17,51,2670,10451.9824,1004,1003,30,30,9,4,0,1,19.671,20.014,0.975,11771.0078,427.1289,8.45882,0,0,0,0.00358836353,0,0,0,0,0,0,0,0,0,61.5625,62,16376,4304,12071,73.71618,61.069,949248,3.640996E+08
05/28/2026 19:25:48,45,58,0,54,59,51,51,51,51,69,12.0960007,5.03,1.30800009,1.39200008,1,0.332000017,0.654000044,3.28400016,2.046,0,3.36800027,3.364,3.11600018,54,47,45.5,46,1012,767,0,875,774,0,0,0,0,0,15.62,9.38,1.54,3.08,4.62,21.88,3.08,0,7.4,21.88,36.48252,3742,485,4850,1091,48.5,1.33294916,0.64375,4850,462,48.5,0.795388937,0.64375,3015,229,32.3333321,0.4288159,0.64375,3107,239,32.3333321,0.409353733,0.64375,3079,306,32.3333321,0.5501533,0.64375,4850,1204,48.5,1.32662237,0.64375,3017,157,32.3333321,0.341322541,0.64375,3164,189,32.3333321,0.343150139,0.64375,54.6250076,49.2500038,99.99826,26.2510986,10.6296654,71.17829,9.643921,5.236843,64.80797,39,0.25,0,55,0,85,0.416,1.01,16,16,16,32,48,30,295,160,130,0,0,0,16,38,0.25,0,55,0,85,0.416,1.01,16,16,16,32,48,30,295,160,130,0,0,0,16,512,-1,485.785156,477.917969,7.8671875,7.6015625,7611.34961,7618.951,0,0,0,0,0,0,0,0,0,0,4.152402,7,505,600,1200,3000,52,0.965000033,1.30500007,0,0,17,51,2670,10451.9824,1002,1000,30,30,9,3,0,1,19.45,18.644,0.975,11771.0078,427.1289,8.435971,0,0,0,0.00552997133,0,0,0,0,0,0,0,0,0,61.1875,64,16376,4304,12071,73.71618,59.303,949248,2.767493E+08
05/28/2026 19:25:50,44,58,0,54,59,51,51,51,51,69,12.0960007,5.03,1.30800009,1.39200008,0.974000037,0.34,0.654000044,3.28400016,2.046,0,3.36800027,3.364,3.11600018,54,47,45.5,46,987,767,0,854,775,0,0,0,0,0,18.75,7.81,6.25,4.69,6.25,17.19,3.12,4.69,8.59,18.75,35.82567,3317,408,3233,1003,32.3333321,1.21279514,0.65,3233,404,32.3333321,0.6842922,0.65,3011,184,32.3333321,0.363601118,0.65,3033,180,32.3333321,0.3496675,0.65,3053,262,32.3333321,0.446537316,0.65,4850,922,48.5,1.12119985,0.65,2992,133,32.3333321,0.298028052,0.65,3131,180,32.3333321,0.316628039,0.65,54.2500076,49.7500038,99.99826,26.2443047,10.6364594,71.15987,9.635204,5.24555969,64.74939,39,0.25,0,55,0,85,0.416,1.01,16,16,16,32,48,30,295,160,130,0,0,0,16,38.25,0.25,0,55,0,85,0.416,1.01,16,16,16,32,48,30,295,160,130,0,0,0,16,512,-1,485.785156,477.917969,7.8671875,7.6015625,7611.34961,7618.951,0,0,0,0,0,0,0,0,0,0,4.291377,7,505,600,1200,3000,52,0.989,1.30500007,0,3,17,50,2670,10451.9824,1001,1002,30,30,9,3,0,1,22.458,21.211,0.975,11771.6523,427.2539,8.464049,0,0,0,0.008363626,0,0,0,0,0,0.0397647843,0,0,0,60.96875,62,16376,4303,12072,73.7201157,59.827,1049600,1.952E+08
05/28/2026 19:25:52,44,58,0,54,59,51,51,51,51,69,12.0960007,5.03,1.30800009,1.39200008,0.97,0.334000021,0.654000044,3.28400016,2.046,0,3.36800027,3.36800027,3.11600018,54,47,45.5,46,970,739,0,836,751,0,0,0,0,0,23.44,7.81,4.76,3.17,6.25,14.06,1.59,3.17,8.03,23.44,36.25601,3721,443,4850,973,48.5,1.20468092,0.6375,3233,436,32.3333321,0.7007235,0.6375,3078,245,32.3333321,0.4321213,0.65,3041,198,32.3333321,0.369863421,0.65,4558,295,48.5,0.486980677,0.65,4850,1039,48.5,1.23514974,0.65,3038,156,32.3333321,0.3362019,0.65,3123,203,32.3333321,0.3486796,0.65,54.2500076,49.2500038,99.99825,26.2541389,10.6266251,71.18654,9.641075,5.239689,64.78885,39,0.25,0,55,0,85,0.416,1.01,16,16,16,32,48,30,295,160,130,0,0,0,16,38.25,0.25,0,55,0,85,0.416,1.01,16,16,16,32,48,30,295,160,130,0,0,0,16,512,-1,485.785156,477.917969,7.8671875,7.6015625,7611.34961,7618.951,0,0,0,0,0,0,0,0,0,0,4.264594,7,505,600,1200,3000,52,1.005,1.30500007,0,6,17,50,2670,10451.9824,999,999,30,30,9,4,0,1,22.655,22.271,0.975,11771.6523,427.2539,8.652491,0,0,0,0.00505992444,0,0,0,0,0,0,0,0,0,60.46875,62,16376,4303,12072,73.7201157,61.785,1249280,1.003991E+08
05/28/2026 19:25:54,44,58,0,54,59,51,51,51,51,69,12.0960007,5.03,1.30800009,1.39200008,0.972000062,0.338000029,0.654000044,3.28400016,2.046,0,3.36800027,3.364,3.11600018,54,47,45.5,46,974,740,0,852,769,0,0,0,0,0,14.06,6.25,0,1.56,0,17.19,1.54,0,5.08,17.19,35.51848,3888,366,4850,903,48.5,1.10854053,0.6375,4831,369,48.5,0.6365798,0.6375,4561,178,48.5,0.323619366,0.6375,2990,142,32.3333321,0.2818974,0.6375,4528,216,48.5,0.3920908,0.6375,3233,846,32.3333321,1.05875492,0.64375,2991,126,32.3333321,0.259879023,0.64375,3116,146,32.3333321,0.2603663,0.64375,54.1250076,49.2500038,99.99827,26.2790184,10.6017456,71.254,9.667244,5.21352,64.96471,39,0.25,0,55,0,85,0.416,1.01,16,16,16,32,48,30,295,160,130,0,0,0,16,38.25,0.25,0,55,0,85,0.416,1.01,16,16,16,32,48,30,295,160,130,0,0,0,16,512,-1,485.785156,477.917969,7.8671875,7.6015625,7611.34961,7618.951,0,0,0,0,0,0,0,0,0,0,4.20627356,7,505,600,1200,3000,52,0.830000043,1.30500007,0,0,17,50,2670,10451.9824,999,999,30,30,10,4,0,1,22.601,19.379,0.975,11771.6523,427.2539,8.864619,0,0,0,0.00519166561,0,0,0,0,0,0.0212558787,0,0,0,60.21875,62,16376,4303,12072,73.7201157,61.195,1049600,7.654912E+07
05/28/2026 19:25:56,44,58,0,54,59,51,51,51,51,69,12.0960007,5.03,1.30800009,1.39200008,0.9760001,0.338000029,0.652,3.28400016,2.046,0,3.36800027,3.36800027,3.11600018,54,47,45.5,46,981,739,0,852,769,0,0,0,0,0,10.94,4.69,1.54,3.17,1.56,14.06,0,4.69,5.08,14.06,35.78786,3743,370,4850,871,48.5,1.0680989,0.6375,4850,344,48.5,0.5652275,0.6375,3078,200,32.3333321,0.318878442,0.6375,3058,137,32.3333321,0.273029327,0.6375,3119,246,32.3333321,0.414584816,0.6375,4850,881,48.5,1.101327,0.6375,3012,135,32.3333321,0.267063,0.6375,3129,148,32.3333321,0.2559258,0.6375,54.0000076,49.2500038,99.9982758,26.2537689,10.6269951,71.18553,9.645351,5.2354126,64.81758,39,0.25,0,55,0,85,0.416,1.01,16,16,16,32,48,30,295,160,130,0,0,0,16,38.25,0.25,0,55,0,85,0.416,1.01,16,16,16,32,48,30,295,160,130,0,0,0,16,512,-1,485.785156,477.917969,7.8671875,7.6015625,7611.34961,7618.951,0,0,0,0,0,0,0,0,0,0,4.219632,7,505,600,1200,3000,52,0.969000041,1.30500007,0,0,17,49,2670,10451.9824,1000,1001,30,30,9,4,0,1,19.782,18.745,0.975,11771.6523,427.2539,8.980124,0,0,0,0.004982893,0,0,0,0,0,0,0,0,0,59.96875,60,16376,4303,12072,73.7201157,60.608,899072,265949184
05/28/2026 19:25:58,44,58,0,54,59,51,51,51,51,69,12.0960007,5.03,1.30800009,1.39200008,0.984,0.33,0.652,3.28400016,2.046,0,3.36800027,3.36800027,3.11600018,54,47,45.5,46,971,739,0,834,770,0,0,0,0,0,14.06,4.69,1.54,1.54,0,15.62,0,0,4.68,15.62,35.9691,3525,434,4850,1180,48.5,1.32990706,0.64375,3233,441,32.3333321,0.777090132,0.64375,3107,222,32.3333321,0.396464348,0.64375,3049,181,32.3333321,0.352392524,0.64375,3008,270,32.3333321,0.48906827,0.64375,4850,869,48.5,1.15713942,0.64375,2991,143,32.3333321,0.3119314,0.64375,3112,169,32.3333321,0.313433349,0.64375,54.0000076,49.7500038,99.9982758,26.24961,10.6311531,71.1742554,9.640358,5.240406,64.78403,39.25,0.25,0,55,0,85,0.416,1.01,16,16,16,32,48,30,295,160,130,0,0,0,16,38.25,0.25,0,55,0,85,0.416,1.01,16,16,16,32,48,30,295,160,130,0,0,0,16,512,-1,485.785156,477.917969,7.8671875,7.6015625,7611.34961,7618.951,0,0,0,0,0,0,0,0,0,0,4.281962,7,505,600,1200,3000,53,1.05500007,1.30500007,0,5,17,50,2670,10451.9824,999,1000,30,30,9,3,0,1,20.265,21.632,0.975,11771.6523,427.2539,8.509733,0,0,0,0.0206813961,0,0,0,0,0,0,0,0,0,59.5,60,16376,4303,12072,73.7201157,60.785,299008,249856
05/28/2026 19:26:00,44,58,0,54,59,51,51,51,51,69,12.0960007,5.03,1.31000006,1.39200008,0.986000061,0.336000025,0.652,3.28400016,2.046,0,3.36800027,3.364,3.11600018,54,47,45.5,46,980,768,0,853,750,0,0,0,0,0,26.56,12.5,9.38,7.81,10.94,15.62,10.94,9.38,12.89,26.56,36.1993828,3742,443,4850,1175,48.5,1.28958154,0.64375,4850,449,48.5,0.7294604,0.64375,3115,245,32.3333321,0.434162974,0.64375,3026,187,32.3333321,0.372971117,0.64375,3099,288,32.3333321,0.499631882,0.64375,4850,848,48.5,1.13423419,0.64375,3033,161,32.3333321,0.3386786,0.64375,3113,188,32.3333321,0.344603926,0.64375,54.1250076,49.7500038,99.9982758,26.255703,10.625061,71.19078,9.641624,5.23913956,64.79254,39.25,0.25,0,55,0,85,0.416,1.01,16,16,16,32,48,30,295,160,130,0,0,0,16,38.25,0.25,0,55,0,85,0.416,1.01,16,16,16,32,48,30,295,160,130,0,0,0,16,512,-1,485.785156,477.917969,7.8671875,7.6015625,7611.34961,7618.951,0,0,0,0,0,0,0,0,0,0,4.225445,7,505,600,1200,3000,53,0.969000041,1.30500007,0,3,20,49,2670,10451.9824,1001,1001,30,30,9,4,0,1,19.82,20.365,0.975,11771.6523,427.484375,8.344807,0,0,0,0.00712045,0,0,0,0,0,0.008392316,0,0,0,59.3125,60,16376,4303,12072,73.7201157,61.413,999424,3.366994E+08
05/28/2026 19:26:02,44,58,0,54,59,51,51,51,51,69,12.0960007,5.03,1.30800009,1.39200008,0.990000069,0.334000021,0.652,3.28400016,2.046,0,3.36800027,3.36800027,3.11600018,54,47.5,46,46,980,768,0,837,768,0,0,0,0,0,20.31,14.06,4.62,3.08,4.69,26.56,3.08,3.08,9.93,26.56,36.32647,3541,460,4850,1219,48.5,1.39159882,0.64375,3233,451,32.3333321,0.8020323,0.64375,3128,259,32.3333321,0.441494823,0.64375,3050,195,32.3333321,0.375559241,0.64375,3077,289,32.3333321,0.510332,0.64375,4850,934,48.5,1.19994283,0.64375,2999,148,32.3333321,0.329980135,0.64375,3141,187,32.3333321,0.343143076,0.65,54.5000076,49.2500038,99.99826,26.2792282,10.6015358,71.25456,9.666786,5.213978,64.9616241,39.25,0.25,0,55,0,85,0.416,1.01,16,16,16,32,48,30,295,160,130,0,0,0,16,38.25,0.25,0,55,0,85,0.416,1.01,16,16,16,32,48,30,295,160,130,0,0,0,16,512,-1,485.785156,477.917969,7.8671875,7.6015625,7611.34961,7618.951,0,0,0,0,0,0,0,0,0,0,4.28416634,7,505,600,1200,3000,52,0.974000037,1.30500007,0,1,17,48,2670,10451.9824,1000,1001,30,30,9,4,0,1,19.385,18.25,0.975,11771.6523,427.484375,9.177487,0,0,0,0.0279217735,0,0,0,0,0,0,0,0,0,59.09375,60,16376,4303,12072,73.7201157,59.961,4799488,3.574999E+08
05/28/2026 19:26:04,44,58,0,54,59,51,51,51,51,69,12.0960007,5.03,1.30800009,1.39200008,0.986000061,0.34,0.652,3.28400016,2.046,0,3.36800027,3.364,3.11600018,54,47.5,46,46,989,767,0,854,750,0,0,0,0,0,32.81,6.25,1.56,0,4.69,12.5,1.56,0,7.42,32.81,36.5501556,4312,477,4850,1390,48.5,1.46547472,0.6375,3233,478,32.3333321,0.810254455,0.6375,4767,276,48.5,0.487856477,0.65,4569,208,48.5,0.4091966,0.65,4603,327,48.5,0.5633924,0.65,4850,798,48.5,1.16110861,0.65,4539,147,48.5,0.352917254,0.65,3081,190,32.3333321,0.3598619,0.65,54.6250076,49.7500038,99.9982758,26.2549629,10.6258011,71.1887741,9.642406,5.23835754,64.79779,39.25,0.25,0,55,0,85,0.416,1.01,16,16,16,32,48,30,295,160,130,0,0,0,16,38.5,0.25,0,55,0,85,0.416,1.01,16,16,16,32,48,30,295,160,130,0,0,0,16,512,-1,485.785156,477.917969,7.8671875,7.6015625,7611.34961,7618.951,0,0,0,0,0,0,0,0,0,0,4.24352026,7,505,600,1200,3000,53,0.935000062,1.30500007,0,1,17,48,2670,10451.9824,1000,1000,30,30,10,4,0,1,20.142,19.868,0.975,11771.6523,427.484375,9.38625,0,0,0,0.00604102947,0,0,0,0,0,0,0,0,0,58.65625,60,16376,4303,12072,73.7201157,59.897,4349952,272449536
05/28/2026 19:26:06,44,58,0,54,59,51,51,51,51,69,12.0960007,5.02000046,1.30800009,1.39200008,0.984,0.328,0.652,3.28400016,2.046,0,3.36800027,3.364,3.11200023,54,47,46,46,973,768,0,852,750,0,0,0,0,0,26.56,7.94,4.69,3.12,4.69,20.31,1.56,3.12,9,26.56,36.13387,3735,434,4850,1163,48.5,1.31254542,0.64375,3233,440,32.3333321,0.7114214,0.65,3098,236,32.3333321,0.427445978,0.65,3074,208,32.3333321,0.379153639,0.65,4647,277,48.5,0.5103333,0.65,4850,803,48.5,1.11275673,0.65,3016,166,32.3333321,0.3428235,0.65,3114,176,32.3333321,0.331461221,0.65,54.6250076,49.7500038,99.9982758,26.2778549,10.6029091,71.25084,9.669865,5.21089935,64.9823151,39.25,0.25,0,55,0,85,0.416,1.01,16,16,16,32,48,30,295,160,130,0,0,0,16,38.5,0.25,0,55,0,85,0.416,1.01,16,16,16,32,48,30,295,160,130,0,0,0,16,512,-1,485.785156,477.917969,7.8671875,7.6015625,7611.34961,7618.951,0,0,0,0,0,0,0,0,0,0,4.218586,7,505,600,1200,3000,53,0.965000033,1.30500007,0,3,17,48,2670,10451.9824,999,1002,30,30,9,4,0,1,20.231,22.133,0.975,11771.6523,427.484375,9.299108,0,0,0,0.006512107,0,0,0,0,0,0,0,0,0,58.625,60,16376,4303,12072,73.7201157,61.402,306149376,7.88992E+07
05/28/2026 19:26:08,44,58,0,54,59,51,51,51,51,69,12.0960007,5.03,1.31000006,1.39200008,0.988000035,0.332000017,0.650000036,3.28400016,2.046,0,3.36800027,3.364,3.11200023,54,47.5,46,46,972,740,0,853,749,0,0,0,0,0,25,14.06,6.35,4.55,9.23,15.62,3.03,3.12,10.12,25,36.31825,3916,446,4850,1228,48.5,1.34769094,0.65,4850,480,48.5,0.743061543,0.65,3022,220,32.3333321,0.413300961,0.65,3057,187,32.3333321,0.373268366,0.65,4550,290,48.5,0.510150135,0.65,4850,786,48.5,1.115131,0.65,3047,186,32.3333321,0.3667126,0.64375,3100,194,32.3333321,0.356018454,0.64375,54.6250076,50.2500038,99.99827,26.2476311,10.6331329,71.16889,9.641739,5.239025,64.7933044,39.25,0.25,0,55,0,85,0.416,1.01,16,16,16,32,48,30,295,160,130,0,0,0,16,38.5,0.25,0,55,0,85,0.416,1.01,16,16,16,32,48,30,295,160,130,0,0,0,16,512,-1,485.785156,477.917969,7.8671875,7.6015625,7611.34961,7618.951,0,0,0,0,0,0,0,0,0,0,4.20074034,7,505,600,1200,3000,53,0.960000038,1.30500007,0,1,17,47,2670,10451.9824,1001,1000,30,30,10,4,0,1,19.576,19.102,0.975,11771.6523,427.484375,9.227987,0,0,0,0.0064677014,0,0,0,0,0,0,0,0,0,58.3125,58,16376,4303,12072,73.7201157,60.531,699392,365699072
05/28/2026 19:26:10,44,58,0,54,59,51,51,51,51,69,12.0960007,5.03,1.30800009,1.39200008,0.988000035,0.33,0.650000036,3.28400016,2.046,0,3.36800027,3.364,3.11600018,54,47.5,46,46,981,739,0,835,770,0,0,0,0,0,26.56,6.25,1.56,6.25,3.12,9.38,0,1.56,6.84,26.56,35.9299,4103,423,4850,1151,48.5,1.27944767,0.64375,4847,419,48.5,0.6672637,0.64375,3056,240,32.3333321,0.4172771,0.64375,4526,207,48.5,0.373250067,0.64375,4547,279,48.5,0.4730763,0.64375,4850,747,48.5,1.07162046,0.64375,3054,165,32.3333321,0.345383734,0.64375,3092,178,32.3333321,0.32964614,0.64375,54.5000076,50.2500038,99.99826,26.24699,10.6337738,71.16715,9.640083,5.24068069,64.78218,39.25,0.25,0,55,0,85,0.416,1.01,16,16,16,32,48,30,295,160,130,0,0,0,16,38.5,0.25,0,55,0,85,0.416,1.01,16,16,16,32,48,30,295,160,130,0,0,0,16,512,-1,485.785156,477.917969,7.8671875,7.6015625,7611.34961,7618.951,0,0,0,0,0,0,0,0,0,0,4.233685,7,505,600,1200,3000,53,1.03500009,1.30500007,0,4,17,47,2670,10451.9824,999,999,30,30,9,4,0,1,19.362,18.492,0.975,11771.6523,427.484375,9.342123,0,0,0,0.00385444984,0,0,0,0,0,0,0,0,0,57.9375,58,16376,4303,12072,73.7201157,59.316,1049600,288249856
05/28/2026 19:26:12,44,58,0,54,59,51,51,51,51,69,12.12,5.04,1.31000006,1.39200008,0.990000069,0.33,0.650000036,3.28400016,2.046,0,3.37200022,3.37200022,3.12000012,54,47.5,46,46,970,740,0,836,745,0,0,0,0,0,20.31,6.25,3.08,4.62,4.62,12.5,0,1.56,6.62,20.31,36.1574821,3933,449,4850,1191,48.5,1.337392,0.625,4850,436,48.5,0.738755345,0.625,3090,250,32.3333321,0.430366755,0.625,3098,223,32.3333321,0.400001138,0.625,4592,289,48.5,0.506387,0.625,4850,854,48.5,1.13760376,0.625,3033,168,32.3333321,0.355381131,0.625,3101,184,32.3333321,0.3385587,0.625,54.5000076,50.2500038,99.99826,26.24942,10.6313438,71.1737442,9.64175,5.23901367,64.79338,39.25,0.25,0,55,0,85,0.416,1.01,16,16,16,32,48,30,295,160,130,0,0,0,16,38.5,0.25,0,55,0,85,0.416,1.01,16,16,16,32,48,30,295,160,130,0,0,0,16,512,-1,485.785156,477.917969,7.8671875,7.6015625,7611.34961,7618.951,0,0,0,0,0,0,0,0,0,0,4.22641754,7,505,600,1200,3000,53,0.969000041,1.30500007,0,2,17,47,2670,10451.9824,1001,1000,30,30,10,4,0,1,19.887,20.565,0.975,11771.6523,427.484375,9.225952,0,0,0,0.00533530349,0,0,0,0,0,0,0,0,0,57.75,58,16376,4303,12072,73.7201157,60.01,1049600,276449280
05/28/2026 19:26:14,44,58,0,54,59,51,51,51,51,69,12.12,5.04,1.312,1.396,0.996000051,0.344,0.650000036,3.288,2.046,0,3.36800027,3.364,3.11600018,54,47.5,46,46,970,768,0,853,750,0,0,0,0,0,18.75,6.25,4.69,4.69,4.69,18.75,3.12,3.12,8.01,18.75,36.1340981,3528,449,4850,1222,48.5,1.38057911,0.65,3233,467,32.3333321,0.788556159,0.65,3015,221,32.3333321,0.4007146,0.65,3018,190,32.3333321,0.367350757,0.65,3119,306,32.3333321,0.5177531,0.6375,4850,833,48.5,1.15171182,0.6375,3019,164,32.3333321,0.350418925,0.6375,3117,190,32.3333321,0.3464871,0.6375,54.5000076,50.2500038,99.99827,26.2489853,10.6317787,71.17256,9.641651,5.239113,64.79272,39.25,0.25,0,55,0,85,0.416,1.01,16,16,16,32,48,30,295,160,130,0,0,0,16,38.5,0.25,0,55,0,85,0.416,1.01,16,16,16,32,48,30,295,160,130,0,0,0,16,512,-1,485.785156,477.917969,7.8671875,7.6015625,7611.34961,7618.951,0,0,0,0,0,0,0,0,0,0,4.1964097,7,505,600,1200,3000,53,0.810000062,1.30500007,0,0,17,46,2670,10451.9824,999,1000,30,30,10,4,0,1,19.846,20.4,0.975,11771.6523,427.9414,9.193638,0,0,0,0.005485961,0,0,0,0,0,0.0508319475,0,0,0,57.4375,58,16376,4303,12072,73.7201157,61.169,899072,2.844498E+08
05/28/2026 19:26:16,44,58,0,54,59,51,51,51,51,69,12.0960007,5.02000046,1.30800009,1.388,0.982000053,0.334000021,0.650000036,3.28000021,2.046,0,3.364,3.364,3.11600018,54,47.5,46,46,981,768,0,840,769,0,0,0,0,0,14.06,6.25,3.12,3.08,3.12,9.38,1.54,1.54,5.26,14.06,36.2517548,3324,445,3233,1100,32.3333321,1.25975442,0.6375,3233,486,32.3333321,0.746980965,0.6375,3027,228,32.3333321,0.434871882,0.6375,3065,208,32.3333321,0.405030429,0.6375,3056,287,32.3333321,0.5198873,0.6375,4850,895,48.5,1.22086465,0.6375,3012,163,32.3333321,0.356757015,0.6375,3116,192,32.3333321,0.3630178,0.6375,54.7500076,50.2500038,99.99826,26.2493629,10.6314011,71.173584,9.641621,5.23914337,64.79251,39.5,0.25,0,55,0,85,0.416,1.01,16,16,16,32,48,30,295,160,130,0,0,0,16,38.5,0.25,0,55,0,85,0.416,1.01,16,16,16,32,48,30,295,160,130,0,0,0,16,512,-1,485.785156,477.917969,7.8671875,7.6015625,7611.34961,7618.951,0,0,0,0,0,0,0,0,0,0,4.211184,7,505,600,1200,3000,53,0.974000037,1.30500007,0,5,17,46,2670,10451.9824,1001,999,30,30,10,4,0,1,19.367,18.236,0.975,11771.6523,427.710938,9.257572,0,0,0,0.007174255,0,0,0,0,0,0.0107464148,0,0,0,57.1875,58,16376,4303,12072,73.7201157,59.329,1099776,3.674491E+08
05/28/2026 19:26:18,44,58,0,54,59,51,51,51,51,69,12.0960007,5.03,1.30800009,1.39200008,0.988000035,0.33,0.650000036,3.28400016,2.046,0,3.36800027,3.36800027,3.11600018,54,47.5,46,46,971,768,0,852,769,0,0,0,0,0,23.44,9.38,9.52,6.35,6.35,20.31,6.35,3.17,10.61,23.44,36.5594635,3343,497,3233,1210,32.3333321,1.37455726,0.63125,3233,496,32.3333321,0.881712437,0.63125,3084,282,32.3333321,0.480144829,0.63125,3050,215,32.3333321,0.413562,0.63125,3070,317,32.3333321,0.5321718,0.63125,4850,1047,48.5,1.33280683,0.63125,3058,183,32.3333321,0.383207858,0.63125,3169,225,32.3333321,0.39113766,0.63125,54.7500076,50.2500038,99.99825,26.2508049,10.6299591,71.1775,9.640419,5.240345,64.78444,39.5,0.25,0,55,0,85,0.416,1.01,16,16,16,32,48,30,295,160,130,0,0,0,16,38.5,0.25,0,55,0,85,0.416,1.01,16,16,16,32,48,30,295,160,130,0,0,0,16,512,-1,485.785156,477.917969,7.8671875,7.6015625,7611.34961,7618.951,0,0,0,0,0,0,0,0,0,0,4.31852674,7,505,600,1200,3000,53,1.06000006,1.30500007,0,6,17,46,2670,10451.9824,1000,1000,30,30,10,4,0,1,19.354,19.552,0.975,11771.6523,427.710938,9.446266,0,0,0,0.0119878761,0,0,0,0,0,0,0,0,0,57.09375,58,16376,4303,12072,73.7201157,59.179,26949632,99328
05/28/2026 19:26:20,44,58,0,54,59,51,51,51,51,69,12.0960007,5.02000046,1.30800009,1.39200008,0.986000061,0.334000021,0.650000036,3.28000021,2.046,0,3.364,3.364,3.11200023,54,47.5,46,46,987,767,0,835,769,0,0,0,0,0,21.88,10.77,0,0,3.08,10.94,0,0,5.83,21.88,36.2951469,3944,449,4850,1139,48.5,1.301309,0.6375,4850,484,48.5,0.766644061,0.6375,3052,233,32.3333321,0.421857029,0.6375,3051,205,32.3333321,0.392980278,0.6375,4694,304,48.5,0.530985534,0.6375,4850,853,48.5,1.19006932,0.6375,3075,184,32.3333321,0.3764836,0.6375,3130,193,32.3333321,0.346418172,0.6375,54.7500076,50.7500038,99.9982758,26.2531471,10.6276169,71.1838455,9.641491,5.239273,64.79164,39.5,0.25,0,55,0,85,0.416,1.01,16,16,16,32,48,30,295,160,130,0,0,0,16,38.5,0.25,0,55,0,85,0.416,1.01,16,16,16,32,48,30,295,160,130,0,0,0,16,512,-1,485.785156,477.917969,7.8671875,7.6015625,7611.34961,7618.951,0,0,0,0,0,0,0,0,0,0,4.16486,7,505,600,1200,3000,52,0.974000037,1.30500007,0,4,17,46,2670,10451.9824,999,999,30,30,10,4,0,1,19.754,21.168,0.975,11771.6523,427.710938,9.147908,0,0,0,0.007223978,0,0,0,0,0,0,0,0,0,56.75,56,16376,4303,12072,73.7201157,59.672,699392,285549568
05/28/2026 19:26:22,44,58,0,54,59,51,51,51,51,69,12.0960007,5.03,1.30800009,1.39200008,0.990000069,0.338000029,0.650000036,3.28400016,2.046,0,3.36800027,3.364,3.11600018,54,47.5,46,46,974,768,0,851,750,0,0,0,0,0,20.31,7.81,4.62,7.69,6.15,20.31,4.62,3.08,9.32,20.31,36.4755745,3539,475,4850,1227,48.5,1.36144519,0.63125,3233,459,32.3333321,0.78481406,0.63125,3090,265,32.3333321,0.4660919,0.63125,3081,217,32.3333321,0.416803449,0.64375,3062,314,32.3333321,0.5507687,0.64375,4850,944,48.5,1.23735106,0.64375,3049,183,32.3333321,0.3679502,0.64375,3098,190,32.3333321,0.35532093,0.64375,54.8750076,50.7500038,99.99826,26.24707,10.6336937,71.16737,9.640442,5.240322,64.78459,39.5,0.25,0,55,0,85,0.416,1.01,16,16,16,32,48,30,295,160,130,0,0,0,16,38.75,0.25,0,55,0,85,0.416,1.01,16,16,16,32,48,30,295,160,130,0,0,0,16,512,-1,485.785156,477.917969,7.8671875,7.6015625,7611.34961,7618.951,0,0,0,0,0,0,0,0,0,0,4.29066467,7,505,600,1200,3000,53,0.969000041,1.30500007,0,7,17,45,2670,10451.9824,1001,1000,30,30,10,4,0,1,19.618,30.322,0.975,11771.6523,427.710938,9.26432,0,0,0,0.009255164,0,0,0,0,0,0,0,0,0,56.5,56,16376,4303,12072,73.7201157,59.437,749568,292299776
05/28/2026 19:26:24,44,58,0,54,59,53,53,53,53,70,12.0960007,5.03,1.30800009,1.39200008,0.982000053,0.334000021,0.648,3.28400016,2.046,0,3.36800027,3.36800027,3.11600018,55,47,46,46,991,740,0,854,768,0,0,0,0,0,29.69,19.05,6.35,3.17,11.11,15.62,6.35,6.35,12.21,29.69,36.699173,3556,493,4850,1330,48.5,1.43418062,0.64375,3233,479,32.3333321,0.8090963,0.64375,3078,238,32.3333321,0.458984524,0.64375,3116,219,32.3333321,0.414826542,0.64375,3099,331,32.3333321,0.575037539,0.64375,4850,926,48.5,1.2513063,0.64375,3054,183,32.3333321,0.381169945,0.64375,3164,235,32.3333321,0.40897125,0.64375,55.1250076,50.2500038,99.99827,26.2559471,10.6248169,71.19144,9.643291,5.23747253,64.80374,39.5,0.25,0,55,0,85,0.416,1.01,16,16,16,32,48,30,295,160,130,0,0,0,16,38.75,0.25,0,55,0,85,0.416,1.01,16,16,16,32,48,30,295,160,130,0,0,0,16,512,-1,485.785156,477.917969,7.8671875,7.6015625,7611.34961,7618.951,0,0,0,0,0,0,0,0,0,0,4.2579627,7,505,600,1200,3000,53,0.965000033,1.30500007,0,2,17,45,2670,10451.9824,999,1000,30,30,10,4,0,1,19.269,18.311,0.975,11771.6523,427.84375,9.36301,0,0,0,0.007995103,0,0,0,0,0,0.0241062921,0,0,0,56.28125,56,16376,4303,12072,73.7201157,58.056,28749824,0
05/28/2026 19:26:26,45,58,0,55,60,53,53,53,53,70,12.0960007,5.03,1.30800009,1.39200008,0.996000051,0.334000021,0.648,3.28000021,2.046,0,3.364,3.364,3.11200023,55,47,46,46.5,994,739,0,839,749,0,0,0,0,0,28.12,9.38,4.69,1.56,1.56,14.06,0,3.12,7.81,28.12,36.57632,3752,475,4850,1149,48.5,1.31119168,0.63125,4850,488,48.5,0.7711875,0.63125,3152,281,32.3333321,0.4886029,0.63125,3116,228,32.3333321,0.433129966,0.63125,3105,332,32.3333321,0.5615523,0.63125,4850,979,48.5,1.29922259,0.63125,3041,175,32.3333321,0.3778784,0.63125,3048,168,32.3333321,0.3670039,0.63125,55.2500076,50.7500038,99.99826,26.2555542,10.62521,71.19038,9.642948,5.237816,64.80143,39.5,0.25,0,55,0,85,0.416,1.01,16,16,16,32,48,30,295,160,130,0,0,0,16,38.75,0.25,0,55,0,85,0.416,1.01,16,16,16,32,48,30,295,160,130,0,0,0,16,512,-1,485.785156,477.917969,7.8671875,7.6015625,7611.34961,7618.951,0,0,0,0,0,0,0,0,0,0,4.24350452,7,505,600,1200,3000,53,1.05500007,1.30500007,0,6,17,45,2670,10451.9824,1000,1001,30,30,10,4,0,1,19.481,20.442,0.975,11771.6523,427.84375,9.431475,0,0,0,0.004262,0,0,0,0,0,0,0,0,0,56.125,56,16376,4303,12072,73.7201157,58.79,1049600,374249472
05/28/2026 19:26:28,45,58,0,56,61,54,54,54,54,71,12.0960007,5.03,1.30800009,1.39200008,0.986000061,0.334000021,0.648,3.28400016,2.046,0,3.36800027,3.36800027,3.11600018,57,47,46,46.5,1015,739,0,865,780,0,0,0,0,0,29.69,6.25,3.08,1.54,3.12,14.06,1.54,1.54,7.6,29.69,36.84157,3869,446,4850,1289,48.5,1.49340808,0.6375,4722,398,48.5,0.7732402,0.6375,4560,173,48.5,0.417970538,0.6375,2935,117,32.3333321,0.345532477,0.6375,3009,222,32.3333321,0.485476,0.6375,4850,1150,48.5,1.47482443,0.6375,2923,85,32.3333321,0.3089365,0.6375,3101,132,32.3333321,0.318950772,0.6375,57.1250076,50.7500038,99.9982758,26.2555,10.6252632,71.19023,9.6381,5.24266434,64.76885,39.5,0.25,0,55,0,85,0.416,1.01,16,16,16,32,48,30,295,160,130,0,0,0,16,38.75,0.25,0,55,0,85,0.416,1.01,16,16,16,32,48,30,295,160,130,0,0,0,16,512,-1,485.785156,477.917969,7.8671875,7.6015625,7611.34961,7618.951,0,0,0,0,0,0,0,0,0,0,4.264677,7,505,600,1200,3000,54,0.984,1.30500007,0,3,17,45,2670,10451.9824,1001,999,30,30,4,2,0,0,18.223,21.002,0.975,11780.5938,427.910156,3.46269035,0,0,0,0.089601934,0,0,0,0,0,0,0,0,0,55.75,56,16376,4294,12081,73.7747,53.58,1049600,8.584909E+07
05/28/2026 19:26:30,47,58,0,56,62,56,56,56,56,73,12.0960007,5.03,1.30800009,1.39200008,0.988000035,0.338000029,0.648,3.28400016,2.046,0,3.36800027,3.36800027,3.11600018,58,47.5,46,46.5,1027,767,0,873,772,0,0,0,0,0,25,12.5,3.12,3.12,7.81,29.69,3.12,6.25,11.33,29.69,37.1708565,3592,485,5050,1188,50.5,1.41486144,0.54375,3926,422,40.4,0.7931182,0.54375,3113,181,33.6666679,0.4473191,0.54375,3133,153,33.6666679,0.395103157,0.54375,3157,248,33.6666679,0.5317184,0.54375,4040,1431,40.4,1.7227906,0.54375,3082,101,33.6666679,0.3423536,0.54375,3239,157,33.6666679,0.359611571,0.5375,58.0000076,50.7500038,99.99826,26.2669258,10.6138382,71.22121,9.643528,5.237236,64.80533,39.5,0.25,0,55,0,85,0.416,1.01,16,16,16,32,48,30,295,160,130,0,0,0,16,38.75,0.25,0,55,0,85,0.416,1.01,16,16,16,32,48,30,295,160,130,0,0,0,16,512,-1,485.785156,477.917969,7.8671875,7.6015625,7611.34961,7618.951,0,0,0,0,0,0,0,0,0,0,4.247572,7,505,600,1200,3000,53,0.965000033,1.30500007,0,2,17,44,2670,10451.9824,998,1000,30,30,5,2,0,0,17.831,23.234,0.975,11780.5938,427.910156,3.695748,0,0,0,0.093768,0,0,0,0,0,0,0,0,0,55.5,56,16376,4294,12081,73.7747,52.398,999424,8.749978E+07
05/28/2026 19:26:32,48,58,0,57,62,58,58,58,58,74,12.0960007,5.03,1.30800009,1.39200008,0.994,0.338000029,0.648,3.28400016,2.046,0,3.36800027,3.364,3.11600018,58,47.5,46,46.5,1067,767,0,869,804,0,0,0,0,0,21.88,9.38,6.25,1.56,4.69,26.56,3.12,4.69,9.77,26.56,36.809166,3668,454,4850,1306,48.5,1.47285652,0.6375,3098,356,32.3333321,0.7033601,0.6375,3014,190,32.3333321,0.4447921,0.6375,2949,122,32.3333321,0.358194053,0.6375,2996,210,32.3333321,0.488780826,0.6375,4850,1205,48.5,1.535529,0.6375,2966,100,32.3333321,0.329409778,0.6375,4625,142,48.5,0.34146288,0.6375,58.2500076,51.2500038,99.99825,26.2845345,10.59623,71.26895,9.669296,5.21146774,64.97849,39.5,0.25,0,55,0,85,0.416,1.01,16,16,16,32,48,30,295,160,130,0,0,0,16,38.75,0.25,0,55,0,85,0.416,1.01,16,16,16,32,48,30,295,160,130,0,0,0,16,512,-1,485.785156,477.917969,7.8671875,7.6015625,7611.34961,7618.951,0,0,0,0,0,0,0,0,0,0,4.410128,7,505,600,1200,3000,54,1.04500008,1.30500007,0,9,17,44,2670,10451.9824,1001,1000,30,30,6,3,0,0,18.475,18.294,0.975,11780.5938,427.910156,5.73864555,0,0,0,0.09132577,0,0,0,0,0,0,0,0,0,55.3125,56,16376,4294,12081,73.7747,55.291,1199104,8.134963E+07
05/28/2026 19:26:34,49,58,0,58,63,58,58,58,58,74,12.12,5.04,1.312,1.39200008,0.986000061,0.332000017,0.648,3.288,2.046,0,3.37200022,3.37200022,3.12000012,58,47.5,46,46.5,1076,767,0,896,791,0,0,0,0,0,23.44,4.69,3.12,0,0,26.56,1.56,3.12,7.81,26.56,36.81539,3484,458,4850,1163,48.5,1.36863065,0.65,3183,437,32.3333321,0.7765955,0.65,2976,180,32.3333321,0.412882537,0.65,2954,124,32.3333321,0.342415154,0.65,3036,243,32.3333321,0.5231734,0.65,4850,1270,48.5,1.58060837,0.65,2910,96,32.3333321,0.312468022,0.65,3113,147,32.3333321,0.321829349,0.65,58.3750076,51.2500038,99.99826,26.2855568,10.5952072,71.27173,9.665344,5.21542,64.9519348,39.5,0.25,0,55,0,85,0.416,1.01,16,16,16,32,48,30,295,160,130,0,0,0,16,38.75,0.25,0,55,0,85,0.416,1.01,16,16,16,32,48,30,295,160,130,0,0,0,16,512,-1,485.785156,477.917969,7.8671875,7.6015625,7611.34961,7618.951,0,0,0,0,0,0,0,0,0,0,4.190215,7,505,600,1200,3000,54,0.995000064,1.30500007,0,2,17,44,2670,10451.9824,1000,1000,30,30,6,3,0,0,18.99,26.347,0.975,11780.5938,427.910156,5.715051,0,0,0,0.07039798,0,0,0,0,0,0,0,0,0,55.1875,56,16376,4294,12081,73.7747,56.368,999424,8.719974E+07
05/28/2026 19:26:36,50,58,0,59,64,58,58,58,58,74,12.12,5.04,1.31000006,1.396,1.008,0.338000029,0.648,3.288,2.046,0,3.37200022,3.37200022,3.12000012,57,47.5,46,46.5,1115,767,0,900,816,0,0,0,0,0,21.88,3.12,3.12,4.69,1.56,18.75,0,3.12,7.03,21.88,36.54348,3681,415,4850,1071,48.5,1.27061129,0.64375,3125,335,32.3333321,0.6697472,0.64375,3087,204,32.3333321,0.40869984,0.64375,3007,143,32.3333321,0.353519827,0.64375,4506,203,48.5,0.43763867,0.64375,4850,1156,48.5,1.43218148,0.64375,2945,93,32.3333321,0.296469837,0.64375,3079,117,32.3333321,0.293007374,0.64375,57.7500076,50.7500038,99.99827,26.30214,10.5786247,71.31669,9.68581,5.194954,65.08947,39.5,0.25,0,55,0,85,0.416,1.01,16,16,16,32,48,30,295,160,130,0,0,0,16,38.75,0.25,0,55,0,85,0.416,1.01,16,16,16,32,48,30,295,160,130,0,0,0,16,512,-1,485.785156,477.917969,7.8671875,7.6015625,7611.34961,7618.951,0,0,0,0,0,0,0,0,0,0,4.24502134,7,505,600,1200,3000,53,0.945000052,1.30500007,0,2,17,44,2670,10451.9824,999,999,30,30,6,3,0,0,18.776,19.653,0.975,11780.5938,427.910156,5.7962923,0,0,0,0.06767599,0,0,0,0,0,0,0,0,0,55.03125,54,16376,4294,12081,73.7747,56.757,1049600,8.464998E+07
05/28/2026 19:26:38,49,58,0,58,63,56,56,56,56,73,12.12,5.04,1.31000006,1.39200008,0.992000043,0.338000029,0.648,3.292,2.046,0,3.37200022,3.37200022,3.124,57,48,46,46.5,1103,740,0,912,810,0,0,0,0,0,25,10.94,4.69,4.69,6.25,20.31,3.12,4.69,9.96,25,36.3073235,4068,405,4850,1283,48.5,1.45486152,0.6375,4762,363,48.5,0.6315322,0.6375,4558,178,48.5,0.3896564,0.6375,2931,110,32.3333321,0.309803635,0.6375,4566,211,48.5,0.4402723,0.6375,4850,856,48.5,1.18529892,0.6375,2938,95,32.3333321,0.292675853,0.6375,3090,141,32.3333321,0.333528519,0.6375,57.3750076,50.2500038,99.99825,26.2804832,10.6002808,71.2579651,9.659252,5.221512,64.9109955,39.75,0.25,0,55,0,85,0.416,1.01,16,16,16,32,48,30,295,160,130,0,0,0,16,39,0.25,0,55,0,85,0.416,1.01,16,16,16,32,48,30,295,160,130,0,0,0,16,512,-1,485.785156,477.917969,7.8671875,7.6015625,7611.34961,7618.951,0,0,0,0,0,0,0,0,0,0,4.247037,7,505,600,1200,3000,53,1.05500007,1.30500007,0,17,21,44,2670,10451.9824,1001,1000,30,30,6,3,0,0,18.468,18.062,0.975,11780.5938,427.910156,5.75063562,0,0,0,0.0533616655,0,0,0,0,0,0,0,0,0,54.8125,54,16376,4294,12081,73.7747,55.083,699392,8.61993E+07
05/28/2026 19:26:40,48,59,0,58,63,56,56,56,56,73,12.12,5.04,1.31000006,1.39200008,1.044,0.34,0.648,3.288,2.046,0,3.37200022,3.37200022,3.12000012,59,48,46,46.5,1086,746,0,881,807,0,0,0,0,0,31.25,17.19,4.69,1.54,1.56,35.94,3.08,1.54,12.1,35.94,38.41036,3756,679,4850,2160,48.5,2.23461485,0.64375,4850,468,48.5,0.7344056,0.64375,3182,245,32.3333321,0.379559338,0.64375,3053,180,32.3333321,0.318684042,0.64375,3138,295,32.3333321,0.444321573,0.64375,4850,1796,48.5,1.93370175,0.64375,3021,129,32.3333321,0.277621567,0.64375,3105,161,32.3333321,0.2775762,0.64375,59.5000076,50.7500038,99.99827,26.32029,10.5604744,71.3659,9.685585,5.195179,65.08795,39.75,0.25,0,55,0,85,0.416,1.01,16,16,16,32,48,30,295,160,130,0,0,0,16,39,0.25,0,55,0,85,0.416,1.01,16,16,16,32,48,30,295,160,130,0,0,0,16,512,-1,485.785156,477.917969,7.8671875,7.6015625,7611.34961,7618.951,0,0,0,0,0,0,0,0,0,0,3.68241215,7,505,600,1200,3000,53,1.04500008,1.30500007,0,5,17,44,2670,10451.9824,999,1000,30,30,9,4,0,1,20.794,20.074,0.975,11797.4766,428.785156,6.33917475,0,0,0,0.0804147348,0,0,0,0,0,0.1095258,0,0,0,54.6875,54,16376,4277,12098,73.87774,54.07,7.242998E+08,7.614976E+07
05/28/2026 19:26:42,49,60,0,58,64,58,58,58,58,74,12.12,5.04,1.31000006,1.39200008,0.984,0.336000025,0.648,3.288,2.046,0,3.37200022,3.37200022,3.12000012,58,48,46,46.5,1095,757,0,886,828,0,0,0,0,0,21.88,4.69,3.12,1.56,4.69,9.38,1.56,4.69,6.45,21.88,36.5691071,3738,479,4850,1328,48.5,1.445218,0.6125,4850,490,48.5,0.7732812,0.6125,3055,239,32.3333321,0.4578332,0.6125,3061,213,32.3333321,0.422004521,0.6125,3123,346,32.3333321,0.573030651,0.6125,4850,859,48.5,1.22268689,0.6125,3014,163,32.3333321,0.37102747,0.6375,3103,196,32.3333321,0.368939638,0.6375,58.1250076,50.7500038,99.99826,26.2999,10.580864,71.3106155,9.66148,5.219284,64.9259644,39.75,0.25,0,55,0,85,0.416,1.01,16,16,16,32,48,30,295,160,130,0,0,0,16,39,0.25,0,55,0,85,0.416,1.01,16,16,16,32,48,30,295,160,130,0,0,0,16,512,-1,485.785156,477.917969,7.8671875,7.6015625,7611.34961,7618.951,0,0,0,0,0,0,0,0,0,0,4.3019166,7,505,600,1200,3000,53,0.965000033,1.30500007,0,3,17,44,2670,10451.9824,999,1000,30,30,10,4,0,1,20.979,22.092,0.975,11797.4766,428.785156,8.8178,0,0,0,0.0210526325,0,0,0,0,0,0,0,0,0,54.59375,54,16376,4277,12098,73.87774,59.807,549949440,124899328
05/28/2026 19:26:44,49,60,0,59,64,56,56,56,56,73,12.12,5.04,1.31000006,1.39200008,0.984,0.332000017,0.646,3.288,2.046,0,3.37200022,3.36800027,3.12000012,57,48,46,46.5,1102,792,0,910,813,0,0,0,0,0,21.88,6.25,3.12,3.12,4.69,23.44,1.56,3.12,8.4,23.44,36.0613976,4393,417,5050,1180,50.5,1.30323744,0.53125,5050,451,50.5,0.7050925,0.53125,4829,232,50.5,0.4216031,0.53125,3809,169,40.4,0.354726344,0.53125,3804,274,40.4,0.480926335,0.53125,5050,732,50.5,1.094946,0.53125,3786,146,40.4,0.328219026,0.54375,3765,151,40.4,0.3235718,0.54375,57.1250076,50.7500038,99.99826,26.2896538,10.59111,71.28284,9.656082,5.224682,64.8896942,39.75,0.25,0,55,0,85,0.416,1.01,16,16,16,32,48,30,295,160,130,0,0,0,16,39,0.25,0,55,0,85,0.416,1.01,16,16,16,32,48,30,295,160,130,0,0,0,16,512,-1,485.785156,477.917969,7.8671875,7.6015625,7611.34961,7618.951,0,0,0,0,0,0,0,0,0,0,4.288006,7,505,600,1200,3000,54,1.05500007,1.30500007,0,20,18,44,2670,10451.9824,1000,1000,30,30,9,3,0,1,19.619,25.399,0.975,11797.4766,428.785156,8.780658,0,0,0,0.0119118989,0,0,0,0,0,0,0,0,0,54.4375,54,16376,4277,12098,73.87774,58.434,799744,4.429998E+08
05/28/2026 19:26:46,48,60,0,58,63,55,55,55,54,71,12.12,5.04,1.31000006,1.39200008,0.992000043,0.334000021,0.646,3.288,2.046,0,3.37200022,3.37200022,3.12000012,56,48,46,46.5,1092,795,0,912,817,0,0,0,0,0,14.06,14.06,4.69,3.12,7.81,18.75,4.69,6.25,9.18,18.75,36.67429,3876,490,5050,1202,50.5,1.44152832,0.5625,4040,499,40.4,0.8285011,0.5625,3853,259,40.4,0.4848647,0.5625,3823,191,40.4,0.414968163,0.5625,3827,315,40.4,0.5552615,0.5625,4040,1057,40.4,1.30335057,0.56875,3194,207,33.6666679,0.404788882,0.56875,3183,186,33.6666679,0.365597218,0.56875,56.6250076,50.7500038,99.99826,26.2834969,10.5972672,71.26614,9.650429,5.230335,64.8517,39.75,0.25,0,55,0,85,0.416,1.01,16,16,16,32,48,30,295,160,130,0,0,0,16,39,0.25,0,55,0,85,0.416,1.01,16,16,16,32,48,30,295,160,130,0,0,0,16,512,-1,485.785156,477.917969,7.8671875,7.6015625,7611.34961,7618.951,0,0,0,0,0,0,0,0,0,0,4.39738274,7,505,600,1200,3000,53,0.974000037,1.30500007,0,2,17,44,2670,10451.9824,1001,1001,30,30,9,4,0,1,19.715,19.492,0.975,11797.4766,428.785156,9.54273,0,0,0,0.009279812,0,0,0,0,0,0,0,0,0,54.21875,54,16376,4277,12098,73.87774,57.334,3.053998E+08,2.890496E+08
05/28/2026 19:26:48,47,60,0,56,62,54,54,54,54,71,12.12,5.04,1.31000006,1.39200008,0.994,0.338000029,0.646,3.292,2.046,0,3.37200022,3.37200022,3.124,56,48,46,46.5,1073,796,0,904,809,0,0,0,0,0,18.75,14.06,1.56,1.56,1.56,14.06,0,1.56,6.64,18.75,36.51303,4156,480,4040,1062,40.4,1.3274821,0.55,4040,498,40.4,0.8846968,0.55,3810,241,40.4,0.450374633,0.55,3847,222,40.4,0.422301918,0.55,4791,309,50.5,0.5627593,0.55,5050,1133,50.5,1.37473357,0.55,3784,170,40.4,0.365053743,0.55,3882,206,40.4,0.3748257,0.55,56.2500076,53.2500038,99.99826,26.30621,10.5745544,71.32773,9.674747,5.20601654,65.01512,39.75,0.25,0,55,0,85,0.416,1.01,16,16,16,32,48,30,295,160,130,0,0,0,16,39,0.25,0,55,0,85,0.416,1.01,16,16,16,32,48,30,295,160,130,0,0,0,16,512,-1,485.785156,477.917969,7.8671875,7.6015625,7611.34961,7618.951,0,0,0,0,0,0,0,0,0,0,4.29972553,7,505,600,1200,3000,53,0.969000041,1.30500007,0,1,17,44,2670,10451.9824,1000,1000,30,30,10,4,0,1,20.056,24.944,0.975,11797.4766,428.785156,9.856368,0,0,0,0.0102383457,0,0,0,0,0,0,0,0,0,54.0625,54,16376,4277,12098,73.87774,58.591,99328,358299648
05/28/2026 19:26:50,47,60,0,56,62,54,54,54,54,71,12.12,5.04,1.31000006,1.39200008,0.98,0.33,0.646,3.288,2.046,0,3.37200022,3.37200022,3.12000012,56,48,46,46.5,1052,795,0,884,792,0,0,0,0,0,21.88,14.06,4.69,3.12,6.25,18.75,3.12,4.69,9.57,21.88,36.8740845,3966,496,5050,1129,50.5,1.39715159,0.5375,5050,520,50.5,0.8568324,0.5375,3824,256,40.4,0.488811761,0.5375,3796,214,40.4,0.4342509,0.5375,3880,346,40.4,0.599059045,0.5375,4040,1118,40.4,1.36587024,0.5375,3045,172,32.3333321,0.386279941,0.5375,3041,211,32.3333321,0.414303333,0.5375,56.1250076,50.7500038,99.99827,26.2823143,10.59845,71.26293,9.646633,5.234131,64.8261948,39.75,0.25,0,55,0,85,0.416,1.01,16,16,16,32,48,30,295,160,130,0,0,0,16,39,0.25,0,55,0,85,0.416,1.01,16,16,16,32,48,30,295,160,130,0,0,0,16,512,-1,485.785156,477.917969,7.8671875,7.6015625,7611.34961,7618.951,0,0,0,0,0,0,0,0,0,0,4.22838,7,505,600,1200,3000,53,0.974000037,1.30500007,0,1,17,44,2670,10451.9824,998,1000,30,30,11,4,0,1,19.92,23.774,0.975,11797.4766,428.785156,9.303832,0,0,0,0.00675243372,0,0,0,0,0,0,0,0,0,53.9375,54,16376,4277,12098,73.87774,59.305,504599552,140999680
05/28/2026 19:26:52,47,59,0,56,62,54,54,54,54,71,12.12,5.04,1.31000006,1.39200008,0.986000061,0.34,0.646,3.288,2.046,0,3.37200022,3.37200022,3.12000012,55,48,46,46.5,1052,791,0,865,788,0,0,0,0,0,17.19,12.5,4.69,3.12,6.25,15.62,1.56,3.12,8.01,17.19,36.282032,4408,441,5050,992,50.5,1.25867152,0.51875,5050,496,50.5,0.7811379,0.51875,4785,256,50.5,0.467191875,0.51875,3775,201,40.4,0.389602751,0.51875,3843,300,40.4,0.5313253,0.51875,5050,934,50.5,1.21517456,0.51875,3797,162,40.4,0.3583492,0.51875,3917,188,40.4,0.355219245,0.51875,55.8750076,52.1250038,99.99827,26.3068581,10.5739059,71.32948,9.672733,5.2080307,65.00159,39.75,0.25,0,55,0,85,0.416,1.01,16,16,16,32,48,30,295,160,130,0,0,0,16,39,0.25,0,55,0,85,0.416,1.01,16,16,16,32,48,30,295,160,130,0,0,0,16,512,-1,485.785156,477.917969,7.8671875,7.6015625,7611.34961,7618.951,0,0,0,0,0,0,0,0,0,0,4.23286057,7,505,600,1200,3000,53,1.064,1.30500007,0,14,20,44,2670,10451.9824,999,1000,30,30,10,4,0,1,19.232,26.242,0.975,11797.4766,428.785156,9.322946,0,0,0,0.00502005452,0,0,0,0,0,0,0,0,0,53.78125,54,16376,4277,12098,73.87774,57.418,849920,449999872
05/28/2026 19:26:54,45,60,0,55,60,53,53,53,53,71,12.12,5.04,1.31000006,1.39200008,0.990000069,0.328,0.646,3.288,2.046,0,3.37200022,3.37200022,3.12000012,55,48,46,46.5,1010,790,0,878,802,0,0,0,0,0,20.31,9.38,6.25,7.81,6.25,12.5,4.69,4.69,8.98,20.31,36.775795,4437,481,5050,1138,50.5,1.38186145,0.50625,5050,481,50.5,0.797278,0.50625,3890,259,40.4,0.48406145,0.50625,3899,227,40.4,0.4297851,0.50625,3866,305,40.4,0.555333734,0.50625,5050,1042,50.5,1.30237114,0.50625,3783,166,40.4,0.3744177,0.50625,4909,228,50.5,0.409838676,0.50625,55.8750076,54.2500038,99.99827,26.2847214,10.5960426,71.26946,9.648384,5.23238,64.83797,39.75,0.25,0,55,0,85,0.416,1.01,16,16,16,32,48,30,295,160,130,0,0,0,16,39,0.25,0,55,0,85,0.416,1.01,16,16,16,32,48,30,295,160,130,0,0,0,16,512,-1,485.785156,477.917969,7.8671875,7.6015625,7611.34961,7618.951,0,0,0,0,0,0,0,0,0,0,4.270273,7,505,600,1200,3000,54,0.969000041,1.30500007,0,5,17,43,2670,10451.9824,1000,1001,30,30,10,4,0,1,18.868,22.674,0.975,11797.4727,422.5078,9.388309,0,0,0,0.00400420371,0,0,0,0,0,0.055555813,0,0,0,53.71875,52,16376,4277,12098,73.87774,56.879,849920,440799232
05/28/2026 19:26:56,46,60,0,56,61,54,54,54,54,71,12.12,5.04,1.312,1.39200008,0.986000061,0.33,0.646,3.292,2.046,0,3.37200022,3.37200022,3.124,56,48,46,46.5,1016,795,0,859,775,0,0,0,0,0,14.06,4.69,1.56,3.12,4.69,17.19,1.56,3.12,6.25,17.19,36.6532249,4034,470,5050,992,50.5,1.2860961,0.5375,4040,520,40.4,0.788690448,0.5375,3834,255,40.4,0.462774426,0.5375,3831,215,40.4,0.4289994,0.5375,3866,306,40.4,0.5344374,0.5375,4040,1093,40.4,1.29938459,0.5375,3785,187,40.4,0.388405651,0.55,3825,191,40.4,0.374017984,0.55,55.8750076,51.2500038,99.99826,26.3078651,10.5728989,71.3322144,9.67337,5.20739365,65.0058746,39.75,0.25,0,55,0,85,0.416,1.01,16,16,16,32,48,30,295,160,130,0,0,0,16,39.25,0.25,0,55,0,85,0.416,1.01,16,16,16,32,48,30,295,160,130,0,0,0,16,512,-1,485.785156,477.917969,7.8671875,7.6015625,7611.34961,7618.951,0,0,0,0,0,0,0,0,0,0,4.22047329,7,505,600,1200,3000,53,0.930000067,1.30500007,0,6,17,44,2670,10451.9824,1000,1000,30,30,10,4,0,1,19.371,26.724,0.975,11797.4727,422.5078,9.304278,0,0,0,0.00576589862,0,0,0,0,0,0,0,0,0,53.46875,52,16376,4277,12098,73.87774,58.338,99328,356049920
05/28/2026 19:26:58,47,60,0,56,61,54,54,54,54,71,12.12,5.04,1.31000006,1.396,0.992000043,0.33,0.646,3.288,2.046,0,3.37200022,3.37200022,3.12000012,55,48,46,46.5,1040,795,0,874,775,0,0,0,0,0,23.44,9.38,6.25,1.56,4.69,17.19,3.12,3.12,8.59,23.44,36.3363838,4161,446,5050,972,50.5,1.26932585,0.51875,5050,478,50.5,0.7624271,0.51875,3855,254,40.4,0.446001649,0.51875,3855,213,40.4,0.4120886,0.51875,3874,290,40.4,0.5222673,0.51875,4040,1039,40.4,1.23212457,0.51875,3763,162,40.4,0.3592655,0.51875,3804,159,40.4,0.349875331,0.51875,55.7500076,51.2500038,99.99826,26.2768478,10.6039162,71.24811,9.642357,5.238407,64.7974548,39.75,0.25,0,55,0,85,0.416,1.01,16,16,16,32,48,30,295,160,130,0,0,0,16,39.25,0.25,0,55,0,85,0.416,1.01,16,16,16,32,48,30,295,160,130,0,0,0,16,512,-1,485.785156,477.917969,7.8671875,7.6015625,7611.34961,7618.951,0,0,0,0,0,0,0,0,0,0,4.24050665,7,505,600,1200,3000,54,1.095,1.30500007,0,14,18,44,2670,10451.9824,1000,1000,30,30,10,4,0,1,19.055,26.294,0.975,11797.4727,422.5078,9.270295,0,0,0,0.00756872958,0,0,0,0,0,0,0,0,0,53.28125,52,16376,4277,12098,73.87774,58.105,149504,360049664
05/28/2026 19:27:00,45,60,0,55,60,53,53,53,53,70,12.12,5.04,1.31000006,1.39200008,0.994,0.336000025,0.646,3.292,2.046,0,3.37200022,3.37200022,3.12000012,55,48,46,46.5,1032,795,0,860,795,0,0,0,0,0,25,15.62,7.81,6.25,10.94,35.94,4.69,6.25,14.06,35.94,37.1361275,4415,525,5050,932,50.5,1.30176592,0.51875,5050,551,50.5,0.8986184,0.51875,3865,275,40.4,0.5109682,0.51875,3895,251,40.4,0.4641993,0.51875,3903,379,40.4,0.6375611,0.51875,5050,1448,50.5,1.5172689,0.51875,3768,176,40.4,0.4005954,0.51875,4740,189,50.5,0.401693523,0.525,55.6250076,51.8750038,99.99826,26.3140678,10.5666962,71.34903,9.681305,5.199459,65.05919,40,0.25,0,55,0,85,0.416,1.01,16,16,16,32,48,30,295,160,130,0,0,0,16,39.25,0.25,0,55,0,85,0.416,1.01,16,16,16,32,48,30,295,160,130,0,0,0,16,512,-1,485.785156,477.917969,7.8671875,7.6015625,7611.34961,7618.951,0,0,0,0,0,0,0,0,0,0,4.33102036,7,505,600,1200,3000,53,0.965000033,1.30500007,0,3,17,44,2670,10451.9824,1000,999,30,30,10,4,0,1,18.78,26.1,0.975,11797.4727,422.738281,8.755605,0,0,0,0.013128926,0,0,0,0,0,0.008098686,0,0,0,53.21875,52,16376,4277,12098,73.87774,56.777,849920,454349824
05/28/2026 19:27:02,45,60,0,55,60,54,54,54,54,71,12.12,5.04,1.312,1.39200008,1,0.33,0.646,3.288,2.046,0,3.37200022,3.36800027,3.12000012,56,48,46,46.5,1013,796,0,851,771,0,0,0,0,0,10.94,7.81,1.56,3.12,6.25,12.5,1.56,4.69,6.05,12.5,36.2501,4284,454,5050,896,50.5,1.204844,0.5,5050,482,50.5,0.782331467,0.5,3848,241,40.4,0.4436313,0.5,3790,187,40.4,0.377810568,0.5,3852,297,40.4,0.5151206,0.5,5050,1174,50.5,1.34777164,0.50625,3735,163,40.4,0.35442403,0.50625,3898,195,40.4,0.3566092,0.50625,55.8750076,53.5000038,99.99826,26.278347,10.602417,71.2521744,9.646057,5.234707,64.82233,40,0.25,0,55,0,85,0.416,1.01,16,16,16,32,48,30,295,160,130,0,0,0,16,39.25,0.25,0,55,0,85,0.416,1.01,16,16,16,32,48,30,295,160,130,0,0,0,16,512,-1,485.785156,477.917969,7.8671875,7.6015625,7611.34961,7618.951,0,0,0,0,0,0,0,0,0,0,4.11409426,7,505,600,1200,3000,53,0.965000033,1.30500007,0,1,17,43,2670,10451.9824,999,999,30,30,9,4,0,1,19.144,28.586,0.975,11797.4727,422.738281,9.447535,0,0,0,0.004404271,0,0,0,0,0,0,0,0,0,53,52,16376,4277,12098,73.87774,57.545,849920,446099456
05/28/2026 19:27:04,45,60,0,55,60,53,53,53,53,70,12.12,5.04,1.31000006,1.39200008,0.992000043,0.332000017,0.646,3.292,2.046,0,3.37200022,3.37200022,3.12000012,56,48,46,46.5,1026,796,0,854,766,0,0,0,0,0,20.31,6.25,6.25,1.56,1.56,17.19,1.56,1.56,7.03,20.31,37.3698235,4462,552,5050,1113,50.5,1.36074293,0.525,5050,583,50.5,0.871969461,0.525,4040,362,40.4,0.5834663,0.525,4818,263,50.5,0.479939342,0.525,3995,433,40.4,0.678405762,0.525,5050,1269,50.5,1.45310545,0.525,3785,186,40.4,0.3964836,0.5375,3905,206,40.4,0.382889181,0.5375,56.0000076,52.3750038,99.99826,26.2827873,10.5979767,71.26422,9.647079,5.23368454,64.82919,40,0.25,0,55,0,85,0.416,1.01,16,16,16,32,48,30,295,160,130,0,0,0,16,39.25,0.25,0,55,0,85,0.416,1.01,16,16,16,32,48,30,295,160,130,0,0,0,16,512,-1,485.785156,477.917969,7.8671875,7.6015625,7611.34961,7618.951,0,0,0,0,0,0,0,0,0,0,4.1613574,7,505,600,1200,3000,54,1.03000009,1.30500007,0,4,17,44,2670,10451.9824,999,1000,30,30,10,4,0,1,19.437,28.346,0.975,11797.4727,422.738281,9.44846,0,0,0,0.009186876,0,0,0,0,0,0,0,0,0,53.09375,52,16376,4277,12098,73.87774,58.94,149504,359699456
05/28/2026 19:27:06,45,60,0,55,60,53,53,53,53,70,12.12,5.04,1.31000006,1.39200008,0.996000051,0.34,0.646,3.288,2.046,0,3.37200022,3.37200022,3.124,56,48,46,46.5,1020,796,0,868,786,0,0,0,0,0,18.75,9.38,3.12,1.56,1.56,23.44,0,3.12,7.62,23.44,36.52603,4558,470,5050,912,50.5,1.24020576,0.53125,5050,485,50.5,0.7682526,0.53125,4916,262,50.5,0.4982517,0.53125,4917,236,50.5,0.442765057,0.53125,3824,304,40.4,0.5451936,0.51875,5050,1208,50.5,1.40714467,0.51875,3776,163,40.4,0.375427067,0.51875,3883,193,40.4,0.369941771,0.51875,56.0000076,50.7500038,99.99827,26.28226,10.5985031,71.26279,9.641209,5.23955536,64.78974,40,0.25,0,55,0,85,0.416,1.01,16,16,16,32,48,30,295,160,130,0,0,0,16,39.25,0.25,0,55,0,85,0.416,1.01,16,16,16,32,48,30,295,160,130,0,0,0,16,512,-1,485.785156,477.917969,7.8671875,7.6015625,7611.34961,7618.951,0,0,0,0,0,0,0,0,0,0,4.167806,7,505,600,1200,3000,53,1.04500008,1.30500007,0,12,17,43,2670,10451.9824,999,1000,30,30,10,4,0,1,18.795,28.987,0.975,11801.7813,422.738281,9.58552,0,0,0,0.0217297021,0,0,0,0,0,0.217752263,0,0,0,52.75,52,16376,4273,12102,73.90398,57.546,849920,368949248
05/28/2026 19:27:08,46,60,0,56,61,54,54,54,54,71,12.144001,5.03,1.312,1.39200008,1.00200009,0.328,0.646,3.288,2.046,0,3.37200022,3.37200022,3.12000012,56,48,46,46.5,1018,796,0,867,766,0,0,0,0,0,12.5,12.5,7.81,6.25,12.5,20.31,6.25,7.81,10.74,20.31,36.6327171,3996,482,5050,893,50.5,1.24364066,0.5375,4040,486,40.4,0.796331,0.5375,3842,280,40.4,0.504449546,0.5375,3924,252,40.4,0.464035451,0.5375,4661,338,48.5,0.581038952,0.55,4040,1213,40.4,1.39367235,0.6,3146,172,33.6666679,0.385280758,0.6,3263,218,33.6666679,0.401453763,0.6,55.8750076,51.2500038,99.99827,26.2847862,10.5959778,71.26964,9.642555,5.238209,64.7988,40,0.25,0,55,0,85,0.416,1.01,16,16,16,32,48,30,295,160,130,0,0,0,16,39.25,0.25,0,55,0,85,0.416,1.01,16,16,16,32,48,30,295,160,130,0,0,0,16,512,-1,485.785156,477.917969,7.8671875,7.6015625,7611.34961,7618.951,0,0,0,0,0,0,0,0,0,0,4.29350471,7,505,600,1200,3000,53,0.840000033,1.30500007,0,0,17,43,2670,10451.9824,1001,1001,30,30,9,4,0,1,18.863,29.282,0.975,11801.7813,422.738281,9.372365,0,0,0,0.008771994,0,0,0,0,0,0,0,0,0,52.65625,52,16376,4273,12102,73.90398,56.848,1.152E+08,338949120
05/28/2026 19:27:10,47,60,0,56,62,54,54,54,54,71,12.12,5.04,1.31000006,1.39200008,1.00400007,0.334000021,0.646,3.28400016,2.046,0,3.37200022,3.37200022,3.12000012,55,48,46,46.5,1053,796,0,865,797,0,0,0,0,0,17.19,9.38,3.12,0,3.12,20.31,0,3.12,7.03,20.31,36.7081261,4048,485,4040,934,40.4,1.25582325,0.53125,5050,506,50.5,0.7967541,0.53125,3846,265,40.4,0.483721226,0.53125,3815,224,40.4,0.437132418,0.53125,3916,344,40.4,0.5997711,0.53125,4040,1215,40.4,1.383824,0.53125,3808,190,40.4,0.3950118,0.53125,3866,202,40.4,0.404082358,0.53125,55.8750076,51.3750038,99.99827,26.3158,10.5649643,71.35373,9.676395,5.20436859,65.0262,40,0.25,0,55,0,85,0.416,1.01,16,16,16,32,48,30,295,160,130,0,0,0,16,39.25,0.25,0,55,0,85,0.416,1.01,16,16,16,32,48,30,295,160,130,0,0,0,16,512,-1,485.785156,477.917969,7.8671875,7.6015625,7611.34961,7618.951,0,0,0,0,0,0,0,0,0,0,4.309359,7,505,600,1200,3000,54,1.05500007,1.30500007,0,4,17,42,2670,10451.9824,1000,1000,30,30,9,4,0,1,19.437,29.22,0.975,11801.7813,422.738281,9.342761,0,0,0,0.00728819845,0,0,0,0,0,0,0,0,0,52.59375,52,16376,4273,12102,73.90398,58.097,1299456,368249856
05/28/2026 19:27:12,47,60,0,56,62,54,54,54,54,71,12.12,5.04,1.31000006,1.396,0.988000035,0.336000025,0.646,3.288,2.046,0,3.37200022,3.37200022,3.12000012,55,47.5,46,46.5,1034,766,0,883,780,0,0,0,0,0,23.44,15.62,7.81,6.25,10.94,20.31,3.12,4.69,11.52,23.44,36.3204956,4400,441,5050,889,50.5,1.18265045,0.5375,5050,441,50.5,0.6869873,0.5375,3845,244,40.4,0.433858454,0.5375,3797,212,40.4,0.393479973,0.5375,4723,292,50.5,0.500186145,0.5375,5050,1109,50.5,1.29719245,0.5375,3789,164,40.4,0.353033781,0.5375,3893,179,40.4,0.3438003,0.5375,55.8750076,50.7500038,99.99826,26.2827454,10.5980186,71.2641,9.643013,5.237751,64.8018646,40,0.25,0,55,0,85,0.416,1.01,16,16,16,32,48,30,295,160,130,0,0,0,16,39.25,0.25,0,55,0,85,0.416,1.01,16,16,16,32,48,30,295,160,130,0,0,0,16,512,-1,485.785156,477.917969,7.8671875,7.6015625,7611.34961,7618.951,0,0,0,0,0,0,0,0,0,0,4.34466076,7,505,600,1200,3000,53,0.974000037,1.30500007,0,3,17,43,2670,10451.9824,1000,999,30,30,10,4,0,1,18.87,29.82,0.975,11801.7813,422.738281,9.823817,0,0,0,0.0110993823,0,0,0,0,0,0,0,0,0,52.4375,50,16376,4273,12102,73.90398,58.192,849920,360649728
05/28/2026 19:27:14,46,60,0,56,61,53,53,53,53,70,12.12,5.04,1.312,1.396,1.008,0.332000017,0.646,3.292,2.046,0,3.37600017,3.37200022,3.124,55,48,46,46.5,1039,766,0,882,801,0,0,0,0,0,15.62,7.81,4.69,1.56,4.69,20.31,3.12,1.56,7.42,20.31,36.9160728,4442,490,5050,1026,50.5,1.32466578,0.55,4040,496,40.4,0.8055299,0.55,3844,256,40.4,0.47547,0.55,3809,201,40.4,0.419306219,0.55,4681,337,48.5,0.577948,0.5625,4850,1207,48.5,1.40636611,0.5625,4525,187,48.5,0.392964244,0.5625,4733,211,48.5,0.385359854,0.5625,55.8750076,53.1250038,99.99827,26.3190384,10.5617256,71.3625,9.676067,5.20469666,65.0239944,40,0.25,0,55,0,85,0.416,1.01,16,16,16,32,48,30,295,160,130,0,0,0,16,39.25,0.25,0,55,0,85,0.416,1.01,16,16,16,32,48,30,295,160,130,0,0,0,16,512,-1,485.785156,477.917969,7.8671875,7.6015625,7611.34961,7618.951,0,0,0,0,0,0,0,0,0,0,4.132586,7,505,600,1200,3000,53,0.974000037,1.30500007,0,2,17,42,2670,10451.9824,1001,1000,30,30,10,4,0,1,18.663,29.149,0.975,11801.7813,422.738281,9.338299,0,0,0,0.00587608945,0,0,0,0,0,0,0,0,0,52.34375,52,16376,4273,12102,73.90398,56.533,99328,367399936
05/28/2026 19:27:16,46,60,0,56,61,54,54,54,54,71,12.12,5.04,1.312,1.396,1.01200008,0.332000017,0.646,3.292,2.046,0,3.37600017,3.37200022,3.124,56,48,46,46.5,1023,766,0,884,781,0,0,0,0,0,18.75,10.94,7.81,4.69,6.25,20.31,4.69,6.25,9.96,20.31,36.7086449,3939,480,4850,998,48.5,1.29701269,0.625,4850,488,48.5,0.7789824,0.625,3102,254,32.3333321,0.473754376,0.6375,3134,239,32.3333321,0.4461576,0.6375,4671,332,48.5,0.5625795,0.6375,4850,1185,48.5,1.36098993,0.6375,2987,165,32.3333321,0.361199051,0.6375,3070,175,32.3333321,0.3640042,0.6375,56.0000076,51.2500038,99.99827,26.2825165,10.5982475,71.26348,9.644291,5.236473,64.8104553,40,0.25,0,55,0,85,0.416,1.01,16,16,16,32,48,30,295,160,130,0,0,0,16,39.25,0.25,0,55,0,85,0.416,1.01,16,16,16,32,48,30,295,160,130,0,0,0,16,512,-1,485.785156,477.917969,7.8671875,7.6015625,7611.34961,7618.951,0,0,0,0,0,0,0,0,0,0,4.37159729,7,505,600,1200,3000,53,0.969000041,1.30500007,0,2,17,43,2670,10451.9824,1000,1001,30,30,10,4,0,1,18.894,29.375,0.975,11801.7813,422.5078,9.206626,0,0,0,0.007518767,0,0,0,0,0,0.006893031,0,0,0,52.21875,52,16376,4273,12102,73.90398,56.965,149504,4.507996E+08
05/28/2026 19:27:18,47,60,0,56,62,54,54,54,54,71,12.12,5.04,1.31000006,1.396,0.986000061,0.336000025,0.646,3.288,2.046,0,3.37200022,3.37200022,3.124,56,48,46,46.5,1034,766,0,858,798,0,0,0,0,0,17.19,7.81,1.56,3.12,4.69,21.88,3.12,4.69,8.01,21.88,36.9941444,3830,497,4040,1078,40.4,1.36348975,0.5625,4040,473,40.4,0.8161171,0.5625,3914,292,40.4,0.5071285,0.5625,3218,240,33.6666679,0.459562719,0.5625,3882,327,40.4,0.5906283,0.5625,5050,1136,50.5,1.35062563,0.5625,3183,187,33.6666679,0.402688652,0.5625,3310,245,33.6666679,0.435734,0.5625,56.1250076,50.7500038,99.99826,26.3190079,10.5617561,71.36243,9.681534,5.19923,65.06073,40,0.25,0,55,0,85,0.416,1.01,16,16,16,32,48,30,295,160,130,0,0,0,16,39.25,0.25,0,55,0,85,0.416,1.01,16,16,16,32,48,30,295,160,130,0,0,0,16,512,-1,485.785156,477.917969,7.8671875,7.6015625,7611.34961,7618.951,0,0,0,0,0,0,0,0,0,0,4.14498949,7,505,600,1200,3000,53,0.960000038,1.30500007,0,3,17,42,2670,10451.9824,999,999,30,30,9,4,0,1,19.246,29.126,0.975,11801.7813,422.5078,9.366822,0,0,0,0.008309636,0,0,0,0,0,0,0,0,0,52.15625,52,16376,4273,12102,73.90398,58.181,1399808,371599360
05/28/2026 19:27:20,47,60,0,56,62,54,54,54,54,71,12.144001,5.04,1.312,1.396,0.986000061,0.332000017,0.646,3.288,2.046,0,3.37600017,3.37200022,3.124,56,48,46,46.5,1048,766,0,884,804,0,0,0,0,0,17.19,9.38,6.25,3.12,0,23.44,4.69,7.81,8.98,23.44,36.0507164,4002,411,4040,798,40.4,1.15038216,0.54375,4040,435,40.4,0.710571468,0.54375,4805,210,50.5,0.401039451,0.525,3774,168,40.4,0.3427483,0.525,3797,250,40.4,0.460093,0.525,4040,1159,40.4,1.28915274,0.525,3757,144,40.4,0.321143478,0.525,3763,125,40.4,0.3022024,0.525,56.0000076,51.7500038,99.99826,26.2856255,10.5951385,71.27191,9.649395,5.231369,64.84476,40,0.25,0,55,0,85,0.416,1.01,16,16,16,32,48,30,295,160,130,0,0,0,16,39.25,0.25,0,55,0,85,0.416,1.01,16,16,16,32,48,30,295,160,130,0,0,0,16,512,-1,485.785156,477.917969,7.8671875,7.6015625,7611.34961,7618.951,0,0,0,0,0,0,0,0,0,0,4.2921505,7,505,600,1200,3000,54,0.974000037,1.30500007,0,5,17,42,2670,10451.9824,999,999,30,30,8,4,0,1,18.433,27.608,0.975,11801.7813,422.601563,7.71691942,0,0,0,0.009697611,0,0,0,0,0,0,0,0,0,51.96875,52,16376,4273,12102,73.90398,56.662,199680,2.360494E+08
05/28/2026 19:27:22,47,60,0,56,62,54,54,54,54,71,12.144001,5.04,1.312,1.396,0.984,0.342,0.644000053,3.292,2.046,0,3.37600017,3.37200022,3.124,55,48,46,46.5,1042,766,0,866,786,0,0,0,0,0,18.75,12.5,6.25,0,4.69,31.25,0,0,9.18,31.25,36.2818947,3752,429,4040,844,40.4,1.16662669,0.53125,5050,472,50.5,0.7073464,0.53125,3703,204,40.4,0.38836804,0.53125,3150,179,33.6666679,0.363283783,0.53125,3760,269,40.4,0.4801372,0.53125,4040,1177,40.4,1.34430563,0.53125,3111,133,33.6666679,0.3171801,0.53125,3163,155,33.6666679,0.323012948,0.53125,55.8750076,50.7500038,99.99826,26.32338,10.5573845,71.37428,9.681961,5.198803,65.0636,40,0.25,0,55,0,85,0.416,1.01,16,16,16,32,48,30,295,160,130,0,0,0,16,39.5,0.25,0,55,0,85,0.416,1.01,16,16,16,32,48,30,295,160,130,0,0,0,16,512,-1,485.785156,477.917969,7.8671875,7.6015625,7611.34961,7618.951,0,0,0,0,0,0,0,0,0,0,4.367058,7,505,600,1200,3000,53,0.825000048,1.30500007,0,0,17,42,2670,10451.9824,1000,1001,30,30,8,4,0,1,18.361,18.624,0.975,11801.7813,422.601563,7.39593029,0,0,0,0.0100425,0,0,0,0,0,0,0,0,0,51.875,52,16376,4273,12102,73.90398,55.201,203949056,104999936
05/28/2026 19:27:24,46,60,0,56,61,53,53,53,53,70,12.144001,5.04,1.312,1.396,0.990000069,0.342,0.646,3.292,2.046,0,3.37600017,3.37600017,3.124,55,48,46,46.5,1028,766,0,884,785,0,0,0,0,0,17.19,9.38,9.38,6.25,6.25,14.06,1.56,3.12,8.4,17.19,36.1025124,3724,425,4850,875,48.5,1.21329832,0.6375,4850,452,48.5,0.744560957,0.6375,3120,232,32.3333321,0.428643346,0.6375,3009,190,32.3333321,0.367755651,0.6375,3023,243,32.3333321,0.4519811,0.6375,4850,1119,48.5,1.32263613,0.6375,3018,139,32.3333321,0.3253112,0.6375,3074,153,32.3333321,0.3308543,0.6375,55.7500076,50.7500038,99.99826,26.31393,10.5668335,71.34866,9.676781,5.20398331,65.02879,40,0.25,0,55,0,85,0.416,1.01,16,16,16,32,48,30,295,160,130,0,0,0,16,39.5,0.25,0,55,0,85,0.416,1.01,16,16,16,32,48,30,295,160,130,0,0,0,16,512,-1,485.785156,477.917969,7.8671875,7.6015625,7611.34961,7618.951,0,0,0,0,0,0,0,0,0,0,4.43877649,7,505,600,1200,3000,54,1.064,1.30500007,0,8,17,41,2670,10451.9824,999,999,30,30,8,4,0,0,18.92,28.655,0.975,11801.7813,422.601563,7.76962233,0,0,0,0.00765759,0,0,0,0,0,0,0,0,0,51.71875,52,16376,4273,12102,73.90398,56.182,365249536,164499456
05/28/2026 19:27:26,45,60,0,55,60,53,53,53,53,70,12.12,5.04,1.312,1.396,0.994,0.338000029,0.646,3.292,2.046,0,3.37200022,3.37200022,3.124,55,47.5,46,46.5,1003,766,0,885,783,0,0,0,0,0,25,9.38,4.69,4.69,3.12,26.56,0,1.56,9.38,26.56,37.1956825,3959,552,4850,1248,48.5,1.56936049,0.61875,4850,611,48.5,1.02643764,0.61875,3103,294,32.3333321,0.531623662,0.61875,3129,243,32.3333321,0.468878955,0.61875,4672,356,48.5,0.6213196,0.61875,4850,1257,48.5,1.53503823,0.61875,3073,193,32.3333321,0.40379858,0.61875,3143,210,32.3333321,0.400113076,0.61875,55.8750076,51.2500038,99.99827,26.2932129,10.5875511,71.29248,9.653648,5.22711563,64.87334,40,0.25,0,55,0,85,0.416,1.01,16,16,16,32,48,30,295,160,130,0,0,0,16,39.5,0.25,0,55,0,85,0.416,1.01,16,16,16,32,48,30,295,160,130,0,0,0,16,512,-1,485.785156,477.917969,7.8671875,7.6015625,7611.34961,7618.951,0,0,0,0,0,0,0,0,0,0,4.480597,7,505,600,1200,3000,54,0.974000037,1.30500007,0,4,17,42,2670,10451.9824,1000,1001,30,30,10,4,0,1,18.821,28.648,0.975,11801.7813,422.601563,8.961065,0,0,0,0.0142493732,0,0,0,0,0,0,0,0,0,51.625,52,16376,4273,12102,73.90398,57.525,6.319995E+08,1.71349E+08
05/28/2026 19:27:28,45,60,0,55,60,53,53,53,53,70,12.144001,5.04,1.312,1.396,0.992000043,0.328,0.644000053,3.288,2.046,0,3.37600017,3.37200022,3.124,55,48,46,46.5,997,763,0,857,791,0,0,0,0,0,23.44,14.06,14.06,7.81,10.94,26.56,3.12,7.81,13.48,26.56,36.64597,4395,490,5050,1114,50.5,1.41135454,0.525,5050,575,50.5,0.8453023,0.525,3796,276,40.4,0.5005384,0.525,3827,203,40.4,0.417555273,0.525,4774,333,50.5,0.558972955,0.525,5050,1067,50.5,1.35568154,0.525,3801,183,40.4,0.3847526,0.525,3810,165,40.4,0.36725536,0.525,55.7500076,50.7500038,99.99827,26.3112183,10.5695457,71.34131,9.670517,5.210247,64.9866943,40,0.25,0,55,0,85,0.416,1.01,16,16,16,32,48,30,295,160,130,0,0,0,16,39.5,0.25,0,55,0,85,0.416,1.01,16,16,16,32,48,30,295,160,130,0,0,0,16,512,-1,485.785156,477.917969,7.8671875,7.6015625,7611.34961,7618.951,0,0,0,0,0,0,0,0,0,0,4.279378,7,505,600,1200,3000,53,0.974000037,1.30500007,0,9,17,42,2670,10451.9824,1001,999,30,30,10,4,0,1,18.352,28.561,0.975,11801.7813,422.601563,9.756602,0,0,0,0.0144883543,0,0,0,0,0,0,0,0,0,51.5625,52,16376,4273,12102,73.90398,56.303,849920,357099520
05/28/2026 19:27:30,45,60,0,55,60,53,53,53,53,70,12.12,5.04,1.312,1.396,0.998,0.336000025,0.644000053,3.292,2.046,0,3.37200022,3.37200022,3.12000012,55,47.5,46,46.5,1002,766,0,853,766,0,0,0,0,0,23.44,6.25,1.56,3.12,3.12,21.88,4.69,3.12,8.4,23.44,37.360836,4004,538,4040,1146,40.4,1.50805271,0.5125,4040,574,40.4,0.924024343,0.5375,4917,326,50.5,0.5542186,0.5375,3863,237,40.4,0.4615005,0.5375,4885,371,50.5,0.628035665,0.5375,4040,1299,40.4,1.50305712,0.5375,3130,174,33.6666679,0.4028285,0.5375,3118,181,33.6666679,0.390985072,0.5375,55.7500076,51.2500038,99.99826,26.3208885,10.5598755,71.36752,9.676998,5.203766,65.03025,40,0.25,0,55,0,85,0.416,1.01,16,16,16,32,48,30,295,160,130,0,0,0,16,39.5,0.25,0,55,0,85,0.416,1.01,16,16,16,32,48,30,295,160,130,0,0,0,16,512,-1,485.785156,477.917969,7.8671875,7.6015625,7611.34961,7618.951,0,0,0,0,0,0,0,0,0,0,4.264952,7,505,600,1200,3000,54,0.969000041,1.30500007,0,3,17,41,2670,10451.9824,1002,1000,30,30,10,4,0,1,18.782,29.239,0.975,11801.7813,422.601563,9.275953,0,0,0,0.0103468746,0,0,0,0,0,0,0,0,0,51.5625,52,16376,4273,12102,73.90398,56.364,1399808,289249280
05/28/2026 19:27:32,45,60,0,55,60,53,53,53,53,70,12.12,5.04,1.312,1.396,0.996000051,0.33,0.644000053,3.292,2.046,0,3.37600017,3.37600017,3.124,55,48,46,46.5,1002,766,0,848,766,0,0,0,0,0,20.31,10.94,4.69,1.56,7.81,28.12,3.12,3.12,9.96,28.12,37.00431,4228,511,5050,1129,50.5,1.481762,0.5125,5050,557,50.5,0.928615153,0.5125,3862,251,40.4,0.4913089,0.5125,3876,223,40.4,0.4509183,0.5125,3911,357,40.4,0.621545136,0.5125,4040,1190,40.4,1.41854131,0.5125,3138,181,33.6666679,0.404781729,0.5375,4898,201,50.5,0.397284359,0.5375,55.8750076,51.2500038,99.99827,26.3154259,10.5653381,71.3527145,9.672592,5.208172,65.00064,40,0.25,0,55,0,85,0.416,1.01,16,16,16,32,48,30,295,160,130,0,0,0,16,39.5,0.25,0,55,0,85,0.416,1.01,16,16,16,32,48,30,295,160,130,0,0,0,16,512,-1,485.785156,477.917969,7.8671875,7.6015625,7611.34961,7618.951,0,0,0,0,0,0,0,0,0,0,4.160673,7,505,600,1200,3000,54,0.965000033,1.30500007,0,3,17,41,2670,10451.9824,1000,1001,30,30,10,4,0,1,19.278,29.807,0.975,11801.7813,422.601563,9.404271,0,0,0,0.0154963825,0,0,0,0,0,0,0,0,0,51.40625,52,16376,4273,12102,73.90398,57.97,799744,446999552
05/28/2026 19:27:34,45,60,0,55,60,53,53,53,53,70,12.12,5.04,1.312,1.396,0.992000043,0.346000016,0.644000053,3.292,2.046,0,3.37600017,3.37200022,3.124,55,48,46,46.5,998,764,0,855,767,0,0,0,0,0,25,12.5,10.94,6.25,12.5,29.69,7.81,9.38,14.26,29.69,36.58953,4379,479,5050,1106,50.5,1.43269134,0.53125,5050,498,50.5,0.8060101,0.53125,3796,251,40.4,0.439623684,0.53125,3797,204,40.4,0.393775344,0.53125,4727,324,50.5,0.534661233,0.53125,5050,1117,50.5,1.34007084,0.53125,3784,178,40.4,0.3656628,0.53125,3781,152,40.4,0.3333627,0.53125,55.7500076,51.2500038,99.99826,26.280014,10.60075,71.2567,9.644165,5.236599,64.80961,40.25,0.25,0,55,0,85,0.416,1.01,16,16,16,32,48,30,295,160,130,0,0,0,16,39.5,0.25,0,55,0,85,0.416,1.01,16,16,16,32,48,30,295,160,130,0,0,0,16,512,-1,485.785156,477.917969,7.8671875,7.6015625,7611.34961,7618.951,0,0,0,0,0,0,0,0,0,0,4.17156,7,505,600,1200,3000,54,0.955000043,1.30500007,0,1,17,41,2670,10451.9824,1000,999,30,30,9,4,0,1,18.823,28.299,0.975,11801.7813,422.601563,9.211345,0,0,0,0.0152601292,0,0,0,0,0,0,0,0,0,51.375,50,16376,4273,12102,73.90398,57.349,799744,443949056
05/28/2026 19:27:36,45,60,0,55,60,53,53,53,53,70,12.12,5.04,1.312,1.396,0.994,0.336000025,0.644000053,3.292,2.046,0,3.37600017,3.37600017,3.124,55,48,46,46.5,985,764,0,855,767,0,0,0,0,0,26.56,10.94,4.69,4.69,6.25,18.75,1.56,4.69,9.77,26.56,37.27179,4428,542,4040,1334,40.4,1.611156,0.5125,5050,551,50.5,0.9276477,0.5125,3852,282,40.4,0.496570766,0.5125,3861,241,40.4,0.4550664,0.5125,3864,361,40.4,0.6258786,0.5125,5050,1118,50.5,1.413395,0.5125,4753,204,50.5,0.408907026,0.5125,4956,243,50.5,0.426389128,0.5125,55.7500076,55.6250038,99.99827,26.2919846,10.5887794,71.2891541,9.644913,5.23585129,64.81464,40.25,0.25,0,55,0,85,0.416,1.01,16,16,16,32,48,30,295,160,130,0,0,0,16,39.5,0.25,0,55,0,85,0.416,1.01,16,16,16,32,48,30,295,160,130,0,0,0,16,512,-1,485.785156,477.917969,7.8671875,7.6015625,7611.34961,7618.951,0,0,0,0,0,0,0,0,0,0,4.29062,7,505,600,1200,3000,54,0.969000041,1.30500007,0,0,17,41,2670,10451.9824,1000,1001,30,30,10,4,0,1,18.558,28.282,0.975,11801.7813,422.601563,9.046524,0,0,0,0.014156376,0,0,0,0,0,0,0,0,0,51.15625,52,16376,4273,12102,73.90398,56.157,799744,3.576996E+08
05/28/2026 19:27:38,45,60,0,55,60,53,53,53,53,70,12.144001,5.04,1.312,1.396,0.996000051,0.338000029,0.646,3.292,2.046,0,3.37600017,3.37600017,3.124,55,47.5,46.5,46.5,992,766,0,870,766,0,0,0,0,0,23.44,6.25,6.25,4.69,6.25,15.62,1.56,1.56,8.2,23.44,36.60787,4162,484,4040,1363,40.4,1.55469179,0.525,4040,521,40.4,0.833042145,0.525,3896,270,40.4,0.469701618,0.525,4867,221,50.5,0.430491,0.525,3805,305,40.4,0.5323101,0.525,5050,856,50.5,1.22343552,0.525,3781,166,40.4,0.370069325,0.525,3821,170,40.4,0.36330992,0.525,55.6250076,51.0000038,99.99826,26.3119125,10.5688515,71.3431854,9.672554,5.20821,65.00038,40.25,0.25,0,55,0,85,0.416,1.01,16,16,16,32,48,30,295,160,130,0,0,0,16,39.5,0.25,0,55,0,85,0.416,1.01,16,16,16,32,48,30,295,160,130,0,0,0,16,512,-1,485.785156,477.917969,7.8671875,7.6015625,7611.34961,7618.951,0,0,0,0,0,0,0,0,0,0,4.292763,7,505,600,1200,3000,54,0.969000041,1.30500007,0,0,17,41,2670,10451.9824,1000,999,30,30,10,4,0,1,18.899,28.647,0.975,11801.7813,422.601563,8.988149,0,0,0,0.0195194017,0,0,0,0,0,0,0,0,0,51.125,50,16376,4273,12102,73.90398,56.692,799744,362499072
05/28/2026 19:27:40,45,60,0,55,60,53,53,53,53,70,12.12,5.04,1.312,1.396,1.00200009,0.33,0.644000053,3.288,2.046,0,3.37200022,3.37200022,3.12000012,55,47.5,46.5,46.5,992,767,0,867,784,0,0,0,0,0,23.44,14.06,6.25,3.12,9.38,20.31,6.25,6.25,11.13,23.44,36.91113,4177,528,5050,1427,50.5,1.61340284,0.525,4040,557,40.4,0.877130568,0.525,4876,306,50.5,0.52032125,0.51875,3792,222,40.4,0.427846342,0.51875,3965,374,40.4,0.608555,0.51875,4040,943,40.4,1.30794084,0.51875,3769,196,40.4,0.404274285,0.51875,3887,199,40.4,0.393853277,0.51875,55.8750076,55.3750038,99.99827,26.2851486,10.5956154,71.2706146,9.645554,5.23521042,64.81894,40.25,0.25,0,55,0,85,0.416,1.01,16,16,16,32,48,30,295,160,130,0,0,0,16,39.5,0.25,0,55,0,85,0.416,1.01,16,16,16,32,48,30,295,160,130,0,0,0,16,512,-1,485.785156,477.917969,7.8671875,7.6015625,7611.34961,7618.951,0,0,0,0,0,0,0,0,0,0,4.22803068,7,505,600,1200,3000,53,1.05500007,1.30500007,0,8,17,40,2670,10451.9824,1000,1000,30,30,9,4,0,1,19.108,28.827,0.975,11801.7813,422.601563,8.500021,0,0,0,0.0154405115,0,0,0,0,0,0,0,0,0,50.9375,50,16376,4273,12102,73.90398,57.943,849920,4.470999E+08
05/28/2026 19:27:42,45,60,0,55,60,53,53,53,53,70,12.12,5.04,1.312,1.396,1.00400007,0.338000029,0.646,3.292,2.046,0,3.37600017,3.37200022,3.12000012,55,47.5,46.5,46.5,1012,759,0,867,785,0,0,0,0,0,29.69,14.06,6.25,1.56,9.38,15.62,1.56,1.56,9.96,29.69,36.9238434,4136,531,4850,1412,48.5,1.61776018,0.6375,4850,565,48.5,0.921257854,0.6375,4669,319,48.5,0.555541337,0.6375,3093,225,32.3333321,0.460304379,0.6375,4654,366,48.5,0.6258256,0.6375,4850,970,48.5,1.30535448,0.6375,3041,197,32.3333321,0.417405039,0.6375,3084,191,32.3333321,0.411841661,0.6375,55.8750076,51.2500038,99.99826,26.3115425,10.5692215,71.342186,9.675171,5.205593,65.0179749,40.25,0.25,0,55,0,85,0.416,1.01,16,16,16,32,48,30,295,160,130,0,0,0,16,39.5,0.25,0,55,0,85,0.416,1.01,16,16,16,32,48,30,295,160,130,0,0,0,16,512,-1,485.785156,477.917969,7.8671875,7.6015625,7611.34961,7618.951,0,0,0,0,0,0,0,0,0,0,4.434301,7,505,600,1200,3000,54,0.989,1.30500007,0,5,17,40,2670,10451.9824,999,1001,30,30,9,4,0,1,18.395,18.448,0.975,11801.7813,422.601563,8.823552,0,0,0,0.0100755226,0,0,0,0,0,0,0,0,0,50.96875,50,16376,4273,12102,73.90398,56.462,6.688E+08,164749312
05/28/2026 19:27:44,45,60,0,55,60,54,54,54,54,71,12.144001,5.04,1.312,1.396,1,0.338000029,0.644000053,3.292,2.046,0,3.37600017,3.37600017,3.124,56,48,46.5,46.5,1023,791,0,868,785,0,0,0,0,0,25,6.25,4.69,1.56,1.56,14.06,1.56,4.69,7.42,25,36.97286,4282,531,4040,1374,40.4,1.577469,0.525,5050,552,50.5,0.9199293,0.525,4779,273,50.5,0.5108348,0.525,3868,222,40.4,0.445582658,0.525,3863,375,40.4,0.643699348,0.525,5050,1095,50.5,1.41885626,0.525,3796,160,40.4,0.383681983,0.525,3814,195,40.4,0.3868218,0.525,56.0000076,50.7500038,99.99826,26.2836647,10.5970993,71.2665939,9.648006,5.23275757,64.83542,40.25,0.25,0,55,0,85,0.416,1.01,16,16,16,32,48,30,295,160,130,0,0,0,16,39.5,0.25,0,55,0,85,0.416,1.01,16,16,16,32,48,30,295,160,130,0,0,0,16,512,-1,485.785156,477.917969,7.8671875,7.6015625,7611.34961,7618.951,0,0,0,0,0,0,0,0,0,0,4.340605,7,505,600,1200,3000,53,0.984,1.30500007,0,5,17,40,2670,10451.9824,1001,1000,30,30,9,4,0,1,18.505,26.779,0.975,11801.7813,422.601563,8.855618,0,0,0,0.009741363,0,0,0,0,0,0,0,0,0,50.8125,50,16376,4273,12102,73.90398,55.76,849920,355399680
05/28/2026 19:27:46,46,60,0,56,61,54,54,54,53,71,12.144001,5.04,1.312,1.396,1,0.33,0.644000053,3.292,2.046,0,3.37600017,3.37200022,3.124,55,48,46.5,46.5,1025,766,0,848,785,0,0,0,0,0,20.31,7.81,3.12,1.56,3.12,15.62,1.56,4.69,7.23,20.31,36.8866577,4022,498,4040,1339,40.4,1.53493369,0.5,4040,541,40.4,0.838473,0.5,4775,260,50.5,0.486838847,0.5,3809,206,40.4,0.4136213,0.5,3877,340,40.4,0.5725396,0.5,4040,944,40.4,1.28204942,0.5,3770,165,40.4,0.370381683,0.5,3828,186,40.4,0.371326,0.5,55.8750076,51.2500038,99.99826,26.3174324,10.5633316,71.3581543,9.681358,5.19940567,65.0595551,40.25,0.25,0,55,0,85,0.416,1.01,16,16,16,32,48,30,295,160,130,0,0,0,16,39.5,0.25,0,55,0,85,0.416,1.01,16,16,16,32,48,30,295,160,130,0,0,0,16,512,-1,485.785156,477.917969,7.8671875,7.6015625,7611.34961,7618.951,0,0,0,0,0,0,0,0,0,0,4.318422,7,505,600,1200,3000,54,0.974000037,1.30500007,0,3,17,40,2670,10451.9824,999,999,30,30,10,4,0,1,19.117,21.609,0.975,11801.7813,422.601563,8.883816,0,0,0,0.0156252459,0,0,0,0,0,0,0,0,0,50.71875,50,16376,4273,12102,73.90398,57.122,1399808,2.861998E+08
05/28/2026 19:27:48,46,60,0,55,60,54,54,54,54,71,12.12,5.04,1.312,1.396,1.00400007,0.334000021,0.644000053,3.292,2.046,0,3.37600017,3.37200022,3.124,55,48,46.5,46.5,1023,795,0,856,793,0,0,0,0,0,26.56,17.19,1.56,3.12,3.12,20.31,0,1.56,9.18,26.56,36.9319878,4399,520,4040,1411,40.4,1.62131715,0.54375,4040,536,40.4,0.900524139,0.54375,3819,273,40.4,0.499828637,0.54375,4576,235,48.5,0.4448426,0.54375,4638,363,48.5,0.61370945,0.525,4850,965,48.5,1.32381237,0.525,4687,212,48.5,0.423804075,0.525,4539,165,48.5,0.382221282,0.525,55.8750076,51.2500038,99.99826,26.281929,10.598835,71.26189,9.644535,5.236229,64.8120956,40.25,0.25,0,55,0,85,0.416,1.01,16,16,16,32,48,30,295,160,130,0,0,0,16,39.5,0.25,0,55,0,85,0.416,1.01,16,16,16,32,48,30,295,160,130,0,0,0,16,512,-1,485.785156,477.917969,7.8671875,7.6015625,7611.34961,7618.951,0,0,0,0,0,0,0,0,0,0,4.2990303,7,505,600,1200,3000,54,0.974000037,1.30500007,0,2,17,40,2670,10451.9824,1000,1000,30,30,9,4,0,1,18.778,21.123,0.975,11801.7813,422.601563,8.842908,0,0,0,0.0112267807,0,0,0,0,0,0,0,0,0,50.75,50,16376,4273,12102,73.90398,57.213,25899008,3.670999E+08
05/28/2026 19:27:50,45,60,0,55,60,53,53,53,53,70,12.12,5.04,1.312,1.396,1.00400007,0.332000017,0.644000053,3.288,2.046,0,3.37600017,3.37200022,3.124,55,47.5,46.5,46.5,1017,767,0,870,768,0,0,0,0,0,28.12,9.38,4.69,6.25,4.69,17.19,1.56,1.56,9.18,28.12,36.82258,4429,492,5050,1353,50.5,1.5575577,0.51875,5050,503,50.5,0.8041632,0.5125,4855,281,50.5,0.487538159,0.5125,3867,211,40.4,0.415506452,0.5125,3965,401,40.4,0.6282587,0.5125,5050,854,50.5,1.25057971,0.5125,3782,168,40.4,0.368172228,0.5125,3810,169,40.4,0.364951462,0.5125,55.6250076,53.5000038,99.99826,26.2882347,10.5925293,71.2789841,9.647614,5.23315048,64.83278,40.25,0.25,0,55,0,85,0.416,1.01,16,16,16,32,48,30,295,160,130,0,0,0,16,39.5,0.25,0,55,0,85,0.416,1.01,16,16,16,32,48,30,295,160,130,0,0,0,16,512,-1,485.785156,477.917969,7.8671875,7.6015625,7611.34961,7618.951,0,0,0,0,0,0,0,0,0,0,4.2945056,7,505,600,1200,3000,54,1.04500008,1.30500007,0,3,17,40,2670,10451.9824,1001,1001,30,30,9,4,0,1,18.276,27.236,0.975,11801.7813,422.601563,8.93089,0,0,0,0.010874697,0,0,0,0,0,0,0,0,0,50.65625,50,16376,4273,12102,73.90398,55.656,799744,4.410491E+08
05/28/2026 19:27:52,45,59,0,55,60,54,54,54,54,71,12.144001,5.03,1.31000006,1.396,1.00200009,0.332000017,0.644000053,3.292,2.046,0,3.37200022,3.37200022,3.124,55,48,46.5,46.5,1003,783,0,867,786,0,0,0,0,0,28.12,15.62,3.12,9.38,7.81,17.19,4.69,3.12,11.13,28.12,37.053875,4179,515,5050,1437,50.5,1.6210351,0.56875,5050,518,50.5,0.848504663,0.525,3882,283,40.4,0.51870954,0.525,3923,285,40.4,0.484529942,0.525,3865,354,40.4,0.6035053,0.525,4040,902,40.4,1.27770925,0.525,3805,171,40.4,0.400129139,0.525,3819,170,40.4,0.388795,0.525,55.8750076,51.7500038,99.99826,26.2830887,10.5976753,71.26503,9.645611,5.235153,64.81932,40.25,0.25,0,55,0,85,0.416,1.01,16,16,16,32,48,30,295,160,130,0,0,0,16,39.5,0.25,0,55,0,85,0.416,1.01,16,16,16,32,48,30,295,160,130,0,0,0,16,512,-1,485.785156,477.917969,7.8671875,7.6015625,7611.34961,7618.951,0,0,0,0,0,0,0,0,0,0,4.25028038,7,505,600,1200,3000,54,0.965000033,1.30500007,0,1,17,40,2670,10451.9824,999,1001,30,30,9,4,0,1,18.767,21.333,0.975,11801.7813,422.601563,8.865149,0,0,0,0.006966357,0,0,0,0,0,0,0,0,0,50.59375,48,16376,4273,12102,73.90398,55.93,18199552,2.799995E+08
05/28/2026 19:27:54,45,59,0,55,60,53,53,53,53,70,12.12,5.04,1.312,1.396,1.00400007,0.332000017,0.644000053,3.288,2.046,0,3.37600017,3.37200022,3.124,55,48,46.5,46.5,993,755,0,846,786,0,0,0,0,0,32.81,10.94,7.81,6.25,7.81,20.31,4.69,3.12,11.72,32.81,36.87211,4428,524,5050,1405,50.5,1.591008,0.5,5050,560,50.5,0.893438756,0.5,3866,279,40.4,0.49010545,0.5,4826,241,50.5,0.447366923,0.50625,3822,354,40.4,0.5902604,0.50625,5050,948,50.5,1.28022861,0.50625,3851,193,40.4,0.397659481,0.50625,3905,209,40.4,0.381732643,0.50625,55.6250076,50.7500038,99.99825,26.28843,10.5923347,71.27951,9.647736,5.23302841,64.8336,40.25,0.25,0,55,0,85,0.416,1.01,16,16,16,32,48,30,295,160,130,0,0,0,16,39.5,0.25,0,55,0,85,0.416,1.01,16,16,16,32,48,30,295,160,130,0,0,0,16,512,-1,485.785156,477.917969,7.8671875,7.6015625,7611.34961,7618.951,0,0,0,0,0,0,0,0,0,0,4.187288,7,505,600,1200,3000,54,1.074,1.30500007,0,7,18,40,2670,10451.9824,1000,998,30,30,10,4,0,1,19.055,25.409,0.975,11801.7813,422.601563,8.977097,0,0,0,0.00762526365,0,0,0,0,0,0,0,0,0,50.5625,50,16376,4273,12102,73.90398,57.452,849920,367749120
05/28/2026 19:27:56,45,59,0,55,60,53,53,53,53,70,12.12,5.04,1.31000006,1.396,1.006,0.334000021,0.646,3.292,2.046,0,3.37200022,3.37200022,3.124,55,47.5,46.5,46.5,988,753,0,866,785,0,0,0,0,0,25,9.38,6.25,4.69,6.25,15.62,1.56,1.56,8.79,25,37.21461,4154,543,5025,1495,50.25,1.693048,0.525,5025,586,50.25,0.9414722,0.525,3879,331,40.4,0.555818141,0.50625,3807,235,40.4,0.4538566,0.50625,3862,336,40.4,0.6278036,0.50625,4040,980,40.4,1.33565557,0.50625,3794,200,40.4,0.417436272,0.50625,3797,178,40.4,0.398363322,0.50625,55.7500076,51.2500038,99.99826,26.2824669,10.5982971,71.26335,9.644588,5.23617554,64.8124542,40.25,0.25,0,55,0,85,0.416,1.01,16,16,16,32,48,30,295,160,130,0,0,0,16,39.75,0.25,0,55,0,85,0.416,1.01,16,16,16,32,48,30,295,160,130,0,0,0,16,512,-1,485.785156,477.917969,7.8671875,7.6015625,7611.34961,7618.951,0,0,0,0,0,0,0,0,0,0,4.309815,7,505,600,1200,3000,53,0.969000041,1.30500007,0,3,17,40,2670,10451.9824,1001,1001,30,30,9,4,0,1,18.533,24.059,0.975,11801.7813,422.601563,8.836931,0,0,0,0.0100763422,0,0,0,0,0,0,0,0,0,50.46875,50,16376,4273,12102,73.90398,56.507,149504,453349376
05/28/2026 19:27:58,45,58,0,55,60,53,53,53,53,70,12.144001,5.04,1.312,1.396,1.006,0.328,0.644000053,3.292,2.046,0,3.37600017,3.37200022,3.124,55,48,46.5,46.5,1000,780,0,855,766,0,0,0,0,0,21.88,4.69,1.56,3.12,4.69,15.62,0,4.69,7.03,21.88,36.7746773,4151,522,4040,1315,40.4,1.54611528,0.6,4040,540,40.4,0.8942198,0.6,4738,260,50.5,0.47602585,0.6,3828,220,40.4,0.434122235,0.6,4849,357,50.5,0.5911201,0.6,4040,1105,40.4,1.40305376,0.6,3776,168,40.4,0.373372942,0.6,3899,213,40.4,0.381299078,0.6,55.7500076,51.2500038,99.99826,26.2829285,10.5978355,71.2646,9.642506,5.23825836,64.79846,40.25,0.25,0,55,0,85,0.416,1.01,16,16,16,32,48,30,295,160,130,0,0,0,16,39.75,0.25,0,55,0,85,0.416,1.01,16,16,16,32,48,30,295,160,130,0,0,0,16,512,-1,485.785156,477.917969,7.8671875,7.6015625,7611.34961,7618.951,0,0,0,0,0,0,0,0,0,0,4.16722059,7,505,600,1200,3000,53,0.974000037,1.30500007,0,2,17,40,2670,10451.9824,1000,1000,30,30,9,4,0,1,18.445,22.448,0.975,11801.7813,422.6953,9.007132,0,0,0,0.0152747678,0,0,0,0,0,0,0,0,0,50.40625,50,16376,4273,12102,73.90398,55.506,949248,3.617495E+08
05/28/2026 19:28:00,45,59,0,55,60,53,53,53,53,70,12.12,5.04,1.312,1.396,1.00400007,0.34,0.644000053,3.292,2.046,0,3.37600017,3.37200022,3.124,56,47.5,46.5,46.5,996,750,0,856,785,0,0,0,0,0,26.56,14.06,6.25,6.25,12.5,17.19,3.12,4.69,11.33,26.56,37.11665,4432,558,5050,1372,50.5,1.61101091,0.5125,5050,635,50.5,0.9879808,0.5125,4853,332,50.5,0.5609273,0.5125,3803,231,40.4,0.456765622,0.5125,3957,399,40.4,0.66807884,0.5125,5050,1087,50.5,1.41827261,0.5125,3787,199,40.4,0.413064629,0.5125,3905,213,40.4,0.399814337,0.5125,55.8750076,51.2500038,99.99825,26.2899513,10.5908127,71.28364,9.646263,5.234501,64.8237152,40.25,0.25,0,55,0,85,0.416,1.01,16,16,16,32,48,30,295,160,130,0,0,0,16,39.75,0.25,0,55,0,85,0.416,1.01,16,16,16,32,48,30,295,160,130,0,0,0,16,512,-1,485.785156,477.917969,7.8671875,7.6015625,7611.34961,7618.951,0,0,0,0,0,0,0,0,0,0,4.21397352,7,505,600,1200,3000,54,0.965000033,1.30500007,0,1,17,40,2670,10451.9824,999,999,30,30,9,4,0,1,18.862,26.259,0.975,11801.7813,422.925781,8.980939,0,0,0,0.009247275,0,0,0,0,0,0.00667578634,0,0,0,50.25,50,16376,4273,12102,73.90398,56.566,4749312,3.5665E+08
05/28/2026 19:28:02,45,58,0,55,60,54,54,54,54,71,12.12,5.04,1.31000006,1.39200008,1.006,0.332000017,0.644000053,3.288,2.046,0,3.37200022,3.37200022,3.12000012,56,47.5,46.5,46.5,1005,778,0,865,785,0,0,0,0,0,17.19,9.38,3.12,0,7.81,20.31,0,1.56,7.42,20.31,36.9502335,4291,510,4040,1291,40.4,1.53150964,0.54375,5050,525,50.5,0.877927363,0.54375,3862,271,40.4,0.484779418,0.54375,4832,242,50.5,0.4420998,0.525,3844,312,40.4,0.5721417,0.525,5050,1092,50.5,1.404352,0.525,3768,154,40.4,0.356809258,0.525,3884,192,40.4,0.370236158,0.525,56.1250076,53.2500038,99.99826,26.31163,10.5691338,71.34242,9.674313,5.20645142,65.01221,40.25,0.25,0,55,0,85,0.416,1.01,16,16,16,32,48,30,295,160,130,0,0,0,16,39.75,0.25,0,55,0,85,0.416,1.01,16,16,16,32,48,30,295,160,130,0,0,0,16,512,-1,485.785156,477.917969,7.8671875,7.6015625,7611.34961,7618.951,0,0,0,0,0,0,0,0,0,0,4.2957263,7,505,600,1200,3000,54,0.974000037,1.30500007,0,2,17,40,2670,10451.9824,1001,999,30,30,10,4,0,1,18.801,26.525,0.975,11801.7813,422.925781,8.866294,0,0,0,0.0113064414,0,0,0,0,0,0,0,0,0,50.25,50,16376,4273,12102,73.90398,57.518,3549184,363599872
05/28/2026 19:28:04,46,58,0,56,61,54,54,54,54,71,12.12,5.04,1.312,1.396,1.008,0.34,0.644000053,3.292,2.046,0,3.37200022,3.37200022,3.124,56,47.5,46.5,46.5,1023,770,0,875,790,0,0,0,0,0,25,12.5,9.38,4.69,10.94,23.44,4.69,7.81,12.3,25,37.0839767,4312,523,4850,1325,48.5,1.55482793,0.63125,4850,551,48.5,0.906758,0.63125,4645,301,48.5,0.5183824,0.63125,4554,192,48.5,0.414983183,0.63125,4601,350,48.5,0.574370563,0.63125,4850,1108,48.5,1.42958117,0.63125,3012,161,32.3333321,0.370923877,0.63125,3137,197,32.3333321,0.3804457,0.63125,56.0000076,51.2500038,99.99827,26.2843742,10.59639,71.2685242,9.6485405,5.23222351,64.83901,40.25,0.25,0,55,0,85,0.416,1.01,16,16,16,32,48,30,295,160,130,0,0,0,16,39.75,0.25,0,55,0,85,0.416,1.01,16,16,16,32,48,30,295,160,130,0,0,0,16,512,-1,485.785156,477.917969,7.8671875,7.6015625,7611.34961,7618.951,0,0,0,0,0,0,0,0,0,0,4.28829336,7,505,600,1200,3000,53,1.05500007,1.30500007,0,7,17,40,2670,10451.9824,1000,1001,30,30,9,4,0,1,18.423,25.577,0.975,11801.7813,422.925781,8.874144,0,0,0,0.007314688,0,0,0,0,0,0,0,0,0,50.1875,48,16376,4273,12102,73.90398,56.054,18649088,368399360
05/28/2026 19:28:06,46,59,0,56,62,53,53,53,53,70,12.12,5.04,1.31000006,1.396,1.02200007,0.336000025,0.644000053,3.292,2.046,0,3.37600017,3.37600017,3.124,55,47.5,46.5,46.5,1052,746,0,883,776,0,0,0,0,0,26.56,14.06,6.25,6.25,4.69,15.62,3.12,3.12,9.96,26.56,36.92557,4302,519,4040,1272,40.4,1.53045166,0.5375,5050,542,50.5,0.877648,0.5375,3839,277,40.4,0.490656644,0.5375,4883,234,50.5,0.4315182,0.5375,3802,312,40.4,0.5632223,0.5375,5050,1150,50.5,1.43570244,0.5375,3788,157,40.4,0.367688715,0.5375,3966,208,40.4,0.381700426,0.5375,55.7500076,50.7500038,99.99825,26.289402,10.591362,71.28215,9.646008,5.23475647,64.82199,40.25,0.25,0,55,0,85,0.416,1.01,16,16,16,32,48,30,295,160,130,0,0,0,16,39.75,0.25,0,55,0,85,0.416,1.01,16,16,16,32,48,30,295,160,130,0,0,0,16,512,-1,485.785156,477.917969,7.8671875,7.6015625,7611.34961,7618.951,0,0,0,0,0,0,0,0,0,0,4.170237,7,505,600,1200,3000,54,1.05500007,1.30500007,0,5,17,40,2670,10451.9824,1000,1001,30,30,9,4,0,1,18.672,25.75,0.975,11801.7813,422.925781,9.004203,0,0,0,0.008923758,0,0,0,0,0,0,0,0,0,50.09375,50,16376,4273,12102,73.90398,56.154,99328,444699648
05/28/2026 19:28:08,45,58,0,55,60,53,53,53,53,70,12.12,5.04,1.312,1.396,0.996000051,0.33,0.646,3.292,2.046,0,3.37600017,3.37200022,3.124,55,48,46.5,46.5,1018,772,0,865,784,0,0,0,0,0,23.44,7.81,4.69,4.69,4.69,20.31,3.12,4.69,9.18,23.44,37.3502235,4050,559,4040,1430,40.4,1.6753881,0.525,4040,605,40.4,0.919044554,0.525,3912,299,40.4,0.5188345,0.5375,3827,232,40.4,0.45665285,0.5375,3838,352,40.4,0.6061769,0.5375,5050,1138,50.5,1.44515455,0.51875,3792,208,40.4,0.41962412,0.51875,3904,206,40.4,0.404885441,0.51875,56.1250076,53.2500038,99.99827,26.2914429,10.5893211,71.28769,9.64775848,5.23300552,64.8337555,40.25,0.25,0,55,0,85,0.416,1.01,16,16,16,32,48,30,295,160,130,0,0,0,16,39.75,0.25,0,55,0,85,0.416,1.01,16,16,16,32,48,30,295,160,130,0,0,0,16,512,-1,485.785156,477.917969,7.8671875,7.6015625,7611.34961,7618.951,0,0,0,0,0,0,0,0,0,0,4.31295252,7,505,600,1200,3000,54,0.969000041,1.30500007,0,6,17,40,2670,10451.9824,1000,1000,30,30,9,4,0,1,19.168,26.632,0.975,11801.7813,422.925781,8.956073,0,0,0,0.0100510567,0,0,0,0,0,0,0,0,0,50,50,16376,4273,12102,73.90398,57.599,1299456,285649920
05/28/2026 19:28:10,45,58,0,55,60,54,54,54,54,71,12.12,5.04,1.312,1.396,0.994,0.334000021,0.644000053,3.292,2.046,0,3.37200022,3.37200022,3.12000012,56,47.5,46.5,46.5,1016,772,0,867,791,0,0,0,0,0,26.56,14.06,3.12,0,6.25,21.88,0,4.69,9.57,26.56,36.71891,4670,508,4850,1326,48.5,1.52875388,0.5625,4850,491,48.5,0.802237332,0.5625,4690,298,48.5,0.497819155,0.5625,4571,210,48.5,0.412073,0.5625,4566,328,48.5,0.564926863,0.5625,4850,1084,48.5,1.39521384,0.5625,4445,157,48.5,0.37055248,0.5625,4541,166,48.5,0.3684295,0.5625,56.0000076,50.7500038,99.99827,26.3156776,10.5650864,71.35339,9.675842,5.20492172,65.0224838,40.25,0.25,0,55,0,85,0.416,1.01,16,16,16,32,48,30,295,160,130,0,0,0,16,39.75,0.25,0,55,0,85,0.416,1.01,16,16,16,32,48,30,295,160,130,0,0,0,16,512,-1,485.785156,477.917969,7.8671875,7.6015625,7611.34961,7618.951,0,0,0,0,0,0,0,0,0,0,4.19596624,7,505,600,1200,3000,54,0.969000041,1.30500007,0,1,17,40,2670,10451.9824,999,999,30,30,10,4,0,1,18.588,29.451,0.975,11801.7813,422.925781,8.965548,0,0,0,0.0115104448,0,0,0,0,0,0,0,0,0,49.96875,48,16376,4273,12102,73.90398,57.128,799744,3.645993E+08
05/28/2026 19:28:12,47,58,0,56,61,54,54,54,54,71,12.144001,5.04,1.312,1.396,0.994,0.328,0.646,3.292,2.046,0,3.37600017,3.37200022,3.12000012,55,47.5,46.5,46.5,1033,741,0,874,792,0,0,0,0,0,20.31,7.81,7.81,3.12,9.38,18.75,3.12,3.12,9.18,20.31,36.76962,4416,491,5050,1294,50.5,1.51516593,0.51875,5050,515,50.5,0.8226506,0.51875,4930,308,50.5,0.5117668,0.51875,3774,190,40.4,0.396717,0.51875,3826,312,40.4,0.5436002,0.51875,5050,954,50.5,1.30034137,0.51875,3759,179,40.4,0.370334029,0.54375,3887,173,40.4,0.348906457,0.54375,55.7500076,50.7500038,99.99827,26.3153114,10.5654526,71.3524,9.676689,5.204075,65.0281754,40.25,0.25,0,55,0,85,0.416,1.01,16,16,16,32,48,30,295,160,130,0,0,0,16,39.75,0.25,0,55,0,85,0.416,1.01,16,16,16,32,48,30,295,160,130,0,0,0,16,512,-1,485.785156,477.917969,7.8671875,7.6015625,7611.34961,7618.951,0,0,0,0,0,0,0,0,0,0,4.23970556,7,505,600,1200,3000,54,0.989,1.30500007,0,0,17,39,2670,10451.9824,1000,1000,30,30,9,4,0,1,18.424,27.055,0.975,11801.7813,422.925781,8.939733,0,0,0,0.005857743,0,0,0,0,0,0,0,0,0,49.875,48,16376,4273,12102,73.90398,55.624,799744,445749248
05/28/2026 19:28:14,45,58,0,55,60,53,53,53,53,70,12.12,5.04,1.31000006,1.396,0.994,0.33,0.646,3.292,2.046,0,3.37200022,3.37200022,3.124,55,47.5,46.5,46.5,1028,740,0,869,772,0,0,0,0,0,33.33,6.25,6.25,4.69,6.25,22.22,4.69,4.69,11.05,33.33,37.21052,4405,542,5050,1377,50.5,1.63807762,0.51875,5050,554,50.5,0.9159184,0.51875,3790,273,40.4,0.500934362,0.51875,3823,243,40.4,0.458407164,0.51875,4785,353,50.5,0.612157,0.51875,5050,1128,50.5,1.44509447,0.51875,3757,184,40.4,0.3954747,0.51875,3936,223,40.4,0.4042246,0.51875,56.0000076,53.1250038,99.99827,26.2929688,10.5877953,71.2918243,9.651707,5.22905731,64.86029,40.25,0.25,0,55,0,85,0.416,1.01,16,16,16,32,48,30,295,160,130,0,0,0,16,39.75,0.25,0,55,0,85,0.416,1.01,16,16,16,32,48,30,295,160,130,0,0,0,16,512,-1,485.785156,477.917969,7.8671875,7.6015625,7611.34961,7618.951,0,0,0,0,0,0,0,0,0,0,4.238451,7,505,600,1200,3000,54,0.965000033,1.30500007,0,2,17,39,2670,10451.9824,1000,1000,30,30,9,4,0,1,18.928,29.028,0.975,11801.7813,422.925781,9.036126,0,0,0,0.0107775014,0,0,0,0,0,0,0,0,0,49.75,48,16376,4273,12102,73.90398,56.28,849920,4.420997E+08
05/28/2026 19:28:16,45,58,0,55,60,54,54,54,54,71,12.12,5.04,1.312,1.396,0.996000051,0.328,0.646,3.288,2.046,0,3.37200022,3.37200022,3.124,55,48,46.5,46.5,1016,739,0,853,769,0,0,0,0,0,25,9.38,3.12,4.69,3.12,17.19,3.12,3.12,8.59,25,36.88786,4054,503,5050,1250,50.5,1.50673556,0.53125,5050,555,50.5,0.8806858,0.53125,3226,263,33.6666679,0.4762771,0.53125,3212,212,33.6666679,0.425880641,0.53125,3202,342,33.6666679,0.5787041,0.53125,5050,1049,50.5,1.36972773,0.53125,3818,180,40.4,0.395061135,0.53125,3826,176,40.4,0.3721001,0.53125,55.7500076,53.5000038,99.99827,26.3138084,10.5669556,71.34833,9.67659,5.204174,65.02751,40.25,0.25,0,55,0,85,0.416,1.01,16,16,16,32,48,30,295,160,130,0,0,0,16,39.75,0.25,0,55,0,85,0.416,1.01,16,16,16,32,48,30,295,160,130,0,0,0,16,512,-1,485.785156,477.917969,7.8671875,7.6015625,7611.34961,7618.951,0,0,0,0,0,0,0,0,0,0,4.3366375,7,505,600,1200,3000,53,1.05500007,1.30500007,0,14,17,39,2670,10451.9824,1000,1001,30,30,9,4,0,1,18.84,28.987,0.975,11801.7813,422.6953,8.91642952,0,0,0,0.0104191629,0,0,0,0,0,0.0102187945,0,0,0,49.75,48,16376,4273,12102,73.90398,57.526,849920,354249728
05/28/2026 19:28:18,45,58,0,55,60,53,53,53,53,70,12.144001,5.04,1.312,1.396,0.996000051,0.34,0.646,3.288,2.046,0,3.37600017,3.37200022,3.124,55,48,46.5,46.5,1000,771,0,867,785,0,0,0,0,0,21.88,7.81,1.56,1.56,9.38,14.06,1.56,1.56,7.42,21.88,36.8523064,4113,493,4850,1261,48.5,1.50450778,0.6375,4850,569,48.5,0.915890336,0.6375,4681,283,48.5,0.486174017,0.6375,3071,220,32.3333321,0.404676676,0.6375,4598,310,48.5,0.575863242,0.6375,4850,994,48.5,1.30636764,0.6375,3005,157,32.3333321,0.352075249,0.6375,3000,149,32.3333321,0.3311046,0.6375,55.7500076,51.7500038,99.9982758,26.3235931,10.5571709,71.37486,9.681744,5.19902039,65.06214,40.25,0.25,0,55,0,85,0.416,1.01,16,16,16,32,48,30,295,160,130,0,0,0,16,39.75,0.25,0,55,0,85,0.416,1.01,16,16,16,32,48,30,295,160,130,0,0,0,16,512,-1,485.785156,477.917969,7.8671875,7.6015625,7611.34961,7618.951,0,0,0,0,0,0,0,0,0,0,4.26849,7,505,600,1200,3000,54,1.069,1.30500007,0,16,19,39,2670,10451.9824,1001,1001,30,30,10,4,0,1,18.685,29.097,0.975,11801.7813,422.6953,8.976888,0,0,0,0.00651509035,0,0,0,0,0,0.008009377,0,0,0,49.8125,50,16376,4273,12102,73.90398,56.328,518249472,1.373993E+08
05/28/2026 19:28:20,45,58,0,56,61,54,54,54,54,71,12.12,5.04,1.312,1.396,0.992000043,0.338000029,0.646,3.288,2.046,0,3.37200022,3.37200022,3.12000012,58,48,46.5,46.5,996,771,0,866,766,0,0,0,0,0,25,7.81,4.69,4.69,3.12,12.5,3.12,4.69,8.2,25,36.58405,3697,462,5050,1314,50.5,1.51597321,0.55,4040,448,40.4,0.7913184,0.55,3175,208,33.6666679,0.399916857,0.55,3222,187,33.6666679,0.349210143,0.55,3086,287,32.3333321,0.518070638,0.55,4850,941,48.5,1.27882338,0.55,3032,145,32.3333321,0.3198576,0.55,3124,162,32.3333321,0.307670385,0.55,58.2500076,52.1250038,99.99826,26.28992,10.5908432,71.2835541,9.649769,5.230995,64.8472748,40.25,0.25,0,55,0,85,0.416,1.01,16,16,16,32,48,30,295,160,130,0,0,0,16,39.75,0.25,0,55,0,85,0.416,1.01,16,16,16,32,48,30,295,160,130,0,0,0,16,512,-1,485.785156,477.917969,7.8671875,7.6015625,7611.34961,7618.951,0,0,0,0,0,0,0,0,0,0,4.38533163,7,505,600,1200,3000,54,0.974000037,1.30500007,0,6,18,40,2670,10451.9824,1003,997,30,30,10,4,0,1,18.612,29.337,0.975,11801.7813,424.175781,9.223416,0,0,0,0.00734411832,0,0,0,0,0,0.008637797,0,0,0,49.75,48,16376,4273,12102,73.90398,57.483,25749504,378699776
05/28/2026 19:28:22,46,58,0,56,62,56,56,56,56,73,12.12,5.04,1.312,1.396,0.994,0.334000021,0.646,3.292,2.046,0,3.37600017,3.37200022,3.12000012,57,47.5,46.5,46.5,1024,768,0,858,794,0,0,0,0,0,17.19,7.81,3.12,3.12,3.12,10.94,1.56,3.12,6.25,17.19,36.4458771,4512,436,5050,1238,50.5,1.44719613,0.55,5050,435,50.5,0.774051845,0.51875,3833,213,40.4,0.387126267,0.51875,3778,162,40.4,0.310389638,0.51875,4799,274,50.5,0.49014172,0.51875,5050,894,50.5,1.25482154,0.51875,4649,120,50.5,0.274893165,0.51875,3889,148,40.4,0.284367651,0.51875,57.5000076,50.7500038,99.99827,26.318676,10.562088,71.36153,9.678215,5.202549,65.03843,40.25,0.25,0,55,0,85,0.416,1.01,16,16,16,32,48,30,295,160,130,0,0,0,16,39.75,0.25,0,55,0,85,0.416,1.01,16,16,16,32,48,30,295,160,130,0,0,0,16,512,-1,485.785156,477.917969,7.8671875,7.6015625,7611.34961,7618.951,0,0,0,0,0,0,0,0,0,0,4.09797764,7,505,600,1200,3000,54,0.974000037,1.30500007,0,5,17,40,2670,10451.9824,1001,1001,30,30,9,4,0,1,19.34,29.73,0.975,11801.7813,424.2461,9.428945,0,0,0,0.007113466,0,0,0,0,0,0,0,0,0,49.59375,48,16376,4273,12102,73.90398,57.405,799744,457299968
05/28/2026 19:28:24,47,58,0,57,62,56,56,56,56,73,12.144001,5.04,1.312,1.396,0.994,0.336000025,0.644000053,3.288,2.046,0,3.37600017,3.37200022,3.124,57,47.5,46.5,46.5,1051,743,0,887,783,0,0,0,0,0,25,14.06,4.69,4.69,6.25,14.06,1.56,3.12,9.18,25,37.1500854,3752,509,4850,1403,48.5,1.55151045,0.64375,4850,562,48.5,0.940237939,0.64375,3130,245,32.3333321,0.453772634,0.64375,3087,177,32.3333321,0.353367,0.64375,3134,333,32.3333321,0.6229105,0.64375,4850,1057,48.5,1.35371137,0.64375,3011,140,32.3333321,0.3056743,0.64375,3100,156,32.3333321,0.29904145,0.64375,56.8750076,51.2500038,99.99827,26.328701,10.552063,71.38871,9.686508,5.194256,65.09416,40.25,0.25,0,55,0,85,0.416,1.01,16,16,16,32,48,30,295,160,130,0,0,0,16,39.75,0.25,0,55,0,85,0.416,1.01,16,16,16,32,48,30,295,160,130,0,0,0,16,512,-1,485.785156,477.917969,7.8671875,7.6015625,7611.34961,7618.951,0,0,0,0,0,0,0,0,0,0,4.24373055,7,505,600,1200,3000,54,0.965000033,1.30500007,0,2,17,40,2670,10451.9824,1002,998,30,30,11,4,0,1,20.018,29.074,0.975,11801.4336,317.0078,9.305865,0,0,0,0.00634355424,0,0,0,0,0,1.84933555,0,0,0,49.625,50,16376,4273,12102,73.90398,58.085,2.194944E+07,292499456
