,/lpc/nct6687dr/0/control/0,/lpc/nct6687dr/0/control/1,/lpc/nct6687dr/0/control/2,/lpc/nct6687dr/0/control/10,/lpc/nct6687dr/0/control/11,/lpc/nct6687dr/0/control/12,/lpc/nct6687dr/0/control/13,/lpc/nct6687dr/0/control/14,/lpc/nct6687dr/0/control/15,/lpc/nct6687dr/0/control/3,/lpc/nct6687dr/0/voltage/0,/lpc/nct6687dr/0/voltage/1,/lpc/nct6687dr/0/voltage/2,/lpc/nct6687dr/0/voltage/3,/lpc/nct6687dr/0/voltage/4,/lpc/nct6687dr/0/voltage/5,/lpc/nct6687dr/0/voltage/6,/lpc/nct6687dr/0/voltage/8,/lpc/nct6687dr/0/voltage/9,/lpc/nct6687dr/0/voltage/10,/lpc/nct6687dr/0/voltage/11,/lpc/nct6687dr/0/voltage/12,/lpc/nct6687dr/0/voltage/13,/lpc/nct6687dr/0/temperature/0,/lpc/nct6687dr/0/temperature/1,/lpc/nct6687dr/0/temperature/2,/lpc/nct6687dr/0/temperature/3,/lpc/nct6687dr/0/fan/0,/lpc/nct6687dr/0/fan/1,/lpc/nct6687dr/0/fan/2,/lpc/nct6687dr/0/fan/10,/lpc/nct6687dr/0/fan/11,/lpc/nct6687dr/0/fan/12,/lpc/nct6687dr/0/fan/13,/lpc/nct6687dr/0/fan/14,/lpc/nct6687dr/0/fan/15,/lpc/nct6687dr/0/fan/3,/amdcpu/0/load/2,/amdcpu/0/load/3,/amdcpu/0/load/4,/amdcpu/0/load/5,/amdcpu/0/load/6,/amdcpu/0/load/7,/amdcpu/0/load/8,/amdcpu/0/load/9,/amdcpu/0/load/0,/amdcpu/0/load/1,/amdcpu/0/power/0,/amdcpu/0/clock/1,/amdcpu/0/clock/2,/amdcpu/0/clock/3,/amdcpu/0/clock/4,/amdcpu/0/factor/0,/amdcpu/0/power/1,/amdcpu/0/voltage/2,/amdcpu/0/clock/5,/amdcpu/0/clock/6,/amdcpu/0/factor/1,/amdcpu/0/power/2,/amdcpu/0/voltage/3,/amdcpu/0/clock/7,/amdcpu/0/clock/8,/amdcpu/0/factor/2,/amdcpu/0/power/3,/amdcpu/0/voltage/4,/amdcpu/0/clock/9,/amdcpu/0/clock/10,/amdcpu/0/factor/3,/amdcpu/0/power/4,/amdcpu/0/voltage/5,/amdcpu/0/clock/11,/amdcpu/0/clock/12,/amdcpu/0/factor/4,/amdcpu/0/power/5,/amdcpu/0/voltage/6,/amdcpu/0/clock/13,/amdcpu/0/clock/14,/amdcpu/0/factor/5,/amdcpu/0/power/6,/amdcpu/0/voltage/7,/amdcpu/0/clock/15,/amdcpu/0/clock/16,/amdcpu/0/factor/6,/amdcpu/0/power/7,/amdcpu/0/voltage/8,/amdcpu/0/clock/17,/amdcpu/0/clock/18,/amdcpu/0/factor/7,/amdcpu/0/power/8,/amdcpu/0/voltage/9,/amdcpu/0/temperature/2,/amdcpu/0/temperature/3,/amdcpu/0/clock/0,/vram/data/2,/vram/data/3,/vram/load/1,/ram/data/0,/ram/data/1,/ram/load/0,/memory/dimm/1/temperature/0,/memory/dimm/1/temperature/1,/memory/dimm/1/temperature/2,/memory/dimm/1/temperature/3,/memory/dimm/1/temperature/4,/memory/dimm/1/temperature/5,/memory/dimm/1/timing/20,/memory/dimm/1/timing/21,/memory/dimm/1/timing/22,/memory/dimm/1/timing/23,/memory/dimm/1/timing/24,/memory/dimm/1/timing/25,/memory/dimm/1/timing/26,/memory/dimm/1/timing/27,/memory/dimm/1/timing/28,/memory/dimm/1/timing/29,/memory/dimm/1/timing/30,/memory/dimm/1/timing/31,/memory/dimm/1/timing/32,/memory/dimm/1/timing/33,/memory/dimm/1/data/50,/memory/dimm/3/temperature/0,/memory/dimm/3/temperature/1,/memory/dimm/3/temperature/2,/memory/dimm/3/temperature/3,/memory/dimm/3/temperature/4,/memory/dimm/3/temperature/5,/memory/dimm/3/timing/20,/memory/dimm/3/timing/21,/memory/dimm/3/timing/22,/memory/dimm/3/timing/23,/memory/dimm/3/timing/24,/memory/dimm/3/timing/25,/memory/dimm/3/timing/26,/memory/dimm/3/timing/27,/memory/dimm/3/timing/28,/memory/dimm/3/timing/29,/memory/dimm/3/timing/30,/memory/dimm/3/timing/31,/memory/dimm/3/timing/32,/memory/dimm/3/timing/33,/memory/dimm/3/data/50,/gpu-amd/0/smalldata/2,/gpu-amd/0/factor/0,/gpu-amd/0/smalldata/5,/gpu-amd/0/smalldata/4,/gpu-amd/0/smalldata/3,/gpu-amd/0/smalldata/6,/gpu-amd/0/smalldata/7,/gpu-amd/0/smalldata/8,/gpu-amd/0/load/2,/gpu-amd/0/load/5,/gpu-amd/0/load/3,/gpu-amd/0/load/4,/gpu-amd/0/load/9,/gpu-amd/0/load/8,/gpu-amd/0/load/7,/gpu-amd/0/load/6,/gpu-amd/0/load/12,/gpu-amd/0/load/11,/gpu-amd/0/load/10,/gpu-amd/0/smalldata/0,/gpu-amd/0/smalldata/1,/gpu-amd/0/clock/0,/gpu-amd/0/clock/1,/gpu-amd/0/clock/2,/gpu-amd/0/temperature/4,/gpu-amd/0/voltage/0,/gpu-amd/0/voltage/2,/gpu-amd/0/load/0,/gpu-amd/0/power/0,/gpu-amd/0/power/2,/gpu-nvidia/0/temperature/0,/gpu-nvidia/0/clock/0,/gpu-nvidia/0/clock/4,/gpu-nvidia/0/fan/1,/gpu-nvidia/0/fan/2,/gpu-nvidia/0/control/1,/gpu-nvidia/0/control/2,/gpu-nvidia/0/load/0,/gpu-nvidia/0/load/1,/gpu-nvidia/0/load/2,/gpu-nvidia/0/load/3,/gpu-nvidia/0/load/4,/gpu-nvidia/0/load/5,/gpu-nvidia/0/voltage/0,/gpu-nvidia/0/smalldata/3,/gpu-nvidia/0/smalldata/4,/gpu-nvidia/0/load/7,/gpu-nvidia/0/load/15,/gpu-nvidia/0/load/17,/gpu-nvidia/0/load/8,/gpu-nvidia/0/load/9,/gpu-nvidia/0/load/16,/gpu-nvidia/0/load/18,/gpu-nvidia/0/load/19,/gpu-nvidia/0/load/14,/gpu-nvidia/0/load/20,/gpu-nvidia/0/load/10,/gpu-nvidia/0/load/11,/gpu-nvidia/0/load/12,/gpu-nvidia/0/load/13,/gpu-nvidia/0/temperature/2,/gpu-nvidia/0/temperature/3,/gpu-nvidia/0/smalldata/2,/gpu-nvidia/0/smalldata/0,/gpu-nvidia/0/smalldata/1,/gpu-nvidia/0/load/3,/gpu-nvidia/0/power/0,/gpu-nvidia/0/throughput/0,/gpu-nvidia/0/throughput/1
Time,"CPU Fan","Pump Fan","Chipset Fan","System Fan #1","System Fan #2","System Fan #3","System Fan #4","System Fan #5","System Fan #6","EZ-Connect Fan","+12V","+5V","CPU Northbridge/SoC","DIMM","Vcore","Chipset","CPU System Agent","+3.3V","VREF","+1.8V","+3V Standby","AVSB","CMOS Battery","CPU Core","System","VRM MOS","Chipset","CPU Fan","Pump Fan #1","Chipset Fan","System Fan #1","System Fan #2","System Fan #3","System Fan #4","System Fan #5","System Fan #6","EZ-Connect Fan","CPU Core #1","CPU Core #2","CPU Core #3","CPU Core #4","CPU Core #5","CPU Core #6","CPU Core #7","CPU Core #8","CPU Total","CPU Core Max","Package","Cores (Average)","Cores (Average Effective)","Core #1","Core #1 (Effective)","Core #1","Core #1 (SMU)","Core #1 VID","Core #2","Core #2 (Effective)","Core #2","Core #2 (SMU)","Core #2 VID","Core #3","Core #3 (Effective)","Core #3","Core #3 (SMU)","Core #3 VID","Core #4","Core #4 (Effective)","Core #4","Core #4 (SMU)","Core #4 VID","Core #5","Core #5 (Effective)","Core #5","Core #5 (SMU)","Core #5 VID","Core #6","Core #6 (Effective)","Core #6","Core #6 (SMU)","Core #6 VID","Core #7","Core #7 (Effective)","Core #7","Core #7 (SMU)","Core #7 VID","Core #8","Core #8 (Effective)","Core #8","Core #8 (SMU)","Core #8 VID","Core (Tctl/Tdie)","CCD1 (Tdie)","Bus Speed","Memory Used","Memory Available","Memory","Memory Used","Memory Available","Memory","DIMM #1","Temperature Sensor Resolution","Thermal Sensor Low Limit","Thermal Sensor High Limit","Thermal Sensor Critical Low Limit","Thermal Sensor Critical High Limit","tCKAVGmin (Minimum Cycle Time)","tCKAVGmax (Maximum Cycle Time)","tAA (CAS Latency Time)","tRCD (RAS to CAS Delay Time)","tRP (Row Precharge Delay Time)","tRAS (Active to Precharge Delay Time)","tRC (Active to Active/Refresh Delay Time)","tWR (Write Recovery Time)","tRFC1 (Normal Refresh Recovery Time)","tRFC2 (Fine Granularity Refresh Recovery Time)","tRFCsb (Same Bank Refresh Recovery Time)","tRFC1_dlr (Normal Refresh Recovery Time 3DS)","tRFC2_dlr (Fine Granularity Refresh Recovery Time 3DS)","tRFCsb_dlr (Same Bank Refresh Recovery Time 3DS)","Capacity","DIMM #3","Temperature Sensor Resolution","Thermal Sensor Low Limit","Thermal Sensor High Limit","Thermal Sensor Critical Low Limit","Thermal Sensor Critical High Limit","tCKAVGmin (Minimum Cycle Time)","tCKAVGmax (Maximum Cycle Time)","tAA (CAS Latency Time)","tRCD (RAS to CAS Delay Time)","tRP (Row Precharge Delay Time)","tRAS (Active to Precharge Delay Time)","tRC (Active to Active/Refresh Delay Time)","tWR (Write Recovery Time)","tRFC1 (Normal Refresh Recovery Time)","tRFC2 (Fine Granularity Refresh Recovery Time)","tRFCsb (Same Bank Refresh Recovery Time)","tRFC1_dlr (Normal Refresh Recovery Time 3DS)","tRFC2_dlr (Fine Granularity Refresh Recovery Time 3DS)","tRFCsb_dlr (Same Bank Refresh Recovery Time 3DS)","Capacity","GPU Memory Total","Fullscreen FPS","D3D Dedicated Memory Total","D3D Dedicated Memory Free","D3D Dedicated Memory Used","D3D Shared Memory Used","D3D Shared Memory Free","D3D Shared Memory Total","D3D 3D","D3D Copy","D3D Compute 0","D3D Compute 1","D3D Timer 0","D3D Security 1","D3D High Priority Compute","D3D High Priority 3D","D3D Video JPEG 0","D3D Video Decode 1","D3D Video Codec 0","GPU Memory Used","GPU Memory Free","GPU Core","GPU SoC","GPU Memory","GPU VR SoC","GPU Core","GPU SoC","GPU Core","GPU Core","GPU SoC","GPU Core","GPU Core","GPU Memory","GPU Fan 1","GPU Fan 2","GPU Fan 1","GPU Fan 2","GPU Core","GPU Memory Controller","GPU Video Engine","GPU Bus","GPU Power","GPU Board Power","GPU Core Voltage","D3D Dedicated Memory Used","D3D Shared Memory Used","D3D 3D","D3D Overlay","D3D Video Decode","D3D Copy","D3D Copy","D3D Security","D3D Video Encode","D3D Video Encode","D3D Optical Flow Accelerator 0","D3D VR","D3D Copy","D3D Copy","D3D Copy","D3D Copy","GPU Hot Spot","GPU Memory Junction","GPU Memory Total","GPU Memory Free","GPU Memory Used","GPU Memory","GPU Package","GPU PCIe Rx","GPU PCIe Tx"
05/28/2026 22:16:26,53,64,0,61,66,62,62,62,62,78,12.12,5.02000046,1.30800009,1.39200008,1.054,0.34800002,0.61,3.28400016,2.046,0,3.36800027,3.36800027,3.11600018,61,50,52,49,1192,849,0,914,876,0,0,0,0,0,74.07,7.55,1.89,0,3.77,46.3,0,0,16.7,74.07,39.0705643,3515,973,4040,3648,40.4,3.13695121,0.525,3367,374,33.6666679,0.7006598,0.525,3215,138,33.6666679,0.265250832,0.525,3187,104,33.6666679,0.223872289,0.525,3220,219,33.6666679,0.3720739,0.525,5050,3167,50.5,2.517043,0.525,3050,72,33.6666679,0.1529649,0.525,2994,61,33.6666679,0.143075481,0.525,61.3750076,56.6250038,99.99826,29.56398,7.316784,80.16097,10.6944237,4.18634033,71.86744,44.75,0.25,0,55,0,85,0.416,1.01,16,16,16,32,48,30,295,160,130,0,0,0,16,44.25,0.25,0,55,0,85,0.416,1.01,16,16,16,32,48,30,295,160,130,0,0,0,16,512,-1,485.785156,485.480469,0.3046875,0.5,7618.451,7618.951,0,0,0,0,0,0,0,0,0,0,0,0,512,600,1200,3000,54,1.04500008,1.30500007,0,4,16,44,2670,10451.9824,1000,1000,30,30,1,1,0,1,16.512,18.259,0.975,12558.0273,430.21875,0.106572732,0,0,0,0,0,0,0,0,0,0,0,0,0,55.875,56,16376,3517,12858,78.52111,46.894,499712,299008
05/28/2026 22:16:27,55,64,0,62,67,65,65,65,65,80,12.12,5.02000046,1.31000006,1.39200008,1.028,0.34,0.612000048,3.28000021,2.046,0,3.36800027,3.36800027,3.11600018,63,50,52,49,1201,849,0,932,876,0,0,0,0,0,50.82,26.23,9.84,6.56,6.56,62.3,4.92,3.28,21.31,62.3,41.68197,4416,1034,4850,2288,48.5,2.31329274,0.6375,4850,1628,48.5,2.076025,0.6375,4688,370,48.5,0.8298957,0.6375,4640,251,48.5,0.63199383,0.6375,4665,486,48.5,0.9920333,0.6375,4040,2843,40.4,2.82688165,0.6125,3792,205,40.4,0.5198514,0.6125,3801,200,40.4,0.4872947,0.6125,63.3750076,52.6250038,99.99829,28.6047363,8.276028,77.56004,10.8465576,4.03420639,72.8897858,44.75,0.25,0,55,0,85,0.416,1.01,16,16,16,32,48,30,295,160,130,0,0,0,16,44.25,0.25,0,55,0,85,0.416,1.01,16,16,16,32,48,30,295,160,130,0,0,0,16,512,-1,485.785156,485.480469,0.3046875,0.5,7618.451,7618.951,0,0,0,0,0,0,0,0,0,0,0,0,512,600,1200,3000,55,1.04000008,1.30500007,0,10,17,45,2670,10451.9824,999,1000,30,30,13,4,0,3,18.607,18.989,0.975,12288.4961,556.8672,5.02064466,0,0,0,2.219732,0,0,0,0,0,6.369799,0,0,0,55.84375,56,16376,3787,12588,76.87374,51.37,599040,145349632
05/28/2026 22:16:29,56,63,0,62,68,66,66,66,66,80,12.0960007,5.02000046,1.31000006,1.39200008,1.03000009,0.344,0.612000048,3.27600026,2.046,0,3.36800027,3.36800027,3.11600018,62,50,52,49,1234,812,0,933,860,0,0,0,0,0,29.69,21.88,4.69,1.56,7.81,45.31,0,1.56,14.06,45.31,40.4935951,4404,947,4850,1753,48.5,2.18050718,0.64375,4850,1214,48.5,1.78725111,0.64375,4616,501,48.5,1.157606,0.64375,4664,400,48.5,1.06362081,0.64375,4817,680,48.5,1.34117448,0.64375,5050,2435,50.5,2.61704636,0.63125,3168,285,33.6666679,0.946032941,0.63125,3218,305,33.6666679,0.9558333,0.63125,62.1250076,52.2500038,99.99825,29.7299767,7.15078735,80.61107,10.8596954,4.02106857,72.97807,44.75,0.25,0,55,0,85,0.416,1.01,16,16,16,32,48,30,295,160,130,0,0,0,16,44.25,0.25,0,55,0,85,0.416,1.01,16,16,16,32,48,30,295,160,130,0,0,0,16,512,-1,485.785156,485.480469,0.3046875,0.5,7618.451,7618.951,0,0,0,0,0,0,0,0,0,0,0,0,512,600,1200,3000,55,1.05000007,1.30500007,0,19,16,51,2835,10451.9824,999,999,30,30,69,56,0,0,60.096,57.636,1.085,13358.2266,494.5078,63.5551872,0,0,0,0.0434887856,0,0,0,0,0,0.112341851,0,0,0,58.6875,60,16376,2717,13658,83.40586,161.226,126699520,2.729984E+07
05/28/2026 22:16:31,56,63,0,63,69,63,63,63,63,78,12.0960007,5.02000046,1.30800009,1.39200008,1.03800011,0.354,0.612000048,3.28400016,2.046,0,3.36800027,3.36800027,3.11600018,61,50,52,49,1251,837,0,959,871,0,0,0,0,0,37.5,25,9.38,3.12,12.5,50,6.25,6.25,18.75,50,41.7148933,3768,1048,4850,2054,48.5,2.52604365,0.61875,4850,1360,48.5,2.01804972,0.61875,3140,552,32.3333321,1.26910484,0.61875,3119,432,32.3333321,1.1402967,0.61875,3233,828,32.3333321,1.53188825,0.61875,4850,2547,48.5,2.824161,0.61875,3038,297,32.3333321,1.00512314,0.61875,3063,314,32.3333321,1.00639653,0.61875,61.5000076,52.2500038,99.99825,29.64909,7.231674,80.39175,10.7637367,4.11702728,72.33323,44.75,0.25,0,55,0,85,0.416,1.01,16,16,16,32,48,30,295,160,130,0,0,0,16,44.25,0.25,0,55,0,85,0.416,1.01,16,16,16,32,48,30,295,160,130,0,0,0,16,512,-1,485.785156,485.480469,0.3046875,0.5,7618.451,7618.951,0,0,0,0,0,0,0,0,0,0,0,0,512,600,1200,3000,55,0.984,1.30500007,0,8,16,51,2835,10451.9824,999,999,30,30,66,51,0,0,58.961,58.729,1.085,13390.1055,494.5078,64.1669159,0,0,0,0.0150505556,0,0,0,0,0,0,0,0,0,59.25,62,16376,2685,13690,83.6005,171.901,142499840,26349568
05/28/2026 22:16:33,55,64,0,63,69,63,63,63,63,78,12.0960007,5.02000046,1.30800009,1.39200008,1.03800011,0.350000024,0.612000048,3.28000021,2.046,0,3.36800027,3.36800027,3.11600018,61,49.5,52,49,1220,808,0,964,883,0,0,0,0,0,17.19,15.62,7.81,3.12,7.81,64.06,3.12,3.12,15.23,64.06,41.3382,4093,1004,4040,1843,40.4,2.3205657,0.525,5050,1263,50.5,1.91089988,0.525,3879,534,40.4,1.23778582,0.525,3802,404,40.4,1.10046172,0.525,4040,755,40.4,1.461449,0.525,5050,2623,50.5,2.87889886,0.525,3741,313,40.4,1.005961,0.525,3141,299,33.6666679,0.9912945,0.525,61.2500076,59.0000038,99.99826,29.6717644,7.20899963,80.4532242,10.7929611,4.087803,72.52962,44.75,0.25,0,55,0,85,0.416,1.01,16,16,16,32,48,30,295,160,130,0,0,0,16,44.25,0.25,0,55,0,85,0.416,1.01,16,16,16,32,48,30,295,160,130,0,0,0,16,512,-1,485.785156,485.480469,0.3046875,0.5,7618.451,7618.951,0,0,0,0,0,0,0,0,0,0,0,0,512,600,1200,3000,54,1.064,1.30500007,0,5,16,52,2835,10451.9824,997,998,30,30,67,52,0,0,58.542,64.136,1.085,13390.1055,494.5078,62.24382,0,0,0,0.0152769461,0,0,0,0,0,0,0,0,0,59.40625,62,16376,2685,13690,83.6005,167.21,140199936,25899008
05/28/2026 22:16:35,55,63,0,63,69,63,63,63,63,78,12.0960007,5.02000046,1.30800009,1.39200008,1.03000009,0.344,0.612000048,3.28000021,2.046,0,3.36800027,3.36800027,3.11600018,61,49.5,52,49,1209,837,0,949,910,0,0,0,0,0,32.81,23.44,4.69,3.12,7.81,48.44,3.12,3.12,15.82,48.44,40.97011,4195,1007,4040,2109,40.4,2.58944225,0.525,5050,1273,50.5,1.87726951,0.525,3893,527,40.4,1.225581,0.525,3850,402,40.4,1.09049225,0.525,4040,788,40.4,1.4453944,0.525,5050,2367,50.5,2.61852884,0.51875,3813,309,40.4,0.9784893,0.51875,3821,282,40.4,0.9694286,0.51875,61.1250076,52.6250038,99.99826,29.6673622,7.213402,80.4412842,10.7903862,4.090378,72.5123138,44.75,0.25,0,55,0,85,0.416,1.01,16,16,16,32,48,30,295,160,130,0,0,0,16,44.25,0.25,0,55,0,85,0.416,1.01,16,16,16,32,48,30,295,160,130,0,0,0,16,512,-1,485.785156,485.480469,0.3046875,0.5,7618.451,7618.951,0,0,0,0,0,0,0,0,0,0,0,0,512,600,1200,3000,55,1.074,1.30500007,0,12,16,52,2835,10451.9824,999,999,30,30,69,55,0,0,58.688,61.9,1.085,13390.1055,494.5078,64.18562,0,0,0,0.0168193281,0,0,0,0,0,0,0,0,0,59.71875,62,16376,2685,13690,83.6005,169.042,120148992,27348992
05/28/2026 22:16:37,55,62,0,63,69,62,62,62,62,77,12.0720005,5.02000046,1.30800009,1.39200008,1.034,0.354,0.612000048,3.28000021,2.046,0,3.36800027,3.36800027,3.12000012,60,50,52,49,1208,798,0,954,911,0,0,0,0,0,43.75,21.88,15.62,6.25,23.44,37.5,9.52,7.81,20.72,43.75,40.5527573,4056,991,4040,2278,40.4,2.68193936,0.5125,5050,1235,50.5,1.81436467,0.5125,3956,556,40.4,1.21853781,0.5125,3858,371,40.4,1.04169524,0.5125,5050,759,50.5,1.4181968,0.5125,4040,2104,40.4,2.39661717,0.51875,3195,304,33.6666679,0.972193,0.51875,3260,318,33.6666679,0.973187,0.51875,60.8750076,53.6250038,99.99827,29.66632,7.214443,80.43846,10.7907486,4.09001541,72.51475,44.75,0.25,0,55,0,85,0.416,1.01,16,16,16,32,48,30,295,160,130,0,0,0,16,44.25,0.25,0,55,0,85,0.416,1.01,16,16,16,32,48,30,295,160,130,0,0,0,16,512,-1,485.785156,485.480469,0.3046875,0.5,7618.451,7618.951,0,0,0,0,0,0,0,0,0,0,0,0,512,600,1200,3000,54,1.069,1.30500007,0,14,16,52,2835,10451.9824,1002,1002,30,30,70,56,0,0,59.802,62.734,1.085,13390.1055,494.5078,65.419136,0,0,0,0.0156789348,0,0,0,0,0,0,0,0,0,59.875,64,16376,2685,13690,83.6005,171.226,171749376,28449792
05/28/2026 22:16:39,53,62,0,62,68,61,61,61,61,76,12.0720005,5.02000046,1.30800009,1.39200008,1.03800011,0.344,0.612000048,3.28000021,2.046,0,3.36800027,3.36800027,3.11600018,61,49.5,52,49,1188,793,0,950,911,0,0,0,0,0,35.94,26.56,6.15,3.08,9.38,32.81,1.54,0,14.43,35.94,40.70785,4075,1005,5050,2136,50.5,2.571523,0.51875,4040,1258,40.4,1.87139642,0.51875,3899,538,40.4,1.21530449,0.51875,3854,394,40.4,1.07451117,0.51875,4040,729,40.4,1.42046309,0.51875,4040,2407,40.4,2.70987821,0.51875,3807,287,40.4,0.970048845,0.51875,3873,291,40.4,0.950560331,0.51875,61.0000076,57.2500038,99.99827,29.644783,7.235981,80.3800659,10.7656937,4.11507034,72.3463745,44.75,0.25,0,55,0,85,0.416,1.01,16,16,16,32,48,30,295,160,130,0,0,0,16,44.25,0.25,0,55,0,85,0.416,1.01,16,16,16,32,48,30,295,160,130,0,0,0,16,512,-1,485.785156,485.480469,0.3046875,0.5,7618.451,7618.951,0,0,0,0,0,0,0,0,0,0,0,0,512,600,1200,3000,55,1.069,1.30500007,0,16,16,52,2835,10451.9824,1000,1001,30,30,71,58,0,0,60.5,59.613,1.085,13390.1055,494.5078,66.3208847,0,0,0,0.0155014759,0,0,0,0,0,0,0,0,0,60.1875,64,16376,2685,13690,83.6005,172.962,121199616,32999424
05/28/2026 22:16:41,53,62,0,62,67,61,61,61,61,76,12.0960007,5.02000046,1.31000006,1.396,1.056,0.36,0.612000048,3.28000021,2.046,0,3.36800027,3.36800027,3.11600018,62,50,52,49,1192,823,0,940,899,0,0,0,0,0,59.38,25,6.25,9.38,14.06,35.94,1.56,0,18.95,59.38,42.67419,3953,1171,5050,3220,50.5,3.5850935,0.525,4040,1251,40.4,1.92677283,0.525,4040,655,40.4,1.3184886,0.525,3979,483,40.4,1.15869725,0.525,4001,808,40.4,1.46495008,0.525,4040,2307,40.4,2.60828662,0.525,3221,340,33.6666679,1.01641965,0.525,3254,301,33.6666679,0.991088152,0.525,62.3750076,58.2500038,99.99825,29.6772957,7.20346832,80.46822,10.7993431,4.081421,72.5725,44.75,0.25,0,55,0,85,0.416,1.01,16,16,16,32,48,30,295,160,130,0,0,0,16,44.25,0.25,0,55,0,85,0.416,1.01,16,16,16,32,48,30,295,160,130,0,0,0,16,512,-1,485.785156,485.480469,0.3046875,0.5,7618.451,7618.951,0,0,0,0,0,0,0,0,0,0,0,0,512,600,1200,3000,54,1.064,1.30500007,0,7,16,50,2835,10451.9824,1001,1000,30,30,31,25,0,0,38.571,47.266,1.085,13175.0977,430.769531,45.809124,0,0,0,0.119604468,0,0,0,0,0,0.413829267,0,0,0,59.15625,62,16376,2900,13475,82.28837,148.479,8.839987E+07,18349056
05/28/2026 22:16:43,55,62,0,62,68,64,64,64,64,80,12.0960007,5.02000046,1.31000006,1.39200008,1.064,0.344,0.612000048,3.28400016,2.046,0,3.36800027,3.36800027,3.11600018,64,49.5,52,49,1221,801,0,949,891,0,0,0,0,0,67.69,15.38,4.69,1.56,10.77,69.23,7.81,4.69,22.73,69.23,43.58574,4023,1203,5050,2638,50.5,2.84683251,0.51875,4040,1092,40.4,1.82909918,0.54375,3864,576,40.4,1.32263207,0.54375,3805,397,40.4,1.15582108,0.54375,3888,766,40.4,1.47878838,0.54375,4040,3614,40.4,4.07913876,0.54375,3757,309,40.4,1.04878712,0.54375,3740,235,40.4,0.979576945,0.54375,64.62501,58.6250038,99.99825,29.6460266,7.2347374,80.38344,10.7775459,4.103218,72.4260254,44.75,0.25,0,55,0,85,0.416,1.01,16,16,16,32,48,30,295,160,130,0,0,0,16,44.25,0.25,0,55,0,85,0.416,1.01,16,16,16,32,48,30,295,160,130,0,0,0,16,512,-1,485.785156,485.480469,0.3046875,0.5,7618.451,7618.951,0,0,0,0,0,0,0,0,0,0,0,0,512,600,1200,3000,54,1.069,1.30500007,0,11,16,48,2670,10451.9824,1003,1001,30,30,34,27,0,0,33.339,33.869,0.975,13175.1016,433.4414,30.7386837,0,0,0,0.0127962241,0,0,0,0,0,0.0267484933,0,0,0,58,60,16376,2900,13475,82.28837,104.618,102249472,229699584
05/28/2026 22:16:45,56,62,0,63,69,68,68,68,68,83,12.0960007,5.02000046,1.30800009,1.39200008,1.062,0.350000024,0.612000048,3.27600026,2.046,0,3.36800027,3.36800027,3.12000012,65,50,52,49,1226,794,0,957,875,0,0,0,0,0,59.38,21.88,3.12,4.69,7.81,62.5,3.12,3.12,20.7,62.5,42.95677,4093,1231,5050,2757,50.5,2.79293132,0.51875,5050,1203,50.5,1.885937,0.51875,3846,597,40.4,1.34711957,0.51875,3795,443,40.4,1.18747663,0.50625,3875,863,40.4,1.582837,0.50625,5000,3405,50,3.8063736,0.50625,3059,321,33.3333321,1.05457413,0.50625,3070,256,33.3333321,1.00525236,0.50625,64.87501,53.1250038,99.99826,29.467598,7.413166,79.89964,10.8073082,4.073456,72.62603,44.75,0.25,0,55,0,85,0.416,1.01,16,16,16,32,48,30,295,160,130,0,0,0,16,44.25,0.25,0,55,0,85,0.416,1.01,16,16,16,32,48,30,295,160,130,0,0,0,16,512,-1,485.785156,485.480469,0.3046875,0.5,7618.451,7618.951,0,0,0,0,0,0,0,0,0,0,0,0,512,600,1200,3000,55,1.069,1.30500007,0,9,16,49,2835,10451.9824,998,1001,30,30,40,32,0,0,42.847,46.814,1.085,13175.1016,433.4414,35.2738762,0,0,0,0.0136616426,0,0,0,0,0,0,0,0,0,58.40625,60,16376,2900,13475,82.28837,105.099,1.47499E+08,3.439923E+07
05/28/2026 22:16:47,57,62,0,64,69,68,68,68,68,82,12.0960007,5.02000046,1.31000006,1.39200008,1.06000006,0.356,0.612000048,3.28000021,2.046,0,3.36800027,3.36800027,3.12000012,63,49.5,52,49,1259,793,0,964,881,0,0,0,0,0,75,32.81,12.5,9.38,17.19,48.44,1.56,3.12,25,75,42.3707047,3995,1175,4040,3311,40.4,3.60793185,0.55625,4040,1168,40.4,1.79609811,0.55625,3804,607,40.4,1.33739543,0.55625,3789,447,40.4,1.16293812,0.54375,3823,827,40.4,1.5116303,0.54375,5050,2470,50.5,2.299183,0.54375,3664,263,40.4,0.9914578,0.54375,3747,306,40.4,1.016235,0.54375,63.6250076,53.1250038,99.99826,29.4080887,7.47267532,79.73828,10.7534676,4.12729645,72.26422,44.75,0.25,0,55,0,85,0.416,1.01,16,16,16,32,48,30,295,160,130,0,0,0,16,44.25,0.25,0,55,0,85,0.416,1.01,16,16,16,32,48,30,295,160,130,0,0,0,16,512,-1,485.785156,485.480469,0.3046875,0.5,7618.451,7618.951,0,0,0,0,0,0,0,0,0,0,0,0,512,600,1200,3000,55,1.05500007,1.30500007,0,8,16,49,2835,10451.9824,999,999,30,30,38,29,0,0,41.481,47.961,1.085,13175.1016,433.4414,32.2752647,0,0,0,0.0139752859,0,0,0,0,0,0,0,0,0,58.78125,60,16376,2900,13475,82.28837,120.183,1.50699E+08,28099584
05/28/2026 22:16:49,58,62,0,64,70,67,67,67,67,81,12.12,5.03,1.30800009,1.39200008,1.062,0.346000016,0.612000048,3.28000021,2.046,0,3.36800027,3.36800027,3.11600018,62,49.5,52,49,1284,795,0,970,889,0,0,0,0,0,68.75,29.69,7.81,7.81,17.19,62.5,4.69,1.56,25,68.75,42.42046,3994,1198,5050,3204,50.5,3.526101,0.61875,4037,1324,40.4,1.87571084,0.61875,3795,617,40.4,1.34487164,0.61875,3802,501,40.4,1.23227215,0.61875,3871,840,40.4,1.564797,0.61875,4040,2540,40.4,2.42623234,0.61875,3691,289,40.4,1.01413083,0.61875,3667,266,40.4,0.9675171,0.61875,62.8750076,53.1250038,99.99827,29.4008484,7.47991562,79.71865,10.7479286,4.13283539,72.227,44.5,0.25,0,55,0,85,0.416,1.01,16,16,16,32,48,30,295,160,130,0,0,0,16,44.25,0.25,0,55,0,85,0.416,1.01,16,16,16,32,48,30,295,160,130,0,0,0,16,512,-1,485.785156,485.480469,0.3046875,0.5,7618.451,7618.951,0,0,0,0,0,0,0,0,0,0,0,0,512,600,1200,3000,55,1.079,1.30500007,0,13,16,49,2835,10451.9824,999,1000,30,30,39,29,0,0,41.605,46.214,1.085,13175.1016,433.4414,31.0159988,0,0,0,0.0153834578,0,0,0,0,0,0,0,0,0,58.78125,60,16376,2900,13475,82.28837,119.995,110599168,40249344
05/28/2026 22:16:51,58,62,0,64,71,65,65,65,65,79,12.0960007,5.02000046,1.30800009,1.39200008,1.05800009,0.356,0.612000048,3.27600026,2.046,0,3.364,3.364,3.11600018,62,49.5,52,49,1291,792,0,982,900,0,0,0,0,0,73.44,15.62,7.81,7.81,6.25,43.75,3.12,3.12,20.12,73.44,42.4671021,4152,1186,5050,3163,50.5,3.265756,0.50625,5050,1201,50.5,1.83170581,0.50625,3843,621,40.4,1.32288349,0.50625,3739,438,40.4,1.16433978,0.50625,3803,833,40.4,1.49860764,0.50625,5050,2698,50.5,2.700784,0.5375,3647,298,40.4,1.00994575,0.5375,3033,236,33.6666679,0.9573076,0.5375,62.6250076,53.1250038,99.99827,29.3716545,7.5091095,79.6394958,10.7196846,4.16107941,72.03719,44.5,0.25,0,55,0,85,0.416,1.01,16,16,16,32,48,30,295,160,130,0,0,0,16,44.25,0.25,0,55,0,85,0.416,1.01,16,16,16,32,48,30,295,160,130,0,0,0,16,512,-1,485.785156,485.480469,0.3046875,0.5,7618.451,7618.951,0,0,0,0,0,0,0,0,0,0,0,0,512,600,1200,3000,54,1.069,1.30500007,0,12,16,49,2835,10451.9824,1000,1000,30,30,38,29,0,0,42.174,43.902,1.085,13175.1016,433.4414,30.76585,0,0,0,0.0137709808,0,0,0,0,0,0,0,0,0,58.625,60,16376,2900,13475,82.28837,121.348,8.679936E+07,33399808
05/28/2026 22:16:53,56,62,0,64,71,65,65,65,65,79,12.0960007,5.02000046,1.30800009,1.39200008,1.062,0.358,0.612000048,3.28000021,2.046,0,3.36800027,3.36800027,3.11600018,62,49.5,52,49,1259,821,0,960,928,0,0,0,0,0,49.21,25.4,7.94,3.17,7.94,60.32,3.17,1.59,19.84,60.32,42.3177834,4050,1209,4040,2714,40.4,2.864706,0.51875,5050,1425,50.5,1.955754,0.51875,3891,584,40.4,1.38161159,0.51875,3729,391,40.4,1.13523054,0.51875,3858,882,40.4,1.59117258,0.525,5050,3094,50.5,3.2115047,0.53125,3089,305,33.6666679,1.04512846,0.53125,3689,280,40.4,1.017966,0.51875,62.5000076,57.5000038,99.99825,29.40466,7.47610474,79.72899,10.750843,4.129921,72.24658,44.5,0.25,0,55,0,85,0.416,1.01,16,16,16,32,48,30,295,160,130,0,0,0,16,44.25,0.25,0,55,0,85,0.416,1.01,16,16,16,32,48,30,295,160,130,0,0,0,16,512,-1,485.785156,485.480469,0.3046875,0.5,7618.451,7618.951,0,0,0,0,0,0,0,0,0,0,0,0,512,600,1200,3000,55,1.04500008,1.30500007,0,13,16,49,2835,10451.9824,1000,999,30,30,39,29,0,0,41.498,41.405,1.085,13175.1016,433.4414,30.4376678,0,0,0,0.0140563287,0,0,0,0,0,0,0,0,0,58.6875,60,16376,2900,13475,82.28837,120.442,107649024,28049408
05/28/2026 22:16:55,56,62,0,64,71,65,65,65,65,79,12.0960007,5.02000046,1.30800009,1.39200008,1.06000006,0.354,0.612000048,3.28400016,2.046,0,3.36800027,3.36800027,3.12000012,62,49.5,52,49,1238,821,0,965,929,0,0,0,0,0,57.81,26.56,23.44,12.5,20.31,64.06,4.69,6.25,26.95,64.06,42.260685,3967,1189,5050,2498,50.5,2.49988461,0.55,4040,1236,40.4,1.85455251,0.55,3827,679,40.4,1.38785112,0.55,3775,491,40.4,1.203109,0.55,3836,902,40.4,1.5581758,0.55,5050,3128,50.5,3.387072,0.54375,3068,289,33.6666679,1.023073,0.54375,3092,287,33.6666679,1.01337171,0.54375,62.6250076,52.6250038,99.99827,29.3968048,7.483959,79.70769,10.7445679,4.136196,72.20441,44.5,0.25,0,55,0,85,0.416,1.01,16,16,16,32,48,30,295,160,130,0,0,0,16,44.25,0.25,0,55,0,85,0.416,1.01,16,16,16,32,48,30,295,160,130,0,0,0,16,512,-1,485.785156,485.480469,0.3046875,0.5,7618.451,7618.951,0,0,0,0,0,0,0,0,0,0,0,0,512,600,1200,3000,55,1.064,1.30500007,0,9,16,49,2835,10451.9824,1000,1000,30,30,40,30,0,0,41.331,43.497,1.085,13175.1016,436.7461,34.1391373,0,0,0,0.0138221951,0,0,0,0,0,0,0,0,0,58.6875,60,16376,2900,13475,82.28837,119.083,8.259994E+07,5.734912E+07
05/28/2026 22:16:57,56,62,0,64,71,65,65,65,65,79,12.0960007,5.03,1.31000006,1.39200008,1.05800009,0.36,0.612000048,3.28400016,2.046,0,3.36800027,3.36800027,3.11600018,62,49.5,52,49,1240,821,0,980,907,0,0,0,0,0,64.06,23.44,14.06,9.38,20.31,50,1.56,10.94,24.22,64.06,42.4340553,4009,1217,5050,3272,50.5,3.559272,0.51875,4040,1300,40.4,1.84560442,0.51875,3789,554,40.4,1.28594446,0.51875,3843,468,40.4,1.18255949,0.51875,3852,909,40.4,1.56634486,0.51875,4040,2634,40.4,2.52535915,0.51875,3704,275,40.4,1.00060117,0.51875,3756,321,40.4,1.03857648,0.51875,62.5000076,53.1250038,99.9982758,29.407177,7.473587,79.73581,10.75626,4.124504,72.28298,44.5,0.25,0,55,0,85,0.416,1.01,16,16,16,32,48,30,295,160,130,0,0,0,16,44.25,0.25,0,55,0,85,0.416,1.01,16,16,16,32,48,30,295,160,130,0,0,0,16,512,-1,485.785156,485.480469,0.3046875,0.5,7618.451,7618.951,0,0,0,0,0,0,0,0,0,0,0,0,512,600,1200,3000,54,1.05500007,1.30500007,0,8,16,49,2835,10451.9824,1000,1000,30,30,39,30,0,0,41.788,38.348,1.085,13175.1016,436.7461,34.2383766,0,0,0,0.0143807465,0,0,0,0,0,0,0,0,0,58.8125,60,16376,2900,13475,82.28837,120.055,106249216,51649536
05/28/2026 22:16:59,56,62,0,64,71,65,65,65,65,79,12.0960007,5.02000046,1.30800009,1.39200008,1.064,0.34800002,0.612000048,3.28400016,2.046,0,3.36800027,3.36800027,3.12000012,62,49.5,52,49,1247,824,0,960,929,0,0,0,0,0,70.31,15.62,18.75,10.94,18.75,43.75,3.12,4.69,23.24,70.31,42.4935837,3850,1199,4040,3238,40.4,3.53912377,0.525,4037,1342,40.4,1.91386437,0.525,3826,641,40.4,1.38107,0.525,3777,419,40.4,1.16214418,0.525,3871,840,40.4,1.52904022,0.525,5050,2526,50.5,2.42420125,0.53125,3098,321,33.6666679,1.05059338,0.53125,3101,266,33.6666679,0.992932856,0.53125,62.5000076,53.7500038,99.99825,29.4513512,7.429413,79.85559,10.7952652,4.085499,72.545105,44.5,0.25,0,55,0,85,0.416,1.01,16,16,16,32,48,30,295,160,130,0,0,0,16,44,0.25,0,55,0,85,0.416,1.01,16,16,16,32,48,30,295,160,130,0,0,0,16,512,-1,485.785156,485.480469,0.3046875,0.5,7618.451,7618.951,0,0,0,0,0,0,0,0,0,0,0,0,512,600,1200,3000,55,1.074,1.30500007,0,7,16,49,2835,10451.9824,1001,1000,30,30,39,30,0,0,41.831,47.338,1.085,13175.1016,436.7461,34.5431747,0,0,0,0.0139893433,0,0,0,0,0,0,0,0,0,58.78125,60,16376,2900,13475,82.28837,120.876,1.482496E+08,4.014899E+07
05/28/2026 22:17:01,56,62,0,64,71,65,65,65,65,79,12.0960007,5.02000046,1.31000006,1.39200008,1.064,0.344,0.612000048,3.28000021,2.046,0,3.36800027,3.36800027,3.11600018,62,49.5,52,49,1256,823,0,964,930,0,0,0,0,0,64.06,23.44,12.5,9.38,17.19,57.81,7.81,3.12,24.41,64.06,42.6851273,4217,1205,5025,3013,50.25,3.27591038,0.60625,5025,1328,50.25,1.90092909,0.60625,3816,621,40.2,1.348957,0.60625,3785,429,40.2,1.16249943,0.60625,4856,897,50.25,1.58154309,0.60625,5050,2793,50.5,2.80715275,0.54375,3058,261,33.6666679,0.984389663,0.54375,3118,299,33.6666679,1.01347327,0.54375,62.5000076,52.6250038,99.9982452,29.433197,7.447567,79.806366,10.781311,4.099453,72.4513245,44.5,0.25,0,55,0,85,0.416,1.01,16,16,16,32,48,30,295,160,130,0,0,0,16,44,0.25,0,55,0,85,0.416,1.01,16,16,16,32,48,30,295,160,130,0,0,0,16,512,-1,485.785156,485.480469,0.3046875,0.5,7618.451,7618.951,0,0,0,0,0,0,0,0,0,0,0,0,512,600,1200,3000,55,1.064,1.30500007,0,7,16,49,2835,10451.9824,1001,999,30,30,39,30,0,0,41.377,48.488,1.085,13175.1016,436.976563,33.569416,0,0,0,0.0153480265,0,0,0,0,0,0.0103190131,0,0,0,58.625,60,16376,2900,13475,82.28837,119.655,103899136,5.779968E+07
05/28/2026 22:17:03,56,62,0,64,71,65,65,65,65,79,12.12,5.03,1.30800009,1.39200008,1.05800009,0.346000016,0.612000048,3.28000021,2.046,0,3.36800027,3.36800027,3.11600018,63,49.5,52,49,1260,821,0,982,906,0,0,0,0,0,49.21,14.52,9.68,4.84,12.9,66.67,4.84,1.61,20.53,66.67,41.7841721,3506,1099,4040,2239,40.4,2.30560064,0.5375,3357,1055,33.6666679,1.57786179,0.5375,3176,474,33.6666679,1.03262818,0.5375,3118,312,33.6666679,0.8752238,0.5375,3190,687,33.6666679,1.2588464,0.5375,5050,3591,50.5,3.761095,0.5375,3082,239,33.6666679,0.7862805,0.5375,3035,195,33.6666679,0.739478648,0.5375,63.6250076,52.8750038,99.9982758,29.4716148,7.409149,79.91053,10.8224487,4.05831528,72.7277756,44.5,0.25,0,55,0,85,0.416,1.01,16,16,16,32,48,30,295,160,130,0,0,0,16,44,0.25,0,55,0,85,0.416,1.01,16,16,16,32,48,30,295,160,130,0,0,0,16,512,-1,485.785156,485.480469,0.3046875,0.5,7618.451,7618.951,0,0,0,0,0,0,0,0,0,0,0,0,512,600,1200,3000,54,1.064,1.30500007,0,3,16,47,2835,10451.9824,1001,1001,30,30,2,1,0,0,20.986,22.08,1.085,12558.7383,434.664063,23.92384,0,0,0,0.0119557949,0,0,0,0,0,0.5862382,0,0,0,57.84375,58,16376,3516,12859,78.5254745,111.413,449536,2599936
05/28/2026 22:17:05,57,62,0,65,71,67,67,67,67,81,12.12,5.02000046,1.30800009,1.39200008,1.062,0.354,0.612000048,3.28400016,2.046,0,3.36800027,3.36800027,3.11600018,63,49.5,52,49,1275,792,0,981,932,0,0,0,0,0,4.69,4.69,1.56,1.54,1.56,100,1.56,1.54,14.64,100,37.79098,3236,724,3858,408,40.4,0.515155733,0.525,2962,151,33.6666679,0.21227476,0.525,2846,46,33.6666679,0.0743766353,0.525,2744,28,33.6666679,0.0610620156,0.525,2864,62,33.6666679,0.118195795,0.525,5050,5028,50.5,3.98895383,0.5125,2748,28,33.6666679,0.0547193624,0.5125,2814,38,33.6666679,0.0591046959,0.5125,63.2500076,60.3750038,99.99826,29.5977058,7.283058,80.2524261,10.9071121,3.973652,73.29672,44.5,0.25,0,55,0,85,0.416,1.01,16,16,16,32,48,30,295,160,130,0,0,0,16,44,0.25,0,55,0,85,0.416,1.01,16,16,16,32,48,30,295,160,130,0,0,0,16,512,-1,485.785156,485.480469,0.3046875,0.5,7618.451,7618.951,0,0,0,0,0,0,0,0,0,0,0,0,512,600,1200,3000,54,1.05000007,1.30500007,0,5,16,45,2670,10451.9824,999,1002,30,30,0,0,0,0,17.092,21.335,0.975,12558.7383,434.664063,0.006225488,0,0,0,0.00101960753,0,0,0,0,0,0,0,0,0,56.28125,56,16376,3516,12859,78.5254745,52.946,599040,299008
05/28/2026 22:17:07,58,62,0,66,72,67,67,67,67,82,12.12,5.02000046,1.31000006,1.39200008,1.054,0.346000016,0.612000048,3.28400016,2.046,0,3.36800027,3.36800027,3.11600018,64,49.5,52,49,1283,792,0,978,938,0,0,0,0,0,70.31,28.12,7.81,1.56,9.38,35.94,4.69,0,19.73,70.31,41.6827927,4304,1059,5050,3278,50.5,2.998082,0.51875,5050,1640,50.5,2.075957,0.51875,4822,422,50.5,0.933001935,0.51875,3859,249,40.4,0.6668113,0.5125,3961,605,40.4,1.14766085,0.5125,4040,1896,40.4,2.06714725,0.5125,3875,215,40.4,0.551641345,0.5125,3776,166,40.4,0.473631918,0.5125,64.00001,60.1250038,99.99827,29.3805428,7.50022125,79.6636,10.9645882,3.91617584,73.68297,44.5,0.25,0,55,0,85,0.416,1.01,16,16,16,32,48,30,295,160,130,0,0,0,16,44,0.25,0,55,0,85,0.416,1.01,16,16,16,32,48,30,295,160,130,0,0,0,16,512,-1,485.785156,485.480469,0.3046875,0.5,7618.451,7618.951,0,0,0,0,0,0,0,0,0,0,0,0,512,600,1200,3000,54,1.05500007,1.30500007,0,6,16,44,2670,10451.9824,1000,1003,30,30,16,7,0,3,22.606,19.409,0.975,12866.5781,476.8203,8.153566,0,0,0,2.58078933,0,0,0,0,0,9.148788,0,0,0,56.09375,56,16376,3187,13188,80.53465,53.117,2.76644966E+09,511899648
05/28/2026 22:17:09,58,62,0,66,72,67,67,67,67,81,12.0960007,5.03,1.30800009,1.39200008,1.0200001,0.342,0.612000048,3.28000021,2.046,0,3.36800027,3.36800027,3.12000012,62,49.5,52,49,1305,792,0,998,942,0,0,0,0,0,34.38,20.31,10.77,7.69,12.31,40.62,3.08,4.62,16.72,40.62,39.64247,4200,941,4850,1853,48.5,2.24979448,0.6125,4850,1237,48.5,1.87922645,0.6125,4759,547,48.5,1.19092321,0.6125,3183,465,32.3333321,1.09822476,0.6125,4836,731,48.5,1.373037,0.6125,4850,2061,48.5,2.3215735,0.6125,3139,325,32.3333321,0.973612666,0.6125,3134,309,32.3333321,0.9554947,0.6125,62.2500076,52.2500038,99.99827,29.8700752,7.010689,80.99094,11.0213165,3.85944748,74.0641861,44.5,0.25,0,55,0,85,0.416,1.01,16,16,16,32,48,30,295,160,130,0,0,0,16,44,0.25,0,55,0,85,0.416,1.01,16,16,16,32,48,30,295,160,130,0,0,0,16,512,-1,485.785156,485.480469,0.3046875,0.5,7618.451,7618.951,0,0,0,0,0,0,0,0,0,0,0,0,512,600,1200,3000,55,1.09,1.30500007,0,16,16,52,2835,10451.9824,999,999,30,30,70,56,0,0,59.719,55.678,1.085,13357.8945,498.1953,63.72011,0,0,0,0.0471136346,0,0,0,0,0,0.07493781,0,0,0,59.0625,62,16376,2717,13658,83.40373,168.225,140349440,29699072
05/28/2026 22:17:11,57,62,0,65,71,63,63,63,63,78,12.0960007,5.02000046,1.30800009,1.39200008,1.018,0.342,0.612000048,3.28000021,2.046,0,3.36800027,3.36800027,3.11600018,60,49.5,51.5,49,1273,794,0,998,949,0,0,0,0,0,46.88,18.75,9.38,9.38,14.06,42.19,3.12,3.12,18.36,46.88,39.62697,4114,928,4040,1896,40.4,2.26901913,0.50625,4040,1120,40.4,1.71255636,0.525,3964,553,40.4,1.168374,0.525,3943,467,40.4,1.09253347,0.525,4025,677,40.4,1.30223608,0.525,5050,2033,50.5,2.24540949,0.525,3935,369,40.4,0.9973473,0.525,3919,306,40.4,0.9367146,0.525,60.6250076,53.2500038,99.99827,29.78239,7.09837341,80.75318,10.9658585,3.91490555,73.6915054,44.5,0.25,0,55,0,85,0.416,1.01,16,16,16,32,48,30,295,160,130,0,0,0,16,44,0.25,0,55,0,85,0.416,1.01,16,16,16,32,48,30,295,160,130,0,0,0,16,512,-1,485.785156,485.480469,0.3046875,0.5,7618.451,7618.951,0,0,0,0,0,0,0,0,0,0,0,0,512,600,1200,3000,54,1.069,1.30500007,0,17,16,52,2835,10451.9824,998,998,30,30,70,56,0,0,60.578,56.895,1.085,13357.8945,498.1953,64.44224,0,0,0,0.0192813724,0,0,0,0,0,0,0,0,0,59.53125,62,16376,2717,13658,83.40373,170.165,108049408,2.919936E+07
05/28/2026 22:17:13,56,62,0,64,70,60,60,60,60,75,12.0720005,5.03,1.30800009,1.39200008,1.014,0.346000016,0.612000048,3.28000021,2.046,0,3.36800027,3.36800027,3.11600018,59,49.5,51.5,49,1250,792,0,982,935,0,0,0,0,0,26.56,26.56,12.5,12.5,12.5,50,7.81,4.69,19.14,50,39.3986549,3820,880,4850,1573,48.5,1.93092656,0.6375,4850,1045,48.5,1.57572043,0.6375,3233,565,32.3333321,1.16469085,0.6375,3225,475,32.3333321,1.08069348,0.6375,3233,721,32.3333321,1.32116747,0.6375,4850,2037,48.5,2.22479844,0.6375,3161,335,32.3333321,0.9514654,0.6375,3157,290,32.3333321,0.894012034,0.6375,59.3750076,52.2500038,99.9982758,29.7367783,7.14398575,80.62951,10.9367294,3.94403458,73.49575,44.5,0.25,0,55,0,85,0.416,1.01,16,16,16,32,48,30,295,160,130,0,0,0,16,44,0.25,0,55,0,85,0.416,1.01,16,16,16,32,48,30,295,160,130,0,0,0,16,512,-1,485.785156,485.480469,0.3046875,0.5,7618.451,7618.951,0,0,0,0,0,0,0,0,0,0,0,0,512,600,1200,3000,54,0.984,1.30500007,0,4,16,52,2835,10451.9824,999,998,30,30,73,59,0,0,62.634,60.017,1.085,13357.8945,498.1953,66.56104,0,0,0,0.02746038,0,0,0,0,0,0,0,0,0,60,62,16376,2717,13658,83.40373,175.08,128099328,27399168
05/28/2026 22:17:15,55,62,0,62,69,60,60,60,60,75,12.0720005,5.02000046,1.30800009,1.39200008,1.014,0.34,0.612000048,3.28000021,2.046,0,3.36800027,3.36800027,3.11600018,59,49.5,51.5,49,1234,792,0,955,922,0,0,0,0,0,25,20.31,12.5,10.94,15.62,43.75,4.69,1.56,16.8,43.75,39.9609146,4101,916,5050,1625,50.5,2.00893188,0.525,4040,1191,40.4,1.75291729,0.525,3932,513,40.2,1.14062238,0.525,3937,438,40.2,1.07345772,0.54375,4020,753,40.2,1.34766638,0.54375,4020,2155,40.2,2.43352342,0.54375,3886,338,40.2,0.968070447,0.54375,3926,317,40.2,0.9447853,0.54375,58.8750076,57.7500038,99.99825,29.7440567,7.13670731,80.64925,10.9337273,3.94703674,73.47558,44.5,0.25,0,55,0,85,0.416,1.01,16,16,16,32,48,30,295,160,130,0,0,0,16,44,0.25,0,55,0,85,0.416,1.01,16,16,16,32,48,30,295,160,130,0,0,0,16,512,-1,485.785156,485.480469,0.3046875,0.5,7618.451,7618.951,0,0,0,0,0,0,0,0,0,0,0,0,512,600,1200,3000,54,0.984,1.30500007,0,5,16,53,2835,10451.9824,999,998,30,30,73,59,0,0,61.965,67.249,1.085,13357.8945,498.4297,66.6354446,0,0,0,0.0288715027,0,0,0,0,0,0.0225859359,0,0,0,60.03125,62,16376,2717,13658,83.40373,175.294,155449344,38349824
05/28/2026 22:17:17,54,62,0,61,67,58,58,58,58,74,12.0960007,5.02000046,1.30800009,1.39200008,1.018,0.352000028,0.614,3.28000021,2.046,0,3.36800027,3.36800027,3.11600018,58,49.5,51.5,49,1206,821,0,946,887,0,0,0,0,0,25,18.75,10.94,6.25,12.5,37.5,1.56,4.69,14.65,37.5,39.4388046,3899,896,4040,1699,40.4,2.069651,0.51875,4040,1115,40.4,1.67775726,0.51875,4040,553,40.4,1.14679492,0.51875,3367,474,33.6666679,1.08407032,0.51875,4040,740,40.4,1.325936,0.51875,5050,2002,50.5,2.31564665,0.51875,3315,303,33.6666679,0.932345331,0.51875,3300,286,33.6666679,0.9046228,0.51875,58.7500076,52.2500038,99.9982758,29.7351265,7.14563751,80.62503,10.9335938,3.94717026,73.47468,44.5,0.25,0,55,0,85,0.416,1.01,16,16,16,32,48,30,295,160,130,0,0,0,16,44,0.25,0,55,0,85,0.416,1.01,16,16,16,32,48,30,295,160,130,0,0,0,16,512,-1,485.785156,485.480469,0.3046875,0.5,7618.451,7618.951,0,0,0,0,0,0,0,0,0,0,0,0,512,600,1200,3000,55,0.969000041,1.30500007,0,4,16,53,2835,10451.9824,999,1002,30,30,73,59,0,0,61.916,68.461,1.085,13357.8945,498.199219,66.22971,0,0,0,0.0237646885,0,0,0,0,0,0.0162433386,0,0,0,60.4375,62,16376,2717,13658,83.40373,175.016,147099648,29549568
05/28/2026 22:17:19,53,62,0,60,66,58,58,58,58,75,12.0960007,5.03,1.30800009,1.39200008,1.024,0.346000016,0.612000048,3.28000021,2.046,0,3.37200022,3.36800027,3.12000012,59,49.5,51.5,49,1184,821,0,939,878,0,0,0,0,0,45.31,23.44,15.62,7.81,25,39.06,7.81,9.38,21.68,45.31,41.548275,4635,1132,4850,2220,48.5,2.61375642,0.625,4850,1429,48.5,2.06506,0.625,4850,727,48.5,1.3935411,0.625,4850,601,48.5,1.25971913,0.625,4850,960,48.5,1.6080277,0.625,4850,2203,48.5,2.58224535,0.625,4751,474,48.5,1.13675869,0.625,3226,444,32.3333321,1.11908555,0.625,59.8750076,52.2500038,99.9982452,29.80587,7.074894,80.81685,10.9859238,3.89484024,73.82634,44.5,0.25,0,55,0,85,0.416,1.01,16,16,16,32,48,30,295,160,130,0,0,0,16,44,0.25,0,55,0,85,0.416,1.01,16,16,16,32,48,30,295,160,130,0,0,0,16,512,-1,485.785156,485.480469,0.3046875,0.5,7618.451,7618.951,0,0,0,0,0,0,0,0,0,0,0,0,512,600,1200,3000,54,1.069,1.30500007,0,11,16,53,2835,10451.9824,1000,999,30,30,69,53,0,0,60.709,67.374,1.085,13357.8945,498.199219,65.1772,0,0,0,0.0244101509,0,0,0,0,0,0,0,0,0,61.0625,64,16376,2717,13658,83.40373,175.612,1.376E+08,3.389952E+07
05/28/2026 22:17:21,52,62,0,60,66,60,60,60,60,75,12.0960007,5.02000046,1.30800009,1.39200008,1.0200001,0.34,0.612000048,3.28400016,2.046,0,3.36800027,3.36800027,3.11600018,59,49.5,51.5,49,1163,821,0,934,859,0,0,0,0,0,37.5,20.31,9.38,10.94,7.81,31.25,3.12,1.56,15.23,37.5,39.5140457,4395,902,5050,1711,50.5,2.062121,0.51875,4040,1124,40.4,1.67730379,0.51875,4040,568,40.4,1.16985309,0.51875,5034,478,50.5,1.09200251,0.51875,4040,752,40.4,1.34696686,0.51875,5050,1966,50.5,2.27817154,0.50625,3975,342,40.4,0.971164167,0.50625,3931,276,40.4,0.910703242,0.50625,59.2500076,55.8750038,99.99827,29.83041,7.050354,80.8833847,11.0099258,3.87083817,73.98764,44.5,0.25,0,55,0,85,0.416,1.01,16,16,16,32,48,30,295,160,130,0,0,0,16,44,0.25,0,55,0,85,0.416,1.01,16,16,16,32,48,30,295,160,130,0,0,0,16,512,-1,485.785156,485.480469,0.3046875,0.5,7618.451,7618.951,0,0,0,0,0,0,0,0,0,0,0,0,512,600,1200,3000,54,1.05000007,1.30500007,0,6,16,53,2835,10451.9824,1001,1000,30,30,69,53,0,0,60.042,68.396,1.085,13357.8945,498.199219,62.8992958,0,0,0,0.019878706,0,0,0,0,0,0,0,0,0,60.40625,62,16376,2717,13658,83.40373,170.408,134649856,27849728
05/28/2026 22:17:23,52,62,0,60,66,60,60,60,60,75,12.0960007,5.02000046,1.30800009,1.39200008,1.024,0.344,0.614,3.28000021,2.046,0,3.36800027,3.36800027,3.11600018,58,49.5,51.5,49,1159,821,0,931,870,0,0,0,0,0,37.5,26.56,17.19,6.25,18.75,21.88,1.56,9.38,17.38,37.5,39.42043,4226,891,4850,1963,48.5,2.31003666,0.6125,4850,1088,48.5,1.62952292,0.6125,4850,569,48.5,1.18089843,0.6125,3233,441,32.3333321,1.05531287,0.6125,4850,738,48.5,1.33209646,0.6125,4850,1719,48.5,2.012596,0.6125,3144,299,32.3333321,0.9315796,0.6125,3181,310,32.3333321,0.9311051,0.6125,58.7500076,52.2500038,99.99827,29.8298721,7.050892,80.88193,11.0100746,3.87068939,73.98864,44.5,0.25,0,55,0,85,0.416,1.01,16,16,16,32,48,30,295,160,130,0,0,0,16,44,0.25,0,55,0,85,0.416,1.01,16,16,16,32,48,30,295,160,130,0,0,0,16,512,-1,485.785156,485.480469,0.3046875,0.5,7618.451,7618.951,0,0,0,0,0,0,0,0,0,0,0,0,512,600,1200,3000,54,1.074,1.30500007,0,12,16,53,2835,10451.9824,1000,1000,30,30,69,53,0,0,59.441,68.088,1.085,13357.8945,498.199219,62.67391,0,0,0,0.0205573589,0,0,0,0,0,0,0,0,0,60.90625,64,16376,2717,13658,83.40373,169.111,119749632,27199488
05/28/2026 22:17:25,51,62,0,59,65,58,58,58,58,74,12.0960007,5.03,1.31000006,1.39200008,1.026,0.344,0.614,3.28400016,2.046,0,3.36800027,3.36800027,3.12000012,58,50,51.5,49,1136,792,0,924,842,0,0,0,0,0,46.15,30.77,18.75,12.5,15.38,41.54,7.81,4.69,22.2,46.15,40.3433952,3864,996,5050,2096,50.5,2.44375563,0.55625,4040,1153,40.4,1.7641362,0.55625,4037,636,40.4,1.27458751,0.55625,3296,465,33.6666679,1.12502909,0.55625,4015,788,40.4,1.41992867,0.55625,4040,2175,40.4,2.32514715,0.55625,3221,342,33.6666679,0.997395039,0.55625,3217,316,33.6666679,0.9623282,0.55625,58.7500076,52.6250038,99.99825,29.8046913,7.07607269,80.8136444,10.9895744,3.89118958,73.8508759,44.5,0.25,0,55,0,85,0.416,1.01,16,16,16,32,48,30,295,160,130,0,0,0,16,44,0.25,0,55,0,85,0.416,1.01,16,16,16,32,48,30,295,160,130,0,0,0,16,512,-1,485.785156,485.480469,0.3046875,0.5,7618.451,7618.951,0,0,0,0,0,0,0,0,0,0,0,0,512,600,1200,3000,54,1.09,1.30500007,0,13,16,53,2835,10451.9824,1001,1001,30,30,68,52,0,0,58.827,62.794,1.085,13357.9023,501.449219,62.3311043,0,0,0,0.0240138378,0,0,0,0,0,0.08538911,0,0,0,60.78125,64,16376,2717,13658,83.40373,168.716,146349056,3.529933E+07
05/28/2026 22:17:27,50,62,0,59,65,58,58,58,58,74,12.12,5.03,1.31000006,1.396,1.0200001,0.34800002,0.614,3.28400016,2.046,0,3.37200022,3.37200022,3.124,58,50,51.5,49,1118,792,0,899,858,0,0,0,0,0,39.06,28.12,12.5,10.94,21.88,54.69,9.38,4.69,22.66,54.69,40.19963,3559,1004,4850,1865,48.5,2.2462244,0.525,3233,1265,32.3333321,1.78007579,0.525,3146,645,32.3333321,1.27272916,0.525,3132,499,32.3333321,1.15245247,0.525,3139,786,32.3333321,1.41111863,0.525,4850,2273,48.5,2.21506238,0.525,3075,388,32.3333321,1.04655564,0.525,3047,310,32.3333321,0.9685886,0.525,58.3750076,52.2500038,99.99827,29.8347244,7.04603958,80.89508,11.0109024,3.8698616,73.9942,44.5,0.25,0,55,0,85,0.416,1.01,16,16,16,32,48,30,295,160,130,0,0,0,16,44,0.25,0,55,0,85,0.416,1.01,16,16,16,32,48,30,295,160,130,0,0,0,16,512,-1,485.785156,485.480469,0.3046875,0.5,7618.451,7618.951,0,0,0,0,0,0,0,0,0,0,0,0,512,600,1200,3000,54,0.969000041,1.30500007,0,8,16,53,2835,10451.9824,1000,1000,30,30,68,52,0,0,59.639,62.36,1.085,13357.9063,503.105469,62.8606377,0,0,0,0.0335913636,0,0,0,0,0,0,0,0,0,61,64,16376,2717,13658,83.40373,170.736,155149312,3.739955E+07
05/28/2026 22:17:29,50,63,0,59,65,58,58,58,58,75,12.12,5.04,1.312,1.396,1.0660001,0.352000028,0.614,3.288,2.046,0,3.37600017,3.37600017,3.124,61,50,51.5,49,1111,798,0,916,834,0,0,0,0,0,73.85,9.23,4.62,3.08,9.23,47.69,0,0,18.46,73.85,43.0454826,4142,1164,5050,3419,50.5,3.80172133,0.54375,4040,1114,40.4,1.831662,0.54375,3856,541,40.4,1.2662735,0.54375,3785,394,40.4,1.11639524,0.54375,3874,772,40.4,1.48689187,0.54375,5050,2541,50.5,2.7656064,0.54375,3736,266,40.4,0.9858612,0.54375,3744,263,40.4,0.9720922,0.54375,61.8750076,61.5000038,99.99826,29.8005829,7.080181,80.8025055,10.9896317,3.89113235,73.85126,44.5,0.25,0,55,0,85,0.416,1.01,16,16,16,32,48,30,295,160,130,0,0,0,16,44,0.25,0,55,0,85,0.416,1.01,16,16,16,32,48,30,295,160,130,0,0,0,16,512,-1,485.785156,485.480469,0.3046875,0.5,7618.451,7618.951,0,0,0,0,0,0,0,0,0,0,0,0,512,600,1200,3000,55,1.074,1.30500007,0,8,16,50,2835,10451.9824,1000,1000,30,30,34,28,0,0,41.839,36.484,1.085,13148.6406,435.167969,35.48252,0,0,0,0.200338036,0,0,0,0,0,0.4154014,0,0,0,59.90625,62,16376,2926,13449,82.12671,129.703,9.134899E+07,20199424
05/28/2026 22:17:31,51,64,0,60,65,62,62,62,62,79,12.144001,5.04,1.312,1.396,1.064,0.350000024,0.614,3.288,2.046,0,3.37200022,3.37200022,3.124,64,50,51.5,49,1129,839,0,905,854,0,0,0,0,0,48.44,17.19,3.12,4.69,9.38,71.88,7.81,1.56,20.51,71.88,42.6375351,3947,1106,4040,2439,40.4,2.57942271,0.525,4040,956,40.4,1.62748051,0.525,3863,429,40.4,1.11869776,0.525,3819,324,40.4,0.975338459,0.525,3829,614,40.4,1.30169129,0.525,5050,3680,50.5,4.15889168,0.53125,3758,212,40.4,0.8373409,0.53125,3178,197,33.6666679,0.825929,0.53125,64.75001,60.8750038,99.9982758,29.8345184,7.04624557,80.89452,11.0124207,3.86834335,74.0044,44.5,0.25,0,55,0,85,0.416,1.01,16,16,16,32,48,30,295,160,130,0,0,0,16,44,0.25,0,55,0,85,0.416,1.01,16,16,16,32,48,30,295,160,130,0,0,0,16,512,-1,485.785156,485.480469,0.3046875,0.5,7618.451,7618.951,0,0,0,0,0,0,0,0,0,0,0,0,512,600,1200,3000,55,1.05500007,1.30500007,0,11,16,48,2670,10451.9824,1000,1001,30,30,28,23,0,0,29.579,29.676,0.975,13148.6406,435.167969,25.350832,0,0,0,0.378865033,0,0,0,0,0,0,0,0,0,58.40625,60,16376,2926,13449,82.12671,86.54,9.559962E+07,12399616
05/28/2026 22:17:33,52,64,0,61,66,66,66,66,66,82,12.12,5.03,1.312,1.396,1.06000006,0.36,0.614,3.28400016,2.046,0,3.37600017,3.37200022,3.124,64,50,51.5,49,1143,815,0,914,840,0,0,0,0,0,47.62,28.57,9.52,7.94,19.05,68.25,1.59,4.76,23.41,68.25,41.848587,4078,1128,4040,2488,40.4,2.55663347,0.51875,5038,1144,50.5,1.83816242,0.51875,3775,543,40.4,1.251166,0.51875,3662,351,40.4,1.07191193,0.51875,3833,832,40.4,1.49441266,0.51875,5050,3164,50.5,3.25962424,0.50625,3638,274,40.4,0.984720469,0.50625,3590,227,40.4,0.9542619,0.50625,64.00001,52.2500038,99.99825,29.5889053,7.29185867,80.22856,10.9895821,3.891182,73.85092,44.5,0.25,0,55,0,85,0.416,1.01,16,16,16,32,48,30,295,160,130,0,0,0,16,44,0.25,0,55,0,85,0.416,1.01,16,16,16,32,48,30,295,160,130,0,0,0,16,512,-1,485.785156,485.480469,0.3046875,0.5,7618.451,7618.951,0,0,0,0,0,0,0,0,0,0,0,0,512,600,1200,3000,54,1.064,1.30500007,0,13,16,49,2715,10451.9824,1000,999,30,30,38,30,0,0,36.489,42.974,1,13148.6406,435.167969,34.78122,0,0,0,0.120185137,0,0,0,0,0,0,0,0,0,58.65625,60,16376,2926,13449,82.12671,103.678,6.894899E+07,22899712
05/28/2026 22:17:35,53,64,0,62,67,67,67,67,67,81,12.12,5.03,1.312,1.396,1.062,0.358,0.614,3.28400016,2.046,0,3.37600017,3.37600017,3.124,62,50,52,49,1186,848,0,940,872,0,0,0,0,0,61.54,33.85,10.77,3.08,16.92,52.31,6.15,4.62,23.65,61.54,41.963,3958,1158,5050,3175,50.5,3.28764462,0.55,4020,1207,40.4,1.80852568,0.55,3779,544,40.4,1.22824109,0.55,3731,392,40.4,1.08320141,0.55,3832,852,40.4,1.5055486,0.55,4040,2615,40.4,2.45155978,0.55,3590,230,40.4,0.929007769,0.55,3619,250,40.4,0.944852054,0.55,62.5000076,54.5000038,99.99826,29.5251465,7.35561752,80.05568,10.9236336,3.95713043,73.4077454,44.25,0.25,0,55,0,85,0.416,1.01,16,16,16,32,48,30,295,160,130,0,0,0,16,44,0.25,0,55,0,85,0.416,1.01,16,16,16,32,48,30,295,160,130,0,0,0,16,512,-1,485.785156,485.480469,0.3046875,0.5,7618.451,7618.951,0,0,0,0,0,0,0,0,0,0,0,0,512,600,1200,3000,55,1.03500009,1.30500007,0,7,16,49,2685,10451.9824,999,1001,30,30,38,30,0,0,36.027,34.728,0.99,13148.6406,435.167969,33.155,0,0,0,0.111568622,0,0,0,0,0,0,0,0,0,58.21875,60,16376,2926,13449,82.12671,103.007,9.029939E+07,1.724928E+07
05/28/2026 22:17:37,54,64,0,62,68,64,64,64,64,78,12.144001,5.03,1.312,1.396,1.042,0.356,0.614,3.288,2.046,0,3.37600017,3.37600017,3.124,61,50.5,51.5,49,1201,849,0,931,860,0,0,0,0,0,58.73,22.22,4.76,3.17,12.7,26.98,0,1.59,16.27,58.73,40.7758636,3916,992,4020,2834,40.2,3.19064164,0.51875,4020,1184,40.2,1.78505933,0.51875,3818,508,40.2,1.14832008,0.51875,3734,350,40.2,1.018286,0.51875,3890,668,40.2,1.30662715,0.51875,5050,1891,50.5,2.181577,0.54375,3080,269,33.6666679,0.9324519,0.54375,3712,232,40.4,0.9007816,0.5375,61.6250076,57.1250038,99.9982758,29.554348,7.326416,80.13486,10.9473457,3.93341827,73.56709,44.25,0.25,0,55,0,85,0.416,1.01,16,16,16,32,48,30,295,160,130,0,0,0,16,44,0.25,0,55,0,85,0.416,1.01,16,16,16,32,48,30,295,160,130,0,0,0,16,512,-1,485.785156,485.480469,0.3046875,0.5,7618.451,7618.951,0,0,0,0,0,0,0,0,0,0,0,0,512,600,1200,3000,54,0.974000037,1.30500007,0,5,16,48,2670,10451.9824,1002,1001,30,30,39,31,0,0,34.205,32.18,0.975,13148.6406,435.167969,34.8369865,0,0,0,0.119441427,0,0,0,0,0,0,0,0,0,58.125,62,16376,2926,13449,82.12671,99.997,7.564902E+07,17449984
05/28/2026 22:17:39,55,64,0,63,69,64,64,64,64,80,12.144001,5.03,1.312,1.396,1.064,0.350000024,0.614,3.288,2.046,0,3.37600017,3.37200022,3.124,63,50,51.5,49,1228,848,0,951,886,0,0,0,0,0,60.94,15.62,14.06,6.25,10.94,60.94,3.12,6.25,22.27,60.94,43.31528,3966,1179,5025,3167,50.25,3.45761633,0.5125,3350,1102,33.5,1.79169524,0.5125,4820,532,50.25,1.24774849,0.5125,3136,352,33.5,1.09653032,0.5125,3871,763,40.4,1.47572291,0.51875,4040,3016,40.4,3.3953073,0.51875,3738,263,40.4,0.9891658,0.51875,3745,236,40.4,0.9490523,0.51875,63.5000076,59.6250038,99.99827,29.5246124,7.35615158,80.05423,10.92598,3.95478439,73.42351,44.25,0.25,0,55,0,85,0.416,1.01,16,16,16,32,48,30,295,160,130,0,0,0,16,44,0.25,0,55,0,85,0.416,1.01,16,16,16,32,48,30,295,160,130,0,0,0,16,512,-1,485.785156,485.480469,0.3046875,0.5,7618.451,7618.951,0,0,0,0,0,0,0,0,0,0,0,0,512,600,1200,3000,55,1.06000006,1.30500007,0,24,17,48,2670,10451.9824,1000,1000,30,30,37,29,0,0,34.622,30.004,0.975,13148.6406,435.167969,34.52968,0,0,0,0.3130066,0,0,0,0,0,0,0,0,0,58,60,16376,2926,13449,82.12671,96.877,104199168,21249024
05/28/2026 22:17:41,56,64,0,64,69,66,66,66,66,80,12.12,5.04,1.312,1.396,1.024,0.344,0.614,3.288,2.046,0,3.37600017,3.37200022,3.124,62,50,51.5,49,1232,817,0,963,901,0,0,0,0,0,18.75,15.62,9.38,1.56,12.5,32.81,7.81,3.12,12.7,32.81,39.6098022,4740,891,5050,1516,50.5,1.92848015,0.5125,5050,1117,50.5,1.67365873,0.5125,4949,527,50.5,1.1442,0.5125,4954,451,50.5,1.07563257,0.5125,4982,719,50.5,1.31035638,0.5125,5050,2128,50.5,2.381155,0.51875,3963,357,40.4,0.978268743,0.51875,3926,312,40.4,0.9360838,0.51875,61.8750076,52.2500038,99.99825,29.69479,7.185974,80.5156555,10.9256058,3.95515823,73.4210052,44.25,0.25,0,55,0,85,0.416,1.01,16,16,16,32,48,30,295,160,130,0,0,0,16,44,0.25,0,55,0,85,0.416,1.01,16,16,16,32,48,30,295,160,130,0,0,0,16,512,-1,485.785156,485.480469,0.3046875,0.5,7618.451,7618.951,0,0,0,0,0,0,0,0,0,0,0,0,512,600,1200,3000,54,1.04000008,1.30500007,0,14,16,52,2835,10451.9824,999,1000,30,30,67,52,0,0,57.812,59.202,1.085,13313.59,435.167969,61.17884,0,0,0,0.0204930622,0,0,0,0,0,0,0,0,0,60.03125,62,16376,2761,13614,83.1339,167.01,137499648,32099328
05/28/2026 22:17:43,56,64,0,64,69,63,63,63,63,78,12.12,5.03,1.312,1.396,1.02200007,0.342,0.614,3.28400016,2.046,0,3.37200022,3.37600017,3.124,60,50,51.5,49,1239,818,0,952,889,0,0,0,0,0,32.81,21.88,1.56,4.76,10.94,34.38,3.17,6.35,14.48,34.38,39.3982964,4194,869,4850,1476,48.5,1.8222425,0.63125,4850,1072,48.5,1.59948456,0.63125,4801,556,48.5,1.16227055,0.63125,3168,461,32.3333321,1.071455,0.63125,4755,703,48.5,1.26878762,0.63125,4850,2025,48.5,2.27983665,0.63125,3150,364,32.3333321,0.9745259,0.63125,3128,294,32.3333321,0.9126051,0.63125,60.3750076,52.2500038,99.9982758,29.7270927,7.15367126,80.60324,10.9443474,3.93641663,73.54694,44.25,0.25,0,55,0,85,0.416,1.01,16,16,16,32,48,30,295,160,130,0,0,0,16,44,0.25,0,55,0,85,0.416,1.01,16,16,16,32,48,30,295,160,130,0,0,0,16,512,-1,485.785156,485.480469,0.3046875,0.5,7618.451,7618.951,0,0,0,0,0,0,0,0,0,0,0,0,512,600,1200,3000,55,0.969000041,1.30500007,0,5,16,52,2835,10451.9824,1000,998,30,30,67,52,0,0,57.546,57.824,1.085,13313.59,435.167969,61.22118,0,0,0,0.019563511,0,0,0,0,0,0,0,0,0,60.34375,62,16376,2761,13614,83.1339,167.16,123599872,29599744
05/28/2026 22:17:45,55,64,0,62,68,60,60,60,60,75,12.12,5.03,1.31000006,1.396,1.018,0.344,0.614,3.288,2.046,0,3.37200022,3.37200022,3.124,59,50,51.5,49,1220,848,0,960,908,0,0,0,0,0,32.81,15.62,9.38,14.06,15.62,40.62,7.81,3.12,17.38,40.62,39.3964767,4196,863,4850,1553,48.5,1.891084,0.63125,4850,972,48.5,1.51080012,0.63125,3163,503,32.3333321,1.100093,0.63125,3180,471,32.3333321,1.07124674,0.63125,3189,715,32.3333321,1.29080915,0.63125,4850,2053,48.5,2.23488164,0.64375,4734,342,48.5,0.946994662,0.64375,4753,298,48.5,0.9092148,0.64375,59.3750076,52.2500038,99.99826,29.6948853,7.18587875,80.5159149,10.924633,3.956131,73.41446,44.25,0.25,0,55,0,85,0.416,1.01,16,16,16,32,48,30,295,160,130,0,0,0,16,44,0.25,0,55,0,85,0.416,1.01,16,16,16,32,48,30,295,160,130,0,0,0,16,512,-1,485.785156,485.480469,0.3046875,0.5,7618.451,7618.951,0,0,0,0,0,0,0,0,0,0,0,0,512,600,1200,3000,54,0.989,1.30500007,0,12,16,52,2835,10451.9824,1001,1000,30,30,67,52,0,0,57.513,55.942,1.085,13313.59,435.167969,60.5846,0,0,0,0.0224892776,0,0,0,0,0,0,0,0,0,60.53125,62,16376,2761,13614,83.1339,165.81,1.267497E+08,3.154944E+07
05/28/2026 22:17:47,54,64,0,61,67,60,60,60,60,75,12.12,5.03,1.312,1.396,1.02200007,0.338000029,0.614,3.28400016,2.046,0,3.37600017,3.37200022,3.124,58,50,51.5,49,1202,849,0,956,897,0,0,0,0,0,20.31,21.88,6.25,9.38,12.5,29.69,0,1.56,12.7,29.69,39.49732,4137,895,5050,1630,50.5,1.96944642,0.525,4040,1107,40.4,1.65001512,0.525,4002,589,40.4,1.19262218,0.5125,4040,482,40.4,1.09080184,0.5125,3988,684,40.4,1.27237284,0.5125,4040,2016,40.4,2.249686,0.5125,3962,330,40.4,0.9499885,0.5125,3977,325,40.4,0.9348575,0.5125,58.7500076,53.5000038,99.99827,29.7243538,7.15641,80.59582,10.9458008,3.93496323,73.55671,44.25,0.25,0,55,0,85,0.416,1.01,16,16,16,32,48,30,295,160,130,0,0,0,16,44,0.25,0,55,0,85,0.416,1.01,16,16,16,32,48,30,295,160,130,0,0,0,16,512,-1,485.785156,485.480469,0.3046875,0.5,7618.451,7618.951,0,0,0,0,0,0,0,0,0,0,0,0,512,600,1200,3000,54,0.974000037,1.30500007,0,5,16,53,2835,10451.9824,999,999,30,30,66,52,0,0,58.307,55.562,1.085,13313.59,435.167969,61.11704,0,0,0,0.0192703325,0,0,0,0,0,0,0,0,0,60.75,64,16376,2761,13614,83.1339,166.677,1.41099E+08,3.484979E+07
05/28/2026 22:17:49,53,64,0,60,65,58,58,58,58,74,12.12,5.03,1.312,1.396,1.062,0.346000016,0.614,3.288,2.046,0,3.37600017,3.37200022,3.124,59,50,51.5,49,1179,817,0,933,868,0,0,0,0,0,46.88,12.5,7.81,6.25,10.94,35.94,1.54,4.62,15.81,46.88,40.77707,4196,1009,5050,2602,50.5,2.996219,0.53125,4040,1131,40.4,1.75406992,0.53125,3917,548,40.4,1.20937037,0.53125,3908,437,40.4,1.10348392,0.53125,3944,752,40.4,1.40651262,0.53125,5050,1997,50.5,2.29719281,0.53125,3823,285,40.4,0.9625957,0.53125,3835,317,40.4,0.9763734,0.53125,60.2500076,57.1250038,99.99825,29.6352272,7.245537,80.35416,10.8754616,4.00530243,73.08403,44.25,0.25,0,55,0,85,0.416,1.01,16,16,16,32,48,30,295,160,130,0,0,0,16,44,0.25,0,55,0,85,0.416,1.01,16,16,16,32,48,30,295,160,130,0,0,0,16,512,-1,485.785156,485.480469,0.3046875,0.5,7618.451,7618.951,0,0,0,0,0,0,0,0,0,0,0,0,512,600,1200,3000,54,1.04000008,1.30500007,0,10,16,50,2835,10451.9824,1000,1002,30,30,37,29,0,0,42.784,41.396,1.085,13313.59,435.167969,49.6350441,0,0,0,0.126502946,0,0,0,0,0,0,0,0,0,60.1875,62,16376,2761,13614,83.1339,152.087,105449472,2.12992E+07
05/28/2026 22:17:51,53,64,0,60,66,61,61,61,61,78,12.12,5.03,1.312,1.396,1.06800008,0.350000024,0.614,3.288,2.046,0,3.37200022,3.37200022,3.124,63,50,51.5,49,1171,818,0,931,849,0,0,0,0,0,68.75,15.62,6.25,3.12,12.5,53.12,7.81,1.56,21.09,68.75,42.92229,3749,1168,4040,3531,40.4,3.96180964,0.5375,4020,1040,40.2,1.77403653,0.525,4778,594,50.25,1.33462918,0.525,3162,442,33.5,1.17594111,0.525,3831,760,40.2,1.45588279,0.525,4020,2473,40.2,2.70016313,0.525,3074,282,33.5,1.011715,0.525,3070,224,33.5,0.94990325,0.525,63.5000076,53.1250038,99.99825,29.6661224,7.21464157,80.43793,10.9057274,3.97503662,73.2874146,44.25,0.25,0,55,0,85,0.416,1.01,16,16,16,32,48,30,295,160,130,0,0,0,16,44,0.25,0,55,0,85,0.416,1.01,16,16,16,32,48,30,295,160,130,0,0,0,16,512,-1,485.785156,485.480469,0.3046875,0.5,7618.451,7618.951,0,0,0,0,0,0,0,0,0,0,0,0,512,600,1200,3000,55,1.074,1.30500007,0,21,16,49,2730,10451.9824,1000,1000,30,30,39,31,0,0,37.752,41.216,1.015,13313.59,435.167969,35.061985,0,0,0,0.3188698,0,0,0,0,0,0,0,0,0,59.21875,62,16376,2761,13614,83.1339,116.303,8.169984E+07,2.854912E+07
05/28/2026 22:17:53,54,64,0,61,67,65,65,65,65,81,12.12,5.03,1.312,1.396,1.06800008,0.342,0.614,3.288,2.046,0,3.37600017,3.37200022,3.124,63,50,51.5,49,1192,818,0,937,850,0,0,0,0,0,57.14,22.22,11.11,9.52,15.87,61.9,4.76,1.59,23.02,61.9,42.87795,3972,1173,5050,2704,50.5,2.95942545,0.55,4040,1029,40.4,1.79105616,0.55,3198,556,33.6666679,1.29541087,0.55,3156,457,33.6666679,1.183647,0.55,3858,820,40.4,1.53972983,0.55,5050,3293,50.5,3.70242167,0.5375,3697,259,40.4,0.9899392,0.5375,3729,267,40.4,1.009094,0.5375,64.12501,59.1250038,99.99826,29.6674919,7.213272,80.44164,10.9056358,3.97512817,73.2868042,44.25,0.25,0,55,0,85,0.416,1.01,16,16,16,32,48,30,295,160,130,0,0,0,16,43.75,0.25,0,55,0,85,0.416,1.01,16,16,16,32,48,30,295,160,130,0,0,0,16,512,-1,485.785156,485.480469,0.3046875,0.5,7618.451,7618.951,0,0,0,0,0,0,0,0,0,0,0,0,512,600,1200,3000,54,1.064,1.30500007,0,10,16,49,2670,10451.9824,1000,1001,30,30,39,30,0,0,35.138,31.685,0.975,13313.59,435.167969,35.1418839,0,0,0,0.343675256,0,0,0,0,0,0,0,0,0,58.46875,62,16376,2761,13614,83.1339,98.161,104148992,21049344
05/28/2026 22:17:55,55,64,0,62,67,68,68,68,68,82,12.12,5.03,1.312,1.396,1.064,0.354,0.614,3.288,2.046,0,3.37600017,3.37600017,3.124,64,50,51.5,49,1210,849,0,928,858,0,0,0,0,0,56.92,26.15,16.92,10.77,15.38,70.77,4.62,6.15,25.96,70.77,43.2363472,4151,1201,5050,2869,50.5,3.07810116,0.53125,4040,1080,40.4,1.80153346,0.51875,3873,560,40.4,1.29835522,0.51875,3807,376,40.4,1.13660133,0.51875,3831,800,40.4,1.50355828,0.51875,5050,3342,50.5,3.74993062,0.51875,3759,275,40.4,1.0144614,0.51875,3800,303,40.4,1.03889382,0.51875,64.25001,61.5000038,99.99825,29.63757,7.24319458,80.3605042,10.8779068,4.002857,73.1004639,44.25,0.25,0,55,0,85,0.416,1.01,16,16,16,32,48,30,295,160,130,0,0,0,16,43.75,0.25,0,55,0,85,0.416,1.01,16,16,16,32,48,30,295,160,130,0,0,0,16,512,-1,485.785156,485.480469,0.3046875,0.5,7618.451,7618.951,0,0,0,0,0,0,0,0,0,0,0,0,512,600,1200,3000,55,1.05500007,1.30500007,0,12,16,48,2670,10451.9824,1000,1000,30,30,38,29,0,0,34.922,39.395,0.975,13313.5859,428.6875,34.4150467,0,0,0,0.333247036,0,0,0,0,0,0,0,0,0,58.3125,60,16376,2761,13614,83.1339,99.18,102899712,20349952
05/28/2026 22:17:57,56,64,0,63,68,68,68,68,68,82,12.144001,5.03,1.312,1.396,1.064,0.350000024,0.614,3.288,2.046,0,3.37600017,3.37600017,3.124,64,50,51.5,49,1221,849,0,958,866,0,0,0,0,0,64.06,17.19,3.12,6.25,14.06,53.12,1.56,3.12,20.31,64.06,43.1221352,4139,1164,5050,3132,50.5,3.477225,0.51875,4040,1017,40.4,1.72638869,0.51875,3846,559,40.4,1.298284,0.51875,4811,457,50.5,1.18370676,0.5375,3843,733,40.4,1.4527781,0.5375,4040,2880,40.4,3.25763774,0.5375,3734,264,40.4,0.990716755,0.5375,3750,272,40.4,0.9922548,0.5375,64.37501,58.2500038,99.99826,29.6662254,7.21453857,80.43821,10.9059982,3.97476578,73.28924,44.25,0.25,0,55,0,85,0.416,1.01,16,16,16,32,48,30,295,160,130,0,0,0,16,43.75,0.25,0,55,0,85,0.416,1.01,16,16,16,32,48,30,295,160,130,0,0,0,16,512,-1,485.785156,485.480469,0.3046875,0.5,7618.451,7618.951,0,0,0,0,0,0,0,0,0,0,0,0,512,600,1200,3000,54,1.069,1.30500007,0,11,16,49,2670,10451.9824,1000,1000,30,30,35,28,0,0,32.288,31.451,0.975,13313.59,429.578125,33.29277,0,0,0,0.320394158,0,0,0,0,0,0.0208294671,0,0,0,58.0625,60,16376,2761,13614,83.1339,97.386,143449088,31699968
05/28/2026 22:17:59,57,64,0,64,69,68,68,68,68,82,12.12,5.04,1.312,1.396,1.064,0.344,0.614,3.288,2.046,0,3.37600017,3.37600017,3.124,64,50.5,51.5,49,1269,818,0,961,874,0,0,0,0,0,68.75,4.69,9.38,4.69,4.69,40.62,7.69,0,17.56,68.75,43.1820831,3884,1160,5025,3569,50.25,3.891947,0.50625,4016,923,40.2,1.66912282,0.50625,3180,535,33.5,1.26150358,0.50625,3161,390,33.5,1.11343539,0.50625,3819,716,40.2,1.44244552,0.50625,4020,2584,40.2,2.87763453,0.50625,4701,295,50.25,1.00564885,0.50625,3148,270,33.5,0.9781076,0.50625,64.12501,53.6250038,99.9982758,29.63586,7.24490356,80.35587,10.8773842,4.00338,73.09695,44.25,0.25,0,55,0,85,0.416,1.01,16,16,16,32,48,30,295,160,130,0,0,0,16,43.75,0.25,0,55,0,85,0.416,1.01,16,16,16,32,48,30,295,160,130,0,0,0,16,512,-1,485.785156,485.480469,0.3046875,0.5,7618.451,7618.951,0,0,0,0,0,0,0,0,0,0,0,0,512,600,1200,3000,55,1.06000006,1.30500007,0,18,16,48,2670,10451.9824,1000,1000,30,30,34,27,0,0,31.879,34.198,0.975,13313.59,429.578125,31.560564,0,0,0,0.300007015,0,0,0,0,0,0,0,0,0,57.96875,60,16376,2761,13614,83.1339,93.396,1.408E+08,219049984
05/28/2026 22:18:01,58,64,0,64,70,68,68,68,68,82,12.12,5.03,1.312,1.396,1.0660001,0.342,0.614,3.288,2.046,0,3.37600017,3.37200022,3.124,64,50,51.5,49,1290,818,0,953,909,0,0,0,0,0,49.23,30.77,24.62,18.46,30.77,63.08,7.69,1.54,28.27,63.08,43.5089722,3845,1192,5050,3220,50.5,3.537219,0.51875,4040,966,40.4,1.70492756,0.51875,3212,571,33.6666679,1.28774762,0.51875,3245,410,33.6666679,1.13586533,0.51875,3209,745,33.6666679,1.46294987,0.51875,5050,2999,50.5,3.32060885,0.51875,3175,328,33.6666679,1.0440414,0.51875,3782,299,40.4,1.00915265,0.51875,64.25001,59.6250038,99.99826,29.6668358,7.213928,80.4398651,10.9072571,3.973507,73.2977,44.25,0.25,0,55,0,85,0.416,1.01,16,16,16,32,48,30,295,160,130,0,0,0,16,43.75,0.25,0,55,0,85,0.416,1.01,16,16,16,32,48,30,295,160,130,0,0,0,16,512,-1,485.785156,485.480469,0.3046875,0.5,7618.451,7618.951,0,0,0,0,0,0,0,0,0,0,0,0,512,600,1200,3000,54,1.064,1.30500007,0,13,16,48,2670,10451.9824,1000,1000,30,30,35,27,0,0,32.197,36.845,0.975,13313.59,429.8086,32.1720276,0,0,0,0.3047667,0,0,0,0,0,0.00776532665,0,0,0,57.8125,60,16376,2761,13614,83.1339,94.148,9.80992E+07,4.36992E+07
05/28/2026 22:18:03,59,64,0,65,71,68,68,68,68,82,12.12,5.03,1.312,1.396,1.0660001,0.344,0.614,3.28400016,2.046,0,3.37200022,3.37200022,3.124,64,50,51.5,49,1301,818,0,979,921,0,0,0,0,0,51.56,28.12,15.62,17.19,17.19,60.94,10.94,7.81,26.17,60.94,43.2071228,3999,1157,5050,2822,50.5,3.00574517,0.5375,4040,957,40.4,1.71133351,0.5375,3817,521,40.4,1.25157392,0.5375,3811,425,40.4,1.16300058,0.5375,3820,758,40.4,1.47939932,0.5375,4040,3300,40.4,3.73295355,0.55,3695,238,40.4,0.967536032,0.55,3716,234,40.4,0.9678107,0.55,64.25001,59.1250038,99.99825,29.6694756,7.21128845,80.44702,10.9049873,3.97577667,73.28244,44.25,0.25,0,55,0,85,0.416,1.01,16,16,16,32,48,30,295,160,130,0,0,0,16,43.75,0.25,0,55,0,85,0.416,1.01,16,16,16,32,48,30,295,160,130,0,0,0,16,512,-1,485.785156,485.480469,0.3046875,0.5,7618.451,7618.951,0,0,0,0,0,0,0,0,0,0,0,0,512,600,1200,3000,55,1.05000007,1.30500007,0,11,16,47,2670,10451.9824,1000,999,30,30,35,27,0,0,32.593,34.164,0.975,13313.59,429.8086,32.2390022,0,0,0,0.303222269,0,0,0,0,0,0,0,0,0,57.71875,60,16376,2761,13614,83.1339,95.633,1.404498E+08,3.2E+07
05/28/2026 22:18:05,60,64,0,66,71,68,68,68,68,82,12.12,5.03,1.312,1.396,1.06800008,0.34800002,0.616000056,3.288,2.046,0,3.37600017,3.37600017,3.124,64,50,51.5,49,1331,849,0,998,907,0,0,0,0,0,61.54,27.69,20,13.64,21.54,60,12.12,7.58,28.01,61.54,43.1218147,3893,1152,5050,2879,50.5,3.08761072,0.51875,4040,918,40.4,1.65900242,0.51875,3198,535,33.6666679,1.2672652,0.51875,3180,394,33.6666679,1.123733,0.51875,3183,725,33.6666679,1.44121313,0.51875,5050,3247,50.5,3.667783,0.51875,3738,272,40.4,0.9968526,0.51875,3704,244,40.4,0.9695399,0.51875,64.50001,61.5000038,99.99826,29.6684875,7.21227646,80.4443359,10.9049835,3.97578049,73.28242,44.25,0.25,0,55,0,85,0.416,1.01,16,16,16,32,48,30,295,160,130,0,0,0,16,43.75,0.25,0,55,0,85,0.416,1.01,16,16,16,32,48,30,295,160,130,0,0,0,16,512,-1,485.785156,485.480469,0.3046875,0.5,7618.451,7618.951,0,0,0,0,0,0,0,0,0,0,0,0,512,600,1200,3000,55,1.064,1.30500007,0,12,16,47,2670,10451.9824,1001,1001,30,30,35,27,0,0,33.968,29.505,0.975,13313.59,429.8086,32.2601852,0,0,0,0.304510742,0,0,0,0,0,0,0,0,0,57.53125,60,16376,2761,13614,83.1339,94.289,9.569997E+07,31449088
05/28/2026 22:18:07,60,64,0,67,72,68,68,68,68,82,12.12,5.03,1.312,1.396,1.06800008,0.344,0.614,3.288,2.046,0,3.37600017,3.37200022,3.124,64,50,51.5,49,1317,849,0,990,915,0,0,0,0,0,75,17.19,7.81,4.69,12.5,56.25,0,3.12,22.07,75,43.0160751,4144,1148,5050,3398,50.5,3.76413846,0.51875,4040,906,40.4,1.64025664,0.51875,3854,529,40.4,1.24920046,0.51875,3829,419,40.4,1.14462674,0.51875,3847,710,40.4,1.430018,0.51875,5050,2688,50.5,2.96345758,0.50625,3734,283,40.4,1.00567508,0.50625,3744,250,40.4,0.95883745,0.50625,64.37501,57.7500038,99.99826,29.6389885,7.24177551,80.36436,10.8778381,4.002926,73.1,44.25,0.25,0,55,0,85,0.416,1.01,16,16,16,32,48,30,295,160,130,0,0,0,16,43.75,0.25,0,55,0,85,0.416,1.01,16,16,16,32,48,30,295,160,130,0,0,0,16,512,-1,485.785156,485.480469,0.3046875,0.5,7618.451,7618.951,0,0,0,0,0,0,0,0,0,0,0,0,512,600,1200,3000,55,1.05000007,1.30500007,0,12,16,47,2670,10451.9824,999,1001,30,30,35,27,0,0,33.796,29.387,0.975,13313.59,429.8086,32.002758,0,0,0,0.3036941,0,0,0,0,0,0,0,0,0,57.375,60,16376,2761,13614,83.1339,93.02,139849728,32249856
05/28/2026 22:18:09,60,64,0,67,73,68,68,68,68,82,12.0960007,5.02000046,1.31000006,1.39200008,1.062,0.344,0.614,3.28400016,2.046,0,3.36800027,3.36800027,3.11600018,64,50,51.5,49,1325,818,0,1005,921,0,0,0,0,0,78.12,23.44,14.06,12.5,17.19,67.19,9.38,4.69,28.32,78.12,43.2135658,3737,1159,4040,3579,40.4,3.91425014,0.525,5050,938,50.5,1.67152643,0.51875,3194,529,33.6666679,1.25806129,0.51875,3191,418,33.6666679,1.14604437,0.51875,3180,682,33.6666679,1.40395081,0.51875,5050,2636,50.5,2.87626147,0.5375,3102,253,33.6666679,0.9724737,0.5375,3092,239,33.6666679,0.953352,0.5375,64.25001,52.8750038,99.9982758,29.6384811,7.242283,80.3629761,10.8779716,4.00279236,73.10089,44.25,0.25,0,55,0,85,0.416,1.01,16,16,16,32,48,30,295,160,130,0,0,0,16,43.75,0.25,0,55,0,85,0.416,1.01,16,16,16,32,48,30,295,160,130,0,0,0,16,512,-1,485.785156,485.480469,0.3046875,0.5,7618.451,7618.951,0,0,0,0,0,0,0,0,0,0,0,0,512,600,1200,3000,55,1.069,1.30500007,0,13,16,47,2670,10451.9824,1000,1001,30,30,35,27,0,0,34.184,30.045,0.975,13313.59,429.8086,32.0578079,0,0,0,0.304605961,0,0,0,0,0,0,0,0,0,57.40625,60,16376,2761,13614,83.1339,93.972,1.430999E+08,3.2E+07
05/28/2026 22:18:11,60,64,0,67,73,68,68,68,68,82,12.0960007,5.03,1.30800009,1.39200008,1.064,0.352000028,0.614,3.28000021,2.046,0,3.36800027,3.36800027,3.12000012,64,50,51.5,49,1331,817,0,1010,957,0,0,0,0,0,47.69,15.38,6.15,7.69,6.15,61.54,3.08,3.08,18.85,61.54,43.0764046,3746,1139,5050,2713,50.5,2.94124031,0.525,4026,879,40.4,1.61963534,0.525,3187,508,33.6666679,1.23384249,0.525,3184,386,33.6666679,1.11307645,0.525,3171,684,33.6666679,1.40725982,0.525,5050,3395,50.5,3.79428029,0.525,3165,270,33.6666679,0.9766268,0.525,3136,276,33.6666679,0.9912936,0.525,64.25001,59.1250038,99.99826,29.6671944,7.21356964,80.440834,10.9048729,3.975891,73.28168,44.25,0.25,0,55,0,85,0.416,1.01,16,16,16,32,48,30,295,160,130,0,0,0,16,43.75,0.25,0,55,0,85,0.416,1.01,16,16,16,32,48,30,295,160,130,0,0,0,16,512,-1,485.785156,485.480469,0.3046875,0.5,7618.451,7618.951,0,0,0,0,0,0,0,0,0,0,0,0,512,600,1200,3000,54,1.064,1.30500007,0,21,16,47,2670,10451.9824,999,1002,30,30,35,27,0,0,32.765,29.436,0.975,13313.59,429.8086,32.58346,0,0,0,0.30848068,0,0,0,0,0,0,0,0,0,57.28125,58,16376,2761,13614,83.1339,95.246,139599872,26099712
05/28/2026 22:18:13,60,64,0,67,73,68,68,68,68,82,12.0960007,5.02000046,1.30800009,1.39200008,1.0660001,0.34800002,0.616000056,3.28400016,2.046,0,3.36800027,3.36800027,3.11600018,64,49.5,51.5,49,1339,846,0,1008,939,0,0,0,0,0,59.38,17.19,6.25,3.12,9.38,64.06,0,1.56,20.12,64.06,43.10262,4423,1179,5050,2688,50.5,2.92237449,0.53125,5050,1029,50.5,1.78697956,0.53125,4795,551,50.5,1.28627455,0.53125,3840,447,40.4,1.19405425,0.53125,4806,779,50.5,1.4924804,0.50625,5050,3453,50.5,3.91399765,0.50625,3073,238,33.6666679,0.963039339,0.50625,3722,244,40.4,0.9731,0.50625,64.37501,53.2500038,99.99826,29.6385269,7.242237,80.3631058,10.8798332,4.000931,73.1134,44.25,0.25,0,55,0,85,0.416,1.01,16,16,16,32,48,30,295,160,130,0,0,0,16,43.75,0.25,0,55,0,85,0.416,1.01,16,16,16,32,48,30,295,160,130,0,0,0,16,512,-1,485.785156,485.480469,0.3046875,0.5,7618.451,7618.951,0,0,0,0,0,0,0,0,0,0,0,0,512,600,1200,3000,55,1.069,1.30500007,0,11,16,47,2670,10451.9824,1000,1001,30,30,35,27,0,0,32.712,33.748,0.975,13313.59,429.8086,32.17822,0,0,0,0.3021985,0,0,0,0,0,0,0,0,0,57.21875,60,16376,2761,13614,83.1339,92.951,140249088,3.379917E+07
05/28/2026 22:18:15,60,62,0,67,73,68,68,68,68,82,12.12,5.02000046,1.30800009,1.39200008,1.056,0.344,0.616000056,3.28000021,2.046,0,3.36800027,3.36800027,3.11600018,64,49.5,51.5,49,1323,804,0,1010,941,0,0,0,0,0,40.62,7.81,1.56,0,3.12,64.06,3.12,3.12,15.43,64.06,39.5380554,3708,870,4040,2179,40.4,2.35675979,0.5375,3908,428,40.4,0.7403959,0.5375,3722,185,40.4,0.423411876,0.5375,3810,153,40.4,0.3658047,0.5375,3082,270,33.6666679,0.5338903,0.5375,5050,3545,50.5,3.04125333,0.5375,3036,108,33.6666679,0.308512628,0.5375,3013,88,33.6666679,0.288530439,0.5375,64.00001,54.2500038,99.9982758,29.538208,7.342556,80.091095,10.904232,3.976532,73.27737,44.25,0.25,0,55,0,85,0.416,1.01,16,16,16,32,48,30,295,160,130,0,0,0,16,43.75,0.25,0,55,0,85,0.416,1.01,16,16,16,32,48,30,295,160,130,0,0,0,16,512,-1,485.785156,485.480469,0.3046875,0.5,7618.451,7618.951,0,0,0,0,0,0,0,0,0,0,0,0,512,600,1200,3000,55,1.064,1.30500007,0,11,16,45,2670,10451.9824,999,1002,30,30,0,0,0,0,16.427,19.117,0.975,12558.3984,429.417969,7.06305647,0,0,0,0.0708229244,0,0,0,0,0,0.6604758,0,0,0,56.03125,56,16376,3517,12858,78.52335,63.585,1.659904E+07,299008
05/28/2026 22:18:17,60,62,0,67,73,67,67,67,67,81,12.0960007,5.02000046,1.30800009,1.39200008,1.00200009,0.354,0.616000056,3.28000021,2.046,0,3.36800027,3.364,3.11600018,63,49.5,51.5,48.5,1320,824,0,996,941,0,0,0,0,0,96.15,3.85,1.92,0,3.85,7.69,0,0,14.18,96.15,36.86398,3803,695,3980,4732,39.8,3.59128046,0.51875,3980,258,39.8,0.2898298,0.51875,3892,78,39.8,0.0719454437,0.51875,3414,26,39.8,0.0393860564,0.51875,4611,76,49.75,0.101855636,0.51875,3692,325,39.8,0.289752573,0.51875,3389,24,39.8,0.03902545,0.51875,3469,44,39.8,0.0450935438,0.51875,63.5000076,55.0000038,99.99825,29.5330238,7.34774,80.07704,10.9039078,3.97685623,73.27519,44.25,0.25,0,55,0,85,0.416,1.01,16,16,16,32,48,30,295,160,130,0,0,0,16,43.75,0.25,0,55,0,85,0.416,1.01,16,16,16,32,48,30,295,160,130,0,0,0,16,512,-1,485.785156,485.480469,0.3046875,0.5,7618.451,7618.951,0,0,0,0,0,0,0,0,0,0,0,0,512,600,1200,3000,54,1.05500007,1.30500007,0,11,16,44,2670,10451.9824,1001,999,30,30,0,1,0,0,17.105,21.745,0.975,12558.3984,429.1875,0,0,0,0,0,0,0,0,0,0,0,0,0,0,55.5,56,16376,3517,12858,78.52335,48.719,549888,24049664
05/28/2026 22:18:19,60,62,0,66,73,68,68,68,68,82,12.12,5.02000046,1.30800009,1.39200008,1.03000009,0.354,0.616000056,3.28000021,2.046,0,3.36800027,3.36800027,3.12000012,65,49.5,51.5,48.5,1315,822,0,991,940,0,0,0,0,0,46.38,33.33,8.7,4.35,20.29,73.91,8.7,2.9,24.82,73.91,41.8296967,4270,1080,5050,2249,50.5,2.280219,0.50625,5050,1341,50.5,1.76010311,0.50625,3904,416,40.4,0.8745465,0.50625,3778,244,40.4,0.6096575,0.50625,4919,642,50.5,1.12277174,0.51875,4040,3437,40.4,2.92242241,0.51875,3709,180,40.4,0.507286966,0.51875,3711,134,40.2,0.434885472,0.51875,64.75001,53.2500038,99.9982758,30.4673615,6.41340256,82.61044,11.6468468,3.23391724,78.2678,44.25,0.25,0,55,0,85,0.416,1.01,16,16,16,32,48,30,295,160,130,0,0,0,16,43.75,0.25,0,55,0,85,0.416,1.01,16,16,16,32,48,30,295,160,130,0,0,0,16,512,-1,485.785156,485.480469,0.3046875,0.5,7618.451,7618.951,0,0,0,0,0,0,0,0,0,0,0,0,512,600,1200,3000,55,1.04500008,1.30500007,0,16,21,45,2670,10451.9824,1000,999,30,30,18,8,0,3,26.275,19.015,0.975,13401.57,472.5625,10.8156662,0,0,0,3.29678178,0,0,0,0,0,9.703249,0,0,0,55.65625,56,16376,2668,13707,83.70505,55.407,3.08344934E+09,3.484498E+08
05/28/2026 22:18:21,60,62,0,67,73,67,67,67,67,81,12.0960007,5.02000046,1.31000006,1.39200008,1.056,0.34800002,0.616000056,3.28400016,2.046,0,3.36800027,3.36800027,3.12000012,63,49.5,51.5,48.5,1333,792,0,981,932,0,0,0,0,0,39.68,22.22,14.29,1.59,14.29,49.21,3.17,1.59,18.25,49.21,41.79053,4115,1089,3980,2056,39.8,2.49195528,0.54375,3980,1431,39.8,2.11280012,0.54375,3840,649,39.8,1.36965,0.54375,4740,453,49.75,1.18358743,0.54375,3946,971,39.8,1.61601675,0.54375,4975,2574,49.75,3.05091023,0.54375,3720,313,39.8,1.01042783,0.54375,3740,268,39.8,0.985523164,0.54375,63.6250076,62.7500038,99.99827,30.162323,6.718441,81.78335,11.36536,3.51540375,76.37619,44.25,0.25,0,55,0,85,0.416,1.01,16,16,16,32,48,30,295,160,130,0,0,0,16,43.75,0.25,0,55,0,85,0.416,1.01,16,16,16,32,48,30,295,160,130,0,0,0,16,512,-1,485.785156,485.480469,0.3046875,0.5,7618.451,7618.951,0,0,0,0,0,0,0,0,0,0,0,0,512,600,1200,3000,55,0.969000041,1.30500007,0,6,16,53,2835,10451.9824,1002,999,30,30,76,57,0,1,67.901,65.11,1.085,13291.082,435.300781,66.9117,0,0,0,0.02555561,0,0,0,0,0,0.07913317,0,0,0,60.5625,62,16376,2784,13591,82.99784,185.003,299499520,9.414963E+07
05/28/2026 22:18:23,59,62,0,66,72,67,67,67,67,81,12.0960007,5.02000046,1.30800009,1.396,1.034,0.350000024,0.616000056,3.28000021,2.046,0,3.36800027,3.36800027,3.11600018,62,49.5,51.5,48.5,1308,792,0,1006,958,0,0,0,0,0,37.5,17.19,6.25,6.25,15.62,29.69,0,4.69,14.65,37.5,40.3381844,4149,998,4040,1848,40.4,2.077208,0.55,4040,1121,40.4,1.74681342,0.55,4659,557,48.5,1.20838046,0.55,4677,459,48.5,1.12381136,0.55,4779,756,48.5,1.40859282,0.55,4850,2624,48.5,2.41723776,0.61875,3093,327,32.3333321,0.9994157,0.61875,3054,291,32.3333321,0.950004756,0.61875,62.2500076,52.6250038,99.99827,29.984951,6.895813,81.3024139,11.2994537,3.58131027,75.93329,44.25,0.25,0,55,0,85,0.416,1.01,16,16,16,32,48,30,295,160,130,0,0,0,16,43.75,0.25,0,55,0,85,0.416,1.01,16,16,16,32,48,30,295,160,130,0,0,0,16,512,-1,485.785156,485.480469,0.3046875,0.5,7618.451,7618.951,0,0,0,0,0,0,0,0,0,0,0,0,512,600,1200,3000,54,1.079,1.30500007,0,7,16,53,2835,10451.9824,1000,999,30,30,74,55,0,1,66.389,70.877,1.085,13291.082,435.300781,67.67469,0,0,0,0.0222940482,0,0,0,0,0,0,0,0,0,61.625,62,16376,2784,13591,82.99784,187.384,226499584,6.644941E+07
05/28/2026 22:18:25,58,62,0,65,71,63,63,63,63,78,12.0960007,5.02000046,1.30800009,1.39200008,1.03000009,0.338000029,0.616000056,3.28000021,2.046,0,3.36800027,3.36800027,3.11600018,60,49.5,51.5,48.5,1283,792,0,979,949,0,0,0,0,0,45.31,21.88,7.81,3.12,12.5,37.5,3.12,3.12,16.8,45.31,39.5633469,3928,956,4850,1877,48.5,2.09984422,0.6375,3233,1079,32.3333321,1.64414763,0.6375,3081,488,32.3333321,1.1205622,0.6375,3104,464,32.3333321,1.11615372,0.6375,3140,734,32.3333321,1.3560636,0.6375,4850,2473,48.5,2.11739421,0.65,4592,293,48.5,0.9417539,0.65,4578,240,48.5,0.875828,0.65,60.5000076,52.2500038,99.99826,29.9099541,6.97081,81.09906,11.2594337,3.62133026,75.66435,44.25,0.25,0,55,0,85,0.416,1.01,16,16,16,32,48,30,295,160,130,0,0,0,16,43.75,0.25,0,55,0,85,0.416,1.01,16,16,16,32,48,30,295,160,130,0,0,0,16,512,-1,485.785156,485.480469,0.3046875,0.5,7618.451,7618.951,0,0,0,0,0,0,0,0,0,0,0,0,512,600,1200,3000,54,1.079,1.30500007,0,13,16,53,2835,10451.9824,1002,999,30,30,74,56,0,1,65.516,68.552,1.085,13291.082,435.300781,67.768364,0,0,0,0.0252399649,0,0,0,0,0,0,0,0,0,61.625,62,16376,2784,13591,82.99784,188.532,2.11499E+08,65299456
05/28/2026 22:18:27,57,62,0,64,70,60,60,60,60,75,12.0960007,5.03,1.31000006,1.39200008,1.03000009,0.344,0.616000056,3.28000021,2.046,0,3.36800027,3.36800027,3.11600018,59,49.5,51.5,48.5,1272,791,0,964,915,0,0,0,0,0,34.38,23.44,9.38,14.06,14.06,43.75,4.69,1.56,18.16,43.75,39.78609,4173,979,5050,1903,50.5,2.21267867,0.53125,4040,1097,40.4,1.64671981,0.53125,3866,531,40.4,1.17515671,0.53125,3848,454,40.4,1.0958842,0.53125,4898,715,50.5,1.33722258,0.53125,4040,2539,40.4,2.12610674,0.53125,3796,304,40.4,0.9476861,0.53125,3848,287,40.4,0.9194454,0.53125,59.2500076,52.2500038,99.99826,29.9409714,6.93979263,81.18317,11.2874565,3.5933075,75.85267,44.25,0.25,0,55,0,85,0.416,1.01,16,16,16,32,48,30,295,160,130,0,0,0,16,43.75,0.25,0,55,0,85,0.416,1.01,16,16,16,32,48,30,295,160,130,0,0,0,16,512,-1,485.785156,485.480469,0.3046875,0.5,7618.451,7618.951,0,0,0,0,0,0,0,0,0,0,0,0,512,600,1200,3000,54,1.079,1.30500007,0,13,16,53,2835,10451.9824,998,1000,30,30,74,55,0,1,66.464,60.409,1.085,13291.082,435.300781,67.88538,0,0,0,0.0205603782,0,0,0,0,0,0,0,0,0,60.46875,64,16376,2784,13591,82.99784,187.984,141599744,8.54999E+07
05/28/2026 22:18:29,56,62,0,63,69,59,59,59,58,74,12.0960007,5.02000046,1.30800009,1.39200008,1.042,0.350000024,0.616000056,3.28400016,2.046,0,3.36800027,3.36800027,3.12000012,59,49.5,51.5,48.5,1238,792,0,976,930,0,0,0,0,0,45.31,25,9.38,4.69,17.19,45.31,10.94,9.38,20.9,45.31,40.78106,4177,1025,5050,2296,50.5,2.643706,0.50625,4040,1215,40.4,1.8167913,0.50625,3858,529,40.4,1.19907308,0.50625,3856,439,40.4,1.11191416,0.50625,3930,774,40.4,1.43610835,0.50625,4040,2312,40.4,2.1985302,0.50625,4746,322,50.5,0.984694064,0.5125,3893,313,40.4,0.9589319,0.5125,59.6250076,55.3750038,99.99825,29.9393425,6.94142151,81.17875,11.2849236,3.59584045,75.83565,44.25,0.25,0,55,0,85,0.416,1.01,16,16,16,32,48,30,295,160,130,0,0,0,16,43.75,0.25,0,55,0,85,0.416,1.01,16,16,16,32,48,30,295,160,130,0,0,0,16,512,-1,485.785156,485.480469,0.3046875,0.5,7618.451,7618.951,0,0,0,0,0,0,0,0,0,0,0,0,512,600,1200,3000,54,0.989,1.30500007,0,12,16,53,2835,10451.9824,1002,1002,30,30,78,58,0,1,65.879,58.053,1.085,13291.082,435.300781,67.91805,0,0,0,0.02938372,0,0,0,0,0,0,0,0,0,62.375,62,16376,2784,13591,82.99784,186.945,136549376,8.714957E+07
05/28/2026 22:18:31,55,62,0,62,68,60,60,60,60,76,12.0720005,5.02000046,1.30800009,1.39200008,1.018,0.338000029,0.616000056,3.27600026,2.046,0,3.37200022,3.36800027,3.11600018,60,49,51.5,48.5,1219,821,0,951,914,0,0,0,0,0,53.12,17.19,10.94,9.38,14.06,37.5,6.25,1.56,18.75,53.12,40.1724968,4069,918,4000,2042,40,2.43917727,0.55625,5000,1292,50,1.85692263,0.55625,3989,546,40,1.19974673,0.55625,3940,450,40,1.10393691,0.55625,4000,778,40,1.38358843,0.55625,4000,1705,40,2.05361533,0.55625,3831,303,40,0.9464237,0.55625,3792,226,40,0.873321,0.55625,60.2500076,61.7500038,99.99826,29.909668,6.971096,81.09829,11.2572594,3.62350464,75.64974,44.25,0.25,0,55,0,85,0.416,1.01,16,16,16,32,48,30,295,160,130,0,0,0,16,43.75,0.25,0,55,0,85,0.416,1.01,16,16,16,32,48,30,295,160,130,0,0,0,16,512,-1,485.785156,485.480469,0.3046875,0.5,7618.451,7618.951,0,0,0,0,0,0,0,0,0,0,0,0,512,600,1200,3000,54,1.05500007,1.30500007,0,7,16,53,2835,10451.9824,998,999,30,30,71,54,0,1,65.901,53.403,1.085,13291.082,435.300781,67.59395,0,0,0,0.0216402318,0,0,0,0,0,0,0,0,0,62.125,62,16376,2784,13591,82.99784,187.977,286449664,66799616
05/28/2026 22:18:33,54,62,0,62,67,62,62,62,62,78,12.0960007,5.02000046,1.30800009,1.39200008,1.056,0.344,0.616000056,3.28000021,2.046,0,3.36800027,3.36800027,3.12000012,61,49,51.5,48.5,1191,821,0,936,873,0,0,0,0,0,53.85,16.92,13.85,13.85,18.46,64.62,6.06,4.62,24.03,64.62,42.52464,4002,1125,5050,2204,50.5,2.63083172,0.525,4040,1340,40.4,2.06538558,0.525,3795,601,40.4,1.34702337,0.525,3791,482,40.4,1.22851956,0.525,3908,940,40.4,1.66481435,0.525,4040,2854,40.4,3.19126821,0.525,3683,310,40.4,1.0392648,0.525,3709,268,40.4,0.9678776,0.525,62.5000076,61.5000038,99.99825,29.9399948,6.940769,81.18052,11.2871819,3.59358215,75.85082,44.25,0.25,0,55,0,85,0.416,1.01,16,16,16,32,48,30,295,160,130,0,0,0,16,43.75,0.25,0,55,0,85,0.416,1.01,16,16,16,32,48,30,295,160,130,0,0,0,16,512,-1,485.785156,485.480469,0.3046875,0.5,7618.451,7618.951,0,0,0,0,0,0,0,0,0,0,0,0,512,600,1200,3000,54,1.069,1.30500007,0,12,16,54,2835,10451.9824,999,1000,30,30,74,56,0,1,65.569,60.976,1.085,13291.082,436.1836,68.0773544,0,0,0,0.0211735945,0,0,0,0,0,0.0213015,0,0,0,62.4375,64,16376,2784,13591,82.99784,188.234,215749632,66999296
05/28/2026 22:18:35,55,62,0,62,68,66,66,66,66,81,12.0960007,5.03,1.312,1.396,1.062,0.342,0.616000056,3.288,2.046,0,3.37600017,3.37600017,3.124,63,49.5,51.5,48.5,1210,821,0,950,872,0,0,0,0,0,50,34.38,12.5,3.12,17.19,50,1.56,6.25,21.88,50,43.25397,3815,1170,4040,1941,40.4,2.45983934,0.53125,4040,1630,40.4,2.28900647,0.53125,4793,708,50.5,1.46159112,0.53125,3150,504,33.6666679,1.26987457,0.53125,3290,996,33.6666679,1.76071215,0.53125,5050,2955,50.5,3.43454957,0.53125,3065,338,33.6666679,1.07891774,0.53125,3092,288,33.6666679,1.01629686,0.53125,64.00001,55.2500038,99.99827,29.9438477,6.93691635,81.19096,11.2876244,3.59313965,75.8538,44.25,0.25,0,55,0,85,0.416,1.01,16,16,16,32,48,30,295,160,130,0,0,0,16,43.75,0.25,0,55,0,85,0.416,1.01,16,16,16,32,48,30,295,160,130,0,0,0,16,512,-1,485.785156,485.480469,0.3046875,0.5,7618.451,7618.951,0,0,0,0,0,0,0,0,0,0,0,0,512,600,1200,3000,54,1.074,1.30500007,0,12,16,54,2835,10451.9824,1001,1001,30,30,72,54,0,1,65.408,72.982,1.085,13291.082,436.1836,66.74385,0,0,0,0.0252053551,0,0,0,0,0,0,0,0,0,62.40625,64,16376,2784,13591,82.99784,184.881,2.058496E+08,6.254899E+07
05/28/2026 22:18:37,56,62,0,63,69,68,68,68,68,81,12.12,5.03,1.312,1.396,1.04000008,0.344,0.616000056,3.288,2.046,0,3.37600017,3.37600017,3.124,63,49.5,51.5,48.5,1246,821,0,935,898,0,0,0,0,0,37.5,18.75,7.81,7.81,17.19,40.62,3.12,3.12,16.99,40.62,40.99066,4031,1030,4040,2203,40.4,2.556931,0.5375,4040,1268,40.4,1.8668406,0.5375,3876,569,40.4,1.25224137,0.5375,3793,399,40.4,1.09466672,0.5375,3901,851,40.4,1.515111,0.5375,5050,2392,50.5,2.63026023,0.5375,3778,296,40.4,0.9766774,0.5375,3769,263,40.4,0.9388399,0.5375,63.2500076,53.7500038,99.99827,29.914196,6.966568,81.1105652,11.2585449,3.622219,75.65838,44.25,0.25,0,55,0,85,0.416,1.01,16,16,16,32,48,30,295,160,130,0,0,0,16,43.75,0.25,0,55,0,85,0.416,1.01,16,16,16,32,48,30,295,160,130,0,0,0,16,512,-1,485.785156,485.480469,0.3046875,0.5,7618.451,7618.951,0,0,0,0,0,0,0,0,0,0,0,0,512,600,1200,3000,54,1.06000006,1.30500007,0,15,16,53,2835,10451.9824,1000,999,30,30,71,53,0,1,65.524,66.688,1.085,13291.082,436.1836,66.91704,0,0,0,0.0262515824,0,0,0,0,0,0,0,0,0,61.3125,64,16376,2784,13591,82.99784,186.903,238949376,8.609997E+07
05/28/2026 22:18:39,57,62,0,64,70,67,67,67,67,81,12.0960007,5.03,1.312,1.396,1.03000009,0.34,0.616000056,3.28400016,2.046,0,3.37600017,3.37200022,3.124,63,50,51.5,48.5,1272,792,0,942,903,0,0,0,0,0,26.56,12.5,15.62,9.38,10.94,39.06,4.69,3.12,15.23,39.06,39.9819527,4319,961,5025,2183,50.25,2.48918533,0.5375,4020,1129,40.2,1.69565976,0.5375,4887,540,50.25,1.17533648,0.5375,3933,480,40.2,1.10877442,0.5375,3973,790,40.2,1.40376,0.5375,5025,2029,50.25,2.134945,0.5375,3837,300,40.2,0.9353231,0.5375,3849,234,40.2,0.8662541,0.5375,63.0000076,54.0000038,99.99827,29.9133873,6.96737671,81.10837,11.257946,3.622818,75.65436,44.25,0.25,0,55,0,85,0.416,1.01,16,16,16,32,48,30,295,160,130,0,0,0,16,43.75,0.25,0,55,0,85,0.416,1.01,16,16,16,32,48,30,295,160,130,0,0,0,16,512,-1,485.785156,485.480469,0.3046875,0.5,7618.451,7618.951,0,0,0,0,0,0,0,0,0,0,0,0,512,600,1200,3000,55,0.984,1.30500007,0,5,16,54,2835,10451.9824,999,999,30,30,71,53,0,1,65.301,49.687,1.085,13291.082,436.1836,66.8494,0,0,0,0.0246838015,0,0,0,0,0,0,0,0,0,63.125,64,16376,2784,13591,82.99784,189.936,3.085998E+08,63149056
05/28/2026 22:18:41,57,62,0,65,71,65,65,65,65,80,12.12,5.03,1.312,1.396,1.036,0.34800002,0.616000056,3.288,2.046,0,3.37600017,3.37200022,3.124,63,49.5,51.5,48.5,1257,793,0,973,915,0,0,0,0,0,50,37.5,12.5,9.38,15.62,43.75,4.69,4.69,22.27,50,42.4945068,3847,1136,4040,2796,40.4,3.258391,0.5375,4040,1423,40.4,2.11863565,0.5375,3223,642,33.6666679,1.36438143,0.5375,3146,420,33.6666679,1.1778053,0.5375,3949,913,40.4,1.67920077,0.5375,4040,2285,40.4,2.5659585,0.5375,4616,309,50.5,1.03551531,0.5375,3724,299,40.4,1.00290179,0.5375,63.3750076,52.2500038,99.99827,29.9448586,6.93590546,81.1937,11.2870789,3.59368515,75.85013,44.25,0.25,0,55,0,85,0.416,1.01,16,16,16,32,48,30,295,160,130,0,0,0,16,43.75,0.25,0,55,0,85,0.416,1.01,16,16,16,32,48,30,295,160,130,0,0,0,16,512,-1,485.785156,485.480469,0.3046875,0.5,7618.451,7618.951,0,0,0,0,0,0,0,0,0,0,0,0,512,600,1200,3000,55,1.04500008,1.30500007,0,18,16,55,2835,10451.9824,1000,1000,30,30,75,56,0,1,64.879,61.73,1.085,13291.082,436.1836,67.51711,0,0,0,0.02388828,0,0,0,0,0,0,0,0,0,63.21875,64,16376,2784,13591,82.99784,187.406,254599168,9.159987E+07
05/28/2026 22:18:43,57,63,0,65,71,65,65,65,65,79,12.12,5.03,1.312,1.396,1.062,0.358,0.616000056,3.28400016,2.046,0,3.37600017,3.37600017,3.124,62,50,51.5,48.5,1260,797,0,967,927,0,0,0,0,0,45.31,17.19,7.81,6.25,18.75,59.38,7.81,4.69,20.9,59.38,42.26145,4018,1134,5025,2609,50.25,3.05173159,0.54375,5025,1288,50.25,1.9874897,0.54375,3823,614,40.2,1.34222448,0.53125,3132,423,33.5,1.16184676,0.53125,3935,977,40.2,1.68929768,0.53125,5025,2580,50.25,2.79795337,0.53125,3085,328,33.5,1.03370142,0.53125,3091,254,33.5,0.96323663,0.53125,63.2500076,52.6250038,99.99825,29.91027,6.97049332,81.09992,11.2597809,3.62098312,75.66669,44.25,0.25,0,55,0,85,0.416,1.01,16,16,16,32,48,30,295,160,130,0,0,0,16,43.75,0.25,0,55,0,85,0.416,1.01,16,16,16,32,48,30,295,160,130,0,0,0,16,512,-1,485.785156,485.480469,0.3046875,0.5,7618.451,7618.951,0,0,0,0,0,0,0,0,0,0,0,0,512,600,1200,3000,54,1.04500008,1.30500007,0,20,16,55,2835,10451.9824,1000,1001,30,30,73,55,0,1,64.28,60.876,1.085,13291.082,436.1836,66.41385,0,0,0,0.018517362,0,0,0,0,0,0,0,0,0,61.75,64,16376,2784,13591,82.99784,185.573,215899136,8.97495E+07
05/28/2026 22:18:45,57,64,0,65,71,67,67,67,67,81,12.0960007,5.03,1.312,1.396,1.05800009,0.34,0.616000056,3.28400016,2.046,0,3.37600017,3.37600017,3.124,63,50,51.5,48.5,1269,836,0,962,906,0,0,0,0,0,34.38,34.38,10.94,12.5,14.06,60.94,7.81,4.69,22.46,60.94,43.0482941,3912,1145,5050,1818,50.5,2.34486771,0.55,4040,1640,40.4,2.333187,0.55,3823,629,40.4,1.38277757,0.55,3773,491,40.4,1.27051818,0.55,3893,962,40.4,1.71477985,0.55,4040,3068,40.4,3.60204387,0.55,3656,303,40.4,1.04004514,0.55,3018,248,33.6666679,0.9658091,0.55,64.00001,53.1250038,99.99826,29.9160347,6.96472931,81.1155548,11.2578812,3.62288284,75.6539154,44.25,0.25,0,55,0,85,0.416,1.01,16,16,16,32,48,30,295,160,130,0,0,0,16,43.75,0.25,0,55,0,85,0.416,1.01,16,16,16,32,48,30,295,160,130,0,0,0,16,512,-1,485.785156,485.480469,0.3046875,0.5,7618.451,7618.951,0,0,0,0,0,0,0,0,0,0,0,0,512,600,1200,3000,54,1.05500007,1.30500007,0,11,16,55,2835,10451.9824,999,999,30,30,75,56,0,1,64.765,69.716,1.085,13291.082,436.1836,66.70494,0,0,0,0.0244652536,0,0,0,0,0,0,0,0,0,62.03125,64,16376,2784,13591,82.99784,187.207,216299520,6.204928E+07
05/28/2026 22:18:47,58,64,0,66,72,68,68,68,68,81,12.12,5.03,1.31000006,1.396,1.00400007,0.34800002,0.616000056,3.288,2.046,0,3.37600017,3.37200022,3.124,62,50,51.5,48.5,1290,814,0,989,910,0,0,0,0,0,26.56,17.19,7.81,4.69,12.5,35.94,3.12,3.12,13.87,35.94,39.0193062,4184,862,4850,1607,48.5,1.86187136,0.64375,4850,1119,48.5,1.60617292,0.64375,3169,491,32.3333321,1.08673382,0.64375,3167,414,32.3333321,1.03014934,0.64375,3214,717,32.3333321,1.26417851,0.64375,4850,2029,48.5,2.10371375,0.64375,4654,285,48.5,0.8887186,0.64375,4715,233,48.5,0.83287257,0.64375,62.2500076,52.2500038,99.99825,29.9392128,6.941551,81.1784,11.2872238,3.59354019,75.8511047,44.25,0.25,0,55,0,85,0.416,1.01,16,16,16,32,48,30,295,160,130,0,0,0,16,43.75,0.25,0,55,0,85,0.416,1.01,16,16,16,32,48,30,295,160,130,0,0,0,16,512,-1,485.785156,485.480469,0.3046875,0.5,7618.451,7618.951,0,0,0,0,0,0,0,0,0,0,0,0,512,600,1200,3000,54,1.06000006,1.30500007,0,6,16,55,2835,10451.9824,1002,1001,30,30,74,55,0,1,66.818,64.269,1.085,13291.082,436.1836,67.61183,0,0,0,0.0251821373,0,0,0,0,0,0,0,0,0,64.28125,66,16376,2784,13591,82.99784,189.469,216599552,61799424
05/28/2026 22:18:49,57,64,0,65,71,65,65,65,65,79,12.12,5.03,1.312,1.396,1.02200007,0.338000029,0.616000056,3.28400016,2.046,0,3.37600017,3.37600017,3.124,62,50,51.5,48.5,1257,848,0,977,937,0,0,0,0,0,42.19,23.44,7.81,9.38,12.5,43.75,1.56,1.56,17.77,43.75,39.9722862,4041,967,4850,2064,48.5,2.30233431,0.6375,4040,1217,40.4,1.74604619,0.61875,3882,511,40.4,1.17789435,0.61875,3865,446,40.4,1.10788786,0.61875,3973,772,40.4,1.39180708,0.61875,4040,2157,40.4,2.03406453,0.61875,3851,324,40.4,0.9757689,0.61875,3827,245,40.4,0.89084506,0.61875,61.8750076,52.2500038,99.99826,29.9118042,6.96896,81.10408,11.257412,3.623352,75.6507645,44.25,0.25,0,55,0,85,0.416,1.01,16,16,16,32,48,30,295,160,130,0,0,0,16,43.75,0.25,0,55,0,85,0.416,1.01,16,16,16,32,48,30,295,160,130,0,0,0,16,512,-1,485.785156,485.480469,0.3046875,0.5,7618.451,7618.951,0,0,0,0,0,0,0,0,0,0,0,0,512,600,1200,3000,54,0.984,1.30500007,0,4,16,55,2835,10451.9824,999,999,30,30,73,55,0,1,65.482,71.244,1.085,13291.082,436.1836,68.35974,0,0,0,0.0202794615,0,0,0,0,0,0,0,0,0,64.46875,66,16376,2784,13591,82.99784,187.42,224199680,6.374912E+07
05/28/2026 22:18:51,56,64,0,64,70,63,63,63,63,78,12.12,5.03,1.312,1.396,1.024,0.346000016,0.616000056,3.288,2.046,0,3.37600017,3.37600017,3.124,60,50,51.5,48.5,1244,848,0,985,935,0,0,0,0,0,35.94,17.19,7.81,10.94,10.94,42.19,6.25,3.12,16.8,42.19,39.81486,4080,944,5050,1810,50.5,2.14109278,0.55,4040,1136,40.4,1.70478022,0.55,3889,528,40.4,1.18442309,0.55,3868,415,40.4,1.060197,0.55,3965,729,40.4,1.358868,0.5375,4040,2330,40.4,2.10888147,0.5375,3856,324,40.4,0.9601871,0.5375,3934,276,40.4,0.8889128,0.5375,60.2500076,54.0000038,99.99827,29.9414368,6.93932724,81.1844254,11.287899,3.592865,75.8556442,44.25,0.25,0,55,0,85,0.416,1.01,16,16,16,32,48,30,295,160,130,0,0,0,16,43.75,0.25,0,55,0,85,0.416,1.01,16,16,16,32,48,30,295,160,130,0,0,0,16,512,-1,485.785156,485.480469,0.3046875,0.5,7618.451,7618.951,0,0,0,0,0,0,0,0,0,0,0,0,512,600,1200,3000,54,1.05000007,1.30500007,0,6,16,55,2835,10451.9824,1000,1001,30,30,73,55,0,1,64.909,75.955,1.085,13291.082,436.1836,67.97517,0,0,0,0.0244140625,0,0,0,0,0,0,0,0,0,62.53125,66,16376,2784,13591,82.99784,187.796,218199040,6.449971E+07
05/28/2026 22:18:53,55,64,0,63,69,60,60,60,60,75,12.12,5.03,1.312,1.396,1.024,0.344,0.616000056,3.28400016,2.046,0,3.37600017,3.37200022,3.124,59,50,51.5,48.5,1214,817,0,971,898,0,0,0,0,0,42.19,25,17.19,12.5,14.06,45.31,10.94,7.81,21.88,45.31,39.61875,4020,944,4850,1838,48.5,2.12851286,0.65,4850,1111,48.5,1.65844107,0.65,3112,527,32.3333321,1.16065145,0.65,3136,461,32.3333321,1.09649074,0.65,4797,763,48.5,1.374679,0.65,5050,2307,50.5,2.10888815,0.5625,3204,316,33.6666679,0.9425963,0.5625,3165,233,33.6666679,0.8675125,0.5625,59.1250076,52.2500038,99.99826,29.9480667,6.9326973,81.20241,11.2879715,3.59279251,75.85613,44.25,0.25,0,55,0,85,0.416,1.01,16,16,16,32,48,30,295,160,130,0,0,0,16,43.75,0.25,0,55,0,85,0.416,1.01,16,16,16,32,48,30,295,160,130,0,0,0,16,512,-1,485.785156,485.480469,0.3046875,0.5,7618.451,7618.951,0,0,0,0,0,0,0,0,0,0,0,0,512,600,1200,3000,54,0.969000041,1.30500007,0,4,16,56,2835,10451.9824,1001,1001,30,30,73,55,0,1,65.677,71.938,1.085,13291.082,436.1836,67.88172,0,0,0,0.023631664,0,0,0,0,0,0.01832129,0,0,0,64.625,66,16376,2784,13591,82.99784,189.402,221949952,66149376
05/28/2026 22:18:55,54,63,0,62,68,58,58,58,58,74,12.0960007,5.03,1.31000006,1.396,1.01200008,0.338000029,0.616000056,3.28400016,2.046,0,3.37200022,3.37200022,3.124,58,49.5,51.5,48.5,1206,816,0,959,907,0,0,0,0,0,40.62,25,12.5,4.69,18.75,42.19,3.12,7.81,19.34,42.19,39.2237053,3782,910,4850,1873,48.5,2.09340429,0.625,3233,1076,32.3333321,1.575767,0.625,3173,570,32.3333321,1.17365873,0.625,3150,426,32.3333321,1.03712046,0.625,4795,710,48.5,1.29919648,0.625,4850,2107,48.5,1.992202,0.6375,3096,263,32.3333321,0.8827463,0.6375,3112,256,32.3333321,0.863888144,0.6375,58.1250076,52.2500038,99.99827,29.9108849,6.969879,81.1015854,11.2591324,3.62163162,75.66233,44.25,0.25,0,55,0,85,0.416,1.01,16,16,16,32,48,30,295,160,130,0,0,0,16,43.75,0.25,0,55,0,85,0.416,1.01,16,16,16,32,48,30,295,160,130,0,0,0,16,512,-1,485.785156,485.480469,0.3046875,0.5,7618.451,7618.951,0,0,0,0,0,0,0,0,0,0,0,0,512,600,1200,3000,54,0.965000033,1.30500007,0,2,16,56,2835,10451.9824,1000,1000,30,30,73,55,0,1,65.166,68.109,1.085,13291.082,436.1836,67.4933,0,0,0,0.02787813,0,0,0,0,0,0,0,0,0,64.21875,66,16376,2784,13591,82.99784,189.007,3.130491E+08,64649216
05/28/2026 22:18:57,53,63,0,61,67,58,58,58,58,74,12.12,5.03,1.312,1.396,1.018,0.346000016,0.616000056,3.28400016,2.046,0,3.37200022,3.37200022,3.124,57,50,51.5,48.5,1166,837,0,946,894,0,0,0,0,0,34.38,23.44,7.81,7.81,9.38,40.62,9.38,3.12,16.99,40.62,39.8676834,4095,950,5050,1858,50.5,2.16387939,0.5625,4040,1119,40.4,1.68964815,0.5625,3924,542,40.4,1.17502451,0.5625,3909,422,40.4,1.05744529,0.5625,4014,773,40.4,1.37983215,0.5625,4040,2300,40.4,2.19124913,0.5625,3853,320,40.4,0.9490947,0.5625,3927,270,40.4,0.886722,0.5625,57.8750076,52.2500038,99.9982758,29.9492989,6.931465,81.20575,11.2937279,3.58703613,75.89481,44.25,0.25,0,55,0,85,0.416,1.01,16,16,16,32,48,30,295,160,130,0,0,0,16,43.75,0.25,0,55,0,85,0.416,1.01,16,16,16,32,48,30,295,160,130,0,0,0,16,512,-1,485.785156,485.480469,0.3046875,0.5,7618.451,7618.951,0,0,0,0,0,0,0,0,0,0,0,0,512,600,1200,3000,54,1.05500007,1.30500007,0,7,16,56,2835,10451.9824,1000,1000,30,30,74,55,0,1,64.624,73.148,1.085,13291.082,437.839844,67.8606,0,0,0,0.03152518,0,0,0,0,0,0.02327846,0,0,0,64.34375,66,16376,2784,13591,82.99784,187.899,125449216,6.469939E+07
05/28/2026 22:18:59,52,64,0,60,65,56,56,56,56,73,12.12,5.03,1.312,1.396,1.024,0.34800002,0.616000056,3.28400016,2.046,0,3.37200022,3.37200022,3.124,57,50,51.5,48.5,1140,811,0,924,864,0,0,0,0,0,35.94,15.62,14.06,10.94,6.25,46.88,6.25,1.56,17.19,46.88,39.3235474,3895,903,4040,1590,40.4,1.9392637,0.50625,4040,1132,40.4,1.67232931,0.5125,3233,508,33.6666679,1.12726748,0.5125,4856,405,50.5,1.03664243,0.5125,3964,713,40.4,1.31007338,0.5125,4040,2355,40.4,2.210194,0.5125,3788,280,40.4,0.9045866,0.5125,3197,239,33.6666679,0.8560691,0.5125,57.6250076,53.2500038,99.99827,29.9204369,6.960327,81.12749,11.2662048,3.61455917,75.7098541,44.25,0.25,0,55,0,85,0.416,1.01,16,16,16,32,48,30,295,160,130,0,0,0,16,43.75,0.25,0,55,0,85,0.416,1.01,16,16,16,32,48,30,295,160,130,0,0,0,16,512,-1,485.785156,485.480469,0.3046875,0.5,7618.451,7618.951,0,0,0,0,0,0,0,0,0,0,0,0,512,600,1200,3000,54,1.06000006,1.30500007,0,5,16,56,2835,10451.9824,999,1000,30,30,73,54,0,1,65.409,72.139,1.09,13291.082,439.5586,67.78198,0,0,0,0.0270455629,0,0,0,0,0,0,0,0,0,65.28125,68,16376,2784,13591,82.99784,188.474,251999232,6.869914E+07
05/28/2026 22:19:01,51,64,0,58,64,56,56,56,56,73,12.12,5.03,1.31000006,1.396,1.01200008,0.34800002,0.618000031,3.28400016,2.046,0,3.37600017,3.37600017,3.124,57,50,51.5,48.5,1128,848,0,907,847,0,0,0,0,0,21.88,25,9.38,7.81,18.75,59.38,3.12,9.38,19.34,59.38,39.2737961,4172,910,4850,1598,48.5,1.91431642,0.64375,4850,1157,48.5,1.67560613,0.64375,4726,506,48.5,1.137598,0.64375,3130,406,32.3333321,1.03858674,0.64375,4791,804,48.5,1.35862541,0.64375,4850,2279,48.5,2.1948874,0.64375,3072,255,32.3333321,0.8787971,0.64375,3108,276,32.3333321,0.886759043,0.64375,57.3750076,52.2500038,99.99826,29.9196739,6.96109,81.12542,11.2661057,3.61465836,75.70919,44.25,0.25,0,55,0,85,0.416,1.01,16,16,16,32,48,30,295,160,130,0,0,0,16,43.75,0.25,0,55,0,85,0.416,1.01,16,16,16,32,48,30,295,160,130,0,0,0,16,512,-1,485.785156,485.480469,0.3046875,0.5,7618.451,7618.951,0,0,0,0,0,0,0,0,0,0,0,0,512,600,1200,3000,54,1.069,1.30500007,0,6,16,56,2835,10451.9824,1001,1000,30,30,73,55,0,1,65.883,76.248,1.09,13291.082,439.789063,67.3892,0,0,0,0.0320550054,0,0,0,0,0,0.009507075,0,0,0,64.59375,66,16376,2784,13591,82.99784,189.908,219499520,6.559949E+07
05/28/2026 22:19:03,49,64,0,58,63,56,56,56,56,73,12.12,5.03,1.312,1.396,1.016,0.350000024,0.616000056,3.28400016,2.046,0,3.37600017,3.37600017,3.124,57,50,51.5,48.5,1092,848,0,889,849,0,0,0,0,0,31.25,18.75,4.69,4.69,15.62,48.44,3.12,1.56,16.02,48.44,39.19056,4278,901,4850,1634,48.5,1.92237294,0.64375,4850,1162,48.5,1.66985023,0.64375,4736,552,48.5,1.14073336,0.64375,3136,446,32.3333321,1.07405043,0.625,4816,775,48.5,1.33585572,0.625,4850,2110,48.5,2.14505339,0.625,3094,287,32.3333321,0.8912684,0.625,3892,241,40.4,0.857469261,0.625,57.3750076,52.2500038,99.99827,29.950531,6.930233,81.20908,11.2992973,3.58146667,75.9322357,44,0.25,0,55,0,85,0.416,1.01,16,16,16,32,48,30,295,160,130,0,0,0,16,43.75,0.25,0,55,0,85,0.416,1.01,16,16,16,32,48,30,295,160,130,0,0,0,16,512,-1,485.785156,485.480469,0.3046875,0.5,7618.451,7618.951,0,0,0,0,0,0,0,0,0,0,0,0,512,600,1200,3000,55,1.06000006,1.30500007,0,6,16,57,2835,10451.9824,1001,1000,30,30,73,55,0,1,65.665,72.944,1.09,13291.0859,441.5078,67.6712646,0,0,0,0.0324762054,0,0,0,0,0,0,0,0,0,64.4375,66,16376,2784,13591,82.99784,189.036,218949632,6.689997E+07
05/28/2026 22:19:05,48,64,0,58,63,56,56,56,56,73,12.12,5.03,1.31000006,1.396,1.028,0.352000028,0.616000056,3.28400016,2.046,0,3.37600017,3.37600017,3.124,57,50,51.5,48.5,1074,817,0,882,837,0,0,0,0,0,25,26.15,7.69,7.69,12.5,53.12,1.54,0,16.71,53.12,39.23811,3780,894,4850,1661,48.5,1.89474,0.5125,4850,1201,48.5,1.69853413,0.5125,3154,509,32.3333321,1.133917,0.5125,3170,438,32.3333321,1.07049751,0.5125,3182,747,32.3333321,1.36734343,0.5125,4850,2064,48.5,2.16005683,0.5125,3048,276,32.3333321,0.9058055,0.5125,3140,260,32.3333321,0.863992631,0.5125,57.5000076,52.6250038,99.99827,29.9214172,6.959347,81.13014,11.2718391,3.60892487,75.74772,44,0.25,0,55,0,85,0.416,1.01,16,16,16,32,48,30,295,160,130,0,0,0,16,43.75,0.25,0,55,0,85,0.416,1.01,16,16,16,32,48,30,295,160,130,0,0,0,16,512,-1,485.785156,485.480469,0.3046875,0.5,7618.451,7618.951,0,0,0,0,0,0,0,0,0,0,0,0,512,600,1200,3000,54,1.069,1.30500007,0,17,16,57,2835,10451.9824,1001,1000,30,30,74,55,0,1,66.351,70.521,1.09,13291.0859,441.5078,67.69372,0,0,0,0.023500992,0,0,0,0,0,0,0,0,0,63.90625,68,16376,2784,13591,82.99784,187.938,240649216,9.374925E+07
05/28/2026 22:19:07,48,64,0,58,63,56,56,56,56,73,12.12,5.03,1.312,1.396,1.008,0.338000029,0.616000056,3.28400016,2.046,0,3.37600017,3.37600017,3.124,57,50,51.5,48.5,1090,818,0,900,813,0,0,0,0,0,28.12,12.5,6.25,9.38,12.5,43.75,3.12,1.56,14.65,43.75,38.9536819,4099,864,4850,1626,48.5,1.88839591,0.6375,4850,1092,48.5,1.61239624,0.6375,3204,553,32.3333321,1.14280128,0.6375,3129,376,32.3333321,0.9904329,0.6375,4027,721,40.4,1.29484868,0.64375,5050,2056,50.5,2.1343348,0.64375,3845,283,40.4,0.886219442,0.64375,3834,205,40.4,0.8091409,0.64375,57.2500076,52.2500038,99.99826,29.9501686,6.9305954,81.2081,11.2965393,3.5842247,75.9137039,44,0.25,0,55,0,85,0.416,1.01,16,16,16,32,48,30,295,160,130,0,0,0,16,43.75,0.25,0,55,0,85,0.416,1.01,16,16,16,32,48,30,295,160,130,0,0,0,16,512,-1,485.785156,485.480469,0.3046875,0.5,7618.451,7618.951,0,0,0,0,0,0,0,0,0,0,0,0,512,600,1200,3000,54,0.984,1.30500007,0,6,16,57,2835,10451.9824,999,1001,30,30,75,56,0,1,66.726,69.966,1.09,13291.0859,441.5078,67.51021,0,0,0,0.0231540557,0,0,0,0,0,0,0,0,0,65.59375,68,16376,2784,13591,82.99784,189.97,231349248,6.979994E+07
05/28/2026 22:19:09,48,64,0,58,63,56,56,56,56,73,12.12,5.04,1.312,1.396,1.018,0.338000029,0.618000031,3.288,2.046,0,3.37600017,3.37200022,3.124,57,50,51.5,48.5,1087,849,0,900,813,0,0,0,0,0,34.38,12.5,6.25,1.56,17.19,35.94,3.12,3.12,14.26,35.94,39.21891,4366,896,4850,1771,48.5,2.06774616,0.64375,4850,1192,48.5,1.69874871,0.64375,4730,506,48.5,1.12926364,0.64375,4675,395,48.5,1.02350175,0.64375,4810,775,48.5,1.361087,0.64375,4850,2067,48.5,2.13009667,0.625,3062,245,32.3333321,0.8789982,0.625,3104,220,32.3333321,0.847770154,0.625,57.5000076,52.2500038,99.99827,29.92236,6.95840454,81.1327,11.271595,3.609169,75.74608,44,0.25,0,55,0,85,0.416,1.01,16,16,16,32,48,30,295,160,130,0,0,0,16,43.75,0.25,0,55,0,85,0.416,1.01,16,16,16,32,48,30,295,160,130,0,0,0,16,512,-1,485.785156,485.480469,0.3046875,0.5,7618.451,7618.951,0,0,0,0,0,0,0,0,0,0,0,0,512,600,1200,3000,55,0.989,1.30500007,0,14,16,57,2835,10451.9824,1001,1000,30,30,74,55,0,1,66.361,67.601,1.09,13291.0859,441.5078,67.9965057,0,0,0,0.02145777,0,0,0,0,0,0,0,0,0,65.59375,66,16376,2784,13591,82.99784,190.176,231199744,66149376
05/28/2026 22:19:11,48,64,0,58,63,56,56,56,56,73,12.12,5.03,1.312,1.396,1.016,0.344,0.618000031,3.28400016,2.046,0,3.37600017,3.37600017,3.124,57,50,51.5,48.5,1084,848,0,889,833,0,0,0,0,0,32.81,28.12,7.69,3.08,17.19,46.88,3.08,3.08,17.74,46.88,39.39065,4093,907,4040,1986,40.4,2.20329762,0.51875,5050,1127,50.5,1.68206787,0.51875,3961,583,40.4,1.18763423,0.51875,3944,419,40.4,1.0489881,0.51875,3982,725,40.4,1.32866454,0.51875,4040,1886,40.4,2.02143979,0.51875,3878,290,40.4,0.915393353,0.51875,3852,240,40.4,0.8481522,0.51875,57.5000076,54.7500038,99.9982452,29.9510117,6.92975235,81.21039,11.2980461,3.582718,75.92383,44,0.25,0,55,0,85,0.416,1.01,16,16,16,32,48,30,295,160,130,0,0,0,16,43.75,0.25,0,55,0,85,0.416,1.01,16,16,16,32,48,30,295,160,130,0,0,0,16,512,-1,485.785156,485.480469,0.3046875,0.5,7618.451,7618.951,0,0,0,0,0,0,0,0,0,0,0,0,512,600,1200,3000,54,0.965000033,1.30500007,0,7,16,57,2835,10451.9824,1001,999,30,30,74,55,0,1,65.739,66.601,1.09,13291.0859,441.5078,68.07051,0,0,0,0.0237590149,0,0,0,0,0,0,0,0,0,64.375,68,16376,2784,13591,82.99784,188.564,243799040,9.354957E+07
05/28/2026 22:19:13,48,64,0,58,63,56,56,56,56,73,12.12,5.03,1.31000006,1.396,1.01200008,0.342,0.616000056,3.288,2.046,0,3.37600017,3.37600017,3.124,57,50,51.5,48.5,1078,817,0,899,812,0,0,0,0,0,32.81,15.62,4.69,9.38,9.38,35.94,0,1.56,13.67,35.94,38.96399,4353,835,5050,1703,50.5,2.002812,0.55625,5050,1080,50.5,1.58729708,0.55625,3906,487,40.4,1.08691931,0.55625,3988,439,40.4,1.03832781,0.55625,3964,655,40.4,1.25520658,0.55625,5050,1855,50.5,1.93473923,0.55625,3886,266,40.4,0.8779897,0.55625,3927,195,40.4,0.8070332,0.55625,57.2500076,52.6250038,99.99826,29.9217,6.95906448,81.13091,11.2708855,3.60987854,75.74131,44,0.25,0,55,0,85,0.416,1.01,16,16,16,32,48,30,295,160,130,0,0,0,16,43.75,0.25,0,55,0,85,0.416,1.01,16,16,16,32,48,30,295,160,130,0,0,0,16,512,-1,485.785156,485.480469,0.3046875,0.5,7618.451,7618.951,0,0,0,0,0,0,0,0,0,0,0,0,512,600,1200,3000,54,1.06000006,1.30500007,0,6,16,57,2835,10451.9824,1000,1001,30,30,74,55,0,1,66.775,66.238,1.09,13291.0859,441.5078,67.27509,0,0,0,0.0240677521,0,0,0,0,0,0,0,0,0,65.84375,68,16376,2784,13591,82.99784,189.114,232249344,6.834995E+07
05/28/2026 22:19:15,48,63,0,58,63,56,56,56,56,73,12.0960007,5.03,1.31000006,1.39200008,1.0200001,0.344,0.616000056,3.28400016,2.046,0,3.37200022,3.37200022,3.12000012,57,50,51.5,48.5,1084,813,0,883,813,0,0,0,0,0,37.5,25,12.7,3.17,11.11,43.75,6.35,7.94,18.44,43.75,39.35896,3393,862,3233,1794,32.3333321,2.09725666,0.64375,3233,1065,32.3333321,1.57661986,0.64375,3174,516,32.3333321,1.13253331,0.64375,3209,471,32.3333321,1.08920181,0.65,3233,683,32.3333321,1.27852428,0.65,4850,1855,48.5,1.975812,0.65,3107,275,32.3333321,0.8991745,0.65,3108,236,32.3333321,0.847706854,0.65,57.2500076,52.6250038,99.99826,29.95366,6.927105,81.21757,11.2992554,3.58150864,75.93195,44,0.25,0,55,0,85,0.416,1.01,16,16,16,32,48,30,295,160,130,0,0,0,16,43.75,0.25,0,55,0,85,0.416,1.01,16,16,16,32,48,30,295,160,130,0,0,0,16,512,-1,485.785156,485.480469,0.3046875,0.5,7618.451,7618.951,0,0,0,0,0,0,0,0,0,0,0,0,512,600,1200,3000,55,1.06000006,1.30500007,0,11,16,57,2835,10451.9824,1000,999,30,30,74,55,0,1,67.88,65.48,1.09,13291.0859,441.5078,67.68656,0,0,0,0.0224342924,0,0,0,0,0,0,0,0,0,64.65625,68,16376,2784,13591,82.99784,190.218,315999232,6.569984E+07
05/28/2026 22:19:17,48,63,0,58,63,56,56,56,56,73,12.12,5.03,1.312,1.396,1.01,0.34800002,0.616000056,3.288,2.046,0,3.37600017,3.37200022,3.12000012,57,50,51.5,48.5,1088,839,0,882,832,0,0,0,0,0,29.69,23.44,6.25,6.25,15.62,35.94,3.12,1.56,15.23,35.94,39.426918,4121,856,4040,1764,40.4,2.089568,0.5125,4040,1117,40.4,1.61012483,0.5125,5009,563,50.5,1.16940713,0.5125,3969,394,40.4,1.01858735,0.5125,4015,710,40.4,1.29825747,0.5125,4040,1811,40.4,1.94402277,0.5125,3896,235,40.4,0.8521672,0.5125,3959,258,40.4,0.845956,0.525,57.3750076,54.5000038,99.99826,29.94965,6.931114,81.2066956,11.2968674,3.58389664,75.91591,44,0.25,0,55,0,85,0.416,1.01,16,16,16,32,48,30,295,160,130,0,0,0,16,43.75,0.25,0,55,0,85,0.416,1.01,16,16,16,32,48,30,295,160,130,0,0,0,16,512,-1,485.785156,485.480469,0.3046875,0.5,7618.451,7618.951,0,0,0,0,0,0,0,0,0,0,0,0,512,600,1200,3000,55,1.079,1.30500007,0,10,16,56,2835,10451.9824,1001,1001,30,30,75,56,0,1,66.868,63.39,1.09,13291.0859,441.277344,67.76316,0,0,0,0.0216645449,0,0,0,0,0,0.0113380784,0,0,0,64.34375,68,16376,2784,13591,82.99784,189.451,2.442496E+08,9.369907E+07
05/28/2026 22:19:19,48,64,0,58,63,56,56,56,57,73,12.12,5.03,1.312,1.396,1.054,0.358,0.616000056,3.288,2.046,0,3.37600017,3.37200022,3.124,60,50,51.5,48.5,1078,814,0,884,813,0,0,0,0,0,39.06,29.69,12.5,9.38,14.06,60.94,6.25,0,21.48,60.94,42.48844,4444,1107,4850,1861,48.5,2.32252669,0.6375,3233,1448,32.3333321,2.13030243,0.6375,4611,659,48.5,1.383616,0.65625,4515,442,48.5,1.19486737,0.65625,4664,927,48.5,1.63897812,0.65625,4850,2986,48.5,3.43279171,0.65625,4440,288,48.5,1.00840437,0.65625,4389,243,48.5,0.9430692,0.65625,61.5000076,53.1250038,99.99826,29.952137,6.928627,81.21344,11.3013115,3.57945251,75.94577,44,0.25,0,55,0,85,0.416,1.01,16,16,16,32,48,30,295,160,130,0,0,0,16,43.75,0.25,0,55,0,85,0.416,1.01,16,16,16,32,48,30,295,160,130,0,0,0,16,512,-1,485.785156,485.480469,0.3046875,0.5,7618.451,7618.951,0,0,0,0,0,0,0,0,0,0,0,0,512,600,1200,3000,55,1.04000008,1.30500007,0,10,16,57,2835,10451.9824,1001,1002,30,30,75,56,0,1,66.57,61.608,1.09,13291.09,443.855469,67.42115,0,0,0,0.0245341286,0,0,0,0,0,0.03584675,0,0,0,66.40625,68,16376,2784,13591,82.99784,188.666,2.355497E+08,6.72E+07
05/28/2026 22:19:21,49,64,0,58,64,60,60,60,61,76,12.12,5.03,1.312,1.396,1.008,0.342,0.616000056,3.288,2.046,0,3.37600017,3.37600017,3.124,60,50,51.5,48.5,1092,848,0,888,812,0,0,0,0,0,32.81,25,13.85,6.25,13.85,39.06,3.08,1.54,16.93,39.06,39.4418678,4345,905,4040,1703,40.4,2.00988984,0.53125,5050,1151,50.5,1.66770494,0.53125,4005,588,40.4,1.19337821,0.53125,4895,419,50.5,1.05183566,0.53125,3950,696,40.4,1.30090165,0.50625,5050,2166,50.5,2.18375158,0.50625,3865,273,40.4,0.902797341,0.50625,3906,245,40.4,0.855900168,0.50625,60.1250076,52.2500038,99.99826,29.9232826,6.95748138,81.1352,11.27224,3.60852432,75.75041,44,0.25,0,55,0,85,0.416,1.01,16,16,16,32,48,30,295,160,130,0,0,0,16,43.75,0.25,0,55,0,85,0.416,1.01,16,16,16,32,48,30,295,160,130,0,0,0,16,512,-1,485.785156,485.480469,0.3046875,0.5,7618.451,7618.951,0,0,0,0,0,0,0,0,0,0,0,0,512,600,1200,3000,54,1.05500007,1.30500007,0,10,16,57,2835,10451.9824,1007,1005,31,31,75,56,0,1,66.05,66.576,1.09,13291.09,443.855469,67.4423141,0,0,0,0.02449289,0,0,0,0,0,0,0,0,0,66.4375,68,16376,2784,13591,82.99784,189.914,231299072,6.714982E+07
05/28/2026 22:19:23,51,64,0,59,65,60,60,60,60,75,12.12,5.03,1.312,1.396,1.00200009,0.344,0.618000031,3.288,2.046,0,3.37600017,3.37600017,3.124,59,50,51.5,48.5,1116,849,0,890,840,0,0,0,0,0,43.75,28.12,7.94,7.94,15.87,54.69,4.76,4.69,20.97,54.69,39.3569527,4178,892,4850,1649,48.5,1.90758955,0.59375,4850,1081,48.5,1.61430788,0.59375,3141,522,32.3333321,1.1414932,0.59375,3147,437,32.3333321,1.07191789,0.59375,4810,787,48.5,1.36843812,0.59375,4850,2090,48.5,2.17520332,0.59375,3127,311,32.3333321,0.934521437,0.59375,4645,255,48.5,0.8742634,0.59375,59.1250076,53.1250038,99.99826,29.9202,6.96056366,81.12685,11.2717285,3.60903549,75.74697,44,0.25,0,55,0,85,0.416,1.01,16,16,16,32,48,30,295,160,130,0,0,0,16,43.75,0.25,0,55,0,85,0.416,1.01,16,16,16,32,48,30,295,160,130,0,0,0,16,512,-1,485.785156,485.480469,0.3046875,0.5,7618.451,7618.951,0,0,0,0,0,0,0,0,0,0,0,0,512,600,1200,3000,54,1.0250001,1.30500007,0,6,16,57,2835,10451.9824,1015,1012,31,31,75,56,0,1,66.73,61.209,1.09,13291.09,443.855469,67.69674,0,0,0,0.0236585271,0,0,0,0,0,0,0,0,0,65.0625,68,16376,2784,13591,82.99784,190.557,314949632,66499584
05/28/2026 22:19:25,51,64,0,60,65,59,59,59,59,74,12.0960007,5.03,1.31000006,1.396,1.01200008,0.34800002,0.616000056,3.28400016,2.046,0,3.37600017,3.37200022,3.124,58,50,51.5,48.5,1156,818,0,907,855,0,0,0,0,0,25,18.75,7.81,3.12,15.62,29.69,3.12,3.12,13.28,29.69,39.22041,4356,870,4850,1665,48.5,1.966074,0.6375,3233,1083,32.3333321,1.60849226,0.6375,3109,498,32.3333321,1.12588179,0.6375,4740,415,48.5,1.05362737,0.6375,4743,759,48.5,1.34981692,0.65,4850,2044,48.5,2.093928,0.65,4635,262,48.5,0.8895727,0.65,4687,232,48.5,0.8475802,0.65,58.6250076,52.6250038,99.9982758,29.9517517,6.9290123,81.2123947,11.30122,3.579544,75.94516,44,0.25,0,55,0,85,0.416,1.01,16,16,16,32,48,30,295,160,130,0,0,0,16,43.75,0.25,0,55,0,85,0.416,1.01,16,16,16,32,48,30,295,160,130,0,0,0,16,512,-1,485.785156,485.480469,0.3046875,0.5,7618.451,7618.951,0,0,0,0,0,0,0,0,0,0,0,0,512,600,1200,3000,55,1.08400011,1.30500007,0,9,16,58,2835,10451.9824,1021,1020,31,31,74,56,0,1,66.552,60.768,1.09,13291.09,438.8672,67.1141,0,0,0,0.0252463687,0,0,0,0,0,0,0,0,0,66.4375,68,16376,2784,13591,82.99784,189.187,229049344,6.60992E+07
05/28/2026 22:19:27,50,64,0,59,65,58,58,58,58,74,12.12,5.03,1.312,1.396,1.01,0.338000029,0.616000056,3.288,2.046,0,3.37600017,3.37600017,3.124,58,50,51.5,48.5,1127,817,0,901,834,0,0,0,0,0,27.69,21.88,7.81,6.25,15.38,44.62,3.12,3.12,16.23,44.62,39.3152161,3981,884,4850,1617,48.5,1.89073873,0.55,4850,1085,48.5,1.6147728,0.55,3172,574,32.3333321,1.17712891,0.55,3146,441,32.3333321,1.07688737,0.55,4816,759,48.5,1.34929264,0.55,4850,2055,48.5,2.15925145,0.55,3068,266,32.3333321,0.8945093,0.55,3097,278,32.3333321,0.8942679,0.55,58.2500076,52.6250038,99.99827,29.9224815,6.95828247,81.1330261,11.2726555,3.60810852,75.7532043,44,0.25,0,55,0,85,0.416,1.01,16,16,16,32,48,30,295,160,130,0,0,0,16,43.75,0.25,0,55,0,85,0.416,1.01,16,16,16,32,48,30,295,160,130,0,0,0,16,512,-1,485.785156,485.480469,0.3046875,0.5,7618.451,7618.951,0,0,0,0,0,0,0,0,0,0,0,0,512,600,1200,3000,54,1.05500007,1.30500007,0,11,16,58,2835,10451.9824,1029,1028,31,31,74,56,0,1,66.545,68.268,1.09,13291.09,438.8672,67.7632446,0,0,0,0.0260910615,0,0,0,0,0,0,0,0,0,64.8125,68,16376,2784,13591,82.99784,189.102,2.968996E+08,66349056
05/28/2026 22:19:29,50,64,0,59,65,58,58,58,58,74,12.12,5.04,1.312,1.396,1.0200001,0.34800002,0.616000056,3.288,2.046,0,3.37600017,3.37600017,3.124,58,50,51.5,48.5,1109,817,0,919,854,0,0,0,0,0,23.44,17.19,9.38,1.56,17.19,31.25,4.69,4.69,13.67,31.25,39.2127838,4600,878,5050,1741,50.5,2.06608844,0.51875,5050,1140,50.5,1.64620888,0.51875,3958,556,40.4,1.1631335,0.51875,4906,383,50.5,1.01507556,0.53125,5045,767,50.5,1.344348,0.53125,4040,1925,40.4,1.99927139,0.53125,4859,287,50.5,0.9087611,0.53125,3893,229,40.4,0.8393505,0.5375,57.8750076,52.6250038,99.99828,29.951683,6.929081,81.21221,11.3012733,3.57949066,75.94552,44,0.25,0,55,0,85,0.416,1.01,16,16,16,32,48,30,295,160,130,0,0,0,16,43.75,0.25,0,55,0,85,0.416,1.01,16,16,16,32,48,30,295,160,130,0,0,0,16,512,-1,485.785156,485.480469,0.3046875,0.5,7618.451,7618.951,0,0,0,0,0,0,0,0,0,0,0,0,512,600,1200,3000,55,0.974000037,1.30500007,0,5,16,57,2835,10451.9824,1036,1035,32,32,74,55,0,1,66.784,71.497,1.09,13291.09,438.8672,67.38933,0,0,0,0.02592609,0,0,0,0,0,0,0,0,0,64.96875,68,16376,2784,13591,82.99784,190.932,232299520,65299456
05/28/2026 22:19:31,49,64,0,58,64,56,56,56,56,73,12.12,5.04,1.312,1.396,1.016,0.342,0.616000056,3.28400016,2.046,0,3.37600017,3.37600017,3.124,57,50,51.5,48.5,1090,849,0,903,853,0,0,0,0,0,29.69,12.5,10.94,7.81,10.94,31.25,3.12,1.56,13.48,31.25,39.28849,4410,882,5050,1705,50.5,2.06667972,0.50625,5050,1178,50.5,1.66605878,0.50625,4015,614,40.4,1.21323025,0.50625,4976,465,50.5,1.09208179,0.50625,4028,712,40.4,1.306304,0.5375,4040,1825,40.4,1.93536544,0.5375,4830,269,50.5,0.891387165,0.5375,3294,289,33.6666679,0.882665932,0.5375,57.7500076,52.6250038,99.99826,29.9277649,6.952999,81.1473541,11.2781105,3.6026535,75.78986,44,0.25,0,55,0,85,0.416,1.01,16,16,16,32,48,30,295,160,130,0,0,0,16,43.75,0.25,0,55,0,85,0.416,1.01,16,16,16,32,48,30,295,160,130,0,0,0,16,512,-1,485.785156,485.480469,0.3046875,0.5,7618.451,7618.951,0,0,0,0,0,0,0,0,0,0,0,0,512,600,1200,3000,55,0.989,1.30500007,0,10,16,57,2835,10451.9824,1041,1041,32,32,74,55,0,1,65.736,68.41,1.09,13291.09,438.8672,67.83426,0,0,0,0.0202351715,0,0,0,0,0,0,0,0,0,67.375,68,16376,2784,13591,82.99784,190.342,232749056,6.569984E+07
05/28/2026 22:19:33,48,64,0,58,63,56,56,56,56,73,12.12,5.03,1.312,1.396,1.01200008,0.34,0.618000031,3.288,2.046,0,3.37600017,3.37600017,3.124,57,50,51.5,48.5,1088,849,0,888,821,0,0,0,0,0,39.06,17.19,10.94,3.12,10.94,29.69,1.56,4.69,14.65,39.06,39.2976074,4184,868,4850,1787,48.5,2.11165857,0.6375,4850,1076,48.5,1.60667992,0.63125,4769,527,48.5,1.14886391,0.63125,3110,426,32.3333321,1.04906893,0.63125,4823,756,48.5,1.33494163,0.63125,4850,1849,48.5,2.00503731,0.63125,3096,268,32.3333321,0.895833254,0.63125,3126,258,32.3333321,0.8709914,0.63125,57.8750076,53.1250038,99.99826,29.9615059,6.919258,81.2388458,11.3109932,3.56977081,76.01083,44,0.25,0,55,0,85,0.416,1.01,16,16,16,32,48,30,295,160,130,0,0,0,16,43.75,0.25,0,55,0,85,0.416,1.01,16,16,16,32,48,30,295,160,130,0,0,0,16,512,-1,485.785156,485.480469,0.3046875,0.5,7618.451,7618.951,0,0,0,0,0,0,0,0,0,0,0,0,512,600,1200,3000,55,0.984,1.30500007,0,7,16,57,2835,10451.9824,1049,1050,32,32,73,55,0,1,66.531,67.383,1.09,13291.09,438.8672,67.60968,0,0,0,0.0254018251,0,0,0,0,0,0,0,0,0,66.53125,70,16376,2784,13591,82.99784,188.871,316849152,6.689997E+07
05/28/2026 22:19:35,48,64,0,58,63,56,56,56,56,73,12.0960007,5.03,1.312,1.396,1.008,0.338000029,0.616000056,3.288,2.046,0,3.37600017,3.37600017,3.124,57,50,51.5,48.5,1082,817,0,900,835,0,0,0,0,0,37.5,25,4.69,4.69,17.19,35.94,3.12,4.69,16.6,37.5,39.15071,4103,850,4040,1772,40.4,2.105632,0.63125,4040,1098,40.4,1.60570145,0.63125,3936,476,40.4,1.0915947,0.63125,3927,381,40.4,1.00263548,0.55,4023,717,40.4,1.29475784,0.55,5050,1864,50.5,2.02524781,0.55,3905,283,40.4,0.900570869,0.55,3904,205,40.4,0.813288033,0.55,57.8750076,52.6250038,99.99825,29.9350052,6.945759,81.16699,11.2859154,3.59484863,75.8423157,44,0.25,0,55,0,85,0.416,1.01,16,16,16,32,48,30,295,160,130,0,0,0,16,43.75,0.25,0,55,0,85,0.416,1.01,16,16,16,32,48,30,295,160,130,0,0,0,16,512,-1,485.785156,485.480469,0.3046875,0.5,7618.451,7618.951,0,0,0,0,0,0,0,0,0,0,0,0,512,600,1200,3000,55,1.064,1.30500007,0,11,16,57,2835,10451.9824,1055,1056,32,32,73,55,0,1,66.629,64.968,1.09,13291.09,438.8672,67.34972,0,0,0,0.0214981046,0,0,0,0,0,0,0,0,0,66.5625,70,16376,2784,13591,82.99784,189.871,2.264494E+08,6.534963E+07
05/28/2026 22:19:37,49,64,0,58,64,58,58,58,58,74,12.12,5.03,1.312,1.396,1.01200008,0.34,0.616000056,3.288,2.046,0,3.37600017,3.37600017,3.124,58,50,51.5,48.5,1087,817,0,903,832,0,0,0,0,0,34.38,23.44,10.94,4.62,15.62,32.81,4.62,3.08,16.19,34.38,39.330265,4526,854,5050,1771,50.5,2.10094333,0.525,5050,1085,50.5,1.61563408,0.525,3974,565,40.4,1.16523135,0.525,3939,392,40.4,1.02193654,0.525,4031,731,40.4,1.30967367,0.525,4850,1775,48.5,1.95240951,0.5375,4689,296,48.5,0.919526935,0.5375,4629,216,48.5,0.8307509,0.5375,58.1250076,52.6250038,99.99827,29.970993,6.909771,81.2645645,11.3198013,3.56096268,76.07003,44,0.25,0,55,0,85,0.416,1.01,16,16,16,32,48,30,295,160,130,0,0,0,16,43.75,0.25,0,55,0,85,0.416,1.01,16,16,16,32,48,30,295,160,130,0,0,0,16,512,-1,485.785156,485.480469,0.3046875,0.5,7618.451,7618.951,0,0,0,0,0,0,0,0,0,0,0,0,512,600,1200,3000,55,0.784000039,1.30500007,0,1,16,57,2835,10451.9824,1058,1061,32,32,73,55,0,1,66.913,62.18,1.09,13291.09,438.8672,67.6544647,0,0,0,0.0259439256,0,0,0,0,0,0,0,0,0,65.125,68,16376,2784,13591,82.99784,190.956,224649216,9.439949E+07
05/28/2026 22:19:39,50,64,0,59,64,58,58,58,58,74,12.12,5.03,1.312,1.396,1.03000009,0.344,0.616000056,3.288,2.046,0,3.37600017,3.37600017,3.124,59,50.5,51.5,48.5,1118,849,0,908,815,0,0,0,0,0,34.38,25,6.25,7.81,14.06,43.75,4.69,14.06,18.75,43.75,41.0683365,4220,1000,3900,1604,39,2.02497244,0.5875,3900,1170,39,1.74558389,0.5875,3860,593,39,1.25683188,0.5875,3760,445,39,1.122852,0.5875,4863,878,48.75,1.49840748,0.5875,4875,2110,48.75,2.36229157,0.5875,3773,388,39,1.0536921,0.5875,4825,810,48.25,1.41957414,0.6125,59.3750076,58.3750038,99.9982452,29.97747,6.90329361,81.28213,11.3014946,3.57926941,75.94701,44,0.25,0,55,0,85,0.416,1.01,16,16,16,32,48,30,295,160,130,0,0,0,16,43.75,0.25,0,55,0,85,0.416,1.01,16,16,16,32,48,30,295,160,130,0,0,0,16,512,-1,485.785156,485.480469,0.3046875,0.5,7618.451,7618.951,0,0,0,0,0,0,0,0,0,0,0,0,512,600,1200,3000,55,1,1.30500007,0,17,17,57,2835,10451.9824,1065,1066,32,32,73,55,0,1,65.838,60.364,1.09,13291.09,438.8672,67.4167252,0,0,0,0.0296385959,0,0,0,0,0,0,0,0,0,67.1875,68,16376,2784,13591,82.99784,189.566,149949440,8.894976E+07
05/28/2026 22:19:41,51,64,0,60,65,60,60,60,60,75,12.12,5.04,1.312,1.396,1.02200007,0.34800002,0.616000056,3.288,2.046,0,3.37600017,3.37600017,3.124,59,50.5,51.5,48.5,1138,849,0,897,819,0,0,0,0,0,34.38,23.44,4.62,7.69,12.31,50,3.08,1.54,17.13,50,39.6364746,4234,884,4040,1725,40.4,2.08651972,0.50625,4040,1138,40.4,1.704828,0.50625,5016,581,50.5,1.20316017,0.50625,3939,390,40.4,1.02239537,0.50625,3974,715,40.4,1.33739328,0.50625,5050,1990,50.5,2.234587,0.50625,3897,252,40.4,0.9024947,0.50625,3917,277,40.4,0.902147353,0.50625,59.2500076,53.1250038,99.9982758,29.979393,6.901371,81.2873459,11.2952957,3.58546829,75.90535,44,0.25,0,55,0,85,0.416,1.01,16,16,16,32,48,30,295,160,130,0,0,0,16,43.75,0.25,0,55,0,85,0.416,1.01,16,16,16,32,48,30,295,160,130,0,0,0,16,512,-1,485.785156,485.480469,0.3046875,0.5,7618.451,7618.951,0,0,0,0,0,0,0,0,0,0,0,0,512,600,1200,3000,55,0.75000006,1.30500007,0,1,16,57,2835,10451.9824,1069,1067,33,33,70,52,0,1,63.209,61.31,1.09,13291.09,438.8672,64.77961,0,0,0,0.0267536212,0,0,0,0,0,0,0,0,0,65.90625,70,16376,2784,13591,82.99784,186.37,243099648,7.154995E+07
05/28/2026 22:19:43,52,64,0,60,65,59,59,59,59,75,12.12,5.03,1.312,1.396,1.01200008,0.354,0.616000056,3.288,2.046,0,3.37600017,3.37600017,3.124,58,50.5,51.5,48.5,1146,849,0,909,832,0,0,0,0,0,39.06,26.56,14.29,11.11,15.62,40.62,11.11,6.35,20.59,40.62,39.5289078,3594,862,4850,1648,48.5,2.021958,0.64375,3233,1115,32.3333321,1.64249587,0.64375,3175,516,32.3333321,1.14857662,0.64375,3175,410,32.3333321,1.04627061,0.64375,3199,743,32.3333321,1.32605016,0.64375,4850,1923,48.5,2.18833232,0.64375,3136,305,32.3333321,0.9434744,0.64375,3133,234,32.3333321,0.863385439,0.64375,58.8750076,52.6250038,99.99825,29.9528313,6.92793274,81.2153244,11.2691956,3.61156845,75.72995,44,0.25,0,55,0,85,0.416,1.01,16,16,16,32,48,30,295,160,130,0,0,0,16,43.75,0.25,0,55,0,85,0.416,1.01,16,16,16,32,48,30,295,160,130,0,0,0,16,512,-1,485.785156,485.480469,0.3046875,0.5,7618.451,7618.951,0,0,0,0,0,0,0,0,0,0,0,0,512,600,1200,3000,55,0.784000039,1.30500007,0,1,16,56,2835,10451.9824,1072,1073,33,33,70,54,0,1,63.229,70.852,1.09,13291.09,438.8672,65.67493,0,0,0,0.0245788917,0,0,0,0,0,0,0,0,0,65.125,68,16376,2784,13591,82.99784,182.466,333599744,6.959923E+07
05/28/2026 22:19:45,51,64,0,59,65,58,58,58,58,74,12.12,5.03,1.312,1.396,1.014,0.34800002,0.616000056,3.288,2.046,0,3.37600017,3.37600017,3.124,58,50,51.5,48.5,1138,818,0,927,862,0,0,0,0,0,31.25,23.44,7.81,7.81,15.62,45.31,1.56,3.12,16.99,45.31,39.23241,4116,850,5050,1582,50.5,1.97894967,0.55,4040,1066,40.4,1.62032092,0.55,3948,497,40.4,1.1250571,0.55,3920,356,40.4,0.994250059,0.55,4040,686,40.4,1.2901603,0.55,4040,2080,40.4,2.2856462,0.55,3935,281,40.4,0.9121714,0.55,3955,250,40.4,0.8640227,0.55,58.6250076,54.0000038,99.99827,29.9883118,6.89245224,81.31152,11.3033028,3.57746124,75.95915,44,0.25,0,55,0,85,0.416,1.01,16,16,16,32,48,30,295,160,130,0,0,0,16,43.75,0.25,0,55,0,85,0.416,1.01,16,16,16,32,48,30,295,160,130,0,0,0,16,512,-1,485.785156,485.480469,0.3046875,0.5,7618.451,7618.951,0,0,0,0,0,0,0,0,0,0,0,0,512,600,1200,3000,55,1.08400011,1.30500007,0,8,16,56,2835,10451.9824,1077,1076,33,33,70,54,0,1,62.357,52.725,1.09,13291.09,438.8672,65.7202148,0,0,0,0.024541406,0,0,0,0,0,0,0,0,0,64.9375,70,16376,2784,13591,82.99784,182.061,146949120,9.689907E+07
05/28/2026 22:19:47,50,64,0,59,65,58,58,58,58,74,12.12,5.04,1.312,1.396,1.016,0.344,0.616000056,3.288,2.046,0,3.37600017,3.37600017,3.124,58,50,51.5,48.5,1119,818,0,920,836,0,0,0,0,0,20.31,23.44,9.38,7.81,9.38,26.56,3.12,1.56,12.7,26.56,39.3879128,3596,852,4850,1601,48.5,1.9850018,0.6375,3233,1159,32.3333321,1.7273562,0.6375,3193,501,32.3333321,1.13401484,0.6375,3164,380,32.3333321,1.026715,0.6375,3231,736,32.3333321,1.32786679,0.6375,4850,1886,48.5,2.21266079,0.6375,3135,306,32.3333321,0.9532757,0.6375,3113,246,32.3333321,0.864823937,0.6375,58.5000076,53.1250038,99.99826,29.9671936,6.9135704,81.2542648,11.2808418,3.59992218,75.80821,44,0.25,0,55,0,85,0.416,1.01,16,16,16,32,48,30,295,160,130,0,0,0,16,43.75,0.25,0,55,0,85,0.416,1.01,16,16,16,32,48,30,295,160,130,0,0,0,16,512,-1,485.785156,485.480469,0.3046875,0.5,7618.451,7618.951,0,0,0,0,0,0,0,0,0,0,0,0,512,600,1200,3000,55,1.079,1.30500007,0,12,16,56,2835,10451.9824,1077,1079,33,33,68,54,0,1,59.765,53.948,1.09,13291.09,438.8672,64.15827,0,0,0,0.0180975888,0,0,0,0,0,0,0,0,0,64.90625,70,16376,2784,13591,82.99784,173.354,2.397993E+08,6.994944E+07
05/28/2026 22:19:49,50,64,0,59,65,58,58,58,58,74,12.0960007,5.03,1.312,1.396,1.02200007,0.34,0.616000056,3.288,2.046,0,3.37600017,3.37200022,3.124,58,50.5,51.5,48.5,1117,849,0,906,853,0,0,0,0,0,41.54,28.12,7.81,7.81,15.62,39.06,6.25,4.69,18.86,41.54,39.42524,3611,880,4850,1919,48.5,2.30931449,0.5625,3233,1197,32.3333321,1.77434635,0.5625,3233,529,32.3333321,1.17565644,0.5625,3202,362,32.3333321,1.0211339,0.5625,3233,751,32.3333321,1.37851346,0.5625,4850,1753,48.5,2.12618947,0.5625,3151,264,32.3333321,0.9249175,0.5625,3137,262,32.3333321,0.8996038,0.5625,58.5000076,53.1250038,99.99827,29.9680977,6.91266632,81.2567139,11.2805252,3.6002388,75.80609,44,0.25,0,55,0,85,0.416,1.01,16,16,16,32,48,30,295,160,130,0,0,0,16,43.75,0.25,0,55,0,85,0.416,1.01,16,16,16,32,48,30,295,160,130,0,0,0,16,512,-1,485.785156,485.480469,0.3046875,0.5,7618.451,7618.951,0,0,0,0,0,0,0,0,0,0,0,0,512,600,1200,3000,55,0.989,1.30500007,0,15,16,56,2835,10451.9824,1079,1079,33,33,71,57,0,1,62.312,55.022,1.09,13291.09,438.8672,64.90001,0,0,0,0.0422237441,0,0,0,0,0,0,0,0,0,64.875,70,16376,2784,13591,82.99784,174.922,362399744,8.189952E+07
05/28/2026 22:19:51,50,64,0,59,65,58,58,58,58,75,12.12,5.03,1.312,1.396,1.0660001,0.346000016,0.616000056,3.288,2.046,0,3.37200022,3.37200022,3.12000012,63,50,51.5,48.5,1123,849,0,898,853,0,0,0,0,0,77.78,19.05,6.35,4.76,15.87,47.62,4.76,4.76,22.62,77.78,43.0872459,4200,1182,5050,3799,50.5,4.219607,0.55,5050,1050,50.5,1.80934608,0.55,3867,506,40.4,1.25441039,0.55,3799,333,40.4,1.06023645,0.525,3878,729,40.4,1.46553266,0.525,5050,2610,50.5,2.86272025,0.525,3745,210,40.4,0.923838735,0.525,3158,218,33.6666679,0.9210507,0.525,63.1250076,55.6250038,99.99826,30.0711784,6.80958557,81.53621,11.3208847,3.5598793,76.07731,44,0.25,0,55,0,85,0.416,1.01,16,16,16,32,48,30,295,160,130,0,0,0,16,43.75,0.25,0,55,0,85,0.416,1.01,16,16,16,32,48,30,295,160,130,0,0,0,16,512,-1,485.785156,485.480469,0.3046875,0.5,7618.451,7618.951,0,0,0,0,0,0,0,0,0,0,0,0,512,600,1200,3000,56,1.079,1.30500007,0,15,16,53,2835,10451.9824,1080,1078,33,33,33,26,0,1,39.689,38.56,1.09,13355.3438,438.8672,28.7112217,0,0,0,0.297846138,0,0,0,0,0,0.20304893,0,0,0,63.5,66,16376,2720,13655,83.39018,130.121,244899840,3.689984E+07
05/28/2026 22:19:53,51,64,0,60,65,62,62,62,62,78,12.144001,5.04,1.312,1.396,1.07,0.358,0.616000056,3.288,2.046,0,3.37600017,3.37600017,3.124,65,50.5,51.5,48.5,1129,849,0,917,831,0,0,0,0,0,77.78,20.63,3.17,7.94,7.94,49.21,0,0,20.83,77.78,43.34151,4024,1170,4975,3527,49.75,3.932476,0.525,5025,1137,50.25,1.86040568,0.53125,3796,453,40.2,1.22137272,0.53125,3196,369,33.5,1.10443652,0.53125,3890,660,40.2,1.4791,0.53125,5050,2803,50.5,3.11951542,0.53125,3143,219,33.6666679,0.9471856,0.53125,3117,195,33.6666679,0.91464597,0.53125,65.25001,59.3750038,99.99827,30.03984,6.84092331,81.45124,11.2959175,3.5848465,75.90953,44,0.25,0,55,0,85,0.416,1.01,16,16,16,32,48,30,295,160,130,0,0,0,16,43.75,0.25,0,55,0,85,0.416,1.01,16,16,16,32,48,30,295,160,130,0,0,0,16,512,-1,485.785156,485.480469,0.3046875,0.5,7618.451,7618.951,0,0,0,0,0,0,0,0,0,0,0,0,512,600,1200,3000,56,1.064,1.30500007,0,11,16,52,2670,10451.9824,1081,1079,33,33,31,24,0,0,32.567,32.528,0.975,13355.3438,438.8672,30.62159,0,0,0,0.319955528,0,0,0,0,0,0,0,0,0,62.03125,64,16376,2720,13655,83.39018,96.14,1.8365E+09,7.109939E+07
05/28/2026 22:19:55,52,64,0,61,66,66,66,66,66,82,12.144001,5.04,1.312,1.396,1.06800008,0.344,0.616000056,3.288,2.046,0,3.37600017,3.37600017,3.124,64,50.5,51.5,48.5,1158,819,0,915,861,0,0,0,0,0,55.56,25.4,6.35,11.11,15.87,71.43,6.35,4.76,24.6,71.43,42.5873756,3870,1220,4040,2834,40.4,2.76554418,0.525,4040,1090,40.4,1.79278159,0.525,3854,537,40.4,1.28899372,0.525,3868,517,40.4,1.2656796,0.525,3837,844,40.4,1.54876173,0.525,5050,3284,50.5,3.48485112,0.525,3129,345,33.6666679,1.08241034,0.525,3141,312,33.6666679,1.04282224,0.525,64.87501,53.6250038,99.99825,30.0784187,6.80234528,81.55585,11.3300476,3.5507164,76.1388855,44,0.25,0,55,0,85,0.416,1.01,16,16,16,32,48,30,295,160,130,0,0,0,16,43.75,0.25,0,55,0,85,0.416,1.01,16,16,16,32,48,30,295,160,130,0,0,0,16,512,-1,485.785156,485.480469,0.3046875,0.5,7618.451,7618.951,0,0,0,0,0,0,0,0,0,0,0,0,512,600,1200,3000,55,1.064,1.30500007,0,5,16,52,2820,10451.9824,1078,1080,33,33,38,30,0,1,41.543,35.978,1.07,13355.3438,438.8672,35.8408546,0,0,0,0.258363545,0,0,0,0,0,0,0,0,0,62.65625,66,16376,2720,13655,83.39018,113.712,224549888,65949696
05/28/2026 22:19:57,53,64,0,62,67,68,68,68,68,82,12.12,5.04,1.312,1.396,1.0660001,0.352000028,0.618000031,3.288,2.046,0,3.37600017,3.37200022,3.124,64,50.5,51.5,48.5,1169,817,0,919,872,0,0,0,0,0,56.25,23.44,10.94,9.38,10.94,78.12,7.81,3.12,25,78.12,42.6311226,3702,1190,4040,2590,40.4,2.44306,0.53125,4019,1172,40.4,1.79554093,0.53125,3185,573,33.6666679,1.29678965,0.53125,3140,436,33.6666679,1.18915975,0.53125,3918,720,40.4,1.50292385,0.53125,5050,3438,50.5,3.80604362,0.53125,3137,338,33.6666679,1.05797374,0.53125,3124,252,33.6666679,0.980237544,0.53125,64.50001,61.2500038,99.99826,30.0789757,6.80178833,81.55736,11.3333855,3.54737854,76.1613159,44,0.25,0,55,0,85,0.416,1.01,16,16,16,32,48,30,295,160,130,0,0,0,16,43.75,0.25,0,55,0,85,0.416,1.01,16,16,16,32,48,30,295,160,130,0,0,0,16,512,-1,485.785156,485.480469,0.3046875,0.5,7618.451,7618.951,0,0,0,0,0,0,0,0,0,0,0,0,512,600,1200,3000,56,1.064,1.30500007,0,18,16,53,2835,10451.9824,1077,1078,33,33,38,30,0,1,43.412,38.01,1.085,13355.3438,438.8672,35.7459,0,0,0,0.258670479,0,0,0,0,0,0,0,0,0,62.71875,66,16376,2720,13655,83.39018,125.037,223199232,6.779904E+07
05/28/2026 22:19:59,54,64,0,62,68,69,69,69,69,82,12.12,5.03,1.312,1.396,1.06800008,0.36,0.616000056,3.288,2.046,0,3.37600017,3.37600017,3.124,65,50.5,51.5,48.5,1194,849,0,947,882,0,0,0,0,0,79.69,17.19,6.15,4.62,10.94,46.88,1.54,6.15,21.64,79.69,43.6494827,3989,1186,5050,3752,50.5,4.184816,0.51875,4040,1091,40.4,1.81778538,0.51875,3167,510,33.6666679,1.26995075,0.51875,3162,360,33.6666679,1.11545324,0.51875,3850,733,40.4,1.51189733,0.51875,5050,2502,50.5,2.74558234,0.50625,3754,257,40.4,1.003414,0.50625,3840,285,40.4,1.0173794,0.50625,65.00001,61.5000038,99.99825,30.1218987,6.75886536,81.67374,11.3380356,3.54272842,76.1925659,44,0.25,0,55,0,85,0.416,1.01,16,16,16,32,48,30,295,160,130,0,0,0,16,43.75,0.25,0,55,0,85,0.416,1.01,16,16,16,32,48,30,295,160,130,0,0,0,16,512,-1,485.785156,485.480469,0.3046875,0.5,7618.451,7618.951,0,0,0,0,0,0,0,0,0,0,0,0,512,600,1200,3000,55,1.09,1.30500007,0,20,16,52,2730,10451.9824,1073,1075,33,33,37,29,0,1,38.554,37.996,1.015,13387.2227,438.8672,34.69739,0,0,0,0.329271585,0,0,0,0,0,0,0,0,0,62.21875,66,16376,2688,13687,83.58482,121.963,1.464494E+08,7.179981E+07
05/28/2026 22:20:01,55,64,0,63,69,70,70,70,70,83,12.144001,5.03,1.312,1.396,1.062,0.352000028,0.616000056,3.288,2.046,0,3.37200022,3.37200022,3.124,65,50.5,51.5,48.5,1234,850,0,937,864,0,0,0,0,0,62.5,10.94,3.12,1.56,9.38,56.25,3.12,1.56,18.55,62.5,43.2455,3765,1112,5050,3300,50.5,3.698707,0.54375,4040,933,40.4,1.64991415,0.54375,3169,487,33.6666679,1.23479772,0.54375,3114,315,33.6666679,1.04694569,0.54375,4726,727,49.75,1.45980632,0.53125,3980,2703,39.8,2.96252918,0.53125,3032,232,33.1666679,0.950431943,0.53125,3006,202,33.1666679,0.895472467,0.53125,65.25001,61.8750038,99.9982758,30.0887032,6.792061,81.58373,11.3130264,3.56773758,76.0245056,44,0.25,0,55,0,85,0.416,1.01,16,16,16,32,48,30,295,160,130,0,0,0,16,43.75,0.25,0,55,0,85,0.416,1.01,16,16,16,32,48,30,295,160,130,0,0,0,16,512,-1,485.785156,485.480469,0.3046875,0.5,7618.451,7618.951,0,0,0,0,0,0,0,0,0,0,0,0,512,600,1200,3000,55,1.06000006,1.30500007,0,18,16,51,2670,10451.9824,1071,1072,32,32,32,25,0,0,28.697,26.511,0.975,13387.2227,439.097656,31.1971054,0,0,0,0.300003231,0,0,0,0,0,0.0150930025,0,0,0,61.09375,64,16376,2688,13687,83.58482,95.998,122499072,32649216
05/28/2026 22:20:03,56,64,0,64,69,70,70,70,70,83,12.12,5.03,1.312,1.396,1.062,0.342,0.616000056,3.28400016,2.046,0,3.37600017,3.37600017,3.124,65,50.5,51.5,48.5,1256,818,0,949,878,0,0,0,0,0,64.06,20.31,4.69,6.25,18.75,64.06,3.12,3.12,23.05,64.06,43.0182838,3768,1125,4040,2509,40.4,2.74743366,0.54375,4040,948,40.4,1.678604,0.54375,4769,513,50.5,1.24503958,0.51875,3157,419,33.6666679,1.14737737,0.51875,3852,789,40.4,1.50935459,0.51875,4040,3294,40.4,3.67134833,0.51875,3117,278,33.6666679,0.9782094,0.51875,3128,253,33.6666679,0.959360659,0.51875,65.37501,54.7500038,99.99826,30.1252861,6.755478,81.68292,11.3437538,3.53701019,76.23099,44,0.25,0,55,0,85,0.416,1.01,16,16,16,32,48,30,295,160,130,0,0,0,16,43.75,0.25,0,55,0,85,0.416,1.01,16,16,16,32,48,30,295,160,130,0,0,0,16,512,-1,485.785156,485.480469,0.3046875,0.5,7618.451,7618.951,0,0,0,0,0,0,0,0,0,0,0,0,512,600,1200,3000,55,1.064,1.30500007,0,9,16,50,2670,10451.9824,1071,1070,32,32,30,23,0,0,35.107,41.874,0.975,13387.2227,439.957031,31.81949,0,0,0,0.286045223,0,0,0,0,0,0.01556482,0,0,0,60.75,64,16376,2688,13687,83.58482,89.206,245549056,9.374925E+07
05/28/2026 22:20:05,58,64,0,65,70,70,70,70,70,83,12.12,5.04,1.31000006,1.396,1.064,0.34800002,0.616000056,3.288,2.046,0,3.37600017,3.37600017,3.124,65,50.5,51.5,48.5,1260,818,0,973,912,0,0,0,0,0,64.06,20.31,9.38,10.94,18.75,56.25,7.81,3.12,23.83,64.06,42.66625,3924,1052,4950,2669,49.5,2.876155,0.51875,4908,795,49.5,1.51684916,0.51875,3716,448,39.6,1.15682328,0.51875,3019,282,33,0.973917365,0.51875,3766,723,39.6,1.4248513,0.51875,5000,3102,50,3.50418782,0.53125,3005,207,33.3333321,0.87344265,0.53125,3032,192,33.3333321,0.850102842,0.53125,65.62501,57.1250038,99.99825,30.11776,6.7630043,81.66251,11.3429337,3.53783035,76.22548,44,0.25,0,55,0,85,0.416,1.01,16,16,16,32,48,30,295,160,130,0,0,0,16,43.75,0.25,0,55,0,85,0.416,1.01,16,16,16,32,48,30,295,160,130,0,0,0,16,512,-1,485.785156,485.480469,0.3046875,0.5,7618.451,7618.951,0,0,0,0,0,0,0,0,0,0,0,0,512,600,1200,3000,56,1.069,1.30500007,0,15,16,51,2790,10451.9824,1066,1069,32,32,25,20,0,0,34.088,34.187,1.05,13387.2227,439.957031,24.98691,0,0,0,0.228547812,0,0,0,0,0,0,0,0,0,60.875,62,16376,2688,13687,83.58482,95.355,191049728,33399808
05/28/2026 22:20:07,59,64,0,65,71,72,72,72,72,85,12.144001,5.04,1.312,1.396,1.056,0.344,0.616000056,3.288,2.046,0,3.37600017,3.37600017,3.124,65,50,51.5,48.5,1290,818,0,964,900,0,0,0,0,0,61.54,16.92,4.62,3.08,7.69,55.38,3.08,3.08,19.42,61.54,42.8001556,3844,1055,5025,3022,50.25,3.21905327,0.53125,4020,906,40.2,1.5890131,0.53125,3734,405,40.2,1.09341884,0.5375,3094,314,33.5,0.9951462,0.5375,3169,657,33.5,1.382299,0.5375,5025,2728,50.25,3.129386,0.5375,3639,221,40.2,0.868083537,0.5375,3047,184,33.5,0.8219465,0.5375,66.00001,61.0000038,99.99826,30.1261177,6.7546463,81.68518,11.3443832,3.53638077,76.23522,44,0.25,0,55,0,85,0.416,1.01,16,16,16,32,48,30,295,160,130,0,0,0,16,43.75,0.25,0,55,0,85,0.416,1.01,16,16,16,32,48,30,295,160,130,0,0,0,16,512,-1,485.785156,485.480469,0.3046875,0.5,7618.451,7618.951,0,0,0,0,0,0,0,0,0,0,0,0,512,600,1200,3000,56,1.05000007,1.30500007,0,15,16,49,2670,10451.9824,1064,1064,32,32,27,20,0,0,28.17,30.268,0.975,13387.2227,439.957031,23.1615562,0,0,0,0.219316453,0,0,0,0,0,0,0,0,0,60,62,16376,2688,13687,83.58482,82.337,120849408,64999424
05/28/2026 22:20:09,60,64,0,66,72,70,70,70,70,83,12.144001,5.03,1.312,1.396,1.0660001,0.350000024,0.616000056,3.288,2.046,0,3.37600017,3.37600017,3.124,65,50,51.5,48.5,1312,849,0,972,908,0,0,0,0,0,68.25,17.46,9.52,4.76,15.87,53.97,3.17,3.17,22.02,68.25,43.2816,4137,1173,5050,3452,50.5,3.85073638,0.53125,4040,1072,40.4,1.8610692,0.53125,3838,546,40.4,1.31976187,0.53125,3793,395,40.4,1.160947,0.53125,3858,772,40.4,1.53301024,0.53125,5050,2643,50.5,2.96626449,0.53125,3719,259,40.4,1.01476264,0.53125,3751,246,40.4,0.98545593,0.53125,65.37501,61.2500038,99.99826,30.1190186,6.76174545,81.6659241,11.34412,3.536644,76.23345,44,0.25,0,55,0,85,0.416,1.01,16,16,16,32,48,30,295,160,130,0,0,0,16,43.75,0.25,0,55,0,85,0.416,1.01,16,16,16,32,48,30,295,160,130,0,0,0,16,512,-1,485.785156,485.480469,0.3046875,0.5,7618.451,7618.951,0,0,0,0,0,0,0,0,0,0,0,0,512,600,1200,3000,56,1.069,1.30500007,0,12,16,50,2715,10451.9824,1061,1060,32,32,38,29,0,1,36.959,41.174,1,13387.2227,439.957031,36.4749,0,0,0,0.3383849,0,0,0,0,0,0,0,0,0,60.28125,62,16376,2688,13687,83.58482,101.666,239949824,6.559949E+07
05/28/2026 22:20:11,61,64,0,67,73,70,70,70,70,83,12.12,5.03,1.312,1.396,1.06800008,0.34800002,0.616000056,3.288,2.046,0,3.37600017,3.37600017,3.124,64,50.5,51.5,48.5,1343,849,0,994,936,0,0,0,0,0,61.54,21.54,1.54,3.08,6.15,49.23,4.62,1.54,18.65,61.54,43.21467,3818,1202,5050,3036,50.5,3.308885,0.51875,4040,1226,40.4,1.96501172,0.51875,3165,578,33.6666679,1.34045053,0.51875,3158,440,33.6666679,1.20445776,0.51875,3880,846,40.4,1.61737347,0.51875,5050,2924,50.5,3.296664,0.525,3119,318,33.6666679,1.06867683,0.525,3080,252,33.6666679,0.9922219,0.525,64.87501,58.6250038,99.99827,30.1280136,6.7527504,81.69032,11.3463783,3.53438568,76.24863,44,0.25,0,55,0,85,0.416,1.01,16,16,16,32,48,30,295,160,130,0,0,0,16,43.75,0.25,0,55,0,85,0.416,1.01,16,16,16,32,48,30,295,160,130,0,0,0,16,512,-1,485.785156,485.480469,0.3046875,0.5,7618.451,7618.951,0,0,0,0,0,0,0,0,0,0,0,0,512,600,1200,3000,55,1.06000006,1.30500007,0,15,16,51,2835,10451.9824,1055,1054,32,32,46,35,0,1,44.701,42.073,1.085,13387.2227,440.613281,36.9421158,0,0,0,0.224551618,0,0,0,0,0,0.02980879,0,0,0,60.9375,64,16376,2688,13687,83.58482,112.502,389449728,7.829914E+07
05/28/2026 22:20:13,60,64,0,67,73,67,67,67,67,81,12.12,5.03,1.312,1.396,1.06000006,0.34800002,0.616000056,3.288,2.046,0,3.37600017,3.37600017,3.124,63,50.5,51.5,48.5,1351,817,0,994,951,0,0,0,0,0,54.69,21.88,7.81,6.25,17.19,62.5,6.25,3.12,22.46,62.5,41.862606,3976,1136,5025,2480,50.25,2.406338,0.51875,4020,1202,40.2,1.82936168,0.51875,3792,540,40.2,1.26699483,0.51875,3796,428,40.2,1.15581739,0.51875,3844,912,40.2,1.58975327,0.51875,5050,2942,50.5,3.12487531,0.53125,3138,312,33.6666679,1.04203176,0.53125,3146,270,33.6666679,0.98838836,0.53125,63.2500076,57.7500038,99.99827,30.1189919,6.761772,81.6658554,11.3454475,3.53531647,76.24237,44,0.25,0,55,0,85,0.416,1.01,16,16,16,32,48,30,295,160,130,0,0,0,16,43.75,0.25,0,55,0,85,0.416,1.01,16,16,16,32,48,30,295,160,130,0,0,0,16,512,-1,485.785156,485.480469,0.3046875,0.5,7618.451,7618.951,0,0,0,0,0,0,0,0,0,0,0,0,512,600,1200,3000,55,1.064,1.30500007,0,9,16,52,2835,10451.9824,1051,1051,32,32,42,33,0,1,44.291,41.454,1.085,13387.2227,440.613281,33.96239,0,0,0,0.0144429458,0,0,0,0,0,0,0,0,0,61,62,16376,2688,13687,83.58482,124.951,249499648,7.814963E+07
05/28/2026 22:20:15,59,64,0,66,72,66,66,66,66,80,12.12,5.03,1.312,1.396,1.064,0.342,0.616000056,3.288,2.046,0,3.37600017,3.37200022,3.124,62,50.5,51.5,48.5,1325,818,0,1009,934,0,0,0,0,0,52.31,23.08,9.23,10.94,10.77,64.62,6.25,4.69,22.73,64.62,42.4865265,3958,1207,5050,2593,50.5,2.798356,0.51875,4040,1428,40.4,2.04686117,0.51875,3776,588,40.4,1.353005,0.51875,3785,452,40.4,1.20920968,0.51875,3811,853,40.4,1.60674119,0.51875,5050,3197,50.5,3.31387019,0.51875,3081,277,33.6666679,1.04049718,0.51875,3069,269,33.6666679,1.01804531,0.51875,62.7500076,59.3750038,99.9982758,30.0902786,6.79048538,81.5880051,11.31847,3.562294,76.06108,44,0.25,0,55,0,85,0.416,1.01,16,16,16,32,48,30,295,160,130,0,0,0,16,43.75,0.25,0,55,0,85,0.416,1.01,16,16,16,32,48,30,295,160,130,0,0,0,16,512,-1,485.785156,485.480469,0.3046875,0.5,7618.451,7618.951,0,0,0,0,0,0,0,0,0,0,0,0,512,600,1200,3000,56,1.06000006,1.30500007,0,11,16,51,2835,10451.9824,1048,1046,32,32,42,33,0,1,43.726,41.307,1.085,13387.2227,440.613281,32.0129128,0,0,0,0.0151081793,0,0,0,0,0,0,0,0,0,60.96875,62,16376,2688,13687,83.58482,122.709,247699456,7.704986E+07
05/28/2026 22:20:17,58,64,0,65,71,65,65,65,65,79,12.12,5.03,1.312,1.396,1.062,0.34800002,0.616000056,3.288,2.046,0,3.37600017,3.37600017,3.124,62,50,51.5,48.5,1301,817,0,984,948,0,0,0,0,0,68.75,28.12,14.06,6.25,17.19,42.19,3.12,6.25,23.24,68.75,41.44848,3896,1097,5050,2730,50.5,3.013589,0.55625,4018,1339,40.4,1.95689678,0.55625,3720,435,40.4,1.19415867,0.55625,3155,417,33.6666679,1.15565872,0.55625,3827,838,40.4,1.57131541,0.55,4040,2511,40.4,2.40407324,0.55,3664,263,40.4,1.00375724,0.55,3691,245,40.4,0.9644559,0.55,61.8750076,55.3750038,99.99826,30.0900917,6.7906723,81.5874939,11.314045,3.566719,76.03134,44,0.25,0,55,0,85,0.416,1.01,16,16,16,32,48,30,295,160,130,0,0,0,16,43.75,0.25,0,55,0,85,0.416,1.01,16,16,16,32,48,30,295,160,130,0,0,0,16,512,-1,485.785156,485.480469,0.3046875,0.5,7618.451,7618.951,0,0,0,0,0,0,0,0,0,0,0,0,512,600,1200,3000,55,1.069,1.30500007,0,12,16,52,2835,10451.9824,1043,1042,31,31,42,33,0,1,44.515,42.025,1.085,13388.16,440.3828,32.79255,0,0,0,0.0156985428,0,0,0,0,0,0.02881263,0,0,0,60.875,62,16376,2687,13688,83.59055,122.965,237649920,7.329997E+07
05/28/2026 22:20:19,57,64,0,64,70,63,63,63,63,78,12.12,5.03,1.312,1.396,1.062,0.344,0.616000056,3.288,2.046,0,3.37600017,3.37600017,3.124,61,50,51.5,48.5,1269,849,0,966,911,0,0,0,0,0,71.88,20.31,15.62,7.81,15.62,40.62,1.56,6.25,22.46,71.88,41.78094,3993,1116,5050,2917,50.5,3.11569619,0.55,4040,1226,40.4,1.87705553,0.55625,3788,542,40.4,1.28558445,0.55625,3793,460,40.4,1.19482231,0.55625,3793,815,40.4,1.54826665,0.55625,4040,2386,40.4,2.334629,0.55625,3684,287,40.4,1.025072,0.55625,3755,298,40.4,1.01043046,0.55625,61.3750076,54.1250038,99.99827,30.0925064,6.7882576,81.59404,11.3161278,3.56463623,76.04534,44,0.25,0,55,0,85,0.416,1.01,16,16,16,32,48,30,295,160,130,0,0,0,16,43.75,0.25,0,55,0,85,0.416,1.01,16,16,16,32,48,30,295,160,130,0,0,0,16,512,-1,485.785156,485.480469,0.3046875,0.5,7618.451,7618.951,0,0,0,0,0,0,0,0,0,0,0,0,512,600,1200,3000,55,1.05500007,1.30500007,0,9,16,51,2835,10451.9824,1042,1039,31,31,42,33,0,1,44.529,45.654,1.085,13388.16,440.3828,34.9006042,0,0,0,0.0139338691,0,0,0,0,0,0,0,0,0,60.78125,62,16376,2687,13688,83.59055,125.368,238849024,7.434957E+07
05/28/2026 22:20:21,56,64,0,63,69,63,63,63,63,78,12.12,5.03,1.312,1.396,1.0660001,0.36,0.616000056,3.288,2.046,0,3.37600017,3.37600017,3.124,61,50,51.5,48.5,1246,849,0,978,925,0,0,0,0,0,62.5,21.88,10.94,14.06,18.75,53.12,9.38,4.69,24.41,62.5,41.70432,4356,1104,5050,2651,50.5,2.93543625,0.5375,5029,1195,50.5,1.87771666,0.5375,3750,511,40.4,1.27572787,0.5375,3789,451,40.4,1.20082581,0.5375,4778,839,50.5,1.58706188,0.5375,5050,2566,50.5,2.43620253,0.5375,3697,330,40.4,1.04873645,0.5375,3703,290,40.4,1.01453948,0.5375,61.1250076,53.6250038,99.99826,30.1198,6.76096344,81.66805,11.3424759,3.538288,76.2224045,44,0.25,0,55,0,85,0.416,1.01,16,16,16,32,48,30,295,160,130,0,0,0,16,43.75,0.25,0,55,0,85,0.416,1.01,16,16,16,32,48,30,295,160,130,0,0,0,16,512,-1,485.785156,485.480469,0.3046875,0.5,7618.451,7618.951,0,0,0,0,0,0,0,0,0,0,0,0,512,600,1200,3000,56,1.064,1.30500007,0,18,16,51,2835,10451.9824,1038,1036,31,31,42,33,0,1,43.976,46.37,1.085,13388.16,440.3828,34.1775742,0,0,0,0.0145878447,0,0,0,0,0,0,0,0,0,60.84375,62,16376,2687,13688,83.59055,125.102,237449216,108049408
05/28/2026 22:20:23,55,64,0,63,69,63,63,63,63,78,12.12,5.03,1.312,1.396,1.064,0.352000028,0.616000056,3.288,2.046,0,3.37600017,3.37600017,3.124,61,50,51.5,48.5,1219,818,0,950,915,0,0,0,0,0,65.62,21.88,3.12,4.69,12.5,57.81,4.69,0,21.29,65.62,42.10518,4204,1144,5025,2460,50.25,2.608714,0.54375,5025,1336,50.25,1.97424853,0.54375,3761,518,40.2,1.29053891,0.54375,3779,467,40.2,1.23980653,0.54375,4824,864,50.5,1.6068815,0.5375,5050,2949,50.5,3.02297044,0.5375,3103,300,33.6666679,1.05381823,0.5375,3064,261,33.6666679,1.01078486,0.5375,61.2500076,54.1250038,99.9982452,30.090271,6.790493,81.58798,11.3163567,3.56440735,76.046875,44,0.25,0,55,0,85,0.416,1.01,16,16,16,32,48,30,295,160,130,0,0,0,16,43.75,0.25,0,55,0,85,0.416,1.01,16,16,16,32,48,30,295,160,130,0,0,0,16,512,-1,485.785156,485.480469,0.3046875,0.5,7618.451,7618.951,0,0,0,0,0,0,0,0,0,0,0,0,512,600,1200,3000,55,1.08400011,1.30500007,0,7,16,51,2835,10451.9824,1035,1035,31,31,42,33,0,1,43.262,47.829,1.085,13388.16,440.3828,33.5003433,0,0,0,0.0140983434,0,0,0,0,0,0,0,0,0,60.53125,62,16376,2687,13688,83.59055,123.625,267799552,9.894912E+07
05/28/2026 22:20:25,55,64,0,63,69,63,63,63,63,78,12.12,5.04,1.312,1.396,1.054,0.342,0.616000056,3.288,2.046,0,3.37200022,3.37200022,3.124,61,50,51.5,48.5,1212,817,0,950,911,0,0,0,0,0,67.19,25,3.12,1.56,20.31,67.19,1.56,3.12,23.63,67.19,41.7818451,4096,1117,5050,2183,50.5,2.38986969,0.5375,5050,1262,50.5,1.90715921,0.5375,3735,460,40.4,1.21686721,0.5375,3751,434,40.4,1.18231809,0.525,3874,828,40.4,1.55990112,0.525,5050,3112,50.5,3.056877,0.55,3111,334,33.6666679,1.05995572,0.55,3148,322,33.6666679,1.055171,0.55,61.3750076,53.6250038,99.99826,30.1184311,6.762333,81.66434,11.3440361,3.536728,76.23289,44,0.25,0,55,0,85,0.416,1.01,16,16,16,32,48,30,295,160,130,0,0,0,16,43.75,0.25,0,55,0,85,0.416,1.01,16,16,16,32,48,30,295,160,130,0,0,0,16,512,-1,485.785156,485.480469,0.3046875,0.5,7618.451,7618.951,0,0,0,0,0,0,0,0,0,0,0,0,512,600,1200,3000,55,1.05000007,1.30500007,0,7,16,51,2835,10451.9824,1031,1029,31,31,41,32,0,1,43.673,48.724,1.085,13388.16,440.3828,33.877018,0,0,0,0.0152285555,0,0,0,0,0,0,0,0,0,60.6875,62,16376,2687,13688,83.59055,124.079,234249216,7.309926E+07
05/28/2026 22:20:27,55,64,0,63,69,63,63,63,63,78,12.144001,5.03,1.312,1.396,1.0660001,0.344,0.616000056,3.288,2.046,0,3.37600017,3.37600017,3.124,61,50.5,51.5,48.5,1208,849,0,949,910,0,0,0,0,0,42.19,23.44,6.25,9.38,14.06,75,1.56,1.56,21.68,75,42.44719,3860,1171,4040,2113,40.4,2.37005162,0.55,4040,1351,40.4,2.03528452,0.55,3795,513,40.4,1.27856672,0.55,3826,481,40.4,1.234342,0.55,3925,876,40.4,1.60687339,0.55,5050,3469,50.5,3.38697886,0.51875,3094,290,33.6666679,1.04032779,0.51875,3106,275,33.6666679,1.02563775,0.51875,61.7500076,59.8750038,99.99826,30.1237869,6.756977,81.6788559,11.3475571,3.533207,76.256546,44,0.25,0,55,0,85,0.416,1.01,16,16,16,32,48,30,295,160,130,0,0,0,16,43.75,0.25,0,55,0,85,0.416,1.01,16,16,16,32,48,30,295,160,130,0,0,0,16,512,-1,485.785156,485.480469,0.3046875,0.5,7618.451,7618.951,0,0,0,0,0,0,0,0,0,0,0,0,512,600,1200,3000,56,1.04500008,1.30500007,0,7,16,50,2835,10451.9824,1028,1027,31,31,41,32,0,1,43.569,49.824,1.085,13388.16,440.3828,35.8525467,0,0,0,0.01472203,0,0,0,0,0,0,0,0,0,60.53125,62,16376,2687,13688,83.59055,125.43,320399360,7.364915E+07
05/28/2026 22:20:29,55,64,0,63,69,63,63,63,63,78,12.144001,5.03,1.312,1.396,1.064,0.358,0.616000056,3.292,2.046,0,3.37200022,3.37200022,3.124,61,50,51.5,48.5,1212,849,0,964,887,0,0,0,0,0,40.62,23.44,3.12,6.25,14.06,48.44,4.69,4.69,18.16,48.44,42.1639,4007,1124,5050,2543,50.5,2.89311266,0.54375,4040,1425,40.4,2.02721119,0.51875,3785,520,40.4,1.29138625,0.51875,3125,444,33.6666679,1.20620346,0.51875,4818,849,50.5,1.61545873,0.51875,5050,2652,50.5,2.492609,0.51875,3096,304,33.6666679,1.04785168,0.51875,3092,255,33.6666679,0.992531955,0.51875,61.3750076,53.6250038,99.99827,30.1241379,6.756626,81.67981,11.3494377,3.53132629,76.26919,44,0.25,0,55,0,85,0.416,1.01,16,16,16,32,48,30,295,160,130,0,0,0,16,43.75,0.25,0,55,0,85,0.416,1.01,16,16,16,32,48,30,295,160,130,0,0,0,16,512,-1,485.785156,485.480469,0.3046875,0.5,7618.451,7618.951,0,0,0,0,0,0,0,0,0,0,0,0,512,600,1200,3000,55,1.069,1.30500007,0,11,16,50,2835,10451.9824,1026,1027,31,31,41,32,0,1,42.802,50.482,1.085,13388.16,440.3828,36.3263245,0,0,0,0.0145812156,0,0,0,0,0,0,0,0,0,60.46875,62,16376,2687,13688,83.59055,123.943,3.429499E+08,7.404954E+07
05/28/2026 22:20:31,55,64,0,63,69,63,63,63,63,78,12.12,5.04,1.312,1.396,1.062,0.344,0.616000056,3.28400016,2.046,0,3.37600017,3.37600017,3.124,61,50,51.5,48.5,1223,849,0,965,887,0,0,0,0,0,46.88,17.19,7.81,3.12,9.38,45.31,3.12,0,16.6,46.88,41.8465,3856,1111,4040,2453,40.4,2.80825114,0.55,4040,1494,40.4,2.057407,0.55,3770,507,40.4,1.24098957,0.55,3761,396,40.4,1.15267968,0.55,3894,800,40.4,1.54512835,0.54375,4040,2779,40.4,2.69042516,0.54375,3658,252,40.4,0.9856496,0.54375,3645,208,40.4,0.9437002,0.54375,61.1250076,53.6250038,99.99827,30.09225,6.788513,81.59335,11.3196831,3.561081,76.06923,44,0.25,0,55,0,85,0.416,1.01,16,16,16,32,48,30,295,160,130,0,0,0,16,43.75,0.25,0,55,0,85,0.416,1.01,16,16,16,32,48,30,295,160,130,0,0,0,16,512,-1,485.785156,485.480469,0.3046875,0.5,7618.451,7618.951,0,0,0,0,0,0,0,0,0,0,0,0,512,600,1200,3000,55,1.074,1.30500007,0,7,16,50,2835,10451.9824,1024,1024,31,31,41,32,0,1,42.796,51.315,1.085,13388.16,440.390625,36.30826,0,0,0,0.01331501,0,0,0,0,0,0,0,0,0,60.40625,62,16376,2687,13688,83.59055,122.843,234749952,7.309926E+07
05/28/2026 22:20:33,55,64,0,63,69,63,63,63,63,78,12.12,5.03,1.312,1.396,1.06000006,0.34800002,0.616000056,3.288,2.046,0,3.37600017,3.37600017,3.124,60,50.5,51.5,48.5,1212,817,0,965,910,0,0,0,0,0,35.94,18.75,9.38,4.69,12.5,46.88,4.69,6.25,17.38,46.88,41.91445,4079,1113,5000,2674,50,2.89955544,0.5125,4000,1388,40,1.99126446,0.5125,3744,507,40,1.25644326,0.5125,3778,431,40.4,1.17013621,0.5125,4836,820,50.5,1.56305385,0.53125,5050,2494,50.5,2.42134356,0.5375,3063,293,33.6666679,1.02381146,0.51875,3163,295,33.6666679,1.02055192,0.51875,60.8750076,58.6250038,99.99825,30.0909615,6.78980255,81.58986,11.3166656,3.56409836,76.04895,44,0.25,0,55,0,85,0.416,1.01,16,16,16,32,48,30,295,160,130,0,0,0,16,43.75,0.25,0,55,0,85,0.416,1.01,16,16,16,32,48,30,295,160,130,0,0,0,16,512,-1,485.785156,485.480469,0.3046875,0.5,7618.451,7618.951,0,0,0,0,0,0,0,0,0,0,0,0,512,600,1200,3000,55,1.064,1.30500007,0,7,16,50,2835,10451.9824,1020,1020,31,31,40,32,0,1,43.416,39.488,1.085,13388.16,440.390625,36.5134468,0,0,0,0.0147193586,0,0,0,0,0,0,0,0,0,60.375,62,16376,2687,13688,83.59055,124.898,231999488,7.334912E+07
05/28/2026 22:20:35,54,64,0,62,68,62,62,62,62,77,12.144001,5.03,1.312,1.396,1.05800009,0.34800002,0.616000056,3.292,2.046,0,3.37600017,3.37600017,3.124,60,50,51.5,48.5,1202,818,0,943,906,0,0,0,0,0,41.27,15.87,7.94,4.76,14.29,61.9,4.76,1.59,19.05,61.9,41.80481,3976,1114,5050,2309,50.5,2.59094,0.55,4040,1206,40.4,1.88664639,0.55625,3771,511,40.4,1.26717365,0.55625,3809,451,40.4,1.20292127,0.55625,3894,852,40.4,1.58094585,0.55625,5050,2971,50.5,2.83683443,0.53125,3109,358,33.6666679,1.0935173,0.53125,3084,258,33.6666679,0.9901619,0.53125,60.8750076,56.8750038,99.99827,30.12431,6.75645447,81.680275,11.3488922,3.5318718,76.26552,44,0.25,0,55,0,85,0.416,1.01,16,16,16,32,48,30,295,160,130,0,0,0,16,43.75,0.25,0,55,0,85,0.416,1.01,16,16,16,32,48,30,295,160,130,0,0,0,16,512,-1,485.785156,485.480469,0.3046875,0.5,7618.451,7618.951,0,0,0,0,0,0,0,0,0,0,0,0,512,600,1200,3000,55,1.005,1.30500007,0,6,16,50,2835,10451.9824,1019,1018,30,30,41,32,0,1,43.22,40.664,1.085,13388.16,440.390625,36.1144371,0,0,0,0.0144908717,0,0,0,0,0,0,0,0,0,60.25,62,16376,2687,13688,83.59055,125.289,233099264,7.33993E+07
05/28/2026 22:20:37,54,64,0,62,68,63,63,63,63,78,12.144001,5.03,1.312,1.396,1.064,0.354,0.616000056,3.288,2.046,0,3.37600017,3.37600017,3.124,61,50.5,51.5,48.5,1190,849,0,936,899,0,0,0,0,0,42.19,26.56,14.06,12.5,18.75,56.25,4.69,4.69,22.46,56.25,42.21932,4110,1168,4040,2428,40.4,2.61268163,0.525,4040,1306,40.4,1.9909035,0.525,3797,590,40.4,1.34387434,0.525,4698,444,50.5,1.19462442,0.525,3865,842,40.4,1.5771879,0.525,5050,3165,50.5,3.23180914,0.525,3685,306,40.4,1.05341434,0.525,3703,260,40.4,0.9976995,0.525,61.3750076,55.6250038,99.99827,30.0917053,6.78905869,81.59187,11.31945,3.56131363,76.06767,44,0.25,0,55,0,85,0.416,1.01,16,16,16,32,48,30,295,160,130,0,0,0,16,43.75,0.25,0,55,0,85,0.416,1.01,16,16,16,32,48,30,295,160,130,0,0,0,16,512,-1,485.785156,485.480469,0.3046875,0.5,7618.451,7618.951,0,0,0,0,0,0,0,0,0,0,0,0,512,600,1200,3000,56,1.064,1.30500007,0,12,16,51,2835,10451.9824,1013,1015,30,30,43,34,0,1,39.739,51.279,1.085,13388.16,440.390625,35.496685,0,0,0,0.0144869182,0,0,0,0,0,0,0,0,0,60.21875,62,16376,2687,13688,83.59055,123.518,2.598994E+08,100349952
05/28/2026 22:20:39,55,64,0,63,69,65,65,65,65,80,12.144001,5.04,1.312,1.396,1.062,0.358,0.616000056,3.288,2.046,0,3.38,3.37600017,3.124,64,50.5,51.5,48.5,1225,849,0,956,877,0,0,0,0,0,42.19,23.44,4.69,3.12,7.81,64.06,1.56,3.12,18.75,64.06,42.63055,4051,1125,5025,2523,50.25,2.83795476,0.55,4020,1226,40.2,1.93911517,0.55,3689,469,40.2,1.190735,0.55,3650,319,40.2,1.04951429,0.55,3751,692,40,1.41622436,0.54375,5025,3253,50.25,3.56565,0.54375,3619,284,40.2,0.9912904,0.54375,3628,236,40.2,0.9461171,0.54375,64.12501,59.1250038,99.9982452,29.83739,7.043373,80.90231,11.0718689,3.808895,74.4039,44,0.25,0,55,0,85,0.416,1.01,16,16,16,32,48,30,295,160,130,0,0,0,16,43.75,0.25,0,55,0,85,0.416,1.01,16,16,16,32,48,30,295,160,130,0,0,0,16,512,-1,485.785156,485.480469,0.3046875,0.5,7618.451,7618.951,0,0,0,0,0,0,0,0,0,0,0,0,512,600,1200,3000,56,1.05500007,1.30500007,0,14,16,50,2835,10451.9824,1011,1013,30,30,30,25,0,0,38.508,50.554,1.085,13388.16,440.390625,28.61139,0,0,0,0.01916241,0,0,0,0,0,0,0,0,0,59.9375,62,16376,2687,13688,83.59055,109.39,116499456,7.119974E+07
05/28/2026 22:20:41,56,64,0,64,70,68,68,68,68,82,12.144001,5.03,1.312,1.396,1.06000006,0.344,0.616000056,3.288,2.046,0,3.37600017,3.37200022,3.124,64,50,51.5,48.5,1238,818,0,961,880,0,0,0,0,0,67.19,20.31,12.5,10.94,18.75,53.12,6.25,7.81,24.61,67.19,42.7059479,4012,1143,5050,3297,50.5,3.63052773,0.54375,4040,1325,40.4,2.01683927,0.54375,3136,509,33.6666679,1.24131048,0.54375,3738,406,40.4,1.13067687,0.5375,3783,746,40.4,1.4681195,0.5375,5050,2316,50.5,2.626382,0.5375,3644,270,40.4,0.985553443,0.5375,3656,274,40.4,0.9736282,0.5375,64.87501,62.8750038,99.99826,29.8075981,7.073166,80.82153,11.0458946,3.83486938,74.2293549,44,0.25,0,55,0,85,0.416,1.01,16,16,16,32,48,30,295,160,130,0,0,0,16,43.75,0.25,0,55,0,85,0.416,1.01,16,16,16,32,48,30,295,160,130,0,0,0,16,512,-1,485.785156,485.480469,0.3046875,0.5,7618.451,7618.951,0,0,0,0,0,0,0,0,0,0,0,0,512,600,1200,3000,55,1.04500008,1.30500007,0,11,16,49,2670,10451.9824,1008,1009,30,30,34,27,0,0,31.328,38.354,0.975,13388.16,440.476563,28.9315071,0,0,0,0.0184012055,0,0,0,0,0,0,0,0,0,58.84375,60,16376,2687,13688,83.59055,90.609,232949760,7.124992E+07
05/28/2026 22:20:43,58,64,0,65,71,70,70,70,70,83,12.144001,5.03,1.312,1.396,1.06000006,0.344,0.616000056,3.288,2.046,0,3.37600017,3.37600017,3.124,64,50.5,51.5,48.5,1267,817,0,972,893,0,0,0,0,0,54.69,21.88,9.38,12.5,20.31,54.69,4.69,6.25,23.05,54.69,42.4326668,3978,1120,4040,2943,40.4,3.31408215,0.51875,4022,1044,40.4,1.77639711,0.51875,3761,541,40.4,1.28685033,0.51875,3761,507,40.4,1.24184775,0.51875,3801,815,40.4,1.52454889,0.51875,5050,2508,50.5,2.544345,0.51875,3679,308,40.4,1.03366029,0.5375,3712,294,40.4,1.00110877,0.5375,64.75001,57.5000038,99.99826,29.8340874,7.04667664,80.89336,11.0699806,3.81078339,74.39121,44,0.25,0,55,0,85,0.416,1.01,16,16,16,32,48,30,295,160,130,0,0,0,16,43.75,0.25,0,55,0,85,0.416,1.01,16,16,16,32,48,30,295,160,130,0,0,0,16,512,-1,485.785156,485.480469,0.3046875,0.5,7618.451,7618.951,0,0,0,0,0,0,0,0,0,0,0,0,512,600,1200,3000,55,1.069,1.30500007,0,15,16,50,2820,10451.9824,1002,1003,30,30,42,33,0,1,41.81,35.724,1.07,13388.16,440.476563,32.532486,0,0,0,0.016083071,0,0,0,0,0,0,0,0,0,58.96875,62,16376,2687,13688,83.59055,92.771,234499072,7.114957E+07
05/28/2026 22:20:45,58,64,0,65,71,67,67,67,67,81,12.12,5.04,1.312,1.396,1.064,0.358,0.616000056,3.288,2.046,0,3.37600017,3.37600017,3.124,63,50.5,51.5,48.5,1294,817,0,983,905,0,0,0,0,0,43.75,17.19,7.81,4.69,9.38,65.62,7.81,6.25,20.31,65.62,41.5962,3646,1106,3367,2226,33.6666679,2.37447858,0.55,5018,1098,50.5,1.74991584,0.55,3181,610,33.6666679,1.32663321,0.55,3157,494,33.6666679,1.22913444,0.55,3161,768,33.6666679,1.48318946,0.55,5050,2942,50.5,2.90796065,0.525,3091,365,33.6666679,1.089619,0.525,3145,343,33.6666679,1.06414354,0.525,63.0000076,53.6250038,99.99826,29.8048973,7.0758667,80.81421,11.0427818,3.83798218,74.2084351,44,0.25,0,55,0,85,0.416,1.01,16,16,16,32,48,30,295,160,130,0,0,0,16,43.75,0.25,0,55,0,85,0.416,1.01,16,16,16,32,48,30,295,160,130,0,0,0,16,512,-1,485.785156,485.480469,0.3046875,0.5,7618.451,7618.951,0,0,0,0,0,0,0,0,0,0,0,0,512,600,1200,3000,55,1.074,1.30500007,0,5,16,51,2835,10451.9824,998,1000,30,30,41,33,0,1,43.281,37.765,1.085,13388.16,440.476563,36.4752426,0,0,0,0.0131207462,0,0,0,0,0,0,0,0,0,59.6875,62,16376,2687,13688,83.59055,121.488,233549824,7.229952E+07
05/28/2026 22:20:47,58,64,0,65,71,65,65,65,65,79,12.12,5.04,1.312,1.396,1.0660001,0.350000024,0.616000056,3.288,2.046,0,3.37600017,3.38,3.124,62,50.5,51.5,48.5,1295,848,0,992,913,0,0,0,0,0,35.94,21.88,4.69,4.69,20.31,67.19,4.69,4.69,20.51,67.19,41.39743,4224,1106,4040,2187,40.4,2.29404116,0.56875,4039,1110,40.4,1.79932451,0.56875,3799,615,40.4,1.31083024,0.56875,3743,415,40.4,1.15668786,0.56875,4753,746,50.5,1.46285915,0.56875,5000,3099,50,3.0670352,0.5125,3700,346,40,1.06954038,0.5125,4722,331,50,1.04856753,0.5125,62.1250076,53.1250038,99.99825,29.8345375,7.0462265,80.89458,11.0725136,3.80825043,74.40823,44,0.25,0,55,0,85,0.416,1.01,16,16,16,32,48,30,295,160,130,0,0,0,16,43.75,0.25,0,55,0,85,0.416,1.01,16,16,16,32,48,30,295,160,130,0,0,0,16,512,-1,485.785156,485.480469,0.3046875,0.5,7618.451,7618.951,0,0,0,0,0,0,0,0,0,0,0,0,512,600,1200,3000,55,1.05000007,1.30500007,0,13,16,51,2835,10451.9824,999,999,30,30,40,33,0,1,44.114,49.352,1.085,13388.16,440.476563,36.48718,0,0,0,0.0136815673,0,0,0,0,0,0,0,0,0,59.71875,60,16376,2687,13688,83.59055,122.837,239049728,105049088
05/28/2026 22:20:49,57,64,0,64,70,63,63,63,63,78,12.12,5.04,1.312,1.396,1.05800009,0.354,0.616000056,3.288,2.046,0,3.37600017,3.37600017,3.124,62,50.5,51.5,48.5,1269,848,0,984,912,0,0,0,0,0,48.44,21.88,15.62,18.75,12.5,67.19,7.81,7.81,25,67.19,43.48772,4087,1351,4040,2412,40.4,2.619064,0.51875,5050,1454,50.5,2.05145621,0.51875,3994,841,40.4,1.52510619,0.51875,4013,749,40.4,1.44537938,0.51875,3966,1040,40.4,1.69075978,0.51875,5050,3240,50.5,3.154722,0.5125,3237,515,33.6666679,1.227161,0.5125,3343,555,33.6666679,1.24088955,0.5125,62.2500076,58.0000038,99.9982452,29.8708344,7.00992966,80.993,11.0997314,3.78103256,74.59114,44,0.25,0,55,0,85,0.416,1.01,16,16,16,32,48,30,295,160,130,0,0,0,16,43.75,0.25,0,55,0,85,0.416,1.01,16,16,16,32,48,30,295,160,130,0,0,0,16,512,-1,485.785156,485.480469,0.3046875,0.5,7618.451,7618.951,0,0,0,0,0,0,0,0,0,0,0,0,512,600,1200,3000,56,0.969000041,1.30500007,0,11,16,50,2835,10451.9824,1000,1000,30,30,40,33,0,1,43.98,41.235,1.085,13388.16,440.476563,36.1588135,0,0,0,0.0148441633,0,0,0,0,0,0,0,0,0,59.6875,62,16376,2687,13688,83.59055,123.634,3.37749E+08,7.149978E+07
05/28/2026 22:20:51,56,64,0,64,70,65,65,65,65,79,12.144001,5.04,1.312,1.396,1.05800009,0.34800002,0.616000056,3.28400016,2.046,0,3.37600017,3.37600017,3.124,61,50,51.5,48.5,1242,817,0,966,930,0,0,0,0,0,50,23.44,14.06,15.62,15.62,54.69,7.81,7.81,23.63,54.69,41.5661736,4074,1098,4975,2504,49.75,2.69860339,0.525,4975,1054,49.75,1.73742557,0.525,3739,574,39.8,1.27149582,0.525,3759,501,39.8,1.21778429,0.525,3795,812,39.8,1.48984,0.525,3980,2681,39.8,2.58449531,0.525,3674,351,39.8,1.06623566,0.525,3692,303,39.8,1.00683391,0.525,61.7500076,53.6250038,99.99825,29.8642311,7.016533,80.97509,11.09198,3.788784,74.53905,44,0.25,0,55,0,85,0.416,1.01,16,16,16,32,48,30,295,160,130,0,0,0,16,43.75,0.25,0,55,0,85,0.416,1.01,16,16,16,32,48,30,295,160,130,0,0,0,16,512,-1,485.785156,485.480469,0.3046875,0.5,7618.451,7618.951,0,0,0,0,0,0,0,0,0,0,0,0,512,600,1200,3000,55,1.06000006,1.30500007,0,20,16,50,2835,10451.9824,1001,1000,30,30,40,33,0,1,41.875,47.773,1.085,13388.16,440.476563,35.7669029,0,0,0,0.02039972,0,0,0,0,0,0,0,0,0,59.53125,60,16376,2687,13688,83.59055,121.556,202499072,7.114957E+07
05/28/2026 22:20:53,56,64,0,64,71,66,66,66,66,81,12.144001,5.04,1.312,1.396,1.062,0.346000016,0.616000056,3.288,2.046,0,3.37600017,3.37600017,3.124,64,50,51.5,48.5,1240,817,0,982,903,0,0,0,0,0,73.44,20.31,7.81,3.12,9.38,46.88,4.69,1.56,20.9,73.44,43.13834,3664,1133,5050,3274,50.5,3.62965083,0.5375,4040,1168,40.4,1.9190433,0.5375,3145,531,33.6666679,1.26156962,0.5375,3085,365,33.6666679,1.09231484,0.5375,3818,772,40.4,1.4735508,0.5375,4040,2366,40.4,2.65769744,0.5375,3052,301,33.6666679,0.998164952,0.5375,3082,289,33.6666679,0.9827864,0.5375,64.50001,59.6250038,99.99826,29.896698,6.984066,81.06312,11.1220741,3.75868988,74.74129,44,0.25,0,55,0,85,0.416,1.01,16,16,16,32,48,30,295,160,130,0,0,0,16,43.75,0.25,0,55,0,85,0.416,1.01,16,16,16,32,48,30,295,160,130,0,0,0,16,512,-1,485.785156,485.480469,0.3046875,0.5,7618.451,7618.951,0,0,0,0,0,0,0,0,0,0,0,0,512,600,1200,3000,56,1.06000006,1.30500007,0,19,16,49,2670,10451.9824,1000,1000,30,30,31,25,0,0,32.22,34.609,0.975,13388.16,440.476563,28.36695,0,0,0,0.0184849184,0,0,0,0,0,0,0,0,0,58.65625,60,16376,2687,13688,83.59055,104,124499968,7.074918E+07
05/28/2026 22:20:55,58,64,0,65,71,68,68,68,68,82,12.12,5.04,1.312,1.396,1.06000006,0.344,0.616000056,3.288,2.046,0,3.37600017,3.37600017,3.124,64,50.5,51.5,48.5,1275,848,0,984,929,0,0,0,0,0,62.5,14.06,9.38,7.81,18.75,45.31,1.56,1.56,20.12,62.5,42.0734749,3998,1128,5050,2851,50.5,2.98297763,0.525,4040,1177,40.4,1.89056063,0.525,3865,549,40.4,1.30543566,0.525,3833,455,40.4,1.19048762,0.525,3895,871,40.4,1.57539213,0.525,5050,2513,50.5,2.54862,0.525,3108,315,33.6666679,1.03170907,0.525,3143,293,33.6666679,1.00731146,0.525,64.00001,53.1250038,99.9982758,29.8953438,6.98542,81.05945,11.1228523,3.75791168,74.74651,44,0.25,0,55,0,85,0.416,1.01,16,16,16,32,48,30,295,160,130,0,0,0,16,43.75,0.25,0,55,0,85,0.416,1.01,16,16,16,32,48,30,295,160,130,0,0,0,16,512,-1,485.785156,485.480469,0.3046875,0.5,7618.451,7618.951,0,0,0,0,0,0,0,0,0,0,0,0,512,600,1200,3000,55,1.04500008,1.30500007,0,9,16,49,2835,10451.9824,1001,1001,30,30,41,32,0,1,43.048,39.168,1.085,13387.91,361.339844,36.178318,0,0,0,0.01597465,0,0,0,0,0,0,0,0,0,59.21875,60,16376,2687,13688,83.59055,105.75,2.369495E+08,8.009933E+07
05/28/2026 22:20:57,58,64,0,66,72,67,67,67,67,81,12.12,5.03,1.312,1.396,1.05800009,0.342,0.616000056,3.288,2.046,0,3.37600017,3.37600017,3.124,62,50,51.5,48.5,1297,848,0,990,938,0,0,0,0,0,37.5,25,4.69,14.06,17.19,75,3.12,4.69,22.66,75,41.80734,4134,1129,5050,2280,50.5,2.4276855,0.55,4040,1151,40.4,1.84830129,0.55,3811,493,40.4,1.256787,0.55,3832,513,40.4,1.26376,0.55,3881,882,40.4,1.59627724,0.55,5050,3120,50.5,3.0093298,0.55,3675,275,40.4,1.016664,0.55,3733,317,40.4,1.03002965,0.55,62.5000076,53.6250038,99.99826,29.86507,7.01569366,80.97736,11.0933342,3.78742981,74.54815,44,0.25,0,55,0,85,0.416,1.01,16,16,16,32,48,30,295,160,130,0,0,0,16,43.75,0.25,0,55,0,85,0.416,1.01,16,16,16,32,48,30,295,160,130,0,0,0,16,512,-1,485.785156,485.480469,0.3046875,0.5,7618.451,7618.951,0,0,0,0,0,0,0,0,0,0,0,0,512,600,1200,3000,55,1.069,1.30500007,0,13,16,49,2835,10451.9824,1001,998,30,30,41,32,0,1,42.945,37.649,1.085,13387.91,361.339844,36.5383148,0,0,0,0.0137572866,0,0,0,0,0,0,0,0,0,59.4375,60,16376,2687,13688,83.59055,124.506,240849920,106599424
05/28/2026 22:20:59,58,64,0,65,71,64,64,64,64,78,12.12,5.03,1.312,1.396,1.06800008,0.34800002,0.616000056,3.28400016,2.046,0,3.37600017,3.37600017,3.124,61,50.5,51.5,48.5,1276,817,0,993,938,0,0,0,0,0,42.19,35.94,12.5,10.94,21.88,70.31,6.25,3.12,25.39,70.31,41.3388824,3974,1096,4040,2122,40.4,2.30352259,0.50625,5050,1276,50.5,1.91245461,0.50625,3882,517,40.4,1.27904093,0.50625,3811,458,40.4,1.20797634,0.50625,3852,785,40.4,1.50601315,0.50625,5050,3069,50.5,3.00378227,0.51875,3073,303,33.6666679,1.02512932,0.51875,3037,240,33.6666679,0.95449394,0.51875,61.7500076,55.6250038,99.99825,29.8598061,7.020958,80.96309,11.0897293,3.7910347,74.5239258,44,0.25,0,55,0,85,0.416,1.01,16,16,16,32,48,30,295,160,130,0,0,0,16,43.75,0.25,0,55,0,85,0.416,1.01,16,16,16,32,48,30,295,160,130,0,0,0,16,512,-1,485.785156,485.480469,0.3046875,0.5,7618.451,7618.951,0,0,0,0,0,0,0,0,0,0,0,0,512,600,1200,3000,55,1.074,1.30500007,0,17,16,50,2835,10451.9824,1000,999,30,30,41,32,0,1,42.585,39.324,1.085,13387.91,361.339844,36.41636,0,0,0,0.0132991392,0,0,0,0,0,0,0,0,0,59.46875,60,16376,2687,13688,83.59055,122.714,234049536,7.304909E+07
05/28/2026 22:21:01,56,64,0,64,70,63,63,63,63,78,12.144001,5.04,1.312,1.396,1.062,0.34800002,0.616000056,3.288,2.046,0,3.37600017,3.37600017,3.124,61,50,51.5,48.5,1263,816,0,994,941,0,0,0,0,0,55.56,23.81,4.76,7.94,20.63,63.49,1.59,3.17,22.62,63.49,41.7186852,3896,1113,4850,2131,48.5,2.28330731,0.61875,4850,1249,48.5,1.9140054,0.61875,3047,524,32.3333321,1.261962,0.61875,3010,443,32.3333321,1.18698621,0.61875,4639,840,48.5,1.56804788,0.61875,4850,3116,48.5,3.06676435,0.61875,2959,324,32.3333321,1.05418289,0.61875,2965,279,32.3333321,1.006706,0.61875,61.2500076,53.1250038,99.99826,29.8621178,7.01864624,80.96936,11.0918274,3.78893661,74.5380249,44,0.25,0,55,0,85,0.416,1.01,16,16,16,32,48,30,295,160,130,0,0,0,16,43.75,0.25,0,55,0,85,0.416,1.01,16,16,16,32,48,30,295,160,130,0,0,0,16,512,-1,485.785156,485.480469,0.3046875,0.5,7618.451,7618.951,0,0,0,0,0,0,0,0,0,0,0,0,512,600,1200,3000,55,1.04000008,1.30500007,0,11,16,50,2835,10451.9824,1001,1000,30,30,40,32,0,1,43.007,40.546,1.085,13387.91,361.5703,36.70258,0,0,0,0.0143402945,0,0,0,0,0,0.00922092,0,0,0,59.4375,60,16376,2687,13688,83.59055,123.484,270099456,9.854976E+07
05/28/2026 22:21:03,55,64,0,63,69,63,63,63,63,78,12.12,5.04,1.312,1.396,1.05800009,0.346000016,0.616000056,3.288,2.046,0,3.37600017,3.37600017,3.124,60,50.5,51.5,48.5,1240,848,0,975,903,0,0,0,0,0,53.12,21.88,4.69,7.81,6.25,56.25,3.12,3.12,19.53,56.25,41.3828163,4114,1084,5050,2699,50.5,2.98283529,0.54375,4039,1250,40.4,1.85065639,0.54375,3814,494,40.4,1.22674358,0.54375,3784,477,40.4,1.20050907,0.54375,3824,793,40.4,1.49731648,0.54375,5050,2439,50.5,2.30858088,0.54375,3649,279,40.4,0.9951946,0.54375,3699,244,40.4,0.953219056,0.54375,60.8750076,53.6250038,99.9982758,29.8609467,7.01981735,80.96619,11.0926933,3.78807068,74.54384,44,0.25,0,55,0,85,0.416,1.01,16,16,16,32,48,30,295,160,130,0,0,0,16,43.75,0.25,0,55,0,85,0.416,1.01,16,16,16,32,48,30,295,160,130,0,0,0,16,512,-1,485.785156,485.480469,0.3046875,0.5,7618.451,7618.951,0,0,0,0,0,0,0,0,0,0,0,0,512,600,1200,3000,55,1.064,1.30500007,0,15,16,50,2835,10451.9824,1000,1001,30,30,40,32,0,1,43.045,41.544,1.085,13387.91,363.3047,36.3700371,0,0,0,0.0141089493,0,0,0,0,0,0.0452624671,0,0,0,59.40625,60,16376,2687,13688,83.59055,124.884,321649664,6.684979E+07
05/28/2026 22:21:05,55,64,0,62,67,61,61,61,61,76,12.12,5.04,1.312,1.396,1.064,0.344,0.616000056,3.288,2.046,0,3.37600017,3.37600017,3.124,60,50,51.5,48.5,1206,848,0,948,910,0,0,0,0,0,49.21,28.57,9.52,1.59,11.11,55.56,4.76,4.76,20.63,55.56,41.3771973,4093,1093,5050,2508,50.5,2.80162525,0.525,5023,1219,50.5,1.85461938,0.525,3822,558,40.4,1.2845813,0.525,3766,410,40.4,1.152777,0.525,3827,775,40.4,1.49841869,0.525,5050,2669,50.5,2.51737356,0.53125,3126,343,33.6666679,1.06219471,0.53125,3082,261,33.6666679,0.985161543,0.53125,60.6250076,53.1250038,99.9982758,29.8680649,7.012699,80.98548,11.0941772,3.78658676,74.55382,44,0.25,0,55,0,85,0.416,1.01,16,16,16,32,48,30,295,160,130,0,0,0,16,43.75,0.25,0,55,0,85,0.416,1.01,16,16,16,32,48,30,295,160,130,0,0,0,16,512,-1,485.785156,485.480469,0.3046875,0.5,7618.451,7618.951,0,0,0,0,0,0,0,0,0,0,0,0,512,600,1200,3000,56,1.069,1.30500007,0,11,16,50,2835,10451.9824,1002,1001,30,30,40,32,0,1,42.585,42.398,1.085,13387.91,363.3047,36.3892555,0,0,0,0.0136287557,0,0,0,0,0,0,0,0,0,59.34375,60,16376,2687,13688,83.59055,123.321,253799424,8.844902E+07
05/28/2026 22:21:07,53,64,0,62,67,61,61,61,61,76,12.12,5.04,1.312,1.396,1.064,0.358,0.616000056,3.288,2.046,0,3.37600017,3.37600017,3.124,60,50,51.5,48.5,1195,817,0,951,898,0,0,0,0,0,51.56,18.75,18.75,17.19,10.94,37.5,9.38,6.25,21.29,51.56,41.0249443,3987,1062,5000,2627,50,2.910003,0.51875,4923,1084,49.75,1.744224,0.53125,3782,539,39.8,1.26409948,0.53125,3688,395,39.8,1.12811744,0.53125,3784,756,39.8,1.46116185,0.53125,3980,2571,39.8,2.373323,0.53125,3658,266,40.4,0.9697027,0.51875,3081,254,33.6666679,0.9531795,0.51875,60.6250076,60.1250038,99.9982758,29.8596916,7.02107239,80.96278,11.090435,3.790329,74.52867,44,0.25,0,55,0,85,0.416,1.01,16,16,16,32,48,30,295,160,130,0,0,0,16,43.75,0.25,0,55,0,85,0.416,1.01,16,16,16,32,48,30,295,160,130,0,0,0,16,512,-1,485.785156,485.480469,0.3046875,0.5,7618.451,7618.951,0,0,0,0,0,0,0,0,0,0,0,0,512,600,1200,3000,55,1.079,1.30500007,0,11,16,50,2835,10451.9824,1000,1000,30,30,40,31,0,1,42.325,43.876,1.085,13387.91,363.3047,36.336,0,0,0,0.0141651817,0,0,0,0,0,0,0,0,0,59.28125,60,16376,2687,13688,83.59055,122.298,217349120,7.404954E+07
05/28/2026 22:21:09,53,64,0,62,67,61,61,61,61,76,12.144001,5.03,1.312,1.396,1.062,0.354,0.616000056,3.288,2.046,0,3.37600017,3.37600017,3.124,60,50.5,51.5,48.5,1189,817,0,925,869,0,0,0,0,0,46.88,18.75,7.81,15.62,10.94,53.12,6.25,1.56,20.12,53.12,41.4799461,4017,1114,5050,2279,50.5,2.43038082,0.51875,5050,1153,50.5,1.79797816,0.51875,3826,517,40.4,1.25374413,0.51875,3809,524,40.4,1.27038956,0.51875,3218,792,33.6666679,1.50078118,0.525,5050,3073,50.5,2.99561024,0.525,3070,307,33.6666679,1.033455,0.5375,3061,263,33.6666679,0.9705166,0.5375,60.8750076,53.6250038,99.99826,29.8685036,7.01226044,80.98667,11.0887146,3.79204941,74.5171051,44,0.25,0,55,0,85,0.416,1.01,16,16,16,32,48,30,295,160,130,0,0,0,16,43.75,0.25,0,55,0,85,0.416,1.01,16,16,16,32,48,30,295,160,130,0,0,0,16,512,-1,485.785156,485.480469,0.3046875,0.5,7618.451,7618.951,0,0,0,0,0,0,0,0,0,0,0,0,512,600,1200,3000,55,1.06000006,1.30500007,0,18,17,50,2835,10451.9824,998,999,30,30,39,31,0,1,43.007,46.237,1.085,13387.91,363.3047,36.3310547,0,0,0,0.0147376386,0,0,0,0,0,0,0,0,0,59.40625,62,16376,2687,13688,83.59055,123.878,216249344,6.689997E+07
05/28/2026 22:21:11,54,64,0,62,68,63,63,63,63,78,12.144001,5.04,1.312,1.396,1.06000006,0.344,0.616000056,3.288,2.046,0,3.37600017,3.37600017,3.124,61,50.5,51.5,48.5,1197,848,0,928,868,0,0,0,0,0,50,20.31,6.25,7.81,23.44,59.38,0,3.12,21.29,59.38,41.1477165,3955,1082,5050,2142,50.5,2.2826035,0.50625,4014,1142,40.4,1.77130914,0.50625,3823,551,40.4,1.27262175,0.50625,3769,463,40.4,1.1950556,0.50625,3839,775,40.4,1.45850778,0.50625,5050,3055,50.5,2.93202567,0.60625,3059,292,33.6666679,1.00138807,0.60625,3037,239,33.6666679,0.9467943,0.60625,61.1250076,53.6250038,99.99826,29.8881836,6.99258041,81.04003,11.1167068,3.76405716,74.7052155,44,0.25,0,55,0,85,0.416,1.01,16,16,16,32,48,30,295,160,130,0,0,0,16,43.75,0.25,0,55,0,85,0.416,1.01,16,16,16,32,48,30,295,160,130,0,0,0,16,512,-1,485.785156,485.480469,0.3046875,0.5,7618.451,7618.951,0,0,0,0,0,0,0,0,0,0,0,0,512,600,1200,3000,55,1.069,1.30500007,0,7,16,50,2835,10451.9824,999,999,30,30,39,32,0,1,42.649,47.176,1.085,13387.91,363.3047,36.5253029,0,0,0,0.014619112,0,0,0,0,0,0,0,0,0,59.25,60,16376,2687,13688,83.59055,124.213,216249344,66799616
05/28/2026 22:21:13,55,64,0,63,69,63,63,63,63,78,12.12,5.04,1.312,1.396,1.056,0.350000024,0.616000056,3.288,2.046,0,3.37600017,3.37600017,3.124,61,50.5,51.5,48.5,1209,848,0,952,894,0,0,0,0,0,46.15,23.08,4.62,9.23,15.38,55.38,4.62,4.62,20.38,55.38,41.38316,4220,1110,5050,2307,50.5,2.265561,0.525,5050,1186,50.5,1.82011116,0.525,3787,545,40.4,1.269088,0.525,3789,476,40.4,1.20773458,0.525,4804,827,50.5,1.49533343,0.525,5050,2905,50.5,2.90680218,0.5375,3114,330,33.6666679,1.04259312,0.5375,3117,301,33.6666679,1.01304781,0.5375,60.8750076,53.1250038,99.99826,29.8674774,7.01328659,80.98389,11.09148,3.78928375,74.53569,44,0.25,0,55,0,85,0.416,1.01,16,16,16,32,48,30,295,160,130,0,0,0,16,43.75,0.25,0,55,0,85,0.416,1.01,16,16,16,32,48,30,295,160,130,0,0,0,16,512,-1,485.785156,485.480469,0.3046875,0.5,7618.451,7618.951,0,0,0,0,0,0,0,0,0,0,0,0,512,600,1200,3000,56,1.05500007,1.30500007,0,5,16,50,2835,10451.9824,1002,1000,30,30,39,32,0,1,42.206,41.371,1.085,13387.91,363.3047,36.4912224,0,0,0,0.0144290142,0,0,0,0,0,0,0,0,0,59.1875,60,16376,2687,13688,83.59055,122.411,218149888,66599936
05/28/2026 22:21:15,55,64,0,63,69,62,62,62,62,76,12.12,5.03,1.312,1.396,1.05800009,0.346000016,0.618000031,3.288,2.046,0,3.37600017,3.37600017,3.124,60,50,51.5,48.5,1225,849,0,959,879,0,0,0,0,0,60,29.23,24.62,12.31,24.62,49.23,9.23,13.85,27.88,60,41.4850845,3870,1091,5050,2556,50.5,2.81243563,0.54375,4030,1167,40.4,1.83404088,0.54375,3760,595,40.4,1.3042804,0.54375,3127,467,33.6666679,1.19751239,0.54375,3793,781,40.4,1.48535848,0.54375,5050,2510,50.5,2.30594921,0.60625,3046,324,33.6666679,1.04239535,0.5375,3107,329,33.6666679,1.0427568,0.5375,60.6250076,57.7500038,99.99826,29.8929939,6.98777,81.05308,11.1145287,3.76623535,74.69058,44,0.25,0,55,0,85,0.416,1.01,16,16,16,32,48,30,295,160,130,0,0,0,16,43.75,0.25,0,55,0,85,0.416,1.01,16,16,16,32,48,30,295,160,130,0,0,0,16,512,-1,485.785156,485.480469,0.3046875,0.5,7618.451,7618.951,0,0,0,0,0,0,0,0,0,0,0,0,512,600,1200,3000,56,1.064,1.30500007,0,12,16,51,2835,10451.9824,1001,1002,30,30,39,31,0,1,42.853,37.173,1.085,13387.91,363.3047,36.27246,0,0,0,0.0143059893,0,0,0,0,0,0,0,0,0,59.21875,62,16376,2687,13688,83.59055,123.001,224249856,6.474957E+07
05/28/2026 22:21:17,54,64,0,62,67,61,61,61,61,76,12.144001,5.03,1.312,1.396,1.062,0.344,0.616000056,3.28400016,2.046,0,3.37600017,3.37200022,3.124,60,50,51.5,48.5,1197,817,0,959,880,0,0,0,0,0,46.88,26.56,7.81,9.38,14.06,56.25,3.08,0,20.5,56.25,41.2669144,3948,1075,5050,2415,50.5,2.693794,0.55625,3991,1131,40.4,1.76247537,0.55625,3769,592,40.4,1.28232348,0.55625,3747,466,40.4,1.18004167,0.55625,3746,771,40.4,1.45611739,0.55625,4040,2682,40.4,2.45917773,0.55625,3646,285,40.4,0.9920881,0.55625,3594,259,39.6,0.9690314,0.5375,60.3750076,53.1250038,99.99827,29.8595161,7.021248,80.9623,11.0875435,3.79322052,74.50923,44,0.25,0,55,0,85,0.416,1.01,16,16,16,32,48,30,295,160,130,0,0,0,16,43.75,0.25,0,55,0,85,0.416,1.01,16,16,16,32,48,30,295,160,130,0,0,0,16,512,-1,485.785156,485.480469,0.3046875,0.5,7618.451,7618.951,0,0,0,0,0,0,0,0,0,0,0,0,512,600,1200,3000,55,1.04500008,1.30500007,0,10,16,50,2835,10451.9824,1000,999,30,30,39,31,0,1,43.001,51.963,1.085,13387.91,363.074219,36.45885,0,0,0,0.0140703507,0,0,0,0,0,0.009026076,0,0,0,59.1875,60,16376,2687,13688,83.59055,124.81,218049536,6.82496E+07
05/28/2026 22:21:19,53,64,0,62,67,61,61,61,61,76,12.12,5.03,1.312,1.396,1.06000006,0.342,0.616000056,3.288,2.046,0,3.37600017,3.37600017,3.124,60,50,51.5,48.5,1179,817,0,952,874,0,0,0,0,0,65.62,26.56,15.62,15.62,23.44,50,9.38,10.94,27.15,65.62,41.5544548,3961,1107,5050,2601,50.5,2.82956052,0.525,4009,1082,40.4,1.76762784,0.525,3789,618,40.4,1.33474028,0.525,3798,511,40.4,1.24303758,0.525,3797,847,40.4,1.52800381,0.525,5050,2577,50.5,2.42942977,0.5375,3097,335,33.6666679,1.05644679,0.5375,3101,288,33.6666679,1.00253558,0.5375,60.2500076,53.6250038,99.99826,29.8406,7.040165,80.91101,11.0744781,3.80628586,74.42143,44,0.25,0,55,0,85,0.416,1.01,16,16,16,32,48,30,295,160,130,0,0,0,16,43.75,0.25,0,55,0,85,0.416,1.01,16,16,16,32,48,30,295,160,130,0,0,0,16,512,-1,485.785156,485.480469,0.3046875,0.5,7618.451,7618.951,0,0,0,0,0,0,0,0,0,0,0,0,512,600,1200,3000,55,1.04500008,1.30500007,0,7,16,50,2835,10451.9824,1001,1000,30,30,39,31,0,1,42.587,36.452,1.085,13387.91,363.074219,36.176,0,0,0,0.0139894458,0,0,0,0,0,0,0,0,0,59.21875,62,16376,2687,13688,83.59055,123.566,221899776,7.47991E+07
05/28/2026 22:21:21,53,64,0,62,67,61,61,61,61,76,12.12,5.03,1.312,1.396,1.06000006,0.346000016,0.616000056,3.288,2.046,0,3.37600017,3.37600017,3.124,60,50,51.5,48.5,1175,849,0,936,893,0,0,0,0,0,39.06,25,7.81,9.38,12.5,70.31,10.94,3.12,22.27,70.31,41.4265671,4096,1088,4040,1962,40.4,2.17179275,0.50625,5013,1139,50.5,1.77705693,0.50625,3815,588,40.4,1.28410041,0.51875,4783,503,50.5,1.22610831,0.50625,3839,781,40.4,1.46927726,0.50625,5050,3098,50.5,2.9669838,0.525,3106,344,33.6666679,1.06712949,0.525,3119,293,33.6666679,0.9970134,0.525,60.5000076,53.1250038,99.99825,29.83657,7.04419327,80.9000854,11.0696106,3.81115341,74.3887253,44,0.25,0,55,0,85,0.416,1.01,16,16,16,32,48,30,295,160,130,0,0,0,16,43.75,0.25,0,55,0,85,0.416,1.01,16,16,16,32,48,30,295,160,130,0,0,0,16,512,-1,485.785156,485.480469,0.3046875,0.5,7618.451,7618.951,0,0,0,0,0,0,0,0,0,0,0,0,512,600,1200,3000,55,1.079,1.30500007,0,10,16,50,2835,10451.9824,999,999,30,30,38,31,0,1,42.465,47.215,1.085,13387.91,363.074219,36.1556969,0,0,0,0.0131875845,0,0,0,0,0,0,0,0,0,59.15625,60,16376,2687,13688,83.59055,122.848,2.227497E+08,6.759936E+07
05/28/2026 22:21:23,53,64,0,62,67,63,63,63,63,78,12.12,5.03,1.312,1.396,1.054,0.342,0.616000056,3.288,2.046,0,3.37200022,3.37600017,3.124,62,50,51.5,48.5,1191,848,0,949,891,0,0,0,0,0,48.44,29.69,18.75,10.94,14.06,54.69,4.69,6.25,23.44,54.69,42.71594,3844,1158,4020,2403,40.2,2.60488319,0.54375,4020,1327,40.2,2.04408884,0.54375,4679,624,50,1.34338534,0.5375,3104,437,33.3333321,1.18411529,0.5375,3786,824,40,1.55933893,0.5375,5050,3123,50.5,3.473928,0.5375,3051,282,33.6666679,1.00616252,0.5375,3040,247,33.6666679,0.973996937,0.5375,62.7500076,59.3750038,99.99825,29.8094521,7.071312,80.82655,11.0437775,3.83698654,74.21512,44,0.25,0,55,0,85,0.416,1.01,16,16,16,32,48,30,295,160,130,0,0,0,16,43.75,0.25,0,55,0,85,0.416,1.01,16,16,16,32,48,30,295,160,130,0,0,0,16,512,-1,485.785156,485.480469,0.3046875,0.5,7618.451,7618.951,0,0,0,0,0,0,0,0,0,0,0,0,512,600,1200,3000,55,1.069,1.30500007,0,11,16,49,2835,10451.9824,1001,1001,30,30,33,27,0,0,40.695,45.581,1.085,13387.918,366.980469,31.5817051,0,0,0,0.0159777422,0,0,0,0,0,0.04489897,0,0,0,59,60,16376,2687,13688,83.59055,118.949,217449472,6.72E+07
05/28/2026 22:21:25,55,64,0,62,68,67,67,67,67,82,12.12,5.03,1.31000006,1.396,1.054,0.350000024,0.616000056,3.288,2.046,0,3.37600017,3.37200022,3.124,64,50,51.5,48.5,1208,818,0,952,893,0,0,0,0,0,53.12,14.06,4.69,3.12,14.06,59.38,1.56,4.69,19.34,59.38,43.26041,3995,1142,3980,2643,39.8,2.85925841,0.525,3980,1214,39.8,1.98376858,0.525,3700,515,39.8,1.23428035,0.525,4662,411,49.75,1.15458119,0.525,3808,823,39.8,1.57645619,0.525,5050,3017,50.5,3.450714,0.53125,3078,274,33.6666679,0.99040097,0.53125,3702,238,40.4,0.9620893,0.53125,64.25001,54.2500038,99.9982452,29.8046684,7.07609558,80.81358,11.044384,3.83638,74.2192,44,0.25,0,55,0,85,0.416,1.01,16,16,16,32,48,30,295,160,130,0,0,0,16,43.75,0.25,0,55,0,85,0.416,1.01,16,16,16,32,48,30,295,160,130,0,0,0,16,512,-1,485.785156,485.480469,0.3046875,0.5,7618.451,7618.951,0,0,0,0,0,0,0,0,0,0,0,0,512,600,1200,3000,56,1.069,1.30500007,0,14,16,48,2670,10451.9824,997,1000,30,30,34,27,0,0,32.657,30.42,0.975,13387.918,367.8086,31.43166,0,0,0,0.025060581,0,0,0,0,0,0.0213904958,0,0,0,57.9375,60,16376,2687,13688,83.59055,96.659,217099264,6.539981E+07
05/28/2026 22:21:27,56,64,0,63,69,68,68,68,68,82,12.12,5.03,1.312,1.396,1.062,0.344,0.616000056,3.288,2.046,0,3.37600017,3.37600017,3.124,63,50,51.5,48.5,1220,818,0,939,900,0,0,0,0,0,45.31,23.44,20.31,7.81,18.75,51.56,4.69,4.69,22.07,51.56,42.0445137,3689,1097,5025,2672,50.25,2.972454,0.54375,3343,1260,33.5,1.92087567,0.54375,3118,534,33.5,1.27057838,0.54375,3105,446,33.5,1.19117117,0.54375,3817,806,40.2,1.52257824,0.54375,5025,2524,50.25,2.51679945,0.54375,3063,314,33.5,1.0303421,0.54375,3016,217,33.5,0.9430002,0.54375,63.5000076,62.2500038,99.99827,29.8095016,7.07126236,80.82669,11.0442924,3.83647156,74.21858,44,0.25,0,55,0,85,0.416,1.01,16,16,16,32,48,30,295,160,130,0,0,0,16,43.75,0.25,0,55,0,85,0.416,1.01,16,16,16,32,48,30,295,160,130,0,0,0,16,512,-1,485.785156,485.480469,0.3046875,0.5,7618.451,7618.951,0,0,0,0,0,0,0,0,0,0,0,0,512,600,1200,3000,56,1.079,1.30500007,0,11,16,49,2835,10451.9824,999,1000,30,30,33,27,0,0,39.038,36.151,1.085,13387.918,367.8086,33.0997467,0,0,0,0.0155119393,0,0,0,0,0,0,0,0,0,58.78125,62,16376,2687,13688,83.59055,121.089,232199168,6.474957E+07
05/28/2026 22:21:29,57,64,0,64,70,67,67,67,67,81,12.12,5.04,1.312,1.396,1.0660001,0.358,0.616000056,3.288,2.046,0,3.38,3.37600017,3.124,64,50,51.5,48.5,1259,849,0,970,910,0,0,0,0,0,57.81,23.44,12.5,10.94,14.06,45.31,0,6.25,21.29,57.81,43.2171059,3880,1142,5025,3318,50.25,3.55450559,0.5375,4020,1176,40.2,1.93222749,0.5375,3116,546,33.5,1.29121363,0.5375,3052,381,33.3333321,1.11435544,0.5375,4782,836,50,1.58512247,0.54375,5000,2359,50,2.77125835,0.54375,2986,239,33.3333321,0.969333,0.54375,3059,280,33.3333321,0.9929452,0.54375,64.50001,61.2500038,99.99827,29.8082848,7.07247925,80.8233948,11.0443764,3.83638763,74.21915,44,0.25,0,55,0,85,0.416,1.01,16,16,16,32,48,30,295,160,130,0,0,0,16,43.75,0.25,0,55,0,85,0.416,1.01,16,16,16,32,48,30,295,160,130,0,0,0,16,512,-1,485.785156,485.480469,0.3046875,0.5,7618.451,7618.951,0,0,0,0,0,0,0,0,0,0,0,0,512,600,1200,3000,55,1.064,1.30500007,0,14,16,49,2670,10451.9824,998,1000,30,30,34,27,0,0,32.506,30.253,0.975,13387.918,367.8086,30.44139,0,0,0,0.0203598775,0,0,0,0,0,0,0,0,0,58.09375,58,16376,2687,13688,83.59055,107.813,221699072,33299456
05/28/2026 22:21:31,58,64,0,65,71,68,68,68,68,82,12.12,5.04,1.312,1.396,1.054,0.342,0.618000031,3.288,2.046,0,3.37600017,3.37600017,3.124,63,50,51.5,48.5,1288,849,0,973,916,0,0,0,0,0,35.94,20.31,4.69,9.38,9.38,62.5,10.94,3.12,19.53,62.5,41.2990341,4286,1047,5050,1912,50.5,2.31166935,0.60625,5050,1148,50.5,1.85645759,0.60625,3789,543,40.4,1.254397,0.60625,3814,410,40.4,1.15232086,0.60625,3848,778,40.4,1.49054742,0.60625,5050,3078,50.5,3.08251214,0.60625,4598,276,50.5,0.9979951,0.53125,3085,230,33.6666679,0.9544855,0.53125,62.8750076,53.6250038,99.99826,29.8099289,7.070835,80.82785,11.0451355,3.83562851,74.22425,44,0.25,0,55,0,85,0.416,1.01,16,16,16,32,48,30,295,160,130,0,0,0,16,43.75,0.25,0,55,0,85,0.416,1.01,16,16,16,32,48,30,295,160,130,0,0,0,16,512,-1,485.785156,485.480469,0.3046875,0.5,7618.451,7618.951,0,0,0,0,0,0,0,0,0,0,0,0,512,600,1200,3000,55,1.05500007,1.30500007,0,9,16,50,2835,10451.9824,1001,1001,30,30,40,32,0,1,43.758,47.111,1.085,13387.918,367.8086,36.51911,0,0,0,0.03065925,0,0,0,0,0,0,0,0,0,58.875,60,16376,2687,13688,83.59055,124.661,2.667991E+08,8.539955E+07
05/28/2026 22:21:33,58,64,0,65,71,64,64,64,64,78,12.12,5.04,1.312,1.396,1.03000009,0.344,0.618000031,3.288,2.046,0,3.37600017,3.37600017,3.124,61,50,51.5,48.5,1291,849,0,969,927,0,0,0,0,0,32.31,18.46,3.08,1.54,10.77,56.92,1.54,0,15.58,56.92,40.3997,3980,862,5025,1615,50.25,2.00824165,0.54375,4020,1026,40.2,1.6397922,0.54375,3755,377,40.2,1.02401268,0.54375,3757,290,40.2,0.9396403,0.54375,3863,633,40.2,1.27573979,0.54375,4020,2624,40.2,2.55175853,0.54375,3704,183,40.2,0.8111724,0.54375,3699,152,40.2,0.7519306,0.54375,61.6250076,61.5000038,99.99827,29.8069153,7.07384872,80.81968,11.0452423,3.8355217,74.22497,44,0.25,0,55,0,85,0.416,1.01,16,16,16,32,48,30,295,160,130,0,0,0,16,43.5,0.25,0,55,0,85,0.416,1.01,16,16,16,32,48,30,295,160,130,0,0,0,16,512,-1,485.785156,485.480469,0.3046875,0.5,7618.451,7618.951,0,0,0,0,0,0,0,0,0,0,0,0,512,600,1200,3000,55,0.974000037,1.30500007,0,4,16,50,2835,10451.9824,1000,1001,30,30,35,27,0,0,37.545,21.138,1.085,13387.9219,368.8125,34.50037,0,0,0,0.0295232553,0,0,0,0,0,0.0309498813,0,0,0,58.8125,60,16376,2687,13688,83.59055,123.993,2.250496E+08,6.739968E+07
05/28/2026 22:21:35,57,64,0,64,69,63,63,63,63,78,12.144001,5.03,1.312,1.396,1.0200001,0.338000029,0.616000056,3.288,2.046,0,3.37600017,3.37600017,3.124,60,50,51.5,48.5,1263,817,0,957,927,0,0,0,0,0,31.25,18.75,4.69,1.56,17.19,42.19,3.12,4.69,15.43,42.19,39.547184,4004,764,5000,1527,50,1.86055815,0.51875,3333,875,33.3333321,1.3901751,0.51875,3920,357,40.4,0.942474544,0.525,3941,332,40.4,0.9212717,0.525,3924,537,40.4,1.10886359,0.525,4040,2099,40.4,2.28426456,0.525,3936,205,40.4,0.784749746,0.525,3937,184,40.4,0.7456236,0.525,60.6250076,57.7500038,99.99825,29.8076744,7.0730896,80.82174,11.0444145,3.83634949,74.2194061,44,0.25,0,55,0,85,0.416,1.01,16,16,16,32,48,30,295,160,130,0,0,0,16,43.5,0.25,0,55,0,85,0.416,1.01,16,16,16,32,48,30,295,160,130,0,0,0,16,512,-1,485.785156,485.480469,0.3046875,0.5,7618.451,7618.951,0,0,0,0,0,0,0,0,0,0,0,0,512,600,1200,3000,55,0.969000041,1.30500007,0,4,16,49,2835,10451.9824,1000,1000,30,30,41,32,0,1,42.2,44.358,1.085,13387.9219,368.8125,36.2239571,0,0,0,0.016574759,0,0,0,0,0,0,0,0,0,58.90625,60,16376,2687,13688,83.59055,122.614,151199744,9.999974E+07
05/28/2026 22:21:37,56,64,0,62,68,61,61,61,61,76,12.12,5.03,1.31000006,1.396,1.024,0.344,0.616000056,3.288,2.046,0,3.37600017,3.37200022,3.124,59,50,51.5,48.5,1239,817,0,964,892,0,0,0,0,0,26.56,20.31,6.25,6.25,10.94,43.75,3.12,6.25,15.43,43.75,39.784874,4336,793,4040,1414,40.4,1.80625784,0.64375,5050,951,50.5,1.47721612,0.64375,4777,350,48.5,0.954449236,0.5375,4850,361,48.5,0.9495908,0.5375,4836,611,48.5,1.19359159,0.5375,4850,2227,48.5,2.3415997,0.5375,3165,252,32.3333321,0.830668449,0.5375,3119,180,32.3333321,0.7285421,0.5375,59.8750076,52.6250038,99.99826,29.8359375,7.04482651,80.89837,11.0749512,3.80581284,74.424614,44,0.25,0,55,0,85,0.416,1.01,16,16,16,32,48,30,295,160,130,0,0,0,16,43.5,0.25,0,55,0,85,0.416,1.01,16,16,16,32,48,30,295,160,130,0,0,0,16,512,-1,485.785156,485.480469,0.3046875,0.5,7618.451,7618.951,0,0,0,0,0,0,0,0,0,0,0,0,512,600,1200,3000,55,0.974000037,1.30500007,0,3,16,49,2835,10451.9824,1000,1001,30,30,41,32,0,1,42.639,45.5,1.085,13387.9219,368.8125,36.37706,0,0,0,0.01712541,0,0,0,0,0,0,0,0,0,58.9375,60,16376,2687,13688,83.59055,122.823,239049728,7.439974E+07
05/28/2026 22:21:39,55,64,0,62,67,61,61,61,61,76,12.144001,5.04,1.312,1.396,1.044,0.34800002,0.618000031,3.288,2.046,0,3.37600017,3.37600017,3.124,60,50,51.5,48.5,1213,849,0,954,879,0,0,0,0,0,64.29,1.43,2.9,0,1.45,44.29,0,0,14.29,64.29,37.8397026,3490,725,5050,3183,50.5,2.44767714,0.55,3791,233,40.4,0.3409964,0.55625,3223,94,33.6666679,0.13310504,0.55625,3072,65,33.6666679,0.104139261,0.55625,3120,118,33.6666679,0.187193438,0.55625,4040,2023,40.4,1.88160145,0.55625,2807,40,32.3333321,0.08178393,0.55625,2819,41,32.3333321,0.0750267655,0.55,60.8750076,52.6250038,99.99826,29.7181282,7.162636,80.57894,11.0155907,3.86517334,74.02571,44,0.25,0,55,0,85,0.416,1.01,16,16,16,32,48,30,295,160,130,0,0,0,16,43.5,0.25,0,55,0,85,0.416,1.01,16,16,16,32,48,30,295,160,130,0,0,0,16,512,-1,485.785156,485.480469,0.3046875,0.5,7618.451,7618.951,0,0,0,0,0,0,0,0,0,0,0,0,512,600,1200,3000,55,1.05500007,1.30500007,0,5,16,46,2850,10451.9824,1002,1000,30,30,0,0,0,0,19.903,22.939,1.09,12662.7773,358.589844,0.3258359,0,0,0,0.00247404515,0,0,0,0,0,0.4522201,0,0,0,57.21875,58,16376,3412,12963,79.1636047,57.76,499712,299008
