,/lpc/nct6687dr/0/control/0,/lpc/nct6687dr/0/control/1,/lpc/nct6687dr/0/control/2,/lpc/nct6687dr/0/control/10,/lpc/nct6687dr/0/control/11,/lpc/nct6687dr/0/control/12,/lpc/nct6687dr/0/control/13,/lpc/nct6687dr/0/control/14,/lpc/nct6687dr/0/control/15,/lpc/nct6687dr/0/control/3,/lpc/nct6687dr/0/voltage/0,/lpc/nct6687dr/0/voltage/1,/lpc/nct6687dr/0/voltage/2,/lpc/nct6687dr/0/voltage/3,/lpc/nct6687dr/0/voltage/4,/lpc/nct6687dr/0/voltage/5,/lpc/nct6687dr/0/voltage/6,/lpc/nct6687dr/0/voltage/8,/lpc/nct6687dr/0/voltage/9,/lpc/nct6687dr/0/voltage/10,/lpc/nct6687dr/0/voltage/11,/lpc/nct6687dr/0/voltage/12,/lpc/nct6687dr/0/voltage/13,/lpc/nct6687dr/0/temperature/0,/lpc/nct6687dr/0/temperature/1,/lpc/nct6687dr/0/temperature/2,/lpc/nct6687dr/0/temperature/3,/lpc/nct6687dr/0/fan/0,/lpc/nct6687dr/0/fan/1,/lpc/nct6687dr/0/fan/2,/lpc/nct6687dr/0/fan/10,/lpc/nct6687dr/0/fan/11,/lpc/nct6687dr/0/fan/12,/lpc/nct6687dr/0/fan/13,/lpc/nct6687dr/0/fan/14,/lpc/nct6687dr/0/fan/15,/lpc/nct6687dr/0/fan/3,/amdcpu/0/load/2,/amdcpu/0/load/3,/amdcpu/0/load/4,/amdcpu/0/load/5,/amdcpu/0/load/6,/amdcpu/0/load/7,/amdcpu/0/load/8,/amdcpu/0/load/9,/amdcpu/0/load/0,/amdcpu/0/load/1,/amdcpu/0/power/0,/amdcpu/0/clock/1,/amdcpu/0/clock/2,/amdcpu/0/clock/3,/amdcpu/0/clock/4,/amdcpu/0/factor/0,/amdcpu/0/power/1,/amdcpu/0/voltage/2,/amdcpu/0/clock/5,/amdcpu/0/clock/6,/amdcpu/0/factor/1,/amdcpu/0/power/2,/amdcpu/0/voltage/3,/amdcpu/0/clock/7,/amdcpu/0/clock/8,/amdcpu/0/factor/2,/amdcpu/0/power/3,/amdcpu/0/voltage/4,/amdcpu/0/clock/9,/amdcpu/0/clock/10,/amdcpu/0/factor/3,/amdcpu/0/power/4,/amdcpu/0/voltage/5,/amdcpu/0/clock/11,/amdcpu/0/clock/12,/amdcpu/0/factor/4,/amdcpu/0/power/5,/amdcpu/0/voltage/6,/amdcpu/0/clock/13,/amdcpu/0/clock/14,/amdcpu/0/factor/5,/amdcpu/0/power/6,/amdcpu/0/voltage/7,/amdcpu/0/clock/15,/amdcpu/0/clock/16,/amdcpu/0/factor/6,/amdcpu/0/power/7,/amdcpu/0/voltage/8,/amdcpu/0/clock/17,/amdcpu/0/clock/18,/amdcpu/0/factor/7,/amdcpu/0/power/8,/amdcpu/0/voltage/9,/amdcpu/0/temperature/2,/amdcpu/0/temperature/3,/amdcpu/0/clock/0,/vram/data/2,/vram/data/3,/vram/load/1,/ram/data/0,/ram/data/1,/ram/load/0,/memory/dimm/1/temperature/0,/memory/dimm/1/temperature/1,/memory/dimm/1/temperature/2,/memory/dimm/1/temperature/3,/memory/dimm/1/temperature/4,/memory/dimm/1/temperature/5,/memory/dimm/1/timing/20,/memory/dimm/1/timing/21,/memory/dimm/1/timing/22,/memory/dimm/1/timing/23,/memory/dimm/1/timing/24,/memory/dimm/1/timing/25,/memory/dimm/1/timing/26,/memory/dimm/1/timing/27,/memory/dimm/1/timing/28,/memory/dimm/1/timing/29,/memory/dimm/1/timing/30,/memory/dimm/1/timing/31,/memory/dimm/1/timing/32,/memory/dimm/1/timing/33,/memory/dimm/1/data/50,/memory/dimm/3/temperature/0,/memory/dimm/3/temperature/1,/memory/dimm/3/temperature/2,/memory/dimm/3/temperature/3,/memory/dimm/3/temperature/4,/memory/dimm/3/temperature/5,/memory/dimm/3/timing/20,/memory/dimm/3/timing/21,/memory/dimm/3/timing/22,/memory/dimm/3/timing/23,/memory/dimm/3/timing/24,/memory/dimm/3/timing/25,/memory/dimm/3/timing/26,/memory/dimm/3/timing/27,/memory/dimm/3/timing/28,/memory/dimm/3/timing/29,/memory/dimm/3/timing/30,/memory/dimm/3/timing/31,/memory/dimm/3/timing/32,/memory/dimm/3/timing/33,/memory/dimm/3/data/50,/gpu-amd/0/smalldata/2,/gpu-amd/0/factor/0,/gpu-amd/0/smalldata/5,/gpu-amd/0/smalldata/4,/gpu-amd/0/smalldata/3,/gpu-amd/0/smalldata/6,/gpu-amd/0/smalldata/7,/gpu-amd/0/smalldata/8,/gpu-amd/0/load/2,/gpu-amd/0/load/5,/gpu-amd/0/load/3,/gpu-amd/0/load/4,/gpu-amd/0/load/9,/gpu-amd/0/load/8,/gpu-amd/0/load/7,/gpu-amd/0/load/6,/gpu-amd/0/load/12,/gpu-amd/0/load/11,/gpu-amd/0/load/10,/gpu-amd/0/smalldata/0,/gpu-amd/0/smalldata/1,/gpu-amd/0/clock/0,/gpu-amd/0/clock/1,/gpu-amd/0/clock/2,/gpu-amd/0/temperature/4,/gpu-amd/0/voltage/0,/gpu-amd/0/voltage/2,/gpu-amd/0/load/0,/gpu-amd/0/power/0,/gpu-amd/0/power/2,/gpu-nvidia/0/temperature/0,/gpu-nvidia/0/clock/0,/gpu-nvidia/0/clock/4,/gpu-nvidia/0/fan/1,/gpu-nvidia/0/fan/2,/gpu-nvidia/0/control/1,/gpu-nvidia/0/control/2,/gpu-nvidia/0/load/0,/gpu-nvidia/0/load/1,/gpu-nvidia/0/load/2,/gpu-nvidia/0/load/3,/gpu-nvidia/0/load/4,/gpu-nvidia/0/load/5,/gpu-nvidia/0/voltage/0,/gpu-nvidia/0/smalldata/3,/gpu-nvidia/0/smalldata/4,/gpu-nvidia/0/load/7,/gpu-nvidia/0/load/15,/gpu-nvidia/0/load/17,/gpu-nvidia/0/load/8,/gpu-nvidia/0/load/9,/gpu-nvidia/0/load/16,/gpu-nvidia/0/load/18,/gpu-nvidia/0/load/19,/gpu-nvidia/0/load/14,/gpu-nvidia/0/load/20,/gpu-nvidia/0/load/10,/gpu-nvidia/0/load/11,/gpu-nvidia/0/load/12,/gpu-nvidia/0/load/13,/gpu-nvidia/0/temperature/2,/gpu-nvidia/0/temperature/3,/gpu-nvidia/0/smalldata/2,/gpu-nvidia/0/smalldata/0,/gpu-nvidia/0/smalldata/1,/gpu-nvidia/0/load/3,/gpu-nvidia/0/power/0,/gpu-nvidia/0/throughput/0,/gpu-nvidia/0/throughput/1
Time,"CPU Fan","Pump Fan","Chipset Fan","System Fan #1","System Fan #2","System Fan #3","System Fan #4","System Fan #5","System Fan #6","EZ-Connect Fan","+12V","+5V","CPU Northbridge/SoC","DIMM","Vcore","Chipset","CPU System Agent","+3.3V","VREF","+1.8V","+3V Standby","AVSB","CMOS Battery","CPU Core","System","VRM MOS","Chipset","CPU Fan","Pump Fan #1","Chipset Fan","System Fan #1","System Fan #2","System Fan #3","System Fan #4","System Fan #5","System Fan #6","EZ-Connect Fan","CPU Core #1","CPU Core #2","CPU Core #3","CPU Core #4","CPU Core #5","CPU Core #6","CPU Core #7","CPU Core #8","CPU Total","CPU Core Max","Package","Cores (Average)","Cores (Average Effective)","Core #1","Core #1 (Effective)","Core #1","Core #1 (SMU)","Core #1 VID","Core #2","Core #2 (Effective)","Core #2","Core #2 (SMU)","Core #2 VID","Core #3","Core #3 (Effective)","Core #3","Core #3 (SMU)","Core #3 VID","Core #4","Core #4 (Effective)","Core #4","Core #4 (SMU)","Core #4 VID","Core #5","Core #5 (Effective)","Core #5","Core #5 (SMU)","Core #5 VID","Core #6","Core #6 (Effective)","Core #6","Core #6 (SMU)","Core #6 VID","Core #7","Core #7 (Effective)","Core #7","Core #7 (SMU)","Core #7 VID","Core #8","Core #8 (Effective)","Core #8","Core #8 (SMU)","Core #8 VID","Core (Tctl/Tdie)","CCD1 (Tdie)","Bus Speed","Memory Used","Memory Available","Memory","Memory Used","Memory Available","Memory","DIMM #1","Temperature Sensor Resolution","Thermal Sensor Low Limit","Thermal Sensor High Limit","Thermal Sensor Critical Low Limit","Thermal Sensor Critical High Limit","tCKAVGmin (Minimum Cycle Time)","tCKAVGmax (Maximum Cycle Time)","tAA (CAS Latency Time)","tRCD (RAS to CAS Delay Time)","tRP (Row Precharge Delay Time)","tRAS (Active to Precharge Delay Time)","tRC (Active to Active/Refresh Delay Time)","tWR (Write Recovery Time)","tRFC1 (Normal Refresh Recovery Time)","tRFC2 (Fine Granularity Refresh Recovery Time)","tRFCsb (Same Bank Refresh Recovery Time)","tRFC1_dlr (Normal Refresh Recovery Time 3DS)","tRFC2_dlr (Fine Granularity Refresh Recovery Time 3DS)","tRFCsb_dlr (Same Bank Refresh Recovery Time 3DS)","Capacity","DIMM #3","Temperature Sensor Resolution","Thermal Sensor Low Limit","Thermal Sensor High Limit","Thermal Sensor Critical Low Limit","Thermal Sensor Critical High Limit","tCKAVGmin (Minimum Cycle Time)","tCKAVGmax (Maximum Cycle Time)","tAA (CAS Latency Time)","tRCD (RAS to CAS Delay Time)","tRP (Row Precharge Delay Time)","tRAS (Active to Precharge Delay Time)","tRC (Active to Active/Refresh Delay Time)","tWR (Write Recovery Time)","tRFC1 (Normal Refresh Recovery Time)","tRFC2 (Fine Granularity Refresh Recovery Time)","tRFCsb (Same Bank Refresh Recovery Time)","tRFC1_dlr (Normal Refresh Recovery Time 3DS)","tRFC2_dlr (Fine Granularity Refresh Recovery Time 3DS)","tRFCsb_dlr (Same Bank Refresh Recovery Time 3DS)","Capacity","GPU Memory Total","Fullscreen FPS","D3D Dedicated Memory Total","D3D Dedicated Memory Free","D3D Dedicated Memory Used","D3D Shared Memory Used","D3D Shared Memory Free","D3D Shared Memory Total","D3D 3D","D3D Copy","D3D Compute 0","D3D Compute 1","D3D Timer 0","D3D Security 1","D3D High Priority Compute","D3D High Priority 3D","D3D Video JPEG 0","D3D Video Decode 1","D3D Video Codec 0","GPU Memory Used","GPU Memory Free","GPU Core","GPU SoC","GPU Memory","GPU VR SoC","GPU Core","GPU SoC","GPU Core","GPU Core","GPU SoC","GPU Core","GPU Core","GPU Memory","GPU Fan 1","GPU Fan 2","GPU Fan 1","GPU Fan 2","GPU Core","GPU Memory Controller","GPU Video Engine","GPU Bus","GPU Power","GPU Board Power","GPU Core Voltage","D3D Dedicated Memory Used","D3D Shared Memory Used","D3D 3D","D3D Overlay","D3D Video Decode","D3D Copy","D3D Copy","D3D Security","D3D Video Encode","D3D Video Encode","D3D Optical Flow Accelerator 0","D3D VR","D3D Copy","D3D Copy","D3D Copy","D3D Copy","GPU Hot Spot","GPU Memory Junction","GPU Memory Total","GPU Memory Free","GPU Memory Used","GPU Memory","GPU Package","GPU PCIe Rx","GPU PCIe Tx"
05/28/2026 11:06:13,41,54,0,48,53,46,46,46,46,65,12.0960007,5.02000046,1.312,1.39200008,1.08600008,0.334000021,0.666,3.28000021,2.046,0,3.364,3.364,3.11600018,62,45,43.5,45,902,700,0,772,680,0,0,0,0,0,82.76,77.59,77.59,75,76.72,81.9,75,74.14,77.59,82.76,35.4822235,5047,3960,5050,4249,50.5,4.198227,0.5,5050,3977,50.5,4.155177,0.5,5050,3900,50.5,4.021796,0.5125,5050,3838,50.5,3.99195886,0.5,5050,3906,50.5,4.171359,0.5,5050,4206,50.5,4.457031,0.50625,5050,3805,50.5,4.0205164,0.5,5025,3801,50.25,3.91312051,0.5125,52.1250076,56.6250038,99.998436,13.4625778,23.4181862,36.50298,7.50156,7.379204,50.41112,36.25,0.25,0,55,0,85,0.416,1.01,16,16,16,32,48,30,295,160,130,0,0,0,16,36,0.25,0,55,0,85,0.416,1.01,16,16,16,32,48,30,295,160,130,0,0,0,16,512,-1,485.785156,456.46875,29.3164063,13.8359375,7605.115,7618.951,0.625198543,5.0260644,0,0,0,0,0,0,0,0,2.22796631,29,483,600,1200,3000,50,1.09,1.30500007,0,38,18,49,2670,10701.9883,0,0,0,0,23,9,0,2,22.532,23.519,0.975,2304.51953,182.53125,6.869248,0,0,0,0.6247998,0,0,0,0,0,8.545784,0,0,0,60.84375,60,16376,13769,2606,15.9183025,57.344,179549184,182299648
05/28/2026 11:06:15,42,54,0,49,54,51,51,51,51,70,12.12,5.03,1.31000006,1.39200008,1.036,0.34,0.666,3.28400016,2.046,0,3.36800027,3.364,3.11600018,64,45.5,43.5,45,925,700,0,782,685,0,0,0,0,0,56.25,17.19,7.69,6.15,15.62,67.19,9.23,9.23,23.57,67.19,62.28644,5022,1362,5050,2559,50.5,3.419463,0.53125,5050,1708,50.5,2.693676,0.53125,5025,684,50.25,1.29349911,0.50625,5050,537,50.5,0.8410625,0.5125,4975,1033,49.75,1.834563,0.50625,4975,3591,49.75,4.208204,0.50625,5050,421,50.5,0.658656955,0.51875,5000,364,50,0.576267838,0.51875,65.62501,52.8750038,99.99844,13.3707657,23.5099983,36.25404,7.3916893,7.48907471,49.67278,36.25,0.25,0,55,0,85,0.416,1.01,16,16,16,32,48,30,295,160,130,0,0,0,16,36,0.25,0,55,0,85,0.416,1.01,16,16,16,32,48,30,295,160,130,0,0,0,16,512,-1,485.785156,477.9453,7.83984375,7.6015625,7611.34961,7618.951,0,0.5634338,0,0,0,0,0,0,0,0,2.22736,7,505,600,1200,3000,49,1.05000007,1.30500007,0,23,17,49,2670,10701.9883,0,0,0,0,2,2,0,1,18.538,19.08,0.975,2347.34375,172.6211,0.5769938,0,0,0,0.00137943181,0,0,0,0,0,0.180470765,0,0,0,60.90625,60,16376,13722,2653,16.20643,51.922,999424,0
05/28/2026 11:06:17,43,54,0,50,55,55,55,55,55,74,12.12,5.03,1.31000006,1.39200008,0.952,0.326,0.664000034,3.28400016,2.046,0,3.36800027,3.364,3.11600018,60,45,43.5,45,946,700,0,782,696,0,0,0,0,0,15.62,4.62,1.54,0,1.54,4.69,0,0,3.5,15.62,33.69675,3666,194,4850,605,48.5,0.677308,0.64375,3233,190,32.3333321,0.206213355,0.64375,3137,87,32.3333321,0.101682991,0.64375,3056,60,32.3333321,0.0796644,0.64375,4591,100,48.5,0.133418083,0.64375,4850,421,48.5,0.6555729,0.64375,2822,50,32.3333321,0.06517063,0.64375,2793,35,32.3333321,0.0467757434,0.64375,60.7500076,45.8750038,99.998436,13.2237778,23.6569862,35.855484,7.30429459,7.57646942,49.08548,36.25,0.25,0,55,0,85,0.416,1.01,16,16,16,32,48,30,295,160,130,0,0,0,16,36,0.25,0,55,0,85,0.416,1.01,16,16,16,32,48,30,295,160,130,0,0,0,16,512,-1,485.785156,477.9453,7.83984375,7.6015625,7611.34961,7618.951,0,0,0,0,0,0,0,0,0,0,2.53536582,7,505,600,1200,3000,49,0.965000033,1.30500007,0,2,16,48,480,5001.986,0,0,0,0,0,4,0,0,13.331,18.995,0.925,2328.461,173,0.6840031,0,0,0,0.000768341,0,0,0,0,0,0.008521601,0,0,0,60.40625,58,16376,13740,2635,16.09117,38.14,0,7.584973E+07
05/28/2026 11:06:19,44,54,0,51,55,58,58,58,58,75,12.12,5.03,1.31000006,1.39200008,0.998,0.324,0.666,3.28400016,2.046,0,3.36800027,3.36800027,3.11600018,58,45.5,43,45,978,700,0,808,709,0,0,0,0,0,7.69,1.54,0,0,0,12.31,0,0,2.69,12.31,33.8210869,3661,300,4850,847,48.5,0.9470856,0.63125,4839,224,48.5,0.360706776,0.63125,3114,90,32.3333321,0.09693673,0.63125,2891,41,32.3333321,0.0593826249,0.63125,3041,100,32.3333321,0.12749666,0.6375,4850,1018,48.5,1.31188619,0.6375,2823,36,32.3333321,0.0559686162,0.6375,2879,40,32.3333321,0.04562084,0.6375,57.8750076,45.3750038,99.99844,13.1208344,23.75993,35.5763626,7.235523,7.645241,48.623333,36.25,0.25,0,55,0,85,0.416,1.01,16,16,16,32,48,30,295,160,130,0,0,0,16,36,0.25,0,55,0,85,0.416,1.01,16,16,16,32,48,30,295,160,130,0,0,0,16,512,-1,485.785156,477.9453,7.83984375,7.6015625,7611.34961,7618.951,0,0,0,0,0,0,0,0,0,0,2.25064254,7,505,600,1200,3000,49,0.965000033,1.30500007,0,4,16,48,210,810,0,0,0,0,4,23,0,0,11.07,12.561,0.925,2328.46875,174,1.21300066,0,0,0,0,0,0,0,0,0,0.0316701829,0,0,0,60.46875,58,16376,13740,2635,16.09117,33.273,3299328,0
05/28/2026 11:06:21,45,54,0,51,56,55,55,55,55,71,12.12,5.03,1.30800009,1.39200008,0.95600003,0.326,0.666,3.28400016,2.046,0,3.36800027,3.36800027,3.11600018,55,45,43,45,1005,700,0,796,719,0,0,0,0,0,9.38,0,0,1.56,0,4.69,0,0,1.95,9.38,32.58764,3485,238,4850,684,48.5,0.728544235,0.64375,3233,214,32.3333321,0.261923969,0.64375,3065,98,32.3333321,0.1358869,0.64375,2955,65,32.3333321,0.09975038,0.64375,3141,129,32.3333321,0.177327126,0.64375,4850,599,48.5,0.814965665,0.64375,2890,63,32.3333321,0.08622044,0.64375,2895,49,32.3333321,0.0681289956,0.64375,55.7500076,45.3750038,99.99845,13.1204262,23.7603378,35.5752563,7.240261,7.640503,48.65517,36.5,0.25,0,55,0,85,0.416,1.01,16,16,16,32,48,30,295,160,130,0,0,0,16,36,0.25,0,55,0,85,0.416,1.01,16,16,16,32,48,30,295,160,130,0,0,0,16,512,-1,485.785156,477.9453,7.83984375,7.6015625,7611.34961,7618.951,0,0,0,0,0,0,0,0,0,0,2.57088375,7,505,600,1200,3000,48,0.979000032,1.30500007,0,2,15,48,210,810,0,0,0,0,3,12,0,0,9.032,10.388,0.925,2328.46875,174.230469,2.48313665,0,0,0,0,0,0,0,0,0,0.0497360975,0,0,0,60.34375,58,16376,13740,2635,16.09117,27.558,499712,0
05/28/2026 11:06:23,45,54,0,52,57,51,51,51,51,69,12.12,5.03,1.30800009,1.39200008,0.952,0.324,0.666,3.28400016,2.046,0,3.36800027,3.36800027,3.11600018,54,45,43,45,996,675,0,812,726,0,0,0,0,0,15.62,9.38,0,1.56,1.56,15.62,0,3.12,5.86,15.62,32.12917,4475,304,4850,833,48.5,0.9269227,0.63125,4850,364,48.5,0.397953242,0.63125,4430,92,48.5,0.151377261,0.63125,4680,78,48.5,0.128138438,0.63125,4681,187,48.5,0.276730746,0.63125,4850,736,48.5,0.9677221,0.63125,4228,46,48.5,0.06734926,0.63125,3233,97,32.3333321,0.09889651,0.63125,54.2500076,45.3750038,99.99845,13.1280594,23.7527046,35.5959549,7.24964142,7.63112259,48.71821,36.5,0.25,0,55,0,85,0.416,1.01,16,16,16,32,48,30,295,160,130,0,0,0,16,36,0.25,0,55,0,85,0.416,1.01,16,16,16,32,48,30,295,160,130,0,0,0,16,512,-1,485.785156,477.9453,7.83984375,7.6015625,7611.34961,7618.951,0,0,0,0,0,0,0,0,0,0,2.43854237,7,505,600,1200,3000,49,0.965000033,1.30500007,0,2,15,48,210,405,0,0,0,0,1,46,0,1,6.989,7.693,0.865,2328.46875,174.054688,7.74125,0,0,0,0.003241407,0,0,0,0,0,0.5957706,0,0,0,60.125,58,16376,13740,2635,16.09117,19.132,0,7.634944E+07
05/28/2026 11:06:25,44,54,0,53,58,50,50,49,49,68,12.0960007,5.03,1.30800009,1.39200008,0.958000064,0.33,0.666,3.28000021,2.046,0,3.364,3.364,3.11600018,53,45.5,43,45.5,974,675,0,837,738,0,0,0,0,0,9.23,3.08,0,3.08,1.54,0,1.54,0,2.31,9.23,31.1495819,3679,169,4850,533,48.5,0.6016316,0.65,4720,121,48.5,0.143573746,0.65,2991,59,32.3333321,0.058261808,0.65,2912,45,32.3333321,0.05378361,0.65,2964,66,32.3333321,0.0681530461,0.65,5025,452,50.25,0.6351723,0.525,3053,41,33.5,0.04705854,0.525,2915,35,33.5,0.04438357,0.525,53.3750076,45.3750038,99.998436,13.1227417,23.7580223,35.5815353,7.243351,7.637413,48.6759338,36.5,0.25,0,55,0,85,0.416,1.01,16,16,16,32,48,30,295,160,130,0,0,0,16,36,0.25,0,55,0,85,0.416,1.01,16,16,16,32,48,30,295,160,130,0,0,0,16,512,-1,485.785156,477.9453,7.83984375,7.6015625,7611.34961,7618.951,0,0,0,0,0,0,0,0,0,0,2.09643531,7,505,600,1200,3000,48,0.950000048,1.30500007,0,3,15,48,210,405,0,0,0,0,5,52,0,1,7.035,7.017,0.865,2328.47656,174.6875,8.392694,0,0,0,0.051693216,0,0,0,0,0,0.64822197,0,0,0,60.03125,58,16376,13740,2635,16.09117,19.615,399360,49152
05/28/2026 11:06:27,42,54,0,52,56,47,47,47,47,66,12.12,5.03,1.31000006,1.39200008,0.95600003,0.320000023,0.666,3.28400016,2.046,0,3.36800027,3.36800027,3.11600018,52,45,43,45,947,676,0,837,745,0,0,0,0,0,13.85,1.54,0,0,0,4.62,0,0,2.5,13.85,31.3476543,3377,184,3600,626,36,0.688567,0.64375,3533,138,36,0.169334888,0.64375,3244,57,36,0.0793962,0.64375,3163,44,36,0.07021979,0.64375,3413,95,36,0.102002546,0.64375,3600,422,36,0.643798053,0.64375,3176,40,36,0.06320823,0.64375,3290,54,36,0.06581338,0.64375,52.8750076,44.8750038,99.99844,13.0914459,23.7893181,35.4966736,7.21255875,7.66820526,48.4690056,36.5,0.25,0,55,0,85,0.416,1.01,16,16,16,32,48,30,295,160,130,0,0,0,16,36,0.25,0,55,0,85,0.416,1.01,16,16,16,32,48,30,295,160,130,0,0,0,16,512,-1,485.785156,477.9453,7.83984375,7.6015625,7611.34961,7618.951,0,0,0,0,0,0,0,0,0,0,2.35010648,7,505,600,1200,3000,48,0.979000032,1.30500007,0,2,15,48,210,405,0,0,0,0,1,48,0,1,6.373,6.363,0.865,2328.418,174.6875,1.77693045,0,0,0,0.006757726,0,0,0,0,0,0.128094062,0,0,0,60,58,16376,13740,2635,16.0908127,18.806,49152,151299072
05/28/2026 11:06:29,42,54,0,51,56,48,48,48,48,66,12.12,5.03,1.31000006,1.39200008,1.00200009,0.328,0.666,3.28400016,2.046,0,3.36800027,3.36800027,3.11600018,53,45,43,45,940,676,0,812,738,0,0,0,0,0,23.44,6.35,3.17,1.56,0,32.81,0,1.59,8.62,32.81,33.6795845,3538,400,4850,868,48.5,0.981183052,0.65,4715,234,48.5,0.39902404,0.63125,2746,50,32.3333321,0.0618160963,0.63125,2788,41,32.3333321,0.047752358,0.63125,2957,121,32.3333321,0.136409044,0.63125,4850,1821,48.5,2.0601995,0.63125,2750,40,32.3333321,0.0484264381,0.63125,2649,25,32.3333321,0.0396174528,0.63125,53.5000076,45.3750038,99.998436,13.1291542,23.75161,35.5989227,7.240864,7.6399,48.65922,36.5,0.25,0,55,0,85,0.416,1.01,16,16,16,32,48,30,295,160,130,0,0,0,16,36,0.25,0,55,0,85,0.416,1.01,16,16,16,32,48,30,295,160,130,0,0,0,16,512,-1,485.785156,477.9453,7.83984375,7.6015625,7611.34961,7618.951,0,0,0,0,0,0,0,0,0,0,2.28019714,7,505,600,1200,3000,49,1.04000008,1.30500007,0,7,15,48,210,405,0,0,0,0,7,48,0,1,6.303,6.165,0.865,2328.418,174.324219,3.99551773,0,0,0,0,0,0,0,0,0,0.252026558,0,0,0,60.0625,58,16376,13740,2635,16.0908127,16.838,499712,65849344
05/28/2026 11:06:31,42,54,0,51,56,48,48,47,47,66,12.12,5.03,1.30800009,1.39200008,0.968000054,0.322000027,0.664000034,3.28400016,2.046,0,3.36800027,3.36800027,3.11600018,52,45.5,43,45.5,928,675,0,812,735,0,0,0,0,0,12.5,1.54,0,0,0,10.94,0,0,3.12,12.5,31.0199413,3445,127,4850,469,48.5,0.557514,0.65,4227,58,48.5,0.06878666,0.65,2988,53,32.3333321,0.03472016,0.65,2642,23,32.3333321,0.0204915833,0.65,2726,42,32.3333321,0.0291868262,0.65,4850,329,48.5,0.5523759,0.65,2625,20,32.3333321,0.01880422,0.65,2651,19,32.3333321,0.0185643025,0.65,52.3750076,44.8750038,99.99844,13.1019821,23.7787819,35.5252457,7.21985245,7.66091156,48.51802,36.5,0.25,0,55,0,85,0.416,1.01,16,16,16,32,48,30,295,160,130,0,0,0,16,36,0.25,0,55,0,85,0.416,1.01,16,16,16,32,48,30,295,160,130,0,0,0,16,512,-1,485.785156,477.9453,7.83984375,7.6015625,7611.34961,7618.951,0,0,0,0,0,0,0,0,0,0,1.99366546,7,505,600,1200,3000,49,0.965000033,1.30500007,0,2,15,48,210,405,0,0,0,0,5,50,0,1,6.787,7.09,0.865,2328.36719,171.8125,1.33284533,0,0,0,0.175528273,0,0,0,0,0,0.09264075,0,0,0,60.09375,58,16376,13741,2634,16.0904312,19.311,199680,7.809946E+07
05/28/2026 11:06:33,41,54,0,51,56,47,47,46,46,65,12.12,5.03,1.30800009,1.39200008,0.954000056,0.336000025,0.666,3.28400016,2.046,0,3.36800027,3.36800027,3.11600018,51,45.5,43,45.5,933,675,0,829,718,0,0,0,0,0,6.35,1.59,1.56,1.56,1.56,6.35,1.56,1.54,2.76,6.35,31.6262627,3482,190,4850,582,48.5,0.703897953,0.64375,3144,143,32.3333321,0.180899069,0.64375,3031,60,32.3333321,0.08141466,0.64375,2993,53,32.3333321,0.07316307,0.64375,3038,83,32.3333321,0.104028985,0.64375,4850,500,48.5,0.6985623,0.64375,2902,50,32.3333321,0.06731561,0.64375,3047,49,32.3333321,0.0681768954,0.64375,51.6250076,44.8750038,99.99844,13.1370392,23.7437248,35.6203,7.24790573,7.63285828,48.706543,36.5,0.25,0,55,0,85,0.416,1.01,16,16,16,32,48,30,295,160,130,0,0,0,16,36,0.25,0,55,0,85,0.416,1.01,16,16,16,32,48,30,295,160,130,0,0,0,16,512,-1,485.785156,477.9453,7.83984375,7.6015625,7611.34961,7618.951,0,0,0,0,0,0,0,0,0,0,2.171704,7,505,600,1200,3000,48,0.969000041,1.30500007,0,3,19,48,210,405,0,0,0,0,1,49,0,1,6.776,6.621,0.865,2328.36719,171.8125,2.98542881,0,0,0,0,0,0,0,0,0,0,0,0,0,60.125,58,16376,13741,2634,16.0904312,19.496,0,151299072
05/28/2026 11:06:35,41,54,0,50,55,45,45,45,45,65,12.12,5.03,1.31000006,1.39200008,0.958000064,0.328,0.666,3.28400016,2.046,0,3.36800027,3.36800027,3.11600018,51,45,43,45,907,675,0,814,708,0,0,0,0,0,6.15,0,0,0,0,4.62,0,0,1.35,6.15,33.4058075,3305,145,4850,534,48.5,0.6732207,0.65,2928,86,32.3333321,0.114575118,0.65,2982,63,32.3333321,0.0566748567,0.65,2682,25,32.3333321,0.0380246229,0.65,2824,52,32.3333321,0.0634049848,0.65,4850,348,48.5,0.5709663,0.65,2660,24,32.3333321,0.0371367671,0.65,2664,28,32.3333321,0.0374276154,0.65,51.7500076,44.8750038,99.998436,13.1332741,23.74749,35.6100922,7.24758148,7.63318253,48.7043648,36.5,0.25,0,55,0,85,0.416,1.01,16,16,16,32,48,30,295,160,130,0,0,0,16,36,0.25,0,55,0,85,0.416,1.01,16,16,16,32,48,30,295,160,130,0,0,0,16,512,-1,485.785156,477.9453,7.83984375,7.6015625,7611.34961,7618.951,0,0,0,0,0,0,0,0,0,0,2.28578925,7,505,600,1200,3000,48,0.935000062,1.30500007,0,5,16,49,2670,10701.9883,0,0,0,0,0,2,0,0,17.686,18.64,0.975,2328.371,172.625,0.1579585,0,0,0,0.134585485,0,0,0,0,0,0,0,0,0,60.84375,60,16376,13741,2634,16.0904312,49.718,149504,0
05/28/2026 11:06:37,41,54,0,50,55,45,45,45,45,65,12.12,5.03,1.31000006,1.39200008,0.960000038,0.324,0.666,3.28400016,2.046,0,3.36800027,3.36800027,3.11600018,51,45.5,43,45,894,674,0,809,697,0,0,0,0,0,4.69,0,0,0,0,6.25,0,0,1.37,6.25,33.25337,3105,138,4850,508,48.5,0.6594336,0.65,2896,81,32.3333321,0.11826162,0.65,2772,38,32.3333321,0.0444792658,0.65,2713,31,32.3333321,0.0380468778,0.65,2889,52,32.3333321,0.0629704744,0.65,3233,333,32.3333321,0.5824731,0.65,2661,26,32.3333321,0.03679105,0.65,2825,35,32.3333321,0.0392113142,0.65,51.2500076,44.8750038,99.99844,13.1351013,23.7456627,35.61505,7.24889755,7.63186646,48.7132072,36.5,0.25,0,55,0,85,0.416,1.01,16,16,16,32,48,30,295,160,130,0,0,0,16,36,0.25,0,55,0,85,0.416,1.01,16,16,16,32,48,30,295,160,130,0,0,0,16,512,-1,485.785156,477.9453,7.83984375,7.6015625,7611.34961,7618.951,0,0,0,0,0,0,0,0,0,0,2.13218236,7,505,600,1200,3000,48,0.965000033,1.30500007,0,6,17,49,2670,10701.9883,0,0,0,0,0,2,0,0,18.015,19.335,0.975,2328.371,172.625,0.139132351,0,0,0,0.00138663489,0,0,0,0,0,0,0,0,0,61.0625,60,16376,13741,2634,16.0904312,51.008,0,7.399936E+07
05/28/2026 11:06:39,41,54,0,50,54,45,45,44,44,64,12.12,5.03,1.31000006,1.39200008,1.01200008,0.328,0.666,3.28400016,2.046,0,3.36800027,3.36800027,3.11600018,52,45.5,43,45,898,700,0,791,694,0,0,0,0,0,15.62,1.54,1.54,1.54,1.54,17.19,1.54,1.54,5.26,17.19,33.8554077,4750,322,4850,822,48.5,0.9397326,0.83125,4850,227,48.5,0.3552316,0.83125,4739,80,48.5,0.123710267,0.83125,4802,73,48.5,0.118452862,0.83125,4683,112,48.5,0.137664273,0.83125,4850,1141,48.5,1.46739745,0.83125,4612,64,48.5,0.09493052,0.83125,4613,55,48.5,0.08330453,0.83125,51.0000076,44.8750038,99.99844,13.1038055,23.7769585,35.53019,7.21836472,7.66239929,48.5080261,36.5,0.25,0,55,0,85,0.416,1.01,16,16,16,32,48,30,295,160,130,0,0,0,16,36,0.25,0,55,0,85,0.416,1.01,16,16,16,32,48,30,295,160,130,0,0,0,16,512,-1,485.785156,477.9453,7.83984375,7.6015625,7611.34961,7618.951,0,0,0,0,0,0,0,0,0,0,2.10660219,7,505,600,1200,3000,48,0.960000038,1.30500007,0,1,16,48,315,5001.986,0,0,0,0,2,4,0,0,13.101,18.42,0.925,2328.371,171.539063,0.7864394,0,0,0,0.000679237943,0,0,0,0,0,0.07211735,0,0,0,60.65625,60,16376,13741,2634,16.0904312,37.683,1949696,1.878999E+08
05/28/2026 11:06:41,41,54,0,50,54,45,45,45,45,65,12.12,5.03,1.31000006,1.39200008,0.950000048,0.320000023,0.666,3.28000021,2.046,0,3.36800027,3.36800027,3.11600018,51,45.5,43,45,898,700,0,791,709,0,0,0,0,0,15.62,1.56,1.54,1.54,3.08,12.5,1.54,1.54,4.86,15.62,33.8953323,3371,151,3600,561,36,0.5676464,0.6875,3332,79,36,0.0976515,0.6875,3140,44,36,0.059680935,0.6875,2985,33,36,0.0455436,0.6875,3272,57,36,0.06717869,0.6875,5050,378,50.5,0.5930649,0.56875,2765,26,33.6666679,0.03895422,0.525,2826,27,33.6666679,0.03833122,0.525,51.7500076,44.8750038,99.99844,13.1295967,23.7511673,35.60012,7.241253,7.639511,48.6618347,36.5,0.25,0,55,0,85,0.416,1.01,16,16,16,32,48,30,295,160,130,0,0,0,16,36,0.25,0,55,0,85,0.416,1.01,16,16,16,32,48,30,295,160,130,0,0,0,16,512,-1,485.785156,477.9453,7.83984375,7.6015625,7611.34961,7618.951,0,0,0,0,0,0,0,0,0,0,2.23698664,7,505,600,1200,3000,48,0.969000041,1.30500007,0,2,15,48,210,810,0,0,0,0,1,28,0,0,9.807,11.405,0.925,2328.371,171.539063,0.697296739,0,0,0,0,0,0,0,0,0,0,0,0,0,60.625,58,16376,13741,2634,16.0904312,29.392,49152,7.534899E+07
05/28/2026 11:06:43,41,54,0,50,55,46,46,47,47,65,12.12,5.03,1.31000006,1.39200008,0.958000064,0.33,0.664000034,3.28400016,2.046,0,3.36800027,3.36800027,3.11600018,51,45,43,45.5,907,700,0,803,690,0,0,0,0,0,26.98,12.5,3.12,1.56,6.25,19.05,0,1.56,8.88,26.98,36.3243828,3484,514,4850,1442,48.5,1.48107147,0.6375,3233,667,32.3333321,0.904725552,0.6375,3058,213,32.3333321,0.377687871,0.6375,2978,119,32.3333321,0.254861534,0.6375,3199,392,32.3333321,0.598732352,0.6375,4850,1145,48.5,1.39049935,0.6375,2857,68,32.3333321,0.139372543,0.6375,2846,67,32.3333321,0.118698604,0.6375,51.8750076,45.3750038,99.99844,13.1710052,23.7097588,35.7124023,7.259819,7.620945,48.786602,36.5,0.25,0,55,0,85,0.416,1.01,16,16,16,32,48,30,295,160,130,0,0,0,16,36,0.25,0,55,0,85,0.416,1.01,16,16,16,32,48,30,295,160,130,0,0,0,16,512,-1,485.785156,477.9453,7.83984375,7.6015625,7611.34961,7618.951,0.0170692988,0.927615941,0,0,0,0,0,0,0,0,3.11460471,7,505,600,1200,3000,48,0.979000032,1.30500007,0,2,16,49,2670,10701.9883,0,0,0,0,0,2,0,0,17.676,17.593,0.975,2342.57031,173.609375,2.21539283,0,0,0,0.00514086848,0,0,0,0,0,1.129515,0,0,0,61.03125,60,16376,13726,2649,16.17697,45.557,149504,0
05/28/2026 11:06:45,42,54,0,51,55,47,47,47,47,66,12.12,5.03,1.31000006,1.39200008,0.954000056,0.332000017,0.666,3.28400016,2.046,0,3.36800027,3.364,3.11600018,52,45,43,45.5,913,700,0,795,712,0,0,0,0,0,14.29,4.69,3.12,1.56,1.56,12.7,1.56,3.17,5.33,14.29,34.3409348,3721,280,4850,689,48.5,0.857928634,0.65625,4850,360,48.5,0.398445845,0.65625,3107,112,32.3333321,0.147644252,0.65625,2976,73,32.3333321,0.101636037,0.65625,3056,118,32.3333321,0.159015685,0.65625,4850,673,48.5,0.866180658,0.65625,2849,63,32.3333321,0.0731459856,0.65625,3233,154,32.3333321,0.141712666,0.65625,52.1250076,45.8750038,99.99845,13.1596642,23.7211,35.68165,7.229843,7.650921,48.58516,36.5,0.25,0,55,0,85,0.416,1.01,16,16,16,32,48,30,295,160,130,0,0,0,16,36,0.25,0,55,0,85,0.416,1.01,16,16,16,32,48,30,295,160,130,0,0,0,16,512,-1,485.785156,477.9453,7.83984375,7.6015625,7611.34961,7618.951,0,0,0,0,0,0,0,0,0,0,2.559619,7,505,600,1200,3000,48,0.835000038,1.30500007,0,0,16,49,465,5001.986,0,0,0,0,0,4,0,0,13.234,18.386,0.925,2342.57031,173.609375,0.652627,0,0,0,0,0,0,0,0,0,0,0,0,0,61,60,16376,13726,2649,16.17697,43.387,149504,7.599923E+07
05/28/2026 11:06:47,42,54,0,51,56,46,46,46,46,65,12.12,5.02000046,1.30800009,1.39200008,0.9760001,0.328,0.664000034,3.28400016,2.046,0,3.36800027,3.364,3.11600018,51,45,43,45.5,938,700,0,802,701,0,0,0,0,0,7.69,1.54,0,0,3.08,3.08,0,0,1.92,7.69,32.8269119,3389,192,4850,667,48.5,0.7779621,0.64375,3099,138,32.3333321,0.197519854,0.64375,2892,54,32.3333321,0.06901535,0.64375,2919,43,32.3333321,0.05854416,0.64375,3122,90,32.3333321,0.103736408,0.64375,4850,492,48.5,0.710653841,0.64375,2689,29,32.3333321,0.04705176,0.64375,2691,23,32.3333321,0.03798283,0.64375,51.5000076,44.8750038,99.99844,13.1533012,23.7274628,35.66439,7.238323,7.642441,48.6421471,36.5,0.25,0,55,0,85,0.416,1.01,16,16,16,32,48,30,295,160,130,0,0,0,16,36,0.25,0,55,0,85,0.416,1.01,16,16,16,32,48,30,295,160,130,0,0,0,16,512,-1,485.785156,477.9453,7.83984375,7.6015625,7611.34961,7618.951,0,0,0,0,0,0,0,0,0,0,2.52920246,7,505,600,1200,3000,49,0.960000038,1.30500007,0,2,15,48,210,810,0,0,0,0,1,33,0,0,9.993,12.885,0.925,2341.94531,173.609375,2.8106463,0,0,0,0.001867924,0,0,0,0,0,0,0,0,0,60.8125,60,16376,13727,2648,16.1731548,31.348,1599488,0
05/28/2026 11:06:49,41,54,0,50,55,45,45,45,45,65,12.12,5.03,1.30800009,1.39200008,1.008,0.332000017,0.666,3.28000021,2.046,0,3.364,3.364,3.11600018,52,45,43,45,900,700,0,799,700,0,0,0,0,0,25.4,4.76,0,1.59,3.17,20.63,0,0,6.94,25.4,33.3132858,3392,318,4850,806,48.5,0.888722837,0.65,3164,234,32.3333321,0.3721805,0.65,2869,62,32.3333321,0.0779199451,0.65,2876,53,32.3333321,0.06768615,0.65,3012,117,32.3333321,0.16277647,0.65,4850,1203,48.5,1.45309031,0.65,2782,34,32.3333321,0.0524598733,0.65,2732,34,32.3333321,0.0445434563,0.65,52.0000076,44.8750038,99.998436,13.1346359,23.7461281,35.6137848,7.23860931,7.64215469,48.64407,36.5,0.25,0,55,0,85,0.416,1.01,16,16,16,32,48,30,295,160,130,0,0,0,16,36,0.25,0,55,0,85,0.416,1.01,16,16,16,32,48,30,295,160,130,0,0,0,16,512,-1,485.785156,477.9453,7.83984375,7.6015625,7611.34961,7618.951,0,0,0,0,0,0,0,0,0,0,2.44003987,7,505,600,1200,3000,48,0.979000032,1.30500007,0,2,16,48,210,810,0,0,0,0,8,28,0,0,9.596,10.563,0.925,2341.121,173.609375,3.951613,0,0,0,0.0009071538,0,0,0,0,0,0,0,0,0,60.8125,58,16376,13728,2647,16.1681919,28.035,99328,0
05/28/2026 11:06:51,41,54,0,50,55,45,45,45,45,65,12.12,5.03,1.30800009,1.39200008,0.95600003,0.322000027,0.664000034,3.28400016,2.046,0,3.36800027,3.36800027,3.11600018,51,45.5,43,45.5,905,675,0,796,697,0,0,0,0,0,6.25,1.56,0,0,1.56,3.12,0,0,1.56,6.25,31.877821,3875,228,4850,725,48.5,0.7355507,0.6375,4814,181,48.5,0.214176133,0.6375,3035,77,32.3333321,0.09863736,0.6375,3012,61,32.3333321,0.08391332,0.6375,4602,108,48.5,0.129912615,0.6375,4850,569,48.5,0.7388361,0.6375,2937,60,32.3333321,0.07537124,0.6375,2898,45,32.3333321,0.06232212,0.6375,51.3750076,44.8750038,99.99844,13.1322823,23.7484818,35.6074066,7.235771,7.644993,48.625,36.5,0.25,0,55,0,85,0.416,1.01,16,16,16,32,48,30,295,160,130,0,0,0,16,35.75,0.25,0,55,0,85,0.416,1.01,16,16,16,32,48,30,295,160,130,0,0,0,16,512,-1,485.785156,477.9453,7.83984375,7.6015625,7611.34961,7618.951,0,0,0,0,0,0,0,0,0,0,2.53621531,7,505,600,1200,3000,48,0.984,1.30500007,0,2,15,48,210,405,0,0,0,0,2,55,0,1,6.278,6.158,0.865,2341.121,173.609375,8.702883,0,0,0,0.0008681548,0,0,0,0,0,0,0,0,0,60.46875,58,16376,13728,2647,16.1681919,18.014,0,7.629926E+07
05/28/2026 11:06:53,41,54,0,50,55,45,45,45,45,65,12.12,5.03,1.30800009,1.39200008,0.954000056,0.324,0.666,3.28000021,2.046,0,3.36800027,3.36800027,3.11600018,51,45,43,45,903,675,0,809,711,0,0,0,0,0,12.7,3.17,3.12,1.56,3.17,12.7,0,1.59,4.75,12.7,31.9386044,3381,177,4850,573,48.5,0.641972363,0.63125,3083,119,32.3333321,0.162543491,0.63125,2958,77,32.3333321,0.08102874,0.63125,2756,48,32.3333321,0.0546924956,0.63125,2965,87,32.3333321,0.0872255,0.63125,4850,440,48.5,0.6363376,0.63125,2801,37,32.3333321,0.0518523157,0.63125,2783,35,32.3333321,0.0368919969,0.63125,51.1250076,44.8750038,99.99845,13.1301727,23.7505913,35.6016846,7.237053,7.643711,48.6336136,36.5,0.25,0,55,0,85,0.416,1.01,16,16,16,32,48,30,295,160,130,0,0,0,16,36,0.25,0,55,0,85,0.416,1.01,16,16,16,32,48,30,295,160,130,0,0,0,16,512,-1,485.785156,477.9453,7.83984375,7.6015625,7611.34961,7618.951,0,0,0,0,0,0,0,0,0,0,2.52637458,7,505,600,1200,3000,48,0.955000043,1.30500007,0,3,15,48,210,405,0,0,0,0,1,47,0,1,7.074,7.009,0.865,2341.121,173.609375,8.433095,0,0,0,0.00540486025,0,0,0,0,0,0,0,0,0,60.46875,58,16376,13728,2647,16.1681919,19.156,399360,0
05/28/2026 11:06:55,41,54,0,50,55,45,45,45,45,65,12.12,5.03,1.30800009,1.39200008,0.958000064,0.326,0.664000034,3.28400016,2.046,0,3.36800027,3.364,3.11600018,51,45,43,45.5,903,675,0,791,692,0,0,0,0,0,10.77,1.54,1.54,0,0,3.08,1.54,0,2.31,10.77,32.47574,3154,145,4850,515,48.5,0.555861235,0.56875,3016,92,32.3333321,0.124176845,0.56875,2779,44,32.3333321,0.0495662,0.56875,2880,32,32.3333321,0.042278368,0.56875,2922,60,32.3333321,0.0743866339,0.56875,3233,357,32.3333321,0.5501863,0.56875,2815,35,32.3333321,0.04275626,0.56875,2734,24,32.3333321,0.03700664,0.56875,51.6250076,45.3750038,99.99844,13.0998993,23.7808647,35.5196,7.21402,7.666744,48.4788246,36.5,0.25,0,55,0,85,0.416,1.01,16,16,16,32,48,30,295,160,130,0,0,0,16,35.75,0.25,0,55,0,85,0.416,1.01,16,16,16,32,48,30,295,160,130,0,0,0,16,512,-1,485.785156,477.9453,7.83984375,7.6015625,7611.34961,7618.951,0,0,0,0,0,0,0,0,0,0,2.48539782,7,505,600,1200,3000,48,0.965000033,1.30500007,0,2,15,48,210,405,0,0,0,0,5,50,0,1,6.44,6.491,0.865,2341.121,173.609375,1.7760551,0,0,0,0.002182523,0,0,0,0,0,0,0,0,0,60.46875,58,16376,13728,2647,16.1681919,19.793,0,7.614976E+07
05/28/2026 11:06:57,41,54,0,50,55,45,45,45,45,65,12.12,5.02000046,1.30800009,1.388,0.97,0.324,0.664000034,3.28000021,2.046,0,3.364,3.364,3.11600018,50,45,43,45.5,899,674,0,803,710,0,0,0,0,0,14.06,1.56,1.56,0,1.56,4.69,0,0,2.93,14.06,31.2446289,4073,167,4850,654,48.5,0.729388535,0.6375,4850,141,48.5,0.15511848,0.6375,4625,63,48.5,0.081357345,0.6375,3042,52,32.3333321,0.07079602,0.6375,4487,71,48.5,0.09739038,0.6375,4850,262,48.5,0.230744287,0.6375,2965,46,32.3333321,0.06515209,0.6375,2917,45,32.3333321,0.06319313,0.6375,50.8750076,44.3750038,99.99844,13.1287956,23.7519684,35.5979538,7.237091,7.643673,48.6338654,36.5,0.25,0,55,0,85,0.416,1.01,16,16,16,32,48,30,295,160,130,0,0,0,16,35.75,0.25,0,55,0,85,0.416,1.01,16,16,16,32,48,30,295,160,130,0,0,0,16,512,-1,485.785156,477.9453,7.83984375,7.6015625,7611.34961,7618.951,0,0,0,0,0,0,0,0,0,0,2.39509034,7,505,600,1200,3000,49,0.984,1.30500007,0,1,15,48,210,405,0,0,0,0,3,50,0,1,6.16,6.111,0.865,2341.121,173.609375,1.24358511,0,0,0,0.001322739,0,0,0,0,0,0,0,0,0,60.40625,58,16376,13728,2647,16.1681919,18.193,0,7.454925E+07
05/28/2026 11:06:59,40,54,0,49,53,44,44,44,44,63,12.12,5.03,1.30800009,1.39200008,0.998,0.324,0.666,3.28400016,2.046,0,3.36800027,3.36800027,3.11600018,51,45,43,45,876,674,0,802,687,0,0,0,0,0,7.81,0,0,0,0,17.19,0,0,3.12,17.19,31.972702,3184,232,4850,756,48.5,0.845651567,0.64375,3055,124,32.3333321,0.188280016,0.64375,3091,53,32.3333321,0.04057115,0.64375,2885,35,32.3333321,0.0258582,0.64375,2805,60,32.3333321,0.05853162,0.64375,3233,773,32.3333321,0.765981853,0.64375,2754,27,32.3333321,0.019768538,0.64375,2802,25,32.3333321,0.0220174082,0.64375,51.1250076,44.8750038,99.99844,13.0981407,23.7826233,35.51483,7.213501,7.667263,48.475338,36.5,0.25,0,55,0,85,0.416,1.01,16,16,16,32,48,30,295,160,130,0,0,0,16,35.75,0.25,0,55,0,85,0.416,1.01,16,16,16,32,48,30,295,160,130,0,0,0,16,512,-1,485.785156,477.9453,7.83984375,7.6015625,7611.34961,7618.951,0,0,0,0,0,0,0,0,0,0,2.2535913,7,505,600,1200,3000,48,0.940000057,1.30500007,0,2,15,48,210,405,0,0,0,0,7,47,0,1,6.895,7.596,0.865,2341.121,173.609375,3.519608,0,0,0,0,0,0,0,0,0,0,0,0,0,60.46875,58,16376,13728,2647,16.1681919,18.298,49152,49152
05/28/2026 11:07:01,41,54,0,49,54,45,45,45,45,64,12.12,5.02000046,1.30800009,1.388,0.942000031,0.324,0.666,3.28000021,2.046,0,3.364,3.364,3.11200023,50,45,43,45,899,675,0,782,699,0,0,0,0,0,7.81,0,0,0,0,1.56,0,0,1.17,7.81,31.4731827,4059,156,4850,632,48.5,0.713899255,0.65625,4470,102,48.5,0.118570268,0.65625,4226,47,48.5,0.0447832346,0.65625,4031,29,48.5,0.03648316,0.65625,4481,68,48.5,0.06138338,0.65625,4850,297,48.5,0.308744162,0.63125,2749,34,32.3333321,0.037443243,0.63125,2818,39,32.3333321,0.0377868228,0.63125,50.7500076,44.8750038,99.99844,13.100502,23.780262,35.5212326,7.212631,7.668133,48.4694939,36.5,0.25,0,55,0,85,0.416,1.01,16,16,16,32,48,30,295,160,130,0,0,0,16,35.75,0.25,0,55,0,85,0.416,1.01,16,16,16,32,48,30,295,160,130,0,0,0,16,512,-1,485.785156,477.9453,7.83984375,7.6015625,7611.34961,7618.951,0,0,0,0,0,0,0,0,0,0,2.28518915,7,505,600,1200,3000,48,0.859,1.30500007,0,0,15,48,210,405,0,0,0,0,5,49,0,1,6.88,7.136,0.865,2341.121,173.902344,1.48536444,0,0,0,0.0114069106,0,0,0,0,0,0.08561272,0,0,0,60.4375,58,16376,13728,2647,16.1681919,19.907,49152,7.434957E+07
05/28/2026 11:07:03,40,54,0,48,53,44,44,44,44,63,12.12,5.02000046,1.30800009,1.39200008,0.922000051,0.318000019,0.664000034,3.28000021,2.046,0,3.364,3.364,3.11600018,50,45,43,45.5,892,674,0,781,682,0,0,0,0,0,10.94,1.56,0,0,0,6.25,0,0,2.34,10.94,31.3619938,3486,191,4850,762,48.5,0.797712445,0.6375,3217,134,32.3333321,0.180761218,0.6375,3066,64,32.3333321,0.08421201,0.6375,2957,49,32.3333321,0.06906674,0.6375,3042,86,32.3333321,0.114287734,0.6375,4850,330,48.5,0.3507811,0.6375,2879,53,32.3333321,0.0672253743,0.6375,3024,48,32.3333321,0.0661972761,0.6375,50.5000076,44.3750038,99.99845,13.12907,23.7516937,35.5986938,7.2392807,7.64148331,48.6485825,36.5,0.25,0,55,0,85,0.416,1.01,16,16,16,32,48,30,295,160,130,0,0,0,16,35.75,0.25,0,55,0,85,0.416,1.01,16,16,16,32,48,30,295,160,130,0,0,0,16,512,-1,485.785156,477.9453,7.83984375,7.6015625,7611.34961,7618.951,0,0,0,0,0,0,0,0,0,0,2.40156317,7,505,600,1200,3000,48,0.835000038,1.30500007,0,0,15,48,210,405,0,0,0,0,6,52,0,1,6.561,6.591,0.865,2341.121,173.902344,1.5739305,0,0,0,0.00136764708,0,0,0,0,0,0,0,0,0,60.46875,58,16376,13728,2647,16.1681919,18.472,399360,0
05/28/2026 11:07:05,40,54,0,48,53,45,45,45,45,65,12.12,5.03,1.30800009,1.39200008,0.94600004,0.33,0.664000034,3.28400016,2.046,0,3.36800027,3.36800027,3.11600018,51,45,43,45.5,887,700,0,772,675,0,0,0,0,0,9.38,0,0,0,0,1.56,0,0,1.37,9.38,33.0908737,3541,136,4850,571,48.5,0.6524519,0.65625,4377,78,48.5,0.09544866,0.65625,2735,35,32.3333321,0.03981944,0.65625,2947,51,32.3333321,0.0485488549,0.65625,2760,45,32.3333321,0.05009201,0.65625,5050,249,50.5,0.227486327,0.50625,2741,32,33.6666679,0.03651572,0.50625,2868,28,33.6666679,0.0358840674,0.50625,51.2500076,44.3750038,99.99845,13.0993881,23.7813759,35.51821,7.215645,7.665119,48.48975,36.5,0.25,0,55,0,85,0.416,1.01,16,16,16,32,48,30,295,160,130,0,0,0,16,35.75,0.25,0,55,0,85,0.416,1.01,16,16,16,32,48,30,295,160,130,0,0,0,16,512,-1,485.785156,477.9453,7.83984375,7.6015625,7611.34961,7618.951,0,0,0,0,0,0,0,0,0,0,2.22006273,7,505,600,1200,3000,48,0.960000038,1.30500007,0,0,15,48,210,405,0,0,0,0,1,51,0,1,6.139,6.182,0.865,2341.121,173.902344,3.09744287,0,0,0,0.00240491587,0,0,0,0,0,0,0,0,0,60.34375,58,16376,13728,2647,16.1681919,17.201,0,7.609958E+07
05/28/2026 11:07:07,41,54,0,49,54,45,45,45,45,64,12.12,5.03,1.31000006,1.39200008,0.960000038,0.326,0.666,3.28000021,2.046,0,3.364,3.364,3.11600018,50,45,43,45.5,902,699,0,775,692,0,0,0,0,0,7.94,0,0,0,0,1.59,0,0,1.19,7.94,31.4760323,3523,136,4850,575,48.5,0.6624844,0.80625,4655,92,48.5,0.105430536,0.80625,4303,45,48.5,0.04472995,0.80625,2753,26,32.3333321,0.0355647281,0.6625,2858,56,32.3333321,0.0541539975,0.6625,3233,237,32.3333321,0.207740024,0.6625,2742,29,32.3333321,0.038868472,0.6625,2788,28,32.3333321,0.03731556,0.6625,50.8750076,44.8750038,99.99845,13.128952,23.751812,35.5983734,7.23819351,7.6425705,48.6412735,36.5,0.25,0,55,0,85,0.416,1.01,16,16,16,32,48,30,295,160,130,0,0,0,16,35.75,0.25,0,55,0,85,0.416,1.01,16,16,16,32,48,30,295,160,130,0,0,0,16,512,-1,485.785156,477.9453,7.83984375,7.6015625,7611.34961,7618.951,0,0,0,0,0,0,0,0,0,0,2.386893,7,505,600,1200,3000,49,0.840000033,1.30500007,0,0,15,48,210,405,0,0,0,0,1,49,0,1,6.941,7.011,0.865,2341.121,173.902344,1.7582984,0,0,0,0.00279372139,0,0,0,0,0,0,0,0,0,60.4375,58,16376,13728,2647,16.1681919,19.539,449536,0
05/28/2026 11:07:09,40,54,0,48,53,44,44,44,44,63,12.12,5.03,1.31000006,1.39200008,1.00400007,0.332000017,0.664000034,3.28400016,2.046,0,3.36800027,3.36800027,3.11600018,51,45.5,43,45.5,894,700,0,774,690,0,0,0,0,0,15.62,3.12,1.56,0,1.56,20.31,0,0,5.27,20.31,32.61184,3561,299,4850,846,48.5,0.921366036,0.64375,3233,207,32.3333321,0.346981347,0.64375,3233,87,32.3333321,0.105560437,0.64375,3112,59,32.3333321,0.08243753,0.64375,3099,111,32.3333321,0.131407291,0.64375,4850,973,48.5,1.06749487,0.64375,3001,56,32.3333321,0.07215388,0.64375,3112,52,32.3333321,0.06255887,0.64375,51.2500076,45.3750038,99.99844,13.09948,23.7812843,35.5184631,7.214302,7.666462,48.4807243,36.5,0.25,0,55,0,85,0.416,1.01,16,16,16,32,48,30,295,160,130,0,0,0,16,35.75,0.25,0,55,0,85,0.416,1.01,16,16,16,32,48,30,295,160,130,0,0,0,16,512,-1,485.785156,477.9453,7.83984375,7.6015625,7611.34961,7618.951,0,0,0,0,0,0,0,0,0,0,2.3977077,7,505,600,1200,3000,49,0.984,1.30500007,0,2,15,48,210,405,0,0,0,0,13,47,0,1,7.28,7.979,0.865,2341.121,173.902344,2.68081737,0,0,0,0,0,0,0,0,0,0,0,0,0,60.4375,58,16376,13728,2647,16.1681919,20.017,549888,6.639923E+07
05/28/2026 11:07:11,41,54,0,49,53,45,45,45,45,65,12.12,5.03,1.31000006,1.39200008,0.968000054,0.334000021,0.664000034,3.28400016,2.046,0,3.36800027,3.364,3.11600018,51,45.5,43,45.5,902,700,0,774,690,0,0,0,0,0,23.44,4.76,3.17,1.59,4.76,12.5,0,1.59,6.48,23.44,31.0608845,3160,148,4850,604,48.5,0.6949038,0.64375,3016,103,32.3333321,0.142769158,0.64375,2916,52,32.3333321,0.0489157662,0.64375,2843,37,32.3333321,0.0466818921,0.64375,2839,64,32.3333321,0.07434523,0.64375,3206,256,32.3333321,0.294473827,0.64375,2770,27,32.3333321,0.03551251,0.64375,2844,40,32.3333321,0.03877152,0.64375,50.8750076,44.8750038,99.99845,13.1302948,23.75047,35.6020126,7.239395,7.641369,48.64935,36.5,0.25,0,55,0,85,0.416,1.01,16,16,16,32,48,30,295,160,130,0,0,0,16,35.75,0.25,0,55,0,85,0.416,1.01,16,16,16,32,48,30,295,160,130,0,0,0,16,512,-1,485.785156,477.9453,7.83984375,7.6015625,7611.34961,7618.951,0,0,0,0,0,0,0,0,0,0,2.39873242,7,505,600,1200,3000,48,0.960000038,1.30500007,0,2,15,48,210,405,0,0,0,0,1,50,0,1,6.086,6.113,0.865,2341.06641,174.101563,1.904582,0,0,0,0.00135369739,0,0,0,0,0,0.197419211,0,0,0,60.4375,58,16376,13728,2647,16.1678581,17.885,99328,7.644979E+07
05/28/2026 11:07:13,40,54,0,49,53,44,44,44,44,63,12.0960007,5.03,1.30800009,1.39200008,0.940000057,0.33,0.666,3.28000021,2.046,0,3.364,3.364,3.11600018,51,45,43,45.5,903,700,0,786,675,0,0,0,0,0,15.62,3.12,0,0,1.56,9.38,0,0,3.71,15.62,32.0184975,3777,253,4040,920,40.4,0.981514156,0.53125,4005,226,40.4,0.2857095,0.53125,3683,71,40.4,0.09552536,0.525,3635,60,40.4,0.07369055,0.525,3823,129,40.4,0.172460988,0.525,5050,531,50.5,0.5692397,0.56875,2927,45,33.6666679,0.05573224,0.58125,3052,43,33.6666679,0.04222091,0.58125,50.8750076,46.2500038,99.99844,13.13958,23.7411842,35.62719,7.25017929,7.63058472,48.72182,36.5,0.25,0,55,0,85,0.416,1.01,16,16,16,32,48,30,295,160,130,0,0,0,16,35.75,0.25,0,55,0,85,0.416,1.01,16,16,16,32,48,30,295,160,130,0,0,0,16,512,-1,485.785156,477.9453,7.83984375,7.6015625,7611.34961,7618.951,0,0,0,0,0,0,0,0,0,0,2.22314,7,505,600,1200,3000,48,0.974000037,1.30500007,0,4,15,48,210,405,0,0,0,0,1,51,0,1,6.5,6.867,0.865,2341.06641,174.101563,3.14976168,0,0,0,0.00180924754,0,0,0,0,0,0,0,0,0,60.46875,58,16376,13728,2647,16.1678581,18.537,0,7.614976E+07
05/28/2026 11:07:15,41,54,0,49,53,47,47,47,47,66,12.0960007,5.02000046,1.30800009,1.39200008,0.9480001,0.324,0.664000034,3.28000021,2.046,0,3.364,3.364,3.11200023,51,45,43,45.5,909,700,0,770,690,0,0,0,0,0,12.5,1.56,1.56,3.12,1.56,4.69,1.56,1.56,3.52,12.5,34.6051521,4144,198,4850,679,48.5,0.8011075,0.6375,4841,159,48.5,0.233252183,0.6375,4636,75,48.5,0.108568288,0.6375,3126,81,32.3333321,0.0896571055,0.6375,4680,123,48.5,0.151948124,0.6375,4850,327,48.5,0.3796092,0.6375,3064,76,32.3333321,0.08543112,0.6375,3104,60,32.3333321,0.07778509,0.6375,51.7500076,44.8750038,99.99845,13.11919,23.7615738,35.5719,7.23601532,7.64474869,48.62664,36.5,0.25,0,55,0,85,0.416,1.01,16,16,16,32,48,30,295,160,130,0,0,0,16,35.75,0.25,0,55,0,85,0.416,1.01,16,16,16,32,48,30,295,160,130,0,0,0,16,512,-1,485.785156,477.9453,7.83984375,7.6015625,7611.34961,7618.951,0,0,0,0,0,0,0,0,0,0,2.419277,7,505,600,1200,3000,48,0.974000037,1.30500007,0,3,16,49,2670,10701.9883,0,0,0,0,1,2,0,0,18.546,21.091,0.975,2341,173.851563,0.1625998,0,0,0,0,0,0,0,0,0,0,0,0,0,61.25,58,16376,13728,2647,16.1674538,51.962,0,7.579955E+07
05/28/2026 11:07:17,41,54,0,49,54,45,45,45,45,65,12.0960007,5.03,1.30800009,1.388,0.95600003,0.332000017,0.664000034,3.28000021,2.046,0,3.364,3.364,3.11600018,51,45,43,45.5,907,675,0,781,696,0,0,0,0,0,9.23,3.08,0,0,0,10.77,0,0,2.88,10.77,34.4374542,3477,272,4850,1036,48.5,1.1277051,0.55625,3233,284,32.3333321,0.4070494,0.55625,3114,140,32.3333321,0.20291014,0.55625,2896,46,32.3333321,0.107020095,0.55625,3035,138,32.3333321,0.240248561,0.55625,4850,443,48.5,0.603961,0.55625,2889,43,32.3333321,0.06802402,0.55625,2947,43,32.3333321,0.0465333574,0.55625,51.6250076,45.3750038,99.998436,13.058094,23.82267,35.4062424,7.16241074,7.71835327,48.1320076,36.5,0.25,0,55,0,85,0.416,1.01,16,16,16,32,48,30,295,160,130,0,0,0,16,35.75,0.25,0,55,0,85,0.416,1.01,16,16,16,32,48,30,295,160,130,0,0,0,16,512,-1,485.785156,477.9453,7.83984375,7.6015625,7611.34961,7618.951,0,0,0,0,0,0,0,0,0,0,2.240288,7,505,600,1200,3000,49,0.984,1.30500007,0,1,16,49,2670,10701.9883,0,0,0,0,0,2,0,0,17.975,18.233,0.975,2341.5,173.6211,0.126023233,0,0,0,0,0,0,0,0,0,0,0,0,0,61.5,60,16376,13727,2648,16.1705055,51.947,0,49152
05/28/2026 11:07:19,41,54,0,50,55,45,45,45,45,65,12.12,5.03,1.31000006,1.39200008,1.026,0.34,0.664000034,3.28400016,2.046,0,3.36800027,3.36800027,3.11600018,52,45,43,45.5,904,675,0,800,704,0,0,0,0,0,15.62,6.25,4.69,1.56,1.56,20.31,1.56,1.56,6.64,20.31,35.077507,4739,350,4850,876,48.5,0.967891037,0.64375,4850,288,48.5,0.3704181,0.64375,4850,169,48.5,0.15952754,0.64375,4850,110,48.5,0.119962893,0.625,4850,173,48.5,0.181447461,0.625,4850,1064,48.5,1.16791975,0.625,4514,64,48.5,0.07511088,0.625,4296,52,48.5,0.05409736,0.625,51.7500076,45.3750038,99.998436,13.0629311,23.8178329,35.4193649,7.15809631,7.72266769,48.1030159,36.5,0.25,0,55,0,85,0.416,1.01,16,16,16,32,48,30,295,160,130,0,0,0,16,35.75,0.25,0,55,0,85,0.416,1.01,16,16,16,32,48,30,295,160,130,0,0,0,16,512,-1,485.785156,477.9453,7.83984375,7.6015625,7611.34961,7618.951,0,0,0,0,0,0,0,0,0,0,2.37394714,7,505,600,1200,3000,49,0.974000037,1.30500007,0,9,17,49,315,5001.986,0,0,0,0,2,4,0,0,12.219,14.852,0.925,2341.5,173.6211,0.724549651,0,0,0,0.0006930268,0,0,0,0,0,0,0,0,0,61.15625,60,16376,13727,2648,16.1705055,35.012,149504,0
05/28/2026 11:07:21,42,54,0,51,55,47,47,47,47,65,12.12,5.03,1.30800009,1.39200008,0.950000048,0.320000023,0.664000034,3.28400016,2.046,0,3.364,3.364,3.11600018,51,45,43,45.5,919,674,0,815,696,0,0,0,0,0,20.31,0,1.59,1.59,3.17,6.25,0,0,4.11,20.31,34.0885658,3479,182,4850,667,48.5,0.734669268,0.7,3233,149,32.3333321,0.185117573,0.7,3079,81,32.3333321,0.100610659,0.7,3053,58,32.3333321,0.08094173,0.7,3074,86,32.3333321,0.110097669,0.7,3233,307,32.3333321,0.34523353,0.7,2843,53,32.3333321,0.07699965,0.7,4466,52,48.5,0.08010644,0.7,52.1250076,44.8750038,99.99844,13.0617638,23.819,35.4162,7.15720749,7.72355652,48.0970421,36.5,0.25,0,55,0,85,0.416,1.01,16,16,16,32,48,30,295,160,130,0,0,0,16,35.75,0.25,0,55,0,85,0.416,1.01,16,16,16,32,48,30,295,160,130,0,0,0,16,512,-1,485.785156,477.9453,7.83984375,7.6015625,7611.34961,7618.951,0,0,0,0,0,0,0,0,0,0,2.37153554,7,505,600,1200,3000,49,0.784000039,1.30500007,0,1,16,49,210,810,0,0,0,0,4,32,0,0,10.167,12.783,0.925,2341.5,173.6211,0.652090549,0,0,0,0.002376315,0,0,0,0,0,0,0,0,0,61.03125,58,16376,13727,2648,16.1705055,29.168,449536,0
05/28/2026 11:07:23,41,54,0,50,55,45,45,45,45,65,12.12,5.03,1.31000006,1.39200008,0.972000062,0.326,0.664000034,3.28400016,2.046,0,3.36800027,3.36800027,3.11600018,51,45,43,45.5,911,675,0,802,700,0,0,0,0,0,20.31,0,0,0,1.59,7.81,0,3.12,4.1,20.31,31.3433971,3485,151,4850,645,48.5,0.6730087,0.65625,4541,95,48.5,0.1314834,0.65625,2762,37,32.3333321,0.04292681,0.65625,2689,29,32.3333321,0.0384524055,0.65625,2810,45,32.3333321,0.06426041,0.65625,4850,309,48.5,0.3303272,0.65625,2723,26,32.3333321,0.036360275,0.65625,2655,25,32.3333321,0.0350927822,0.65625,51.2500076,44.3750038,99.998436,13.0667038,23.81406,35.42959,7.158264,7.7225,48.10414,36.5,0.25,0,55,0,85,0.416,1.01,16,16,16,32,48,30,295,160,130,0,0,0,16,35.75,0.25,0,55,0,85,0.416,1.01,16,16,16,32,48,30,295,160,130,0,0,0,16,512,-1,485.785156,477.9453,7.83984375,7.6015625,7611.34961,7618.951,0,0,0,0,0,0,0,0,0,0,2.25126958,7,505,600,1200,3000,48,0.960000038,1.30500007,0,2,15,48,210,405,0,0,0,0,1,47,0,1,6.904,6.834,0.865,2341.5,173.6211,1.02601528,0,0,0,0.001811457,0,0,0,0,0,0,0,0,0,60.71875,58,16376,13727,2648,16.1705055,25.284,549888,0
05/28/2026 11:07:25,41,54,0,50,55,45,45,45,45,65,12.12,5.02000046,1.31000006,1.39200008,0.942000031,0.322000027,0.664000034,3.28400016,2.046,0,3.36800027,3.36800027,3.11600018,51,45,43,45.5,893,674,0,804,713,0,0,0,0,0,14.06,3.12,0,3.12,0,4.69,1.56,3.12,3.71,14.06,31.09886,3304,142,4850,628,48.5,0.710815549,0.65,2970,95,32.3333321,0.104489133,0.65,2732,39,32.3333321,0.04397378,0.65,2740,34,32.3333321,0.0411673672,0.65625,2786,55,32.3333321,0.0606308,0.65625,4785,225,48.5,0.271710724,0.65625,2658,27,32.3333321,0.04032012,0.65625,2908,35,32.3333321,0.0400483981,0.65625,51.6250076,44.8750038,99.99844,13.0664406,23.8143234,35.42888,7.157257,7.723507,48.097374,36.5,0.25,0,55,0,85,0.416,1.01,16,16,16,32,48,30,295,160,130,0,0,0,16,35.75,0.25,0,55,0,85,0.416,1.01,16,16,16,32,48,30,295,160,130,0,0,0,16,512,-1,485.785156,477.9453,7.83984375,7.6015625,7611.34961,7618.951,0,0,0,0,0,0,0,0,0,0,2.387136,7,505,600,1200,3000,48,0.974000037,1.30500007,0,2,15,48,210,405,0,0,0,0,1,49,0,1,6.102,6.126,0.865,2341.5,173.6211,1.29093325,0,0,0,0.00137738942,0,0,0,0,0,0,0,0,0,60.65625,58,16376,13727,2648,16.1705055,18.337,449536,199680
05/28/2026 11:07:27,41,54,0,50,55,45,45,45,45,65,12.12,5.03,1.31000006,1.39200008,0.94600004,0.320000023,0.664000034,3.28400016,2.046,0,3.36800027,3.36800027,3.11600018,51,45.5,43,45.5,893,675,0,804,710,0,0,0,0,0,15.62,1.56,1.56,1.56,1.56,4.69,1.56,1.56,3.71,15.62,31.6781387,3695,231,4040,858,40.4,0.9166393,0.5875,5050,189,50.5,0.250577241,0.58125,3162,66,33.6666679,0.096441336,0.58125,3071,55,33.6666679,0.07428487,0.58125,3104,99,33.6666679,0.13962099,0.58125,5050,480,50.5,0.528398931,0.58125,3014,50,33.6666679,0.0698608458,0.58125,3066,50,33.6666679,0.0689646,0.58125,51.1250076,45.3750038,99.99844,13.0676384,23.8131256,35.43213,7.158901,7.721863,48.1084251,36.5,0.25,0,55,0,85,0.416,1.01,16,16,16,32,48,30,295,160,130,0,0,0,16,35.75,0.25,0,55,0,85,0.416,1.01,16,16,16,32,48,30,295,160,130,0,0,0,16,512,-1,485.785156,477.9453,7.83984375,7.6015625,7611.34961,7618.951,0,0,0,0,0,0,0,0,0,0,2.41894031,7,505,600,1200,3000,48,0.979000032,1.30500007,0,4,15,48,210,405,0,0,0,0,6,50,0,1,6.714,6.8,0.865,2341.5,173.6211,1.51903594,0,0,0,0.0027517667,0,0,0,0,0,0,0,0,0,60.6875,60,16376,13727,2648,16.1705055,17.462,399360,1.857495E+08
05/28/2026 11:07:29,40,54,0,49,54,45,45,45,45,64,12.12,5.03,1.31000006,1.39200008,0.996000051,0.326,0.664000034,3.28400016,2.046,0,3.36800027,3.36800027,3.11600018,51,45,43,45.5,886,675,0,791,693,0,0,0,0,0,19.05,4.69,0,0,0,19.05,0,0,5.35,19.05,32.5998535,3103,289,4850,982,48.5,1.03562629,0.65625,3229,202,32.3333321,0.249258175,0.65625,2695,47,32.3333321,0.0392058827,0.65625,2666,31,32.3333321,0.02784674,0.65625,2814,58,32.3333321,0.0563823767,0.65625,3233,938,32.3333321,1.04834783,0.65625,2699,29,32.3333321,0.0217232127,0.65625,2636,25,32.3333321,0.0199167728,0.65625,51.6250076,44.8750038,99.99844,13.0252876,23.8554764,35.31729,7.12293243,7.75783157,47.8667145,36.5,0.25,0,55,0,85,0.416,1.01,16,16,16,32,48,30,295,160,130,0,0,0,16,35.75,0.25,0,55,0,85,0.416,1.01,16,16,16,32,48,30,295,160,130,0,0,0,16,512,-1,485.785156,477.9453,7.83984375,7.6015625,7611.34961,7618.951,0,0,0,0,0,0,0,0,0,0,2.25582814,7,505,600,1200,3000,48,0.965000033,1.30500007,0,2,15,48,210,405,0,0,0,0,8,48,0,1,6.981,6.971,0.865,2341.5,173.6211,2.51509237,0,0,0,0,0,0,0,0,0,0,0,0,0,60.625,58,16376,13727,2648,16.1705055,20.063,49152,7.704986E+07
05/28/2026 11:07:31,41,54,0,50,55,45,45,45,45,65,12.12,5.03,1.30800009,1.39200008,0.938,0.324,0.664000034,3.28400016,2.046,0,3.36800027,3.36800027,3.12000012,51,45.5,43,45.5,893,700,0,789,708,0,0,0,0,0,6.35,0,0,0,1.59,9.52,0,0,2.18,9.52,31.5438347,2988,140,3600,580,36,0.660440743,0.69375,3414,98,36,0.113211475,0.69375,2684,35,32.3333321,0.0400382057,0.79375,2675,24,32.3333321,0.0360176973,0.79375,2884,56,32.3333321,0.0575160421,0.79375,3233,273,32.3333321,0.266992182,0.79375,2686,29,32.3333321,0.0373983234,0.79375,2726,26,32.3333321,0.0371621326,0.79375,51.3750076,45.3750038,99.99844,13.0255661,23.8551979,35.3180466,7.11946869,7.76129532,47.8434372,36.5,0.25,0,55,0,85,0.416,1.01,16,16,16,32,48,30,295,160,130,0,0,0,16,35.75,0.25,0,55,0,85,0.416,1.01,16,16,16,32,48,30,295,160,130,0,0,0,16,512,-1,485.785156,477.9453,7.83984375,7.6015625,7611.34961,7618.951,0,0,0,0,0,0,0,0,0,0,2.37979031,7,505,600,1200,3000,48,0.844000041,1.30500007,0,0,15,48,210,405,0,0,0,0,1,49,0,1,6.622,6.657,0.865,2341.5,173.6211,1.3315587,0,0,0,0.00133367861,0,0,0,0,0,0,0,0,0,60.6875,58,16376,13727,2648,16.1705055,19.383,0,7.624909E+07
05/28/2026 11:07:33,40,54,0,50,55,44,44,44,44,63,12.12,5.03,1.31000006,1.39200008,0.940000057,0.326,0.664000034,3.28400016,2.046,0,3.36800027,3.36800027,3.11600018,50,45,43,45.5,894,700,0,802,689,0,0,0,0,0,10.94,0,0,3.17,0,1.56,0,0,1.96,10.94,31.3677578,4096,145,3600,572,36,0.6512611,0.65625,3461,105,36,0.109622538,0.65625,3281,50,36,0.0585237071,0.65625,4462,50,48.5,0.0606037937,0.65625,4496,67,48.5,0.06616128,0.875,4850,235,48.5,0.205128655,0.875,4371,39,48.5,0.0484316871,0.875,4249,40,48.5,0.0479937345,0.875,50.8750076,44.8750038,99.99845,13.0537148,23.82705,35.39437,7.145153,7.735611,48.016037,36.5,0.25,0,55,0,85,0.416,1.01,16,16,16,32,48,30,295,160,130,0,0,0,16,35.75,0.25,0,55,0,85,0.416,1.01,16,16,16,32,48,30,295,160,130,0,0,0,16,512,-1,485.785156,477.9453,7.83984375,7.6015625,7611.34961,7618.951,0,0,0,0,0,0,0,0,0,0,2.36661458,7,505,600,1200,3000,48,0.955000043,1.30500007,0,1,15,48,210,405,0,0,0,0,6,55,0,1,6.018,6.244,0.865,2341.5,173.390625,2.65959167,0,0,0,0.00134537648,0,0,0,0,0,0,0,0,0,60.71875,58,16376,13727,2648,16.1705055,16.719,0,7.614976E+07
05/28/2026 11:07:35,40,54,0,49,54,45,45,45,45,65,12.12,5.03,1.30800009,1.39200008,0.966,0.33,0.664000034,3.28400016,2.046,0,3.36800027,3.364,3.11600018,51,45,43,45.5,877,700,0,797,704,0,0,0,0,0,12.31,1.54,1.56,1.56,1.56,4.62,1.56,0,3.09,12.31,31.0107918,3276,140,4850,651,48.5,0.676992,0.63125,2926,71,32.3333321,0.0938891843,0.63125,2783,37,32.3333321,0.03734074,0.64375,2753,28,32.3333321,0.03535791,0.64375,2777,50,32.3333321,0.046770528,0.64375,4820,234,48.5,0.195618868,0.64375,2656,26,32.3333321,0.0339653939,0.64375,2645,25,32.3333321,0.03366267,0.64375,51.1250076,44.3750038,99.99844,13.0226173,23.8581467,35.31005,7.119709,7.761055,47.84505,36.5,0.25,0,55,0,85,0.416,1.01,16,16,16,32,48,30,295,160,130,0,0,0,16,35.75,0.25,0,55,0,85,0.416,1.01,16,16,16,32,48,30,295,160,130,0,0,0,16,512,-1,485.785156,477.9453,7.83984375,7.6015625,7611.34961,7618.951,0,0,0,0,0,0,0,0,0,0,2.23561287,7,505,600,1200,3000,48,0.924,1.30500007,0,2,15,48,210,405,0,0,0,0,1,47,0,1,6.682,6.55,0.865,2341.5,173.390625,4.0295825,0,0,0,0,0,0,0,0,0,0,0,0,0,60.625,58,16376,13727,2648,16.1705055,18.723,1748992,0
05/28/2026 11:07:37,41,54,0,50,55,45,45,45,45,64,12.12,5.03,1.31000006,1.39200008,0.950000048,0.320000023,0.664000034,3.28400016,2.046,0,3.36800027,3.36800027,3.11600018,50,45.5,43,45.5,905,700,0,785,704,0,0,0,0,0,9.38,0,0,0,0,3.12,0,0,1.56,9.38,30.911272,3791,139,4850,621,48.5,0.6633082,0.6375,4352,88,48.5,0.104535572,0.6375,4060,38,48.5,0.0460862331,0.6375,2682,27,32.3333321,0.04091454,0.6375,4226,53,48.5,0.0571487658,0.6375,4820,226,48.5,0.240927562,0.6375,2621,28,32.3333321,0.0393385477,0.6375,2716,32,32.3333321,0.0398587771,0.6375,50.7500076,44.3750038,99.99845,13.0519218,23.8288422,35.38951,7.14456558,7.73619843,48.012085,36.5,0.25,0,55,0,85,0.416,1.01,16,16,16,32,48,30,295,160,130,0,0,0,16,35.75,0.25,0,55,0,85,0.416,1.01,16,16,16,32,48,30,295,160,130,0,0,0,16,512,-1,485.785156,477.9453,7.83984375,7.6015625,7611.34961,7618.951,0,0,0,0,0,0,0,0,0,0,2.394961,7,505,600,1200,3000,48,0.870000064,1.30500007,0,0,15,48,210,405,0,0,0,0,1,52,0,1,6.791,6.954,0.865,2341.5,173.390625,3.16408038,0,0,0,0,0,0,0,0,0,0,0,0,0,60.6875,58,16376,13727,2648,16.1705055,20.464,0,7.619994E+07
05/28/2026 11:07:39,40,54,0,49,53,44,44,44,44,63,12.12,5.03,1.31000006,1.39200008,1.00200009,0.328,0.664000034,3.28400016,2.046,0,3.36800027,3.36800027,3.11600018,51,45,43,45.5,892,700,0,791,684,0,0,0,0,0,14.29,6.35,1.56,0,1.56,28.57,1.56,1.56,6.93,28.57,32.2909851,4065,348,5050,1010,50.5,1.04395175,0.55,5050,261,50.5,0.414651781,0.55,3872,83,40.4,0.108894877,0.55,3238,71,33.6666679,0.0848525539,0.55,4040,179,40.4,0.1937784,0.55,5050,1070,50.5,1.193478,0.55,3061,56,33.6666679,0.0815496,0.55,3161,58,33.6666679,0.07873488,0.55,51.3750076,45.2500038,99.99845,13.0225754,23.8581886,35.3099365,7.11869431,7.7620697,47.83823,36.5,0.25,0,55,0,85,0.416,1.01,16,16,16,32,48,30,295,160,130,0,0,0,16,35.75,0.25,0,55,0,85,0.416,1.01,16,16,16,32,48,30,295,160,130,0,0,0,16,512,-1,485.785156,477.9453,7.83984375,7.6015625,7611.34961,7618.951,0,0,0,0,0,0,0,0,0,0,2.42495,7,505,600,1200,3000,48,1.04000008,1.30500007,0,18,16,48,210,405,0,0,0,0,12,51,0,1,6.328,7.123,0.865,2341.5,173.390625,4.33891726,0,0,0,0.00185479259,0,0,0,0,0,0,0,0,0,60.71875,58,16376,13727,2648,16.1705055,18.25,449536,49152
05/28/2026 11:07:41,41,54,0,49,54,45,45,45,45,65,12.0960007,5.02000046,1.30800009,1.39200008,0.940000057,0.326,0.664000034,3.28400016,2.046,0,3.364,3.364,3.11600018,51,45,43,45.5,898,700,0,783,699,0,0,0,0,0,12.5,0,0,0,0,1.56,0,0,1.76,12.5,30.9254913,4337,136,4850,580,48.5,0.664067864,0.65625,4425,84,48.5,0.09146439,0.65625,4060,34,48.5,0.036512427,0.65625,4137,31,48.5,0.03530553,0.65625,4212,55,48.5,0.0507507436,0.65625,4850,255,48.5,0.2379877,0.65625,4140,27,48.5,0.0356314853,0.65625,4022,26,48.5,0.03238948,0.65625,51.0000076,44.3750038,99.998436,13.0545845,23.82618,35.39673,7.148571,7.732193,48.0390053,36.5,0.25,0,55,0,85,0.416,1.01,16,16,16,32,48,30,295,160,130,0,0,0,16,35.75,0.25,0,55,0,85,0.416,1.01,16,16,16,32,48,30,295,160,130,0,0,0,16,512,-1,485.785156,477.9453,7.83984375,7.6015625,7611.34961,7618.951,0,0,0,0,0,0,0,0,0,0,2.25825357,7,505,600,1200,3000,48,0.960000038,1.30500007,0,1,15,48,210,405,0,0,0,0,1,49,0,1,5.961,7.647,0.865,2341.5,173.390625,1.3722167,0,0,0,0,0,0,0,0,0,0,0,0,0,60.6875,58,16376,13727,2648,16.1705055,17.628,0,7.619994E+07
05/28/2026 11:07:43,40,54,0,49,54,44,44,44,44,63,12.12,5.03,1.31000006,1.39200008,0.9480001,0.318000019,0.664000034,3.28400016,2.046,0,3.36800027,3.364,3.11600018,50,45,43,45.5,906,700,0,783,682,0,0,0,0,0,7.69,3.08,1.54,1.54,1.54,4.62,1.54,1.54,2.88,7.69,31.723444,3443,162,3600,618,36,0.6936191,0.65625,3600,134,36,0.175168142,0.65625,3395,53,36,0.0825897455,0.65625,3430,50,36,0.06887221,0.65625,3444,86,36,0.119429417,0.65625,3600,264,36,0.285088122,0.65625,3196,43,36,0.0612796471,0.65625,3277,47,36,0.06434962,0.65625,50.8750076,44.3750038,99.99844,13.0559311,23.8248329,35.4003754,7.14547729,7.73528671,48.0182152,36.5,0.25,0,55,0,85,0.416,1.01,16,16,16,32,48,30,295,160,130,0,0,0,16,35.75,0.25,0,55,0,85,0.416,1.01,16,16,16,32,48,30,295,160,130,0,0,0,16,512,-1,485.785156,477.9453,7.83984375,7.6015625,7611.34961,7618.951,0,0,0,0,0,0,0,0,0,0,2.215452,7,505,600,1200,3000,48,0.955000043,1.30500007,0,1,15,48,210,405,0,0,0,0,1,47,0,1,6.757,6.689,0.865,2341.5,173.390625,1.71692991,0,0,0,0,0,0,0,0,0,0,0,0,0,60.65625,58,16376,13727,2648,16.1705055,19.598,49152,7.439974E+07
05/28/2026 11:07:45,40,54,0,48,53,45,45,45,45,65,12.12,5.02000046,1.30800009,1.388,0.952,0.334000021,0.664000034,3.28000021,2.046,0,3.364,3.364,3.11600018,51,45,43,45.5,884,675,0,776,678,0,0,0,0,0,15.62,0,0,0,1.56,3.12,0,0,2.54,15.62,32.2969055,3136,125,4850,607,48.5,0.6204803,0.78125,2994,73,32.3333321,0.0693628863,0.78125,2664,28,32.3333321,0.0243275352,0.78125,2636,27,32.3333321,0.0190336946,0.78125,2730,45,32.3333321,0.0314614,0.78125,3236,173,33.6666679,0.181142434,0.625,2694,23,33.6666679,0.019879654,0.625,3280,27,40.4,0.019507831,0.625,51.2500076,44.8750038,99.99844,13.0455132,23.83525,35.37213,7.141083,7.73968124,47.98868,36.5,0.25,0,55,0,85,0.416,1.01,16,16,16,32,48,30,295,160,130,0,0,0,16,35.75,0.25,0,55,0,85,0.416,1.01,16,16,16,32,48,30,295,160,130,0,0,0,16,512,-1,485.785156,477.9453,7.83984375,7.6015625,7611.34961,7618.951,0,0,0,0,0,0,0,0,0,0,2.22083831,7,505,600,1200,3000,48,0.979000032,1.30500007,0,3,15,48,210,405,0,0,0,0,5,48,0,1,6.696,6.52,0.865,2341.5,173.390625,1.44553936,0,0,0,0.00269230059,0,0,0,0,0,0,0,0,0,60.71875,58,16376,13727,2648,16.1705055,19.836,99328,7.439974E+07
05/28/2026 11:07:47,40,54,0,48,53,44,44,44,44,63,12.12,5.03,1.30800009,1.39200008,0.974000037,0.328,0.664000034,3.28400016,2.046,0,3.36800027,3.364,3.11600018,50,45.5,43,45.5,900,674,0,777,693,0,0,0,0,0,17.46,0,0,0,0,6.35,0,0,2.98,17.46,31.0264473,3858,148,4850,656,48.5,0.6975587,0.6375,4658,122,48.5,0.109466128,0.6375,4187,47,48.5,0.05593059,0.6375,2726,26,32.3333321,0.0365493,0.6375,4275,49,48.5,0.05365063,0.6375,4741,226,48.5,0.212163851,0.6375,2727,29,32.3333321,0.0358284339,0.6375,2698,26,32.3333321,0.0339725949,0.6375,50.6250076,44.3750038,99.99844,13.014843,23.865921,35.28898,7.1104126,7.77035141,47.7825775,36.5,0.25,0,55,0,85,0.416,1.01,16,16,16,32,48,30,295,160,130,0,0,0,16,35.75,0.25,0,55,0,85,0.416,1.01,16,16,16,32,48,30,295,160,130,0,0,0,16,512,-1,485.785156,477.9453,7.83984375,7.6015625,7611.34961,7618.951,0,0,0,0,0,0,0,0,0,0,2.4070518,7,505,600,1200,3000,48,0.960000038,1.30500007,0,1,15,48,210,405,0,0,0,0,1,51,0,1,6.065,6.106,0.865,2341.5,173.390625,1.4435029,0,0,0,0.00162999658,0,0,0,0,0,0,0,0,0,60.6875,60,16376,13727,2648,16.1705055,18.146,199680,7.439974E+07
05/28/2026 11:07:49,40,54,0,48,53,44,44,44,44,63,12.12,5.03,1.30800009,1.39200008,0.994,0.338000029,0.664000034,3.28400016,2.046,0,3.36800027,3.36800027,3.11600018,51,45.5,43,45.5,888,674,0,783,691,0,0,0,0,0,25,1.56,1.56,1.56,1.56,12.5,1.56,1.56,5.86,25,32.815506,3266,305,4850,828,48.5,0.885508835,0.6375,3233,238,32.3333321,0.3797418,0.6375,2989,84,32.3333321,0.120537907,0.6375,2989,66,32.3333321,0.0816986,0.6375,3016,114,32.3333321,0.15444015,0.6375,3233,1005,32.3333321,1.07259786,0.6375,2874,51,32.3333321,0.0764405355,0.6375,2942,52,32.3333321,0.07271098,0.6375,51.2500076,45.3750038,99.99844,13.0439377,23.8368263,35.36786,7.138611,7.742153,47.9720726,36.5,0.25,0,55,0,85,0.416,1.01,16,16,16,32,48,30,295,160,130,0,0,0,16,35.75,0.25,0,55,0,85,0.416,1.01,16,16,16,32,48,30,295,160,130,0,0,0,16,512,-1,485.785156,477.9453,7.83984375,7.6015625,7611.34961,7618.951,0,0,0,0,0,0,0,0,0,0,2.253316,7,505,600,1200,3000,48,0.979000032,1.30500007,0,9,15,48,210,405,0,0,0,0,9,49,0,1,6.91,7.767,0.865,2341.5,173.390625,4.15581942,0,0,0,0.0117000714,0,0,0,0,0,0,0,0,0,60.59375,58,16376,13727,2648,16.1705055,18.612,0,7.449907E+07
05/28/2026 11:07:51,41,54,0,49,53,45,45,45,45,65,12.12,5.03,1.31000006,1.39200008,0.968000054,0.324,0.664000034,3.28400016,2.046,0,3.36800027,3.36800027,3.11600018,50,45.5,43,45.5,892,674,0,785,690,0,0,0,0,0,11.11,3.12,1.56,3.12,3.12,4.76,0,0,3.35,11.11,31.43327,3132,153,4850,694,48.5,0.7042683,0.64375,2962,77,32.3333321,0.101078853,0.64375,2837,37,32.3333321,0.0436218679,0.64375,2803,34,32.3333321,0.03689157,0.64375,2947,60,32.3333321,0.0604387149,0.64375,3233,269,32.3333321,0.285578936,0.64375,2728,25,32.3333321,0.03579845,0.64375,2692,28,32.3333321,0.03506755,0.64375,50.7500076,44.8750038,99.99844,13.0159416,23.8648224,35.291954,7.111294,7.76947,47.7884979,36.5,0.25,0,55,0,85,0.416,1.01,16,16,16,32,48,30,295,160,130,0,0,0,16,35.75,0.25,0,55,0,85,0.416,1.01,16,16,16,32,48,30,295,160,130,0,0,0,16,512,-1,485.785156,477.9453,7.83984375,7.6015625,7611.34961,7618.951,0,0,0,0,0,0,0,0,0,0,2.15238881,7,505,600,1200,3000,48,0.930000067,1.30500007,0,2,15,48,210,405,0,0,0,0,4,48,0,1,6.944,8.122,0.865,2341.5,173.390625,3.11985826,0,0,0,0.00410111668,0,0,0,0,0,0,0,0,0,60.6875,58,16376,13727,2648,16.1705055,20.198,99328,7.429939E+07
05/28/2026 11:07:53,40,54,0,48,53,44,44,44,44,63,12.12,5.03,1.30800009,1.39200008,0.950000048,0.320000023,0.664000034,3.28400016,2.046,0,3.364,3.364,3.11600018,50,45,43,45.5,890,674,0,795,675,0,0,0,0,0,7.81,3.12,1.56,1.56,3.12,4.69,0,0,2.73,7.81,31.5320053,3101,151,4850,657,48.5,0.7120748,0.63125,3029,90,32.3333321,0.130333737,0.65625,2861,53,32.3333321,0.0525384732,0.65625,2709,27,32.3333321,0.03722055,0.65625,2758,51,32.3333321,0.0585667156,0.65625,3233,278,32.3333321,0.253943682,0.65625,2714,26,32.3333321,0.0385034829,0.65625,2651,25,32.3333321,0.0353502445,0.65625,50.6250076,44.8750038,99.99844,13.0455971,23.8351669,35.37236,7.14139175,7.73937225,47.990757,36.75,0.25,0,55,0,85,0.416,1.01,16,16,16,32,48,30,295,160,130,0,0,0,16,35.75,0.25,0,55,0,85,0.416,1.01,16,16,16,32,48,30,295,160,130,0,0,0,16,512,-1,485.785156,477.9453,7.83984375,7.6015625,7611.34961,7618.951,0,0,0,0,0,0,0,0,0,0,2.29090714,7,505,600,1200,3000,48,0.784000039,1.30500007,0,1,15,48,225,405,0,0,0,0,5,53,0,1,6.477,6.825,0.865,2341.5,173.390625,1.51483333,0,0,0,0.00385951251,0,0,0,0,0,0,0,0,0,60.625,58,16376,13727,2648,16.1705055,18.819,1149952,0
05/28/2026 11:07:55,40,54,0,48,53,45,45,45,45,65,12.12,5.03,1.31000006,1.39200008,0.95600003,0.324,0.664000034,3.28400016,2.046,0,3.36800027,3.36800027,3.11600018,51,45,43,45.5,877,700,0,784,689,0,0,0,0,0,9.52,4.69,0,0,1.56,9.52,1.56,0,3.36,9.52,31.4124718,3265,179,4850,660,48.5,0.7135845,0.64375,3233,157,32.3333321,0.180854037,0.64375,3042,76,32.3333321,0.09405083,0.64375,2906,52,32.3333321,0.07218566,0.64375,3098,98,32.3333321,0.10750632,0.64375,3233,296,32.3333321,0.317748368,0.64375,2928,52,32.3333321,0.06684933,0.64375,2830,42,32.3333321,0.0599381,0.64375,51.0000076,44.8750038,99.99844,13.0447426,23.8360214,35.37005,7.14133453,7.73942947,47.9903755,36.75,0.25,0,55,0,85,0.416,1.01,16,16,16,32,48,30,295,160,130,0,0,0,16,35.75,0.25,0,55,0,85,0.416,1.01,16,16,16,32,48,30,295,160,130,0,0,0,16,512,-1,485.785156,477.9453,7.83984375,7.6015625,7611.34961,7618.951,0,0,0,0,0,0,0,0,0,0,2.12310171,7,505,600,1200,3000,48,0.830000043,1.30500007,0,0,15,48,210,405,0,0,0,0,1,51,0,1,6.153,6.145,0.865,2341.5,173.390625,2.78445268,0,0,0,0,0,0,0,0,0,0,0,0,0,60.65625,58,16376,13727,2648,16.1705055,17.694,0,7.619994E+07
05/28/2026 11:07:57,41,54,0,49,54,45,45,45,45,64,12.12,5.03,1.30800009,1.39200008,0.942000031,0.324,0.664000034,3.28400016,2.046,0,3.36800027,3.36800027,3.11600018,50,45.5,43,45.5,893,700,0,792,692,0,0,0,0,0,12.5,1.56,1.56,1.56,1.56,4.69,1.56,1.56,3.32,12.5,31.8004951,3363,140,4850,573,48.5,0.654123545,0.61875,3170,104,32.3333321,0.1036784,0.61875,2830,47,32.3333321,0.04964243,0.61875,2763,31,32.3333321,0.0398286879,0.61875,4573,63,48.5,0.06409127,0.6375,3233,240,32.3333321,0.2267276,0.6375,2775,36,32.3333321,0.0366279,0.6375,2711,26,32.3333321,0.03389515,0.6375,51.0000076,44.8750038,99.99844,13.0443382,23.8364258,35.36895,7.14222336,7.73854065,47.99635,36.75,0.25,0,55,0,85,0.416,1.01,16,16,16,32,48,30,295,160,130,0,0,0,16,35.75,0.25,0,55,0,85,0.416,1.01,16,16,16,32,48,30,295,160,130,0,0,0,16,512,-1,485.785156,477.9453,7.83984375,7.6015625,7611.34961,7618.951,0,0,0,0,0,0,0,0,0,0,2.36463666,7,505,600,1200,3000,48,0.835000038,1.30500007,0,0,15,48,210,405,0,0,0,0,1,49,0,1,6.898,6.807,0.865,2341.5,173.390625,1.4637928,0,0,0,0.00178103463,0,0,0,0,0,0,0,0,0,60.71875,58,16376,13727,2648,16.1705055,19.159,599040,0
05/28/2026 11:07:59,40,54,0,48,53,44,44,44,44,63,12.12,5.03,1.30800009,1.39200008,0.994,0.332000017,0.664000034,3.28400016,2.046,0,3.36800027,3.36800027,3.11600018,51,45.5,43,45.5,884,700,0,790,689,0,0,0,0,0,22.22,4.76,4.76,0,4.76,25.4,0,0,7.74,25.4,31.4849548,3852,281,4850,858,48.5,0.9400599,0.6625,3086,173,32.3333321,0.302249819,0.6625,2860,61,32.3333321,0.0730494,0.6625,2685,33,32.3333321,0.0541578345,0.6625,4265,84,48.5,0.104782976,0.6625,4850,985,48.5,1.0956955,0.6625,4218,28,48.5,0.04040465,0.6625,4000,25,48.5,0.0383068472,0.6625,50.6250076,44.3750038,99.99845,13.0143318,23.8664322,35.2875824,7.112297,7.768467,47.7952423,36.75,0.25,0,55,0,85,0.416,1.01,16,16,16,32,48,30,295,160,130,0,0,0,16,35.75,0.25,0,55,0,85,0.416,1.01,16,16,16,32,48,30,295,160,130,0,0,0,16,512,-1,485.785156,477.9453,7.83984375,7.6015625,7611.34961,7618.951,0,0,0,0,0,0,0,0,0,0,2.2431047,7,505,600,1200,3000,48,0.784000039,1.30500007,0,3,15,48,210,405,0,0,0,0,12,52,0,1,7.206,7.866,0.865,2341.5,173.390625,2.27073526,0,0,0,0.00183043582,0,0,0,0,0,0,0,0,0,60.6875,58,16376,13727,2648,16.1705055,19.889,0,262499328
05/28/2026 11:08:01,41,54,0,49,53,45,45,45,45,65,12.0960007,5.03,1.30800009,1.39200008,0.944000065,0.328,0.664000034,3.28000021,2.046,0,3.364,3.364,3.11600018,51,45,43,45.5,890,700,0,774,689,0,0,0,0,0,12.31,6.15,3.08,1.54,3.08,6.15,3.08,1.56,4.62,12.31,31.7284946,3482,205,4850,748,48.5,0.8085187,0.64375,3204,184,32.3333321,0.232407346,0.64375,3102,82,32.3333321,0.106578633,0.64375,2953,69,32.3333321,0.08502392,0.65625,3178,109,32.3333321,0.140974343,0.65625,4850,345,48.5,0.3666215,0.65625,2857,58,32.3333321,0.076332815,0.65625,2864,46,32.3333321,0.06310623,0.65625,51.1250076,44.8750038,99.99844,13.0461273,23.8346367,35.3738022,7.1475296,7.73323441,48.03201,36.75,0.25,0,55,0,85,0.416,1.01,16,16,16,32,48,30,295,160,130,0,0,0,16,35.75,0.25,0,55,0,85,0.416,1.01,16,16,16,32,48,30,295,160,130,0,0,0,16,512,-1,485.785156,477.9453,7.83984375,7.6015625,7611.34961,7618.951,0,0,0,0,0,0,0,0,0,0,2.37080836,7,505,600,1200,3000,47,0.784000039,1.30500007,0,3,16,48,210,405,0,0,0,0,1,51,0,1,6.149,6.102,0.865,2341.5,173.6211,8.052508,0,0,0,0.00496944739,0,0,0,0,0,0,0,0,0,60.6875,58,16376,13727,2648,16.1705055,17.136,449536,0
05/28/2026 11:08:03,41,54,0,49,54,45,45,45,45,65,12.0960007,5.03,1.31000006,1.39200008,0.9620001,0.326,0.664000034,3.28400016,2.046,0,3.36800027,3.36800027,3.11600018,50,45,43,45.5,902,700,0,775,691,0,0,0,0,0,6.25,3.12,1.56,0,0,1.56,0,0,1.56,6.25,31.05145,3343,127,5050,527,50.5,0.6269783,0.575,3127,87,33.6666679,0.08711383,0.575,2930,36,33.6666679,0.04231985,0.575,2869,27,33.6666679,0.0396929942,0.575,3113,70,33.6666679,0.0563551933,0.575,4035,218,40.4,0.2183802,0.575,2822,29,33.6666679,0.043312557,0.575,2795,25,33.6666679,0.03453092,0.575,50.8750076,44.8750038,99.99845,13.0413361,23.8394279,35.36081,7.14246368,7.73830032,47.997963,36.75,0.25,0,55,0,85,0.416,1.01,16,16,16,32,48,30,295,160,130,0,0,0,16,35.75,0.25,0,55,0,85,0.416,1.01,16,16,16,32,48,30,295,160,130,0,0,0,16,512,-1,485.785156,477.9453,7.83984375,7.6015625,7611.34961,7618.951,0,0,0,0,0,0,0,0,0,0,2.25450158,7,505,600,1200,3000,49,0.960000038,1.30500007,0,1,15,48,210,405,0,0,0,0,1,48,0,1,6.23,6.306,0.865,2341.5,173.6211,1.462901,0,0,0,0.00129114825,0,0,0,0,0,0,0,0,0,60.71875,60,16376,13727,2648,16.1705055,17.726,8.414925E+07,7.629926E+07
05/28/2026 11:08:05,41,54,0,49,54,45,45,45,45,65,12.12,5.02000046,1.30800009,1.388,0.97,0.324,0.664000034,3.28000021,2.046,0,3.364,3.364,3.11600018,52,45,43,45.5,905,700,0,783,700,0,0,0,0,0,13.85,4.69,1.56,1.56,1.56,13.85,3.12,0,5.02,13.85,33.22337,3533,208,4850,611,48.5,0.711338758,0.625,3110,156,32.3333321,0.17552276,0.625,2775,42,32.3333321,0.05761942,0.625,4318,47,48.5,0.05599158,0.625,2868,83,32.3333321,0.0800559744,0.625,4850,662,48.5,0.669641435,0.625,2763,39,32.3333321,0.0461170338,0.625,2730,27,32.3333321,0.0410645865,0.625,52.0000076,45.3750038,99.998436,13.0787086,23.8020554,35.4621429,7.16649628,7.71426773,48.1594658,36.5,0.25,0,55,0,85,0.416,1.01,16,16,16,32,48,30,295,160,130,0,0,0,16,35.75,0.25,0,55,0,85,0.416,1.01,16,16,16,32,48,30,295,160,130,0,0,0,16,512,-1,485.785156,477.9453,7.83984375,7.6015625,7611.34961,7618.951,0,0,0,0,0,0,0,0,0,0,2.40742064,7,505,600,1200,3000,48,0.960000038,1.30500007,0,2,15,48,210,405,0,0,0,0,5,49,0,1,6.966,7.191,0.865,2341.5,173.6211,1.58740413,0,0,0,0,0,0,0,0,0,0,0,0,0,60.65625,60,16376,13727,2648,16.1705055,19.481,449536,0
05/28/2026 11:08:07,41,54,0,50,55,45,45,45,45,65,12.12,5.03,1.30800009,1.388,0.936000049,0.334000021,0.664000034,3.28400016,2.046,0,3.36800027,3.36800027,3.11600018,51,45.5,43,45.5,916,674,0,786,687,0,0,0,0,0,18.75,3.12,6.15,3.08,3.08,10.94,3.08,3.08,6.41,18.75,31.3599167,4604,177,4850,652,48.5,0.73185,0.625,4752,133,48.5,0.173198909,0.625,4521,64,48.5,0.0822092742,0.625,4464,54,48.5,0.0760355741,0.625,4727,98,48.5,0.106751628,0.625,4850,327,48.5,0.361611038,0.625,4343,48,48.5,0.06973992,0.625,4328,43,48.5,0.06254626,0.625,51.3750076,44.3750038,99.998436,13.1078148,23.77295,35.54106,7.1944313,7.6863327,48.347187,36.75,0.25,0,55,0,85,0.416,1.01,16,16,16,32,48,30,295,160,130,0,0,0,16,35.75,0.25,0,55,0,85,0.416,1.01,16,16,16,32,48,30,295,160,130,0,0,0,16,512,-1,485.785156,477.9453,7.83984375,7.6015625,7611.34961,7618.951,0,0,0,0,0,0,0,0,0,0,2.11053562,7,505,600,1200,3000,48,0.969000041,1.30500007,0,2,15,48,210,405,0,0,0,0,1,51,0,1,6.509,6.666,0.865,2341.5,173.6211,1.42653358,0,0,0,0,0,0,0,0,0,0,0,0,0,60.6875,58,16376,13727,2648,16.1705055,19.298,0,7.429939E+07
05/28/2026 11:08:09,41,54,0,50,55,45,45,45,45,65,12.12,5.03,1.31000006,1.39200008,1,0.338000029,0.664000034,3.28400016,2.046,0,3.36800027,3.36800027,3.11600018,51,45,43,45.5,894,674,0,790,690,0,0,0,0,0,13.85,1.54,0,0,1.54,13.85,0,0,3.85,13.85,31.6176052,3290,260,4850,831,48.5,0.9231834,0.63125,3114,168,32.3333321,0.3034009,0.63125,2821,55,32.3333321,0.06068616,0.63125,2663,33,32.3333321,0.04055714,0.63125,2714,73,32.3333321,0.0636771,0.63125,4850,863,48.5,0.98345083,0.63125,2671,28,32.3333321,0.03826907,0.63125,2637,28,32.3333321,0.0398841761,0.63125,51.1250076,44.8750038,99.99844,13.0770416,23.8037224,35.45762,7.163681,7.717083,48.1405449,36.75,0.25,0,55,0,85,0.416,1.01,16,16,16,32,48,30,295,160,130,0,0,0,16,35.75,0.25,0,55,0,85,0.416,1.01,16,16,16,32,48,30,295,160,130,0,0,0,16,512,-1,485.785156,477.9453,7.83984375,7.6015625,7611.34961,7618.951,0,0,0,0,0,0,0,0,0,0,2.34954476,7,505,600,1200,3000,47,0.979000032,1.30500007,0,2,15,48,210,405,0,0,0,0,9,48,0,1,6.376,6.084,0.865,2341.48828,169.054688,2.61974049,0,0,0,0.001332897,0,0,0,0,0,0.256318063,0,0,0,60.6875,58,16376,13727,2648,16.1705055,17.862,8.469914E+07,99328
05/28/2026 11:08:11,41,54,0,50,55,45,45,45,45,65,12.12,5.03,1.31000006,1.39200008,0.94600004,0.320000023,0.664000034,3.28400016,2.046,0,3.36800027,3.36800027,3.11600018,51,45.5,43,45.5,896,674,0,791,709,0,0,0,0,0,17.19,9.38,3.12,3.12,4.69,7.81,4.69,4.69,6.84,17.19,32.2538147,3177,145,4850,523,48.5,0.625401,0.7875,3135,127,32.3333321,0.141305253,0.7875,2855,40,32.3333321,0.05996872,0.7875,2888,37,32.3333321,0.06865594,0.7875,2979,66,32.3333321,0.0714499056,0.7875,3233,305,32.3333321,0.30165723,0.7875,2765,33,32.3333321,0.04231719,0.7875,2713,30,32.3333321,0.0384811573,0.7875,51.3750076,44.8750038,99.99845,13.1119881,23.7687759,35.5523758,7.193836,7.686928,48.3431931,36.75,0.25,0,55,0,85,0.416,1.01,16,16,16,32,48,30,295,160,130,0,0,0,16,35.75,0.25,0,55,0,85,0.416,1.01,16,16,16,32,48,30,295,160,130,0,0,0,16,512,-1,485.785156,477.9453,7.83984375,7.6015625,7611.34961,7618.951,0,0,0,0,0,0,0,0,0,0,2.09636354,7,505,600,1200,3000,48,0.974000037,1.30500007,0,3,15,48,210,405,0,0,0,0,5,48,0,1,6.882,6.884,0.865,2341.48828,168.722656,2.7590363,0,0,0,0.00134475715,0,0,0,0,0,0.07025368,0,0,0,60.59375,58,16376,13727,2648,16.1705055,17.574,149504,7.629926E+07
05/28/2026 11:08:13,40,54,0,50,55,44,44,44,44,63,12.12,5.03,1.312,1.39200008,0.94600004,0.326,0.664000034,3.28400016,2.046,0,3.36800027,3.36800027,3.12000012,50,45,43,45.5,905,674,0,791,710,0,0,0,0,0,7.81,0,0,0,0,1.56,0,0,1.17,7.81,30.9539833,3421,158,4850,657,48.5,0.671391666,0.63125,3233,115,32.3333321,0.125899285,0.63125,2950,56,32.3333321,0.05918121,0.63125,2827,42,32.3333321,0.049844034,0.63125,3049,68,32.3333321,0.06955585,0.63125,4850,252,48.5,0.235122874,0.63125,2772,39,32.3333321,0.0443210639,0.63125,2834,38,32.3333321,0.0426123,0.63125,50.6250076,44.3750038,99.99844,13.0793457,23.8014183,35.4638672,7.16576,7.715004,48.15452,36.75,0.25,0,55,0,85,0.416,1.01,16,16,16,32,48,30,295,160,130,0,0,0,16,35.75,0.25,0,55,0,85,0.416,1.01,16,16,16,32,48,30,295,160,130,0,0,0,16,512,-1,485.785156,477.9453,7.83984375,7.6015625,7611.34961,7618.951,0,0,0,0,0,0,0,0,0,0,2.2480123,7,505,600,1200,3000,48,0.965000033,1.30500007,0,3,15,48,210,405,0,0,0,0,1,49,0,1,6.747,6.727,0.865,2341.48828,168.722656,2.63613367,0,0,0,0,0,0,0,0,0,0,0,0,0,60.59375,60,16376,13727,2648,16.1705055,19.551,3599360,7.689933E+07
05/28/2026 11:08:15,40,54,0,49,54,45,45,45,45,65,12.144001,5.04,1.312,1.39200008,0.942000031,0.324,0.664000034,3.288,2.046,0,3.37200022,3.37200022,3.124,51,45.5,43,45.5,887,674,0,802,689,0,0,0,0,0,14.06,6.35,1.59,3.17,1.59,10.94,3.17,3.17,5.51,14.06,31.0366383,3542,149,4850,570,48.5,0.6747195,0.625,4567,95,48.5,0.118841067,0.625,2827,44,32.3333321,0.0416204147,0.625,2782,36,32.3333321,0.036425218,0.625,2818,53,32.3333321,0.0546417125,0.63125,4850,328,48.5,0.270406425,0.63125,2803,35,32.3333321,0.0364557058,0.63125,2841,33,32.3333321,0.0351994336,0.63125,51.0000076,44.3750038,99.99845,13.1126785,23.7680855,35.554245,7.195366,7.685398,48.3534737,36.75,0.25,0,55,0,85,0.416,1.01,16,16,16,32,48,30,295,160,130,0,0,0,16,35.75,0.25,0,55,0,85,0.416,1.01,16,16,16,32,48,30,295,160,130,0,0,0,16,512,-1,485.785156,477.9453,7.83984375,7.6015625,7611.34961,7618.951,0,0,0,0,0,0,0,0,0,0,2.25850534,7,505,600,1200,3000,48,0.965000033,1.30500007,0,1,15,48,210,405,0,0,0,0,1,50,0,1,6.143,6.152,0.865,2341.48828,168.722656,2.824232,0,0,0,0.005242576,0,0,0,0,0,0,0,0,0,60.59375,60,16376,13727,2648,16.1705055,17.753,399360,15899648
05/28/2026 11:08:17,40,54,0,49,54,44,44,44,44,63,12.144001,5.03,1.31000006,1.396,0.954000056,0.322000027,0.664000034,3.292,2.046,0,3.37200022,3.37200022,3.124,50,46,43,45.5,906,674,0,784,688,0,0,0,0,0,7.81,3.12,0,0,0,6.25,0,0,2.15,7.81,31.3401337,3053,117,4850,490,48.5,0.589935541,0.6375,2888,69,32.3333321,0.07509313,0.6375,2844,44,32.3333321,0.0328224674,0.65625,2632,21,32.3333321,0.0194480345,0.65625,2730,38,32.3333321,0.0281546544,0.65625,3233,232,32.3333321,0.207344413,0.65625,2635,19,32.3333321,0.0190443546,0.65625,2611,22,32.3333321,0.0193046778,0.65625,50.6250076,44.8750038,99.99845,13.0758743,23.80489,35.4544525,7.16309357,7.71767044,48.1366,36.5,0.25,0,55,0,85,0.416,1.01,16,16,16,32,48,30,295,160,130,0,0,0,16,35.75,0.25,0,55,0,85,0.416,1.01,16,16,16,32,48,30,295,160,130,0,0,0,16,512,-1,485.785156,477.9453,7.83984375,7.6015625,7611.34961,7618.951,0,0,0,0,0,0,0,0,0,0,2.26950955,7,505,600,1200,3000,48,0.840000033,1.30500007,0,0,15,48,210,405,0,0,0,0,5,50,0,1,6.767,7.474,0.865,2341.48828,168.492188,1.50260389,0,0,0,0,0,0,0,0,0,0,0,0,0,60.53125,58,16376,13727,2648,16.1705055,17.762,49152,7.734989E+07
05/28/2026 11:08:19,40,54,0,48,53,44,44,44,44,63,12.12,5.03,1.31000006,1.39200008,0.996000051,0.326,0.664000034,3.288,2.046,0,3.37200022,3.36800027,3.124,50,45.5,43,45.5,890,701,0,795,698,0,0,0,0,0,15.62,3.12,0,0,0,12.5,0,0,3.91,15.62,32.3356133,3822,329,4850,1028,48.5,1.0817,0.65,3172,218,32.3333321,0.3485069,0.65,3016,81,32.3333321,0.097925894,0.65,2899,60,32.3333321,0.07805665,0.65,3085,128,32.3333321,0.165456191,0.65,4850,1025,48.5,1.17610133,0.65,4288,45,48.5,0.0613390021,0.65,4417,50,48.5,0.06374566,0.65,51.1250076,44.8750038,99.99844,13.11026,23.770504,35.54769,7.19160461,7.68915939,48.3281937,36.75,0.25,0,55,0,85,0.416,1.01,16,16,16,32,48,30,295,160,130,0,0,0,16,35.75,0.25,0,55,0,85,0.416,1.01,16,16,16,32,48,30,295,160,130,0,0,0,16,512,-1,485.785156,477.9453,7.83984375,7.6015625,7611.34961,7618.951,0,0,0,0,0,0,0,0,0,0,2.277918,7,505,600,1200,3000,48,1.03500009,1.30500007,0,7,15,48,210,405,0,0,0,0,9,47,0,1,7.093,7.083,0.865,2341.48828,168.492188,4.124956,0,0,0,0.00166680408,0,0,0,0,0,0,0,0,0,60.59375,58,16376,13727,2648,16.1705055,20.144,0,151299072
05/28/2026 11:08:21,40,54,0,48,53,45,45,45,45,64,12.144001,5.04,1.31000006,1.39200008,0.9480001,0.322000027,0.664000034,3.288,2.046,0,3.37200022,3.37200022,3.124,50,46,43,45.5,891,705,0,792,692,0,0,0,0,0,15.62,4.76,3.12,3.12,3.17,12.5,1.56,1.56,5.68,15.62,31.1188564,3133,144,4850,582,48.5,0.6730827,0.65,3033,98,32.3333321,0.112180449,0.65,2789,53,32.3333321,0.0445366278,0.65,2852,37,32.3333321,0.05054364,0.65,2909,58,32.3333321,0.06290859,0.65,3233,273,32.3333321,0.299170732,0.65,2740,30,32.3333321,0.0382452272,0.65,2657,25,32.3333321,0.0357566141,0.65,50.7500076,44.8750038,99.99844,13.1038933,23.77687,35.530426,7.18742371,7.6933403,48.3001,36.75,0.25,0,55,0,85,0.416,1.01,16,16,16,32,48,30,295,160,130,0,0,0,16,35.75,0.25,0,55,0,85,0.416,1.01,16,16,16,32,48,30,295,160,130,0,0,0,16,512,-1,485.785156,477.9453,7.83984375,7.6015625,7611.34961,7618.951,0,0,0,0,0,0,0,0,0,0,2.25120687,7,505,600,1200,3000,48,0.955000043,1.30500007,0,1,15,48,210,405,0,0,0,0,1,49,0,1,6.686,6.601,0.865,2341.48828,168.492188,2.96963429,0,0,0,0.004202596,0,0,0,0,0,0,0,0,0,60.53125,58,16376,13727,2648,16.1705055,19.356,449536,0
05/28/2026 11:08:23,40,54,0,48,53,44,44,44,44,63,12.144001,5.04,1.312,1.39200008,0.97,0.33,0.66200006,3.292,2.046,0,3.37200022,3.37200022,3.124,50,46,43,45.5,890,680,0,774,674,0,0,0,0,0,15.62,0,0,0,0,15.62,0,0,3.91,15.62,32.1084,4264,284,4850,748,48.5,0.9218434,0.69375,3120,238,32.3333321,0.393572658,0.69375,4405,74,48.5,0.106469318,0.6625,4285,36,48.5,0.0666795447,0.6625,4410,94,48.5,0.191626608,0.6625,4850,1003,48.5,1.013037,0.6625,4148,38,48.5,0.04076538,0.6625,4043,39,48.5,0.0395549349,0.6625,50.7500076,44.8750038,99.998436,13.0779,23.8028641,35.4599457,7.16332626,7.71743774,48.13816,36.75,0.25,0,55,0,85,0.416,1.01,16,16,16,32,48,30,295,160,130,0,0,0,16,35.75,0.25,0,55,0,85,0.416,1.01,16,16,16,32,48,30,295,160,130,0,0,0,16,512,-1,485.785156,477.9453,7.83984375,7.6015625,7611.34961,7618.951,0,0,0,0,0,0,0,0,0,0,2.3693428,7,505,600,1200,3000,49,0.844000041,1.30500007,0,0,15,48,210,405,0,0,0,0,5,51,0,1,6.13,6.056,0.865,2341.48828,168.492188,1.80075049,0,0,0,0.00131604157,0,0,0,0,0,0,0,0,0,60.59375,58,16376,13727,2648,16.1705055,17.475,0,7.434957E+07
05/28/2026 11:08:25,40,55,0,49,54,45,45,45,45,65,12.144001,5.04,1.312,1.396,0.960000038,0.336000025,0.664000034,3.288,2.046,0,3.37600017,3.37200022,3.124,51,46,43,45.5,883,684,0,788,689,0,0,0,0,0,13.85,3.12,1.56,1.56,1.56,3.08,1.56,3.12,3.68,13.85,31.3492756,3208,184,4850,676,48.5,0.7364854,0.65625,3056,115,32.3333321,0.170816854,0.65625,2964,69,32.3333321,0.08497558,0.65625,2856,59,32.3333321,0.07258236,0.65625,3067,98,32.3333321,0.102517456,0.65,3233,357,32.3333321,0.3953073,0.65,2822,41,32.3333321,0.06448728,0.65,2817,57,32.3333321,0.06570713,0.65,51.2500076,44.8750038,99.99844,13.1085091,23.7722549,35.54294,7.190689,7.690075,48.32204,36.5,0.25,0,55,0,85,0.416,1.01,16,16,16,32,48,30,295,160,130,0,0,0,16,35.75,0.25,0,55,0,85,0.416,1.01,16,16,16,32,48,30,295,160,130,0,0,0,16,512,-1,485.785156,477.9453,7.83984375,7.6015625,7611.34961,7618.951,0,0,0,0,0,0,0,0,0,0,2.240971,7,505,600,1200,3000,49,0.955000043,1.30500007,0,1,15,48,210,405,0,0,0,0,1,47,0,1,6.412,6.526,0.865,2341.48828,168.492188,2.93937135,0,0,0,0.00190917344,0,0,0,0,0,0,0,0,0,60.53125,58,16376,13727,2648,16.1705055,17.969,2299904,99328
05/28/2026 11:08:27,41,55,0,50,55,45,45,45,45,65,12.144001,5.04,1.312,1.396,0.950000048,0.336000025,0.664000034,3.292,2.046,0,3.37200022,3.37200022,3.124,50,46,43,45.5,896,716,0,793,695,0,0,0,0,0,10.77,1.54,1.54,1.54,1.54,3.08,1.54,1.54,2.88,10.77,30.93492,3145,136,4850,563,48.5,0.6701458,0.63125,2901,80,32.3333321,0.09635925,0.63125,2789,45,32.3333321,0.045141,0.63125,2992,49,32.3333321,0.0487586856,0.63125,2876,55,32.3333321,0.05156071,0.63125,3233,241,32.3333321,0.261313558,0.63125,2846,30,32.3333321,0.0397184528,0.63125,2674,24,32.3333321,0.033060886,0.63125,50.8750076,44.3750038,99.99845,13.0730324,23.8077316,35.4467468,7.1599617,7.72080231,48.1155548,36.5,0.25,0,55,0,85,0.416,1.01,16,16,16,32,48,30,295,160,130,0,0,0,16,35.75,0.25,0,55,0,85,0.416,1.01,16,16,16,32,48,30,295,160,130,0,0,0,16,512,-1,485.785156,477.9453,7.83984375,7.6015625,7611.34961,7618.951,0,0,0,0,0,0,0,0,0,0,2.22967458,7,505,600,1200,3000,48,0.924,1.30500007,0,4,15,48,210,405,0,0,0,0,1,48,0,1,7.116,7.884,0.865,2341.48828,168.492188,1.176207,0,0,0,0,0,0,0,0,0,0,0,0,0,60.59375,60,16376,13727,2648,16.1705055,19.927,0,7.614976E+07
05/28/2026 11:08:29,40,56,0,49,54,44,44,44,44,63,12.144001,5.04,1.312,1.396,0.988000035,0.326,0.664000034,3.288,2.046,0,3.37200022,3.37200022,3.12000012,51,45.5,43,45.5,900,699,0,785,701,0,0,0,0,0,20.31,1.56,0,0,1.56,21.88,0,0,5.66,21.88,32.4286766,3420,317,4850,988,48.5,1.05772674,0.65625,3177,186,32.3333321,0.330147833,0.65625,2977,60,32.3333321,0.06313012,0.65625,2844,31,32.3333321,0.0456686,0.65625,3040,109,32.3333321,0.11250408,0.6625,4850,1093,48.5,1.25357056,0.6625,2865,36,32.3333321,0.0441710129,0.6625,2754,30,32.3333321,0.03987897,0.6625,51.6250076,44.8750038,99.99845,13.1039429,23.7768211,35.5305634,7.19113159,7.68963242,48.325016,36.5,0.25,0,55,0,85,0.416,1.01,16,16,16,32,48,30,295,160,130,0,0,0,16,35.75,0.25,0,55,0,85,0.416,1.01,16,16,16,32,48,30,295,160,130,0,0,0,16,512,-1,485.785156,477.9453,7.83984375,7.6015625,7611.34961,7618.951,0,0,0,0,0,0,0,0,0,0,2.28791642,7,505,600,1200,3000,47,0.924,1.30500007,0,4,15,48,210,405,0,0,0,0,13,49,0,1,6.554,6.449,0.865,2341.48828,168.492188,2.692428,0,0,0,0,0,0,0,0,0,0,0,0,0,60.65625,58,16376,13727,2648,16.1705055,19.081,399360,0
05/28/2026 11:08:31,41,55,0,49,54,45,45,45,45,65,12.144001,5.04,1.312,1.396,0.952,0.322000027,0.664000034,3.288,2.046,0,3.37200022,3.37200022,3.124,51,46,43,45.5,904,724,0,802,687,0,0,0,0,0,12.7,3.17,1.59,1.59,1.59,7.94,3.17,1.59,4.17,12.7,31.5184574,3701,192,4850,653,48.5,0.73202765,0.63125,4850,161,48.5,0.19631426,0.63125,3047,61,32.3333321,0.0940024555,0.63125,3010,61,32.3333321,0.08496584,0.63125,3132,98,32.3333321,0.12564607,0.63125,4850,388,48.5,0.385572523,0.63125,2919,62,32.3333321,0.07370102,0.63125,2951,49,32.3333321,0.06927555,0.63125,51.1250076,44.8750038,99.998436,13.07457,23.8061943,35.45092,7.162689,7.718075,48.13388,36.5,0.25,0,55,0,85,0.416,1.01,16,16,16,32,48,30,295,160,130,0,0,0,16,35.75,0.25,0,55,0,85,0.416,1.01,16,16,16,32,48,30,295,160,130,0,0,0,16,512,-1,485.785156,477.9453,7.83984375,7.6015625,7611.34961,7618.951,0,0,0,0,0,0,0,0,0,0,2.13726974,7,505,600,1200,3000,48,0.924,1.30500007,0,2,15,48,210,405,0,0,0,0,1,51,0,1,6.128,6.149,0.865,2341.48828,168.492188,1.03042614,0,0,0,0,0,0,0,0,0,0,0,0,0,60.59375,58,16376,13727,2648,16.1705055,17.486,1249280,0
05/28/2026 11:08:33,41,56,0,50,55,45,45,45,45,64,12.144001,5.04,1.312,1.39200008,0.932000041,0.326,0.664000034,3.292,2.046,0,3.37600017,3.37200022,3.124,50,46,43,45.5,898,728,0,785,704,0,0,0,0,0,9.38,0,0,0,0,3.12,0,0,1.56,9.38,30.7341843,4266,111,4850,449,48.5,0.5325938,0.65625,4331,60,48.5,0.0603268966,0.65625,4007,23,48.5,0.0218058173,0.65625,4157,24,48.5,0.0224329475,0.65625,4136,34,48.5,0.026052637,0.65625,4850,255,48.5,0.229059413,0.65625,3936,21,48.5,0.0177663248,0.65625,3859,22,48.5,0.0177054815,0.65625,50.6250076,44.3750038,99.99845,13.1023636,23.7784,35.5262756,7.19014,7.690624,48.31835,36.5,0.25,0,55,0,85,0.416,1.01,16,16,16,32,48,30,295,160,130,0,0,0,16,35.75,0.25,0,55,0,85,0.416,1.01,16,16,16,32,48,30,295,160,130,0,0,0,16,512,-1,485.785156,477.9453,7.83984375,7.6015625,7611.34961,7618.951,0,0,0,0,0,0,0,0,0,0,2.38097858,7,505,600,1200,3000,48,0.955000043,1.30500007,0,1,15,48,210,405,0,0,0,0,1,54,0,1,6.696,6.736,0.865,2341.48828,168.261719,1.5596807,0,0,0,0.001334516,0,0,0,0,0,0,0,0,0,60.625,58,16376,13727,2648,16.1705055,18.681,0,7.429939E+07
05/28/2026 11:08:35,41,56,0,49,54,45,45,45,45,65,12.144001,5.04,1.312,1.396,0.950000048,0.33,0.664000034,3.292,2.046,0,3.37600017,3.37200022,3.124,51,46,43,45.5,907,733,0,791,691,0,0,0,0,0,14.06,0,1.56,0,0,6.25,0,0,2.73,14.06,31.1551418,3506,156,4040,654,40.4,0.6750542,0.525,3769,78,40.4,0.105868123,0.525,3018,42,33.6666679,0.055664666,0.525,2897,27,33.6666679,0.0448175669,0.525,3593,52,40.4,0.06683697,0.525,4975,327,49.75,0.317176878,0.50625,2799,27,33.1666679,0.0427560359,0.50625,2953,37,33.1666679,0.0363178924,0.50625,51.1250076,51.3750038,99.998436,13.0119362,23.8688278,35.28109,7.114006,7.766758,47.80673,36.5,0.25,0,55,0,85,0.416,1.01,16,16,16,32,48,30,295,160,130,0,0,0,16,35.75,0.25,0,55,0,85,0.416,1.01,16,16,16,32,48,30,295,160,130,0,0,0,16,512,-1,485.785156,477.9453,7.83984375,7.6015625,7611.34961,7618.951,0,0,0,0,0,0,0,0,0,0,2.25319839,7,505,600,1200,3000,48,0.789000034,1.30500007,0,1,15,48,210,405,0,0,0,0,5,49,0,1,6.638,6.523,0.865,2341.48828,168.261719,1.59458852,0,0,0,0.00183183642,0,0,0,0,0,0,0,0,0,60.625,58,16376,13727,2648,16.1705055,19.884,49152,0
05/28/2026 11:08:37,40,56,0,49,54,44,44,44,44,63,12.144001,5.04,1.312,1.396,0.9760001,0.334000021,0.664000034,3.292,2.046,0,3.37600017,3.37200022,3.124,50,46,43,45.5,905,734,0,803,689,0,0,0,0,0,9.38,1.56,1.56,1.56,1.56,3.12,0,0,2.34,9.38,31.2071266,3436,148,3600,527,36,0.648952663,0.61875,3600,126,36,0.130373776,0.61875,3372,63,36,0.06143637,0.61875,3341,51,36,0.05337914,0.61875,3405,80,36,0.07556658,0.61875,3600,247,36,0.246136323,0.61875,3272,48,36,0.0487793051,0.61875,3294,45,36,0.04691532,0.61875,50.8750076,44.8750038,99.99844,13.0044327,23.8763313,35.26075,7.1087,7.772064,47.77107,36.5,0.25,0,55,0,85,0.416,1.01,16,16,16,32,48,30,295,160,130,0,0,0,16,35.75,0.25,0,55,0,85,0.416,1.01,16,16,16,32,48,30,295,160,130,0,0,0,16,512,-1,485.785156,477.9453,7.83984375,7.6015625,7611.34961,7618.951,0,0,0,0,0,0,0,0,0,0,2.35364413,7,505,600,1200,3000,49,0.974000037,1.30500007,0,5,15,48,210,405,0,0,0,0,1,51,0,1,6.136,6.154,0.865,2341.48828,168.261719,1.35137939,0,0,0,0.00321156532,0,0,0,0,0,0,0,0,0,60.625,58,16376,13727,2648,16.1705055,17.859,449536,0
05/28/2026 11:08:39,40,56,0,48,53,44,44,44,44,63,12.144001,5.04,1.312,1.39200008,0.9760001,0.33,0.664000034,3.288,2.046,0,3.37200022,3.37200022,3.124,50,46,43,45.5,883,734,0,779,698,0,0,0,0,0,9.38,0,0,0,0,17.19,0,0,3.32,17.19,32.49545,3142,268,4850,854,48.5,0.9010783,0.6375,3101,153,32.3333321,0.281646132,0.6375,2738,48,32.3333321,0.05233929,0.6375,2696,35,32.3333321,0.0421889164,0.6375,3066,96,32.3333321,0.119347006,0.6375,3233,902,32.3333321,1.03339946,0.6375,2628,24,32.3333321,0.0363123827,0.6375,2820,35,32.3333321,0.04003673,0.6375,51.1250076,44.8750038,99.99844,13.0054359,23.8753281,35.2634659,7.109665,7.771099,47.7775536,36.5,0.25,0,55,0,85,0.416,1.01,16,16,16,32,48,30,295,160,130,0,0,0,16,35.75,0.25,0,55,0,85,0.416,1.01,16,16,16,32,48,30,295,160,130,0,0,0,16,512,-1,485.785156,477.9453,7.83984375,7.6015625,7611.34961,7618.951,0,0,0,0,0,0,0,0,0,0,2.39438915,7,505,600,1200,3000,48,0.955000043,1.30500007,0,2,15,48,210,405,0,0,0,0,9,48,0,1,6.615,6.539,0.865,2341.48828,168.261719,2.80581045,0,0,0,0,0,0,0,0,0,0,0,0,0,60.6875,58,16376,13727,2648,16.1705055,18.066,349184,0
05/28/2026 11:08:41,40,56,0,48,53,45,45,45,45,64,12.144001,5.04,1.312,1.39200008,0.950000048,0.322000027,0.664000034,3.292,2.046,0,3.37600017,3.37200022,3.124,50,46,43,45.5,894,733,0,785,692,0,0,0,0,0,12.31,0,0,0,0,3.08,0,0,1.92,12.31,30.7920837,3300,127,4850,569,48.5,0.6496185,0.625,2950,68,32.3333321,0.08283887,0.625,2761,35,32.3333321,0.0430052653,0.625,2702,29,32.3333321,0.03861605,0.625,2892,63,32.3333321,0.0514680259,0.625,4843,195,48.5,0.204023227,0.625,2717,28,32.3333321,0.0374052152,0.625,2686,27,32.3333321,0.03751054,0.625,50.7500076,44.8750038,99.99844,13.0056381,23.8751259,35.2640152,7.1097374,7.77102661,47.77804,36.5,0.25,0,55,0,85,0.416,1.01,16,16,16,32,48,30,295,160,130,0,0,0,16,35.75,0.25,0,55,0,85,0.416,1.01,16,16,16,32,48,30,295,160,130,0,0,0,16,512,-1,485.785156,477.9453,7.83984375,7.6015625,7611.34961,7618.951,0,0,0,0,0,0,0,0,0,0,2.21414185,7,505,600,1200,3000,48,0.984,1.30500007,0,2,15,48,210,405,0,0,0,0,4,50,0,1,7.027,7.025,0.865,2341.48828,168.261719,1.4873873,0,0,0,0.00372368935,0,0,0,0,0,0,0,0,0,60.59375,58,16376,13727,2648,16.1705055,19.592,0,7.619994E+07
05/28/2026 11:08:43,40,56,0,48,53,44,44,44,44,63,12.144001,5.04,1.312,1.396,0.936000049,0.322000027,0.664000034,3.292,2.046,0,3.37600017,3.37200022,3.124,50,46,43,45.5,888,733,0,791,674,0,0,0,0,0,12.5,3.12,1.56,0,3.12,7.81,1.56,1.59,3.91,12.5,31.3480759,3658,190,4850,644,48.5,0.7345523,0.64375,4828,165,48.5,0.211784646,0.64375,2965,60,32.3333321,0.08318558,0.64375,2996,56,32.3333321,0.07313684,0.64375,3004,79,32.3333321,0.104882792,0.64375,4850,427,48.5,0.43942675,0.64375,2833,45,32.3333321,0.0620319657,0.64375,2940,47,32.3333321,0.06280853,0.64375,50.5000076,44.3750038,99.99844,13.00671,23.874054,35.266922,7.101528,7.779236,47.7228737,36.5,0.25,0,55,0,85,0.416,1.01,16,16,16,32,48,30,295,160,130,0,0,0,16,35.75,0.25,0,55,0,85,0.416,1.01,16,16,16,32,48,30,295,160,130,0,0,0,16,512,-1,485.785156,477.9453,7.83984375,7.6015625,7611.34961,7618.951,0,0,0,0,0,0,0,0,0,0,2.2881794,7,505,600,1200,3000,48,0.830000043,1.30500007,0,0,15,48,210,405,0,0,0,0,1,47,0,1,6.475,6.509,0.865,2341.48828,168.261719,1.59482157,0,0,0,0,0,0,0,0,0,0,0,0,0,60.53125,58,16376,13727,2648,16.1705055,19.418,49152,7.629926E+07
05/28/2026 11:08:45,40,56,0,49,54,45,45,45,45,65,12.12,5.03,1.31000006,1.39200008,0.9480001,0.320000023,0.664000034,3.292,2.046,0,3.37600017,3.37200022,3.124,51,46,43,45.5,886,733,0,784,689,0,0,0,0,0,7.81,3.12,1.56,1.54,1.56,6.25,1.56,1.56,3.12,7.81,33.5000458,3281,130,4850,495,48.5,0.634726763,0.6375,2982,88,32.3333321,0.115359783,0.6375,2781,38,32.3333321,0.0463050827,0.6375,2711,27,32.3333321,0.0343478955,0.6375,2709,48,32.3333321,0.0493816547,0.6375,4850,294,48.5,0.282446355,0.64375,2697,27,32.3333321,0.0348068066,0.64375,2670,26,32.3333321,0.0334133,0.64375,51.0000076,44.3750038,99.998436,13.0338783,23.8468857,35.34059,7.13268661,7.74807739,47.9322624,36.5,0.25,0,55,0,85,0.416,1.01,16,16,16,32,48,30,295,160,130,0,0,0,16,35.75,0.25,0,55,0,85,0.416,1.01,16,16,16,32,48,30,295,160,130,0,0,0,16,512,-1,485.785156,477.9453,7.83984375,7.6015625,7611.34961,7618.951,0,0,0,0,0,0,0,0,0,0,2.2819674,7,505,600,1200,3000,48,0.984,1.30500007,0,2,16,49,2670,10701.9883,0,0,0,0,0,2,0,0,17.725,18.88,0.975,2341.48828,168.261719,0.112727173,0,0,0,0,0,0,0,0,0,0,0,0,0,61.34375,60,16376,13727,2648,16.1705055,50.35,0,7.619994E+07
05/28/2026 11:08:47,40,56,0,49,53,44,44,44,44,63,12.12,5.04,1.312,1.39200008,0.936000049,0.33,0.664000034,3.288,2.046,0,3.37600017,3.37200022,3.124,50,46,43,45.5,900,733,0,798,696,0,0,0,0,0,6.25,0,0,0,1.59,6.25,0,0,1.76,6.25,33.3127556,3097,156,4850,602,48.5,0.7397921,0.6375,3109,128,32.3333321,0.171353236,0.6375,2735,37,32.3333321,0.0595559739,0.64375,2659,27,32.3333321,0.03858293,0.64375,2782,52,32.3333321,0.08619656,0.64375,3233,346,32.3333321,0.3644979,0.64375,2644,26,32.3333321,0.0368926451,0.64375,2762,28,32.3333321,0.0435741656,0.64375,50.7500076,44.3750038,99.99844,13.0081024,23.8726616,35.2707,7.106865,7.773899,47.75874,36.5,0.25,0,55,0,85,0.416,1.01,16,16,16,32,48,30,295,160,130,0,0,0,16,35.75,0.25,0,55,0,85,0.416,1.01,16,16,16,32,48,30,295,160,130,0,0,0,16,512,-1,485.785156,477.9453,7.83984375,7.6015625,7611.34961,7618.951,0,0,0,0,0,0,0,0,0,0,2.40217018,7,505,600,1200,3000,48,0.930000067,1.30500007,0,2,16,50,2670,10701.9883,0,0,0,0,0,2,0,0,18.202,20.344,0.975,2341.48828,168.261719,0.1356046,0,0,0,0,0,0,0,0,0,0,0,0,0,61.59375,60,16376,13727,2648,16.1705055,51.437,149504,0
05/28/2026 11:08:49,40,56,0,48,53,44,44,44,44,63,12.144001,5.04,1.312,1.39200008,0.95600003,0.34,0.664000034,3.288,2.046,0,3.37200022,3.37200022,3.124,51,46,43,45.5,889,734,0,791,693,0,0,0,0,0,15.62,6.25,1.56,0,0,18.75,0,0,5.27,18.75,33.290554,3996,301,4850,875,48.5,1.01296091,0.63125,3224,223,32.3333321,0.290059626,0.63125,2978,66,32.3333321,0.0853373855,0.63125,2989,52,32.3333321,0.07197183,0.63125,4500,96,48.5,0.13077423,0.64375,4850,1009,48.5,1.16661954,0.64375,4330,46,48.5,0.06255862,0.64375,4246,42,48.5,0.06126129,0.64375,50.6250076,44.3750038,99.99844,13.0075645,23.8732,35.26924,7.104805,7.775959,47.7448959,36.5,0.25,0,55,0,85,0.416,1.01,16,16,16,32,48,30,295,160,130,0,0,0,16,36,0.25,0,55,0,85,0.416,1.01,16,16,16,32,48,30,295,160,130,0,0,0,16,512,-1,485.785156,477.9453,7.83984375,7.6015625,7611.34961,7618.951,0,0,0,0,0,0,0,0,0,0,2.37112641,7,505,600,1200,3000,48,0.930000067,1.30500007,0,2,16,49,315,5001.986,0,0,0,0,3,4,0,0,13.244,18.145,0.925,2341.48828,168.261719,0.7656477,0,0,0,0.001344525,0,0,0,0,0,0,0,0,0,61.28125,60,16376,13727,2648,16.1705055,37.715,0,7.399936E+07
05/28/2026 11:08:51,41,55,0,49,53,45,45,45,45,65,12.12,5.04,1.31000006,1.39200008,0.944000065,0.320000023,0.664000034,3.288,2.046,0,3.37200022,3.37200022,3.124,51,45.5,43,45.5,892,725,0,775,691,0,0,0,0,0,7.81,1.56,3.12,0,1.56,3.12,0,0,2.15,7.81,33.72975,3234,155,4850,563,48.5,0.6506651,0.6625,3126,112,32.3333321,0.138695508,0.64375,3027,76,32.3333321,0.079605855,0.64375,2860,37,32.3333321,0.0500816479,0.64375,3127,79,32.3333321,0.1132162,0.64375,3233,312,32.3333321,0.3021263,0.64375,2809,34,32.3333321,0.0480972156,0.64375,2844,29,32.3333321,0.05044106,0.64375,51.2500076,44.8750038,99.998436,13.0355263,23.8452377,35.3450546,7.127922,7.752842,47.90024,36.5,0.25,0,55,0,85,0.416,1.01,16,16,16,32,48,30,295,160,130,0,0,0,16,35.75,0.25,0,55,0,85,0.416,1.01,16,16,16,32,48,30,295,160,130,0,0,0,16,512,-1,485.785156,477.9453,7.83984375,7.6015625,7611.34961,7618.951,0,0,0,0,0,0,0,0,0,0,2.364101,7,505,600,1200,3000,48,0.979000032,1.30500007,0,3,16,49,210,810,0,0,0,0,1,28,0,0,9.742,10.999,0.925,2341.48828,168.261719,3.096391,0,0,0,0.00105802726,0,0,0,0,0,0,0,0,0,61.15625,58,16376,13727,2648,16.1705055,28.698,0,7.699968E+07
05/28/2026 11:08:53,40,55,0,49,54,44,44,44,44,63,12.144001,5.04,1.312,1.396,0.930000067,0.324,0.664000034,3.288,2.046,0,3.37200022,3.37200022,3.12000012,50,46,43,45.5,894,693,0,775,675,0,0,0,0,0,6.25,0,0,0,0,3.12,0,0,1.17,6.25,31.2687,3224,114,4850,486,48.5,0.5542915,0.65625,2884,60,32.3333321,0.05424574,0.65625,2665,27,32.3333321,0.02060732,0.65625,2645,23,32.3333321,0.0183496065,0.6625,2675,35,32.3333321,0.0258955229,0.6625,4850,240,48.5,0.1889358,0.6625,2631,25,32.3333321,0.018361764,0.6625,2591,20,32.3333321,0.0179379135,0.6625,50.5000076,44.8750038,99.998436,13.0048065,23.8759575,35.2617645,7.10454941,7.7762146,47.7431755,36.5,0.25,0,55,0,85,0.416,1.01,16,16,16,32,48,30,295,160,130,0,0,0,16,36,0.25,0,55,0,85,0.416,1.01,16,16,16,32,48,30,295,160,130,0,0,0,16,512,-1,485.785156,477.9453,7.83984375,7.6015625,7611.34961,7618.951,0,0,0,0,0,0,0,0,0,0,2.37480187,7,505,600,1200,3000,48,0.930000067,1.30500007,0,4,16,49,210,405,0,0,0,0,2,34,0,1,9.568,7.397,0.865,2341.48828,168.261719,0.6116644,0,0,0,0,0,0,0,0,0,0,0,0,0,60.9375,58,16376,13727,2648,16.1705055,27.609,399360,0
05/28/2026 11:08:55,40,55,0,48,53,45,45,45,45,65,12.144001,5.04,1.31000006,1.39200008,0.95600003,0.320000023,0.664000034,3.288,2.046,0,3.37200022,3.37600017,3.124,51,46,43,45.5,889,721,0,778,693,0,0,0,0,0,11.11,1.59,0,0,1.59,6.35,0,0,2.58,11.11,31.5223713,3662,188,4850,746,48.5,0.770679653,0.65625,4717,137,48.5,0.168098733,0.65625,3009,64,32.3333321,0.09471241,0.65625,2978,57,32.3333321,0.08511952,0.65625,3003,83,32.3333321,0.114283122,0.65625,4850,318,48.5,0.325480551,0.65625,2907,51,32.3333321,0.0707994848,0.65625,2986,45,32.3333321,0.0678430945,0.63125,50.8750076,45.3750038,99.99844,13.0056458,23.8751183,35.2640381,7.102852,7.777912,47.73177,36.5,0.25,0,55,0,85,0.416,1.01,16,16,16,32,48,30,295,160,130,0,0,0,16,36,0.25,0,55,0,85,0.416,1.01,16,16,16,32,48,30,295,160,130,0,0,0,16,512,-1,485.785156,477.9453,7.83984375,7.6015625,7611.34961,7618.951,0,0,0,0,0,0,0,0,0,0,2.277677,7,505,600,1200,3000,48,0.924,1.30500007,0,2,15,48,210,405,0,0,0,0,4,49,0,1,7.032,7.06,0.865,2341.48828,168.261719,1.89937627,0,0,0,0.00136229792,0,0,0,0,0,0,0,0,0,60.875,58,16376,13727,2648,16.1705055,19.782,399360,0
05/28/2026 11:08:57,40,56,0,48,53,44,44,44,44,63,12.144001,5.04,1.312,1.39200008,0.932000041,0.324,0.664000034,3.288,2.046,0,3.37200022,3.37200022,3.12000012,50,46,43,45.5,893,700,0,786,694,0,0,0,0,0,10.94,1.56,0,0,0,1.56,1.56,1.56,2.15,10.94,31.18511,3361,118,4850,519,48.5,0.569327354,0.65625,4197,63,48.5,0.0594295561,0.65625,4039,32,48.5,0.021379102,0.65625,2637,22,32.3333321,0.01889316,0.63125,2670,35,32.3333321,0.0228706673,0.63125,3233,224,32.3333321,0.177729324,0.63125,2608,20,32.3333321,0.0182561371,0.63125,2652,28,32.3333321,0.0185513441,0.63125,50.5000076,44.3750038,99.99845,13.0347939,23.84597,35.34307,7.1308136,7.74995041,47.9196739,36.5,0.25,0,55,0,85,0.416,1.01,16,16,16,32,48,30,295,160,130,0,0,0,16,35.75,0.25,0,55,0,85,0.416,1.01,16,16,16,32,48,30,295,160,130,0,0,0,16,512,-1,485.785156,477.9453,7.83984375,7.6015625,7611.34961,7618.951,0,0,0,0,0,0,0,0,0,0,2.2887063,7,505,600,1200,3000,48,0.974000037,1.30500007,0,3,15,48,210,405,0,0,0,0,1,49,0,1,6.615,6.693,0.865,2341.48828,168.261719,2.61503339,0,0,0,0,0,0,0,0,0,0,0,0,0,60.84375,60,16376,13727,2648,16.1705055,19.815,0,153049088
05/28/2026 11:08:59,40,56,0,48,53,44,44,44,44,63,12.144001,5.04,1.31000006,1.39200008,0.984,0.326,0.664000034,3.288,2.046,0,3.37200022,3.37200022,3.12000012,50,45.5,43,45.5,889,705,0,772,690,0,0,0,0,0,21.88,3.12,0,0,0,26.56,0,0,6.45,26.56,32.5930519,3153,287,4850,892,48.5,0.9601107,0.6375,3132,177,32.3333321,0.335534364,0.6375,2725,46,32.3333321,0.0527553447,0.6375,2994,50,32.3333321,0.0537153669,0.6375,2879,73,32.3333321,0.0813883,0.6375,3233,1003,32.3333321,1.0667491,0.6375,2689,31,32.3333321,0.04318563,0.6375,2720,27,32.3333321,0.03945222,0.6375,51.1250076,44.8750038,99.99844,13.00388,23.8768845,35.2592468,7.102455,7.778309,47.7291031,36.5,0.25,0,55,0,85,0.416,1.01,16,16,16,32,48,30,295,160,130,0,0,0,16,36,0.25,0,55,0,85,0.416,1.01,16,16,16,32,48,30,295,160,130,0,0,0,16,512,-1,485.785156,477.9453,7.83984375,7.6015625,7611.34961,7618.951,0,0,0,0,0,0,0,0,0,0,2.24710512,7,505,600,1200,3000,48,1.03000009,1.30500007,0,2,15,48,210,405,0,0,0,0,9,47,0,1,6.335,6.226,0.865,2341.48828,168.261719,2.77352786,0,0,0,0.00291610765,0,0,0,0,0,0,0,0,0,60.71875,58,16376,13727,2648,16.1705055,18.102,49152,0
