,/lpc/nct6687dr/0/control/0,/lpc/nct6687dr/0/control/1,/lpc/nct6687dr/0/control/2,/lpc/nct6687dr/0/control/10,/lpc/nct6687dr/0/control/11,/lpc/nct6687dr/0/control/12,/lpc/nct6687dr/0/control/13,/lpc/nct6687dr/0/control/14,/lpc/nct6687dr/0/control/15,/lpc/nct6687dr/0/control/3,/lpc/nct6687dr/0/voltage/0,/lpc/nct6687dr/0/voltage/1,/lpc/nct6687dr/0/voltage/2,/lpc/nct6687dr/0/voltage/3,/lpc/nct6687dr/0/voltage/4,/lpc/nct6687dr/0/voltage/5,/lpc/nct6687dr/0/voltage/6,/lpc/nct6687dr/0/voltage/8,/lpc/nct6687dr/0/voltage/9,/lpc/nct6687dr/0/voltage/10,/lpc/nct6687dr/0/voltage/11,/lpc/nct6687dr/0/voltage/12,/lpc/nct6687dr/0/voltage/13,/lpc/nct6687dr/0/temperature/0,/lpc/nct6687dr/0/temperature/1,/lpc/nct6687dr/0/temperature/2,/lpc/nct6687dr/0/temperature/3,/lpc/nct6687dr/0/fan/0,/lpc/nct6687dr/0/fan/1,/lpc/nct6687dr/0/fan/2,/lpc/nct6687dr/0/fan/10,/lpc/nct6687dr/0/fan/11,/lpc/nct6687dr/0/fan/12,/lpc/nct6687dr/0/fan/13,/lpc/nct6687dr/0/fan/14,/lpc/nct6687dr/0/fan/15,/lpc/nct6687dr/0/fan/3,/amdcpu/0/load/2,/amdcpu/0/load/3,/amdcpu/0/load/4,/amdcpu/0/load/5,/amdcpu/0/load/6,/amdcpu/0/load/7,/amdcpu/0/load/8,/amdcpu/0/load/9,/amdcpu/0/load/0,/amdcpu/0/load/1,/amdcpu/0/power/0,/amdcpu/0/clock/1,/amdcpu/0/clock/2,/amdcpu/0/clock/3,/amdcpu/0/clock/4,/amdcpu/0/factor/0,/amdcpu/0/power/1,/amdcpu/0/voltage/2,/amdcpu/0/clock/5,/amdcpu/0/clock/6,/amdcpu/0/factor/1,/amdcpu/0/power/2,/amdcpu/0/voltage/3,/amdcpu/0/clock/7,/amdcpu/0/clock/8,/amdcpu/0/factor/2,/amdcpu/0/power/3,/amdcpu/0/voltage/4,/amdcpu/0/clock/9,/amdcpu/0/clock/10,/amdcpu/0/factor/3,/amdcpu/0/power/4,/amdcpu/0/voltage/5,/amdcpu/0/clock/11,/amdcpu/0/clock/12,/amdcpu/0/factor/4,/amdcpu/0/power/5,/amdcpu/0/voltage/6,/amdcpu/0/clock/13,/amdcpu/0/clock/14,/amdcpu/0/factor/5,/amdcpu/0/power/6,/amdcpu/0/voltage/7,/amdcpu/0/clock/15,/amdcpu/0/clock/16,/amdcpu/0/factor/6,/amdcpu/0/power/7,/amdcpu/0/voltage/8,/amdcpu/0/clock/17,/amdcpu/0/clock/18,/amdcpu/0/factor/7,/amdcpu/0/power/8,/amdcpu/0/voltage/9,/amdcpu/0/temperature/2,/amdcpu/0/temperature/3,/amdcpu/0/clock/0,/vram/data/2,/vram/data/3,/vram/load/1,/ram/data/0,/ram/data/1,/ram/load/0,/memory/dimm/1/temperature/0,/memory/dimm/1/temperature/1,/memory/dimm/1/temperature/2,/memory/dimm/1/temperature/3,/memory/dimm/1/temperature/4,/memory/dimm/1/temperature/5,/memory/dimm/1/timing/20,/memory/dimm/1/timing/21,/memory/dimm/1/timing/22,/memory/dimm/1/timing/23,/memory/dimm/1/timing/24,/memory/dimm/1/timing/25,/memory/dimm/1/timing/26,/memory/dimm/1/timing/27,/memory/dimm/1/timing/28,/memory/dimm/1/timing/29,/memory/dimm/1/timing/30,/memory/dimm/1/timing/31,/memory/dimm/1/timing/32,/memory/dimm/1/timing/33,/memory/dimm/1/data/50,/memory/dimm/3/temperature/0,/memory/dimm/3/temperature/1,/memory/dimm/3/temperature/2,/memory/dimm/3/temperature/3,/memory/dimm/3/temperature/4,/memory/dimm/3/temperature/5,/memory/dimm/3/timing/20,/memory/dimm/3/timing/21,/memory/dimm/3/timing/22,/memory/dimm/3/timing/23,/memory/dimm/3/timing/24,/memory/dimm/3/timing/25,/memory/dimm/3/timing/26,/memory/dimm/3/timing/27,/memory/dimm/3/timing/28,/memory/dimm/3/timing/29,/memory/dimm/3/timing/30,/memory/dimm/3/timing/31,/memory/dimm/3/timing/32,/memory/dimm/3/timing/33,/memory/dimm/3/data/50,/gpu-amd/0/smalldata/2,/gpu-amd/0/factor/0,/gpu-amd/0/smalldata/5,/gpu-amd/0/smalldata/4,/gpu-amd/0/smalldata/3,/gpu-amd/0/smalldata/6,/gpu-amd/0/smalldata/7,/gpu-amd/0/smalldata/8,/gpu-amd/0/load/2,/gpu-amd/0/load/5,/gpu-amd/0/load/3,/gpu-amd/0/load/4,/gpu-amd/0/load/9,/gpu-amd/0/load/8,/gpu-amd/0/load/7,/gpu-amd/0/load/6,/gpu-amd/0/load/12,/gpu-amd/0/load/11,/gpu-amd/0/load/10,/gpu-amd/0/smalldata/0,/gpu-amd/0/smalldata/1,/gpu-amd/0/clock/0,/gpu-amd/0/clock/1,/gpu-amd/0/clock/2,/gpu-amd/0/temperature/4,/gpu-amd/0/voltage/0,/gpu-amd/0/voltage/2,/gpu-amd/0/load/0,/gpu-amd/0/power/0,/gpu-amd/0/power/2,/gpu-nvidia/0/temperature/0,/gpu-nvidia/0/clock/0,/gpu-nvidia/0/clock/4,/gpu-nvidia/0/fan/1,/gpu-nvidia/0/fan/2,/gpu-nvidia/0/control/1,/gpu-nvidia/0/control/2,/gpu-nvidia/0/load/0,/gpu-nvidia/0/load/1,/gpu-nvidia/0/load/2,/gpu-nvidia/0/load/3,/gpu-nvidia/0/load/4,/gpu-nvidia/0/load/5,/gpu-nvidia/0/voltage/0,/gpu-nvidia/0/smalldata/3,/gpu-nvidia/0/smalldata/4,/gpu-nvidia/0/load/7,/gpu-nvidia/0/load/15,/gpu-nvidia/0/load/17,/gpu-nvidia/0/load/8,/gpu-nvidia/0/load/9,/gpu-nvidia/0/load/16,/gpu-nvidia/0/load/18,/gpu-nvidia/0/load/19,/gpu-nvidia/0/load/14,/gpu-nvidia/0/load/20,/gpu-nvidia/0/load/10,/gpu-nvidia/0/load/11,/gpu-nvidia/0/load/12,/gpu-nvidia/0/load/13,/gpu-nvidia/0/temperature/2,/gpu-nvidia/0/temperature/3,/gpu-nvidia/0/smalldata/2,/gpu-nvidia/0/smalldata/0,/gpu-nvidia/0/smalldata/1,/gpu-nvidia/0/load/3,/gpu-nvidia/0/power/0,/gpu-nvidia/0/throughput/0,/gpu-nvidia/0/throughput/1
Time,"CPU Fan","Pump Fan","Chipset Fan","System Fan #1","System Fan #2","System Fan #3","System Fan #4","System Fan #5","System Fan #6","EZ-Connect Fan","+12V","+5V","CPU Northbridge/SoC","DIMM","Vcore","Chipset","CPU System Agent","+3.3V","VREF","+1.8V","+3V Standby","AVSB","CMOS Battery","CPU Core","System","VRM MOS","Chipset","CPU Fan","Pump Fan #1","Chipset Fan","System Fan #1","System Fan #2","System Fan #3","System Fan #4","System Fan #5","System Fan #6","EZ-Connect Fan","CPU Core #1","CPU Core #2","CPU Core #3","CPU Core #4","CPU Core #5","CPU Core #6","CPU Core #7","CPU Core #8","CPU Total","CPU Core Max","Package","Cores (Average)","Cores (Average Effective)","Core #1","Core #1 (Effective)","Core #1","Core #1 (SMU)","Core #1 VID","Core #2","Core #2 (Effective)","Core #2","Core #2 (SMU)","Core #2 VID","Core #3","Core #3 (Effective)","Core #3","Core #3 (SMU)","Core #3 VID","Core #4","Core #4 (Effective)","Core #4","Core #4 (SMU)","Core #4 VID","Core #5","Core #5 (Effective)","Core #5","Core #5 (SMU)","Core #5 VID","Core #6","Core #6 (Effective)","Core #6","Core #6 (SMU)","Core #6 VID","Core #7","Core #7 (Effective)","Core #7","Core #7 (SMU)","Core #7 VID","Core #8","Core #8 (Effective)","Core #8","Core #8 (SMU)","Core #8 VID","Core (Tctl/Tdie)","CCD1 (Tdie)","Bus Speed","Memory Used","Memory Available","Memory","Memory Used","Memory Available","Memory","DIMM #1","Temperature Sensor Resolution","Thermal Sensor Low Limit","Thermal Sensor High Limit","Thermal Sensor Critical Low Limit","Thermal Sensor Critical High Limit","tCKAVGmin (Minimum Cycle Time)","tCKAVGmax (Maximum Cycle Time)","tAA (CAS Latency Time)","tRCD (RAS to CAS Delay Time)","tRP (Row Precharge Delay Time)","tRAS (Active to Precharge Delay Time)","tRC (Active to Active/Refresh Delay Time)","tWR (Write Recovery Time)","tRFC1 (Normal Refresh Recovery Time)","tRFC2 (Fine Granularity Refresh Recovery Time)","tRFCsb (Same Bank Refresh Recovery Time)","tRFC1_dlr (Normal Refresh Recovery Time 3DS)","tRFC2_dlr (Fine Granularity Refresh Recovery Time 3DS)","tRFCsb_dlr (Same Bank Refresh Recovery Time 3DS)","Capacity","DIMM #3","Temperature Sensor Resolution","Thermal Sensor Low Limit","Thermal Sensor High Limit","Thermal Sensor Critical Low Limit","Thermal Sensor Critical High Limit","tCKAVGmin (Minimum Cycle Time)","tCKAVGmax (Maximum Cycle Time)","tAA (CAS Latency Time)","tRCD (RAS to CAS Delay Time)","tRP (Row Precharge Delay Time)","tRAS (Active to Precharge Delay Time)","tRC (Active to Active/Refresh Delay Time)","tWR (Write Recovery Time)","tRFC1 (Normal Refresh Recovery Time)","tRFC2 (Fine Granularity Refresh Recovery Time)","tRFCsb (Same Bank Refresh Recovery Time)","tRFC1_dlr (Normal Refresh Recovery Time 3DS)","tRFC2_dlr (Fine Granularity Refresh Recovery Time 3DS)","tRFCsb_dlr (Same Bank Refresh Recovery Time 3DS)","Capacity","GPU Memory Total","Fullscreen FPS","D3D Dedicated Memory Total","D3D Dedicated Memory Free","D3D Dedicated Memory Used","D3D Shared Memory Used","D3D Shared Memory Free","D3D Shared Memory Total","D3D 3D","D3D Copy","D3D Compute 0","D3D Compute 1","D3D Timer 0","D3D Security 1","D3D High Priority Compute","D3D High Priority 3D","D3D Video JPEG 0","D3D Video Decode 1","D3D Video Codec 0","GPU Memory Used","GPU Memory Free","GPU Core","GPU SoC","GPU Memory","GPU VR SoC","GPU Core","GPU SoC","GPU Core","GPU Core","GPU SoC","GPU Core","GPU Core","GPU Memory","GPU Fan 1","GPU Fan 2","GPU Fan 1","GPU Fan 2","GPU Core","GPU Memory Controller","GPU Video Engine","GPU Bus","GPU Power","GPU Board Power","GPU Core Voltage","D3D Dedicated Memory Used","D3D Shared Memory Used","D3D 3D","D3D Overlay","D3D Video Decode","D3D Copy","D3D Copy","D3D Security","D3D Video Encode","D3D Video Encode","D3D Optical Flow Accelerator 0","D3D VR","D3D Copy","D3D Copy","D3D Copy","D3D Copy","GPU Hot Spot","GPU Memory Junction","GPU Memory Total","GPU Memory Free","GPU Memory Used","GPU Memory","GPU Package","GPU PCIe Rx","GPU PCIe Tx"
05/29/2026 12:42:12,44,54,0,54,59,51,51,51,51,69,12.12,5.04,1.31000006,1.396,0.992000043,0.328,0.664000034,3.288,2.046,0,3.37200022,3.37200022,3.12000012,53,45.5,45,45.5,973,673,0,839,742,0,0,0,0,0,50,3.03,3.03,1.54,1.52,15.15,0,0,9.28,50,36.6726074,3883,552,5050,2216,50.5,2.10963273,0.5625,3345,434,33.6666679,0.802142143,0.5625,3736,183,40.4,0.349553674,0.5625,3706,164,40.4,0.294542074,0.5625,3777,245,40.4,0.500683248,0.56875,4040,969,40.4,1.3091296,0.56875,3754,112,40.4,0.256942421,0.56875,3659,89,40.4,0.257361978,0.56875,54.1250076,46.3750038,99.99816,26.49228,11.388485,69.93597,11.42057,3.46019363,76.74721,38.5,0.25,0,55,0,85,0.416,1.01,16,16,16,32,48,30,295,160,130,0,0,0,16,37.5,0.25,0,55,0,85,0.416,1.01,16,16,16,32,48,30,295,160,130,0,0,0,16,512,-1,485.785156,477.9375,7.84765625,7.6015625,7611.34961,7618.951,0,0,0,0,0,0,0,0,0,0,4.184345,7,505,600,1200,3000,50,1.0200001,1.30500007,0,12,17,42,2670,10451.9824,0,0,0,0,2,1,0,0,17.218,16.591,0.975,11415.4531,420.8789,3.194171,0,0,0,0.007357093,0,0,0,0,0,0.412061423,0,0,0,52.84375,50,16376,4659,11716,71.54408,50.869,449536,0
05/29/2026 12:42:13,44,54,0,54,59,53,53,53,53,71,12.12,5.04,1.31000006,1.39200008,1.044,0.326,0.664000034,3.28400016,2.046,0,3.36800027,3.36800027,3.12000012,59,45.5,45,45.5,972,698,0,858,769,0,0,0,0,0,82.26,22.58,4.84,1.61,8.06,35.48,3.23,1.61,19.96,82.26,39.30983,4162,1140,5050,3549,50.5,3.46955943,0.5375,5050,1274,50.5,1.66304886,0.5375,3983,499,40.4,0.9132881,0.51875,4031,378,40.4,0.7145117,0.55,4016,726,40.4,1.1607275,0.55,4040,2230,40.4,2.22884822,0.55,3910,278,40.4,0.5229504,0.55,3219,187,33.6666679,0.405197352,0.55,56.7500076,47.8750038,99.99815,26.4451523,11.4356117,69.81156,11.69722,3.18354416,78.60631,38.5,0.25,0,55,0,85,0.416,1.01,16,16,16,32,48,30,295,160,130,0,0,0,16,37.5,0.25,0,55,0,85,0.416,1.01,16,16,16,32,48,30,295,160,130,0,0,0,16,512,-1,485.785156,477.9375,7.84765625,7.6015625,7611.34961,7618.951,0,0,0,0,0,0,0,0,0,0,1.48447227,7,505,600,1200,3000,50,1.03500009,1.30500007,0,8,18,42,2670,10451.9824,0,0,0,0,14,2,0,6,18.225,19.194,0.975,11414.59,484.175781,2.52467346,0,0,0,2.02751279,0,0,0,0,0,5.443652,0,0,0,52.84375,52,16376,4660,11715,71.5382843,45.433,4.0020992E+09,2499584
05/29/2026 12:42:15,45,54,0,55,60,56,56,57,57,74,12.12,5.04,1.312,1.396,1.00200009,0.33,0.664000034,3.288,2.046,0,3.37200022,3.37200022,3.12000012,58,45.5,45,45.5,1010,698,0,847,756,0,0,0,0,0,18.75,3.12,1.56,0,0,15.62,0,0,4.88,18.75,35.76681,3708,402,4850,1325,48.5,1.35133648,0.6375,4843,410,48.5,0.7446399,0.6375,3061,173,32.3333321,0.3071754,0.6375,3055,130,32.3333321,0.2590382,0.6375,3082,220,32.3333321,0.4275889,0.6375,4850,801,48.5,1.12249148,0.6375,2968,82,32.3333321,0.2141,0.6375,2959,77,32.3333321,0.206824914,0.64375,57.5000076,46.8750038,99.99815,26.9151154,10.9656487,71.0522,11.6738434,3.20692062,78.44922,38.5,0.25,0,55,0,85,0.416,1.01,16,16,16,32,48,30,295,160,130,0,0,0,16,37.5,0.25,0,55,0,85,0.416,1.01,16,16,16,32,48,30,295,160,130,0,0,0,16,512,-1,485.785156,477.9375,7.84765625,7.6015625,7611.34961,7618.951,0,0,0,0,0,0,0,0,0,0,4.25313139,7,505,600,1200,3000,50,0.979000032,1.30500007,0,2,16,42,2670,10451.9824,0,0,0,0,6,3,0,0,18.249,20.592,0.975,11932.5781,506.988281,4.64537525,0,0,0,0.00559685,0,0,0,0,0,0,0,0,0,53.09375,52,16376,4143,12232,74.7002,53.546,4.839936E+07,249856
05/29/2026 12:42:17,46,54,0,55,60,55,55,55,55,71,12.12,5.04,1.312,1.396,0.986000061,0.320000023,0.664000034,3.292,2.046,0,3.37600017,3.37200022,3.124,56,45.5,45,45.5,1029,698,0,863,760,0,0,0,0,0,32.31,9.23,7.81,3.12,3.08,20,3.12,1.56,10.03,32.31,36.0781746,4601,423,4850,1464,48.5,1.47409034,0.64375,4740,392,48.5,0.7658443,0.64375,4521,166,48.5,0.330048919,0.64375,4461,118,48.5,0.276157439,0.64375,4597,248,48.5,0.469181776,0.64375,4850,839,48.5,1.174988,0.64375,4394,86,48.5,0.23995477,0.64375,4397,70,48.5,0.220110729,0.64375,55.7500076,46.3750038,99.99815,26.8032951,11.0774689,70.75701,11.5606728,3.32009125,77.6887054,38.5,0.25,0,55,0,85,0.416,1.01,16,16,16,32,48,30,295,160,130,0,0,0,16,37.5,0.25,0,55,0,85,0.416,1.01,16,16,16,32,48,30,295,160,130,0,0,0,16,512,-1,485.785156,477.9375,7.84765625,7.6015625,7611.34961,7618.951,0,0,0,0,0,0,0,0,0,0,4.339592,7,505,600,1200,3000,50,0.979000032,1.30500007,0,5,20,43,2670,10451.9824,0,0,0,0,6,3,0,0,17.989,17.738,0.975,11933.0664,506.7578,4.76802969,0,0,0,0.06688166,0,0,0,0,0,0.0580451973,0,0,0,53.34375,52,16376,4142,12233,74.70319,53.129,17099776,149504
05/29/2026 12:42:19,46,54,0,55,60,53,53,53,53,70,12.144001,5.04,1.312,1.396,0.988000035,0.322000027,0.664000034,3.292,2.046,0,3.37200022,3.37200022,3.124,54,45.5,45,45.5,1017,699,0,871,794,0,0,0,0,0,26.56,12.5,1.56,3.12,3.12,14.06,1.56,0,7.81,26.56,36.63964,3414,414,3600,1362,36,1.39999533,0.6375,3600,452,36,0.8001373,0.6375,3337,149,36,0.316128939,0.6375,3016,126,32.3333321,0.2684563,0.6375,3053,223,32.3333321,0.434074223,0.875,4850,837,48.5,1.1670748,0.875,2914,91,32.3333321,0.232302308,0.875,2946,72,32.3333321,0.213049307,0.875,55.0000076,46.3750038,99.99815,26.830368,11.050396,70.828476,11.5904312,3.29033279,77.88869,38.5,0.25,0,55,0,85,0.416,1.01,16,16,16,32,48,30,295,160,130,0,0,0,16,37.5,0.25,0,55,0,85,0.416,1.01,16,16,16,32,48,30,295,160,130,0,0,0,16,512,-1,485.785156,477.9375,7.84765625,7.6015625,7611.34961,7618.951,0,0,0,0,0,0,0,0,0,0,4.348508,7,505,600,1200,3000,50,1.04000008,1.30500007,0,9,17,43,2670,10451.9824,0,0,0,0,5,3,0,0,17.424,16.521,0.975,11933.0664,506.7578,4.971373,0,0,0,0.007269463,0,0,0,0,0,0,0,0,0,53.53125,52,16376,4142,12233,74.70319,52.704,349184,299008
05/29/2026 12:42:21,45,54,0,54,59,50,50,50,50,67,12.12,5.04,1.312,1.39200008,0.988000035,0.324,0.664000034,3.288,2.046,0,3.37200022,3.37200022,3.124,53,45.5,45,45.5,1003,700,0,864,790,0,0,0,0,0,18.46,6.15,0,3.08,3.08,10.77,1.54,1.54,5.58,18.46,35.48477,3713,403,4850,1319,48.5,1.371313,0.64375,4850,396,48.5,0.6975262,0.64375,3080,163,32.3333321,0.3049672,0.64375,3042,136,32.3333321,0.26101312,0.64375,3075,214,32.3333321,0.387196571,0.64375,4850,834,48.5,1.12813461,0.64375,3013,92,32.3333321,0.222858325,0.64375,2942,71,32.3333321,0.194780737,0.64375,53.3750076,46.3750038,99.99816,26.7853851,11.0953789,70.70973,11.5462494,3.33451462,77.59178,38.5,0.25,0,55,0,85,0.416,1.01,16,16,16,32,48,30,295,160,130,0,0,0,16,37.5,0.25,0,55,0,85,0.416,1.01,16,16,16,32,48,30,295,160,130,0,0,0,16,512,-1,485.785156,477.9375,7.84765625,7.6015625,7611.34961,7618.951,0,0,0,0,0,0,0,0,0,0,4.20275,7,505,600,1200,3000,49,0.974000037,1.30500007,0,2,16,43,2670,10451.9824,0,0,0,0,5,3,0,0,18.065,19.353,0.975,11933.0664,506.8828,4.4712534,0,0,0,0.005574772,0,0,0,0,0,0,0,0,0,53.53125,52,16376,4142,12233,74.70319,52.27,999424,8.379904E+07
05/29/2026 12:42:23,44,54,0,53,58,49,49,49,49,67,12.12,5.03,1.31000006,1.39200008,1.014,0.328,0.664000034,3.288,2.046,0,3.37200022,3.37200022,3.12000012,52,45.5,45,45.5,967,703,0,853,775,0,0,0,0,0,25,3.12,3.12,0,4.62,9.38,3.12,1.56,6.24,25,35.812973,3778,438,4040,1385,40.4,1.41149986,0.65,4040,402,40.4,0.7633229,0.65,3126,149,33.6666679,0.310691148,0.65,3303,159,33.6666679,0.2667441,0.65,3935,286,40.4,0.454688162,0.65,5050,820,50.5,1.13507116,0.5625,3367,143,33.6666679,0.246797517,0.5625,3367,157,33.6666679,0.258810878,0.5625,52.6250076,46.3750038,99.99815,26.8146782,11.0660858,70.787056,11.5494423,3.33132172,77.6132355,38.5,0.25,0,55,0,85,0.416,1.01,16,16,16,32,48,30,295,160,130,0,0,0,16,37.5,0.25,0,55,0,85,0.416,1.01,16,16,16,32,48,30,295,160,130,0,0,0,16,512,-1,485.785156,477.9375,7.84765625,7.6015625,7611.34961,7618.951,0,0,0,0,0,0,0,0,0,0,4.147112,7,505,600,1200,3000,49,1.079,1.30500007,0,8,16,43,2670,10451.9824,0,0,0,0,5,3,0,0,18.006,22.532,0.975,11933.0664,506.8828,4.51089144,0,0,0,0.006660875,0,0,0,0,0,0,0,0,0,53.6875,52,16376,4142,12233,74.70319,53.253,849920,159349760
05/29/2026 12:42:25,43,54,0,52,57,47,47,47,47,66,12.144001,5.04,1.312,1.396,0.9760001,0.320000023,0.664000034,3.288,2.046,0,3.37200022,3.37200022,3.124,52,45.5,45,45.5,958,674,0,839,743,0,0,0,0,0,21.88,7.81,0,0,0,20.31,1.56,0,6.45,21.88,35.9786377,3485,369,4850,1204,48.5,1.20374525,0.6625,3201,332,32.3333321,0.604884565,0.6625,3053,167,32.3333321,0.3131506,0.6625,3072,134,32.3333321,0.276031524,0.6625,3021,189,32.3333321,0.361543238,0.6625,4850,767,48.5,1.08133125,0.6625,2874,72,32.3333321,0.2186624,0.6625,2956,85,32.3333321,0.2187089,0.6625,52.2500076,45.8750038,99.99815,26.7889824,11.0917816,70.71922,11.5527573,3.32800674,77.63551,38.5,0.25,0,55,0,85,0.416,1.01,16,16,16,32,48,30,295,160,130,0,0,0,16,37.5,0.25,0,55,0,85,0.416,1.01,16,16,16,32,48,30,295,160,130,0,0,0,16,512,-1,485.785156,477.9375,7.84765625,7.6015625,7611.34961,7618.951,0,0,0,0,0,0,0,0,0,0,4.33702755,7,505,600,1200,3000,49,0.969000041,1.30500007,0,4,16,43,2670,10451.9824,0,0,0,0,5,3,0,0,17.657,22.495,0.975,11933.0664,506.8828,4.428544,0,0,0,0.00400260231,0,0,0,0,0,0,0,0,0,53.90625,52,16376,4142,12233,74.70319,52.088,1049600,8.649933E+07
05/29/2026 12:42:27,42,54,0,51,56,47,47,47,47,66,12.144001,5.04,1.312,1.396,0.982000053,0.324,0.664000034,3.288,2.046,0,3.37200022,3.37200022,3.124,52,45.5,45,45.5,935,673,0,833,753,0,0,0,0,0,23.44,4.69,4.69,0,4.69,14.06,0,0,6.45,23.44,35.8924255,4002,369,4040,1147,40.4,1.19227552,0.56875,3942,357,40.4,0.6224952,0.56875,3832,158,40.4,0.315835357,0.56875,3782,111,40.4,0.25440225,0.56875,3823,207,40.4,0.401926726,0.56875,5050,794,50.5,1.08780313,0.56875,3788,91,40.4,0.223791987,0.56875,3760,88,40.4,0.215742216,0.55625,52.0000076,45.8750038,99.99815,26.7885666,11.0921974,70.7181244,11.5493965,3.33136749,77.61293,38.5,0.25,0,55,0,85,0.416,1.01,16,16,16,32,48,30,295,160,130,0,0,0,16,37.5,0.25,0,55,0,85,0.416,1.01,16,16,16,32,48,30,295,160,130,0,0,0,16,512,-1,485.785156,477.9375,7.84765625,7.6015625,7611.34961,7618.951,0,0,0,0,0,0,0,0,0,0,4.36603355,7,505,600,1200,3000,49,0.979000032,1.30500007,0,2,16,43,2670,10451.9824,0,0,0,0,5,3,0,0,17.629,19.109,0.975,11933.0664,506.8828,4.491427,0,0,0,0.0073531433,0,0,0,0,0,0,0,0,0,53.9375,54,16376,4142,12233,74.70319,51.218,2049024,8.769946E+07
05/29/2026 12:42:29,41,54,0,50,55,45,45,45,45,65,12.12,5.03,1.31000006,1.396,0.986000061,0.322000027,0.664000034,3.28400016,2.046,0,3.37200022,3.37200022,3.12000012,51,45.5,45,45.5,905,673,0,821,738,0,0,0,0,0,17.46,3.12,4.69,0,1.56,14.06,0,1.56,5.31,17.46,35.5982628,3867,358,4850,1134,48.5,1.18282485,0.65625,4759,352,48.5,0.5921877,0.65625,3006,140,32.3333321,0.3075538,0.65625,2950,96,32.3333321,0.239239216,0.65625,4564,206,48.5,0.402542621,0.65625,4850,764,48.5,1.06177092,0.65625,3016,90,32.3333321,0.253516316,0.65625,2940,79,32.3333321,0.2104829,0.65625,51.6250076,45.8750038,99.99816,26.78938,11.0913849,70.7202759,11.5381546,3.34260941,77.537384,38.5,0.25,0,55,0,85,0.416,1.01,16,16,16,32,48,30,295,160,130,0,0,0,16,37.5,0.25,0,55,0,85,0.416,1.01,16,16,16,32,48,30,295,160,130,0,0,0,16,512,-1,485.785156,477.9375,7.84765625,7.6015625,7611.34961,7618.951,0,0,0,0,0,0,0,0,0,0,4.26601,7,505,600,1200,3000,49,0.979000032,1.30500007,0,4,16,43,2670,10451.9824,0,0,0,0,5,3,0,0,18.827,23.585,0.975,11933.0664,506.8828,4.51235151,0,0,0,0.00442645838,0,0,0,0,0,0,0,0,0,54.09375,52,16376,4142,12233,74.70319,52.754,899072,8.509952E+07
05/29/2026 12:42:31,41,54,0,50,55,47,47,47,47,66,12.12,5.04,1.312,1.396,1.024,0.324,0.664000034,3.288,2.046,0,3.37200022,3.37200022,3.124,51,46,45,45.5,917,673,0,807,701,0,0,0,0,0,25.4,7.94,3.23,3.23,7.94,25.4,0,1.59,9.34,25.4,36.0508537,3531,379,4850,1154,48.5,1.19989145,0.64375,3223,393,32.3333321,0.6960329,0.64375,2991,121,32.3333321,0.279964775,0.64375,3117,140,32.3333321,0.2611704,0.64375,3085,213,32.3333321,0.403143048,0.64375,4850,791,48.5,1.05890214,0.64375,2896,69,32.3333321,0.198387086,0.64375,3233,151,32.3333321,0.242906719,0.65,51.8750076,46.3750038,99.99815,26.7855415,11.0952225,70.710144,11.5358429,3.344921,77.52184,38.5,0.25,0,55,0,85,0.416,1.01,16,16,16,32,48,30,295,160,130,0,0,0,16,37.5,0.25,0,55,0,85,0.416,1.01,16,16,16,32,48,30,295,160,130,0,0,0,16,512,-1,485.785156,477.9375,7.84765625,7.6015625,7611.34961,7618.951,0,0,0,0,0,0,0,0,0,0,4.212206,7,505,600,1200,3000,50,0.969000041,1.30500007,0,3,16,43,2670,10451.9824,0,0,0,0,5,3,0,0,18.503,21.747,0.975,11933.0664,506.8828,4.45503759,0,0,0,0.00539130345,0,0,0,0,0,0,0,0,0,54.25,52,16376,4142,12233,74.70319,53.293,899072,8.524902E+07
05/29/2026 12:42:33,41,54,0,50,55,45,45,45,45,65,12.12,5.03,1.31000006,1.396,0.982000053,0.322000027,0.664000034,3.288,2.046,0,3.37200022,3.37200022,3.124,51,46,45,45.5,908,698,0,803,717,0,0,0,0,0,21.88,3.12,3.12,0,0,6.25,1.56,0,4.49,21.88,35.9513359,3290,371,4850,1298,48.5,1.29127371,0.65,3233,362,32.3333321,0.6687543,0.65,3065,160,32.3333321,0.315742761,0.65,2973,93,32.3333321,0.244615763,0.65,3034,200,32.3333321,0.395388335,0.65,3233,672,32.3333321,1.014448,0.65,2985,102,32.3333321,0.244214684,0.65,2946,80,32.3333321,0.2186762,0.65,51.7500076,45.8750038,99.99815,26.7872849,11.0934792,70.7147446,11.5502663,3.33049774,77.6187744,38.25,0.25,0,55,0,85,0.416,1.01,16,16,16,32,48,30,295,160,130,0,0,0,16,37.5,0.25,0,55,0,85,0.416,1.01,16,16,16,32,48,30,295,160,130,0,0,0,16,512,-1,485.785156,477.9375,7.84765625,7.6015625,7611.34961,7618.951,0,0,0,0,0,0,0,0,0,0,4.35172367,7,505,600,1200,3000,49,0.969000041,1.30500007,0,2,16,44,2670,10451.9824,0,0,0,0,5,3,0,0,18.359,19.305,0.975,11933.0664,506.8828,4.483372,0,0,0,0.00438637566,0,0,0,0,0,0,0,0,0,54.34375,52,16376,4142,12233,74.70319,51.871,849920,8.684954E+07
05/29/2026 12:42:35,41,54,0,50,55,45,45,45,45,65,12.12,5.03,1.312,1.396,0.984,0.320000023,0.664000034,3.288,2.046,0,3.37200022,3.37200022,3.124,52,45.5,45,45.5,910,701,0,809,715,0,0,0,0,0,26.56,13.85,7.69,4.62,12.31,14.06,3.08,3.08,10.66,26.56,36.63123,4003,458,4040,1465,40.4,1.48245,0.55625,4007,429,40.4,0.777955353,0.55625,3812,199,40.4,0.36524272,0.5625,3747,132,40.4,0.2704572,0.5625,3844,288,40.4,0.4979995,0.5625,5050,956,50.5,1.282925,0.5625,3733,101,40.4,0.243980989,0.5625,3792,97,40.4,0.219893932,0.5625,51.7500076,45.8750038,99.99816,26.82426,11.0565033,70.812355,11.5631371,3.317627,77.70526,38.25,0.25,0,55,0,85,0.416,1.01,16,16,16,32,48,30,295,160,130,0,0,0,16,37.5,0.25,0,55,0,85,0.416,1.01,16,16,16,32,48,30,295,160,130,0,0,0,16,512,-1,485.785156,477.9375,7.84765625,7.6015625,7611.34961,7618.951,0,0,0,0,0,0,0,0,0,0,4.420055,7,505,600,1200,3000,49,0.965000033,1.30500007,0,0,17,44,2670,10451.9824,0,0,0,0,6,3,0,0,19.224,24.676,0.975,11933.0664,507.0078,4.74040842,0,0,0,0.0125112087,0,0,0,0,0,0.008265278,0,0,0,54.4375,54,16376,4142,12233,74.70319,51.927,3.529933E+07,8.064922E+07
05/29/2026 12:42:37,42,54,0,50,55,47,47,47,47,66,12.12,5.04,1.31000006,1.396,0.988000035,0.338000029,0.664000034,3.288,2.046,0,3.37200022,3.37200022,3.12000012,51,45.5,45,45.5,940,699,0,800,713,0,0,0,0,0,24.62,9.23,0,1.56,6.25,20.31,0,0,7.75,24.62,35.53426,4058,381,4850,1192,48.5,1.19110882,0.6625,4824,350,48.5,0.6261963,0.6625,4474,143,48.5,0.302977681,0.6625,3023,129,32.3333321,0.263162881,0.6625,4550,222,48.5,0.411945343,0.6625,4850,853,48.5,1.10127532,0.6625,2922,74,32.3333321,0.213447422,0.6625,2974,88,32.3333321,0.212795466,0.6625,51.7500076,46.3750038,99.9981461,26.8209381,11.0598259,70.80358,11.5657043,3.31505966,77.72252,38.25,0.25,0,55,0,85,0.416,1.01,16,16,16,32,48,30,295,160,130,0,0,0,16,37.5,0.25,0,55,0,85,0.416,1.01,16,16,16,32,48,30,295,160,130,0,0,0,16,512,-1,485.785156,477.9375,7.84765625,7.6015625,7611.34961,7618.951,0,0,0,0,0,0,0,0,0,0,4.239007,7,505,600,1200,3000,49,0.965000033,1.30500007,0,0,17,44,2670,10451.9824,0,0,0,0,5,3,0,0,18.987,20.78,0.975,11933.0664,507.1328,4.547588,0,0,0,0.008080479,0,0,0,0,0,0,0,0,0,54.59375,52,16376,4142,12233,74.70319,54.331,849920,8.539955E+07
05/29/2026 12:42:39,41,54,0,50,55,45,45,45,45,65,12.12,5.04,1.312,1.396,1.008,0.326,0.664000034,3.288,2.046,0,3.37200022,3.37200022,3.124,51,45.5,45,45.5,923,698,0,791,698,0,0,0,0,0,23.44,4.69,1.56,1.56,7.81,17.19,3.12,1.56,7.62,23.44,36.1331,3993,417,4040,1391,40.4,1.35038435,0.525,5016,405,50.5,0.674056649,0.53125,3762,168,40.4,0.352523953,0.53125,3753,124,40.4,0.270661354,0.53125,3934,281,40.4,0.484410316,0.53125,4040,793,40.4,1.09871411,0.53125,3664,81,40.4,0.228473708,0.53125,3738,95,40.4,0.227919757,0.53125,51.6250076,45.8750038,99.99816,26.7899742,11.09079,70.72184,11.5379028,3.34286118,77.53569,38.25,0.25,0,55,0,85,0.416,1.01,16,16,16,32,48,30,295,160,130,0,0,0,16,37.5,0.25,0,55,0,85,0.416,1.01,16,16,16,32,48,30,295,160,130,0,0,0,16,512,-1,485.785156,477.9375,7.84765625,7.6015625,7611.34961,7618.951,0,0,0,0,0,0,0,0,0,0,4.121976,7,505,600,1200,3000,49,0.984,1.30500007,0,5,17,44,2670,10451.9824,0,0,0,0,5,3,0,0,18.891,17.02,0.975,11933.0664,507.1328,4.53101826,0,0,0,0.00474823127,0,0,0,0,0,0,0,0,0,54.78125,54,16376,4142,12233,74.70319,53.355,849920,1.592494E+08
05/29/2026 12:42:41,41,54,0,50,55,45,45,45,45,65,12.12,5.03,1.31000006,1.396,0.98,0.320000023,0.664000034,3.288,2.046,0,3.37200022,3.37200022,3.12000012,51,45.5,45,45.5,909,673,0,805,713,0,0,0,0,0,23.44,9.38,4.76,3.12,4.69,9.38,3.17,1.59,7.44,23.44,35.2260246,3479,339,4850,1108,48.5,1.12930179,0.65,3206,319,32.3333321,0.6032173,0.65,3030,151,32.3333321,0.2770477,0.65,2979,96,32.3333321,0.213653743,0.65,3050,186,32.3333321,0.351682574,0.65,4850,705,48.5,1.00028229,0.65,2958,82,32.3333321,0.200177938,0.65,2911,67,32.3333321,0.1793604,0.65,51.3750076,45.8750038,99.99815,26.82103,11.0597343,70.8038254,11.558773,3.321991,77.6759338,38.25,0.25,0,55,0,85,0.416,1.01,16,16,16,32,48,30,295,160,130,0,0,0,16,37.5,0.25,0,55,0,85,0.416,1.01,16,16,16,32,48,30,295,160,130,0,0,0,16,512,-1,485.785156,477.9375,7.84765625,7.6015625,7611.34961,7618.951,0,0,0,0,0,0,0,0,0,0,4.2246933,7,505,600,1200,3000,49,0.960000038,1.30500007,0,2,17,44,2670,10451.9824,0,0,0,0,5,3,0,0,18.694,22.689,0.975,11933.0664,507.1328,4.50855637,0,0,0,0.005095745,0,0,0,0,0,0,0,0,0,54.875,52,16376,4142,12233,74.70319,52.071,1949696,8.649933E+07
05/29/2026 12:42:43,41,54,0,50,55,45,45,45,45,65,12.12,5.03,1.31000006,1.396,0.982000053,0.324,0.664000034,3.288,2.046,0,3.37200022,3.37200022,3.12000012,51,45.5,45,45.5,906,673,0,801,695,0,0,0,0,0,15.62,3.12,1.59,1.59,3.12,12.5,1.56,3.12,5.28,15.62,35.48248,3673,360,4850,1162,48.5,1.160493,0.65,4750,310,48.5,0.5391526,0.65,4495,150,48.5,0.275468647,0.65,3059,123,32.3333321,0.250694931,0.64375,3051,193,32.3333321,0.36538586,0.64375,3233,765,32.3333321,1.03569448,0.64375,2969,90,32.3333321,0.214929268,0.64375,2980,89,32.3333321,0.2044557,0.64375,51.3750076,45.8750038,99.99815,26.7896614,11.0911026,70.7210159,11.5357246,3.34503937,77.52105,38.25,0.25,0,55,0,85,0.416,1.01,16,16,16,32,48,30,295,160,130,0,0,0,16,37.25,0.25,0,55,0,85,0.416,1.01,16,16,16,32,48,30,295,160,130,0,0,0,16,512,-1,485.785156,477.9375,7.84765625,7.6015625,7611.34961,7618.951,0,0,0,0,0,0,0,0,0,0,4.2487874,7,505,600,1200,3000,49,0.940000057,1.30500007,0,2,16,44,2670,10451.9824,0,0,0,0,5,3,0,0,19.466,20.23,0.975,11933.0664,507.1328,4.45646667,0,0,0,0.008032928,0,0,0,0,0,0,0,0,0,55.09375,54,16376,4142,12233,74.70319,52.885,1049600,8.414925E+07
05/29/2026 12:42:45,41,54,0,50,55,45,45,45,45,65,12.144001,5.04,1.312,1.396,0.986000061,0.324,0.664000034,3.288,2.046,0,3.37200022,3.37200022,3.12000012,51,45.5,45,45.5,904,673,0,806,694,0,0,0,0,0,15.38,10.77,0,0,1.54,18.46,0,1.54,5.96,18.46,35.33865,3658,351,4850,1051,48.5,1.0994705,0.6625,4806,346,48.5,0.565270066,0.63125,3107,144,33.6666679,0.293816775,0.58125,3116,112,33.6666679,0.242487535,0.58125,3181,199,33.6666679,0.360176563,0.58125,4040,793,40.4,1.060464,0.58125,3066,80,33.6666679,0.203618586,0.58125,3096,80,33.6666679,0.203167662,0.58125,51.2500076,45.8750038,99.99815,26.7871361,11.0936279,70.71435,11.5465546,3.33420944,77.59383,38.25,0.25,0,55,0,85,0.416,1.01,16,16,16,32,48,30,295,160,130,0,0,0,16,37.25,0.25,0,55,0,85,0.416,1.01,16,16,16,32,48,30,295,160,130,0,0,0,16,512,-1,485.785156,477.9375,7.84765625,7.6015625,7611.34961,7618.951,0,0,0,0,0,0,0,0,0,0,4.21121645,7,505,600,1200,3000,49,0.969000041,1.30500007,0,10,17,44,2670,10451.9824,0,0,0,0,5,3,0,0,19.448,24.106,0.975,11933.0664,507.1328,4.57941961,0,0,0,0.0071596764,0,0,0,0,0,0,0,0,0,55.1875,54,16376,4142,12233,74.70319,54.183,849920,159599616
05/29/2026 12:42:47,41,54,0,50,55,45,45,45,45,65,12.12,5.04,1.31000006,1.396,1.01200008,0.334000021,0.664000034,3.288,2.046,0,3.37200022,3.37200022,3.124,51,45.5,45,45.5,899,673,0,792,711,0,0,0,0,0,21.88,6.25,3.12,4.69,4.69,20.31,1.56,1.56,8.01,21.88,35.9018364,3536,411,4850,1210,48.5,1.27025807,0.64375,3179,348,32.3333321,0.635964453,0.64375,3017,161,32.3333321,0.3402908,0.64375,3118,161,32.3333321,0.3091176,0.64375,3164,274,32.3333321,0.4562273,0.64375,4850,892,48.5,1.12507915,0.64375,2925,82,32.3333321,0.236274362,0.64375,3185,160,32.3333321,0.2747578,0.64375,51.2500076,45.8750038,99.9981461,26.78255,11.0982132,70.70225,11.5116425,3.36912155,77.3592148,38.25,0.25,0,55,0,85,0.416,1.01,16,16,16,32,48,30,295,160,130,0,0,0,16,37.25,0.25,0,55,0,85,0.416,1.01,16,16,16,32,48,30,295,160,130,0,0,0,16,512,-1,485.785156,477.9375,7.84765625,7.6015625,7611.34961,7618.951,0,0,0,0,0,0,0,0,0,0,4.313433,7,505,600,1200,3000,49,0.965000033,1.30500007,0,6,17,44,2670,10451.9824,0,0,0,0,5,3,0,0,18.881,16.824,0.975,11933.0664,507.1328,4.48284149,0,0,0,0.005964611,0,0,0,0,0,0,0,0,0,55.21875,54,16376,4142,12233,74.70319,52.493,849920,8.604979E+07
05/29/2026 12:42:49,41,54,0,50,55,45,45,45,45,65,12.12,5.03,1.31000006,1.396,0.978000045,0.336000025,0.664000034,3.288,2.046,0,3.37200022,3.37200022,3.12000012,51,45.5,45,45.5,905,698,0,792,695,0,0,0,0,0,14.29,6.35,3.17,3.17,3.17,22.22,3.17,1.59,7.14,22.22,35.94763,3789,391,4040,906,40.4,1.09556377,0.55625,4040,351,40.4,0.6053606,0.55625,3227,177,33.6666679,0.306599557,0.55625,3224,136,33.6666679,0.268913865,0.55625,3273,248,33.6666679,0.411847383,0.55625,5050,1148,50.5,1.2223357,0.5625,3749,83,40.4,0.210926145,0.55,3707,78,40.4,0.205121681,0.55,51.3750076,45.8750038,99.99815,26.8079758,11.0727882,70.76936,11.5407715,3.33999252,77.55496,38.25,0.25,0,55,0,85,0.416,1.01,16,16,16,32,48,30,295,160,130,0,0,0,16,37.25,0.25,0,55,0,85,0.416,1.01,16,16,16,32,48,30,295,160,130,0,0,0,16,512,-1,485.785156,477.9375,7.84765625,7.6015625,7611.34961,7618.951,0,0,0,0,0,0,0,0,0,0,4.254079,7,505,600,1200,3000,49,0.974000037,1.30500007,0,2,16,45,2670,10451.9824,0,0,0,0,6,3,0,1,19.061,23.209,0.975,11933.0664,508.609375,4.740071,0,0,0,0.0059019546,0,0,0,0,0,0.0567549579,0,0,0,55.34375,54,16376,4142,12233,74.70319,52.229,799744,1.628498E+08
05/29/2026 12:42:51,41,54,0,50,55,45,45,45,45,65,12.12,5.03,1.312,1.39200008,0.986000061,0.326,0.664000034,3.288,2.046,0,3.37200022,3.37200022,3.12000012,51,45.5,45,45.5,893,698,0,790,694,0,0,0,0,0,23.44,6.25,1.56,0,0,14.06,1.56,0,5.86,23.44,35.768074,3428,398,3600,1140,36,1.29917121,0.63125,3549,391,36,0.682007253,0.63125,3331,157,36,0.333001763,0.63125,3337,127,36,0.276092947,0.63125,3366,219,36,0.4266123,0.63125,3600,968,36,1.195281,0.63125,3297,98,36,0.2454277,0.63125,3341,87,36,0.2356788,0.63125,51.3750076,45.8750038,99.99815,26.7817612,11.0990028,70.7001648,11.5298882,3.35087585,77.48183,38.25,0.25,0,55,0,85,0.416,1.01,16,16,16,32,48,30,295,160,130,0,0,0,16,37.25,0.25,0,55,0,85,0.416,1.01,16,16,16,32,48,30,295,160,130,0,0,0,16,512,-1,485.785156,477.9375,7.84765625,7.6015625,7611.34961,7618.951,0,0,0,0,0,0,0,0,0,0,4.34557343,7,505,600,1200,3000,49,1.03000009,1.30500007,0,12,17,45,2670,10451.9824,0,0,0,0,5,3,0,0,19.543,23.502,0.975,11933.0664,509.773438,4.548349,0,0,0,0.004685017,0,0,0,0,0,0.038688533,0,0,0,55.40625,54,16376,4142,12233,74.70319,53.732,99328,161799168
05/29/2026 12:42:53,41,54,0,50,55,45,45,45,45,65,12.144001,5.03,1.312,1.39200008,1.00200009,0.322000027,0.664000034,3.288,2.046,0,3.37200022,3.37200022,3.124,51,45.5,45,45.5,899,701,0,801,712,0,0,0,0,0,23.81,12.7,4.76,3.17,4.76,22.22,4.76,3.17,9.92,23.81,36.4104233,3538,492,4850,1311,48.5,1.42475021,0.6375,3233,519,32.3333321,0.8899644,0.6375,3105,241,32.3333321,0.412029952,0.6375,3092,170,32.3333321,0.336489081,0.6375,3092,271,32.3333321,0.489274055,0.6375,4850,1180,48.5,1.39764273,0.6375,3035,127,32.3333321,0.291072845,0.6375,3044,114,32.3333321,0.272542179,0.6375,51.5000076,46.3750038,99.99815,26.81448,11.0662842,70.78653,11.5435524,3.33721161,77.5736542,38.25,0.25,0,55,0,85,0.416,1.01,16,16,16,32,48,30,295,160,130,0,0,0,16,37.25,0.25,0,55,0,85,0.416,1.01,16,16,16,32,48,30,295,160,130,0,0,0,16,512,-1,485.785156,477.9375,7.84765625,7.6015625,7611.34961,7618.951,0,0,0,0,0,0,0,0,0,0,4.31220865,7,505,600,1200,3000,49,1.04000008,1.30500007,0,16,17,45,2670,10451.9824,0,0,0,0,5,3,0,0,19.089,17.679,0.975,11933.0313,489.0039,4.690725,0,0,0,0.004431349,0,0,0,0,0,0.625245154,0,0,0,55.625,54,16376,4142,12233,74.70319,53.6,849920,8.629965E+07
05/29/2026 12:42:55,41,54,0,50,55,45,45,45,45,65,12.12,5.03,1.31000006,1.39200008,0.984,0.328,0.666,3.288,2.046,0,3.37200022,3.37200022,3.12000012,51,45.5,45,45.5,897,700,0,807,695,0,0,0,0,0,21.54,6.15,3.08,0,1.54,15.38,0,0,5.96,21.54,35.70669,3659,399,4040,1195,40.4,1.314461,0.56875,4040,394,40.4,0.725969,0.56875,3771,166,40.4,0.3209122,0.56875,3070,111,33.6666679,0.25064382,0.56875,3159,218,33.6666679,0.408575565,0.55625,5050,942,50.5,1.1592983,0.55625,3085,83,33.6666679,0.225239024,0.55625,3058,84,33.6666679,0.216062725,0.55625,51.3750076,45.8750038,99.99815,26.7877388,11.0930252,70.71594,11.5377769,3.342987,77.53484,38.25,0.25,0,55,0,85,0.416,1.01,16,16,16,32,48,30,295,160,130,0,0,0,16,37.25,0.25,0,55,0,85,0.416,1.01,16,16,16,32,48,30,295,160,130,0,0,0,16,512,-1,485.785156,477.9375,7.84765625,7.6015625,7611.34961,7618.951,0,0,0,0,0,0,0,0,0,0,4.267621,7,505,600,1200,3000,49,0.965000033,1.30500007,0,5,16,45,2670,10451.9824,0,0,0,0,5,3,0,0,18.753,22.753,0.975,11933.0313,489.0039,4.55382824,0,0,0,0.005580574,0,0,0,0,0,0,0,0,0,55.8125,54,16376,4142,12233,74.70319,52.232,799744,160899072
05/29/2026 12:42:57,41,54,0,50,55,45,45,45,45,65,12.12,5.03,1.31000006,1.39200008,0.992000043,0.336000025,0.664000034,3.288,2.046,0,3.37200022,3.36800027,3.12000012,51,45.5,45,45.5,907,673,0,790,695,0,0,0,0,0,23.08,7.69,4.69,1.56,1.56,16.92,0,0,6.94,23.08,36.1810722,3972,376,4040,991,40.4,1.18170929,0.56875,3961,323,40.4,0.625153542,0.56875,3801,164,40.4,0.307381541,0.56875,3739,117,40.4,0.244994015,0.56875,3781,199,40.4,0.3704157,0.56875,5050,1061,50.5,1.25680292,0.56875,3732,85,40.4,0.209240913,0.58125,3673,72,40.4,0.191710278,0.58125,51.2500076,46.3750038,99.99815,26.8115349,11.0692291,70.77876,11.5479469,3.332817,77.60319,38.25,0.25,0,55,0,85,0.416,1.01,16,16,16,32,48,30,295,160,130,0,0,0,16,37.25,0.25,0,55,0,85,0.416,1.01,16,16,16,32,48,30,295,160,130,0,0,0,16,512,-1,485.785156,477.9375,7.84765625,7.6015625,7611.34961,7618.951,0,0,0,0,0,0,0,0,0,0,4.33060169,7,505,600,1200,3000,49,0.979000032,1.30500007,0,2,17,45,2670,10451.9824,0,0,0,0,5,3,0,0,19.366,23.038,0.975,11933.0313,489.0039,4.517804,0,0,0,0.00460963231,0,0,0,0,0,0,0,0,0,56.03125,54,16376,4142,12233,74.70319,52.777,28449792,8.239923E+07
05/29/2026 12:42:59,41,54,0,50,55,45,45,45,45,65,12.12,5.03,1.312,1.39200008,0.982000053,0.320000023,0.664000034,3.288,2.046,0,3.37200022,3.37200022,3.12000012,51,45.5,45,45.5,898,673,0,789,712,0,0,0,0,0,12.5,6.25,1.56,1.56,4.69,18.75,0,3.12,6.05,18.75,35.6169167,3505,411,4850,1145,48.5,1.28661907,0.65,3233,388,32.3333321,0.7476515,0.65,3010,152,32.3333321,0.294039339,0.65,3051,141,32.3333321,0.274043024,0.65,3086,225,32.3333321,0.4196781,0.65,4850,1065,48.5,1.2683363,0.65,3004,97,32.3333321,0.234402239,0.65,2954,74,32.3333321,0.212202,0.65,51.2500076,45.8750038,99.9981461,26.81176,11.0690041,70.77936,11.5500908,3.33067322,77.61759,38.25,0.25,0,55,0,85,0.416,1.01,16,16,16,32,48,30,295,160,130,0,0,0,16,37.25,0.25,0,55,0,85,0.416,1.01,16,16,16,32,48,30,295,160,130,0,0,0,16,512,-1,485.785156,477.9375,7.84765625,7.6015625,7611.34961,7618.951,0,0,0,0,0,0,0,0,0,0,4.26101971,7,505,600,1200,3000,49,1.03000009,1.30500007,0,3,17,45,2670,10451.9824,0,0,0,0,5,3,0,0,19.564,19.571,0.975,11933.0313,489.0039,4.47084761,0,0,0,0.006657672,0,0,0,0,0,0,0,0,0,56,54,16376,4142,12233,74.70319,54.273,899072,8.569958E+07
05/29/2026 12:43:01,41,54,0,50,55,45,45,45,45,65,12.12,5.03,1.31000006,1.39200008,0.996000051,0.334000021,0.664000034,3.288,2.046,0,3.37200022,3.37200022,3.12000012,51,45.5,45,45.5,898,673,0,808,695,0,0,0,0,0,15.87,7.94,3.12,3.12,7.94,23.81,3.12,1.56,8.31,23.81,36.3675575,3316,462,4850,1216,48.5,1.38672,0.64375,3233,475,32.3333321,0.834803462,0.64375,3043,189,32.3333321,0.3916931,0.64375,3094,181,32.3333321,0.342404157,0.64375,3096,265,32.3333321,0.48716262,0.64375,3233,1161,32.3333321,1.37996745,0.64375,3034,106,32.3333321,0.256246358,0.64375,2946,105,32.3333321,0.238655433,0.64375,51.2500076,45.8750038,99.99815,26.7899017,11.0908623,70.72165,11.54118,3.33958435,77.55771,38.25,0.25,0,55,0,85,0.416,1.01,16,16,16,32,48,30,295,160,130,0,0,0,16,37.25,0.25,0,55,0,85,0.416,1.01,16,16,16,32,48,30,295,160,130,0,0,0,16,512,-1,485.785156,477.9375,7.84765625,7.6015625,7611.34961,7618.951,0,0,0,0,0,0,0,0,0,0,4.196657,7,505,600,1200,3000,49,1.04000008,1.30500007,0,8,17,45,2670,10451.9824,0,0,0,0,5,3,0,0,18.895,16.845,0.975,11933.0313,489.234375,4.427725,0,0,0,0.00413218467,0,0,0,0,0,0,0,0,0,56.21875,54,16376,4142,12233,74.70319,53.044,1049600,8.579994E+07
05/29/2026 12:43:03,41,54,0,50,55,45,45,45,45,65,12.12,5.03,1.31000006,1.39200008,1.006,0.328,0.664000034,3.288,2.046,0,3.37200022,3.37200022,3.12000012,51,46,45,45.5,902,676,0,802,712,0,0,0,0,0,26.56,7.81,0,1.56,4.69,20.31,0,1.56,7.81,26.56,35.6460266,3482,391,4850,1098,48.5,1.23392248,0.64375,3220,345,32.3333321,0.66408664,0.64375,3006,136,32.3333321,0.28799808,0.64375,3004,100,32.3333321,0.228559509,0.64375,3060,212,32.3333321,0.393764049,0.64375,4850,1074,48.5,1.26277483,0.64375,2921,80,32.3333321,0.203820765,0.64375,2942,80,32.3333321,0.193584025,0.64375,51.1250076,46.3750038,99.9981461,26.783123,11.097641,70.70375,11.53912,3.34164429,77.54387,38.25,0.25,0,55,0,85,0.416,1.01,16,16,16,32,48,30,295,160,130,0,0,0,16,37.25,0.25,0,55,0,85,0.416,1.01,16,16,16,32,48,30,295,160,130,0,0,0,16,512,-1,485.785156,477.9375,7.84765625,7.6015625,7611.34961,7618.951,0,0,0,0,0,0,0,0,0,0,4.24500656,7,505,600,1200,3000,50,0.955000043,1.30500007,0,5,17,46,2670,10451.9824,0,0,0,0,5,3,0,0,19.23,17.565,0.975,11933.0313,489.234375,4.54298973,0,0,0,0.007694749,0,0,0,0,0,0,0,0,0,56.28125,54,16376,4142,12233,74.70319,52.474,899072,8.564941E+07
05/29/2026 12:43:05,41,54,0,50,55,45,45,45,45,65,12.12,5.04,1.31000006,1.39200008,0.984,0.332000017,0.666,3.288,2.046,0,3.37200022,3.37200022,3.12000012,51,45.5,45,45,900,676,0,807,711,0,0,0,0,0,20,6.15,0,1.54,4.62,12.31,0,0,5.58,20,36.1246643,4656,438,4850,1316,48.5,1.325405,0.56875,4782,364,48.5,0.693028033,0.56875,4536,157,48.5,0.316695631,0.56875,4606,138,48.5,0.2886523,0.56875,4660,246,48.5,0.443860143,0.56875,4850,1107,48.5,1.27817881,0.56875,4511,94,48.5,0.232282236,0.56875,4457,78,48.5,0.214367777,0.56875,51.2500076,45.8750038,99.9981461,26.782505,11.098259,70.7021255,11.5382652,3.34249878,77.5381241,38.25,0.25,0,55,0,85,0.416,1.01,16,16,16,32,48,30,295,160,130,0,0,0,16,37.25,0.25,0,55,0,85,0.416,1.01,16,16,16,32,48,30,295,160,130,0,0,0,16,512,-1,485.785156,477.9375,7.84765625,7.6015625,7611.34961,7618.951,0,0,0,0,0,0,0,0,0,0,4.314765,7,505,600,1200,3000,49,0.969000041,1.30500007,0,2,17,46,2670,10451.9824,0,0,0,0,5,3,0,0,19.636,23.459,0.975,11933.0313,489.351563,4.57656,0,0,0,0.00485860324,0,0,0,0,0,0.0159542076,0,0,0,56.46875,54,16376,4142,12233,74.70319,54.118,149504,163049472
05/29/2026 12:43:07,41,54,0,50,55,45,45,45,45,65,12.12,5.04,1.31000006,1.39200008,0.984,0.322000027,0.666,3.288,2.046,0,3.37200022,3.36800027,3.12000012,51,45.5,45,45.5,901,699,0,800,694,0,0,0,0,0,20.63,4.76,1.56,1.56,1.56,20.63,0,0,6.34,20.63,35.7468529,4257,397,4850,1134,48.5,1.28646088,0.65625,4793,377,48.5,0.7596964,0.65625,4514,144,48.5,0.304472566,0.65625,4599,133,48.5,0.268633336,0.65625,4571,223,48.5,0.4211758,0.65625,4850,1006,48.5,1.22326386,0.65625,2968,93,32.3333321,0.236070335,0.63125,2908,69,32.3333321,0.205007643,0.63125,51.1250076,45.8750038,99.99815,26.8153267,11.0654373,70.78877,11.5517273,3.32903671,77.6285858,38.25,0.25,0,55,0,85,0.416,1.01,16,16,16,32,48,30,295,160,130,0,0,0,16,37.25,0.25,0,55,0,85,0.416,1.01,16,16,16,32,48,30,295,160,130,0,0,0,16,512,-1,485.785156,477.9375,7.84765625,7.6015625,7611.34961,7618.951,0,0,0,0,0,0,0,0,0,0,4.25844049,7,505,600,1200,3000,49,0.825000048,1.30500007,0,0,16,46,2670,10451.9824,0,0,0,0,5,3,0,0,19.28,18.682,0.975,11933.0313,489.351563,4.527248,0,0,0,0.005688796,0,0,0,0,0,0,0,0,0,56.59375,56,16376,4142,12233,74.70319,54.203,1049600,8.769946E+07
05/29/2026 12:43:09,41,54,0,50,55,45,45,45,45,65,12.12,5.03,1.31000006,1.396,0.984,0.332000017,0.666,3.288,2.046,0,3.37200022,3.37200022,3.12000012,51,45.5,45,45,893,698,0,790,711,0,0,0,0,0,23.44,9.38,4.69,1.56,4.69,17.19,4.69,3.12,8.59,23.44,35.973,3666,401,4850,1273,48.5,1.3931402,0.63125,4762,357,48.5,0.70778203,0.63125,2989,153,32.3333321,0.3097707,0.63125,2968,120,32.3333321,0.265108764,0.63125,3068,228,32.3333321,0.432614267,0.63125,4850,931,48.5,1.14568174,0.63125,2935,73,32.3333321,0.223297179,0.63125,2904,70,32.3333321,0.214707032,0.63125,51.1250076,45.8750038,99.99815,26.7858238,11.09494,70.7108841,11.531723,3.349041,77.4941559,38.25,0.25,0,55,0,85,0.416,1.01,16,16,16,32,48,30,295,160,130,0,0,0,16,37.25,0.25,0,55,0,85,0.416,1.01,16,16,16,32,48,30,295,160,130,0,0,0,16,512,-1,485.785156,477.9375,7.84765625,7.6015625,7611.34961,7618.951,0,0,0,0,0,0,0,0,0,0,4.31058741,7,505,600,1200,3000,49,0.969000041,1.30500007,0,2,16,46,2670,10451.9824,0,0,0,0,5,3,0,0,18.959,16.72,0.975,11933.0313,489.585938,4.50991869,0,0,0,0.00328132254,0,0,0,0,0,0.008889032,0,0,0,56.71875,56,16376,4142,12233,74.70319,52.568,1049600,8.489984E+07
05/29/2026 12:43:11,41,54,0,50,55,45,45,45,45,65,12.12,5.03,1.31000006,1.39200008,0.992000043,0.332000017,0.666,3.28400016,2.046,0,3.36800027,3.36800027,3.12000012,51,45.5,45,45,896,698,0,806,694,0,0,0,0,0,26.56,3.12,9.38,1.59,3.12,12.5,3.17,6.35,8.22,26.56,35.86475,4335,432,4850,1139,48.5,1.300247,0.64375,4791,372,48.5,0.693754435,0.64375,4696,217,48.5,0.3789757,0.64375,4437,125,48.5,0.282099515,0.64375,4592,230,48.5,0.449057281,0.64375,4975,1070,49.75,1.24909449,0.525,3019,106,33.1666679,0.2530925,0.525,3317,193,33.1666679,0.306562543,0.525,51.1250076,46.3750038,99.99815,26.8162727,11.0644913,70.79127,11.5478554,3.33290863,77.60257,38,0.25,0,55,0,85,0.416,1.01,16,16,16,32,48,30,295,160,130,0,0,0,16,37.25,0.25,0,55,0,85,0.416,1.01,16,16,16,32,48,30,295,160,130,0,0,0,16,512,-1,485.785156,477.9375,7.84765625,7.6015625,7611.34961,7618.951,0,0,0,0,0,0,0,0,0,0,4.24303246,7,505,600,1200,3000,49,0.969000041,1.30500007,0,3,16,46,2670,10451.9824,0,0,0,0,5,3,0,0,19.32,23.365,0.975,11933.0313,489.585938,4.506755,0,0,0,0.004231844,0,0,0,0,0,0,0,0,0,56.75,54,16376,4142,12233,74.70319,52.744,849920,8.29993E+07
05/29/2026 12:43:13,41,54,0,50,55,47,47,47,47,66,12.12,5.03,1.31000006,1.39200008,0.992000043,0.326,0.666,3.288,2.046,0,3.36800027,3.36800027,3.12000012,52,45.5,45,45,894,698,0,802,695,0,0,0,0,0,29.69,7.81,3.12,0,3.12,20.31,0,1.56,8.2,29.69,37.3841438,3698,465,4850,1486,48.5,1.67010832,0.6625,4721,417,48.5,0.799932,0.6625,2992,181,32.3333321,0.395626754,0.6625,2913,109,32.3333321,0.3190475,0.6625,2991,220,32.3333321,0.469182163,0.6625,5050,1161,50.5,1.36779845,0.5625,2972,68,33.6666679,0.271238267,0.55625,3098,81,33.6666679,0.259507239,0.55625,52.0000076,46.8750038,99.99815,26.7810135,11.0997505,70.69819,11.5261688,3.35459518,77.45683,38,0.25,0,55,0,85,0.416,1.01,16,16,16,32,48,30,295,160,130,0,0,0,16,37.25,0.25,0,55,0,85,0.416,1.01,16,16,16,32,48,30,295,160,130,0,0,0,16,512,-1,485.785156,477.9375,7.84765625,7.6015625,7611.34961,7618.951,0,0,0,0,0,0,0,0,0,0,4.28861141,7,505,600,1200,3000,49,0.965000033,1.30500007,0,4,17,46,2670,10451.9824,0,0,0,0,4,2,0,0,19.152,22.611,0.975,11934.1641,492.65625,3.85640621,0,0,0,0.100203179,0,0,0,0,0,0.03600327,0,0,0,56.9375,56,16376,4141,12234,74.71006,54.455,799744,158499840
05/29/2026 12:43:15,42,54,0,51,55,47,47,47,47,66,12.12,5.03,1.31000006,1.39200008,0.998,0.334000021,0.666,3.288,2.046,0,3.37200022,3.37200022,3.12000012,52,45.5,45,45,923,673,0,813,715,0,0,0,0,0,31.75,7.81,0,1.56,3.12,23.81,1.56,0,8.7,31.75,36.55963,4622,472,4850,1546,48.5,1.65810347,0.63125,4828,427,48.5,0.774835348,0.63125,4499,152,48.5,0.361462742,0.63125,4455,132,48.5,0.330956429,0.63125,4582,232,48.5,0.475599945,0.63125,4850,1083,48.5,1.33082187,0.63125,4372,90,48.5,0.287226647,0.63125,4544,115,48.5,0.3009483,0.63125,52.7500076,46.3750038,99.99815,26.81511,11.0656548,70.78819,11.5556831,3.32508087,77.6551743,38,0.25,0,55,0,85,0.416,1.01,16,16,16,32,48,30,295,160,130,0,0,0,16,37.25,0.25,0,55,0,85,0.416,1.01,16,16,16,32,48,30,295,160,130,0,0,0,16,512,-1,485.785156,477.9375,7.84765625,7.6015625,7611.34961,7618.951,0,0,0,0,0,0,0,0,0,0,4.299961,7,505,600,1200,3000,49,0.974000037,1.30500007,0,2,16,46,2670,10451.9824,0,0,0,0,4,2,0,0,18.471,17.127,0.975,11934.168,496.03125,3.37803,0,0,0,0.09748579,0,0,0,0,0,0.0723665,0,0,0,56.96875,56,16376,4141,12234,74.71006,52.44,1049600,8.349901E+07
05/29/2026 12:43:17,43,54,0,51,56,49,49,49,49,67,12.12,5.03,1.31000006,1.39200008,0.992000043,0.33,0.666,3.288,2.046,0,3.37200022,3.36800027,3.12000012,53,45.5,45,45,948,673,0,799,720,0,0,0,0,0,34.38,9.38,6.15,3.08,4.69,15.62,3.08,1.54,9.74,34.38,36.97543,3486,491,4850,1660,48.5,1.75086236,0.6375,3189,412,32.3333321,0.774965465,0.6375,3048,160,32.3333321,0.3726687,0.6375,3048,140,32.3333321,0.331051677,0.6375,3041,211,32.3333321,0.446735829,0.6375,4850,1167,48.5,1.38634777,0.6375,2920,90,32.3333321,0.275739282,0.6375,2943,90,32.3333321,0.269598335,0.6375,53.0000076,46.3750038,99.99815,26.81121,11.0695534,70.77791,11.5576859,3.32307816,77.66863,38,0.25,0,55,0,85,0.416,1.01,16,16,16,32,48,30,295,160,130,0,0,0,16,37.25,0.25,0,55,0,85,0.416,1.01,16,16,16,32,48,30,295,160,130,0,0,0,16,512,-1,485.785156,477.9375,7.84765625,7.6015625,7611.34961,7618.951,0,0,0,0,0,0,0,0,0,0,4.301696,7,505,600,1200,3000,49,0.969000041,1.30500007,0,5,16,46,2670,10451.9824,0,0,0,0,4,2,0,0,18.508,16.911,0.975,11934.1719,498.042969,3.285121,0,0,0,0.0931418762,0,0,0,0,0,0.0394324027,0,0,0,57.09375,56,16376,4141,12234,74.71006,51.338,1049600,8.399974E+07
05/29/2026 12:43:19,44,54,0,52,57,51,51,51,51,69,12.12,5.04,1.312,1.39200008,1.054,0.33,0.666,3.288,2.046,0,3.37200022,3.37200022,3.12000012,56,45.5,45,45.5,950,673,0,820,730,0,0,0,0,0,68.75,15.62,7.81,10.94,7.81,50,6.25,17.19,23.05,68.75,43.1410522,3956,1166,5050,3261,50.5,2.90496635,0.55625,4040,853,40.4,1.27635038,0.55625,4040,437,40.4,0.668472946,0.55625,3367,420,33.6666679,0.6022162,0.55625,3363,573,33.6666679,0.8363732,0.55625,5050,2732,50.5,2.54770255,0.55,3367,316,33.6666679,0.492041379,0.55,3367,739,33.6666679,0.7570862,0.55,56.5000076,54.2500038,99.99816,26.212616,11.668148,69.19769,11.6252441,3.25551987,78.12263,38,0.25,0,55,0,85,0.416,1.01,16,16,16,32,48,30,295,160,130,0,0,0,16,37,0.25,0,55,0,85,0.416,1.01,16,16,16,32,48,30,295,160,130,0,0,0,16,512,-1,485.785156,477.9375,7.84765625,7.6015625,7611.34961,7618.951,0,0,0,0,0,0,0,0,0,0,1.5418855,7,505,600,1200,3000,50,1.06000006,1.30500007,0,15,20,46,2670,10451.9824,0,0,0,0,13,1,0,7,17.013,19.853,0.975,11248.3906,546.6992,0.03363423,0,0,0,1.46469128,0,0,0,0,0,4.414495,0,0,0,57.125,56,16376,4827,11548,70.522934,48.812,49152,1399808
05/29/2026 12:43:21,45,54,0,53,58,55,55,55,55,73,12.12,5.03,1.31000006,1.396,0.998,0.332000017,0.666,3.288,2.046,0,3.37200022,3.37200022,3.124,57,45.5,45,45,978,673,0,838,727,0,0,0,0,0,38.1,12.7,1.59,1.59,7.94,25.4,1.56,0,11.11,38.1,38.65344,3725,662,4850,2000,48.5,1.93289936,0.65,4850,711,48.5,1.07098794,0.65,3169,279,32.3333321,0.498662472,0.65,2982,151,32.3333321,0.366520524,0.65,3139,390,32.3333321,0.700527251,0.65,4850,1516,48.5,1.60380924,0.65,3017,140,32.3333321,0.339392453,0.65,2942,112,32.3333321,0.293575466,0.65,57.3750076,46.8750038,99.9981461,26.8711967,11.0095673,70.93626,11.6376114,3.24315262,78.20574,38,0.25,0,55,0,85,0.416,1.01,16,16,16,32,48,30,295,160,130,0,0,0,16,37.25,0.25,0,55,0,85,0.416,1.01,16,16,16,32,48,30,295,160,130,0,0,0,16,512,-1,485.785156,477.9375,7.84765625,7.6015625,7611.34961,7618.951,0,0,0,0,0,0,0,0,0,0,4.60556841,7,505,600,1200,3000,49,1.05500007,1.30500007,0,7,17,46,2670,10451.9824,0,0,0,0,5,3,0,0,18.794,19.72,0.975,11931.8125,519.5039,5.635993,0,0,0,0.592951059,0,0,0,0,0,0.6005378,0,0,0,57.3125,56,16376,4143,12232,74.6956253,55.324,5.169971E+07,249856
05/29/2026 12:43:23,46,54,0,54,58,54,54,54,54,71,12.12,5.04,1.31000006,1.396,1.00400007,0.324,0.666,3.288,2.046,0,3.36800027,3.37200022,3.12000012,55,45.5,45,45.5,1003,698,0,848,736,0,0,0,0,0,28.12,14.06,3.17,3.17,7.94,23.44,3.17,1.59,10.58,28.12,36.33282,3672,442,4850,1262,48.5,1.36565518,0.65,4850,431,48.5,0.820239,0.65,3054,199,32.3333321,0.367018,0.65,2951,111,32.3333321,0.266716,0.65,3023,260,32.3333321,0.478574783,0.65,4850,1108,48.5,1.32215929,0.65,2879,90,32.3333321,0.2364571,0.65,2915,79,32.3333321,0.225089848,0.65,55.5000076,45.8750038,99.99816,26.818203,11.062561,70.7963638,11.585434,3.29533,77.8551,38,0.25,0,55,0,85,0.416,1.01,16,16,16,32,48,30,295,160,130,0,0,0,16,37.25,0.25,0,55,0,85,0.416,1.01,16,16,16,32,48,30,295,160,130,0,0,0,16,512,-1,485.785156,477.9375,7.84765625,7.6015625,7611.34961,7618.951,0,0,0,0,0,0,0,0,0,0,4.37221527,7,505,600,1200,3000,49,0.979000032,1.30500007,0,3,20,46,2670,10451.9824,0,0,0,0,6,3,0,0,18.634,17.662,0.975,11932.1875,519.5039,5.127247,0,0,0,0.00753458776,0,0,0,0,0,0.0439618081,0,0,0,57.5,56,16376,4143,12232,74.6979141,54.272,4.084941E+07,249856
05/29/2026 12:43:25,45,54,0,54,59,51,51,51,51,69,12.12,5.04,1.312,1.39200008,0.988000035,0.320000023,0.666,3.288,2.046,0,3.37200022,3.37200022,3.12000012,54,45.5,45,45.5,1009,699,0,852,744,0,0,0,0,0,26.56,9.38,3.08,1.54,4.69,17.19,1.54,1.54,8.19,26.56,35.89579,3480,400,4850,1304,48.5,1.37503314,0.64375,3220,388,32.3333321,0.745576262,0.64375,3004,153,32.3333321,0.2988954,0.64375,2976,109,32.3333321,0.2565141,0.64375,3037,197,32.3333321,0.402521521,0.64375,4850,889,48.5,1.14474249,0.64375,2947,83,32.3333321,0.225961253,0.64375,2960,73,32.3333321,0.209540635,0.64375,54.2500076,45.8750038,99.99816,26.78806,11.0927048,70.71678,11.5566139,3.32415,77.66143,38,0.25,0,55,0,85,0.416,1.01,16,16,16,32,48,30,295,160,130,0,0,0,16,37,0.25,0,55,0,85,0.416,1.01,16,16,16,32,48,30,295,160,130,0,0,0,16,512,-1,485.785156,477.9375,7.84765625,7.6015625,7611.34961,7618.951,0,0,0,0,0,0,0,0,0,0,4.30532932,7,505,600,1200,3000,49,0.965000033,1.30500007,0,0,17,46,2670,10451.9824,0,0,0,0,5,3,0,0,18.184,19.17,0.975,11932.1875,519.5039,4.731509,0,0,0,0.00435501337,0,0,0,0,0,0,0,0,0,57.6875,58,16376,4143,12232,74.6979141,53.009,5.089997E+07,249856
05/29/2026 12:43:27,44,54,0,53,58,49,49,49,49,67,12.12,5.04,1.31000006,1.39200008,0.988000035,0.326,0.666,3.288,2.046,0,3.37200022,3.37200022,3.12000012,53,45.5,45,45,990,699,0,840,749,0,0,0,0,0,17.19,14.06,9.38,1.56,4.69,20.31,1.56,1.56,8.79,20.31,36.10024,3365,425,3600,1212,36,1.32644749,0.65,3600,436,36,0.824810743,0.65,3032,173,32.3333321,0.319007933,0.65,3000,131,32.3333321,0.2782225,0.8125,2995,218,32.3333321,0.421645284,0.8125,4850,1081,48.5,1.27317047,0.8125,2902,75,32.3333321,0.217954323,0.8125,2940,75,32.3333321,0.211442128,0.8125,53.6250076,45.8750038,99.99816,26.7844276,11.0963364,70.7072,11.5536766,3.3270874,77.64169,38,0.25,0,55,0,85,0.416,1.01,16,16,16,32,48,30,295,160,130,0,0,0,16,37,0.25,0,55,0,85,0.416,1.01,16,16,16,32,48,30,295,160,130,0,0,0,16,512,-1,485.785156,477.9375,7.84765625,7.6015625,7611.34961,7618.951,0,0,0,0,0,0,0,0,0,0,4.308866,7,505,600,1200,3000,49,0.955000043,1.30500007,0,1,16,46,2670,10451.9824,0,0,0,0,6,3,0,0,19.209,26.805,0.975,11932.1875,519.5039,5.214713,0,0,0,0.004038799,0,0,0,0,0,0,0,0,0,57.90625,56,16376,4143,12232,74.6979141,55.688,849920,162199552
05/29/2026 12:43:29,43,54,0,52,57,47,47,47,47,66,12.12,5.04,1.31000006,1.39200008,0.998,0.322000027,0.666,3.288,2.046,0,3.37200022,3.37200022,3.12000012,52,45.5,45,45,960,698,0,832,767,0,0,0,0,0,24.62,3.08,3.12,0,3.08,13.85,0,0,5.97,24.62,35.8255,3858,410,4850,1238,48.5,1.38141561,0.6375,4818,427,48.5,0.806656837,0.6375,2993,169,32.3333321,0.338078231,0.6375,2998,121,32.3333321,0.2802968,0.6375,4498,223,48.5,0.445917755,0.6375,4850,940,48.5,1.19673383,0.6375,2921,78,32.3333321,0.221762136,0.6375,2940,82,32.3333321,0.2191717,0.6375,52.5000076,46.3750038,99.99815,26.8177948,11.0629692,70.79529,11.5889015,3.29186249,77.8784,38,0.25,0,55,0,85,0.416,1.01,16,16,16,32,48,30,295,160,130,0,0,0,16,37,0.25,0,55,0,85,0.416,1.01,16,16,16,32,48,30,295,160,130,0,0,0,16,512,-1,485.785156,477.9375,7.84765625,7.6015625,7611.34961,7618.951,0,0,0,0,0,0,0,0,0,0,4.38234234,7,505,600,1200,3000,49,1.04000008,1.30500007,0,5,17,47,2670,10451.9824,0,0,0,0,6,3,0,0,18.725,18.273,0.975,11932.3438,519.6289,4.94196844,0,0,0,0.007657276,0,0,0,0,0,0,0,0,0,57.96875,56,16376,4143,12232,74.69887,55.218,4.414976E+07,249856
05/29/2026 12:43:31,42,54,0,51,56,47,47,47,47,66,12.12,5.03,1.31000006,1.396,0.984,0.322000027,0.666,3.288,2.046,0,3.37200022,3.37200022,3.12000012,52,45.5,45,45,941,677,0,813,756,0,0,0,0,0,14.06,6.25,3.12,1.56,6.25,14.06,1.56,1.56,6.05,14.06,35.9512367,3670,373,4850,1020,48.5,1.21286249,0.64375,4772,359,48.5,0.69489944,0.64375,3030,148,32.3333321,0.29225567,0.64375,2987,100,32.3333321,0.2307314,0.64375,3020,189,32.3333321,0.3883757,0.64375,4850,1016,48.5,1.19571924,0.64375,2939,82,32.3333321,0.206106246,0.64375,2915,72,32.3333321,0.192045256,0.64375,52.1250076,45.8750038,99.99815,26.78458,11.0961838,70.7076,11.5574074,3.32335663,77.66676,38,0.25,0,55,0,85,0.416,1.01,16,16,16,32,48,30,295,160,130,0,0,0,16,37,0.25,0,55,0,85,0.416,1.01,16,16,16,32,48,30,295,160,130,0,0,0,16,512,-1,485.785156,477.9375,7.84765625,7.6015625,7611.34961,7618.951,0,0,0,0,0,0,0,0,0,0,4.2949357,7,505,600,1200,3000,49,0.969000041,1.30500007,0,2,17,47,2670,10451.9824,0,0,0,0,6,3,0,0,18.335,17.853,0.975,11932.3438,519.6289,5.50554228,0,0,0,0.00330430642,0,0,0,0,0,0,0,0,0,58.0625,58,16376,4143,12232,74.69887,54.75,5.054976E+07,249856
05/29/2026 12:43:33,42,54,0,51,56,47,47,47,47,65,12.12,5.04,1.312,1.396,0.990000069,0.322000027,0.666,3.288,2.046,0,3.37200022,3.37200022,3.12000012,51,45.5,45,45,935,674,0,821,742,0,0,0,0,0,21.88,12.5,4.69,1.56,6.25,18.75,1.56,4.69,8.98,21.88,36.0722771,3456,423,4850,1218,48.5,1.34133053,0.63125,3233,453,32.3333321,0.7910565,0.63125,2980,172,32.3333321,0.327212036,0.63125,2917,104,32.3333321,0.259735644,0.63125,3013,222,32.3333321,0.4252447,0.63125,4850,1062,48.5,1.29588914,0.63125,2896,69,32.3333321,0.221151277,0.63125,2910,82,32.3333321,0.220673591,0.63125,51.7500076,45.8750038,99.99815,26.787632,11.093132,70.71566,11.5619164,3.31884766,77.69706,38,0.25,0,55,0,85,0.416,1.01,16,16,16,32,48,30,295,160,130,0,0,0,16,37,0.25,0,55,0,85,0.416,1.01,16,16,16,32,48,30,295,160,130,0,0,0,16,512,-1,485.785156,477.9375,7.84765625,7.6015625,7611.34961,7618.951,0,0,0,0,0,0,0,0,0,0,4.35695457,7,505,600,1200,3000,49,0.969000041,1.30500007,0,2,17,47,2670,10451.9824,0,0,0,0,6,3,0,0,18.822,20.168,0.975,11932.3477,520.3125,5.52029276,0,0,0,0.0059805857,0,0,0,0,0,0.046511177,0,0,0,58.03125,58,16376,4143,12232,74.69887,55.516,6.999962E+07,249856
05/29/2026 12:43:35,41,54,0,50,55,45,45,45,45,65,12.12,5.04,1.312,1.39200008,0.992000043,0.326,0.666,3.288,2.046,0,3.37200022,3.37200022,3.12000012,51,46,45,45,907,673,0,794,712,0,0,0,0,0,18.75,4.69,0,1.56,4.69,17.19,3.12,0,6.25,18.75,36.0539665,4250,427,4850,1271,48.5,1.37405348,0.85625,4802,409,48.5,0.751451135,0.85625,3042,171,32.3333321,0.338398516,0.85625,3012,130,32.3333321,0.2746258,0.85625,4620,234,48.5,0.454532146,0.85625,4850,1038,48.5,1.25968659,0.68125,4451,87,48.5,0.227705687,0.68125,4377,74,48.5,0.206025615,0.68125,51.6250076,45.8750038,99.99816,26.7890167,11.0917473,70.7193146,11.5598907,3.32087326,77.68345,38,0.25,0,55,0,85,0.416,1.01,16,16,16,32,48,30,295,160,130,0,0,0,16,37,0.25,0,55,0,85,0.416,1.01,16,16,16,32,48,30,295,160,130,0,0,0,16,512,-1,485.785156,477.9375,7.84765625,7.6015625,7611.34961,7618.951,0,0,0,0,0,0,0,0,0,0,4.271656,7,505,600,1200,3000,49,1.04000008,1.30500007,0,11,17,47,2670,10451.9824,0,0,0,0,6,3,0,0,18.887,19.444,0.975,11932.3516,520.84375,5.3950057,0,0,0,0.00270123174,0,0,0,0,0,0,0,0,0,58.21875,58,16376,4143,12232,74.69887,56.612,1049600,9.059942E+07
05/29/2026 12:43:37,41,54,0,50,55,45,45,45,45,65,12.144001,5.04,1.312,1.39200008,0.986000061,0.324,0.666,3.288,2.046,0,3.37200022,3.36800027,3.12000012,51,45.5,45,45,904,677,0,791,705,0,0,0,0,0,9.52,6.35,4.69,3.12,4.76,17.46,1.56,1.56,6.13,17.46,35.6150475,4609,370,4850,990,48.5,1.19433093,0.64375,4850,361,48.5,0.655696869,0.6375,4453,141,48.5,0.274745315,0.6375,4585,127,48.5,0.259838581,0.6375,4547,199,48.5,0.363175571,0.6375,4850,999,48.5,1.18479729,0.6375,4346,73,48.5,0.201134771,0.6375,4389,71,48.5,0.1873447,0.6375,51.2500076,45.8750038,99.99815,26.7858963,11.0948677,70.7110748,11.5583191,3.322445,77.67288,38,0.25,0,55,0,85,0.416,1.01,16,16,16,32,48,30,295,160,130,0,0,0,16,37,0.25,0,55,0,85,0.416,1.01,16,16,16,32,48,30,295,160,130,0,0,0,16,512,-1,485.785156,477.9375,7.84765625,7.6015625,7611.34961,7618.951,0,0,0,0,0,0,0,0,0,0,4.356417,7,505,600,1200,3000,49,0.974000037,1.30500007,0,4,17,47,2670,10451.9824,0,0,0,0,6,3,0,0,18.245,17.57,0.975,11932.3516,520.84375,5.515358,0,0,0,0.005048974,0,0,0,0,0,0,0,0,0,58.40625,56,16376,4143,12232,74.69887,54.835,6.989926E+07,249856
05/29/2026 12:43:39,41,54,0,50,55,45,45,45,45,65,12.12,5.04,1.312,1.396,0.982000053,0.332000017,0.666,3.288,2.046,0,3.37200022,3.37200022,3.12000012,51,46,45,45,904,674,0,809,713,0,0,0,0,0,20.31,4.69,3.12,1.56,3.12,15.62,1.56,1.56,6.45,20.31,36.0599,3509,428,4850,1333,48.5,1.39692116,0.63125,3229,422,32.3333321,0.7653039,0.63125,3047,178,32.3333321,0.351453274,0.63125,2994,131,32.3333321,0.292045563,0.63125,3080,264,32.3333321,0.487097025,0.63125,4850,909,48.5,1.19604445,0.63125,2991,91,32.3333321,0.245967969,0.63125,3029,92,32.3333321,0.228014663,0.63125,51.1250076,45.8750038,99.99816,26.7888222,11.0919418,70.7187958,11.5585175,3.32224655,77.67422,38,0.25,0,55,0,85,0.416,1.01,16,16,16,32,48,30,295,160,130,0,0,0,16,37,0.25,0,55,0,85,0.416,1.01,16,16,16,32,48,30,295,160,130,0,0,0,16,512,-1,485.785156,477.9375,7.84765625,7.6015625,7611.34961,7618.951,0,0,0,0,0,0,0,0,0,0,4.27216673,7,505,600,1200,3000,49,0.965000033,1.30500007,0,3,17,47,2670,10451.9824,0,0,0,0,6,3,0,0,18.454,17.862,0.975,11932.3516,520.84375,5.643571,0,0,0,0.00340042426,0,0,0,0,0,0,0,0,0,58.5,58,16376,4143,12232,74.69887,54.912,6.91497E+07,249856
05/29/2026 12:43:41,41,54,0,50,55,45,45,45,45,65,12.12,5.03,1.31000006,1.39200008,0.988000035,0.33,0.666,3.288,2.046,0,3.37200022,3.37200022,3.124,51,45.5,45,45,905,673,0,806,711,0,0,0,0,0,23.08,7.69,3.12,1.54,4.62,15.38,1.54,0,7.12,23.08,35.9188538,4267,422,4850,1390,48.5,1.425613,0.63125,4757,385,48.5,0.741702259,0.63125,4597,188,48.5,0.349202037,0.63125,4507,141,48.5,0.2839472,0.63125,4515,230,48.5,0.442850918,0.63125,4950,879,49.5,1.17294145,0.50625,2997,89,33,0.241599068,0.50625,2962,73,33,0.211002633,0.50625,51.0000076,45.8750038,99.99815,26.8197441,11.06102,70.80043,11.5904961,3.290268,77.88912,38,0.25,0,55,0,85,0.416,1.01,16,16,16,32,48,30,295,160,130,0,0,0,16,37,0.25,0,55,0,85,0.416,1.01,16,16,16,32,48,30,295,160,130,0,0,0,16,512,-1,485.785156,477.9375,7.84765625,7.6015625,7611.34961,7618.951,0,0,0,0,0,0,0,0,0,0,4.317595,7,505,600,1200,3000,49,0.965000033,1.30500007,0,2,16,47,2670,10451.9824,0,0,0,0,6,3,0,0,19.084,20.068,0.975,11932.3516,520.84375,5.520167,0,0,0,0.00699266465,0,0,0,0,0,0,0,0,0,58.6875,58,16376,4143,12232,74.69887,56.17,199680,249856
05/29/2026 12:43:43,41,55,0,50,55,45,45,45,45,65,12.12,5.04,1.312,1.396,0.986000061,0.322000027,0.666,3.292,2.046,0,3.37200022,3.37200022,3.124,51,46,45,45,894,699,0,791,694,0,0,0,0,0,31.25,6.25,0,0,6.25,12.5,1.56,1.56,7.42,31.25,36.96384,4613,421,4850,1461,48.5,1.45214665,0.64375,4850,423,48.5,0.796444058,0.64375,4500,164,48.5,0.320443869,0.64375,4468,112,48.5,0.256321758,0.64375,4559,221,48.5,0.442780524,0.64375,4850,829,48.5,1.14911258,0.64375,4403,80,48.5,0.221079409,0.64375,4421,81,48.5,0.212724492,0.64375,51.1250076,45.8750038,99.99815,26.7885361,11.0922279,70.71805,11.5632324,3.31753159,77.7059,38,0.25,0,55,0,85,0.416,1.01,16,16,16,32,48,30,295,160,130,0,0,0,16,37,0.25,0,55,0,85,0.416,1.01,16,16,16,32,48,30,295,160,130,0,0,0,16,512,-1,485.785156,477.9375,7.84765625,7.6015625,7611.34961,7618.951,0,0,0,0,0,0,0,0,0,0,4.392952,7,505,600,1200,3000,49,1.0250001,1.30500007,0,4,16,47,2670,10451.9824,0,0,0,0,5,3,0,0,18.232,18.397,0.975,11932.3516,520.84375,5.04266262,0,0,0,0.00629414525,0,0,0,0,0,0,0,0,0,58.71875,58,16376,4143,12232,74.69887,55.94,299008,249856
05/29/2026 12:43:45,41,54,0,50,55,45,45,45,45,65,12.144001,5.04,1.312,1.396,0.990000069,0.334000021,0.666,3.288,2.046,0,3.37600017,3.37200022,3.124,51,46,45,45,896,682,0,791,712,0,0,0,0,0,20.31,10.94,4.76,6.35,1.56,15.62,1.59,1.59,7.84,20.31,35.5659561,3872,402,4850,1310,48.5,1.33532774,0.64375,4743,375,48.5,0.7530791,0.64375,3091,184,32.3333321,0.333836824,0.64375,2960,112,32.3333321,0.259082139,0.64375,4565,212,48.5,0.403373957,0.64375,4850,852,48.5,1.178108,0.64375,2944,79,32.3333321,0.214855567,0.64375,2977,89,32.3333321,0.228234321,0.64375,51.1250076,45.8750038,99.99816,26.82037,11.0603943,70.80208,11.5815506,3.29921341,77.82901,38,0.25,0,55,0,85,0.416,1.01,16,16,16,32,48,30,295,160,130,0,0,0,16,37,0.25,0,55,0,85,0.416,1.01,16,16,16,32,48,30,295,160,130,0,0,0,16,512,-1,485.785156,477.9375,7.84765625,7.6015625,7611.34961,7618.951,0,0,0,0,0,0,0,0,0,0,4.380051,7,505,600,1200,3000,50,0.974000037,1.30500007,0,3,20,47,2670,10451.9824,0,0,0,0,5,3,0,0,17.846,16.792,0.975,11932.3516,520.84375,4.56109428,0,0,0,0.00695448136,0,0,0,0,0,0,0,0,0,58.78125,58,16376,4143,12232,74.69887,52.627,1049600,7.439974E+07
05/29/2026 12:43:47,41,54,0,50,55,45,45,45,45,65,12.144001,5.04,1.312,1.396,0.986000061,0.334000021,0.666,3.288,2.046,0,3.37600017,3.37200022,3.124,51,45.5,45,45,905,678,0,790,711,0,0,0,0,0,23.44,6.25,3.12,4.69,6.25,15.62,1.56,1.56,7.81,23.44,35.74268,4083,394,4850,1227,48.5,1.25865686,0.64375,4821,382,48.5,0.689254463,0.64375,4610,181,48.5,0.331219763,0.64375,3063,144,32.3333321,0.280664176,0.64375,4551,211,48.5,0.3903617,0.64375,4850,835,48.5,1.15176964,0.64375,2980,92,32.3333321,0.224526092,0.64375,2941,82,32.3333321,0.207605064,0.64375,51.0000076,46.3750038,99.99815,26.8160057,11.0647583,70.79056,11.5782242,3.30253983,77.8066559,38,0.25,0,55,0,85,0.416,1.01,16,16,16,32,48,30,295,160,130,0,0,0,16,37,0.25,0,55,0,85,0.416,1.01,16,16,16,32,48,30,295,160,130,0,0,0,16,512,-1,485.785156,477.9375,7.84765625,7.6015625,7611.34961,7618.951,0,0,0,0,0,0,0,0,0,0,4.3867,7,505,600,1200,3000,49,0.969000041,1.30500007,0,2,17,48,2670,10451.9824,0,0,0,0,5,3,0,0,18.119,19.658,0.975,11932.3516,520.84375,4.56538153,0,0,0,0.005471737,0,0,0,0,0,0,0,0,0,58.96875,58,16376,4143,12232,74.69887,52.775,5.319987E+07,249856
05/29/2026 12:43:49,41,54,0,50,55,45,45,45,45,65,12.12,5.04,1.312,1.39200008,0.988000035,0.33,0.666,3.288,2.046,0,3.37200022,3.37200022,3.124,51,46,45,45,906,702,0,807,694,0,0,0,0,0,26.56,4.69,1.56,4.69,4.69,7.81,0,0,6.25,26.56,36.17192,3473,389,4850,1288,48.5,1.3230356,0.6375,3223,366,32.3333321,0.697207,0.64375,2987,165,32.3333321,0.323452,0.64375,2959,129,32.3333321,0.2701749,0.64375,3060,223,32.3333321,0.418381572,0.64375,4850,765,48.5,1.08627033,0.64375,2968,99,32.3333321,0.2360407,0.64375,2887,79,32.3333321,0.213757887,0.64375,51.1250076,45.8750038,99.99815,26.8160744,11.06469,70.79074,11.5794868,3.30127716,77.81514,38,0.25,0,55,0,85,0.416,1.01,16,16,16,32,48,30,295,160,130,0,0,0,16,37,0.25,0,55,0,85,0.416,1.01,16,16,16,32,48,30,295,160,130,0,0,0,16,512,-1,485.785156,477.9375,7.84765625,7.6015625,7611.34961,7618.951,0,0,0,0,0,0,0,0,0,0,4.284105,7,505,600,1200,3000,49,0.969000041,1.30500007,0,2,17,48,2670,10451.9824,0,0,0,0,5,3,0,0,18.376,21.685,0.975,11932.3516,520.84375,4.3961916,0,0,0,0.008186447,0,0,0,0,0,0,0,0,0,59.03125,58,16376,4143,12232,74.69887,54.431,849920,8.554906E+07
05/29/2026 12:43:51,40,54,0,49,54,45,45,45,45,64,12.12,5.04,1.312,1.396,0.990000069,0.332000017,0.666,3.288,2.046,0,3.37200022,3.37200022,3.124,51,45.5,45,45,907,703,0,807,711,0,0,0,0,0,31.25,4.69,4.69,3.12,3.12,10.94,4.69,3.12,8.2,31.25,35.4933662,3480,381,4850,1383,48.5,1.38752711,0.6375,3209,340,32.3333321,0.6692315,0.6375,3090,182,32.3333321,0.321164668,0.6375,2999,125,32.3333321,0.262117058,0.6375,3020,183,32.3333321,0.3645587,0.6375,4850,687,48.5,1.02784586,0.6375,2915,77,32.3333321,0.213191345,0.6375,2907,71,32.3333321,0.204426929,0.6375,50.8750076,45.8750038,99.99815,26.7919884,11.0887756,70.72716,11.5508728,3.3298912,77.62285,38,0.25,0,55,0,85,0.416,1.01,16,16,16,32,48,30,295,160,130,0,0,0,16,37,0.25,0,55,0,85,0.416,1.01,16,16,16,32,48,30,295,160,130,0,0,0,16,512,-1,485.785156,477.9375,7.84765625,7.6015625,7611.34961,7618.951,0,0,0,0,0,0,0,0,0,0,4.30219364,7,505,600,1200,3000,49,1.04000008,1.30500007,0,5,17,48,2670,10451.9824,0,0,0,0,5,3,0,0,17.942,17.323,0.975,11932.3516,520.84375,4.467292,0,0,0,0.00337453233,0,0,0,0,0,0,0,0,0,59.09375,60,16376,4143,12232,74.69887,53.58,47149056,249856
05/29/2026 12:43:53,41,54,0,50,54,45,45,45,45,64,12.12,5.04,1.312,1.396,0.988000035,0.324,0.666,3.288,2.046,0,3.37600017,3.37200022,3.124,50,46,45,45,904,700,0,783,689,0,0,0,0,0,20,3.08,1.54,3.08,1.54,10.77,1.54,0,5.19,20,35.5503426,3454,376,4850,1330,48.5,1.32202458,0.64375,3117,308,32.3333321,0.6743903,0.64375,3026,166,32.3333321,0.297317535,0.64375,2950,105,32.3333321,0.234309062,0.64375,3047,207,32.3333321,0.390903,0.64375,4850,736,48.5,1.07347345,0.64375,2897,84,32.3333321,0.209715635,0.64375,2891,68,32.3333321,0.19126682,0.64375,50.8750076,46.3750038,99.99815,26.8161621,11.0646019,70.79097,11.5791283,3.30163574,77.81273,38,0.25,0,55,0,85,0.416,1.01,16,16,16,32,48,30,295,160,130,0,0,0,16,37,0.25,0,55,0,85,0.416,1.01,16,16,16,32,48,30,295,160,130,0,0,0,16,512,-1,485.785156,477.9375,7.84765625,7.6015625,7611.34961,7618.951,0,0,0,0,0,0,0,0,0,0,4.233191,7,505,600,1200,3000,49,0.965000033,1.30500007,0,3,16,48,2670,10451.9824,0,0,0,0,5,3,0,0,17.851,17.274,0.975,11932.3516,520.84375,4.461937,0,0,0,0.006539829,0,0,0,0,0,0,0,0,0,59.21875,58,16376,4143,12232,74.69887,52.651,999424,7.449907E+07
05/29/2026 12:43:55,41,54,0,50,54,45,45,45,45,65,12.12,5.04,1.312,1.39200008,0.988000035,0.328,0.666,3.288,2.046,0,3.37200022,3.37200022,3.124,51,45.5,45,45,905,700,0,792,702,0,0,0,0,0,15.62,4.69,4.69,3.12,4.69,17.19,3.12,4.69,7.23,17.19,35.9252853,4062,387,4850,1283,48.5,1.33161044,0.63125,4789,354,48.5,0.6326122,0.63125,4513,155,48.5,0.2962189,0.63125,3026,145,32.3333321,0.2664858,0.63125,4540,217,48.5,0.4057202,0.63125,4850,754,48.5,1.04607117,0.63125,2949,97,32.3333321,0.227918655,0.63125,2980,90,32.3333321,0.209849954,0.63125,51.0000076,46.3750038,99.99815,26.7898483,11.0909157,70.72151,11.5488892,3.33187485,77.60951,38,0.25,0,55,0,85,0.416,1.01,16,16,16,32,48,30,295,160,130,0,0,0,16,37,0.25,0,55,0,85,0.416,1.01,16,16,16,32,48,30,295,160,130,0,0,0,16,512,-1,485.785156,477.9375,7.84765625,7.6015625,7611.34961,7618.951,0,0,0,0,0,0,0,0,0,0,4.32888031,7,505,600,1200,3000,49,0.950000048,1.30500007,0,3,17,48,2670,10451.9824,0,0,0,0,5,3,0,0,18.564,19.932,0.975,11932.3516,520.84375,4.579447,0,0,0,0.00352920871,0,0,0,0,0,0,0,0,0,59.3125,58,16376,4143,12232,74.69887,54.401,999424,7.449907E+07
05/29/2026 12:43:57,41,55,0,50,55,45,45,45,45,65,12.12,5.04,1.312,1.39200008,0.98,0.336000025,0.666,3.288,2.046,0,3.37200022,3.37200022,3.124,50,46,45,45,899,704,0,798,683,0,0,0,0,0,25,6.25,3.12,1.56,4.69,6.25,4.69,1.56,6.64,25,36.320858,3648,344,4850,1262,48.5,1.3049202,0.64375,3181,309,32.3333321,0.5815015,0.64375,2997,128,32.3333321,0.257550627,0.64375,3019,127,32.3333321,0.24655652,0.64375,3009,177,32.3333321,0.336251676,0.64375,4850,592,48.5,0.9471777,0.64375,2985,88,32.3333321,0.2014568,0.64375,4291,67,48.5,0.180769891,0.64375,51.0000076,45.8750038,99.99815,26.8157845,11.06498,70.78998,11.5791893,3.30157471,77.81314,38,0.25,0,55,0,85,0.416,1.01,16,16,16,32,48,30,295,160,130,0,0,0,16,37,0.25,0,55,0,85,0.416,1.01,16,16,16,32,48,30,295,160,130,0,0,0,16,512,-1,485.785156,477.9375,7.84765625,7.6015625,7611.34961,7618.951,0,0,0,0,0,0,0,0,0,0,4.19937134,7,505,600,1200,3000,49,1.03000009,1.30500007,0,12,17,48,2670,10451.9824,0,0,0,0,5,3,0,0,18.45,24.258,0.975,11932.3516,520.84375,4.53309345,0,0,0,0.00533228135,0,0,0,0,0,0,0,0,0,59.40625,58,16376,4143,12232,74.69887,55.033,849920,159549440
05/29/2026 12:43:59,40,55,0,49,54,45,45,45,45,64,12.12,5.04,1.312,1.39200008,1,0.324,0.666,3.288,2.046,0,3.37200022,3.37200022,3.124,50,45.5,45,45,907,712,0,790,691,0,0,0,0,0,26.56,12.5,10.94,7.81,6.25,9.38,3.12,1.56,9.77,26.56,35.71972,3597,399,4040,1329,40.4,1.36487651,0.51875,3299,352,33.6666679,0.680246532,0.51875,3216,185,33.6666679,0.339303881,0.51875,3053,141,32.3333321,0.283735156,0.525,4470,199,48.5,0.395940423,0.525,4850,811,48.5,1.1219,0.525,2936,90,32.3333321,0.223952428,0.525,2909,82,32.3333321,0.205597669,0.525,50.8750076,51.8750038,99.99815,26.7915421,11.089222,70.72598,11.5506706,3.33009338,77.62149,38,0.25,0,55,0,85,0.416,1.01,16,16,16,32,48,30,295,160,130,0,0,0,16,37,0.25,0,55,0,85,0.416,1.01,16,16,16,32,48,30,295,160,130,0,0,0,16,512,-1,485.785156,477.9375,7.84765625,7.6015625,7611.34961,7618.951,0,0,0,0,0,0,0,0,0,0,4.291573,7,505,600,1200,3000,49,1.04500008,1.30500007,0,8,17,48,2670,10451.9824,0,0,0,0,5,3,0,0,17.852,16.739,0.975,11932.3516,520.84375,4.51623154,0,0,0,0.00285217981,0,0,0,0,0,0,0,0,0,59.5625,58,16376,4143,12232,74.69887,53.598,50599936,2549760
05/29/2026 12:44:01,40,55,0,49,54,45,45,45,45,65,12.12,5.04,1.312,1.396,0.984,0.320000023,0.666,3.288,2.046,0,3.37200022,3.37200022,3.124,50,45.5,45,45,886,685,0,796,708,0,0,0,0,0,23.44,10.94,7.94,4.76,6.35,18.75,4.76,1.59,9.82,23.44,35.44966,3847,367,4850,1231,48.5,1.2872752,0.64375,4755,346,48.5,0.59896785,0.64375,3089,161,32.3333321,0.3015789,0.64375,2977,123,32.3333321,0.248243272,0.64375,4520,212,48.5,0.386636853,0.64375,4850,731,48.5,1.05987525,0.64375,2857,73,32.3333321,0.192768008,0.64375,2881,57,32.3333321,0.17834878,0.64375,50.8750076,45.8750038,99.99816,26.78712,11.0936432,70.71431,11.5315323,3.34923172,77.49288,38,0.25,0,55,0,85,0.416,1.01,16,16,16,32,48,30,295,160,130,0,0,0,16,37,0.25,0,55,0,85,0.416,1.01,16,16,16,32,48,30,295,160,130,0,0,0,16,512,-1,485.785156,477.9375,7.84765625,7.6015625,7611.34961,7618.951,0,0,0,0,0,0,0,0,0,0,4.341342,7,505,600,1200,3000,49,0.969000041,1.30500007,0,5,17,48,2670,10451.9824,0,0,0,0,5,3,0,0,18.346,18.423,0.975,11932.3516,521.0742,4.579563,0,0,0,0.00743607,0,0,0,0,0,0,0,0,0,59.6875,58,16376,4143,12232,74.69887,53.416,53499904,2649088
05/29/2026 12:44:03,40,54,0,49,54,45,45,45,45,64,12.12,5.04,1.312,1.396,0.988000035,0.33,0.666,3.288,2.046,0,3.37600017,3.37200022,3.124,50,45.5,45,45,904,681,0,781,689,0,0,0,0,0,31.25,10.94,3.12,9.38,7.81,20.31,1.56,1.59,10.75,31.25,35.4334259,3792,391,4850,1401,48.5,1.39826441,0.64375,4811,353,48.5,0.6626313,0.64375,3038,151,32.3333321,0.300038934,0.64375,3026,140,32.3333321,0.271309376,0.64375,3044,218,32.3333321,0.411805868,0.64375,4950,709,49.5,1.03147733,0.50625,3559,74,39.6,0.205725491,0.50625,3062,83,33.5,0.211061537,0.55,50.7500076,45.8750038,99.99815,26.7937889,11.0869751,70.73191,11.5348206,3.34594345,77.51498,38,0.25,0,55,0,85,0.416,1.01,16,16,16,32,48,30,295,160,130,0,0,0,16,37,0.25,0,55,0,85,0.416,1.01,16,16,16,32,48,30,295,160,130,0,0,0,16,512,-1,485.785156,477.9375,7.84765625,7.6015625,7611.34961,7618.951,0,0,0,0,0,0,0,0,0,0,4.265437,7,505,600,1200,3000,49,0.960000038,1.30500007,0,0,17,48,2670,10451.9824,0,0,0,0,5,3,0,0,18.658,21.044,0.975,11932.3516,521.0742,4.48034525,0,0,0,0.00498968037,0,0,0,0,0,0,0,0,0,59.8125,58,16376,4143,12232,74.69887,55.123,349184,249856
05/29/2026 12:44:05,40,54,0,49,54,45,45,45,45,64,12.12,5.04,1.31000006,1.39200008,1,0.33,0.666,3.288,2.046,0,3.37200022,3.37200022,3.124,50,46,45,45,890,702,0,797,703,0,0,0,0,0,30.16,6.35,4.76,3.17,3.17,15.87,1.59,1.59,8.33,30.16,35.869133,3592,390,4040,1286,40.4,1.34428382,0.5625,4010,369,40.4,0.711638868,0.5625,3169,187,33.6666679,0.328003,0.5625,3111,113,33.6666679,0.259640247,0.5625,3211,216,33.6666679,0.411287218,0.5625,5050,786,50.5,1.06471026,0.55625,3092,88,33.6666679,0.229586869,0.55625,3057,74,33.6666679,0.206439048,0.55625,51.0000076,45.8750038,99.99815,26.7951965,11.0855675,70.73563,11.53653,3.34423447,77.52646,37.75,0.25,0,55,0,85,0.416,1.01,16,16,16,32,48,30,295,160,130,0,0,0,16,37,0.25,0,55,0,85,0.416,1.01,16,16,16,32,48,30,295,160,130,0,0,0,16,512,-1,485.785156,477.9375,7.84765625,7.6015625,7611.34961,7618.951,0,0,0,0,0,0,0,0,0,0,4.22111559,7,505,600,1200,3000,49,0.969000041,1.30500007,0,2,16,48,2670,10451.9824,0,0,0,0,5,3,0,0,18.173,23.741,0.975,11932.3516,521.0742,4.55494547,0,0,0,0.00557697564,0,0,0,0,0,0,0,0,0,59.90625,58,16376,4143,12232,74.69887,54.883,799744,159499264
05/29/2026 12:44:07,40,55,0,48,53,44,44,44,44,63,12.12,5.04,1.312,1.396,0.994,0.33,0.666,3.288,2.046,0,3.37200022,3.37200022,3.124,50,46,45,45,887,707,0,792,702,0,0,0,0,0,28.12,4.69,3.12,1.56,3.12,9.38,1.56,1.56,6.64,28.12,35.4973679,3665,384,4850,1279,48.5,1.33653629,0.5625,4807,410,48.5,0.712729931,0.5625,2985,141,32.3333321,0.2802427,0.5625,3024,127,32.3333321,0.2497938,0.5625,3018,216,32.3333321,0.392585427,0.5625,4850,742,48.5,1.05519819,0.5625,2898,87,32.3333321,0.211463735,0.5625,2890,66,32.3333321,0.190335661,0.5625,50.7500076,46.3750038,99.99815,26.81689,11.0638733,70.7929,11.5544777,3.32628632,77.64707,37.75,0.25,0,55,0,85,0.416,1.01,16,16,16,32,48,30,295,160,130,0,0,0,16,37,0.25,0,55,0,85,0.416,1.01,16,16,16,32,48,30,295,160,130,0,0,0,16,512,-1,485.785156,477.9375,7.84765625,7.6015625,7611.34961,7618.951,0,0,0,0,0,0,0,0,0,0,4.29984331,7,505,600,1200,3000,49,0.969000041,1.30500007,0,5,17,49,2670,10451.9824,0,0,0,0,5,3,0,0,17.941,17.858,0.975,11932.3516,521.0742,4.523679,0,0,0,0.00389899057,0,0,0,0,0,0,0,0,0,60,58,16376,4143,12232,74.69887,53.45,1049600,7.704986E+07
05/29/2026 12:44:09,41,54,0,48,53,45,45,45,45,64,12.144001,5.04,1.312,1.396,0.992000043,0.326,0.666,3.288,2.046,0,3.37200022,3.37200022,3.124,50,46,45,45,904,704,0,788,680,0,0,0,0,0,20.63,9.52,1.56,1.56,3.12,12.7,1.56,1.56,6.53,20.63,36.0674248,3877,395,4850,1358,48.5,1.37829673,0.64375,4850,411,48.5,0.739908159,0.64375,2967,138,32.3333321,0.300516546,0.64375,3044,136,32.3333321,0.2770377,0.64375,4521,194,48.5,0.385061979,0.64375,4850,754,48.5,1.07843065,0.64375,2902,77,32.3333321,0.213632509,0.64375,3035,94,32.3333321,0.216990992,0.64375,50.8750076,45.8750038,99.99815,26.7960167,11.0847473,70.73779,11.546608,3.334156,77.59419,37.75,0.25,0,55,0,85,0.416,1.01,16,16,16,32,48,30,295,160,130,0,0,0,16,36.75,0.25,0,55,0,85,0.416,1.01,16,16,16,32,48,30,295,160,130,0,0,0,16,512,-1,485.785156,477.9375,7.84765625,7.6015625,7611.34961,7618.951,0,0,0,0,0,0,0,0,0,0,4.34763861,7,505,600,1200,3000,49,0.969000041,1.30500007,0,0,16,49,2670,10451.9824,0,0,0,0,5,3,0,0,18.58,19.358,0.975,11932.3516,521.0742,4.557019,0,0,0,0.00589814875,0,0,0,0,0,0,0,0,0,60.125,58,16376,4143,12232,74.69887,54.348,5.444915E+07,249856
05/29/2026 12:44:11,40,54,0,48,53,44,44,44,44,63,12.12,5.04,1.31000006,1.39200008,0.986000061,0.326,0.666,3.288,2.046,0,3.37200022,3.37200022,3.12000012,51,45.5,45,45,898,702,0,783,675,0,0,0,0,0,23.44,9.38,3.12,3.12,7.81,18.75,1.56,1.56,8.59,23.44,35.8310852,3896,477,4040,1365,40.4,1.424977,0.53125,4040,451,40.4,0.782022,0.53125,3211,193,33.6666679,0.369692743,0.53125,3272,181,33.6666679,0.341326773,0.53125,3883,286,40.4,0.5157924,0.53125,5050,1093,50.5,1.34946394,0.55625,3767,111,40.4,0.266163379,0.55625,3905,134,40.4,0.2673111,0.55625,50.8750076,45.8750038,99.99815,26.8464584,11.0343056,70.87096,11.58773,3.2930336,77.87054,37.75,0.25,0,55,0,85,0.416,1.01,16,16,16,32,48,30,295,160,130,0,0,0,16,36.75,0.25,0,55,0,85,0.416,1.01,16,16,16,32,48,30,295,160,130,0,0,0,16,512,-1,485.785156,477.9375,7.84765625,7.6015625,7611.34961,7618.951,0,0,0,0,0,0,0,0,0,0,4.186041,7,505,600,1200,3000,49,1.0150001,1.30500007,0,4,16,49,2670,10451.9824,0,0,0,0,5,3,0,0,18.586,24.4,0.975,11932.3516,521.0742,4.504832,0,0,0,0.004439495,0,0,0,0,0,0,0,0,0,60.15625,60,16376,4143,12232,74.69887,55.436,799744,159399936
05/29/2026 12:44:13,41,54,0,49,53,45,45,45,45,65,12.12,5.04,1.312,1.396,0.996000051,0.324,0.666,3.288,2.046,0,3.37200022,3.37200022,3.124,51,46,45,45,891,700,0,780,674,0,0,0,0,0,26.15,6.15,4.62,3.08,3.08,7.69,0,0,6.35,26.15,36.55614,3867,362,4850,1309,48.5,1.32481134,0.64375,3212,363,32.3333321,0.6488416,0.64375,3042,152,32.3333321,0.2968612,0.64375,3033,124,32.3333321,0.270202458,0.64375,3106,206,32.3333321,0.4195247,0.64375,4850,598,48.5,0.9538877,0.64375,4428,75,48.5,0.215794712,0.6625,4415,67,48.5,0.204430044,0.6625,51.7500076,46.3750038,99.99815,26.8555183,11.0252457,70.89487,11.590519,3.290245,77.8892746,37.75,0.25,0,55,0,85,0.416,1.01,16,16,16,32,48,30,295,160,130,0,0,0,16,36.75,0.25,0,55,0,85,0.416,1.01,16,16,16,32,48,30,295,160,130,0,0,0,16,512,-1,485.785156,477.9375,7.84765625,7.6015625,7611.34961,7618.951,0,0,0,0,0,0,0,0,0,0,4.17008638,7,505,600,1200,3000,49,0.969000041,1.30500007,0,4,16,49,2670,10451.9824,0,0,0,0,5,3,0,0,18.008,17.015,0.975,11932.3516,521.0742,4.42042732,0,0,0,0.00656301156,0,0,0,0,0,0,0,0,0,60.34375,60,16376,4143,12232,74.69887,53.994,699392,8.559923E+07
05/29/2026 12:44:15,41,55,0,49,54,45,45,45,45,65,12.12,5.04,1.31000006,1.39200008,0.988000035,0.33,0.666,3.288,2.046,0,3.37200022,3.37200022,3.124,51,46,45,45,897,707,0,787,677,0,0,0,0,0,15.62,4.69,1.56,1.56,7.81,14.06,0,3.12,6.05,15.62,35.28982,4052,360,4850,1204,48.5,1.24450016,0.64375,4776,317,48.5,0.5817293,0.64375,2984,152,32.3333321,0.288702637,0.64375,2915,105,32.3333321,0.226256073,0.64375,3068,225,32.3333321,0.393200874,0.64375,4850,684,48.5,0.9853156,0.6375,4486,103,48.5,0.220831588,0.6375,4484,86,48.5,0.205246717,0.6375,51.2500076,46.3750038,99.99815,26.8801918,11.0005722,70.96001,11.6087646,3.27199936,78.01189,37.75,0.25,0,55,0,85,0.416,1.01,16,16,16,32,48,30,295,160,130,0,0,0,16,36.75,0.25,0,55,0,85,0.416,1.01,16,16,16,32,48,30,295,160,130,0,0,0,16,512,-1,485.785156,477.9375,7.84765625,7.6015625,7611.34961,7618.951,0,0,0,0,0,0,0,0,0,0,4.27904844,7,505,600,1200,3000,49,0.974000037,1.30500007,0,0,20,49,2670,10451.9824,0,0,0,0,5,3,0,0,18.239,18.703,0.975,11932.3516,521.0742,4.52607965,0,0,0,0.005517399,0,0,0,0,0,0,0,0,0,60.46875,60,16376,4143,12232,74.69887,53.46,999424,8.699904E+07
05/29/2026 12:44:17,41,55,0,50,55,45,45,45,45,65,12.144001,5.04,1.312,1.39200008,0.986000061,0.328,0.666,3.288,2.046,0,3.37200022,3.37200022,3.12000012,51,46,45,45,906,709,0,794,700,0,0,0,0,0,28.12,14.06,4.69,6.25,7.81,10.94,6.25,4.69,10.35,28.12,35.91969,3641,384,4040,1329,40.4,1.354022,0.54375,3945,351,40.4,0.632727,0.54375,3733,166,40.4,0.3123265,0.54375,3082,123,33.6666679,0.261998564,0.54375,3152,221,33.6666679,0.405958056,0.54375,5050,716,50.5,1.005223,0.56875,3044,81,33.6666679,0.21925275,0.56875,3085,87,33.6666679,0.223373055,0.56875,51.1250076,45.8750038,99.99816,26.848999,11.031765,70.877655,11.5960846,3.28467941,77.9266739,37.75,0.25,0,55,0,85,0.416,1.01,16,16,16,32,48,30,295,160,130,0,0,0,16,36.75,0.25,0,55,0,85,0.416,1.01,16,16,16,32,48,30,295,160,130,0,0,0,16,512,-1,485.785156,477.9375,7.84765625,7.6015625,7611.34961,7618.951,0,0,0,0,0,0,0,0,0,0,4.314781,7,505,600,1200,3000,49,0.965000033,1.30500007,0,2,17,49,2670,10451.9824,0,0,0,0,5,3,0,0,18.676,20.271,0.975,11932.3516,520.84375,4.553531,0,0,0,0.006938749,0,0,0,0,0,0,0,0,0,60.5,60,16376,4143,12232,74.69887,55.088,899072,7.449907E+07
05/29/2026 12:44:19,41,55,0,50,55,45,45,45,45,65,12.12,5.04,1.312,1.39200008,0.986000061,0.322000027,0.666,3.288,2.046,0,3.37200022,3.37200022,3.12000012,51,45.5,45,45,894,688,0,789,692,0,0,0,0,0,25.4,6.35,1.56,1.56,1.59,6.35,1.56,1.56,5.74,25.4,36.2591629,3474,376,4850,1349,48.5,1.36903,0.64375,3208,367,32.3333321,0.6658473,0.64375,3053,178,32.3333321,0.322171,0.65,2968,107,32.3333321,0.259183615,0.65,3046,218,32.3333321,0.396342367,0.65,4850,636,48.5,0.966951847,0.65,2913,77,32.3333321,0.216127589,0.65,2901,76,32.3333321,0.211844683,0.65,51.2500076,45.8750038,99.99815,26.8483429,11.0324211,70.87593,11.5990906,3.28167343,77.94688,37.75,0.25,0,55,0,85,0.416,1.01,16,16,16,32,48,30,295,160,130,0,0,0,16,36.75,0.25,0,55,0,85,0.416,1.01,16,16,16,32,48,30,295,160,130,0,0,0,16,512,-1,485.785156,477.9375,7.84765625,7.6015625,7611.34961,7618.951,0,0,0,0,0,0,0,0,0,0,4.24128151,7,505,600,1200,3000,49,0.965000033,1.30500007,0,0,16,49,2670,10451.9824,0,0,0,0,5,3,0,0,18.455,18.833,0.975,11932.3516,520.84375,4.47416639,0,0,0,0.00381047837,0,0,0,0,0,0,0,0,0,60.65625,60,16376,4143,12232,74.69887,55.559,999424,8.509952E+07
05/29/2026 12:44:21,41,55,0,50,55,45,45,45,45,65,12.12,5.04,1.312,1.396,0.984,0.326,0.666,3.288,2.046,0,3.37200022,3.37200022,3.124,51,46,45,45,903,715,0,801,711,0,0,0,0,0,27.69,9.38,4.69,3.12,4.69,12.31,3.12,1.56,8.32,27.69,35.39018,4722,390,4850,1275,48.5,1.30256188,0.64375,4798,374,48.5,0.6629175,0.64375,4594,188,48.5,0.3222636,0.64375,4711,152,48.5,0.270652145,0.64375,4654,239,48.5,0.404388636,0.64375,4850,693,48.5,1.02275264,0.64375,4606,117,48.5,0.227709562,0.64375,4710,86,48.5,0.201109186,0.64375,51.0000076,45.8750038,99.9981461,26.8751945,11.0055695,70.9468155,11.6050415,3.2757225,77.98686,37.75,0.25,0,55,0,85,0.416,1.01,16,16,16,32,48,30,295,160,130,0,0,0,16,36.75,0.25,0,55,0,85,0.416,1.01,16,16,16,32,48,30,295,160,130,0,0,0,16,512,-1,485.785156,477.9375,7.84765625,7.6015625,7611.34961,7618.951,0,0,0,0,0,0,0,0,0,0,4.273347,7,505,600,1200,3000,49,0.974000037,1.30500007,0,3,16,49,2670,10451.9824,0,0,0,0,5,3,0,0,18.111,18.212,0.975,11932.3516,520.84375,4.65136528,0,0,0,0.00494700857,0,0,0,0,0,0,0,0,0,60.78125,60,16376,4143,12232,74.69887,53.804,52199424,249856
05/29/2026 12:44:23,41,55,0,50,55,45,45,45,45,65,12.12,5.03,1.31000006,1.39200008,0.998,0.336000025,0.666,3.288,2.046,0,3.37200022,3.37200022,3.12000012,51,45.5,45,45,903,710,0,790,694,0,0,0,0,0,23.81,6.25,1.56,0,6.25,7.94,0,0,5.73,23.81,35.7431221,4054,394,4850,1375,48.5,1.38732612,0.6375,4822,344,48.5,0.6526647,0.6375,4535,175,48.5,0.332275718,0.6375,2986,130,32.3333321,0.2744813,0.6375,4502,205,48.5,0.396702766,0.6375,4850,730,48.5,1.06839228,0.6375,2939,104,32.3333321,0.2459117,0.6375,2949,93,32.3333321,0.228130192,0.6375,50.8750076,46.3750038,99.99816,26.84573,11.0350342,70.86903,11.5957527,3.28501129,77.9244461,37.75,0.25,0,55,0,85,0.416,1.01,16,16,16,32,48,30,295,160,130,0,0,0,16,36.75,0.25,0,55,0,85,0.416,1.01,16,16,16,32,48,30,295,160,130,0,0,0,16,512,-1,485.785156,477.9375,7.84765625,7.6015625,7611.34961,7618.951,0,0,0,0,0,0,0,0,0,0,4.35303068,7,505,600,1200,3000,48,0.935000062,1.30500007,0,4,17,49,2670,10451.9824,0,0,0,0,5,3,0,0,18.512,19.177,0.975,11932.3359,516.5156,4.62010241,0,0,0,0.003412391,0,0,0,0,0,0.115124911,0,0,0,60.84375,60,16376,4143,12232,74.69887,54.322,5.109965E+07,299008
05/29/2026 12:44:25,41,54,0,50,55,45,45,45,45,64,12.12,5.04,1.31000006,1.396,0.986000061,0.336000025,0.666,3.288,2.046,0,3.37200022,3.37200022,3.12000012,50,45.5,45,45,907,702,0,790,711,0,0,0,0,0,25,6.25,3.12,4.69,4.69,12.5,0,1.56,7.23,25,35.7784271,4045,396,4850,1424,48.5,1.41307867,0.63125,4803,374,48.5,0.7500028,0.63125,4471,160,48.5,0.3058778,0.63125,2968,114,32.3333321,0.248550862,0.63125,4601,230,48.5,0.431430429,0.63125,4850,712,48.5,1.04476511,0.63125,2924,84,32.3333321,0.2106101,0.63125,2890,68,32.3333321,0.191572,0.63125,50.8750076,46.3750038,99.99816,26.84277,11.0379944,70.86121,11.5954514,3.28531265,77.9224243,37.75,0.25,0,55,0,85,0.416,1.01,16,16,16,32,48,30,295,160,130,0,0,0,16,36.75,0.25,0,55,0,85,0.416,1.01,16,16,16,32,48,30,295,160,130,0,0,0,16,512,-1,485.785156,477.9375,7.84765625,7.6015625,7611.34961,7618.951,0,0,0,0,0,0,0,0,0,0,4.425973,7,505,600,1200,3000,49,0.969000041,1.30500007,0,4,17,49,2670,10451.9824,0,0,0,0,6,3,0,0,19.311,20.182,0.975,11932.3359,516.5156,4.990937,0,0,0,0.01072339,0,0,0,0,0,0,0,0,0,61.09375,60,16376,4143,12232,74.69887,55.972,5.494989E+07,7.414989E+07
05/29/2026 12:44:27,41,54,0,49,54,45,45,45,45,64,12.144001,5.04,1.312,1.396,0.988000035,0.324,0.666,3.288,2.046,0,3.37200022,3.37200022,3.124,50,46,45,45,902,700,0,807,711,0,0,0,0,0,27.69,10.77,1.54,3.08,7.69,9.23,4.62,4.62,8.65,27.69,36.50892,3685,384,4850,1312,48.5,1.35724282,0.64375,4850,426,48.5,0.7076056,0.64375,2957,154,32.3333321,0.290992528,0.64375,3031,131,32.3333321,0.272551447,0.64375,3066,237,32.3333321,0.429748982,0.64375,4850,646,48.5,0.996102452,0.64375,2927,86,32.3333321,0.222044945,0.64375,2946,82,32.3333321,0.216448337,0.64375,51.0000076,45.8750038,99.99815,26.842762,11.038002,70.8612,11.5933151,3.287449,77.9080658,37.75,0.25,0,55,0,85,0.416,1.01,16,16,16,32,48,30,295,160,130,0,0,0,16,36.75,0.25,0,55,0,85,0.416,1.01,16,16,16,32,48,30,295,160,130,0,0,0,16,512,-1,485.785156,477.9375,7.84765625,7.6015625,7611.34961,7618.951,0,0,0,0,0,0,0,0,0,0,4.22435,7,505,600,1200,3000,49,0.969000041,1.30500007,0,4,17,50,2670,10451.9824,0,0,0,0,5,3,0,0,18.647,17.405,0.975,11932.3359,516.5156,4.9805727,0,0,0,0.00337943528,0,0,0,0,0,0,0,0,0,61.09375,60,16376,4143,12232,74.69887,56.592,899072,99328
05/29/2026 12:44:29,41,55,0,49,54,45,45,45,45,64,12.12,5.04,1.312,1.39200008,0.992000043,0.334000021,0.666,3.288,2.046,0,3.37200022,3.37200022,3.124,50,45.5,45,45,900,708,0,794,690,0,0,0,0,0,31.25,3.12,3.12,1.56,4.69,10.94,1.56,1.56,7.23,31.25,35.8470421,4467,398,4850,1444,48.5,1.4472841,0.64375,4841,388,48.5,0.721821,0.64375,4548,159,48.5,0.320311129,0.64375,3022,112,32.3333321,0.27583456,0.64375,4570,206,48.5,0.425943077,0.6375,4850,692,48.5,1.0493046,0.6375,4633,103,48.5,0.2433654,0.6375,4422,77,48.5,0.221663162,0.6375,50.8750076,45.8750038,99.9981461,26.87643,11.0043335,70.95007,11.6098862,3.27087784,78.0194244,37.75,0.25,0,55,0,85,0.416,1.01,16,16,16,32,48,30,295,160,130,0,0,0,16,36.75,0.25,0,55,0,85,0.416,1.01,16,16,16,32,48,30,295,160,130,0,0,0,16,512,-1,485.785156,477.9375,7.84765625,7.6015625,7611.34961,7618.951,0,0,0,0,0,0,0,0,0,0,4.31888628,7,505,600,1200,3000,49,1.03000009,1.30500007,0,5,17,50,2670,10451.9824,0,0,0,0,6,3,0,0,18.474,17.308,0.975,11932.3359,516.5156,5.21160364,0,0,0,0.00767098,0,0,0,0,0,0,0,0,0,61.28125,60,16376,4143,12232,74.69887,54.935,54349824,299008
05/29/2026 12:44:31,41,55,0,49,54,45,45,45,45,65,12.12,5.03,1.31000006,1.39200008,0.98,0.328,0.666,3.28400016,2.046,0,3.37200022,3.37200022,3.12000012,51,45.5,45,45,898,688,0,782,685,0,0,0,0,0,16.92,6.15,1.54,1.52,6.15,20,3.03,0,6.91,20,36.4314575,4078,420,4850,1111,48.5,1.30202174,0.64375,4814,393,48.5,0.7572991,0.64375,4537,175,48.5,0.343084425,0.64375,3037,159,32.3333321,0.312927037,0.64375,4619,255,48.5,0.4619165,0.64375,4850,1100,48.5,1.25949311,0.64375,2969,93,32.3333321,0.2413856,0.64375,2946,74,32.3333321,0.213714033,0.64375,51.2500076,45.8750038,99.99815,26.8784828,11.0022812,70.95549,11.61417,3.266594,78.04821,37.75,0.25,0,55,0,85,0.416,1.01,16,16,16,32,48,30,295,160,130,0,0,0,16,36.75,0.25,0,55,0,85,0.416,1.01,16,16,16,32,48,30,295,160,130,0,0,0,16,512,-1,485.785156,477.9375,7.84765625,7.6015625,7611.34961,7618.951,0,0,0,0,0,0,0,0,0,0,4.28475857,7,505,600,1200,3000,49,0.969000041,1.30500007,0,3,17,50,2670,10451.9824,0,0,0,0,5,3,0,0,19.091,20.365,0.975,11932.3359,516.5156,5.05142832,0,0,0,0.0038843595,0,0,0,0,0,0,0,0,0,61.34375,60,16376,4143,12232,74.69887,56.115,999424,149504
05/29/2026 12:44:33,41,55,0,50,55,45,45,45,45,65,12.12,5.04,1.312,1.39200008,0.996000051,0.322000027,0.666,3.288,2.046,0,3.37200022,3.37200022,3.12000012,51,45.5,45,45,897,712,0,791,703,0,0,0,0,0,26.15,4.62,1.54,0,1.54,9.23,3.08,0,5.77,26.15,36.0380478,4068,412,4850,1317,48.5,1.38034666,0.64375,4752,371,48.5,0.706768751,0.64375,4645,184,48.5,0.3410643,0.64375,2982,127,32.3333321,0.266397864,0.64375,4571,232,48.5,0.461287439,0.64375,4850,890,48.5,1.16674542,0.64375,2982,96,32.3333321,0.225991771,0.64375,2911,75,32.3333321,0.2089355,0.64375,51.2500076,45.8750038,99.9981461,26.8459854,11.0347786,70.8697052,11.5987587,3.28200531,77.94464,37.75,0.25,0,55,0,85,0.416,1.01,16,16,16,32,48,30,295,160,130,0,0,0,16,36.75,0.25,0,55,0,85,0.416,1.01,16,16,16,32,48,30,295,160,130,0,0,0,16,512,-1,485.785156,477.9375,7.84765625,7.6015625,7611.34961,7618.951,0,0,0,0,0,0,0,0,0,0,4.206397,7,505,600,1200,3000,49,0.979000032,1.30500007,0,9,17,50,2670,10451.9824,0,0,0,0,6,3,0,0,19.045,19.371,0.975,11932.3359,516.5156,5.05481958,0,0,0,0.00573254749,0,0,0,0,0,0,0,0,0,61.4375,60,16376,4143,12232,74.69887,57.274,1049600,7.449907E+07
05/29/2026 12:44:35,41,55,0,50,55,45,45,45,45,65,12.12,5.04,1.312,1.39200008,0.990000069,0.328,0.666,3.288,2.046,0,3.37200022,3.37200022,3.124,51,46,45,45,900,710,0,787,690,0,0,0,0,0,28.57,11.11,0,1.56,7.81,25.4,0,1.56,9.5,28.57,36.84383,3625,464,4850,1213,48.5,1.37626553,0.65625,3600,481,36,0.820803046,0.65,3424,203,36,0.360565752,0.65,3343,151,36,0.3086206,0.65,3419,269,36,0.4661405,0.65,3600,1144,36,1.32644486,0.65,3359,118,36,0.270085484,0.65,3405,129,36,0.281007379,0.65,51.2500076,45.8750038,99.99815,26.87814,11.0026245,70.95459,11.61322,3.26754379,78.0418243,37.75,0.25,0,55,0,85,0.416,1.01,16,16,16,32,48,30,295,160,130,0,0,0,16,36.75,0.25,0,55,0,85,0.416,1.01,16,16,16,32,48,30,295,160,130,0,0,0,16,512,-1,485.785156,477.9375,7.84765625,7.6015625,7611.34961,7618.951,0,0,0,0,0,0,0,0,0,0,4.241097,7,505,600,1200,3000,49,0.965000033,1.30500007,0,0,17,50,2670,10451.9824,0,0,0,0,6,3,0,1,18.529,17.148,0.975,11932.3359,516.5156,4.995873,0,0,0,0.00315423054,0,0,0,0,0,0,0,0,0,61.5,62,16376,4143,12232,74.69887,55.201,349184,249856
05/29/2026 12:44:37,41,54,0,50,55,45,45,45,45,65,12.12,5.04,1.312,1.396,0.984,0.33,0.666,3.288,2.046,0,3.37200022,3.37200022,3.12000012,51,45.5,45,45,898,677,0,790,709,0,0,0,0,0,26.98,6.35,4.76,0,6.35,23.81,1.59,0,8.73,26.98,35.41928,3506,385,4040,1098,40.4,1.24229932,0.56875,3363,391,33.6666679,0.691673458,0.56875,3127,145,33.6666679,0.291784436,0.56875,3165,114,33.6666679,0.250931233,0.56875,3185,205,33.6666679,0.3993286,0.56875,5050,964,50.5,1.16128922,0.56875,3049,78,33.6666679,0.208871618,0.56875,3071,82,33.6666679,0.20769076,0.56875,51.1250076,45.8750038,99.99815,26.8438988,11.0368652,70.8642,11.5939026,3.28686142,77.91201,37.75,0.25,0,55,0,85,0.416,1.01,16,16,16,32,48,30,295,160,130,0,0,0,16,36.75,0.25,0,55,0,85,0.416,1.01,16,16,16,32,48,30,295,160,130,0,0,0,16,512,-1,485.785156,477.9375,7.84765625,7.6015625,7611.34961,7618.951,0,0,0,0,0,0,0,0,0,0,4.29374838,7,505,600,1200,3000,49,1.06000006,1.30500007,0,19,17,50,2670,10451.9824,0,0,0,0,5,3,0,0,18.782,19.192,0.975,11932.3359,516.5156,4.91607666,0,0,0,0.006177894,0,0,0,0,0,0,0,0,0,61.71875,60,16376,4143,12232,74.69887,55.133,6.764954E+07,249856
05/29/2026 12:44:39,41,54,0,50,55,45,45,45,45,65,12.144001,5.04,1.312,1.39200008,0.992000043,0.336000025,0.666,3.288,2.046,0,3.37200022,3.37200022,3.124,51,45.5,45,45,907,700,0,807,693,0,0,0,0,0,20.31,7.81,1.56,0,3.12,18.75,0,1.56,6.64,20.31,35.9345627,4220,416,4850,1275,48.5,1.38794482,0.64375,4807,397,48.5,0.731079757,0.64375,3044,164,32.3333321,0.323824972,0.64375,2962,122,32.3333321,0.2740461,0.64375,4580,219,48.5,0.435397774,0.64375,4850,990,48.5,1.21204448,0.64375,4323,85,48.5,0.233511314,0.64375,4340,76,48.5,0.214965671,0.64375,51.2500076,45.3750038,99.99815,26.8766327,11.0041313,70.95061,11.61314,3.267624,78.04129,37.75,0.25,0,55,0,85,0.416,1.01,16,16,16,32,48,30,295,160,130,0,0,0,16,36.75,0.25,0,55,0,85,0.416,1.01,16,16,16,32,48,30,295,160,130,0,0,0,16,512,-1,485.785156,477.9375,7.84765625,7.6015625,7611.34961,7618.951,0,0,0,0,0,0,0,0,0,0,4.300921,7,505,600,1200,3000,49,0.969000041,1.30500007,0,5,17,50,2670,10451.9824,0,0,0,0,5,3,0,0,19.034,20.152,0.975,11932.3359,516.5156,4.94386244,0,0,0,0.00290151755,0,0,0,0,0,0,0,0,0,61.78125,60,16376,4143,12232,74.69887,56.611,6.644941E+07,249856
05/29/2026 12:44:41,41,54,0,50,55,45,45,45,45,65,12.12,5.04,1.31000006,1.39200008,0.986000061,0.33,0.666,3.288,2.046,0,3.36800027,3.36800027,3.12000012,51,45.5,45,45,902,703,0,791,711,0,0,0,0,0,18.75,6.25,4.69,3.12,6.25,21.88,0,0,7.62,21.88,35.82905,3886,409,4850,1138,48.5,1.27699959,0.64375,4810,382,48.5,0.7080385,0.64375,3149,216,32.3333321,0.361945629,0.64375,3030,132,32.3333321,0.283505023,0.64375,4521,202,48.5,0.398271,0.64375,4850,1024,48.5,1.25046539,0.64375,2965,99,32.3333321,0.2349872,0.64375,2911,78,32.3333321,0.213403,0.64375,51.1250076,45.8750038,99.99815,26.7857323,11.0950317,70.71065,11.54501,3.33575439,77.58345,37.75,0.25,0,55,0,85,0.416,1.01,16,16,16,32,48,30,295,160,130,0,0,0,16,36.75,0.25,0,55,0,85,0.416,1.01,16,16,16,32,48,30,295,160,130,0,0,0,16,512,-1,485.785156,477.9375,7.84765625,7.6015625,7611.34961,7618.951,0,0,0,0,0,0,0,0,0,0,4.269368,7,505,600,1200,3000,49,0.969000041,1.30500007,0,2,17,50,2670,10451.9824,0,0,0,0,5,3,0,0,20.103,19.205,0.975,11932.3359,516.5156,4.86910152,0,0,0,0.005961004,0,0,0,0,0,0,0,0,0,61.9375,60,16376,4143,12232,74.69887,56.137,149504,1.643991E+08
05/29/2026 12:44:43,41,54,0,50,55,45,45,45,45,65,12.12,5.03,1.31000006,1.39200008,0.986000061,0.322000027,0.666,3.288,2.046,0,3.37200022,3.37200022,3.12000012,51,45.5,45,45,902,699,0,791,711,0,0,0,0,0,20.31,7.81,6.25,4.69,3.12,28.12,3.12,1.56,9.38,28.12,36.0098953,3497,424,4850,1167,48.5,1.29056466,0.6375,3230,387,32.3333321,0.6845172,0.6375,3039,176,32.3333321,0.351825833,0.64375,3005,133,32.3333321,0.2860664,0.64375,3042,224,32.3333321,0.433968365,0.64375,4850,1111,48.5,1.29072392,0.64375,2966,95,32.3333321,0.241820231,0.64375,2991,103,32.3333321,0.237776622,0.64375,51.1250076,45.8750038,99.99815,26.7886925,11.0920715,70.71846,11.5446434,3.33612061,77.580986,37.75,0.25,0,55,0,85,0.416,1.01,16,16,16,32,48,30,295,160,130,0,0,0,16,36.75,0.25,0,55,0,85,0.416,1.01,16,16,16,32,48,30,295,160,130,0,0,0,16,512,-1,485.785156,477.9375,7.84765625,7.6015625,7611.34961,7618.951,0,0,0,0,0,0,0,0,0,0,4.27517939,7,505,600,1200,3000,49,0.965000033,1.30500007,0,2,17,50,2670,10451.9824,0,0,0,0,5,3,0,0,18.486,18.194,0.975,11932.3359,516.5156,4.921613,0,0,0,0.00315348967,0,0,0,0,0,0.0102839917,0,0,0,62,60,16376,4143,12232,74.69887,54.932,5.594931E+07,249856
05/29/2026 12:44:45,41,54,0,50,55,45,45,45,45,65,12.12,5.04,1.31000006,1.39200008,0.986000061,0.322000027,0.666,3.288,2.046,0,3.37200022,3.37200022,3.12000012,51,45.5,45,45,900,698,0,790,694,0,0,0,0,0,20.31,6.25,1.56,4.69,6.25,12.5,4.69,0,7.03,20.31,35.5062141,3463,372,4850,1053,48.5,1.25199783,0.63125,3223,350,32.3333321,0.694109142,0.63125,2999,153,32.3333321,0.291264176,0.63125,2943,102,32.3333321,0.234382242,0.63125,2994,195,32.3333321,0.380157173,0.63125,4850,982,48.5,1.17098856,0.63125,2927,70,32.3333321,0.202857479,0.63125,2920,70,32.3333321,0.195148036,0.63125,51.0000076,45.8750038,99.99815,26.814537,11.066227,70.78668,11.56892,3.31184387,77.7441254,37.75,0.25,0,55,0,85,0.416,1.01,16,16,16,32,48,30,295,160,130,0,0,0,16,36.75,0.25,0,55,0,85,0.416,1.01,16,16,16,32,48,30,295,160,130,0,0,0,16,512,-1,485.785156,477.9375,7.84765625,7.6015625,7611.34961,7618.951,0,0,0,0,0,0,0,0,0,0,4.407628,7,505,600,1200,3000,49,0.965000033,1.30500007,0,8,17,50,2670,10451.9824,0,0,0,0,6,3,0,0,19.262,19.805,0.975,11932.3359,516.601563,5.151893,0,0,0,0.00569281,0,0,0,0,0,0,0,0,0,62.0625,60,16376,4143,12232,74.69887,56.088,3.824947E+07,7.434957E+07
05/29/2026 12:44:47,41,54,0,50,55,45,45,45,45,65,12.12,5.04,1.31000006,1.39200008,0.994,0.324,0.666,3.288,2.046,0,3.37200022,3.37200022,3.12000012,51,46,45,45,893,698,0,790,694,0,0,0,0,0,18.75,10.94,4.69,7.81,9.38,20.31,3.12,3.12,9.77,20.31,36.2781219,3711,457,4850,1276,48.5,1.408238,0.64375,4850,484,48.5,0.8032716,0.64375,3067,201,32.3333321,0.376231045,0.64375,3044,158,32.3333321,0.308957726,0.64375,3160,297,32.3333321,0.488008916,0.64375,4850,1074,48.5,1.29067934,0.64375,2953,87,32.3333321,0.245106667,0.64375,2913,78,32.3333321,0.220611423,0.64375,51.0000076,46.3750038,99.99815,26.81408,11.0666847,70.78548,11.5605164,3.32024765,77.68765,37.75,0.25,0,55,0,85,0.416,1.01,16,16,16,32,48,30,295,160,130,0,0,0,16,36.75,0.25,0,55,0,85,0.416,1.01,16,16,16,32,48,30,295,160,130,0,0,0,16,512,-1,485.785156,477.9375,7.84765625,7.6015625,7611.34961,7618.951,0,0,0,0,0,0,0,0,0,0,4.32455254,7,505,600,1200,3000,49,0.969000041,1.30500007,0,1,17,51,2670,10451.9824,0,0,0,0,5,3,0,0,19.07,19.992,0.975,11932.3359,516.601563,4.764558,0,0,0,0.00532412669,0,0,0,0,0,0,0,0,0,62.1875,60,16376,4143,12232,74.69887,56.371,4.244992E+07,249856
05/29/2026 12:44:49,41,54,0,50,55,45,45,45,45,65,12.12,5.03,1.312,1.396,0.986000061,0.324,0.666,3.288,2.046,0,3.37200022,3.37200022,3.12000012,50,46,45,45,899,700,0,806,712,0,0,0,0,0,20,10.77,0,1.56,3.08,16.92,0,1.54,6.73,20,36.0388222,3479,367,4850,1027,48.5,1.188101,0.65,3166,332,32.3333321,0.651569664,0.65,3012,138,32.3333321,0.2774822,0.65,3021,113,32.3333321,0.240793392,0.65,3020,187,32.3333321,0.351958722,0.65,4850,987,48.5,1.178592,0.6625,2989,82,32.3333321,0.207488641,0.6625,2921,73,32.3333321,0.1879309,0.6625,51.0000076,45.8750038,99.99815,26.78434,11.0964241,70.70697,11.5414619,3.339302,77.55961,37.75,0.25,0,55,0,85,0.416,1.01,16,16,16,32,48,30,295,160,130,0,0,0,16,36.75,0.25,0,55,0,85,0.416,1.01,16,16,16,32,48,30,295,160,130,0,0,0,16,512,-1,485.785156,477.9375,7.84765625,7.6015625,7611.34961,7618.951,0,0,0,0,0,0,0,0,0,0,4.166613,7,505,600,1200,3000,49,0.969000041,1.30500007,0,4,17,51,2670,10451.9824,0,0,0,0,5,3,0,0,18.544,23.222,0.975,11932.3359,516.601563,4.4970274,0,0,0,0.00716226036,0,0,0,0,0,0,0,0,0,62.28125,62,16376,4143,12232,74.69887,55.075,1049600,8.54999E+07
05/29/2026 12:44:51,41,55,0,50,55,45,45,45,45,65,12.12,5.04,1.312,1.39200008,0.994,0.322000027,0.666,3.288,2.046,0,3.37200022,3.37200022,3.124,51,45.5,45,45,898,707,0,809,694,0,0,0,0,0,23.81,9.52,3.12,3.12,3.12,25.4,0,1.56,8.71,25.4,35.6730537,3679,397,4850,1105,48.5,1.29013455,0.64375,3223,391,32.3333321,0.7034437,0.64375,2986,153,32.3333321,0.304327577,0.64375,2975,137,32.3333321,0.272192448,0.64375,4568,207,48.5,0.402848542,0.64375,4850,995,48.5,1.18773913,0.64375,2979,88,32.3333321,0.225576684,0.64375,3003,99,32.3333321,0.225915551,0.64375,51.0000076,45.8750038,99.99816,26.8149567,11.0658073,70.787796,11.5671921,3.313572,77.73251,37.75,0.25,0,55,0,85,0.416,1.01,16,16,16,32,48,30,295,160,130,0,0,0,16,36.75,0.25,0,55,0,85,0.416,1.01,16,16,16,32,48,30,295,160,130,0,0,0,16,512,-1,485.785156,477.9375,7.84765625,7.6015625,7611.34961,7618.951,0,0,0,0,0,0,0,0,0,0,4.29249334,7,505,600,1200,3000,49,0.965000033,1.30500007,0,4,17,51,2670,10451.9824,0,0,0,0,5,3,0,0,18.562,18.652,0.975,11932.3359,516.601563,4.660898,0,0,0,0.00464336434,0,0,0,0,0,0,0,0,0,62.4375,60,16376,4143,12232,74.69887,54.646,63099904,249856
05/29/2026 12:44:53,40,54,0,49,54,45,45,45,45,64,12.12,5.04,1.31000006,1.39200008,0.990000069,0.322000027,0.666,3.288,2.046,0,3.37600017,3.37200022,3.124,50,45.5,45,45,897,700,0,789,711,0,0,0,0,0,25,6.25,3.12,0,1.56,21.88,0,0,7.23,25,35.4065933,3448,389,4850,1046,48.5,1.23243809,0.6375,3220,415,32.3333321,0.7294612,0.6375,2973,147,32.3333321,0.278560251,0.6375,2904,94,32.3333321,0.218525842,0.6375,3008,207,32.3333321,0.3790842,0.6375,4850,1062,48.5,1.21809793,0.6375,2928,77,32.3333321,0.2005769,0.6375,2853,61,32.3333321,0.179345831,0.6375,50.8750076,45.8750038,99.99816,26.7846489,11.0961151,70.70778,11.5431175,3.33764648,77.57073,37.75,0.25,0,55,0,85,0.416,1.01,16,16,16,32,48,30,295,160,130,0,0,0,16,36.75,0.25,0,55,0,85,0.416,1.01,16,16,16,32,48,30,295,160,130,0,0,0,16,512,-1,485.785156,477.9375,7.84765625,7.6015625,7611.34961,7618.951,0,0,0,0,0,0,0,0,0,0,4.290935,7,505,600,1200,3000,49,0.965000033,1.30500007,0,0,17,51,2670,10451.9824,0,0,0,0,5,3,0,0,19.164,21.086,0.975,11932.3359,516.601563,4.603474,0,0,0,0.00595636154,0,0,0,0,0,0,0,0,0,62.40625,62,16376,4143,12232,74.69887,56.034,5.429965E+07,299008
05/29/2026 12:44:55,40,55,0,49,54,45,45,45,45,65,12.12,5.04,1.312,1.396,0.984,0.324,0.666,3.288,2.046,0,3.37200022,3.37200022,3.124,50,45.5,45,45,881,703,0,785,690,0,0,0,0,0,20.63,7.94,4.76,0,3.17,19.05,0,0,6.94,20.63,35.7245827,3268,417,4850,1233,48.5,1.34262776,0.63125,3177,379,32.3333321,0.6867428,0.63125,2987,188,32.3333321,0.3486213,0.63125,2982,121,32.3333321,0.274575055,0.63125,3010,205,32.3333321,0.413607359,0.63125,3233,1039,32.3333321,1.25887978,0.63125,2925,78,32.3333321,0.223599672,0.63125,2979,93,32.3333321,0.233791709,0.63125,50.8750076,45.8750038,99.9981461,26.78963,11.0911331,70.72094,11.5450172,3.33574677,77.5834961,37.75,0.25,0,55,0,85,0.416,1.01,16,16,16,32,48,30,295,160,130,0,0,0,16,36.75,0.25,0,55,0,85,0.416,1.01,16,16,16,32,48,30,295,160,130,0,0,0,16,512,-1,485.785156,477.9375,7.84765625,7.6015625,7611.34961,7618.951,0,0,0,0,0,0,0,0,0,0,4.36987066,7,505,600,1200,3000,49,0.965000033,1.30500007,0,2,17,51,2670,10451.9824,0,0,0,0,5,3,0,0,18.739,19.338,0.975,11932.3359,516.601563,4.738236,0,0,0,0.0062327,0,0,0,0,0,0,0,0,0,62.75,62,16376,4143,12232,74.69887,56.225,61449216,249856
05/29/2026 12:44:57,41,54,0,49,54,45,45,45,45,64,12.0960007,5.03,1.30800009,1.39200008,0.986000061,0.322000027,0.666,3.28400016,2.046,0,3.36800027,3.364,3.11600018,50,45.5,45,45,902,704,0,782,686,0,0,0,0,0,15.62,4.69,4.76,0,10.94,14.06,0,0,6.26,15.62,35.8192024,3467,364,4850,1070,48.5,1.21588516,0.64375,3223,325,32.3333321,0.6639529,0.64375,3027,158,32.3333321,0.293380171,0.64375,2981,107,32.3333321,0.228088915,0.64375,3004,202,32.3333321,0.377606839,0.64375,4850,912,48.5,1.14287412,0.64375,2907,69,32.3333321,0.1971411,0.64375,2892,69,32.3333321,0.1880702,0.64375,51.0000076,45.8750038,99.99815,26.7812271,11.0995369,70.6987457,11.5425262,3.33823776,77.56676,37.75,0.25,0,55,0,85,0.416,1.01,16,16,16,32,48,30,295,160,130,0,0,0,16,36.75,0.25,0,55,0,85,0.416,1.01,16,16,16,32,48,30,295,160,130,0,0,0,16,512,-1,485.785156,477.9375,7.84765625,7.6015625,7611.34961,7618.951,0,0,0,0,0,0,0,0,0,0,4.23703527,7,505,600,1200,3000,49,0.969000041,1.30500007,0,2,16,51,2670,10451.9824,0,0,0,0,5,3,0,0,18.413,17.264,0.975,11932.3359,516.601563,4.569957,0,0,0,0.0061329864,0,0,0,0,0,0,0,0,0,62.71875,62,16376,4143,12232,74.69887,54.699,299008,199680
05/29/2026 12:44:59,41,54,0,49,54,45,45,45,45,65,12.0960007,5.03,1.30800009,1.39200008,0.998,0.334000021,0.666,3.28000021,2.046,0,3.364,3.364,3.11600018,51,45.5,45,45.5,905,700,0,779,683,0,0,0,0,0,17.19,10.94,4.69,6.25,6.25,17.19,3.12,1.56,8.4,17.19,35.6523,3674,392,4850,1180,48.5,1.32720232,0.64375,3215,346,32.3333321,0.6521617,0.64375,3009,162,32.3333321,0.319662869,0.64375,3038,134,32.3333321,0.2767414,0.64375,4575,230,48.5,0.411445826,0.64375,4850,922,48.5,1.139748,0.64375,2881,82,32.3333321,0.226103514,0.64375,2975,79,32.3333321,0.2278301,0.64375,50.8750076,45.8750038,99.99815,26.7894936,11.09127,70.72057,11.542984,3.33778,77.56983,37.75,0.25,0,55,0,85,0.416,1.01,16,16,16,32,48,30,295,160,130,0,0,0,16,36.75,0.25,0,55,0,85,0.416,1.01,16,16,16,32,48,30,295,160,130,0,0,0,16,512,-1,485.785156,477.9375,7.84765625,7.6015625,7611.34961,7618.951,0,0,0,0,0,0,0,0,0,0,4.252601,7,505,600,1200,3000,49,1.04000008,1.30500007,0,5,17,51,2670,10451.9824,0,0,0,0,5,3,0,0,18.9,19.498,0.975,11932.3359,516.601563,4.628439,0,0,0,0.00479198666,0,0,0,0,0,0,0,0,0,62.75,62,16376,4143,12232,74.69887,55.306,6.419968E+07,249856
05/29/2026 12:45:01,41,54,0,50,55,45,45,45,45,65,12.12,5.03,1.30800009,1.39200008,0.994,0.338000029,0.666,3.28400016,2.046,0,3.364,3.364,3.11600018,51,45.5,45,45,905,673,0,778,683,0,0,0,0,0,23.81,4.76,1.59,3.17,3.17,15.87,0,0,6.55,23.81,35.963932,3662,396,4850,1145,48.5,1.30975926,0.63125,3198,356,32.3333321,0.693971634,0.63125,4513,150,48.5,0.307406276,0.63125,2968,114,32.3333321,0.2605911,0.63125,3038,200,32.3333321,0.4118437,0.63125,4850,1037,48.5,1.2282213,0.63125,2909,76,32.3333321,0.2174515,0.63125,2970,93,32.3333321,0.22334139,0.63125,51.0000076,46.3750038,99.99815,26.8198357,11.0609283,70.8006744,11.5734634,3.30730057,77.77466,37.75,0.25,0,55,0,85,0.416,1.01,16,16,16,32,48,30,295,160,130,0,0,0,16,36.75,0.25,0,55,0,85,0.416,1.01,16,16,16,32,48,30,295,160,130,0,0,0,16,512,-1,485.785156,477.9375,7.84765625,7.6015625,7611.34961,7618.951,0,0,0,0,0,0,0,0,0,0,4.200528,7,505,600,1200,3000,49,0.974000037,1.30500007,0,2,17,51,2670,10451.9824,0,0,0,0,5,3,0,0,19.136,20.388,0.975,11932.3359,516.832031,4.562312,0,0,0,0.00450420147,0,0,0,0,0,0,0,0,0,62.9375,62,16376,4143,12232,74.69887,56.685,6.369997E+07,249856
05/29/2026 12:45:03,41,54,0,50,55,45,45,45,45,65,12.0960007,5.03,1.30800009,1.39200008,0.978000045,0.328,0.666,3.28400016,2.046,0,3.36800027,3.364,3.11600018,50,45.5,45,45,897,672,0,800,706,0,0,0,0,0,14.06,4.69,0,4.69,1.56,18.75,0,0,5.47,18.75,35.43971,4616,363,4850,991,48.5,1.16929448,0.65,4850,348,48.5,0.683584034,0.65,4544,139,48.5,0.2774835,0.65,4492,119,48.5,0.2515466,0.65,4543,186,48.5,0.355223626,0.65,4850,960,48.5,1.15132868,0.65,4420,92,48.5,0.215958372,0.65,4381,66,48.5,0.188191637,0.65,51.0000076,45.8750038,99.99815,26.7823868,11.0983772,70.70181,11.5441284,3.33663559,77.57752,37.75,0.25,0,55,0,85,0.416,1.01,16,16,16,32,48,30,295,160,130,0,0,0,16,36.75,0.25,0,55,0,85,0.416,1.01,16,16,16,32,48,30,295,160,130,0,0,0,16,512,-1,485.785156,477.9375,7.84765625,7.6015625,7611.34961,7618.951,0,0,0,0,0,0,0,0,0,0,4.24992275,7,505,600,1200,3000,49,0.979000032,1.30500007,0,4,17,51,2670,10451.9824,0,0,0,0,5,3,0,0,18.629,19.161,0.975,11932.3359,516.832031,4.62747526,0,0,0,0.00431909924,0,0,0,0,0,0,0,0,0,63.03125,64,16376,4143,12232,74.69887,55.834,999424,9.054925E+07
05/29/2026 12:45:05,41,54,0,50,55,45,45,45,45,65,12.0960007,5.03,1.31000006,1.39200008,0.990000069,0.326,0.666,3.28000021,2.046,0,3.364,3.364,3.11600018,51,45,45,45,905,673,0,807,692,0,0,0,0,0,15.62,10.94,3.12,0,3.12,20.31,0,1.56,6.84,20.31,36.4623451,3485,388,4850,1097,48.5,1.25736713,0.64375,3233,365,32.3333321,0.683600843,0.64375,3000,150,32.3333321,0.299066871,0.64375,2988,120,32.3333321,0.250211269,0.64375,3064,194,32.3333321,0.378326416,0.64375,4850,1021,48.5,1.20501053,0.64375,2970,88,32.3333321,0.226808444,0.64375,2927,66,32.3333321,0.199122339,0.64375,51.0000076,46.3750038,99.99815,26.8178787,11.0628853,70.7955,11.57312,3.307644,77.7723541,37.75,0.25,0,55,0,85,0.416,1.01,16,16,16,32,48,30,295,160,130,0,0,0,16,36.75,0.25,0,55,0,85,0.416,1.01,16,16,16,32,48,30,295,160,130,0,0,0,16,512,-1,485.785156,477.9375,7.84765625,7.6015625,7611.34961,7618.951,0,0,0,0,0,0,0,0,0,0,4.215904,7,505,600,1200,3000,49,1.05500007,1.30500007,0,12,17,51,2670,10451.9824,0,0,0,0,5,3,0,0,19.782,17.348,0.975,11932.3359,516.832031,4.572788,0,0,0,0.00559581071,0,0,0,0,0,0,0,0,0,63.03125,62,16376,4143,12232,74.69887,54.755,849920,8.459981E+07
05/29/2026 12:45:07,41,54,0,50,55,45,45,45,45,65,12.0960007,5.03,1.30800009,1.39200008,0.988000035,0.322000027,0.666,3.28000021,2.046,0,3.364,3.364,3.11600018,51,45,45,45,907,673,0,790,710,0,0,0,0,0,18.46,4.62,1.54,3.08,1.54,15.38,1.54,0,5.77,18.46,35.5233231,3489,377,4850,1114,48.5,1.25224376,0.65,4850,375,48.5,0.6771991,0.65,3110,180,32.3333321,0.333217025,0.65,2984,112,32.3333321,0.2614197,0.64375,3073,214,32.3333321,0.393616885,0.64375,3233,872,32.3333321,1.12124014,0.64375,2912,78,32.3333321,0.2134392,0.64375,2902,69,32.3333321,0.200521812,0.64375,51.0000076,45.8750038,99.99815,26.7901726,11.0905914,70.72237,11.5419159,3.338848,77.56265,37.75,0.25,0,55,0,85,0.416,1.01,16,16,16,32,48,30,295,160,130,0,0,0,16,36.75,0.25,0,55,0,85,0.416,1.01,16,16,16,32,48,30,295,160,130,0,0,0,16,512,-1,485.785156,477.9375,7.84765625,7.6015625,7611.34961,7618.951,0,0,0,0,0,0,0,0,0,0,4.231324,7,505,600,1200,3000,49,0.979000032,1.30500007,0,5,17,51,2670,10451.9824,0,0,0,0,5,3,0,0,19.102,21.148,0.975,11932.3359,516.832031,4.53940058,0,0,0,0.00318176718,0,0,0,0,0,0,0,0,0,63.3125,62,16376,4143,12232,74.69887,55.839,999424,8.444928E+07
05/29/2026 12:45:09,41,54,0,50,55,45,45,45,45,65,12.0960007,5.02000046,1.30800009,1.39200008,0.996000051,0.324,0.666,3.28000021,2.046,0,3.364,3.364,3.11600018,51,45,45,45,897,698,0,801,694,0,0,0,0,0,25.4,7.94,3.17,4.76,6.35,22.22,0,0,8.73,25.4,35.9143524,3674,390,4850,1198,48.5,1.30802143,0.6375,4850,382,48.5,0.7024675,0.6375,3011,146,32.3333321,0.294734627,0.6375,2953,118,32.3333321,0.252084017,0.6375,3027,211,32.3333321,0.395587385,0.6375,4850,921,48.5,1.1652838,0.6375,2941,84,32.3333321,0.216544345,0.6375,2910,63,32.3333321,0.195767432,0.6375,51.0000076,46.3750038,99.99815,26.8197975,11.0609665,70.80057,11.5732727,3.3074913,77.77338,37.75,0.25,0,55,0,85,0.416,1.01,16,16,16,32,48,30,295,160,130,0,0,0,16,36.75,0.25,0,55,0,85,0.416,1.01,16,16,16,32,48,30,295,160,130,0,0,0,16,512,-1,485.785156,477.9375,7.84765625,7.6015625,7611.34961,7618.951,0,0,0,0,0,0,0,0,0,0,4.34920454,7,505,600,1200,3000,50,0.969000041,1.30500007,0,5,17,52,2670,10451.9824,0,0,0,0,5,3,0,0,19.009,19.364,0.975,11932.3359,516.832031,4.7100625,0,0,0,0.00438214745,0,0,0,0,0,0,0,0,0,63.3125,62,16376,4143,12232,74.69887,56.77,50299904,249856
05/29/2026 12:45:11,41,54,0,50,55,45,45,45,45,65,12.0960007,5.03,1.30800009,1.39200008,0.988000035,0.326,0.666,3.28400016,2.046,0,3.36800027,3.364,3.11600018,51,45.5,45,45,897,698,0,791,694,0,0,0,0,0,22.22,6.35,1.59,1.59,3.17,20.63,0,1.59,7.14,22.22,36.1143379,3864,389,4850,1072,48.5,1.23493636,0.65,4850,376,48.5,0.6642236,0.65,4468,152,48.5,0.2981328,0.65,3024,144,32.3333321,0.270183355,0.63125,3010,203,32.3333321,0.3902699,0.63125,4850,988,48.5,1.18228877,0.63125,2923,94,32.3333321,0.219321713,0.63125,2936,86,32.3333321,0.209353924,0.63125,51.1250076,45.8750038,99.99815,26.7879448,11.0928192,70.7164841,11.54488,3.335884,77.58257,37.75,0.25,0,55,0,85,0.416,1.01,16,16,16,32,48,30,295,160,130,0,0,0,16,36.75,0.25,0,55,0,85,0.416,1.01,16,16,16,32,48,30,295,160,130,0,0,0,16,512,-1,485.785156,477.9375,7.84765625,7.6015625,7611.34961,7618.951,0,0,0,0,0,0,0,0,0,0,4.26278067,7,505,600,1200,3000,49,0.969000041,1.30500007,0,0,16,52,2670,10451.9824,0,0,0,0,5,3,0,0,18.951,18.035,0.975,11932.3359,516.832031,4.60684872,0,0,0,0.00332125346,0,0,0,0,0,0,0,0,0,63.3125,62,16376,4143,12232,74.69887,55.056,299008,249856
05/29/2026 12:45:13,41,54,0,50,55,46,46,46,46,65,12.0960007,5.03,1.30800009,1.39200008,1.014,0.324,0.666,3.28000021,2.046,0,3.364,3.364,3.11200023,52,45,45,45,902,698,0,801,711,0,0,0,0,0,14.29,9.52,6.35,4.84,4.76,33.33,0,3.23,9.54,33.33,36.12836,4034,508,4850,1179,48.5,1.3687979,0.65,4760,450,48.5,0.8200185,0.65,3039,195,32.3333321,0.4105027,0.65,2998,153,32.3333321,0.3680191,0.65,3093,272,32.3333321,0.5365143,0.65,4850,1636,48.5,1.80145693,0.64375,4304,93,48.5,0.293183029,0.64375,4380,83,48.5,0.2757957,0.64375,51.8750076,46.3750038,99.99815,26.8209,11.059864,70.80348,11.5737343,3.30702972,77.77648,37.75,0.25,0,55,0,85,0.416,1.01,16,16,16,32,48,30,295,160,130,0,0,0,16,36.75,0.25,0,55,0,85,0.416,1.01,16,16,16,32,48,30,295,160,130,0,0,0,16,512,-1,485.785156,477.9375,7.84765625,7.6015625,7611.34961,7618.951,0,0,0,0,0,0,0,0,0,0,4.23883867,7,505,600,1200,3000,49,0.965000033,1.30500007,0,0,16,52,2670,10451.9824,0,0,0,0,4,2,0,0,19.332,18.744,0.975,11933.6172,516.9883,3.966732,0,0,0,0.09510711,0,0,0,0,0,0.008492239,0,0,0,63.53125,62,16376,4142,12233,74.7066956,54.497,999424,8.344986E+07
05/29/2026 12:45:15,42,54,0,51,55,47,47,47,47,66,12.0960007,5.03,1.30800009,1.39200008,1,0.322000027,0.666,3.28400016,2.046,0,3.36800027,3.364,3.11200023,52,45,45,45,913,673,0,807,696,0,0,0,0,0,20,4.62,1.54,4.62,6.15,18.46,1.54,0,7.12,20,36.209713,3437,462,4850,1519,48.5,1.618003,0.64375,3173,401,32.3333321,0.782227,0.64375,2978,163,32.3333321,0.3662158,0.64375,2917,135,32.3333321,0.320779353,0.64375,2982,226,32.3333321,0.4595383,0.65,4850,1122,48.5,1.34680164,0.65,2852,66,32.3333321,0.249093,0.65,2893,67,32.3333321,0.22412926,0.65,52.8750076,46.3750038,99.99815,26.821476,11.059288,70.805,11.574398,3.306366,77.78094,37.75,0.25,0,55,0,85,0.416,1.01,16,16,16,32,48,30,295,160,130,0,0,0,16,36.75,0.25,0,55,0,85,0.416,1.01,16,16,16,32,48,30,295,160,130,0,0,0,16,512,-1,485.785156,477.9375,7.84765625,7.6015625,7611.34961,7618.951,0,0,0,0,0,0,0,0,0,0,4.297648,7,505,600,1200,3000,49,1.03000009,1.30500007,0,8,17,52,2670,10451.9824,0,0,0,0,4,2,0,0,19.119,21.053,0.975,11933.6172,516.9883,3.50068069,0,0,0,0.08293135,0,0,0,0,0,0,0,0,0,63.59375,62,16376,4142,12233,74.7066956,55.21,999424,8.219955E+07
05/29/2026 12:45:17,43,54,0,51,56,49,49,49,49,67,12.0960007,5.03,1.30800009,1.39200008,1.00200009,0.326,0.666,3.28400016,2.046,0,3.36800027,3.364,3.11600018,53,45,45,45,937,673,0,792,697,0,0,0,0,0,30.77,9.23,3.08,3.08,4.62,21.54,3.08,0,9.42,30.77,36.91657,4072,484,4850,1639,48.5,1.70919514,0.65,4842,435,48.5,0.82273823,0.65,4535,160,48.5,0.383912,0.65,2993,127,32.3333321,0.325326681,0.65,4582,237,48.5,0.5007627,0.65,4850,1082,48.5,1.35424459,0.65,2964,102,32.3333321,0.289362669,0.65,2962,86,32.3333321,0.262321,0.65,53.1250076,46.3750038,99.99816,26.7851219,11.0956421,70.70903,11.543705,3.337059,77.57468,37.75,0.25,0,55,0,85,0.416,1.01,16,16,16,32,48,30,295,160,130,0,0,0,16,36.75,0.25,0,55,0,85,0.416,1.01,16,16,16,32,48,30,295,160,130,0,0,0,16,512,-1,485.785156,477.9375,7.84765625,7.6015625,7611.34961,7618.951,0,0,0,0,0,0,0,0,0,0,4.365529,7,505,600,1200,3000,49,1.064,1.30500007,0,10,17,52,2670,10451.9824,0,0,0,0,4,2,0,0,19.055,18.715,0.975,11933.6992,516.8828,3.55671835,0,0,0,0.09359023,0,0,0,0,0,0,0,0,0,63.65625,62,16376,4141,12234,74.70718,54.808,999424,149504
05/29/2026 12:45:19,43,54,0,52,57,49,49,49,49,67,12.0960007,5.03,1.30800009,1.39200008,0.988000035,0.33,0.666,3.28000021,2.046,0,3.364,3.364,3.11600018,53,45.5,45,45.5,956,673,0,820,727,0,0,0,0,0,25.4,9.52,1.59,4.76,6.35,23.81,1.59,0,9.13,25.4,37.0804176,4026,437,4850,1226,48.5,1.40292335,0.65,3233,402,32.3333321,0.7600716,0.65,3039,175,32.3333321,0.367064416,0.65,3064,147,32.3333321,0.326914638,0.65,4565,236,48.5,0.47258684,0.65,4850,1167,48.5,1.38667762,0.65,4337,74,48.5,0.25635764,0.65,4267,66,48.5,0.243342474,0.65,53.2500076,45.8750038,99.99816,26.7865372,11.0942268,70.71277,11.5450325,3.33573151,77.5836,37.75,0.25,0,55,0,85,0.416,1.01,16,16,16,32,48,30,295,160,130,0,0,0,16,36.75,0.25,0,55,0,85,0.416,1.01,16,16,16,32,48,30,295,160,130,0,0,0,16,512,-1,485.785156,477.9375,7.84765625,7.6015625,7611.34961,7618.951,0,0,0,0,0,0,0,0,0,0,4.233263,7,505,600,1200,3000,49,0.969000041,1.30500007,0,2,16,52,2670,10451.9824,0,0,0,0,4,2,0,0,18.114,17.291,0.975,11933.6992,516.8828,3.48066258,0,0,0,0.06273554,0,0,0,0,0,0,0,0,0,63.71875,62,16376,4141,12234,74.70718,53.165,999424,8.419942E+07
05/29/2026 12:45:21,43,54,0,53,57,49,49,49,49,67,12.0960007,5.03,1.30800009,1.39200008,0.996000051,0.326,0.666,3.28000021,2.046,0,3.36800027,3.364,3.11600018,52,45.5,45,45,948,698,0,818,740,0,0,0,0,0,25.4,7.94,0,1.59,3.17,19.05,0,0,7.14,25.4,36.30493,3687,432,4850,1333,48.5,1.459909,0.6375,4850,427,48.5,0.8002329,0.6375,3038,158,32.3333321,0.335286,0.6375,2936,113,32.3333321,0.285395175,0.6375,3018,204,32.3333321,0.433609784,0.6375,4850,1042,48.5,1.29023635,0.6375,3023,102,32.3333321,0.279973149,0.6375,2931,79,32.3333321,0.235171318,0.6375,52.6250076,45.8750038,99.99816,26.7911339,11.08963,70.7249,11.5448608,3.33590317,77.58244,37.75,0.25,0,55,0,85,0.416,1.01,16,16,16,32,48,30,295,160,130,0,0,0,16,36.75,0.25,0,55,0,85,0.416,1.01,16,16,16,32,48,30,295,160,130,0,0,0,16,512,-1,485.785156,477.9375,7.84765625,7.6015625,7611.34961,7618.951,0,0,0,0,0,0,0,0,0,0,4.36657763,7,505,600,1200,3000,49,0.974000037,1.30500007,0,0,16,52,2670,10451.9824,0,0,0,0,4,2,0,0,19.683,19.724,0.975,11933.6992,517.2578,3.47355938,0,0,0,0.0336357467,0,0,0,0,0,0,0,0,0,63.71875,62,16376,4141,12234,74.70718,53.808,38349824,249856
05/29/2026 12:45:23,42,54,0,51,56,47,47,47,47,66,12.12,5.03,1.30800009,1.39200008,0.992000043,0.324,0.666,3.28400016,2.046,0,3.36800027,3.364,3.11600018,52,45,45,45,942,699,0,820,725,0,0,0,0,0,28.57,1.59,4.76,1.61,4.76,14.29,0,3.23,7.35,28.57,35.91691,3428,412,4850,1540,48.5,1.57805741,0.64375,3167,355,32.3333321,0.736424744,0.64375,2976,174,32.3333321,0.343864679,0.64375,2909,109,32.3333321,0.260687053,0.64375,2951,213,32.3333321,0.423303634,0.64375,4850,752,48.5,1.09701085,0.64375,2879,82,32.3333321,0.238123581,0.64375,2841,69,32.3333321,0.218686223,0.64375,52.2500076,46.3750038,99.99816,26.81649,11.0642738,70.79184,11.5759125,3.30485153,77.7911148,37.75,0.25,0,55,0,85,0.416,1.01,16,16,16,32,48,30,295,160,130,0,0,0,16,36.75,0.25,0,55,0,85,0.416,1.01,16,16,16,32,48,30,295,160,130,0,0,0,16,512,-1,485.785156,477.9375,7.84765625,7.6015625,7611.34961,7618.951,0,0,0,0,0,0,0,0,0,0,4.44600773,7,505,600,1200,3000,49,0.965000033,1.30500007,0,7,17,52,2670,10451.9824,0,0,0,0,4,2,0,0,19.852,19.676,0.975,11933.6992,517.2578,3.61943316,0,0,0,0.0525021777,0,0,0,0,0,0,0,0,0,63.96875,64,16376,4141,12234,74.70718,55.105,3.694899E+07,7.414989E+07
05/29/2026 12:45:25,42,54,0,51,56,47,47,47,47,66,12.12,5.03,1.30800009,1.39200008,0.994,0.328,0.664000034,3.28000021,2.046,0,3.364,3.364,3.11600018,52,45,45,45.5,929,698,0,811,741,0,0,0,0,0,32.81,4.69,1.56,1.56,3.12,18.75,0,0,7.81,32.81,36.20591,3651,429,4850,1538,48.5,1.54586434,0.64375,4790,389,48.5,0.7537237,0.64375,3079,179,32.3333321,0.334997684,0.64375,2950,109,32.3333321,0.269111872,0.64375,2997,195,32.3333321,0.398823529,0.64375,4850,889,48.5,1.20640469,0.64375,2877,70,32.3333321,0.230086267,0.64375,2814,63,32.3333321,0.21909301,0.64375,52.1250076,46.3750038,99.99816,26.78667,11.0940933,70.71312,11.5490379,3.331726,77.61052,37.75,0.25,0,55,0,85,0.416,1.01,16,16,16,32,48,30,295,160,130,0,0,0,16,36.75,0.25,0,55,0,85,0.416,1.01,16,16,16,32,48,30,295,160,130,0,0,0,16,512,-1,485.785156,477.9375,7.84765625,7.6015625,7611.34961,7618.951,0,0,0,0,0,0,0,0,0,0,4.352219,7,505,600,1200,3000,50,0.965000033,1.30500007,0,3,17,52,2670,10451.9824,0,0,0,0,4,2,0,0,19.383,17.306,0.975,11933.6992,517.2578,3.52227139,0,0,0,0.0441474766,0,0,0,0,0,0,0,0,0,64,62,16376,4141,12234,74.70718,54.223,3.689984E+07,249856
05/29/2026 12:45:27,42,54,0,51,56,47,47,47,47,66,12.0960007,5.03,1.31000006,1.39200008,0.986000061,0.336000025,0.666,3.28400016,2.046,0,3.36800027,3.36800027,3.11600018,51,45,45,45,938,698,0,813,718,0,0,0,0,0,29.69,6.25,1.56,3.12,1.54,14.06,0,0,7.03,29.69,36.44644,4055,403,5050,1459,50.5,1.45796835,0.55,3984,361,40.4,0.671083033,0.55,3760,170,40.4,0.3247205,0.55625,3647,99,40.4,0.2534163,0.55625,3737,207,40.4,0.3842743,0.55625,5050,775,50.5,1.09715474,0.55,3659,84,40.4,0.230467558,0.55,3551,69,40.4,0.214569137,0.55,52.0000076,45.8750038,99.99816,26.784462,11.096302,70.70729,11.5479355,3.33282852,77.60311,37.75,0.25,0,55,0,85,0.416,1.01,16,16,16,32,48,30,295,160,130,0,0,0,16,36.75,0.25,0,55,0,85,0.416,1.01,16,16,16,32,48,30,295,160,130,0,0,0,16,512,-1,485.785156,477.9375,7.84765625,7.6015625,7611.34961,7618.951,0,0,0,0,0,0,0,0,0,0,4.14486027,7,505,600,1200,3000,49,0.979000032,1.30500007,0,3,17,52,2670,10451.9824,0,0,0,0,4,2,0,0,18.438,22.387,0.975,11933.6992,517.3828,3.55485415,0,0,0,0.0497838035,0,0,0,0,0,0,0,0,0,64.09375,64,16376,4141,12234,74.70718,53.566,799744,1.569495E+08
05/29/2026 12:45:29,41,54,0,50,55,45,45,45,45,65,12.12,5.03,1.30800009,1.39200008,0.996000051,0.326,0.664000034,3.28400016,2.046,0,3.36800027,3.36800027,3.11600018,51,45.5,45,45,909,673,0,799,715,0,0,0,0,0,30.77,6.15,3.08,1.56,4.62,13.85,1.54,3.12,8.09,30.77,35.9775124,4029,428,4850,1583,48.5,1.5683037,0.64375,4824,392,48.5,0.7521403,0.64375,4403,136,48.5,0.3210377,0.64375,2994,110,32.3333321,0.289375931,0.64375,4488,188,48.5,0.437300354,0.64375,4850,856,48.5,1.19245446,0.64375,2862,73,32.3333321,0.2264956,0.64375,2964,90,32.3333321,0.235621288,0.64375,51.7500076,45.8750038,99.99816,26.78867,11.0920944,70.7184,11.5494,3.33136368,77.61295,37.75,0.25,0,55,0,85,0.416,1.01,16,16,16,32,48,30,295,160,130,0,0,0,16,36.75,0.25,0,55,0,85,0.416,1.01,16,16,16,32,48,30,295,160,130,0,0,0,16,512,-1,485.785156,477.9375,7.84765625,7.6015625,7611.34961,7618.951,0,0,0,0,0,0,0,0,0,0,4.251403,7,505,600,1200,3000,49,0.989,1.30500007,0,12,17,52,2670,10451.9824,0,0,0,0,4,2,0,0,19.852,20.348,0.975,11933.6992,517.3828,3.471143,0,0,0,0.0546292849,0,0,0,0,0,0,0,0,0,64.1875,64,16376,4141,12234,74.70718,54.634,1049600,8.204902E+07
05/29/2026 12:45:31,41,54,0,50,55,47,47,47,47,66,12.0960007,5.03,1.30800009,1.39200008,0.992000043,0.326,0.664000034,3.28400016,2.046,0,3.36800027,3.364,3.11600018,52,45,45,45.5,895,673,0,791,718,0,0,0,0,0,34.92,3.17,3.23,3.23,1.59,14.29,3.23,1.61,8.16,34.92,36.37723,4076,455,4850,1522,48.5,1.53394806,0.63125,4850,484,48.5,0.8523604,0.63125,4606,181,48.5,0.355592579,0.63125,3020,136,32.3333321,0.308909982,0.63125,4631,233,48.5,0.466496974,0.63125,4850,929,48.5,1.28262007,0.63125,2912,89,32.3333321,0.261632323,0.63125,2893,69,32.3333321,0.2384398,0.63125,51.8750076,46.8750038,99.9981461,26.788868,11.0918961,70.7189255,11.5492859,3.331478,77.61218,37.75,0.25,0,55,0,85,0.416,1.01,16,16,16,32,48,30,295,160,130,0,0,0,16,36.75,0.25,0,55,0,85,0.416,1.01,16,16,16,32,48,30,295,160,130,0,0,0,16,512,-1,485.785156,477.9375,7.84765625,7.6015625,7611.34961,7618.951,0,0,0,0,0,0,0,0,0,0,4.40628672,7,505,600,1200,3000,50,1.03000009,1.30500007,0,7,17,53,2670,10451.9824,0,0,0,0,4,2,0,0,19.584,18.685,0.975,11933.6992,517.3828,3.54093146,0,0,0,0.0471036881,0,0,0,0,0,0,0,0,0,64.34375,64,16376,4141,12234,74.70718,55.2,38549504,7.414989E+07
05/29/2026 12:45:33,42,54,0,50,55,46,46,46,46,65,12.0960007,5.03,1.30800009,1.39200008,0.990000069,0.324,0.666,3.28000021,2.046,0,3.364,3.364,3.11600018,51,45,45,45.5,920,673,0,791,716,0,0,0,0,0,31.25,4.69,1.56,1.56,0,15.62,1.56,0,7.03,31.25,35.8401566,4020,389,4850,1399,48.5,1.4548949,0.65,4799,355,48.5,0.6867309,0.65,4459,131,48.5,0.31873852,0.65,2971,111,32.3333321,0.265067816,0.65,4496,196,48.5,0.416100681,0.65,4850,779,48.5,1.09482408,0.65,2868,78,32.3333321,0.232948363,0.65,2865,66,32.3333321,0.215030953,0.65,51.8750076,45.8750038,99.99815,26.78648,11.0942841,70.712616,11.5475464,3.33321762,77.6004944,37.75,0.25,0,55,0,85,0.416,1.01,16,16,16,32,48,30,295,160,130,0,0,0,16,36.75,0.25,0,55,0,85,0.416,1.01,16,16,16,32,48,30,295,160,130,0,0,0,16,512,-1,485.785156,477.9375,7.84765625,7.6015625,7611.34961,7618.951,0,0,0,0,0,0,0,0,0,0,4.22690868,7,505,600,1200,3000,49,0.969000041,1.30500007,0,3,16,53,2670,10451.9824,0,0,0,0,4,2,0,0,19.275,17.205,0.975,11933.6992,517.3828,3.51536083,0,0,0,0.0621509328,0,0,0,0,0,0,0,0,0,64.375,64,16376,4141,12234,74.70718,53.504,3.849933E+07,249856
05/29/2026 12:45:35,41,54,0,50,55,46,46,46,46,65,12.0960007,5.03,1.30800009,1.39200008,0.984,0.326,0.666,3.28400016,2.046,0,3.36800027,3.36800027,3.11600018,51,45.5,45,45,907,673,0,791,698,0,0,0,0,0,36.92,14.06,1.56,1.56,1.56,10.94,1.56,1.56,8.72,36.92,36.5324326,4593,375,4850,1386,48.5,1.39877832,0.6375,4708,332,48.5,0.6234926,0.6375,4559,159,48.5,0.329095155,0.6375,4403,98,48.5,0.263963759,0.6375,4590,201,48.5,0.396178365,0.6375,4850,675,48.5,0.993186,0.6375,4408,77,48.5,0.23966372,0.6375,4378,69,48.5,0.225905716,0.6375,51.8750076,46.3750038,99.99816,26.7905464,11.0902176,70.72336,11.5480881,3.332676,77.60413,37.75,0.25,0,55,0,85,0.416,1.01,16,16,16,32,48,30,295,160,130,0,0,0,16,36.75,0.25,0,55,0,85,0.416,1.01,16,16,16,32,48,30,295,160,130,0,0,0,16,512,-1,485.785156,477.9375,7.84765625,7.6015625,7611.34961,7618.951,0,0,0,0,0,0,0,0,0,0,4.15901327,7,505,600,1200,3000,49,0.969000041,1.30500007,0,2,17,53,2670,10451.9824,0,0,0,0,4,2,0,0,18.802,19.073,0.975,11933.6992,517.3828,3.45742345,0,0,0,0.0529062264,0,0,0,0,0,0,0,0,0,64.53125,64,16376,4141,12234,74.70718,53.781,349184,299008
05/29/2026 12:45:37,41,54,0,50,55,45,45,45,45,65,12.0960007,5.03,1.30800009,1.39200008,0.978000045,0.338000029,0.666,3.28000021,2.046,0,3.36800027,3.364,3.11600018,51,45.5,45,45.5,913,698,0,808,696,0,0,0,0,0,27.69,3.08,1.56,0,3.08,10.77,0,1.56,5.97,27.69,35.50811,3450,347,4850,1192,48.5,1.21032882,0.65,3071,268,32.3333321,0.523571253,0.65,2952,111,32.3333321,0.27488476,0.65,2944,97,32.3333321,0.235403135,0.65,3055,184,32.3333321,0.3590024,0.65,4850,776,48.5,1.07505333,0.65,2892,71,32.3333321,0.217884287,0.65,2990,75,32.3333321,0.219639942,0.65,51.7500076,45.8750038,99.9981461,26.7889824,11.0917816,70.71922,11.54829,3.33247375,77.60549,37.75,0.25,0,55,0,85,0.416,1.01,16,16,16,32,48,30,295,160,130,0,0,0,16,36.75,0.25,0,55,0,85,0.416,1.01,16,16,16,32,48,30,295,160,130,0,0,0,16,512,-1,485.785156,477.9375,7.84765625,7.6015625,7611.34961,7618.951,0,0,0,0,0,0,0,0,0,0,4.22270155,7,505,600,1200,3000,49,0.979000032,1.30500007,0,2,17,53,2670,10451.9824,0,0,0,0,4,2,0,0,19.982,21.136,0.975,11933.6992,517.3828,3.48377776,0,0,0,0.05203834,0,0,0,0,0,0,0,0,0,64.65625,64,16376,4141,12234,74.70718,55.286,2.534912E+07,299008
05/29/2026 12:45:39,41,54,0,50,55,45,45,45,45,65,12.0960007,5.03,1.30800009,1.39200008,0.990000069,0.332000017,0.666,3.28400016,2.046,0,3.36800027,3.36800027,3.11600018,51,45.5,45,45,893,698,0,804,715,0,0,0,0,0,34.92,6.35,6.35,11.11,3.17,19.05,4.76,6.35,11.51,34.92,36.06859,4035,407,4850,1256,48.5,1.29809535,0.64375,4835,437,48.5,0.739898562,0.64375,4438,137,48.5,0.314296365,0.64375,2961,126,32.3333321,0.288363457,0.64375,4458,189,48.5,0.3926406,0.64375,4850,928,48.5,1.21695125,0.64375,2961,97,32.3333321,0.262349963,0.64375,2924,84,32.3333321,0.23865746,0.64375,51.7500076,45.8750038,99.99816,26.7929153,11.0878487,70.72961,11.5509872,3.32977676,77.62362,37.75,0.25,0,55,0,85,0.416,1.01,16,16,16,32,48,30,295,160,130,0,0,0,16,36.75,0.25,0,55,0,85,0.416,1.01,16,16,16,32,48,30,295,160,130,0,0,0,16,512,-1,485.785156,477.9375,7.84765625,7.6015625,7611.34961,7618.951,0,0,0,0,0,0,0,0,0,0,4.301671,7,505,600,1200,3000,49,1.04000008,1.30500007,0,13,17,53,2670,10451.9824,0,0,0,0,4,2,0,0,19.53,17.623,0.975,11933.6992,517.3828,3.58279467,0,0,0,0.0591088459,0,0,0,0,0,0,0,0,0,64.65625,64,16376,4141,12234,74.70718,54.714,3.759923E+07,7.424922E+07
05/29/2026 12:45:41,41,54,0,50,55,47,47,47,47,66,12.0960007,5.02000046,1.30600011,1.388,0.9760001,0.322000027,0.664000034,3.28000021,2.046,0,3.364,3.36000013,3.11200023,52,45,44.5,45.5,907,698,0,803,713,0,0,0,0,0,18.46,3.08,1.54,1.54,1.54,13.85,0,0,5,18.46,35.5376663,4181,351,4850,1146,48.5,1.160411,0.63125,4606,256,48.5,0.528999,0.63125,4421,121,48.5,0.261139929,0.63125,2907,84,32.3333321,0.195139363,0.63125,4518,150,48.5,0.312572479,0.63125,5025,941,50.25,1.165908,0.51875,3558,55,40.2,0.166129291,0.51875,3561,53,40.2,0.150532261,0.51875,51.8750076,45.8750038,99.99816,26.7928658,11.0878983,70.72948,11.5519714,3.32879257,77.63023,37.75,0.25,0,55,0,85,0.416,1.01,16,16,16,32,48,30,295,160,130,0,0,0,16,36.75,0.25,0,55,0,85,0.416,1.01,16,16,16,32,48,30,295,160,130,0,0,0,16,512,-1,485.785156,477.9375,7.84765625,7.6015625,7611.34961,7618.951,0,0,0,0,0,0,0,0,0,0,4.143427,7,505,600,1200,3000,49,0.979000032,1.30500007,0,3,17,53,2670,10451.9824,0,0,0,0,4,3,0,0,18.585,23.622,0.975,11933.6992,517.5,3.5514307,0,0,0,0.0524691,0,0,0,0,0,0.009830002,0,0,0,64.78125,64,16376,4141,12234,74.70718,54.16,849920,8.314982E+07
05/29/2026 12:45:43,42,54,0,51,56,47,47,47,47,66,12.0960007,5.03,1.30600011,1.388,0.972000062,0.322000027,0.664000034,3.28000021,2.046,0,3.364,3.364,3.11200023,51,45,44.5,45,937,673,0,815,700,0,0,0,0,0,20.63,6.35,6.35,1.59,1.59,14.29,1.59,0,6.55,20.63,36.33417,3231,291,3600,1008,36,1.01406944,0.64375,3115,225,32.3333321,0.439768344,0.64375,2905,91,32.3333321,0.1581094,0.80625,2794,55,32.3333321,0.119961977,0.80625,3004,139,32.3333321,0.242189392,0.80625,4850,730,48.5,1.00131,0.80625,2788,43,32.3333321,0.08900462,0.80625,2792,38,32.3333321,0.08263839,0.80625,52.0000076,45.8750038,99.99815,26.820034,11.06073,70.80119,11.5830994,3.29766464,77.83942,37.75,0.25,0,55,0,85,0.416,1.01,16,16,16,32,48,30,295,160,130,0,0,0,16,36.75,0.25,0,55,0,85,0.416,1.01,16,16,16,32,48,30,295,160,130,0,0,0,16,512,-1,485.785156,477.9375,7.84765625,7.6015625,7611.34961,7618.951,0,0,0,0,0,0,0,0,0,0,4.2051053,7,505,600,1200,3000,49,0.840000033,1.30500007,0,0,17,53,2670,10451.9824,0,0,0,0,4,3,0,0,19.212,20.27,0.975,11933.6992,517.5,3.68550181,0,0,0,0.0462852046,0,0,0,0,0,0,0,0,0,64.84375,64,16376,4141,12234,74.70718,55.316,299008,249856
05/29/2026 12:45:45,41,54,0,50,55,45,45,45,45,65,12.0960007,5.03,1.30800009,1.39200008,0.982000053,0.336000025,0.666,3.28000021,2.046,0,3.364,3.364,3.11600018,51,45.5,44.5,45.5,918,673,0,812,705,0,0,0,0,0,27.69,12.31,1.54,1.56,4.62,12.31,1.56,1.56,7.89,27.69,35.28108,4496,336,4850,1265,48.5,1.2741878,0.64375,4636,267,48.5,0.5695247,0.64375,4344,96,48.5,0.217382073,0.64375,4307,67,48.5,0.1511277,0.64375,4436,144,48.5,0.304144472,0.64375,4850,748,48.5,1.02822936,0.64375,4274,54,48.5,0.121584624,0.64375,4271,43,48.5,0.09437508,0.64375,51.7500076,46.3750038,99.99815,26.8201447,11.0606194,70.80149,11.5834351,3.297329,77.84167,37.75,0.25,0,55,0,85,0.416,1.01,16,16,16,32,48,30,295,160,130,0,0,0,16,36.75,0.25,0,55,0,85,0.416,1.01,16,16,16,32,48,30,295,160,130,0,0,0,16,512,-1,485.785156,477.9375,7.84765625,7.6015625,7611.34961,7618.951,0,0,0,0,0,0,0,0,0,0,4.18352127,7,505,600,1200,3000,49,0.955000043,1.30500007,0,6,17,53,2670,10451.9824,0,0,0,0,4,3,0,0,20.184,19.603,0.975,11933.6992,517.5,3.65926361,0,0,0,0.05180621,0,0,0,0,0,0,0,0,0,65.09375,64,16376,4141,12234,74.70718,56.152,999424,99328
05/29/2026 12:45:47,41,54,0,50,55,47,47,47,47,66,12.0960007,5.02000046,1.30600011,1.388,0.990000069,0.324,0.666,3.28000021,2.046,0,3.364,3.364,3.11600018,52,45,44.5,45.5,907,672,0,800,708,0,0,0,0,0,32.81,7.81,7.94,1.59,10.94,29.69,4.76,1.59,12.14,32.81,36.40536,4219,399,4850,1237,48.5,1.286403,0.63125,4744,332,48.5,0.6306967,0.63125,4548,168,48.5,0.3613313,0.63125,4404,91,48.5,0.265834838,0.63125,4482,174,48.5,0.412003547,0.63125,4850,1018,48.5,1.2643019,0.63125,2906,96,32.3333321,0.257016182,0.63125,2967,77,32.3333321,0.24429369,0.6375,52.3750076,46.3750038,99.99816,26.8244057,11.0563583,70.81274,11.5848236,3.2959404,77.851,37.75,0.25,0,55,0,85,0.416,1.01,16,16,16,32,48,30,295,160,130,0,0,0,16,36.75,0.25,0,55,0,85,0.416,1.01,16,16,16,32,48,30,295,160,130,0,0,0,16,512,-1,485.785156,477.9375,7.84765625,7.6015625,7611.34961,7618.951,0,0,0,0,0,0,0,0,0,0,4.335495,7,505,600,1200,3000,49,1.03500009,1.30500007,0,16,17,53,2670,10451.9824,0,0,0,0,4,2,0,0,19.478,17.808,0.975,11933.7031,520.3594,3.6715734,0,0,0,0.0568932444,0,0,0,0,0,0.0273752827,0,0,0,65.0625,64,16376,4141,12234,74.70718,54.518,1049600,7.419904E+07
05/29/2026 12:45:49,42,54,0,51,56,47,47,47,47,66,12.0960007,5.02000046,1.30800009,1.388,0.990000069,0.33,0.664000034,3.28000021,2.046,0,3.364,3.36000013,3.11200023,52,45,44.5,45,935,698,0,809,706,0,0,0,0,0,20,3.08,1.54,1.54,3.08,20,0,3.08,6.54,20,35.64519,3448,371,4020,1129,40.2,1.1882199,0.51875,3244,291,33.5,0.555897653,0.51875,3121,146,33.5,0.310857862,0.51875,3076,97,33.5,0.2614664,0.51875,3179,181,33.5,0.370574832,0.51875,4950,977,49.5,1.213533,0.50625,2936,67,33,0.218164027,0.50625,3055,82,33,0.222819641,0.50625,52.1250076,54.2500038,99.9981461,26.78693,11.0938339,70.7138062,11.5527382,3.32802582,77.63538,37.5,0.25,0,55,0,85,0.416,1.01,16,16,16,32,48,30,295,160,130,0,0,0,16,36.5,0.25,0,55,0,85,0.416,1.01,16,16,16,32,48,30,295,160,130,0,0,0,16,512,-1,485.785156,477.9375,7.84765625,7.6015625,7611.34961,7618.951,0,0,0,0,0,0,0,0,0,0,4.1849246,7,505,600,1200,3000,49,0.969000041,1.30500007,0,2,16,53,2670,10451.9824,0,0,0,0,4,2,0,0,18.905,18.665,0.975,11933.7031,520.3594,3.59999,0,0,0,0.0539999977,0,0,0,0,0,0,0,0,0,65.21875,64,16376,4141,12234,74.70718,54.313,4349952,7.439974E+07
05/29/2026 12:45:51,42,54,0,51,56,47,47,47,47,66,12.0960007,5.03,1.30800009,1.388,0.992000043,0.338000029,0.664000034,3.28000021,2.046,0,3.364,3.364,3.11600018,52,45,44.5,45.5,928,698,0,818,711,0,0,0,0,0,20.31,4.69,1.56,1.56,1.56,15.62,0,0,5.66,20.31,36.67188,3823,368,4850,1153,48.5,1.19600224,0.875,4713,334,48.5,0.5888244,0.875,3046,175,32.3333321,0.336165816,0.875,2902,104,32.3333321,0.271769762,0.875,4460,176,48.5,0.387452364,0.875,4850,864,48.5,1.1608876,0.875,2839,65,32.3333321,0.227087274,0.875,2926,77,32.3333321,0.233451188,0.875,52.2500076,45.8750038,99.99816,26.8207779,11.0599861,70.80316,11.5840912,3.29667282,77.84608,37.5,0.25,0,55,0,85,0.416,1.01,16,16,16,32,48,30,295,160,130,0,0,0,16,36.5,0.25,0,55,0,85,0.416,1.01,16,16,16,32,48,30,295,160,130,0,0,0,16,512,-1,485.785156,477.9375,7.84765625,7.6015625,7611.34961,7618.951,0,0,0,0,0,0,0,0,0,0,4.192363,7,505,600,1200,3000,50,0.974000037,1.30500007,0,2,17,53,2670,10451.9824,0,0,0,0,4,2,0,0,19.284,20.423,0.975,11933.7031,520.3594,3.60716653,0,0,0,0.05609398,0,0,0,0,0,0,0,0,0,65.28125,64,16376,4141,12234,74.70718,56.044,349184,2599936
05/29/2026 12:45:53,42,54,0,51,56,47,47,47,47,66,12.12,5.03,1.30800009,1.39200008,0.994,0.324,0.664000034,3.28400016,2.046,0,3.36800027,3.364,3.11600018,52,45.5,44.5,45.5,930,698,0,813,732,0,0,0,0,0,20.31,6.25,1.59,1.59,6.35,12.5,1.59,0,6.27,20.31,36.03603,3480,410,4850,1198,48.5,1.23218834,0.64375,3233,412,32.3333321,0.656702042,0.64375,2998,144,32.3333321,0.352967173,0.64375,2982,131,32.3333321,0.309883147,0.64375,3077,231,32.3333321,0.46669665,0.65,4850,1005,48.5,1.23253775,0.65,2941,93,32.3333321,0.266238719,0.65,2913,67,32.3333321,0.236141637,0.65,52.0000076,45.8750038,99.99815,26.7895279,11.0912361,70.720665,11.5513649,3.329399,77.62615,37.5,0.25,0,55,0,85,0.416,1.01,16,16,16,32,48,30,295,160,130,0,0,0,16,36.5,0.25,0,55,0,85,0.416,1.01,16,16,16,32,48,30,295,160,130,0,0,0,16,512,-1,485.785156,477.9375,7.84765625,7.6015625,7611.34961,7618.951,0,0,0,0,0,0,0,0,0,0,4.25015926,7,505,600,1200,3000,49,1.04500008,1.30500007,0,11,17,53,2670,10451.9824,0,0,0,0,4,2,0,0,18.719,18.283,0.975,11933.3906,366.835938,3.65298319,0,0,0,0.0555872358,0,0,0,0,0,1.27248418,0,0,0,65.34375,64,16376,4141,12234,74.70718,55.526,1049600,7.454925E+07
05/29/2026 12:45:55,42,54,0,51,56,47,47,47,47,66,12.0960007,5.03,1.30800009,1.39200008,0.988000035,0.336000025,0.664000034,3.28400016,2.046,0,3.36800027,3.36800027,3.11600018,51,45,44.5,45.5,931,698,0,801,715,0,0,0,0,0,19.05,6.35,1.56,0,1.56,15.87,1.59,1.56,5.94,19.05,36.0158768,3256,355,4850,943,48.5,1.03604925,0.64375,3141,314,32.3333321,0.5346926,0.64375,2945,140,32.3333321,0.295816749,0.64375,3035,121,32.3333321,0.2619843,0.64375,2992,164,32.3333321,0.339165449,0.64375,3233,1006,32.3333321,1.23486149,0.64375,2897,73,32.3333321,0.220585346,0.64375,2958,81,32.3333321,0.215337738,0.64375,51.8750076,45.8750038,99.99815,26.7898254,11.0909386,70.72145,11.5567322,3.32403183,77.6622238,37.5,0.25,0,55,0,85,0.416,1.01,16,16,16,32,48,30,295,160,130,0,0,0,16,36.5,0.25,0,55,0,85,0.416,1.01,16,16,16,32,48,30,295,160,130,0,0,0,16,512,-1,485.785156,477.9375,7.84765625,7.6015625,7611.34961,7618.951,0,0,0,0,0,0,0,0,0,0,4.300804,7,505,600,1200,3000,49,0.969000041,1.30500007,0,2,17,53,2670,10451.9824,0,0,0,0,4,2,0,0,19.6,18.241,0.975,11933.3945,368.460938,3.70761323,0,0,0,0.0542077273,0,0,0,0,0,0.0497963,0,0,0,65.34375,64,16376,4141,12234,74.70718,54.153,9.834906E+07,249856
05/29/2026 12:45:57,42,54,0,51,56,47,47,47,47,65,12.0960007,5.02000046,1.31000006,1.39200008,0.986000061,0.326,0.664000034,3.28000021,2.046,0,3.364,3.364,3.11600018,51,45.5,44.5,45.5,925,673,0,817,715,0,0,0,0,0,23.08,7.69,9.38,4.69,4.62,18.46,3.12,1.56,9.07,23.08,36.4451675,3255,374,4850,1120,48.5,1.15378916,0.6375,3169,336,32.3333321,0.5906816,0.6375,2995,166,32.3333321,0.329677552,0.6375,2902,95,32.3333321,0.25292486,0.6375,2998,191,32.3333321,0.3714801,0.6375,3233,920,32.3333321,1.21498179,0.6375,2875,73,32.3333321,0.225425526,0.6375,3017,87,32.3333321,0.239673451,0.6375,52.0000076,46.3750038,99.99816,26.8236275,11.0571365,70.8106842,11.5846176,3.29614639,77.84962,37.5,0.25,0,55,0,85,0.416,1.01,16,16,16,32,48,30,295,160,130,0,0,0,16,36.5,0.25,0,55,0,85,0.416,1.01,16,16,16,32,48,30,295,160,130,0,0,0,16,512,-1,485.785156,477.9375,7.84765625,7.6015625,7611.34961,7618.951,0,0,0,0,0,0,0,0,0,0,4.186793,7,505,600,1200,3000,49,0.969000041,1.30500007,0,2,16,53,2670,10451.9824,0,0,0,0,4,2,0,0,18.985,20.432,0.975,11933.3945,370.210938,3.58586287,0,0,0,0.0548919663,0,0,0,0,0,0.0490963757,0,0,0,65.53125,64,16376,4141,12234,74.70718,55.059,1049600,106099712
05/29/2026 12:45:59,42,54,0,51,56,47,47,47,47,66,12.0960007,5.03,1.30800009,1.39200008,0.982000053,0.322000027,0.666,3.28400016,2.046,0,3.36800027,3.364,3.11600018,51,45.5,44.5,45.5,913,673,0,819,711,0,0,0,0,0,25,3.12,1.56,1.56,4.69,10.94,3.12,1.56,6.45,25,35.64559,3272,374,4850,1164,48.5,1.19920433,0.65,3213,346,32.3333321,0.6054381,0.65,2983,117,32.3333321,0.283026636,0.65,2983,114,32.3333321,0.2743797,0.65,2992,183,32.3333321,0.366226643,0.65,3233,905,32.3333321,1.17784667,0.65,3045,95,32.3333321,0.2516166,0.65,2881,70,32.3333321,0.221841186,0.65,51.8750076,46.3750038,99.99815,26.82949,11.0512733,70.82616,11.5886688,3.29209518,77.87684,37.5,0.25,0,55,0,85,0.416,1.01,16,16,16,32,48,30,295,160,130,0,0,0,16,36.5,0.25,0,55,0,85,0.416,1.01,16,16,16,32,48,30,295,160,130,0,0,0,16,512,-1,485.785156,477.9375,7.84765625,7.6015625,7611.34961,7618.951,0,0,0,0,0,0,0,0,0,0,4.22760534,7,505,600,1200,3000,49,1.03000009,1.30500007,0,5,16,53,2670,10451.9824,0,0,0,0,4,2,0,0,20.141,20.191,0.975,11933.4023,372.085938,3.66729379,0,0,0,0.05575004,0,0,0,0,0,0.0604934469,0,0,0,65.65625,64,16376,4141,12234,74.70718,56.102,9.329971E+07,249856
05/29/2026 12:46:01,41,54,0,50,55,45,45,45,45,65,12.0960007,5.03,1.30800009,1.39200008,0.978000045,0.322000027,0.664000034,3.28400016,2.046,0,3.36800027,3.36800027,3.11600018,51,45.5,44.5,45.5,918,673,0,819,728,0,0,0,0,0,15.87,3.17,3.17,0,0,19.05,0,0,5.16,19.05,35.72691,4032,375,4850,1155,48.5,1.188497,0.64375,4804,343,48.5,0.6056424,0.64375,4526,134,48.5,0.313379169,0.64375,2990,105,32.3333321,0.266565025,0.64375,4512,179,48.5,0.3734449,0.64375,4850,944,48.5,1.2511903,0.64375,2869,77,32.3333321,0.225768238,0.64375,2857,62,32.3333321,0.208948553,0.64375,51.8750076,45.8750038,99.99815,26.792057,11.088707,70.72734,11.5637932,3.31697083,77.70967,37.5,0.25,0,55,0,85,0.416,1.01,16,16,16,32,48,30,295,160,130,0,0,0,16,36.5,0.25,0,55,0,85,0.416,1.01,16,16,16,32,48,30,295,160,130,0,0,0,16,512,-1,485.785156,477.9375,7.84765625,7.6015625,7611.34961,7618.951,0,0,0,0,0,0,0,0,0,0,4.32704449,7,505,600,1200,3000,50,0.969000041,1.30500007,0,3,16,53,2670,10451.9824,0,0,0,0,4,2,0,0,19.566,18.289,0.975,11933.418,373.9414,3.73972726,0,0,0,0.056133315,0,0,0,0,0,0.07243603,0,0,0,65.71875,64,16376,4141,12234,74.70718,55.068,9.909965E+07,249856
05/29/2026 12:46:03,41,54,0,50,55,46,46,46,46,65,12.0960007,5.03,1.31000006,1.39200008,0.986000061,0.328,0.664000034,3.28400016,2.046,0,3.36800027,3.36800027,3.11600018,51,45.5,44.5,45.5,894,673,0,803,721,0,0,0,0,0,33.33,15.87,6.35,3.17,6.35,23.81,1.59,1.59,11.51,33.33,36.3641777,3455,516,4850,1603,48.5,1.60894763,0.64375,3199,471,32.3333321,0.805229545,0.64375,2971,192,32.3333321,0.419778317,0.64375,2978,154,32.3333321,0.331241548,0.64375,3035,275,32.3333321,0.516215146,0.64375,4850,1231,48.5,1.483544,0.64375,2900,111,32.3333321,0.292271048,0.64375,2854,88,32.3333321,0.2641144,0.64375,51.8750076,45.8750038,99.99815,26.8119278,11.0688362,70.77979,11.5780754,3.3026886,77.80565,37.5,0.25,0,55,0,85,0.416,1.01,16,16,16,32,48,30,295,160,130,0,0,0,16,36.5,0.25,0,55,0,85,0.416,1.01,16,16,16,32,48,30,295,160,130,0,0,0,16,512,-1,485.785156,477.9375,7.84765625,7.6015625,7611.34961,7618.951,0,0,0,0,0,0,0,0,0,0,4.318829,7,505,600,1200,3000,50,0.969000041,1.30500007,0,2,16,54,2670,10451.9824,0,0,0,0,4,2,0,0,19.803,18.562,0.975,11933.4219,375.3164,3.72327423,0,0,0,0.0567200631,0,0,0,0,0,0.0518641733,0,0,0,65.78125,64,16376,4141,12234,74.70718,54.413,9.844941E+07,249856
05/29/2026 12:46:05,42,54,0,51,55,47,47,47,47,65,12.0960007,5.02000046,1.30800009,1.39200008,0.994,0.336000025,0.664000034,3.28400016,2.046,0,3.364,3.364,3.11600018,51,45.5,44.5,45.5,920,698,0,814,715,0,0,0,0,0,23.81,4.76,1.61,0,1.59,14.29,0,0,5.76,23.81,36.0730476,3808,382,4850,1302,48.5,1.355337,0.63125,3163,340,32.3333321,0.640099049,0.63125,3026,156,32.3333321,0.3223943,0.63125,2923,90,32.3333321,0.257227242,0.63125,2998,179,32.3333321,0.3674479,0.63125,4850,836,48.5,1.12225926,0.64375,4297,78,48.5,0.232865721,0.64375,4357,73,48.5,0.2281609,0.64375,52.0000076,45.8750038,99.99815,26.810791,11.069973,70.7767944,11.5861664,3.29459763,77.86002,37.5,0.25,0,55,0,85,0.416,1.01,16,16,16,32,48,30,295,160,130,0,0,0,16,36.5,0.25,0,55,0,85,0.416,1.01,16,16,16,32,48,30,295,160,130,0,0,0,16,512,-1,485.785156,477.9375,7.84765625,7.6015625,7611.34961,7618.951,0,0,0,0,0,0,0,0,0,0,4.21300364,7,505,600,1200,3000,49,0.960000038,1.30500007,0,0,16,54,2670,10451.9824,0,0,0,0,4,2,0,0,19.182,22.915,0.975,11933.4375,377.1914,3.638706,0,0,0,0.0547867864,0,0,0,0,0,0.06374846,0,0,0,65.90625,66,16376,4141,12234,74.70718,55.661,299008,249856
05/29/2026 12:46:07,41,54,0,50,55,45,45,45,45,65,12.0960007,5.03,1.30800009,1.39200008,0.982000053,0.334000021,0.664000034,3.28400016,2.046,0,3.36800027,3.364,3.11600018,51,45.5,44.5,45.5,915,698,0,801,713,0,0,0,0,0,18.46,4.62,1.54,0,0,18.46,0,0,5.38,18.46,35.53441,4194,349,4850,1289,48.5,1.30543244,0.6375,4713,290,48.5,0.5357224,0.6375,2966,124,32.3333321,0.276074082,0.6375,2915,99,32.3333321,0.240301475,0.6375,4516,176,48.5,0.349514276,0.64375,4850,683,48.5,0.9723105,0.64375,4282,66,48.5,0.204032019,0.64375,4458,67,48.5,0.211469337,0.64375,51.7500076,45.8750038,99.99815,26.8351479,11.0456161,70.841095,11.6118431,3.268921,78.03258,37.75,0.25,0,55,0,85,0.416,1.01,16,16,16,32,48,30,295,160,130,0,0,0,16,36.5,0.25,0,55,0,85,0.416,1.01,16,16,16,32,48,30,295,160,130,0,0,0,16,512,-1,485.785156,477.9375,7.84765625,7.6015625,7611.34961,7618.951,0,0,0,0,0,0,0,0,0,0,4.20999956,7,505,600,1200,3000,49,1.0200001,1.30500007,0,6,17,54,2670,10451.9824,0,0,0,0,4,2,0,0,18.987,18.826,0.975,11933.4375,378.8164,3.62336254,0,0,0,0.051798217,0,0,0,0,0,0.0453433,0,0,0,65.9375,66,16376,4141,12234,74.70718,55.97,9.454899E+07,249856
05/29/2026 12:46:09,41,54,0,50,55,45,45,45,45,65,12.0960007,5.03,1.30800009,1.39200008,0.988000035,0.324,0.664000034,3.28400016,2.046,0,3.36800027,3.36800027,3.11600018,51,45.5,44.5,45.5,895,699,0,802,698,0,0,0,0,0,26.56,4.62,3.12,1.56,1.56,9.38,1.56,0,6.05,26.56,36.402504,3852,382,4850,1207,48.5,1.23658669,0.65,4757,358,48.5,0.6187243,0.6375,3039,156,32.3333321,0.314984947,0.6375,2980,126,32.3333321,0.2718871,0.6375,4505,190,48.5,0.3778398,0.6375,4850,850,48.5,1.13265443,0.6375,2913,80,32.3333321,0.232716888,0.6375,2921,88,32.3333321,0.229643658,0.6375,51.7500076,45.8750038,99.99815,26.8122864,11.0684776,70.78075,11.5823669,3.298397,77.83449,37.5,0.25,0,55,0,85,0.416,1.01,16,16,16,32,48,30,295,160,130,0,0,0,16,36.5,0.25,0,55,0,85,0.416,1.01,16,16,16,32,48,30,295,160,130,0,0,0,16,512,-1,485.785156,477.9375,7.84765625,7.6015625,7611.34961,7618.951,0,0,0,0,0,0,0,0,0,0,4.27428961,7,505,600,1200,3000,49,0.974000037,1.30500007,0,2,16,54,2670,10451.9824,0,0,0,0,4,2,0,0,18.659,17.532,0.975,11933.4492,380.5664,3.70577073,0,0,0,0.060269922,0,0,0,0,0,0.05909649,0,0,0,66.0625,66,16376,4141,12234,74.70718,54.418,9.969971E+07,7.419904E+07
05/29/2026 12:46:11,41,54,0,50,55,45,45,45,45,65,12.0960007,5.02000046,1.30800009,1.388,0.984,0.34,0.664000034,3.28400016,2.046,0,3.36800027,3.36800027,3.11600018,51,45.5,44.5,45.5,897,699,0,790,712,0,0,0,0,0,27.69,3.08,1.54,0,0,10.77,0,0,5.38,27.69,35.4403534,3429,356,4850,1360,48.5,1.314951,0.65,3123,305,32.3333321,0.557686,0.65,2988,136,32.3333321,0.28889817,0.65,2903,79,32.3333321,0.222648621,0.65,2975,170,32.3333321,0.3616549,0.65,4850,673,48.5,0.977557,0.65,2898,73,32.3333321,0.2118741,0.65,2847,54,32.3333321,0.187710777,0.65,51.7500076,45.8750038,99.99815,26.8064117,11.0743523,70.7652359,11.5791206,3.30164337,77.8126755,37.75,0.25,0,55,0,85,0.416,1.01,16,16,16,32,48,30,295,160,130,0,0,0,16,36.5,0.25,0,55,0,85,0.416,1.01,16,16,16,32,48,30,295,160,130,0,0,0,16,512,-1,485.785156,477.9375,7.84765625,7.6015625,7611.34961,7618.951,0,0,0,0,0,0,0,0,0,0,4.179833,7,505,600,1200,3000,49,0.974000037,1.30500007,0,2,17,54,2670,10451.9824,0,0,0,0,4,2,0,0,18.956,19.382,0.975,11933.4492,381.9414,3.61795259,0,0,0,0.05331155,0,0,0,0,0,0.05449889,0,0,0,66.125,66,16376,4141,12234,74.70718,54.79,1049600,7.674982E+07
05/29/2026 12:46:13,41,54,0,50,55,45,45,45,45,65,12.0960007,5.03,1.30800009,1.39200008,0.9760001,0.326,0.664000034,3.28400016,2.046,0,3.36800027,3.364,3.11600018,51,45.5,44.5,45.5,898,673,0,789,711,0,0,0,0,0,23.44,4.69,4.69,1.56,1.56,14.06,3.12,1.56,6.84,23.44,36.0070724,3649,377,4850,1213,48.5,1.32781363,0.65,4717,320,48.5,0.618676245,0.65,2936,129,32.3333321,0.295460045,0.65,2972,127,32.3333321,0.282498062,0.65,3037,199,32.3333321,0.395703226,0.65,4850,847,48.5,1.05830777,0.65,2936,92,32.3333321,0.246943533,0.65,2895,89,32.3333321,0.232043341,0.65,51.7500076,45.8750038,99.99816,26.8114243,11.06934,70.7784653,11.5811348,3.29962921,77.82621,37.5,0.25,0,55,0,85,0.416,1.01,16,16,16,32,48,30,295,160,130,0,0,0,16,36.5,0.25,0,55,0,85,0.416,1.01,16,16,16,32,48,30,295,160,130,0,0,0,16,512,-1,485.785156,477.9375,7.84765625,7.6015625,7611.34961,7618.951,0,0,0,0,0,0,0,0,0,0,4.240463,7,505,600,1200,3000,49,0.979000032,1.30500007,0,3,17,54,2670,10451.9824,0,0,0,0,4,2,0,0,19.34,21.38,0.975,11933.4492,383.8164,3.66018629,0,0,0,0.05279077,0,0,0,0,0,0.0560573,0,0,0,66.1875,66,16376,4141,12234,74.70718,56.367,349184,249856
05/29/2026 12:46:15,41,54,0,50,55,45,45,45,45,65,12.0960007,5.03,1.30800009,1.39200008,0.988000035,0.34,0.664000034,3.28400016,2.046,0,3.36800027,3.36800027,3.11600018,51,45.5,44.5,45.5,903,673,0,808,694,0,0,0,0,0,26.56,6.25,4.69,4.69,6.25,18.75,3.17,1.59,8.99,26.56,35.3479233,3805,347,4850,973,48.5,1.12117076,0.65,3112,290,32.3333321,0.532294452,0.65,4351,120,48.5,0.2846993,0.65,2972,116,32.3333321,0.2541337,0.65,4405,168,48.5,0.351539373,0.65,4850,954,48.5,1.12919223,0.65,2897,67,32.3333321,0.2084418,0.65,3001,86,32.3333321,0.2218877,0.65,51.6250076,45.8750038,99.99815,26.8353081,11.0454559,70.8415146,11.5933456,3.28741837,77.90827,37.5,0.25,0,55,0,85,0.416,1.01,16,16,16,32,48,30,295,160,130,0,0,0,16,36.5,0.25,0,55,0,85,0.416,1.01,16,16,16,32,48,30,295,160,130,0,0,0,16,512,-1,485.785156,477.9375,7.84765625,7.6015625,7611.34961,7618.951,0,0,0,0,0,0,0,0,0,0,4.23642063,7,505,600,1200,3000,49,0.979000032,1.30500007,0,4,17,54,2670,10451.9824,0,0,0,0,4,2,0,0,18.675,17.45,0.975,11933.457,385.5664,3.71507788,0,0,0,0.05458483,0,0,0,0,0,0.06792266,0,0,0,66.3125,66,16376,4141,12234,74.70718,55.722,9.519923E+07,99328
05/29/2026 12:46:17,41,54,0,50,55,45,45,45,45,65,12.0960007,5.03,1.30800009,1.39200008,0.978000045,0.328,0.664000034,3.28400016,2.046,0,3.364,3.364,3.11600018,51,45,44.5,45.5,896,673,0,792,711,0,0,0,0,0,20.31,6.25,0,1.56,4.69,14.06,0,1.56,6.05,20.31,35.9572029,3437,383,4850,1100,48.5,1.22126853,0.65,3121,318,32.3333321,0.5772204,0.65,3010,160,32.3333321,0.328185767,0.65,2927,100,32.3333321,0.269058228,0.65,3027,180,32.3333321,0.3722686,0.65,4850,1057,48.5,1.22553611,0.65,2867,75,32.3333321,0.234221816,0.65,2841,71,32.3333321,0.227928683,0.65,51.7500076,45.8750038,99.99816,26.80576,11.0750046,70.76351,11.583622,3.297142,77.842926,37.5,0.25,0,55,0,85,0.416,1.01,16,16,16,32,48,30,295,160,130,0,0,0,16,36.5,0.25,0,55,0,85,0.416,1.01,16,16,16,32,48,30,295,160,130,0,0,0,16,512,-1,485.785156,477.9375,7.84765625,7.6015625,7611.34961,7618.951,0,0,0,0,0,0,0,0,0,0,4.310637,7,505,600,1200,3000,50,0.974000037,1.30500007,0,4,17,54,2670,10451.9824,0,0,0,0,4,2,0,0,18.79,18.667,0.975,11933.4688,387.085938,3.76593041,0,0,0,0.05699983,0,0,0,0,0,0.059320353,0,0,0,66.40625,66,16376,4141,12234,74.70718,54.83,1049600,7.449907E+07
05/29/2026 12:46:19,41,54,0,50,55,45,45,45,45,65,12.12,5.02000046,1.30800009,1.39200008,0.984,0.326,0.664000034,3.28400016,2.046,0,3.36800027,3.364,3.11600018,51,45,44.5,45.5,897,698,0,800,694,0,0,0,0,0,22.22,6.35,3.12,1.59,1.56,15.87,0,0,6.34,22.22,35.4104,4011,351,4850,1096,48.5,1.19734561,0.63125,4766,334,48.5,0.5802152,0.63125,4577,157,48.5,0.299555838,0.63125,2934,93,32.3333321,0.233179539,0.63125,4426,157,48.5,0.3360089,0.63125,4850,855,48.5,1.072863,0.63125,2826,55,32.3333321,0.195756227,0.63125,2857,61,32.3333321,0.19709608,0.63125,51.6250076,45.8750038,99.99815,26.80677,11.0739937,70.76618,11.587429,3.293335,77.86851,37.5,0.25,0,55,0,85,0.416,1.01,16,16,16,32,48,30,295,160,130,0,0,0,16,36.5,0.25,0,55,0,85,0.416,1.01,16,16,16,32,48,30,295,160,130,0,0,0,16,512,-1,485.785156,477.9375,7.84765625,7.6015625,7611.34961,7618.951,0,0,0,0,0,0,0,0,0,0,4.203533,7,505,600,1200,3000,49,1.04000008,1.30500007,0,4,16,54,2670,10451.9824,0,0,0,0,4,2,0,0,19.282,23.553,0.975,11933.4688,388.960938,3.69783139,0,0,0,0.0555950031,0,0,0,0,0,0.0588517338,0,0,0,66.5625,66,16376,4141,12234,74.70718,55.684,99328,175849472
05/29/2026 12:46:21,41,54,0,50,55,45,45,45,45,65,12.12,5.03,1.31000006,1.39200008,0.988000035,0.326,0.664000034,3.28400016,2.046,0,3.36800027,3.36800027,3.11600018,51,45.5,44.5,45.5,901,698,0,791,694,0,0,0,0,0,18.46,9.23,3.08,3.08,6.15,18.46,1.54,1.54,7.69,18.46,35.77732,4006,372,4850,1130,48.5,1.27128708,0.64375,4662,291,48.5,0.5550331,0.64375,4522,150,48.5,0.329842478,0.64375,2937,104,32.3333321,0.2734996,0.64375,4415,166,48.5,0.359792531,0.64375,4850,965,48.5,1.118688,0.64375,2863,77,32.3333321,0.236435086,0.64375,2948,94,32.3333321,0.240093991,0.64375,51.7500076,46.3750038,99.99815,26.811,11.0697632,70.77735,11.5744705,3.30629349,77.7814255,37.5,0.25,0,55,0,85,0.416,1.01,16,16,16,32,48,30,295,160,130,0,0,0,16,36.5,0.25,0,55,0,85,0.416,1.01,16,16,16,32,48,30,295,160,130,0,0,0,16,512,-1,485.785156,477.9375,7.84765625,7.6015625,7611.34961,7618.951,0,0,0,0,0,0,0,0,0,0,4.177907,7,505,600,1200,3000,49,0.955000043,1.30500007,0,3,17,54,2670,10451.9824,0,0,0,0,4,2,0,0,19.158,20.183,0.975,11933.4688,390.585938,3.663787,0,0,0,0.0575504266,0,0,0,0,0,0.05098142,0,0,0,66.5625,66,16376,4141,12234,74.70718,56.656,999424,102099968
05/29/2026 12:46:23,41,54,0,50,55,45,45,45,45,65,12.12,5.03,1.30800009,1.39200008,0.986000061,0.326,0.664000034,3.28400016,2.046,0,3.36800027,3.36800027,3.11600018,51,45.5,44.5,45.5,902,698,0,790,711,0,0,0,0,0,23.81,3.17,0,0,1.56,7.94,0,1.56,4.76,23.81,35.59007,3244,352,4850,1166,48.5,1.25826108,0.6625,3128,273,32.3333321,0.522581935,0.6625,2959,124,32.3333321,0.268287718,0.6625,2965,107,32.3333321,0.2410995,0.6625,3012,169,32.3333321,0.3407435,0.6625,3233,837,32.3333321,1.07143044,0.6625,2898,68,32.3333321,0.212359875,0.6625,2906,69,32.3333321,0.200670481,0.6625,51.6250076,45.8750038,99.99816,26.8061447,11.0746193,70.76453,11.5856972,3.29506683,77.85687,37.5,0.25,0,55,0,85,0.416,1.01,16,16,16,32,48,30,295,160,130,0,0,0,16,36.5,0.25,0,55,0,85,0.416,1.01,16,16,16,32,48,30,295,160,130,0,0,0,16,512,-1,485.785156,477.9375,7.84765625,7.6015625,7611.34961,7618.951,0,0,0,0,0,0,0,0,0,0,4.24904,7,505,600,1200,3000,49,0.965000033,1.30500007,0,7,17,54,2670,10451.9824,0,0,0,0,4,2,0,0,18.879,17.532,0.975,11933.4688,392.210938,3.71677375,0,0,0,0.054433234,0,0,0,0,0,0.0509519242,0,0,0,66.6875,66,16376,4141,12234,74.70718,55.173,9.469952E+07,249856
05/29/2026 12:46:25,41,54,0,50,55,45,45,45,45,65,12.12,5.03,1.31000006,1.39200008,0.984,0.328,0.664000034,3.28400016,2.046,0,3.36800027,3.36800027,3.11600018,51,45.5,44.5,45.5,898,698,0,803,694,0,0,0,0,0,20,6.25,3.12,0,3.12,20,1.56,1.56,6.95,20,36.03842,3446,385,4850,1163,48.5,1.2667073,0.65625,3078,305,32.3333321,0.576360941,0.65625,2986,159,32.3333321,0.322716177,0.65625,2973,105,32.3333321,0.270296067,0.6625,2974,185,32.3333321,0.3697595,0.6625,4850,996,48.5,1.19916785,0.6625,2969,91,32.3333321,0.246659517,0.6625,2892,77,32.3333321,0.227725774,0.6625,51.7500076,45.8750038,99.99816,26.8073769,11.0733871,70.7677841,11.5838394,3.29692459,77.84439,37.5,0.25,0,55,0,85,0.416,1.01,16,16,16,32,48,30,295,160,130,0,0,0,16,36.5,0.25,0,55,0,85,0.416,1.01,16,16,16,32,48,30,295,160,130,0,0,0,16,512,-1,485.785156,477.9375,7.84765625,7.6015625,7611.34961,7618.951,0,0,0,0,0,0,0,0,0,0,4.237792,7,505,600,1200,3000,48,0.969000041,1.30500007,0,3,17,54,2670,10451.9824,0,0,0,0,4,2,0,0,19.049,19.029,0.975,11933.4727,393.835938,3.67484879,0,0,0,0.0499094762,0,0,0,0,0,0.05102326,0,0,0,66.78125,66,16376,4141,12234,74.70718,54.99,1199104,101749760
05/29/2026 12:46:27,41,54,0,50,55,47,47,47,47,65,12.0960007,5.03,1.30800009,1.39200008,0.9760001,0.326,0.664000034,3.28000021,2.046,0,3.364,3.364,3.11600018,51,45,44.5,45.5,906,673,0,790,711,0,0,0,0,0,20,3.08,3.08,0,6.15,18.46,1.54,0,6.54,20,36.7436142,3810,384,4040,1110,40.4,1.24373519,0.525,3989,363,40.4,0.591267467,0.54375,3706,165,40.4,0.316819,0.54375,3800,154,40.4,0.3119278,0.54375,3738,198,40.4,0.377089053,0.54375,4040,926,40.4,1.1052289,0.54375,3555,78,40.4,0.235836938,0.54375,3616,82,40.4,0.2347877,0.5625,51.8750076,45.8750038,99.99816,26.8348465,11.0459175,70.8403,11.595089,3.285675,77.91998,37.5,0.25,0,55,0,85,0.416,1.01,16,16,16,32,48,30,295,160,130,0,0,0,16,36.5,0.25,0,55,0,85,0.416,1.01,16,16,16,32,48,30,295,160,130,0,0,0,16,512,-1,485.785156,477.9375,7.84765625,7.6015625,7611.34961,7618.951,0,0,0,0,0,0,0,0,0,0,4.18023539,7,505,600,1200,3000,48,0.974000037,1.30500007,0,6,18,55,2670,10451.9824,0,0,0,0,4,2,0,0,19.404,23.488,0.975,11933.4727,395.585938,3.775828,0,0,0,0.05777033,0,0,0,0,0,0.0565620735,0,0,0,66.8125,66,16376,4141,12234,74.70718,56.61,9949184,100199424
05/29/2026 12:46:29,41,54,0,50,55,45,45,45,45,65,12.0960007,5.02000046,1.30800009,1.388,0.98,0.324,0.664000034,3.28400016,2.046,0,3.364,3.364,3.11600018,51,45,44.5,45.5,904,672,0,800,711,0,0,0,0,0,17.19,3.12,0,3.12,0,18.75,0,0,5.27,18.75,35.7499161,3444,367,4850,949,48.5,1.12818956,0.6625,3171,335,32.3333321,0.6040909,0.6625,3015,163,32.3333321,0.3246166,0.6625,2954,118,32.3333321,0.272111654,0.6625,2949,185,32.3333321,0.367810875,0.6625,4850,1052,48.5,1.21221578,0.6625,2884,72,32.3333321,0.215252146,0.6625,2882,65,32.3333321,0.212148264,0.6625,51.7500076,46.3750038,99.99816,26.8074684,11.0732956,70.76802,11.5747719,3.30599213,77.78345,37.5,0.25,0,55,0,85,0.416,1.01,16,16,16,32,48,30,295,160,130,0,0,0,16,36.5,0.25,0,55,0,85,0.416,1.01,16,16,16,32,48,30,295,160,130,0,0,0,16,512,-1,485.785156,477.9375,7.84765625,7.6015625,7611.34961,7618.951,0,0,0,0,0,0,0,0,0,0,4.249359,7,505,600,1200,3000,49,0.969000041,1.30500007,0,2,16,55,2670,10451.9824,0,0,0,0,4,2,0,0,18.949,18.545,0.975,11933.4844,397.210938,3.73392224,0,0,0,0.0610156469,0,0,0,0,0,0.06807564,0,0,0,66.9375,66,16376,4141,12234,74.70718,56.12,1049600,101899264
05/29/2026 12:46:31,42,54,0,50,55,47,47,47,47,66,12.0960007,5.02000046,1.30800009,1.388,0.994,0.326,0.664000034,3.28000021,2.046,0,3.364,3.364,3.11600018,52,45,44.5,45.5,914,672,0,791,694,0,0,0,0,0,20.31,6.25,3.17,0,4.76,15.62,1.59,1.59,6.66,20.31,35.67422,4548,383,4850,914,48.5,1.06761992,0.64375,4728,301,48.5,0.5748463,0.64375,4436,132,48.5,0.3071519,0.64375,4389,105,48.5,0.268476248,0.64375,4465,203,48.5,0.383629471,0.64375,4850,1263,48.5,1.37963128,0.64375,4395,81,48.5,0.239839062,0.64375,4275,66,48.5,0.213812754,0.64375,52.1250076,45.8750038,99.99815,26.8162384,11.0645256,70.7911758,11.5846367,3.29612732,77.84975,37.5,0.25,0,55,0,85,0.416,1.01,16,16,16,32,48,30,295,160,130,0,0,0,16,36.5,0.25,0,55,0,85,0.416,1.01,16,16,16,32,48,30,295,160,130,0,0,0,16,512,-1,485.785156,477.9375,7.84765625,7.6015625,7611.34961,7618.951,0,0,0,0,0,0,0,0,0,0,4.26748371,7,505,600,1200,3000,49,0.969000041,1.30500007,0,4,17,55,2670,10451.9824,0,0,0,0,4,2,0,0,18.725,17.604,0.975,11933.4883,398.710938,3.54673338,0,0,0,0.04851316,0,0,0,0,0,0.059431646,0,0,0,67.03125,66,16376,4141,12234,74.70718,54.865,999424,8.784998E+07
05/29/2026 12:46:33,42,54,0,51,55,47,47,47,47,66,12.0960007,5.03,1.30800009,1.39200008,0.986000061,0.33,0.664000034,3.28400016,2.046,0,3.364,3.364,3.11600018,52,45.5,44.5,45.5,939,698,0,810,714,0,0,0,0,0,20,7.69,1.54,3.08,3.08,21.54,1.54,3.08,7.69,21.54,36.0168381,3804,357,4850,937,48.5,1.08237708,0.63125,4826,321,50.5,0.571220458,0.64375,3099,140,33.6666679,0.293942243,0.64375,3023,84,33.6666679,0.233755663,0.64375,3672,170,40.4,0.350541562,0.64375,5050,1068,50.5,1.23922443,0.5625,2969,71,33.6666679,0.211471647,0.55625,2941,67,33.6666679,0.198052153,0.55625,52.1250076,45.8750038,99.99815,26.8333549,11.0474091,70.83636,11.5995865,3.28117752,77.95021,37.5,0.25,0,55,0,85,0.416,1.01,16,16,16,32,48,30,295,160,130,0,0,0,16,36.5,0.25,0,55,0,85,0.416,1.01,16,16,16,32,48,30,295,160,130,0,0,0,16,512,-1,485.785156,477.9375,7.84765625,7.6015625,7611.34961,7618.951,0,0,0,0,0,0,0,0,0,0,4.229156,7,505,600,1200,3000,49,0.995000064,1.30500007,0,7,17,55,2670,10451.9824,0,0,0,0,4,2,0,0,19.314,23.411,0.975,11933.4883,400.460938,3.63955164,0,0,0,0.0545559339,0,0,0,0,0,0.06890224,0,0,0,67.15625,66,16376,4141,12234,74.70718,55.801,849920,8.714957E+07
05/29/2026 12:46:35,42,54,0,51,56,47,47,47,47,66,12.0960007,5.03,1.30800009,1.39200008,0.984,0.33,0.664000034,3.28000021,2.046,0,3.364,3.364,3.11600018,52,45.5,44.5,45.5,937,698,0,812,725,0,0,0,0,0,22.22,4.76,1.56,0,1.56,19.05,0,0,6.14,22.22,36.40789,3455,400,4850,1162,48.5,1.25440109,0.8125,3175,338,32.3333321,0.6271547,0.8125,2971,140,32.3333321,0.325818241,0.8125,2947,103,32.3333321,0.258737564,0.8125,2990,179,32.3333321,0.383817464,0.8125,4850,1116,48.5,1.302403,0.8125,2931,83,32.3333321,0.245397761,0.8125,2928,76,32.3333321,0.231004789,0.8125,52.1250076,45.8750038,99.99816,26.83678,11.0439835,70.8454056,11.6014977,3.27926636,77.96305,37.5,0.25,0,55,0,85,0.416,1.01,16,16,16,32,48,30,295,160,130,0,0,0,16,36.5,0.25,0,55,0,85,0.416,1.01,16,16,16,32,48,30,295,160,130,0,0,0,16,512,-1,485.785156,477.9375,7.84765625,7.6015625,7611.34961,7618.951,0,0,0,0,0,0,0,0,0,0,4.228274,7,505,600,1200,3000,49,0.974000037,1.30500007,0,2,17,55,2670,10451.9824,0,0,0,0,4,2,0,0,19.4,24.272,0.975,11933.4922,402.335938,3.58223677,0,0,0,0.051884003,0,0,0,0,0,0.0549948439,0,0,0,67.1875,66,16376,4141,12234,74.70718,56.681,849920,160899072
05/29/2026 12:46:37,43,54,0,51,56,48,48,48,48,67,12.12,5.03,1.31000006,1.39200008,1.054,0.33,0.664000034,3.28400016,2.046,0,3.36800027,3.36800027,3.11600018,54,45.5,44.5,45.5,938,698,0,822,733,0,0,0,0,0,33.33,7.02,0,0,5.26,71.93,0,1.72,14.91,71.93,40.1341553,4200,879,5050,1538,50.5,1.59827483,0.55,4040,618,40.4,0.9565846,0.55,3821,219,40.4,0.384810448,0.55,3795,131,40.4,0.2899194,0.55,5050,471,50.5,0.5914893,0.55625,4040,3699,40.4,3.24545217,0.55625,3794,148,40.4,0.2643101,0.55625,4012,209,40.4,0.283532947,0.55625,55.3750076,46.8750038,99.99815,26.2570763,11.6236877,69.31506,11.5134239,3.36734,77.3711853,37.5,0.25,0,55,0,85,0.416,1.01,16,16,16,32,48,30,295,160,130,0,0,0,16,36.5,0.25,0,55,0,85,0.416,1.01,16,16,16,32,48,30,295,160,130,0,0,0,16,512,-1,485.785156,477.9375,7.84765625,7.6015625,7611.34961,7618.951,0,0,0,0,0,0,0,0,0,0,1.31828249,7,505,600,1200,3000,49,1.064,1.30500007,0,7,17,55,2670,10451.9824,0,0,0,0,5,1,0,2,17.35,17.334,0.975,11231.3906,464.8125,0.110166654,0,0,0,0.300984949,0,0,0,0,0,1.85361147,0,0,0,67.09375,66,16376,4843,11532,70.42044,51.611,0,0
05/29/2026 12:46:39,44,54,0,52,57,52,52,52,52,70,12.0960007,5.03,1.30800009,1.39200008,0.972000062,0.326,0.664000034,3.28400016,2.046,0,3.36800027,3.364,3.11600018,55,45.5,44.5,45.5,955,672,0,828,737,0,0,0,0,0,29.69,14.29,7.94,7.94,7.94,37.5,4.76,1.59,13.95,37.5,38.1400642,3710,636,4850,1386,48.5,1.35806179,0.64375,3233,659,32.3333321,1.01188827,0.64375,3074,271,32.3333321,0.512134433,0.64375,3023,183,32.3333321,0.4240837,0.64375,3191,420,32.3333321,0.6895167,0.64375,4850,1894,48.5,1.96538556,0.64375,4516,156,48.5,0.372416347,0.65,2944,118,32.3333321,0.331107169,0.65,55.5000076,46.8750038,99.99815,26.8693771,11.0113869,70.93146,11.6465492,3.23421478,78.2658,37.75,0.25,0,55,0,85,0.416,1.01,16,16,16,32,48,30,295,160,130,0,0,0,16,36.5,0.25,0,55,0,85,0.416,1.01,16,16,16,32,48,30,295,160,130,0,0,0,16,512,-1,485.785156,477.9375,7.84765625,7.6015625,7611.34961,7618.951,0,0,0,0,0,0,0,0,0,0,4.205061,7,505,600,1200,3000,49,1.05000007,1.30500007,0,11,17,55,2670,10451.9824,0,0,0,0,5,3,0,0,19.428,18.694,0.975,11960.0586,467.296875,5.58839464,0,0,0,0.6165529,0,0,0,0,0,0.44546786,0,0,0,67.34375,68,16376,4115,12260,74.8695,57.739,1049600,9.094963E+07
05/29/2026 12:46:41,45,54,0,53,58,52,52,52,52,69,12.0960007,5.03,1.30800009,1.39200008,0.986000061,0.342,0.664000034,3.28000021,2.046,0,3.36800027,3.364,3.11600018,54,45.5,44.5,45.5,989,673,0,823,749,0,0,0,0,0,26.15,16.92,4.62,4.62,6.15,21.54,1.54,0,10.19,26.15,36.22518,3991,443,4850,1178,48.5,1.35336351,0.63125,4040,440,40.4,0.806961536,0.6375,3702,148,40.4,0.3400714,0.575,3691,128,40.4,0.287048966,0.575,3847,247,40.4,0.473865539,0.575,5050,1222,50.5,1.38619089,0.55625,3093,95,33.6666679,0.241588116,0.55625,3655,86,40.4,0.230814442,0.54375,54.2500076,46.3750038,99.99816,26.8261261,11.0546379,70.817276,11.617569,3.263195,78.07105,37.75,0.25,0,55,0,85,0.416,1.01,16,16,16,32,48,30,295,160,130,0,0,0,16,36.5,0.25,0,55,0,85,0.416,1.01,16,16,16,32,48,30,295,160,130,0,0,0,16,512,-1,485.785156,477.9375,7.84765625,7.6015625,7611.34961,7618.951,0,0,0,0,0,0,0,0,0,0,4.20471239,7,505,600,1200,3000,49,0.955000043,1.30500007,0,4,20,55,2670,10451.9824,0,0,0,0,5,3,0,0,19.886,24.414,0.975,11960.0586,467.300781,4.37404728,0,0,0,0.00566690741,0,0,0,0,0,0,0,0,0,67.5625,66,16376,4115,12260,74.8695,57.473,849920,157599744
05/29/2026 12:46:43,44,54,0,54,59,50,50,50,50,68,12.0960007,5.03,1.30800009,1.39200008,0.984,0.336000025,0.664000034,3.28400016,2.046,0,3.36800027,3.36800027,3.11600018,53,45.5,44.5,45.5,980,673,0,831,743,0,0,0,0,0,21.54,7.69,1.54,3.08,4.62,18.46,1.54,0,7.31,21.54,36.8892822,3929,376,4040,945,40.4,1.19526529,0.5625,4001,366,40.4,0.720204353,0.5625,3728,136,40.4,0.294397444,0.5625,3678,109,40.4,0.2471724,0.5625,3758,230,40.4,0.427370042,0.5625,5050,1082,50.5,1.24486518,0.55625,3589,73,40.4,0.206928059,0.55625,3586,67,40.4,0.1915222,0.55625,53.8750076,46.3750038,99.9981461,26.8506088,11.0301552,70.88191,11.64819,3.23257446,78.276825,37.75,0.25,0,55,0,85,0.416,1.01,16,16,16,32,48,30,295,160,130,0,0,0,16,36.5,0.25,0,55,0,85,0.416,1.01,16,16,16,32,48,30,295,160,130,0,0,0,16,512,-1,485.785156,477.9375,7.84765625,7.6015625,7611.34961,7618.951,0,0,0,0,0,0,0,0,0,0,4.167745,7,505,600,1200,3000,49,0.965000033,1.30500007,0,3,16,55,2670,10451.9824,0,0,0,0,5,3,0,0,19.76,22.66,0.975,11960.0586,467.300781,4.49181652,0,0,0,0.006547307,0,0,0,0,0,0,0,0,0,67.59375,66,16376,4115,12260,74.8695,57.752,799744,8.374989E+07
05/29/2026 12:46:45,42,54,0,53,58,48,48,48,48,67,12.0960007,5.03,1.30800009,1.39200008,0.986000061,0.33,0.664000034,3.28400016,2.046,0,3.36800027,3.364,3.11600018,52,45.5,44.5,45.5,958,672,0,830,743,0,0,0,0,0,21.54,7.69,6.15,6.15,4.62,15.38,3.08,1.54,8.27,21.54,35.675106,3710,392,4850,1167,48.5,1.31876576,0.64375,4828,386,48.5,0.682181239,0.64375,3076,145,32.3333321,0.304598123,0.64375,3024,121,32.3333321,0.272582144,0.64375,3039,215,32.3333321,0.386248767,0.64375,4850,916,48.5,1.17058778,0.64375,2993,86,32.3333321,0.225170627,0.64375,3023,99,32.3333321,0.234562188,0.64375,52.6250076,45.8750038,99.9981461,26.6943512,11.1864128,70.46941,11.489872,3.390892,77.21292,37.75,0.25,0,55,0,85,0.416,1.01,16,16,16,32,48,30,295,160,130,0,0,0,16,36.5,0.25,0,55,0,85,0.416,1.01,16,16,16,32,48,30,295,160,130,0,0,0,16,512,-1,485.785156,477.9375,7.84765625,7.6015625,7611.34961,7618.951,0,0,0,0,0,0,0,0,0,0,4.195549,7,505,600,1200,3000,50,0.989,1.30500007,0,2,16,55,2670,10451.9824,0,0,0,0,5,3,0,0,19.546,20.718,0.975,11960.0586,467.300781,4.394024,0,0,0,0.00507940724,0,0,0,0,0,0,0,0,0,67.6875,66,16376,4115,12260,74.8695,56.485,849920,8.469914E+07
05/29/2026 12:46:47,42,54,0,51,56,47,47,47,47,66,12.0960007,5.03,1.30800009,1.39200008,0.982000053,0.324,0.664000034,3.28000021,2.046,0,3.36800027,3.36800027,3.11600018,52,45.5,44.5,45.5,930,698,0,821,756,0,0,0,0,0,14.06,4.76,3.12,1.56,4.69,17.19,1.56,0,5.87,17.19,35.765316,3687,365,4850,1051,48.5,1.233214,0.64375,4806,343,48.5,0.6582855,0.64375,3028,136,32.3333321,0.287827164,0.64375,3076,124,32.3333321,0.260417253,0.64375,3026,199,32.3333321,0.385468185,0.64375,4850,911,48.5,1.14910376,0.64375,2968,95,32.3333321,0.22747913,0.64375,2890,62,32.3333321,0.193781391,0.64375,52.1250076,45.8750038,99.99815,26.69508,11.1856842,70.47134,11.4920616,3.38870239,77.22763,37.75,0.25,0,55,0,85,0.416,1.01,16,16,16,32,48,30,295,160,130,0,0,0,16,36.5,0.25,0,55,0,85,0.416,1.01,16,16,16,32,48,30,295,160,130,0,0,0,16,512,-1,485.785156,477.9375,7.84765625,7.6015625,7611.34961,7618.951,0,0,0,0,0,0,0,0,0,0,4.29633331,7,505,600,1200,3000,49,1.04000008,1.30500007,0,16,17,55,2670,10451.9824,0,0,0,0,5,3,0,0,20.259,22.262,0.975,11960.0586,467.300781,4.369665,0,0,0,0.00337752677,0,0,0,0,0,0,0,0,0,67.75,68,16376,4115,12260,74.8695,56.683,899072,8.624947E+07
05/29/2026 12:46:49,42,54,0,51,56,47,47,47,47,65,12.0960007,5.03,1.30800009,1.39200008,0.986000061,0.34,0.664000034,3.28400016,2.046,0,3.36800027,3.364,3.11600018,51,45,44.5,45.5,920,698,0,811,730,0,0,0,0,0,21.88,4.69,4.69,3.12,4.69,18.75,4.69,3.12,8.2,21.88,35.8819351,3856,417,4850,1181,48.5,1.36432886,0.64375,4683,358,48.5,0.718113065,0.64375,3046,195,32.3333321,0.347850382,0.64375,2935,121,32.3333321,0.274328262,0.64375,4517,224,48.5,0.42902,0.64375,4850,1058,48.5,1.23976874,0.64375,2920,97,32.3333321,0.242948979,0.64375,3044,100,32.3333321,0.23771143,0.64375,51.8750076,46.3750038,99.99815,26.6942139,11.18655,70.46905,11.4894218,3.39134216,77.20989,37.75,0.25,0,55,0,85,0.416,1.01,16,16,16,32,48,30,295,160,130,0,0,0,16,36.5,0.25,0,55,0,85,0.416,1.01,16,16,16,32,48,30,295,160,130,0,0,0,16,512,-1,485.785156,477.9375,7.84765625,7.6015625,7611.34961,7618.951,0,0,0,0,0,0,0,0,0,0,4.27113,7,505,600,1200,3000,49,0.969000041,1.30500007,0,9,17,55,2670,10451.9824,0,0,0,0,5,3,0,0,20.514,20.664,0.975,11960.0586,467.300781,4.43859529,0,0,0,0.00484998,0,0,0,0,0,0,0,0,0,67.8125,66,16376,4115,12260,74.8695,58.188,40699904,149504
05/29/2026 12:46:51,41,54,0,50,55,45,45,45,45,65,12.12,5.03,1.31000006,1.39200008,0.986000061,0.336000025,0.664000034,3.28000021,2.046,0,3.36800027,3.36800027,3.11600018,51,45.5,44.5,45.5,894,698,0,793,711,0,0,0,0,0,15.87,9.52,1.56,1.56,7.94,17.46,0,1.56,6.94,17.46,35.9663353,4023,394,4850,1064,48.5,1.25592875,0.63125,3233,403,32.3333321,0.7625737,0.63125,2955,133,32.3333321,0.28794983,0.63125,2952,112,32.3333321,0.24807401,0.63125,4577,224,48.5,0.41616872,0.64375,4850,1062,48.5,1.22924364,0.64375,4395,76,48.5,0.2090786,0.64375,4369,78,48.5,0.200775564,0.64375,51.7500076,46.3750038,99.99815,26.6925659,11.1881981,70.4647,11.4909019,3.389862,77.21984,37.75,0.25,0,55,0,85,0.416,1.01,16,16,16,32,48,30,295,160,130,0,0,0,16,36.5,0.25,0,55,0,85,0.416,1.01,16,16,16,32,48,30,295,160,130,0,0,0,16,512,-1,485.785156,477.9375,7.84765625,7.6015625,7611.34961,7618.951,0,0,0,0,0,0,0,0,0,0,4.25718546,7,505,600,1200,3000,49,0.965000033,1.30500007,0,4,17,56,2670,10451.9824,0,0,0,0,5,3,0,0,20.214,19.347,0.975,11960.0586,467.300781,4.41932154,0,0,0,0.00383986952,0,0,0,0,0,0,0,0,0,67.90625,66,16376,4115,12260,74.8695,57.376,849920,8.454963E+07
05/29/2026 12:46:53,41,54,0,50,55,45,45,45,45,65,12.0960007,5.02000046,1.30800009,1.39200008,0.98,0.324,0.664000034,3.28000021,2.046,0,3.364,3.364,3.11600018,51,45.5,44.5,45.5,904,672,0,801,715,0,0,0,0,0,20.31,7.81,1.56,3.12,1.56,14.06,1.56,3.12,6.64,20.31,35.62079,3672,397,4850,1195,48.5,1.3190341,0.65,4779,357,48.5,0.650572836,0.65,3052,181,32.3333321,0.3445237,0.63125,2970,123,32.3333321,0.273476034,0.63125,3040,224,32.3333321,0.413287431,0.63125,4850,933,48.5,1.15780878,0.63125,2900,77,32.3333321,0.226999983,0.63125,2935,86,32.3333321,0.233412,0.63125,51.5000076,45.8750038,99.99815,26.6998787,11.1808853,70.484,11.4937592,3.38700485,77.23904,37.75,0.25,0,55,0,85,0.416,1.01,16,16,16,32,48,30,295,160,130,0,0,0,16,36.5,0.25,0,55,0,85,0.416,1.01,16,16,16,32,48,30,295,160,130,0,0,0,16,512,-1,485.785156,477.9375,7.84765625,7.6015625,7611.34961,7618.951,0,0,0,0,0,0,0,0,0,0,4.25883532,7,505,600,1200,3000,49,1.03500009,1.30500007,0,3,16,56,2670,10451.9824,0,0,0,0,5,3,0,0,20.46,17.911,0.975,11960.0586,467.300781,4.46686554,0,0,0,0.005727872,0,0,0,0,0,0,0,0,0,68,66,16376,4115,12260,74.8695,56.327,27999232,99328
05/29/2026 12:46:55,41,54,0,50,55,45,45,45,45,65,12.0960007,5.03,1.30800009,1.388,0.992000043,0.334000021,0.66200006,3.28000021,2.046,0,3.364,3.364,3.11600018,51,45.5,44.5,45.5,904,673,0,807,712,0,0,0,0,0,20,3.08,1.56,3.12,3.12,20,0,0,6.36,20,35.7062225,3677,393,4850,1151,48.5,1.33641672,0.6625,4803,369,48.5,0.685551167,0.6625,3046,169,32.3333321,0.324642718,0.6625,3048,135,32.3333321,0.270719677,0.6625,3011,197,32.3333321,0.373978823,0.6625,4850,966,48.5,1.15220392,0.6625,2894,76,32.3333321,0.2170421,0.6625,2914,84,32.3333321,0.217162177,0.6625,51.3750076,45.8750038,99.9981461,26.70248,11.1782837,70.4908752,11.4955635,3.3852005,77.25117,37.75,0.25,0,55,0,85,0.416,1.01,16,16,16,32,48,30,295,160,130,0,0,0,16,36.5,0.25,0,55,0,85,0.416,1.01,16,16,16,32,48,30,295,160,130,0,0,0,16,512,-1,485.785156,477.9375,7.84765625,7.6015625,7611.34961,7618.951,0,0,0,0,0,0,0,0,0,0,4.24870872,7,505,600,1200,3000,49,0.965000033,1.30500007,0,2,16,56,2670,10451.9824,0,0,0,0,5,3,0,0,21.075,24.736,0.975,11960.0586,467.300781,4.507379,0,0,0,0.003245719,0,0,0,0,0,0,0,0,0,68.125,66,16376,4115,12260,74.8695,57.75,899072,8.61993E+07
05/29/2026 12:46:57,41,54,0,50,55,46,46,46,46,65,12.0960007,5.03,1.30800009,1.39200008,1.00400007,0.328,0.66200006,3.28400016,2.046,0,3.364,3.364,3.11600018,52,45.5,44.5,45.5,894,672,0,790,694,0,0,0,0,0,32.81,7.81,0,1.54,4.62,17.19,0,0,8,32.81,36.5588226,3463,484,4850,1727,48.5,1.8421247,0.6375,3195,447,32.3333321,0.8015077,0.6375,2944,152,32.3333321,0.3809281,0.6375,3020,146,32.3333321,0.346153259,0.6375,3004,223,32.3333321,0.47890228,0.6375,4850,1003,48.5,1.23536527,0.6375,2890,87,32.3333321,0.2730182,0.6375,2951,91,32.3333321,0.269022673,0.6375,52.6250076,45.8750038,99.99815,26.7342377,11.1465263,70.57471,11.5253868,3.3553772,77.4515839,37.75,0.25,0,55,0,85,0.416,1.01,16,16,16,32,48,30,295,160,130,0,0,0,16,36.5,0.25,0,55,0,85,0.416,1.01,16,16,16,32,48,30,295,160,130,0,0,0,16,512,-1,485.785156,477.9375,7.84765625,7.6015625,7611.34961,7618.951,0,0,0,0,0,0,0,0,0,0,4.34072876,7,505,600,1200,3000,49,0.969000041,1.30500007,0,7,17,56,2670,10451.9824,0,0,0,0,4,2,0,0,20.179,23.426,0.975,11961.1055,467.300781,3.36939621,0,0,0,0.121174142,0,0,0,0,0,0,0,0,0,68.125,68,16376,4114,12261,74.87589,57.218,799744,158999552
05/29/2026 12:46:59,42,54,0,51,55,49,49,49,49,67,12.0960007,5.02000046,1.30800009,1.39200008,1.00400007,0.33,0.66200006,3.28000021,2.046,0,3.364,3.364,3.11200023,53,45.5,44.5,45.5,919,698,0,806,711,0,0,0,0,0,34.38,7.81,4.76,1.59,9.52,23.44,1.59,1.59,10.58,34.38,37.0806656,4592,516,4850,1571,48.5,1.707147,0.6375,4811,456,48.5,0.8221214,0.6375,4466,146,48.5,0.394262224,0.6375,4470,118,48.5,0.341239423,0.6375,4540,239,48.5,0.503187954,0.6375,4850,1419,48.5,1.611948,0.6375,4349,91,48.5,0.2983432,0.6375,4396,84,48.5,0.277860254,0.6375,53.6250076,46.3750038,99.99815,26.7074738,11.17329,70.50405,11.4976044,3.38315964,77.26488,37.75,0.25,0,55,0,85,0.416,1.01,16,16,16,32,48,30,295,160,130,0,0,0,16,36.5,0.25,0,55,0,85,0.416,1.01,16,16,16,32,48,30,295,160,130,0,0,0,16,512,-1,485.785156,477.9375,7.84765625,7.6015625,7611.34961,7618.951,0,0,0,0,0,0,0,0,0,0,4.29508924,7,505,600,1200,3000,49,1.074,1.30500007,0,12,17,56,2670,10451.9824,0,0,0,0,4,2,0,0,19.734,21.795,0.975,11961.1836,467.300781,3.38701224,0,0,0,0.11341688,0,0,0,0,0,0.0173507147,0,0,0,68.28125,66,16376,4114,12261,74.8763657,55.495,899072,8.394957E+07
05/29/2026 12:47:01,43,54,0,51,56,49,49,49,49,67,12.0960007,5.02000046,1.30800009,1.39200008,1.00200009,0.334000021,0.664000034,3.28000021,2.046,0,3.364,3.364,3.11600018,53,45.5,44.5,45.5,945,698,0,798,719,0,0,0,0,0,27.69,3.08,1.54,0,4.62,26.15,0,1.54,8.08,27.69,36.6956177,3636,457,4850,1436,48.5,1.58008838,0.63125,4742,415,48.5,0.782983065,0.64375,2982,146,32.3333321,0.360177636,0.64375,2977,122,32.3333321,0.324040443,0.64375,2951,204,32.3333321,0.440314561,0.64375,4850,1177,48.5,1.418998,0.64375,2852,68,32.3333321,0.2522801,0.64375,2885,86,32.3333321,0.251796246,0.64375,53.7500076,46.3750038,99.9981461,26.7399445,11.14082,70.58977,11.5320511,3.348713,77.49637,37.75,0.25,0,55,0,85,0.416,1.01,16,16,16,32,48,30,295,160,130,0,0,0,16,36.5,0.25,0,55,0,85,0.416,1.01,16,16,16,32,48,30,295,160,130,0,0,0,16,512,-1,485.785156,477.9375,7.84765625,7.6015625,7611.34961,7618.951,0,0,0,0,0,0,0,0,0,0,4.182695,7,505,600,1200,3000,49,0.965000033,1.30500007,0,5,17,56,2670,10451.9824,0,0,0,0,5,3,0,0,20.093,19.236,0.975,11961.1836,467.53125,3.29687643,0,0,0,0.09312683,0,0,0,0,0,0,0,0,0,68.3125,68,16376,4114,12261,74.8763657,55.433,849920,157899776
05/29/2026 12:47:03,43,54,0,52,57,49,49,49,49,67,12.0960007,5.03,1.30800009,1.39200008,1.01200008,0.328,0.664000034,3.28400016,2.046,0,3.36800027,3.364,3.11600018,53,45.5,44.5,45.5,953,698,0,811,733,0,0,0,0,0,23.81,4.76,4.76,0,3.17,20.63,1.59,1.59,7.54,23.81,37.21813,4597,456,4850,1458,48.5,1.58087075,0.64375,4783,439,48.5,0.8038658,0.64375,4613,184,48.5,0.408100456,0.64375,4449,111,48.5,0.319548458,0.64375,4473,214,48.5,0.447979927,0.64375,4850,1078,48.5,1.30401373,0.64375,4361,79,48.5,0.276189029,0.64375,4395,86,48.5,0.273002684,0.64375,53.5000076,45.8750038,99.99815,26.7492943,11.13147,70.6144562,11.53336,3.34740448,77.50516,37.75,0.25,0,55,0,85,0.416,1.01,16,16,16,32,48,30,295,160,130,0,0,0,16,36.5,0.25,0,55,0,85,0.416,1.01,16,16,16,32,48,30,295,160,130,0,0,0,16,512,-1,485.785156,477.9375,7.84765625,7.6015625,7611.34961,7618.951,0,0,0,0,0,0,0,0,0,0,4.30235529,7,505,600,1200,3000,49,0.969000041,1.30500007,0,2,16,56,2670,10451.9824,0,0,0,0,4,2,0,0,20.5,21.409,0.975,11961.1836,467.648438,3.27924418,0,0,0,0.0488893352,0,0,0,0,0,0.0189666562,0,0,0,68.40625,68,16376,4114,12261,74.8763657,56.967,1049600,8.499917E+07
05/29/2026 12:47:05,43,54,0,53,57,49,49,49,49,67,12.0960007,5.03,1.30800009,1.39200008,0.996000051,0.338000029,0.66200006,3.28400016,2.046,0,3.36800027,3.364,3.11600018,53,45.5,44.5,45.5,958,698,0,823,726,0,0,0,0,0,31.25,3.08,0,1.54,3.08,14.06,0,1.54,6.82,31.25,36.70356,4049,408,5050,1476,50.5,1.50513923,0.55625,3869,333,40.4,0.6409977,0.55625,3810,181,40.4,0.33489573,0.55625,3742,117,40.4,0.2832532,0.55625,3694,200,40.4,0.391407579,0.55625,5050,814,50.5,1.13437414,0.55625,3602,72,40.4,0.237592116,0.55625,3574,73,40.4,0.230633229,0.55625,53.2500076,46.3750038,99.99816,26.71241,11.168354,70.51708,11.5063705,3.37439346,77.32379,37.75,0.25,0,55,0,85,0.416,1.01,16,16,16,32,48,30,295,160,130,0,0,0,16,36.5,0.25,0,55,0,85,0.416,1.01,16,16,16,32,48,30,295,160,130,0,0,0,16,512,-1,485.785156,477.9375,7.84765625,7.6015625,7611.34961,7618.951,0,0,0,0,0,0,0,0,0,0,4.1564765,7,505,600,1200,3000,49,0.974000037,1.30500007,0,0,16,56,2670,10451.9824,0,0,0,0,4,2,0,0,19.941,23.083,0.975,11961.1875,467.7422,3.39194822,0,0,0,0.0442930236,0,0,0,0,0,0.00864806,0,0,0,68.46875,68,16376,4114,12261,74.8763657,56.6,999424,157149184
05/29/2026 12:47:07,43,54,0,53,57,49,49,49,49,67,12.0960007,5.03,1.30800009,1.39200008,1.064,0.332000017,0.66200006,3.28000021,2.046,0,3.364,3.364,3.11600018,53,45.5,44.5,45.5,947,673,0,823,748,0,0,0,0,0,31.25,17.19,4.69,1.59,14.06,39.06,7.94,29.69,18.18,39.06,40.9205,3847,882,4900,1762,49,1.97038877,0.50625,3856,586,39.2,1.09281468,0.50625,3037,258,32.6666679,0.550789833,0.50625,3003,175,32.6666679,0.460324883,0.50625,3067,391,32.6666679,0.771827757,0.50625,4900,1700,49,2.19623,0.50625,3037,202,32.5,0.455950022,0.51875,4975,1979,49.75,2.10755324,0.53125,57.1250076,57.3750038,99.99815,26.75504,11.1257248,70.6296158,11.2913475,3.5894165,75.8788147,37.75,0.25,0,55,0,85,0.416,1.01,16,16,16,32,48,30,295,160,130,0,0,0,16,36.5,0.25,0,55,0,85,0.416,1.01,16,16,16,32,48,30,295,160,130,0,0,0,16,512,-1,485.785156,477.9375,7.84765625,7.6015625,7611.34961,7618.951,0,0,0,0,0,0,0,0,0,0,4.21146154,7,505,600,1200,3000,49,1.05500007,1.30500007,0,14,17,56,2670,10451.9824,0,0,0,0,4,2,0,0,19.792,23.867,0.975,11961.1875,468.988281,3.33779573,0,0,0,0.04032159,0,0,0,0,0,0.0201159138,0,0,0,68.53125,68,16376,4114,12261,74.8763657,55.15,799744,158399488
05/29/2026 12:47:09,43,54,0,53,58,52,52,52,52,70,12.0960007,5.03,1.30800009,1.39200008,0.996000051,0.33,0.66200006,3.28400016,2.046,0,3.364,3.364,3.11600018,58,45.5,44.5,45.5,956,673,0,832,730,0,0,0,0,0,29.69,4.69,1.56,3.12,1.56,23.44,0,1.56,8.2,29.69,36.189537,3673,433,4850,1294,48.5,1.33625615,0.6375,4771,407,48.5,0.7125811,0.6375,3007,161,32.3333321,0.348135084,0.63125,3051,163,32.3333321,0.338409781,0.63125,3055,223,32.3333321,0.412995934,0.63125,4850,1041,48.5,1.34731388,0.63125,2928,98,32.3333321,0.2639002,0.63125,2874,74,32.3333321,0.240264848,0.63125,58.5000076,45.8750038,99.99815,26.75455,11.1262131,70.62833,11.1346016,3.74616241,74.82547,37.75,0.25,0,55,0,85,0.416,1.01,16,16,16,32,48,30,295,160,130,0,0,0,16,36.5,0.25,0,55,0,85,0.416,1.01,16,16,16,32,48,30,295,160,130,0,0,0,16,512,-1,485.785156,477.9375,7.84765625,7.6015625,7611.34961,7618.951,0,0,0,0,0,0,0,0,0,0,4.247061,7,505,600,1200,3000,49,0.969000041,1.30500007,0,2,17,56,2670,10451.9824,0,0,0,0,4,2,0,0,20.385,21.318,0.975,11961.1875,468.988281,3.49383,0,0,0,0.04142405,0,0,0,0,0,0,0,0,0,68.59375,68,16376,4114,12261,74.8763657,56.025,999424,7.454925E+07
05/29/2026 12:47:11,44,54,0,54,58,56,56,56,56,73,12.12,5.03,1.30800009,1.39200008,0.994,0.334000021,0.66200006,3.28400016,2.046,0,3.364,3.364,3.11600018,56,45.5,44.5,45.5,985,673,0,831,754,0,0,0,0,0,17.19,4.69,3.12,3.12,1.56,18.75,1.56,1.56,6.45,18.75,36.3131332,3659,442,4850,1335,48.5,1.39139509,0.64375,4733,387,48.5,0.72332114,0.64375,3029,174,32.3333321,0.366112739,0.64375,3050,168,32.3333321,0.351576418,0.64375,3012,261,32.3333321,0.477928042,0.64375,4850,1048,48.5,1.37431407,0.64375,2857,81,32.3333321,0.260683954,0.64375,2892,83,32.3333321,0.2544149,0.64375,56.3750076,46.3750038,99.99815,26.7331429,11.1476212,70.5718155,11.1236687,3.75709534,74.752,37.75,0.25,0,55,0,85,0.416,1.01,16,16,16,32,48,30,295,160,130,0,0,0,16,36.5,0.25,0,55,0,85,0.416,1.01,16,16,16,32,48,30,295,160,130,0,0,0,16,512,-1,485.785156,477.9375,7.84765625,7.6015625,7611.34961,7618.951,0,0,0,0,0,0,0,0,0,0,4.16482973,7,505,600,1200,3000,49,1.03000009,1.30500007,0,13,17,56,2670,10451.9824,0,0,0,0,4,2,0,0,20.506,20.045,0.975,11961.1875,469.1875,3.30017471,0,0,0,0.03913632,0,0,0,0,0,0.0205023941,0,0,0,68.625,68,16376,4114,12261,74.8763657,57.204,999424,8.589926E+07
05/29/2026 12:47:13,45,54,0,55,59,53,53,53,53,70,12.0960007,5.02000046,1.30800009,1.39200008,0.988000035,0.336000025,0.66200006,3.28400016,2.046,0,3.36800027,3.364,3.11600018,55,45.5,44.5,45.5,997,673,0,839,747,0,0,0,0,0,29.69,10.94,4.69,1.56,6.25,15.62,1.56,3.12,9.18,29.69,36.8011169,3411,395,5050,1215,50.5,1.301386,0.58125,3330,372,33.6666679,0.669568062,0.58125,3098,142,33.6666679,0.3122681,0.58125,3119,119,33.6666679,0.2673418,0.58125,3153,219,33.6666679,0.41303575,0.58125,3367,891,33.6666679,1.20016611,0.58125,3029,94,33.6666679,0.234596834,0.58125,3141,106,33.6666679,0.24590379,0.58125,55.6250076,45.8750038,99.9981461,26.7663269,11.1144371,70.65942,11.1451,3.73566437,74.89602,37.75,0.25,0,55,0,85,0.416,1.01,16,16,16,32,48,30,295,160,130,0,0,0,16,36.5,0.25,0,55,0,85,0.416,1.01,16,16,16,32,48,30,295,160,130,0,0,0,16,512,-1,485.785156,477.9375,7.84765625,7.6015625,7611.34961,7618.951,0,0,0,0,0,0,0,0,0,0,4.187081,7,505,600,1200,3000,49,0.979000032,1.30500007,0,4,16,56,2670,10451.9824,0,0,0,0,5,3,0,0,20.431,24.607,0.975,11961.1875,469.1875,4.47057724,0,0,0,0.005327377,0,0,0,0,0,0,0,0,0,68.84375,68,16376,4114,12261,74.8763657,57.251,799744,160599040
05/29/2026 12:47:15,44,54,0,55,59,51,51,51,51,69,12.12,5.03,1.31000006,1.39200008,0.984,0.34,0.66200006,3.28000021,2.046,0,3.36800027,3.364,3.11600018,54,45.5,44.5,45.5,966,698,0,868,776,0,0,0,0,0,19.05,4.69,1.54,3.12,3.12,19.05,3.12,1.54,6.9,19.05,35.947052,3676,420,4850,1306,48.5,1.38778031,0.65625,4842,385,48.5,0.7459876,0.65625,2987,148,32.3333321,0.319335043,0.65625,3030,139,32.3333321,0.293879479,0.65625,3020,228,32.3333321,0.428719,0.65625,4850,980,48.5,1.26592112,0.65625,2984,109,32.3333321,0.244897008,0.65625,2846,62,32.3333321,0.207685649,0.65625,53.8750076,46.3750038,99.99815,26.7649612,11.1158028,70.65581,11.1448555,3.73590851,74.89438,37.75,0.25,0,55,0,85,0.416,1.01,16,16,16,32,48,30,295,160,130,0,0,0,16,36.5,0.25,0,55,0,85,0.416,1.01,16,16,16,32,48,30,295,160,130,0,0,0,16,512,-1,485.785156,477.9375,7.84765625,7.6015625,7611.34961,7618.951,0,0,0,0,0,0,0,0,0,0,4.289642,7,505,600,1200,3000,50,0.965000033,1.30500007,0,5,17,57,2670,10451.9824,0,0,0,0,5,3,0,0,20.669,19.102,0.975,11961.1875,469.1875,4.49799156,0,0,0,0.00419322075,0,0,0,0,0,0,0,0,0,68.875,68,16376,4114,12261,74.8763657,57.047,999424,7.574938E+07
05/29/2026 12:47:17,43,54,0,53,58,49,49,49,49,67,12.0960007,5.03,1.30800009,1.39200008,0.984,0.332000017,0.66200006,3.28000021,2.046,0,3.36800027,3.364,3.11600018,53,45.5,44.5,45.5,956,698,0,858,757,0,0,0,0,0,20.31,3.12,1.56,1.56,1.56,18.75,0,0,5.86,20.31,35.53676,3652,367,4850,1218,48.5,1.26302469,0.64375,4743,303,48.5,0.6337197,0.64375,3068,153,32.3333321,0.304810822,0.64375,2955,95,32.3333321,0.238900423,0.64375,3000,186,32.3333321,0.376368821,0.64375,4850,858,48.5,1.179351,0.64375,2882,66,32.3333321,0.198221117,0.64375,2872,59,32.3333321,0.188397631,0.64375,53.1250076,46.3750038,99.99816,26.7410583,11.1397057,70.59271,11.11903,3.761734,74.7208252,37.75,0.25,0,55,0,85,0.416,1.01,16,16,16,32,48,30,295,160,130,0,0,0,16,36.5,0.25,0,55,0,85,0.416,1.01,16,16,16,32,48,30,295,160,130,0,0,0,16,512,-1,485.785156,477.9375,7.84765625,7.6015625,7611.34961,7618.951,0,0,0,0,0,0,0,0,0,0,4.13316631,7,505,600,1200,3000,49,0.974000037,1.30500007,0,8,17,57,2670,10451.9824,0,0,0,0,5,3,0,0,21.186,20.992,0.975,11969.6289,468.957031,4.69959927,0,0,0,0.00752921961,0,0,0,0,0,0,0,0,0,69,68,16376,4105,12270,74.92789,58.514,1049600,7.814963E+07
05/29/2026 12:47:19,42,54,0,53,57,48,48,48,48,67,12.0960007,5.03,1.30800009,1.39200008,0.982000053,0.334000021,0.66200006,3.28400016,2.046,0,3.364,3.364,3.11600018,52,45.5,44.5,45.5,936,698,0,853,750,0,0,0,0,0,20,6.25,1.56,3.12,0,15.38,1.56,1.56,6.18,20,35.7847939,3688,386,4850,1210,48.5,1.26249635,0.6375,4742,325,48.5,0.634184539,0.6375,3110,163,32.3333321,0.328183323,0.6375,3056,158,32.3333321,0.315053552,0.6375,3046,195,32.3333321,0.399841726,0.6375,4850,891,48.5,1.202066,0.6375,2926,76,32.3333321,0.230569676,0.6375,2921,72,32.3333321,0.219037384,0.6375,52.6250076,46.3750038,99.99815,26.7490158,11.1317482,70.6137161,11.1208534,3.75991058,74.73308,37.75,0.25,0,55,0,85,0.416,1.01,16,16,16,32,48,30,295,160,130,0,0,0,16,36.5,0.25,0,55,0,85,0.416,1.01,16,16,16,32,48,30,295,160,130,0,0,0,16,512,-1,485.785156,477.9375,7.84765625,7.6015625,7611.34961,7618.951,0,0,0,0,0,0,0,0,0,0,4.236586,7,505,600,1200,3000,49,0.965000033,1.30500007,0,1,17,57,2670,10451.9824,0,0,0,0,5,3,0,0,20.959,18.983,0.975,11969.6289,468.957031,4.616579,0,0,0,0.00345982937,0,0,0,0,0,0,0,0,0,69.0625,68,16376,4105,12270,74.92789,58.741,999424,8.794931E+07
05/29/2026 12:47:21,42,54,0,51,56,47,47,47,47,66,12.0960007,5.03,1.30800009,1.39200008,0.982000053,0.342,0.66200006,3.28000021,2.046,0,3.36800027,3.364,3.11600018,52,45.5,44.5,45.5,930,673,0,823,755,0,0,0,0,0,17.46,7.94,1.59,3.17,4.76,17.46,0,1.56,6.74,17.46,35.9115677,3683,345,4850,1145,48.5,1.21032965,0.64375,4843,336,48.5,0.5612819,0.64375,3003,117,32.3333321,0.264031053,0.64375,3075,129,32.3333321,0.261615634,0.64375,3010,167,32.3333321,0.324141651,0.64375,4850,744,48.5,1.0654496,0.64375,2924,64,32.3333321,0.198783845,0.64375,2908,61,32.3333321,0.187669814,0.64375,52.3750076,45.8750038,99.99815,26.7473755,11.1333885,70.60939,11.1296158,3.75114822,74.79196,37.75,0.25,0,55,0,85,0.416,1.01,16,16,16,32,48,30,295,160,130,0,0,0,16,36.5,0.25,0,55,0,85,0.416,1.01,16,16,16,32,48,30,295,160,130,0,0,0,16,512,-1,485.785156,477.9375,7.84765625,7.6015625,7611.34961,7618.951,0,0,0,0,0,0,0,0,0,0,4.252628,7,505,600,1200,3000,49,0.979000032,1.30500007,0,2,16,57,2670,10451.9824,0,0,0,0,5,3,0,0,20.652,25.077,0.975,11969.6289,468.957031,4.725684,0,0,0,0.00566100329,0,0,0,0,0,0,0,0,0,69.125,68,16376,4105,12270,74.92789,57.013,799744,8.664986E+07
05/29/2026 12:47:23,42,54,0,51,56,47,47,47,47,66,12.0960007,5.03,1.30800009,1.39200008,0.984,0.326,0.66200006,3.28400016,2.046,0,3.364,3.364,3.11600018,52,45.5,44.5,45.5,928,673,0,813,737,0,0,0,0,0,22.22,7.94,4.76,4.76,6.35,25.4,1.59,1.59,9.33,25.4,35.7694321,3685,403,4850,1290,48.5,1.34831429,0.6375,4808,361,48.5,0.7058483,0.6375,2985,139,32.3333321,0.316068619,0.6375,3006,115,32.3333321,0.2686545,0.6375,3076,252,32.3333321,0.4418371,0.6375,4850,899,48.5,1.21197176,0.6375,2929,79,32.3333321,0.227370188,0.6375,2973,91,32.3333321,0.23051171,0.6375,51.8750076,46.3750038,99.99816,26.747776,11.132988,70.61044,11.1326523,3.74811172,74.81237,37.75,0.25,0,55,0,85,0.416,1.01,16,16,16,32,48,30,295,160,130,0,0,0,16,36.5,0.25,0,55,0,85,0.416,1.01,16,16,16,32,48,30,295,160,130,0,0,0,16,512,-1,485.785156,477.9375,7.84765625,7.6015625,7611.34961,7618.951,0,0,0,0,0,0,0,0,0,0,4.264126,7,505,600,1200,3000,49,1.06000006,1.30500007,0,6,16,57,2670,10451.9824,0,0,0,0,5,3,0,0,20.971,19.633,0.975,11969.625,465.5664,4.677637,0,0,0,0.004531669,0,0,0,0,0,0.07456656,0,0,0,69.1875,68,16376,4105,12270,74.92789,57.444,899072,8.65495E+07
05/29/2026 12:47:25,41,54,0,50,55,45,45,45,45,65,12.0960007,5.02000046,1.30800009,1.388,0.982000053,0.33,0.66200006,3.28000021,2.046,0,3.364,3.364,3.11200023,51,45.5,44.5,45.5,924,672,0,818,713,0,0,0,0,0,26.98,6.35,3.12,0,1.56,12.7,0,0,6.34,26.98,35.77209,3453,386,4850,1251,48.5,1.32608151,0.6375,3223,374,32.3333321,0.7166915,0.6375,3031,154,32.3333321,0.3169609,0.65,2952,112,32.3333321,0.2578862,0.65,2969,191,32.3333321,0.392770082,0.65,4850,874,48.5,1.18515134,0.65,2915,72,32.3333321,0.218390018,0.65,2835,63,32.3333321,0.195543438,0.65,51.6250076,46.3750038,99.9981461,26.7485237,11.13224,70.61242,11.1343575,3.74640656,74.82383,37.75,0.25,0,55,0,85,0.416,1.01,16,16,16,32,48,30,295,160,130,0,0,0,16,36.5,0.25,0,55,0,85,0.416,1.01,16,16,16,32,48,30,295,160,130,0,0,0,16,512,-1,485.785156,477.9375,7.84765625,7.6015625,7611.34961,7618.951,0,0,0,0,0,0,0,0,0,0,4.381654,7,505,600,1200,3000,50,0.965000033,1.30500007,0,4,16,57,2670,10451.9824,0,0,0,0,5,3,0,0,21.081,20.648,0.975,11969.625,465.5664,4.46045065,0,0,0,0.00739743561,0,0,0,0,0,0,0,0,0,69.375,68,16376,4105,12270,74.92789,58.693,849920,8.644915E+07
05/29/2026 12:47:27,41,54,0,50,55,45,45,45,45,65,12.0960007,5.03,1.30800009,1.39200008,0.984,0.328,0.66200006,3.28400016,2.046,0,3.36800027,3.36800027,3.11600018,51,45.5,44.5,45.5,893,698,0,808,706,0,0,0,0,0,30.77,4.62,1.54,1.54,4.62,20,0,0,7.88,30.77,35.822628,3671,397,4040,1266,40.4,1.320297,0.63125,4007,352,40.4,0.6409172,0.63125,3805,164,40.4,0.3366458,0.63125,3159,138,33.6666679,0.297443,0.56875,3185,221,33.6666679,0.4166075,0.56875,5050,869,50.5,1.18134177,0.56875,3067,89,33.6666679,0.243648425,0.56875,3052,80,33.6666679,0.228269473,0.56875,51.6250076,45.8750038,99.9981461,26.75253,11.1282349,70.62299,11.13435,3.74641418,74.82378,37.75,0.25,0,55,0,85,0.416,1.01,16,16,16,32,48,30,295,160,130,0,0,0,16,36.5,0.25,0,55,0,85,0.416,1.01,16,16,16,32,48,30,295,160,130,0,0,0,16,512,-1,485.785156,477.9375,7.84765625,7.6015625,7611.34961,7618.951,0,0,0,0,0,0,0,0,0,0,4.22526264,7,505,600,1200,3000,49,0.969000041,1.30500007,0,0,16,57,2670,10451.9824,159,0,0,0,5,3,0,0,20.629,18.621,0.975,11969.625,465.5664,4.41627073,0,0,0,0.005494844,0,0,0,0,0,0,0,0,0,69.40625,68,16376,4105,12270,74.92789,57.861,1049600,8.804966E+07
05/29/2026 12:47:29,41,54,0,50,55,45,45,45,45,65,12.0960007,5.02000046,1.30800009,1.39200008,0.98,0.326,0.66200006,3.28400016,2.046,0,3.36800027,3.364,3.11600018,51,45.5,44.5,45.5,904,698,0,792,698,0,0,0,0,0,18.75,7.81,3.08,4.69,6.15,6.25,1.54,0,6.03,18.75,36.2960167,3899,341,4040,1162,40.4,1.20791256,0.55625,3896,313,40.4,0.5925694,0.55625,3702,128,40.4,0.27201885,0.55625,3641,95,40.4,0.228988379,0.55625,3674,178,40.4,0.33070907,0.55625,5050,715,50.5,1.03817213,0.55625,3566,70,40.4,0.200924382,0.55625,3623,70,40.4,0.196387723,0.55625,51.7500076,46.3750038,99.99815,26.7792015,11.1015625,70.6934052,11.1502228,3.73054123,74.93044,37.75,0.25,0,55,0,85,0.416,1.01,16,16,16,32,48,30,295,160,130,0,0,0,16,36.5,0.25,0,55,0,85,0.416,1.01,16,16,16,32,48,30,295,160,130,0,0,0,16,512,-1,485.785156,477.9375,7.84765625,7.6015625,7611.34961,7618.951,0,0,0,0,0,0,0,0,0,0,4.21797848,7,505,600,1200,3000,49,1.0250001,1.30500007,0,11,17,57,2670,10451.9824,572,592,0,0,5,3,0,0,20.657,24.251,0.975,11969.625,465.5664,4.50520134,0,0,0,0.006436989,0,0,0,0,0,0,0,0,0,69.46875,68,16376,4105,12270,74.92789,57.074,849920,160499712
05/29/2026 12:47:31,41,54,0,50,55,45,45,45,45,65,12.0960007,5.03,1.30800009,1.39200008,0.986000061,0.334000021,0.66200006,3.28000021,2.046,0,3.364,3.364,3.11600018,51,45.5,44.5,45.5,902,699,0,788,711,0,0,0,0,0,17.46,0,3.17,4.76,1.59,11.11,0,3.17,5.16,17.46,35.5440063,4067,380,4850,1175,48.5,1.24373007,0.65,4752,336,48.5,0.624717355,0.65,4549,161,48.5,0.3169425,0.65,3042,127,32.3333321,0.279313236,0.65,4571,212,48.5,0.389758438,0.6375,4850,862,48.5,1.163045,0.6375,2941,90,32.3333321,0.2358865,0.6375,2978,80,32.3333321,0.2268734,0.6375,51.7500076,46.3750038,99.99815,26.76078,11.1199837,70.6447754,11.1322289,3.74853516,74.8095245,37.75,0.25,0,55,0,85,0.416,1.01,16,16,16,32,48,30,295,160,130,0,0,0,16,36.5,0.25,0,55,0,85,0.416,1.01,16,16,16,32,48,30,295,160,130,0,0,0,16,512,-1,485.785156,477.9375,7.84765625,7.6015625,7611.34961,7618.951,0,0,0,0,0,0,0,0,0,0,4.335508,7,505,600,1200,3000,49,1.04000008,1.30500007,0,2,17,57,2670,10451.9824,687,718,0,0,5,3,0,0,21.157,21.311,0.975,11969.625,465.5664,4.50624561,0,0,0,0.00323885959,0,0,0,0,0,0,0,0,0,69.28125,68,16376,4105,12270,74.92789,58.097,999424,99328
05/29/2026 12:47:33,41,54,0,50,55,45,45,45,45,65,12.0960007,5.03,1.30800009,1.39200008,0.992000043,0.326,0.66,3.28000021,2.046,0,3.36800027,3.364,3.11600018,51,45.5,44.5,45.5,904,699,0,786,692,0,0,0,0,0,23.08,6.15,1.54,0,3.08,20,0,0,6.73,23.08,35.7144165,3479,367,4850,1153,48.5,1.23557079,0.64375,3126,329,32.3333321,0.60615176,0.64375,3022,125,32.3333321,0.2837144,0.64375,3043,128,32.3333321,0.265928954,0.64375,3051,196,32.3333321,0.38135165,0.64375,4850,835,48.5,1.13977611,0.64375,2961,91,32.3333321,0.2167449,0.64375,2926,79,32.3333321,0.201380581,0.64375,51.7500076,46.3750038,99.99815,26.7561531,11.1246109,70.63256,11.1354027,3.74536133,74.83086,37.75,0.25,0,55,0,85,0.416,1.01,16,16,16,32,48,30,295,160,130,0,0,0,16,36.5,0.25,0,55,0,85,0.416,1.01,16,16,16,32,48,30,295,160,130,0,0,0,16,512,-1,485.785156,477.9375,7.84765625,7.6015625,7611.34961,7618.951,0,0,0,0,0,0,0,0,0,0,4.267834,7,505,600,1200,3000,49,0.979000032,1.30500007,0,2,16,57,2670,10451.9824,790,817,30,30,5,3,0,0,20.899,25.091,0.975,11969.625,465.5664,4.42673,0,0,0,0.005126809,0,0,0,0,0,0,0,0,0,68.90625,68,16376,4105,12270,74.92789,58.891,849920,8.764928E+07
05/29/2026 12:47:35,41,54,0,50,55,45,45,45,45,65,12.0960007,5.02000046,1.30800009,1.39200008,0.986000061,0.332000017,0.66200006,3.28000021,2.046,0,3.36800027,3.364,3.11600018,51,45.5,44.5,45.5,898,700,0,802,709,0,0,0,0,0,20.31,1.56,1.56,1.56,1.56,18.75,0,0,5.66,20.31,36.1186943,3848,371,4850,1246,48.5,1.26873159,0.65,4778,346,48.5,0.6128313,0.63125,2975,149,32.3333321,0.324411422,0.63125,2970,125,32.3333321,0.278112262,0.63125,4535,211,48.5,0.415302217,0.63125,4850,747,48.5,1.09058392,0.63125,2878,70,32.3333321,0.220857859,0.63125,2948,77,32.3333321,0.221507609,0.63125,51.7500076,46.3750038,99.99815,26.7618446,11.1189194,70.64758,11.1461563,3.7346077,74.90312,37.75,0.25,0,55,0,85,0.416,1.01,16,16,16,32,48,30,295,160,130,0,0,0,16,36.5,0.25,0,55,0,85,0.416,1.01,16,16,16,32,48,30,295,160,130,0,0,0,16,512,-1,485.785156,477.9375,7.84765625,7.6015625,7611.34961,7618.951,0,0,0,0,0,0,0,0,0,0,4.23010445,7,505,600,1200,3000,50,0.955000043,1.30500007,0,2,16,56,2670,10451.9824,937,947,31,31,5,3,0,0,20.491,24.74,0.975,11969.625,466.113281,4.40726042,0,0,0,0.00445517059,0,0,0,0,0,0.0277978946,0,0,0,68.4375,68,16376,4105,12270,74.92789,57.316,849920,8.824934E+07
05/29/2026 12:47:37,41,54,0,50,55,45,45,45,45,65,12.0960007,5.03,1.30800009,1.39200008,0.984,0.328,0.66,3.28000021,2.046,0,3.36800027,3.364,3.11600018,51,46,44.5,45.5,905,676,0,783,691,0,0,0,0,0,28.12,7.81,1.56,0,4.69,12.5,1.56,1.56,7.23,28.12,36.0264969,3862,391,4850,1320,48.5,1.354243,0.64375,4794,341,48.5,0.6417934,0.64375,2971,133,32.3333321,0.306187451,0.64375,2978,126,32.3333321,0.280184627,0.64375,4568,223,48.5,0.430065751,0.64375,4850,827,48.5,1.15854883,0.64375,2937,77,32.3333321,0.239602834,0.64375,2944,79,32.3333321,0.2315253,0.64375,51.7500076,46.3750038,99.9981461,26.7572021,11.1235619,70.63533,11.1489067,3.7318573,74.9216,37.75,0.25,0,55,0,85,0.416,1.01,16,16,16,32,48,30,295,160,130,0,0,0,16,36.5,0.25,0,55,0,85,0.416,1.01,16,16,16,32,48,30,295,160,130,0,0,0,16,512,-1,485.785156,477.9375,7.84765625,7.6015625,7611.34961,7618.951,0,0,0,0,0,0,0,0,0,0,4.265445,7,505,600,1200,3000,49,0.965000033,1.30500007,0,3,17,56,2670,10451.9824,1016,1016,31,31,5,3,0,0,20.761,19.653,0.975,11969.625,466.1836,4.44297552,0,0,0,0.006536559,0,0,0,0,0,0,0,0,0,67.96875,68,16376,4105,12270,74.92789,57.098,1049600,7.434957E+07
05/29/2026 12:47:39,41,55,0,50,55,45,45,45,45,65,12.0960007,5.03,1.30800009,1.39200008,0.986000061,0.328,0.66,3.28400016,2.046,0,3.36800027,3.364,3.11600018,51,46,44.5,45.5,910,709,0,800,690,0,0,0,0,0,20.63,1.59,6.35,1.59,6.35,15.87,0,0,6.55,20.63,35.56186,3458,368,4850,1221,48.5,1.26391459,0.64375,3173,329,32.3333321,0.6399712,0.64375,2960,158,32.3333321,0.311202645,0.64375,3047,136,32.3333321,0.275363266,0.64375,3029,224,32.3333321,0.391741246,0.64375,4850,752,48.5,1.115743,0.64375,2904,66,32.3333321,0.202992141,0.64375,2853,56,32.3333321,0.183319718,0.65,51.7500076,46.8750038,99.9981461,26.759407,11.121357,70.64114,11.1452026,3.73556137,74.89671,37.75,0.25,0,55,0,85,0.416,1.01,16,16,16,32,48,30,295,160,130,0,0,0,16,36.5,0.25,0,55,0,85,0.416,1.01,16,16,16,32,48,30,295,160,130,0,0,0,16,512,-1,485.785156,477.9375,7.84765625,7.6015625,7611.34961,7618.951,0,0,0,0,0,0,0,0,0,0,4.32116127,7,505,600,1200,3000,49,1.04000008,1.30500007,0,21,17,55,2670,10451.9824,1033,1035,31,31,5,3,0,0,21.006,21.118,0.975,11969.625,466.1836,4.376921,0,0,0,0.00335531053,0,0,0,0,0,0,0,0,0,67.3125,68,16376,4105,12270,74.92789,58.47,4299776,8.614912E+07
05/29/2026 12:47:41,41,55,0,50,55,45,45,45,45,65,12.12,5.03,1.31000006,1.39200008,0.986000061,0.334000021,0.658000052,3.28400016,2.046,0,3.36800027,3.364,3.11600018,51,46,44.5,45.5,898,719,0,782,707,0,0,0,0,0,20.31,3.12,1.56,0,0,15.62,1.56,3.12,5.66,20.31,35.7822647,3884,394,4850,1353,48.5,1.3963027,0.64375,4850,400,48.5,0.692633331,0.64375,3038,182,32.3333321,0.3582171,0.64375,3067,127,32.3333321,0.289531052,0.64375,4523,212,48.5,0.419201076,0.64375,4850,724,48.5,1.08485389,0.64375,2939,83,32.3333321,0.241605148,0.64375,2957,75,32.3333321,0.223221987,0.64375,51.7500076,46.8750038,99.9981461,26.7585258,11.1222382,70.6388245,11.1477623,3.73300171,74.91391,37.75,0.25,0,55,0,85,0.416,1.01,16,16,16,32,48,30,295,160,130,0,0,0,16,36.5,0.25,0,55,0,85,0.416,1.01,16,16,16,32,48,30,295,160,130,0,0,0,16,512,-1,485.785156,477.9375,7.84765625,7.6015625,7611.34961,7618.951,0,0,0,0,0,0,0,0,0,0,4.304444,7,505,600,1200,3000,49,0.965000033,1.30500007,0,7,17,55,2670,10451.9824,1029,1030,31,31,5,3,0,0,20.516,18.729,0.975,11969.6289,466.4336,4.48603535,0,0,0,0.0054752673,0,0,0,0,0,0.00993847,0,0,0,66.78125,68,16376,4105,12270,74.92789,57.68,999424,7.639962E+07
05/29/2026 12:47:43,41,56,0,50,55,47,47,47,47,66,12.0960007,5.03,1.30800009,1.39200008,0.992000043,0.342,0.658000052,3.28400016,2.046,0,3.36800027,3.364,3.11600018,52,46,44.5,45.5,925,731,0,784,707,0,0,0,0,0,26.98,3.17,4.76,0,1.59,20.63,0,0,7.14,26.98,37.58043,3461,384,4850,1231,48.5,1.3139025,0.64375,3124,315,32.3333321,0.619587,0.64375,3017,152,32.3333321,0.308821023,0.64375,2970,102,32.3333321,0.24787432,0.64375,2998,203,32.3333321,0.3964196,0.64375,4850,906,48.5,1.16570675,0.64375,2954,85,32.3333321,0.2223013,0.64375,2926,77,32.3333321,0.207182392,0.64375,52.6250076,47.3750038,99.99815,26.8151169,11.0656471,70.7882156,11.1796417,3.70112228,75.12814,37.75,0.25,0,55,0,85,0.416,1.01,16,16,16,32,48,30,295,160,130,0,0,0,16,36.5,0.25,0,55,0,85,0.416,1.01,16,16,16,32,48,30,295,160,130,0,0,0,16,512,-1,485.785156,477.9375,7.84765625,7.6015625,7611.34961,7618.951,0,0,0,0,0,0,0,0,0,0,4.23502445,7,505,600,1200,3000,50,0.969000041,1.30500007,0,2,17,54,2670,10451.9824,1022,1024,31,31,5,3,0,0,20.373,24.009,0.975,11969.6289,466.4336,4.46163368,0,0,0,0.00394141674,0,0,0,0,0,0,0,0,0,66.125,66,16376,4105,12270,74.92789,56.433,799744,1.643991E+08
05/29/2026 12:47:45,42,56,0,51,56,47,47,47,47,66,12.0960007,5.03,1.30800009,1.39200008,0.986000061,0.328,0.658000052,3.28000021,2.046,0,3.36800027,3.36800027,3.11600018,52,46,44.5,45.5,940,736,0,804,696,0,0,0,0,0,30.77,7.69,6.15,0,3.08,21.54,0,1.54,8.85,30.77,35.8898163,3669,391,4850,1396,48.5,1.44185138,0.64375,4758,393,48.5,0.7161846,0.64375,2975,168,32.3333321,0.3268616,0.64375,2961,103,32.3333321,0.25497824,0.64375,3029,222,32.3333321,0.435288668,0.64375,4850,681,48.5,1.05136943,0.64375,2985,86,32.3333321,0.231062263,0.64375,2946,82,32.3333321,0.227103859,0.64375,52.5000076,47.3750038,99.99815,26.8195076,11.0612564,70.7998047,11.1813507,3.6994133,75.1396255,37.75,0.25,0,55,0,85,0.416,1.01,16,16,16,32,48,30,295,160,130,0,0,0,16,36.5,0.25,0,55,0,85,0.416,1.01,16,16,16,32,48,30,295,160,130,0,0,0,16,512,-1,485.785156,477.9375,7.84765625,7.6015625,7611.34961,7618.951,0,0,0,0,0,0,0,0,0,0,4.199373,7,505,600,1200,3000,50,0.969000041,1.30500007,0,4,17,54,2670,10451.9824,1018,1017,31,31,5,3,0,0,20.764,24.659,0.975,11969.6289,466.4336,4.364088,0,0,0,0.00703924941,0,0,0,0,0,0,0,0,0,65.59375,66,16376,4105,12270,74.92789,56.998,799744,8.629965E+07
05/29/2026 12:47:47,42,56,0,51,56,47,47,47,47,66,12.0960007,5.03,1.30800009,1.39200008,0.990000069,0.34,0.658000052,3.28400016,2.046,0,3.36800027,3.364,3.11600018,52,46.5,44.5,45.5,939,736,0,813,703,0,0,0,0,0,26.56,3.12,3.17,3.17,1.56,12.5,0,0,6.26,26.56,35.66536,4590,374,4850,1233,48.5,1.33285785,0.6625,4850,359,48.5,0.688511,0.6625,4584,161,48.5,0.330273032,0.6625,4461,111,48.5,0.2582107,0.6625,4507,203,48.5,0.4052935,0.6625,4850,781,48.5,1.1050055,0.6625,4340,73,48.5,0.217562109,0.6625,4276,69,48.5,0.201775879,0.6625,52.6250076,47.3750038,99.99815,26.8181839,11.06258,70.79631,11.1838226,3.69694138,75.1562347,38,0.25,0,55,0,85,0.416,1.01,16,16,16,32,48,30,295,160,130,0,0,0,16,36.5,0.25,0,55,0,85,0.416,1.01,16,16,16,32,48,30,295,160,130,0,0,0,16,512,-1,485.785156,477.9375,7.84765625,7.6015625,7611.34961,7618.951,0,0,0,0,0,0,0,0,0,0,4.26841545,7,505,600,1200,3000,50,0.974000037,1.30500007,0,4,17,53,2670,10451.9824,1015,1015,31,31,5,3,0,0,20.57,24.56,0.975,11969.6289,466.4336,4.45467,0,0,0,0.00582299335,0,0,0,0,0,0,0,0,0,65.125,66,16376,4105,12270,74.92789,57.833,999424,8.724992E+07
05/29/2026 12:47:49,42,56,0,51,56,47,47,47,47,66,12.0960007,5.02000046,1.30800009,1.39200008,0.990000069,0.332000017,0.656,3.28400016,2.046,0,3.364,3.364,3.11600018,52,46.5,44.5,45.5,941,737,0,796,708,0,0,0,0,0,26.98,11.11,6.35,3.17,4.76,11.11,1.59,1.59,8.33,26.98,36.1984138,3692,420,4850,1391,48.5,1.48352385,0.60625,4776,370,48.5,0.760507047,0.60625,3040,166,32.3333321,0.358754963,0.60625,3057,123,32.3333321,0.294819355,0.60625,3083,249,32.3333321,0.480644643,0.60625,4850,897,48.5,1.197027,0.60625,2984,91,32.3333321,0.2550424,0.60625,2897,70,32.3333321,0.228488117,0.60625,52.6250076,47.8750038,99.99816,26.82034,11.0604248,70.802,11.1832047,3.69755936,75.1520844,38,0.25,0,55,0,85,0.416,1.01,16,16,16,32,48,30,295,160,130,0,0,0,16,36.75,0.25,0,55,0,85,0.416,1.01,16,16,16,32,48,30,295,160,130,0,0,0,16,512,-1,485.785156,477.9375,7.84765625,7.6015625,7611.34961,7618.951,0,0,0,0,0,0,0,0,0,0,4.33893776,7,505,600,1200,3000,51,0.974000037,1.30500007,0,2,16,53,2670,10451.9824,1016,1017,31,31,5,3,0,0,19.966,18.077,0.975,11969.6289,466.4336,4.405919,0,0,0,0.006827322,0,0,0,0,0,0,0,0,0,64.59375,66,16376,4105,12270,74.92789,56.012,1099776,8.609997E+07
05/29/2026 12:47:51,42,56,0,51,56,47,47,47,47,66,12.0960007,5.03,1.30800009,1.39200008,0.994,0.342,0.656,3.28400016,2.046,0,3.36800027,3.364,3.11600018,52,46.5,44.5,45.5,947,710,0,796,728,0,0,0,0,0,21.54,9.23,3.08,1.54,0,18.46,0,3.08,7.12,21.54,36.3829155,3644,377,5050,1257,50.5,1.34367478,0.55625,3994,375,40.4,0.752268,0.55625,3082,121,33.6666679,0.284252226,0.55625,3126,97,33.6666679,0.2382441,0.55625,3792,211,40.4,0.41913867,0.55625,4040,828,40.4,1.16534376,0.55625,3064,70,33.6666679,0.20535183,0.55625,3001,59,33.6666679,0.192443684,0.55625,52.5000076,47.8750038,99.99816,26.8138733,11.0668907,70.784935,11.1810379,3.699726,75.13753,38,0.25,0,55,0,85,0.416,1.01,16,16,16,32,48,30,295,160,130,0,0,0,16,36.75,0.25,0,55,0,85,0.416,1.01,16,16,16,32,48,30,295,160,130,0,0,0,16,512,-1,485.785156,477.9375,7.84765625,7.6015625,7611.34961,7618.951,0,0,0,0,0,0,0,0,0,0,4.227047,7,505,600,1200,3000,50,0.965000033,1.30500007,0,0,17,52,2670,10451.9824,1015,1017,30,30,5,3,0,0,20.271,21.646,0.975,11969.6289,466.4336,4.541326,0,0,0,0.00415340252,0,0,0,0,0,0,0,0,0,64,64,16376,4105,12270,74.92789,55.51,849920,8.764928E+07
05/29/2026 12:47:53,42,56,0,51,56,47,47,47,47,66,12.0960007,5.02000046,1.30800009,1.39200008,0.994,0.334000021,0.656,3.28000021,2.046,0,3.364,3.364,3.11600018,52,46.5,44.5,46,942,709,0,808,729,0,0,0,0,0,27.69,3.08,1.56,0,1.56,10.77,0,0,5.58,27.69,36.2903671,3656,408,4850,1355,48.5,1.41967165,0.65,4737,373,48.5,0.725046933,0.65,2980,151,32.3333321,0.320453137,0.65,2983,132,32.3333321,0.2827832,0.65,3037,242,32.3333321,0.450150937,0.65,4850,840,48.5,1.19563162,0.65,2884,85,32.3333321,0.235322788,0.65,2929,82,32.3333321,0.230025038,0.65,52.7500076,47.8750038,99.99816,26.8181725,11.0625916,70.79628,11.18301,3.697754,75.15078,38,0.25,0,55,0,85,0.416,1.01,16,16,16,32,48,30,295,160,130,0,0,0,16,36.75,0.25,0,55,0,85,0.416,1.01,16,16,16,32,48,30,295,160,130,0,0,0,16,512,-1,485.785156,477.9375,7.84765625,7.6015625,7611.34961,7618.951,0,0,0,0,0,0,0,0,0,0,4.26768875,7,505,600,1200,3000,51,1.04000008,1.30500007,0,15,17,52,2670,10451.9824,1015,1016,30,30,5,3,0,0,20.526,24.856,0.975,11969.6289,466.4336,4.58942175,0,0,0,0.00547836348,0,0,0,0,0,0,0,0,0,63.625,64,16376,4105,12270,74.92789,56.868,999424,8.604979E+07
05/29/2026 12:47:55,42,56,0,51,56,47,47,47,47,66,12.0960007,5.03,1.31000006,1.39200008,0.998,0.34,0.656,3.28000021,2.046,0,3.36800027,3.364,3.11600018,52,46.5,44.5,46,941,710,0,809,729,0,0,0,0,0,28.12,6.25,0,0,0,14.06,1.56,1.56,6.45,28.12,36.2346535,3858,388,4850,1173,48.5,1.33271229,0.64375,4850,391,48.5,0.726403534,0.64375,2974,144,32.3333321,0.3100731,0.64375,3009,112,32.3333321,0.261615217,0.64375,4492,194,48.5,0.399079531,0.64375,4850,942,48.5,1.20682561,0.64375,2883,70,32.3333321,0.211160064,0.64375,2957,80,32.3333321,0.209505543,0.64375,52.7500076,47.8750038,99.99816,26.81345,11.0673141,70.78381,11.1820831,3.69868088,75.14455,38,0.25,0,55,0,85,0.416,1.01,16,16,16,32,48,30,295,160,130,0,0,0,16,36.75,0.25,0,55,0,85,0.416,1.01,16,16,16,32,48,30,295,160,130,0,0,0,16,512,-1,485.785156,477.9375,7.84765625,7.6015625,7611.34961,7618.951,0,0,0,0,0,0,0,0,0,0,4.30293655,7,505,600,1200,3000,51,0.965000033,1.30500007,0,8,17,51,2670,10451.9824,1014,1011,30,30,5,3,0,0,20.038,19.006,0.975,11969.6289,466.4336,4.513458,0,0,0,0.004345104,0,0,0,0,0,0,0,0,0,63.03125,64,16376,4105,12270,74.92789,56.465,999424,8.359936E+07
05/29/2026 12:47:57,42,56,0,51,56,47,47,47,47,66,12.12,5.03,1.31000006,1.39200008,0.990000069,0.334000021,0.654000044,3.28400016,2.046,0,3.36800027,3.36800027,3.11600018,52,46.5,44.5,46,932,710,0,809,711,0,0,0,0,0,29.23,7.81,3.12,4.69,6.25,12.31,0,1.56,8.12,29.23,36.12183,3929,392,4850,1131,48.5,1.28446722,0.64375,4806,360,48.5,0.669472,0.64375,3086,175,32.3333321,0.358805656,0.64375,2959,116,32.3333321,0.28027454,0.64375,4579,218,48.5,0.41946733,0.64375,5050,974,50.5,1.21520579,0.55,3080,91,33.6666679,0.24980557,0.55,3024,73,33.6666679,0.222817019,0.55,52.7500076,48.3750038,99.99815,26.8095818,11.0711823,70.7736053,11.1833191,3.697445,75.1528549,38,0.25,0,55,0,85,0.416,1.01,16,16,16,32,48,30,295,160,130,0,0,0,16,36.75,0.25,0,55,0,85,0.416,1.01,16,16,16,32,48,30,295,160,130,0,0,0,16,512,-1,485.785156,477.9375,7.84765625,7.6015625,7611.34961,7618.951,0,0,0,0,0,0,0,0,0,0,4.22707653,7,505,600,1200,3000,51,0.974000037,1.30500007,0,2,17,51,2670,10451.9824,1009,1010,30,30,5,3,0,0,19.713,19.792,0.975,11969.6289,466.5039,4.463665,0,0,0,0.007536149,0,0,0,0,0,0,0,0,0,62.625,64,16376,4105,12270,74.92789,55.009,849920,1.601495E+08
05/29/2026 12:47:59,42,56,0,51,56,48,48,48,48,67,12.0960007,5.03,1.30800009,1.39200008,0.990000069,0.332000017,0.654000044,3.28000021,2.046,0,3.364,3.364,3.11600018,53,46.5,44.5,46,932,710,0,796,712,0,0,0,0,0,18.75,4.69,4.69,1.56,3.12,10.94,3.12,0,5.86,18.75,36.76847,4608,363,4850,1079,48.5,1.26735544,0.65,4849,327,48.5,0.6524069,0.65,4577,163,48.5,0.3109505,0.65,4556,132,48.5,0.2785816,0.65,4483,191,48.5,0.368326932,0.65,4850,863,48.5,1.11403859,0.65,4319,65,48.5,0.20651269,0.65,4376,86,48.5,0.220272869,0.65,53.0000076,48.3750038,99.99816,26.8406372,11.0401268,70.85558,11.2008514,3.67991257,75.2706757,38,0.25,0,55,0,85,0.416,1.01,16,16,16,32,48,30,295,160,130,0,0,0,16,36.75,0.25,0,55,0,85,0.416,1.01,16,16,16,32,48,30,295,160,130,0,0,0,16,512,-1,485.785156,477.9375,7.84765625,7.6015625,7611.34961,7618.951,0,0,0,0,0,0,0,0,0,0,4.24611425,7,505,600,1200,3000,51,0.965000033,1.30500007,0,0,17,50,2670,10451.9824,1007,1007,30,30,5,3,0,0,20.126,20.298,0.975,11969.6289,466.5039,4.43372059,0,0,0,0.00381375686,0,0,0,0,0,0,0,0,0,62.15625,62,16376,4105,12270,74.92789,55.174,849920,8.779981E+07
05/29/2026 12:48:01,43,56,0,51,56,49,49,49,49,67,12.12,5.03,1.31000006,1.39200008,0.990000069,0.33,0.654000044,3.28400016,2.046,0,3.36800027,3.364,3.11600018,53,46.5,44.5,46,947,737,0,805,734,0,0,0,0,0,17.19,9.38,3.12,3.12,3.12,20.31,0,1.56,7.23,20.31,36.0307159,4290,398,4850,1135,48.5,1.31857789,0.64375,4850,378,48.5,0.6921426,0.64375,4469,165,48.5,0.339728981,0.64375,4546,152,48.5,0.3098371,0.64375,4482,206,48.5,0.427105337,0.64375,5050,979,50.5,1.22753835,0.575,3009,81,33.6666679,0.2348222,0.575,3062,91,33.6666679,0.238935485,0.575,53.1250076,48.7500038,99.99815,26.84452,11.0362434,70.86584,11.2072449,3.67351913,75.31364,38,0.25,0,55,0,85,0.416,1.01,16,16,16,32,48,30,295,160,130,0,0,0,16,36.75,0.25,0,55,0,85,0.416,1.01,16,16,16,32,48,30,295,160,130,0,0,0,16,512,-1,485.785156,477.9375,7.84765625,7.6015625,7611.34961,7618.951,0,0,0,0,0,0,0,0,0,0,4.252168,7,505,600,1200,3000,51,0.969000041,1.30500007,0,4,17,50,2670,10451.9824,1003,1006,30,30,5,3,0,0,20.212,21.156,0.975,11969.6289,466.734375,4.50189734,0,0,0,0.007415817,0,0,0,0,0,0,0,0,0,61.65625,62,16376,4105,12270,74.92789,56.392,799744,8.644915E+07
05/29/2026 12:48:03,43,56,0,52,57,49,49,49,49,67,12.0960007,5.03,1.30800009,1.39200008,0.992000043,0.336000025,0.654000044,3.28000021,2.046,0,3.36800027,3.36800027,3.11200023,53,47,44.5,46,958,737,0,806,721,0,0,0,0,0,15.62,10.94,6.25,4.69,9.38,20.31,0,6.25,9.18,20.31,36.0123634,3696,384,4850,1119,48.5,1.30722618,0.64375,4783,373,48.5,0.691411138,0.64375,2905,140,32.3333321,0.298274547,0.64375,2949,107,32.3333321,0.2612722,0.64375,3003,206,32.3333321,0.417933553,0.64375,5050,983,50.5,1.21897531,0.54375,3050,78,33.6666679,0.2170319,0.54375,2982,65,33.6666679,0.200493217,0.54375,53.2500076,48.3750038,99.99815,26.8137245,11.0670395,70.78454,11.1830063,3.69775772,75.15076,38.25,0.25,0,55,0,85,0.416,1.01,16,16,16,32,48,30,295,160,130,0,0,0,16,36.75,0.25,0,55,0,85,0.416,1.01,16,16,16,32,48,30,295,160,130,0,0,0,16,512,-1,485.785156,477.9375,7.84765625,7.6015625,7611.34961,7618.951,0,0,0,0,0,0,0,0,0,0,4.15789461,7,505,600,1200,3000,51,0.969000041,1.30500007,0,2,17,50,2670,10451.9824,1002,1003,30,30,5,3,0,0,19.638,18.12,0.975,11969.6289,466.734375,4.48975754,0,0,0,0.004003126,0,0,0,0,0,0,0,0,0,61.28125,62,16376,4105,12270,74.92789,55.099,799744,8.599962E+07
05/29/2026 12:48:05,43,57,0,53,57,49,49,49,49,67,12.0960007,5.03,1.30800009,1.39200008,0.994,0.33,0.654000044,3.28000021,2.046,0,3.36800027,3.364,3.11600018,53,47,44.5,46,958,743,0,832,743,0,0,0,0,0,20.31,7.81,1.56,3.12,3.12,15.62,0,0,6.45,20.31,36.2574768,4206,409,4040,1182,40.4,1.37314069,0.525,5030,415,50.5,0.750288665,0.525,4790,200,50.5,0.382325172,0.55,3687,116,40.4,0.2834808,0.55,3747,231,40.4,0.4708282,0.55,5050,965,50.5,1.23397076,0.55,3641,83,40.4,0.250288278,0.5375,3659,81,40.4,0.241159216,0.5375,53.3750076,48.3750038,99.99815,26.8168182,11.0639458,70.79271,11.1939964,3.68676758,75.22461,38.25,0.25,0,55,0,85,0.416,1.01,16,16,16,32,48,30,295,160,130,0,0,0,16,37,0.25,0,55,0,85,0.416,1.01,16,16,16,32,48,30,295,160,130,0,0,0,16,512,-1,485.785156,477.9375,7.84765625,7.6015625,7611.34961,7618.951,0,0,0,0,0,0,0,0,0,0,4.397238,7,505,600,1200,3000,51,0.974000037,1.30500007,0,2,17,49,2670,10451.9824,999,1001,30,30,5,3,0,0,19.513,23.395,0.975,11969.6289,466.734375,4.47601652,0,0,0,0.00482097035,0,0,0,0,0,0,0,0,0,60.90625,62,16376,4105,12270,74.92789,54.071,149504,160099328
05/29/2026 12:48:07,43,57,0,53,57,49,49,49,49,67,12.0960007,5.03,1.30800009,1.39200008,0.990000069,0.342,0.652,3.28400016,2.046,0,3.36800027,3.364,3.11600018,53,47,44.5,46,951,722,0,818,727,0,0,0,0,0,18.75,3.12,1.56,1.54,1.56,15.62,0,0,5.27,18.75,37.0682,3835,392,4850,1178,48.5,1.36627352,0.64375,3202,358,32.3333321,0.674951553,0.64375,2989,175,32.3333321,0.347522318,0.64375,3037,134,32.3333321,0.310554743,0.64375,3018,207,32.3333321,0.432842523,0.64375,4850,924,48.5,1.19108319,0.65,4378,89,48.5,0.251990974,0.65,4357,75,48.5,0.240363881,0.65,53.8750076,48.7500038,99.99815,26.8435211,11.0372429,70.8632,11.2061424,3.67462158,75.30623,38.25,0.25,0,55,0,85,0.416,1.01,16,16,16,32,48,30,295,160,130,0,0,0,16,37,0.25,0,55,0,85,0.416,1.01,16,16,16,32,48,30,295,160,130,0,0,0,16,512,-1,485.785156,477.9375,7.84765625,7.6015625,7611.34961,7618.951,0,0,0,0,0,0,0,0,0,0,4.357674,7,505,600,1200,3000,52,0.969000041,1.30500007,0,8,17,49,2670,10451.9824,1001,1000,30,30,5,3,0,0,20.158,24.409,0.975,11969.6289,466.734375,4.437108,0,0,0,0.007542124,0,0,0,0,0,0,0,0,0,60.59375,62,16376,4105,12270,74.92789,55.127,5.734912E+07,7.419904E+07
05/29/2026 12:48:09,43,58,0,53,57,49,49,49,49,67,12.0960007,5.02000046,1.30800009,1.39200008,0.992000043,0.342,0.652,3.28000021,2.046,0,3.36800027,3.36800027,3.11600018,53,47,44.5,46,946,753,0,816,745,0,0,0,0,0,12.5,7.81,0,0,6.25,23.44,1.56,1.56,6.64,23.44,36.1542969,3502,385,4040,1027,40.4,1.26173174,0.56875,3367,393,33.6666679,0.738457859,0.56875,3119,136,33.6666679,0.2935741,0.56875,3116,96,33.6666679,0.24868387,0.56875,3189,200,33.6666679,0.404332846,0.56875,5050,1083,50.5,1.32937384,0.54375,3053,74,33.6666679,0.226022065,0.54375,3086,72,33.6666679,0.216263965,0.54375,53.8750076,48.7500038,99.99815,26.8121872,11.0685768,70.78048,11.1791229,3.701641,75.12466,38.25,0.25,0,55,0,85,0.416,1.01,16,16,16,32,48,30,295,160,130,0,0,0,16,37,0.25,0,55,0,85,0.416,1.01,16,16,16,32,48,30,295,160,130,0,0,0,16,512,-1,485.785156,477.9375,7.84765625,7.6015625,7611.34961,7618.951,0,0,0,0,0,0,0,0,0,0,4.28457832,7,505,600,1200,3000,51,0.969000041,1.30500007,0,2,17,49,2670,10451.9824,1000,1000,30,30,5,3,0,0,19.869,24.492,0.975,11969.6289,466.734375,4.59760427,0,0,0,0.004530151,0,0,0,0,0,0,0,0,0,60.1875,60,16376,4105,12270,74.92789,55.618,849920,160499712
05/29/2026 12:48:11,43,58,0,53,58,51,51,51,51,69,12.0960007,5.03,1.30800009,1.39200008,0.988000035,0.342,0.652,3.28000021,2.046,0,3.36800027,3.364,3.11600018,54,47,44.5,46,946,762,0,818,746,0,0,0,0,0,29.23,9.23,0,3.08,6.15,16.92,0,0,8.08,29.23,36.75378,3876,418,4040,1201,40.4,1.39990628,0.54375,3988,370,40.4,0.741801262,0.54375,3135,157,33.6666679,0.3572074,0.54375,3753,126,40.4,0.295497239,0.55,3827,231,40.4,0.48698166,0.54375,5050,1099,50.5,1.3332355,0.54375,3609,79,40.4,0.25377962,0.54375,3607,77,40.4,0.2438509,0.54375,54.0000076,48.7500038,99.99816,26.8200417,11.0607224,70.8012161,11.1960258,3.68473816,75.23825,38.25,0.25,0,55,0,85,0.416,1.01,16,16,16,32,48,30,295,160,130,0,0,0,16,37,0.25,0,55,0,85,0.416,1.01,16,16,16,32,48,30,295,160,130,0,0,0,16,512,-1,485.785156,477.9375,7.84765625,7.6015625,7611.34961,7618.951,0,0,0,0,0,0,0,0,0,0,4.121083,7,505,600,1200,3000,52,0.989,1.30500007,0,4,17,48,2670,10451.9824,999,999,30,30,5,3,0,0,19.49,23.296,0.975,11969.6328,467.765625,4.659463,0,0,0,0.004385901,0,0,0,0,0,0,0,0,0,59.84375,60,16376,4105,12270,74.92789,54.279,949248,1.63499E+08
05/29/2026 12:48:13,44,58,0,54,58,51,51,51,51,69,12.0960007,5.02000046,1.30800009,1.39200008,0.986000061,0.33,0.652,3.28000021,2.046,0,3.364,3.364,3.11600018,54,46.5,44.5,46,966,765,0,838,754,0,0,0,0,0,23.81,4.76,0,0,3.17,12.7,0,1.59,5.75,23.81,36.2351151,3647,383,4040,1153,40.4,1.35677683,0.55,4013,357,40.4,0.707196951,0.55,3129,145,33.6666679,0.323113859,0.55,3092,113,33.6666679,0.273769528,0.55,3779,206,40.4,0.4074098,0.55,5050,944,50.5,1.20091176,0.55,2988,70,33.6666679,0.225051656,0.55,3082,73,33.6666679,0.219294921,0.55,54.0000076,48.7500038,99.99815,26.76796,11.1128044,70.66373,11.1526031,3.72816086,74.94644,38.25,0.25,0,55,0,85,0.416,1.01,16,16,16,32,48,30,295,160,130,0,0,0,16,37,0.25,0,55,0,85,0.416,1.01,16,16,16,32,48,30,295,160,130,0,0,0,16,512,-1,485.785156,477.9375,7.84765625,7.6015625,7611.34961,7618.951,0,0,0,0,0,0,0,0,0,0,4.23851633,7,505,600,1200,3000,52,0.989,1.30500007,0,5,17,48,2670,10451.9824,999,1000,30,30,5,3,0,0,18.447,20.141,0.975,11969.6328,467.765625,4.67065144,0,0,0,0.007082506,0,0,0,0,0,0,0,0,0,59.34375,60,16376,4105,12270,74.92789,53.882,5.834957E+07,99328
05/29/2026 12:48:15,44,57,0,54,59,51,51,51,51,69,12.0960007,5.03,1.30800009,1.39200008,0.990000069,0.332000017,0.652,3.28000021,2.046,0,3.364,3.364,3.11600018,54,46.5,45,46,975,758,0,846,744,0,0,0,0,0,23.08,7.69,3.08,3.08,0,15.38,0,0,6.54,23.08,36.43652,4074,396,5050,1199,50.5,1.39083433,0.58125,4951,362,50.5,0.7115914,0.58125,3705,147,40.4,0.32213226,0.58125,3795,164,40.4,0.3377137,0.58125,3774,213,40.4,0.444944143,0.58125,4040,922,40.4,1.192135,0.58125,3606,74,40.4,0.243435532,0.54375,3674,86,40.4,0.2530669,0.54375,54.1250076,48.3750038,99.99816,26.7877235,11.09304,70.7159,11.1546021,3.726162,74.95987,38.25,0.25,0,55,0,85,0.416,1.01,16,16,16,32,48,30,295,160,130,0,0,0,16,37,0.25,0,55,0,85,0.416,1.01,16,16,16,32,48,30,295,160,130,0,0,0,16,512,-1,485.785156,477.9375,7.84765625,7.6015625,7611.34961,7618.951,0,0,0,0,0,0,0,0,0,0,4.24082136,7,505,600,1200,3000,51,0.965000033,1.30500007,0,3,17,48,2670,10451.9824,999,999,30,30,5,3,0,0,20.089,24.477,0.975,11969.6328,467.765625,4.646255,0,0,0,0.004002934,0,0,0,0,0,0,0,0,0,59.125,60,16376,4105,12270,74.92789,55.643,799744,9.104998E+07
05/29/2026 12:48:17,44,56,0,54,59,51,51,51,51,69,12.0960007,5.03,1.30800009,1.39200008,0.994,0.344,0.652,3.28400016,2.046,0,3.36800027,3.364,3.11600018,54,47,44.5,46,975,721,0,834,747,0,0,0,0,0,21.88,9.38,7.81,3.12,7.81,18.75,3.12,1.56,9.18,21.88,36.1663361,3827,404,4040,1070,40.4,1.295235,0.54375,4040,399,40.4,0.738310337,0.54375,3234,181,33.6666679,0.345920265,0.54375,3131,125,33.6666679,0.27608645,0.54375,3759,230,40.4,0.428460777,0.54375,5050,1050,50.5,1.28528237,0.54375,3662,87,40.4,0.236748114,0.54375,3698,90,40.4,0.232699841,0.54375,54.1250076,48.7500038,99.99815,26.7873611,11.0934029,70.71494,11.1538734,3.72689056,74.95498,38.25,0.25,0,55,0,85,0.416,1.01,16,16,16,32,48,30,295,160,130,0,0,0,16,37,0.25,0,55,0,85,0.416,1.01,16,16,16,32,48,30,295,160,130,0,0,0,16,512,-1,485.785156,477.9375,7.84765625,7.6015625,7611.34961,7618.951,0,0,0,0,0,0,0,0,0,0,4.228149,7,505,600,1200,3000,52,0.969000041,1.30500007,0,0,17,47,2670,10451.9824,1000,1000,30,30,6,3,0,1,19.479,23.458,0.975,11969.6328,467.535156,4.78575325,0,0,0,0.00548393046,0,0,0,0,0,0,0,0,0,58.84375,60,16376,4105,12270,74.92789,54.688,849920,163699712
05/29/2026 12:48:19,44,57,0,54,59,51,51,51,51,69,12.0960007,5.03,1.30800009,1.39200008,0.988000035,0.33,0.652,3.28400016,2.046,0,3.364,3.364,3.11600018,54,47,45,46,966,751,0,833,748,0,0,0,0,0,25,12.5,6.25,1.56,1.56,23.44,1.56,0,8.98,25,36.5213776,3639,393,4040,1061,40.4,1.27535951,0.56875,3994,371,40.4,0.744346142,0.56875,3130,150,33.6666679,0.340432733,0.56875,3083,107,33.6666679,0.269126683,0.56875,3743,195,40.4,0.4169689,0.56875,5050,1101,50.5,1.33808637,0.54375,3066,89,33.6666679,0.24344793,0.54375,3008,71,33.6666679,0.220377475,0.54375,54.3750076,49.2500038,99.9981461,26.7908287,11.0899353,70.7241,11.1585426,3.72222137,74.98636,38.25,0.25,0,55,0,85,0.416,1.01,16,16,16,32,48,30,295,160,130,0,0,0,16,37.25,0.25,0,55,0,85,0.416,1.01,16,16,16,32,48,30,295,160,130,0,0,0,16,512,-1,485.785156,477.9375,7.84765625,7.6015625,7611.34961,7618.951,0,0,0,0,0,0,0,0,0,0,4.12792349,7,505,600,1200,3000,52,1.069,1.30500007,0,9,17,47,2670,10451.9824,1000,1001,30,30,5,3,0,0,19.283,23.675,0.975,11969.6328,467.535156,4.676364,0,0,0,0.006223913,0,0,0,0,0,0,0,0,0,58.53125,60,16376,4105,12270,74.92789,53.345,849920,163549184
05/29/2026 12:48:21,44,58,0,54,59,51,51,51,51,69,12.0960007,5.02000046,1.30800009,1.39200008,0.988000035,0.334000021,0.650000036,3.28400016,2.046,0,3.36800027,3.364,3.11600018,54,47,45,46,971,760,0,846,749,0,0,0,0,0,18.75,7.81,1.56,0,7.81,21.88,1.56,1.56,7.62,21.88,36.3124847,3983,394,4040,998,40.4,1.2510885,0.55625,4040,395,40.4,0.6972174,0.55625,3755,153,40.4,0.326342583,0.55625,3776,117,40.4,0.278004527,0.55625,3770,199,40.4,0.408796281,0.55625,5050,1102,50.5,1.3396982,0.55625,3729,103,40.4,0.253244132,0.55625,3701,82,40.4,0.226846218,0.55,54.3750076,48.7500038,99.99815,26.7587013,11.1220627,70.63928,11.1472015,3.73356247,74.91014,38.25,0.25,0,55,0,85,0.416,1.01,16,16,16,32,48,30,295,160,130,0,0,0,16,37.25,0.25,0,55,0,85,0.416,1.01,16,16,16,32,48,30,295,160,130,0,0,0,16,512,-1,485.785156,477.9375,7.84765625,7.6015625,7611.34961,7618.951,0,0,0,0,0,0,0,0,0,0,4.210492,7,505,600,1200,3000,52,0.974000037,1.30500007,0,4,17,47,2670,10451.9824,1001,999,30,30,5,3,0,0,19.821,23.875,0.975,11969.6328,467.535156,4.60825872,0,0,0,0.00517963944,0,0,0,0,0,0,0,0,0,58.03125,60,16376,4105,12270,74.92789,54.197,799744,163699712
05/29/2026 12:48:23,44,58,0,54,59,51,51,51,51,69,12.0960007,5.02000046,1.30800009,1.39200008,0.988000035,0.34,0.650000036,3.28000021,2.046,0,3.364,3.364,3.11600018,54,47,45,46,981,765,0,852,768,0,0,0,0,0,26.56,9.38,3.12,0,3.12,18.75,0,0,7.62,26.56,36.5977821,3871,449,4850,1327,48.5,1.46753931,0.64375,4850,431,48.5,0.8273187,0.64375,3029,179,32.3333321,0.345607,0.64375,2964,134,32.3333321,0.294751,0.64375,4554,253,48.5,0.4744422,0.64375,4850,1080,48.5,1.354358,0.64375,2912,90,32.3333321,0.2546771,0.64375,2957,98,32.3333321,0.259716868,0.64375,54.5000076,48.7500038,99.99815,26.7618179,11.1189461,70.6475143,11.144577,3.736187,74.8925,38.5,0.25,0,55,0,85,0.416,1.01,16,16,16,32,48,30,295,160,130,0,0,0,16,37.25,0.25,0,55,0,85,0.416,1.01,16,16,16,32,48,30,295,160,130,0,0,0,16,512,-1,485.785156,477.9375,7.84765625,7.6015625,7611.34961,7618.951,0,0,0,0,0,0,0,0,0,0,4.245469,7,505,600,1200,3000,52,0.955000043,1.30500007,0,3,17,47,2670,10451.9824,998,999,30,30,5,3,0,0,19.763,19.879,0.975,11969.6328,467.535156,4.602099,0,0,0,0.004039455,0,0,0,0,0,0,0,0,0,57.8125,58,16376,4105,12270,74.92789,54.966,799744,9.114931E+07
05/29/2026 12:48:25,44,58,0,54,59,51,51,51,51,69,12.0960007,5.02000046,1.30800009,1.39200008,0.996000051,0.33,0.650000036,3.28400016,2.046,0,3.36800027,3.364,3.11600018,54,47,45,46,974,766,0,835,748,0,0,0,0,0,15.62,4.69,4.69,0,1.56,18.75,0,0,5.66,18.75,36.1049728,3961,383,4040,920,40.4,1.17950273,0.5375,3941,344,40.4,0.683435559,0.5375,3826,157,40.4,0.307047665,0.5375,3824,134,40.4,0.286930442,0.5375,3750,186,40.4,0.384688556,0.5375,5050,1194,50.5,1.39151609,0.5625,3661,75,40.4,0.225644231,0.5625,3598,56,40.4,0.203769237,0.5625,54.5000076,51.0000038,99.9981461,26.7559929,11.1247711,70.63214,11.144104,3.73666,74.88933,38.5,0.25,0,55,0,85,0.416,1.01,16,16,16,32,48,30,295,160,130,0,0,0,16,37.25,0.25,0,55,0,85,0.416,1.01,16,16,16,32,48,30,295,160,130,0,0,0,16,512,-1,485.785156,477.9375,7.84765625,7.6015625,7611.34961,7618.951,0,0,0,0,0,0,0,0,0,0,4.23859024,7,505,600,1200,3000,53,0.969000041,1.30500007,0,4,17,46,2670,10451.9824,1001,1001,30,30,5,3,0,0,19.178,23.303,0.975,11969.6328,467.535156,4.646311,0,0,0,0.00572036766,0,0,0,0,0,0,0,0,0,57.53125,58,16376,4105,12270,74.92789,53.313,799744,160449536
05/29/2026 12:48:27,44,58,0,54,59,51,51,51,51,69,12.0960007,5.02000046,1.30800009,1.388,1,0.338000029,0.650000036,3.28000021,2.046,0,3.36800027,3.364,3.11600018,54,47,45,46,978,766,0,833,767,0,0,0,0,0,28.12,4.69,3.12,1.56,4.69,18.75,3.12,1.56,8.2,28.12,36.55964,3648,419,4040,1239,40.4,1.37623489,0.55,3976,356,40.4,0.710426,0.55,3128,142,33.6666679,0.3375152,0.54375,3078,117,33.6666679,0.284328729,0.54375,3795,236,40.4,0.482745647,0.54375,5050,1106,50.5,1.37483478,0.54375,3057,85,33.6666679,0.2513319,0.54375,3058,72,33.6666679,0.227991492,0.54375,54.7500076,49.2500038,99.99815,26.7680168,11.1127472,70.66388,11.148262,3.732502,74.91727,38.5,0.25,0,55,0,85,0.416,1.01,16,16,16,32,48,30,295,160,130,0,0,0,16,37.25,0.25,0,55,0,85,0.416,1.01,16,16,16,32,48,30,295,160,130,0,0,0,16,512,-1,485.785156,477.9375,7.84765625,7.6015625,7611.34961,7618.951,0,0,0,0,0,0,0,0,0,0,4.15906048,7,505,600,1200,3000,52,0.965000033,1.30500007,0,0,17,46,2670,10451.9824,1001,999,30,30,5,3,0,0,19.225,23.486,0.975,11969.6328,467.535156,4.68351126,0,0,0,0.00399128627,0,0,0,0,0,0,0,0,0,57.28125,56,16376,4105,12270,74.92789,52.722,799744,160349184
05/29/2026 12:48:29,44,58,0,54,59,51,51,51,51,69,12.0720005,5.02000046,1.30800009,1.39200008,0.988000035,0.346000016,0.650000036,3.28000021,2.046,0,3.36800027,3.364,3.11200023,54,47,45,46,977,765,0,846,768,0,0,0,0,0,26.56,7.81,0,1.56,3.12,18.75,1.56,1.56,7.62,26.56,37.0487328,4018,390,4850,1110,48.5,1.30886245,0.64375,3181,363,32.3333321,0.698254347,0.64375,2924,145,32.3333321,0.331853241,0.64375,3017,119,32.3333321,0.297698081,0.64375,4436,205,48.5,0.437022656,0.64375,4850,991,48.5,1.284179,0.65,4388,98,48.5,0.264811873,0.65,4498,89,48.5,0.254116684,0.65,54.7500076,49.2500038,99.99815,26.7665749,11.1141891,70.66007,11.1447487,3.73601532,74.89366,38.5,0.25,0,55,0,85,0.416,1.01,16,16,16,32,48,30,295,160,130,0,0,0,16,37.25,0.25,0,55,0,85,0.416,1.01,16,16,16,32,48,30,295,160,130,0,0,0,16,512,-1,485.785156,477.9375,7.84765625,7.6015625,7611.34961,7618.951,0,0,0,0,0,0,0,0,0,0,4.33120537,7,505,600,1200,3000,52,0.969000041,1.30500007,0,2,17,46,2670,10451.9824,1000,1000,30,30,5,3,0,0,19.744,21.361,0.975,11969.6328,467.535156,4.57849026,0,0,0,0.00558552938,0,0,0,0,0,0,0,0,0,57,58,16376,4105,12270,74.92789,54.365,5.374976E+07,7.419904E+07
05/29/2026 12:48:31,44,58,0,54,59,52,52,52,52,69,12.0960007,5.03,1.30800009,1.39200008,0.994,0.332000017,0.650000036,3.28000021,2.046,0,3.36800027,3.36800027,3.11600018,55,47,45,46,979,765,0,834,768,0,0,0,0,0,21.88,7.81,3.12,1.56,4.69,21.88,1.56,1.56,8.01,21.88,36.3019066,4068,396,4850,1093,48.5,1.32695067,0.64375,4747,355,48.5,0.728952169,0.64375,4488,163,48.5,0.35879907,0.64375,3013,116,32.3333321,0.297652662,0.64375,2976,179,32.3333321,0.416476429,0.64375,5050,1096,50.5,1.33269262,0.56875,3711,89,40.4,0.252053827,0.56875,3705,75,40.4,0.239870459,0.56875,54.8750076,49.2500038,99.99815,26.7634659,11.1172981,70.65186,11.1415863,3.7391777,74.872406,38.5,0.25,0,55,0,85,0.416,1.01,16,16,16,32,48,30,295,160,130,0,0,0,16,37.25,0.25,0,55,0,85,0.416,1.01,16,16,16,32,48,30,295,160,130,0,0,0,16,512,-1,485.785156,477.9375,7.84765625,7.6015625,7611.34961,7618.951,0,0,0,0,0,0,0,0,0,0,4.23415852,7,505,600,1200,3000,52,0.965000033,1.30500007,0,7,17,46,2670,10451.9824,998,1000,30,30,5,3,0,0,19.396,23.214,0.975,11969.6328,467.535156,4.622909,0,0,0,0.00650434243,0,0,0,0,0,0,0,0,0,56.78125,56,16376,4105,12270,74.92789,54.095,799744,161849344
05/29/2026 12:48:33,44,58,0,55,60,52,52,52,52,69,12.0960007,5.02000046,1.30800009,1.388,0.998,0.334000021,0.648,3.28000021,2.046,0,3.364,3.364,3.11600018,54,47,45,46,986,766,0,843,756,0,0,0,0,0,17.46,9.52,6.35,3.17,3.17,20.63,3.17,3.17,8.33,20.63,35.823082,3617,358,4040,954,40.4,1.1842345,0.55,3978,320,40.4,0.6481095,0.55,3073,124,33.6666679,0.2787334,0.5375,3062,110,33.6666679,0.259619117,0.5375,3709,171,40.4,0.3638174,0.5375,5050,1043,50.5,1.28595388,0.5375,3034,83,33.6666679,0.221985623,0.5375,2989,58,33.6666679,0.195242226,0.5375,54.7500076,49.7500038,99.99815,26.7568245,11.1239395,70.63433,11.1432991,3.737465,74.88392,38.5,0.25,0,55,0,85,0.416,1.01,16,16,16,32,48,30,295,160,130,0,0,0,16,37.5,0.25,0,55,0,85,0.416,1.01,16,16,16,32,48,30,295,160,130,0,0,0,16,512,-1,485.785156,477.9375,7.84765625,7.6015625,7611.34961,7618.951,0,0,0,0,0,0,0,0,0,0,4.04154444,7,505,600,1200,3000,52,0.955000043,1.30500007,0,9,17,45,2670,10451.9824,1000,999,30,30,5,3,0,0,19.026,22.739,0.975,11969.6328,467.535156,4.699037,0,0,0,0.00450684363,0,0,0,0,0,0,0,0,0,56.4375,56,16376,4105,12270,74.92789,52.471,849920,160399360
05/29/2026 12:48:35,44,58,0,54,59,51,51,51,51,69,12.0960007,5.02000046,1.30800009,1.39200008,0.998,0.346000016,0.650000036,3.28000021,2.046,0,3.364,3.364,3.11600018,54,47,45,46,963,765,0,854,752,0,0,0,0,0,20,6.15,0,1.54,3.08,21.54,1.54,0,6.73,21.54,36.42018,4208,386,5050,1010,50.5,1.26282358,0.50625,4982,334,50.5,0.704914,0.50625,3790,154,40.4,0.332719147,0.50625,3706,112,40.4,0.2832942,0.50625,3743,190,40.4,0.4189105,0.50625,5050,1113,50.5,1.35543025,0.50625,3722,103,40.4,0.2570744,0.50625,3624,69,40.4,0.2262469,0.50625,54.7500076,52.3750038,99.9981461,26.7624931,11.1182709,70.64929,11.143261,3.737503,74.88366,38.5,0.25,0,55,0,85,0.416,1.01,16,16,16,32,48,30,295,160,130,0,0,0,16,37.5,0.25,0,55,0,85,0.416,1.01,16,16,16,32,48,30,295,160,130,0,0,0,16,512,-1,485.785156,477.9375,7.84765625,7.6015625,7611.34961,7618.951,0,0,0,0,0,0,0,0,0,0,4.109588,7,505,600,1200,3000,52,0.965000033,1.30500007,0,3,17,45,2670,10451.9824,1000,1000,30,30,5,3,0,0,19.462,23.269,0.975,11969.6328,467.535156,4.654265,0,0,0,0.005133517,0,0,0,0,0,0,0,0,0,56.25,56,16376,4105,12270,74.92789,53.086,849920,160349184
05/29/2026 12:48:37,44,58,0,54,59,51,51,51,51,69,12.0960007,5.03,1.30800009,1.39200008,0.992000043,0.328,0.648,3.28400016,2.046,0,3.364,3.364,3.11600018,54,47,45,46,966,738,0,834,769,0,0,0,0,0,23.44,6.25,1.56,1.56,1.56,17.19,1.56,0,6.64,23.44,36.4211273,4061,369,4040,1053,40.4,1.25689173,0.54375,4914,316,50.5,0.651446462,0.54375,3694,157,40.4,0.305451751,0.54375,3765,126,40.4,0.28840977,0.54375,3719,190,40.4,0.391328782,0.54375,5050,947,50.5,1.23773634,0.54375,3672,88,40.4,0.234665126,0.54375,3634,76,40.4,0.216771558,0.55,54.8750076,49.7500038,99.99816,26.7588158,11.1219482,70.63959,11.1455841,3.73518,74.89928,38.5,0.25,0,55,0,85,0.416,1.01,16,16,16,32,48,30,295,160,130,0,0,0,16,37.5,0.25,0,55,0,85,0.416,1.01,16,16,16,32,48,30,295,160,130,0,0,0,16,512,-1,485.785156,477.9375,7.84765625,7.6015625,7611.34961,7618.951,0,0,0,0,0,0,0,0,0,0,4.22466135,7,505,600,1200,3000,53,0.969000041,1.30500007,0,4,17,45,2670,10451.9824,999,999,30,30,5,3,0,0,19.714,23.424,0.975,11969.6328,467.535156,4.60876036,0,0,0,0.00470344862,0,0,0,0,0,0,0,0,0,56,56,16376,4105,12270,74.92789,54.288,799744,8.644915E+07
05/29/2026 12:48:39,44,58,0,54,59,51,51,51,51,69,12.0960007,5.02000046,1.30800009,1.39200008,1.00400007,0.332000017,0.650000036,3.28400016,2.046,0,3.364,3.364,3.11600018,54,47,45,46.5,978,738,0,836,749,0,0,0,0,0,19.05,0,0,1.59,3.17,14.29,0,1.61,4.96,19.05,36.3521156,3652,405,4040,1182,40.4,1.38726687,0.51875,4029,371,40.4,0.7412119,0.51875,3092,159,33.6666679,0.362918377,0.51875,3144,150,33.6666679,0.326713,0.5375,3753,227,40.4,0.461717844,0.5375,5050,990,50.5,1.28637028,0.5375,3030,74,33.6666679,0.249772757,0.5375,3074,90,33.6666679,0.251271784,0.5375,54.7500076,49.2500038,99.99815,26.7623558,11.1184082,70.64893,11.14719,3.733574,74.9100647,38.5,0.25,0,55,0,85,0.416,1.01,16,16,16,32,48,30,295,160,130,0,0,0,16,37.5,0.25,0,55,0,85,0.416,1.01,16,16,16,32,48,30,295,160,130,0,0,0,16,512,-1,485.785156,477.9375,7.84765625,7.6015625,7611.34961,7618.951,0,0,0,0,0,0,0,0,0,0,4.24967146,7,505,600,1200,3000,53,0.969000041,1.30500007,0,2,17,45,2670,10451.9824,1000,1001,30,30,5,3,0,0,18.224,22.999,0.975,11969.6328,467.535156,4.644088,0,0,0,0.00573693356,0,0,0,0,0,0,0,0,0,55.71875,56,16376,4105,12270,74.92789,53.179,799744,161849344
05/29/2026 12:48:41,44,58,0,54,59,51,51,51,51,69,12.0960007,5.03,1.31000006,1.39200008,0.996000051,0.334000021,0.648,3.28400016,2.046,0,3.36800027,3.36800027,3.11600018,54,47,45,46.5,977,738,0,854,749,0,0,0,0,0,20,4.62,1.54,1.54,1.54,15.38,0,0,5.58,20,36.4442825,4342,386,5050,991,50.5,1.22737193,0.5375,4980,346,50.5,0.6911978,0.5375,3734,156,40.4,0.3239088,0.5375,3731,133,40.4,0.287466943,0.5375,4692,203,50.5,0.413248122,0.5375,5050,1084,50.5,1.319459,0.5375,3624,79,40.4,0.234686762,0.51875,3876,93,40.4,0.2439491,0.51875,54.7500076,49.2500038,99.99816,26.7612534,11.1195107,70.64603,11.149128,3.731636,74.92309,38.5,0.25,0,55,0,85,0.416,1.01,16,16,16,32,48,30,295,160,130,0,0,0,16,37.5,0.25,0,55,0,85,0.416,1.01,16,16,16,32,48,30,295,160,130,0,0,0,16,512,-1,485.785156,477.9375,7.84765625,7.6015625,7611.34961,7618.951,0,0,0,0,0,0,0,0,0,0,4.11916733,7,505,600,1200,3000,53,0.965000033,1.30500007,0,4,17,44,2670,10451.9824,1001,999,30,30,5,3,0,0,18.461,22.822,0.975,11969.6328,467.535156,4.649134,0,0,0,0.006117282,0,0,0,0,0,0,0,0,0,55.3125,56,16376,4105,12270,74.92789,52.313,849920,160399360
05/29/2026 12:48:43,44,58,0,54,59,51,51,51,51,69,12.0960007,5.03,1.31000006,1.39200008,0.998,0.334000021,0.648,3.28400016,2.046,0,3.36800027,3.36800027,3.11600018,54,47,45,46.5,970,738,0,834,750,0,0,0,0,0,15.62,7.81,3.12,1.54,3.12,28.12,0,1.54,7.61,28.12,36.49693,3876,401,4850,1047,48.5,1.29365146,0.64375,4835,396,48.5,0.78704524,0.61875,2935,138,32.3333321,0.321898967,0.61875,2925,117,32.3333321,0.273454159,0.61875,4470,199,48.5,0.431554824,0.61875,5050,1166,50.5,1.415997,0.625,2971,72,33.6666679,0.230019823,0.625,2974,70,33.6666679,0.215680763,0.625,54.8750076,49.7500038,99.99816,26.7607765,11.1199875,70.64476,11.1483612,3.7324028,74.91794,38.75,0.25,0,55,0,85,0.416,1.01,16,16,16,32,48,30,295,160,130,0,0,0,16,37.5,0.25,0,55,0,85,0.416,1.01,16,16,16,32,48,30,295,160,130,0,0,0,16,512,-1,485.785156,477.9375,7.84765625,7.6015625,7611.34961,7618.951,0,0,0,0,0,0,0,0,0,0,4.270563,7,505,600,1200,3000,53,1.04000008,1.30500007,0,1,17,44,2670,10451.9824,1000,1000,30,30,5,3,0,0,18.806,23.682,0.975,11969.6328,467.535156,4.575423,0,0,0,0.00699001271,0,0,0,0,0,0,0,0,0,55.15625,56,16376,4105,12270,74.92789,53.637,849920,1.60299E+08
05/29/2026 12:48:45,44,58,0,54,59,51,51,52,52,69,12.0960007,5.03,1.31000006,1.39200008,1,0.332000017,0.648,3.28400016,2.046,0,3.36800027,3.364,3.11600018,55,47,45,46.5,971,738,0,853,768,0,0,0,0,0,13.85,4.62,0,1.54,4.62,26.15,1.54,0,6.54,26.15,36.8728943,3854,447,4850,1175,48.5,1.41229784,0.64375,3233,431,32.3333321,0.8184579,0.64375,3036,166,32.3333321,0.406051666,0.64375,3049,152,32.3333321,0.370758384,0.64375,3054,242,32.3333321,0.49910298,0.64375,4850,1218,48.5,1.50684714,0.64375,4366,97,48.5,0.305200517,0.64375,4390,95,48.5,0.2953312,0.64375,54.8750076,49.7500038,99.99815,26.7642365,11.1165276,70.6539,11.1490059,3.731758,74.92227,38.75,0.25,0,55,0,85,0.416,1.01,16,16,16,32,48,30,295,160,130,0,0,0,16,37.5,0.25,0,55,0,85,0.416,1.01,16,16,16,32,48,30,295,160,130,0,0,0,16,512,-1,485.785156,477.9375,7.84765625,7.6015625,7611.34961,7618.951,0,0,0,0,0,0,0,0,0,0,4.507518,7,505,600,1200,3000,52,0.995000064,1.30500007,0,3,17,44,2670,10451.9824,999,1002,30,30,4,2,0,0,18.808,19.171,0.975,11969.6328,467.535156,3.65318942,0,0,0,0.0290222019,0,0,0,0,0,0,0,0,0,54.96875,54,16376,4105,12270,74.92789,53.551,4.144947E+07,7.414989E+07
05/29/2026 12:48:47,45,58,0,55,60,53,53,53,53,70,12.0960007,5.03,1.30800009,1.39200008,1.00200009,0.332000017,0.648,3.28400016,2.046,0,3.36800027,3.36800027,3.11600018,55,47,45,46.5,981,738,0,856,753,0,0,0,0,0,24.62,7.69,4.62,3.08,10.77,18.46,3.08,0,9.04,24.62,36.712822,3917,413,5050,1288,50.5,1.42550528,0.53125,4946,375,50.5,0.7202101,0.53125,3695,148,40.4,0.340436071,0.53125,3869,164,40.4,0.3412204,0.53125,3721,201,40.4,0.4432909,0.53125,4040,966,40.4,1.35021746,0.5375,2965,84,33.6666679,0.259793431,0.5375,3048,76,33.6666679,0.250742137,0.5375,55.3750076,49.2500038,99.99815,26.7630577,11.1177063,70.65079,11.1502876,3.73047638,74.93088,38.75,0.25,0,55,0,85,0.416,1.01,16,16,16,32,48,30,295,160,130,0,0,0,16,37.5,0.25,0,55,0,85,0.416,1.01,16,16,16,32,48,30,295,160,130,0,0,0,16,512,-1,485.785156,477.9375,7.84765625,7.6015625,7611.34961,7618.951,0,0,0,0,0,0,0,0,0,0,4.21731234,7,505,600,1200,3000,53,1.03500009,1.30500007,0,9,17,44,2670,10451.9824,1000,998,30,30,4,2,0,0,17.086,20.467,0.975,11969.6328,467.667969,3.19507623,0,0,0,0.0458204858,0,0,0,0,0,0,0,0,0,54.65625,56,16376,4105,12270,74.92789,50.492,799744,1.590999E+08
05/29/2026 12:48:49,45,58,0,55,60,53,53,53,53,70,12.0960007,5.03,1.30800009,1.39200008,1,0.332000017,0.648,3.28400016,2.046,0,3.36800027,3.36800027,3.11600018,55,47,45,46.5,983,738,0,843,756,0,0,0,0,0,25,7.81,6.25,1.56,3.12,17.19,3.12,3.12,8.4,25,37.0864,3696,422,4850,1433,48.5,1.53651774,0.6625,4759,387,48.5,0.737791061,0.6625,3117,149,33.6666679,0.373045564,0.5625,3056,110,33.6666679,0.321782142,0.5625,3712,199,40.4,0.454569638,0.5625,4040,921,40.4,1.33030128,0.5625,2994,84,33.6666679,0.2877801,0.5625,3036,92,33.6666679,0.288426578,0.5625,55.6250076,50.2500038,99.99816,26.7975655,11.0831985,70.74188,11.1507378,3.73002625,74.93391,38.75,0.25,0,55,0,85,0.416,1.01,16,16,16,32,48,30,295,160,130,0,0,0,16,37.5,0.25,0,55,0,85,0.416,1.01,16,16,16,32,48,30,295,160,130,0,0,0,16,512,-1,485.785156,477.9375,7.84765625,7.6015625,7611.34961,7618.951,0,0,0,0,0,0,0,0,0,0,4.16795063,7,505,600,1200,3000,52,1.05000007,1.30500007,0,9,17,43,2670,10451.9824,1000,1000,30,30,4,2,0,0,17.638,21.906,0.975,12002.57,467.667969,3.447599,0,0,0,0.0408222526,0,0,0,0,0,0,0,0,0,54.46875,54,16376,4072,12303,75.12903,50.991,799744,157949952
05/29/2026 12:48:51,45,58,0,55,60,53,53,54,54,71,12.12,5.03,1.31000006,1.39200008,0.994,0.338000029,0.648,3.28400016,2.046,0,3.36800027,3.364,3.11600018,56,47,45,46.5,994,765,0,847,782,0,0,0,0,0,25,4.69,0,1.56,1.56,15.62,0,0,6.05,25,36.7141228,3978,425,5050,1550,50.5,1.65091848,0.55,3884,360,40.4,0.7042898,0.55,3730,179,40.4,0.382086456,0.55,4661,140,50.5,0.340213716,0.525,3709,226,40.4,0.4502498,0.51875,4975,788,49.75,1.2050724,0.575,2932,87,33.1666679,0.2888981,0.575,2881,72,33,0.269940585,0.56875,55.8750076,50.2500038,99.99816,26.79544,11.0853233,70.7362747,11.1470413,3.73372269,74.9090652,38.75,0.25,0,55,0,85,0.416,1.01,16,16,16,32,48,30,295,160,130,0,0,0,16,37.75,0.25,0,55,0,85,0.416,1.01,16,16,16,32,48,30,295,160,130,0,0,0,16,512,-1,485.785156,477.9375,7.84765625,7.6015625,7611.34961,7618.951,0,0,0,0,0,0,0,0,0,0,4.3689723,7,505,600,1200,3000,53,0.965000033,1.30500007,0,7,17,43,2670,10451.9824,1000,1001,30,30,4,2,0,0,17.838,20.645,0.975,12002.57,467.667969,3.40041733,0,0,0,0.04212687,0,0,0,0,0,0,0,0,0,54.25,54,16376,4072,12303,75.12903,52.375,299008,157649920
05/29/2026 12:48:53,46,58,0,56,61,54,54,54,54,71,12.0960007,5.02000046,1.30800009,1.39200008,0.990000069,0.33,0.648,3.28000021,2.046,0,3.364,3.364,3.11600018,56,47,45,46.5,1013,767,0,871,786,0,0,0,0,0,34.38,7.81,0,1.56,3.12,7.81,0,0,6.84,34.38,36.92122,3812,423,4850,1603,48.5,1.61089623,0.63125,4763,398,48.5,0.7576348,0.63125,2980,165,32.3333321,0.37342453,0.63125,2975,126,32.3333321,0.333809048,0.63125,4398,205,48.5,0.457078248,0.63125,4850,730,48.5,1.13578224,0.63125,2883,88,32.3333321,0.280268043,0.63125,2794,68,32.3333321,0.2512438,0.63125,56.0000076,51.7500038,99.99815,26.7917938,11.08897,70.72665,11.1467743,3.73398972,74.90727,38.75,0.25,0,55,0,85,0.416,1.01,16,16,16,32,48,30,295,160,130,0,0,0,16,37.75,0.25,0,55,0,85,0.416,1.01,16,16,16,32,48,30,295,160,130,0,0,0,16,512,-1,485.785156,477.9375,7.84765625,7.6015625,7611.34961,7618.951,0,0,0,0,0,0,0,0,0,0,4.24364138,7,505,600,1200,3000,53,0.965000033,1.30500007,0,2,17,43,2670,10451.9824,1000,1000,30,30,4,2,0,0,17.268,17.947,0.975,12002.1953,341.84375,3.33742666,0,0,0,0.0398689471,0,0,0,0,0,1.71148348,0,0,0,53.9375,54,16376,4072,12303,75.12903,52.036,4.144947E+07,7.419904E+07
05/29/2026 12:48:55,47,58,0,56,62,54,54,54,54,71,12.12,5.03,1.31000006,1.39200008,0.994,0.336000025,0.648,3.28400016,2.046,0,3.36800027,3.364,3.11600018,56,47,45,46.5,1030,766,0,874,775,0,0,0,0,0,25,10.94,0,3.12,6.25,20.31,4.69,0,8.79,25,36.7437553,3774,424,4040,1532,40.4,1.62092626,0.54375,3877,334,40.4,0.71299696,0.54375,3135,178,33.6666679,0.387132049,0.54375,3160,135,33.6666679,0.333410472,0.54375,3733,208,40.4,0.463551342,0.54375,5050,848,50.5,1.268789,0.55625,3585,81,40.4,0.278529972,0.55625,3615,74,40.4,0.267089367,0.55625,56.1250076,51.3750038,99.99816,26.7960052,11.0847588,70.73776,11.15089,3.72987366,74.93493,38.75,0.25,0,55,0,85,0.416,1.01,16,16,16,32,48,30,295,160,130,0,0,0,16,37.75,0.25,0,55,0,85,0.416,1.01,16,16,16,32,48,30,295,160,130,0,0,0,16,512,-1,485.785156,477.9375,7.84765625,7.6015625,7611.34961,7618.951,0,0,0,0,0,0,0,0,0,0,4.22261858,7,505,600,1200,3000,53,1.05000007,1.30500007,0,8,17,43,2670,10451.9824,1000,999,30,30,4,2,0,0,17.196,18.152,0.975,12002.207,342.59375,3.36625838,0,0,0,0.0397309251,0,0,0,0,0,0.0300307,0,0,0,53.8125,54,16376,4072,12303,75.12903,50.501,249856,159349760
05/29/2026 12:48:57,47,58,0,56,62,54,54,54,54,71,12.0960007,5.03,1.30800009,1.39200008,0.994,0.334000021,0.648,3.28000021,2.046,0,3.36800027,3.364,3.11600018,56,47,45,46.5,1043,766,0,863,801,0,0,0,0,0,22.22,1.59,1.61,3.23,3.17,15.87,0,0,5.96,22.22,36.7836723,3998,404,4850,1382,48.5,1.4979775,0.64375,4705,337,48.5,0.7024173,0.64375,3777,165,40.4,0.361625671,0.5125,3806,167,40.4,0.352688968,0.5125,3695,197,40.4,0.428356051,0.5125,4040,844,40.4,1.223265,0.5125,3555,74,40.4,0.257567018,0.5125,3558,66,40.4,0.248251945,0.5125,56.0000076,49.7500038,99.9981461,26.7920265,11.0887375,70.72726,11.149704,3.73106,74.9269562,38.75,0.25,0,55,0,85,0.416,1.01,16,16,16,32,48,30,295,160,130,0,0,0,16,37.75,0.25,0,55,0,85,0.416,1.01,16,16,16,32,48,30,295,160,130,0,0,0,16,512,-1,485.785156,477.9375,7.84765625,7.6015625,7611.34961,7618.951,0,0,0,0,0,0,0,0,0,0,4.14519548,7,505,600,1200,3000,52,0.969000041,1.30500007,0,3,17,43,2670,10451.9824,1001,1001,30,30,4,2,0,0,17.911,22.998,0.975,12002.2188,343.34375,3.443924,0,0,0,0.0401728675,0,0,0,0,0,0.0212364011,0,0,0,53.625,54,16376,4072,12303,75.12903,51.798,849920,158049280
05/29/2026 12:48:59,47,58,0,56,62,54,54,54,54,71,12.0960007,5.03,1.31000006,1.39200008,0.992000043,0.344,0.648,3.28400016,2.046,0,3.36800027,3.36800027,3.11600018,56,47,45,46.5,1039,766,0,874,803,0,0,0,0,0,21.54,7.69,3.08,1.54,4.62,18.46,1.54,4.62,7.88,21.54,37.2525177,4249,435,4850,1382,48.5,1.52866113,0.65,4850,466,48.5,0.8570655,0.65,4460,154,48.5,0.3694859,0.64375,4438,114,48.5,0.3148967,0.64375,4546,234,48.5,0.4968212,0.64375,4900,957,49,1.35187685,0.51875,2932,82,32.6666679,0.273778558,0.51875,3016,93,32.6666679,0.277326643,0.51875,56.1250076,50.2500038,99.99815,26.7944984,11.0862656,70.73379,11.1517143,3.72904968,74.94047,38.75,0.25,0,55,0,85,0.416,1.01,16,16,16,32,48,30,295,160,130,0,0,0,16,37.75,0.25,0,55,0,85,0.416,1.01,16,16,16,32,48,30,295,160,130,0,0,0,16,512,-1,485.785156,477.9375,7.84765625,7.6015625,7611.34961,7618.951,0,0,0,0,0,0,0,0,0,0,4.392094,7,505,600,1200,3000,53,0.995000064,1.30500007,0,3,17,43,2670,10451.9824,1001,999,30,30,5,3,0,0,19.155,19.421,0.975,12002.2227,344.34375,4.34310246,0,0,0,0.00860639,0,0,0,0,0,0.0385880619,0,0,0,53.46875,52,16376,4072,12303,75.12903,53.334,53249024,249856
05/29/2026 12:49:01,46,58,0,56,61,53,53,53,53,70,12.12,5.03,1.30800009,1.39200008,1.00200009,0.332000017,0.648,3.28400016,2.046,0,3.36800027,3.36800027,3.11600018,55,47,45,46.5,1038,766,0,883,784,0,0,0,0,0,29.69,4.69,6.25,1.56,3.12,20.31,1.56,3.12,8.79,29.69,36.9341431,4594,396,4850,1335,48.5,1.44583559,0.65,4768,365,48.5,0.7547513,0.65,4593,169,48.5,0.3788481,0.65,4486,119,48.5,0.300612569,0.65,4520,195,48.5,0.451952368,0.65,4850,837,48.5,1.22307527,0.61875,4378,72,48.5,0.242150545,0.61875,4304,74,48.5,0.23279421,0.61875,55.7500076,49.7500038,99.99815,26.7924728,11.0882912,70.72844,11.1480408,3.73272324,74.91578,38.75,0.25,0,55,0,85,0.416,1.01,16,16,16,32,48,30,295,160,130,0,0,0,16,37.75,0.25,0,55,0,85,0.416,1.01,16,16,16,32,48,30,295,160,130,0,0,0,16,512,-1,485.785156,477.9375,7.84765625,7.6015625,7611.34961,7618.951,0,0,0,0,0,0,0,0,0,0,4.3226757,7,505,600,1200,3000,52,1.069,1.30500007,0,6,17,42,2670,10451.9824,1001,1000,30,30,5,3,0,0,18.698,17.955,0.975,12002.2227,344.574219,4.56750965,0,0,0,0.006305253,0,0,0,0,0,0,0,0,0,53.375,52,16376,4072,12303,75.12903,52.245,5.259981E+07,249856
05/29/2026 12:49:03,45,58,0,55,60,53,53,53,53,70,12.0960007,5.02000046,1.30800009,1.39200008,0.994,0.33,0.648,3.28000021,2.046,0,3.364,3.364,3.11600018,55,47,45,46.5,1014,766,0,873,797,0,0,0,0,0,24.62,7.69,3.08,1.54,3.08,18.46,1.54,1.54,7.69,24.62,36.1917953,3847,380,4040,1199,40.4,1.33195591,0.55625,4832,340,50.5,0.7044445,0.55625,3792,182,40.4,0.345874935,0.55625,3741,123,40.4,0.2846074,0.55625,3781,224,40.4,0.426850677,0.55625,4850,830,48.5,1.1859045,0.54375,2899,76,32.3333321,0.22700578,0.54375,2841,65,32.3333321,0.21202819,0.54375,55.3750076,49.7500038,99.99815,26.7889633,11.0918007,70.71918,11.1485558,3.73220825,74.91924,38.75,0.25,0,55,0,85,0.416,1.01,16,16,16,32,48,30,295,160,130,0,0,0,16,37.75,0.25,0,55,0,85,0.416,1.01,16,16,16,32,48,30,295,160,130,0,0,0,16,512,-1,485.785156,477.9375,7.84765625,7.6015625,7611.34961,7618.951,0,0,0,0,0,0,0,0,0,0,4.29255247,7,505,600,1200,3000,53,0.974000037,1.30500007,0,2,17,42,2670,10451.9824,1002,999,30,30,6,3,0,0,18.006,20.67,0.975,12002.2227,344.574219,5.349135,0,0,0,0.00548043754,0,0,0,0,0,0,0,0,0,53.25,52,16376,4072,12303,75.12903,53.336,799744,167499776
05/29/2026 12:49:05,45,58,0,55,60,53,53,53,53,70,12.12,5.03,1.30800009,1.39200008,0.988000035,0.336000025,0.648,3.28000021,2.046,0,3.364,3.364,3.11600018,55,47,45,46.5,987,738,0,858,788,0,0,0,0,0,24.62,3.08,3.08,0,1.54,9.23,0,0,5.19,24.62,36.4777374,3864,393,4040,1367,40.4,1.45168424,0.54375,3983,351,40.4,0.7008525,0.54375,3766,174,40.4,0.365092874,0.54375,3710,122,40.4,0.296848774,0.54375,3775,203,40.4,0.422469169,0.54375,5050,754,50.5,1.14857948,0.54375,3632,85,40.4,0.251011848,0.54375,2954,91,32.3333321,0.251393437,0.55,55.2500076,49.7500038,99.99815,26.7951775,11.0855865,70.73558,11.1524849,3.728279,74.94565,38.75,0.25,0,55,0,85,0.416,1.01,16,16,16,32,48,30,295,160,130,0,0,0,16,37.75,0.25,0,55,0,85,0.416,1.01,16,16,16,32,48,30,295,160,130,0,0,0,16,512,-1,485.785156,477.9375,7.84765625,7.6015625,7611.34961,7618.951,0,0,0,0,0,0,0,0,0,0,4.234845,7,505,600,1200,3000,52,0.969000041,1.30500007,0,2,17,42,2670,10451.9824,1001,1000,30,30,6,3,0,0,18.424,23.48,0.975,12002.2227,344.574219,5.266924,0,0,0,0.00735870656,0,0,0,0,0,0,0,0,0,53.03125,52,16376,4072,12303,75.12903,55.217,99328,165899264
05/29/2026 12:49:08,45,58,0,55,60,53,53,53,53,70,12.0960007,5.03,1.30800009,1.39200008,0.994,0.332000017,0.646,3.28000021,2.046,0,3.36800027,3.364,3.11200023,55,47,45,46.5,982,738,0,866,765,0,0,0,0,0,28.12,1.56,3.12,0,3.12,12.5,0,0,6.05,28.12,36.7037048,3471,406,4850,1368,48.5,1.490961,0.6375,3207,390,32.3333321,0.7867281,0.6375,3001,148,32.3333321,0.3561364,0.6375,2977,108,32.3333321,0.29380843,0.6375,3046,239,32.3333321,0.5037144,0.6375,4850,832,48.5,1.23959887,0.6375,2929,84,32.3333321,0.256629974,0.6375,2908,83,32.3333321,0.252868354,0.6375,55.2500076,50.2500038,99.99816,26.794796,11.085968,70.73457,11.1529045,3.7278595,74.94847,38.75,0.25,0,55,0,85,0.416,1.01,16,16,16,32,48,30,295,160,130,0,0,0,16,37.75,0.25,0,55,0,85,0.416,1.01,16,16,16,32,48,30,295,160,130,0,0,0,16,512,-1,485.785156,477.9375,7.84765625,7.6015625,7611.34961,7618.951,0,0,0,0,0,0,0,0,0,0,4.441306,7,505,600,1200,3000,52,1.04000008,1.30500007,0,12,17,42,2670,10451.9824,1000,999,30,30,6,3,0,0,19.752,18.317,0.975,12002.2227,344.574219,5.18828154,0,0,0,0.00390414242,0,0,0,0,0,0,0,0,0,52.875,52,16376,4072,12303,75.12903,54.933,7.004979E+07,7.574938E+07
05/29/2026 12:49:09,45,58,0,55,60,53,53,53,53,70,12.0960007,5.03,1.31000006,1.39200008,0.992000043,0.328,0.646,3.28000021,2.046,0,3.364,3.364,3.11600018,55,47,45,46.5,985,738,0,865,764,0,0,0,0,0,24.62,3.08,4.62,0,0,12.31,0,1.54,5.77,24.62,36.4548225,3959,394,4040,1273,40.4,1.391527,0.55,3918,360,40.4,0.7186295,0.5375,3776,161,40.4,0.3505761,0.5375,3772,129,40.4,0.310210139,0.5375,3710,213,40.4,0.4584562,0.5375,5050,821,50.5,1.21828783,0.5375,3669,93,40.4,0.277017385,0.5375,3739,102,40.4,0.268186569,0.5375,55.1250076,52.8750038,99.99815,26.7934113,11.0873528,70.73092,11.1498108,3.73095322,74.92767,39,0.25,0,55,0,85,0.416,1.01,16,16,16,32,48,30,295,160,130,0,0,0,16,37.75,0.25,0,55,0,85,0.416,1.01,16,16,16,32,48,30,295,160,130,0,0,0,16,512,-1,485.785156,477.9375,7.84765625,7.6015625,7611.34961,7618.951,0,0,0,0,0,0,0,0,0,0,4.21798372,7,505,600,1200,3000,52,0.979000032,1.30500007,0,4,17,42,2670,10451.9824,1000,1000,30,30,6,3,0,0,17.826,21.793,0.975,12002.2227,344.574219,5.246709,0,0,0,0.008426586,0,0,0,0,0,0,0,0,0,52.59375,52,16376,4072,12303,75.12903,53.471,149504,1.656494E+08
05/29/2026 12:49:11,45,58,0,55,60,53,53,53,53,70,12.12,5.03,1.31000006,1.39200008,0.992000043,0.328,0.646,3.28400016,2.046,0,3.37200022,3.36800027,3.11600018,55,47,45,46.5,982,738,0,864,783,0,0,0,0,0,20.31,7.81,0,0,3.12,14.06,1.56,1.56,6.05,20.31,36.0637741,4212,355,5050,1238,50.5,1.34190738,0.55625,3927,315,40.4,0.6465952,0.55625,3752,141,40.4,0.310895979,0.55625,4557,98,50.5,0.253149,0.55625,3731,201,40.4,0.398837566,0.55625,4040,703,40.4,1.11999357,0.55625,4379,79,48.5,0.2252556,0.5125,4260,63,48.5,0.201858461,0.5125,55.0000076,49.7500038,99.99816,26.78835,11.0924149,70.71755,11.1511307,3.72963333,74.93655,39,0.25,0,55,0,85,0.416,1.01,16,16,16,32,48,30,295,160,130,0,0,0,16,38,0.25,0,55,0,85,0.416,1.01,16,16,16,32,48,30,295,160,130,0,0,0,16,512,-1,485.785156,477.9375,7.84765625,7.6015625,7611.34961,7618.951,0,0,0,0,0,0,0,0,0,0,4.12326574,7,505,600,1200,3000,52,0.965000033,1.30500007,0,2,17,42,2670,10451.9824,1001,1000,30,30,6,3,0,0,18.324,25.372,0.975,12002.2227,344.574219,5.30592728,0,0,0,0.005762877,0,0,0,0,0,0,0,0,0,52.5625,52,16376,4072,12303,75.12903,54.212,99328,167199744
05/29/2026 12:49:13,45,58,0,55,60,53,53,53,53,70,12.0960007,5.03,1.31000006,1.39200008,0.994,0.336000025,0.646,3.28400016,2.046,0,3.36800027,3.364,3.11600018,55,47,45,46.5,983,738,0,866,764,0,0,0,0,0,26.56,3.12,1.56,3.12,1.56,15.62,0,1.56,6.64,26.56,36.61523,3921,403,4850,1367,48.5,1.47214723,0.6125,4821,373,48.5,0.7407844,0.6125,2981,136,32.3333321,0.331233531,0.6125,3044,121,32.3333321,0.3033082,0.6125,4501,226,48.5,0.468778461,0.6125,5050,839,50.5,1.211089,0.575,3041,84,33.6666679,0.258003265,0.575,3083,81,33.6666679,0.244167939,0.575,55.1250076,50.2500038,99.99815,26.799427,11.081337,70.7467957,11.1522141,3.72855,74.94383,39,0.25,0,55,0,85,0.416,1.01,16,16,16,32,48,30,295,160,130,0,0,0,16,38,0.25,0,55,0,85,0.416,1.01,16,16,16,32,48,30,295,160,130,0,0,0,16,512,-1,485.785156,477.9375,7.84765625,7.6015625,7611.34961,7618.951,0,0,0,0,0,0,0,0,0,0,4.26919937,7,505,600,1200,3000,53,0.969000041,1.30500007,0,2,17,42,2670,10451.9824,1000,1000,30,30,6,3,0,0,18.338,25.356,0.975,12002.2227,344.574219,5.27287626,0,0,0,0.005136938,0,0,0,0,0,0,0,0,0,52.3125,50,16376,4072,12303,75.12903,55.241,799744,9.174938E+07
05/29/2026 12:49:15,45,58,0,55,60,53,53,53,53,70,12.0960007,5.03,1.30800009,1.39200008,0.990000069,0.33,0.646,3.28400016,2.046,0,3.36800027,3.36800027,3.11600018,55,47,45,46.5,980,739,0,847,764,0,0,0,0,0,17.19,7.81,0,1.56,7.81,17.19,1.56,1.56,6.84,17.19,36.881237,3942,378,4040,1257,40.4,1.38121009,0.5625,4010,364,40.4,0.7330152,0.5625,3701,145,40.4,0.315132827,0.5625,3780,122,40.4,0.276792765,0.5625,3753,207,40.4,0.42854917,0.5625,5050,778,50.5,1.1631006,0.54375,3567,71,40.4,0.224443644,0.54375,3636,82,40.4,0.230125964,0.54375,55.2500076,49.7500038,99.99815,26.79327,11.0874939,70.730545,11.1557846,3.7249794,74.96782,39,0.25,0,55,0,85,0.416,1.01,16,16,16,32,48,30,295,160,130,0,0,0,16,38,0.25,0,55,0,85,0.416,1.01,16,16,16,32,48,30,295,160,130,0,0,0,16,512,-1,485.785156,477.9375,7.84765625,7.6015625,7611.34961,7618.951,0,0,0,0,0,0,0,0,0,0,4.20228052,7,505,600,1200,3000,52,0.974000037,1.30500007,0,2,17,42,2670,10451.9824,1000,1000,30,30,6,3,0,0,17.754,24.786,0.975,12002.2227,344.574219,5.225827,0,0,0,0.00467493,0,0,0,0,0,0,0,0,0,52.15625,52,16376,4072,12303,75.12903,54.152,149504,165549056
05/29/2026 12:49:17,45,58,0,55,60,53,53,53,53,70,12.0960007,5.03,1.31000006,1.39200008,1.00200009,0.33,0.648,3.28400016,2.046,0,3.36800027,3.36800027,3.11600018,55,47,45,46.5,994,765,0,847,764,0,0,0,0,0,17.46,7.94,3.17,0,4.76,12.7,1.59,0,5.95,17.46,36.83816,3892,424,4850,1444,48.5,1.51040435,0.64375,3979,390,40.4,0.788444459,0.64375,3693,133,40.4,0.335046828,0.64375,3659,100,40.4,0.285804749,0.64375,3766,206,40.4,0.470624626,0.64375,5050,962,50.5,1.337364,0.525,3053,82,33.6666679,0.25121066,0.525,3089,77,33.6666679,0.241269946,0.525,55.2500076,50.2500038,99.99816,26.8293037,11.05146,70.82567,11.1658592,3.71490479,75.03552,39,0.25,0,55,0,85,0.416,1.01,16,16,16,32,48,30,295,160,130,0,0,0,16,38,0.25,0,55,0,85,0.416,1.01,16,16,16,32,48,30,295,160,130,0,0,0,16,512,-1,485.785156,477.9375,7.84765625,7.6015625,7611.34961,7618.951,0,0,0,0,0,0,0,0,0,0,4.13687134,7,505,600,1200,3000,53,1.05000007,1.30500007,0,19,17,41,2670,10451.9824,1000,999,30,30,6,3,0,0,17.839,24.822,0.975,12002.2227,344.34375,5.283198,0,0,0,0.008620841,0,0,0,0,0,0,0,0,0,52.09375,52,16376,4072,12303,75.12903,53.303,799744,166149120
05/29/2026 12:49:19,45,58,0,55,60,53,53,53,53,70,12.0960007,5.02000046,1.30800009,1.39200008,0.994,0.342,0.648,3.28000021,2.046,0,3.364,3.364,3.11600018,55,47,45,46.5,988,765,0,846,764,0,0,0,0,0,20.63,3.17,6.35,1.59,1.59,11.11,1.59,1.59,5.95,20.63,36.92444,3546,360,4040,1338,40.4,1.41961074,0.64375,4865,304,50.5,0.6007354,0.64375,3129,161,33.6666679,0.313690275,0.64375,3084,95,33.6666679,0.239916012,0.64375,3113,176,33.6666679,0.380058736,0.64375,4040,660,40.4,1.0771482,0.64375,3037,67,33.6666679,0.213349715,0.64375,3056,75,33.6666679,0.215303585,0.64375,55.2500076,50.2500038,99.99815,26.7907753,11.0899887,70.72395,11.15242,3.728344,74.9452057,39,0.25,0,55,0,85,0.416,1.01,16,16,16,32,48,30,295,160,130,0,0,0,16,38,0.25,0,55,0,85,0.416,1.01,16,16,16,32,48,30,295,160,130,0,0,0,16,512,-1,485.785156,477.9375,7.84765625,7.6015625,7611.34961,7618.951,0,0,0,0,0,0,0,0,0,0,4.0992775,7,505,600,1200,3000,52,0.974000037,1.30500007,0,3,17,41,2670,10451.9824,999,1001,30,30,6,3,0,0,18.4,20.088,0.975,12002.2227,344.34375,5.15083933,0,0,0,0.009004292,0,0,0,0,0,0,0,0,0,51.9375,52,16376,4072,12303,75.12903,54.856,899072,167649280
05/29/2026 12:49:21,45,58,0,55,60,53,53,53,53,70,12.0960007,5.03,1.30800009,1.39200008,0.998,0.328,0.646,3.28400016,2.046,0,3.36800027,3.36800027,3.11600018,55,47,45,46.5,980,765,0,845,784,0,0,0,0,0,26.56,6.25,4.69,4.69,4.69,21.88,3.12,4.69,9.57,26.56,36.7749939,3945,403,4040,1399,40.4,1.48347688,0.5375,3970,370,40.4,0.717766047,0.5375,4718,172,50.5,0.3730527,0.5375,3758,121,40.4,0.308507025,0.5375,3765,218,40.4,0.47076112,0.5375,5050,755,50.5,1.15438473,0.525,3064,84,33.6666679,0.261054665,0.525,3195,107,33.6666679,0.267864645,0.525,55.2500076,49.8750038,99.9981461,26.7958336,11.08493,70.73731,11.1411514,3.73961258,74.8694839,39,0.25,0,55,0,85,0.416,1.01,16,16,16,32,48,30,295,160,130,0,0,0,16,38,0.25,0,55,0,85,0.416,1.01,16,16,16,32,48,30,295,160,130,0,0,0,16,512,-1,485.785156,477.9375,7.84765625,7.6015625,7611.34961,7618.951,0,0,0,0,0,0,0,0,0,0,4.23688555,7,505,600,1200,3000,53,0.989,1.30500007,0,5,17,41,2670,10451.9824,1000,1000,30,30,6,3,0,0,18.259,25.196,0.975,12002.2227,344.34375,5.256115,0,0,0,0.0058939415,0,0,0,0,0,0,0,0,0,51.84375,52,16376,4072,12303,75.12903,55.272,149504,1.661993E+08
05/29/2026 12:49:23,45,58,0,55,60,53,53,53,53,70,12.0960007,5.03,1.30800009,1.39200008,0.998,0.342,0.648,3.28000021,2.046,0,3.364,3.364,3.11200023,55,47,45,46.5,990,766,0,845,764,0,0,0,0,0,29.69,4.69,0,4.69,3.12,9.38,0,1.56,6.64,29.69,37.2548828,4561,394,4850,1408,48.5,1.46307409,0.54375,4720,374,48.5,0.748963237,0.54375,4354,133,48.5,0.31145677,0.54375,4546,146,48.5,0.299988568,0.54375,4466,208,48.5,0.428318173,0.54375,4850,724,48.5,1.1422503,0.54375,4374,90,48.5,0.2401363,0.54375,4331,72,48.5,0.218239725,0.54375,55.3750076,50.2500038,99.99816,26.8194389,11.0613251,70.79962,11.1689,3.71186447,75.055954,39,0.25,0,55,0,85,0.416,1.01,16,16,16,32,48,30,295,160,130,0,0,0,16,38,0.25,0,55,0,85,0.416,1.01,16,16,16,32,48,30,295,160,130,0,0,0,16,512,-1,485.785156,477.9375,7.84765625,7.6015625,7611.34961,7618.951,0,0,0,0,0,0,0,0,0,0,4.34636736,7,505,600,1200,3000,53,0.969000041,1.30500007,0,7,17,41,2670,10451.9824,1000,1000,30,30,6,3,0,0,19.492,24.335,0.975,12002.2227,344.34375,5.22577858,0,0,0,0.0040850793,0,0,0,0,0,0,0,0,0,51.75,50,16376,4072,12303,75.12903,53.593,5349376,9.159987E+07
05/29/2026 12:49:25,45,57,0,55,60,53,53,53,53,70,12.0960007,5.03,1.30800009,1.39200008,1.008,0.33,0.646,3.28000021,2.046,0,3.364,3.364,3.11600018,55,47,45,46.5,990,756,0,863,764,0,0,0,0,0,27.69,12.31,3.08,3.08,6.15,18.46,0,0,8.85,27.69,36.7350578,3611,423,5050,1317,50.5,1.42649436,0.5125,3275,371,33.6666679,0.748976231,0.5125,4752,183,50.5,0.3738478,0.5125,3119,127,33.6666679,0.299286157,0.5125,3167,227,33.6666679,0.460492373,0.5125,3367,991,33.6666679,1.3336426,0.5125,3069,93,33.6666679,0.257282138,0.5125,3088,74,33.6666679,0.2339449,0.525,55.3750076,50.2500038,99.99815,26.7956161,11.0851479,70.73674,11.1416321,3.739132,74.87271,39,0.25,0,55,0,85,0.416,1.01,16,16,16,32,48,30,295,160,130,0,0,0,16,38,0.25,0,55,0,85,0.416,1.01,16,16,16,32,48,30,295,160,130,0,0,0,16,512,-1,485.785156,477.9375,7.84765625,7.6015625,7611.34961,7618.951,0,0,0,0,0,0,0,0,0,0,4.326858,7,505,600,1200,3000,52,1.05000007,1.30500007,0,18,17,41,2670,10451.9824,1000,1000,30,30,6,3,0,0,19.9,24.722,0.975,12002.2227,344.34375,5.26649952,0,0,0,0.006658152,0,0,0,0,0,0,0,0,0,51.46875,50,16376,4072,12303,75.12903,53.583,3499008,166149120
05/29/2026 12:49:27,45,56,0,55,60,53,53,53,53,70,12.0960007,5.02000046,1.30800009,1.39200008,0.994,0.334000021,0.648,3.28000021,2.046,0,3.36800027,3.36800027,3.11600018,55,46.5,45,46.5,990,722,0,846,764,0,0,0,0,0,26.56,10.94,1.56,3.12,1.56,18.75,3.17,3.17,8.61,26.56,36.725338,3609,390,4850,1306,48.5,1.43220174,0.65,4722,337,48.5,0.717049,0.65,3049,126,33.6666679,0.306431741,0.55625,3109,127,33.6666679,0.2865737,0.5625,3097,190,33.6666679,0.4155195,0.5625,4040,886,40.4,1.26516485,0.5625,3001,78,33.6666679,0.225546986,0.5625,3002,71,33.6666679,0.214250326,0.5625,55.5000076,50.2500038,99.99816,26.79607,11.0846939,70.73794,11.1532211,3.72754288,74.95059,39,0.25,0,55,0,85,0.416,1.01,16,16,16,32,48,30,295,160,130,0,0,0,16,38.25,0.25,0,55,0,85,0.416,1.01,16,16,16,32,48,30,295,160,130,0,0,0,16,512,-1,485.785156,477.9375,7.84765625,7.6015625,7611.34961,7618.951,0,0,0,0,0,0,0,0,0,0,4.14253759,7,505,600,1200,3000,53,0.965000033,1.30500007,0,6,17,41,2670,10451.9824,1000,1000,30,30,6,3,0,0,18.455,25.492,0.975,12002.2227,344.34375,5.32419443,0,0,0,0.00482115662,0,0,0,0,0,0,0,0,0,51.46875,50,16376,4072,12303,75.12903,55.166,849920,169999360
05/29/2026 12:49:29,45,56,0,55,60,53,53,53,53,70,12.12,5.03,1.31000006,1.39200008,1.01,0.342,0.648,3.28000021,2.046,0,3.36800027,3.364,3.11600018,55,47,45,46.5,996,741,0,856,764,0,0,0,0,0,23.44,6.25,1.56,3.12,3.12,23.44,0,0,7.62,23.44,36.915905,3701,440,4040,1287,40.4,1.43483067,0.525,3914,362,40.4,0.774388433,0.525,3085,148,33.6666679,0.372535765,0.525,3155,139,33.6666679,0.345129818,0.525,3773,226,40.4,0.470602632,0.525,5050,1187,50.5,1.52889514,0.525,3003,81,33.6666679,0.2762572,0.525,3590,93,40.4,0.287117183,0.525,55.6250076,50.2500038,99.99815,26.7904739,11.09029,70.72316,11.1525154,3.7282486,74.9458542,39,0.25,0,55,0,85,0.416,1.01,16,16,16,32,48,30,295,160,130,0,0,0,16,38.25,0.25,0,55,0,85,0.416,1.01,16,16,16,32,48,30,295,160,130,0,0,0,16,512,-1,485.785156,477.9375,7.84765625,7.6015625,7611.34961,7618.951,0,0,0,0,0,0,0,0,0,0,4.476522,7,505,600,1200,3000,53,0.984,1.30500007,0,4,17,41,2670,10451.9824,1001,1001,30,30,4,2,0,0,18.497,17.392,0.975,12002.2383,345.359375,3.594374,0,0,0,0.042550832,0,0,0,0,0,0.07337986,0,0,0,51.1875,52,16376,4072,12303,75.12903,52.848,4.8E+07,2349056
05/29/2026 12:49:31,45,56,0,55,60,54,54,54,54,71,12.0960007,5.03,1.31000006,1.39200008,1.01,0.33,0.646,3.28400016,2.046,0,3.36800027,3.36800027,3.11600018,56,46.5,45,46.5,995,716,0,857,783,0,0,0,0,0,25,9.38,3.12,3.12,6.25,17.19,0,0,8.01,25,36.92031,4211,444,5050,1378,50.5,1.51326108,0.53125,4988,417,50.5,0.8230749,0.53125,3787,186,40.4,0.400928378,0.53125,3714,129,40.4,0.3400605,0.53125,3741,214,40.4,0.482309639,0.53125,5050,1031,50.5,1.42334425,0.53125,3647,91,40.4,0.29126054,0.53125,3714,102,40.4,0.292437643,0.53125,56.2500076,49.7500038,99.99815,26.797245,11.083519,70.7410355,11.1540909,3.72667313,74.9564362,39,0.25,0,55,0,85,0.416,1.01,16,16,16,32,48,30,295,160,130,0,0,0,16,38.25,0.25,0,55,0,85,0.416,1.01,16,16,16,32,48,30,295,160,130,0,0,0,16,512,-1,485.785156,477.9375,7.84765625,7.6015625,7611.34961,7618.951,0,0,0,0,0,0,0,0,0,0,4.2343955,7,505,600,1200,3000,53,0.969000041,1.30500007,0,4,17,40,2670,10451.9824,1001,1000,30,30,4,2,0,0,18.343,21.467,0.975,12002.2461,346.359375,3.78079534,0,0,0,0.0387398973,0,0,0,0,0,0.0307973661,0,0,0,51.09375,50,16376,4072,12303,75.12903,50.735,149504,1.592494E+08
05/29/2026 12:49:33,46,56,0,56,61,54,54,54,54,71,12.12,5.03,1.30800009,1.39200008,1.01,0.342,0.646,3.28400016,2.046,0,3.36800027,3.36800027,3.11600018,56,46.5,45,46.5,1015,712,0,851,767,0,0,0,0,0,21.88,10.94,7.81,7.81,4.69,23.44,1.56,1.56,9.96,23.44,36.66807,3610,404,4040,1259,40.4,1.38688266,0.55,3873,318,40.4,0.6680713,0.55,3131,184,33.6666679,0.380305767,0.55,3110,117,33.6666679,0.302441418,0.55,3689,181,40.4,0.418917567,0.55,5050,1014,50.5,1.41840112,0.5375,3018,78,33.6666679,0.261894852,0.5375,2971,78,33.6666679,0.259466767,0.5375,56.5000076,50.2500038,99.99815,26.79573,11.0850334,70.73704,11.15461,3.72615433,74.95993,39,0.25,0,55,0,85,0.416,1.01,16,16,16,32,48,30,295,160,130,0,0,0,16,38.25,0.25,0,55,0,85,0.416,1.01,16,16,16,32,48,30,295,160,130,0,0,0,16,512,-1,485.785156,477.9375,7.84765625,7.6015625,7611.34961,7618.951,0,0,0,0,0,0,0,0,0,0,4.08837461,7,505,600,1200,3000,53,1.069,1.30500007,0,8,17,40,2670,10451.9824,1000,1000,30,30,4,2,0,0,17.739,23.355,0.975,12002.2461,347.109375,3.79885554,0,0,0,0.03984048,0,0,0,0,0,0.025749445,0,0,0,51,50,16376,4072,12303,75.12903,51.76,799744,159199232
05/29/2026 12:49:35,47,57,0,56,62,54,54,54,54,71,12.12,5.03,1.31000006,1.39200008,1.014,0.34,0.646,3.28400016,2.046,0,3.36800027,3.36800027,3.12000012,56,47,45,46.5,1047,743,0,860,794,0,0,0,0,0,26.56,6.25,0,3.12,1.56,15.62,0,3.12,7.03,26.56,37.3052559,3682,435,4850,1402,48.5,1.50702751,0.6375,4755,389,48.5,0.7471246,0.6375,3000,156,32.3333321,0.389906377,0.6375,3045,136,32.3333321,0.356140554,0.6375,3004,194,32.3333321,0.4584846,0.6375,4850,1000,48.5,1.40984666,0.6375,2948,93,32.3333321,0.3005075,0.6375,3003,112,32.3333321,0.31420064,0.6375,56.5000076,50.2500038,99.99815,26.799427,11.081337,70.7467957,11.1550522,3.72571182,74.9629,39,0.25,0,55,0,85,0.416,1.01,16,16,16,32,48,30,295,160,130,0,0,0,16,38.25,0.25,0,55,0,85,0.416,1.01,16,16,16,32,48,30,295,160,130,0,0,0,16,512,-1,485.785156,477.9375,7.84765625,7.6015625,7611.34961,7618.951,0,0,0,0,0,0,0,0,0,0,4.28552,7,505,600,1200,3000,52,0.979000032,1.30500007,0,4,17,40,2670,10451.9824,1000,999,30,30,5,3,0,0,18.218,25.599,0.975,12002.2461,347.859375,3.95795131,0,0,0,0.0312068816,0,0,0,0,0,0.0166680031,0,0,0,50.71875,50,16376,4072,12303,75.12903,52.593,799744,9.779917E+07
05/29/2026 12:49:37,47,58,0,56,62,54,54,54,54,71,12.0960007,5.02000046,1.30800009,1.388,0.992000043,0.332000017,0.646,3.28000021,2.046,0,3.364,3.364,3.11600018,56,47,45,46.5,1048,725,0,874,780,0,0,0,0,0,23.44,3.12,4.69,4.69,4.69,15.62,1.56,1.56,7.42,23.44,37.421917,3596,376,4040,1051,40.4,1.22891438,0.5,5017,341,50.5,0.682240367,0.56875,3128,146,33.6666679,0.3173239,0.56875,3208,157,33.6666679,0.31271866,0.56875,3213,219,33.6666679,0.422021449,0.56875,4040,932,40.4,1.25699,0.56875,3088,90,33.6666679,0.237183616,0.56875,3033,71,33.6666679,0.214289382,0.56875,56.2500076,49.7500038,99.99815,26.8235016,11.0572624,70.81035,11.1753616,3.70540237,75.09938,39,0.25,0,55,0,85,0.416,1.01,16,16,16,32,48,30,295,160,130,0,0,0,16,38.25,0.25,0,55,0,85,0.416,1.01,16,16,16,32,48,30,295,160,130,0,0,0,16,512,-1,485.785156,477.9375,7.84765625,7.6015625,7611.34961,7618.951,0,0,0,0,0,0,0,0,0,0,4.201644,7,505,600,1200,3000,53,0.989,1.30500007,0,2,17,40,2670,10451.9824,1000,1002,30,30,6,3,0,0,19.332,24.019,0.975,12002.2461,347.859375,5.169284,0,0,0,0.006917561,0,0,0,0,0,0,0,0,0,50.90625,50,16376,4072,12303,75.12903,53.634,849920,167999488
05/29/2026 12:49:39,47,58,0,56,62,54,54,54,54,71,12.0960007,5.03,1.30800009,1.39200008,0.998,0.328,0.646,3.28400016,2.046,0,3.36800027,3.36800027,3.11600018,55,47,45,46.5,1044,759,0,862,782,0,0,0,0,0,12.7,7.94,0,1.59,1.59,14.29,0,0,4.76,14.29,36.7065735,3728,396,4850,1025,48.5,1.31071138,0.65625,4850,359,48.5,0.7546841,0.65625,2985,145,32.3333321,0.3381286,0.65625,2994,126,32.3333321,0.293098062,0.65625,2980,207,32.3333321,0.424716324,0.65625,5050,1137,50.5,1.39647591,0.5375,3058,83,33.6666679,0.248721018,0.5375,3055,88,33.6666679,0.229596868,0.5375,55.8750076,50.2500038,99.99816,26.7961311,11.0846329,70.7381,11.1476059,3.733158,74.91286,39,0.25,0,55,0,85,0.416,1.01,16,16,16,32,48,30,295,160,130,0,0,0,16,38.25,0.25,0,55,0,85,0.416,1.01,16,16,16,32,48,30,295,160,130,0,0,0,16,512,-1,485.785156,477.9375,7.84765625,7.6015625,7611.34961,7618.951,0,0,0,0,0,0,0,0,0,0,4.25440931,7,505,600,1200,3000,53,0.969000041,1.30500007,0,0,17,40,2670,10451.9824,1000,1000,30,30,6,3,0,0,17.841,24.533,0.975,12002.2461,347.859375,5.21650171,0,0,0,0.00426492328,0,0,0,0,0,0,0,0,0,50.625,50,16376,4072,12303,75.12903,52.949,849920,9.374925E+07
05/29/2026 12:49:41,46,58,0,56,61,53,53,53,53,71,12.12,5.03,1.31000006,1.39200008,0.996000051,0.342,0.646,3.28400016,2.046,0,3.36800027,3.36800027,3.12000012,56,47,45,46.5,1032,764,0,876,804,0,0,0,0,0,14.06,6.25,4.69,1.56,1.56,26.56,1.56,3.12,7.42,26.56,36.9027519,3892,421,4040,1091,40.4,1.3628881,0.5625,4997,370,50.5,0.7554662,0.55,3701,134,40.4,0.342413783,0.55,3648,93,40.4,0.293562859,0.55,3792,212,40.4,0.452008128,0.55,5050,1318,50.5,1.57347643,0.51875,2946,74,33.6666679,0.2629067,0.51875,2964,74,33.6666679,0.259820849,0.51875,56.1250076,50.2500038,99.99815,26.79498,11.0857849,70.735054,11.1573563,3.72340775,74.9783859,39,0.25,0,55,0,85,0.416,1.01,16,16,16,32,48,30,295,160,130,0,0,0,16,38.25,0.25,0,55,0,85,0.416,1.01,16,16,16,32,48,30,295,160,130,0,0,0,16,512,-1,485.785156,477.9375,7.84765625,7.6015625,7611.34961,7618.951,0,0,0,0,0,0,0,0,0,0,4.269396,7,505,600,1200,3000,53,0.969000041,1.30500007,0,3,17,40,2670,10451.9824,1000,998,30,30,4,2,0,0,18.72,21.203,0.975,12002.2578,348.734375,3.53886485,0,0,0,0.0358620919,0,0,0,0,0,0.0448126644,0,0,0,50.4375,50,16376,4072,12303,75.12903,52.105,99328,1.58549E+08
05/29/2026 12:49:43,47,58,0,56,62,54,54,54,54,71,12.0960007,5.03,1.30800009,1.39200008,1.006,0.338000029,0.646,3.28000021,2.046,0,3.364,3.364,3.11600018,56,47,45,46.5,1037,765,0,862,780,0,0,0,0,0,26.98,11.11,3.17,0,0,33.33,1.59,0,9.52,33.33,37.50869,3655,472,4040,1222,40.4,1.51214254,0.61875,4910,413,50.5,0.878894746,0.61875,3034,145,33.6666679,0.37413317,0.61875,3043,120,33.6666679,0.3243107,0.61875,3155,235,33.6666679,0.5486772,0.61875,5050,1467,50.5,1.72758949,0.575,3001,87,33.6666679,0.288045734,0.575,3008,85,33.6666679,0.28620553,0.575,56.5000076,49.7500038,99.99816,26.7999725,11.0807915,70.74824,11.1596451,3.721119,74.99377,39,0.25,0,55,0,85,0.416,1.01,16,16,16,32,48,30,295,160,130,0,0,0,16,38.25,0.25,0,55,0,85,0.416,1.01,16,16,16,32,48,30,295,160,130,0,0,0,16,512,-1,485.785156,477.9375,7.84765625,7.6015625,7611.34961,7618.951,0,0,0,0,0,0,0,0,0,0,4.171357,7,505,600,1200,3000,53,1.05500007,1.30500007,0,13,17,40,2670,10451.9824,999,1001,30,30,4,2,0,0,17.29,21.181,0.975,12002.27,349.484375,3.41103649,0,0,0,0.0418172441,0,0,0,0,0,0.039107725,0,0,0,50.25,50,16376,4072,12303,75.12903,51.511,849920,1.6E+08
05/29/2026 12:49:45,47,57,0,56,62,54,54,54,54,71,12.0960007,5.03,1.30800009,1.39200008,0.988000035,0.328,0.648,3.28000021,2.046,0,3.364,3.364,3.11600018,56,46.5,45,46.5,1049,762,0,883,802,0,0,0,0,0,24.62,10.77,1.54,4.62,6.15,21.54,0,0,8.65,24.62,37.8029938,3633,441,4850,1120,48.5,1.37705719,0.61875,3184,395,32.3333321,0.84731853,0.61875,2955,164,32.3333321,0.374119669,0.61875,2907,113,32.3333321,0.315560639,0.61875,2978,244,32.3333321,0.5036399,0.61875,5050,1345,50.5,1.61394417,0.65,3580,77,40.4,0.268507928,0.65,3558,70,40.4,0.263694763,0.65,56.6250076,50.7500038,99.99816,26.8222847,11.0584793,70.80714,11.1766167,3.70414734,75.10782,39,0.25,0,55,0,85,0.416,1.01,16,16,16,32,48,30,295,160,130,0,0,0,16,38.25,0.25,0,55,0,85,0.416,1.01,16,16,16,32,48,30,295,160,130,0,0,0,16,512,-1,485.785156,477.9375,7.84765625,7.6015625,7611.34961,7618.951,0,0,0,0,0,0,0,0,0,0,4.40302372,7,505,600,1200,3000,53,0.995000064,1.30500007,0,4,20,40,2670,10451.9824,1001,1002,30,30,4,2,0,0,17.863,17.556,0.975,12002.2813,350.234375,3.41183281,0,0,0,0.0382002965,0,0,0,0,0,0.0178360585,0,0,0,50.28125,48,16376,4072,12303,75.12903,50.118,45049856,7.419904E+07
05/29/2026 12:49:47,47,56,0,56,62,54,54,54,54,71,12.0960007,5.03,1.30800009,1.39200008,0.994,0.34,0.648,3.28000021,2.046,0,3.364,3.364,3.11600018,56,46.5,45,46.5,1045,744,0,876,784,0,0,0,0,0,29.69,4.69,4.69,3.12,3.12,21.88,1.56,0,8.59,29.69,36.9761238,3638,447,4040,1394,40.4,1.52787578,0.5625,3980,411,40.4,0.838816047,0.5625,3133,165,33.6666679,0.3868215,0.5625,3134,131,33.6666679,0.3421354,0.5625,3689,189,40.4,0.458945721,0.55,5050,1108,50.5,1.4576565,0.5375,3041,85,33.6666679,0.2909086,0.5375,3037,91,33.6666679,0.283766,0.5375,56.5000076,50.2500038,99.99815,26.79794,11.0828247,70.74287,11.1506767,3.73008728,74.9334946,39,0.25,0,55,0,85,0.416,1.01,16,16,16,32,48,30,295,160,130,0,0,0,16,38.25,0.25,0,55,0,85,0.416,1.01,16,16,16,32,48,30,295,160,130,0,0,0,16,512,-1,485.785156,477.9375,7.84765625,7.6015625,7611.34961,7618.951,0,0,0,0,0,0,0,0,0,0,4.30203056,7,505,600,1200,3000,53,0.960000038,1.30500007,0,6,17,40,2670,10451.9824,999,999,30,30,4,2,0,0,18.582,21.986,0.975,12002.2852,351.109375,3.43825483,0,0,0,0.0370876044,0,0,0,0,0,0.03673753,0,0,0,50.125,50,16376,4072,12303,75.12903,50.71,849920,8.479949E+07
05/29/2026 12:49:49,47,56,0,56,62,54,54,54,54,71,12.12,5.03,1.31000006,1.39200008,0.992000043,0.336000025,0.648,3.28400016,2.046,0,3.36800027,3.364,3.11600018,56,47,45,46.5,1039,738,0,880,805,0,0,0,0,0,28.12,7.81,4.69,4.69,4.69,21.88,1.56,3.12,9.57,28.12,36.99002,3795,426,5050,1240,50.5,1.4764142,0.51875,5006,404,50.5,0.829803646,0.51875,3065,131,33.6666679,0.3527698,0.51875,3109,132,33.6666679,0.3234874,0.51875,3101,193,33.6666679,0.472388774,0.51875,5050,1164,50.5,1.47448194,0.51875,2968,72,33.6666679,0.265095532,0.51875,3009,74,33.6666679,0.265110731,0.51875,56.3750076,50.2500038,99.99816,26.7917213,11.0890427,70.7264557,11.1554451,3.725319,74.96554,39.25,0.25,0,55,0,85,0.416,1.01,16,16,16,32,48,30,295,160,130,0,0,0,16,38.25,0.25,0,55,0,85,0.416,1.01,16,16,16,32,48,30,295,160,130,0,0,0,16,512,-1,485.785156,477.9375,7.84765625,7.6015625,7611.34961,7618.951,0,0,0,0,0,0,0,0,0,0,4.188782,7,505,600,1200,3000,53,0.965000033,1.30500007,0,2,17,40,2670,10451.9824,1001,1000,30,30,4,2,0,0,18.552,22.291,0.975,12002.2852,351.859375,3.420878,0,0,0,0.038552437,0,0,0,0,0,0.041134946,0,0,0,50,48,16376,4072,12303,75.12903,51.973,799744,158499840
05/29/2026 12:49:51,47,56,0,56,62,54,54,54,54,71,12.0960007,5.02000046,1.30800009,1.39200008,0.992000043,0.334000021,0.648,3.28000021,2.046,0,3.36800027,3.364,3.11600018,56,46.5,45,46.5,1040,713,0,862,784,0,0,0,0,0,28.57,3.17,1.56,1.56,1.56,14.29,1.56,0,6.54,28.57,37.2020454,3728,436,4040,1372,40.4,1.58486831,0.65,4040,417,40.4,0.8075144,0.65,3102,154,33.6666679,0.3746005,0.65,3081,117,33.6666679,0.3345397,0.65,3120,208,33.6666679,0.466501653,0.65,5050,1040,50.5,1.35812259,0.5375,3719,100,40.4,0.296953261,0.5375,3673,81,40.4,0.2789049,0.5375,56.5000076,50.2500038,99.99816,26.7929459,11.0878181,70.72969,11.15205,3.728714,74.9427261,39.25,0.25,0,55,0,85,0.416,1.01,16,16,16,32,48,30,295,160,130,0,0,0,16,38.25,0.25,0,55,0,85,0.416,1.01,16,16,16,32,48,30,295,160,130,0,0,0,16,512,-1,485.785156,477.9375,7.84765625,7.6015625,7611.34961,7618.951,0,0,0,0,0,0,0,0,0,0,4.27112055,7,505,600,1200,3000,53,1.05500007,1.30500007,0,9,17,39,2670,10451.9824,1000,1001,30,30,4,2,0,0,17.965,20.784,0.975,12002.2969,352.984375,3.39406872,0,0,0,0.0429347,0,0,0,0,0,0.0405483358,0,0,0,50.03125,48,16376,4072,12303,75.12903,50.835,849920,160049152
05/29/2026 12:49:53,47,56,0,56,62,54,54,54,54,71,12.0960007,5.03,1.30800009,1.39200008,1.00200009,0.334000021,0.648,3.28000021,2.046,0,3.364,3.364,3.11600018,56,46.5,45,46.5,1048,710,0,874,784,0,0,0,0,0,26.56,4.69,1.56,0,4.69,18.75,0,1.56,7.23,26.56,38.1481247,4564,445,4850,1282,48.5,1.52757752,0.63125,4776,385,48.5,0.7607758,0.63125,4496,160,48.5,0.405126,0.63125,4432,132,48.5,0.363486171,0.63125,4501,217,48.5,0.481209368,0.63125,4850,1235,48.5,1.46236527,0.63125,4280,77,48.5,0.2944893,0.63125,4325,72,48.5,0.2872383,0.61875,56.5000076,50.2500038,99.99815,26.82359,11.0571747,70.81058,11.1775169,3.703247,75.11386,39.25,0.25,0,55,0,85,0.416,1.01,16,16,16,32,48,30,295,160,130,0,0,0,16,38.5,0.25,0,55,0,85,0.416,1.01,16,16,16,32,48,30,295,160,130,0,0,0,16,512,-1,485.785156,477.9375,7.84765625,7.6015625,7611.34961,7618.951,0,0,0,0,0,0,0,0,0,0,4.28166056,7,505,600,1200,3000,52,0.969000041,1.30500007,0,2,17,39,2670,10451.9824,1001,1000,30,30,4,2,0,0,18.015,17.717,0.975,12002.3047,353.839844,3.44211841,0,0,0,0.0382426,0,0,0,0,0,0.0205687676,0,0,0,49.78125,48,16376,4072,12303,75.12903,50.059,44399616,7.419904E+07
05/29/2026 12:49:55,47,56,0,56,62,54,54,54,54,71,12.0960007,5.03,1.30800009,1.39200008,0.994,0.328,0.646,3.28400016,2.046,0,3.36800027,3.36800027,3.11600018,56,46.5,45,46.5,1052,712,0,881,783,0,0,0,0,0,23.81,4.76,0,4.84,0,11.11,0,0,5.57,23.81,36.66904,3761,386,4040,1196,40.4,1.43274522,0.5625,3869,279,40.4,0.636206865,0.5625,3101,155,33.6666679,0.374091476,0.5625,3089,131,33.6666679,0.309923917,0.5625,3699,171,40.4,0.41223976,0.5625,5050,1007,50.5,1.31025732,0.55,3569,69,40.4,0.255881041,0.55,3672,83,40.4,0.262954831,0.55,56.2500076,50.2500038,99.9981461,26.8201942,11.06057,70.80162,11.1781883,3.70257568,75.11838,39.25,0.25,0,55,0,85,0.416,1.01,16,16,16,32,48,30,295,160,130,0,0,0,16,38.5,0.25,0,55,0,85,0.416,1.01,16,16,16,32,48,30,295,160,130,0,0,0,16,512,-1,485.785156,477.9375,7.84765625,7.6015625,7611.34961,7618.951,0,0,0,0,0,0,0,0,0,0,4.23491764,7,505,600,1200,3000,53,0.965000033,1.30500007,0,1,17,39,2670,10451.9824,999,1000,30,30,4,2,0,0,18.752,22.6,0.975,12002.3047,354.714844,3.44288468,0,0,0,0.0397795364,0,0,0,0,0,0.04141183,0,0,0,49.5625,48,16376,4072,12303,75.12903,51.579,799744,158049280
05/29/2026 12:49:57,47,56,0,56,62,54,54,54,54,71,12.0960007,5.03,1.30800009,1.39200008,0.998,0.328,0.648,3.28000021,2.046,0,3.364,3.364,3.11600018,56,47,45.5,46.5,1049,738,0,862,804,0,0,0,0,0,23.44,6.25,3.12,3.12,4.69,15.62,0,0,7.03,23.44,37.2512627,3695,425,4850,1355,48.5,1.56776249,0.64375,4743,353,48.5,0.7069284,0.64375,2912,136,32.3333321,0.3608153,0.64375,2922,112,32.3333321,0.309751719,0.64375,2982,203,32.3333321,0.454949766,0.64375,5050,1052,50.5,1.34888744,0.55,2995,79,33.6666679,0.276974648,0.55,3104,113,33.6666679,0.288686216,0.55,56.2500076,49.7500038,99.99815,26.7945633,11.0862007,70.7339554,11.151535,3.729229,74.93926,39.25,0.25,0,55,0,85,0.416,1.01,16,16,16,32,48,30,295,160,130,0,0,0,16,38.5,0.25,0,55,0,85,0.416,1.01,16,16,16,32,48,30,295,160,130,0,0,0,16,512,-1,485.785156,477.9375,7.84765625,7.6015625,7611.34961,7618.951,0,0,0,0,0,0,0,0,0,0,4.130589,7,505,600,1200,3000,53,1.05000007,1.30500007,0,17,17,39,2670,10451.9824,1000,999,30,30,4,2,0,0,18.361,21.22,0.975,12002.3164,355.839844,3.45728827,0,0,0,0.0437654443,0,0,0,0,0,0.0403195843,0,0,0,49.59375,48,16376,4072,12303,75.12903,51.971,849920,8.454963E+07
05/29/2026 12:49:59,47,56,0,56,62,54,54,54,54,71,12.0960007,5.03,1.30800009,1.39200008,0.996000051,0.334000021,0.648,3.28000021,2.046,0,3.364,3.364,3.11600018,56,46.5,45.5,46.5,1040,739,0,883,783,0,0,0,0,0,19.05,6.35,1.59,3.17,7.94,22.22,3.17,3.17,8.33,22.22,37.13369,3642,439,4040,1351,40.4,1.58831811,0.525,3966,388,40.4,0.7742377,0.525,3090,168,33.6666679,0.395478427,0.525,3121,120,33.6666679,0.332375556,0.525,3780,234,40.4,0.512176,0.525,5050,1094,50.5,1.37834907,0.525,3047,81,33.6666679,0.282372445,0.53125,3039,73,33.6666679,0.271457851,0.53125,56.1250076,49.7500038,99.99815,26.7930336,11.08773,70.72992,11.1595955,3.72116852,74.99343,39.25,0.25,0,55,0,85,0.416,1.01,16,16,16,32,48,30,295,160,130,0,0,0,16,38.5,0.25,0,55,0,85,0.416,1.01,16,16,16,32,48,30,295,160,130,0,0,0,16,512,-1,485.785156,477.9375,7.84765625,7.6015625,7611.34961,7618.951,0,0,0,0,0,0,0,0,0,0,4.230287,7,505,600,1200,3000,52,1.005,1.30500007,0,6,20,39,2670,10451.9824,1000,1000,30,30,4,2,0,0,18.036,20.617,0.975,12002.3281,356.839844,3.4218123,0,0,0,0.03716748,0,0,0,0,0,0.0416957,0,0,0,49.53125,48,16376,4072,12303,75.12903,50.181,849920,1.6E+08
05/29/2026 12:50:01,47,56,0,56,62,54,54,54,54,71,12.0960007,5.03,1.30800009,1.39200008,0.992000043,0.34,0.646,3.28000021,2.046,0,3.364,3.364,3.11600018,56,46.5,45.5,46.5,1054,710,0,877,804,0,0,0,0,0,26.56,7.81,4.69,7.81,3.12,14.06,3.12,1.56,8.59,26.56,37.842762,3940,406,5050,1319,50.5,1.5327915,0.56875,3887,298,40.4,0.643424869,0.56875,3756,187,40.4,0.391230732,0.56875,3933,189,40.4,0.380975038,0.56875,3679,197,40.4,0.4163302,0.56875,4040,913,40.4,1.2167542,0.56875,3515,65,40.4,0.25612247,0.56875,3661,84,40.4,0.261252165,0.56875,56.1250076,50.2500038,99.99816,26.8183517,11.0624123,70.79675,11.1796188,3.70114517,75.12799,39.25,0.25,0,55,0,85,0.416,1.01,16,16,16,32,48,30,295,160,130,0,0,0,16,38.5,0.25,0,55,0,85,0.416,1.01,16,16,16,32,48,30,295,160,130,0,0,0,16,512,-1,485.785156,477.9375,7.84765625,7.6015625,7611.34961,7618.951,0,0,0,0,0,0,0,0,0,0,4.29257441,7,505,600,1200,3000,53,0.974000037,1.30500007,0,2,17,39,2670,10451.9824,1002,1001,30,30,4,2,0,0,18.239,19.356,0.975,12002.332,357.9453,3.426781,0,0,0,0.03960954,0,0,0,0,0,0.03560629,0,0,0,49.40625,48,16376,4072,12303,75.12903,50.399,949248,8.454963E+07
05/29/2026 12:50:03,47,56,0,56,62,54,54,54,54,71,12.0960007,5.03,1.30800009,1.39200008,1.00400007,0.34,0.648,3.28400016,2.046,0,3.36800027,3.36800027,3.11600018,56,46.5,45.5,46.5,1040,710,0,875,804,0,0,0,0,0,21.88,7.81,7.81,1.56,6.25,23.44,0,3.12,8.98,23.44,36.85571,3936,425,4040,1318,40.4,1.54361129,0.525,3950,378,40.4,0.739196539,0.525,3626,158,40.4,0.370674282,0.525,3748,148,40.4,0.3486652,0.525,3752,231,40.4,0.474812925,0.525,5050,989,50.5,1.27800429,0.53125,3721,94,40.4,0.2818896,0.53125,3598,86,40.4,0.279600173,0.53125,56.0000076,49.7500038,99.99815,26.7897377,11.0910263,70.72122,11.1493,3.73146439,74.92424,39.25,0.25,0,55,0,85,0.416,1.01,16,16,16,32,48,30,295,160,130,0,0,0,16,38.5,0.25,0,55,0,85,0.416,1.01,16,16,16,32,48,30,295,160,130,0,0,0,16,512,-1,485.785156,477.9375,7.84765625,7.6015625,7611.34961,7618.951,0,0,0,0,0,0,0,0,0,0,4.22697,7,505,600,1200,3000,52,0.965000033,1.30500007,0,8,17,39,2670,10451.9824,1000,1000,30,30,4,2,0,0,18.452,21.353,0.975,12002.332,358.8203,3.39841127,0,0,0,0.0425912961,0,0,0,0,0,0.0326786675,0,0,0,49.34375,48,16376,4072,12303,75.12903,51.259,149504,158399488
05/29/2026 12:50:05,47,56,0,56,62,54,54,54,54,71,12.0960007,5.03,1.30800009,1.39200008,1,0.326,0.646,3.28400016,2.046,0,3.364,3.364,3.11600018,56,46.5,45.5,46.5,1048,710,0,862,805,0,0,0,0,0,32.81,6.25,3.12,3.12,1.56,17.19,1.56,3.12,8.59,32.81,37.117672,3462,428,4040,1372,40.4,1.59306347,0.64375,3339,429,33.6666679,0.804424167,0.64375,3093,165,33.6666679,0.380310178,0.64375,3103,149,33.6666679,0.36179626,0.64375,3117,179,33.6666679,0.4461787,0.64375,5050,955,50.5,1.2543782,0.5375,2964,84,33.6666679,0.286800772,0.5375,2993,89,33.6666679,0.281044334,0.5375,56.0000076,49.7500038,99.9981461,26.7893829,11.0913811,70.72028,11.15387,3.72689438,74.9549561,39.25,0.25,0,55,0,85,0.416,1.01,16,16,16,32,48,30,295,160,130,0,0,0,16,38.5,0.25,0,55,0,85,0.416,1.01,16,16,16,32,48,30,295,160,130,0,0,0,16,512,-1,485.785156,477.9375,7.84765625,7.6015625,7611.34961,7618.951,0,0,0,0,0,0,0,0,0,0,4.141059,7,505,600,1200,3000,52,0.979000032,1.30500007,0,5,21,39,2670,10451.9824,999,1000,30,30,4,2,0,0,17.787,20.498,0.975,12002.332,359.5703,3.4538362,0,0,0,0.0373522379,0,0,0,0,0,0.0267988127,0,0,0,49.3125,48,16376,4072,12303,75.12903,50.673,799744,158449664
05/29/2026 12:50:08,47,56,0,56,62,54,54,54,54,71,12.0960007,5.03,1.30800009,1.39200008,1,0.328,0.648,3.28000021,2.046,0,3.364,3.364,3.11600018,56,46.5,45.5,46.5,1044,710,0,875,785,0,0,0,0,0,26.56,3.12,3.12,3.12,3.12,17.19,1.56,0,7.23,26.56,37.5029221,4097,400,5050,1265,50.5,1.5126605,0.56875,3955,341,40.4,0.712586939,0.56875,3792,169,40.4,0.378543377,0.5625,3825,138,40.4,0.330548346,0.5625,3700,199,40.4,0.4302606,0.5625,5050,921,50.5,1.22959638,0.525,3667,85,40.4,0.2601493,0.525,3736,82,40.4,0.2687978,0.5625,56.2500076,49.2500038,99.99815,26.8181419,11.0626221,70.7962,11.1814308,3.69933319,75.14017,39.25,0.25,0,55,0,85,0.416,1.01,16,16,16,32,48,30,295,160,130,0,0,0,16,38.5,0.25,0,55,0,85,0.416,1.01,16,16,16,32,48,30,295,160,130,0,0,0,16,512,-1,485.785156,477.9375,7.84765625,7.6015625,7611.34961,7618.951,0,0,0,0,0,0,0,0,0,0,4.21050835,7,505,600,1200,3000,52,0.974000037,1.30500007,0,2,17,39,2670,10451.9824,1001,1001,30,30,4,2,0,0,17.762,21.367,0.975,12002.34,360.5703,3.38232017,0,0,0,0.0403271057,0,0,0,0,0,0.0427697562,0,0,0,49.1875,48,16376,4072,12303,75.12903,49.523,849920,160049152
05/29/2026 12:50:09,47,56,0,56,62,54,54,54,54,71,12.0960007,5.03,1.30800009,1.39200008,1.00400007,0.326,0.648,3.28000021,2.046,0,3.36800027,3.364,3.11600018,56,46.5,45.5,46.5,1036,737,0,862,805,0,0,0,0,0,21.88,10.94,3.12,1.56,3.12,15.62,0,1.56,7.23,21.88,36.9795456,4187,426,4040,1339,40.4,1.55939186,0.5375,5050,427,50.5,0.786095858,0.5375,3694,168,40.4,0.390196443,0.50625,3697,135,40.4,0.342187762,0.50625,4719,227,50.5,0.476993144,0.50625,5050,932,50.5,1.2201221,0.50625,3662,98,40.4,0.298918962,0.50625,3586,82,40.4,0.274487853,0.50625,56.0000076,52.3750038,99.99815,26.7892532,11.0915108,70.71994,11.1558151,3.724949,74.9680252,39.25,0.25,0,55,0,85,0.416,1.01,16,16,16,32,48,30,295,160,130,0,0,0,16,38.5,0.25,0,55,0,85,0.416,1.01,16,16,16,32,48,30,295,160,130,0,0,0,16,512,-1,485.785156,477.9375,7.84765625,7.6015625,7611.34961,7618.951,0,0,0,0,0,0,0,0,0,0,4.21447754,7,505,600,1200,3000,52,0.969000041,1.30500007,0,2,17,39,2670,10451.9824,999,1000,30,30,4,2,0,0,18.479,21.248,0.975,12002.3438,361.4453,3.396341,0,0,0,0.0401027836,0,0,0,0,0,0.0347490869,0,0,0,49.03125,46,16376,4072,12303,75.12903,50.716,149504,158449664
05/29/2026 12:50:11,47,56,0,56,62,54,54,54,54,71,12.0960007,5.03,1.30800009,1.39200008,0.998,0.326,0.648,3.28000021,2.046,0,3.364,3.364,3.11600018,56,46.5,45.5,46.5,1047,737,0,874,784,0,0,0,0,0,23.44,4.69,0,1.56,3.12,20.31,0,0,6.64,23.44,36.70531,3860,386,4850,1314,48.5,1.49005044,0.64375,4694,310,48.5,0.631619632,0.64375,2986,143,32.3333321,0.339728445,0.64375,2877,99,32.3333321,0.28883937,0.64375,4506,188,48.5,0.4142386,0.64375,5050,906,50.5,1.24396038,0.6375,2996,75,33.6666679,0.2581396,0.6375,2924,57,33.6666679,0.232011631,0.6375,56.0000076,49.7500038,99.99815,26.7886238,11.09214,70.71828,11.1549759,3.725788,74.96239,39.25,0.25,0,55,0,85,0.416,1.01,16,16,16,32,48,30,295,160,130,0,0,0,16,38.5,0.25,0,55,0,85,0.416,1.01,16,16,16,32,48,30,295,160,130,0,0,0,16,512,-1,485.785156,477.9375,7.84765625,7.6015625,7611.34961,7618.951,0,0,0,0,0,0,0,0,0,0,4.2242527,7,505,600,1200,3000,53,1.064,1.30500007,0,11,17,39,2670,10451.9824,1000,999,30,30,4,2,0,0,18.261,19.368,0.975,12002.3438,362.0703,3.406439,0,0,0,0.0404134355,0,0,0,0,0,0.0189441126,0,0,0,49.0625,46,16376,4072,12303,75.12903,51.537,849920,158499840
05/29/2026 12:50:13,47,56,0,56,62,54,54,54,54,71,12.0960007,5.03,1.30800009,1.39200008,1,0.342,0.648,3.28400016,2.046,0,3.36800027,3.364,3.11600018,56,46.5,45.5,46.5,1040,737,0,863,784,0,0,0,0,0,21.54,7.69,1.54,1.54,3.08,26.15,0,1.54,7.88,26.15,37.2833176,4031,447,4040,1265,40.4,1.508333,0.5375,4930,356,50.5,0.756584,0.5375,3715,168,40.4,0.4003887,0.5375,3629,118,40.4,0.3296177,0.5375,3699,205,40.4,0.482616037,0.5375,4040,1281,40.4,1.54932344,0.5375,3631,98,40.4,0.297265738,0.5375,4565,82,50.5,0.2671079,0.5375,56.2500076,49.7500038,99.9981461,26.7965584,11.0842056,70.73923,11.1632729,3.71749115,75.01814,39.25,0.25,0,55,0,85,0.416,1.01,16,16,16,32,48,30,295,160,130,0,0,0,16,38.5,0.25,0,55,0,85,0.416,1.01,16,16,16,32,48,30,295,160,130,0,0,0,16,512,-1,485.785156,477.9375,7.84765625,7.6015625,7611.34961,7618.951,0,0,0,0,0,0,0,0,0,0,4.121335,7,505,600,1200,3000,53,0.974000037,1.30500007,0,2,17,39,2670,10451.9824,999,1001,30,30,4,2,0,0,17.645,21.742,0.975,12002.3516,362.6953,3.430971,0,0,0,0.0438270234,0,0,0,0,0,0.0200314634,0,0,0,48.78125,48,16376,4072,12303,75.12903,49.915,799744,158499840
05/29/2026 12:50:15,47,56,0,56,62,54,54,54,54,71,12.0960007,5.03,1.30800009,1.39200008,1.00200009,0.342,0.648,3.28400016,2.046,0,3.36800027,3.364,3.11600018,56,46.5,45.5,46.5,1052,736,0,874,784,0,0,0,0,0,14.06,6.25,3.12,0,0,20.31,1.56,1.56,5.86,20.31,37.6276627,3613,411,5050,1082,50.5,1.31606507,0.56875,3324,385,33.6666679,0.7211173,0.56875,3091,147,33.6666679,0.356363028,0.56875,3193,138,33.6666679,0.328033119,0.56875,3085,184,33.6666679,0.420712054,0.56875,4040,1216,40.4,1.50717509,0.56875,3537,70,40.4,0.255872846,0.5625,3584,69,40.4,0.255161017,0.5625,56.2500076,50.2500038,99.99816,26.8238869,11.0568771,70.81137,11.1859627,3.69480133,75.17062,39.25,0.25,0,55,0,85,0.416,1.01,16,16,16,32,48,30,295,160,130,0,0,0,16,38.5,0.25,0,55,0,85,0.416,1.01,16,16,16,32,48,30,295,160,130,0,0,0,16,512,-1,485.785156,477.9375,7.84765625,7.6015625,7611.34961,7618.951,0,0,0,0,0,0,0,0,0,0,4.31419,7,505,600,1200,3000,52,0.969000041,1.30500007,0,2,17,39,2670,10451.9824,1000,1001,30,30,4,2,0,0,18.152,21.356,0.975,12002.3516,363.5703,3.37607813,0,0,0,0.0412061848,0,0,0,0,0,0.0293270126,0,0,0,48.8125,46,16376,4072,12303,75.12903,49.781,48999424,7.419904E+07
05/29/2026 12:50:17,47,56,0,56,62,54,54,54,54,71,12.0960007,5.03,1.31000006,1.39200008,1.00200009,0.342,0.648,3.28400016,2.046,0,3.36800027,3.364,3.11600018,56,46.5,45.5,46.5,1036,710,0,883,804,0,0,0,0,0,16.92,6.15,4.62,3.08,4.62,21.54,4.62,3.08,8.08,21.54,36.97596,3943,441,5050,1175,50.5,1.4020834,0.55,3994,410,40.4,0.7614489,0.55,3711,163,40.4,0.367553174,0.55,3735,131,40.4,0.318507969,0.5625,3743,225,40.4,0.472530454,0.5625,4040,1269,40.4,1.58514,0.55,3674,81,40.4,0.271601945,0.55,3597,71,40.4,0.254627764,0.55,56.3750076,49.7500038,99.99815,26.791275,11.089489,70.72528,11.1526375,3.72812653,74.94667,39.25,0.25,0,55,0,85,0.416,1.01,16,16,16,32,48,30,295,160,130,0,0,0,16,38.5,0.25,0,55,0,85,0.416,1.01,16,16,16,32,48,30,295,160,130,0,0,0,16,512,-1,485.785156,477.9375,7.84765625,7.6015625,7611.34961,7618.951,0,0,0,0,0,0,0,0,0,0,4.20988464,7,505,600,1200,3000,52,1.04500008,1.30500007,0,6,17,38,2670,10451.9824,1000,1001,30,30,4,2,0,0,18.482,23.314,0.975,12002.3555,364.589844,3.39091015,0,0,0,0.0378024541,0,0,0,0,0,0.0390260629,0,0,0,48.71875,48,16376,4072,12303,75.12903,51.401,99328,8.464998E+07
05/29/2026 12:50:19,47,56,0,56,62,54,54,54,54,71,12.0960007,5.03,1.31000006,1.39200008,1.00200009,0.334000021,0.648,3.28400016,2.046,0,3.36800027,3.364,3.11600018,56,46.5,45.5,46.5,1048,710,0,862,784,0,0,0,0,0,23.44,15.62,1.59,1.56,1.56,23.44,0,1.59,8.6,23.44,36.9628677,3756,433,4040,1152,40.4,1.371605,0.65,3897,365,40.4,0.715794146,0.65,3058,145,33.6666679,0.37307632,0.65,3061,124,33.6666679,0.337077171,0.65,3667,190,40.4,0.437783033,0.65,5050,1305,50.5,1.586285,0.54375,3587,79,40.4,0.284597069,0.54375,3692,102,40.4,0.303251177,0.54375,56.5000076,49.7500038,99.99816,26.7887077,11.0920563,70.7185,11.1564178,3.72434616,74.97208,39.25,0.25,0,55,0,85,0.416,1.01,16,16,16,32,48,30,295,160,130,0,0,0,16,38.5,0.25,0,55,0,85,0.416,1.01,16,16,16,32,48,30,295,160,130,0,0,0,16,512,-1,485.785156,477.9375,7.84765625,7.6015625,7611.34961,7618.951,0,0,0,0,0,0,0,0,0,0,4.233571,7,505,600,1200,3000,52,1.04500008,1.30500007,0,6,17,38,2670,10451.9824,999,1000,30,30,4,2,0,0,18.011,22.082,0.975,12002.3594,365.464844,3.383325,0,0,0,0.04201803,0,0,0,0,0,0.019286966,0,0,0,48.59375,48,16376,4072,12303,75.12903,50.876,799744,158649344
05/29/2026 12:50:21,47,56,0,56,62,54,54,54,54,71,12.12,5.03,1.30800009,1.39200008,1.008,0.33,0.648,3.28000021,2.046,0,3.36800027,3.364,3.11600018,56,46.5,45.5,46.5,1044,710,0,864,804,0,0,0,0,0,14.29,6.35,0,0,3.17,25.4,0,0,6.15,25.4,37.1675873,3262,422,4850,1096,48.5,1.32286882,0.6375,3139,337,32.3333321,0.672672868,0.6375,3009,152,32.3333321,0.3854541,0.6375,3020,120,32.3333321,0.340904981,0.6375,3015,176,32.3333321,0.4501608,0.6375,3233,1338,32.3333321,1.57483125,0.6375,2883,78,32.3333321,0.289958358,0.6375,2951,83,32.3333321,0.291699767,0.65625,56.7500076,49.7500038,99.9981461,26.79842,11.0823441,70.74414,11.1615677,3.71919632,75.00668,39.25,0.25,0,55,0,85,0.416,1.01,16,16,16,32,48,30,295,160,130,0,0,0,16,38.5,0.25,0,55,0,85,0.416,1.01,16,16,16,32,48,30,295,160,130,0,0,0,16,512,-1,485.785156,477.9375,7.84765625,7.6015625,7611.34961,7618.951,0,0,0,0,0,0,0,0,0,0,4.17313433,7,505,600,1200,3000,52,0.969000041,1.30500007,0,7,19,38,2670,10451.9824,1001,998,30,30,4,2,0,0,17.793,22.007,0.975,12002.3594,365.964844,3.461678,0,0,0,0.04339199,0,0,0,0,0,0.0105881346,0,0,0,48.59375,46,16376,4072,12303,75.12903,49.481,799744,8.479949E+07
05/29/2026 12:50:23,47,56,0,56,62,54,54,54,54,71,12.12,5.03,1.31000006,1.39200008,0.996000051,0.334000021,0.648,3.28400016,2.046,0,3.364,3.364,3.11200023,56,46.5,45.5,46.5,1042,710,0,883,804,0,0,0,0,0,14.06,6.25,1.56,3.12,3.12,20.31,3.12,1.56,6.64,20.31,37.07151,3826,387,4040,798,40.4,1.0470705,0.5375,3962,354,40.4,0.6461243,0.5375,4648,158,50.5,0.3525277,0.5375,3668,121,40.4,0.307648718,0.5375,3713,175,40.4,0.401551217,0.5375,4040,1342,40.4,1.55370414,0.5375,3601,84,40.4,0.26856488,0.54375,2933,64,33.6666679,0.249140143,0.54375,56.7500076,50.2500038,99.99815,26.7894783,11.0912857,70.7205353,11.152256,3.728508,74.94411,39.25,0.25,0,55,0,85,0.416,1.01,16,16,16,32,48,30,295,160,130,0,0,0,16,38.5,0.25,0,55,0,85,0.416,1.01,16,16,16,32,48,30,295,160,130,0,0,0,16,512,-1,485.785156,477.9375,7.84765625,7.6015625,7611.34961,7618.951,0,0,0,0,0,0,0,0,0,0,4.21071959,7,505,600,1200,3000,52,0.969000041,1.30500007,0,2,17,38,2670,10451.9824,999,1001,30,30,4,2,0,0,18.261,22.359,0.975,12002.3008,352.800781,3.41883039,0,0,0,0.04404226,0,0,0,0,0,0.311919272,0,0,0,48.53125,46,16376,4072,12303,75.12903,50.383,149504,160099328
05/29/2026 12:50:25,47,56,0,56,62,54,54,54,54,71,12.0960007,5.02000046,1.30800009,1.39200008,0.990000069,0.326,0.648,3.28000021,2.046,0,3.364,3.364,3.11600018,56,46.5,45.5,46.5,1048,737,0,876,804,0,0,0,0,0,20.63,4.76,1.59,4.76,4.76,17.46,1.59,0,6.94,20.63,37.08423,3788,409,4040,910,40.4,1.16776812,0.525,3973,383,40.4,0.7081039,0.525,3780,188,40.4,0.42069447,0.525,3061,109,33.6666679,0.33736822,0.525,3818,208,40.4,0.490034163,0.525,5050,1321,50.5,1.56194055,0.525,2943,66,33.6666679,0.2754064,0.525,3638,86,40.4,0.284084857,0.525,56.5000076,49.7500038,99.99815,26.7976456,11.0831184,70.7420959,11.1592865,3.72147751,74.9913559,39.25,0.25,0,55,0,85,0.416,1.01,16,16,16,32,48,30,295,160,130,0,0,0,16,38.5,0.25,0,55,0,85,0.416,1.01,16,16,16,32,48,30,295,160,130,0,0,0,16,512,-1,485.785156,477.9375,7.84765625,7.6015625,7611.34961,7618.951,0,0,0,0,0,0,0,0,0,0,4.127661,7,505,600,1200,3000,52,0.995000064,1.30500007,0,3,17,38,2670,10451.9824,1000,1000,30,30,4,2,0,0,18.426,23.071,0.975,12002.3008,353.925781,3.42326736,0,0,0,0.0404068269,0,0,0,0,0,0.04436274,0,0,0,48.46875,46,16376,4072,12303,75.12903,51.512,849920,1.58549E+08
05/29/2026 12:50:27,47,56,0,56,62,54,54,54,54,71,12.12,5.03,1.30800009,1.39200008,0.9760001,0.336000025,0.648,3.28400016,2.046,0,3.36800027,3.36800027,3.11600018,56,46.5,45.5,46.5,1036,737,0,864,784,0,0,0,0,0,15.38,10.77,1.54,0,3.08,18.46,0,0,6.15,18.46,36.7562943,3871,360,5050,1049,50.5,1.1732626,0.53125,4906,318,50.5,0.5926116,0.53125,3756,157,40.4,0.3425528,0.53125,3619,92,40.4,0.270522743,0.53125,3712,175,40.4,0.382315218,0.53125,4040,962,40.4,1.30094731,0.5375,2957,72,33.6666679,0.243558034,0.5375,2930,58,33.6666679,0.229381084,0.5375,56.2500076,49.7500038,99.99815,26.7903976,11.0903664,70.72296,11.1563759,3.72438812,74.9717941,39.25,0.25,0,55,0,85,0.416,1.01,16,16,16,32,48,30,295,160,130,0,0,0,16,38.5,0.25,0,55,0,85,0.416,1.01,16,16,16,32,48,30,295,160,130,0,0,0,16,512,-1,485.785156,477.9375,7.84765625,7.6015625,7611.34961,7618.951,0,0,0,0,0,0,0,0,0,0,4.24233246,7,505,600,1200,3000,52,0.969000041,1.30500007,0,4,17,38,2670,10451.9824,1000,1000,30,30,4,2,0,0,17.738,20.758,0.975,12002.3047,354.675781,3.39651918,0,0,0,0.0416450948,0,0,0,0,0,0.0191399176,0,0,0,48.34375,46,16376,4072,12303,75.12903,50.383,1449984,8.394957E+07
05/29/2026 12:50:29,47,56,0,56,62,54,54,54,54,71,12.0960007,5.03,1.30800009,1.39200008,0.988000035,0.328,0.648,3.28000021,2.046,0,3.364,3.364,3.11600018,56,46.5,45.5,46,1053,737,0,876,804,0,0,0,0,0,26.98,9.52,4.76,0,0,15.87,0,1.59,7.34,26.98,36.9031448,3466,398,4850,1166,48.5,1.29496527,0.64375,3111,334,32.3333321,0.653654,0.64375,2934,129,32.3333321,0.3520222,0.64375,2896,111,32.3333321,0.324278116,0.64375,3000,204,32.3333321,0.462720424,0.64375,5050,1103,50.5,1.42167377,0.525,2956,74,33.6666679,0.276426226,0.525,2929,65,33.6666679,0.259213418,0.525,56.2500076,49.2500038,99.99815,26.8012276,11.0795364,70.75155,11.1521568,3.72860718,74.94344,39.25,0.25,0,55,0,85,0.416,1.01,16,16,16,32,48,30,295,160,130,0,0,0,16,38.5,0.25,0,55,0,85,0.416,1.01,16,16,16,32,48,30,295,160,130,0,0,0,16,512,-1,485.785156,477.9375,7.84765625,7.6015625,7611.34961,7618.951,0,0,0,0,0,0,0,0,0,0,4.31667,7,505,600,1200,3000,53,0.969000041,1.30500007,0,2,17,38,2670,10451.9824,1000,1000,30,30,4,2,0,0,17.847,17.811,0.975,12002.3047,355.300781,3.4361074,0,0,0,0.0376086831,0,0,0,0,0,0.0183059853,0,0,0,48.28125,46,16376,4072,12303,75.12903,49.312,4.339917E+07,7.414989E+07
05/29/2026 12:50:31,47,56,0,56,62,54,54,54,54,71,12.0960007,5.02000046,1.30800009,1.39200008,0.974000037,0.324,0.648,3.28400016,2.046,0,3.364,3.364,3.11600018,56,46.5,45.5,46.5,1030,737,0,882,784,0,0,0,0,0,18.46,4.62,1.54,0,3.08,13.85,1.54,0,5.38,18.46,37.0327225,3268,348,3233,1071,32.3333321,1.16810179,0.64375,3191,338,32.3333321,0.6246728,0.64375,3001,140,32.3333321,0.304857731,0.64375,2978,113,32.3333321,0.268590361,0.64375,2944,166,32.3333321,0.3597509,0.64375,4850,772,48.5,1.11909914,0.64375,2940,84,32.3333321,0.232009813,0.64375,3009,104,32.3333321,0.240166992,0.64375,56.5000076,49.7500038,99.99816,26.7955742,11.08519,70.7366257,11.1592636,3.7215004,74.9912,39.25,0.25,0,55,0,85,0.416,1.01,16,16,16,32,48,30,295,160,130,0,0,0,16,38.5,0.25,0,55,0,85,0.416,1.01,16,16,16,32,48,30,295,160,130,0,0,0,16,512,-1,485.785156,477.9375,7.84765625,7.6015625,7611.34961,7618.951,0,0,0,0,0,0,0,0,0,0,4.297952,7,505,600,1200,3000,52,0.969000041,1.30500007,0,3,17,38,2670,10451.9824,1000,1000,30,30,6,3,0,0,18.928,24.76,0.975,12002.3086,356.4961,5.21607542,0,0,0,0.00427501462,0,0,0,0,0,0.009547859,0,0,0,48.28125,48,16376,4072,12303,75.12903,53.774,99328,169949184
05/29/2026 12:50:33,47,56,0,56,62,54,54,53,53,71,12.0960007,5.03,1.30800009,1.39200008,0.97,0.33,0.648,3.28000021,2.046,0,3.364,3.364,3.11600018,55,46.5,45.5,46,1045,737,0,882,785,0,0,0,0,0,15.87,4.76,1.59,1.59,3.17,14.29,3.17,1.59,5.75,15.87,35.8325768,3744,319,4850,1041,48.5,1.09588468,0.64375,4737,274,48.5,0.5302048,0.64375,2992,126,32.3333321,0.276235461,0.64375,3111,112,33.6666679,0.253923178,0.64375,3123,174,33.6666679,0.369790167,0.64375,5050,667,50.5,1.03436458,0.5375,3124,96,33.6666679,0.233860731,0.5375,2965,60,33.6666679,0.190814644,0.5375,55.6250076,49.2500038,99.99815,26.79078,11.0899849,70.72397,11.1573334,3.72343063,74.9782257,39.25,0.25,0,55,0,85,0.416,1.01,16,16,16,32,48,30,295,160,130,0,0,0,16,38.5,0.25,0,55,0,85,0.416,1.01,16,16,16,32,48,30,295,160,130,0,0,0,16,512,-1,485.785156,477.9375,7.84765625,7.6015625,7611.34961,7618.951,0,0,0,0,0,0,0,0,0,0,4.262668,7,505,600,1200,3000,53,1.04000008,1.30500007,0,5,17,38,2670,10451.9824,1000,1001,30,30,6,3,0,0,18.297,25.08,0.975,12002.3086,356.4961,5.22576141,0,0,0,0.007069072,0,0,0,0,0,0,0,0,0,48.21875,48,16376,4072,12303,75.12903,54.108,849920,9.444966E+07
05/29/2026 12:50:35,45,56,0,55,60,53,53,53,53,70,12.0960007,5.02000046,1.30800009,1.388,0.974000037,0.328,0.650000036,3.28000021,2.046,0,3.364,3.36000013,3.11200023,55,46,45.5,46,1029,710,0,863,782,0,0,0,0,0,21.54,4.62,3.08,1.54,3.08,13.85,1.54,0,6.15,21.54,36.3253136,4098,356,5050,1130,50.5,1.18988264,0.4875,3934,309,40.4,0.5805683,0.4875,3726,167,40.4,0.343913853,0.4875,3770,122,40.4,0.291734427,0.4875,3772,196,40.4,0.410076946,0.4875,5050,749,50.5,1.11092663,0.4875,3762,95,40.4,0.245005414,0.53125,3723,84,40.4,0.236517474,0.53125,55.2500076,49.2500038,99.99815,26.7963982,11.0843658,70.7388,11.1582565,3.72250748,74.984436,39.25,0.25,0,55,0,85,0.416,1.01,16,16,16,32,48,30,295,160,130,0,0,0,16,38.5,0.25,0,55,0,85,0.416,1.01,16,16,16,32,48,30,295,160,130,0,0,0,16,512,-1,485.785156,477.9375,7.84765625,7.6015625,7611.34961,7618.951,0,0,0,0,0,0,0,0,0,0,4.23808765,7,505,600,1200,3000,52,0.995000064,1.30500007,0,4,18,38,2670,10451.9824,999,999,30,30,5,3,0,0,17.476,24.027,0.975,12002.3086,356.4961,5.217612,0,0,0,0.00387139642,0,0,0,0,0,0,0,0,0,48.15625,46,16376,4072,12303,75.12903,52.34,149504,168199168
05/29/2026 12:50:37,45,56,0,55,60,53,53,53,53,70,12.0960007,5.03,1.30800009,1.39200008,0.986000061,0.336000025,0.650000036,3.28000021,2.046,0,3.36800027,3.364,3.11600018,55,46.5,45.5,46.5,993,710,0,853,796,0,0,0,0,0,26.15,1.54,6.15,1.54,7.69,12.31,0,0,6.92,26.15,36.808445,4031,374,4850,1125,48.5,1.19921839,0.64375,4800,350,48.5,0.6439124,0.64375,3009,179,32.3333321,0.345512122,0.64375,2993,138,32.3333321,0.2968573,0.64375,3032,216,32.3333321,0.425055563,0.64375,4850,835,48.5,1.19135392,0.64375,4375,75,48.5,0.244682208,0.64375,4338,71,48.5,0.22866866,0.64375,55.1250076,49.2500038,99.99815,26.8252144,11.05555,70.81487,11.1804771,3.70028687,75.13376,39.25,0.25,0,55,0,85,0.416,1.01,16,16,16,32,48,30,295,160,130,0,0,0,16,38.75,0.25,0,55,0,85,0.416,1.01,16,16,16,32,48,30,295,160,130,0,0,0,16,512,-1,485.785156,477.9375,7.84765625,7.6015625,7611.34961,7618.951,0,0,0,0,0,0,0,0,0,0,4.454106,7,505,600,1200,3000,52,0.965000033,1.30500007,0,2,17,38,2670,10451.9824,999,1002,30,30,6,3,0,0,17.963,19.62,0.975,12002.3086,356.6211,5.127624,0,0,0,0.004158553,0,0,0,0,0,0.0109518394,0,0,0,48.1875,46,16376,4072,12303,75.12903,52.555,99328,167849984
05/29/2026 12:50:39,45,56,0,55,60,53,53,53,53,70,12.0960007,5.02000046,1.30800009,1.39200008,0.990000069,0.34,0.650000036,3.28000021,2.046,0,3.364,3.364,3.11600018,55,46,45.5,46,989,711,0,856,789,0,0,0,0,0,36.92,1.54,3.03,0,1.52,12.31,0,0,6.91,36.92,36.89915,4038,433,5025,1595,50.25,1.60676229,0.50625,4979,431,50.25,0.747664,0.50625,3708,165,40.2,0.3809704,0.50625,3657,107,40.2,0.3068521,0.50625,3732,206,40.2,0.455421031,0.50625,5050,794,50.5,1.18022013,0.51875,3053,82,33.6666679,0.2818005,0.51875,3104,85,33.6666679,0.279258639,0.51875,55.2500076,52.8750038,99.99815,26.8007317,11.0800323,70.7502441,11.1507721,3.729992,74.9341354,39.25,0.25,0,55,0,85,0.416,1.01,16,16,16,32,48,30,295,160,130,0,0,0,16,38.75,0.25,0,55,0,85,0.416,1.01,16,16,16,32,48,30,295,160,130,0,0,0,16,512,-1,485.785156,477.9375,7.84765625,7.6015625,7611.34961,7618.951,0,0,0,0,0,0,0,0,0,0,4.27165461,7,505,600,1200,3000,52,1.064,1.30500007,0,15,17,38,2670,10451.9824,1000,998,30,30,4,2,0,0,17.394,22.453,0.975,12002.3086,357.1211,3.71888423,0,0,0,0.0371401235,0,0,0,0,0,0.038935,0,0,0,48.0625,46,16376,4072,12303,75.12903,52.633,849920,159599616
05/29/2026 12:50:41,45,56,0,55,60,53,53,53,53,70,12.0960007,5.03,1.30800009,1.39200008,0.986000061,0.328,0.650000036,3.28400016,2.046,0,3.36800027,3.36800027,3.11600018,55,46,45.5,46,986,738,0,860,784,0,0,0,0,0,25,3.12,0,1.56,1.56,10.94,3.12,0,5.66,25,36.38888,3705,366,4850,1260,48.5,1.31647384,0.63125,4649,320,48.5,0.5996902,0.63125,3043,168,32.3333321,0.339621484,0.63125,3031,117,32.3333321,0.289155126,0.63125,2976,164,32.3333321,0.366495132,0.63125,5050,745,50.5,1.11206043,0.54375,3001,67,33.6666679,0.227121472,0.54375,3037,84,33.6666679,0.238566816,0.54375,55.3750076,49.7500038,99.99815,26.7957573,11.0850067,70.73711,11.1546059,3.72615814,74.9599,39.25,0.25,0,55,0,85,0.416,1.01,16,16,16,32,48,30,295,160,130,0,0,0,16,38.75,0.25,0,55,0,85,0.416,1.01,16,16,16,32,48,30,295,160,130,0,0,0,16,512,-1,485.785156,477.9375,7.84765625,7.6015625,7611.34961,7618.951,0,0,0,0,0,0,0,0,0,0,4.24489737,7,505,600,1200,3000,53,0.969000041,1.30500007,0,4,17,38,2670,10451.9824,1001,999,30,30,4,2,0,0,16.776,21.1,0.975,12002.3086,357.6211,3.369183,0,0,0,0.03459118,0,0,0,0,0,0.009976109,0,0,0,47.84375,46,16376,4072,12303,75.12903,50.243,799744,8.429978E+07
05/29/2026 12:50:43,45,56,0,55,60,53,53,53,53,70,12.0960007,5.02000046,1.30800009,1.39200008,0.986000061,0.328,0.650000036,3.28000021,2.046,0,3.364,3.364,3.11600018,55,46,45.5,46,1000,738,0,846,782,0,0,0,0,0,20.31,4.69,0,0,0,12.5,0,0,4.69,20.31,36.8992233,3946,397,5050,1393,50.5,1.46032131,0.5625,3928,329,40.4,0.644062161,0.5625,3714,143,40.4,0.347485363,0.5625,3842,189,40.4,0.371786118,0.5625,3740,189,40.4,0.4416277,0.5625,4040,786,40.4,1.15267527,0.5625,3621,76,40.4,0.2595283,0.5625,3637,72,40.4,0.2607119,0.55625,55.5000076,54.5000038,99.9981461,26.8042,11.0765648,70.75939,11.1638222,3.71694183,75.0218353,39.25,0.25,0,55,0,85,0.416,1.01,16,16,16,32,48,30,295,160,130,0,0,0,16,38.75,0.25,0,55,0,85,0.416,1.01,16,16,16,32,48,30,295,160,130,0,0,0,16,512,-1,485.785156,477.9375,7.84765625,7.6015625,7611.34961,7618.951,0,0,0,0,0,0,0,0,0,0,4.11815357,7,505,600,1200,3000,52,0.784000039,1.30500007,0,1,17,38,2670,10451.9824,1000,999,30,30,4,2,0,0,16.711,20.493,0.975,12002.3125,358.8711,3.40886784,0,0,0,0.0364747047,0,0,0,0,0,0.0522276647,0,0,0,47.875,46,16376,4072,12303,75.12903,49.242,99328,157899776
05/29/2026 12:50:45,45,56,0,55,60,53,53,53,53,70,12.0960007,5.03,1.30800009,1.39200008,0.988000035,0.324,0.650000036,3.28000021,2.046,0,3.36800027,3.364,3.11600018,55,46.5,45.5,46,995,738,0,845,783,0,0,0,0,0,21.88,7.81,3.08,1.54,4.69,15.62,0,0,6.83,21.88,36.7682457,3698,369,4040,1305,40.4,1.3933171,0.54375,3967,340,40.4,0.605763853,0.54375,3062,147,33.6666679,0.320112,0.54375,3688,130,40.4,0.294052362,0.51875,3784,201,40.4,0.415883332,0.51875,5050,662,50.5,1.02932441,0.51875,3014,93,33.6666679,0.261445165,0.51875,2976,71,33.6666679,0.241959289,0.51875,55.3750076,49.2500038,99.99815,26.7994461,11.0813179,70.74684,11.1583786,3.72238541,74.98525,39.25,0.25,0,55,0,85,0.416,1.01,16,16,16,32,48,30,295,160,130,0,0,0,16,38.75,0.25,0,55,0,85,0.416,1.01,16,16,16,32,48,30,295,160,130,0,0,0,16,512,-1,485.785156,477.9375,7.84765625,7.6015625,7611.34961,7618.951,0,0,0,0,0,0,0,0,0,0,4.322524,7,505,600,1200,3000,53,0.969000041,1.30500007,0,4,17,38,2670,10451.9824,999,1000,30,30,4,2,0,0,17.299,22.38,0.975,12002.3164,359.9961,3.36376786,0,0,0,0.0342837125,0,0,0,0,0,0.0387740768,0,0,0,47.875,46,16376,4072,12303,75.12903,49.784,99328,157949952
05/29/2026 12:50:47,45,56,0,55,60,53,53,53,53,70,12.0960007,5.02000046,1.30800009,1.39200008,0.992000043,0.34,0.650000036,3.28000021,2.046,0,3.364,3.364,3.11600018,55,46,45.5,46,990,737,0,865,783,0,0,0,0,0,20.31,0,0,1.59,0,21.88,0,3.12,5.86,21.88,36.5075569,3878,399,4850,1285,48.5,1.36708593,0.64375,4724,330,48.5,0.640235543,0.64375,2926,135,32.3333321,0.333856821,0.64375,2973,134,32.3333321,0.328638881,0.64375,4447,186,48.5,0.432829916,0.64375,5050,951,50.5,1.291868,0.5375,3043,89,33.6666679,0.275452435,0.5375,3008,85,33.6666679,0.268251061,0.5375,55.5000076,49.7500038,99.99816,26.8069878,11.0737762,70.7667542,11.1610909,3.71967316,75.00348,39.25,0.25,0,55,0,85,0.416,1.01,16,16,16,32,48,30,295,160,130,0,0,0,16,38.75,0.25,0,55,0,85,0.416,1.01,16,16,16,32,48,30,295,160,130,0,0,0,16,512,-1,485.785156,477.9375,7.84765625,7.6015625,7611.34961,7618.951,0,0,0,0,0,0,0,0,0,0,4.236279,7,505,600,1200,3000,52,0.969000041,1.30500007,0,5,19,38,2670,10451.9824,1000,1001,30,30,4,2,0,0,17.188,21.829,0.975,12002.3242,360.7461,3.3770957,0,0,0,0.0327001028,0,0,0,0,0,0.0330579169,0,0,0,47.75,46,16376,4072,12303,75.12903,51.105,799744,159349760
05/29/2026 12:50:49,45,56,0,55,60,53,53,53,53,70,12.0960007,5.03,1.30800009,1.39200008,0.984,0.326,0.650000036,3.28000021,2.046,0,3.364,3.364,3.11600018,55,46,45.5,46,986,710,0,846,783,0,0,0,0,0,23.44,6.25,0,0,1.56,9.38,0,1.56,5.27,23.44,36.59127,4037,376,5050,1387,50.5,1.40333438,0.5375,3919,324,40.4,0.6156518,0.5375,3769,154,40.4,0.3158248,0.5375,3757,129,40.4,0.279293865,0.5375,4672,187,50.5,0.3834971,0.5375,5050,661,50.5,1.03410447,0.5375,3023,81,33.6666679,0.241620854,0.5375,3058,84,33.6666679,0.236356109,0.5375,55.5000076,49.2500038,99.99815,26.7956467,11.0851173,70.73682,11.1500511,3.730713,74.92929,39.25,0.25,0,55,0,85,0.416,1.01,16,16,16,32,48,30,295,160,130,0,0,0,16,38.75,0.25,0,55,0,85,0.416,1.01,16,16,16,32,48,30,295,160,130,0,0,0,16,512,-1,485.785156,477.9375,7.84765625,7.6015625,7611.34961,7618.951,0,0,0,0,0,0,0,0,0,0,4.148904,7,505,600,1200,3000,52,0.784000039,1.30500007,0,2,17,38,2670,10451.9824,1000,999,30,30,4,2,0,0,16.746,17.945,0.975,12002.3281,361.6211,3.312519,0,0,0,0.0365464464,0,0,0,0,0,0.0382639766,0,0,0,47.75,46,16376,4072,12303,75.12903,49.516,1199104,8.369971E+07
05/29/2026 12:50:51,45,56,0,55,60,53,53,53,53,70,12.0960007,5.02000046,1.30600011,1.39200008,0.994,0.334000021,0.650000036,3.27600026,2.046,0,3.36000013,3.36000013,3.11200023,55,46,45.5,46,999,710,0,847,784,0,0,0,0,0,34.38,4.69,6.35,3.17,9.38,20.31,1.59,1.59,10.18,34.38,36.46952,3928,396,4850,1489,48.5,1.52966857,0.65,4612,295,48.5,0.6208529,0.65,4504,162,48.5,0.3478607,0.65,3005,145,32.3333321,0.33492592,0.65,2993,180,32.3333321,0.4287756,0.64375,4900,720,49,1.06970918,0.5125,3526,86,39.2,0.263179153,0.5125,3037,95,32.6666679,0.2728523,0.5125,55.3750076,49.2500038,99.99816,26.8290634,11.0517006,70.8250351,11.1866875,3.69407654,75.17549,39.25,0.25,0,55,0,85,0.416,1.01,16,16,16,32,48,30,295,160,130,0,0,0,16,38.75,0.25,0,55,0,85,0.416,1.01,16,16,16,32,48,30,295,160,130,0,0,0,16,512,-1,485.785156,477.9375,7.84765625,7.6015625,7611.34961,7618.951,0,0,0,0,0,0,0,0,0,0,4.21331024,7,505,600,1200,3000,52,0.965000033,1.30500007,0,2,17,37,2670,10451.9824,1000,999,30,30,4,2,0,0,16.964,18.527,0.975,12002.3281,362.2461,3.478602,0,0,0,0.0374076366,0,0,0,0,0,0.0168976244,0,0,0,47.625,46,16376,4072,12303,75.12903,49.557,4.144947E+07,7.419904E+07
05/29/2026 12:50:53,45,56,0,55,60,53,53,53,53,70,12.0960007,5.03,1.30800009,1.39200008,0.998,0.336000025,0.650000036,3.28000021,2.046,0,3.364,3.364,3.11600018,55,46,45.5,46,997,710,0,864,784,0,0,0,0,0,26.56,6.25,1.56,1.56,3.12,15.62,0,0,6.84,26.56,36.6279259,3840,394,4850,1367,48.5,1.42160141,0.6875,3121,335,32.3333321,0.6200223,0.6875,3017,178,32.3333321,0.37616384,0.6875,3098,151,32.3333321,0.316886365,0.6875,2981,185,32.3333321,0.411039084,0.6875,4850,765,48.5,1.14131832,0.6875,4443,95,48.5,0.273802578,0.65,4362,78,48.5,0.2521266,0.65,55.5000076,49.2500038,99.99816,26.802002,11.0787621,70.75359,11.162674,3.71809,75.0141144,39.25,0.25,0,55,0,85,0.416,1.01,16,16,16,32,48,30,295,160,130,0,0,0,16,38.75,0.25,0,55,0,85,0.416,1.01,16,16,16,32,48,30,295,160,130,0,0,0,16,512,-1,485.785156,477.9375,7.84765625,7.6015625,7611.34961,7618.951,0,0,0,0,0,0,0,0,0,0,4.270311,7,505,600,1200,3000,51,0.989,1.30500007,0,4,17,37,2670,10451.9824,1000,1001,30,30,4,2,0,0,17.482,20.479,0.975,12002.3281,362.9961,3.41273975,0,0,0,0.0346331857,0,0,0,0,0,0.0175751951,0,0,0,47.71875,46,16376,4072,12303,75.12903,50.937,4.114944E+07,99328
05/29/2026 12:50:55,45,56,0,55,60,53,53,53,53,70,12.0960007,5.03,1.30800009,1.39200008,0.994,0.336000025,0.650000036,3.28400016,2.046,0,3.36800027,3.364,3.11600018,55,46,45.5,46,995,738,0,846,784,0,0,0,0,0,16.92,4.62,3.08,3.08,1.54,13.85,1.54,0,5.58,16.92,36.20111,4600,376,4850,1346,48.5,1.38331151,0.64375,4695,331,48.5,0.617257655,0.64375,4634,182,48.5,0.365582556,0.64375,4502,129,48.5,0.298789352,0.64375,4499,175,48.5,0.404864669,0.64375,4850,697,48.5,1.06975162,0.64375,4409,79,48.5,0.251181,0.64375,4365,66,48.5,0.23641099,0.64375,55.5000076,49.2500038,99.99816,26.77184,11.1089249,70.6739655,11.1390953,3.7416687,74.85567,39.25,0.25,0,55,0,85,0.416,1.01,16,16,16,32,48,30,295,160,130,0,0,0,16,38.75,0.25,0,55,0,85,0.416,1.01,16,16,16,32,48,30,295,160,130,0,0,0,16,512,-1,485.785156,477.9375,7.84765625,7.6015625,7611.34961,7618.951,0,0,0,0,0,0,0,0,0,0,4.337129,7,505,600,1200,3000,52,0.965000033,1.30500007,0,2,17,37,2670,10451.9824,999,1002,30,30,4,2,0,0,17.128,17.927,0.975,12002.3281,363.9961,3.356932,0,0,0,0.03543405,0,0,0,0,0,0.0361687429,0,0,0,47.53125,46,16376,4072,12303,75.12903,50.793,47099904,7.414989E+07
05/29/2026 12:50:57,45,56,0,55,60,53,53,53,53,70,12.0960007,5.02000046,1.30800009,1.39200008,1.00400007,0.326,0.650000036,3.28000021,2.046,0,3.364,3.364,3.11600018,55,46,45.5,46,985,738,0,844,765,0,0,0,0,0,29.69,4.76,3.17,0,0,15.87,1.56,0,6.88,29.69,36.59198,4620,421,4850,1472,48.5,1.44886672,0.575,4738,346,48.5,0.6639485,0.575,4601,173,48.5,0.3855649,0.575,4515,136,48.5,0.332593232,0.575,4482,179,48.5,0.420801938,0.575,4850,879,48.5,1.24716282,0.575,4381,98,48.5,0.287807971,0.575,4544,88,48.5,0.271667331,0.575,55.5000076,49.2500038,99.99816,26.77768,11.1030846,70.6893845,11.1432,3.737564,74.883255,39.25,0.25,0,55,0,85,0.416,1.01,16,16,16,32,48,30,295,160,130,0,0,0,16,38.75,0.25,0,55,0,85,0.416,1.01,16,16,16,32,48,30,295,160,130,0,0,0,16,512,-1,485.785156,477.9375,7.84765625,7.6015625,7611.34961,7618.951,0,0,0,0,0,0,0,0,0,0,4.14445257,7,505,600,1200,3000,52,1.03500009,1.30500007,0,9,17,37,2670,10451.9824,1001,999,30,30,4,2,0,0,16.771,17.405,0.975,12002.332,364.8711,3.30711961,0,0,0,0.03717095,0,0,0,0,0,0.0358126424,0,0,0,47.4375,46,16376,4072,12303,75.12903,49.203,4.229939E+07,7.419904E+07
05/29/2026 12:50:59,45,56,0,55,60,53,53,53,53,70,12.0960007,5.03,1.30800009,1.39200008,0.992000043,0.328,0.652,3.28000021,2.046,0,3.36800027,3.364,3.11600018,55,46,45.5,46,983,737,0,845,764,0,0,0,0,0,29.69,6.25,1.56,1.56,4.69,14.06,1.56,1.56,7.62,29.69,36.6743,3663,389,4850,1451,48.5,1.49251735,0.65,4735,343,48.5,0.6549744,0.65,3017,176,32.3333321,0.3829044,0.65,2987,125,32.3333321,0.3092062,0.65,3022,189,32.3333321,0.412669033,0.65,4850,669,48.5,1.05380547,0.65,2919,76,32.3333321,0.2636442,0.65,2922,80,32.3333321,0.2648843,0.65,55.5000076,49.7500038,99.99815,26.7758255,11.1049385,70.684494,11.1440964,3.73666763,74.8892746,39.25,0.25,0,55,0,85,0.416,1.01,16,16,16,32,48,30,295,160,130,0,0,0,16,38.75,0.25,0,55,0,85,0.416,1.01,16,16,16,32,48,30,295,160,130,0,0,0,16,512,-1,485.785156,477.9375,7.84765625,7.6015625,7611.34961,7618.951,0,0,0,0,0,0,0,0,0,0,4.32867956,7,505,600,1200,3000,52,0.969000041,1.30500007,0,3,17,37,2670,10451.9824,1001,1001,30,30,4,2,0,0,17.314,19.295,0.975,12002.34,365.6211,3.33808756,0,0,0,0.03436568,0,0,0,0,0,0.02664851,0,0,0,47.5,46,16376,4072,12303,75.12903,49.874,4.134912E+07,7.414989E+07
05/29/2026 12:51:01,45,56,0,55,60,53,53,53,53,70,12.0960007,5.03,1.30800009,1.39200008,0.990000069,0.322000027,0.650000036,3.28400016,2.046,0,3.36800027,3.364,3.11600018,55,46,45.5,46,996,738,0,844,784,0,0,0,0,0,20.63,4.76,3.17,1.59,3.17,14.06,0,0,5.92,20.63,36.65505,3628,363,4850,1383,48.5,1.454748,0.625,3189,335,32.3333321,0.6260772,0.625,2946,151,32.3333321,0.3287817,0.625,2982,123,32.3333321,0.298192054,0.625,3011,181,32.3333321,0.415539384,0.625,4850,592,48.5,0.9893208,0.625,2873,68,32.3333321,0.236975178,0.625,4324,74,48.5,0.2314231,0.64375,55.5000076,49.2500038,99.99815,26.774456,11.106308,70.68088,11.1423,3.73846436,74.8772,39.25,0.25,0,55,0,85,0.416,1.01,16,16,16,32,48,30,295,160,130,0,0,0,16,38.75,0.25,0,55,0,85,0.416,1.01,16,16,16,32,48,30,295,160,130,0,0,0,16,512,-1,485.785156,477.9375,7.84765625,7.6015625,7611.34961,7618.951,0,0,0,0,0,0,0,0,0,0,4.21100235,7,505,600,1200,3000,52,0.965000033,1.30500007,0,2,17,37,2670,10451.9824,1002,1000,30,30,4,2,0,0,17.266,19.679,0.975,12002.3477,366.976563,3.48843813,0,0,0,0.03284716,0,0,0,0,0,0.03621661,0,0,0,47.375,46,16376,4072,12303,75.12903,51.145,4.114944E+07,7.419904E+07
05/29/2026 12:51:03,45,56,0,55,60,53,53,53,53,70,12.0960007,5.03,1.30800009,1.39200008,0.990000069,0.334000021,0.652,3.28000021,2.046,0,3.36800027,3.364,3.11600018,55,46,45.5,46,996,710,0,857,764,0,0,0,0,0,28.12,4.69,4.69,3.12,1.56,12.5,0,0,6.84,28.12,36.4837532,3249,385,4850,1389,48.5,1.407297,0.58125,3111,288,32.3333321,0.6098598,0.58125,2984,149,32.3333321,0.3543282,0.58125,3009,150,32.3333321,0.3384865,0.58125,2969,173,32.3333321,0.389972031,0.58125,3233,772,32.3333321,1.157362,0.58125,2894,81,32.3333321,0.2684374,0.58125,2943,80,32.3333321,0.2625197,0.58125,55.3750076,49.2500038,99.99815,26.7784157,11.1023483,70.69133,11.14706,3.73370361,74.9091949,39.25,0.25,0,55,0,85,0.416,1.01,16,16,16,32,48,30,295,160,130,0,0,0,16,38.75,0.25,0,55,0,85,0.416,1.01,16,16,16,32,48,30,295,160,130,0,0,0,16,512,-1,485.785156,477.9375,7.84765625,7.6015625,7611.34961,7618.951,0,0,0,0,0,0,0,0,0,0,4.23811769,7,505,600,1200,3000,52,1.064,1.30500007,0,6,17,37,2670,10451.9824,1001,999,30,30,4,2,0,0,16.644,17.359,0.975,12002.3516,367.851563,3.39837956,0,0,0,0.0375094637,0,0,0,0,0,0.0417284034,0,0,0,47.40625,46,16376,4072,12303,75.12903,49.902,3.569971E+07,7.664947E+07
05/29/2026 12:51:05,45,56,0,55,60,53,53,53,53,70,12.0960007,5.02000046,1.30800009,1.39200008,0.990000069,0.326,0.652,3.28400016,2.046,0,3.364,3.364,3.11600018,55,46,45.5,46,995,711,0,864,764,0,0,0,0,0,25.4,4.76,0,0,6.35,12.7,0,1.56,6.35,25.4,36.423378,3600,369,4040,1139,40.4,1.20492089,0.56875,3849,281,40.4,0.56891,0.56875,3078,138,33.6666679,0.3155545,0.56875,3075,110,33.6666679,0.267734259,0.56875,3685,181,40.4,0.398512453,0.56875,5050,936,50.5,1.26802146,0.56875,3003,79,33.6666679,0.2394485,0.56875,3016,87,33.6666679,0.241285563,0.56875,55.3750076,51.8750038,99.99815,26.7722168,11.1085472,70.6749649,11.1393127,3.74145126,74.85713,39.25,0.25,0,55,0,85,0.416,1.01,16,16,16,32,48,30,295,160,130,0,0,0,16,38.75,0.25,0,55,0,85,0.416,1.01,16,16,16,32,48,30,295,160,130,0,0,0,16,512,-1,485.785156,477.9375,7.84765625,7.6015625,7611.34961,7618.951,0,0,0,0,0,0,0,0,0,0,4.16022635,7,505,600,1200,3000,52,0.965000033,1.30500007,0,2,20,37,2670,10451.9824,1001,1001,30,30,4,2,0,0,17.011,18.371,0.975,12002.3672,368.851563,3.34661865,0,0,0,0.0369472057,0,0,0,0,0,0.0383318365,0,0,0,47.3125,46,16376,4072,12303,75.12903,48.809,11049984,8.20992E+07
05/29/2026 12:51:08,45,56,0,55,60,53,53,53,53,70,12.0960007,5.03,1.30800009,1.39200008,0.988000035,0.326,0.652,3.28000021,2.046,0,3.364,3.364,3.11600018,55,46,45.5,46,997,710,0,845,764,0,0,0,0,0,24.62,4.62,3.08,0,3.08,12.31,3.08,0,6.35,24.62,36.6216469,3664,378,4850,1161,48.5,1.23868251,0.64375,4741,337,48.5,0.631857932,0.6125,2962,142,32.3333321,0.332760245,0.6125,3049,130,32.3333321,0.310887843,0.6125,2992,186,32.3333321,0.410272479,0.6125,4850,884,48.5,1.2189374,0.6125,2945,102,32.3333321,0.275083,0.6125,2927,81,32.3333321,0.252416581,0.6125,55.3750076,49.2500038,99.99815,26.7788467,11.1019173,70.69247,11.1459465,3.7348175,74.90171,39.25,0.25,0,55,0,85,0.416,1.01,16,16,16,32,48,30,295,160,130,0,0,0,16,38.75,0.25,0,55,0,85,0.416,1.01,16,16,16,32,48,30,295,160,130,0,0,0,16,512,-1,485.785156,477.9375,7.84765625,7.6015625,7611.34961,7618.951,0,0,0,0,0,0,0,0,0,0,4.30158854,7,505,600,1200,3000,52,0.974000037,1.30500007,0,3,17,37,2670,10451.9824,1000,999,30,30,4,2,0,0,18.521,20.189,0.975,12002.3789,369.851563,3.42166352,0,0,0,0.03117849,0,0,0,0,0,0.038529288,0,0,0,47.21875,46,16376,4072,12303,75.12903,50.62,39699456,1799168
05/29/2026 12:51:09,45,56,0,55,60,53,53,53,53,70,12.0960007,5.02000046,1.30800009,1.39200008,0.986000061,0.332000017,0.652,3.28400016,2.046,0,3.364,3.364,3.11600018,55,46,45.5,46,991,737,0,856,763,0,0,0,0,0,26.56,9.38,4.62,3.08,3.12,15.62,3.08,1.54,8.37,26.56,36.3211937,4220,378,4850,1308,48.5,1.349477,0.64375,4684,292,48.5,0.602609158,0.64375,4436,144,48.5,0.339574039,0.64375,4514,134,48.5,0.313147157,0.64375,4444,175,48.5,0.418108344,0.64375,4850,785,48.5,1.13714814,0.64375,2907,78,32.3333321,0.2588007,0.64375,3073,112,32.3333321,0.284405082,0.64375,55.2500076,49.2500038,99.99816,26.7785416,11.1022224,70.69166,11.145813,3.734951,74.90081,39.25,0.25,0,55,0,85,0.416,1.01,16,16,16,32,48,30,295,160,130,0,0,0,16,38.75,0.25,0,55,0,85,0.416,1.01,16,16,16,32,48,30,295,160,130,0,0,0,16,512,-1,485.785156,477.9375,7.84765625,7.6015625,7611.34961,7618.951,0,0,0,0,0,0,0,0,0,0,4.23169,7,505,600,1200,3000,52,0.965000033,1.30500007,0,2,17,37,2670,10451.9824,1000,1001,30,30,4,2,0,0,17.124,18.724,0.975,12002.3789,370.601563,3.36698532,0,0,0,0.0348978676,0,0,0,0,0,0.028000148,0,0,0,47.15625,44,16376,4072,12303,75.12903,50.733,3.94496E+07,7.414989E+07
05/29/2026 12:51:11,45,56,0,55,60,53,53,53,53,70,12.0960007,5.03,1.30800009,1.39200008,0.9760001,0.328,0.652,3.28400016,2.046,0,3.364,3.364,3.11600018,55,46,45.5,46,999,737,0,856,783,0,0,0,0,0,20,4.62,1.54,1.54,1.54,18.46,1.54,1.54,6.35,20,35.88399,3427,359,4850,1113,48.5,1.1930927,0.61875,3133,286,32.3333321,0.5784215,0.61875,2963,138,32.3333321,0.317707837,0.61875,2920,96,32.3333321,0.255686522,0.61875,2952,168,32.3333321,0.3767008,0.61875,4850,936,48.5,1.23859107,0.64375,2870,69,32.3333321,0.222032741,0.64375,2875,67,32.3333321,0.215452537,0.64375,55.1250076,49.2500038,99.99816,26.77539,11.1053734,70.68334,11.1424866,3.73827744,74.8784561,39.25,0.25,0,55,0,85,0.416,1.01,16,16,16,32,48,30,295,160,130,0,0,0,16,38.75,0.25,0,55,0,85,0.416,1.01,16,16,16,32,48,30,295,160,130,0,0,0,16,512,-1,485.785156,477.9375,7.84765625,7.6015625,7611.34961,7618.951,0,0,0,0,0,0,0,0,0,0,4.2547884,7,505,600,1200,3000,52,1.069,1.30500007,0,8,17,37,2670,10451.9824,1000,998,30,30,4,2,0,0,16.774,16.908,0.975,12002.3828,371.601563,3.27605462,0,0,0,0.0304714683,0,0,0,0,0,0.0251751412,0,0,0,47.15625,46,16376,4072,12303,75.12903,49.18,4.189901E+07,7.414989E+07
05/29/2026 12:51:13,45,56,0,55,60,53,53,53,53,70,12.0960007,5.03,1.30800009,1.39200008,0.992000043,0.324,0.652,3.28400016,2.046,0,3.364,3.364,3.11600018,56,46,45.5,46,996,737,0,845,764,0,0,0,0,0,35.38,21.54,9.38,7.81,6.25,27.69,3.12,7.81,14.87,35.38,37.98087,3342,560,4850,1470,48.5,1.55039024,0.64375,3233,530,32.3333321,0.9203287,0.64375,3027,250,32.3333321,0.478212982,0.64375,3027,179,32.3333321,0.402873576,0.64375,3103,323,32.3333321,0.6208702,0.64375,3233,1324,32.3333321,1.63889384,0.64375,3030,151,32.3333321,0.351143748,0.64375,3233,253,32.3333321,0.4264062,0.64375,56.1250076,49.7500038,99.99816,26.8374214,11.0433426,70.8471,11.1847115,3.69605255,75.16222,39.25,0.25,0,55,0,85,0.416,1.01,16,16,16,32,48,30,295,160,130,0,0,0,16,38.75,0.25,0,55,0,85,0.416,1.01,16,16,16,32,48,30,295,160,130,0,0,0,16,512,-1,485.785156,477.9375,7.84765625,7.6015625,7611.34961,7618.951,0,0,0,0,0,0,0,0,0,0,4.23031235,7,505,600,1200,3000,52,0.984,1.30500007,0,4,17,37,2670,10451.9824,0,0,0,0,4,2,0,0,17.018,18.468,0.975,12002.3906,377.453125,3.46906662,0,0,0,0.0266210344,0,0,0,0,0,0.0564513467,0,0,0,47.0625,44,16376,4072,12303,75.12903,49.204,110199808,7.424922E+07
05/29/2026 12:51:15,45,56,0,55,60,54,54,54,54,71,12.0960007,5.02000046,1.30800009,1.39200008,1.00400007,0.328,0.652,3.28000021,2.046,0,3.364,3.364,3.11600018,56,46,45.5,46,999,735,0,860,766,0,0,0,0,0,20.31,6.25,1.56,1.56,4.69,17.19,3.12,0,6.84,20.31,37.62865,4222,438,4850,1174,48.5,1.32116747,0.525,4778,392,48.5,0.7483988,0.525,4397,137,48.5,0.346297115,0.525,4451,112,48.5,0.299889117,0.525,4471,230,48.5,0.4527616,0.525,4850,1275,48.5,1.60595691,0.525,2992,103,32.3333321,0.293062478,0.525,2990,84,32.3333321,0.265094638,0.525,56.5000076,49.2500038,99.99816,26.8396263,11.0411377,70.85292,11.1882248,3.69253922,75.18582,39.25,0.25,0,55,0,85,0.416,1.01,16,16,16,32,48,30,295,160,130,0,0,0,16,38.75,0.25,0,55,0,85,0.416,1.01,16,16,16,32,48,30,295,160,130,0,0,0,16,512,-1,485.785156,477.9375,7.84765625,7.6015625,7611.34961,7618.951,0,0,0,0,0,0,0,0,0,0,4.4667716,7,505,600,1200,3000,52,0.974000037,1.30500007,0,4,17,37,2670,10451.9824,0,0,0,0,4,2,0,0,17.192,21.333,0.975,12002.4023,380.296875,3.45255041,0,0,0,0.032695964,0,0,0,0,0,0.0271802619,0,0,0,47.09375,44,16376,4072,12303,75.12903,50.739,4749312,101399552
05/29/2026 12:51:17,47,56,0,56,61,56,56,56,56,73,12.0960007,5.02000046,1.30800009,1.39200008,0.994,0.326,0.652,3.28000021,2.046,0,3.364,3.364,3.11600018,57,45.5,45.5,46,1027,734,0,879,772,0,0,0,0,0,21.88,9.38,0,4.76,6.25,29.69,1.59,1.59,9.39,29.69,36.62101,3238,404,4850,1129,48.5,1.24172688,0.6375,3133,350,32.3333321,0.648455143,0.6375,2970,147,32.3333321,0.338602573,0.6375,2957,123,32.3333321,0.303562552,0.6375,2979,222,32.3333321,0.4351007,0.6375,3233,1100,32.3333321,1.44992661,0.6375,2873,83,32.3333321,0.258964777,0.6375,2913,82,32.3333321,0.257538021,0.6375,57.0000076,48.7500038,99.99816,26.8421555,11.0386086,70.8596,11.1918259,3.68893814,75.21002,39.25,0.25,0,55,0,85,0.416,1.01,16,16,16,32,48,30,295,160,130,0,0,0,16,38.75,0.25,0,55,0,85,0.416,1.01,16,16,16,32,48,30,295,160,130,0,0,0,16,512,-1,485.785156,477.9375,7.84765625,7.6015625,7611.34961,7618.951,0,0,0,0,0,0,0,0,0,0,4.13380671,7,505,600,1200,3000,52,0.969000041,1.30500007,0,0,17,37,2670,10451.9824,0,0,0,0,4,2,0,0,16.602,16.809,0.975,12002.4023,380.8164,3.493919,0,0,0,0.03581507,0,0,0,0,0,0.0290821586,0,0,0,47.28125,46,16376,4072,12303,75.12903,49.696,9.634918E+07,7.424922E+07
05/29/2026 12:51:19,47,55,0,56,62,55,55,55,55,71,12.0960007,5.02000046,1.30800009,1.39200008,0.982000053,0.336000025,0.652,3.28000021,2.046,0,3.364,3.36000013,3.11200023,56,45.5,45.5,46,1038,723,0,868,800,0,0,0,0,0,26.15,13.85,3.12,1.56,4.62,18.46,0,0,8.47,26.15,36.55659,3699,434,4850,1077,48.5,1.236649,0.64375,4841,407,48.5,0.7413622,0.64375,3014,171,32.3333321,0.39213413,0.64375,3010,156,32.3333321,0.352810025,0.64375,3056,266,32.3333321,0.5141495,0.64375,4850,1200,48.5,1.43914211,0.64375,3023,107,32.3333321,0.297574878,0.64375,2951,85,32.3333321,0.264999539,0.64375,56.2500076,48.7500038,99.9981461,26.8565788,11.0241852,70.8976746,11.19334,3.68742371,75.2202,39.25,0.25,0,55,0,85,0.416,1.01,16,16,16,32,48,30,295,160,130,0,0,0,16,38.75,0.25,0,55,0,85,0.416,1.01,16,16,16,32,48,30,295,160,130,0,0,0,16,512,-1,485.785156,477.9375,7.84765625,7.6015625,7611.34961,7618.951,0,0,0,0,0,0,0,0,0,0,4.121273,7,505,600,1200,3000,51,1.064,1.30500007,0,14,17,37,2670,10451.9824,0,0,0,0,5,2,0,0,16.692,16.832,0.975,12014.2773,389.9336,3.39780235,0,0,0,0.09710137,0,0,0,0,0,0.6844951,0,0,0,47.46875,44,16376,4061,12314,75.20127,48.708,9.884979E+07,7.649997E+07
05/29/2026 12:51:21,47,54,0,56,62,54,54,54,54,71,12.0960007,5.03,1.30800009,1.39200008,0.978000045,0.33,0.654000044,3.28000021,2.046,0,3.364,3.364,3.11200023,55,45.5,45.5,46,1040,681,0,871,787,0,0,0,0,0,15.38,4.62,0,0,4.62,15.38,1.54,0,5.19,15.38,36.3220177,3819,388,4850,1014,48.5,1.19652843,0.6375,4624,302,48.5,0.6321901,0.6375,2943,142,32.3333321,0.333723545,0.6375,2955,128,32.3333321,0.296999425,0.6375,4473,200,48.5,0.4339132,0.6375,4850,1161,48.5,1.36267924,0.6375,2947,82,32.3333321,0.2468441,0.6375,2907,78,32.3333321,0.239281476,0.6375,55.8750076,48.7500038,99.9981461,26.8594246,11.0213394,70.90518,11.1929436,3.68782043,75.21753,39.25,0.25,0,55,0,85,0.416,1.01,16,16,16,32,48,30,295,160,130,0,0,0,16,38.75,0.25,0,55,0,85,0.416,1.01,16,16,16,32,48,30,295,160,130,0,0,0,16,512,-1,485.785156,477.9375,7.84765625,7.6015625,7611.34961,7618.951,0,0,0,0,0,0,0,0,0,0,4.35695267,7,505,600,1200,3000,52,1.05000007,1.30500007,0,11,17,37,2670,10451.9824,0,0,0,0,4,2,0,0,17.27,21.838,0.975,12014.2773,391.4414,3.42882466,0,0,0,0.0316024832,0,0,0,0,0,0.0146155283,0,0,0,47.5625,46,16376,4061,12314,75.20127,49.848,9.404928E+07,7.414989E+07
05/29/2026 12:51:23,45,54,0,56,61,53,53,53,53,70,12.0960007,5.03,1.30800009,1.39200008,0.982000053,0.338000029,0.654000044,3.28400016,2.046,0,3.364,3.364,3.11600018,55,45.5,45.5,46,1019,675,0,872,789,0,0,0,0,0,18.75,6.25,0,1.56,1.56,15.62,0,0,5.47,18.75,36.45402,4019,337,4850,786,48.5,0.9905898,0.64375,4749,340,48.5,0.5991599,0.64375,2996,146,32.3333321,0.291698426,0.64375,3008,116,32.3333321,0.260006219,0.64375,2955,177,32.3333321,0.365539372,0.64375,4850,986,48.5,1.17537487,0.64375,4380,80,48.5,0.222443044,0.64375,4363,67,48.5,0.206111863,0.64375,55.6250076,48.7500038,99.99815,26.8500862,11.0306778,70.88053,11.1856461,3.695118,75.1684952,39.25,0.25,0,55,0,85,0.416,1.01,16,16,16,32,48,30,295,160,130,0,0,0,16,38.75,0.25,0,55,0,85,0.416,1.01,16,16,16,32,48,30,295,160,130,0,0,0,16,512,-1,485.785156,477.9375,7.84765625,7.6015625,7611.34961,7618.951,0,0,0,0,0,0,0,0,0,0,4.37496,7,505,600,1200,3000,52,0.989,1.30500007,0,2,17,38,2670,10451.9824,0,0,0,0,6,3,0,0,17.906,19.311,0.975,12014.2773,391.9414,4.464392,0,0,0,0.0134106586,0,0,0,0,0,0.016154198,0,0,0,47.84375,46,16376,4061,12314,75.20127,51.23,3.784909E+07,100649984
05/29/2026 12:51:25,45,54,0,55,60,53,53,53,53,70,12.0960007,5.03,1.30800009,1.39200008,0.9760001,0.326,0.654000044,3.28000021,2.046,0,3.364,3.364,3.11200023,56,45.5,45.5,46,995,677,0,879,780,0,0,0,0,0,20.63,9.52,1.59,1.59,3.17,30.16,3.17,1.59,8.93,30.16,36.6630936,4068,456,4850,1030,48.5,1.18263221,0.575,4805,400,48.5,0.7065879,0.575,4527,170,48.5,0.323356926,0.575,3009,126,32.3333321,0.267928272,0.575,4626,238,48.5,0.454434663,0.575,4850,1520,48.5,1.7302351,0.575,2979,93,32.3333321,0.2244158,0.575,2902,72,32.3333321,0.195366308,0.63125,56.6250076,49.2500038,99.9981461,26.8605042,11.02026,70.9080353,11.1895447,3.69121933,75.19469,39.25,0.25,0,55,0,85,0.416,1.01,16,16,16,32,48,30,295,160,130,0,0,0,16,38.75,0.25,0,55,0,85,0.416,1.01,16,16,16,32,48,30,295,160,130,0,0,0,16,512,-1,485.785156,477.9375,7.84765625,7.6015625,7611.34961,7618.951,0,0,0,0,0,0,0,0,0,0,4.00700331,7,505,600,1200,3000,51,0.965000033,1.30500007,0,2,17,38,2670,10451.9824,0,0,0,0,7,4,0,0,17.482,23.894,0.975,12014.2773,392.3164,5.31946135,0,0,0,0.00608748337,0,0,0,0,0,0.0183230229,0,0,0,48.0625,46,16376,4061,12314,75.20127,51.94,3.539968E+07,100899840
05/29/2026 12:51:27,45,54,0,55,60,54,54,54,54,71,12.0960007,5.02000046,1.30800009,1.39200008,0.97,0.33,0.654000044,3.28000021,2.046,0,3.364,3.364,3.11200023,55,46,45.5,46,1010,674,0,872,796,0,0,0,0,0,14.29,4.76,0,0,4.76,17.46,0,0,5.16,17.46,35.7990265,3641,318,4040,832,40.4,1.00946975,0.525,3943,318,40.4,0.5606389,0.525,3080,112,33.6666679,0.248746842,0.525,3135,111,33.6666679,0.237539649,0.51875,3746,173,40.4,0.3379542,0.51875,5050,855,50.5,1.07087648,0.51875,3050,71,33.6666679,0.192338347,0.51875,3082,74,33.6666679,0.1963897,0.51875,55.7500076,58.0000038,99.99816,26.8484039,11.03236,70.87609,11.1928635,3.68790054,75.2169952,39.25,0.25,0,55,0,85,0.416,1.01,16,16,16,32,48,30,295,160,130,0,0,0,16,38.75,0.25,0,55,0,85,0.416,1.01,16,16,16,32,48,30,295,160,130,0,0,0,16,512,-1,485.785156,477.9375,7.84765625,7.6015625,7611.34961,7618.951,0,0,0,0,0,0,0,0,0,0,4.167295,7,505,600,1200,3000,51,0.969000041,1.30500007,0,3,17,38,2670,10451.9824,0,0,0,0,6,3,0,0,17.64,24.091,0.975,12014.2773,392.3164,5.13736629,0,0,0,0.00388611015,0,0,0,0,0,0,0,0,0,48.28125,48,16376,4061,12314,75.20127,51.776,1199104,112549888
05/29/2026 12:51:29,45,54,0,55,60,53,53,53,53,70,12.0960007,5.03,1.30800009,1.39200008,0.996000051,0.324,0.654000044,3.28000021,2.046,0,3.36800027,3.364,3.11600018,55,46,45.5,46,996,674,0,860,795,0,0,0,0,0,12.5,3.12,1.56,0,0,18.75,0,1.56,4.69,18.75,35.9736,3673,375,5050,1077,50.5,1.23246992,0.5625,3960,322,40.4,0.655322254,0.5625,3151,153,33.6666679,0.2942912,0.5625,3176,124,33.6666679,0.2563811,0.5625,3819,188,40.4,0.396277636,0.5625,4040,978,40.4,1.18728924,0.5625,3070,75,33.6666679,0.213174209,0.5625,3118,81,33.6666679,0.212281317,0.5625,55.0000076,48.7500038,99.9981461,26.8624153,11.0183487,70.91308,11.18668,3.69408417,75.17544,39.25,0.25,0,55,0,85,0.416,1.01,16,16,16,32,48,30,295,160,130,0,0,0,16,38.75,0.25,0,55,0,85,0.416,1.01,16,16,16,32,48,30,295,160,130,0,0,0,16,512,-1,485.785156,477.9375,7.84765625,7.6015625,7611.34961,7618.951,0,0,0,0,0,0,0,0,0,0,4.31078959,7,505,600,1200,3000,52,1.04000008,1.30500007,0,15,17,38,2670,10451.9824,0,0,0,0,6,3,0,0,18.114,19.608,0.975,12014.2773,392.3164,5.353747,0,0,0,0.00532638747,0,0,0,0,0,0,0,0,0,48.4375,46,16376,4061,12314,75.20127,53.798,6.579917E+07,7.419904E+07
05/29/2026 12:51:31,44,54,0,55,60,52,52,53,53,70,12.12,5.03,1.30800009,1.39200008,0.984,0.324,0.654000044,3.28000021,2.046,0,3.36800027,3.364,3.11600018,55,46,45.5,46,993,676,0,873,791,0,0,0,0,0,18.75,6.25,6.25,3.12,3.12,15.62,1.56,1.56,7.03,18.75,35.46167,3478,328,4850,929,48.5,1.0793947,0.64375,3215,315,32.3333321,0.5950415,0.64375,2982,123,32.3333321,0.2594946,0.64375,2995,92,32.3333321,0.223321885,0.64375,3003,184,32.3333321,0.367219418,0.64375,4850,836,48.5,1.05855918,0.64375,2934,65,32.3333321,0.188934162,0.64375,2996,83,32.3333321,0.201825738,0.64375,54.8750076,48.3750038,99.99815,26.8564034,11.0243607,70.89721,11.1896172,3.69114685,75.1951752,39.25,0.25,0,55,0,85,0.416,1.01,16,16,16,32,48,30,295,160,130,0,0,0,16,38.75,0.25,0,55,0,85,0.416,1.01,16,16,16,32,48,30,295,160,130,0,0,0,16,512,-1,485.785156,477.9375,7.84765625,7.6015625,7611.34961,7618.951,0,0,0,0,0,0,0,0,0,0,4.23449039,7,505,600,1200,3000,52,0.969000041,1.30500007,0,4,17,38,2670,10451.9824,0,0,0,0,6,3,0,0,17.713,24.197,0.975,12014.2773,392.3164,5.18120766,0,0,0,0.004253561,0,0,0,0,0,0,0,0,0,48.59375,48,16376,4061,12314,75.20127,53.434,149504,164049920
05/29/2026 12:51:33,44,54,0,54,59,51,51,51,51,69,12.0960007,5.02000046,1.30800009,1.39200008,0.990000069,0.328,0.654000044,3.28000021,2.046,0,3.364,3.364,3.11200023,54,45.5,45.5,46,991,676,0,870,766,0,0,0,0,0,20,6.15,3.12,1.56,1.54,15.38,0,0,5.97,20,36.3643761,3843,396,4850,1244,48.5,1.3536818,0.64375,4757,345,48.5,0.6789325,0.64375,3021,148,32.3333321,0.353117973,0.64375,2963,110,32.3333321,0.292168379,0.64375,4491,206,48.5,0.449540943,0.64375,4850,957,48.5,1.20201766,0.64375,2901,89,32.3333321,0.2533576,0.64375,2910,73,32.3333321,0.245384,0.64375,54.5000076,48.3750038,99.99815,26.8548622,11.0259018,70.8931351,11.1819916,3.69877243,75.1439362,39.25,0.25,0,55,0,85,0.416,1.01,16,16,16,32,48,30,295,160,130,0,0,0,16,38.5,0.25,0,55,0,85,0.416,1.01,16,16,16,32,48,30,295,160,130,0,0,0,16,512,-1,485.785156,477.9375,7.84765625,7.6015625,7611.34961,7618.951,0,0,0,0,0,0,0,0,0,0,4.407946,7,505,600,1200,3000,52,0.969000041,1.30500007,0,4,17,38,2670,10451.9824,0,0,0,0,4,2,0,0,16.679,17.552,0.975,12014.2773,392.5664,3.95080924,0,0,0,0.021218935,0,0,0,0,0,0.0171711054,0,0,0,48.65625,46,16376,4061,12314,75.20127,51.423,3.2E+07,7.419904E+07
05/29/2026 12:51:35,44,54,0,54,59,51,51,51,51,69,12.0960007,5.02000046,1.30800009,1.388,0.9760001,0.324,0.654000044,3.27600026,2.046,0,3.364,3.364,3.11200023,54,45.5,45.5,46,967,675,0,853,759,0,0,0,0,0,17.19,6.25,1.56,4.69,1.56,17.19,1.56,1.56,6.45,17.19,36.1296959,3645,352,4850,1110,48.5,1.21887851,0.64375,4675,311,48.5,0.5873043,0.64375,2983,135,32.3333321,0.2892267,0.64375,2963,123,32.3333321,0.273850083,0.64375,2988,185,32.3333321,0.381008536,0.64375,4850,785,48.5,1.08328664,0.64375,2961,91,32.3333321,0.23657693,0.64375,2889,74,32.3333321,0.21700573,0.64375,54.3750076,48.3750038,99.99816,26.8511047,11.0296593,70.88322,11.187912,3.692852,75.1837158,39.25,0.25,0,55,0,85,0.416,1.01,16,16,16,32,48,30,295,160,130,0,0,0,16,38.5,0.25,0,55,0,85,0.416,1.01,16,16,16,32,48,30,295,160,130,0,0,0,16,512,-1,485.785156,477.9375,7.84765625,7.6015625,7611.34961,7618.951,0,0,0,0,0,0,0,0,0,0,4.29176331,7,505,600,1200,3000,52,0.825000048,1.30500007,0,0,17,38,2670,10451.9824,0,0,0,0,4,2,0,0,17.294,19.833,0.975,12014.2773,393.5664,3.31098533,0,0,0,0.0303329546,0,0,0,0,0,0.0358184837,0,0,0,48.8125,48,16376,4061,12314,75.20127,49.819,37699584,7.419904E+07
05/29/2026 12:51:37,44,54,0,54,59,51,51,51,51,69,12.0960007,5.03,1.30800009,1.39200008,0.978000045,0.336000025,0.654000044,3.28000021,2.046,0,3.364,3.364,3.11600018,54,45.5,45.5,46,976,699,0,842,755,0,0,0,0,0,17.46,4.69,1.56,0,1.56,19.05,1.56,1.56,5.93,19.05,36.47384,3276,370,4850,1042,48.5,1.20800114,0.6375,3170,356,32.3333321,0.6925311,0.6375,2980,142,32.3333321,0.305985242,0.6375,2959,104,32.3333321,0.254086226,0.6375,3010,211,32.3333321,0.4151319,0.6375,3233,942,32.3333321,1.17290008,0.6375,2924,74,32.3333321,0.214819208,0.6375,3078,93,32.3333321,0.22979182,0.6375,54.2500076,47.8750038,99.99815,26.85466,11.026104,70.89261,11.1895714,3.69119263,75.19487,39.25,0.25,0,55,0,85,0.416,1.01,16,16,16,32,48,30,295,160,130,0,0,0,16,38.5,0.25,0,55,0,85,0.416,1.01,16,16,16,32,48,30,295,160,130,0,0,0,16,512,-1,485.785156,477.9375,7.84765625,7.6015625,7611.34961,7618.951,0,0,0,0,0,0,0,0,0,0,4.377708,7,505,600,1200,3000,52,1.0250001,1.30500007,0,12,17,39,2670,10451.9824,0,0,0,0,6,3,0,0,18.128,19.515,0.975,12014.2773,394.0664,5.07099342,0,0,0,0.006174904,0,0,0,0,0,0,0,0,0,49.03125,48,16376,4061,12314,75.20127,52.602,6.154957E+07,299008
05/29/2026 12:51:39,44,54,0,54,59,51,51,51,51,69,12.0960007,5.02000046,1.30800009,1.39200008,0.98,0.336000025,0.654000044,3.28000021,2.046,0,3.364,3.364,3.11200023,53,45.5,45.5,46,975,699,0,841,754,0,0,0,0,0,15.87,4.76,1.59,0,3.17,17.46,0,0,5.36,17.46,36.01369,3868,362,4850,979,48.5,1.15144825,0.6375,4850,366,48.5,0.6641936,0.6375,3001,142,32.3333321,0.305953532,0.6375,2973,110,32.3333321,0.2658878,0.6375,4566,197,48.5,0.404570848,0.6375,4850,948,48.5,1.159121,0.6375,2925,77,32.3333321,0.220876977,0.6375,2925,75,32.3333321,0.211262211,0.6375,53.8750076,48.3750038,99.99815,26.8589439,11.02182,70.9039154,11.1860428,3.69472122,75.17116,39.25,0.25,0,55,0,85,0.416,1.01,16,16,16,32,48,30,295,160,130,0,0,0,16,38.5,0.25,0,55,0,85,0.416,1.01,16,16,16,32,48,30,295,160,130,0,0,0,16,512,-1,485.785156,477.9375,7.84765625,7.6015625,7611.34961,7618.951,0,0,0,0,0,0,0,0,0,0,4.01072741,7,505,600,1200,3000,51,0.974000037,1.30500007,0,10,17,39,2670,10451.9824,0,0,0,0,6,3,0,0,17.454,23.704,0.975,12014.2773,394.0664,5.234879,0,0,0,0.004297514,0,0,0,0,0,0,0,0,0,49.34375,48,16376,4061,12314,75.20127,52.873,1249280,9.054925E+07
05/29/2026 12:51:41,43,54,0,53,57,49,49,49,49,67,12.0960007,5.03,1.30800009,1.39200008,0.992000043,0.328,0.654000044,3.28000021,2.046,0,3.364,3.364,3.11600018,53,45.5,45.5,46,954,699,0,841,753,0,0,0,0,0,17.19,4.69,3.17,3.17,3.12,20.31,0,1.56,6.65,20.31,35.6320839,4211,348,4850,950,48.5,1.12406385,0.64375,4689,326,48.5,0.663035154,0.625,4482,134,48.5,0.278386,0.625,2979,91,32.3333321,0.225872129,0.625,4444,182,48.5,0.380805552,0.625,4850,964,48.5,1.14127278,0.625,2884,60,32.3333321,0.186003476,0.625,4509,73,48.5,0.19189769,0.625,53.6250076,47.8750038,99.99815,26.8525734,11.0281906,70.88709,11.1877289,3.69303513,75.18249,39.25,0.25,0,55,0,85,0.416,1.01,16,16,16,32,48,30,295,160,130,0,0,0,16,38.5,0.25,0,55,0,85,0.416,1.01,16,16,16,32,48,30,295,160,130,0,0,0,16,512,-1,485.785156,477.9375,7.84765625,7.6015625,7611.34961,7618.951,0,0,0,0,0,0,0,0,0,0,4.2893157,7,505,600,1200,3000,51,0.974000037,1.30500007,0,2,17,39,2670,10451.9824,0,0,0,0,5,3,0,0,17.461,18.206,0.975,12014.2773,394.0664,5.102542,0,0,0,0.00634461548,0,0,0,0,0,0,0,0,0,49.40625,48,16376,4061,12314,75.20127,51.928,4.859904E+07,7.419904E+07
05/29/2026 12:51:43,43,54,0,53,57,49,49,49,49,67,12.0960007,5.03,1.30800009,1.39200008,0.996000051,0.326,0.654000044,3.28400016,2.046,0,3.36800027,3.364,3.11600018,53,46,45.5,46,950,700,0,824,739,0,0,0,0,0,18.75,6.15,3.12,0,3.08,18.46,0,0,6.2,18.75,36.2589149,4070,398,4850,1043,48.5,1.22507191,0.6625,3186,368,32.3333321,0.730758667,0.6625,4668,182,48.5,0.338282943,0.66875,4468,97,48.5,0.2471183,0.66875,4528,213,48.5,0.468044966,0.66875,4850,1095,48.5,1.26575482,0.66875,2925,82,32.3333321,0.224622324,0.66875,3084,104,32.3333321,0.2420732,0.66875,53.7500076,48.3750038,99.99815,26.798111,11.082653,70.7433243,11.151104,3.72966,74.93637,39.25,0.25,0,55,0,85,0.416,1.01,16,16,16,32,48,30,295,160,130,0,0,0,16,38.5,0.25,0,55,0,85,0.416,1.01,16,16,16,32,48,30,295,160,130,0,0,0,16,512,-1,485.785156,477.9375,7.84765625,7.6015625,7611.34961,7618.951,0,0,0,0,0,0,0,0,0,0,4.151048,7,505,600,1200,3000,51,0.935000062,1.30500007,0,2,17,39,2670,10451.9824,0,0,0,0,5,3,0,0,17.913,20.932,0.975,12014.2773,394.0664,4.47261667,0,0,0,0.00555908727,0,0,0,0,0,0,0,0,0,49.53125,46,16376,4061,12314,75.20127,52.058,44949504,7.419904E+07
05/29/2026 12:51:45,43,54,0,53,57,49,49,49,49,67,12.0960007,5.02000046,1.30800009,1.39200008,0.98,0.33,0.654000044,3.28000021,2.046,0,3.364,3.364,3.11600018,53,45.5,45.5,46,947,699,0,821,734,0,0,0,0,0,13.85,9.23,1.56,0,4.62,15.38,0,0,5.58,15.38,35.8066521,3482,327,4850,803,48.5,1.03597391,0.6375,3155,289,32.3333321,0.5655426,0.6375,3038,128,32.3333321,0.253205419,0.65,2987,99,32.3333321,0.216641456,0.65,3023,182,32.3333321,0.36322698,0.65,4850,977,48.5,1.13734889,0.65,2904,67,32.3333321,0.18695572,0.65,3048,72,32.3333321,0.183748886,0.65,53.5000076,48.3750038,99.99816,26.7991524,11.0816116,70.74607,11.1522064,3.72855759,74.94377,39.25,0.25,0,55,0,85,0.416,1.01,16,16,16,32,48,30,295,160,130,0,0,0,16,38.5,0.25,0,55,0,85,0.416,1.01,16,16,16,32,48,30,295,160,130,0,0,0,16,512,-1,485.785156,477.9375,7.84765625,7.6015625,7611.34961,7618.951,0,0,0,0,0,0,0,0,0,0,4.50321436,7,505,600,1200,3000,51,0.965000033,1.30500007,0,0,17,39,2670,10451.9824,0,0,0,0,5,3,0,0,17.607,18.164,0.975,12014.2773,394.0664,4.658924,0,0,0,0.00446820538,0,0,0,0,0,0,0,0,0,49.65625,46,16376,4061,12314,75.20127,52.39,3.929907E+07,249856
05/29/2026 12:51:47,43,54,0,53,57,49,49,49,49,67,12.0960007,5.03,1.30800009,1.39200008,0.97,0.332000017,0.656,3.28000021,2.046,0,3.364,3.364,3.11200023,53,45.5,45.5,46,951,674,0,821,733,0,0,0,0,0,17.46,9.52,1.59,1.59,4.76,15.87,0,3.17,6.75,17.46,35.8200073,3671,369,4850,1064,48.5,1.20173609,0.63125,4764,363,48.5,0.74473244,0.63125,2997,137,32.3333321,0.287159145,0.63125,2945,103,32.3333321,0.233135909,0.63125,3076,223,32.3333321,0.428444773,0.63125,4850,912,48.5,1.12044108,0.63125,2922,73,32.3333321,0.208832413,0.64375,2961,76,32.3333321,0.20800145,0.64375,53.3750076,47.8750038,99.99815,26.8056679,11.0750961,70.7632751,11.1522751,3.728489,74.94424,39.25,0.25,0,55,0,85,0.416,1.01,16,16,16,32,48,30,295,160,130,0,0,0,16,38.5,0.25,0,55,0,85,0.416,1.01,16,16,16,32,48,30,295,160,130,0,0,0,16,512,-1,485.785156,477.9375,7.84765625,7.6015625,7611.34961,7618.951,0,0,0,0,0,0,0,0,0,0,4.195351,7,505,600,1200,3000,50,0.965000033,1.30500007,0,3,17,39,2670,10451.9824,0,0,0,0,5,3,0,0,17.099,21.914,0.975,12014.2773,394.0664,4.44034958,0,0,0,0.004447378,0,0,0,0,0,0,0,0,0,49.90625,48,16376,4061,12314,75.20127,50.363,9949184,8.154931E+07
05/29/2026 12:51:49,43,54,0,53,57,49,49,49,49,67,12.0960007,5.03,1.30800009,1.39200008,0.972000062,0.336000025,0.654000044,3.28000021,2.046,0,3.364,3.364,3.11600018,53,45.5,45.5,46,951,674,0,821,733,0,0,0,0,0,17.19,9.38,1.56,3.12,6.25,12.5,3.12,1.56,6.84,17.19,35.52114,3687,315,4850,854,48.5,1.04189062,0.64375,4759,287,48.5,0.5293985,0.64375,3066,143,32.3333321,0.26800704,0.64375,3013,107,32.3333321,0.2260625,0.64375,2996,171,32.3333321,0.342171848,0.64375,4850,807,48.5,1.02994466,0.64375,2957,79,32.3333321,0.1935276,0.64375,3004,73,32.3333321,0.187167242,0.64375,53.1250076,47.8750038,99.99815,26.8028259,11.0779381,70.75577,11.1531868,3.72757721,74.95036,39,0.25,0,55,0,85,0.416,1.01,16,16,16,32,48,30,295,160,130,0,0,0,16,38.5,0.25,0,55,0,85,0.416,1.01,16,16,16,32,48,30,295,160,130,0,0,0,16,512,-1,485.785156,477.9375,7.84765625,7.6015625,7611.34961,7618.951,0,0,0,0,0,0,0,0,0,0,4.19673872,7,505,600,1200,3000,50,0.965000033,1.30500007,0,4,17,40,2670,10451.9824,0,0,0,0,5,3,0,0,17.556,19.245,0.975,12014.2773,394.0664,4.30523729,0,0,0,0.005989403,0,0,0,0,0,0,0,0,0,50.03125,48,16376,4061,12314,75.20127,50.828,39849984,7.419904E+07
05/29/2026 12:51:51,43,54,0,53,57,49,49,49,49,67,12.0960007,5.03,1.30800009,1.39200008,0.978000045,0.322000027,0.656,3.28000021,2.046,0,3.364,3.364,3.11600018,53,45.5,45.5,46,951,677,0,834,751,0,0,0,0,0,7.81,3.12,1.56,0,1.56,17.19,0,0,3.91,17.19,35.98858,3847,341,4850,967,48.5,1.13495266,0.63125,4710,299,48.5,0.5868294,0.63125,4492,135,48.5,0.264443129,0.6375,3005,113,32.3333321,0.239773944,0.6375,2977,171,32.3333321,0.348092377,0.6375,4850,896,48.5,1.07996547,0.6375,2952,78,32.3333321,0.209038049,0.6375,2938,72,32.3333321,0.195140362,0.6375,53.2500076,47.8750038,99.99816,26.8005943,11.08017,70.74988,11.1547089,3.72605515,74.9605942,39,0.25,0,55,0,85,0.416,1.01,16,16,16,32,48,30,295,160,130,0,0,0,16,38.5,0.25,0,55,0,85,0.416,1.01,16,16,16,32,48,30,295,160,130,0,0,0,16,512,-1,485.785156,477.9375,7.84765625,7.6015625,7611.34961,7618.951,0,0,0,0,0,0,0,0,0,0,4.32861567,7,505,600,1200,3000,51,0.969000041,1.30500007,0,0,17,40,2670,10451.9824,0,0,0,0,5,3,0,0,17.844,19.836,0.975,12014.2773,394.0664,4.291434,0,0,0,0.00457981,0,0,0,0,0,0,0,0,0,50.21875,48,16376,4061,12314,75.20127,52.278,4.654899E+07,7.419904E+07
05/29/2026 12:51:53,43,54,0,53,57,49,49,49,49,67,12.0960007,5.02000046,1.30800009,1.39200008,0.97,0.322000027,0.656,3.28000021,2.046,0,3.364,3.364,3.11600018,53,45.5,45.5,46,952,676,0,838,751,0,0,0,0,0,17.19,6.25,3.08,3.08,3.12,20.31,1.54,1.54,7.01,20.31,36.0184746,3433,314,4850,885,48.5,1.03677034,0.6375,3081,257,32.3333321,0.510810137,0.6375,3022,129,32.3333321,0.238140076,0.6375,2959,92,32.3333321,0.209460065,0.6375,2973,167,32.3333321,0.3306751,0.6375,4850,866,48.5,1.01565027,0.6375,2857,60,32.3333321,0.170355052,0.6375,2875,53,32.3333321,0.161805049,0.6375,53.2500076,47.8750038,99.99815,26.7976532,11.0831108,70.74211,11.1494484,3.73131561,74.92524,39,0.25,0,55,0,85,0.416,1.01,16,16,16,32,48,30,295,160,130,0,0,0,16,38.5,0.25,0,55,0,85,0.416,1.01,16,16,16,32,48,30,295,160,130,0,0,0,16,512,-1,485.785156,477.9375,7.84765625,7.6015625,7611.34961,7618.951,0,0,0,0,0,0,0,0,0,0,4.33956242,7,505,600,1200,3000,51,0.965000033,1.30500007,0,2,17,40,2670,10451.9824,0,0,0,0,5,3,0,0,17.267,17.53,0.975,12014.2148,378.710938,4.504176,0,0,0,0.00596993836,0,0,0,0,0,0.435205549,0,0,0,50.40625,48,16376,4061,12314,75.20127,51.727,41849856,7.419904E+07
05/29/2026 12:51:55,43,54,0,53,57,49,49,49,49,67,12.0960007,5.03,1.30800009,1.39200008,0.986000061,0.326,0.656,3.28000021,2.046,0,3.36800027,3.364,3.11600018,53,45.5,45.5,46,953,674,0,833,733,0,0,0,0,0,23.08,6.15,4.62,1.54,3.08,24.62,1.54,0,8.08,24.62,35.9121933,4212,371,4850,998,48.5,1.18236887,0.64375,4676,318,48.5,0.7006126,0.64375,3052,176,32.3333321,0.3272935,0.64375,3007,120,32.3333321,0.27076757,0.64375,4540,200,48.5,0.441226065,0.64375,4850,1022,48.5,1.18942225,0.64375,4380,75,48.5,0.218546271,0.64375,4342,62,48.5,0.202178776,0.64375,53.0000076,47.3750038,99.99815,26.805706,11.075058,70.76337,11.1506767,3.73008728,74.9334946,39,0.25,0,55,0,85,0.416,1.01,16,16,16,32,48,30,295,160,130,0,0,0,16,38.5,0.25,0,55,0,85,0.416,1.01,16,16,16,32,48,30,295,160,130,0,0,0,16,512,-1,485.785156,477.9375,7.84765625,7.6015625,7611.34961,7618.951,0,0,0,0,0,0,0,0,0,0,4.40063334,7,505,600,1200,3000,51,1.05000007,1.30500007,0,6,17,40,2670,10451.9824,0,0,0,0,5,3,0,0,17.185,16.92,0.975,12014.2148,378.710938,4.4208703,0,0,0,0.00480508851,0,0,0,0,0,0,0,0,0,50.5,50,16376,4061,12314,75.20127,50.732,4.064973E+07,7.414989E+07
05/29/2026 12:51:57,43,54,0,53,57,49,49,49,49,67,12.0960007,5.03,1.31000006,1.39200008,0.986000061,0.338000029,0.656,3.28400016,2.046,0,3.36800027,3.364,3.11600018,52,45.5,45.5,46,953,674,0,823,733,0,0,0,0,0,22.22,3.17,1.59,0,0,17.46,0,3.17,5.95,22.22,35.7452164,3449,345,4850,1059,48.5,1.14954436,0.64375,3152,297,32.3333321,0.601253569,0.64375,3052,167,32.3333321,0.2896878,0.64375,2919,92,32.3333321,0.206514135,0.64375,2980,184,32.3333321,0.3498444,0.64375,4850,836,48.5,1.06228232,0.64375,2876,64,32.3333321,0.182264253,0.64375,2910,62,32.3333321,0.179705068,0.64375,52.8750076,47.8750038,99.99815,26.801403,11.079361,70.7520142,11.1507149,3.73004913,74.933754,39,0.25,0,55,0,85,0.416,1.01,16,16,16,32,48,30,295,160,130,0,0,0,16,38.25,0.25,0,55,0,85,0.416,1.01,16,16,16,32,48,30,295,160,130,0,0,0,16,512,-1,485.785156,477.9375,7.84765625,7.6015625,7611.34961,7618.951,0,0,0,0,0,0,0,0,0,0,4.242655,7,505,600,1200,3000,51,0.969000041,1.30500007,0,4,17,40,2670,10451.9824,0,0,0,0,5,3,0,0,17.967,20.583,0.975,12014.2148,378.710938,4.623177,0,0,0,0.008837109,0,0,0,0,0,0,0,0,0,50.6875,48,16376,4061,12314,75.20127,52.285,40899584,7.419904E+07
05/29/2026 12:51:59,43,54,0,52,57,49,49,48,48,67,12.0960007,5.03,1.30800009,1.39200008,0.98,0.324,0.656,3.28000021,2.046,0,3.364,3.364,3.11600018,52,45.5,45.5,46,950,699,0,822,731,0,0,0,0,0,17.46,1.59,1.59,0,3.17,12.7,3.17,0,4.96,17.46,35.88672,4056,365,4850,1034,48.5,1.19242823,0.64375,4707,329,48.5,0.6215587,0.6375,4486,135,48.5,0.2873165,0.6375,3050,143,32.3333321,0.271685,0.6375,4473,184,48.5,0.365395874,0.6375,4850,937,48.5,1.13238525,0.6375,3029,88,32.3333321,0.221339419,0.6375,3000,73,32.3333321,0.198977485,0.6375,52.8750076,47.8750038,99.9981461,26.8061752,11.0745888,70.76461,11.1565742,3.72418976,74.97313,39,0.25,0,55,0,85,0.416,1.01,16,16,16,32,48,30,295,160,130,0,0,0,16,38.25,0.25,0,55,0,85,0.416,1.01,16,16,16,32,48,30,295,160,130,0,0,0,16,512,-1,485.785156,477.9375,7.84765625,7.6015625,7611.34961,7618.951,0,0,0,0,0,0,0,0,0,0,4.363502,7,505,600,1200,3000,51,0.979000032,1.30500007,0,0,17,40,2670,10451.9824,0,0,0,0,5,3,0,0,17.862,23.024,0.975,12014.2188,379.835938,4.58364439,0,0,0,0.00357168959,0,0,0,0,0,0.0335268043,0,0,0,50.78125,48,16376,4061,12314,75.20127,53.074,21499904,8.134963E+07
05/29/2026 12:52:01,42,54,0,52,56,47,47,47,47,66,12.0960007,5.03,1.30800009,1.39200008,0.984,0.33,0.656,3.28000021,2.046,0,3.364,3.364,3.11600018,52,45.5,45.5,46,947,698,0,822,748,0,0,0,0,0,20,6.15,3.08,4.62,10.77,24.62,3.08,4.62,9.62,24.62,36.0529022,3661,353,4850,1008,48.5,1.19355583,0.65,4655,282,48.5,0.5964573,0.65,3038,137,32.3333321,0.273549,0.65,3011,127,32.3333321,0.2451413,0.65,3070,215,32.3333321,0.381557882,0.65,4850,941,48.5,1.16698229,0.65,2912,59,32.3333321,0.178632975,0.65,2903,58,32.3333321,0.169849709,0.65,52.8750076,47.3750038,99.99815,26.8047256,11.0760384,70.76078,11.1538391,3.726925,74.95474,39,0.25,0,55,0,85,0.416,1.01,16,16,16,32,48,30,295,160,130,0,0,0,16,38.25,0.25,0,55,0,85,0.416,1.01,16,16,16,32,48,30,295,160,130,0,0,0,16,512,-1,485.785156,477.9375,7.84765625,7.6015625,7611.34961,7618.951,0,0,0,0,0,0,0,0,0,0,4.42254,7,505,600,1200,3000,51,0.965000033,1.30500007,0,2,17,40,2670,10451.9824,0,0,0,0,5,3,0,0,17.231,17.226,0.975,12014.2188,380.0664,4.7249136,0,0,0,0.00508433674,0,0,0,0,0,0,0,0,0,50.96875,50,16376,4061,12314,75.20127,51.464,4.454912E+07,249856
05/29/2026 12:52:03,42,54,0,51,56,47,47,47,47,66,12.0960007,5.03,1.30800009,1.39200008,0.98,0.328,0.656,3.28000021,2.046,0,3.364,3.364,3.11600018,52,45.5,45.5,46,933,698,0,825,720,0,0,0,0,0,19.05,6.35,1.59,1.59,1.59,20.63,1.59,0,6.55,20.63,35.898037,3675,396,4850,1158,48.5,1.30350065,0.65,4771,372,48.5,0.713305652,0.65,3073,186,32.3333321,0.3327053,0.65,2998,126,32.3333321,0.2731277,0.65,3022,209,32.3333321,0.427866876,0.65,4850,940,48.5,1.16275907,0.65,2922,100,32.3333321,0.235780582,0.65,2915,78,32.3333321,0.223224223,0.65,52.6250076,47.8750038,99.99815,26.7988358,11.0819283,70.74523,11.1432724,3.73749161,74.88374,39,0.25,0,55,0,85,0.416,1.01,16,16,16,32,48,30,295,160,130,0,0,0,16,38.25,0.25,0,55,0,85,0.416,1.01,16,16,16,32,48,30,295,160,130,0,0,0,16,512,-1,485.785156,477.9375,7.84765625,7.6015625,7611.34961,7618.951,0,0,0,0,0,0,0,0,0,0,4.274012,7,505,600,1200,3000,51,0.965000033,1.30500007,0,0,17,41,2670,10451.9824,0,0,0,0,5,3,0,0,17.614,18.286,0.975,12014.2188,380.269531,4.683444,0,0,0,0.00382618746,0,0,0,0,0,0.03348165,0,0,0,51.15625,48,16376,4061,12314,75.20127,51.13,4.884992E+07,7.419904E+07
05/29/2026 12:52:05,42,54,0,51,56,47,47,47,47,66,12.0960007,5.03,1.30800009,1.39200008,0.978000045,0.338000029,0.656,3.28400016,2.046,0,3.364,3.364,3.11600018,52,45.5,45.5,46,945,700,0,804,735,0,0,0,0,0,20,10.77,0,1.56,3.08,10.77,0,0,5.77,20,36.0037651,4034,338,4850,1003,48.5,1.178271,0.64375,4791,325,48.5,0.6227371,0.64375,3038,141,32.3333321,0.267233431,0.64375,2984,101,32.3333321,0.225589842,0.64375,4447,154,48.5,0.324409,0.64375,4850,851,48.5,1.10254288,0.64375,4368,65,48.5,0.184452236,0.64375,2942,64,32.3333321,0.187319443,0.64375,52.7500076,47.3750038,99.99815,26.8288155,11.0519485,70.82438,11.1793213,3.70144272,75.12599,39,0.25,0,55,0,85,0.416,1.01,16,16,16,32,48,30,295,160,130,0,0,0,16,38.25,0.25,0,55,0,85,0.416,1.01,16,16,16,32,48,30,295,160,130,0,0,0,16,512,-1,485.785156,477.9375,7.84765625,7.6015625,7611.34961,7618.951,0,0,0,0,0,0,0,0,0,0,4.12045574,7,505,600,1200,3000,51,1.03500009,1.30500007,0,9,17,41,2670,10451.9824,0,0,0,0,5,3,0,0,18.131,20.083,0.975,12014.2188,380.480469,4.68468237,0,0,0,0.0074697705,0,0,0,0,0,0,0,0,0,51.28125,50,16376,4061,12314,75.20127,53.013,4.924928E+07,149504
05/29/2026 12:52:07,42,54,0,51,56,47,47,47,47,66,12.0960007,5.02000046,1.30800009,1.39200008,1.062,0.332000017,0.656,3.28400016,2.046,0,3.364,3.364,3.11600018,52,45.5,45.5,46,933,674,0,801,716,0,0,0,0,0,15.62,4.69,3.08,0,1.54,20.31,1.54,10.77,7.19,20.31,37.1485977,4212,496,5050,1077,50.5,1.33392036,0.5125,3999,403,40.4,0.8141702,0.5125,3769,157,40.4,0.3327828,0.5125,3870,138,40.4,0.2994039,0.5125,3802,211,40.4,0.4591043,0.5125,5050,1243,50.5,1.44591486,0.5125,3105,119,33.6666679,0.256986827,0.5125,5050,620,50.5,0.735493541,0.5,54.0000076,48.1250038,99.99816,26.838665,11.042099,70.85038,11.1460533,3.73471069,74.90243,39,0.25,0,55,0,85,0.416,1.01,16,16,16,32,48,30,295,160,130,0,0,0,16,38.25,0.25,0,55,0,85,0.416,1.01,16,16,16,32,48,30,295,160,130,0,0,0,16,512,-1,485.785156,477.9375,7.84765625,7.6015625,7611.34961,7618.951,0,0,0,0,0,0,0,0,0,0,4.08011627,7,505,600,1200,3000,50,0.969000041,1.30500007,0,7,17,41,2670,10451.9824,0,0,0,0,5,3,0,0,18.886,17.488,0.975,12014.2188,380.480469,4.72310066,0,0,0,0.00384167512,0,0,0,0,0,0,0,0,0,51.375,50,16376,4061,12314,75.20127,53.078,1049600,8.409907E+07
05/29/2026 12:52:09,42,54,0,51,56,50,50,50,50,69,12.12,5.02000046,1.30800009,1.39200008,1.05800009,0.338000029,0.656,3.28000021,2.046,0,3.364,3.36800027,3.11600018,54,45.5,45.5,46,941,673,0,824,737,0,0,0,0,0,33.33,17.46,6.35,1.59,6.35,31.75,3.17,31.75,16.47,33.33,39.49166,4459,741,4975,1648,49.75,1.8211534,0.53125,4975,571,49.75,1.06852734,0.53125,4668,205,49.75,0.436940938,0.53125,3684,153,39.8,0.306791276,0.53125,3870,353,39.8,0.744704962,0.53125,4975,1493,49.75,1.92847621,0.53125,3648,101,39.8,0.247094586,0.53125,4875,1405,48.75,1.49350893,0.525,57.7500076,51.7500038,99.99815,26.8426857,11.0380783,70.86099,10.8971291,3.983635,73.22963,39,0.25,0,55,0,85,0.416,1.01,16,16,16,32,48,30,295,160,130,0,0,0,16,38.25,0.25,0,55,0,85,0.416,1.01,16,16,16,32,48,30,295,160,130,0,0,0,16,512,-1,485.785156,477.9375,7.84765625,7.6015625,7611.34961,7618.951,0,0,0,0,0,0,0,0,0,0,4.287542,7,505,600,1200,3000,51,0.969000041,1.30500007,0,2,17,41,2670,10451.9824,0,0,0,0,5,3,0,0,17.306,16.538,0.975,12014.2188,380.480469,4.536425,0,0,0,0.005541497,0,0,0,0,0,0,0,0,0,51.5625,50,16376,4061,12314,75.20127,51.19,1.70496E+07,7.914906E+07
05/29/2026 12:52:11,44,54,0,52,57,54,54,54,54,72,12.0960007,5.03,1.30800009,1.39200008,0.992000043,0.328,0.656,3.28000021,2.046,0,3.364,3.364,3.11600018,66,45.5,45.5,46,962,673,0,810,720,0,0,0,0,0,41.27,17.46,6.35,4.76,12.7,44.44,3.17,46.03,22.02,46.03,44.2123222,3587,1124,4850,1951,48.5,2.3226738,0.6625,4850,975,48.5,1.61587846,0.6625,3109,371,32.3333321,0.790616453,0.6625,3105,242,32.3333321,0.5051554,0.6625,3222,596,32.3333321,1.14984667,0.6625,3233,2379,32.3333321,2.8474822,0.6625,3094,248,32.3333321,0.453745455,0.64375,3233,2230,32.3333321,2.70290828,0.64375,66.00001,48.3750038,99.99816,26.8350868,11.0456772,70.8409348,10.1394958,4.741268,68.1382751,39,0.25,0,55,0,85,0.416,1.01,16,16,16,32,48,30,295,160,130,0,0,0,16,38.25,0.25,0,55,0,85,0.416,1.01,16,16,16,32,48,30,295,160,130,0,0,0,16,512,-1,485.785156,477.9375,7.84765625,7.6015625,7611.34961,7618.951,0,0,0,0,0,0,0,0,0,0,4.21564865,7,505,600,1200,3000,51,1.064,1.30500007,0,19,17,41,2670,10451.9824,0,0,0,0,5,3,0,0,18.009,19.505,0.975,12014.2188,380.480469,4.43445349,0,0,0,0.006292323,0,0,0,0,0,0,0,0,0,51.71875,50,16376,4061,12314,75.20127,51.8,4.134912E+07,7.419904E+07
05/29/2026 12:52:13,45,54,0,53,58,58,58,58,58,76,12.12,5.03,1.30800009,1.39200008,0.990000069,0.322000027,0.656,3.28400016,2.046,0,3.36800027,3.364,3.11600018,62,45.5,45.5,46,984,673,0,840,747,0,0,0,0,0,23.44,3.12,3.12,0,4.69,9.38,1.56,0,5.66,23.44,35.8806572,4364,359,4850,1377,48.5,1.39084578,0.64375,3135,324,32.3333321,0.67043364,0.64375,4469,152,48.5,0.2724701,0.65,4418,96,48.5,0.218669578,0.65,4515,189,48.5,0.3573704,0.65,4850,599,48.5,0.989075661,0.65,4370,76,48.5,0.196323335,0.65,4302,56,48.5,0.1734377,0.65,62.1250076,47.8750038,99.99816,26.8281784,11.0525856,70.82269,10.1497,4.731064,68.20685,39,0.25,0,55,0,85,0.416,1.01,16,16,16,32,48,30,295,160,130,0,0,0,16,38.25,0.25,0,55,0,85,0.416,1.01,16,16,16,32,48,30,295,160,130,0,0,0,16,512,-1,485.785156,477.9375,7.84765625,7.6015625,7611.34961,7618.951,0,0,0,0,0,0,0,0,0,0,4.153441,7,505,600,1200,3000,51,1.04500008,1.30500007,0,15,17,41,2670,10451.9824,0,0,0,0,5,3,0,0,17.953,19.759,0.975,12014.2188,380.714844,4.55622,0,0,0,0.00523654744,0,0,0,0,0,0.0206939485,0,0,0,51.96875,50,16376,4061,12314,75.20127,53.117,5.089997E+07,7.409971E+07
05/29/2026 12:52:15,46,54,0,54,59,61,61,61,61,77,12.0960007,5.03,1.30800009,1.39200008,0.986000061,0.334000021,0.656,3.28400016,2.046,0,3.36800027,3.364,3.11600018,59,45.5,45.5,46,1011,699,0,843,742,0,0,0,0,0,26.15,3.08,3.08,1.54,3.08,18.46,0,1.54,7.12,26.15,36.148,3460,378,4850,1334,48.5,1.35961211,0.64375,3147,336,32.3333321,0.6403149,0.64375,3020,151,32.3333321,0.304744244,0.64375,2936,99,32.3333321,0.237066388,0.64375,2966,185,32.3333321,0.395553082,0.64375,4850,752,48.5,1.09525383,0.64375,3011,98,32.3333321,0.232294038,0.64375,2904,67,32.3333321,0.196827814,0.64375,60.6250076,47.8750038,99.99816,26.837101,11.043663,70.84625,10.148201,4.732563,68.19678,39,0.25,0,55,0,85,0.416,1.01,16,16,16,32,48,30,295,160,130,0,0,0,16,38.25,0.25,0,55,0,85,0.416,1.01,16,16,16,32,48,30,295,160,130,0,0,0,16,512,-1,485.785156,477.9375,7.84765625,7.6015625,7611.34961,7618.951,0,0,0,0,0,0,0,0,0,0,4.155717,7,505,600,1200,3000,50,0.965000033,1.30500007,0,3,16,41,2670,10451.9824,0,0,0,0,5,3,0,0,17.313,16.664,0.975,12014.2227,380.832031,4.61770058,0,0,0,0.006848314,0,0,0,0,0,0.0101355044,0,0,0,52,50,16376,4061,12314,75.20127,51.972,5.76E+07,7.429939E+07
05/29/2026 12:52:17,47,54,0,55,60,58,58,58,58,73,12.0960007,5.03,1.30800009,1.39200008,0.986000061,0.322000027,0.656,3.28400016,2.046,0,3.36800027,3.364,3.11600018,57,45.5,45.5,46,1040,702,0,839,771,0,0,0,0,0,26.15,4.62,1.54,0,0,13.85,0,0,5.77,26.15,35.59037,3853,375,4850,1274,48.5,1.30483973,0.63125,4671,319,48.5,0.686346769,0.63125,4559,148,48.5,0.292173743,0.63125,2937,91,32.3333321,0.22505866,0.63125,3042,213,32.3333321,0.399931759,0.63125,4850,798,48.5,1.14059472,0.63125,2931,72,32.3333321,0.1988277,0.64375,2985,87,32.3333321,0.216236964,0.64375,57.1250076,47.3750038,99.99815,26.8267975,11.0539665,70.81905,10.151207,4.729557,68.21698,39,0.25,0,55,0,85,0.416,1.01,16,16,16,32,48,30,295,160,130,0,0,0,16,38.25,0.25,0,55,0,85,0.416,1.01,16,16,16,32,48,30,295,160,130,0,0,0,16,512,-1,485.785156,477.9375,7.84765625,7.6015625,7611.34961,7618.951,0,0,0,0,0,0,0,0,0,0,4.514178,7,505,600,1200,3000,51,0.969000041,1.30500007,0,3,17,42,2670,10451.9824,0,0,0,0,5,3,0,0,17.567,17.291,0.975,12014.2227,380.601563,4.43886375,0,0,0,0.0074888356,0,0,0,0,0,0,0,0,0,52.125,50,16376,4061,12314,75.20127,51.071,4.329984E+07,7.429939E+07
05/29/2026 12:52:19,47,54,0,55,60,55,55,54,54,71,12.0960007,5.03,1.30800009,1.39200008,0.986000061,0.322000027,0.656,3.28000021,2.046,0,3.36800027,3.364,3.11600018,55,45.5,45.5,46,1058,700,0,869,761,0,0,0,0,0,23.81,7.94,3.17,3.17,1.59,19.05,0,1.59,7.54,23.81,36.0448837,3856,418,4850,1370,48.5,1.43770015,0.64375,4767,393,48.5,0.7637364,0.64375,2973,143,32.3333321,0.317930043,0.64375,2928,96,32.3333321,0.250336438,0.64375,4478,186,48.5,0.429354846,0.64375,4850,979,48.5,1.27896893,0.64375,3089,108,32.3333321,0.2611113,0.64375,2917,71,32.3333321,0.207237557,0.64375,55.6250076,47.8750038,99.99815,26.8304253,11.0503387,70.82863,10.1542664,4.72649765,68.23753,39,0.25,0,55,0,85,0.416,1.01,16,16,16,32,48,30,295,160,130,0,0,0,16,38,0.25,0,55,0,85,0.416,1.01,16,16,16,32,48,30,295,160,130,0,0,0,16,512,-1,485.785156,477.9375,7.84765625,7.6015625,7611.34961,7618.951,0,0,0,0,0,0,0,0,0,0,4.318425,7,505,600,1200,3000,50,1.04500008,1.30500007,0,12,18,42,2670,10451.9824,0,0,0,0,5,3,0,0,18.727,19.95,0.975,12014.2227,380.601563,4.382215,0,0,0,0.00450847251,0,0,0,0,0,0,0,0,0,52.3125,50,16376,4061,12314,75.20127,52.564,4.299981E+07,7.429939E+07
05/29/2026 12:52:21,46,54,0,55,60,53,53,53,53,70,12.0960007,5.03,1.30800009,1.39200008,0.988000035,0.338000029,0.656,3.28000021,2.046,0,3.36800027,3.364,3.11600018,54,45.5,45.5,46,1033,699,0,859,768,0,0,0,0,0,26.56,6.25,0,0,1.56,14.06,1.56,0,6.25,26.56,36.0950775,4397,388,4850,1357,48.5,1.36689889,0.6375,4749,361,48.5,0.664510548,0.6375,4429,140,48.5,0.297526181,0.6375,4419,104,48.5,0.2484389,0.6375,4516,203,48.5,0.416071624,0.6375,4850,784,48.5,1.09973669,0.6375,2966,82,32.3333321,0.224572748,0.6375,4399,73,48.5,0.209483191,0.6375,54.6250076,46.8750038,99.99816,26.8190117,11.0617523,70.79849,10.1334763,4.74728775,68.0978241,39,0.25,0,55,0,85,0.416,1.01,16,16,16,32,48,30,295,160,130,0,0,0,16,38,0.25,0,55,0,85,0.416,1.01,16,16,16,32,48,30,295,160,130,0,0,0,16,512,-1,485.785156,477.9375,7.84765625,7.6015625,7611.34961,7618.951,0,0,0,0,0,0,0,0,0,0,4.27554274,7,505,600,1200,3000,50,0.974000037,1.30500007,0,2,17,42,2670,10451.9824,0,0,0,0,5,3,0,0,17.818,20.313,0.975,12014.2227,380.601563,4.486655,0,0,0,0.005580279,0,0,0,0,0,0,0,0,0,52.40625,50,16376,4061,12314,75.20127,53.413,3.979981E+07,7.429939E+07
05/29/2026 12:52:23,45,54,0,54,59,51,51,51,51,69,12.0960007,5.02000046,1.30800009,1.39200008,0.988000035,0.326,0.656,3.28000021,2.046,0,3.364,3.364,3.11600018,54,45.5,45.5,46,1011,699,0,851,785,0,0,0,0,0,25,6.25,1.56,0,3.12,12.5,0,0,6.05,25,36.0121651,3649,365,4850,1231,48.5,1.29149175,0.6375,3214,371,32.3333321,0.7273424,0.6375,2984,126,32.3333321,0.270280957,0.6375,2976,97,32.3333321,0.223196745,0.6375,3025,197,32.3333321,0.3757067,0.6375,4850,757,48.5,1.10173583,0.6375,2922,66,32.3333321,0.19280377,0.6375,4370,72,48.5,0.18422766,0.65,54.3750076,47.3750038,99.99815,26.8156586,11.0651054,70.78964,10.1355553,4.74520874,68.11179,39,0.25,0,55,0,85,0.416,1.01,16,16,16,32,48,30,295,160,130,0,0,0,16,38,0.25,0,55,0,85,0.416,1.01,16,16,16,32,48,30,295,160,130,0,0,0,16,512,-1,485.785156,477.9375,7.84765625,7.6015625,7611.34961,7618.951,0,0,0,0,0,0,0,0,0,0,4.24878645,7,505,600,1200,3000,50,0.825000048,1.30500007,0,0,17,42,2670,10451.9824,0,0,0,0,5,3,0,0,18.211,17.735,0.975,12014.2227,380.601563,4.563924,0,0,0,0.005600612,0,0,0,0,0,0,0,0,0,52.59375,50,16376,4061,12314,75.20127,51.715,5.064909E+07,7.419904E+07
05/29/2026 12:52:25,44,54,0,53,58,49,49,49,49,67,12.12,5.03,1.30800009,1.39200008,0.982000053,0.328,0.656,3.28400016,2.046,0,3.36800027,3.36800027,3.11600018,53,45.5,45.5,46,975,673,0,835,753,0,0,0,0,0,26.15,4.62,1.54,0,1.54,7.69,0,0,5.19,26.15,35.99484,3874,402,4850,1423,48.5,1.414554,0.64375,4739,340,48.5,0.72347784,0.64375,3001,145,32.3333321,0.30621466,0.64375,4483,114,48.5,0.262871265,0.64375,3023,203,32.3333321,0.406865627,0.64375,4850,810,48.5,1.179732,0.64375,2932,75,32.3333321,0.2223842,0.64375,3115,102,32.3333321,0.238297939,0.64375,53.3750076,47.3750038,99.99815,26.8262367,11.0545273,70.8175659,10.1471748,4.733589,68.18988,39,0.25,0,55,0,85,0.416,1.01,16,16,16,32,48,30,295,160,130,0,0,0,16,38,0.25,0,55,0,85,0.416,1.01,16,16,16,32,48,30,295,160,130,0,0,0,16,512,-1,485.785156,477.9375,7.84765625,7.6015625,7611.34961,7618.951,0,0,0,0,0,0,0,0,0,0,4.397853,7,505,600,1200,3000,50,1,1.30500007,0,9,20,42,2670,10451.9824,0,0,0,0,5,3,0,0,19.089,22.512,0.975,12014.2227,380.601563,4.432378,0,0,0,0.008131422,0,0,0,0,0,0,0,0,0,52.75,50,16376,4061,12314,75.20127,51.903,4.574925E+07,149504
05/29/2026 12:52:27,43,54,0,53,57,49,49,49,49,67,12.0960007,5.03,1.30800009,1.39200008,0.994,0.326,0.656,3.28000021,2.046,0,3.364,3.364,3.11600018,52,45.5,45.5,46,963,673,0,824,760,0,0,0,0,0,21.88,9.38,1.56,0,3.12,14.06,0,0,6.25,21.88,35.92557,4578,388,4850,1244,48.5,1.29775548,0.64375,4770,377,48.5,0.701986253,0.64375,4513,140,48.5,0.29471,0.64375,4412,102,48.5,0.246951848,0.64375,4444,175,48.5,0.376413047,0.64375,4850,915,48.5,1.24177921,0.64375,4436,82,48.5,0.23201105,0.64375,4345,70,48.5,0.210246935,0.64375,52.8750076,47.3750038,99.9981461,26.8138,11.0669632,70.7847443,10.14101,4.73975372,68.14845,39,0.25,0,55,0,85,0.416,1.01,16,16,16,32,48,30,295,160,130,0,0,0,16,38,0.25,0,55,0,85,0.416,1.01,16,16,16,32,48,30,295,160,130,0,0,0,16,512,-1,485.785156,477.9375,7.84765625,7.6015625,7611.34961,7618.951,0,0,0,0,0,0,0,0,0,0,4.38500547,7,505,600,1200,3000,50,0.960000038,1.30500007,0,5,17,42,2670,10451.9824,0,0,0,0,4,2,0,0,18.849,21.159,0.975,12014.2227,380.726563,3.644302,0,0,0,0.0214039963,0,0,0,0,0,0.0101894792,0,0,0,52.875,50,16376,4061,12314,75.20127,53.252,32299008,7.404954E+07
05/29/2026 12:52:29,42,54,0,52,56,47,47,47,47,66,12.0960007,5.03,1.30800009,1.39200008,0.98,0.326,0.658000052,3.28400016,2.046,0,3.364,3.364,3.11600018,52,45.5,45.5,46,945,673,0,817,749,0,0,0,0,0,25,7.81,4.76,0,3.17,12.5,0,1.59,6.85,25,35.94966,3661,387,4850,1314,48.5,1.35127139,0.64375,4700,310,48.5,0.618338645,0.64375,3021,159,32.3333321,0.328270882,0.64375,3018,119,32.3333321,0.2803712,0.64375,2986,188,32.3333321,0.38637343,0.64375,4850,839,48.5,1.20332241,0.64375,2928,80,32.3333321,0.2403883,0.64375,2934,85,32.3333321,0.235724151,0.64375,52.7500076,46.8750038,99.99815,26.8199081,11.0608559,70.8008652,10.141449,4.739315,68.1514,39,0.25,0,55,0,85,0.416,1.01,16,16,16,32,48,30,295,160,130,0,0,0,16,38,0.25,0,55,0,85,0.416,1.01,16,16,16,32,48,30,295,160,130,0,0,0,16,512,-1,485.785156,477.9375,7.84765625,7.6015625,7611.34961,7618.951,0,0,0,0,0,0,0,0,0,0,4.118393,7,505,600,1200,3000,50,0.969000041,1.30500007,0,4,17,42,2670,10451.9824,0,0,0,0,4,2,0,0,18.288,17.583,0.975,12014.2227,381.601563,3.373749,0,0,0,0.0303570852,0,0,0,0,0,0.03208203,0,0,0,53,50,16376,4061,12314,75.20127,51.682,1049600,7.419904E+07
05/29/2026 12:52:31,43,54,0,51,56,48,48,48,48,67,12.0960007,5.03,1.30800009,1.39200008,0.990000069,0.326,0.658000052,3.28000021,2.046,0,3.364,3.364,3.11600018,53,45.5,45.5,45.5,930,673,0,813,726,0,0,0,0,0,28.12,10.94,4.69,1.56,4.69,14.06,1.56,1.56,8.4,28.12,36.01497,3636,392,4850,1341,48.5,1.36041236,0.63125,4681,317,48.5,0.6683221,0.63125,2989,154,32.3333321,0.330034077,0.64375,2945,114,32.3333321,0.283552349,0.64375,2969,175,32.3333321,0.3903029,0.64375,4850,864,48.5,1.23233914,0.64375,2898,80,32.3333321,0.236031219,0.64375,2907,93,32.3333321,0.246119335,0.64375,53.0000076,46.8750038,99.99815,26.8196182,11.0611458,70.8000946,10.1357231,4.745041,68.11292,39,0.25,0,55,0,85,0.416,1.01,16,16,16,32,48,30,295,160,130,0,0,0,16,38,0.25,0,55,0,85,0.416,1.01,16,16,16,32,48,30,295,160,130,0,0,0,16,512,-1,485.785156,477.9375,7.84765625,7.6015625,7611.34961,7618.951,0,0,0,0,0,0,0,0,0,0,4.232386,7,505,600,1200,3000,50,0.974000037,1.30500007,0,0,17,42,2670,10451.9824,0,0,0,0,4,2,0,0,18.145,19.819,0.975,12014.2266,382.8203,3.40284944,0,0,0,0.0246665366,0,0,0,0,0,0.06581084,0,0,0,53.15625,50,16376,4061,12314,75.20127,50.284,3.84E+07,249856
05/29/2026 12:52:33,42,54,0,51,56,48,48,47,47,66,12.0960007,5.02000046,1.30800009,1.39200008,0.978000045,0.328,0.658000052,3.28000021,2.046,0,3.36800027,3.364,3.11600018,52,45.5,45.5,45.5,952,699,0,805,737,0,0,0,0,0,20.31,3.12,4.69,0,1.56,14.06,0,0,5.47,20.31,35.4207535,4209,350,4850,1220,48.5,1.25441074,0.64375,4698,321,48.5,0.6209968,0.64375,4464,134,48.5,0.261923045,0.64375,4506,117,48.5,0.248664781,0.64375,4494,182,48.5,0.368310153,0.64375,4850,692,48.5,1.06096566,0.64375,2893,69,32.3333321,0.188169256,0.64375,2915,61,32.3333321,0.180122763,0.64375,52.6250076,46.8750038,99.99816,26.8119125,11.0688515,70.7797546,10.13308,4.74768448,68.09515,38.75,0.25,0,55,0,85,0.416,1.01,16,16,16,32,48,30,295,160,130,0,0,0,16,38,0.25,0,55,0,85,0.416,1.01,16,16,16,32,48,30,295,160,130,0,0,0,16,512,-1,485.785156,477.9375,7.84765625,7.6015625,7611.34961,7618.951,0,0,0,0,0,0,0,0,0,0,4.39250755,7,505,600,1200,3000,50,1.04500008,1.30500007,0,6,17,43,2670,10451.9824,0,0,0,0,5,3,0,0,19.286,23.04,0.975,12014.2266,383.0703,4.38476753,0,0,0,0.00664127665,0,0,0,0,0,0,0,0,0,53.25,50,16376,4061,12314,75.20127,52.58,1349632,8.444928E+07
05/29/2026 12:52:35,42,54,0,51,56,47,47,47,47,66,12.12,5.03,1.30800009,1.39200008,0.994,0.336000025,0.658000052,3.28000021,2.046,0,3.364,3.364,3.11600018,52,45.5,45.5,46,937,698,0,803,734,0,0,0,0,0,16.92,4.62,1.54,0,0,9.23,0,1.54,4.23,16.92,35.6786,3677,377,4850,1343,48.5,1.34332633,0.6375,4762,333,48.5,0.6230411,0.6375,3049,154,32.3333321,0.304898947,0.6375,2973,113,32.3333321,0.247415,0.6375,3014,195,32.3333321,0.391560733,0.6375,4850,717,48.5,1.08535957,0.6375,2966,87,32.3333321,0.226892665,0.6375,2949,73,32.3333321,0.194690466,0.6375,52.3750076,47.3750038,99.99815,26.8175926,11.0631714,70.794754,10.1332283,4.74753571,68.09616,38.75,0.25,0,55,0,85,0.416,1.01,16,16,16,32,48,30,295,160,130,0,0,0,16,38,0.25,0,55,0,85,0.416,1.01,16,16,16,32,48,30,295,160,130,0,0,0,16,512,-1,485.785156,477.9375,7.84765625,7.6015625,7611.34961,7618.951,0,0,0,0,0,0,0,0,0,0,4.24952936,7,505,600,1200,3000,50,0.965000033,1.30500007,0,2,17,43,2670,10451.9824,0,0,0,0,5,3,0,0,19.197,19.809,0.975,12014.2266,383.0703,4.29070568,0,0,0,0.005482043,0,0,0,0,0,0,0,0,0,53.4375,50,16376,4061,12314,75.20127,53.661,4.454912E+07,7.414989E+07
05/29/2026 12:52:37,42,54,0,51,56,47,47,47,47,66,12.0960007,5.02000046,1.30800009,1.388,0.98,0.326,0.658000052,3.28000021,2.046,0,3.364,3.364,3.11600018,52,45.5,45.5,45.5,929,698,0,818,734,0,0,0,0,0,28.12,6.25,0,1.56,3.12,7.81,3.17,0,6.26,28.12,35.6216545,3996,342,4850,1209,48.5,1.24381173,0.65,4718,325,48.5,0.6102455,0.65,4561,138,48.5,0.260118067,0.65,4419,94,48.5,0.209794641,0.65,3377,182,36,0.332231671,0.63125,3600,665,36,1.005105,0.63125,3199,59,36,0.171593681,0.63125,3245,60,36,0.170002609,0.63125,52.2500076,47.3750038,99.99815,26.8110123,11.0697517,70.7773743,10.1323967,4.74836731,68.09057,38.75,0.25,0,55,0,85,0.416,1.01,16,16,16,32,48,30,295,160,130,0,0,0,16,38,0.25,0,55,0,85,0.416,1.01,16,16,16,32,48,30,295,160,130,0,0,0,16,512,-1,485.785156,477.9375,7.84765625,7.6015625,7611.34961,7618.951,0,0,0,0,0,0,0,0,0,0,4.35348845,7,505,600,1200,3000,50,0.969000041,1.30500007,0,2,16,43,2670,10451.9824,0,0,0,0,5,3,0,0,18.646,17.077,0.975,12014.2266,383.0703,4.601477,0,0,0,0.00710397353,0,0,0,0,0,0,0,0,0,53.59375,52,16376,4061,12314,75.20127,52.423,4.529971E+07,249856
05/29/2026 12:52:39,42,54,0,51,56,47,47,47,47,66,12.0960007,5.03,1.30800009,1.39200008,0.984,0.326,0.658000052,3.28000021,2.046,0,3.364,3.364,3.11600018,52,45.5,45.5,45.5,938,699,0,813,716,0,0,0,0,0,21.88,3.12,4.69,1.56,3.12,17.19,0,0,6.45,21.88,35.6382637,4252,377,4850,1250,48.5,1.29944766,0.64375,4754,327,48.5,0.671658158,0.64375,4584,167,48.5,0.318965346,0.64375,4535,118,48.5,0.256435722,0.64375,4513,210,48.5,0.40006417,0.64375,4850,802,48.5,1.150848,0.64375,2973,75,32.3333321,0.213698968,0.64375,2956,65,32.3333321,0.202092677,0.64375,52.1250076,46.8750038,99.99815,26.8148956,11.0658684,70.78763,10.132618,4.748146,68.09206,38.75,0.25,0,55,0,85,0.416,1.01,16,16,16,32,48,30,295,160,130,0,0,0,16,38,0.25,0,55,0,85,0.416,1.01,16,16,16,32,48,30,295,160,130,0,0,0,16,512,-1,485.785156,477.9375,7.84765625,7.6015625,7611.34961,7618.951,0,0,0,0,0,0,0,0,0,0,4.11110258,7,505,600,1200,3000,49,0.974000037,1.30500007,0,2,17,43,2670,10451.9824,0,0,0,0,5,3,0,0,19.024,18.806,0.975,12014.2266,383.0703,4.44336843,0,0,0,0.007047707,0,0,0,0,0,0,0,0,0,53.6875,52,16376,4061,12314,75.20127,51.891,5.109965E+07,149504
05/29/2026 12:52:41,42,54,0,51,56,47,47,47,47,66,12.0960007,5.03,1.30800009,1.39200008,0.990000069,0.324,0.658000052,3.28000021,2.046,0,3.364,3.364,3.11600018,52,45.5,45.5,45.5,944,673,0,802,716,0,0,0,0,0,23.44,12.5,3.12,1.56,3.12,12.5,0,0,7.03,23.44,35.8856239,3247,371,4850,1285,48.5,1.32474911,0.6375,3163,349,32.3333321,0.711167634,0.6375,2964,115,32.3333321,0.260095984,0.6375,2969,103,32.3333321,0.23200044,0.6375,3047,205,32.3333321,0.3905297,0.6375,3233,791,32.3333321,1.12258768,0.6375,2885,66,32.3333321,0.195681423,0.6375,2862,54,32.3333321,0.177197918,0.6375,52.0000076,46.8750038,99.99815,26.8130188,11.0677452,70.78268,10.1337852,4.74697876,68.0999,38.75,0.25,0,55,0,85,0.416,1.01,16,16,16,32,48,30,295,160,130,0,0,0,16,37.75,0.25,0,55,0,85,0.416,1.01,16,16,16,32,48,30,295,160,130,0,0,0,16,512,-1,485.785156,477.9375,7.84765625,7.6015625,7611.34961,7618.951,0,0,0,0,0,0,0,0,0,0,4.330097,7,505,600,1200,3000,50,0.969000041,1.30500007,0,9,17,43,2670,10451.9824,0,0,0,0,5,3,0,0,19.502,20.853,0.975,12014.2266,383.0703,4.323241,0,0,0,0.006767754,0,0,0,0,0,0,0,0,0,53.84375,52,16376,4061,12314,75.20127,53.554,4.574925E+07,7.419904E+07
05/29/2026 12:52:43,42,54,0,51,56,47,47,47,47,66,12.12,5.03,1.31000006,1.39200008,0.984,0.324,0.658000052,3.28400016,2.046,0,3.36800027,3.36800027,3.11600018,52,45.5,45.5,45.5,942,673,0,803,734,0,0,0,0,0,31.25,6.25,3.12,1.56,7.69,17.19,1.56,0,8.58,31.25,35.9909821,4624,387,4850,1348,48.5,1.35969055,0.65,4730,327,48.5,0.6170233,0.65,4643,182,48.5,0.334948033,0.65,4571,136,48.5,0.277316272,0.65,4555,213,48.5,0.3776867,0.65,4850,737,48.5,1.08158886,0.65,4383,79,48.5,0.219284073,0.65,4409,73,48.5,0.20494543,0.65,52.1250076,46.8750038,99.9981461,26.8234558,11.0573082,70.81023,10.1317787,4.74898529,68.08641,38.75,0.25,0,55,0,85,0.416,1.01,16,16,16,32,48,30,295,160,130,0,0,0,16,37.75,0.25,0,55,0,85,0.416,1.01,16,16,16,32,48,30,295,160,130,0,0,0,16,512,-1,485.785156,477.9375,7.84765625,7.6015625,7611.34961,7618.951,0,0,0,0,0,0,0,0,0,0,4.298711,7,505,600,1200,3000,50,0.979000032,1.30500007,0,4,17,43,2670,10451.9824,0,0,0,0,5,3,0,0,19.056,18.676,0.975,12014.2383,383.339844,4.30025434,0,0,0,0.008651489,0,0,0,0,0,0.0366653539,0,0,0,54.0625,52,16376,4061,12314,75.20127,53.301,49199104,149504
05/29/2026 12:52:45,42,54,0,51,56,47,47,47,47,66,12.12,5.03,1.30800009,1.39200008,0.986000061,0.324,0.658000052,3.28400016,2.046,0,3.36800027,3.36800027,3.11600018,52,45.5,45.5,45.5,938,673,0,801,716,0,0,0,0,0,20.63,6.35,3.17,4.76,0,11.11,1.59,1.59,6.15,20.63,35.88447,3501,360,4850,1211,48.5,1.25558436,0.64375,3209,353,32.3333321,0.6811296,0.6375,3069,155,32.3333321,0.2715163,0.6375,2978,98,32.3333321,0.220153272,0.6375,3018,192,32.3333321,0.349851727,0.6375,4850,701,48.5,1.06474245,0.6375,2945,78,32.3333321,0.1978737,0.6375,3090,91,32.3333321,0.203143641,0.6375,52.1250076,46.3750038,99.99815,26.8194237,11.06134,70.79958,10.1397972,4.740967,68.1403046,38.75,0.25,0,55,0,85,0.416,1.01,16,16,16,32,48,30,295,160,130,0,0,0,16,37.75,0.25,0,55,0,85,0.416,1.01,16,16,16,32,48,30,295,160,130,0,0,0,16,512,-1,485.785156,477.9375,7.84765625,7.6015625,7611.34961,7618.951,0,0,0,0,0,0,0,0,0,0,4.229782,7,505,600,1200,3000,50,0.965000033,1.30500007,0,1,16,44,2670,10451.9824,0,0,0,0,5,3,0,0,18.724,16.935,0.975,12014.2422,384.457031,4.56361866,0,0,0,0.00748342741,0,0,0,0,0,0,0,0,0,54.125,52,16376,4061,12314,75.20127,51.635,4.529971E+07,249856
05/29/2026 12:52:47,42,54,0,51,56,47,47,47,47,66,12.0960007,5.03,1.30800009,1.39200008,0.984,0.338000029,0.658000052,3.28000021,2.046,0,3.364,3.364,3.11200023,52,45.5,45.5,45.5,938,676,0,821,734,0,0,0,0,0,23.08,6.15,1.56,3.12,3.12,13.85,0,0,6.36,23.08,35.5305367,3497,378,4850,1306,48.5,1.334314,0.65,3175,330,32.3333321,0.606246,0.65,3041,137,32.3333321,0.284413964,0.65,3065,110,32.3333321,0.246523589,0.65,3050,191,32.3333321,0.36081937,0.65,4850,812,48.5,1.13826525,0.63125,2976,74,32.3333321,0.207460091,0.63125,2970,66,32.3333321,0.195457742,0.63125,52.1250076,46.8750038,99.99815,26.8219185,11.0588455,70.80617,10.1437111,4.737053,68.1666,38.75,0.25,0,55,0,85,0.416,1.01,16,16,16,32,48,30,295,160,130,0,0,0,16,37.75,0.25,0,55,0,85,0.416,1.01,16,16,16,32,48,30,295,160,130,0,0,0,16,512,-1,485.785156,477.9375,7.84765625,7.6015625,7611.34961,7618.951,0,0,0,0,0,0,0,0,0,0,4.24572372,7,505,600,1200,3000,50,1.05000007,1.30500007,0,12,17,44,2670,10451.9824,0,0,0,0,5,3,0,0,19.438,19.945,0.975,12014.2422,384.457031,4.402593,0,0,0,0.00501981052,0,0,0,0,0,0,0,0,0,54.3125,52,16376,4061,12314,75.20127,52.262,5.084979E+07,7.409971E+07
05/29/2026 12:52:49,42,54,0,51,56,47,47,47,47,66,12.0960007,5.03,1.30800009,1.39200008,0.986000061,0.332000017,0.658000052,3.28000021,2.046,0,3.36800027,3.364,3.11600018,52,45.5,45.5,45.5,930,674,0,816,715,0,0,0,0,0,21.54,4.62,1.56,1.56,1.56,9.23,0,0,5.01,21.54,35.7662277,3823,365,4850,1256,48.5,1.2788074,0.6375,3076,297,32.3333321,0.617199659,0.6375,3038,152,32.3333321,0.289011657,0.6375,2901,94,32.3333321,0.21621187,0.6375,4384,176,48.5,0.346957773,0.65,4850,779,48.5,1.10605514,0.65,4381,71,48.5,0.185663179,0.65,3105,98,32.3333321,0.207079381,0.65,52.0000076,46.8750038,99.99816,26.8146362,11.0661278,70.78695,10.1360779,4.744686,68.1153,38.75,0.25,0,55,0,85,0.416,1.01,16,16,16,32,48,30,295,160,130,0,0,0,16,37.75,0.25,0,55,0,85,0.416,1.01,16,16,16,32,48,30,295,160,130,0,0,0,16,512,-1,485.785156,477.9375,7.84765625,7.6015625,7611.34961,7618.951,0,0,0,0,0,0,0,0,0,0,4.4135,7,505,600,1200,3000,50,0.965000033,1.30500007,0,9,17,44,2670,10451.9824,0,0,0,0,5,3,0,0,19.348,20.212,0.975,12014.2422,384.457031,4.4454937,0,0,0,0.0042847353,0,0,0,0,0,0,0,0,0,54.375,52,16376,4061,12314,75.20127,53.534,3.999949E+07,149504
05/29/2026 12:52:51,42,54,0,51,56,47,47,47,47,66,12.0960007,5.03,1.30800009,1.39200008,0.978000045,0.332000017,0.658000052,3.28400016,2.046,0,3.36800027,3.36800027,3.11600018,52,45.5,45.5,45.5,928,699,0,814,715,0,0,0,0,0,18.75,6.25,0,0,1.56,15.62,0,0,5.27,18.75,35.84896,3751,396,5050,1278,50.5,1.31773555,0.58125,4027,346,40.4,0.630593061,0.58125,3888,217,40.4,0.353189528,0.58125,3078,106,33.6666679,0.250334948,0.58125,3823,210,40.4,0.399006158,0.58125,4040,872,40.4,1.20085049,0.58125,3049,73,33.6666679,0.211693868,0.58125,3056,67,33.6666679,0.200732082,0.58125,52.2500076,46.8750038,99.99815,26.822361,11.058403,70.80734,10.1450462,4.735718,68.1755753,38.75,0.25,0,55,0,85,0.416,1.01,16,16,16,32,48,30,295,160,130,0,0,0,16,37.75,0.25,0,55,0,85,0.416,1.01,16,16,16,32,48,30,295,160,130,0,0,0,16,512,-1,485.785156,477.9375,7.84765625,7.6015625,7611.34961,7618.951,0,0,0,0,0,0,0,0,0,0,4.2604146,7,505,600,1200,3000,49,0.969000041,1.30500007,0,2,17,44,2670,10451.9824,0,0,0,0,5,3,0,0,18.841,22.804,0.975,12014.2422,384.457031,4.44763136,0,0,0,0.00386406737,0,0,0,0,0,0,0,0,0,54.5625,54,16376,4061,12314,75.20127,52.427,1449984,8.384922E+07
05/29/2026 12:52:53,42,54,0,51,56,47,47,47,47,66,12.0960007,5.02000046,1.30800009,1.39200008,0.98,0.324,0.658000052,3.28400016,2.046,0,3.36800027,3.364,3.11600018,52,45.5,45.5,45.5,935,698,0,802,734,0,0,0,0,0,23.08,6.15,1.56,1.56,3.12,6.15,0,0,5.2,23.08,36.30268,3471,362,4850,1321,48.5,1.32799089,0.6375,3183,344,32.3333321,0.683706164,0.6375,3061,145,32.3333321,0.280763984,0.6375,2941,93,32.3333321,0.217680559,0.6375,3055,199,32.3333321,0.372742534,0.6375,4850,663,48.5,1.01506281,0.6375,2944,72,32.3333321,0.196417823,0.6375,2881,60,32.3333321,0.178813845,0.6375,52.2500076,46.8750038,99.99815,26.8492546,11.0315094,70.878334,10.16172,4.71904373,68.28763,38.75,0.25,0,55,0,85,0.416,1.01,16,16,16,32,48,30,295,160,130,0,0,0,16,37.75,0.25,0,55,0,85,0.416,1.01,16,16,16,32,48,30,295,160,130,0,0,0,16,512,-1,485.785156,477.9375,7.84765625,7.6015625,7611.34961,7618.951,0,0,0,0,0,0,0,0,0,0,4.17742634,7,505,600,1200,3000,49,0.960000038,1.30500007,0,0,16,44,2670,10451.9824,0,0,0,0,5,3,0,0,18.929,17.35,0.975,12014.2422,384.457031,4.53063965,0,0,0,0.00459145941,0,0,0,0,0,0,0,0,0,54.8125,52,16376,4061,12314,75.20127,51.78,4.384973E+07,249856
05/29/2026 12:52:55,42,54,0,51,56,47,47,47,47,66,12.0960007,5.03,1.30800009,1.39200008,0.992000043,0.322000027,0.658000052,3.28400016,2.046,0,3.36800027,3.364,3.11600018,52,45.5,45.5,45.5,939,698,0,816,717,0,0,0,0,0,26.56,10.94,3.12,0,6.25,9.38,0,0,7.03,26.56,35.58605,4624,374,4850,1226,48.5,1.25489211,0.64375,4767,347,48.5,0.6437688,0.64375,4556,155,48.5,0.313269,0.64375,4517,107,48.5,0.26336205,0.64375,4565,199,48.5,0.3618023,0.64375,4850,818,48.5,1.14326537,0.64375,4404,73,48.5,0.2157139,0.64375,4482,71,48.5,0.204679444,0.64375,52.1250076,46.8750038,99.99815,26.8227272,11.0580368,70.8083038,10.147522,4.733242,68.19221,38.75,0.25,0,55,0,85,0.416,1.01,16,16,16,32,48,30,295,160,130,0,0,0,16,37.75,0.25,0,55,0,85,0.416,1.01,16,16,16,32,48,30,295,160,130,0,0,0,16,512,-1,485.785156,477.9375,7.84765625,7.6015625,7611.34961,7618.951,0,0,0,0,0,0,0,0,0,0,4.247162,7,505,600,1200,3000,50,1.04500008,1.30500007,0,7,17,44,2670,10451.9824,0,0,0,0,5,3,0,0,19.415,20.745,0.975,12014.2422,384.847656,4.466167,0,0,0,0.00585303642,0,0,0,0,0,0.0454635881,0,0,0,54.96875,54,16376,4061,12314,75.20127,52.974,5.024973E+07,7.419904E+07
05/29/2026 12:52:57,42,54,0,51,56,47,47,47,47,66,12.0960007,5.03,1.30800009,1.39200008,0.984,0.33,0.658000052,3.28000021,2.046,0,3.36800027,3.364,3.11600018,52,45.5,45.5,45.5,931,701,0,822,734,0,0,0,0,0,24.62,3.08,4.62,0,3.08,15.38,1.54,0,6.54,24.62,35.58566,3875,354,4850,1233,48.5,1.267837,0.63125,4811,329,48.5,0.64408946,0.63125,3000,137,32.3333321,0.2764207,0.63125,3038,115,32.3333321,0.23992762,0.63125,4599,192,48.5,0.355585963,0.63125,4850,684,48.5,1.052748,0.63125,2949,79,32.3333321,0.20282273,0.63125,2903,63,32.3333321,0.183887914,0.63125,52.1250076,46.8750038,99.99815,26.8129921,11.0677719,70.78261,10.1402855,4.74047852,68.1435852,38.75,0.25,0,55,0,85,0.416,1.01,16,16,16,32,48,30,295,160,130,0,0,0,16,37.75,0.25,0,55,0,85,0.416,1.01,16,16,16,32,48,30,295,160,130,0,0,0,16,512,-1,485.785156,477.9375,7.84765625,7.6015625,7611.34961,7618.951,0,0,0,0,0,0,0,0,0,0,4.262832,7,505,600,1200,3000,49,0.965000033,1.30500007,0,9,17,44,2670,10451.9824,0,0,0,0,5,3,0,0,19.167,18.783,0.975,12014.2422,384.847656,4.438582,0,0,0,0.00570052071,0,0,0,0,0,0,0,0,0,54.96875,54,16376,4061,12314,75.20127,53.51,4.634931E+07,249856
05/29/2026 12:52:59,42,54,0,51,56,47,47,47,47,66,12.0960007,5.03,1.30800009,1.39200008,0.988000035,0.324,0.658000052,3.28400016,2.046,0,3.36800027,3.36800027,3.11200023,52,45.5,45.5,45.5,932,673,0,808,716,0,0,0,0,0,23.44,4.69,1.56,0,6.25,17.19,0,0,6.64,23.44,35.72415,3808,383,4040,1115,40.4,1.28345025,0.5375,3966,331,40.4,0.6322807,0.5375,3840,184,40.4,0.329053074,0.5375,3659,109,40.4,0.2619131,0.5375,3878,221,40.4,0.413725078,0.5375,5025,958,50.25,1.16090667,0.51875,3005,72,33.5,0.216649532,0.51875,3054,72,33.5,0.211938769,0.51875,51.8750076,51.0000038,99.99815,26.8211021,11.0596619,70.8040161,10.1410866,4.73967743,68.1489639,38.75,0.25,0,55,0,85,0.416,1.01,16,16,16,32,48,30,295,160,130,0,0,0,16,37.75,0.25,0,55,0,85,0.416,1.01,16,16,16,32,48,30,295,160,130,0,0,0,16,512,-1,485.785156,477.9375,7.84765625,7.6015625,7611.34961,7618.951,0,0,0,0,0,0,0,0,0,0,4.39398,7,505,600,1200,3000,50,0.965000033,1.30500007,0,2,17,45,2670,10451.9824,0,0,0,0,5,3,0,0,18.79,17.388,0.975,12014.2422,385.4336,4.49254036,0,0,0,0.00375664723,0,0,0,0,0,0.046548456,0,0,0,55.125,52,16376,4061,12314,75.20127,51.772,4.659917E+07,7.419904E+07
05/29/2026 12:53:01,42,54,0,51,56,47,47,47,47,66,12.12,5.03,1.31000006,1.39200008,0.986000061,0.322000027,0.658000052,3.28000021,2.046,0,3.36800027,3.36800027,3.11600018,52,46,45.5,45.5,935,673,0,817,717,0,0,0,0,0,12.5,3.12,3.12,3.12,3.12,14.06,1.56,0,5.08,14.06,35.7855225,3848,355,4850,1031,48.5,1.22902167,0.64375,3216,357,32.3333321,0.636243939,0.64375,3041,136,32.3333321,0.2672837,0.64375,3047,127,32.3333321,0.245317861,0.64375,3021,182,32.3333321,0.3411088,0.64375,4850,882,48.5,1.09838259,0.64375,4385,64,48.5,0.189269662,0.64375,4375,64,48.5,0.180186033,0.64375,52.0000076,47.3750038,99.99815,26.8183479,11.0624161,70.7967453,10.1401291,4.740635,68.14253,38.75,0.25,0,55,0,85,0.416,1.01,16,16,16,32,48,30,295,160,130,0,0,0,16,37.75,0.25,0,55,0,85,0.416,1.01,16,16,16,32,48,30,295,160,130,0,0,0,16,512,-1,485.785156,477.9375,7.84765625,7.6015625,7611.34961,7618.951,0,0,0,0,0,0,0,0,0,0,4.18288469,7,505,600,1200,3000,50,1.03000009,1.30500007,0,22,17,45,2670,10451.9824,0,0,0,0,5,3,0,0,19.235,18.583,0.975,12014.2422,385.8672,4.556882,0,0,0,0.005074763,0,0,0,0,0,0.008300582,0,0,0,55.25,54,16376,4061,12314,75.20127,52.139,4.58496E+07,7.419904E+07
05/29/2026 12:53:03,42,54,0,51,56,47,47,47,47,66,12.12,5.03,1.30800009,1.39200008,0.988000035,0.328,0.658000052,3.28400016,2.046,0,3.36800027,3.364,3.11600018,51,45.5,45.5,45.5,938,673,0,818,734,0,0,0,0,0,24.62,9.23,3.08,1.54,1.54,13.85,0,3.08,7.12,24.62,36.01768,3897,388,4850,1206,48.5,1.33040428,0.63125,4842,362,48.5,0.715600669,0.63125,3054,181,32.3333321,0.321964383,0.63125,3085,129,32.3333321,0.2796595,0.63125,4571,206,48.5,0.407465875,0.63125,4850,859,48.5,1.140584,0.63125,2904,69,32.3333321,0.214214683,0.63125,3022,91,32.3333321,0.226200312,0.63125,51.8750076,46.8750038,99.99816,26.8216858,11.0590782,70.80556,10.1491814,4.73158264,68.20336,38.75,0.25,0,55,0,85,0.416,1.01,16,16,16,32,48,30,295,160,130,0,0,0,16,37.75,0.25,0,55,0,85,0.416,1.01,16,16,16,32,48,30,295,160,130,0,0,0,16,512,-1,485.785156,477.9375,7.84765625,7.6015625,7611.34961,7618.951,0,0,0,0,0,0,0,0,0,0,4.24761772,7,505,600,1200,3000,50,0.979000032,1.30500007,0,3,17,45,2670,10451.9824,0,0,0,0,5,3,0,0,19.658,20,0.975,12014.2422,385.8672,4.35841,0,0,0,0.00371816219,0,0,0,0,0,0,0,0,0,55.34375,52,16376,4061,12314,75.20127,54.031,51849216,249856
05/29/2026 12:53:05,41,54,0,50,55,45,45,45,45,65,12.12,5.03,1.30800009,1.39200008,0.984,0.322000027,0.658000052,3.28400016,2.046,0,3.36800027,3.364,3.11600018,51,45.5,45.5,45.5,909,674,0,802,713,0,0,0,0,0,21.88,6.25,3.17,1.59,3.17,12.5,1.59,1.59,6.47,21.88,35.7258263,4020,354,4850,1070,48.5,1.21832836,0.64375,4737,314,48.5,0.65536505,0.64375,2964,131,32.3333321,0.270577639,0.64375,2924,93,32.3333321,0.220690459,0.64375,3004,185,32.3333321,0.356087476,0.64375,4850,896,48.5,1.137375,0.64375,4426,80,48.5,0.204447776,0.64375,4408,65,48.5,0.185680851,0.64375,51.7500076,46.8750038,99.99816,26.818058,11.062706,70.7959747,10.1431618,4.737602,68.16291,38.75,0.25,0,55,0,85,0.416,1.01,16,16,16,32,48,30,295,160,130,0,0,0,16,37.75,0.25,0,55,0,85,0.416,1.01,16,16,16,32,48,30,295,160,130,0,0,0,16,512,-1,485.785156,477.9375,7.84765625,7.6015625,7611.34961,7618.951,0,0,0,0,0,0,0,0,0,0,4.306479,7,505,600,1200,3000,50,0.969000041,1.30500007,0,2,17,45,2670,10451.9824,0,0,0,0,5,3,0,0,18.952,17.321,0.975,12014.2422,385.8672,4.404589,0,0,0,0.00634584948,0,0,0,0,0,0,0,0,0,55.4375,54,16376,4061,12314,75.20127,53.288,4.744909E+07,249856
05/29/2026 12:53:07,41,54,0,50,55,46,46,46,46,65,12.0960007,5.03,1.30800009,1.39200008,0.998,0.332000017,0.658000052,3.28400016,2.046,0,3.364,3.364,3.11600018,52,45.5,45.5,45.5,898,675,0,794,703,0,0,0,0,0,25.4,9.38,1.56,4.69,3.12,15.87,1.56,1.56,7.89,25.4,35.8894539,3473,422,4850,1181,48.5,1.350238,0.6375,3233,426,32.3333321,0.767443657,0.6375,2954,140,32.3333321,0.324584723,0.6375,3064,143,32.3333321,0.2990663,0.6375,3021,219,32.3333321,0.444326222,0.6375,4850,1112,48.5,1.32180011,0.6375,2921,83,32.3333321,0.2518867,0.6375,2894,75,32.3333321,0.2345971,0.6375,51.8750076,46.8750038,99.99815,26.8168449,11.0639191,70.79278,10.1329384,4.74782562,68.09421,38.75,0.25,0,55,0,85,0.416,1.01,16,16,16,32,48,30,295,160,130,0,0,0,16,37.75,0.25,0,55,0,85,0.416,1.01,16,16,16,32,48,30,295,160,130,0,0,0,16,512,-1,485.785156,477.9375,7.84765625,7.6015625,7611.34961,7618.951,0,0,0,0,0,0,0,0,0,0,4.29121256,7,505,600,1200,3000,50,1.05000007,1.30500007,0,6,16,45,2670,10451.9824,0,0,0,0,4,2,0,0,18.481,16.847,0.975,12014.2539,387.2461,3.73928022,0,0,0,0.0264750272,0,0,0,0,0,0.121856578,0,0,0,55.5625,54,16376,4061,12314,75.20127,51.869,3.929907E+07,7.419904E+07
05/29/2026 12:53:09,42,54,0,51,55,47,47,47,47,66,12.12,5.03,1.30800009,1.39200008,0.992000043,0.326,0.658000052,3.28400016,2.046,0,3.36800027,3.364,3.11600018,52,45.5,45.5,45.5,933,699,0,799,700,0,0,0,0,0,20,4.62,0,1.54,0,12.31,0,0,4.81,20,35.60537,3856,394,4850,1135,48.5,1.30097127,0.63125,4736,339,48.5,0.665649,0.63125,3056,173,32.3333321,0.317359358,0.63125,2968,107,32.3333321,0.256026953,0.63125,2966,178,32.3333321,0.357991159,0.63125,4850,1039,48.5,1.227297,0.63125,4337,74,48.5,0.217235908,0.63125,3082,104,32.3333321,0.249569327,0.63125,52.0000076,46.8750038,99.99815,26.8141022,11.0666618,70.78554,10.1416969,4.739067,68.15307,38.75,0.25,0,55,0,85,0.416,1.01,16,16,16,32,48,30,295,160,130,0,0,0,16,37.75,0.25,0,55,0,85,0.416,1.01,16,16,16,32,48,30,295,160,130,0,0,0,16,512,-1,485.785156,477.9375,7.84765625,7.6015625,7611.34961,7618.951,0,0,0,0,0,0,0,0,0,0,4.172624,7,505,600,1200,3000,49,0.969000041,1.30500007,0,7,17,45,2670,10451.9824,0,0,0,0,4,2,0,0,19.006,19.608,0.975,12014.2617,388.464844,3.35239983,0,0,0,0.0269608032,0,0,0,0,0,0.0391860642,0,0,0,55.75,54,16376,4061,12314,75.20127,52.061,35449856,2249728
05/29/2026 12:53:11,42,54,0,51,56,47,47,47,47,66,12.12,5.03,1.30800009,1.39200008,0.996000051,0.324,0.658000052,3.28400016,2.046,0,3.36800027,3.364,3.11600018,52,45.5,45.5,45.5,934,698,0,811,704,0,0,0,0,0,25,9.38,3.17,3.17,6.25,17.19,1.59,3.17,8.62,25,36.19324,3478,441,4850,1287,48.5,1.46126175,0.64375,3191,428,32.3333321,0.793748736,0.64375,2956,154,32.3333321,0.328234345,0.64375,2958,120,32.3333321,0.2845474,0.64375,3004,220,32.3333321,0.4687618,0.64375,4850,1089,48.5,1.31564558,0.64375,2866,96,32.3333321,0.248722792,0.64375,3148,133,32.3333321,0.2862163,0.64375,52.1250076,46.3750038,99.99815,26.822403,11.0583611,70.80745,10.1431427,4.73762131,68.16278,38.75,0.25,0,55,0,85,0.416,1.01,16,16,16,32,48,30,295,160,130,0,0,0,16,37.75,0.25,0,55,0,85,0.416,1.01,16,16,16,32,48,30,295,160,130,0,0,0,16,512,-1,485.785156,477.9375,7.84765625,7.6015625,7611.34961,7618.951,0,0,0,0,0,0,0,0,0,0,4.35198927,7,505,600,1200,3000,49,0.974000037,1.30500007,0,3,17,45,2670,10451.9824,0,0,0,0,4,2,0,0,18.876,19.229,0.975,12014.2617,389.464844,3.855431,0,0,0,0.0271776337,0,0,0,0,0,0.0300602634,0,0,0,55.8125,54,16376,4061,12314,75.20127,52.922,3.759923E+07,299008
05/29/2026 12:53:13,42,54,0,51,56,47,47,47,47,66,12.12,5.03,1.31000006,1.39200008,0.996000051,0.33,0.658000052,3.28400016,2.046,0,3.36800027,3.36800027,3.12000012,52,45.5,45.5,45.5,944,698,0,813,713,0,0,0,0,0,20.31,7.81,1.56,1.56,4.69,20.31,3.12,3.12,7.81,20.31,36.3655663,3448,408,4850,1256,48.5,1.41153574,0.58125,3194,385,32.3333321,0.7235725,0.58125,2964,130,32.3333321,0.27439636,0.58125,2916,94,32.3333321,0.241267875,0.58125,3039,199,32.3333321,0.383689553,0.58125,4850,1046,48.5,1.25432169,0.58125,2898,72,32.3333321,0.219187349,0.58125,2871,78,32.3333321,0.214765072,0.58125,52.5000076,46.8750038,99.99815,26.84645,11.0343132,70.87093,10.1681976,4.71256638,68.3311539,38.5,0.25,0,55,0,85,0.416,1.01,16,16,16,32,48,30,295,160,130,0,0,0,16,37.5,0.25,0,55,0,85,0.416,1.01,16,16,16,32,48,30,295,160,130,0,0,0,16,512,-1,485.785156,477.9375,7.84765625,7.6015625,7611.34961,7618.951,0,0,0,0,0,0,0,0,0,0,4.35239,7,505,600,1200,3000,50,1.064,1.30500007,0,9,17,45,2670,10451.9824,0,0,0,0,4,2,0,0,18.417,17.055,0.975,12014.2656,390.339844,3.46075559,0,0,0,0.03593388,0,0,0,0,0,0.031199893,0,0,0,56,54,16376,4061,12314,75.20127,51.279,0,157149184
05/29/2026 12:53:15,42,54,0,51,56,47,47,47,47,66,12.12,5.03,1.31000006,1.39200008,0.994,0.326,0.658000052,3.28400016,2.046,0,3.36800027,3.364,3.11600018,52,45.5,45.5,45.5,933,698,0,815,734,0,0,0,0,0,23.81,11.11,0,0,4.69,19.05,0,0,7.33,23.81,36.76775,4023,445,4850,1411,48.5,1.54594743,0.63125,3226,421,32.3333321,0.778227031,0.63125,4508,167,48.5,0.354068965,0.63125,2948,114,32.3333321,0.290938735,0.63125,3068,246,32.3333321,0.5007512,0.63125,4850,1029,48.5,1.27452087,0.64375,4350,81,48.5,0.257372379,0.64375,4385,88,48.5,0.254885972,0.64375,52.6250076,46.8750038,99.99816,26.8204231,11.0603409,70.80222,10.1412773,4.73948669,68.1502457,38.5,0.25,0,55,0,85,0.416,1.01,16,16,16,32,48,30,295,160,130,0,0,0,16,37.5,0.25,0,55,0,85,0.416,1.01,16,16,16,32,48,30,295,160,130,0,0,0,16,512,-1,485.785156,477.9375,7.84765625,7.6015625,7611.34961,7618.951,0,0,0,0,0,0,0,0,0,0,4.343875,7,505,600,1200,3000,50,0.979000032,1.30500007,0,2,17,45,2670,10451.9824,0,0,0,0,4,2,0,0,18.691,18.017,0.975,12014.27,392.339844,3.46809888,0,0,0,0.05953272,0,0,0,0,0,0.0595227852,0,0,0,56.125,54,16376,4061,12314,75.20127,51.08,4.274995E+07,7.429939E+07
05/29/2026 12:53:17,42,54,0,51,56,47,47,47,47,66,12.0960007,5.03,1.30800009,1.39200008,0.984,0.324,0.658000052,3.28000021,2.046,0,3.36800027,3.36800027,3.11600018,52,45.5,45.5,45.5,940,673,0,819,716,0,0,0,0,0,31.75,6.35,3.12,3.12,4.69,25.4,1.56,1.56,9.69,31.75,36.3075638,3699,414,4850,1311,48.5,1.39125693,0.58125,4850,425,48.5,0.734963238,0.58125,2978,136,32.3333321,0.3257439,0.58125,3010,129,32.3333321,0.290449768,0.58125,2984,189,32.3333321,0.4146068,0.58125,4850,918,48.5,1.15795743,0.58125,2942,91,32.3333321,0.2536863,0.58125,3129,110,32.3333321,0.2688539,0.58125,52.7500076,46.3750038,99.99815,26.8143768,11.0663872,70.78626,10.1364479,4.744316,68.11779,38.5,0.25,0,55,0,85,0.416,1.01,16,16,16,32,48,30,295,160,130,0,0,0,16,37.5,0.25,0,55,0,85,0.416,1.01,16,16,16,32,48,30,295,160,130,0,0,0,16,512,-1,485.785156,477.9375,7.84765625,7.6015625,7611.34961,7618.951,0,0,0,0,0,0,0,0,0,0,4.332171,7,505,600,1200,3000,50,0.965000033,1.30500007,0,2,17,45,2670,10451.9824,0,0,0,0,4,2,0,0,19.186,20.267,0.975,12014.2773,393.734375,3.60441947,0,0,0,0.06350463,0,0,0,0,0,0.0247475374,0,0,0,56.21875,54,16376,4061,12314,75.20127,52.98,42899456,249856
05/29/2026 12:53:19,42,54,0,51,56,48,48,49,49,67,12.12,5.03,1.31000006,1.39200008,0.990000069,0.336000025,0.66,3.28400016,2.046,0,3.36800027,3.36800027,3.11600018,52,45.5,45.5,45.5,933,673,0,807,736,0,0,0,0,0,15.38,3.08,3.08,3.08,4.62,16.92,3.08,0,6.15,16.92,35.9913864,3814,364,4850,1129,48.5,1.24676466,0.65,3145,317,32.3333321,0.5475641,0.65,3005,154,32.3333321,0.309833169,0.65,4510,105,48.5,0.260409117,0.65,2947,165,32.3333321,0.3413655,0.65,4850,900,48.5,1.11248469,0.65,4351,79,48.5,0.222285911,0.65,2852,62,32.3333321,0.205174059,0.65,52.8750076,46.3750038,99.99815,26.8132668,11.0674973,70.78333,10.1432495,4.7375145,68.1635,38.5,0.25,0,55,0,85,0.416,1.01,16,16,16,32,48,30,295,160,130,0,0,0,16,37.5,0.25,0,55,0,85,0.416,1.01,16,16,16,32,48,30,295,160,130,0,0,0,16,512,-1,485.785156,477.9375,7.84765625,7.6015625,7611.34961,7618.951,0,0,0,0,0,0,0,0,0,0,4.255638,7,505,600,1200,3000,50,1.04000008,1.30500007,0,9,17,45,2670,10451.9824,0,0,0,0,4,2,0,0,18.825,18.279,0.975,12014.2773,395.234375,3.6090374,0,0,0,0.06899509,0,0,0,0,0,0.036451567,0,0,0,56.28125,54,16376,4061,12314,75.20127,52.602,4.959949E+07,249856
05/29/2026 12:53:21,42,54,0,51,56,47,47,47,47,66,12.0960007,5.03,1.31000006,1.39200008,0.994,0.326,0.658000052,3.28400016,2.046,0,3.36800027,3.36800027,3.11600018,52,45.5,45.5,45.5,941,673,0,825,738,0,0,0,0,0,21.88,1.56,3.12,1.56,0,15.62,1.56,1.56,5.86,21.88,36.1277542,3659,396,4850,1220,48.5,1.34841561,0.575,4670,322,48.5,0.572640657,0.575,3040,188,32.3333321,0.349798858,0.575,3018,122,32.3333321,0.287207,0.575,3005,213,32.3333321,0.39037022,0.575,4850,924,48.5,1.124078,0.575,2902,88,32.3333321,0.248732835,0.575,2939,91,32.3333321,0.244523033,0.575,52.8750076,46.8750038,99.99816,26.8191452,11.0616188,70.79885,10.1411552,4.739609,68.14943,38.5,0.25,0,55,0,85,0.416,1.01,16,16,16,32,48,30,295,160,130,0,0,0,16,37.5,0.25,0,55,0,85,0.416,1.01,16,16,16,32,48,30,295,160,130,0,0,0,16,512,-1,485.785156,477.9375,7.84765625,7.6015625,7611.34961,7618.951,0,0,0,0,0,0,0,0,0,0,4.26621,7,505,600,1200,3000,50,0.935000062,1.30500007,0,4,16,45,2670,10451.9824,0,0,0,0,4,2,0,0,18.574,17.083,0.975,12014.2852,396.859375,3.530848,0,0,0,0.0611910336,0,0,0,0,0,0.05037301,0,0,0,56.40625,56,16376,4061,12314,75.20127,51.219,43549696,7.419904E+07
05/29/2026 12:53:23,42,54,0,51,56,47,47,47,47,66,12.12,5.03,1.30800009,1.39200008,0.982000053,0.332000017,0.66,3.28400016,2.046,0,3.36800027,3.364,3.11600018,52,45.5,45.5,45.5,931,672,0,807,718,0,0,0,0,0,21.54,6.15,4.62,4.69,3.08,26.15,4.69,1.56,9.06,26.15,35.90603,4224,379,4850,1028,48.5,1.16321766,0.63125,3190,360,32.3333321,0.623774767,0.63125,2948,142,32.3333321,0.316274673,0.63125,4425,121,48.5,0.287839621,0.65,4483,185,48.5,0.3687276,0.65,4850,1004,48.5,1.15632975,0.65,4481,94,48.5,0.240387931,0.65,4569,95,48.5,0.2448646,0.65,52.7500076,50.5000038,99.99816,26.8139381,11.0668259,70.7851,10.1441307,4.7366333,68.16942,38.5,0.25,0,55,0,85,0.416,1.01,16,16,16,32,48,30,295,160,130,0,0,0,16,37.5,0.25,0,55,0,85,0.416,1.01,16,16,16,32,48,30,295,160,130,0,0,0,16,512,-1,485.785156,477.9375,7.84765625,7.6015625,7611.34961,7618.951,0,0,0,0,0,0,0,0,0,0,4.146893,7,505,600,1200,3000,49,0.965000033,1.30500007,0,1,17,45,2670,10451.9824,0,0,0,0,4,2,0,0,19.225,20.127,0.975,12014.0508,350.8672,3.6649406,0,0,0,0.0618328862,0,0,0,0,0,1.10602462,0,0,0,56.59375,54,16376,4061,12314,75.20127,52.167,44099584,249856
05/29/2026 12:53:25,42,54,0,51,56,47,47,47,47,66,12.0960007,5.03,1.30800009,1.39200008,0.974000037,0.322000027,0.66,3.28000021,2.046,0,3.364,3.364,3.11600018,52,45.5,45.5,45.5,941,698,0,803,735,0,0,0,0,0,31.25,3.12,7.81,3.12,6.25,21.88,0,0,9.18,31.25,36.00003,3478,398,4850,1230,48.5,1.3259306,0.64375,3134,341,32.3333321,0.599640965,0.64375,3003,155,32.3333321,0.328385681,0.64375,3006,133,32.3333321,0.298998654,0.64375,3063,220,32.3333321,0.408617824,0.64375,4850,928,48.5,1.1394273,0.64375,2967,93,32.3333321,0.26213935,0.64375,2953,81,32.3333321,0.2478035,0.64375,52.6250076,46.8750038,99.99815,26.81564,11.0651245,70.7896,10.1440048,4.736759,68.16858,38.5,0.25,0,55,0,85,0.416,1.01,16,16,16,32,48,30,295,160,130,0,0,0,16,37.5,0.25,0,55,0,85,0.416,1.01,16,16,16,32,48,30,295,160,130,0,0,0,16,512,-1,485.785156,477.9375,7.84765625,7.6015625,7611.34961,7618.951,0,0,0,0,0,0,0,0,0,0,4.216142,7,505,600,1200,3000,50,1.05500007,1.30500007,0,15,17,45,2670,10451.9824,0,0,0,0,4,3,0,0,19.272,19.786,0.975,12014.0664,352.7422,3.604484,0,0,0,0.0552158877,0,0,0,0,0,0.0474304371,0,0,0,56.71875,54,16376,4061,12314,75.20127,53.253,1099776,8.264909E+07
05/29/2026 12:53:27,42,54,0,51,56,47,47,47,47,66,12.0960007,5.03,1.30800009,1.39200008,0.978000045,0.326,0.658000052,3.28400016,2.046,0,3.36800027,3.364,3.11600018,52,45.5,45.5,45.5,933,698,0,803,716,0,0,0,0,0,23.81,0,0,1.59,1.59,14.29,0,0,5.16,23.81,36.1664276,3922,390,4040,1175,40.4,1.29806352,0.5625,3955,348,40.4,0.6045973,0.5625,3693,135,40.4,0.302042663,0.5625,3703,104,40.4,0.259283781,0.5625,3761,188,40.4,0.375465065,0.5625,5050,1032,50.5,1.21092713,0.5625,3637,79,40.4,0.231695667,0.5625,3536,61,40.4,0.20774959,0.5625,52.6250076,46.8750038,99.99815,26.814724,11.06604,70.78718,10.1465607,4.73420334,68.1857452,38.5,0.25,0,55,0,85,0.416,1.01,16,16,16,32,48,30,295,160,130,0,0,0,16,37.5,0.25,0,55,0,85,0.416,1.01,16,16,16,32,48,30,295,160,130,0,0,0,16,512,-1,485.785156,477.9375,7.84765625,7.6015625,7611.34961,7618.951,0,0,0,0,0,0,0,0,0,0,4.17129469,7,505,600,1200,3000,49,0.979000032,1.30500007,0,4,17,46,2670,10451.9824,0,0,0,0,4,2,0,0,18.535,17.552,0.975,12014.07,353.9922,3.38581014,0,0,0,0.0299287457,0,0,0,0,0,0.0193800069,0,0,0,56.875,56,16376,4061,12314,75.20127,52.16,3.84E+07,7.419904E+07
05/29/2026 12:53:29,42,54,0,51,56,47,47,47,47,66,12.12,5.03,1.31000006,1.39200008,0.982000053,0.328,0.658000052,3.28400016,2.046,0,3.36800027,3.36800027,3.11600018,52,45.5,45.5,45.5,938,701,0,820,734,0,0,0,0,0,14.06,6.25,0,0,0,28.12,0,0,6.05,28.12,35.8782921,3730,387,4040,853,40.4,1.03189373,0.54375,3904,306,40.4,0.556513548,0.54375,3778,169,40.4,0.3378341,0.54375,3128,132,33.6666679,0.2979477,0.54375,3837,200,40.4,0.382549226,0.54375,5050,1267,50.5,1.40218127,0.53125,3035,83,33.6666679,0.249152586,0.53125,3067,85,33.6666679,0.2472149,0.53125,52.7500076,49.1250038,99.99815,26.817112,11.063652,70.79348,10.1427841,4.73798,68.16037,38.5,0.25,0,55,0,85,0.416,1.01,16,16,16,32,48,30,295,160,130,0,0,0,16,37.5,0.25,0,55,0,85,0.416,1.01,16,16,16,32,48,30,295,160,130,0,0,0,16,512,-1,485.785156,477.9375,7.84765625,7.6015625,7611.34961,7618.951,0,0,0,0,0,0,0,0,0,0,4.187207,7,505,600,1200,3000,49,0.969000041,1.30500007,0,0,17,46,2670,10451.9824,0,0,0,0,4,2,0,0,18.598,18.162,0.975,12014.082,354.9922,3.40503,0,0,0,0.0275943521,0,0,0,0,0,0.0324872471,0,0,0,56.90625,56,16376,4061,12314,75.20127,51.249,1399808,8.22999E+07
05/29/2026 12:53:31,42,54,0,51,56,48,48,48,48,67,12.0960007,5.02000046,1.30800009,1.39200008,0.978000045,0.324,0.658000052,3.28400016,2.046,0,3.36800027,3.364,3.11600018,53,45.5,45.5,45.5,928,699,0,804,734,0,0,0,0,0,11.11,6.35,7.81,4.69,3.17,22.22,0,3.12,7.31,22.22,36.744606,4179,386,4850,902,48.5,1.09286177,0.65,3159,356,32.3333321,0.660722554,0.65,4515,153,48.5,0.3223876,0.65,4371,95,48.5,0.261372417,0.65,3028,209,32.3333321,0.410340458,0.65,4850,1228,48.5,1.38641679,0.63125,4332,76,48.5,0.240286171,0.63125,4329,66,48.5,0.22568801,0.63125,53.1250076,46.8750038,99.9981461,26.8448563,11.0359077,70.86672,10.1689644,4.71179962,68.3363,38.5,0.25,0,55,0,85,0.416,1.01,16,16,16,32,48,30,295,160,130,0,0,0,16,37.5,0.25,0,55,0,85,0.416,1.01,16,16,16,32,48,30,295,160,130,0,0,0,16,512,-1,485.785156,477.9375,7.84765625,7.6015625,7611.34961,7618.951,0,0,0,0,0,0,0,0,0,0,4.328906,7,505,600,1200,3000,49,0.969000041,1.30500007,0,4,17,46,2670,10451.9824,0,0,0,0,4,2,0,0,19.332,21.168,0.975,12014.0859,356.4922,3.72889042,0,0,0,0.0597961657,0,0,0,0,0,0.0548189469,0,0,0,57,54,16376,4061,12314,75.20127,52.967,4.319949E+07,249856
05/29/2026 12:53:33,43,54,0,51,56,49,49,48,48,67,12.0960007,5.03,1.30800009,1.39200008,0.986000061,0.324,0.658000052,3.28400016,2.046,0,3.36800027,3.36800027,3.11600018,52,45.5,45.5,45.5,956,673,0,802,716,0,0,0,0,0,25,9.38,1.56,0,4.69,21.88,0,0,7.81,25,36.25893,3950,416,4040,1160,40.4,1.27580214,0.55,3942,349,40.4,0.6691542,0.55,3780,164,40.4,0.355491549,0.55,3760,124,40.4,0.3053338,0.55,3862,229,40.4,0.438748062,0.55,5050,1141,50.5,1.34419382,0.55,3567,82,40.4,0.263019383,0.55,3595,79,40.4,0.258598238,0.55,52.7500076,51.3750038,99.99815,26.8192024,11.0615616,70.799,10.1480522,4.732712,68.19577,38.5,0.25,0,55,0,85,0.416,1.01,16,16,16,32,48,30,295,160,130,0,0,0,16,37.5,0.25,0,55,0,85,0.416,1.01,16,16,16,32,48,30,295,160,130,0,0,0,16,512,-1,485.785156,477.9375,7.84765625,7.6015625,7611.34961,7618.951,0,0,0,0,0,0,0,0,0,0,4.37734,7,505,600,1200,3000,49,1.0250001,1.30500007,0,10,17,46,2670,10451.9824,0,0,0,0,4,2,0,0,19.072,19.589,0.975,12014.0977,357.8672,3.711862,0,0,0,0.0525123663,0,0,0,0,0,0.0538945347,0,0,0,57.15625,56,16376,4061,12314,75.20127,53.308,17999872,8.01495E+07
05/29/2026 12:53:35,42,54,0,51,56,47,47,47,47,66,12.0960007,5.03,1.30800009,1.388,0.982000053,0.322000027,0.658000052,3.28000021,2.046,0,3.364,3.364,3.11200023,52,45.5,45.5,45.5,935,673,0,804,734,0,0,0,0,0,14.06,9.38,3.12,3.12,4.69,26.56,1.56,0,7.81,26.56,36.10952,3468,402,4850,855,48.5,1.06861663,0.65,3202,410,32.3333321,0.707402766,0.64375,2977,139,32.3333321,0.315415531,0.64375,2929,119,32.3333321,0.2826255,0.64375,2991,195,32.3333321,0.3974984,0.64375,3233,1309,32.3333321,1.46220481,0.64375,2955,88,32.3333321,0.252848059,0.64375,4604,102,48.5,0.259480864,0.64375,52.7500076,46.3750038,99.99816,26.81512,11.0656433,70.78822,10.1463432,4.734421,68.18429,38.5,0.25,0,55,0,85,0.416,1.01,16,16,16,32,48,30,295,160,130,0,0,0,16,37.5,0.25,0,55,0,85,0.416,1.01,16,16,16,32,48,30,295,160,130,0,0,0,16,512,-1,485.785156,477.9375,7.84765625,7.6015625,7611.34961,7618.951,0,0,0,0,0,0,0,0,0,0,4.397966,7,505,600,1200,3000,50,0.969000041,1.30500007,0,2,17,46,2670,10451.9824,0,0,0,0,4,3,0,0,18.604,17.945,0.975,12014.1055,358.9922,3.53976464,0,0,0,0.06915837,0,0,0,0,0,0.04868418,0,0,0,57.28125,56,16376,4061,12314,75.20127,51.572,4.874957E+07,249856
05/29/2026 12:53:37,42,54,0,51,56,47,47,47,47,66,12.0960007,5.03,1.31000006,1.39200008,0.982000053,0.324,0.66,3.28400016,2.046,0,3.36800027,3.36800027,3.11600018,52,45.5,45.5,45.5,938,672,0,813,715,0,0,0,0,0,18.46,1.54,1.54,0,1.54,23.08,1.54,1.54,6.15,23.08,36.0231,3747,403,4040,1067,40.4,1.19075882,0.51875,3946,342,40.4,0.6196468,0.51875,3207,167,33.6666679,0.341514021,0.51875,3202,136,33.6666679,0.3006976,0.51875,3170,191,33.6666679,0.392318875,0.51875,5000,1132,50,1.32297432,0.54375,3641,77,40,0.246999353,0.54375,3770,114,40,0.272113532,0.54375,52.6250076,57.1250038,99.9981461,26.8181229,11.0626411,70.79615,10.14109,4.73967361,68.14899,38.5,0.25,0,55,0,85,0.416,1.01,16,16,16,32,48,30,295,160,130,0,0,0,16,37.5,0.25,0,55,0,85,0.416,1.01,16,16,16,32,48,30,295,160,130,0,0,0,16,512,-1,485.785156,477.9375,7.84765625,7.6015625,7611.34961,7618.951,0,0,0,0,0,0,0,0,0,0,4.282239,7,505,600,1200,3000,50,0.969000041,1.30500007,0,2,17,46,2670,10451.9824,0,0,0,0,4,2,0,0,18.987,19.5,0.975,12014.1094,360.6172,3.59493518,0,0,0,0.0591446236,0,0,0,0,0,0.0540136732,0,0,0,57.4375,56,16376,4061,12314,75.20127,51.728,4.399923E+07,249856
05/29/2026 12:53:39,42,54,0,51,56,47,47,47,47,66,12.12,5.03,1.31000006,1.39200008,0.988000035,0.332000017,0.658000052,3.28000021,2.046,0,3.36800027,3.36800027,3.11600018,52,45.5,45.5,45.5,936,698,0,820,715,0,0,0,0,0,28.12,9.38,3.12,0,1.56,20.31,0,0,7.81,28.12,36.15214,3818,381,4850,916,48.5,1.07342887,0.65625,4653,325,48.5,0.6115146,0.65625,3025,172,32.3333321,0.33315286,0.65625,2897,91,32.3333321,0.251419,0.65625,4441,178,48.5,0.377211571,0.65625,4850,1209,48.5,1.39412558,0.65625,2833,67,32.3333321,0.223248586,0.65625,2998,90,32.3333321,0.234698012,0.65625,52.6250076,46.3750038,99.99815,26.8109779,11.0697861,70.77729,10.1451492,4.735615,68.17627,38.5,0.25,0,55,0,85,0.416,1.01,16,16,16,32,48,30,295,160,130,0,0,0,16,37.5,0.25,0,55,0,85,0.416,1.01,16,16,16,32,48,30,295,160,130,0,0,0,16,512,-1,485.785156,477.9375,7.84765625,7.6015625,7611.34961,7618.951,0,0,0,0,0,0,0,0,0,0,4.41491461,7,505,600,1200,3000,49,0.969000041,1.30500007,0,4,17,46,2670,10451.9824,0,0,0,0,4,2,0,0,18.424,20.245,0.975,12014.1133,362.2422,3.7094543,0,0,0,0.06534077,0,0,0,0,0,0.0481151119,0,0,0,57.53125,56,16376,4061,12314,75.20127,53.353,4.314931E+07,249856
05/29/2026 12:53:41,42,54,0,51,56,47,47,47,47,66,12.0960007,5.03,1.30800009,1.39200008,0.98,0.338000029,0.66,3.28400016,2.046,0,3.36800027,3.36800027,3.11600018,52,45.5,45.5,45.5,938,698,0,800,734,0,0,0,0,0,23.81,6.35,0,4.76,4.76,23.81,1.59,0,8.13,23.81,35.9846535,3857,400,4850,1099,48.5,1.23177719,0.63125,4720,357,48.5,0.654597461,0.63125,3084,167,32.3333321,0.321124732,0.63125,2975,127,32.3333321,0.277987838,0.63125,4502,195,48.5,0.3880834,0.63125,4850,1100,48.5,1.30359054,0.63125,2925,75,32.3333321,0.227198184,0.63125,2947,81,32.3333321,0.22969301,0.63125,52.5000076,46.3750038,99.99816,26.8194122,11.0613518,70.79956,10.1503868,4.730377,68.2114639,38.5,0.25,0,55,0,85,0.416,1.01,16,16,16,32,48,30,295,160,130,0,0,0,16,37.5,0.25,0,55,0,85,0.416,1.01,16,16,16,32,48,30,295,160,130,0,0,0,16,512,-1,485.785156,477.9375,7.84765625,7.6015625,7611.34961,7618.951,0,0,0,0,0,0,0,0,0,0,4.40188932,7,505,600,1200,3000,50,1.05000007,1.30500007,0,8,17,46,2670,10451.9824,0,0,0,0,4,2,0,0,18.788,21.886,0.975,12014.1211,363.4922,4.588066,0,0,0,0.03396562,0,0,0,0,0,0.02696438,0,0,0,57.5625,56,16376,4061,12314,75.20127,52.684,32499712,7.419904E+07
05/29/2026 12:53:43,42,54,0,51,56,47,47,47,47,66,12.0960007,5.03,1.30800009,1.39200008,0.986000061,0.334000021,0.66,3.28000021,2.046,0,3.364,3.364,3.11600018,52,45.5,45.5,45.5,930,702,0,803,733,0,0,0,0,0,20.63,6.35,3.17,0,3.17,25.4,0,1.59,7.54,25.4,36.1760979,3963,407,4040,1046,40.4,1.167609,0.53125,3956,388,40.4,0.699790061,0.53125,3756,148,40.4,0.307405651,0.53125,3675,99,40.4,0.2619425,0.53125,3751,201,40.4,0.391932875,0.53125,5050,1179,50.5,1.38578546,0.53125,3612,81,40.4,0.229168549,0.53125,3866,111,40.4,0.252382785,0.53125,52.6250076,50.0000038,99.99816,26.8129654,11.0677986,70.78253,10.1451836,4.73558044,68.1765,38.5,0.25,0,55,0,85,0.416,1.01,16,16,16,32,48,30,295,160,130,0,0,0,16,37.5,0.25,0,55,0,85,0.416,1.01,16,16,16,32,48,30,295,160,130,0,0,0,16,512,-1,485.785156,477.9375,7.84765625,7.6015625,7611.34961,7618.951,0,0,0,0,0,0,0,0,0,0,4.519758,7,505,600,1200,3000,50,0.974000037,1.30500007,0,4,17,46,2670,10451.9824,0,0,0,0,4,3,0,0,18.604,21.797,0.975,12014.1289,364.9922,3.58173132,0,0,0,0.0654361,0,0,0,0,0,0.0451614223,0,0,0,57.84375,56,16376,4061,12314,75.20127,51.611,4.804915E+07,7.409971E+07
05/29/2026 12:53:46,42,54,0,51,56,47,47,47,47,66,12.12,5.03,1.31000006,1.39200008,0.998,0.328,0.66,3.28400016,2.046,0,3.36800027,3.36800027,3.11600018,52,45.5,45.5,45.5,941,702,0,823,733,0,0,0,0,0,18.75,4.69,3.12,1.56,3.12,26.56,1.56,1.56,7.62,26.56,36.19581,3608,406,3600,1140,36,1.261247,0.63125,3548,357,36,0.657488763,0.63125,3399,172,36,0.3429618,0.63125,2943,102,32.3333321,0.286759436,0.825,4573,209,48.5,0.4106139,0.825,4850,1091,48.5,1.29254818,0.825,2881,75,32.3333321,0.250241548,0.825,3071,102,32.3333321,0.277463138,0.825,52.5000076,46.8750038,99.99815,26.8150673,11.0656967,70.7880859,10.1454086,4.73535538,68.17801,38.5,0.25,0,55,0,85,0.416,1.01,16,16,16,32,48,30,295,160,130,0,0,0,16,37.5,0.25,0,55,0,85,0.416,1.01,16,16,16,32,48,30,295,160,130,0,0,0,16,512,-1,485.785156,477.9375,7.84765625,7.6015625,7611.34961,7618.951,0,0,0,0,0,0,0,0,0,0,4.26215839,7,505,600,1200,3000,49,0.969000041,1.30500007,0,4,17,47,2670,10451.9824,0,0,0,0,4,2,0,0,18.234,20.785,0.975,12014.1367,366.7422,3.58967018,0,0,0,0.06706282,0,0,0,0,0,0.0403601639,0,0,0,57.84375,56,16376,4061,12314,75.20127,52.754,40899584,1849344
05/29/2026 12:53:47,42,54,0,51,56,47,47,47,47,66,12.0960007,5.02000046,1.30800009,1.39200008,0.992000043,0.324,0.658000052,3.28000021,2.046,0,3.364,3.364,3.11600018,52,45.5,45.5,45.5,938,705,0,815,734,0,0,0,0,0,20.31,1.56,3.12,0,0,21.88,0,4.69,6.45,21.88,36.259285,3745,408,4040,1144,40.4,1.28605318,0.55625,3881,350,40.4,0.604695559,0.55625,3794,166,40.4,0.352632135,0.55625,3103,128,33.6666679,0.300848484,0.55625,3829,249,40.4,0.4343287,0.55625,5050,1013,50.5,1.23596084,0.55,3016,81,33.6666679,0.251528174,0.55,3248,135,33.6666679,0.297878057,0.55,52.6250076,48.6250038,99.99816,26.8174057,11.0633583,70.79426,10.1399,4.740864,68.14099,38.5,0.25,0,55,0,85,0.416,1.01,16,16,16,32,48,30,295,160,130,0,0,0,16,37.5,0.25,0,55,0,85,0.416,1.01,16,16,16,32,48,30,295,160,130,0,0,0,16,512,-1,485.785156,477.9375,7.84765625,7.6015625,7611.34961,7618.951,0,0,0,0,0,0,0,0,0,0,4.30981731,7,505,600,1200,3000,49,0.960000038,1.30500007,0,3,17,47,2670,10451.9824,0,0,0,0,4,3,0,0,19.235,22.666,0.975,12014.1523,368.7422,3.79117346,0,0,0,0.062802285,0,0,0,0,0,0.07115718,0,0,0,58.15625,56,16376,4061,12314,75.20127,53.633,1149952,8.269926E+07
05/29/2026 12:53:49,42,54,0,51,56,47,47,47,47,66,12.12,5.03,1.31000006,1.39200008,0.992000043,0.336000025,0.66,3.28400016,2.046,0,3.36800027,3.36800027,3.11600018,52,45.5,45.5,45.5,941,700,0,805,716,0,0,0,0,0,25.4,6.35,3.17,3.17,4.76,26.98,1.59,3.17,9.33,26.98,35.90321,3655,368,4850,1072,48.5,1.11076343,0.65,4656,316,48.5,0.5534527,0.65,2943,109,32.3333321,0.265691668,0.65,3145,144,32.3333321,0.287250429,0.65,3007,172,32.3333321,0.350512534,0.65,4850,987,48.5,1.280432,0.65,2890,75,32.3333321,0.22517246,0.65,2901,67,32.3333321,0.215420768,0.65,52.7500076,46.3750038,99.99815,26.8454781,11.0352859,70.86836,10.1677818,4.712982,68.32836,38.5,0.25,0,55,0,85,0.416,1.01,16,16,16,32,48,30,295,160,130,0,0,0,16,37.5,0.25,0,55,0,85,0.416,1.01,16,16,16,32,48,30,295,160,130,0,0,0,16,512,-1,485.785156,477.9375,7.84765625,7.6015625,7611.34961,7618.951,0,0,0,0,0,0,0,0,0,0,4.331198,7,505,600,1200,3000,49,0.965000033,1.30500007,0,8,17,47,2670,10451.9824,0,0,0,0,4,2,0,0,18.793,21.993,0.975,12014.1719,370.6172,3.68385935,0,0,0,0.06530027,0,0,0,0,0,0.0577140637,0,0,0,58.1875,56,16376,4061,12314,75.20127,52.44,4.26496E+07,7.419904E+07
05/29/2026 12:53:51,42,54,0,51,56,47,47,47,47,66,12.0960007,5.03,1.30800009,1.39200008,1,0.324,0.66,3.28400016,2.046,0,3.36800027,3.36800027,3.11600018,52,46,45.5,45.5,928,699,0,821,716,0,0,0,0,0,25,7.81,1.56,3.12,4.69,18.75,1.56,1.56,8.01,25,36.61893,3892,442,4850,1469,48.5,1.47376931,0.65,4754,377,48.5,0.69116044,0.65,2999,145,32.3333321,0.330848366,0.65,3049,148,32.3333321,0.322355181,0.65,4504,202,48.5,0.396879077,0.65,4850,961,48.5,1.290718,0.65,3109,136,32.3333321,0.3107118,0.65,3020,97,32.3333321,0.276859939,0.65,52.6250076,46.8750038,99.99815,26.8169746,11.0637894,70.79312,10.1351891,4.745575,68.10933,38.5,0.25,0,55,0,85,0.416,1.01,16,16,16,32,48,30,295,160,130,0,0,0,16,37.5,0.25,0,55,0,85,0.416,1.01,16,16,16,32,48,30,295,160,130,0,0,0,16,512,-1,485.785156,477.9375,7.84765625,7.6015625,7611.34961,7618.951,0,0,0,0,0,0,0,0,0,0,4.272194,7,505,600,1200,3000,49,0.965000033,1.30500007,0,0,16,47,2670,10451.9824,0,0,0,0,4,3,0,0,18.981,22.41,0.975,12014.18,372.3672,3.68050814,0,0,0,0.0615290031,0,0,0,0,0,0.0355566069,0,0,0,58.28125,56,16376,4061,12314,75.20127,51.761,4.829901E+07,7.419904E+07
05/29/2026 12:53:53,42,54,0,51,56,47,47,47,47,66,12.0960007,5.03,1.31000006,1.39200008,0.990000069,0.326,0.66,3.28400016,2.046,0,3.36800027,3.36800027,3.11600018,52,46,45.5,45.5,946,699,0,821,734,0,0,0,0,0,23.44,10.94,1.56,1.56,6.25,12.5,0,0,7.03,23.44,36.6537323,3474,396,4850,1413,48.5,1.44952857,0.65,3141,323,32.3333321,0.5751371,0.65,2960,138,32.3333321,0.29834792,0.65,3048,149,32.3333321,0.3082737,0.65,3088,217,32.3333321,0.3785399,0.65,4850,765,48.5,1.0824554,0.65,2908,83,32.3333321,0.239110425,0.65,2944,84,32.3333321,0.243023321,0.65,52.7500076,46.8750038,99.9981461,26.84365,11.0371132,70.86354,10.16938,4.711384,68.3391,38.5,0.25,0,55,0,85,0.416,1.01,16,16,16,32,48,30,295,160,130,0,0,0,16,37.5,0.25,0,55,0,85,0.416,1.01,16,16,16,32,48,30,295,160,130,0,0,0,16,512,-1,485.785156,477.9375,7.84765625,7.6015625,7611.34961,7618.951,0,0,0,0,0,0,0,0,0,0,4.18084574,7,505,600,1200,3000,49,0.965000033,1.30500007,0,0,16,47,2670,10451.9824,0,0,0,0,4,2,0,0,19.444,20.403,0.975,12014.1992,373.8672,3.58992743,0,0,0,0.0596236661,0,0,0,0,0,0.05440065,0,0,0,58.3125,56,16376,4061,12314,75.20127,53.6,4.414976E+07,249856
05/29/2026 12:53:55,42,54,0,51,56,47,47,47,47,66,12.0960007,5.03,1.30800009,1.39200008,0.996000051,0.336000025,0.66,3.28400016,2.046,0,3.36800027,3.36800027,3.11600018,52,45.5,45.5,45.5,941,702,0,821,716,0,0,0,0,0,23.08,10.77,9.23,3.08,1.54,13.85,1.54,1.54,8.08,23.08,36.276577,3869,416,4850,1436,48.5,1.49211991,0.63125,4774,359,48.5,0.6516642,0.63125,3096,190,32.3333321,0.3547949,0.63125,3048,156,32.3333321,0.316744953,0.63125,3010,198,32.3333321,0.412285864,0.63125,4850,816,48.5,1.15655184,0.63125,4393,98,48.5,0.271433,0.63125,2933,79,32.3333321,0.246695518,0.63125,52.5000076,46.3750038,99.9981461,26.820797,11.059967,70.80321,10.1367531,4.744011,68.11984,38.5,0.25,0,55,0,85,0.416,1.01,16,16,16,32,48,30,295,160,130,0,0,0,16,37.5,0.25,0,55,0,85,0.416,1.01,16,16,16,32,48,30,295,160,130,0,0,0,16,512,-1,485.785156,477.9375,7.84765625,7.6015625,7611.34961,7618.951,0,0,0,0,0,0,0,0,0,0,4.186759,7,505,600,1200,3000,49,0.965000033,1.30500007,0,0,17,47,2670,10451.9824,0,0,0,0,4,2,0,0,18.966,18.03,0.975,12014.2031,375.3672,3.609826,0,0,0,0.0592244081,0,0,0,0,0,0.0497053154,0,0,0,58.46875,58,16376,4061,12314,75.20127,53.316,43049984,249856
05/29/2026 12:53:57,42,54,0,51,56,47,47,47,47,66,12.12,5.03,1.31000006,1.39200008,1,0.326,0.66,3.28400016,2.046,0,3.36800027,3.36800027,3.11600018,52,45.5,45.5,45.5,938,674,0,804,734,0,0,0,0,0,23.44,7.81,1.59,3.17,3.12,14.06,0,1.59,6.85,23.44,35.7953949,3842,399,4850,1454,48.5,1.46499145,0.64375,4733,331,48.5,0.5725854,0.64375,4431,146,48.5,0.311905056,0.64375,3136,162,32.3333321,0.318993121,0.64375,4481,190,48.5,0.381701052,0.64375,3233,738,32.3333321,1.07781243,0.64375,2890,75,32.3333321,0.2364417,0.64375,2982,93,32.3333321,0.250083148,0.64375,52.5000076,46.3750038,99.9981461,26.8133163,11.0674477,70.78346,10.1442528,4.736511,68.17024,38.5,0.25,0,55,0,85,0.416,1.01,16,16,16,32,48,30,295,160,130,0,0,0,16,37.5,0.25,0,55,0,85,0.416,1.01,16,16,16,32,48,30,295,160,130,0,0,0,16,512,-1,485.785156,477.9375,7.84765625,7.6015625,7611.34961,7618.951,0,0,0,0,0,0,0,0,0,0,4.23042059,7,505,600,1200,3000,50,1.05000007,1.30500007,0,10,17,47,2670,10451.9824,0,0,0,0,4,2,0,0,17.745,17.903,0.975,12014.2148,376.6172,3.63945317,0,0,0,0.0722489953,0,0,0,0,0,0.029373657,0,0,0,58.5625,58,16376,4061,12314,75.20127,51.684,4.299981E+07,249856
05/29/2026 12:53:59,42,54,0,51,56,47,47,47,47,66,12.0960007,5.03,1.30800009,1.39200008,0.998,0.338000029,0.66,3.28400016,2.046,0,3.36800027,3.36800027,3.11600018,52,46,45.5,45.5,938,677,0,806,716,0,0,0,0,0,21.88,6.25,1.56,1.56,3.12,18.75,0,1.56,6.84,21.88,36.2623672,3717,432,4850,1508,48.5,1.509837,0.6375,4732,344,48.5,0.6311507,0.6375,3085,190,32.3333321,0.368884236,0.6375,3008,120,32.3333321,0.298502058,0.6375,3046,205,32.3333321,0.3919251,0.6375,4850,850,48.5,1.19462276,0.6375,3186,133,32.3333321,0.311451048,0.6375,2978,107,32.3333321,0.283341169,0.6375,52.5000076,46.3750038,99.99816,26.81929,11.0614738,70.79923,10.142849,4.737915,68.16081,38.5,0.25,0,55,0,85,0.416,1.01,16,16,16,32,48,30,295,160,130,0,0,0,16,37.5,0.25,0,55,0,85,0.416,1.01,16,16,16,32,48,30,295,160,130,0,0,0,16,512,-1,485.785156,477.9375,7.84765625,7.6015625,7611.34961,7618.951,0,0,0,0,0,0,0,0,0,0,4.25463772,7,505,600,1200,3000,49,0.969000041,1.30500007,0,6,17,47,2670,10451.9824,0,0,0,0,4,2,0,0,18.28,19.402,0.975,12014.2227,378.4922,3.66892862,0,0,0,0.0610657148,0,0,0,0,0,0.04985573,0,0,0,58.6875,58,16376,4061,12314,75.20127,52.385,4.869939E+07,7.414989E+07
05/29/2026 12:54:01,42,54,0,51,56,47,47,47,47,66,12.12,5.03,1.31000006,1.39200008,0.994,0.328,0.66,3.28400016,2.046,0,3.36800027,3.36800027,3.11600018,52,46,45.5,45.5,934,677,0,803,716,0,0,0,0,0,23.08,9.23,1.56,1.56,4.62,16.92,0,0,7.12,23.08,36.1825867,3269,392,3233,1408,32.3333321,1.4254353,0.64375,3227,363,32.3333321,0.6258295,0.64375,3054,158,32.3333321,0.322424382,0.64375,2904,107,32.3333321,0.25502944,0.65,3104,224,32.3333321,0.3901654,0.65,4850,727,48.5,1.08369076,0.65,2868,72,32.3333321,0.2234009,0.65,2910,77,32.3333321,0.2265457,0.65,52.3750076,46.3750038,99.99816,26.8141823,11.0665817,70.78575,10.1467552,4.734009,68.18706,38.5,0.25,0,55,0,85,0.416,1.01,16,16,16,32,48,30,295,160,130,0,0,0,16,37.5,0.25,0,55,0,85,0.416,1.01,16,16,16,32,48,30,295,160,130,0,0,0,16,512,-1,485.785156,477.9375,7.84765625,7.6015625,7611.34961,7618.951,0,0,0,0,0,0,0,0,0,0,4.16923141,7,505,600,1200,3000,50,0.974000037,1.30500007,0,0,16,47,2670,10451.9824,0,0,0,0,4,3,0,0,18.334,19.808,0.975,12014.23,380.222656,3.58815718,0,0,0,0.0646277741,0,0,0,0,0,0.03523628,0,0,0,58.84375,56,16376,4061,12314,75.20127,53.947,1049600,7.444992E+07
05/29/2026 12:54:03,42,54,0,51,56,47,47,47,47,66,12.0960007,5.03,1.30800009,1.39200008,1.014,0.326,0.66,3.28400016,2.046,0,3.36800027,3.36800027,3.11600018,52,45.5,45.5,45.5,934,674,0,805,735,0,0,0,0,0,31.25,9.38,4.69,1.56,7.81,15.62,3.12,1.56,9.38,31.25,36.1610222,4247,434,4850,1425,48.5,1.45203471,0.6375,4801,374,48.5,0.689418733,0.6375,4461,155,48.5,0.343993545,0.6375,4455,128,48.5,0.3114462,0.6375,4495,205,48.5,0.399355978,0.6375,4850,984,48.5,1.31165624,0.6375,2913,79,32.3333321,0.263242,0.63125,3154,118,32.3333321,0.2932002,0.63125,52.6250076,46.8750038,99.99815,26.813385,11.067379,70.7836456,10.1382294,4.74253464,68.12976,38.5,0.25,0,55,0,85,0.416,1.01,16,16,16,32,48,30,295,160,130,0,0,0,16,37.25,0.25,0,55,0,85,0.416,1.01,16,16,16,32,48,30,295,160,130,0,0,0,16,512,-1,485.785156,477.9375,7.84765625,7.6015625,7611.34961,7618.951,0,0,0,0,0,0,0,0,0,0,4.22151661,7,505,600,1200,3000,49,1.0250001,1.30500007,0,5,17,47,2670,10451.9824,0,0,0,0,4,3,0,0,17.812,16.968,0.975,12014.2344,381.722656,3.64650464,0,0,0,0.0660700351,0,0,0,0,0,0.0539765,0,0,0,58.90625,58,16376,4061,12314,75.20127,52.728,5.899981E+07,249856
05/29/2026 12:54:05,42,54,0,51,56,47,47,47,47,66,12.12,5.03,1.31000006,1.39200008,0.992000043,0.33,0.66,3.28400016,2.046,0,3.36800027,3.364,3.11600018,52,46,45.5,45.5,942,677,0,803,716,0,0,0,0,0,20.31,6.25,1.56,0,3.12,17.19,0,1.56,6.25,20.31,35.8803329,3470,410,4850,1371,48.5,1.42245,0.64375,3170,349,32.3333321,0.6702669,0.64375,3108,166,32.3333321,0.32566756,0.64375,3006,133,32.3333321,0.284023553,0.64375,3006,190,32.3333321,0.389581621,0.64375,4850,902,48.5,1.18947542,0.64375,2874,81,32.3333321,0.230002671,0.64375,2895,85,32.3333321,0.223371938,0.64375,52.3750076,46.8750038,99.99816,26.84357,11.0371933,70.86333,10.1670761,4.713688,68.323616,38.5,0.25,0,55,0,85,0.416,1.01,16,16,16,32,48,30,295,160,130,0,0,0,16,37.25,0.25,0,55,0,85,0.416,1.01,16,16,16,32,48,30,295,160,130,0,0,0,16,512,-1,485.785156,477.9375,7.84765625,7.6015625,7611.34961,7618.951,0,0,0,0,0,0,0,0,0,0,4.259064,7,505,600,1200,3000,49,0.979000032,1.30500007,0,4,20,48,2670,10451.9824,0,0,0,0,4,2,0,0,17.969,17.692,0.975,12014.2344,382.972656,4.53029728,0,0,0,0.03558923,0,0,0,0,0,0.04166804,0,0,0,59.15625,58,16376,4061,12314,75.20127,51.81,35999744,299008
05/29/2026 12:54:07,42,54,0,51,56,47,47,47,47,66,12.12,5.03,1.30800009,1.39200008,0.994,0.324,0.66,3.28400016,2.046,0,3.36800027,3.364,3.11600018,52,45.5,45.5,45.5,932,674,0,801,734,0,0,0,0,0,37.5,7.81,4.69,1.56,1.56,18.75,0,3.12,9.38,37.5,36.3715057,3482,456,4850,1528,48.5,1.55068958,0.65,3159,357,32.3333321,0.7093666,0.65,2981,165,32.3333321,0.3338115,0.65,3049,127,32.3333321,0.296286553,0.65,3007,209,32.3333321,0.438667327,0.65,4850,1051,48.5,1.34541059,0.65,2923,97,32.3333321,0.262720436,0.65,3038,115,32.3333321,0.280267745,0.65,52.5000076,46.3750038,99.99816,26.8451614,11.0356026,70.86752,10.17004,4.710724,68.34354,38.5,0.25,0,55,0,85,0.416,1.01,16,16,16,32,48,30,295,160,130,0,0,0,16,37.25,0.25,0,55,0,85,0.416,1.01,16,16,16,32,48,30,295,160,130,0,0,0,16,512,-1,485.785156,477.9375,7.84765625,7.6015625,7611.34961,7618.951,0,0,0,0,0,0,0,0,0,0,4.22426033,7,505,600,1200,3000,50,0.965000033,1.30500007,0,4,17,48,2670,10451.9824,0,0,0,0,4,3,0,0,18.561,20.07,0.975,12014.2461,384.847656,3.63791919,0,0,0,0.0584118925,0,0,0,0,0,0.0600330569,0,0,0,59.21875,58,16376,4061,12314,75.20127,53.555,49299456,249856
05/29/2026 12:54:09,42,54,0,51,56,47,47,47,47,66,12.0960007,5.03,1.30800009,1.39200008,0.994,0.334000021,0.66,3.28400016,2.046,0,3.36800027,3.364,3.11600018,52,45.5,45.5,45.5,931,673,0,814,715,0,0,0,0,0,29.69,3.12,1.56,0,4.69,15.62,0,3.12,7.23,29.69,36.4193954,4057,407,4850,1525,48.5,1.52511179,0.65,4672,322,48.5,0.574622452,0.65,4464,135,48.5,0.2941081,0.65,3021,114,32.3333321,0.266391963,0.65,4484,191,48.5,0.372438222,0.65,4850,758,48.5,1.08737826,0.65,2956,95,32.3333321,0.243524283,0.65,3159,114,32.3333321,0.268038332,0.65,52.5000076,46.3750038,99.99816,26.812233,11.068531,70.7806,10.1453781,4.735386,68.1778,38.25,0.25,0,55,0,85,0.416,1.01,16,16,16,32,48,30,295,160,130,0,0,0,16,37.25,0.25,0,55,0,85,0.416,1.01,16,16,16,32,48,30,295,160,130,0,0,0,16,512,-1,485.785156,477.9375,7.84765625,7.6015625,7611.34961,7618.951,0,0,0,0,0,0,0,0,0,0,4.18351364,7,505,600,1200,3000,49,0.974000037,1.30500007,0,6,17,48,2670,10451.9824,0,0,0,0,4,2,0,0,18.488,19.171,0.975,12014.2539,386.472656,3.626093,0,0,0,0.06439071,0,0,0,0,0,0.08292098,0,0,0,59.34375,58,16376,4061,12314,75.20127,54.012,4.434944E+07,99328
05/29/2026 12:54:11,42,54,0,51,56,47,47,47,47,66,12.0960007,5.03,1.31000006,1.39200008,1.00200009,0.328,0.66,3.28000021,2.046,0,3.364,3.36800027,3.11600018,52,45.5,45.5,45.5,944,673,0,802,716,0,0,0,0,0,28.12,9.38,3.12,3.12,4.69,17.19,3.12,3.12,8.98,28.12,36.508564,3704,455,4850,1510,48.5,1.56969166,0.64375,4850,470,48.5,0.8074809,0.64375,3097,186,32.3333321,0.388434738,0.64375,3048,144,32.3333321,0.332448274,0.64375,3065,229,32.3333321,0.468882948,0.64375,4850,937,48.5,1.26768732,0.64375,2914,81,32.3333321,0.269124776,0.64375,2960,85,32.3333321,0.26914,0.64375,52.5000076,46.3750038,99.99815,26.8165283,11.0642357,70.79194,10.1461334,4.73463058,68.18288,38.25,0.25,0,55,0,85,0.416,1.01,16,16,16,32,48,30,295,160,130,0,0,0,16,37.25,0.25,0,55,0,85,0.416,1.01,16,16,16,32,48,30,295,160,130,0,0,0,16,512,-1,485.785156,477.9375,7.84765625,7.6015625,7611.34961,7618.951,0,0,0,0,0,0,0,0,0,0,4.22453,7,505,600,1200,3000,49,0.974000037,1.30500007,0,2,17,48,2670,10451.9824,0,0,0,0,4,2,0,0,18.246,16.812,0.975,12014.2617,390.175781,3.741864,0,0,0,0.05967623,0,0,0,0,0,0.184791908,0,0,0,59.4375,58,16376,4061,12314,75.20127,52.44,6.254899E+07,249856
05/29/2026 12:54:13,42,54,0,51,56,47,47,47,47,66,12.0960007,5.02000046,1.30800009,1.39200008,0.996000051,0.326,0.66,3.28400016,2.046,0,3.364,3.364,3.11600018,52,45.5,45.5,45.5,938,698,0,802,734,0,0,0,0,0,24.62,3.08,0,1.54,0,12.31,1.54,0,5.38,24.62,36.284565,3441,405,4850,1413,48.5,1.43942881,0.64375,3156,361,32.3333321,0.6496706,0.64375,3006,147,32.3333321,0.327575862,0.64375,2893,107,32.3333321,0.2662785,0.64375,3009,205,32.3333321,0.380458951,0.64375,4850,855,48.5,1.17900431,0.64375,2908,80,32.3333321,0.245494828,0.64375,2854,72,32.3333321,0.23210226,0.64375,52.5000076,46.8750038,99.99815,26.8090477,11.0717163,70.7721939,10.1421547,4.73860931,68.15614,38.25,0.25,0,55,0,85,0.416,1.01,16,16,16,32,48,30,295,160,130,0,0,0,16,37.25,0.25,0,55,0,85,0.416,1.01,16,16,16,32,48,30,295,160,130,0,0,0,16,512,-1,485.785156,477.9375,7.84765625,7.6015625,7611.34961,7618.951,0,0,0,0,0,0,0,0,0,0,4.23095655,7,505,600,1200,3000,50,1.0250001,1.30500007,0,6,20,48,2670,10451.9824,0,0,0,0,4,2,0,0,18.311,19.198,0.975,12014.27,392.164063,3.70493531,0,0,0,0.06202606,0,0,0,0,0,0.0454977676,0,0,0,59.46875,58,16376,4061,12314,75.20127,52.443,61999104,249856
05/29/2026 12:54:15,42,54,0,51,56,47,47,47,47,66,12.0960007,5.03,1.31000006,1.39200008,0.988000035,0.34,0.66,3.28400016,2.046,0,3.36800027,3.36800027,3.11600018,52,46,45.5,45.5,936,700,0,802,715,0,0,0,0,0,23.81,4.76,6.35,0,1.59,20.63,0,1.59,7.34,23.81,36.30167,3724,439,4040,1483,40.4,1.49740386,0.54375,3952,406,40.4,0.690021634,0.54375,3701,170,40.4,0.35919863,0.54375,3021,108,33.6666679,0.293118238,0.54375,3841,255,40.4,0.44795543,0.54375,5050,892,50.5,1.21626365,0.51875,3097,104,33.6666679,0.288871467,0.51875,3093,93,33.6666679,0.26991874,0.51875,52.5000076,50.5000038,99.9981461,26.8171158,11.0636482,70.79349,10.1444359,4.736328,68.17147,38.25,0.25,0,55,0,85,0.416,1.01,16,16,16,32,48,30,295,160,130,0,0,0,16,37.25,0.25,0,55,0,85,0.416,1.01,16,16,16,32,48,30,295,160,130,0,0,0,16,512,-1,485.785156,477.9375,7.84765625,7.6015625,7611.34961,7618.951,0,0,0,0,0,0,0,0,0,0,4.26416159,7,505,600,1200,3000,49,0.974000037,1.30500007,0,2,17,48,2670,10451.9824,0,0,0,0,4,3,0,0,19.09,21.027,0.975,12014.27,394.039063,3.743081,0,0,0,0.06694089,0,0,0,0,0,0.0525820255,0,0,0,59.5,58,16376,4061,12314,75.20127,54.128,6.779904E+07,249856
05/29/2026 12:54:17,42,54,0,51,56,47,47,47,47,66,12.0960007,5.02000046,1.30800009,1.39200008,0.988000035,0.338000029,0.66,3.28000021,2.046,0,3.364,3.364,3.11600018,52,45.5,45.5,45.5,930,706,0,800,733,0,0,0,0,0,26.56,7.81,0,0,3.12,18.75,0,0,7.03,26.56,36.18935,3658,398,4850,1243,48.5,1.31355786,0.65,4760,335,48.5,0.5986234,0.65,2954,134,32.3333321,0.2964796,0.65,3020,125,32.3333321,0.2865372,0.65,3087,212,32.3333321,0.409039736,0.65,4850,984,48.5,1.30073822,0.65,2892,85,32.3333321,0.245833576,0.65,2855,66,32.3333321,0.223396152,0.65,52.3750076,46.3750038,99.99815,26.8124466,11.0683174,70.7811661,10.1427917,4.73797226,68.16042,38.25,0.25,0,55,0,85,0.416,1.01,16,16,16,32,48,30,295,160,130,0,0,0,16,37.25,0.25,0,55,0,85,0.416,1.01,16,16,16,32,48,30,295,160,130,0,0,0,16,512,-1,485.785156,477.9375,7.84765625,7.6015625,7611.34961,7618.951,0,0,0,0,0,0,0,0,0,0,4.184797,7,505,600,1200,3000,49,0.969000041,1.30500007,0,4,17,48,2670,10451.9824,0,0,0,0,4,2,0,0,18.474,17.435,0.975,12014.2734,395.1836,3.649912,0,0,0,0.0580723919,0,0,0,0,0,0.026617337,0,0,0,59.6875,58,16376,4061,12314,75.20127,53.24,4.669952E+07,7.429939E+07
05/29/2026 12:54:19,42,54,0,51,56,47,47,47,47,66,12.0960007,5.03,1.30800009,1.39200008,0.988000035,0.334000021,0.66,3.28000021,2.046,0,3.364,3.364,3.11600018,52,45.5,45.5,45.5,935,701,0,816,734,0,0,0,0,0,20,7.69,3.12,0,1.56,18.46,3.12,0,6.75,20,36.0538979,3501,433,4850,1204,48.5,1.32290483,0.63125,3187,395,32.3333321,0.685024738,0.63125,3012,159,32.3333321,0.326227576,0.63125,2967,134,32.3333321,0.299600482,0.63125,3026,214,32.3333321,0.409878016,0.63125,4850,1123,48.5,1.3888191,0.63125,2999,105,32.3333321,0.27385366,0.63125,3117,132,32.3333321,0.298839957,0.63125,52.5000076,46.3750038,99.99815,26.8142738,11.06649,70.78599,10.1461487,4.73461533,68.18298,38.25,0.25,0,55,0,85,0.416,1.01,16,16,16,32,48,30,295,160,130,0,0,0,16,37.25,0.25,0,55,0,85,0.416,1.01,16,16,16,32,48,30,295,160,130,0,0,0,16,512,-1,485.785156,477.9375,7.84765625,7.6015625,7611.34961,7618.951,0,0,0,0,0,0,0,0,0,0,4.22110128,7,505,600,1200,3000,49,1.0250001,1.30500007,0,6,17,48,2670,10451.9824,0,0,0,0,4,2,0,0,18.305,17.177,0.975,12014.2734,396.4336,3.693357,0,0,0,0.0641249344,0,0,0,0,0,0.0541100837,0,0,0,59.84375,58,16376,4061,12314,75.20127,52.301,49152,249856
05/29/2026 12:54:21,42,54,0,51,56,47,47,47,47,66,12.12,5.03,1.30800009,1.39200008,0.990000069,0.324,0.66,3.28000021,2.046,0,3.36800027,3.364,3.11600018,52,45.5,45.5,45.5,937,699,0,802,716,0,0,0,0,0,26.56,3.17,3.12,0,4.76,28.57,0,1.59,8.47,28.57,36.0860329,3252,397,4850,1194,48.5,1.25011861,0.6375,3099,301,32.3333321,0.5859093,0.6375,3002,159,32.3333321,0.319059849,0.6375,3074,131,32.3333321,0.2877648,0.6375,3015,189,32.3333321,0.3688389,0.6375,3233,1067,32.3333321,1.3682698,0.6375,2880,70,32.3333321,0.22771509,0.6375,2867,65,32.3333321,0.221096426,0.6375,52.6250076,46.3750038,99.99816,26.8115959,11.0691681,70.77892,10.1419258,4.738838,68.1546,38.25,0.25,0,55,0,85,0.416,1.01,16,16,16,32,48,30,295,160,130,0,0,0,16,37.25,0.25,0,55,0,85,0.416,1.01,16,16,16,32,48,30,295,160,130,0,0,0,16,512,-1,485.785156,477.9375,7.84765625,7.6015625,7611.34961,7618.951,0,0,0,0,0,0,0,0,0,0,4.18101454,7,505,600,1200,3000,49,1.04000008,1.30500007,0,11,21,48,2670,10451.9824,0,0,0,0,4,2,0,0,19.598,19.835,0.975,12014.2734,397.9336,3.529404,0,0,0,0.0578111671,0,0,0,0,0,0.04057103,0,0,0,60,58,16376,4061,12314,75.20127,53.496,4.539904E+07,249856
05/29/2026 12:54:24,42,54,0,51,56,47,47,47,47,66,12.12,5.04,1.31000006,1.39200008,0.990000069,0.328,0.66,3.288,2.046,0,3.37200022,3.37200022,3.12000012,52,46,45,45.5,937,699,0,802,715,0,0,0,0,0,23.08,0,1.56,1.56,3.08,15.38,0,3.12,5.97,23.08,36.1076241,3879,397,4850,1058,48.5,1.1728369,0.63125,4702,299,48.5,0.5596193,0.63125,3095,183,32.3333321,0.345180929,0.63125,3041,159,32.3333321,0.322896481,0.63125,4572,220,48.5,0.397456646,0.63125,4850,1068,48.5,1.28751206,0.63125,2900,81,32.3333321,0.252921551,0.63125,3025,107,32.3333321,0.266037822,0.63125,52.5000076,46.3750038,99.99815,26.8085136,11.07225,70.77078,10.1409874,4.73977661,68.1483,38.25,0.25,0,55,0,85,0.416,1.01,16,16,16,32,48,30,295,160,130,0,0,0,16,37.25,0.25,0,55,0,85,0.416,1.01,16,16,16,32,48,30,295,160,130,0,0,0,16,512,-1,485.785156,477.9375,7.84765625,7.6015625,7611.34961,7618.951,0,0,0,0,0,0,0,0,0,0,4.287974,7,505,600,1200,3000,49,0.969000041,1.30500007,0,4,16,48,2670,10451.9824,0,0,0,0,4,2,0,0,19.518,19.315,0.975,12014.2852,400.410156,3.75958824,0,0,0,0.06428032,0,0,0,0,0,0.100161247,0,0,0,59.96875,60,16376,4061,12314,75.20127,54.574,62949376,1849344
05/29/2026 12:54:25,42,55,0,51,56,47,47,47,47,66,12.12,5.04,1.31000006,1.396,0.990000069,0.326,0.66,3.288,2.046,0,3.37200022,3.37200022,3.124,52,46,45.5,45.5,928,704,0,805,734,0,0,0,0,0,25,3.12,3.12,1.54,1.56,17.19,1.54,0,6.63,25,36.2763023,3712,431,4850,1304,48.5,1.30373847,0.575,4765,392,48.5,0.664600134,0.575,3055,186,32.3333321,0.366737157,0.575,3032,141,32.3333321,0.309641182,0.575,3041,230,32.3333321,0.4340991,0.575,4850,973,48.5,1.24805772,0.575,2967,98,32.3333321,0.271015763,0.575,3135,123,32.3333321,0.296502769,0.575,52.5000076,46.3750038,99.99815,26.8138924,11.0668716,70.78499,10.1472511,4.733513,68.19039,38.25,0.25,0,55,0,85,0.416,1.01,16,16,16,32,48,30,295,160,130,0,0,0,16,37.25,0.25,0,55,0,85,0.416,1.01,16,16,16,32,48,30,295,160,130,0,0,0,16,512,-1,485.785156,477.9375,7.84765625,7.6015625,7611.34961,7618.951,0,0,0,0,0,0,0,0,0,0,4.217159,7,505,600,1200,3000,49,0.969000041,1.30500007,0,0,17,49,2670,10451.9824,0,0,0,0,4,2,0,0,19.001,16.989,0.975,12014.2891,402.9414,3.694175,0,0,0,0.06240268,0,0,0,0,0,0.0502743535,0,0,0,60,58,16376,4061,12314,75.20127,53.03,849920,163299328
05/29/2026 12:54:28,42,55,0,51,56,47,47,47,47,66,12.12,5.04,1.312,1.396,0.990000069,0.338000029,0.66,3.288,2.046,0,3.37200022,3.37200022,3.124,52,46,45.5,45.5,928,714,0,805,715,0,0,0,0,0,29.69,6.25,3.12,3.12,1.56,20.31,0,1.56,8.2,29.69,35.8847847,3891,391,4040,1328,40.4,1.35121834,0.51875,3981,343,40.4,0.6232092,0.525,3853,171,40.4,0.33478266,0.525,3799,123,40.4,0.285377741,0.525,3740,179,40.4,0.3498282,0.525,5050,838,50.5,1.18395281,0.5375,3644,76,40.4,0.23764123,0.5375,3018,69,33.6666679,0.223311827,0.5375,52.3750076,46.3750038,99.99816,26.8119621,11.0688019,70.77989,10.145031,4.735733,68.17547,38.25,0.25,0,55,0,85,0.416,1.01,16,16,16,32,48,30,295,160,130,0,0,0,16,37.25,0.25,0,55,0,85,0.416,1.01,16,16,16,32,48,30,295,160,130,0,0,0,16,512,-1,485.785156,477.9375,7.84765625,7.6015625,7611.34961,7618.951,0,0,0,0,0,0,0,0,0,0,4.2049036,7,505,600,1200,3000,50,0.969000041,1.30500007,0,3,16,49,2670,10451.9824,0,0,0,0,5,3,0,0,19.121,22.564,0.975,12014.293,405.394531,3.648731,0,0,0,0.06295861,0,0,0,0,0,0.0369624123,0,0,0,60.25,58,16376,4061,12314,75.20127,52.75,49152,1.633495E+08
05/29/2026 12:54:30,42,56,0,51,56,47,47,47,47,66,12.144001,5.04,1.31000006,1.396,0.998,0.324,0.66,3.288,2.046,0,3.37200022,3.37200022,3.12000012,52,46,45.5,45.5,928,698,0,813,734,0,0,0,0,0,24.62,7.69,4.69,1.56,4.62,32.31,0,0,9.44,32.31,36.5220757,3647,448,4040,1290,40.4,1.36741519,0.63125,4040,450,40.4,0.7513962,0.63125,3110,161,33.6666679,0.352157861,0.63125,3045,110,33.6666679,0.289481252,0.63125,3824,210,40.4,0.415388137,0.63125,5050,1187,50.5,1.48017585,0.63125,3030,92,33.6666679,0.267829865,0.63125,3036,84,33.6666679,0.249622434,0.63125,52.5000076,46.3750038,99.99815,26.8250122,11.0557518,70.81434,10.1455154,4.73524857,68.17873,38.25,0.25,0,55,0,85,0.416,1.01,16,16,16,32,48,30,295,160,130,0,0,0,16,37.25,0.25,0,55,0,85,0.416,1.01,16,16,16,32,48,30,295,160,130,0,0,0,16,512,-1,485.785156,477.9375,7.84765625,7.6015625,7611.34961,7618.951,0,0,0,0,0,0,0,0,0,0,4.265055,7,505,600,1200,3000,49,1.0250001,1.30500007,0,8,17,49,2670,10451.9824,0,0,0,0,4,2,0,0,19.669,23.479,0.975,12014.3008,407.144531,3.715017,0,0,0,0.06035612,0,0,0,0,0,0.07531722,0,0,0,60.3125,58,16376,4061,12314,75.20127,54.283,6.134989E+07,7.414989E+07
05/29/2026 12:54:32,42,56,0,51,56,47,47,47,47,66,12.12,5.04,1.312,1.396,0.986000061,0.324,0.66,3.292,2.046,0,3.37600017,3.37200022,3.124,52,46,45.5,45.5,944,705,0,806,734,0,0,0,0,0,31.25,9.38,6.35,6.35,6.25,15.62,4.76,4.76,10.59,31.25,36.39571,3808,404,4040,1271,40.4,1.32507777,0.55625,3910,327,40.4,0.6116013,0.55625,3783,157,40.4,0.317330658,0.55625,3752,132,40.4,0.287025332,0.55625,3824,228,40.4,0.411252469,0.55,5050,935,50.5,1.23911822,0.55,3018,82,33.6666679,0.240363345,0.55,3087,100,33.6666679,0.2570095,0.55,52.8750076,46.3750038,99.99815,26.81924,11.0615234,70.7991,10.1480637,4.73270035,68.1958542,38.25,0.25,0,55,0,85,0.416,1.01,16,16,16,32,48,30,295,160,130,0,0,0,16,37.25,0.25,0,55,0,85,0.416,1.01,16,16,16,32,48,30,295,160,130,0,0,0,16,512,-1,485.785156,477.9375,7.84765625,7.6015625,7611.34961,7618.951,0,0,0,0,0,0,0,0,0,0,4.219097,7,505,600,1200,3000,50,0.969000041,1.30500007,0,3,16,49,2670,10451.9824,0,0,0,0,4,2,0,0,19.218,22.639,0.975,12014.3047,409.019531,3.78201127,0,0,0,0.0646356642,0,0,0,0,0,0.0564949475,0,0,0,60.4375,58,16376,4061,12314,75.20127,54.441,17799168,7.649997E+07
05/29/2026 12:54:34,42,56,0,51,56,47,47,47,47,66,12.12,5.03,1.31000006,1.39200008,0.998,0.33,0.66,3.288,2.046,0,3.37200022,3.37200022,3.12000012,52,46,45.5,45.5,942,706,0,804,717,0,0,0,0,0,36.92,10.77,0,3.08,7.69,26.15,1.54,1.54,10.96,36.92,36.2675476,3704,433,4850,1368,48.5,1.433702,0.63125,4846,410,48.5,0.676181436,0.64375,2996,150,32.3333321,0.333953857,0.64375,3028,133,32.3333321,0.312871933,0.64375,3006,195,32.3333321,0.397229016,0.64375,4850,969,48.5,1.29075134,0.64375,2935,97,32.3333321,0.275684178,0.64375,3125,142,32.3333321,0.313004434,0.64375,52.6250076,46.3750038,99.99815,26.8184471,11.0623169,70.7970047,10.142498,4.738266,68.15845,38.25,0.25,0,55,0,85,0.416,1.01,16,16,16,32,48,30,295,160,130,0,0,0,16,37.25,0.25,0,55,0,85,0.416,1.01,16,16,16,32,48,30,295,160,130,0,0,0,16,512,-1,485.785156,477.9375,7.84765625,7.6015625,7611.34961,7618.951,0,0,0,0,0,0,0,0,0,0,4.345313,7,505,600,1200,3000,49,0.965000033,1.30500007,0,2,16,49,2670,10451.9824,0,0,0,0,4,2,0,0,19.1,17.279,0.975,12014.3164,410.144531,3.78874731,0,0,0,0.05901743,0,0,0,0,0,0.025193898,0,0,0,60.6875,58,16376,4061,12314,75.20127,52.971,59449344,1849344
05/29/2026 12:54:35,42,56,0,51,56,47,47,47,47,66,12.12,5.04,1.312,1.396,0.994,0.326,0.66,3.292,2.046,0,3.37600017,3.37200022,3.124,52,46,45.5,45.5,930,706,0,804,733,0,0,0,0,0,21.88,10.94,3.12,3.12,1.56,12.5,1.56,0,6.84,21.88,35.6119347,3835,386,4850,1282,48.5,1.33332562,0.65,4669,318,48.5,0.546845555,0.65,2988,146,32.3333321,0.316299736,0.65,3121,157,32.3333321,0.315138847,0.65,4420,175,48.5,0.356121719,0.64375,4850,845,48.5,1.16868269,0.64375,2890,81,32.3333321,0.242867842,0.64375,2892,86,32.3333321,0.238098219,0.64375,52.5000076,46.3750038,99.99815,26.8119125,11.0688515,70.7797546,10.1459312,4.734833,68.18152,38.25,0.25,0,55,0,85,0.416,1.01,16,16,16,32,48,30,295,160,130,0,0,0,16,37.25,0.25,0,55,0,85,0.416,1.01,16,16,16,32,48,30,295,160,130,0,0,0,16,512,-1,485.785156,477.9375,7.84765625,7.6015625,7611.34961,7618.951,0,0,0,0,0,0,0,0,0,0,3.97147346,7,505,600,1200,3000,49,0.974000037,1.30500007,0,2,17,49,2670,10451.9824,0,0,0,0,4,2,0,0,19.488,19.612,0.975,12014.3242,411.769531,3.62812924,0,0,0,0.0638490841,0,0,0,0,0,0.0500142723,0,0,0,60.71875,60,16376,4061,12314,75.20127,53.369,849920,148549632
05/29/2026 12:54:38,42,56,0,51,56,50,50,50,50,68,12.12,5.04,1.312,1.396,1.05800009,0.334000021,0.66,3.288,2.046,0,3.37600017,3.37200022,3.124,58,46,45.5,45.5,933,706,0,818,715,0,0,0,0,0,76.56,17.19,6.25,3.12,6.25,37.5,4.69,6.25,19.73,76.56,40.8856239,4252,1080,5050,3855,50.5,3.26864481,0.54375,4040,860,40.4,1.21029472,0.54375,4040,488,40.4,0.7473802,0.54375,3971,251,40.4,0.467685,0.54375,4970,473,50.5,0.77029115,0.54375,4040,2216,40.4,2.4021318,0.54375,3864,212,40.4,0.379140317,0.54375,4040,286,40.4,0.3999236,0.54375,58.8750076,47.3750038,99.99816,26.5046425,11.3761215,69.968605,10.6068115,4.27395248,71.27867,38.25,0.25,0,55,0,85,0.416,1.01,16,16,16,32,48,30,295,160,130,0,0,0,16,37.25,0.25,0,55,0,85,0.416,1.01,16,16,16,32,48,30,295,160,130,0,0,0,16,512,-1,485.785156,477.9375,7.84765625,7.6015625,7611.34961,7618.951,0,0,0,0,0,0,0,0,0,0,1.461551,7,505,600,1200,3000,50,1.05500007,1.30500007,0,10,17,49,2670,10451.9824,0,0,0,0,0,0,0,0,17.114,19.844,0.975,11098.7656,589.8906,0.102945447,0,0,0,1.44712579,0,0,0,0,0,3.21662784,0,0,0,60.59375,58,16376,4976,11399,69.6101761,49.536,0,4.249907E+07
05/29/2026 12:54:40,44,56,0,52,57,54,54,54,54,72,12.144001,5.04,1.312,1.396,0.994,0.334000021,0.66,3.292,2.046,0,3.37600017,3.37200022,3.124,57,46.5,45.5,45.5,963,706,0,821,737,0,0,0,0,0,30.16,9.52,6.35,3.17,7.94,20.63,1.59,1.59,10.12,30.16,43.1592827,3809,599,5050,1990,50.5,1.91207635,0.5875,4040,649,40.4,0.998458862,0.5875,3207,227,33.6666679,0.486391485,0.5875,3175,190,33.6666679,0.3917703,0.5875,3897,387,40.4,0.629976332,0.5875,4040,1072,40.4,1.33701789,0.5875,3108,134,33.6666679,0.316697568,0.5875,3952,142,40.4,0.323348939,0.58125,58.3750076,48.3750038,99.99815,27.3755188,10.5052452,72.2676,10.4627533,4.41801071,70.31059,38.25,0.25,0,55,0,85,0.416,1.01,16,16,16,32,48,30,295,160,130,0,0,0,16,37.25,0.25,0,55,0,85,0.416,1.01,16,16,16,32,48,30,295,160,130,0,0,0,16,512,-1,485.785156,477.9375,7.84765625,7.6015625,7611.34961,7618.951,0,0,0,0,0,0,0,0,0,0,4.354644,7,505,600,1200,3000,50,0.969000041,1.30500007,0,2,17,50,2670,10451.9824,0,0,0,0,6,3,0,0,19.057,24.209,0.975,12167.1328,421.085938,6.604027,0,0,0,0.6781581,0,0,0,0,0,0.968936145,0,0,0,60.90625,60,16376,3908,12467,76.1345,56.547,799744,1.656494E+08
05/29/2026 12:54:42,45,56,0,53,58,54,54,54,54,71,12.144001,5.04,1.312,1.396,0.986000061,0.338000029,0.66,3.288,2.046,0,3.37200022,3.37200022,3.12000012,55,46,45.5,45.5,980,706,0,810,742,0,0,0,0,0,15.87,4.76,1.59,1.59,4.76,14.29,0,0,5.36,15.87,36.3617821,3684,459,4850,1452,48.5,1.50515163,0.5625,3233,444,32.3333321,0.819747031,0.5625,4522,181,48.5,0.382721841,0.5625,3019,138,32.3333321,0.3195324,0.5625,3077,278,32.3333321,0.5244287,0.5625,4850,976,48.5,1.27193046,0.5625,2917,100,32.3333321,0.26758793,0.61875,3001,103,32.3333321,0.260765851,0.61875,55.8750076,46.3750038,99.99815,27.3684273,10.5123367,72.24888,10.4550095,4.42575455,70.25855,38.25,0.25,0,55,0,85,0.416,1.01,16,16,16,32,48,30,295,160,130,0,0,0,16,37.25,0.25,0,55,0,85,0.416,1.01,16,16,16,32,48,30,295,160,130,0,0,0,16,512,-1,485.785156,477.9375,7.84765625,7.6015625,7611.34961,7618.951,0,0,0,0,0,0,0,0,0,0,4.387425,7,505,600,1200,3000,49,1.04500008,1.30500007,0,5,17,50,2670,10451.9824,0,0,0,0,5,3,0,0,19.091,17.773,0.975,12167.1328,421.210938,4.92766571,0,0,0,0.006777829,0,0,0,0,0,0,0,0,0,61.03125,60,16376,3908,12467,76.1345,54.814,999424,99328
05/29/2026 12:54:44,45,56,0,54,59,52,52,52,52,69,12.12,5.04,1.312,1.396,0.992000043,0.336000025,0.66,3.288,2.046,0,3.37200022,3.37200022,3.124,54,46,45,45.5,980,706,0,829,756,0,0,0,0,0,23.08,10.77,3.12,1.56,1.56,27.69,0,0,8.47,27.69,35.5043373,3870,385,4850,1070,48.5,1.24817872,0.64375,4709,336,48.5,0.7101039,0.64375,3057,163,32.3333321,0.3150909,0.64375,3002,113,32.3333321,0.255062,0.64375,4567,208,48.5,0.4168183,0.64375,4850,1034,48.5,1.25731361,0.64375,2983,86,32.3333321,0.215442359,0.64375,2945,69,32.3333321,0.19893229,0.64375,54.5000076,46.3750038,99.99816,27.23846,10.6423035,71.9057846,10.421772,4.458992,70.0351944,38.25,0.25,0,55,0,85,0.416,1.01,16,16,16,32,48,30,295,160,130,0,0,0,16,37.25,0.25,0,55,0,85,0.416,1.01,16,16,16,32,48,30,295,160,130,0,0,0,16,512,-1,485.785156,477.9375,7.84765625,7.6015625,7611.34961,7618.951,0,0,0,0,0,0,0,0,0,0,4.132986,7,505,600,1200,3000,49,0.969000041,1.30500007,0,2,17,49,2670,10451.9824,0,0,0,0,5,3,0,0,19.342,20.274,0.975,12180.3672,421.328125,4.631106,0,0,0,0.0251092762,0,0,0,0,0,0,0,0,0,61.03125,60,16376,3895,12480,76.21515,55.813,1049600,9.264947E+07
05/29/2026 12:54:46,44,56,0,54,59,51,51,51,51,69,12.12,5.04,1.312,1.396,0.984,0.326,0.66,3.288,2.046,0,3.37200022,3.37200022,3.124,54,46,45.5,45.5,977,707,0,856,749,0,0,0,0,0,20,6.15,3.12,1.56,4.69,15.38,1.56,1.56,6.75,20,37.45099,4117,434,4850,1247,48.5,1.40085781,0.64375,4850,442,48.5,0.7310012,0.64375,4617,180,48.5,0.354899466,0.64375,3000,115,32.3333321,0.280337662,0.64375,4621,260,48.5,0.467926919,0.64375,4850,996,48.5,1.222173,0.64375,3022,113,32.3333321,0.261960357,0.64375,3124,118,32.3333321,0.2647383,0.64375,54.2500076,46.3750038,99.99816,27.0559158,10.8248482,71.42389,10.2751961,4.605568,69.05019,38.25,0.25,0,55,0,85,0.416,1.01,16,16,16,32,48,30,295,160,130,0,0,0,16,37.25,0.25,0,55,0,85,0.416,1.01,16,16,16,32,48,30,295,160,130,0,0,0,16,512,-1,485.785156,477.9375,7.84765625,7.6015625,7611.34961,7618.951,0,0,0,0,0,0,0,0,0,0,4.32803,7,505,600,1200,3000,49,0.974000037,1.30500007,0,2,17,50,2670,10451.9824,0,0,0,0,5,3,0,0,18.552,18.638,0.975,12180.3672,421.328125,4.78081036,0,0,0,0.004098597,0,0,0,0,0,0,0,0,0,61.28125,60,16376,3895,12480,76.21515,56.284,999424,8.704922E+07
05/29/2026 12:54:48,44,56,0,54,59,51,51,51,51,69,12.12,5.04,1.312,1.396,0.996000051,0.324,0.66,3.288,2.046,0,3.37200022,3.37200022,3.124,54,46,45.5,45.5,963,707,0,839,752,0,0,0,0,0,28.12,1.56,3.17,3.17,1.59,21.88,1.59,0,7.64,28.12,36.78015,3630,484,5050,1503,50.5,1.60153615,0.55,3985,403,40.4,0.7528988,0.55,3051,160,33.6666679,0.369854569,0.55,3039,105,33.6666679,0.307150722,0.55,3854,244,40.4,0.5104138,0.55,4040,1284,40.4,1.50670314,0.55,2960,85,33.6666679,0.261982828,0.55,3063,92,33.6666679,0.264487982,0.55,54.0000076,46.3750038,99.99816,27.07294,10.8078232,71.4688339,10.2734947,4.60726929,69.03876,38.25,0.25,0,55,0,85,0.416,1.01,16,16,16,32,48,30,295,160,130,0,0,0,16,37.25,0.25,0,55,0,85,0.416,1.01,16,16,16,32,48,30,295,160,130,0,0,0,16,512,-1,485.785156,477.9375,7.84765625,7.6015625,7611.34961,7618.951,0,0,0,0,0,0,0,0,0,0,4.255134,7,505,600,1200,3000,49,0.965000033,1.30500007,0,3,16,50,2670,10451.9824,0,0,0,0,4,2,0,0,17.954,21.775,0.975,12198.4492,421.4453,3.42082119,0,0,0,0.09989084,0,0,0,0,0,0,0,0,0,61.34375,60,16376,3876,12499,76.32554,52.287,799744,161899520
05/29/2026 12:54:50,44,56,0,54,59,50,50,50,50,68,12.12,5.03,1.31000006,1.39200008,0.998,0.328,0.66,3.288,2.046,0,3.37200022,3.36800027,3.12000012,53,46,45,45.5,979,707,0,860,771,0,0,0,0,0,29.69,4.69,3.12,0,0,35.94,1.56,0,9.38,35.94,37.0695419,3476,519,4040,1255,40.4,1.44366765,0.5625,4030,474,40.4,0.884142756,0.55625,3107,187,33.6666679,0.44444102,0.55625,3066,131,33.6666679,0.363920867,0.5625,3203,288,33.6666679,0.5930061,0.5625,4040,1589,40.4,1.766432,0.5625,3068,102,33.6666679,0.3231189,0.575,3254,124,33.6666679,0.3350403,0.575,53.7500076,46.3750038,99.99816,27.07869,10.8020744,71.48401,10.2703819,4.610382,69.01784,38.25,0.25,0,55,0,85,0.416,1.01,16,16,16,32,48,30,295,160,130,0,0,0,16,37.25,0.25,0,55,0,85,0.416,1.01,16,16,16,32,48,30,295,160,130,0,0,0,16,512,-1,485.785156,477.9375,7.84765625,7.6015625,7611.34961,7618.951,0,0,0,0,0,0,0,0,0,0,4.354666,7,505,600,1200,3000,49,0.974000037,1.30500007,0,7,20,50,2670,10451.9824,0,0,0,0,4,2,0,0,18.323,19.023,0.975,12200.8242,421.4453,3.233819,0,0,0,0.079018034,0,0,0,0,0,0.04318682,0,0,0,61.375,60,16376,3874,12501,76.34004,52.522,1049600,8.294912E+07
05/29/2026 12:54:52,43,56,0,53,58,49,49,49,49,67,12.144001,5.04,1.312,1.396,0.996000051,0.326,0.66,3.292,2.046,0,3.37200022,3.37200022,3.124,53,46,45.5,45.5,956,707,0,858,753,0,0,0,0,0,24.62,7.69,6.15,4.62,3.08,29.23,3.08,3.08,10.19,29.23,37.00571,3661,455,4850,1188,48.5,1.32416832,0.63125,4762,386,48.5,0.717817664,0.63125,3023,175,32.3333321,0.3700739,0.63125,2998,125,32.3333321,0.313374251,0.63125,2981,203,32.3333321,0.4202862,0.63125,4850,1403,48.5,1.61901593,0.63125,2897,73,32.3333321,0.269833416,0.63125,2925,85,32.3333321,0.265011579,0.63125,53.7500076,46.3750038,99.99816,27.09954,10.7812233,71.5390549,10.2982788,4.582485,69.20531,38.25,0.25,0,55,0,85,0.416,1.01,16,16,16,32,48,30,295,160,130,0,0,0,16,37.25,0.25,0,55,0,85,0.416,1.01,16,16,16,32,48,30,295,160,130,0,0,0,16,512,-1,485.785156,477.9375,7.84765625,7.6015625,7611.34961,7618.951,0,0,0,0,0,0,0,0,0,0,4.32236,7,505,600,1200,3000,49,0.979000032,1.30500007,0,0,16,50,2670,10451.9824,0,0,0,0,4,2,0,0,18.627,23.556,0.975,12200.8242,421.4453,3.2864573,0,0,0,0.06661895,0,0,0,0,0,0,0,0,0,61.5,60,16376,3874,12501,76.34004,54.293,799744,8.32E+07
05/29/2026 12:54:54,43,56,0,53,57,49,49,49,49,67,12.12,5.03,1.31000006,1.396,0.990000069,0.332000017,0.66,3.288,2.046,0,3.37200022,3.36800027,3.124,53,46,45,45.5,944,707,0,832,749,0,0,0,0,0,18.75,10.94,3.08,0,0,26.56,0,0,7.42,26.56,36.8362579,3665,470,4850,1157,48.5,1.31662583,0.6375,4761,424,48.5,0.772304654,0.6375,3025,176,32.3333321,0.394878983,0.6375,2995,123,32.3333321,0.327803433,0.6375,3005,217,32.3333321,0.469436437,0.6375,4850,1496,48.5,1.68256938,0.64375,2968,102,32.3333321,0.2997898,0.64375,2864,68,32.3333321,0.264678717,0.64375,53.6250076,46.3750038,99.99815,27.0797157,10.8010483,71.48672,10.2774048,4.603359,69.06503,38.25,0.25,0,55,0,85,0.416,1.01,16,16,16,32,48,30,295,160,130,0,0,0,16,37.25,0.25,0,55,0,85,0.416,1.01,16,16,16,32,48,30,295,160,130,0,0,0,16,512,-1,485.785156,477.9375,7.84765625,7.6015625,7611.34961,7618.951,0,0,0,0,0,0,0,0,0,0,4.355078,7,505,600,1200,3000,49,0.979000032,1.30500007,0,2,16,50,2670,10451.9824,0,0,0,0,4,2,0,0,18.019,22.049,0.975,12200.8164,417.21875,3.33552551,0,0,0,0.0614943877,0,0,0,0,0,0.05958657,0,0,0,61.625,60,16376,3874,12501,76.34004,53.664,799744,8.279962E+07
05/29/2026 12:54:56,43,56,0,53,57,49,49,49,49,67,12.144001,5.04,1.312,1.39200008,0.992000043,0.332000017,0.66,3.288,2.046,0,3.37200022,3.37200022,3.12000012,53,46.5,45,45.5,957,707,0,821,737,0,0,0,0,0,22.22,7.94,0,1.59,4.76,25.4,0,0,7.74,25.4,36.1559143,3458,428,4850,1127,48.5,1.31897962,0.64375,3155,372,32.3333321,0.687334955,0.64375,3003,154,32.3333321,0.338786781,0.64375,3012,141,32.3333321,0.306411147,0.64375,3034,207,32.3333321,0.432685256,0.64375,4850,1271,48.5,1.467411,0.64375,2870,72,32.3333321,0.241538048,0.64375,2891,80,32.3333321,0.243563429,0.64375,53.3750076,45.8750038,99.99815,27.0766182,10.8041458,71.4785461,10.2748756,4.60588837,69.0480347,38.25,0.25,0,55,0,85,0.416,1.01,16,16,16,32,48,30,295,160,130,0,0,0,16,37.25,0.25,0,55,0,85,0.416,1.01,16,16,16,32,48,30,295,160,130,0,0,0,16,512,-1,485.785156,477.9375,7.84765625,7.6015625,7611.34961,7618.951,0,0,0,0,0,0,0,0,0,0,4.227254,7,505,600,1200,3000,49,0.965000033,1.30500007,0,2,16,50,2670,10451.9824,0,0,0,0,4,2,0,0,17.948,21.202,0.975,12200.8164,417.21875,3.16440582,0,0,0,0.04185353,0,0,0,0,0,0,0,0,0,61.65625,60,16376,3874,12501,76.34004,52.029,849920,157549568
05/29/2026 12:54:58,42,56,0,52,57,48,48,48,48,67,12.12,5.04,1.312,1.396,0.994,0.336000025,0.66,3.288,2.046,0,3.37200022,3.37200022,3.124,52,46.5,45,45.5,954,707,0,822,732,0,0,0,0,0,27.69,9.23,4.69,4.69,7.69,32.31,4.69,3.12,11.76,32.31,36.04843,3494,437,4850,1119,48.5,1.3026669,0.64375,3233,447,32.3333321,0.8027764,0.64375,3056,182,32.3333321,0.375264138,0.64375,2974,119,32.3333321,0.296072721,0.64375,3030,211,32.3333321,0.419668972,0.64375,4850,1226,48.5,1.45228636,0.64375,2990,93,32.3333321,0.270958155,0.64375,2965,96,32.3333321,0.263479263,0.64375,52.7500076,46.3750038,99.99816,27.0771751,10.8035889,71.48001,10.26939,4.611374,69.01118,38.25,0.25,0,55,0,85,0.416,1.01,16,16,16,32,48,30,295,160,130,0,0,0,16,37.25,0.25,0,55,0,85,0.416,1.01,16,16,16,32,48,30,295,160,130,0,0,0,16,512,-1,485.785156,477.9375,7.84765625,7.6015625,7611.34961,7618.951,0,0,0,0,0,0,0,0,0,0,4.213254,7,505,600,1200,3000,50,0.965000033,1.30500007,0,2,17,50,2670,10451.9824,0,0,0,0,4,2,0,0,18.398,23.353,0.975,12200.8164,417.21875,3.11921382,0,0,0,0.03885314,0,0,0,0,0,0,0,0,0,61.84375,60,16376,3874,12501,76.34004,52.998,899072,8.20992E+07
05/29/2026 12:55:00,42,56,0,51,56,47,47,47,47,66,12.12,5.04,1.31000006,1.39200008,0.984,0.336000025,0.66,3.288,2.046,0,3.37200022,3.37200022,3.124,52,46,45,45.5,936,707,0,818,745,0,0,0,0,0,23.81,3.17,1.59,0,4.76,20.63,0,0,6.75,23.81,35.7207756,3867,399,4850,1016,48.5,1.20591974,0.64375,4783,345,48.5,0.659221,0.64375,3019,156,32.3333321,0.3263236,0.64375,3004,116,32.3333321,0.283978015,0.64375,4613,240,48.5,0.421965927,0.64375,4850,1168,48.5,1.386064,0.64375,2918,81,32.3333321,0.240799263,0.64375,2896,71,32.3333321,0.223533422,0.64375,52.5000076,46.3750038,99.99816,27.0735817,10.8071823,71.47053,10.2718658,4.608898,69.02781,38.25,0.25,0,55,0,85,0.416,1.01,16,16,16,32,48,30,295,160,130,0,0,0,16,37.25,0.25,0,55,0,85,0.416,1.01,16,16,16,32,48,30,295,160,130,0,0,0,16,512,-1,485.785156,477.9375,7.84765625,7.6015625,7611.34961,7618.951,0,0,0,0,0,0,0,0,0,0,4.258906,7,505,600,1200,3000,49,1.04500008,1.30500007,0,10,17,50,2670,10451.9824,0,0,0,0,4,2,0,0,18.533,19.382,0.975,12200.8164,417.21875,3.140699,0,0,0,0.0345143527,0,0,0,0,0,0,0,0,0,61.90625,60,16376,3874,12501,76.34004,54.038,999424,8.189952E+07
05/29/2026 12:55:02,42,56,0,51,56,47,47,47,47,66,12.12,5.04,1.312,1.396,0.998,0.324,0.66,3.288,2.046,0,3.37200022,3.37200022,3.124,52,46.5,45,45.5,934,706,0,831,721,0,0,0,0,0,23.08,3.08,1.54,1.54,1.54,20,3.08,0,6.73,23.08,36.3858681,3688,438,4850,1184,48.5,1.34330118,0.64375,4826,406,48.5,0.7151615,0.64375,2931,146,32.3333321,0.33591193,0.64375,2989,155,32.3333321,0.325650126,0.64375,3007,212,32.3333321,0.417931,0.64375,4850,1186,48.5,1.41328025,0.64375,2952,102,32.3333321,0.277609169,0.64375,3097,117,32.3333321,0.286698043,0.64375,52.3750076,46.3750038,99.99815,27.08347,10.7972946,71.49663,10.279808,4.600956,69.0811844,38.25,0.25,0,55,0,85,0.416,1.01,16,16,16,32,48,30,295,160,130,0,0,0,16,37.25,0.25,0,55,0,85,0.416,1.01,16,16,16,32,48,30,295,160,130,0,0,0,16,512,-1,485.785156,477.9375,7.84765625,7.6015625,7611.34961,7618.951,0,0,0,0,0,0,0,0,0,0,4.17563629,7,505,600,1200,3000,49,0.979000032,1.30500007,0,3,17,50,2670,10451.9824,0,0,0,0,4,2,0,0,17.885,20.227,0.975,12200.82,419.136719,3.25517082,0,0,0,0.0391857326,0,0,0,0,0,0.008463249,0,0,0,61.9375,60,16376,3874,12501,76.34004,52.65,849920,8.369971E+07
05/29/2026 12:55:04,42,56,0,51,56,47,47,47,47,66,12.12,5.04,1.312,1.396,0.988000035,0.34,0.66,3.288,2.046,0,3.37200022,3.37200022,3.124,52,46,45,45.5,936,707,0,803,734,0,0,0,0,0,15.38,7.69,1.54,0,1.54,18.46,1.54,0,5.77,18.46,36.24593,4089,407,4040,1099,40.4,1.25665283,0.5375,3989,361,40.4,0.636345,0.5375,4722,168,50.5,0.328921258,0.5375,3659,109,40.4,0.266345173,0.5375,3751,199,40.4,0.3753412,0.5375,5050,1113,50.5,1.34787714,0.55,3750,112,40.4,0.264235735,0.55625,3750,95,40.4,0.25345242,0.55625,52.2500076,45.8750038,99.99815,27.0744133,10.8063507,71.4727249,10.27235,4.6084137,69.03107,38.25,0.25,0,55,0,85,0.416,1.01,16,16,16,32,48,30,295,160,130,0,0,0,16,37.25,0.25,0,55,0,85,0.416,1.01,16,16,16,32,48,30,295,160,130,0,0,0,16,512,-1,485.785156,477.9375,7.84765625,7.6015625,7611.34961,7618.951,0,0,0,0,0,0,0,0,0,0,4.24084473,7,505,600,1200,3000,49,0.979000032,1.30500007,0,2,17,50,2670,10451.9824,0,0,0,0,4,2,0,0,18.306,18.995,0.975,12200.82,419.136719,3.18234777,0,0,0,0.0335306451,0,0,0,0,0,0,0,0,0,62.09375,60,16376,3874,12501,76.34004,52.479,149504,161099776
05/29/2026 12:55:06,42,56,0,51,56,47,47,47,47,66,12.0960007,5.03,1.30800009,1.39200008,0.990000069,0.324,0.66,3.28000021,2.046,0,3.364,3.364,3.11600018,52,46,45,45.5,941,707,0,804,715,0,0,0,0,0,23.44,14.06,3.12,4.69,4.69,15.62,3.12,3.12,8.98,23.44,36.0333138,3505,426,4850,1098,48.5,1.29508853,0.64375,3233,429,32.3333321,0.7160713,0.64375,2996,150,32.3333321,0.323130131,0.64375,2988,132,32.3333321,0.299681455,0.65,3014,232,32.3333321,0.43927294,0.65,4850,1131,48.5,1.36236525,0.65,2931,101,32.3333321,0.265806317,0.65,3180,133,32.3333321,0.2948673,0.65,52.0000076,46.3750038,99.99815,27.08435,10.7964134,71.4989548,10.2795219,4.601242,69.07926,38.25,0.25,0,55,0,85,0.416,1.01,16,16,16,32,48,30,295,160,130,0,0,0,16,37.25,0.25,0,55,0,85,0.416,1.01,16,16,16,32,48,30,295,160,130,0,0,0,16,512,-1,485.785156,477.9375,7.84765625,7.6015625,7611.34961,7618.951,0,0,0,0,0,0,0,0,0,0,4.24932051,7,505,600,1200,3000,49,0.965000033,1.30500007,0,0,16,50,2670,10451.9824,0,0,0,0,4,2,0,0,18.774,21.798,0.975,12200.82,419.136719,3.05821943,0,0,0,0.0323125161,0,0,0,0,0,0,0,0,0,62.15625,62,16376,3874,12501,76.34004,54.28,849920,8.399974E+07
05/29/2026 12:55:08,42,56,0,51,56,47,47,47,47,66,12.0960007,5.03,1.30800009,1.39200008,0.984,0.324,0.66,3.28000021,2.046,0,3.364,3.364,3.11600018,52,46,45,45.5,939,706,0,802,734,0,0,0,0,0,17.19,3.12,0,1.56,0,18.75,1.56,0,5.27,18.75,35.975853,3465,410,4850,1119,48.5,1.29836416,0.64375,3204,357,32.3333321,0.67229414,0.64375,2987,142,32.3333321,0.313639164,0.64375,3030,129,32.3333321,0.281836867,0.64375,2965,189,32.3333321,0.361877024,0.64375,4850,1190,48.5,1.40315986,0.64375,2945,86,32.3333321,0.242427275,0.64375,2891,66,32.3333321,0.221283868,0.64375,52.0000076,46.3750038,99.99815,27.08223,10.7985344,71.4933548,10.27882,4.601944,69.07455,38.25,0.25,0,55,0,85,0.416,1.01,16,16,16,32,48,30,295,160,130,0,0,0,16,37.25,0.25,0,55,0,85,0.416,1.01,16,16,16,32,48,30,295,160,130,0,0,0,16,512,-1,485.785156,477.9375,7.84765625,7.6015625,7611.34961,7618.951,0,0,0,0,0,0,0,0,0,0,4.2952776,7,505,600,1200,3000,49,0.965000033,1.30500007,0,5,17,50,2670,10451.9824,0,0,0,0,4,2,0,0,18.292,18.474,0.975,12200.82,419.136719,3.08701563,0,0,0,0.0337018,0,0,0,0,0,0,0,0,0,62.375,62,16376,3874,12501,76.34004,54.262,1049600,8.389939E+07
05/29/2026 12:55:10,42,56,0,51,56,47,47,47,47,66,12.0960007,5.03,1.30800009,1.388,0.990000069,0.324,0.66,3.28000021,2.046,0,3.364,3.364,3.11600018,52,46,45,45.5,934,707,0,816,715,0,0,0,0,0,20,7.69,3.08,4.62,4.62,15.38,0,1.54,7.12,20,36.2387123,3588,452,4040,1282,40.4,1.44667733,0.56875,3937,384,40.4,0.713918746,0.56875,3148,178,33.6666679,0.360645771,0.56875,3136,130,33.6666679,0.301739216,0.54375,3132,227,33.6666679,0.4378482,0.54375,5050,1192,50.5,1.39283824,0.53125,3240,148,33.6666679,0.3183324,0.53125,3020,78,33.6666679,0.250322074,0.53125,52.1250076,47.6250038,99.9981461,27.086319,10.794445,71.50415,10.27829,4.602474,69.0709839,38.25,0.25,0,55,0,85,0.416,1.01,16,16,16,32,48,30,295,160,130,0,0,0,16,37.25,0.25,0,55,0,85,0.416,1.01,16,16,16,32,48,30,295,160,130,0,0,0,16,512,-1,485.785156,477.9375,7.84765625,7.6015625,7611.34961,7618.951,0,0,0,0,0,0,0,0,0,0,4.204962,7,505,600,1200,3000,49,0.969000041,1.30500007,0,2,17,51,2670,10451.9824,0,0,0,0,4,2,0,0,17.898,19.526,0.975,12200.82,419.136719,3.171592,0,0,0,0.0326194,0,0,0,0,0,0,0,0,0,62.28125,62,16376,3874,12501,76.34004,52.566,849920,8.379904E+07
05/29/2026 12:55:12,42,56,0,51,56,47,47,47,47,66,12.12,5.04,1.312,1.396,0.992000043,0.334000021,0.66,3.288,2.046,0,3.37200022,3.37200022,3.124,52,46,45,45.5,932,706,0,804,716,0,0,0,0,0,17.19,9.38,3.08,1.54,4.62,17.19,0,1.54,6.81,17.19,36.7942,3905,408,4040,1107,40.4,1.27645755,0.5625,3985,378,40.4,0.6694442,0.5625,3694,154,40.4,0.312874317,0.5625,4652,140,50.5,0.292639017,0.5625,3647,193,40.4,0.3710901,0.5625,4040,1128,40.4,1.35508871,0.525,3600,86,40.4,0.2386683,0.525,3580,75,40.4,0.226908118,0.525,52.1250076,46.3750038,99.99816,27.11325,10.7675133,71.57525,10.3093224,4.57144165,69.2795258,38.25,0.25,0,55,0,85,0.416,1.01,16,16,16,32,48,30,295,160,130,0,0,0,16,37.25,0.25,0,55,0,85,0.416,1.01,16,16,16,32,48,30,295,160,130,0,0,0,16,512,-1,485.785156,477.9375,7.84765625,7.6015625,7611.34961,7618.951,0,0,0,0,0,0,0,0,0,0,4.27764,7,505,600,1200,3000,49,0.969000041,1.30500007,0,2,17,51,2670,10451.9824,0,0,0,0,4,2,0,0,18.574,22.739,0.975,12200.82,419.136719,3.21442676,0,0,0,0.0396368019,0,0,0,0,0,0,0,0,0,62.46875,60,16376,3874,12501,76.34004,53.182,1299456,8.669901E+07
05/29/2026 12:55:14,42,56,0,51,56,47,47,47,47,66,12.12,5.04,1.312,1.39200008,0.996000051,0.324,0.66,3.292,2.046,0,3.37200022,3.37200022,3.124,52,46,45,45.5,933,706,0,802,734,0,0,0,0,0,31.25,7.81,1.54,1.56,4.69,17.19,3.12,0,8.4,31.25,35.9513779,3690,430,4850,1220,48.5,1.3809824,0.625,4834,413,48.5,0.739028037,0.625,2961,143,32.3333321,0.3285673,0.625,2932,121,32.3333321,0.2913889,0.625,3038,206,32.3333321,0.431067824,0.625,4850,1112,48.5,1.304197,0.625,3091,137,32.3333321,0.3019882,0.625,2961,84,32.3333321,0.237036467,0.625,52.0000076,45.8750038,99.99815,27.0869484,10.7938156,71.50581,10.2793007,4.60146332,69.077774,38.25,0.25,0,55,0,85,0.416,1.01,16,16,16,32,48,30,295,160,130,0,0,0,16,37.25,0.25,0,55,0,85,0.416,1.01,16,16,16,32,48,30,295,160,130,0,0,0,16,512,-1,485.785156,477.9375,7.84765625,7.6015625,7611.34961,7618.951,0,0,0,0,0,0,0,0,0,0,4.229291,7,505,600,1200,3000,49,1.03500009,1.30500007,0,6,17,51,2670,10451.9824,0,0,0,0,4,2,0,0,18.622,22.041,0.975,12200.82,419.136719,3.13978267,0,0,0,0.0358788222,0,0,0,0,0,0,0,0,0,62.625,62,16376,3874,12501,76.34004,54.789,4149248,8.169984E+07
05/29/2026 12:55:16,42,56,0,51,56,47,47,47,47,65,12.12,5.04,1.31000006,1.396,0.996000051,0.328,0.66,3.288,2.046,0,3.37200022,3.37200022,3.12000012,51,46,45,45.5,928,706,0,805,716,0,0,0,0,0,17.46,6.25,0,0,4.69,23.81,0,3.12,6.92,23.81,36.01418,4412,413,4850,1265,48.5,1.39062643,0.6625,4835,391,48.5,0.688313663,0.6625,4498,157,48.5,0.3326565,0.6625,4355,106,48.5,0.275480658,0.6625,4537,218,48.5,0.432434827,0.6625,4850,973,48.5,1.24424148,0.6625,4406,91,48.5,0.268101126,0.6625,2962,102,32.3333321,0.257945776,0.63125,51.8750076,45.8750038,99.99815,27.0273628,10.8534012,71.34852,10.2349892,4.645775,68.78,38.25,0.25,0,55,0,85,0.416,1.01,16,16,16,32,48,30,295,160,130,0,0,0,16,37,0.25,0,55,0,85,0.416,1.01,16,16,16,32,48,30,295,160,130,0,0,0,16,512,-1,485.785156,477.9375,7.84765625,7.6015625,7611.34961,7618.951,0,0,0,0,0,0,0,0,0,0,4.31731033,7,505,600,1200,3000,49,0.969000041,1.30500007,0,9,18,51,2670,10451.9824,0,0,0,0,4,2,0,0,18.054,18.276,0.975,12200.82,419.136719,3.06089449,0,0,0,0.0298319086,0,0,0,0,0,0,0,0,0,62.6875,62,16376,3874,12501,76.34004,53.57,1049600,7.879987E+07
05/29/2026 12:55:18,41,56,0,50,55,45,45,45,45,65,12.12,5.03,1.312,1.39200008,0.998,0.334000021,0.66,3.288,2.046,0,3.37200022,3.37200022,3.124,51,46,45,45.5,912,706,0,821,712,0,0,0,0,0,26.56,6.25,4.69,0,4.69,25,0,0,8.4,26.56,36.33747,3487,425,4850,1291,48.5,1.46756136,0.81875,3214,397,32.3333321,0.72667104,0.6875,3057,172,32.3333321,0.361957282,0.6875,2993,123,32.3333321,0.301992565,0.6875,3058,231,32.3333321,0.45759052,0.6875,4850,1000,48.5,1.21970415,0.6875,2889,96,32.3333321,0.268749148,0.6875,2982,93,32.3333321,0.2709483,0.6875,51.8750076,46.3750038,99.99816,27.0316238,10.84914,71.3597641,10.234642,4.646122,68.7776642,38.25,0.25,0,55,0,85,0.416,1.01,16,16,16,32,48,30,295,160,130,0,0,0,16,37,0.25,0,55,0,85,0.416,1.01,16,16,16,32,48,30,295,160,130,0,0,0,16,512,-1,485.785156,477.9375,7.84765625,7.6015625,7611.34961,7618.951,0,0,0,0,0,0,0,0,0,0,4.20527029,7,505,600,1200,3000,49,0.965000033,1.30500007,0,5,17,51,2670,10451.9824,0,0,0,0,4,2,0,0,18.176,18.182,0.975,12200.82,418.90625,3.13138723,0,0,0,0.0397128351,0,0,0,0,0,0,0,0,0,62.8125,60,16376,3874,12501,76.34004,52.661,699392,7.779942E+07
05/29/2026 12:55:20,41,56,0,50,55,45,45,45,45,65,12.144001,5.04,1.312,1.396,0.996000051,0.326,0.66,3.288,2.046,0,3.37600017,3.37200022,3.124,51,46,45,45.5,896,706,0,807,723,0,0,0,0,0,26.56,14.06,3.17,1.59,4.76,17.19,1.59,1.59,8.81,26.56,35.9440956,3689,406,4850,1174,48.5,1.36757171,0.64375,4845,412,48.5,0.6965619,0.64375,2915,143,32.3333321,0.305367768,0.64375,3045,144,32.3333321,0.300667673,0.64375,3082,232,32.3333321,0.4151844,0.64375,4850,960,48.5,1.19939029,0.64375,2951,96,32.3333321,0.253584862,0.64375,2971,88,32.3333321,0.239087284,0.64375,51.7500076,46.3750038,99.99815,27.0243988,10.8563652,71.34069,10.2296753,4.65108871,68.7442856,38.25,0.25,0,55,0,85,0.416,1.01,16,16,16,32,48,30,295,160,130,0,0,0,16,37,0.25,0,55,0,85,0.416,1.01,16,16,16,32,48,30,295,160,130,0,0,0,16,512,-1,485.785156,477.9375,7.84765625,7.6015625,7611.34961,7618.951,0,0,0,0,0,0,0,0,0,0,4.29925251,7,505,600,1200,3000,49,0.974000037,1.30500007,0,2,16,51,2670,10451.9824,0,0,0,0,4,2,0,0,18.831,20.73,0.975,12200.82,418.90625,3.15657377,0,0,0,0.03549622,0,0,0,0,0,0,0,0,0,62.96875,62,16376,3874,12501,76.34004,54.076,999424,8.32E+07
05/29/2026 12:55:22,41,56,0,50,55,46,46,46,46,65,12.12,5.04,1.312,1.39200008,1.00400007,0.332000017,0.66,3.288,2.046,0,3.37200022,3.37200022,3.12000012,52,46.5,45,45.5,904,707,0,793,718,0,0,0,0,0,31.25,9.38,0,0,3.12,20.31,0,0,8.01,31.25,36.3868752,3700,446,4850,1343,48.5,1.51729107,0.64375,3169,394,32.3333321,0.689902842,0.64375,3029,177,32.3333321,0.368268162,0.64375,3061,144,32.3333321,0.324156672,0.64375,3095,272,32.3333321,0.4915235,0.64375,4850,1016,48.5,1.2419287,0.64375,3103,127,32.3333321,0.3013066,0.64375,4443,99,48.5,0.2638956,0.64375,52.0000076,45.8750038,99.99816,27.0334244,10.84734,71.36452,10.2362137,4.64455032,68.78822,38.25,0.25,0,55,0,85,0.416,1.01,16,16,16,32,48,30,295,160,130,0,0,0,16,37,0.25,0,55,0,85,0.416,1.01,16,16,16,32,48,30,295,160,130,0,0,0,16,512,-1,485.785156,477.9375,7.84765625,7.6015625,7611.34961,7618.951,0,0,0,0,0,0,0,0,0,0,4.31951332,7,505,600,1200,3000,49,1.04000008,1.30500007,0,5,16,51,2670,10451.9824,0,0,0,0,5,3,0,0,18.949,19.333,0.975,12200.82,419.039063,3.831551,0,0,0,0.0226651933,0,0,0,0,0,0.0182636939,0,0,0,63,62,16376,3874,12501,76.34004,54.383,899072,8.739942E+07
05/29/2026 12:55:24,42,56,0,50,55,47,47,47,47,65,12.144001,5.04,1.312,1.396,0.992000043,0.328,0.66,3.288,2.046,0,3.37200022,3.37200022,3.124,51,46.5,45,45.5,920,706,0,807,695,0,0,0,0,0,23.44,7.81,3.12,3.12,7.81,25,3.12,1.56,9.38,25,36.1668,3891,421,4850,1101,48.5,1.27836978,0.575,4846,451,48.5,0.793789864,0.575,2986,146,32.3333321,0.321326733,0.575,2958,119,32.3333321,0.262296855,0.575,3100,277,32.3333321,0.483099163,0.575,5050,1095,50.5,1.27727151,0.55,3625,89,40.4,0.226551741,0.54375,3711,91,40.4,0.217164785,0.54375,51.8750076,45.8750038,99.9981461,27.0326767,10.8480873,71.36254,10.23534,4.645424,68.78236,38.25,0.25,0,55,0,85,0.416,1.01,16,16,16,32,48,30,295,160,130,0,0,0,16,37,0.25,0,55,0,85,0.416,1.01,16,16,16,32,48,30,295,160,130,0,0,0,16,512,-1,485.785156,477.9375,7.84765625,7.6015625,7611.34961,7618.951,0,0,0,0,0,0,0,0,0,0,4.388725,7,505,600,1200,3000,50,0.969000041,1.30500007,0,2,16,51,2670,10451.9824,0,0,0,0,5,3,0,0,20.241,24.194,0.975,12200.82,419.039063,4.85657167,0,0,0,0.004698492,0,0,0,0,0,0,0,0,0,63.125,62,16376,3874,12501,76.34004,55.493,1499136,8.74496E+07
05/29/2026 12:55:26,41,56,0,50,55,45,45,45,45,65,12.12,5.03,1.312,1.39200008,0.996000051,0.332000017,0.66,3.288,2.046,0,3.37200022,3.37200022,3.124,51,46.5,45,45.5,918,706,0,792,715,0,0,0,0,0,25.4,6.35,3.17,1.59,4.76,17.46,3.17,0,7.74,25.4,36.8904762,3787,441,5050,1242,50.5,1.37549424,0.56875,4040,470,40.4,0.8197763,0.56875,3832,191,40.4,0.383609563,0.56875,3151,137,33.6666679,0.3136849,0.56875,3851,264,40.4,0.497393757,0.55625,4040,997,40.4,1.22835469,0.55625,3117,108,33.6666679,0.276372582,0.55625,3212,118,33.6666679,0.2736741,0.55625,51.8750076,48.6250038,99.99815,27.0613441,10.81942,71.43822,10.2654572,4.615307,68.98474,38.25,0.25,0,55,0,85,0.416,1.01,16,16,16,32,48,30,295,160,130,0,0,0,16,37,0.25,0,55,0,85,0.416,1.01,16,16,16,32,48,30,295,160,130,0,0,0,16,512,-1,485.785156,477.9375,7.84765625,7.6015625,7611.34961,7618.951,0,0,0,0,0,0,0,0,0,0,4.304931,7,505,600,1200,3000,49,0.955000043,1.30500007,0,2,17,51,2670,10451.9824,0,0,0,0,5,3,0,0,18.933,24.901,0.975,12200.82,419.039063,4.8464303,0,0,0,0.0101716071,0,0,0,0,0,0,0,0,0,63.21875,62,16376,3874,12501,76.34004,55.729,849920,9.28E+07
05/29/2026 12:55:28,41,56,0,50,55,45,45,45,45,65,12.12,5.04,1.312,1.396,0.998,0.326,0.66,3.288,2.046,0,3.37200022,3.37200022,3.124,51,46.5,45,45.5,910,706,0,790,714,0,0,0,0,0,19.05,7.94,4.69,4.69,3.17,23.81,0,3.17,8.31,23.81,35.5092773,3662,387,4850,1064,48.5,1.283773,0.64375,4803,395,48.5,0.7303595,0.64375,2967,144,32.3333321,0.3074195,0.64375,2948,112,32.3333321,0.266955823,0.64375,3010,220,32.3333321,0.416254967,0.64375,4850,989,48.5,1.19213414,0.64375,2915,86,32.3333321,0.225370273,0.64375,2950,89,32.3333321,0.222871125,0.64375,51.6250076,45.8750038,99.99816,27.0325165,10.8482475,71.36212,10.23893,4.64183426,68.80648,38.25,0.25,0,55,0,85,0.416,1.01,16,16,16,32,48,30,295,160,130,0,0,0,16,37,0.25,0,55,0,85,0.416,1.01,16,16,16,32,48,30,295,160,130,0,0,0,16,512,-1,485.785156,477.9375,7.84765625,7.6015625,7611.34961,7618.951,0,0,0,0,0,0,0,0,0,0,4.343027,7,505,600,1200,3000,49,0.969000041,1.30500007,0,1,17,52,2670,10451.9824,0,0,0,0,5,3,0,0,19.49,21.306,0.975,12200.82,419.039063,5.047845,0,0,0,0.00364041142,0,0,0,0,0,0,0,0,0,63.375,60,16376,3874,12501,76.34004,57.254,999424,9.344922E+07
05/29/2026 12:55:30,41,56,0,50,55,45,45,45,45,65,12.12,5.03,1.31000006,1.39200008,1.00200009,0.332000017,0.66,3.288,2.046,0,3.37200022,3.36800027,3.12000012,51,46,45,45.5,904,706,0,793,695,0,0,0,0,0,21.88,4.69,3.12,0,1.56,20.31,0,0,6.45,21.88,35.94258,4672,443,4850,1169,48.5,1.36911952,0.64375,4850,454,48.5,0.8142846,0.64375,4616,202,48.5,0.400164664,0.64375,4528,142,48.5,0.3069101,0.64375,4754,314,48.5,0.5385104,0.64375,4850,1069,48.5,1.264486,0.64375,4512,108,48.5,0.268307775,0.64375,4416,88,48.5,0.241256654,0.64375,51.7500076,45.8750038,99.99816,27.03553,10.8452339,71.37007,10.2401848,4.640579,68.81491,38.25,0.25,0,55,0,85,0.416,1.01,16,16,16,32,48,30,295,160,130,0,0,0,16,37,0.25,0,55,0,85,0.416,1.01,16,16,16,32,48,30,295,160,130,0,0,0,16,512,-1,485.785156,477.9375,7.84765625,7.6015625,7611.34961,7618.951,0,0,0,0,0,0,0,0,0,0,4.321298,7,505,600,1200,3000,49,0.989,1.30500007,0,4,17,52,2670,10451.9824,0,0,0,0,5,3,0,0,18.766,17.779,0.975,12200.82,419.039063,4.855418,0,0,0,0.0112820305,0,0,0,0,0,0,0,0,0,63.5,62,16376,3874,12501,76.34004,56.832,1049600,9.249997E+07
05/29/2026 12:55:32,41,56,0,50,55,46,46,46,46,65,12.12,5.03,1.31000006,1.39200008,0.994,0.326,0.66,3.288,2.046,0,3.37200022,3.36800027,3.124,52,46,45,45.5,907,707,0,792,694,0,0,0,0,0,19.05,12.7,6.25,3.12,1.56,17.46,4.69,1.56,8.3,19.05,36.0702972,3518,438,4850,1307,48.5,1.442818,0.6375,3217,415,32.3333321,0.7522172,0.6375,3029,163,32.3333321,0.350273222,0.6375,3164,174,32.3333321,0.329890251,0.6375,3086,236,32.3333321,0.466534674,0.6375,4850,997,48.5,1.21270764,0.6375,3005,116,32.3333321,0.266908377,0.6375,2946,97,32.3333321,0.243559912,0.6375,52.1250076,46.3750038,99.99815,27.03878,10.8419838,71.3786545,10.2461014,4.63466263,68.8546753,38.25,0.25,0,55,0,85,0.416,1.01,16,16,16,32,48,30,295,160,130,0,0,0,16,37,0.25,0,55,0,85,0.416,1.01,16,16,16,32,48,30,295,160,130,0,0,0,16,512,-1,485.785156,477.9375,7.84765625,7.6015625,7611.34961,7618.951,0,0,0,0,0,0,0,0,0,0,4.345107,7,505,600,1200,3000,49,0.969000041,1.30500007,0,3,17,52,2670,10451.9824,0,0,0,0,5,3,0,0,18.743,18.026,0.975,12200.82,419.164063,4.776207,0,0,0,0.002740574,0,0,0,0,0,0.009755625,0,0,0,63.5625,62,16376,3874,12501,76.34004,55.366,1199104,7.514931E+07
05/29/2026 12:55:34,42,56,0,51,55,47,47,47,47,66,12.12,5.04,1.312,1.396,0.990000069,0.332000017,0.66,3.288,2.046,0,3.37200022,3.37200022,3.124,52,46,45,45.5,914,707,0,809,712,0,0,0,0,0,17.19,4.69,4.69,1.56,4.69,10.94,1.56,1.56,5.86,17.19,36.7249451,4007,414,5050,1317,50.5,1.37704074,0.58125,4034,407,40.4,0.7060401,0.58125,3835,203,40.4,0.357256979,0.58125,3750,147,40.4,0.2831746,0.58125,3777,224,40.4,0.425284773,0.58125,4040,786,40.4,1.10305226,0.58125,3846,130,40.4,0.266231149,0.58125,3721,96,40.4,0.2337448,0.58125,52.2500076,45.8750038,99.9981461,27.06924,10.8115234,71.45907,10.2762947,4.6044693,69.05757,38.25,0.25,0,55,0,85,0.416,1.01,16,16,16,32,48,30,295,160,130,0,0,0,16,37,0.25,0,55,0,85,0.416,1.01,16,16,16,32,48,30,295,160,130,0,0,0,16,512,-1,485.785156,477.9375,7.84765625,7.6015625,7611.34961,7618.951,0,0,0,0,0,0,0,0,0,0,4.20751667,7,505,600,1200,3000,49,0.969000041,1.30500007,0,2,16,52,2670,10451.9824,0,0,0,0,5,3,0,0,20.953,24.962,0.975,12200.82,419.164063,4.80540276,0,0,0,0.005773463,0,0,0,0,0,0,0,0,0,63.65625,62,16376,3874,12501,76.34004,56.197,299008,172899328
05/29/2026 12:55:36,42,56,0,51,56,47,47,47,47,66,12.144001,5.04,1.312,1.396,1.006,0.334000021,0.66,3.292,2.046,0,3.37200022,3.37200022,3.124,52,46.5,45,45.5,928,706,0,818,702,0,0,0,0,0,36.92,7.69,3.12,0,6.15,10.77,1.54,1.54,8.47,36.92,35.8143158,4672,415,4850,1354,48.5,1.40915656,0.64375,4850,395,48.5,0.714133859,0.64375,4596,181,48.5,0.3406837,0.64375,4516,133,48.5,0.289457619,0.64375,4577,222,48.5,0.42874074,0.64375,4850,817,48.5,1.12623143,0.64375,4437,101,48.5,0.255721182,0.64375,4704,120,48.5,0.272058964,0.64375,51.8750076,46.3750038,99.99815,27.0492821,10.8314819,71.40638,10.2497978,4.630966,68.87952,38,0.25,0,55,0,85,0.416,1.01,16,16,16,32,48,30,295,160,130,0,0,0,16,37,0.25,0,55,0,85,0.416,1.01,16,16,16,32,48,30,295,160,130,0,0,0,16,512,-1,485.785156,477.9375,7.84765625,7.6015625,7611.34961,7618.951,0,0,0,0,0,0,0,0,0,0,4.22523451,7,505,600,1200,3000,49,0.974000037,1.30500007,0,4,17,52,2670,10451.9824,0,0,0,0,5,3,0,0,19.261,19.402,0.975,12200.82,419.164063,4.752317,0,0,0,0.00316008274,0,0,0,0,0,0,0,0,0,63.75,64,16376,3874,12501,76.34004,57.236,899072,99328
05/29/2026 12:55:38,42,56,0,51,56,46,46,46,46,65,12.12,5.04,1.312,1.396,0.986000061,0.326,0.66,3.288,2.046,0,3.37200022,3.37200022,3.124,51,46.5,45,45.5,928,706,0,816,711,0,0,0,0,0,28.12,4.69,6.25,1.56,3.12,12.5,1.56,1.56,7.42,28.12,35.83741,3532,395,4850,1291,48.5,1.35192156,0.64375,3233,391,32.3333321,0.6834626,0.64375,3050,176,32.3333321,0.332583666,0.64375,3003,143,32.3333321,0.2886723,0.64375,3057,233,32.3333321,0.425444126,0.64375,4850,732,48.5,1.06899321,0.64375,2925,80,32.3333321,0.224898487,0.64375,3289,116,33.6666679,0.24645178,0.58125,51.7500076,46.3750038,99.9981461,27.0430641,10.8377,71.38996,10.2516747,4.62908936,68.89213,38,0.25,0,55,0,85,0.416,1.01,16,16,16,32,48,30,295,160,130,0,0,0,16,37,0.25,0,55,0,85,0.416,1.01,16,16,16,32,48,30,295,160,130,0,0,0,16,512,-1,485.785156,477.9375,7.84765625,7.6015625,7611.34961,7618.951,0,0,0,0,0,0,0,0,0,0,4.13619757,7,505,600,1200,3000,49,1.069,1.30500007,0,7,17,52,2670,10451.9824,0,0,0,0,5,3,0,0,18.754,24.56,0.975,12200.82,419.164063,4.765099,0,0,0,0.00539782131,0,0,0,0,0,0,0,0,0,63.78125,62,16376,3874,12501,76.34004,55.718,849920,9.699942E+07
05/29/2026 12:55:40,41,56,0,50,55,46,46,46,46,65,12.12,5.04,1.312,1.396,0.994,0.33,0.66,3.288,2.046,0,3.37200022,3.37200022,3.124,51,46,45,45.5,915,706,0,796,730,0,0,0,0,0,25.4,9.52,3.12,3.12,6.25,15.87,3.12,1.56,8.5,25.4,35.9335823,3498,429,4850,1358,48.5,1.41798186,0.64375,3180,398,32.3333321,0.729907,0.64375,3016,195,32.3333321,0.3762272,0.65,3050,160,32.3333321,0.3304973,0.65,3077,264,32.3333321,0.469968855,0.65,4850,825,48.5,1.14324856,0.65,2951,111,32.3333321,0.264274836,0.65,3014,123,32.3333321,0.2703943,0.65,51.7500076,45.8750038,99.99815,27.0375137,10.84325,71.37531,10.2438927,4.63687134,68.83983,38,0.25,0,55,0,85,0.416,1.01,16,16,16,32,48,30,295,160,130,0,0,0,16,37,0.25,0,55,0,85,0.416,1.01,16,16,16,32,48,30,295,160,130,0,0,0,16,512,-1,485.785156,477.9375,7.84765625,7.6015625,7611.34961,7618.951,0,0,0,0,0,0,0,0,0,0,4.282181,7,505,600,1200,3000,49,0.969000041,1.30500007,0,4,17,52,2670,10451.9824,0,0,0,0,5,3,0,0,18.939,19.002,0.975,12200.82,419.164063,4.838404,0,0,0,0.00310598873,0,0,0,0,0,0,0,0,0,63.90625,64,16376,3874,12501,76.34004,55.267,999424,7.449907E+07
05/29/2026 12:55:42,41,56,0,50,55,46,46,46,46,65,12.12,5.03,1.312,1.39200008,0.990000069,0.33,0.66,3.288,2.046,0,3.37600017,3.37200022,3.124,51,46.5,45,45.5,909,707,0,811,726,0,0,0,0,0,23.08,7.69,3.12,0,0,7.69,4.69,0,5.78,23.08,36.85603,3614,482,5050,1493,50.5,1.53234231,0.56875,4040,514,40.4,0.835749447,0.56875,3229,229,33.6666679,0.410710067,0.56875,3174,167,33.6666679,0.334161878,0.56875,3220,276,33.6666679,0.495031029,0.55,4040,953,40.4,1.24545455,0.55,3110,134,33.6666679,0.300165355,0.55,3048,94,33.6666679,0.257687151,0.55,51.8750076,46.3750038,99.99815,27.08229,10.7984734,71.493515,10.2818794,4.59888458,69.09511,38,0.25,0,55,0,85,0.416,1.01,16,16,16,32,48,30,295,160,130,0,0,0,16,37,0.25,0,55,0,85,0.416,1.01,16,16,16,32,48,30,295,160,130,0,0,0,16,512,-1,485.785156,477.9375,7.84765625,7.6015625,7611.34961,7618.951,0,0,0,0,0,0,0,0,0,0,4.17540646,7,505,600,1200,3000,49,0.969000041,1.30500007,0,4,17,52,2670,10451.9824,0,0,0,0,5,3,0,0,19.393,24.808,0.975,12200.82,419.164063,4.960914,0,0,0,0.00452399068,0,0,0,0,0,0,0,0,0,64,64,16376,3874,12501,76.34004,56.952,799744,1.728E+08
05/29/2026 12:55:44,42,56,0,50,55,46,46,46,46,65,12.144001,5.04,1.312,1.39200008,1.046,0.334000021,0.66,3.288,2.046,0,3.37200022,3.37200022,3.124,52,46.5,45,45.5,915,706,0,791,720,0,0,0,0,0,21.88,6.15,4.62,3.08,4.62,14.06,3.08,3.08,7.57,21.88,36.44049,4655,467,4850,1417,48.5,1.50374329,0.64375,4789,414,48.5,0.7128281,0.64375,4672,235,48.5,0.413015425,0.64375,4496,157,48.5,0.311603963,0.64375,4610,292,48.5,0.4900237,0.64375,4850,987,48.5,1.34776652,0.64375,4460,130,48.5,0.279010683,0.64375,4512,104,48.5,0.247207537,0.64375,52.7500076,45.8750038,99.99815,27.08234,10.7984238,71.49365,10.2846413,4.59612274,69.11366,38,0.25,0,55,0,85,0.416,1.01,16,16,16,32,48,30,295,160,130,0,0,0,16,37,0.25,0,55,0,85,0.416,1.01,16,16,16,32,48,30,295,160,130,0,0,0,16,512,-1,485.785156,477.9375,7.84765625,7.6015625,7611.34961,7618.951,0,0,0,0,0,0,0,0,0,0,4.229418,7,505,600,1200,3000,49,0.974000037,1.30500007,0,2,16,52,2670,10451.9824,0,0,0,0,5,3,0,0,18.966,24.957,0.975,12200.82,419.164063,4.805715,0,0,0,0.00473772455,0,0,0,0,0,0,0,0,0,64.21875,62,16376,3874,12501,76.34004,56.833,849920,9.739981E+07
05/29/2026 12:55:46,42,56,0,51,55,47,47,47,47,66,12.12,5.04,1.312,1.396,0.992000043,0.324,0.66,3.292,2.046,0,3.37200022,3.37200022,3.124,52,46.5,45,45.5,936,706,0,805,718,0,0,0,0,0,15.87,7.94,4.76,1.59,4.76,11.11,1.59,0,5.95,15.87,35.89268,4075,394,4850,1376,48.5,1.40888524,0.64375,4833,392,48.5,0.6980636,0.64375,4499,156,48.5,0.329388469,0.64375,3020,118,32.3333321,0.271793216,0.64375,4624,231,48.5,0.432653,0.64375,4850,709,48.5,1.03372514,0.64375,2989,102,32.3333321,0.251713157,0.64375,2937,72,32.3333321,0.213008508,0.64375,52.3750076,45.8750038,99.99815,27.0529938,10.82777,71.41618,10.2568169,4.623947,68.92668,38,0.25,0,55,0,85,0.416,1.01,16,16,16,32,48,30,295,160,130,0,0,0,16,37,0.25,0,55,0,85,0.416,1.01,16,16,16,32,48,30,295,160,130,0,0,0,16,512,-1,485.785156,477.9375,7.84765625,7.6015625,7611.34961,7618.951,0,0,0,0,0,0,0,0,0,0,4.35521746,7,505,600,1200,3000,49,0.974000037,1.30500007,0,2,17,52,2670,10451.9824,0,0,0,0,5,3,0,0,18.901,18.088,0.975,12200.82,419.164063,4.777152,0,0,0,0.004723083,0,0,0,0,0,0,0,0,0,64.21875,64,16376,3874,12501,76.34004,55.356,1049600,7.449907E+07
05/29/2026 12:55:48,42,56,0,51,56,47,47,47,47,66,12.144001,5.04,1.312,1.396,0.986000061,0.326,0.66,3.292,2.046,0,3.37600017,3.37200022,3.124,52,46,45,45.5,942,706,0,819,723,0,0,0,0,0,24.62,3.08,4.62,1.54,4.62,12.31,1.54,6.15,7.31,24.62,35.6213036,3475,411,4850,1446,48.5,1.46121764,0.6375,3163,402,32.3333321,0.735632,0.6375,3016,157,32.3333321,0.3086107,0.6375,2999,124,32.3333321,0.265449315,0.6375,3057,221,32.3333321,0.428290933,0.6375,4850,776,48.5,1.118499,0.6375,2943,84,32.3333321,0.224721059,0.6375,2924,75,32.3333321,0.206275046,0.65,52.1250076,45.8750038,99.99815,27.0531654,10.8275986,71.416626,10.2577019,4.623062,68.93263,38,0.25,0,55,0,85,0.416,1.01,16,16,16,32,48,30,295,160,130,0,0,0,16,37,0.25,0,55,0,85,0.416,1.01,16,16,16,32,48,30,295,160,130,0,0,0,16,512,-1,485.785156,477.9375,7.84765625,7.6015625,7611.34961,7618.951,0,0,0,0,0,0,0,0,0,0,4.20936632,7,505,600,1200,3000,50,0.965000033,1.30500007,0,4,16,52,2670,10451.9824,0,0,0,0,5,3,0,0,19.199,25.107,0.975,12200.82,419.164063,4.73209,0,0,0,0.006237442,0,0,0,0,0,0,0,0,0,64.25,64,16376,3874,12501,76.34004,56.055,849920,9.609933E+07
05/29/2026 12:55:50,42,56,0,51,56,47,47,47,47,66,12.144001,5.04,1.312,1.396,0.992000043,0.326,0.66,3.288,2.046,0,3.37200022,3.37200022,3.124,52,46.5,45,45.5,931,706,0,813,729,0,0,0,0,0,27.69,6.15,1.54,0,4.62,21.54,0,1.54,7.88,27.69,36.0491562,4001,454,5050,1341,50.5,1.39964986,0.55625,4027,422,40.4,0.762369752,0.55625,3792,176,40.4,0.3481085,0.55625,3734,129,40.4,0.2856907,0.55625,3968,305,40.4,0.5046908,0.55625,4040,1075,40.4,1.34322286,0.55625,3677,94,40.4,0.252008617,0.55625,3720,90,40.4,0.243694082,0.575,52.0000076,46.3750038,99.99815,27.0529785,10.8277855,71.41614,10.2532043,4.62755966,68.9024048,38,0.25,0,55,0,85,0.416,1.01,16,16,16,32,48,30,295,160,130,0,0,0,16,37,0.25,0,55,0,85,0.416,1.01,16,16,16,32,48,30,295,160,130,0,0,0,16,512,-1,485.785156,477.9375,7.84765625,7.6015625,7611.34961,7618.951,0,0,0,0,0,0,0,0,0,0,4.165347,7,505,600,1200,3000,49,0.974000037,1.30500007,0,2,17,52,2670,10451.9824,0,0,0,0,5,3,0,0,20.715,24.619,0.975,12200.82,419.164063,4.8032856,0,0,0,0.00633461867,0,0,0,0,0,0,0,0,0,64.375,64,16376,3874,12501,76.34004,57.238,849920,9.429914E+07
05/29/2026 12:55:52,42,56,0,51,56,47,47,47,47,66,12.144001,5.04,1.312,1.396,0.984,0.332000017,0.66200006,3.288,2.046,0,3.37600017,3.37200022,3.124,51,46.5,45,45.5,930,706,0,814,732,0,0,0,0,0,17.46,7.94,4.69,1.56,3.17,15.87,0,0,6.34,17.46,35.96341,3492,410,4850,1311,48.5,1.348625,0.6625,3233,398,32.3333321,0.690712035,0.6625,3006,158,32.3333321,0.3022143,0.6625,2989,132,32.3333321,0.261656344,0.6625,3066,225,32.3333321,0.40431574,0.6625,4850,866,48.5,1.1630702,0.6625,2929,83,32.3333321,0.2228378,0.6625,3013,109,32.3333321,0.23209016,0.6625,51.8750076,45.8750038,99.99815,27.0492668,10.8314972,71.40634,10.2527809,4.627983,68.89956,38,0.25,0,55,0,85,0.416,1.01,16,16,16,32,48,30,295,160,130,0,0,0,16,37,0.25,0,55,0,85,0.416,1.01,16,16,16,32,48,30,295,160,130,0,0,0,16,512,-1,485.785156,477.9375,7.84765625,7.6015625,7611.34961,7618.951,0,0,0,0,0,0,0,0,0,0,4.26205,7,505,600,1200,3000,49,0.974000037,1.30500007,0,5,17,53,2670,10451.9824,0,0,0,0,5,3,0,0,18.869,17.444,0.975,12200.82,419.164063,4.78407335,0,0,0,0.003264297,0,0,0,0,0,0,0,0,0,64.53125,64,16376,3874,12501,76.34004,56.294,999424,8.64E+07
05/29/2026 12:55:54,41,56,0,50,55,45,45,45,45,65,12.12,5.03,1.312,1.39200008,0.984,0.33,0.66,3.288,2.046,0,3.37600017,3.37200022,3.124,51,46.5,45,45.5,915,706,0,802,716,0,0,0,0,0,26.98,3.17,0,0,4.69,11.11,1.56,1.56,6.14,26.98,36.20902,3716,428,4850,1413,48.5,1.44206786,0.65,4727,362,48.5,0.708460867,0.65,3011,157,32.3333321,0.3450216,0.65,3002,133,32.3333321,0.293220282,0.65,3121,269,32.3333321,0.4847921,0.65,4850,842,48.5,1.16777861,0.65,2987,104,32.3333321,0.259316772,0.65,3182,144,32.3333321,0.287530571,0.65,51.7500076,45.8750038,99.99815,27.0563087,10.8244553,71.42493,10.2528305,4.6279335,68.8998947,38,0.25,0,55,0,85,0.416,1.01,16,16,16,32,48,30,295,160,130,0,0,0,16,37,0.25,0,55,0,85,0.416,1.01,16,16,16,32,48,30,295,160,130,0,0,0,16,512,-1,485.785156,477.9375,7.84765625,7.6015625,7611.34961,7618.951,0,0,0,0,0,0,0,0,0,0,4.36437225,7,505,600,1200,3000,49,1.064,1.30500007,0,12,17,53,2670,10451.9824,0,0,0,0,5,3,0,0,19.02,18.139,0.975,12200.82,419.164063,4.99580956,0,0,0,0.00545629673,0,0,0,0,0,0,0,0,0,64.625,64,16376,3874,12501,76.34004,55.941,999424,9.304986E+07
05/29/2026 12:55:56,41,56,0,50,55,46,46,46,46,65,12.12,5.04,1.312,1.396,0.986000061,0.33,0.66,3.288,2.046,0,3.37200022,3.37200022,3.124,51,46.5,45,45.5,905,706,0,794,726,0,0,0,0,0,17.19,3.12,0,0,3.12,18.75,0,1.56,5.47,18.75,35.6654243,3501,396,4850,1252,48.5,1.30701458,0.64375,3233,394,32.3333321,0.6853041,0.64375,4545,140,48.5,0.2825998,0.64375,3067,138,32.3333321,0.270860821,0.64375,3093,239,32.3333321,0.408225,0.64375,3233,828,32.3333321,1.16822481,0.64375,3006,95,32.3333321,0.229045391,0.64375,2981,85,32.3333321,0.21049343,0.64375,51.7500076,45.8750038,99.99816,27.0522346,10.8285294,71.41418,10.2540779,4.626686,68.90828,38,0.25,0,55,0,85,0.416,1.01,16,16,16,32,48,30,295,160,130,0,0,0,16,37,0.25,0,55,0,85,0.416,1.01,16,16,16,32,48,30,295,160,130,0,0,0,16,512,-1,485.785156,477.9375,7.84765625,7.6015625,7611.34961,7618.951,0,0,0,0,0,0,0,0,0,0,4.269442,7,505,600,1200,3000,49,0.965000033,1.30500007,0,0,16,53,2670,10451.9824,0,0,0,0,5,3,0,0,21.173,20.491,0.975,12200.82,419.164063,5.039107,0,0,0,0.00551839033,0,0,0,0,0,0,0,0,0,64.78125,64,16376,3874,12501,76.34004,57.282,6.92992E+07,249856
05/29/2026 12:55:58,41,56,0,50,55,45,45,45,45,65,12.144001,5.04,1.312,1.396,0.996000051,0.338000029,0.66,3.288,2.046,0,3.37200022,3.37200022,3.124,51,46.5,45,45.5,904,706,0,792,717,0,0,0,0,0,26.98,9.52,3.17,4.76,6.35,12.7,1.59,3.17,8.53,26.98,35.9322739,4623,422,4850,1371,48.5,1.395084,0.64375,4756,398,48.5,0.7213657,0.64375,4541,174,48.5,0.3362175,0.64375,4513,150,48.5,0.28585735,0.64375,4579,229,48.5,0.452068925,0.64375,4850,857,48.5,1.18782043,0.64375,4445,100,48.5,0.2483919,0.64375,4453,98,48.5,0.244690076,0.64375,51.7500076,46.3750038,99.99815,27.0596581,10.821106,71.43377,10.2591095,4.62165451,68.9420853,38,0.25,0,55,0,85,0.416,1.01,16,16,16,32,48,30,295,160,130,0,0,0,16,37,0.25,0,55,0,85,0.416,1.01,16,16,16,32,48,30,295,160,130,0,0,0,16,512,-1,485.785156,477.9375,7.84765625,7.6015625,7611.34961,7618.951,0,0,0,0,0,0,0,0,0,0,4.31833267,7,505,600,1200,3000,49,0.969000041,1.30500007,0,2,16,53,2670,10451.9824,0,0,0,0,6,3,0,0,19.432,19.189,0.975,12200.82,419.164063,5.10157633,0,0,0,0.005727174,0,0,0,0,0,0,0,0,0,64.84375,64,16376,3874,12501,76.34004,57.91,999424,7.449907E+07
05/29/2026 12:56:00,41,56,0,50,55,45,45,45,45,65,12.12,5.04,1.312,1.396,0.986000061,0.326,0.66,3.288,2.046,0,3.37200022,3.37200022,3.12000012,51,46.5,45,45.5,907,706,0,792,696,0,0,0,0,0,27.69,9.23,6.25,3.12,7.81,13.85,0,0,8.49,27.69,35.49584,3727,379,4850,1151,48.5,1.245849,0.63125,4800,373,48.5,0.632215559,0.63125,3063,170,32.3333321,0.3232069,0.63125,3086,136,32.3333321,0.275545746,0.63125,3017,201,32.3333321,0.38976866,0.63125,4850,790,48.5,1.108384,0.63125,2941,85,32.3333321,0.2239685,0.64375,3206,128,32.3333321,0.266085,0.64375,51.6250076,46.3750038,99.99815,27.0527763,10.8279877,71.4156,10.257225,4.623539,68.92943,38,0.25,0,55,0,85,0.416,1.01,16,16,16,32,48,30,295,160,130,0,0,0,16,37,0.25,0,55,0,85,0.416,1.01,16,16,16,32,48,30,295,160,130,0,0,0,16,512,-1,485.785156,477.9375,7.84765625,7.6015625,7611.34961,7618.951,0,0,0,0,0,0,0,0,0,0,4.279845,7,505,600,1200,3000,49,0.965000033,1.30500007,0,0,17,53,2670,10451.9824,0,0,0,0,5,3,0,0,18.992,25.032,0.975,12200.82,419.164063,5.0638895,0,0,0,0.00578369852,0,0,0,0,0,0,0,0,0,64.84375,64,16376,3874,12501,76.34004,56.476,899072,9.364992E+07
05/29/2026 12:56:02,41,56,0,50,55,45,45,45,45,65,12.12,5.04,1.312,1.396,0.994,0.324,0.66,3.292,2.046,0,3.37200022,3.37200022,3.124,51,46.5,45,45.5,907,706,0,808,694,0,0,0,0,0,33.85,9.23,4.62,0,7.69,18.46,0,1.56,9.43,33.85,35.90826,3908,418,4850,1363,48.5,1.38498771,0.54375,4723,372,48.5,0.6939159,0.54375,3036,158,32.3333321,0.3291477,0.54375,3048,151,32.3333321,0.306932926,0.54375,4525,209,48.5,0.41354847,0.54375,4850,841,48.5,1.18016589,0.61875,3015,105,32.3333321,0.261996031,0.61875,3219,143,32.3333321,0.291282654,0.61875,51.6250076,46.3750038,99.99815,27.06086,10.8199043,71.43694,10.2593117,4.62145233,68.94345,38,0.25,0,55,0,85,0.416,1.01,16,16,16,32,48,30,295,160,130,0,0,0,16,37,0.25,0,55,0,85,0.416,1.01,16,16,16,32,48,30,295,160,130,0,0,0,16,512,-1,485.785156,477.9375,7.84765625,7.6015625,7611.34961,7618.951,0,0,0,0,0,0,0,0,0,0,4.303408,7,505,600,1200,3000,49,0.935000062,1.30500007,0,4,16,53,2670,10451.9824,0,0,0,0,5,3,0,0,19.385,25.686,0.975,12200.82,419.394531,4.9548316,0,0,0,0.00429498963,0,0,0,0,0,0,0,0,0,65,64,16376,3874,12501,76.34004,56.685,849920,9.299968E+07
05/29/2026 12:56:04,41,56,0,50,55,45,45,45,45,65,12.12,5.04,1.312,1.396,0.990000069,0.324,0.66,3.288,2.046,0,3.37200022,3.37200022,3.124,51,46.5,45,45.5,909,706,0,802,695,0,0,0,0,0,26.98,10.94,4.69,0,4.69,12.7,0,0,7.5,26.98,35.9135132,3792,386,5050,1240,50.5,1.28754759,0.55625,3930,322,40.4,0.624617636,0.55625,3116,160,33.6666679,0.2976334,0.55625,3121,117,33.6666679,0.250842631,0.55625,3824,214,40.4,0.403338641,0.55625,5050,855,50.5,1.16317987,0.54375,3075,85,33.6666679,0.212677151,0.54375,3174,98,33.6666679,0.219553262,0.54375,51.6250076,45.8750038,99.99815,27.055088,10.825676,71.42171,10.2588882,4.621876,68.9406052,38,0.25,0,55,0,85,0.416,1.01,16,16,16,32,48,30,295,160,130,0,0,0,16,37,0.25,0,55,0,85,0.416,1.01,16,16,16,32,48,30,295,160,130,0,0,0,16,512,-1,485.785156,477.9375,7.84765625,7.6015625,7611.34961,7618.951,0,0,0,0,0,0,0,0,0,0,4.21685076,7,505,600,1200,3000,49,0.974000037,1.30500007,0,2,17,53,2670,10451.9824,0,0,0,0,5,3,0,0,21.239,25.428,0.975,12200.82,419.394531,5.0957427,0,0,0,0.004687124,0,0,0,0,0,0,0,0,0,65.15625,64,16376,3874,12501,76.34004,58.444,799744,166299648
05/29/2026 12:56:06,41,56,0,50,55,45,45,45,45,65,12.12,5.04,1.312,1.396,0.994,0.34,0.66,3.292,2.046,0,3.37600017,3.37600017,3.124,51,46.5,45,45.5,905,706,0,803,695,0,0,0,0,0,28.12,7.81,0,1.56,4.69,12.5,0,1.56,7.03,28.12,35.74673,4080,403,4850,1198,48.5,1.29251432,0.64375,4843,394,48.5,0.6953084,0.64375,4540,150,48.5,0.323506951,0.64375,3035,139,32.3333321,0.293833166,0.64375,4572,234,48.5,0.4267155,0.64375,4850,925,48.5,1.19309723,0.64375,2984,92,32.3333321,0.250614315,0.64375,2963,92,32.3333321,0.237145692,0.64375,51.6250076,46.3750038,99.99815,27.064106,10.816658,71.44551,10.2601738,4.62059,68.94924,38,0.25,0,55,0,85,0.416,1.01,16,16,16,32,48,30,295,160,130,0,0,0,16,37,0.25,0,55,0,85,0.416,1.01,16,16,16,32,48,30,295,160,130,0,0,0,16,512,-1,485.785156,477.9375,7.84765625,7.6015625,7611.34961,7618.951,0,0,0,0,0,0,0,0,0,0,4.2767334,7,505,600,1200,3000,49,0.969000041,1.30500007,0,0,16,53,2670,10451.9824,0,0,0,0,6,3,0,0,19.155,18.077,0.975,12200.82,419.394531,5.06794071,0,0,0,0.00520511949,0,0,0,0,0,0,0,0,0,65.21875,64,16376,3874,12501,76.34004,57.464,25399296,7.449907E+07
05/29/2026 12:56:08,41,56,0,50,55,45,45,45,45,65,12.12,5.04,1.312,1.396,0.990000069,0.324,0.66,3.292,2.046,0,3.37200022,3.37200022,3.124,51,46.5,45,45.5,900,705,0,791,711,0,0,0,0,0,21.54,4.62,0,1.54,3.08,18.46,1.54,3.08,6.73,21.54,35.761467,3691,372,4850,1203,48.5,1.27965939,0.65,4707,319,48.5,0.601863563,0.65,3045,158,32.3333321,0.30409193,0.65,3031,136,32.3333321,0.270485133,0.65,3098,216,32.3333321,0.401172966,0.65,4850,788,48.5,1.10843825,0.65,2952,81,32.3333321,0.218490079,0.65,2994,77,32.3333321,0.2050413,0.65,51.5000076,45.8750038,99.99815,27.0520172,10.8287468,71.4136047,10.2539291,4.626835,68.90728,38,0.25,0,55,0,85,0.416,1.01,16,16,16,32,48,30,295,160,130,0,0,0,16,37,0.25,0,55,0,85,0.416,1.01,16,16,16,32,48,30,295,160,130,0,0,0,16,512,-1,485.785156,477.9375,7.84765625,7.6015625,7611.34961,7618.951,0,0,0,0,0,0,0,0,0,0,4.307057,7,505,600,1200,3000,49,1.0250001,1.30500007,0,4,16,53,2670,10451.9824,0,0,0,0,5,3,0,0,19.212,24.956,0.975,12200.82,419.394531,4.972007,0,0,0,0.006218327,0,0,0,0,0,0,0,0,0,65.375,64,16376,3874,12501,76.34004,56.423,849920,9.354957E+07
05/29/2026 12:56:10,41,56,0,50,55,45,45,45,45,65,12.12,5.04,1.31000006,1.39200008,0.990000069,0.336000025,0.66200006,3.288,2.046,0,3.37200022,3.37200022,3.12000012,51,46,45,45.5,898,706,0,791,694,0,0,0,0,0,23.44,7.81,3.12,1.56,1.56,18.75,1.56,1.56,7.42,23.44,36.3020477,3758,437,4850,1308,48.5,1.38211393,0.65,4813,376,48.5,0.718309,0.65,3096,202,32.3333321,0.383136928,0.65,3086,146,32.3333321,0.306060016,0.65,3119,253,32.3333321,0.449902862,0.65,4850,963,48.5,1.25454772,0.65,3018,105,32.3333321,0.260575563,0.65,3233,144,32.3333321,0.290225953,0.65,51.7500076,45.8750038,99.99815,27.0583038,10.82246,71.4302,10.2616768,4.619087,68.95934,38,0.25,0,55,0,85,0.416,1.01,16,16,16,32,48,30,295,160,130,0,0,0,16,37,0.25,0,55,0,85,0.416,1.01,16,16,16,32,48,30,295,160,130,0,0,0,16,512,-1,485.785156,477.9375,7.84765625,7.6015625,7611.34961,7618.951,0,0,0,0,0,0,0,0,0,0,4.275035,7,505,600,1200,3000,49,0.965000033,1.30500007,0,11,17,53,2670,10451.9824,0,0,0,0,5,3,0,0,19.649,20.236,0.975,12200.82,419.394531,5.05789852,0,0,0,0.0045088795,0,0,0,0,0,0,0,0,0,65.53125,64,16376,3874,12501,76.34004,57.077,1049600,7.444992E+07
05/29/2026 12:56:12,42,56,0,50,55,46,46,46,46,65,12.12,5.04,1.312,1.396,0.986000061,0.342,0.66,3.288,2.046,0,3.37600017,3.37200022,3.12000012,51,46,45,45.5,909,706,0,809,694,0,0,0,0,0,27.69,7.69,0,0,3.08,13.85,0,0,6.54,27.69,36.3158569,3978,416,4040,1234,40.4,1.33867276,0.51875,4040,404,40.4,0.7884943,0.51875,3805,150,40.4,0.29736197,0.51875,3795,128,40.4,0.271251678,0.51875,3770,210,40.4,0.436870068,0.51875,5050,1037,50.5,1.313131,0.51875,3668,91,40.4,0.226241916,0.51875,3654,71,40.4,0.2015531,0.51875,51.8750076,46.3750038,99.99815,27.0558472,10.8249168,71.4237061,10.26128,4.619484,68.95667,38,0.25,0,55,0,85,0.416,1.01,16,16,16,32,48,30,295,160,130,0,0,0,16,37,0.25,0,55,0,85,0.416,1.01,16,16,16,32,48,30,295,160,130,0,0,0,16,512,-1,485.785156,477.9375,7.84765625,7.6015625,7611.34961,7618.951,0,0,0,0,0,0,0,0,0,0,4.19149733,7,505,600,1200,3000,49,0.969000041,1.30500007,0,2,16,53,2670,10451.9824,0,0,0,0,5,3,0,0,20.641,21.741,0.975,12200.82,419.394531,4.938419,0,0,0,0.005740145,0,0,0,0,0,0,0,0,0,65.53125,64,16376,3874,12501,76.34004,58.147,149504,161149952
05/29/2026 12:56:14,41,56,0,50,55,45,45,45,45,65,12.12,5.04,1.312,1.396,0.986000061,0.342,0.66,3.288,2.046,0,3.37200022,3.37200022,3.124,51,46.5,45,45.5,911,706,0,791,715,0,0,0,0,0,25,4.69,4.76,1.59,0,10.94,1.56,0,6.07,25,35.9791565,3892,428,4850,1362,48.5,1.40012693,0.65,4780,411,48.5,0.7505568,0.65,3066,184,32.3333321,0.337199569,0.65,3023,139,32.3333321,0.297825664,0.65,4596,237,48.5,0.459842682,0.65,4850,908,48.5,1.21927357,0.65,3023,93,32.3333321,0.2441827,0.65,2946,92,32.3333321,0.2307735,0.65,51.7500076,45.8750038,99.99815,27.0625877,10.8181763,71.4415054,10.2641029,4.616661,68.97565,38,0.25,0,55,0,85,0.416,1.01,16,16,16,32,48,30,295,160,130,0,0,0,16,37,0.25,0,55,0,85,0.416,1.01,16,16,16,32,48,30,295,160,130,0,0,0,16,512,-1,485.785156,477.9375,7.84765625,7.6015625,7611.34961,7618.951,0,0,0,0,0,0,0,0,0,0,4.308722,7,505,600,1200,3000,49,1.0250001,1.30500007,0,9,17,54,2670,10451.9824,0,0,0,0,5,3,0,0,18.935,21.011,0.975,12200.82,419.394531,4.919545,0,0,0,0.004612724,0,0,0,0,0,0,0,0,0,65.65625,64,16376,3874,12501,76.34004,56.46,899072,8.699904E+07
05/29/2026 12:56:16,41,56,0,50,55,45,45,45,45,65,12.12,5.04,1.31000006,1.39200008,0.988000035,0.328,0.66,3.288,2.046,0,3.37200022,3.37200022,3.124,51,46,45,45.5,896,705,0,802,713,0,0,0,0,0,18.75,4.69,6.25,1.56,3.12,14.06,1.56,3.12,6.64,18.75,35.792923,3519,402,4850,1253,48.5,1.33525181,0.64375,3175,354,32.3333321,0.6875378,0.64375,3037,165,32.3333321,0.322499573,0.64375,3038,129,32.3333321,0.278316438,0.64375,3048,241,32.3333321,0.439739645,0.64375,4850,865,48.5,1.18810737,0.65,2995,97,32.3333321,0.236274883,0.65,3162,115,32.3333321,0.249508142,0.65,51.6250076,46.3750038,99.99815,27.06374,10.8170242,71.44455,10.2668991,4.613865,68.99444,38,0.25,0,55,0,85,0.416,1.01,16,16,16,32,48,30,295,160,130,0,0,0,16,37,0.25,0,55,0,85,0.416,1.01,16,16,16,32,48,30,295,160,130,0,0,0,16,512,-1,485.785156,477.9375,7.84765625,7.6015625,7611.34961,7618.951,0,0,0,0,0,0,0,0,0,0,4.3246026,7,505,600,1200,3000,49,0.969000041,1.30500007,0,0,17,54,2670,10451.9824,0,0,0,0,5,3,0,0,19.365,18.806,0.975,12200.82,419.394531,4.90923452,0,0,0,0.0031965205,0,0,0,0,0,0,0,0,0,65.75,64,16376,3874,12501,76.34004,56.145,1049600,7.419904E+07
05/29/2026 12:56:18,41,56,0,50,55,45,45,45,45,65,12.12,5.04,1.312,1.396,0.98,0.324,0.66,3.288,2.046,0,3.37200022,3.37200022,3.124,51,46,45,45.5,892,706,0,807,695,0,0,0,0,0,25,10.94,6.25,0,4.69,17.19,0,1.56,8.2,25,36.370327,3928,481,4850,1410,48.5,1.43389988,0.625,4850,497,48.5,0.815846145,0.64375,3061,226,32.3333321,0.406203926,0.64375,3098,185,32.3333321,0.3405267,0.64375,4750,332,48.5,0.5665708,0.64375,4850,962,48.5,1.26248789,0.64375,2986,111,32.3333321,0.287297159,0.64375,2977,127,32.3333321,0.2817193,0.64375,51.7500076,45.8750038,99.99815,27.0586319,10.8221321,71.43106,10.2637863,4.61697769,68.97352,38,0.25,0,55,0,85,0.416,1.01,16,16,16,32,48,30,295,160,130,0,0,0,16,37,0.25,0,55,0,85,0.416,1.01,16,16,16,32,48,30,295,160,130,0,0,0,16,512,-1,485.785156,477.9375,7.84765625,7.6015625,7611.34961,7618.951,0,0,0,0,0,0,0,0,0,0,4.43905544,7,505,600,1200,3000,49,0.965000033,1.30500007,0,2,16,54,2670,10451.9824,0,0,0,0,5,3,0,0,21.139,25.742,0.975,12200.82,419.398438,4.875705,0,0,0,0.00574258063,0,0,0,0,0,0.01973768,0,0,0,65.875,64,16376,3874,12501,76.34004,57.85,1449984,9.409946E+07
05/29/2026 12:56:20,41,56,0,50,55,45,45,45,45,65,12.144001,5.04,1.312,1.396,0.988000035,0.338000029,0.66,3.288,2.046,0,3.37200022,3.37200022,3.124,51,46.5,45,45.5,894,706,0,790,712,0,0,0,0,0,26.98,12.7,3.17,1.59,6.35,26.98,0,0,9.72,26.98,35.64725,3492,409,4850,1149,48.5,1.25572145,0.6375,3159,359,32.3333321,0.684778333,0.6375,2994,153,32.3333321,0.311529666,0.6375,2999,137,32.3333321,0.2794333,0.6375,2987,226,32.3333321,0.4184509,0.6375,4850,1027,48.5,1.27059937,0.6375,2914,92,32.3333321,0.225565,0.6375,3186,126,32.3333321,0.255064666,0.65,51.7500076,46.3750038,99.99815,27.056057,10.824707,71.42426,10.2629623,4.61780167,68.96798,38,0.25,0,55,0,85,0.416,1.01,16,16,16,32,48,30,295,160,130,0,0,0,16,37,0.25,0,55,0,85,0.416,1.01,16,16,16,32,48,30,295,160,130,0,0,0,16,512,-1,485.785156,477.9375,7.84765625,7.6015625,7611.34961,7618.951,0,0,0,0,0,0,0,0,0,0,4.279056,7,505,600,1200,3000,50,0.974000037,1.30500007,0,2,17,54,2670,10451.9824,0,0,0,0,5,3,0,0,19.311,23.062,0.975,12200.82,419.523438,5.029356,0,0,0,0.00478290068,0,0,0,0,0,0.00986788,0,0,0,66,64,16376,3874,12501,76.34004,57.744,899072,9.159987E+07
05/29/2026 12:56:22,41,56,0,50,55,46,46,46,46,65,12.12,5.04,1.31000006,1.39200008,0.996000051,0.328,0.66,3.288,2.046,0,3.37200022,3.37200022,3.12000012,52,46,45,45.5,894,705,0,807,711,0,0,0,0,0,33.33,4.76,3.17,1.59,3.17,22.22,1.59,3.17,9.13,33.33,36.5275421,3934,496,4040,1451,40.4,1.46185338,0.55625,3970,428,40.4,0.76580745,0.55625,3260,214,33.6666679,0.3868356,0.55625,3153,168,33.6666679,0.3293434,0.55625,3937,311,40.4,0.5305047,0.55625,5050,1134,50.5,1.427953,0.55625,3094,111,33.6666679,0.2734151,0.55625,4972,155,50.5,0.309256256,0.5,52.0000076,56.6250038,99.99815,27.06699,10.8137741,71.453125,10.2638054,4.61695862,68.97365,38,0.25,0,55,0,85,0.416,1.01,16,16,16,32,48,30,295,160,130,0,0,0,16,37,0.25,0,55,0,85,0.416,1.01,16,16,16,32,48,30,295,160,130,0,0,0,16,512,-1,485.785156,477.9375,7.84765625,7.6015625,7611.34961,7618.951,0,0,0,0,0,0,0,0,0,0,4.25600863,7,505,600,1200,3000,49,0.955000043,1.30500007,0,3,16,54,2670,10451.9824,0,0,0,0,5,3,0,0,20.498,17.673,0.975,12200.82,419.523438,4.953039,0,0,0,0.00539261755,0,0,0,0,0,0,0,0,0,66.03125,64,16376,3874,12501,76.34004,56.136,699392,8.069939E+07
05/29/2026 12:56:24,42,56,0,51,55,47,47,47,47,66,12.144001,5.04,1.312,1.396,0.986000061,0.324,0.66,3.292,2.046,0,3.37600017,3.37200022,3.124,51,46.5,45,45.5,922,705,0,792,694,0,0,0,0,0,18.46,4.62,1.56,1.56,4.69,18.46,3.12,1.56,6.75,18.46,36.0088234,3701,384,4850,1053,48.5,1.21785951,0.64375,4777,346,48.5,0.6867193,0.64375,3100,170,32.3333321,0.319139332,0.64375,3023,125,32.3333321,0.252045184,0.64375,3068,226,32.3333321,0.4295225,0.64375,4850,982,48.5,1.20081866,0.64375,3004,100,32.3333321,0.231739372,0.64375,2938,71,32.3333321,0.19395797,0.64375,51.8750076,46.3750038,99.99815,27.0885544,10.79221,71.5100555,10.29216,4.588604,69.16419,38,0.25,0,55,0,85,0.416,1.01,16,16,16,32,48,30,295,160,130,0,0,0,16,37,0.25,0,55,0,85,0.416,1.01,16,16,16,32,48,30,295,160,130,0,0,0,16,512,-1,485.785156,477.9375,7.84765625,7.6015625,7611.34961,7618.951,0,0,0,0,0,0,0,0,0,0,4.29441833,7,505,600,1200,3000,49,0.965000033,1.30500007,0,4,17,54,2670,10451.9824,0,0,0,0,5,3,0,0,19.592,20.03,0.975,12200.8047,416.421875,4.894752,0,0,0,0.00354481535,0,0,0,0,0,0.09773562,0,0,0,66.1875,66,16376,3874,12501,76.34004,57.011,899072,8.754995E+07
05/29/2026 12:56:26,42,56,0,51,56,47,47,47,47,66,12.144001,5.04,1.312,1.39200008,0.986000061,0.328,0.66,3.288,2.046,0,3.37200022,3.37200022,3.12000012,51,46.5,45,45.5,941,706,0,803,720,0,0,0,0,0,22.22,12.7,3.12,0,3.12,17.46,1.56,0,7.52,22.22,36.6687927,3288,466,4850,1276,48.5,1.41320407,0.65,3233,513,32.3333321,0.875188231,0.65,3019,182,32.3333321,0.383036733,0.65,3007,147,32.3333321,0.316693276,0.65,3080,259,32.3333321,0.5003187,0.65,3233,1181,32.3333321,1.38579214,0.65,2914,85,32.3333321,0.2472414,0.65,2966,84,32.3333321,0.2192656,0.65,52.1250076,46.3750038,99.99815,27.0236168,10.8571472,71.33862,10.2491493,4.63161469,68.87515,38,0.25,0,55,0,85,0.416,1.01,16,16,16,32,48,30,295,160,130,0,0,0,16,37,0.25,0,55,0,85,0.416,1.01,16,16,16,32,48,30,295,160,130,0,0,0,16,512,-1,485.785156,477.9375,7.84765625,7.6015625,7611.34961,7618.951,0,0,0,0,0,0,0,0,0,0,4.245218,7,505,600,1200,3000,49,0.974000037,1.30500007,0,2,17,54,2670,10451.9824,0,0,0,0,5,3,0,0,21.116,19.953,0.975,12200.8047,416.421875,4.931603,0,0,0,0.00650082948,0,0,0,0,0,0,0,0,0,66.15625,64,16376,3874,12501,76.34004,58.181,849920,8.709939E+07
05/29/2026 12:56:28,42,56,0,51,56,47,47,47,47,66,12.12,5.04,1.31000006,1.396,0.992000043,0.328,0.66,3.288,2.046,0,3.37200022,3.37200022,3.12000012,51,46.5,45,45.5,920,705,0,805,725,0,0,0,0,0,24.62,0,0,1.54,1.54,12.31,0,0,5,24.62,35.71519,3699,383,4850,1166,48.5,1.26988637,0.64375,4850,362,48.5,0.6999525,0.64375,3060,152,32.3333321,0.309911937,0.64375,2990,112,32.3333321,0.2528733,0.64375,3077,208,32.3333321,0.41264233,0.64375,4850,881,48.5,1.19962525,0.64375,2985,95,32.3333321,0.231713191,0.64375,2931,90,32.3333321,0.216465726,0.64375,52.0000076,46.8750038,99.99815,27.05682,10.8239441,71.42628,10.2753105,4.60545349,69.0509644,38,0.25,0,55,0,85,0.416,1.01,16,16,16,32,48,30,295,160,130,0,0,0,16,37,0.25,0,55,0,85,0.416,1.01,16,16,16,32,48,30,295,160,130,0,0,0,16,512,-1,485.785156,477.9375,7.84765625,7.6015625,7611.34961,7618.951,0,0,0,0,0,0,0,0,0,0,4.194682,7,505,600,1200,3000,49,0.979000032,1.30500007,0,3,17,54,2670,10451.9824,0,0,0,0,5,3,0,0,19.996,17.681,0.975,12200.8047,416.421875,4.88520432,0,0,0,0.006899462,0,0,0,0,0,0,0,0,0,66.15625,66,16376,3874,12501,76.34004,57.268,849920,8.594944E+07
05/29/2026 12:56:30,42,56,0,51,56,47,47,47,47,66,12.12,5.03,1.312,1.396,0.986000061,0.332000017,0.66,3.292,2.046,0,3.37200022,3.37200022,3.124,52,46.5,45,45.5,928,706,0,798,712,0,0,0,0,0,26.56,9.38,4.69,0,3.12,14.06,4.69,0,7.81,26.56,35.89557,4077,410,4850,1218,48.5,1.33752155,0.6375,4797,416,48.5,0.775328,0.6375,4553,162,48.5,0.3238366,0.6375,4542,129,48.5,0.2773584,0.6375,3059,232,32.3333321,0.4327231,0.63125,4850,903,48.5,1.18505609,0.63125,3005,115,32.3333321,0.263645262,0.63125,2957,101,32.3333321,0.237762257,0.63125,52.0000076,46.3750038,99.99815,27.0508118,10.8299522,71.4104156,10.2736282,4.607136,69.03966,38,0.25,0,55,0,85,0.416,1.01,16,16,16,32,48,30,295,160,130,0,0,0,16,37,0.25,0,55,0,85,0.416,1.01,16,16,16,32,48,30,295,160,130,0,0,0,16,512,-1,485.785156,477.9375,7.84765625,7.6015625,7611.34961,7618.951,0,0,0,0,0,0,0,0,0,0,4.24317074,7,505,600,1200,3000,49,1.04000008,1.30500007,0,5,16,54,2670,10451.9824,0,0,0,0,5,3,0,0,19.875,26.283,0.975,12200.8047,416.421875,4.981517,0,0,0,0.005679985,0,0,0,0,0,0,0,0,0,66.40625,66,16376,3874,12501,76.34004,56.586,849920,9.009971E+07
05/29/2026 12:56:32,42,56,0,51,56,47,47,47,47,66,12.144001,5.04,1.312,1.39200008,0.986000061,0.338000029,0.66,3.288,2.046,0,3.37200022,3.37200022,3.124,52,46.5,45,45.5,937,706,0,796,714,0,0,0,0,0,18.75,7.81,0,1.54,1.56,18.75,0,0,6.05,18.75,36.1805,3476,367,4850,969,48.5,1.200492,0.64375,3233,362,32.3333321,0.6624648,0.64375,2964,134,32.3333321,0.2960113,0.64375,2975,110,32.3333321,0.262239128,0.64375,3075,213,32.3333321,0.396140933,0.64375,4850,991,48.5,1.168847,0.6625,2920,87,32.3333321,0.228698164,0.6625,2943,71,32.3333321,0.203542456,0.6625,52.2500076,46.3750038,99.9981461,27.0198059,10.8609581,71.32857,10.2427368,4.638027,68.83206,38,0.25,0,55,0,85,0.416,1.01,16,16,16,32,48,30,295,160,130,0,0,0,16,37,0.25,0,55,0,85,0.416,1.01,16,16,16,32,48,30,295,160,130,0,0,0,16,512,-1,485.785156,477.9375,7.84765625,7.6015625,7611.34961,7618.951,0,0,0,0,0,0,0,0,0,0,4.281724,7,505,600,1200,3000,49,0.974000037,1.30500007,0,0,17,54,2670,10451.9824,0,0,0,0,5,3,0,0,20.928,20.789,0.975,12200.8047,416.421875,4.889722,0,0,0,0.00522259437,0,0,0,0,0,0,0,0,0,66.5625,64,16376,3874,12501,76.34004,57.817,999424,9.06496E+07
05/29/2026 12:56:34,42,56,0,51,56,47,47,47,47,66,12.12,5.04,1.312,1.396,0.986000061,0.338000029,0.66,3.288,2.046,0,3.37200022,3.37200022,3.124,52,46.5,45,45.5,937,706,0,813,715,0,0,0,0,0,15.62,7.81,4.69,1.56,1.56,18.75,4.69,1.56,7.03,18.75,36.0648575,4031,414,5050,1109,50.5,1.303697,0.55,3983,360,40.4,0.676043034,0.55,3815,187,40.4,0.346287668,0.55,3810,156,40.4,0.31159246,0.55,3771,239,40.4,0.4343694,0.55,4040,1023,40.4,1.22331524,0.55,3746,107,40.4,0.260651827,0.55,4035,133,40.4,0.277489036,0.55,52.2500076,46.3750038,99.99816,27.0244865,10.8562775,71.34093,10.2477264,4.63303757,68.86559,38,0.25,0,55,0,85,0.416,1.01,16,16,16,32,48,30,295,160,130,0,0,0,16,37,0.25,0,55,0,85,0.416,1.01,16,16,16,32,48,30,295,160,130,0,0,0,16,512,-1,485.785156,477.9375,7.84765625,7.6015625,7611.34961,7618.951,0,0,0,0,0,0,0,0,0,0,4.20113373,7,505,600,1200,3000,49,0.979000032,1.30500007,0,2,17,54,2670,10451.9824,0,0,0,0,6,3,0,0,20.083,25.727,0.975,12200.8047,416.421875,4.99157524,0,0,0,0.005566279,0,0,0,0,0,0,0,0,0,66.625,66,16376,3874,12501,76.34004,58.492,849920,1.660498E+08
05/29/2026 12:56:36,42,56,0,51,56,47,47,47,47,66,12.12,5.04,1.312,1.39200008,0.990000069,0.326,0.66,3.288,2.046,0,3.37200022,3.37200022,3.12000012,52,46.5,45,45.5,944,706,0,814,715,0,0,0,0,0,21.88,9.38,3.17,3.17,4.76,20.31,1.59,1.59,8.23,21.88,35.8222237,3706,406,4850,1093,48.5,1.28393745,0.63125,4829,403,48.5,0.7444463,0.63125,2983,160,32.3333321,0.320439816,0.63125,2980,128,32.3333321,0.2806667,0.63125,3032,231,32.3333321,0.438171864,0.63125,4850,1037,48.5,1.24360037,0.63125,2943,87,32.3333321,0.228990465,0.63125,3185,111,32.3333321,0.24685058,0.6375,52.0000076,46.3750038,99.99816,27.02721,10.8535538,71.348114,10.2471886,4.63357544,68.86198,38,0.25,0,55,0,85,0.416,1.01,16,16,16,32,48,30,295,160,130,0,0,0,16,37,0.25,0,55,0,85,0.416,1.01,16,16,16,32,48,30,295,160,130,0,0,0,16,512,-1,485.785156,477.9375,7.84765625,7.6015625,7611.34961,7618.951,0,0,0,0,0,0,0,0,0,0,4.271163,7,505,600,1200,3000,49,1.064,1.30500007,0,12,17,55,2670,10451.9824,0,0,0,0,5,3,0,0,20.241,17.839,0.975,12200.8047,416.421875,4.94431067,0,0,0,0.004854839,0,0,0,0,0,0,0,0,0,66.6875,64,16376,3874,12501,76.34004,56.901,899072,8.594944E+07
05/29/2026 12:56:38,42,56,0,51,56,47,47,47,47,66,12.12,5.04,1.31000006,1.39200008,0.992000043,0.338000029,0.66,3.288,2.046,0,3.37200022,3.37200022,3.124,52,46.5,45,45.5,931,707,0,802,716,0,0,0,0,0,21.88,4.69,0,0,3.12,21.88,1.56,0,6.64,21.88,35.7575722,3510,419,4850,1173,48.5,1.332525,0.65,3189,353,32.3333321,0.6915923,0.65,3039,198,32.3333321,0.3414481,0.65,3092,163,32.3333321,0.3127163,0.65,3001,205,32.3333321,0.416374,0.65,4850,1051,48.5,1.25676751,0.65,2978,101,32.3333321,0.252816379,0.65,3079,111,32.3333321,0.260947555,0.65,52.0000076,46.3750038,99.99816,27.0253372,10.8554268,71.34317,10.2444878,4.63627625,68.84383,38,0.25,0,55,0,85,0.416,1.01,16,16,16,32,48,30,295,160,130,0,0,0,16,37,0.25,0,55,0,85,0.416,1.01,16,16,16,32,48,30,295,160,130,0,0,0,16,512,-1,485.785156,477.9375,7.84765625,7.6015625,7611.34961,7618.951,0,0,0,0,0,0,0,0,0,0,4.15119362,7,505,600,1200,3000,50,0.974000037,1.30500007,0,2,16,55,2670,10451.9824,0,0,0,0,6,3,0,0,20.371,19.629,0.975,12200.8047,416.421875,5.169261,0,0,0,0.00497111725,0,0,0,0,0,0,0,0,0,66.8125,66,16376,3874,12501,76.34004,57.866,899072,9.004954E+07
05/29/2026 12:56:40,42,56,0,51,56,47,47,47,47,66,12.12,5.04,1.31000006,1.396,0.9760001,0.324,0.66,3.288,2.046,0,3.37200022,3.37200022,3.124,51,46,45,45.5,933,707,0,801,734,0,0,0,0,0,14.06,4.69,1.56,3.08,3.08,7.81,0,0,4.28,14.06,35.67698,3491,373,4850,1059,48.5,1.20844483,0.65,3163,336,32.3333321,0.6105836,0.65,3069,175,32.3333321,0.3374326,0.65,3042,157,32.3333321,0.306494027,0.65,3042,211,32.3333321,0.421360821,0.65,4850,885,48.5,1.07011163,0.65,2943,86,32.3333321,0.2405689,0.65,2969,78,32.3333321,0.222748429,0.65,52.0000076,46.3750038,99.9981461,27.0173874,10.8633766,71.32218,10.2394409,4.641323,68.80991,38,0.25,0,55,0,85,0.416,1.01,16,16,16,32,48,30,295,160,130,0,0,0,16,37,0.25,0,55,0,85,0.416,1.01,16,16,16,32,48,30,295,160,130,0,0,0,16,512,-1,485.785156,477.9375,7.84765625,7.6015625,7611.34961,7618.951,0,0,0,0,0,0,0,0,0,0,4.32460642,7,505,600,1200,3000,49,0.969000041,1.30500007,0,7,17,55,2670,10451.9824,0,0,0,0,4,2,0,0,19.361,20.788,0.975,12200.8047,416.421875,3.61053085,0,0,0,0.0311367866,0,0,0,0,0,0,0,0,0,66.75,66,16376,3874,12501,76.34004,58.616,1049600,8.409907E+07
05/29/2026 12:56:42,42,56,0,51,56,47,47,47,47,66,12.12,5.04,1.312,1.396,1.00400007,0.334000021,0.66,3.292,2.046,0,3.37200022,3.37200022,3.124,52,46,45,45.5,920,707,0,815,734,0,0,0,0,0,26.56,6.25,0,1.56,1.56,15.62,0,1.56,6.64,26.56,36.5976372,3848,427,4850,1204,48.5,1.33816063,0.6375,3233,463,32.3333321,0.757500231,0.6375,2995,157,32.3333321,0.361784369,0.6375,3022,148,32.3333321,0.317767233,0.6375,3018,209,32.3333321,0.443286419,0.6375,4850,1051,48.5,1.25162363,0.6375,4359,90,48.5,0.27079764,0.6375,4461,95,48.5,0.266710937,0.64375,52.1250076,46.3750038,99.99815,27.0291672,10.8515968,71.35328,10.2490768,4.631687,68.87467,38,0.25,0,55,0,85,0.416,1.01,16,16,16,32,48,30,295,160,130,0,0,0,16,37,0.25,0,55,0,85,0.416,1.01,16,16,16,32,48,30,295,160,130,0,0,0,16,512,-1,485.785156,477.9375,7.84765625,7.6015625,7611.34961,7618.951,0,0,0,0,0,0,0,0,0,0,4.320043,7,505,600,1200,3000,49,0.974000037,1.30500007,0,7,17,55,2670,10451.9824,0,0,0,0,4,2,0,0,19.028,18.126,0.975,12200.8047,416.421875,3.66720343,0,0,0,0.0594283119,0,0,0,0,0,0,0,0,0,66.9375,66,16376,3874,12501,76.34004,56.47,899072,8.344986E+07
05/29/2026 12:56:44,42,56,0,51,56,47,47,47,47,66,12.12,5.04,1.31000006,1.396,0.992000043,0.328,0.66,3.288,2.046,0,3.37200022,3.36800027,3.124,52,46,45,45.5,942,707,0,813,716,0,0,0,0,0,24.62,3.08,0,1.54,1.54,13.85,0,0,5.58,24.62,36.19803,3247,430,4850,1310,48.5,1.46126771,0.64375,3128,325,32.3333321,0.642837048,0.64375,2954,148,32.3333321,0.333348632,0.64375,2970,138,32.3333321,0.301323742,0.64375,3020,236,32.3333321,0.427793384,0.64375,3233,1099,32.3333321,1.33102512,0.64375,2928,104,32.3333321,0.262703717,0.64375,2891,78,32.3333321,0.236790881,0.64375,52.5000076,46.3750038,99.99816,27.024662,10.856102,71.3413849,10.2473145,4.63344955,68.86282,38,0.25,0,55,0,85,0.416,1.01,16,16,16,32,48,30,295,160,130,0,0,0,16,37,0.25,0,55,0,85,0.416,1.01,16,16,16,32,48,30,295,160,130,0,0,0,16,512,-1,485.785156,477.9375,7.84765625,7.6015625,7611.34961,7618.951,0,0,0,0,0,0,0,0,0,0,4.19656658,7,505,600,1200,3000,49,1.04000008,1.30500007,0,10,17,55,2670,10451.9824,0,0,0,0,4,2,0,0,18.885,24.141,0.975,12200.8047,416.546875,3.69271231,0,0,0,0.0688002,0,0,0,0,0,0,0,0,0,66.875,66,16376,3874,12501,76.34004,55.735,799744,8.344986E+07
05/29/2026 12:56:46,42,56,0,51,56,47,47,47,47,66,12.12,5.04,1.312,1.396,1.00400007,0.328,0.66,3.288,2.046,0,3.37600017,3.37200022,3.124,52,46,45,45.5,941,707,0,815,734,0,0,0,0,0,30.16,7.94,1.56,0,3.12,14.29,0,0,7.13,30.16,36.7216225,4627,476,4850,1326,48.5,1.51759219,0.6375,4813,418,48.5,0.787385345,0.6375,4506,178,48.5,0.382921159,0.6375,4453,133,48.5,0.338466346,0.6375,4748,287,48.5,0.552418768,0.6375,4850,1294,48.5,1.48102355,0.6375,4347,81,48.5,0.283543348,0.6375,4449,88,48.5,0.279685825,0.6375,52.7500076,46.3750038,99.99816,27.0209846,10.8597794,71.33168,10.242054,4.63871,68.82748,38,0.25,0,55,0,85,0.416,1.01,16,16,16,32,48,30,295,160,130,0,0,0,16,37,0.25,0,55,0,85,0.416,1.01,16,16,16,32,48,30,295,160,130,0,0,0,16,512,-1,485.785156,477.9375,7.84765625,7.6015625,7611.34961,7618.951,0,0,0,0,0,0,0,0,0,0,4.403554,7,505,600,1200,3000,49,0.969000041,1.30500007,0,5,17,55,2670,10451.9824,0,0,0,0,4,2,0,0,20.531,20.898,0.975,12200.8047,416.546875,3.632226,0,0,0,0.06896987,0,0,0,0,0,0,0,0,0,67.0625,66,16376,3874,12501,76.34004,56.648,1049600,7.444992E+07
05/29/2026 12:56:48,42,56,0,51,56,47,47,47,47,66,12.144001,5.04,1.312,1.39200008,1,0.34,0.66,3.288,2.046,0,3.37200022,3.37200022,3.124,52,46.5,45,45.5,941,707,0,802,715,0,0,0,0,0,18.75,7.81,3.17,1.59,4.76,21.88,0,6.35,8.04,21.88,36.612545,3870,455,4850,1281,48.5,1.48924267,0.64375,4845,435,48.5,0.8052467,0.64375,2961,148,32.3333321,0.355943173,0.64375,2975,123,32.3333321,0.315765649,0.64375,4550,241,48.5,0.462008446,0.64375,4850,1213,48.5,1.38290524,0.64375,2936,92,32.3333321,0.29192,0.64375,2992,107,32.3333321,0.281641245,0.64375,52.8750076,45.8750038,99.99816,27.015625,10.865139,71.31753,10.2415657,4.6391983,68.82419,38,0.25,0,55,0,85,0.416,1.01,16,16,16,32,48,30,295,160,130,0,0,0,16,37,0.25,0,55,0,85,0.416,1.01,16,16,16,32,48,30,295,160,130,0,0,0,16,512,-1,485.785156,477.9375,7.84765625,7.6015625,7611.34961,7618.951,0,0,0,0,0,0,0,0,0,0,4.360697,7,505,600,1200,3000,49,0.965000033,1.30500007,0,3,17,55,2670,10451.9824,0,0,0,0,4,2,0,0,19.138,19.536,0.975,12200.8047,416.546875,3.37241483,0,0,0,0.06078805,0,0,0,0,0,0,0,0,0,67.0625,66,16376,3874,12501,76.34004,57.056,899072,8.469914E+07
05/29/2026 12:56:50,43,56,0,51,57,49,49,49,49,67,12.12,5.04,1.31000006,1.396,1,0.34,0.66,3.288,2.046,0,3.37200022,3.37200022,3.124,52,46.5,45,45.5,951,707,0,803,736,0,0,0,0,0,31.25,4.69,1.56,3.12,4.69,18.75,1.56,3.12,8.59,31.25,36.74251,3477,492,4850,1439,48.5,1.59403539,0.64375,3173,429,32.3333321,0.7705695,0.64375,2996,194,32.3333321,0.412966758,0.64375,2918,128,32.3333321,0.330821544,0.64375,3053,260,32.3333321,0.5109527,0.64375,4850,1275,48.5,1.43259823,0.64375,2864,91,32.3333321,0.2971124,0.64375,3112,123,32.3333321,0.322586536,0.64375,52.8750076,46.3750038,99.9981461,27.021431,10.859333,71.3328552,10.2445183,4.63624573,68.84403,38,0.25,0,55,0,85,0.416,1.01,16,16,16,32,48,30,295,160,130,0,0,0,16,37,0.25,0,55,0,85,0.416,1.01,16,16,16,32,48,30,295,160,130,0,0,0,16,512,-1,485.785156,477.9375,7.84765625,7.6015625,7611.34961,7618.951,0,0,0,0,0,0,0,0,0,0,4.27258825,7,505,600,1200,3000,49,0.955000043,1.30500007,0,4,17,55,2670,10451.9824,0,0,0,0,4,2,0,0,18.648,17.663,0.975,12200.8086,417.109375,3.39765978,0,0,0,0.06442534,0,0,0,0,0,0.0545336157,0,0,0,67.21875,66,16376,3874,12501,76.34004,55.348,899072,8.409907E+07
05/29/2026 12:56:52,42,56,0,51,56,48,48,48,48,66,12.12,5.04,1.312,1.396,1,0.33,0.66,3.288,2.046,0,3.37200022,3.37200022,3.124,52,46.5,45,45.5,947,707,0,817,719,0,0,0,0,0,26.15,7.69,4.62,0,3.08,23.08,0,1.54,8.27,26.15,36.19311,3672,450,4850,1315,48.5,1.45070839,0.65625,4850,438,48.5,0.7931613,0.65625,3039,174,32.3333321,0.36403054,0.65625,2944,125,32.3333321,0.307028234,0.65625,3042,235,32.3333321,0.444255978,0.65625,4850,1150,48.5,1.35175359,0.65625,2909,83,32.3333321,0.268387347,0.65625,2893,77,32.3333321,0.255813271,0.65625,52.8750076,46.3750038,99.99816,27.01641,10.8643532,71.3196,10.2426224,4.63814163,68.8313,38,0.25,0,55,0,85,0.416,1.01,16,16,16,32,48,30,295,160,130,0,0,0,16,37,0.25,0,55,0,85,0.416,1.01,16,16,16,32,48,30,295,160,130,0,0,0,16,512,-1,485.785156,477.9375,7.84765625,7.6015625,7611.34961,7618.951,0,0,0,0,0,0,0,0,0,0,4.25477648,7,505,600,1200,3000,50,1.04500008,1.30500007,0,7,18,55,2670,10451.9824,0,0,0,0,3,2,0,0,19.038,23.148,0.975,12200.8086,417.109375,3.346571,0,0,0,0.06814186,0,0,0,0,0,0,0,0,0,67.28125,66,16376,3874,12501,76.34004,55.072,849920,8.32E+07
05/29/2026 12:56:54,42,56,0,51,56,48,48,48,48,66,12.12,5.04,1.312,1.39200008,0.998,0.334000021,0.66,3.292,2.046,0,3.37600017,3.37600017,3.124,53,46.5,45,45.5,938,706,0,814,717,0,0,0,0,0,22.22,6.35,3.12,9.38,6.25,28.57,3.12,4.69,10.46,28.57,36.7902336,4442,515,4850,1427,48.5,1.54459655,0.6375,3233,479,32.3333321,0.8252463,0.6375,4417,158,48.5,0.379227668,0.65,4568,166,48.5,0.384090573,0.65,4451,233,48.5,0.474698782,0.65,4850,1398,48.5,1.58253491,0.65,4363,97,48.5,0.300115436,0.65,4803,159,48.5,0.3534517,0.65,53.1250076,46.3750038,99.99815,27.0266571,10.8541069,71.34665,10.2429352,4.637829,68.8334,38,0.25,0,55,0,85,0.416,1.01,16,16,16,32,48,30,295,160,130,0,0,0,16,37,0.25,0,55,0,85,0.416,1.01,16,16,16,32,48,30,295,160,130,0,0,0,16,512,-1,485.785156,477.9375,7.84765625,7.6015625,7611.34961,7618.951,0,0,0,0,0,0,0,0,0,0,4.315487,7,505,600,1200,3000,49,0.969000041,1.30500007,0,1,17,55,2670,10451.9824,0,0,0,0,4,2,0,0,19.514,20.656,0.975,12200.8086,417.109375,3.2718184,0,0,0,0.0557725839,0,0,0,0,0,0,0,0,0,67.40625,66,16376,3874,12501,76.34004,56.581,1049600,8.379904E+07
05/29/2026 12:56:56,43,56,0,52,57,49,49,49,49,67,12.12,5.04,1.312,1.396,0.998,0.33,0.66,3.288,2.046,0,3.37600017,3.37600017,3.124,53,46.5,45,45.5,944,706,0,809,720,0,0,0,0,0,25,15.62,4.69,7.81,4.69,25,3.12,1.56,10.94,25,36.30923,3509,454,4850,1149,48.5,1.341623,0.6375,3205,408,32.3333321,0.7713771,0.6375,3006,172,32.3333321,0.362499446,0.6375,2939,129,32.3333321,0.315532565,0.6375,3041,229,32.3333321,0.464192271,0.64375,5050,1411,50.5,1.58126414,0.55625,2994,71,33.6666679,0.2537533,0.55625,2985,64,33.6666679,0.239950329,0.55625,53.1250076,46.3750038,99.99816,27.04972,10.8310432,71.40753,10.2754288,4.605335,69.05176,37.75,0.25,0,55,0,85,0.416,1.01,16,16,16,32,48,30,295,160,130,0,0,0,16,37,0.25,0,55,0,85,0.416,1.01,16,16,16,32,48,30,295,160,130,0,0,0,16,512,-1,485.785156,477.9375,7.84765625,7.6015625,7611.34961,7618.951,0,0,0,0,0,0,0,0,0,0,4.43643141,7,505,600,1200,3000,49,0.969000041,1.30500007,0,4,17,55,2670,10451.9824,0,0,0,0,4,2,0,0,18.971,18.585,0.975,12200.8086,417.339844,3.33095646,0,0,0,0.06191644,0,0,0,0,0,0,0,0,0,67.46875,66,16376,3874,12501,76.34004,56.501,4.854989E+07,7.574938E+07
05/29/2026 12:56:58,43,56,0,53,57,49,49,49,49,67,12.12,5.04,1.312,1.39200008,0.994,0.328,0.66,3.292,2.046,0,3.37200022,3.37200022,3.124,53,46.5,45,45.5,954,707,0,831,747,0,0,0,0,0,20.31,9.38,1.56,1.59,4.69,32.81,0,0,8.79,32.81,36.4375648,3997,480,4850,1031,48.5,1.27569544,0.63125,5028,445,50.5,0.808740258,0.63125,3782,176,40.4,0.3872364,0.63125,3040,112,33.6666679,0.306063652,0.63125,3802,266,40.4,0.492796153,0.63125,5050,1565,50.5,1.665607,0.55,3322,155,33.6666679,0.3399928,0.54375,3100,90,33.6666679,0.277712643,0.54375,53.1250076,45.8750038,99.99816,27.0249786,10.8557854,71.3422241,10.2480583,4.63270569,68.86783,38,0.25,0,55,0,85,0.416,1.01,16,16,16,32,48,30,295,160,130,0,0,0,16,37,0.25,0,55,0,85,0.416,1.01,16,16,16,32,48,30,295,160,130,0,0,0,16,512,-1,485.785156,477.9375,7.84765625,7.6015625,7611.34961,7618.951,0,0,0,0,0,0,0,0,0,0,4.28252029,7,505,600,1200,3000,49,1.06000006,1.30500007,0,12,17,55,2670,10451.9824,0,0,0,0,4,2,0,0,18.751,22.524,0.975,12200.8086,417.339844,3.26427484,0,0,0,0.0588939525,0,0,0,0,0,0,0,0,0,67.5,66,16376,3874,12501,76.34004,55.114,699392,8.284979E+07
05/29/2026 12:57:00,43,56,0,53,57,49,49,49,49,67,12.12,5.04,1.312,1.396,0.990000069,0.33,0.66,3.292,2.046,0,3.37600017,3.37200022,3.124,53,46.5,45,45.5,943,706,0,821,731,0,0,0,0,0,18.75,6.25,1.56,1.56,4.69,23.44,0,1.56,7.23,23.44,36.2082939,4061,417,4850,1103,48.5,1.25303316,0.64375,4752,374,48.5,0.6636526,0.64375,4604,170,48.5,0.3556234,0.64375,3034,134,32.3333321,0.3068953,0.64375,4512,193,48.5,0.405209631,0.64375,4850,1176,48.5,1.44160175,0.64375,2951,99,32.3333321,0.277824134,0.64375,2934,86,32.3333321,0.261123151,0.64375,53.0000076,46.3750038,99.99815,27.0143127,10.8664513,71.314064,10.2426643,4.63809967,68.83157,38,0.25,0,55,0,85,0.416,1.01,16,16,16,32,48,30,295,160,130,0,0,0,16,37,0.25,0,55,0,85,0.416,1.01,16,16,16,32,48,30,295,160,130,0,0,0,16,512,-1,485.785156,477.9375,7.84765625,7.6015625,7611.34961,7618.951,0,0,0,0,0,0,0,0,0,0,4.248634,7,505,600,1200,3000,49,0.979000032,1.30500007,0,3,17,55,2670,10451.9824,0,0,0,0,4,2,0,0,19.364,20.068,0.975,12200.8086,417.339844,3.29996562,0,0,0,0.0575125255,0,0,0,0,0,0,0,0,0,67.75,66,16376,3874,12501,76.34004,55.679,1049600,7.434957E+07
05/29/2026 12:57:02,43,56,0,53,57,49,49,49,49,67,12.144001,5.04,1.312,1.396,0.998,0.33,0.66,3.292,2.046,0,3.37600017,3.37200022,3.124,53,46.5,45,45.5,944,706,0,824,731,0,0,0,0,0,21.54,7.69,1.54,0,9.23,27.69,1.54,0,8.65,27.69,36.8541451,3810,488,4040,1091,40.4,1.32670689,0.61875,3972,433,40.4,0.776023448,0.61875,3160,184,33.6666679,0.398945063,0.61875,3105,142,33.6666679,0.342736036,0.61875,3918,290,40.4,0.5204335,0.61875,5050,1568,50.5,1.71452415,0.525,3577,92,40.4,0.291302353,0.525,3659,103,40.4,0.2941062,0.54375,53.2500076,46.3750038,99.99815,27.02594,10.8548241,71.34476,10.2385483,4.64221573,68.80392,38,0.25,0,55,0,85,0.416,1.01,16,16,16,32,48,30,295,160,130,0,0,0,16,37,0.25,0,55,0,85,0.416,1.01,16,16,16,32,48,30,295,160,130,0,0,0,16,512,-1,485.785156,477.9375,7.84765625,7.6015625,7611.34961,7618.951,0,0,0,0,0,0,0,0,0,0,4.203519,7,505,600,1200,3000,49,0.969000041,1.30500007,0,3,17,55,2670,10451.9824,0,0,0,0,4,2,0,0,19.301,23.126,0.975,12200.8086,417.5703,3.39926577,0,0,0,0.0609769337,0,0,0,0,0,0,0,0,0,67.6875,66,16376,3874,12501,76.34004,56.811,799744,8.269926E+07
05/29/2026 12:57:04,43,56,0,53,57,49,49,49,49,67,12.144001,5.04,1.312,1.396,0.996000051,0.326,0.66,3.288,2.046,0,3.37600017,3.37200022,3.124,53,46.5,45,45.5,957,707,0,824,750,0,0,0,0,0,14.06,4.69,3.17,4.76,3.17,28.12,0,0,7.25,28.12,37.3286324,3868,422,5050,968,50.5,1.20720577,0.5625,3919,331,40.4,0.6482755,0.5625,3735,161,40.4,0.348949164,0.55625,3741,108,40.4,0.2882301,0.55625,3735,210,40.4,0.404990524,0.55625,4040,1425,40.4,1.55327868,0.55625,3648,84,40.4,0.2593772,0.55625,3074,88,33.6666679,0.2614308,0.55625,53.1250076,53.2500038,99.9981461,27.041893,10.838871,71.38687,10.2692451,4.611519,69.0102,38,0.25,0,55,0,85,0.416,1.01,16,16,16,32,48,30,295,160,130,0,0,0,16,37,0.25,0,55,0,85,0.416,1.01,16,16,16,32,48,30,295,160,130,0,0,0,16,512,-1,485.785156,477.9375,7.84765625,7.6015625,7611.34961,7618.951,0,0,0,0,0,0,0,0,0,0,4.213132,7,505,600,1200,3000,49,1.064,1.30500007,0,13,17,56,2670,10451.9824,0,0,0,0,4,2,0,0,18.718,22.479,0.975,12200.8086,417.5703,3.30507159,0,0,0,0.0610819124,0,0,0,0,0,0,0,0,0,67.71875,66,16376,3874,12501,76.34004,55.509,4649984,1.58549E+08
05/29/2026 12:57:06,43,56,0,53,57,49,49,49,49,67,12.144001,5.04,1.312,1.396,1.00400007,0.334000021,0.66,3.292,2.046,0,3.37600017,3.37200022,3.124,53,46.5,45,45.5,954,707,0,821,732,0,0,0,0,0,15.87,9.52,3.12,0,4.69,22.22,1.56,0,7.12,22.22,36.5368919,3718,465,4850,1188,48.5,1.3762387,0.6375,4726,369,48.5,0.7377124,0.6375,3071,179,32.3333321,0.39040038,0.65,3019,136,32.3333321,0.328449339,0.65,3086,230,32.3333321,0.4851274,0.65,4850,1383,48.5,1.54945028,0.65,3219,160,32.3333321,0.356383234,0.65,2927,74,32.3333321,0.269854039,0.65,53.0000076,46.3750038,99.99815,27.0279541,10.85281,71.3500748,10.2445183,4.63624573,68.84403,38,0.25,0,55,0,85,0.416,1.01,16,16,16,32,48,30,295,160,130,0,0,0,16,37,0.25,0,55,0,85,0.416,1.01,16,16,16,32,48,30,295,160,130,0,0,0,16,512,-1,485.785156,477.9375,7.84765625,7.6015625,7611.34961,7618.951,0,0,0,0,0,0,0,0,0,0,4.237922,7,505,600,1200,3000,49,1.04500008,1.30500007,0,7,17,56,2670,10451.9824,0,0,0,0,4,2,0,0,18.935,18.392,0.975,12200.8086,417.5703,3.33216858,0,0,0,0.05852414,0,0,0,0,0,0,0,0,0,67.78125,66,16376,3874,12501,76.34004,54.786,1049600,8.554906E+07
05/29/2026 12:57:08,43,56,0,53,57,49,49,49,49,67,12.144001,5.04,1.312,1.396,0.998,0.342,0.66,3.288,2.046,0,3.37200022,3.37200022,3.124,53,46.5,45,45.5,952,706,0,842,732,0,0,0,0,0,14.06,7.81,0,4.69,0,26.56,0,3.12,7.03,26.56,36.56142,3487,460,4850,998,48.5,1.26904166,0.64375,3165,383,32.3333321,0.7319855,0.64375,2950,140,32.3333321,0.337455571,0.64375,2994,139,32.3333321,0.318801016,0.64375,2953,213,32.3333321,0.422207475,0.64375,4850,1567,48.5,1.70245254,0.6625,2958,106,32.3333321,0.292419821,0.6625,3175,134,32.3333321,0.313143075,0.6625,53.1250076,46.3750038,99.99816,27.0225449,10.8582191,71.3358,10.2421341,4.63863,68.82801,38,0.25,0,55,0,85,0.416,1.01,16,16,16,32,48,30,295,160,130,0,0,0,16,37,0.25,0,55,0,85,0.416,1.01,16,16,16,32,48,30,295,160,130,0,0,0,16,512,-1,485.785156,477.9375,7.84765625,7.6015625,7611.34961,7618.951,0,0,0,0,0,0,0,0,0,0,4.212822,7,505,600,1200,3000,49,0.979000032,1.30500007,0,3,17,56,2670,10451.9824,0,0,0,0,4,2,0,0,19.435,24.189,0.975,12200.8086,417.5703,3.30313253,0,0,0,0.0584848523,0,0,0,0,0,0,0,0,0,67.90625,66,16376,3874,12501,76.34004,56.193,849920,8.534938E+07
05/29/2026 12:57:10,44,56,0,53,58,51,51,51,51,69,12.144001,5.04,1.312,1.396,1.074,0.344,0.66,3.288,2.046,0,3.37600017,3.37200022,3.124,55,46.5,45,45.5,942,706,0,845,734,0,0,0,0,0,32.81,9.38,4.69,0,7.81,31.25,0,34.38,15.04,34.38,39.5775223,3796,884,3960,1736,39.6,2.02263069,0.55,3960,698,39.6,1.191142,0.54375,3106,292,33,0.583601058,0.54375,3043,186,33,0.445101917,0.54375,3265,455,33,0.898307264,0.54375,4950,1857,49.5,2.28240347,0.54375,3110,187,33,0.426163048,0.54375,4975,1658,49.75,2.04628658,0.525,59.5000076,62.6250038,99.99815,27.0311928,10.8495712,71.35863,10.0115013,4.8692627,67.27814,38,0.25,0,55,0,85,0.416,1.01,16,16,16,32,48,30,295,160,130,0,0,0,16,37,0.25,0,55,0,85,0.416,1.01,16,16,16,32,48,30,295,160,130,0,0,0,16,512,-1,485.785156,477.9375,7.84765625,7.6015625,7611.34961,7618.951,0,0,0,0,0,0,0,0,0,0,4.26805544,7,505,600,1200,3000,50,0.965000033,1.30500007,0,0,17,56,2670,10451.9824,0,0,0,0,4,2,0,0,19.108,22.872,0.975,12200.8086,417.5703,3.28599238,0,0,0,0.06418698,0,0,0,0,0,0,0,0,0,68.03125,68,16376,3874,12501,76.34004,56.328,849920,7.449907E+07
05/29/2026 12:57:12,45,56,0,54,59,55,55,55,55,73,12.12,5.03,1.312,1.396,1.00400007,0.342,0.66,3.28400016,2.046,0,3.37200022,3.36800027,3.124,65,46,45,45.5,974,706,0,848,741,0,0,0,0,0,23.81,9.52,1.56,1.56,3.17,19.05,0,1.56,7.53,23.81,48.8482552,3372,440,3600,1073,36,1.298598,0.64375,3539,388,36,0.7025262,0.64375,3474,190,36,0.404399276,0.64375,2221,138,24,0.336066455,0.64375,2993,204,32.3333321,0.4442979,0.84375,5050,1350,50.5,1.55509412,0.5375,3018,77,33.6666679,0.288027346,0.5375,3082,97,33.6666679,0.2822511,0.5375,66.62501,47.3750038,99.99815,27.0381927,10.8425713,71.3771057,9.539906,5.34085846,64.10898,38,0.25,0,55,0,85,0.416,1.01,16,16,16,32,48,30,295,160,130,0,0,0,16,37,0.25,0,55,0,85,0.416,1.01,16,16,16,32,48,30,295,160,130,0,0,0,16,512,-1,485.785156,477.9375,7.84765625,7.6015625,7611.34961,7618.951,0,0,0,0,0,0,0,0,0,0,4.18918848,7,505,600,1200,3000,50,1.03000009,1.30500007,0,9,17,56,2670,10451.9824,0,0,0,0,4,2,0,0,18.755,18.95,0.975,12200.8086,417.5703,3.37459159,0,0,0,0.0633290038,0,0,0,0,0,0,0,0,0,68.125,66,16376,3874,12501,76.34004,55.118,149504,8.464998E+07
05/29/2026 12:57:14,45,56,0,55,60,59,59,59,59,76,12.144001,5.04,1.312,1.396,0.998,0.336000025,0.66,3.292,2.046,0,3.37200022,3.37200022,3.124,61,46.5,45,45.5,993,707,0,843,766,0,0,0,0,0,15.62,7.81,6.25,0,6.25,26.56,0,0,7.81,26.56,36.41631,3701,452,4850,1259,48.5,1.37358356,0.64375,4749,372,48.5,0.699126959,0.64375,3053,185,32.3333321,0.390685916,0.64375,3061,151,32.3333321,0.344836771,0.64375,3137,263,32.3333321,0.483634144,0.64375,4850,1175,48.5,1.45959353,0.64375,2973,119,32.3333321,0.319189161,0.64375,2932,92,32.3333321,0.2764688,0.64375,60.7500076,46.3750038,99.99815,27.0319252,10.8488388,71.36056,9.536747,5.344017,64.08775,38,0.25,0,55,0,85,0.416,1.01,16,16,16,32,48,30,295,160,130,0,0,0,16,37,0.25,0,55,0,85,0.416,1.01,16,16,16,32,48,30,295,160,130,0,0,0,16,512,-1,485.785156,477.9375,7.84765625,7.6015625,7611.34961,7618.951,0,0,0,0,0,0,0,0,0,0,4.227618,7,505,600,1200,3000,49,0.965000033,1.30500007,0,2,17,56,2670,10451.9824,0,0,0,0,4,2,0,0,19.197,19.565,0.975,12200.8086,417.5703,3.305127,0,0,0,0.0584924147,0,0,0,0,0,0,0,0,0,68.21875,66,16376,3874,12501,76.34004,55.267,1049600,8.284979E+07
05/29/2026 12:57:16,47,56,0,56,60,60,60,60,60,75,12.144001,5.04,1.312,1.396,0.998,0.33,0.66,3.292,2.046,0,3.37600017,3.37600017,3.124,58,46.5,45,45.5,1028,706,0,852,776,0,0,0,0,0,29.69,4.69,3.12,1.56,0,15.62,1.56,0,7.03,29.69,36.3783073,3430,422,4850,1613,48.5,1.6186893,0.64375,3147,377,32.3333321,0.7184052,0.64375,2946,143,32.3333321,0.3314467,0.64375,2972,124,32.3333321,0.308273554,0.64375,3001,226,32.3333321,0.4507526,0.64375,4850,755,48.5,1.12529731,0.64375,2836,70,32.3333321,0.252494484,0.64375,2838,69,32.3333321,0.244718745,0.64375,58.1250076,46.3750038,99.99815,27.0270576,10.8537064,71.34771,9.537804,5.34296036,64.09485,38,0.25,0,55,0,85,0.416,1.01,16,16,16,32,48,30,295,160,130,0,0,0,16,37,0.25,0,55,0,85,0.416,1.01,16,16,16,32,48,30,295,160,130,0,0,0,16,512,-1,485.785156,477.9375,7.84765625,7.6015625,7611.34961,7618.951,0,0,0,0,0,0,0,0,0,0,4.29102755,7,505,600,1200,3000,50,0.965000033,1.30500007,0,6,17,56,2670,10451.9824,0,0,0,0,4,2,0,0,19.512,23.724,0.975,12200.8086,417.5703,3.22651887,0,0,0,0.05902328,0,0,0,0,0,0,0,0,0,68.21875,66,16376,3874,12501,76.34004,56.957,899072,8.304947E+07
05/29/2026 12:57:18,48,56,0,56,61,56,56,56,56,73,12.12,5.03,1.31000006,1.39200008,1.00400007,0.336000025,0.66,3.288,2.046,0,3.37200022,3.37200022,3.12000012,56,46.5,45,45.5,1041,707,0,866,772,0,0,0,0,0,28.12,6.25,0,0,4.76,21.88,0,0,7.63,28.12,37.04512,3914,512,4850,1655,48.5,1.694632,0.64375,4746,435,48.5,0.8383996,0.64375,3044,181,32.3333321,0.400490642,0.64375,2923,113,32.3333321,0.3267056,0.64375,4704,286,48.5,0.535760641,0.64375,5000,1210,50,1.47023082,0.55625,2982,93,33.3333321,0.295382261,0.55625,3066,119,33.3333321,0.316595316,0.55625,56.2500076,46.3750038,99.99815,27.03696,10.8438034,71.3738556,9.542683,5.33808136,64.12764,38,0.25,0,55,0,85,0.416,1.01,16,16,16,32,48,30,295,160,130,0,0,0,16,37,0.25,0,55,0,85,0.416,1.01,16,16,16,32,48,30,295,160,130,0,0,0,16,512,-1,485.785156,477.9375,7.84765625,7.6015625,7611.34961,7618.951,0,0,0,0,0,0,0,0,0,0,4.1771245,7,505,600,1200,3000,50,1.04000008,1.30500007,0,8,17,56,2670,10451.9824,0,0,0,0,4,2,0,0,18.873,20.54,0.975,12200.8086,417.339844,3.376426,0,0,0,0.0618160851,0,0,0,0,0,0,0,0,0,68.375,68,16376,3874,12501,76.34004,56.241,699392,8.269926E+07
05/29/2026 12:57:20,47,56,0,56,61,53,53,53,53,70,12.12,5.04,1.312,1.39200008,0.994,0.33,0.66,3.288,2.046,0,3.37200022,3.37200022,3.124,55,46.5,45,45.5,1038,707,0,884,802,0,0,0,0,0,29.23,12.31,1.54,1.54,3.08,12.31,0,3.08,7.88,29.23,37.1270676,3927,440,5050,1524,50.5,1.553384,0.56875,3928,373,40.4,0.7283911,0.56875,3773,156,40.4,0.3472501,0.56875,3108,132,33.6666679,0.305797935,0.56875,3841,233,40.4,0.46047473,0.55625,4040,870,40.4,1.21070957,0.55625,3635,89,40.4,0.262773871,0.55625,4040,143,40.4,0.316523045,0.55625,55.6250076,46.3750038,99.99815,27.0593033,10.8214607,71.43283,9.565025,5.31573868,64.27779,38,0.25,0,55,0,85,0.416,1.01,16,16,16,32,48,30,295,160,130,0,0,0,16,37,0.25,0,55,0,85,0.416,1.01,16,16,16,32,48,30,295,160,130,0,0,0,16,512,-1,485.785156,477.9375,7.84765625,7.6015625,7611.34961,7618.951,0,0,0,0,0,0,0,0,0,0,4.26856041,7,505,600,1200,3000,49,0.974000037,1.30500007,0,0,17,56,2670,10451.9824,0,0,0,0,4,2,0,0,18.877,19.59,0.975,12200.8086,417.339844,3.34793854,0,0,0,0.0565686971,0,0,0,0,0,0,0,0,0,68.40625,68,16376,3874,12501,76.34004,55.202,299008,158049280
05/29/2026 12:57:22,46,56,0,55,60,51,51,51,51,69,12.144001,5.04,1.312,1.396,0.994,0.326,0.66,3.292,2.046,0,3.37200022,3.37200022,3.124,54,46.5,45,45.5,1026,707,0,865,782,0,0,0,0,0,30.16,6.35,1.56,1.56,1.59,14.29,1.56,0,7.13,30.16,36.405983,3495,440,4850,1479,48.5,1.544561,0.65,3228,414,32.3333321,0.733236969,0.6375,2966,175,32.3333321,0.36685583,0.6375,3053,156,32.3333321,0.328271657,0.6375,3076,236,32.3333321,0.451305538,0.6375,4850,851,48.5,1.18199062,0.6375,2919,107,32.3333321,0.281046867,0.6375,3015,103,32.3333321,0.2779724,0.6375,54.0000076,46.3750038,99.99816,27.03902,10.8417435,71.37929,9.545334,5.33543,64.1454544,38,0.25,0,55,0,85,0.416,1.01,16,16,16,32,48,30,295,160,130,0,0,0,16,37,0.25,0,55,0,85,0.416,1.01,16,16,16,32,48,30,295,160,130,0,0,0,16,512,-1,485.785156,477.9375,7.84765625,7.6015625,7611.34961,7618.951,0,0,0,0,0,0,0,0,0,0,4.23846865,7,505,600,1200,3000,50,0.965000033,1.30500007,0,1,17,56,2670,10451.9824,0,0,0,0,4,2,0,0,19.501,23.936,0.975,12200.8086,417.339844,3.31346321,0,0,0,0.05581157,0,0,0,0,0,0,0,0,0,68.46875,66,16376,3874,12501,76.34004,56.227,1049600,8.289997E+07
05/29/2026 12:57:24,45,56,0,54,59,49,49,49,49,67,12.12,5.04,1.312,1.396,0.994,0.342,0.66,3.288,2.046,0,3.37200022,3.37200022,3.124,53,46.5,45,45.5,1010,707,0,862,797,0,0,0,0,0,32.31,13.85,1.54,1.56,1.54,13.85,1.54,1.56,8.47,32.31,36.2725563,3646,415,4850,1558,48.5,1.57898772,0.6375,4708,342,48.5,0.633483946,0.64375,2982,156,32.3333321,0.33119908,0.64375,2965,128,32.3333321,0.296691537,0.64375,3002,208,32.3333321,0.4098879,0.64375,4850,754,48.5,1.08917308,0.64375,2942,103,32.3333321,0.269473672,0.64375,2867,71,32.3333321,0.237197354,0.64375,53.5000076,46.3750038,99.99815,27.027668,10.853096,71.34932,9.550133,5.33063126,64.1777039,38,0.25,0,55,0,85,0.416,1.01,16,16,16,32,48,30,295,160,130,0,0,0,16,37,0.25,0,55,0,85,0.416,1.01,16,16,16,32,48,30,295,160,130,0,0,0,16,512,-1,485.785156,477.9375,7.84765625,7.6015625,7611.34961,7618.951,0,0,0,0,0,0,0,0,0,0,4.23494673,7,505,600,1200,3000,49,0.960000038,1.30500007,0,0,16,56,2670,10451.9824,0,0,0,0,4,2,0,0,19.349,19.847,0.975,12200.8086,417.339844,3.31098127,0,0,0,0.057098493,0,0,0,0,0,0,0,0,0,68.5625,68,16376,3874,12501,76.34004,57.125,849920,8.274944E+07
05/29/2026 12:57:26,44,56,0,53,58,49,49,49,49,67,12.12,5.04,1.312,1.396,0.990000069,0.328,0.66,3.292,2.046,0,3.37200022,3.37200022,3.124,53,46.5,45,45.5,970,707,0,842,778,0,0,0,0,0,27.69,6.15,1.54,1.54,1.54,16.92,0,1.54,7.12,27.69,36.5681,4000,480,4040,1593,40.4,1.62558687,0.56875,3991,401,40.4,0.7332484,0.56875,4692,170,50.5,0.367417634,0.56875,3712,133,40.4,0.318075329,0.525,3801,244,40.4,0.515613,0.525,4040,1052,40.4,1.34189641,0.525,3681,94,40.4,0.2847073,0.525,4040,151,40.4,0.329224616,0.525,53.2500076,46.3750038,99.99815,27.0356483,10.8451157,71.37039,9.552673,5.32809067,64.19478,38,0.25,0,55,0,85,0.416,1.01,16,16,16,32,48,30,295,160,130,0,0,0,16,37,0.25,0,55,0,85,0.416,1.01,16,16,16,32,48,30,295,160,130,0,0,0,16,512,-1,485.785156,477.9375,7.84765625,7.6015625,7611.34961,7618.951,0,0,0,0,0,0,0,0,0,0,4.15101337,7,505,600,1200,3000,49,1.06000006,1.30500007,0,6,17,56,2670,10451.9824,0,0,0,0,4,2,0,0,18.906,22.263,0.975,12200.8086,417.339844,3.37356877,0,0,0,0.06424212,0,0,0,0,0,0,0,0,0,68.625,68,16376,3874,12501,76.34004,55.549,999424,157149184
05/29/2026 12:57:28,43,56,0,53,57,49,49,49,49,67,12.12,5.04,1.312,1.396,0.990000069,0.328,0.66,3.288,2.046,0,3.37200022,3.37200022,3.124,53,46.5,45,45.5,955,707,0,837,743,0,0,0,0,0,26.56,9.38,6.25,3.12,4.69,14.06,0,0,8.01,26.56,36.8990669,3492,435,4850,1417,48.5,1.52102757,0.64375,3194,401,32.3333321,0.7273973,0.64375,3022,178,32.3333321,0.357796371,0.64375,3028,144,32.3333321,0.315429717,0.64375,3120,238,32.3333321,0.4405345,0.64375,4850,920,48.5,1.22358239,0.64375,2960,97,32.3333321,0.2785913,0.64375,2913,87,32.3333321,0.25410673,0.64375,53.3750076,46.3750038,99.99816,27.058979,10.821785,71.43198,9.573311,5.307453,64.3334656,38,0.25,0,55,0,85,0.416,1.01,16,16,16,32,48,30,295,160,130,0,0,0,16,37,0.25,0,55,0,85,0.416,1.01,16,16,16,32,48,30,295,160,130,0,0,0,16,512,-1,485.785156,477.9375,7.84765625,7.6015625,7611.34961,7618.951,0,0,0,0,0,0,0,0,0,0,4.20728064,7,505,600,1200,3000,49,0.965000033,1.30500007,0,3,16,56,2670,10451.9824,0,0,0,0,4,2,0,0,19.202,19.198,0.975,12200.8125,418.792969,3.367739,0,0,0,0.05673975,0,0,0,0,0,0.009035119,0,0,0,68.65625,68,16376,3874,12501,76.34004,55.322,1049600,9.034957E+07
05/29/2026 12:57:30,43,56,0,53,57,49,49,49,49,67,12.12,5.04,1.312,1.396,0.990000069,0.338000029,0.66,3.288,2.046,0,3.37200022,3.37200022,3.12000012,53,46.5,45,45.5,947,706,0,822,753,0,0,0,0,0,31.25,6.25,3.08,1.54,1.54,10.94,1.54,1.54,7.21,31.25,36.382473,3665,459,4850,1584,48.5,1.607595,0.64375,4711,379,48.5,0.7089195,0.64375,3128,216,32.3333321,0.4204327,0.64375,2985,147,32.3333321,0.346525371,0.64375,2983,198,32.3333321,0.438509762,0.64375,4850,944,48.5,1.25548053,0.64375,2944,110,32.3333321,0.3106301,0.64375,2869,94,32.3333321,0.280567676,0.64375,53.0000076,46.3750038,99.99815,27.064518,10.816246,71.4466,9.571491,5.309273,64.3212357,38,0.25,0,55,0,85,0.416,1.01,16,16,16,32,48,30,295,160,130,0,0,0,16,37,0.25,0,55,0,85,0.416,1.01,16,16,16,32,48,30,295,160,130,0,0,0,16,512,-1,485.785156,477.9375,7.84765625,7.6015625,7611.34961,7618.951,0,0,0,0,0,0,0,0,0,0,4.22223473,7,505,600,1200,3000,49,0.969000041,1.30500007,0,0,17,56,2670,10451.9824,0,0,0,0,4,2,0,0,19.529,20.667,0.975,12200.8125,418.792969,3.359731,0,0,0,0.06212889,0,0,0,0,0,0,0,0,0,68.71875,68,16376,3874,12501,76.34004,56.815,999424,8.799949E+07
05/29/2026 12:57:32,43,56,0,53,57,49,49,49,49,67,12.12,5.04,1.312,1.396,0.996000051,0.326,0.66,3.288,2.046,0,3.37200022,3.37200022,3.124,53,46.5,45,45.5,946,707,0,818,733,0,0,0,0,0,25,9.38,1.56,0,7.81,21.88,0,0,8.2,25,36.6305771,3458,487,4850,1481,48.5,1.53380156,0.6375,3233,490,32.3333321,0.8478098,0.6375,2940,149,32.3333321,0.364406765,0.6375,2940,134,32.3333321,0.327039242,0.6375,3029,248,32.3333321,0.4945994,0.6375,4850,1226,48.5,1.49972248,0.6375,2899,88,32.3333321,0.276473165,0.6375,2922,78,32.3333321,0.257839918,0.6375,53.2500076,46.3750038,99.99816,27.0389023,10.8418617,71.37898,9.553455,5.32730865,64.2000351,38,0.25,0,55,0,85,0.416,1.01,16,16,16,32,48,30,295,160,130,0,0,0,16,37,0.25,0,55,0,85,0.416,1.01,16,16,16,32,48,30,295,160,130,0,0,0,16,512,-1,485.785156,477.9375,7.84765625,7.6015625,7611.34961,7618.951,0,0,0,0,0,0,0,0,0,0,4.27677,7,505,600,1200,3000,49,0.965000033,1.30500007,0,0,17,56,2670,10451.9824,0,0,0,0,4,2,0,0,19.126,18.632,0.975,12200.8125,418.792969,3.39467454,0,0,0,0.0615079924,0,0,0,0,0,0,0,0,0,68.90625,68,16376,3874,12501,76.34004,56.51,849920,8.884941E+07
05/29/2026 12:57:34,43,56,0,53,57,49,49,49,49,67,12.12,5.04,1.31000006,1.396,0.990000069,0.332000017,0.66,3.288,2.046,0,3.37200022,3.37200022,3.124,53,46.5,45,45.5,956,707,0,821,751,0,0,0,0,0,39.06,7.81,6.25,4.69,3.12,20.31,4.69,3.12,11.13,39.06,36.7753334,3499,484,4850,1593,48.5,1.646385,0.64375,3170,408,32.3333321,0.765133262,0.64375,3223,234,32.3333321,0.446080267,0.64375,2974,131,32.3333321,0.3211893,0.65,3017,245,32.3333321,0.497579038,0.65,4850,1058,48.5,1.405209,0.65,2933,104,32.3333321,0.296992928,0.65,2977,97,32.3333321,0.27869454,0.65,53.1250076,46.3750038,99.99816,27.0405273,10.8402367,71.38327,9.560268,5.32049561,64.24582,38,0.25,0,55,0,85,0.416,1.01,16,16,16,32,48,30,295,160,130,0,0,0,16,37,0.25,0,55,0,85,0.416,1.01,16,16,16,32,48,30,295,160,130,0,0,0,16,512,-1,485.785156,477.9375,7.84765625,7.6015625,7611.34961,7618.951,0,0,0,0,0,0,0,0,0,0,4.20523548,7,505,600,1200,3000,49,1.03500009,1.30500007,0,11,17,56,2670,10451.9824,0,0,0,0,4,2,0,0,18.887,17.882,0.975,12200.8125,418.792969,3.333526,0,0,0,0.0528793968,0,0,0,0,0,0,0,0,0,68.9375,68,16376,3874,12501,76.34004,55.265,899072,8.899994E+07
05/29/2026 12:57:36,43,56,0,53,57,49,49,49,49,67,12.12,5.04,1.312,1.39200008,0.988000035,0.34,0.66,3.288,2.046,0,3.37600017,3.37200022,3.124,53,46.5,45,45.5,949,706,0,823,732,0,0,0,0,0,26.56,7.81,1.56,0,4.69,15.62,0,0,7.03,26.56,36.3422241,3694,448,4850,1422,48.5,1.48371875,0.625,4810,377,48.5,0.716669142,0.625,2997,147,32.3333321,0.325241238,0.625,2978,133,32.3333321,0.29938972,0.625,2991,215,32.3333321,0.41052556,0.625,4850,1056,48.5,1.286858,0.625,2903,85,32.3333321,0.256834179,0.625,3172,151,32.3333321,0.31127578,0.625,52.8750076,46.3750038,99.99815,27.0721245,10.80864,71.4666748,9.585094,5.29566956,64.41265,38,0.25,0,55,0,85,0.416,1.01,16,16,16,32,48,30,295,160,130,0,0,0,16,37,0.25,0,55,0,85,0.416,1.01,16,16,16,32,48,30,295,160,130,0,0,0,16,512,-1,485.785156,477.9375,7.84765625,7.6015625,7611.34961,7618.951,0,0,0,0,0,0,0,0,0,0,4.22456741,7,505,600,1200,3000,49,0.979000032,1.30500007,0,4,17,56,2670,10451.9824,0,0,0,0,4,2,0,0,19.434,22.188,0.975,12200.8125,418.792969,3.3814764,0,0,0,0.0525677726,0,0,0,0,0,0,0,0,0,69.03125,68,16376,3874,12501,76.34004,56.15,1049600,8.979968E+07
05/29/2026 12:57:38,42,56,0,52,56,47,47,47,47,66,12.12,5.04,1.312,1.396,0.990000069,0.326,0.66,3.292,2.046,0,3.37200022,3.37200022,3.124,52,46.5,45,45.5,938,707,0,839,732,0,0,0,0,0,21.54,7.69,1.54,1.54,1.54,18.46,1.54,1.54,6.92,21.54,36.0744858,3460,402,4850,1242,48.5,1.29108787,0.64375,3230,408,32.3333321,0.7125691,0.64375,3014,164,32.3333321,0.3544796,0.64375,2918,105,32.3333321,0.2773074,0.64375,3028,204,32.3333321,0.4096893,0.64375,4850,916,48.5,1.24104393,0.64375,2925,100,32.3333321,0.2673917,0.64375,2869,80,32.3333321,0.24095802,0.64375,52.5000076,46.3750038,99.99816,27.04171,10.8390541,71.38639,9.55378,5.32698441,64.20221,38,0.25,0,55,0,85,0.416,1.01,16,16,16,32,48,30,295,160,130,0,0,0,16,37,0.25,0,55,0,85,0.416,1.01,16,16,16,32,48,30,295,160,130,0,0,0,16,512,-1,485.785156,477.9375,7.84765625,7.6015625,7611.34961,7618.951,0,0,0,0,0,0,0,0,0,0,4.25387764,7,505,600,1200,3000,49,0.974000037,1.30500007,0,2,16,56,2670,10451.9824,0,0,0,0,4,2,0,0,19.518,20.348,0.975,12200.8125,418.792969,3.2793324,0,0,0,0.03388761,0,0,0,0,0,0,0,0,0,69.125,68,16376,3874,12501,76.34004,57.202,999424,8.814899E+07
05/29/2026 12:57:40,42,56,0,51,56,47,47,47,47,66,12.12,5.04,1.312,1.396,0.986000061,0.334000021,0.66,3.292,2.046,0,3.37200022,3.37200022,3.124,52,46,45,45.5,933,707,0,807,723,0,0,0,0,0,23.81,3.17,3.17,1.56,7.94,23.81,1.56,0,8.13,23.81,36.0033035,3662,401,4850,1250,48.5,1.30546319,0.64375,4787,388,48.5,0.7323997,0.64375,2999,131,32.3333321,0.2995248,0.64375,2933,87,32.3333321,0.2510805,0.64375,3054,205,32.3333321,0.40768525,0.64375,4850,989,48.5,1.30546844,0.64375,2925,80,32.3333321,0.23149468,0.64375,2899,76,32.3333321,0.215689063,0.64375,52.2500076,46.3750038,99.99815,27.0392761,10.8414879,71.37997,9.563362,5.317402,64.26661,38,0.25,0,55,0,85,0.416,1.01,16,16,16,32,48,30,295,160,130,0,0,0,16,37,0.25,0,55,0,85,0.416,1.01,16,16,16,32,48,30,295,160,130,0,0,0,16,512,-1,485.785156,477.9375,7.84765625,7.6015625,7611.34961,7618.951,0,0,0,0,0,0,0,0,0,0,4.30568171,7,505,600,1200,3000,49,0.974000037,1.30500007,0,5,17,56,2670,10451.9824,0,0,0,0,4,2,0,0,18.945,18.35,0.975,12200.8125,418.792969,3.31986952,0,0,0,0.0290943962,0,0,0,0,0,0,0,0,0,69.09375,68,16376,3874,12501,76.34004,55.82,1049600,7.604941E+07
05/29/2026 12:57:42,42,56,0,51,56,47,47,47,47,66,12.12,5.04,1.312,1.39200008,0.988000035,0.326,0.66,3.288,2.046,0,3.37200022,3.37200022,3.12000012,52,46.5,45,45.5,941,707,0,817,735,0,0,0,0,0,26.15,4.62,6.15,3.08,4.62,21.54,3.08,1.54,8.85,26.15,36.0298576,4091,452,4040,1296,40.4,1.37700236,0.575,4014,441,40.4,0.7855893,0.575,4759,203,50.5,0.387251228,0.55,4643,131,50.5,0.310438067,0.55625,3859,244,40.4,0.471876532,0.55625,5050,1078,50.5,1.37043929,0.525,3048,95,33.6666679,0.28055495,0.525,3316,130,33.6666679,0.308568925,0.525,52.2500076,46.3750038,99.99815,27.0423126,10.8384514,71.3879852,9.561867,5.31889725,64.25656,38,0.25,0,55,0,85,0.416,1.01,16,16,16,32,48,30,295,160,130,0,0,0,16,37,0.25,0,55,0,85,0.416,1.01,16,16,16,32,48,30,295,160,130,0,0,0,16,512,-1,485.785156,477.9375,7.84765625,7.6015625,7611.34961,7618.951,0,0,0,0,0,0,0,0,0,0,4.11038351,7,505,600,1200,3000,49,1.03500009,1.30500007,0,0,17,56,2670,10451.9824,0,0,0,0,4,2,0,0,19.08,22.865,0.975,12200.8125,418.792969,3.38752556,0,0,0,0.0388225541,0,0,0,0,0,0,0,0,0,69.28125,68,16376,3874,12501,76.34004,55.351,1249280,8.994918E+07
05/29/2026 12:57:44,42,56,0,51,56,49,49,49,49,67,12.12,5.04,1.312,1.396,0.990000069,0.33,0.66,3.288,2.046,0,3.37200022,3.37200022,3.12000012,53,46.5,45,45.5,938,706,0,803,734,0,0,0,0,0,14.29,9.52,0,0,3.17,19.05,3.17,0,6.15,19.05,35.6290169,3718,394,4850,1189,48.5,1.28191757,0.64375,4763,344,48.5,0.637887239,0.64375,3095,160,32.3333321,0.3108915,0.64375,3000,132,32.3333321,0.272293746,0.64375,3025,204,32.3333321,0.401676953,0.64375,4850,892,48.5,1.20884526,0.64375,2937,88,32.3333321,0.237551719,0.64375,3220,139,32.3333321,0.28821224,0.64375,53.0000076,45.8750038,99.99816,27.0626411,10.8181229,71.44165,9.58358,5.297184,64.40247,38,0.25,0,55,0,85,0.416,1.01,16,16,16,32,48,30,295,160,130,0,0,0,16,37,0.25,0,55,0,85,0.416,1.01,16,16,16,32,48,30,295,160,130,0,0,0,16,512,-1,485.785156,477.9375,7.84765625,7.6015625,7611.34961,7618.951,0,0,0,0,0,0,0,0,0,0,4.265069,7,505,600,1200,3000,49,0.965000033,1.30500007,0,4,17,57,2670,10451.9824,0,0,0,0,4,2,0,0,19.594,21.159,0.975,12200.8125,418.792969,3.39905262,0,0,0,0.0318436064,0,0,0,0,0,0,0,0,0,69.4375,68,16376,3874,12501,76.34004,56.759,999424,8.964915E+07
05/29/2026 12:57:46,43,56,0,52,57,49,49,49,49,67,12.12,5.03,1.31000006,1.39200008,0.994,0.344,0.66,3.288,2.046,0,3.37200022,3.37200022,3.124,52,46.5,45,45.5,946,706,0,824,719,0,0,0,0,0,21.54,10.77,1.54,1.54,0,7.69,1.54,1.54,5.77,21.54,36.02473,3728,410,4850,1297,48.5,1.34192264,0.63125,4785,395,48.5,0.6887374,0.63125,3118,166,33.6666679,0.336597383,0.5875,3104,130,33.6666679,0.292420864,0.5875,3709,196,40.4,0.403704375,0.5875,4040,904,40.4,1.23727858,0.5875,3054,87,33.6666679,0.2521131,0.5875,3165,104,33.6666679,0.268547267,0.5875,52.6250076,45.8750038,99.9981461,27.035,10.8457642,71.3686752,9.549541,5.33122253,64.17374,38,0.25,0,55,0,85,0.416,1.01,16,16,16,32,48,30,295,160,130,0,0,0,16,37,0.25,0,55,0,85,0.416,1.01,16,16,16,32,48,30,295,160,130,0,0,0,16,512,-1,485.785156,477.9375,7.84765625,7.6015625,7611.34961,7618.951,0,0,0,0,0,0,0,0,0,0,4.225755,7,505,600,1200,3000,49,0.784000039,1.30500007,0,1,17,57,2670,10451.9824,0,0,0,0,4,2,0,0,19.431,23.535,0.975,12200.8125,418.792969,3.38025212,0,0,0,0.03908118,0,0,0,0,0,0,0,0,0,69.4375,68,16376,3874,12501,76.34004,56.95,799744,8.824934E+07
05/29/2026 12:57:48,42,56,0,51,56,47,47,47,47,66,12.12,5.04,1.312,1.396,0.988000035,0.332000017,0.658000052,3.288,2.046,0,3.37600017,3.37200022,3.124,52,46.5,45,45.5,947,707,0,819,747,0,0,0,0,0,31.25,6.25,6.35,0,6.35,14.06,0,0,8.03,31.25,35.9179955,4572,383,4850,1214,48.5,1.27843738,0.63125,4687,324,48.5,0.6233256,0.63125,4527,146,48.5,0.310684055,0.63125,4482,117,48.5,0.266597837,0.63125,4516,186,48.5,0.38807857,0.63125,4850,935,48.5,1.22336388,0.63125,4351,76,48.5,0.225747049,0.63125,4315,63,48.5,0.204243124,0.63125,52.5000076,46.3750038,99.99816,27.0351372,10.8456268,71.36903,9.561932,5.3188324,64.25699,38,0.25,0,55,0,85,0.416,1.01,16,16,16,32,48,30,295,160,130,0,0,0,16,37,0.25,0,55,0,85,0.416,1.01,16,16,16,32,48,30,295,160,130,0,0,0,16,512,-1,485.785156,477.9375,7.84765625,7.6015625,7611.34961,7618.951,0,0,0,0,0,0,0,0,0,0,4.310079,7,505,600,1200,3000,49,1.05500007,1.30500007,0,8,17,57,2670,10451.9824,527,561,0,0,4,2,0,0,19.094,18.492,0.975,12200.8125,418.792969,3.328823,0,0,0,0.0333800279,0,0,0,0,0,0,0,0,0,69.5,68,16376,3874,12501,76.34004,55.938,1049600,8.809984E+07
05/29/2026 12:57:50,42,56,0,51,56,47,47,47,47,66,12.12,5.04,1.312,1.396,0.990000069,0.328,0.66,3.288,2.046,0,3.37200022,3.37200022,3.124,52,46.5,45,45.5,941,707,0,815,740,0,0,0,0,0,18.75,6.25,1.59,0,1.59,23.44,0,1.59,6.65,23.44,35.90677,3914,419,5050,1217,50.5,1.30916631,0.56875,4026,415,40.4,0.754725337,0.56875,3731,149,40.4,0.334178954,0.56875,3698,117,40.4,0.278940022,0.56875,3763,211,40.4,0.432962954,0.56875,4040,1008,40.4,1.300556,0.56875,3640,90,40.4,0.255466342,0.56875,3367,147,33.6666679,0.308219582,0.56875,52.3750076,45.8750038,99.9981461,27.0442276,10.8365364,71.3930359,9.555084,5.32568,64.21098,38,0.25,0,55,0,85,0.416,1.01,16,16,16,32,48,30,295,160,130,0,0,0,16,37,0.25,0,55,0,85,0.416,1.01,16,16,16,32,48,30,295,160,130,0,0,0,16,512,-1,485.785156,477.9375,7.84765625,7.6015625,7611.34961,7618.951,0,0,0,0,0,0,0,0,0,0,4.21616459,7,505,600,1200,3000,49,0.969000041,1.30500007,0,6,17,57,2670,10451.9824,673,711,0,0,4,2,0,0,19.433,23.388,0.975,12200.8125,418.792969,3.379958,0,0,0,0.03276571,0,0,0,0,0,0,0,0,0,69.28125,68,16376,3874,12501,76.34004,56.145,999424,1.624494E+08
05/29/2026 12:57:52,42,56,0,51,56,47,47,47,47,66,12.12,5.04,1.312,1.396,0.990000069,0.328,0.66,3.288,2.046,0,3.37200022,3.37200022,3.12000012,52,46.5,45,45.5,928,707,0,816,715,0,0,0,0,0,17.19,6.25,1.56,0,0,17.19,1.56,1.56,5.66,17.19,35.6341362,3667,392,4850,1211,48.5,1.27311,0.64375,4736,350,48.5,0.650803447,0.64375,3029,167,32.3333321,0.318136334,0.64375,2991,121,32.3333321,0.2626689,0.64375,2982,181,32.3333321,0.3677731,0.64375,4850,945,48.5,1.25320649,0.64375,2895,79,32.3333321,0.225975543,0.64375,3002,83,32.3333321,0.222464949,0.64375,52.1250076,46.3750038,99.99815,27.0265121,10.8542519,71.34627,9.547203,5.333561,64.15802,38,0.25,0,55,0,85,0.416,1.01,16,16,16,32,48,30,295,160,130,0,0,0,16,37,0.25,0,55,0,85,0.416,1.01,16,16,16,32,48,30,295,160,130,0,0,0,16,512,-1,485.785156,477.9375,7.84765625,7.6015625,7611.34961,7618.951,0,0,0,0,0,0,0,0,0,0,4.22659254,7,505,600,1200,3000,50,0.969000041,1.30500007,0,8,17,56,2670,10451.9824,757,799,30,30,4,2,0,0,19.732,21.474,0.975,12200.8125,418.792969,3.378855,0,0,0,0.0355108753,0,0,0,0,0,0,0,0,0,68.96875,68,16376,3874,12501,76.34004,57.487,1049600,8.97495E+07
05/29/2026 12:57:54,42,56,0,51,56,47,47,47,47,66,12.12,5.04,1.312,1.39200008,0.996000051,0.328,0.658000052,3.288,2.046,0,3.37200022,3.36800027,3.12000012,52,46.5,45,45.5,929,708,0,797,715,0,0,0,0,0,29.23,6.15,1.56,3.12,1.56,18.46,1.56,1.56,7.9,29.23,36.30156,3672,436,4850,1326,48.5,1.37700939,0.6625,4813,396,48.5,0.7351242,0.6625,2999,163,32.3333321,0.3575492,0.6625,2968,129,32.3333321,0.306863129,0.6625,3031,239,32.3333321,0.465059459,0.6625,4850,1037,48.5,1.33919823,0.6625,2909,101,32.3333321,0.266734749,0.6625,2958,93,32.3333321,0.256437957,0.6625,52.1250076,46.8750038,99.99815,27.0333328,10.8474312,71.36427,9.548443,5.332321,64.16635,38,0.25,0,55,0,85,0.416,1.01,16,16,16,32,48,30,295,160,130,0,0,0,16,37,0.25,0,55,0,85,0.416,1.01,16,16,16,32,48,30,295,160,130,0,0,0,16,512,-1,485.785156,477.9375,7.84765625,7.6015625,7611.34961,7618.951,0,0,0,0,0,0,0,0,0,0,4.25150967,7,505,600,1200,3000,49,0.969000041,1.30500007,0,2,17,56,2670,10451.9824,909,938,31,31,4,2,0,0,19.154,18.847,0.975,12200.7617,386.660156,3.36184216,0,0,0,0.0342046134,0,0,0,0,0,0.6309623,0,0,0,68.5625,68,16376,3874,12501,76.34004,56.474,999424,8.844902E+07
05/29/2026 12:57:56,42,56,0,51,56,47,47,47,47,66,12.12,5.04,1.312,1.396,0.994,0.344,0.658000052,3.288,2.046,0,3.37200022,3.37200022,3.12000012,52,46.5,45,46,938,737,0,798,731,0,0,0,0,0,35.38,3.08,4.69,1.56,9.38,21.54,0,0,9.45,35.38,36.0842857,3863,406,4850,1221,48.5,1.33347082,0.64375,4743,334,48.5,0.6493128,0.64375,3212,226,32.3333321,0.396681,0.64375,2946,106,32.3333321,0.266742676,0.64375,4482,188,48.5,0.3945136,0.64375,4850,993,48.5,1.2800132,0.64375,2978,100,32.3333321,0.249378636,0.64375,2846,78,32.3333321,0.218139917,0.64375,52.3750076,46.8750038,99.99816,27.0281448,10.8526192,71.35058,9.555355,5.325409,64.2128,38,0.25,0,55,0,85,0.416,1.01,16,16,16,32,48,30,295,160,130,0,0,0,16,37,0.25,0,55,0,85,0.416,1.01,16,16,16,32,48,30,295,160,130,0,0,0,16,512,-1,485.785156,477.9375,7.84765625,7.6015625,7611.34961,7618.951,0,0,0,0,0,0,0,0,0,0,4.2927413,7,505,600,1200,3000,49,1.04000008,1.30500007,0,12,17,56,2670,10451.9824,1005,1014,31,31,4,2,0,0,19.056,19.595,0.975,12200.7656,387.660156,3.43401051,0,0,0,0.0343055427,0,0,0,0,0,0.03503869,0,0,0,68.03125,68,16376,3874,12501,76.34004,55.499,5.789901E+07,1849344
05/29/2026 12:57:58,42,56,0,51,56,47,47,47,47,66,12.12,5.03,1.312,1.39200008,0.994,0.338000029,0.656,3.288,2.046,0,3.37200022,3.37200022,3.124,52,47,45,46,934,738,0,808,712,0,0,0,0,0,23.81,7.94,0,1.56,3.12,19.05,3.12,0,7.33,23.81,36.2324677,3490,418,4850,1221,48.5,1.31794524,0.6375,3143,354,32.3333321,0.672226965,0.6375,2959,156,32.3333321,0.3460849,0.6375,2926,134,32.3333321,0.311072737,0.6375,3005,215,32.3333321,0.440694034,0.6375,4850,1000,48.5,1.29662681,0.6375,3005,128,32.3333321,0.298368067,0.6375,3181,138,32.3333321,0.306413859,0.6375,52.3750076,46.8750038,99.99817,27.042347,10.8384171,71.38808,9.554787,5.32597733,64.2089844,38.25,0.25,0,55,0,85,0.416,1.01,16,16,16,32,48,30,295,160,130,0,0,0,16,37,0.25,0,55,0,85,0.416,1.01,16,16,16,32,48,30,295,160,130,0,0,0,16,512,-1,485.785156,477.9375,7.84765625,7.6015625,7611.34961,7618.951,0,0,0,0,0,0,0,0,0,0,4.24243927,7,505,600,1200,3000,50,1.04500008,1.30500007,0,4,16,55,2670,10451.9824,1033,1032,31,31,4,2,0,0,19.574,21.262,0.975,12200.7656,388.410156,3.40138912,0,0,0,0.0374032743,0,0,0,0,0,0.029231973,0,0,0,67.46875,68,16376,3874,12501,76.34004,56.419,999424,8.804966E+07
05/29/2026 12:58:00,42,57,0,51,56,47,47,47,47,66,12.12,5.04,1.31000006,1.39200008,0.996000051,0.332000017,0.656,3.288,2.046,0,3.37200022,3.37200022,3.124,52,47,45,46,936,743,0,814,712,0,0,0,0,0,17.19,4.69,3.12,1.56,1.56,18.75,1.56,0,6.05,18.75,35.6924934,3432,380,4850,1104,48.5,1.19668615,0.64375,3129,338,32.3333321,0.6476408,0.64375,3001,165,32.3333321,0.3186838,0.64375,2873,97,32.3333321,0.241123214,0.64375,3003,182,32.3333321,0.384582072,0.64375,4850,1004,48.5,1.30479169,0.64375,2872,72,32.3333321,0.2190808,0.64375,2880,74,32.3333321,0.2142724,0.64375,52.5000076,46.8750038,99.9981461,27.0348663,10.8458977,71.3683243,9.562889,5.317875,64.26343,38.25,0.25,0,55,0,85,0.416,1.01,16,16,16,32,48,30,295,160,130,0,0,0,16,37,0.25,0,55,0,85,0.416,1.01,16,16,16,32,48,30,295,160,130,0,0,0,16,512,-1,485.785156,477.9375,7.84765625,7.6015625,7611.34961,7618.951,0,0,0,0,0,0,0,0,0,0,4.226601,7,505,600,1200,3000,51,0.965000033,1.30500007,0,2,17,55,2670,10451.9824,1030,1028,31,31,4,2,0,0,19.211,19.948,0.975,12200.7656,389.410156,3.398969,0,0,0,0.033732418,0,0,0,0,0,0.0389959179,0,0,0,66.875,68,16376,3874,12501,76.34004,56.939,1049600,8.964915E+07
05/29/2026 12:58:02,42,58,0,51,56,47,47,47,47,66,12.144001,5.04,1.31000006,1.396,1.00400007,0.332000017,0.656,3.288,2.046,0,3.37200022,3.37200022,3.12000012,52,47,45,46,937,727,0,813,729,0,0,0,0,0,27.69,10.77,0,0,6.25,20,3.12,3.12,8.87,27.69,36.4335136,3722,488,4850,1440,48.5,1.5141,0.6375,4843,456,48.5,0.819353,0.6375,3037,229,32.3333321,0.435211033,0.6375,2974,145,32.3333321,0.342356831,0.6375,3065,289,32.3333321,0.534749031,0.64375,4850,1028,48.5,1.35951638,0.64375,2926,128,32.3333321,0.306873083,0.64375,3233,186,32.3333321,0.3537973,0.64375,52.6250076,47.3750038,99.99815,27.0372849,10.8434792,71.37471,9.551453,5.32931137,64.18657,38.25,0.25,0,55,0,85,0.416,1.01,16,16,16,32,48,30,295,160,130,0,0,0,16,37,0.25,0,55,0,85,0.416,1.01,16,16,16,32,48,30,295,160,130,0,0,0,16,512,-1,485.785156,477.9375,7.84765625,7.6015625,7611.34961,7618.951,0,0,0,0,0,0,0,0,0,0,4.24772072,7,505,600,1200,3000,50,0.979000032,1.30500007,0,2,17,54,2670,10451.9824,1022,1022,31,31,4,2,0,0,18.741,18.147,0.975,12200.7656,390.640625,3.38319039,0,0,0,0.0365494825,0,0,0,0,0,0.0493368,0,0,0,66.34375,66,16376,3874,12501,76.34004,55.13,999424,8.814899E+07
05/29/2026 12:58:04,42,58,0,51,56,48,48,48,48,66,12.12,5.04,1.312,1.396,0.996000051,0.328,0.656,3.288,2.046,0,3.37200022,3.37200022,3.124,53,47,45,46,942,736,0,797,729,0,0,0,0,0,23.08,7.69,6.15,1.54,3.08,21.54,1.54,1.54,8.27,23.08,36.2271423,4199,393,5050,1062,50.5,1.251128,0.54375,4955,337,50.5,0.6514688,0.54375,3749,170,40.4,0.3303949,0.54375,3632,108,40.4,0.252650529,0.54375,3763,216,40.4,0.411643952,0.54375,5050,1051,50.5,1.306034,0.54375,3637,97,40.4,0.237730786,0.54375,3759,101,40.4,0.236267835,0.54375,52.8750076,47.8750038,99.99816,27.0319138,10.84885,71.36053,9.559967,5.320797,64.24379,38.25,0.25,0,55,0,85,0.416,1.01,16,16,16,32,48,30,295,160,130,0,0,0,16,37,0.25,0,55,0,85,0.416,1.01,16,16,16,32,48,30,295,160,130,0,0,0,16,512,-1,485.785156,477.9375,7.84765625,7.6015625,7611.34961,7618.951,0,0,0,0,0,0,0,0,0,0,4.14223433,7,505,600,1200,3000,51,0.965000033,1.30500007,0,2,17,54,2670,10451.9824,1018,1019,31,31,4,2,0,0,18.99,22.628,0.975,12200.7656,391.765625,3.42682815,0,0,0,0.03616878,0,0,0,0,0,0.04248878,0,0,0,65.78125,66,16376,3874,12501,76.34004,54.843,799744,162349056
05/29/2026 12:58:06,43,58,0,52,57,49,49,49,49,67,12.12,5.03,1.31000006,1.39200008,0.990000069,0.342,0.654000044,3.288,2.046,0,3.37200022,3.36800027,3.12000012,53,47,45,46,953,737,0,797,712,0,0,0,0,0,21.88,7.81,0,0,3.12,23.44,0,0,7.03,23.44,36.1630821,3696,417,4850,1088,48.5,1.28541625,0.65,4726,353,48.5,0.6772569,0.6625,2972,158,32.3333321,0.3303848,0.6625,3048,132,32.3333321,0.290246427,0.6625,3203,274,32.3333321,0.493265331,0.6625,4850,1142,48.5,1.38599789,0.6625,2880,82,32.3333321,0.249560535,0.6625,3040,107,32.3333321,0.262578279,0.6625,53.1250076,47.3750038,99.99816,27.0417862,10.8389778,71.38659,9.557007,5.323757,64.22389,38.25,0.25,0,55,0,85,0.416,1.01,16,16,16,32,48,30,295,160,130,0,0,0,16,37,0.25,0,55,0,85,0.416,1.01,16,16,16,32,48,30,295,160,130,0,0,0,16,512,-1,485.785156,477.9375,7.84765625,7.6015625,7611.34961,7618.951,0,0,0,0,0,0,0,0,0,0,4.216426,7,505,600,1200,3000,50,0.969000041,1.30500007,0,4,21,53,2670,10451.9824,1016,1016,31,31,4,2,0,0,19.194,24.03,0.975,12200.77,392.765625,3.41121173,0,0,0,0.0337137021,0,0,0,0,0,0.030281648,0,0,0,65.15625,66,16376,3874,12501,76.34004,56.312,849920,8.814899E+07
05/29/2026 12:58:08,43,58,0,53,57,49,49,49,49,67,12.144001,5.04,1.312,1.39200008,0.992000043,0.33,0.654000044,3.288,2.046,0,3.37200022,3.37200022,3.124,53,47,45,46,952,738,0,816,722,0,0,0,0,0,28.12,7.94,1.54,1.56,1.59,18.75,1.59,1.56,7.83,28.12,36.2037659,3489,392,4850,1192,48.5,1.35526884,0.6625,3156,354,32.3333321,0.666262865,0.6625,2956,134,32.3333321,0.301131666,0.6625,3214,187,32.3333321,0.341821,0.6625,3039,220,32.3333321,0.437161237,0.6625,4850,867,48.5,1.13551581,0.6625,2968,107,32.3333321,0.251798749,0.6625,2881,75,32.3333321,0.22746177,0.6625,53.1250076,47.8750038,99.99816,27.03796,10.842804,71.3764954,9.563957,5.316807,64.27061,38.25,0.25,0,55,0,85,0.416,1.01,16,16,16,32,48,30,295,160,130,0,0,0,16,37,0.25,0,55,0,85,0.416,1.01,16,16,16,32,48,30,295,160,130,0,0,0,16,512,-1,485.785156,477.9375,7.84765625,7.6015625,7611.34961,7618.951,0,0,0,0,0,0,0,0,0,0,4.24782,7,505,600,1200,3000,50,0.969000041,1.30500007,0,7,17,53,2670,10451.9824,1014,1013,30,30,4,2,0,0,18.709,18.918,0.975,12200.7773,393.640625,3.41238928,0,0,0,0.0362058021,0,0,0,0,0,0.0357134119,0,0,0,64.59375,66,16376,3874,12501,76.34004,55.363,999424,8.964915E+07
05/29/2026 12:58:10,43,58,0,53,57,49,49,49,49,67,12.12,5.04,1.312,1.39200008,0.996000051,0.33,0.654000044,3.288,2.046,0,3.37200022,3.37200022,3.124,53,47.5,45,46,960,738,0,818,726,0,0,0,0,0,28.12,10.94,4.69,1.56,6.25,18.75,1.56,1.56,9.18,28.12,36.47832,4608,417,4850,1178,48.5,1.38718939,0.65,4850,414,48.5,0.770402133,0.65,4488,171,48.5,0.368618131,0.65,4445,133,48.5,0.315246165,0.65,4515,203,48.5,0.45583728,0.65,4850,1026,48.5,1.26214588,0.65,4331,95,48.5,0.275886178,0.65,4536,119,48.5,0.3014805,0.65,53.2500076,47.8750038,99.99816,27.0338669,10.8468971,71.3656845,9.549034,5.33173,64.17032,38.25,0.25,0,55,0,85,0.416,1.01,16,16,16,32,48,30,295,160,130,0,0,0,16,37.25,0.25,0,55,0,85,0.416,1.01,16,16,16,32,48,30,295,160,130,0,0,0,16,512,-1,485.785156,477.9375,7.84765625,7.6015625,7611.34961,7618.951,0,0,0,0,0,0,0,0,0,0,4.29184771,7,505,600,1200,3000,51,0.965000033,1.30500007,0,0,17,52,2670,10451.9824,1015,1013,30,30,4,2,0,0,18.354,17.952,0.975,12200.7773,394.515625,3.28914738,0,0,0,0.0331570543,0,0,0,0,0,0.0271977186,0,0,0,64.15625,66,16376,3874,12501,76.34004,53.927,1049600,8.814899E+07
05/29/2026 12:58:12,43,58,0,53,57,49,49,49,49,67,12.12,5.04,1.312,1.39200008,0.990000069,0.33,0.654000044,3.288,2.046,0,3.37200022,3.37200022,3.12000012,53,47.5,45,46,952,765,0,833,745,0,0,0,0,0,23.08,6.15,4.69,1.56,4.69,23.08,3.12,3.12,8.69,23.08,36.37345,3704,395,4040,1090,40.4,1.31204379,0.54375,4008,386,40.4,0.732495546,0.54375,3065,122,33.6666679,0.2991071,0.54375,3041,114,33.6666679,0.2772875,0.54375,3095,198,33.6666679,0.416013867,0.54375,5050,1069,50.5,1.32255507,0.54375,3602,87,40.4,0.242147818,0.54375,3729,96,40.4,0.2513508,0.54375,53.3750076,54.0000038,99.99815,27.0319977,10.8487663,71.36075,9.553822,5.32694244,64.2025,38.25,0.25,0,55,0,85,0.416,1.01,16,16,16,32,48,30,295,160,130,0,0,0,16,37.25,0.25,0,55,0,85,0.416,1.01,16,16,16,32,48,30,295,160,130,0,0,0,16,512,-1,485.785156,477.9375,7.84765625,7.6015625,7611.34961,7618.951,0,0,0,0,0,0,0,0,0,0,4.223074,7,505,600,1200,3000,51,1.05000007,1.30500007,0,10,17,52,2670,10451.9824,1012,1010,30,30,4,2,0,0,18.98,23.13,0.975,12200.7773,395.640625,3.39244533,0,0,0,0.0333436839,0,0,0,0,0,0.0352615975,0,0,0,63.59375,64,16376,3874,12501,76.34004,54.369,799744,162549760
05/29/2026 12:58:14,43,58,0,53,58,50,50,50,50,68,12.144001,5.04,1.312,1.396,0.992000043,0.342,0.652,3.288,2.046,0,3.37200022,3.37200022,3.12000012,53,47.5,45,46,954,765,0,834,727,0,0,0,0,0,20,4.62,4.62,4.62,3.08,23.08,1.54,1.54,7.88,23.08,36.2920647,3499,419,4850,1191,48.5,1.39395189,0.64375,3223,400,32.3333321,0.70069474,0.64375,3233,250,32.3333321,0.431445122,0.64375,2938,107,32.3333321,0.2697475,0.64375,3026,205,32.3333321,0.436559469,0.64375,4850,1041,48.5,1.26858258,0.64375,2907,79,32.3333321,0.242170483,0.64375,2962,80,32.3333321,0.236632,0.65,53.7500076,47.8750038,99.99816,27.040863,10.839901,71.3841553,9.552597,5.328167,64.19426,38.25,0.25,0,55,0,85,0.416,1.01,16,16,16,32,48,30,295,160,130,0,0,0,16,37.25,0.25,0,55,0,85,0.416,1.01,16,16,16,32,48,30,295,160,130,0,0,0,16,512,-1,485.785156,477.9375,7.84765625,7.6015625,7611.34961,7618.951,0,0,0,0,0,0,0,0,0,0,4.183677,7,505,600,1200,3000,51,1.03500009,1.30500007,0,7,17,51,2670,10451.9824,1009,1010,30,30,4,2,0,0,18.851,22.942,0.975,12200.7773,396.890625,3.41414022,0,0,0,0.038826596,0,0,0,0,0,0.05008799,0,0,0,63.21875,64,16376,3874,12501,76.34004,55.651,849920,8.804966E+07
05/29/2026 12:58:16,43,58,0,53,57,49,49,49,49,68,12.144001,5.04,1.312,1.396,0.988000035,0.33,0.652,3.288,2.046,0,3.37200022,3.37200022,3.124,54,47.5,45,46,955,765,0,837,732,0,0,0,0,0,25,12.5,3.17,6.35,6.35,15.62,0,1.59,8.82,25,36.98746,3783,484,4040,1319,40.4,1.51299441,0.54375,4021,487,40.4,0.8360787,0.54375,3201,204,33.6666679,0.418177515,0.54375,3221,204,33.6666679,0.378028125,0.54375,3259,303,33.6666679,0.5371047,0.54375,5050,1109,50.5,1.39859843,0.53125,3633,98,40.4,0.270292729,0.54375,3841,144,40.4,0.316527843,0.54375,54.5000076,48.3750038,99.99816,27.0907173,10.7900467,71.51576,9.593857,5.286907,64.4715347,38.25,0.25,0,55,0,85,0.416,1.01,16,16,16,32,48,30,295,160,130,0,0,0,16,37.25,0.25,0,55,0,85,0.416,1.01,16,16,16,32,48,30,295,160,130,0,0,0,16,512,-1,485.785156,477.9375,7.84765625,7.6015625,7611.34961,7618.951,0,0,0,0,0,0,0,0,0,0,4.252107,7,505,600,1200,3000,51,0.965000033,1.30500007,0,0,17,51,2670,10451.9824,1010,1010,30,30,4,2,0,0,18.32,21.922,0.975,12200.7773,397.765625,3.40595722,0,0,0,0.03698408,0,0,0,0,0,0.0395773761,0,0,0,62.65625,64,16376,3874,12501,76.34004,54.049,799744,163749888
05/29/2026 12:58:18,44,58,0,53,58,51,51,51,51,69,12.12,5.03,1.31000006,1.39200008,1.02200007,0.34,0.652,3.288,2.046,0,3.37200022,3.37200022,3.12000012,54,47.5,45,46,974,765,0,825,733,0,0,0,0,0,26.56,15.62,3.12,3.12,7.81,18.75,1.59,1.59,9.77,26.56,36.43036,3676,430,4850,1246,48.5,1.4312551,0.6375,3191,372,32.3333321,0.6966722,0.6375,3021,169,32.3333321,0.3605572,0.6375,2974,130,32.3333321,0.302902937,0.6375,3032,219,32.3333321,0.457646668,0.6375,4900,1059,49,1.2940172,0.50625,3516,89,39.2,0.2627837,0.50625,3920,158,39.2,0.3310547,0.50625,54.8750076,48.3750038,99.99815,27.0911751,10.7895889,71.51697,9.595726,5.285038,64.4841,38.25,0.25,0,55,0,85,0.416,1.01,16,16,16,32,48,30,295,160,130,0,0,0,16,37.25,0.25,0,55,0,85,0.416,1.01,16,16,16,32,48,30,295,160,130,0,0,0,16,512,-1,485.785156,477.9375,7.84765625,7.6015625,7611.34961,7618.951,0,0,0,0,0,0,0,0,0,0,4.22499657,7,505,600,1200,3000,51,0.965000033,1.30500007,0,4,17,51,2670,10451.9824,1006,1008,30,30,4,2,0,0,18.459,22.241,0.975,12200.7773,398.785156,3.39096975,0,0,0,0.03807373,0,0,0,0,0,0.0493130237,0,0,0,62.1875,62,16376,3874,12501,76.34004,53.491,699392,8.809984E+07
05/29/2026 12:58:20,44,58,0,54,59,51,51,51,51,69,12.12,5.03,1.31000006,1.39200008,0.982000053,0.342,0.652,3.288,2.046,0,3.37200022,3.36800027,3.12000012,54,47,45,46,977,766,0,831,739,0,0,0,0,0,18.75,7.81,4.69,3.12,4.69,20.31,1.56,0,7.62,20.31,37.0945473,4052,382,5050,1161,50.5,1.349144,0.54375,3952,366,40.4,0.6877204,0.5625,3673,133,40.4,0.301757663,0.5625,4711,147,50.5,0.284859329,0.5625,3704,206,40.4,0.405634761,0.5625,4040,885,40.4,1.13830674,0.5625,3597,70,40.4,0.222150192,0.5625,3686,90,40.4,0.23462221,0.5625,55.0000076,48.3750038,99.99815,27.1167564,10.7640076,71.5845,9.621712,5.25905228,64.65872,38.5,0.25,0,55,0,85,0.416,1.01,16,16,16,32,48,30,295,160,130,0,0,0,16,37.25,0.25,0,55,0,85,0.416,1.01,16,16,16,32,48,30,295,160,130,0,0,0,16,512,-1,485.785156,477.9375,7.84765625,7.6015625,7611.34961,7618.951,0,0,0,0,0,0,0,0,0,0,4.17186928,7,505,600,1200,3000,51,1.0150001,1.30500007,0,4,17,50,2670,10451.9824,1004,1004,30,30,4,2,0,0,19.103,23.518,0.975,12200.7813,399.660156,3.35326982,0,0,0,0.0388225429,0,0,0,0,0,0.02746878,0,0,0,61.75,62,16376,3874,12501,76.34004,54.585,899072,8.839987E+07
05/29/2026 12:58:22,44,58,0,54,59,51,51,51,51,69,12.12,5.03,1.31000006,1.39200008,0.986000061,0.342,0.650000036,3.28400016,2.046,0,3.37200022,3.37200022,3.12000012,54,47.5,45,46,980,765,0,853,764,0,0,0,0,0,18.75,7.81,1.56,1.56,3.12,23.44,1.56,1.56,7.42,23.44,36.6675339,4090,441,4850,1093,48.5,1.34647226,0.64375,4819,382,48.5,0.768941045,0.64375,4574,194,48.5,0.38196364,0.64375,3057,138,32.3333321,0.3196431,0.64375,4490,194,48.5,0.439836,0.64375,4850,1300,48.5,1.51863134,0.64375,2939,93,32.3333321,0.273952544,0.64375,3139,133,32.3333321,0.304417163,0.64375,54.7500076,48.3750038,99.99816,27.1281281,10.752636,71.6145248,9.631542,5.249222,64.7247849,38.5,0.25,0,55,0,85,0.416,1.01,16,16,16,32,48,30,295,160,130,0,0,0,16,37.25,0.25,0,55,0,85,0.416,1.01,16,16,16,32,48,30,295,160,130,0,0,0,16,512,-1,485.785156,477.9375,7.84765625,7.6015625,7611.34961,7618.951,0,0,0,0,0,0,0,0,0,0,4.23477459,7,505,600,1200,3000,51,0.965000033,1.30500007,0,4,17,50,2670,10451.9824,1000,1002,30,30,4,2,0,0,19.226,19.333,0.975,12200.7813,400.660156,3.39289975,0,0,0,0.03305836,0,0,0,0,0,0.0288809873,0,0,0,61.3125,62,16376,3874,12501,76.34004,54.802,1049600,8.83497E+07
05/29/2026 12:58:24,44,58,0,55,60,53,53,53,53,70,12.12,5.03,1.31000006,1.39200008,0.994,0.332000017,0.650000036,3.288,2.046,0,3.37200022,3.37200022,3.12000012,55,47.5,45,46,977,765,0,855,747,0,0,0,0,0,17.46,1.59,4.76,0,3.17,17.46,0,1.59,5.75,17.46,36.6711578,4040,382,4850,1129,48.5,1.32773268,0.64375,4834,375,48.5,0.69758445,0.64375,4560,166,48.5,0.34139204,0.64375,2920,120,32.3333321,0.276310772,0.64375,4506,180,48.5,0.3994552,0.64375,4850,933,48.5,1.19263,0.64375,2910,85,32.3333321,0.246687949,0.64375,2888,72,32.3333321,0.2245944,0.64375,55.1250076,48.7500038,99.99815,27.0896568,10.7911072,71.51296,9.604351,5.276413,64.54205,38.5,0.25,0,55,0,85,0.416,1.01,16,16,16,32,48,30,295,160,130,0,0,0,16,37.25,0.25,0,55,0,85,0.416,1.01,16,16,16,32,48,30,295,160,130,0,0,0,16,512,-1,485.785156,477.9375,7.84765625,7.6015625,7611.34961,7618.951,0,0,0,0,0,0,0,0,0,0,4.333137,7,505,600,1200,3000,51,0.974000037,1.30500007,0,3,17,49,2670,10451.9824,1000,1002,30,30,4,2,0,0,18.422,17.786,0.975,12200.7813,401.660156,3.366908,0,0,0,0.0348271839,0,0,0,0,0,0.040701773,0,0,0,60.84375,62,16376,3874,12501,76.34004,53.194,999424,8.979968E+07
05/29/2026 12:58:26,45,58,0,55,60,53,53,53,53,70,12.12,5.04,1.31000006,1.39200008,0.988000035,0.332000017,0.650000036,3.288,2.046,0,3.37200022,3.37200022,3.12000012,54,47.5,45,46,981,765,0,862,757,0,0,0,0,0,17.19,7.81,6.25,1.56,7.81,17.19,1.56,1.56,7.62,17.19,36.9683075,3662,417,4850,1223,48.5,1.43933558,0.65,4776,371,48.5,0.7491317,0.65,3018,201,32.3333321,0.385655463,0.65,2950,117,32.3333321,0.299187154,0.65,3009,209,32.3333321,0.4596542,0.65,4850,1030,48.5,1.24548244,0.65,2939,102,32.3333321,0.271579444,0.65,2907,84,32.3333321,0.2534065,0.65,55.1250076,48.7500038,99.99815,27.0942078,10.7865562,71.52498,9.608608,5.272156,64.57066,38.5,0.25,0,55,0,85,0.416,1.01,16,16,16,32,48,30,295,160,130,0,0,0,16,37.25,0.25,0,55,0,85,0.416,1.01,16,16,16,32,48,30,295,160,130,0,0,0,16,512,-1,485.785156,477.9375,7.84765625,7.6015625,7611.34961,7618.951,0,0,0,0,0,0,0,0,0,0,4.176241,7,505,600,1200,3000,52,1.04500008,1.30500007,0,13,17,49,2670,10451.9824,1000,1000,30,30,4,2,0,0,18.842,21.626,0.975,12200.7813,402.535156,3.47362113,0,0,0,0.03577442,0,0,0,0,0,0.0293516,0,0,0,60.5,60,16376,3874,12501,76.34004,53.206,799744,8.839987E+07
05/29/2026 12:58:28,44,58,0,54,59,52,52,52,52,69,12.12,5.03,1.31000006,1.39200008,0.992000043,0.336000025,0.650000036,3.288,2.046,0,3.37200022,3.37200022,3.12000012,55,47.5,45,46,991,766,0,845,782,0,0,0,0,0,23.08,7.69,6.15,7.69,4.62,21.54,6.15,6.15,10.38,23.08,36.9242134,4141,419,4040,1194,40.4,1.42629552,0.55,5009,390,50.5,0.726283848,0.55,3794,168,40.4,0.3633286,0.55,3729,128,40.4,0.303869128,0.55,3793,227,40.4,0.4433547,0.55,5050,969,50.5,1.255624,0.55,3671,100,40.4,0.261941433,0.55,4040,176,40.4,0.345813423,0.55,55.5000076,48.7500038,99.99816,27.096241,10.784523,71.53035,9.611225,5.269539,64.58826,38.5,0.25,0,55,0,85,0.416,1.01,16,16,16,32,48,30,295,160,130,0,0,0,16,37.5,0.25,0,55,0,85,0.416,1.01,16,16,16,32,48,30,295,160,130,0,0,0,16,512,-1,485.785156,477.9375,7.84765625,7.6015625,7611.34961,7618.951,0,0,0,0,0,0,0,0,0,0,4.135372,7,505,600,1200,3000,51,0.974000037,1.30500007,0,2,17,49,2670,10451.9824,998,999,30,30,4,2,0,0,19.03,23.735,0.975,12200.7813,403.785156,3.426679,0,0,0,0.0354523771,0,0,0,0,0,0.046608787,0,0,0,60.21875,62,16376,3874,12501,76.34004,54.691,799744,162399232
05/29/2026 12:58:30,45,58,0,55,60,53,53,53,53,70,12.12,5.04,1.31000006,1.39200008,0.996000051,0.332000017,0.650000036,3.288,2.046,0,3.37200022,3.37200022,3.12000012,55,47.5,45,46,994,738,0,863,780,0,0,0,0,0,26.56,4.69,4.69,1.56,3.12,28.12,3.12,1.56,9.18,28.12,36.69718,4046,419,4850,1050,48.5,1.32409883,0.64375,4720,361,48.5,0.706082344,0.64375,4512,180,48.5,0.3438794,0.64375,3050,153,32.3333321,0.322034419,0.64375,4526,211,48.5,0.443650633,0.64375,4850,1219,48.5,1.43015349,0.64375,2906,92,32.3333321,0.259136319,0.64375,2957,85,32.3333321,0.238622889,0.64375,55.3750076,49.2500038,99.99815,27.13095,10.7498131,71.62197,9.635605,5.245159,64.75208,38.5,0.25,0,55,0,85,0.416,1.01,16,16,16,32,48,30,295,160,130,0,0,0,16,37.5,0.25,0,55,0,85,0.416,1.01,16,16,16,32,48,30,295,160,130,0,0,0,16,512,-1,485.785156,477.9375,7.84765625,7.6015625,7611.34961,7618.951,0,0,0,0,0,0,0,0,0,0,4.222723,7,505,600,1200,3000,52,0.989,1.30500007,0,5,17,48,2670,10451.9824,1000,1002,30,30,4,2,0,0,18.871,17.573,0.975,12200.7813,404.785156,3.38610721,0,0,0,0.0382931,0,0,0,0,0,0.03405718,0,0,0,59.8125,60,16376,3874,12501,76.34004,53.468,1049600,7.514931E+07
05/29/2026 12:58:32,45,58,0,55,60,53,53,53,53,71,12.12,5.03,1.31000006,1.39200008,1,0.332000017,0.648,3.288,2.046,0,3.37200022,3.36800027,3.12000012,56,47.5,45,46,1010,738,0,864,763,0,0,0,0,0,18.46,7.69,1.54,6.15,0,18.46,0,1.54,6.73,18.46,37.23021,3798,456,4850,1138,48.5,1.40195465,0.64375,4821,398,48.5,0.7847514,0.64375,3066,204,32.3333321,0.383102179,0.64375,3132,175,32.3333321,0.3619796,0.64375,3077,241,32.3333321,0.486431032,0.64375,5050,1238,50.5,1.45026565,0.54375,3019,94,33.6666679,0.269499868,0.54375,3367,157,33.6666679,0.331066042,0.54375,56.0000076,49.2500038,99.99815,27.0995674,10.7811966,71.53912,9.613991,5.266773,64.60684,38.5,0.25,0,55,0,85,0.416,1.01,16,16,16,32,48,30,295,160,130,0,0,0,16,37.5,0.25,0,55,0,85,0.416,1.01,16,16,16,32,48,30,295,160,130,0,0,0,16,512,-1,485.785156,477.9375,7.84765625,7.6015625,7611.34961,7618.951,0,0,0,0,0,0,0,0,0,0,4.198946,7,505,600,1200,3000,52,0.969000041,1.30500007,0,6,17,48,2670,10451.9824,999,1000,30,30,4,2,0,0,18.865,18.379,0.975,12200.7813,405.785156,3.45115948,0,0,0,0.03286573,0,0,0,0,0,0.0327168778,0,0,0,59.4375,60,16376,3874,12501,76.34004,52.439,849920,8.964915E+07
05/29/2026 12:58:34,45,58,0,55,60,54,54,54,54,71,12.12,5.04,1.31000006,1.396,0.998,0.332000017,0.648,3.288,2.046,0,3.37200022,3.37200022,3.124,56,47.5,45,46,1011,738,0,853,766,0,0,0,0,0,18.75,7.81,3.12,3.12,3.12,14.06,3.12,4.69,7.23,18.75,36.54153,3477,416,4850,1242,48.5,1.44729924,0.6375,3147,341,32.3333321,0.7032239,0.6375,2971,170,32.3333321,0.350666881,0.6375,2939,119,32.3333321,0.276979238,0.6375,2975,204,32.3333321,0.421765566,0.6375,4850,1024,48.5,1.30239666,0.65,2887,90,32.3333321,0.251876146,0.65,3200,138,32.3333321,0.297330916,0.65,56.1250076,48.7500038,99.99816,27.1043434,10.7764206,71.5517349,9.618313,5.262451,64.63588,38.5,0.25,0,55,0,85,0.416,1.01,16,16,16,32,48,30,295,160,130,0,0,0,16,37.5,0.25,0,55,0,85,0.416,1.01,16,16,16,32,48,30,295,160,130,0,0,0,16,512,-1,485.785156,477.9375,7.84765625,7.6015625,7611.34961,7618.951,0,0,0,0,0,0,0,0,0,0,4.2234807,7,505,600,1200,3000,52,0.969000041,1.30500007,0,0,17,48,2670,10451.9824,1000,1001,30,30,4,2,0,0,19.539,20.924,0.975,12200.7852,406.910156,3.39427233,0,0,0,0.0341391452,0,0,0,0,0,0.0390496328,0,0,0,59.0625,60,16376,3874,12501,76.34004,53.631,349184,1899520
05/29/2026 12:58:36,47,58,0,56,61,54,54,54,54,71,12.12,5.04,1.31000006,1.39200008,1.00200009,0.344,0.648,3.288,2.046,0,3.37200022,3.37200022,3.124,56,48,45,46,1031,740,0,855,773,0,0,0,0,0,28.12,10.94,7.81,7.81,9.38,29.69,3.12,3.12,12.5,29.69,38.06788,4160,590,4850,1349,48.5,1.67459512,0.65,4850,543,48.5,0.9808365,0.65,4757,326,48.5,0.5916249,0.65,3136,252,32.3333321,0.497704744,0.65,4822,419,48.5,0.7556212,0.65,4850,1476,48.5,1.75123,0.64375,2979,191,32.3333321,0.436521918,0.64375,3035,165,32.3333321,0.413559169,0.64375,56.6250076,48.7500038,99.99815,27.112793,10.767971,71.5740356,9.618217,5.26254654,64.63524,38.5,0.25,0,55,0,85,0.416,1.01,16,16,16,32,48,30,295,160,130,0,0,0,16,37.5,0.25,0,55,0,85,0.416,1.01,16,16,16,32,48,30,295,160,130,0,0,0,16,512,-1,485.785156,477.9375,7.84765625,7.6015625,7611.34961,7618.951,0,0,0,0,0,0,0,0,0,0,4.248577,7,505,600,1200,3000,52,0.965000033,1.30500007,0,0,17,47,2670,10451.9824,1000,999,30,30,4,2,0,0,19.144,21.345,0.975,12200.7891,407.785156,3.39833021,0,0,0,0.033957202,0,0,0,0,0,0.028376298,0,0,0,58.8125,60,16376,3874,12501,76.34004,54.188,1049600,8.844902E+07
05/29/2026 12:58:38,47,59,0,56,62,55,55,55,55,72,12.12,5.04,1.312,1.39200008,0.996000051,0.332000017,0.648,3.292,2.046,0,3.37200022,3.37200022,3.124,56,48,45,46.5,1043,750,0,884,778,0,0,0,0,0,12.7,7.94,1.56,0,1.59,17.46,0,0,5.16,17.46,35.83717,3641,370,4850,959,48.5,1.18769944,0.6625,3163,348,32.3333321,0.658758342,0.6625,3062,173,32.3333321,0.348555148,0.6625,2988,111,32.3333321,0.273691446,0.65,4461,190,48.5,0.3923069,0.65,4850,1039,48.5,1.306439,0.65,2899,79,32.3333321,0.236786827,0.65,2855,62,32.3333321,0.2158691,0.65,56.2500076,49.2500038,99.99815,27.098793,10.781971,71.53708,9.612019,5.26874542,64.59358,38.75,0.25,0,55,0,85,0.416,1.01,16,16,16,32,48,30,295,160,130,0,0,0,16,37.5,0.25,0,55,0,85,0.416,1.01,16,16,16,32,48,30,295,160,130,0,0,0,16,512,-1,485.785156,477.9375,7.84765625,7.6015625,7611.34961,7618.951,0,0,0,0,0,0,0,0,0,0,4.24163151,7,505,600,1200,3000,52,0.989,1.30500007,0,4,17,47,2670,10451.9824,1001,998,30,30,4,2,0,0,18.679,18.089,0.975,12200.7891,408.660156,3.40689373,0,0,0,0.0334318429,0,0,0,0,0,0.03451677,0,0,0,58.4375,60,16376,3874,12501,76.34004,52.374,999424,8.83497E+07
05/29/2026 12:58:40,47,60,0,56,62,54,54,54,54,71,12.12,5.03,1.31000006,1.39200008,1.00200009,0.332000017,0.648,3.28400016,2.046,0,3.37600017,3.37200022,3.124,56,47.5,45,46.5,1033,756,0,878,802,0,0,0,0,0,20.31,9.38,4.69,1.56,3.12,28.12,1.56,1.56,8.79,28.12,37.095295,4125,467,4850,1141,48.5,1.39125955,0.64375,4850,437,48.5,0.8341979,0.64375,4633,200,48.5,0.399178445,0.64375,3035,145,32.3333321,0.3423876,0.64375,4622,257,48.5,0.5224448,0.64375,4850,1318,48.5,1.57753444,0.64375,2929,88,32.3333321,0.278472364,0.64375,3233,148,32.3333321,0.332497835,0.64375,56.6250076,49.2500038,99.9981461,27.1009674,10.7797966,71.54282,9.60751,5.27325439,64.56328,38.75,0.25,0,55,0,85,0.416,1.01,16,16,16,32,48,30,295,160,130,0,0,0,16,37.5,0.25,0,55,0,85,0.416,1.01,16,16,16,32,48,30,295,160,130,0,0,0,16,512,-1,485.785156,477.9375,7.84765625,7.6015625,7611.34961,7618.951,0,0,0,0,0,0,0,0,0,0,4.301572,7,505,600,1200,3000,52,1.03500009,1.30500007,0,3,17,47,2670,10451.9824,1000,1000,30,30,4,2,0,0,19.058,20.065,0.975,12200.793,409.785156,3.33250332,0,0,0,0.0360628143,0,0,0,0,0,0.0382607765,0,0,0,58.15625,58,16376,3874,12501,76.34004,52.084,1049600,8.964915E+07
05/29/2026 12:58:42,47,59,0,57,62,56,56,56,56,73,12.12,5.04,1.31000006,1.39200008,1,0.332000017,0.648,3.288,2.046,0,3.37200022,3.37200022,3.12000012,57,48,45,46.5,1045,784,0,871,786,0,0,0,0,0,11.11,9.52,3.17,3.17,3.17,19.05,1.59,1.59,6.55,19.05,38.117382,3688,378,4850,1005,48.5,1.23065162,0.61875,4705,329,48.5,0.6836059,0.61875,2937,134,32.3333321,0.302530676,0.61875,2944,99,32.3333321,0.263961524,0.61875,2999,195,32.3333321,0.4061625,0.61875,5050,1111,50.5,1.33872449,0.55,3007,78,33.6666679,0.232604578,0.55,3010,71,33.6666679,0.22528179,0.55,57.3750076,48.7500038,99.99816,27.1281357,10.7526283,71.61454,9.632984,5.24778,64.7344742,38.75,0.25,0,55,0,85,0.416,1.01,16,16,16,32,48,30,295,160,130,0,0,0,16,37.5,0.25,0,55,0,85,0.416,1.01,16,16,16,32,48,30,295,160,130,0,0,0,16,512,-1,485.785156,477.9375,7.84765625,7.6015625,7611.34961,7618.951,0,0,0,0,0,0,0,0,0,0,4.18392,7,505,600,1200,3000,52,0.969000041,1.30500007,0,4,17,47,2670,10451.9824,1000,1001,30,30,4,2,0,0,19.351,24.08,0.975,12200.793,410.785156,3.470949,0,0,0,0.0349519365,0,0,0,0,0,0.0467081368,0,0,0,57.84375,58,16376,3874,12501,76.34004,53.955,799744,8.839987E+07
05/29/2026 12:58:44,47,59,0,57,62,54,54,54,54,71,12.12,5.04,1.312,1.396,1.00200009,0.332000017,0.648,3.288,2.046,0,3.37200022,3.37200022,3.124,56,47.5,45,46.5,1045,755,0,872,809,0,0,0,0,0,20.31,4.69,4.76,3.17,4.69,17.19,3.17,1.59,7.45,20.31,37.04572,4264,448,4850,1118,48.5,1.37764668,0.64375,4820,424,48.5,0.8298646,0.64375,4534,168,48.5,0.364181668,0.64375,4412,126,48.5,0.314542145,0.64375,4484,223,48.5,0.49138397,0.64375,4850,1291,48.5,1.55944383,0.64375,2926,96,32.3333321,0.277199239,0.64375,3233,141,32.3333321,0.342447937,0.64375,56.6250076,49.2500038,99.99815,27.1042862,10.7764778,71.55158,9.615284,5.26548,64.6155243,38.75,0.25,0,55,0,85,0.416,1.01,16,16,16,32,48,30,295,160,130,0,0,0,16,37.75,0.25,0,55,0,85,0.416,1.01,16,16,16,32,48,30,295,160,130,0,0,0,16,512,-1,485.785156,477.9375,7.84765625,7.6015625,7611.34961,7618.951,0,0,0,0,0,0,0,0,0,0,4.27103472,7,505,600,1200,3000,52,0.955000043,1.30500007,0,3,17,46,2670,10451.9824,1001,1001,30,30,4,2,0,0,18.785,18.194,0.975,12200.7969,411.660156,3.30373478,0,0,0,0.03081278,0,0,0,0,0,0.0275251381,0,0,0,57.53125,58,16376,3874,12501,76.34004,53.306,899072,8.824934E+07
05/29/2026 12:58:46,47,60,0,56,62,54,54,54,54,71,12.12,5.04,1.312,1.39200008,1.008,0.332000017,0.648,3.288,2.046,0,3.37200022,3.37200022,3.124,56,48,45,46.5,1039,756,0,864,786,0,0,0,0,0,26.98,11.11,6.35,4.69,1.59,31.75,3.12,4.69,11.28,31.75,37.5811424,3720,512,4850,1248,48.5,1.50115824,0.6375,4850,495,48.5,0.9016005,0.65,3000,193,32.3333321,0.420167983,0.65,3013,162,32.3333321,0.3657882,0.65,3124,292,32.3333321,0.5714917,0.65,4850,1427,48.5,1.69732547,0.65,2885,107,32.3333321,0.2982819,0.65,3192,172,32.3333321,0.357470483,0.65,56.6250076,49.7500038,99.99815,27.0756226,10.8051414,71.475914,9.599903,5.280861,64.51217,38.75,0.25,0,55,0,85,0.416,1.01,16,16,16,32,48,30,295,160,130,0,0,0,16,37.75,0.25,0,55,0,85,0.416,1.01,16,16,16,32,48,30,295,160,130,0,0,0,16,512,-1,485.785156,477.9375,7.84765625,7.6015625,7611.34961,7618.951,0,0,0,0,0,0,0,0,0,0,4.302349,7,505,600,1200,3000,52,1.03000009,1.30500007,0,9,17,46,2670,10451.9824,1000,1000,30,30,5,2,0,1,18.652,17.698,0.975,12200.7969,411.910156,3.448977,0,0,0,0.03696666,0,0,0,0,0,0,0,0,0,57.21875,58,16376,3874,12501,76.34004,51.814,999424,8.819917E+07
05/29/2026 12:58:48,47,60,0,56,62,54,54,54,54,71,12.12,5.04,1.312,1.396,1.006,0.336000025,0.646,3.288,2.046,0,3.37600017,3.37200022,3.124,56,48,45,46.5,1044,787,0,877,804,0,0,0,0,0,15.62,6.25,1.56,3.12,1.56,23.44,0,3.12,6.84,23.44,37.3374672,4699,460,4850,1113,48.5,1.35876071,0.65,4756,374,48.5,0.7617957,0.65,4542,203,48.5,0.426645964,0.65,4828,225,48.5,0.4227476,0.65,4550,236,48.5,0.486422032,0.65,4850,1275,48.5,1.54564607,0.65,4368,93,48.5,0.285847336,0.65,4850,161,48.5,0.3561244,0.65,56.5000076,49.2500038,99.99815,27.0528183,10.8279457,71.41571,9.578789,5.30197525,64.37028,38.75,0.25,0,55,0,85,0.416,1.01,16,16,16,32,48,30,295,160,130,0,0,0,16,37.75,0.25,0,55,0,85,0.416,1.01,16,16,16,32,48,30,295,160,130,0,0,0,16,512,-1,485.785156,477.9375,7.84765625,7.6015625,7611.34961,7618.951,0,0,0,0,0,0,0,0,0,0,4.23776245,7,505,600,1200,3000,52,0.965000033,1.30500007,0,10,17,46,2670,10451.9824,1000,1001,30,30,4,2,0,0,19.134,20.606,0.975,12200.7969,411.910156,3.38896012,0,0,0,0.0333828479,0,0,0,0,0,0,0,0,0,56.96875,58,16376,3874,12501,76.34004,52.502,999424,8.964915E+07
05/29/2026 12:58:50,47,60,0,56,62,54,54,54,54,71,12.144001,5.04,1.312,1.396,0.994,0.332000017,0.648,3.288,2.046,0,3.37600017,3.37200022,3.124,56,48,45,46.5,1045,793,0,866,785,0,0,0,0,0,25,9.38,4.69,3.12,7.81,29.69,3.12,4.69,10.94,29.69,37.31899,3654,418,4040,1023,40.4,1.28403926,0.6375,3838,333,40.4,0.7415373,0.6375,3074,141,33.6666679,0.310043961,0.6375,3043,113,33.6666679,0.273486137,0.6375,3903,260,40.4,0.4722215,0.6375,5050,1238,50.5,1.48982084,0.56875,3026,105,33.6666679,0.264655083,0.56875,3255,131,33.6666679,0.292472541,0.56875,56.2500076,49.2500038,99.99815,27.0833435,10.7974205,71.49629,9.609653,5.27111053,64.57768,38.75,0.25,0,55,0,85,0.416,1.01,16,16,16,32,48,30,295,160,130,0,0,0,16,37.75,0.25,0,55,0,85,0.416,1.01,16,16,16,32,48,30,295,160,130,0,0,0,16,512,-1,485.785156,477.9375,7.84765625,7.6015625,7611.34961,7618.951,0,0,0,0,0,0,0,0,0,0,4.14523554,7,505,600,1200,3000,53,0.965000033,1.30500007,0,2,17,46,2670,10451.9824,1000,1000,30,30,4,2,0,0,19.056,22.818,0.975,12200.7969,411.910156,3.43193364,0,0,0,0.03824989,0,0,0,0,0,0,0,0,0,56.71875,58,16376,3874,12501,76.34004,53.534,849920,1.622999E+08
05/29/2026 12:58:52,47,60,0,56,62,54,54,54,54,71,12.12,5.04,1.312,1.396,1.00200009,0.332000017,0.646,3.288,2.046,0,3.37200022,3.37200022,3.124,56,48,45,46.5,1048,794,0,865,785,0,0,0,0,0,20,10.77,1.54,1.54,3.08,26.15,1.54,3.08,8.46,26.15,37.31748,3569,482,4850,1178,48.5,1.44799137,0.65,3228,457,32.3333321,0.859372854,0.65,2994,173,32.3333321,0.388017446,0.65,2976,125,32.3333321,0.3305072,0.65,3053,234,32.3333321,0.5387542,0.65,5050,1381,50.5,1.57548976,0.54375,3032,106,33.6666679,0.301773816,0.54375,3367,201,33.6666679,0.390832156,0.54375,56.2500076,49.2500038,99.99815,27.0558815,10.8248825,71.4238,9.572632,5.308132,64.3289,38.75,0.25,0,55,0,85,0.416,1.01,16,16,16,32,48,30,295,160,130,0,0,0,16,37.75,0.25,0,55,0,85,0.416,1.01,16,16,16,32,48,30,295,160,130,0,0,0,16,512,-1,485.785156,477.9375,7.84765625,7.6015625,7611.34961,7618.951,0,0,0,0,0,0,0,0,0,0,4.157241,7,505,600,1200,3000,52,0.969000041,1.30500007,0,4,17,45,2670,10451.9824,1001,1002,30,30,4,2,0,0,18.398,21.469,0.975,12200.7969,411.910156,3.43500018,0,0,0,0.0397864319,0,0,0,0,0,0,0,0,0,56.46875,56,16376,3874,12501,76.34004,51.864,799744,8.839987E+07
05/29/2026 12:58:54,47,60,0,56,62,55,55,55,55,72,12.12,5.04,1.312,1.39200008,0.992000043,0.342,0.646,3.288,2.046,0,3.37200022,3.37200022,3.12000012,57,47.5,45,46.5,1029,791,0,866,804,0,0,0,0,0,19.05,7.94,4.76,1.59,4.76,28.57,1.59,0,8.53,28.57,37.95367,4678,563,4850,1320,48.5,1.62290061,0.64375,4828,527,48.5,1.00786972,0.64375,4652,305,48.5,0.5756269,0.64375,4369,195,48.5,0.434234768,0.64375,4606,357,48.5,0.682928,0.64375,4850,1375,48.5,1.71014285,0.64375,4484,188,48.5,0.4272364,0.64375,4785,234,48.5,0.476583153,0.64375,57.1250076,49.7500038,99.99815,27.0886574,10.7921066,71.51032,9.611553,5.269211,64.5904541,38.75,0.25,0,55,0,85,0.416,1.01,16,16,16,32,48,30,295,160,130,0,0,0,16,37.75,0.25,0,55,0,85,0.416,1.01,16,16,16,32,48,30,295,160,130,0,0,0,16,512,-1,485.785156,477.9375,7.84765625,7.6015625,7611.34961,7618.951,0,0,0,0,0,0,0,0,0,0,4.319774,7,505,600,1200,3000,52,0.969000041,1.30500007,0,4,17,45,2670,10451.9824,1000,998,30,30,4,2,0,0,18.654,18.424,0.975,12200.7969,411.910156,3.33145285,0,0,0,0.0305980351,0,0,0,0,0,0,0,0,0,56.1875,56,16376,3874,12501,76.34004,51.385,1049600,8.52992E+07
05/29/2026 12:58:56,47,60,0,57,62,56,56,56,56,72,12.12,5.04,1.31000006,1.39200008,0.992000043,0.334000021,0.646,3.288,2.046,0,3.37200022,3.37200022,3.12000012,57,48,45,46.5,1050,791,0,876,785,0,0,0,0,0,20.31,4.69,4.69,1.56,3.12,18.75,0,4.69,7.23,20.31,36.9788551,3622,447,4040,1270,40.4,1.42546356,0.53125,4000,372,40.4,0.743329644,0.53125,3181,190,33.6666679,0.385334432,0.53125,3123,144,33.6666679,0.341892034,0.53125,3165,246,33.6666679,0.484988958,0.53125,5050,1062,50.5,1.44014263,0.53125,3052,97,33.6666679,0.2890008,0.53125,3367,192,33.6666679,0.382667154,0.53125,56.8750076,52.8750038,99.99815,27.09621,10.7845535,71.5302658,9.613621,5.26714325,64.60435,39,0.25,0,55,0,85,0.416,1.01,16,16,16,32,48,30,295,160,130,0,0,0,16,37.75,0.25,0,55,0,85,0.416,1.01,16,16,16,32,48,30,295,160,130,0,0,0,16,512,-1,485.785156,477.9375,7.84765625,7.6015625,7611.34961,7618.951,0,0,0,0,0,0,0,0,0,0,4.278461,7,505,600,1200,3000,52,0.965000033,1.30500007,0,9,17,45,2670,10451.9824,999,1000,30,30,4,2,0,0,19.023,20.883,0.975,12200.7969,411.910156,3.417568,0,0,0,0.0395697877,0,0,0,0,0,0,0,0,0,55.9375,56,16376,3874,12501,76.34004,52.79,62449664,1549312
05/29/2026 12:58:58,47,60,0,57,62,56,56,56,56,73,12.144001,5.04,1.312,1.396,0.996000051,0.332000017,0.646,3.288,2.046,0,3.37200022,3.37200022,3.124,57,48,45,46.5,1066,764,0,892,789,0,0,0,0,0,29.23,12.31,4.62,1.54,4.62,21.54,1.54,4.62,10,29.23,37.05299,3298,436,4850,1302,48.5,1.43575358,0.6375,3184,383,32.3333321,0.7569828,0.6375,3019,185,32.3333321,0.3894559,0.6375,2995,128,32.3333321,0.29706344,0.6375,3004,215,32.3333321,0.467753619,0.6375,3233,988,32.3333321,1.3770684,0.6375,2862,87,32.3333321,0.265045732,0.6375,3233,198,32.3333321,0.372507036,0.6375,57.1250076,49.2500038,99.99815,27.0554848,10.8252792,71.42275,9.57991,5.30085373,64.37781,39,0.25,0,55,0,85,0.416,1.01,16,16,16,32,48,30,295,160,130,0,0,0,16,37.75,0.25,0,55,0,85,0.416,1.01,16,16,16,32,48,30,295,160,130,0,0,0,16,512,-1,485.785156,477.9375,7.84765625,7.6015625,7611.34961,7618.951,0,0,0,0,0,0,0,0,0,0,4.198022,7,505,600,1200,3000,52,0.960000038,1.30500007,0,2,17,45,2670,10451.9824,999,1001,30,30,4,2,0,0,18.614,18.576,0.975,12200.7969,411.910156,3.31183243,0,0,0,0.0327497646,0,0,0,0,0,0,0,0,0,55.71875,56,16376,3874,12501,76.34004,52.778,1049600,8.794931E+07
05/29/2026 12:59:00,48,60,0,58,63,56,56,56,56,72,12.12,5.04,1.31000006,1.396,0.998,0.336000025,0.646,3.288,2.046,0,3.37200022,3.37200022,3.12000012,57,48,45,46.5,1078,765,0,881,794,0,0,0,0,0,14.06,9.38,1.56,3.12,3.12,20.31,0,1.56,6.64,20.31,37.3087349,3722,447,4850,1249,48.5,1.40416253,0.61875,3136,348,32.3333321,0.730419934,0.61875,4511,164,48.5,0.365775228,0.61875,2991,136,32.3333321,0.326467723,0.61875,3023,209,32.3333321,0.468970776,0.61875,4850,1162,48.5,1.54694963,0.61875,3178,140,32.3333321,0.3271897,0.61875,3233,167,32.3333321,0.3501246,0.61875,56.8750076,49.7500038,99.99815,27.0979729,10.7827911,71.53492,9.597557,5.283207,64.4964,39,0.25,0,55,0,85,0.416,1.01,16,16,16,32,48,30,295,160,130,0,0,0,16,38,0.25,0,55,0,85,0.416,1.01,16,16,16,32,48,30,295,160,130,0,0,0,16,512,-1,485.785156,477.9375,7.84765625,7.6015625,7611.34961,7618.951,0,0,0,0,0,0,0,0,0,0,4.2515564,7,505,600,1200,3000,52,0.969000041,1.30500007,0,7,17,44,2670,10451.9824,999,1000,30,30,4,2,0,0,18.269,21.933,0.975,12200.7969,411.910156,3.28267574,0,0,0,0.0329204835,0,0,0,0,0,0,0,0,0,55.375,56,16376,3874,12501,76.34004,51.046,999424,8.809984E+07
05/29/2026 12:59:02,48,60,0,58,63,56,56,56,56,73,12.12,5.04,1.31000006,1.39200008,0.994,0.338000029,0.646,3.288,2.046,0,3.37200022,3.37200022,3.12000012,57,48,45,46.5,1079,763,0,884,821,0,0,0,0,0,28.57,6.35,0,4.76,6.35,17.46,0,3.17,8.33,28.57,37.3626976,3492,417,4850,1281,48.5,1.43878412,0.64375,3187,375,32.3333321,0.7044703,0.64375,2930,135,32.3333321,0.331960827,0.64375,3006,124,32.3333321,0.298224568,0.64375,2998,199,32.3333321,0.43037948,0.64375,4850,975,48.5,1.356512,0.64375,2884,77,32.3333321,0.242318183,0.64375,3233,169,32.3333321,0.325945735,0.64375,57.3750076,49.7500038,99.99816,27.0874748,10.7932892,71.5072,9.6021,5.27866364,64.52693,39,0.25,0,55,0,85,0.416,1.01,16,16,16,32,48,30,295,160,130,0,0,0,16,38,0.25,0,55,0,85,0.416,1.01,16,16,16,32,48,30,295,160,130,0,0,0,16,512,-1,485.785156,477.9375,7.84765625,7.6015625,7611.34961,7618.951,0,0,0,0,0,0,0,0,0,0,4.35031748,7,505,600,1200,3000,53,1.064,1.30500007,0,11,17,44,2670,10451.9824,1001,998,30,30,4,2,0,0,18.892,19.791,0.975,12200.7969,412.140625,3.33962846,0,0,0,0.0360195376,0,0,0,0,0,0,0,0,0,55.15625,56,16376,3874,12501,76.34004,51.671,1049600,7.449907E+07
05/29/2026 12:59:04,47,60,0,57,63,56,56,56,56,72,12.12,5.04,1.31000006,1.396,0.992000043,0.332000017,0.646,3.288,2.046,0,3.37200022,3.37200022,3.12000012,57,48,45,46.5,1071,762,0,884,803,0,0,0,0,0,26.56,7.81,1.59,3.17,3.17,31.25,3.17,1.59,9.79,31.25,37.39188,4357,463,4850,1297,48.5,1.45510387,0.5375,4836,404,48.5,0.8050635,0.5375,4494,178,48.5,0.386727542,0.5375,4586,148,48.5,0.341760278,0.5375,4511,214,48.5,0.4918021,0.5375,5050,1159,50.5,1.4934876,0.53125,3258,157,33.6666679,0.3492273,0.53125,3271,150,33.6666679,0.341056019,0.53125,56.8750076,49.2500038,99.99816,27.0692863,10.8114777,71.45919,9.593548,5.287216,64.46945,39,0.25,0,55,0,85,0.416,1.01,16,16,16,32,48,30,295,160,130,0,0,0,16,38,0.25,0,55,0,85,0.416,1.01,16,16,16,32,48,30,295,160,130,0,0,0,16,512,-1,485.785156,477.9375,7.84765625,7.6015625,7611.34961,7618.951,0,0,0,0,0,0,0,0,0,0,4.17408752,7,505,600,1200,3000,52,0.969000041,1.30500007,0,5,17,44,2670,10451.9824,1000,1001,30,30,4,2,0,0,18.96,22.741,0.975,12200.7969,412.140625,3.40886116,0,0,0,0.0324818939,0,0,0,0,0,0,0,0,0,55.03125,56,16376,3874,12501,76.34004,53.174,4299776,1.633495E+08
05/29/2026 12:59:06,48,60,0,57,63,56,56,56,56,73,12.12,5.03,1.312,1.396,0.990000069,0.332000017,0.644000053,3.288,2.046,0,3.37200022,3.37200022,3.124,57,47.5,45,46.5,1061,764,0,893,825,0,0,0,0,0,32.81,4.69,4.69,1.59,3.12,10.94,3.17,3.17,8.02,32.81,36.710743,4271,419,4850,1263,48.5,1.39442992,0.6625,4697,379,48.5,0.751617432,0.6625,4522,152,48.5,0.336997956,0.6625,4478,139,48.5,0.302690119,0.6625,4691,249,48.5,0.495702356,0.6625,4850,923,48.5,1.33567476,0.6625,2863,89,32.3333321,0.25422588,0.6625,3219,159,32.3333321,0.321254939,0.6625,57.3750076,49.7500038,99.99815,27.0868721,10.7938919,71.5056152,9.599632,5.28113174,64.5103455,39,0.25,0,55,0,85,0.416,1.01,16,16,16,32,48,30,295,160,130,0,0,0,16,38,0.25,0,55,0,85,0.416,1.01,16,16,16,32,48,30,295,160,130,0,0,0,16,512,-1,485.785156,477.9375,7.84765625,7.6015625,7611.34961,7618.951,0,0,0,0,0,0,0,0,0,0,4.24798155,7,505,600,1200,3000,53,1.074,1.30500007,0,10,17,44,2670,10451.9824,1000,999,30,30,4,2,0,0,18.424,17.653,0.975,12200.7969,412.140625,3.38195682,0,0,0,0.03568147,0,0,0,0,0,0,0,0,0,54.65625,54,16376,3874,12501,76.34004,52.023,999424,9.054925E+07
05/29/2026 12:59:08,48,60,0,58,63,56,56,56,56,73,12.12,5.03,1.31000006,1.39200008,1.00400007,0.338000029,0.646,3.288,2.046,0,3.37200022,3.36800027,3.124,57,48,45.5,46.5,1081,760,0,894,825,0,0,0,0,0,26.56,10.94,6.25,3.12,6.25,17.46,4.69,4.69,10,26.56,37.1990738,3513,452,4020,1381,40.2,1.51120222,0.51875,3253,366,33.5,0.753144741,0.51875,3154,188,33.5,0.3883186,0.51875,3155,165,33.5,0.3490876,0.51875,3118,227,33.5,0.492639542,0.51875,3350,997,33.5,1.3899256,0.51875,3032,94,33.5,0.278215677,0.51875,5025,199,50.25,0.3844649,0.50625,57.2500076,60.2500038,99.99815,27.0987473,10.7820168,71.53696,9.60688,5.273884,64.55905,39,0.25,0,55,0,85,0.416,1.01,16,16,16,32,48,30,295,160,130,0,0,0,16,38,0.25,0,55,0,85,0.416,1.01,16,16,16,32,48,30,295,160,130,0,0,0,16,512,-1,485.785156,477.9375,7.84765625,7.6015625,7611.34961,7618.951,0,0,0,0,0,0,0,0,0,0,4.27964735,7,505,600,1200,3000,52,1.064,1.30500007,0,11,17,44,2670,10451.9824,1000,1000,30,30,4,2,0,0,18.433,21.556,0.975,12200.7969,412.140625,3.4054575,0,0,0,0.03700664,0,0,0,0,0,0,0,0,0,54.53125,54,16376,3874,12501,76.34004,51.007,799744,8.774963E+07
05/29/2026 12:59:10,49,59,0,58,63,57,57,57,57,73,12.12,5.03,1.31000006,1.396,0.990000069,0.334000021,0.646,3.288,2.046,0,3.36800027,3.36800027,3.12000012,58,48,45.5,46.5,1080,786,0,882,825,0,0,0,0,0,35.94,10.94,11.11,6.35,10.94,14.06,6.25,4.69,12.53,35.94,37.7612228,4706,505,4850,1421,48.5,1.56219184,0.65,4850,443,48.5,0.875238359,0.64375,4696,262,48.5,0.518066645,0.64375,4787,228,48.5,0.483112931,0.64375,4696,309,48.5,0.593446851,0.64375,4850,1053,48.5,1.50825918,0.64375,4508,186,48.5,0.430524558,0.64375,4407,138,48.5,0.375582069,0.64375,58.0000076,49.7500038,99.99816,27.0538368,10.8269272,71.4184,9.58139,5.29937363,64.38776,39,0.25,0,55,0,85,0.416,1.01,16,16,16,32,48,30,295,160,130,0,0,0,16,38,0.25,0,55,0,85,0.416,1.01,16,16,16,32,48,30,295,160,130,0,0,0,16,512,-1,485.785156,477.9375,7.84765625,7.6015625,7611.34961,7618.951,0,0,0,0,0,0,0,0,0,0,4.317589,7,505,600,1200,3000,52,1.04500008,1.30500007,0,12,17,44,2670,10451.9824,1001,1000,30,30,4,2,0,0,18.963,20.265,0.975,12200.7969,412.140625,3.32788539,0,0,0,0.0321323052,0,0,0,0,0,0,0,0,0,54.28125,54,16376,3874,12501,76.34004,52.291,1049600,8.794931E+07
05/29/2026 12:59:12,49,58,0,58,64,57,57,57,57,74,12.12,5.03,1.31000006,1.396,1.00200009,0.338000029,0.646,3.28400016,2.046,0,3.37200022,3.36800027,3.12000012,57,47.5,45.5,46.5,1083,776,0,889,807,0,0,0,0,0,26.98,7.94,7.94,3.12,4.76,9.52,3.12,3.17,8.32,26.98,37.725605,3543,442,4850,1338,48.5,1.51836,0.65,3233,425,32.3333321,0.769933164,0.65,3095,214,32.3333321,0.4165814,0.65,2981,120,32.3333321,0.3149044,0.65,3129,274,32.3333321,0.5273735,0.65,4850,862,48.5,1.26181674,0.65,2972,110,32.3333321,0.290425479,0.65,3233,193,32.3333321,0.382441342,0.65,58.1250076,50.2500038,99.99815,27.0651131,10.8156509,71.44817,9.587879,5.292885,64.431366,39,0.25,0,55,0,85,0.416,1.01,16,16,16,32,48,30,295,160,130,0,0,0,16,38,0.25,0,55,0,85,0.416,1.01,16,16,16,32,48,30,295,160,130,0,0,0,16,512,-1,485.785156,477.9375,7.84765625,7.6015625,7611.34961,7618.951,0,0,0,0,0,0,0,0,0,0,4.19617462,7,505,600,1200,3000,53,0.974000037,1.30500007,0,2,17,43,2670,10451.9824,999,1001,30,30,4,2,0,0,18.81,21.885,0.975,12200.7969,412.140625,3.487076,0,0,0,0.04074158,0,0,0,0,0,0,0,0,0,54.0625,54,16376,3874,12501,76.34004,52.821,849920,8.969933E+07
05/29/2026 12:59:14,49,58,0,58,64,56,56,56,56,73,12.12,5.03,1.31000006,1.39200008,0.992000043,0.34,0.644000053,3.288,2.046,0,3.37200022,3.36800027,3.12000012,57,48,45.5,46.5,1082,767,0,891,808,0,0,0,0,0,31.75,4.76,3.17,1.59,1.59,17.46,1.59,0,7.74,31.75,36.2783623,3428,381,4850,1390,48.5,1.47406828,0.64375,3142,327,32.3333321,0.669612169,0.64375,2981,158,32.3333321,0.337890744,0.64375,2939,115,32.3333321,0.287623823,0.64375,2951,176,32.3333321,0.405707,0.64375,4850,747,48.5,1.1324203,0.64375,2856,70,32.3333321,0.2346504,0.64375,2855,62,32.3333321,0.224944353,0.64375,57.6250076,49.7500038,99.99816,27.0866814,10.7940826,71.50511,9.606506,5.27425766,64.55653,39,0.25,0,55,0,85,0.416,1.01,16,16,16,32,48,30,295,160,130,0,0,0,16,38,0.25,0,55,0,85,0.416,1.01,16,16,16,32,48,30,295,160,130,0,0,0,16,512,-1,485.785156,477.9375,7.84765625,7.6015625,7611.34961,7618.951,0,0,0,0,0,0,0,0,0,0,4.305434,7,505,600,1200,3000,53,1.05000007,1.30500007,0,10,17,43,2670,10451.9824,999,1000,30,30,4,2,0,0,18.207,17.198,0.975,12200.7969,412.140625,3.318782,0,0,0,0.0344046429,0,0,0,0,0,0,0,0,0,53.78125,54,16376,3874,12501,76.34004,51.393,1049600,7.414989E+07
05/29/2026 12:59:16,49,58,0,58,63,56,56,56,56,73,12.12,5.03,1.31000006,1.39200008,0.992000043,0.336000025,0.644000053,3.288,2.046,0,3.36800027,3.36800027,3.12000012,57,47.5,45,46.5,1075,768,0,893,831,0,0,0,0,0,29.69,14.06,6.25,4.76,6.25,17.19,0,4.76,10.37,29.69,37.7948875,3718,507,4850,1486,48.5,1.66000271,0.61875,3233,466,32.3333321,0.868955135,0.61875,4679,224,48.5,0.462115169,0.61875,2983,142,32.3333321,0.3585475,0.61875,3039,264,32.3333321,0.5579519,0.61875,4850,1060,48.5,1.47566545,0.61875,2876,95,32.3333321,0.290512353,0.61875,3233,317,32.3333321,0.558941662,0.61875,58.3750076,50.7500038,99.99815,27.0753365,10.8054276,71.47516,9.594563,5.28620148,64.47628,39,0.25,0,55,0,85,0.416,1.01,16,16,16,32,48,30,295,160,130,0,0,0,16,38.25,0.25,0,55,0,85,0.416,1.01,16,16,16,32,48,30,295,160,130,0,0,0,16,512,-1,485.785156,477.9375,7.84765625,7.6015625,7611.34961,7618.951,0,0,0,0,0,0,0,0,0,0,4.29347563,7,505,600,1200,3000,53,0.989,1.30500007,0,4,17,43,2670,10451.9824,999,1000,30,30,4,2,0,0,18.59,21.838,0.975,12200.7969,412.140625,3.31297612,0,0,0,0.0317149274,0,0,0,0,0,0,0,0,0,53.78125,52,16376,3874,12501,76.34004,51.055,899072,8.819917E+07
05/29/2026 12:59:18,49,58,0,58,64,58,58,58,58,74,12.12,5.04,1.31000006,1.39200008,0.996000051,0.34,0.644000053,3.288,2.046,0,3.37200022,3.36800027,3.12000012,58,47.5,45.5,46.5,1087,740,0,893,826,0,0,0,0,0,23.44,4.76,3.12,0,1.56,9.38,0,0,5.28,23.44,36.4740829,3466,378,4850,1367,48.5,1.46508479,0.6375,3162,342,32.3333321,0.7331515,0.6375,3084,171,32.3333321,0.3508775,0.6375,2945,104,32.3333321,0.2779868,0.6375,3039,191,32.3333321,0.4251779,0.6375,4850,696,48.5,1.092855,0.6375,2856,70,32.3333321,0.227620646,0.6375,2942,79,32.3333321,0.224724635,0.6375,57.6250076,49.2500038,99.9981461,27.0868645,10.7939,71.50559,9.608501,5.27226257,64.56995,39,0.25,0,55,0,85,0.416,1.01,16,16,16,32,48,30,295,160,130,0,0,0,16,38.25,0.25,0,55,0,85,0.416,1.01,16,16,16,32,48,30,295,160,130,0,0,0,16,512,-1,485.785156,477.9375,7.84765625,7.6015625,7611.34961,7618.951,0,0,0,0,0,0,0,0,0,0,4.274568,7,505,600,1200,3000,53,0.965000033,1.30500007,0,5,17,43,2670,10451.9824,1000,1002,30,30,4,2,0,0,19.113,20.835,0.975,12200.8008,412.101563,3.45035529,0,0,0,0.0348296538,0,0,0,0,0,0.024699524,0,0,0,53.5,54,16376,3874,12501,76.34004,52.967,6.049997E+07,7.579955E+07
05/29/2026 12:59:20,49,58,0,58,63,56,56,56,56,73,12.12,5.03,1.31000006,1.39200008,1.046,0.336000025,0.644000053,3.288,2.046,0,3.36800027,3.37200022,3.12000012,58,47.5,45.5,46.5,1081,738,0,894,806,0,0,0,0,0,73.44,10.94,3.12,1.56,1.56,18.75,3.12,4.69,14.65,73.44,39.5297165,3808,798,4040,3739,40.4,3.084199,0.55625,4026,447,40.4,0.8381766,0.55625,3007,95,33.6666679,0.214231431,0.55625,2951,78,33.6666679,0.157510519,0.55625,3706,185,40.4,0.40694803,0.55625,4950,1559,49.5,1.70301819,0.525,2832,51,33,0.115355536,0.525,4950,232,49.5,0.3060357,0.525,59.1250076,52.3750038,99.9981461,26.68771,11.1930542,70.45187,9.605309,5.27545547,64.54849,39,0.25,0,55,0,85,0.416,1.01,16,16,16,32,48,30,295,160,130,0,0,0,16,38.25,0.25,0,55,0,85,0.416,1.01,16,16,16,32,48,30,295,160,130,0,0,0,16,512,-1,485.785156,477.9375,7.84765625,7.6015625,7611.34961,7618.951,0,0,0,0,0,0,0,0,0,0,2.71646833,7,505,600,1200,3000,52,0.969000041,1.30500007,0,4,17,42,2670,10451.9824,1000,1002,30,30,0,0,0,0,15.824,18.241,0.975,11498.7461,411.078125,1.37354481,0,0,0,0.009904717,0,0,0,0,0,0.407490224,0,0,0,53.1875,52,16376,4576,11799,72.05376,48.414,0,0
05/29/2026 12:59:22,49,58,0,58,64,60,60,60,60,76,12.12,5.04,1.312,1.39200008,1.06800008,0.338000029,0.644000053,3.28400016,2.046,0,3.37200022,3.37200022,3.12000012,61,48,45.5,46.5,1086,739,0,897,829,0,0,0,0,0,24.56,3.51,1.75,1.75,5.26,91.23,0,1.75,16.23,91.23,40.6864,4253,889,4040,1121,40.4,1.48110485,0.6,4040,672,40.4,1.25278652,0.6,3803,194,40.4,0.329719782,0.6,4728,125,50.5,0.232301325,0.5625,4860,297,50.5,0.50174737,0.5625,5050,4501,50.5,3.95771217,0.51875,3698,106,40.4,0.178863972,0.51875,3805,98,40.4,0.157572716,0.51875,63.2500076,51.3750038,99.99815,26.47549,11.4052734,69.89165,9.724468,5.156296,65.34926,39.25,0.25,0,55,0,85,0.416,1.01,16,16,16,32,48,30,295,160,130,0,0,0,16,38.25,0.25,0,55,0,85,0.416,1.01,16,16,16,32,48,30,295,160,130,0,0,0,16,512,-1,485.785156,477.9375,7.84765625,7.6015625,7611.34961,7618.951,0,0,0,0,0,0,0,0,0,0,1.32103026,7,505,600,1200,3000,53,1.074,1.30500007,0,8,17,42,2670,10451.9824,1001,999,30,30,7,1,0,3,16.144,17.445,0.975,11290.3672,490.53125,0.111260496,0,0,0,0.5237752,0,0,0,0,0,1.55213416,0,0,0,52.90625,52,16376,4784,11591,70.78112,45.543,0,0
05/29/2026 12:59:24,50,58,0,59,64,64,64,64,64,79,12.12,5.04,1.31000006,1.39200008,0.994,0.344,0.644000053,3.288,2.046,0,3.37200022,3.37200022,3.12000012,62,47.5,45.5,46.5,1111,740,0,903,829,0,0,0,0,0,33.85,7.69,6.25,3.12,9.38,24.62,4.69,6.25,11.98,33.85,40.9524231,3931,567,4850,1648,48.5,1.81989264,0.6375,4850,518,48.5,0.943924963,0.6375,3027,234,32.3333321,0.5342733,0.6375,3014,200,32.3333321,0.4527923,0.6375,4579,303,48.5,0.6298782,0.6375,4850,1181,48.5,1.61885166,0.6375,3048,169,32.3333321,0.397804856,0.6375,3233,285,32.3333321,0.46470058,0.6375,62.0000076,49.7500038,99.99815,26.6533051,11.227459,70.36105,9.66675949,5.21400452,64.96144,39.25,0.25,0,55,0,85,0.416,1.01,16,16,16,32,48,30,295,160,130,0,0,0,16,38.25,0.25,0,55,0,85,0.416,1.01,16,16,16,32,48,30,295,160,130,0,0,0,16,512,-1,485.785156,477.9375,7.84765625,7.6015625,7611.34961,7618.951,0,0,0,0,0,0,0,0,0,0,4.180004,7,505,600,1200,3000,53,1.069,1.30500007,0,26,17,43,2670,10451.9824,1000,999,30,30,4,2,0,0,19.523,23.871,0.975,11648.9258,560.644531,3.71699381,0,0,0,0.0227385964,0,0,0,0,0,0.148254842,0,0,0,53.03125,52,16376,4426,11949,72.9699,54.089,799744,152099840
05/29/2026 12:59:26,51,58,0,60,65,64,64,64,64,79,12.12,5.03,1.31000006,1.39200008,0.998,0.334000021,0.644000053,3.288,2.046,0,3.37200022,3.36800027,3.12000012,61,48,45.5,46.5,1129,767,0,919,821,0,0,0,0,0,31.25,7.81,1.56,0,4.69,15.87,0,3.12,8.04,31.25,39.32268,3856,407,5050,1315,50.5,1.43198371,0.55625,3924,361,40.4,0.695206642,0.55625,3648,110,40.4,0.279260457,0.55625,3543,79,40.4,0.230094671,0.55625,3779,183,40.4,0.363292277,0.55625,4040,1000,40.4,1.38949215,0.55625,3494,46,40.4,0.180188984,0.55625,3367,162,33.6666679,0.264259636,0.54375,61.6250076,49.7500038,99.99815,26.5654411,11.3153229,70.1291046,9.661266,5.21949768,64.92453,39.25,0.25,0,55,0,85,0.416,1.01,16,16,16,32,48,30,295,160,130,0,0,0,16,38.25,0.25,0,55,0,85,0.416,1.01,16,16,16,32,48,30,295,160,130,0,0,0,16,512,-1,485.785156,477.9375,7.84765625,7.6015625,7611.34961,7618.951,0,0,0,0,0,0,0,0,0,0,4.332364,7,505,600,1200,3000,53,0.989,1.30500007,0,2,17,42,2670,10451.9824,1001,999,30,30,4,2,0,0,19.327,23.159,0.975,11648.9258,560.660156,4.12282848,0,0,0,0.027997762,0,0,0,0,0,0,0,0,0,52.90625,52,16376,4426,11949,72.9699,54.174,849920,152049664
05/29/2026 12:59:28,52,58,0,60,66,60,60,60,60,76,12.12,5.03,1.31000006,1.39200008,1.01200008,0.342,0.644000053,3.28400016,2.046,0,3.37200022,3.36800027,3.12000012,59,47.5,45.5,46.5,1152,768,0,922,831,0,0,0,0,0,23.81,4.76,6.35,1.59,4.76,20.63,1.59,1.59,8.13,23.81,36.7085152,3518,396,4850,1242,48.5,1.38655841,0.64375,3149,308,32.3333321,0.66199255,0.64375,2985,125,32.3333321,0.302768528,0.64375,2908,80,32.3333321,0.255105734,0.64375,2976,169,32.3333321,0.405465245,0.64375,4850,1003,48.5,1.35006475,0.65,3191,128,32.3333321,0.277282178,0.65,3233,116,32.3333321,0.210882351,0.65,59.2500076,49.7500038,99.99816,26.5539742,11.32679,70.09883,9.652309,5.22845459,64.86434,39.25,0.25,0,55,0,85,0.416,1.01,16,16,16,32,48,30,295,160,130,0,0,0,16,38.25,0.25,0,55,0,85,0.416,1.01,16,16,16,32,48,30,295,160,130,0,0,0,16,512,-1,485.785156,477.9375,7.84765625,7.6015625,7611.34961,7618.951,0,0,0,0,0,0,0,0,0,0,4.176741,7,505,600,1200,3000,52,0.974000037,1.30500007,0,0,17,42,2670,10451.9824,1000,1001,30,30,4,2,0,0,18.788,23.267,0.975,11648.9258,560.660156,3.86735678,0,0,0,0.0253009982,0,0,0,0,0,0,0,0,0,52.6875,52,16376,4426,11949,72.9699,52.658,899072,152099840
05/29/2026 12:59:30,52,58,0,60,66,60,60,60,60,75,12.12,5.03,1.31000006,1.39200008,0.998,0.338000029,0.644000053,3.28400016,2.046,0,3.36800027,3.36800027,3.12000012,58,47.5,45.5,46.5,1138,766,0,924,858,0,0,0,0,0,26.56,9.38,1.56,1.56,3.12,17.19,0,3.12,7.81,26.56,36.34312,3698,373,4040,1131,40.4,1.29795659,0.64375,3934,298,40.4,0.668868065,0.64375,3101,118,33.6666679,0.2679287,0.64375,3012,79,33.6666679,0.214172065,0.64375,3769,187,40.4,0.394193,0.64375,5050,887,50.5,1.23284876,0.55,3311,100,33.6666679,0.228616625,0.55,3367,184,33.6666679,0.295642853,0.55,58.5000076,49.2500038,99.9981461,26.5903854,11.2903786,70.1949539,9.684811,5.19595337,65.08275,39.25,0.25,0,55,0,85,0.416,1.01,16,16,16,32,48,30,295,160,130,0,0,0,16,38.25,0.25,0,55,0,85,0.416,1.01,16,16,16,32,48,30,295,160,130,0,0,0,16,512,-1,485.785156,477.9375,7.84765625,7.6015625,7611.34961,7618.951,0,0,0,0,0,0,0,0,0,0,4.2471714,7,505,600,1200,3000,53,1.04500008,1.30500007,0,5,17,42,2670,10451.9824,1001,1000,30,30,4,2,0,0,19.099,22.867,0.975,11648.9258,560.875,3.90352416,0,0,0,0.0261962675,0,0,0,0,0,0.0171572044,0,0,0,52.5,52,16376,4426,11949,72.9699,52.09,849920,152549376
05/29/2026 12:59:32,50,58,0,60,65,57,57,57,57,73,12.12,5.03,1.31000006,1.396,0.998,0.33,0.644000053,3.288,2.046,0,3.37200022,3.36800027,3.11600018,58,47.5,45.5,46.5,1120,765,0,925,835,0,0,0,0,0,20.31,6.25,0,0,1.56,9.38,1.56,4.69,5.47,20.31,36.75418,3531,406,4850,1335,48.5,1.45420814,0.6375,3212,347,32.3333321,0.701355159,0.6375,2946,103,32.3333321,0.275298148,0.6375,2890,76,32.3333321,0.226192325,0.6375,3065,182,32.3333321,0.391159117,0.6375,4850,932,48.5,1.30592859,0.6375,3204,119,32.3333321,0.249794349,0.6375,3233,155,32.3333321,0.254506,0.6375,58.0000076,49.7500038,99.99816,26.5704346,11.3103294,70.14229,9.664238,5.216526,64.9445,39.25,0.25,0,55,0,85,0.416,1.01,16,16,16,32,48,30,295,160,130,0,0,0,16,38.5,0.25,0,55,0,85,0.416,1.01,16,16,16,32,48,30,295,160,130,0,0,0,16,512,-1,485.785156,477.9375,7.84765625,7.6015625,7611.34961,7618.951,0,0,0,0,0,0,0,0,0,0,4.154999,7,505,600,1200,3000,53,0.965000033,1.30500007,0,4,17,42,2670,10451.9824,1002,1001,30,30,4,2,0,0,19.373,23.909,0.975,11648.9336,561.2344,3.83409548,0,0,0,0.0237021446,0,0,0,0,0,0.0174322184,0,0,0,52.3125,52,16376,4426,11949,72.9699,53.604,849920,151699456
05/29/2026 12:59:34,50,58,0,59,65,58,58,58,58,75,12.0960007,5.03,1.30800009,1.39200008,0.990000069,0.338000029,0.644000053,3.28000021,2.046,0,3.364,3.364,3.11600018,58,47.5,45.5,46.5,1116,765,0,912,831,0,0,0,0,0,26.56,6.25,1.56,0,4.69,7.81,3.12,0,6.25,26.56,38.0092926,3608,323,5050,1344,50.5,1.28527224,0.5375,3997,290,40.4,0.5531101,0.5375,3071,93,33.6666679,0.220955878,0.5375,3029,73,33.6666679,0.202178553,0.5375,3735,140,40.4,0.291208535,0.54375,4040,543,40.4,0.940428138,0.54375,3022,55,33.6666679,0.1730772,0.54375,2924,47,33.6666679,0.137041971,0.54375,58.6250076,50.2500038,99.99815,26.5581169,11.3226471,70.10977,9.656837,5.22392654,64.8947754,39.25,0.25,0,55,0,85,0.416,1.01,16,16,16,32,48,30,295,160,130,0,0,0,16,38.5,0.25,0,55,0,85,0.416,1.01,16,16,16,32,48,30,295,160,130,0,0,0,16,512,-1,485.785156,477.9375,7.84765625,7.6015625,7611.34961,7618.951,0,0,0,0,0,0,0,0,0,0,4.310103,7,505,600,1200,3000,52,0.974000037,1.30500007,0,5,17,41,2670,10451.9824,1001,999,30,30,5,3,0,0,19.138,22.883,0.975,11648.9336,561.597656,4.120916,0,0,0,0.0340158828,0,0,0,0,0,0.02049801,0,0,0,52.1875,50,16376,4426,11949,72.9699,53.807,849920,1.536E+08
05/29/2026 12:59:36,49,58,0,59,64,56,56,56,56,73,12.0960007,5.02000046,1.30800009,1.39200008,1.00400007,0.33,0.644000053,3.28000021,2.046,0,3.364,3.364,3.11600018,57,47.5,45.5,46.5,1100,766,0,900,846,0,0,0,0,0,26.56,6.25,3.12,4.69,4.69,20.31,4.69,6.25,9.57,26.56,36.8181,4424,408,4850,1284,48.5,1.40199256,0.64375,3114,317,32.3333321,0.660451949,0.64375,4593,133,48.5,0.28721866,0.65,4401,90,48.5,0.250799716,0.65,4504,172,48.5,0.395580232,0.65,4850,991,48.5,1.2947371,0.65,4228,62,48.5,0.206568733,0.65,4850,211,48.5,0.3216442,0.65,57.5000076,49.2500038,99.99816,26.561779,11.318985,70.11944,9.653118,5.227646,64.8697739,39.25,0.25,0,55,0,85,0.416,1.01,16,16,16,32,48,30,295,160,130,0,0,0,16,38.5,0.25,0,55,0,85,0.416,1.01,16,16,16,32,48,30,295,160,130,0,0,0,16,512,-1,485.785156,477.9375,7.84765625,7.6015625,7611.34961,7618.951,0,0,0,0,0,0,0,0,0,0,4.238805,7,505,600,1200,3000,53,0.969000041,1.30500007,0,3,17,41,2670,10451.9824,1000,999,30,30,4,2,0,0,18.71,17.009,0.975,11648.9336,562.1094,3.91812086,0,0,0,0.0315202475,0,0,0,0,0,0.0174501371,0,0,0,52.15625,52,16376,4426,11949,72.9699,52.001,799744,7.984947E+07
05/29/2026 12:59:38,48,58,0,58,63,56,56,56,56,73,12.0960007,5.02000046,1.30800009,1.39200008,1,0.336000025,0.644000053,3.28000021,2.046,0,3.364,3.364,3.11200023,58,47,45.5,46.5,1085,738,0,892,837,0,0,0,0,0,32.81,15.87,7.94,7.94,9.52,23.44,7.94,4.76,13.78,32.81,38.06561,3734,509,4850,1387,48.5,1.63301063,0.64375,4850,532,48.5,0.8938404,0.64375,3171,250,32.3333321,0.503496051,0.64375,3093,188,32.3333321,0.4061966,0.64375,3059,297,32.3333321,0.593075752,0.64375,4850,1118,48.5,1.54573917,0.64375,2943,132,32.3333321,0.3334475,0.64375,3059,169,32.3333321,0.324688226,0.64375,58.1250076,49.7500038,99.99815,26.6000023,11.2807617,70.2203445,9.693546,5.18721771,65.14145,39.25,0.25,0,55,0,85,0.416,1.01,16,16,16,32,48,30,295,160,130,0,0,0,16,38.5,0.25,0,55,0,85,0.416,1.01,16,16,16,32,48,30,295,160,130,0,0,0,16,512,-1,485.785156,477.9375,7.84765625,7.6015625,7611.34961,7618.951,0,0,0,0,0,0,0,0,0,0,4.089495,7,505,600,1200,3000,53,0.969000041,1.30500007,0,4,17,41,2670,10451.9824,999,1000,30,30,4,2,0,0,19.267,23.308,0.975,11648.9375,563.28125,3.97809887,0,0,0,0.04207204,0,0,0,0,0,0.04672717,0,0,0,51.875,52,16376,4426,11949,72.9699,52.407,849920,155749376
05/29/2026 12:59:40,49,58,0,58,63,56,56,56,56,73,12.0960007,5.02000046,1.30800009,1.39200008,0.996000051,0.336000025,0.644000053,3.28000021,2.046,0,3.364,3.364,3.11600018,58,47,45.5,46.5,1073,738,0,883,809,0,0,0,0,0,22.22,4.76,4.69,3.12,6.35,17.46,0,3.12,7.72,22.22,37.141777,3499,426,4850,1375,48.5,1.52153957,0.64375,3166,366,32.3333321,0.7220788,0.64375,3137,158,32.3333321,0.352635652,0.64375,2969,110,32.3333321,0.266573846,0.64375,4560,224,48.5,0.454232126,0.64375,3233,945,32.3333321,1.33458674,0.64375,2846,66,32.3333321,0.21153678,0.64375,3233,167,32.3333321,0.2887336,0.64375,57.7500076,49.7500038,99.9981461,26.5747681,11.3059959,70.1537247,9.662926,5.21783829,64.9356842,39.25,0.25,0,55,0,85,0.416,1.01,16,16,16,32,48,30,295,160,130,0,0,0,16,38.5,0.25,0,55,0,85,0.416,1.01,16,16,16,32,48,30,295,160,130,0,0,0,16,512,-1,485.785156,477.9375,7.84765625,7.6015625,7611.34961,7618.951,0,0,0,0,0,0,0,0,0,0,4.25680065,7,505,600,1200,3000,52,1.05000007,1.30500007,0,7,17,41,2670,10451.9824,999,999,30,30,5,3,0,0,19.525,23.65,0.975,11648.9375,563.375,3.97048163,0,0,0,0.0457680263,0,0,0,0,0,0,0,0,0,51.78125,50,16376,4426,11949,72.9699,54.111,849920,8.224973E+07
05/29/2026 12:59:42,49,58,0,58,64,58,58,58,58,74,12.0960007,5.03,1.31000006,1.39200008,1,0.332000017,0.644000053,3.28400016,2.046,0,3.36800027,3.364,3.11600018,58,47,45.5,46.5,1085,738,0,883,827,0,0,0,0,0,25,9.38,3.12,4.69,7.81,21.88,3.12,6.25,10.16,25,38.1380424,4135,442,5050,1389,50.5,1.4885788,0.5625,5050,403,50.5,0.661330462,0.55625,3783,170,40.4,0.336365074,0.55625,3987,175,40.4,0.342320561,0.55625,3820,223,40.4,0.409004033,0.55625,5050,943,50.5,1.316396,0.50625,2975,69,33.6666679,0.21137923,0.50625,3367,167,33.6666679,0.280978441,0.50625,58.3750076,49.7500038,99.99816,26.5991936,11.28157,70.21821,9.69566,5.18510437,65.1556549,39.25,0.25,0,55,0,85,0.416,1.01,16,16,16,32,48,30,295,160,130,0,0,0,16,38.5,0.25,0,55,0,85,0.416,1.01,16,16,16,32,48,30,295,160,130,0,0,0,16,512,-1,485.785156,477.9375,7.84765625,7.6015625,7611.34961,7618.951,0,0,0,0,0,0,0,0,0,0,4.451711,7,505,600,1200,3000,53,0.965000033,1.30500007,0,4,17,41,2670,10451.9824,999,1000,30,30,5,2,0,0,18.776,18.195,0.975,11648.9375,564.1172,4.19806767,0,0,0,0.04647729,0,0,0,0,0,0.0213373918,0,0,0,51.65625,50,16376,4426,11949,72.9699,52.993,149504,157249536
05/29/2026 12:59:44,50,58,0,59,64,57,57,57,57,74,12.0960007,5.02000046,1.30800009,1.39200008,0.988000035,0.33,0.644000053,3.28000021,2.046,0,3.364,3.364,3.11600018,58,47,45.5,46.5,1109,737,0,883,808,0,0,0,0,0,23.81,6.35,0,1.56,6.35,17.46,1.56,6.25,7.92,23.81,37.16877,4061,440,4040,1472,40.4,1.60248911,0.54375,3935,358,40.4,0.779820859,0.54375,3601,118,40.4,0.301263124,0.54375,3563,81,40.4,0.2474308,0.54375,3721,197,40.4,0.423808634,0.54375,5050,962,50.5,1.33460188,0.54375,3580,73,40.4,0.228751153,0.54375,5000,260,50,0.44423762,0.525,57.8750076,60.3750038,99.9981461,26.5803413,11.3004227,70.16844,9.670166,5.210598,64.98434,39.25,0.25,0,55,0,85,0.416,1.01,16,16,16,32,48,30,295,160,130,0,0,0,16,38.5,0.25,0,55,0,85,0.416,1.01,16,16,16,32,48,30,295,160,130,0,0,0,16,512,-1,485.785156,477.9375,7.84765625,7.6015625,7611.34961,7618.951,0,0,0,0,0,0,0,0,0,0,4.34451771,7,505,600,1200,3000,52,0.969000041,1.30500007,0,0,17,41,2670,10451.9824,999,1001,30,30,4,2,0,0,18.825,17.635,0.975,11648.9375,564.1172,4.047397,0,0,0,0.0413846746,0,0,0,0,0,0,0,0,0,51.5625,50,16376,4426,11949,72.9699,51.898,799744,156849152
05/29/2026 12:59:46,50,58,0,59,65,58,58,58,58,74,12.0960007,5.02000046,1.30800009,1.39200008,0.990000069,0.338000029,0.644000053,3.28000021,2.046,0,3.364,3.364,3.11200023,58,47,45.5,46.5,1115,737,0,910,816,0,0,0,0,0,23.08,3.08,3.08,1.54,3.08,24.62,1.54,1.54,7.69,24.62,37.1690941,3688,384,4850,1254,48.5,1.39163566,0.64375,4783,337,48.5,0.6440252,0.64375,2955,112,32.3333321,0.2888549,0.64375,2910,83,32.3333321,0.243321881,0.64375,3008,183,32.3333321,0.3942016,0.64375,5050,1004,50.5,1.342673,0.5375,2998,57,33.6666679,0.194081858,0.5375,2948,45,33.6666679,0.16146706,0.5375,57.8750076,49.7500038,99.99815,26.570858,11.309906,70.1434,9.66386,5.21690369,64.94196,39.25,0.25,0,55,0,85,0.416,1.01,16,16,16,32,48,30,295,160,130,0,0,0,16,38.5,0.25,0,55,0,85,0.416,1.01,16,16,16,32,48,30,295,160,130,0,0,0,16,512,-1,485.785156,477.9375,7.84765625,7.6015625,7611.34961,7618.951,0,0,0,0,0,0,0,0,0,0,4.23980045,7,505,600,1200,3000,53,0.969000041,1.30500007,0,4,17,41,2670,10451.9824,1000,998,30,30,5,3,0,0,19.362,20.306,0.975,11648.9375,564.1172,3.94327521,0,0,0,0.0400472246,0,0,0,0,0,0,0,0,0,51.4375,50,16376,4426,11949,72.9699,52.968,799744,156749824
