,/lpc/nct6687dr/0/control/0,/lpc/nct6687dr/0/control/1,/lpc/nct6687dr/0/control/2,/lpc/nct6687dr/0/control/10,/lpc/nct6687dr/0/control/11,/lpc/nct6687dr/0/control/12,/lpc/nct6687dr/0/control/13,/lpc/nct6687dr/0/control/14,/lpc/nct6687dr/0/control/15,/lpc/nct6687dr/0/control/3,/lpc/nct6687dr/0/voltage/0,/lpc/nct6687dr/0/voltage/1,/lpc/nct6687dr/0/voltage/2,/lpc/nct6687dr/0/voltage/3,/lpc/nct6687dr/0/voltage/4,/lpc/nct6687dr/0/voltage/5,/lpc/nct6687dr/0/voltage/6,/lpc/nct6687dr/0/voltage/8,/lpc/nct6687dr/0/voltage/9,/lpc/nct6687dr/0/voltage/10,/lpc/nct6687dr/0/voltage/11,/lpc/nct6687dr/0/voltage/12,/lpc/nct6687dr/0/voltage/13,/lpc/nct6687dr/0/temperature/0,/lpc/nct6687dr/0/temperature/1,/lpc/nct6687dr/0/temperature/2,/lpc/nct6687dr/0/temperature/3,/lpc/nct6687dr/0/fan/0,/lpc/nct6687dr/0/fan/1,/lpc/nct6687dr/0/fan/2,/lpc/nct6687dr/0/fan/10,/lpc/nct6687dr/0/fan/11,/lpc/nct6687dr/0/fan/12,/lpc/nct6687dr/0/fan/13,/lpc/nct6687dr/0/fan/14,/lpc/nct6687dr/0/fan/15,/lpc/nct6687dr/0/fan/3,/amdcpu/0/load/2,/amdcpu/0/load/3,/amdcpu/0/load/4,/amdcpu/0/load/5,/amdcpu/0/load/6,/amdcpu/0/load/7,/amdcpu/0/load/8,/amdcpu/0/load/9,/amdcpu/0/load/0,/amdcpu/0/load/1,/amdcpu/0/power/0,/amdcpu/0/clock/1,/amdcpu/0/clock/2,/amdcpu/0/clock/3,/amdcpu/0/clock/4,/amdcpu/0/factor/0,/amdcpu/0/power/1,/amdcpu/0/voltage/2,/amdcpu/0/clock/5,/amdcpu/0/clock/6,/amdcpu/0/factor/1,/amdcpu/0/power/2,/amdcpu/0/voltage/3,/amdcpu/0/clock/7,/amdcpu/0/clock/8,/amdcpu/0/factor/2,/amdcpu/0/power/3,/amdcpu/0/voltage/4,/amdcpu/0/clock/9,/amdcpu/0/clock/10,/amdcpu/0/factor/3,/amdcpu/0/power/4,/amdcpu/0/voltage/5,/amdcpu/0/clock/11,/amdcpu/0/clock/12,/amdcpu/0/factor/4,/amdcpu/0/power/5,/amdcpu/0/voltage/6,/amdcpu/0/clock/13,/amdcpu/0/clock/14,/amdcpu/0/factor/5,/amdcpu/0/power/6,/amdcpu/0/voltage/7,/amdcpu/0/clock/15,/amdcpu/0/clock/16,/amdcpu/0/factor/6,/amdcpu/0/power/7,/amdcpu/0/voltage/8,/amdcpu/0/clock/17,/amdcpu/0/clock/18,/amdcpu/0/factor/7,/amdcpu/0/power/8,/amdcpu/0/voltage/9,/amdcpu/0/temperature/2,/amdcpu/0/temperature/3,/amdcpu/0/clock/0,/gpu-amd/0/smalldata/2,/gpu-amd/0/factor/0,/gpu-amd/0/smalldata/5,/gpu-amd/0/smalldata/4,/gpu-amd/0/smalldata/3,/gpu-amd/0/smalldata/6,/gpu-amd/0/smalldata/7,/gpu-amd/0/smalldata/8,/gpu-amd/0/load/2,/gpu-amd/0/load/5,/gpu-amd/0/load/3,/gpu-amd/0/load/4,/gpu-amd/0/load/9,/gpu-amd/0/load/8,/gpu-amd/0/load/7,/gpu-amd/0/load/6,/gpu-amd/0/load/12,/gpu-amd/0/load/11,/gpu-amd/0/load/10,/gpu-amd/0/smalldata/0,/gpu-amd/0/smalldata/1,/gpu-amd/0/clock/0,/gpu-amd/0/clock/1,/gpu-amd/0/clock/2,/gpu-amd/0/temperature/4,/gpu-amd/0/voltage/0,/gpu-amd/0/voltage/2,/gpu-amd/0/load/0,/gpu-amd/0/power/0,/gpu-amd/0/power/2,/gpu-nvidia/0/temperature/0,/gpu-nvidia/0/clock/0,/gpu-nvidia/0/clock/4,/gpu-nvidia/0/fan/1,/gpu-nvidia/0/fan/2,/gpu-nvidia/0/control/1,/gpu-nvidia/0/control/2,/gpu-nvidia/0/load/0,/gpu-nvidia/0/load/1,/gpu-nvidia/0/load/2,/gpu-nvidia/0/load/3,/gpu-nvidia/0/load/4,/gpu-nvidia/0/load/5,/gpu-nvidia/0/voltage/0,/gpu-nvidia/0/smalldata/3,/gpu-nvidia/0/smalldata/4,/gpu-nvidia/0/load/7,/gpu-nvidia/0/load/15,/gpu-nvidia/0/load/17,/gpu-nvidia/0/load/8,/gpu-nvidia/0/load/9,/gpu-nvidia/0/load/16,/gpu-nvidia/0/load/18,/gpu-nvidia/0/load/19,/gpu-nvidia/0/load/14,/gpu-nvidia/0/load/20,/gpu-nvidia/0/load/10,/gpu-nvidia/0/load/11,/gpu-nvidia/0/load/12,/gpu-nvidia/0/load/13,/gpu-nvidia/0/temperature/2,/gpu-nvidia/0/temperature/3,/gpu-nvidia/0/smalldata/2,/gpu-nvidia/0/smalldata/0,/gpu-nvidia/0/smalldata/1,/gpu-nvidia/0/load/3,/gpu-nvidia/0/power/0,/gpu-nvidia/0/throughput/0,/gpu-nvidia/0/throughput/1
Time,"CPU Fan","Pump Fan","Chipset Fan","System Fan #1","System Fan #2","System Fan #3","System Fan #4","System Fan #5","System Fan #6","EZ-Connect Fan","+12V","+5V","CPU Northbridge/SoC","DIMM","Vcore","Chipset","CPU System Agent","+3.3V","VREF","+1.8V","+3V Standby","AVSB","CMOS Battery","CPU Core","System","VRM MOS","Chipset","CPU Fan","Pump Fan #1","Chipset Fan","System Fan #1","System Fan #2","System Fan #3","System Fan #4","System Fan #5","System Fan #6","EZ-Connect Fan","CPU Core #1","CPU Core #2","CPU Core #3","CPU Core #4","CPU Core #5","CPU Core #6","CPU Core #7","CPU Core #8","CPU Total","CPU Core Max","Package","Cores (Average)","Cores (Average Effective)","Core #1","Core #1 (Effective)","Core #1","Core #1 (SMU)","Core #1 VID","Core #2","Core #2 (Effective)","Core #2","Core #2 (SMU)","Core #2 VID","Core #3","Core #3 (Effective)","Core #3","Core #3 (SMU)","Core #3 VID","Core #4","Core #4 (Effective)","Core #4","Core #4 (SMU)","Core #4 VID","Core #5","Core #5 (Effective)","Core #5","Core #5 (SMU)","Core #5 VID","Core #6","Core #6 (Effective)","Core #6","Core #6 (SMU)","Core #6 VID","Core #7","Core #7 (Effective)","Core #7","Core #7 (SMU)","Core #7 VID","Core #8","Core #8 (Effective)","Core #8","Core #8 (SMU)","Core #8 VID","Core (Tctl/Tdie)","CCD1 (Tdie)","Bus Speed","GPU Memory Total","Fullscreen FPS","D3D Dedicated Memory Total","D3D Dedicated Memory Free","D3D Dedicated Memory Used","D3D Shared Memory Used","D3D Shared Memory Free","D3D Shared Memory Total","D3D 3D","D3D Copy","D3D Compute 0","D3D Compute 1","D3D Timer 0","D3D Security 1","D3D High Priority Compute","D3D High Priority 3D","D3D Video JPEG 0","D3D Video Decode 1","D3D Video Codec 0","GPU Memory Used","GPU Memory Free","GPU Core","GPU SoC","GPU Memory","GPU VR SoC","GPU Core","GPU SoC","GPU Core","GPU Core","GPU SoC","GPU Core","GPU Core","GPU Memory","GPU Fan 1","GPU Fan 2","GPU Fan 1","GPU Fan 2","GPU Core","GPU Memory Controller","GPU Video Engine","GPU Bus","GPU Power","GPU Board Power","GPU Core Voltage","D3D Dedicated Memory Used","D3D Shared Memory Used","D3D 3D","D3D Overlay","D3D Video Decode","D3D Copy","D3D Copy","D3D Security","D3D Video Encode","D3D Video Encode","D3D Optical Flow Accelerator 0","D3D VR","D3D Copy","D3D Copy","D3D Copy","D3D Copy","GPU Hot Spot","GPU Memory Junction","GPU Memory Total","GPU Memory Free","GPU Memory Used","GPU Memory","GPU Package","GPU PCIe Rx","GPU PCIe Tx"
05/25/2026 19:27:29,60,49,0,50,47,56,56,56,56,73,12.12,5.04,1.312,1.39200008,1.06000006,0.324,0.67,3.288,2.046,0,3.37200022,3.37200022,3.12000012,60,45,41,45,1325,602,0,734,569,0,0,0,0,0,84.51,35.21,28.17,28.17,32.39,66.2,26.76,28.17,41.2,84.51,43.7129021,4216,1969,4875,4207,48.75,3.63389254,0.575,4925,1743,49.25,1.35651231,0.6125,3940,1319,39.4,0.8245972,0.6125,3283,1301,32.8333321,0.7752725,0.6125,4925,1410,49.25,0.981585264,0.6125,5050,3081,50.5,2.646386,0.525,3367,1329,33.6666679,0.7487369,0.51875,3367,1359,33.6666679,0.7471534,0.51875,60.3750076,58.2500038,99.99822,512,-1,485.785156,485.5,0.28515625,0.5,7618.451,7618.951,0,0,0,0,0,0,0,0,0,0,0,0,512,600,1200,3000,47,1.04500008,1.30500007,0,8,15,48,2670,10451.9824,0,0,0,0,0,1,0,0,17.195,19.079,0.975,8884.977,468.265625,0,0,0,0,0.08147402,0,0,0,0,0,0.08140526,0,0,0,59.25,58,16376,7188,9187,56.10521,49.62,699392,349184
05/25/2026 19:27:31,61,49,0,54,47,60,60,60,60,75,12.12,5.04,1.312,1.39200008,1.04000008,0.324,0.668000042,3.288,2.046,0,3.37200022,3.37200022,3.12000012,59,44.5,41,45,1342,626,0,789,569,0,0,0,0,0,73.85,24.62,6.15,1.54,10.77,43.08,0,4.62,20.58,73.85,39.9271049,3977,976,4040,3287,40.4,2.76368237,0.53125,4040,1035,40.4,1.20144665,0.53125,4040,339,40.4,0.4729182,0.53125,4912,201,50.5,0.289086521,0.53125,3803,358,40.4,0.60248363,0.53125,4040,2333,40.4,2.06765676,0.53125,3571,87,40.4,0.143637955,0.53125,3367,166,33.6666679,0.1916777,0.54375,58.3750076,44.8750038,99.99823,512,-1,485.785156,485.5,0.28515625,0.5,7618.451,7618.951,0,0,0,0,0,0,0,0,0,0,0,0,512,600,1200,3000,47,1.03000009,1.30500007,0,7,15,48,2670,10451.9824,0,0,0,0,17,2,0,8,17.08,38.264,0.975,8879.418,349.730469,6.275736,0,0,0,2.55702114,0,0,0,0,0,4.669215,0,0,0,59.53125,58,16376,7193,9182,56.0715027,47.73,53549056,499712
05/25/2026 19:27:33,62,49,0,55,47,59,59,60,60,76,12.12,5.04,1.312,1.396,1.042,0.33,0.668000042,3.292,2.046,0,3.37200022,3.37200022,3.12000012,60,45,41,45,1355,603,0,860,569,0,0,0,0,0,37.5,14.06,3.12,7.69,9.38,76.56,4.62,0,19.12,76.56,39.3861732,3566,822,4850,1683,48.5,1.7819767,0.61875,3154,419,32.3333321,0.535737753,0.61875,2951,96,32.3333321,0.1586167,0.6375,2799,56,32.3333321,0.0821972,0.6375,4572,218,48.5,0.2816737,0.6375,4850,4048,48.5,3.859116,0.6375,2736,38,32.3333321,0.0517442636,0.6375,2617,20,32.3333321,0.0324453376,0.6375,60.2500076,45.8750038,99.99823,512,-1,485.785156,485.5,0.28515625,0.5,7618.451,7618.951,0,0,0,0,0,0,0,0,0,0,0,0,512,600,1200,3000,48,1.069,1.30500007,0,8,16,48,2670,10451.9824,0,0,0,0,2,1,0,1,17.554,18.817,0.975,9131.836,439.9414,1.12052715,0,0,0,2.07064843,0,0,0,0,0,1.62031472,0,0,0,59.5,58,16376,6941,9434,57.61156,50.112,599040,349184
05/25/2026 19:27:35,63,49,0,56,47,60,60,60,60,75,12.12,5.04,1.312,1.39200008,1.05800009,0.326,0.668000042,3.292,2.046,0,3.37200022,3.37200022,3.12000012,59,44.5,41,45,1385,625,0,895,584,0,0,0,0,0,62.5,28.12,15.62,14.06,15.62,71.88,10.94,35.94,31.84,71.88,44.5924072,4273,1676,5025,3127,50.25,2.763814,0.51875,5025,1418,50.25,1.476614,0.51875,3333,961,33.3333321,0.91799885,0.51875,3333,792,33.3333321,0.6699334,0.5125,4000,936,40,1.02324522,0.5125,5050,3610,50.5,3.1443584,0.50625,3367,735,33.6666679,0.5633386,0.5125,5050,1833,50.5,1.45102179,0.5125,60.1250076,63.5000038,99.99824,512,-1,485.785156,485.5,0.28515625,0.5,7618.451,7618.951,0,0,0,0,0,0,0,0,0,0,0,0,512,600,1200,3000,47,1.069,1.30500007,0,29,15,48,2670,10451.9824,0,0,0,0,0,1,0,0,18.209,21.129,0.975,9813.953,549.4531,1.09690511,0,0,0,1.17615318,0,0,0,0,0,1.96111834,0,0,0,59.5625,58,16376,6259,10116,61.7750473,53.146,499712,299008
05/25/2026 19:27:37,64,49,0,58,47,61,61,60,60,76,12.12,5.04,1.312,1.39200008,0.996000051,0.320000023,0.668000042,3.288,2.046,0,3.37200022,3.37200022,3.12000012,58,45,41,45,1405,602,0,905,569,0,0,0,0,0,23.44,6.25,4.69,1.56,0,43.75,0,0,9.96,43.75,41.70136,3746,716,4850,1350,48.5,1.36606276,0.6375,4850,690,48.5,1.02561307,0.6375,3339,312,36,0.727636039,0.6375,3294,185,36,0.6028088,0.6375,3442,384,36,0.8221916,0.6375,3600,2571,36,1.65189457,0.6375,3335,144,36,0.452973843,0.6375,3259,95,36,0.304375738,0.6375,60.2500076,44.8750038,99.99823,512,-1,485.785156,485.5,0.28515625,0.5,7618.451,7618.951,0,0,0,0,0,0,0,0,0,0,0,0,512,600,1200,3000,47,0.969000041,1.30500007,0,4,15,55,2835,10451.9824,0,0,0,0,60,30,0,0,60.785,70.197,1.085,9916.785,469.722656,53.8712425,0,0,0,0.0187103748,0,0,0,0,0,0.1865607,0,0,0,65.125,60,16376,6156,10219,62.40332,164.82,8.564941E+07,14999552
05/25/2026 19:27:39,64,49,0,54,47,57,57,56,56,72,12.0960007,5.04,1.312,1.39200008,1.006,0.320000023,0.668000042,3.292,2.046,0,3.37200022,3.37200022,3.12000012,55,45,41,45,1431,625,0,908,583,0,0,0,0,0,14.06,12.5,3.08,1.54,4.69,48.44,0,0,10.54,48.44,36.84355,4302,733,4850,1332,48.5,1.41104817,0.63125,4850,742,48.5,1.05448461,0.63125,4550,314,48.5,0.7414433,0.63125,4647,211,48.5,0.5721849,0.63125,4692,412,48.5,0.854617059,0.6375,4850,2601,48.5,1.64934039,0.6375,3020,154,32.3333321,0.432620317,0.6375,2961,97,32.3333321,0.287141949,0.6375,55.8750076,44.3750038,99.99823,512,-1,485.785156,485.5,0.28515625,0.5,7618.451,7618.951,0,0,0,0,0,0,0,0,0,0,0,0,512,600,1200,3000,48,0.984,1.30500007,0,5,15,57,2835,10451.9824,0,0,0,0,60,30,0,0,60.276,52.615,1.09,9916.789,470.9414,53.5284,0,0,0,0.0125375846,0,0,0,0,0,0.0276025068,0,0,0,68.5625,62,16376,6156,10219,62.40332,170.911,8.83497E+07,14849024
05/25/2026 19:27:41,63,49,0,50,47,53,53,53,53,69,12.0960007,5.03,1.312,1.39200008,0.994,0.318000019,0.668000042,3.288,2.046,0,3.37200022,3.37200022,3.12000012,53,45,41,45,1408,602,0,846,569,0,0,0,0,0,26.56,10.94,3.12,3.12,3.12,48.44,3.17,1.59,12.51,48.44,36.6802979,3921,677,4850,1312,48.5,1.29377162,0.6375,4850,620,48.5,0.959744334,0.6375,3050,265,32.3333321,0.679183,0.6375,3080,191,32.3333321,0.498165518,0.6375,4697,392,48.5,0.804752648,0.6375,4850,2403,48.5,1.56896484,0.6375,3051,151,32.3333321,0.352998555,0.6375,2943,80,32.3333321,0.245127589,0.6375,53.8750076,44.3750038,99.99823,512,-1,485.785156,485.5,0.28515625,0.5,7618.451,7618.951,0,0,0,0,0,0,0,0,0,0,0,0,512,600,1200,3000,48,1.0200001,1.30500007,0,13,16,57,2835,10451.9824,0,0,0,0,60,30,0,0,60.733,68.198,1.09,9916.789,471.1914,53.84662,0,0,0,0.0127464207,0,0,0,0,0,0.009395297,0,0,0,66.96875,62,16376,6156,10219,62.40332,172.042,8.399974E+07,15899648
05/25/2026 19:27:43,62,49,0,46,47,49,49,49,49,66,12.0960007,5.04,1.312,1.39200008,0.996000051,0.322000027,0.668000042,3.288,2.046,0,3.37200022,3.36800027,3.11600018,52,45,41,45,1377,625,0,787,569,0,0,0,0,0,18.75,1.56,1.56,0,0,37.5,0,1.56,7.62,37.5,36.0576324,4100,656,4850,1391,48.5,1.32540762,0.64375,4803,585,48.5,0.9399787,0.64375,4588,259,48.5,0.677217543,0.64375,3035,186,32.3333321,0.513905168,0.64375,4716,374,48.5,0.7895675,0.64375,4850,2260,48.5,1.49058485,0.64375,2999,108,32.3333321,0.3590152,0.64375,2961,85,32.3333321,0.2433636,0.64375,52.3750076,44.8750038,99.99826,512,-1,485.785156,485.5,0.28515625,0.5,7618.451,7618.951,0,0,0,0,0,0,0,0,0,0,0,0,512,600,1200,3000,48,1.0150001,1.30500007,0,5,15,58,2835,10451.9824,549,594,0,0,60,30,0,0,60.255,67.154,1.09,9916.793,471.4414,53.7891273,0,0,0,0.0124991108,0,0,0,0,0,0.0196843483,0,0,0,70.28125,64,16376,6156,10219,62.40332,173.122,101999616,19099648
05/25/2026 19:27:45,61,49,0,42,47,47,47,46,46,65,12.0960007,5.03,1.31000006,1.39200008,0.996000051,0.332000017,0.668000042,3.288,2.046,0,3.36800027,3.36800027,3.11600018,51,45,41,45,1359,604,0,730,583,0,0,0,0,0,26.56,10.94,4.69,4.69,9.38,48.44,1.56,0,13.28,48.44,36.39723,4031,715,4040,1427,40.4,1.40510166,0.64375,4040,698,40.4,1.03404343,0.64375,3831,310,40.4,0.725747466,0.64375,3829,194,40.4,0.539931953,0.64375,3978,445,40.4,0.8634247,0.64375,5050,2426,50.5,1.56368542,0.64375,3753,127,40.4,0.396248877,0.64375,3728,94,40.4,0.2627788,0.64375,51.3750076,44.3750038,99.9982147,512,-1,485.785156,485.5,0.28515625,0.5,7618.451,7618.951,0,0,0,0,0,0,0,0,0,0,0,0,512,600,1200,3000,47,0.974000037,1.30500007,0,17,16,58,2835,10451.9824,678,721,0,0,60,30,0,0,59.585,63.342,1.09,9916.793,471.4414,53.92679,0,0,0,0.01322496,0,0,0,0,0,0,0,0,0,67.625,64,16376,6156,10219,62.40332,171.993,9.394995E+07,1.874944E+07
05/25/2026 19:27:47,60,49,0,42,47,45,45,44,44,64,12.0960007,5.04,1.31000006,1.39200008,1.00400007,0.320000023,0.668000042,3.288,2.046,0,3.36800027,3.37200022,3.11600018,50,44.5,41,45,1323,627,0,713,568,0,0,0,0,0,18.75,12.5,10.94,9.38,10.94,43.75,1.56,0,13.48,43.75,36.1483765,3794,679,4040,1293,40.4,1.33000124,0.5625,4040,640,40.4,0.985103846,0.5625,3934,282,40.4,0.695590258,0.5625,3189,198,33.6666679,0.527142048,0.5625,3915,379,40.4,0.8142828,0.5625,5050,2439,50.5,1.56303751,0.5625,3150,117,33.6666679,0.373515874,0.5625,3034,81,33.6666679,0.272582144,0.5625,50.6250076,44.3750038,99.99823,512,-1,485.785156,485.5,0.28515625,0.5,7618.451,7618.951,0,0,0,0,0,0,0,0,0,0,0,0,512,600,1200,3000,47,0.969000041,1.30500007,0,5,15,58,2835,10451.9824,798,850,35,35,59,30,0,0,59.667,61.703,1.09,9916.793,471.4414,53.7734261,0,0,0,0.0123384427,0,0,0,0,0,0,0,0,0,70.78125,64,16376,6156,10219,62.40332,171.718,8.729907E+07,15299584
05/25/2026 19:27:49,58,49,0,42,47,44,44,44,44,63,12.12,5.04,1.312,1.39200008,0.998,0.322000027,0.668000042,3.292,2.046,0,3.37200022,3.36800027,3.11600018,50,45,41,45,1302,606,0,691,582,0,0,0,0,0,26.98,3.17,3.12,7.81,4.76,49.21,4.69,1.56,12.66,49.21,36.79472,4011,706,4040,1395,40.4,1.37554038,0.55,4040,712,40.4,1.0515914,0.55,3811,278,40.4,0.71229744,0.55,3783,193,40.4,0.551879168,0.55,3902,386,40.4,0.833400846,0.55,5050,2467,50.5,1.650374,0.55,3733,125,40.4,0.4037919,0.55,3728,95,40.4,0.2552471,0.55625,50.2500076,44.8750038,99.99822,512,-1,485.785156,485.5,0.28515625,0.5,7618.451,7618.951,0,0,0,0,0,0,0,0,0,0,0,0,512,600,1200,3000,48,0.955000043,1.30500007,0,7,16,58,2835,10451.9824,1009,1026,35,35,59,30,0,0,59.722,61.111,1.09,9916.793,471.4414,53.4888535,0,0,0,0.0134121506,0,0,0,0,0,0,0,0,0,67.21875,66,16376,6156,10219,62.40332,173.547,9.254912E+07,16949248
05/25/2026 19:27:51,58,49,0,42,47,44,44,44,44,63,12.0960007,5.04,1.31000006,1.39200008,0.992000043,0.33,0.666,3.28400016,2.046,0,3.37200022,3.37200022,3.12000012,49,45,41,45,1276,629,0,694,584,0,0,0,0,0,26.56,12.5,1.54,4.62,7.81,46.88,4.62,0,13.06,46.88,36.76935,3900,711,4850,1399,48.5,1.35886645,0.6375,4850,709,48.5,1.0386107,0.6375,3023,275,32.3333321,0.7157602,0.6375,3037,208,32.3333321,0.583969057,0.6375,4616,406,48.5,0.8473855,0.6375,4850,2463,48.5,1.67178416,0.6375,2967,137,32.3333321,0.413509816,0.6375,3003,93,32.3333321,0.2661279,0.6375,50.1250076,44.8750038,99.99822,512,-1,485.785156,485.5,0.28515625,0.5,7618.451,7618.951,0,0,0,0,0,0,0,0,0,0,0,0,512,600,1200,3000,48,1.0250001,1.30500007,0,5,15,58,2835,10451.9824,1132,1138,36,36,58,30,0,0,59.617,64.415,1.09,9916.793,471.4414,52.1051369,0,0,0,0.0152720045,0,0,0,0,0,0,0,0,0,69.625,66,16376,6156,10219,62.40332,173.134,7.304909E+07,14449664
05/25/2026 19:27:53,56,49,0,42,47,42,42,42,42,62,12.0960007,5.03,1.31000006,1.39200008,0.994,0.324,0.666,3.288,2.046,0,3.37200022,3.37200022,3.11600018,49,45,41,45,1255,607,0,696,568,0,0,0,0,0,20.31,17.19,4.69,3.12,9.38,59.38,1.56,0,14.45,59.38,36.2177925,3882,672,4850,1304,48.5,1.32936525,0.625,4781,605,48.5,0.9682748,0.625,3043,298,32.3333321,0.7020015,0.625,3010,181,32.3333321,0.5126574,0.625,4567,356,48.5,0.797867835,0.625,4850,2412,48.5,1.55209041,0.625,2988,132,32.3333321,0.369061381,0.625,2964,85,32.3333321,0.264404446,0.625,49.7500076,45.3750038,99.99824,512,-1,485.785156,485.5,0.28515625,0.5,7618.451,7618.951,0,0,0,0,0,0,0,0,0,0,0,0,512,600,1200,3000,48,0.969000041,1.30500007,0,5,16,58,2835,10451.9824,1179,1176,36,36,58,29,0,0,58.998,58.235,1.09,9916.793,471.4414,51.0733032,0,0,0,0.0136151956,0,0,0,0,0,0,0,0,0,68.59375,64,16376,6156,10219,62.40332,171.515,7.844966E+07,16449536
05/25/2026 19:27:55,55,49,0,42,47,42,42,42,42,62,12.0960007,5.03,1.31000006,1.39200008,0.998,0.322000027,0.666,3.288,2.046,0,3.37200022,3.37200022,3.12000012,49,45,41,45,1247,630,0,699,581,0,0,0,0,0,15.87,12.7,4.76,3.12,4.76,55.56,0,0,12.1,55.56,36.3822365,3747,661,4850,1199,48.5,1.29676557,0.64375,4804,624,48.5,0.9662015,0.64375,2985,296,32.3333321,0.709684432,0.64375,3009,197,32.3333321,0.5338594,0.64375,3030,357,32.3333321,0.798126936,0.64375,5050,2408,50.5,1.53139,0.6375,3179,126,33.6666679,0.43022123,0.6375,3068,79,33.6666679,0.271403819,0.6375,49.7500076,45.3750038,99.99823,512,-1,485.785156,485.5,0.28515625,0.5,7618.451,7618.951,0,0,0,0,0,0,0,0,0,0,0,0,512,600,1200,3000,48,0.969000041,1.30500007,0,6,15,59,2835,10451.9824,1182,1182,36,36,58,29,0,0,59.334,56.337,1.09,9916.793,471.4414,50.9954872,0,0,0,0.0133965509,0,0,0,0,0,0,0,0,0,68.65625,66,16376,6156,10219,62.40332,171.888,9.134899E+07,18849792
05/25/2026 19:27:57,54,49,0,42,47,42,42,42,42,62,12.0960007,5.04,1.312,1.39200008,0.998,0.334000021,0.666,3.288,2.046,0,3.37200022,3.36800027,3.12000012,49,45.5,41,45,1219,630,0,695,582,0,0,0,0,0,17.19,9.38,4.69,3.08,6.25,57.81,0,0,12.3,57.81,36.7243347,3265,708,4850,1367,48.5,1.42062271,0.64375,3191,672,32.3333321,1.0408473,0.64375,2927,271,32.3333321,0.7305708,0.64375,3017,199,32.3333321,0.568028331,0.64375,3037,400,32.3333321,0.859198,0.64375,3233,2533,32.3333321,1.67786145,0.64375,2940,138,32.3333321,0.39304316,0.64375,2927,85,32.3333321,0.279334724,0.64375,49.7500076,45.8750038,99.99822,512,-1,485.785156,485.5,0.28515625,0.5,7618.451,7618.951,0,0,0,0,0,0,0,0,0,0,0,0,512,600,1200,3000,48,0.969000041,1.30500007,0,10,16,59,2835,10451.9824,1176,1178,36,36,57,29,0,0,59.762,69.919,1.09,9916.793,471.4414,51.8009148,0,0,0,0.013889825,0,0,0,0,0,0,0,0,0,66.0625,66,16376,6156,10219,62.40332,173.177,9.38496E+07,14649344
05/25/2026 19:27:59,53,49,0,42,47,42,42,42,42,62,12.12,5.03,1.312,1.39200008,1,0.328,0.666,3.292,2.046,0,3.37200022,3.37200022,3.12000012,49,45.5,41,45,1201,607,0,696,581,0,0,0,0,0,18.75,6.25,3.12,6.25,3.12,46.88,0,0,10.55,46.88,36.9888573,3967,663,4040,1194,40.4,1.30656922,0.64375,3976,630,40.4,0.9857324,0.64375,3701,266,40.4,0.7098612,0.64375,3858,224,40.4,0.5604429,0.64375,3773,355,40.4,0.804165542,0.575,5050,2445,50.5,1.55406165,0.575,3703,114,40.4,0.356679767,0.575,3634,76,40.4,0.247594491,0.575,49.8750076,45.8750038,99.99823,512,-1,485.785156,485.5,0.28515625,0.5,7618.451,7618.951,0,0,0,0,0,0,0,0,0,0,0,0,512,600,1200,3000,48,0.969000041,1.30500007,0,5,16,58,2835,10451.9824,1173,1173,36,36,57,29,0,0,59.138,70.915,1.09,9916.793,471.4414,51.08826,0,0,0,0.0124515081,0,0,0,0,0,0,0,0,0,68.625,64,16376,6156,10219,62.40332,172.055,7.849984E+07,16349184
05/25/2026 19:28:01,53,49,0,42,47,43,43,44,44,63,12.12,5.04,1.31000006,1.39200008,1,0.33,0.666,3.28400016,2.046,0,3.37200022,3.37200022,3.11600018,50,45.5,41,45,1174,630,0,683,582,0,0,0,0,0,25,10.94,4.69,0,3.12,46.88,0,0,11.33,46.88,36.38854,4444,669,4850,1395,48.5,1.34697247,0.65,4746,617,48.5,0.9704319,0.65,4437,260,48.5,0.695177257,0.65,4594,179,48.5,0.5189729,0.65,4549,362,48.5,0.8010529,0.65,4850,2327,48.5,1.533154,0.64375,2994,115,32.3333321,0.362100184,0.64375,4532,96,48.5,0.258003443,0.65,50.0000076,45.8750038,99.9989243,512,-1,485.785156,485.5,0.28515625,0.5,7618.451,7618.951,0,0,0,0,0,0,0,0,0,0,0,0,512,600,1200,3000,49,0.974000037,1.30500007,0,4,15,58,2835,10451.9824,1175,1175,36,36,57,29,0,0,59.079,50.614,1.09,9916.793,471.671875,51.42799,0,0,0,0.014339054,0,0,0,0,0,0.0113851288,0,0,0,68.71875,66,16376,6156,10219,62.40332,170.97,8.964915E+07,1.789952E+07
05/25/2026 19:28:03,53,49,0,42,47,44,44,44,44,63,12.0960007,5.03,1.31000006,1.39200008,1.00200009,0.322000027,0.664000034,3.288,2.046,0,3.37200022,3.37200022,3.11600018,50,45.5,41,45,1161,630,0,683,582,0,0,0,0,0,23.81,15.87,6.35,1.59,6.35,41.27,0,0,11.9,41.27,37.081398,3980,717,4040,1455,40.4,1.45188141,0.56875,4040,727,40.4,1.06407154,0.56875,3700,279,40.4,0.7407876,0.56875,3735,188,40.4,0.5918827,0.56875,3834,435,40.4,0.8696994,0.56875,5050,2422,50.5,1.6522373,0.56875,3756,136,40.4,0.362019,0.56875,3682,91,40.4,0.285321534,0.56875,50.2500076,46.3750038,99.99823,512,-1,485.785156,485.5,0.28515625,0.5,7618.451,7618.951,0,0,0,0,0,0,0,0,0,0,0,0,512,600,1200,3000,49,0.969000041,1.30500007,0,7,16,58,2835,10451.9824,1174,1177,36,36,57,29,0,0,59.717,50.466,1.09,9916.793,471.671875,52.8516273,0,0,0,0.018348271,0,0,0,0,0,0,0,0,0,68.75,66,16376,6156,10219,62.40332,172.478,8.394957E+07,14849024
05/25/2026 19:28:05,53,49,0,42,47,47,47,47,47,66,12.0960007,5.03,1.312,1.39200008,0.998,0.334000021,0.664000034,3.288,2.046,0,3.37200022,3.37200022,3.11600018,52,45.5,41,45,1170,607,0,698,568,0,0,0,0,0,23.44,18.75,3.08,1.54,7.81,42.19,0,1.54,12.29,42.19,36.96352,3740,698,4850,1366,48.5,1.39747548,0.63125,4006,645,40.4,1.02413917,0.6375,3109,330,33.6666679,0.756886065,0.525,3120,199,33.6666679,0.5625332,0.525,3868,421,40.4,0.856866956,0.525,4850,2402,48.5,1.62236464,0.6375,3119,129,33.6666679,0.4052991,0.6375,3001,95,33.6666679,0.277101576,0.6375,52.2500076,46.3750038,99.99823,512,-1,485.785156,485.5,0.28515625,0.5,7618.451,7618.951,0,0,0,0,0,0,0,0,0,0,0,0,512,600,1200,3000,50,0.965000033,1.30500007,0,5,15,58,2835,10451.9824,1177,1175,36,36,57,28,0,0,59.779,53.372,1.09,9916.793,471.671875,52.6952324,0,0,0,0.0203715,0,0,0,0,0,0,0,0,0,69.28125,64,16376,6156,10219,62.40332,172.859,9.324954E+07,1.854976E+07
05/25/2026 19:28:07,54,49,0,42,47,47,47,47,47,66,12.0960007,5.04,1.312,1.39200008,0.998,0.324,0.664000034,3.288,2.046,0,3.37200022,3.36800027,3.12000012,52,45.5,41,45.5,1192,630,0,693,568,0,0,0,0,0,23.44,17.19,1.56,3.12,6.25,37.5,1.56,0,11.33,37.5,37.7524376,3974,671,4040,1422,40.4,1.37935436,0.61875,4029,627,40.4,0.9945384,0.61875,3699,259,40.4,0.713579,0.61875,3803,191,40.4,0.5568574,0.61875,3805,375,40.4,0.831116736,0.61875,5050,2296,50.5,1.56834626,0.61875,3715,118,40.4,0.407720923,0.61875,3647,81,40.4,0.248128638,0.61875,52.2500076,46.8750038,99.99824,512,-1,485.785156,485.5,0.28515625,0.5,7618.451,7618.951,0,0,0,0,0,0,0,0,0,0,0,0,512,600,1200,3000,50,0.969000041,1.30500007,0,5,15,59,2835,10451.9824,1178,1177,36,36,56,28,0,0,59.518,67.829,1.09,9916.793,471.671875,52.946537,0,0,0,0.017890105,0,0,0,0,0,0,0,0,0,66.78125,66,16376,6156,10219,62.40332,171.194,8.349901E+07,14548992
05/25/2026 19:28:09,55,49,0,42,47,46,46,46,46,65,12.0960007,5.04,1.312,1.39200008,1,0.326,0.664000034,3.288,2.046,0,3.37200022,3.37200022,3.11600018,51,45.5,41,45.5,1228,607,0,683,567,0,0,0,0,0,21.88,7.81,1.59,0,1.56,35.94,0,0,8.6,35.94,37.1134453,3865,706,4850,1393,48.5,1.40548086,0.64375,4850,721,48.5,1.0753938,0.64375,2958,298,32.3333321,0.7527925,0.64375,2946,179,32.3333321,0.5791122,0.64375,4586,397,48.5,0.8721539,0.64375,4850,2435,48.5,1.6526804,0.64375,2972,141,32.3333321,0.434154451,0.64375,2911,86,32.3333321,0.289593846,0.64375,51.7500076,47.3750038,99.99823,512,-1,485.785156,485.5,0.28515625,0.5,7618.451,7618.951,0,0,0,0,0,0,0,0,0,0,0,0,512,600,1200,3000,49,1.0250001,1.30500007,0,9,16,59,2835,10451.9824,1179,1179,36,36,57,29,0,0,59.913,69.211,1.09,9916.793,471.671875,52.96855,0,0,0,0.0205024537,0,0,0,0,0,0,0,0,0,65.0625,66,16376,6156,10219,62.40332,171.281,6.044979E+07,16449536
05/25/2026 19:28:11,54,49,0,42,47,45,45,45,45,65,12.0960007,5.04,1.312,1.39200008,0.994,0.334000021,0.664000034,3.288,2.046,0,3.37200022,3.37200022,3.12000012,51,45.5,41,45.5,1214,607,0,684,569,0,0,0,0,0,23.44,12.5,6.25,4.69,9.38,46.88,3.12,0,13.28,46.88,36.8325653,3935,680,4850,1368,48.5,1.41599548,0.6375,4830,642,48.5,1.01838183,0.6375,2994,267,32.3333321,0.7207288,0.6375,2987,179,32.3333321,0.514476836,0.6375,4625,365,48.5,0.834852338,0.6375,5050,2425,50.5,1.59249866,0.5625,3080,119,33.6666679,0.390853673,0.5625,3062,78,33.6666679,0.261862844,0.5625,51.7500076,47.3750038,99.99823,512,-1,485.785156,485.5,0.28515625,0.5,7618.451,7618.951,0,0,0,0,0,0,0,0,0,0,0,0,512,600,1200,3000,49,1.04000008,1.30500007,0,6,15,59,2835,10451.9824,1180,1181,36,36,57,29,0,0,60.592,64.344,1.09,9916.793,471.671875,53.01515,0,0,0,0.0166243985,0,0,0,0,0,0,0,0,0,68.96875,66,16376,6156,10219,62.40332,172.586,8.469914E+07,14799872
05/25/2026 19:28:13,54,49,0,42,47,45,45,45,45,65,12.12,5.04,1.312,1.39200008,0.996000051,0.324,0.664000034,3.28400016,2.046,0,3.37200022,3.37200022,3.11600018,51,46,41,45.5,1210,630,0,683,582,0,0,0,0,0,19.05,15.62,7.81,6.25,7.81,43.75,6.25,1.56,13.51,43.75,37.6476974,3708,682,3600,1374,36,1.38447189,0.6375,3534,638,36,1.02772033,0.6375,3327,265,36,0.722109437,0.6375,3363,186,36,0.534969449,0.6375,3424,367,36,0.8352842,0.6375,5050,2418,50.5,1.608554,0.53125,3737,119,40.4,0.420685858,0.55,3627,87,40.4,0.261435062,0.55,51.7500076,47.3750038,99.99823,512,-1,485.785156,485.5,0.28515625,0.5,7618.451,7618.951,0,0,0,0,0,0,0,0,0,0,0,0,512,600,1200,3000,50,0.969000041,1.30500007,0,5,15,58,2835,10451.9824,1179,1181,36,36,57,29,0,0,60.253,59.041,1.09,9916.793,471.671875,52.6622734,0,0,0,0.0132471733,0,0,0,0,0,0,0,0,0,67.40625,64,16376,6156,10219,62.40332,172.095,8.449946E+07,1.449984E+07
05/25/2026 19:28:15,55,49,0,42,47,47,47,47,47,66,12.12,5.04,1.312,1.39200008,1.00400007,0.322000027,0.664000034,3.288,2.046,0,3.37200022,3.37200022,3.11600018,52,46,41,45.5,1192,607,0,692,583,0,0,0,0,0,16.92,12.31,9.23,7.69,6.15,38.46,3.08,1.54,11.92,38.46,36.8224,4261,700,4040,1393,40.4,1.38915408,0.54375,5050,707,50.5,1.08472586,0.55625,3754,281,40.4,0.749588549,0.55625,3823,208,40.4,0.5713247,0.55625,4941,426,50.5,0.8830245,0.55625,5050,2361,50.5,1.63963282,0.55625,3752,136,40.4,0.403126448,0.55625,3677,88,40.4,0.2793815,0.55625,51.8750076,48.1250038,99.99824,512,-1,485.785156,485.5,0.28515625,0.5,7618.451,7618.951,0,0,0,0,0,0,0,0,0,0,0,0,512,600,1200,3000,51,0.969000041,1.30500007,0,6,15,58,2835,10451.9824,1182,1183,36,36,57,29,0,0,60.297,60.948,1.09,9916.793,471.671875,52.59352,0,0,0,0.0128825279,0,0,0,0,0,0,0,0,0,67.40625,64,16376,6156,10219,62.40332,170.696,8.42496E+07,1.574912E+07
05/25/2026 19:28:17,55,49,0,42,47,47,47,47,47,66,12.0960007,5.03,1.31000006,1.39200008,0.996000051,0.322000027,0.66200006,3.288,2.046,0,3.37200022,3.37200022,3.12000012,52,46,41,45.5,1232,630,0,694,568,0,0,0,0,0,27.69,14.29,6.35,3.17,4.76,39.06,3.12,0,12.31,39.06,36.8426132,3690,677,4850,1574,48.5,1.4389652,0.625,4850,646,48.5,1.03734136,0.625,3043,271,32.3333321,0.738575935,0.6375,2978,173,32.3333321,0.5619835,0.6375,3125,390,32.3333321,0.870421469,0.6375,4850,2155,48.5,1.57215333,0.6375,2953,119,32.3333321,0.4006932,0.6375,2868,87,32.3333321,0.28537032,0.6375,52.0000076,47.8750038,99.99822,512,-1,485.785156,485.5,0.28515625,0.5,7618.451,7618.951,0,0,0,0,0,0,0,0,0,0,0,0,512,600,1200,3000,50,1.03000009,1.30500007,0,22,16,58,2835,10451.9824,1182,1183,36,36,57,29,0,0,60.691,64.926,1.09,9916.793,471.4414,52.9030151,0,0,0,0.0140577666,0,0,0,0,0,0.0114981728,0,0,0,65.9375,64,16376,6156,10219,62.40332,171.568,113599488,14749696
05/25/2026 19:28:19,55,49,0,42,47,47,47,47,47,66,12.0960007,5.03,1.31000006,1.39200008,0.996000051,0.328,0.66200006,3.288,2.046,0,3.37200022,3.37200022,3.11600018,52,46,41,45.5,1238,630,0,684,583,0,0,0,0,0,29.69,14.06,7.81,0,3.12,43.75,1.56,0,12.5,43.75,37.0017471,4129,690,4040,1619,40.4,1.46272993,0.55,4040,643,40.4,1.03290951,0.55,4842,295,50.5,0.753641248,0.55,3732,175,40.4,0.526832342,0.55,3965,409,40.4,0.8680881,0.55,5050,2162,50.5,1.572084,0.55,3740,130,40.4,0.4012565,0.55,3622,84,40.4,0.2724884,0.55,52.1250076,47.8750038,99.99822,512,-1,485.785156,485.5,0.28515625,0.5,7618.451,7618.951,0,0,0,0,0,0,0,0,0,0,0,0,512,600,1200,3000,50,1.05500007,1.30500007,0,7,15,58,2835,10451.9824,1182,1181,36,36,58,29,0,0,61.041,60.285,1.09,9916.793,471.4414,53.40173,0,0,0,0.01321757,0,0,0,0,0,0,0,0,0,68.375,66,16376,6156,10219,62.40332,172.512,102699008,17349632
05/25/2026 19:28:21,55,49,0,42,47,47,47,47,47,66,12.0960007,5.04,1.312,1.39200008,1.00400007,0.338000029,0.66200006,3.288,2.046,0,3.37200022,3.37200022,3.12000012,52,46,41,45.5,1230,607,0,684,568,0,0,0,0,0,32.81,14.06,4.69,10.94,6.25,48.44,6.25,3.12,15.82,48.44,36.72534,3924,697,4850,1469,48.5,1.47162366,0.55,4850,655,48.5,1.05084956,0.55,3111,284,32.3333321,0.765686,0.55,3062,218,32.3333321,0.5842086,0.55,4772,425,48.5,0.909660935,0.55,4850,2308,48.5,1.60160422,0.55,2979,130,32.3333321,0.414410979,0.55,2917,84,32.3333321,0.2781146,0.55,52.1250076,47.8750038,99.99824,512,-1,485.785156,485.5,0.28515625,0.5,7618.451,7618.951,0,0,0,0,0,0,0,0,0,0,0,0,512,600,1200,3000,51,0.969000041,1.30500007,0,6,15,58,2835,10451.9824,1182,1182,36,36,58,29,0,0,60.511,55.514,1.09,9916.793,471.4414,53.3741226,0,0,0,0.0135909421,0,0,0,0,0,0,0,0,0,67.0625,66,16376,6156,10219,62.40332,170.799,8.374989E+07,14299136
05/25/2026 19:28:23,55,49,0,42,47,47,47,47,47,66,12.12,5.04,1.312,1.396,1.00400007,0.324,0.66200006,3.288,2.046,0,3.37200022,3.37200022,3.12000012,52,46,41,45.5,1232,630,0,684,568,0,0,0,0,0,26.56,10.94,1.56,3.12,4.69,54.69,0,1.59,12.89,54.69,36.8930855,3456,678,4040,1298,40.4,1.39614153,0.6375,3346,606,33.6666679,1.01500273,0.6375,3143,274,33.6666679,0.747873366,0.6375,3109,176,33.6666679,0.583468258,0.6375,3285,384,33.6666679,0.8667076,0.6375,4850,2480,48.5,1.64401793,0.575,2968,127,32.3333321,0.3794874,0.575,2910,76,32.3333321,0.272442281,0.575,52.2500076,48.3750038,99.99823,512,-1,485.785156,485.5,0.28515625,0.5,7618.451,7618.951,0,0,0,0,0,0,0,0,0,0,0,0,512,600,1200,3000,52,0.960000038,1.30500007,0,4,15,58,2835,10451.9824,1182,1182,36,36,58,29,0,0,60.703,62.145,1.09,9916.793,471.4414,52.83613,0,0,0,0.0128981695,0,0,0,0,0,0,0,0,0,67.6875,64,16376,6156,10219,62.40332,170.371,44399616,16799744
05/25/2026 19:28:25,55,49,0,42,47,47,47,47,47,66,12.0960007,5.04,1.31000006,1.39200008,0.996000051,0.328,0.66,3.288,2.046,0,3.37200022,3.37200022,3.11600018,52,46,41,45.5,1229,630,0,699,582,0,0,0,0,0,31.25,15.62,0,0,9.38,46.88,1.59,1.59,13.29,46.88,37.14323,4040,680,4850,1417,48.5,1.38419783,0.64375,4850,647,48.5,1.04425907,0.64375,3077,262,32.3333321,0.739196539,0.64375,3008,189,32.3333321,0.5095211,0.64375,4797,378,48.5,0.8532989,0.64375,5050,2356,50.5,1.639346,0.575,3667,112,40.4,0.39021948,0.575,3021,75,33.6666679,0.264475554,0.575,52.3750076,48.3750038,99.99824,512,-1,485.785156,485.5,0.28515625,0.5,7618.451,7618.951,0,0,0,0,0,0,0,0,0,0,0,0,512,600,1200,3000,52,0.969000041,1.30500007,0,13,16,58,2835,10451.9824,1182,1184,36,36,58,29,0,0,61.356,52.119,1.09,9916.793,471.4414,52.65818,0,0,0,0.0133543145,0,0,0,0,0,0,0,0,0,67.75,64,16376,6156,10219,62.40332,171.711,8.454963E+07,14249984
05/25/2026 19:28:27,55,49,0,42,47,47,47,47,47,66,12.12,5.04,1.312,1.39200008,0.998,0.322000027,0.66200006,3.288,2.046,0,3.37200022,3.37200022,3.11600018,52,46,41,45.5,1229,607,0,694,583,0,0,0,0,0,25.4,9.52,3.12,3.12,1.59,44.44,3.12,0,11.29,44.44,37.40667,3894,710,4040,1542,40.4,1.49625206,0.5375,4040,699,40.4,1.12058747,0.5375,3795,295,40.4,0.7832694,0.5375,3776,217,40.4,0.5768539,0.5375,4725,431,48.5,0.9150915,0.5625,4850,2277,48.5,1.61935353,0.5625,2992,132,32.3333321,0.432479471,0.5625,2935,91,32.3333321,0.301561654,0.5625,52.5000076,48.7500038,99.99822,512,-1,485.785156,485.5,0.28515625,0.5,7618.451,7618.951,0,0,0,0,0,0,0,0,0,0,0,0,512,600,1200,3000,51,1.0200001,1.30500007,0,6,15,58,2835,10451.9824,1182,1183,36,36,58,29,0,0,61.126,59.076,1.09,9916.793,471.4414,52.97303,0,0,0,0.019143939,0,0,0,0,0,0,0,0,0,66.8125,64,16376,6156,10219,62.40332,171.562,9.204941E+07,1.789952E+07
05/25/2026 19:28:29,55,49,0,42,47,47,47,47,47,66,12.0960007,5.04,1.31000006,1.39200008,0.998,0.322000027,0.66,3.288,2.046,0,3.37200022,3.37200022,3.11600018,52,46,41,45.5,1246,630,0,683,583,0,0,0,0,0,21.88,21.88,9.52,3.17,7.81,35.94,0,1.59,12.72,35.94,37.8477974,3924,672,4850,1429,48.5,1.406024,0.64375,4040,644,40.4,1.04407835,0.6375,3758,273,40.4,0.756044745,0.6375,3735,174,40.4,0.5754495,0.6375,3867,398,40.4,0.8747948,0.6375,5050,2249,50.5,1.59481812,0.55,3083,128,33.6666679,0.437756032,0.55,3011,80,33.6666679,0.275441676,0.55,52.7500076,49.2500038,99.99823,512,-1,485.785156,485.5,0.28515625,0.5,7618.451,7618.951,0,0,0,0,0,0,0,0,0,0,0,0,512,600,1200,3000,52,1.04500008,1.30500007,0,6,16,58,2835,10451.9824,1183,1184,36,36,59,29,0,0,60.879,69.421,1.09,9916.793,471.4414,52.5950737,0,0,0,0.0219219439,0,0,0,0,0,0,0,0,0,68.53125,64,16376,6156,10219,62.40332,169.773,109699072,16749568
05/25/2026 19:28:31,56,49,0,42,47,49,49,49,49,67,12.0960007,5.04,1.312,1.39200008,1.006,0.328,0.66,3.288,2.046,0,3.37200022,3.37200022,3.12000012,53,46,41,45.5,1240,607,0,684,582,0,0,0,0,0,25.4,17.46,11.11,3.17,6.35,42.86,1.59,0,13.49,42.86,37.4158669,3880,675,4850,1266,48.5,1.35114408,0.625,4829,593,48.5,1.03540146,0.625,3027,301,32.3333321,0.767638147,0.625,3028,216,32.3333321,0.6424668,0.625,4641,406,48.5,0.8779125,0.625,4850,2391,48.5,1.65272379,0.625,2926,140,32.3333321,0.471487939,0.625,2891,90,32.3333321,0.289007574,0.625,53.2500076,49.2500038,99.99823,512,-1,485.785156,485.5,0.28515625,0.5,7618.451,7618.951,0,0,0,0,0,0,0,0,0,0,0,0,512,600,1200,3000,51,0.784000039,1.30500007,0,2,15,57,2835,10451.9824,1183,1184,36,36,59,29,0,0,60.747,49.769,1.09,9916.793,471.4414,52.7551842,0,0,0,0.0168208424,0,0,0,0,0,0,0,0,0,67.59375,64,16376,6156,10219,62.40332,169.94,118599680,14749696
05/25/2026 19:28:33,57,49,0,42,47,49,49,49,49,67,12.0960007,5.03,1.312,1.39200008,1,0.336000025,0.66,3.292,2.046,0,3.37200022,3.37200022,3.12000012,53,46,41.5,45.5,1269,607,0,684,568,0,0,0,0,0,32.81,14.06,6.25,4.69,7.81,35.94,0,0,12.7,35.94,37.815258,3884,705,4850,1531,48.5,1.484653,0.5625,4829,654,48.5,1.05948353,0.5625,2970,312,32.3333321,0.793897,0.5625,2987,222,32.3333321,0.6697,0.5625,4651,440,48.5,0.9192483,0.5625,4850,2238,48.5,1.66712356,0.625,2969,144,32.3333321,0.4594933,0.625,2962,96,32.3333321,0.3184879,0.625,53.3750076,49.2500038,99.99824,512,-1,485.785156,485.5,0.28515625,0.5,7618.451,7618.951,0,0,0,0,0,0,0,0,0,0,0,0,512,600,1200,3000,52,0.955000043,1.30500007,0,2,16,57,2835,10451.9824,1183,1182,36,36,59,29,0,0,61.25,52.013,1.09,9916.793,471.4414,53.1125336,0,0,0,0.0234107971,0,0,0,0,0,0,0,0,0,67.34375,64,16376,6156,10219,62.40332,171.286,1.121495E+08,16099328
05/25/2026 19:28:35,57,49,0,42,47,49,49,49,49,67,12.0960007,5.04,1.31000006,1.39200008,0.998,0.324,0.66,3.288,2.046,0,3.37200022,3.36800027,3.11600018,53,46,41.5,45.5,1275,630,0,684,567,0,0,0,0,0,26.15,12.31,7.69,6.15,6.15,41.54,6.15,0,13.27,41.54,38.4163933,3850,684,4850,1389,48.5,1.40180361,0.63125,4737,585,48.5,1.00658309,0.61875,3749,317,40.4,0.789792,0.5375,3684,200,40.4,0.65174973,0.5375,3744,394,40,0.885715365,0.5375,4000,2347,40,1.65116966,0.50625,3063,144,33.3333321,0.518123031,0.50625,2973,97,33.3333321,0.313654,0.50625,53.6250076,49.7500038,99.99822,512,-1,485.785156,485.5,0.28515625,0.5,7618.451,7618.951,0,0,0,0,0,0,0,0,0,0,0,0,512,600,1200,3000,52,0.974000037,1.30500007,0,5,16,56,2835,10451.9824,1185,1186,36,36,59,29,0,0,60.571,66.595,1.09,9916.699,437.101563,52.760273,0,0,0,0.0192513745,0,0,0,0,0,0,0,0,0,65.28125,64,16376,6156,10219,62.40332,170.104,9.194906E+07,1.789952E+07
05/25/2026 19:28:37,57,49,0,42,47,49,49,49,49,67,12.12,5.03,1.312,1.39200008,1,0.324,0.658000052,3.288,2.046,0,3.37200022,3.36800027,3.11600018,53,46,41.5,45.5,1265,607,0,696,583,0,0,0,0,0,33.85,9.23,3.08,3.12,1.54,35.38,0,0,10.78,35.38,37.88215,3431,669,3600,1496,36,1.43364632,0.625,3518,578,36,0.9979698,0.625,3322,277,36,0.757156849,0.625,3374,225,36,0.651421964,0.625,3395,379,36,0.8573664,0.625,3600,2167,36,1.61887431,0.625,3370,137,36,0.4533366,0.625,3270,91,36,0.297165722,0.625,53.7500076,49.7500038,99.99823,512,-1,485.785156,485.5,0.28515625,0.5,7618.451,7618.951,0,0,0,0,0,0,0,0,0,0,0,0,512,600,1200,3000,52,0.984,1.30500007,0,4,15,56,2835,10451.9824,1184,1187,36,36,59,29,0,0,60.143,67.511,1.09,9916.699,437.101563,52.7492943,0,0,0,0.0183610711,0,0,0,0,0,0,0,0,0,65.875,64,16376,6156,10219,62.40332,169.302,7.064986E+07,14149632
05/25/2026 19:28:39,57,49,0,42,47,49,49,49,49,67,12.0960007,5.03,1.31000006,1.39200008,1,0.34,0.658000052,3.288,2.046,0,3.37200022,3.36800027,3.11600018,53,46,41.5,45.5,1260,607,0,684,568,0,0,0,0,0,32.81,15.62,12.5,9.38,9.38,45.31,7.81,4.69,17.19,45.31,37.5867538,4228,695,4850,1577,48.5,1.4477973,0.55,4692,608,48.5,1.03212714,0.55,4463,288,48.5,0.786410868,0.55,4531,228,48.5,0.64158386,0.55,4521,384,48.5,0.8779328,0.55,4850,2191,48.5,1.63084817,0.55,3007,168,32.3333321,0.5213493,0.55,2910,113,32.3333321,0.410422325,0.55,53.8750076,49.7500038,99.99822,512,-1,485.785156,485.5,0.28515625,0.5,7618.451,7618.951,0,0,0,0,0,0,0,0,0,0,0,0,512,600,1200,3000,53,1.04500008,1.30500007,0,6,16,55,2835,10451.9824,1184,1183,36,36,59,29,0,0,60.116,54.171,1.09,9916.699,437.101563,52.6569328,0,0,0,0.01651266,0,0,0,0,0,0,0,0,0,66.8125,64,16376,6156,10219,62.40332,170.96,118799360,14949376
05/25/2026 19:28:41,57,49,0,42,47,49,49,49,49,67,12.0960007,5.04,1.312,1.39200008,1.00200009,0.336000025,0.658000052,3.288,2.046,0,3.37200022,3.37200022,3.11600018,54,46,41.5,45.5,1272,630,0,685,583,0,0,0,0,0,28.12,17.19,10.94,10.94,10.94,48.44,9.38,7.81,17.97,48.44,37.6300735,3458,671,4850,1445,48.5,1.38237059,0.64375,4581,514,48.5,0.96227026,0.64375,2970,264,32.3333321,0.746443868,0.64375,3072,239,32.3333321,0.6565431,0.64375,3006,344,32.3333321,0.8269275,0.64375,3233,2246,32.3333321,1.6879952,0.64375,2983,169,32.3333321,0.519633949,0.64375,2971,149,32.3333321,0.405209422,0.64375,53.8750076,50.2500038,99.99823,512,-1,485.785156,485.5,0.28515625,0.5,7618.451,7618.951,0,0,0,0,0,0,0,0,0,0,0,0,512,600,1200,3000,52,1.04500008,1.30500007,0,9,16,55,2835,10451.9824,1183,1182,36,36,58,29,0,0,59.468,55.4,1.09,9916.699,437.101563,52.9035225,0,0,0,0.0151977213,0,0,0,0,0,0,0,0,0,63.8125,62,16376,6156,10219,62.40332,170.723,5.96992E+07,14149632
05/25/2026 19:28:43,58,49,0,43,47,50,50,51,51,69,12.0960007,5.04,1.312,1.39200008,0.998,0.332000017,0.658000052,3.288,2.046,0,3.37200022,3.37200022,3.12000012,54,46,41.5,45.5,1287,608,0,684,582,0,0,0,0,0,30.16,15.87,14.29,14.06,17.46,50.79,7.81,6.25,19.59,50.79,38.12661,3954,661,4040,1499,40.4,1.402981,0.55,3868,571,40.4,0.978285968,0.55,3710,266,40.4,0.7413234,0.55,3751,231,40.4,0.6324637,0.55,3773,347,40.4,0.82978785,0.55,5050,2068,50.5,1.57905281,0.55,3733,174,40.4,0.5189963,0.55625,3704,133,40.4,0.354208857,0.55625,54.0000076,50.2500038,99.99824,512,-1,485.785156,485.5,0.28515625,0.5,7618.451,7618.951,0,0,0,0,0,0,0,0,0,0,0,0,512,600,1200,3000,52,0.989,1.30500007,0,10,16,55,2835,10451.9824,1182,1184,36,36,59,29,0,0,58.927,57.927,1.09,9916.699,437.101563,52.68133,0,0,0,0.0149745857,0,0,0,0,0,0,0,0,0,67.0625,64,16376,6156,10219,62.40332,169.31,1.099991E+08,14849024
05/25/2026 19:28:45,58,49,0,44,47,51,51,51,51,69,12.0960007,5.03,1.312,1.39200008,1.00200009,0.33,0.658000052,3.288,2.046,0,3.37200022,3.36800027,3.11600018,54,46.5,41.5,45.5,1300,607,0,719,568,0,0,0,0,0,27.69,20,12.31,12.5,9.23,55.38,9.38,7.81,19.29,55.38,37.7001648,4091,705,4850,1418,48.5,1.4417851,0.64375,4819,664,48.5,1.05552125,0.64375,4497,288,48.5,0.7780951,0.64375,3086,240,32.3333321,0.6659717,0.64375,4619,389,48.5,0.879829168,0.64375,4850,2357,48.5,1.70810723,0.6375,3033,162,32.3333321,0.514297843,0.6375,2973,123,32.3333321,0.359377921,0.6375,54.1250076,50.2500038,99.9982147,512,-1,485.785156,485.5,0.28515625,0.5,7618.451,7618.951,0,0,0,0,0,0,0,0,0,0,0,0,512,600,1200,3000,53,0.969000041,1.30500007,0,6,16,56,2835,10451.9824,1183,1182,36,36,58,29,0,0,58.859,59.717,1.09,9916.699,437.101563,52.4927139,0,0,0,0.0149746966,0,0,0,0,0,0,0,0,0,67.9375,64,16376,6156,10219,62.40332,169.335,8.589926E+07,13999104
05/25/2026 19:28:47,58,49,0,44,47,51,51,51,51,69,12.0960007,5.03,1.312,1.39200008,1.026,0.328,0.658000052,3.288,2.046,0,3.37200022,3.37200022,3.11600018,54,46.5,41.5,45.5,1304,630,0,732,567,0,0,0,0,0,44.44,14.29,10.94,1.56,11.11,49.21,0,1.56,16.64,49.21,39.83293,3915,905,4850,1992,48.5,1.9244622,0.6375,4850,921,48.5,1.35542285,0.6375,3079,394,32.3333321,0.9627897,0.6375,3032,315,32.3333321,0.861066,0.6375,4714,585,48.5,1.14986169,0.6375,4850,2685,48.5,2.256021,0.6375,3002,206,32.3333321,0.717596,0.6375,2940,142,32.3333321,0.496934623,0.6375,54.7500076,50.7500038,99.99822,512,-1,485.785156,485.5,0.28515625,0.5,7618.451,7618.951,0,0,0,0,0,0,0,0,0,0,0,0,512,600,1200,3000,53,0.995000064,1.30500007,0,5,16,56,2835,10451.9824,1184,1182,36,36,58,29,0,0,59.211,61.864,1.09,9916.699,437.101563,53.0446854,0,0,0,0.0130955316,0,0,0,0,0,0,0,0,0,63.8125,64,16376,6156,10219,62.40332,170.919,113999872,16249856
05/25/2026 19:28:49,59,49,0,47,47,53,53,53,53,70,12.0960007,5.04,1.31000006,1.39200008,1.008,0.33,0.656,3.288,2.046,0,3.37200022,3.37200022,3.11600018,55,46.5,41.5,45.5,1312,607,0,715,568,0,0,0,0,0,20.63,9.52,1.59,1.59,6.35,52.38,0,0,11.51,52.38,38.58606,3698,705,4850,1453,48.5,1.45964932,0.64375,4850,731,48.5,1.09576213,0.64375,3054,265,32.3333321,0.778105438,0.64375,2962,191,32.3333321,0.6219667,0.64375,3104,399,32.3333321,0.8845084,0.64375,4850,2389,48.5,1.72606349,0.64375,2984,127,32.3333321,0.5064501,0.64375,2929,84,32.3333321,0.302671373,0.64375,55.5000076,50.2500038,99.99824,512,-1,485.785156,485.5,0.28515625,0.5,7618.451,7618.951,0,0,0,0,0,0,0,0,0,0,0,0,512,600,1200,3000,53,0.974000037,1.30500007,0,3,15,56,2835,10451.9824,1182,1183,36,36,58,29,0,0,58.76,63.894,1.09,9916.699,437.101563,53.2010422,0,0,0,0.0127590857,0,0,0,0,0,0,0,0,0,63.75,64,16376,6156,10219,62.40332,171.084,7.319962E+07,18849792
05/25/2026 19:28:51,60,49,0,47,47,53,53,53,53,70,12.0960007,5.03,1.31000006,1.39200008,1.014,0.326,0.656,3.288,2.046,0,3.37200022,3.37200022,3.12000012,55,46.5,41.5,45.5,1325,630,0,755,568,0,0,0,0,0,20.63,17.46,4.76,0,6.35,58.73,3.12,3.12,14.27,58.73,37.951786,3994,714,4040,1177,40.4,1.39006054,0.55,4040,780,40.4,1.15388358,0.55,3799,289,40.4,0.8110079,0.55625,3776,215,40.4,0.686936,0.55625,3875,406,40.4,0.9223081,0.55625,5050,2604,50.5,1.81503558,0.55625,3716,131,40.4,0.4611319,0.55625,3658,107,40.4,0.3291797,0.55625,55.3750076,50.7500038,99.99822,512,-1,485.785156,485.5,0.28515625,0.5,7618.451,7618.951,0,0,0,0,0,0,0,0,0,0,0,0,512,600,1200,3000,53,0.969000041,1.30500007,0,4,16,56,2835,10451.9824,1183,1184,36,36,58,29,0,0,58.483,51.635,1.09,9916.699,437.101563,53.0553627,0,0,0,0.0123916315,0,0,0,0,0,0,0,0,0,66.9375,64,16376,6156,10219,62.40332,169.955,7.934976E+07,1.854976E+07
05/25/2026 19:28:53,60,49,0,47,47,53,53,53,53,70,12.0960007,5.03,1.31000006,1.39200008,1.01200008,0.328,0.656,3.288,2.046,0,3.37200022,3.36800027,3.11600018,55,46,41.5,45.5,1337,630,0,747,582,0,0,0,0,0,17.19,9.38,3.12,4.69,6.25,48.44,1.56,0,11.33,48.44,37.82018,3482,692,4850,1310,48.5,1.44939363,0.63125,3233,749,32.3333321,1.10698617,0.63125,2944,270,32.3333321,0.779400945,0.63125,3017,202,32.3333321,0.666824043,0.63125,3059,366,32.3333321,0.874184966,0.63125,4850,2441,48.5,1.73971713,0.63125,2958,116,32.3333321,0.486502945,0.63125,2943,78,32.3333321,0.297711879,0.63125,55.1250076,50.2500038,99.99824,512,-1,485.785156,485.5,0.28515625,0.5,7618.451,7618.951,0,0,0,0,0,0,0,0,0,0,0,0,512,600,1200,3000,53,1.05500007,1.30500007,0,6,16,56,2835,10451.9824,1183,1183,36,36,58,29,0,0,59.19,68.639,1.09,9916.699,437.101563,52.9909477,0,0,0,0.01246072,0,0,0,0,0,0,0,0,0,64.46875,62,16376,6156,10219,62.40332,170.906,7.949926E+07,1.554944E+07
05/25/2026 19:28:55,60,49,0,47,47,53,53,53,53,70,12.0960007,5.04,1.31000006,1.39200008,1.006,0.34,0.656,3.288,2.046,0,3.37200022,3.36800027,3.12000012,55,46,41.5,46,1328,607,0,756,582,0,0,0,0,0,34.38,12.7,4.76,1.59,4.76,39.68,0,4.69,12.82,39.68,38.0553322,3545,709,4850,1369,48.5,1.45327282,0.65,3233,769,32.3333321,1.1471839,0.65,3022,282,32.3333321,0.8032205,0.65,2999,190,32.3333321,0.6407075,0.65,3064,378,32.3333321,0.8946728,0.65,5050,2470,50.5,1.7571907,0.525,3083,132,33.6666679,0.470140368,0.525,3061,84,33.6666679,0.316940755,0.525,55.0000076,50.7500038,99.99824,512,-1,485.785156,485.5,0.28515625,0.5,7618.451,7618.951,0,0,0,0,0,0,0,0,0,0,0,0,512,600,1200,3000,53,1.04000008,1.30500007,0,6,16,56,2835,10451.9824,1180,1181,36,36,58,29,0,0,59.128,50.901,1.09,9916.699,437.101563,53.0615654,0,0,0,0.01258293,0,0,0,0,0,0,0,0,0,66.5,64,16376,6156,10219,62.40332,171.928,8.589926E+07,14349312
05/25/2026 19:28:57,60,49,0,47,47,53,53,53,53,70,12.0960007,5.03,1.312,1.39200008,1.014,0.334000021,0.656,3.292,2.046,0,3.37200022,3.36800027,3.11600018,55,46,41.5,46,1334,630,0,758,567,0,0,0,0,0,23.44,10.94,0,4.69,3.12,42.19,1.56,0,10.74,42.19,38.38318,4223,732,4020,1332,40.2,1.52750564,0.525,4020,759,40.2,1.16417027,0.525,4788,324,50.25,0.8463739,0.525,3733,215,40.2,0.699588358,0.525,4855,437,50.25,0.954624832,0.525,5025,2548,50.25,1.81814551,0.525,3674,139,40.2,0.490058124,0.525,3666,100,40.2,0.334211,0.525,55.0000076,51.2500038,99.99824,512,-1,485.785156,485.5,0.28515625,0.5,7618.451,7618.951,0,0,0,0,0,0,0,0,0,0,0,0,512,600,1200,3000,53,0.984,1.30500007,0,2,16,56,2835,10451.9824,1182,1182,36,36,57,29,0,0,58.533,70.885,1.09,9916.699,437.101563,53.14398,0,0,0,0.0122913131,0,0,0,0,0,0,0,0,0,67.5,64,16376,6156,10219,62.40332,170.433,9.549926E+07,17399808
05/25/2026 19:28:59,60,49,0,47,47,53,53,53,53,70,12.0960007,5.03,1.31000006,1.39200008,1.01,0.334000021,0.656,3.28000021,2.046,0,3.36800027,3.36800027,3.11200023,55,46,41.5,46,1330,607,0,760,582,0,0,0,0,0,15.62,7.81,1.56,1.56,3.12,42.19,0,0,8.98,42.19,38.58351,4237,685,4850,1263,48.5,1.45211494,0.6375,4850,725,48.5,1.127297,0.61875,4455,253,48.5,0.7797969,0.61875,4468,197,48.5,0.632130563,0.61875,4579,357,48.5,0.8831469,0.61875,4850,2502,48.5,1.762301,0.60625,2939,113,32.3333321,0.453144878,0.60625,2908,73,32.3333321,0.306953281,0.60625,55.1250076,51.2500038,99.99823,512,-1,485.785156,485.5,0.28515625,0.5,7618.451,7618.951,0,0,0,0,0,0,0,0,0,0,0,0,512,600,1200,3000,53,0.974000037,1.30500007,0,4,16,57,2835,10451.9824,1184,1182,36,36,56,29,0,0,58.902,50.26,1.09,9916.699,437.101563,53.17218,0,0,0,0.0121406512,0,0,0,0,0,0,0,0,0,66.5,62,16376,6156,10219,62.40332,170.072,9.954918E+07,17099776
05/25/2026 19:29:01,60,49,0,47,47,53,53,53,53,70,12.0960007,5.04,1.31000006,1.39200008,1.01200008,0.33,0.656,3.28400016,2.046,0,3.37200022,3.37200022,3.11600018,55,46.5,41.5,46,1339,607,0,745,583,0,0,0,0,0,32.81,4.69,0,0,4.69,31.25,0,0,9.18,32.81,37.916275,4236,700,4850,1418,48.5,1.48687792,0.54375,4850,805,48.5,1.15237856,0.54375,4395,234,48.5,0.7727036,0.54375,4537,212,48.5,0.6389376,0.54375,4584,389,48.5,0.9083073,0.54375,4850,2344,48.5,1.71248078,0.54375,2940,117,32.3333321,0.4855699,0.54375,2878,83,32.3333321,0.298450619,0.6,55.1250076,51.2500038,99.99823,512,-1,485.785156,485.5,0.28515625,0.5,7618.451,7618.951,0,0,0,0,0,0,0,0,0,0,0,0,512,600,1200,3000,53,0.984,1.30500007,0,9,16,57,2835,10451.9824,1181,1179,36,36,57,29,0,0,59.4,70.541,1.09,9916.699,437.332031,53.06308,0,0,0,0.0129630072,0,0,0,0,0,0.009900484,0,0,0,64.3125,62,16376,6156,10219,62.40332,172.031,123049984,1.574912E+07
05/25/2026 19:29:03,60,49,0,47,47,53,53,53,53,70,12.0960007,5.04,1.312,1.39200008,1.024,0.328,0.656,3.28400016,2.046,0,3.37200022,3.36800027,3.11600018,55,46.5,41.5,46,1334,630,0,757,569,0,0,0,0,0,29.69,10.94,4.69,0,3.12,34.38,1.56,0,10.55,34.38,38.50222,3905,756,4850,1593,48.5,1.577571,0.525,4850,957,48.5,1.28807938,0.525,3023,293,32.3333321,0.8314032,0.525,3042,222,32.3333321,0.6476103,0.525,4754,457,48.5,1.01025414,0.61875,4850,2309,48.5,1.78471172,0.61875,2973,134,32.3333321,0.4708826,0.61875,2896,85,32.3333321,0.312377453,0.61875,55.2500076,51.2500038,99.99824,512,-1,485.785156,485.5,0.28515625,0.5,7618.451,7618.951,0,0,0,0,0,0,0,0,0,0,0,0,512,600,1200,3000,54,0.984,1.30500007,0,6,16,57,2835,10451.9824,1183,1182,36,36,57,28,0,0,59.579,55.062,1.09,9916.699,437.332031,53.8226624,0,0,0,0.0124015212,0,0,0,0,0,0,0,0,0,67,62,16376,6156,10219,62.40332,172.175,119699456,16449536
05/25/2026 19:29:05,60,49,0,47,47,53,53,53,53,70,12.0960007,5.03,1.31000006,1.39200008,1.01200008,0.342,0.654000044,3.28400016,2.046,0,3.36800027,3.36800027,3.11600018,55,46.5,41.5,46,1324,606,0,745,583,0,0,0,0,0,37.5,20.31,6.25,0,4.69,48.44,0,0,14.65,48.44,38.6451225,3878,711,4850,1443,48.5,1.50917768,0.55,4850,886,48.5,1.1928618,0.55,3017,257,32.3333321,0.7673032,0.55,3006,182,32.3333321,0.6100636,0.55,3143,405,32.3333321,0.9384089,0.55,4850,2323,48.5,1.7249229,0.55,2963,120,32.3333321,0.4061069,0.55,4343,75,48.5,0.289848357,0.55,55.2500076,51.2500038,99.99822,512,-1,485.785156,485.5,0.28515625,0.5,7618.451,7618.951,0,0,0,0,0,0,0,0,0,0,0,0,512,600,1200,3000,54,0.995000064,1.30500007,0,3,16,56,2835,10451.9824,1182,1183,36,36,57,29,0,0,59.527,66.181,1.09,9916.699,437.332031,53.44836,0,0,0,0.012086791,0,0,0,0,0,0,0,0,0,65.3125,64,16376,6156,10219,62.40332,170.866,115699712,15699968
05/25/2026 19:29:07,60,49,0,47,47,53,53,53,53,70,12.0960007,5.04,1.31000006,1.39200008,1.02200007,0.336000025,0.654000044,3.288,2.046,0,3.36800027,3.36800027,3.11600018,55,46.5,42,46,1339,630,0,746,583,0,0,0,0,0,40,16.92,9.23,3.08,9.23,46.15,0,0,15.58,46.15,37.8184166,4065,700,4850,1435,48.5,1.51422215,0.61875,4850,873,48.5,1.1890347,0.61875,4457,251,48.5,0.784923255,0.61875,2973,169,32.3333321,0.6235855,0.61875,4655,393,48.5,0.9428014,0.61875,4850,2279,48.5,1.696859,0.61875,2977,124,32.3333321,0.4250502,0.61875,2910,78,32.3333321,0.2786186,0.61875,55.3750076,51.7500038,99.99823,512,-1,485.785156,485.5,0.28515625,0.5,7618.451,7618.951,0,0,0,0,0,0,0,0,0,0,0,0,512,600,1200,3000,54,1.05000007,1.30500007,0,6,16,56,2835,10451.9824,1180,1180,36,36,57,29,0,0,59.972,66.617,1.09,9916.699,437.332031,53.34621,0,0,0,0.0120067615,0,0,0,0,0,0,0,0,0,65,64,16376,6156,10219,62.40332,171.631,9.819955E+07,16249856
05/25/2026 19:29:09,60,49,0,47,47,53,53,53,53,70,12.0960007,5.03,1.31000006,1.39200008,1.016,0.336000025,0.654000044,3.28400016,2.046,0,3.37200022,3.36800027,3.11600018,55,46.5,42,46,1345,630,0,756,584,0,0,0,0,0,43.75,17.19,10.94,9.38,15.62,50,6.25,1.56,19.34,50,38.31597,3699,730,4850,1416,48.5,1.55223441,0.6125,4850,850,48.5,1.2205162,0.6125,3020,279,32.3333321,0.8228347,0.61875,2983,189,32.3333321,0.6324301,0.61875,3155,433,32.3333321,0.981042,0.61875,4850,2453,48.5,1.82627809,0.61875,2965,138,32.3333321,0.475239873,0.61875,2917,78,32.3333321,0.325602561,0.61875,55.5000076,51.7500038,99.99823,512,-1,485.785156,485.5,0.28515625,0.5,7618.451,7618.951,0,0,0,0,0,0,0,0,0,0,0,0,512,600,1200,3000,54,0.969000041,1.30500007,0,8,16,56,2835,10451.9824,1179,1180,36,36,57,29,0,0,60.39,60.411,1.09,9916.699,437.332031,53.730484,0,0,0,0.0123061752,0,0,0,0,0,0,0,0,0,63.25,64,16376,6156,10219,62.40332,172.345,9.164902E+07,16749568
05/25/2026 19:29:11,60,49,0,47,47,53,53,53,53,70,12.0960007,5.03,1.31000006,1.39200008,1.01200008,0.324,0.654000044,3.288,2.046,0,3.36800027,3.36800027,3.11600018,55,46.5,42,46,1333,607,0,745,584,0,0,0,0,0,20.31,10.94,9.38,4.69,7.81,51.56,1.56,1.56,13.48,51.56,38.1640663,4066,689,4850,1333,48.5,1.48537457,0.625,4850,803,48.5,1.17776787,0.625,4464,267,48.5,0.776482,0.625,2993,169,32.3333321,0.6035595,0.625,4654,375,48.5,0.9295125,0.625,4850,2364,48.5,1.69355237,0.64375,2952,120,32.3333321,0.4171873,0.64375,2917,83,32.3333321,0.278634667,0.64375,55.6250076,51.7500038,99.99824,512,-1,485.785156,485.5,0.28515625,0.5,7618.451,7618.951,0,0,0,0,0,0,0,0,0,0,0,0,512,600,1200,3000,54,0.969000041,1.30500007,0,4,16,56,2835,10451.9824,1179,1180,36,36,58,29,0,0,60.031,60.882,1.09,9916.699,437.332031,53.582798,0,0,0,0.0125296926,0,0,0,0,0,0,0,0,0,64.9375,64,16376,6156,10219,62.40332,171.123,9.39991E+07,15049728
05/25/2026 19:29:13,60,49,0,47,47,53,53,53,53,70,12.0960007,5.03,1.31000006,1.39200008,1.016,0.33,0.654000044,3.288,2.046,0,3.37200022,3.37200022,3.11600018,55,46.5,42,46,1333,630,0,745,569,0,0,0,0,0,28.12,7.81,3.12,4.69,3.12,53.12,0,0,12.5,53.12,38.70207,4114,694,5050,1357,50.5,1.46944749,0.5375,4040,710,40.4,1.12895286,0.5375,3732,247,40.4,0.773573935,0.5375,3792,197,40.4,0.611342967,0.5375,3919,403,40.4,0.9351098,0.5375,5050,2424,50.5,1.74322724,0.5375,3696,124,40.4,0.463005722,0.5375,3632,88,40.4,0.285197616,0.5375,55.6250076,51.7500038,99.99822,512,-1,485.785156,485.5,0.28515625,0.5,7618.451,7618.951,0,0,0,0,0,0,0,0,0,0,0,0,512,600,1200,3000,54,0.969000041,1.30500007,0,6,16,57,2835,10451.9824,1178,1180,36,36,58,29,0,0,60.512,58.544,1.09,9916.699,437.332031,53.0651627,0,0,0,0.0119678769,0,0,0,0,0,0,0,0,0,67.5625,64,16376,6156,10219,62.40332,170.278,125099008,14999552
05/25/2026 19:29:15,60,49,0,47,47,53,53,54,54,71,12.0960007,5.04,1.312,1.39200008,1.02200007,0.33,0.654000044,3.288,2.046,0,3.37200022,3.37200022,3.11600018,56,46.5,42,46,1339,607,0,746,569,0,0,0,0,0,24.62,15.38,0,6.15,7.69,55.38,0,0,13.65,55.38,38.3579,3897,737,4850,1403,48.5,1.54385209,0.6375,5050,927,50.5,1.27880955,0.6125,3118,273,33.6666679,0.8312164,0.6125,3096,195,33.6666679,0.6530154,0.6125,3892,434,40.4,0.996234834,0.6125,5050,2440,50.5,1.80826485,0.53125,3048,125,33.6666679,0.4589417,0.53125,3073,96,33.6666679,0.327251941,0.53125,56.0000076,51.7500038,99.99822,512,-1,485.785156,485.5,0.28515625,0.5,7618.451,7618.951,0,0,0,0,0,0,0,0,0,0,0,0,512,600,1200,3000,54,1.04500008,1.30500007,0,13,16,57,2835,10451.9824,1180,1183,36,36,58,29,0,0,60.974,52.572,1.09,9916.699,437.332031,52.2563858,0,0,0,0.0121611133,0,0,0,0,0,0,0,0,0,66.5,64,16376,6156,10219,62.40332,171.656,8.84992E+07,14599168
05/25/2026 19:29:17,62,49,0,49,47,54,54,54,54,71,12.0960007,5.04,1.312,1.39200008,1.01200008,0.336000025,0.654000044,3.292,2.046,0,3.37200022,3.37200022,3.12000012,56,46.5,42,46,1346,607,0,770,584,0,0,0,0,0,31.25,10.94,0,6.25,12.5,50,1.56,0,14.06,50,38.34377,3731,719,4040,1227,40.4,1.47507644,0.51875,4040,952,40.4,1.25821078,0.51875,3719,249,40.4,0.800137639,0.51875,3132,206,33.6666679,0.656117737,0.51875,3797,403,40.4,0.957801938,0.51875,5050,2499,50.5,1.78844261,0.525,3051,130,33.6666679,0.4588438,0.525,3017,83,33.6666679,0.3032156,0.525,56.0000076,57.1250038,99.99823,512,-1,485.785156,485.5,0.28515625,0.5,7618.451,7618.951,0,0,0,0,0,0,0,0,0,0,0,0,512,600,1200,3000,54,0.979000032,1.30500007,0,9,16,57,2835,10451.9824,1179,1180,36,36,58,30,0,0,60.704,50.815,1.09,9916.699,437.101563,51.86494,0,0,0,0.0121012442,0,0,0,0,0,0.01446344,0,0,0,66.65625,64,16376,6156,10219,62.40332,171.761,8.644915E+07,14399488
05/25/2026 19:29:19,63,49,0,52,47,57,57,57,57,75,12.0960007,5.04,1.312,1.396,1.0480001,0.332000017,0.652,3.288,2.046,0,3.37200022,3.37200022,3.12000012,62,46.5,42,46,1388,630,0,786,584,0,0,0,0,0,43.75,23.44,15.62,7.81,18.75,64.06,11.11,7.94,24.06,64.06,44.60382,3870,1071,4040,2114,40.4,2.1592176,0.55625,4040,1238,40.4,1.66080678,0.55625,3969,532,40.4,1.19431949,0.55625,3214,341,33.6666679,0.922746062,0.55625,3985,745,40.4,1.40789533,0.55625,5050,2971,50.5,2.625997,0.55625,3367,399,33.6666679,0.9607668,0.55625,3298,231,33.6666679,0.6583659,0.55,62.1250076,52.2500038,99.99823,512,-1,485.785156,485.5,0.28515625,0.5,7618.451,7618.951,0,0,0,0,0,0,0,0,0,0,0,0,512,600,1200,3000,54,1.064,1.30500007,0,12,16,57,2835,10451.9824,1177,1177,36,36,58,30,0,0,60.443,49.381,1.09,9916.699,437.101563,52.4040031,0,0,0,0.011642159,0,0,0,0,0,0,0,0,0,66.375,64,16376,6156,10219,62.40332,170.142,8.859955E+07,1.874944E+07
05/25/2026 19:29:21,64,49,0,56,47,61,61,61,61,76,12.0960007,5.04,1.312,1.39200008,1.016,0.332000017,0.652,3.292,2.046,0,3.37200022,3.37200022,3.12000012,60,47,42,46,1410,607,0,823,582,0,0,0,0,0,15.87,10.94,4.69,0,6.25,44.44,0,0,10.27,44.44,38.9877357,4069,735,4850,1324,48.5,1.54524148,0.6375,4850,923,48.5,1.280236,0.6375,4492,287,48.5,0.845093966,0.6375,2974,201,32.3333321,0.6833793,0.6375,4603,453,48.5,1.01456416,0.6375,4850,2460,48.5,1.83577049,0.6375,2984,138,32.3333321,0.506502,0.6375,2946,94,32.3333321,0.339899272,0.6375,61.2500076,52.2500038,99.99824,512,-1,485.785156,485.5,0.28515625,0.5,7618.451,7618.951,0,0,0,0,0,0,0,0,0,0,0,0,512,600,1200,3000,54,0.974000037,1.30500007,0,6,16,57,2835,10451.9824,1177,1175,36,36,59,30,0,0,60.726,70.523,1.09,9916.699,437.101563,51.94307,0,0,0,0.0135340476,0,0,0,0,0,0,0,0,0,63.5,64,16376,6156,10219,62.40332,170.459,6.554931E+07,15649792
05/25/2026 19:29:23,65,49,0,57,47,60,60,60,60,75,12.0960007,5.03,1.312,1.39200008,1.018,0.34,0.652,3.288,2.046,0,3.37200022,3.36800027,3.11600018,59,47,42,46,1431,630,0,860,584,0,0,0,0,0,12.31,15.38,1.54,1.54,0,43.08,0,0,9.23,43.08,38.2293777,3851,696,4850,1263,48.5,1.48768413,0.61875,4799,812,48.5,1.20075572,0.61875,2994,268,32.3333321,0.798992753,0.61875,2971,187,32.3333321,0.6088417,0.61875,4518,413,48.5,0.9638124,0.6375,4850,2436,48.5,1.74245882,0.6375,2923,115,32.3333321,0.4653625,0.6375,2900,78,32.3333321,0.3063561,0.6375,59.1250076,52.2500038,99.99822,512,-1,485.785156,485.5,0.28515625,0.5,7618.451,7618.951,0,0,0,0,0,0,0,0,0,0,0,0,512,600,1200,3000,55,1.05000007,1.30500007,0,23,16,57,2835,10451.9824,1174,1176,36,36,59,30,0,0,61.212,70.38,1.09,9916.699,437.101563,51.64807,0,0,0,0.01193473,0,0,0,0,0,0,0,0,0,66.71875,62,16376,6156,10219,62.40332,172.316,114399232,14849024
05/25/2026 19:29:25,65,49,0,54,47,58,58,58,58,74,12.0960007,5.04,1.31000006,1.39200008,1.024,0.342,0.652,3.288,2.046,0,3.36800027,3.36800027,3.11600018,58,46.5,42,46,1442,630,0,855,569,0,0,0,0,0,23.44,12.5,3.12,1.56,7.81,43.75,3.12,1.56,12.11,43.75,38.1777458,4045,686,4040,1232,40.4,1.505386,0.5375,4844,742,50.5,1.17075038,0.5375,3691,257,40.4,0.800085962,0.5375,3723,188,40.4,0.6075577,0.5375,3753,392,40.4,0.9547467,0.5375,5050,2482,50.5,1.75904489,0.5375,3651,120,40.4,0.451437652,0.5375,3608,78,40.4,0.308910131,0.5375,58.2500076,52.2500038,99.99822,512,-1,485.785156,485.5,0.28515625,0.5,7618.451,7618.951,0,0,0,0,0,0,0,0,0,0,0,0,512,600,1200,3000,54,1.03500009,1.30500007,0,7,16,57,2835,10451.9824,1173,1176,36,36,59,30,0,0,60.933,51.658,1.09,9916.699,437.101563,52.04884,0,0,0,0.0122974049,0,0,0,0,0,0,0,0,0,66.34375,64,16376,6156,10219,62.40332,171.383,49849344,18049024
05/25/2026 19:29:27,64,49,0,53,47,57,57,56,56,73,12.0960007,5.03,1.31000006,1.39200008,1.024,0.334000021,0.652,3.288,2.046,0,3.36800027,3.36800027,3.11600018,57,46.5,42,46,1418,607,0,843,585,0,0,0,0,0,25,12.5,1.56,1.56,7.81,40.62,0,0,11.13,40.62,38.72429,4379,760,5050,1378,50.5,1.60549736,0.53125,5050,889,50.5,1.29807746,0.525,3865,333,40.4,0.881770968,0.525,3736,214,40.4,0.7057317,0.525,4884,501,50.5,1.06117511,0.525,5050,2521,50.5,1.82043207,0.525,3731,144,40.4,0.490424752,0.525,3667,96,40.4,0.3353356,0.525,57.6250076,52.2500038,99.99824,512,-1,485.785156,485.5,0.28515625,0.5,7618.451,7618.951,0,0,0,0,0,0,0,0,0,0,0,0,512,600,1200,3000,54,1.064,1.30500007,0,9,16,57,2835,10451.9824,1176,1178,36,36,59,30,0,0,60.747,65.709,1.09,9916.699,437.101563,52.3504066,0,0,0,0.01265421,0,0,0,0,0,0,0,0,0,67.09375,64,16376,6156,10219,62.40332,170.129,120849408,1.639936E+07
05/25/2026 19:29:29,63,49,0,51,47,56,56,56,56,73,12.0960007,5.04,1.31000006,1.39200008,1.0200001,0.338000029,0.650000036,3.288,2.046,0,3.36800027,3.36800027,3.11600018,57,47,42,46,1410,630,0,835,570,0,0,0,0,0,34.92,4.76,1.59,0,7.94,44.44,1.59,0,11.9,44.44,38.76792,4243,721,4850,1357,48.5,1.51222789,0.6125,4850,893,48.5,1.26212907,0.6125,4457,226,48.5,0.790139139,0.6125,4466,172,48.5,0.6324961,0.6125,4665,418,48.5,0.9850794,0.60625,4850,2496,48.5,1.80622447,0.625,2921,122,32.3333321,0.468990117,0.625,2885,82,32.3333321,0.3094514,0.625,57.3750076,52.2500038,99.99823,512,-1,485.785156,485.5,0.28515625,0.5,7618.451,7618.951,0,0,0,0,0,0,0,0,0,0,0,0,512,600,1200,3000,55,1.064,1.30500007,0,4,16,57,2835,10451.9824,1176,1174,36,36,59,30,0,0,61.177,63.042,1.09,9916.699,437.101563,52.8486366,0,0,0,0.0126044676,0,0,0,0,0,0,0,0,0,66.9375,64,16376,6156,10219,62.40332,170.794,9.849958E+07,18349056
05/25/2026 19:29:31,63,49,0,51,47,56,56,56,56,73,12.0960007,5.03,1.31000006,1.39200008,1.018,0.328,0.652,3.28400016,2.046,0,3.37200022,3.36800027,3.11600018,57,46.5,42,46,1411,630,0,806,584,0,0,0,0,0,28.12,10.94,4.69,0,3.12,37.5,0,0,10.55,37.5,38.5554123,3911,750,4850,1413,48.5,1.57775784,0.625,4850,913,48.5,1.31049192,0.625,3097,304,32.3333321,0.8471515,0.625,3005,200,32.3333321,0.6552612,0.625,4768,449,48.5,1.01830435,0.625,4850,2492,48.5,1.85268736,0.625,2947,134,32.3333321,0.4872387,0.625,2920,93,32.3333321,0.334668845,0.625,57.0000076,52.2500038,99.99822,512,-1,485.785156,485.5,0.28515625,0.5,7618.451,7618.951,0,0,0,0,0,0,0,0,0,0,0,0,512,600,1200,3000,54,1.04000008,1.30500007,0,6,16,57,2835,10451.9824,1175,1176,36,36,59,30,0,0,61.118,55.178,1.09,9916.699,437.101563,53.465847,0,0,0,0.01221671,0,0,0,0,0,0,0,0,0,63.21875,64,16376,6156,10219,62.40332,171.837,9.144934E+07,14449664
05/25/2026 19:29:33,62,49,0,49,47,54,54,54,54,71,12.0960007,5.03,1.31000006,1.39200008,1.03000009,0.328,0.650000036,3.288,2.046,0,3.36800027,3.36800027,3.11600018,56,47,42,46,1384,608,0,802,584,0,0,0,0,0,26.98,20.63,14.29,4.76,12.7,53.97,1.59,1.59,17.06,53.97,38.5615959,3850,750,4040,1348,40.4,1.57432866,0.5375,4040,885,40.4,1.29259241,0.5375,3820,303,40.4,0.8526928,0.5375,3778,193,40.4,0.6762912,0.5375,3926,457,40.4,1.01790166,0.5375,5050,2577,50.5,1.877624,0.525,3080,135,33.6666679,0.4637302,0.525,3065,102,33.6666679,0.3278664,0.525,56.7500076,52.2500038,99.99823,512,-1,485.785156,485.5,0.28515625,0.5,7618.451,7618.951,0,0,0,0,0,0,0,0,0,0,0,0,512,600,1200,3000,55,1.064,1.30500007,0,9,16,57,2835,10451.9824,1174,1173,36,36,60,30,0,0,60.703,56.467,1.09,9916.699,437.101563,53.2461281,0,0,0,0.01155483,0,0,0,0,0,0,0,0,0,67.53125,64,16376,6156,10219,62.40332,170.446,8.574976E+07,1.6E+07
05/25/2026 19:29:35,62,49,0,49,47,54,54,54,54,71,12.0960007,5.03,1.31000006,1.39200008,1.014,0.332000017,0.650000036,3.288,2.046,0,3.37200022,3.36800027,3.11600018,56,47,42,46,1368,630,0,781,569,0,0,0,0,0,21.88,14.06,10.94,9.38,12.5,51.56,1.56,1.56,15.43,51.56,38.2857437,4338,736,4850,1461,48.5,1.57877934,0.61875,4850,833,48.5,1.25090182,0.61875,4615,297,48.5,0.8215093,0.63125,4500,205,48.5,0.6487464,0.63125,4720,433,48.5,0.9980965,0.63125,5050,2431,50.5,1.80479062,0.5375,3071,140,33.6666679,0.499665052,0.5375,3046,91,33.6666679,0.3552605,0.5375,56.7500076,52.2500038,99.99824,512,-1,485.785156,485.5,0.28515625,0.5,7618.451,7618.951,0,0,0,0,0,0,0,0,0,0,0,0,512,600,1200,3000,55,0.974000037,1.30500007,0,5,16,57,2835,10451.9824,1175,1175,36,36,60,30,0,0,61.119,64.563,1.09,9916.699,437.101563,53.4856567,0,0,0,0.012642066,0,0,0,0,0,0,0,0,0,66.6875,64,16376,6156,10219,62.40332,170.432,8.51497E+07,16749568
05/25/2026 19:29:37,62,49,0,49,47,54,54,54,54,71,12.0960007,5.03,1.31000006,1.39200008,1.024,0.328,0.650000036,3.288,2.046,0,3.37200022,3.37200022,3.12000012,56,47,42,46,1371,607,0,792,584,0,0,0,0,0,18.75,6.25,6.25,9.38,7.81,45.31,0,0,11.72,45.31,37.9216881,3886,693,4850,1422,48.5,1.5136596,0.64375,4798,711,48.5,1.1502254,0.64375,3017,238,32.3333321,0.780368268,0.64375,3006,177,32.3333321,0.615348041,0.64375,4663,402,48.5,0.9570017,0.64375,4850,2384,48.5,1.74802423,0.64375,2982,128,32.3333321,0.46503073,0.64375,2923,84,32.3333321,0.312369525,0.64375,56.5000076,52.2500038,99.99823,512,-1,485.785156,485.5,0.28515625,0.5,7618.451,7618.951,0,0,0,0,0,0,0,0,0,0,0,0,512,600,1200,3000,54,0.974000037,1.30500007,0,5,16,56,2835,10451.9824,1174,1172,36,36,60,30,0,0,60.876,58.094,1.09,9916.699,437.101563,53.5901,0,0,0,0.0127269551,0,0,0,0,0,0,0,0,0,64.1875,64,16376,6156,10219,62.40332,172.549,9.219994E+07,14599168
05/25/2026 19:29:39,62,49,0,49,47,54,54,54,54,71,12.12,5.04,1.31000006,1.39200008,1.028,0.334000021,0.650000036,3.288,2.046,0,3.37200022,3.37200022,3.12000012,56,47,42.5,46,1368,607,0,786,569,0,0,0,0,0,26.56,15.62,9.38,6.25,4.69,42.19,1.56,0,13.28,42.19,38.630497,3883,757,4850,1543,48.5,1.67189837,0.64375,4850,892,48.5,1.28876364,0.64375,3021,273,32.3333321,0.8410206,0.64375,2988,202,32.3333321,0.676251233,0.64375,4665,448,48.5,1.02198768,0.64375,4850,2464,48.5,1.868255,0.6375,2944,142,32.3333321,0.4920964,0.6375,2896,89,32.3333321,0.3540184,0.6375,56.5000076,52.2500038,99.99822,512,-1,485.785156,485.5,0.28515625,0.5,7618.451,7618.951,0,0,0,0,0,0,0,0,0,0,0,0,512,600,1200,3000,55,0.995000064,1.30500007,0,4,16,55,2835,10451.9824,1174,1175,36,36,60,30,0,0,60.345,56.096,1.09,9916.699,437.101563,53.9085,0,0,0,0.0120907715,0,0,0,0,0,0,0,0,0,64.15625,64,16376,6156,10219,62.40332,172.787,9.179955E+07,1.48992E+07
05/25/2026 19:29:41,62,49,0,49,47,54,54,54,54,71,12.0960007,5.04,1.31000006,1.39200008,1.0200001,0.344,0.650000036,3.288,2.046,0,3.37200022,3.37200022,3.11600018,56,47,42.5,46,1357,630,0,775,569,0,0,0,0,0,26.56,23.44,3.12,0,6.25,54.69,4.69,0,14.84,54.69,38.5822,4048,748,4040,1513,40.4,1.57125187,0.55625,5050,847,50.5,1.26305676,0.55625,3822,288,40.4,0.8321669,0.55625,3140,215,33.6666679,0.655755639,0.55625,3910,477,40.4,1.02720547,0.51875,5050,2389,50.5,1.80709183,0.51875,3710,156,40.4,0.495998979,0.51875,3664,102,40.4,0.327920049,0.51875,56.5000076,52.2500038,99.99823,512,-1,485.785156,485.5,0.28515625,0.5,7618.451,7618.951,0,0,0,0,0,0,0,0,0,0,0,0,512,600,1200,3000,55,1.064,1.30500007,0,6,16,55,2835,10451.9824,1172,1174,36,36,60,30,0,0,59.748,56.731,1.09,9916.699,437.101563,54.1680565,0,0,0,0.0117377313,0,0,0,0,0,0,0,0,0,66.46875,62,16376,6156,10219,62.40332,171.864,9.604915E+07,18399232
05/25/2026 19:29:43,62,49,0,49,47,54,54,54,54,71,12.0960007,5.03,1.312,1.39200008,1.01200008,0.338000029,0.648,3.288,2.046,0,3.37200022,3.37200022,3.12000012,56,47,42.5,46,1376,607,0,774,585,0,0,0,0,0,32.81,28.12,1.56,9.38,14.06,54.69,1.56,0,17.77,54.69,39.2632523,3862,708,4040,1166,40.4,1.43111038,0.5375,4040,869,40.4,1.25912666,0.5375,3819,249,40.4,0.805627465,0.5375,3759,223,40.4,0.653073251,0.5375,3869,410,40.4,0.973508,0.5375,4040,2529,40.4,1.780101,0.5375,3692,136,40.4,0.4614188,0.5375,3640,82,40.4,0.313133627,0.5375,56.6250076,52.2500038,99.99823,512,-1,485.785156,485.5,0.28515625,0.5,7618.451,7618.951,0,0,0,0,0,0,0,0,0,0,0,0,512,600,1200,3000,54,0.995000064,1.30500007,0,10,16,55,2835,10451.9824,1171,1172,36,36,60,30,0,0,60.249,51.763,1.09,9916.699,437.101563,52.7037659,0,0,0,0.01280234,0,0,0,0,0,0,0,0,0,66.90625,62,16376,6156,10219,62.40332,172.762,7.764992E+07,1.6E+07
05/25/2026 19:29:45,62,49,0,49,47,54,54,54,54,71,12.0960007,5.04,1.31000006,1.39200008,1.01200008,0.334000021,0.648,3.288,2.046,0,3.37200022,3.37200022,3.11600018,56,47,42.5,46,1363,630,0,791,569,0,0,0,0,0,31.75,14.29,0,6.35,12.7,58.73,1.59,0,15.67,58.73,38.70997,3952,750,4040,1357,40.4,1.52344847,0.525,4040,866,40.4,1.27124608,0.525,3913,286,40.4,0.8507504,0.525,3813,221,40.4,0.6680714,0.525,4004,531,40.4,1.06809914,0.525,5050,2498,50.5,1.84935677,0.525,3092,140,33.6666679,0.481509626,0.525,3661,102,40.4,0.338040859,0.55,56.5000076,52.2500038,99.99823,512,-1,485.785156,485.5,0.28515625,0.5,7618.451,7618.951,0,0,0,0,0,0,0,0,0,0,0,0,512,600,1200,3000,55,1.05500007,1.30500007,0,8,16,55,2835,10451.9824,1172,1170,36,36,60,31,0,0,60.46,52.816,1.09,9916.699,437.101563,48.21762,0,0,0,0.0124213463,0,0,0,0,0,0,0,0,0,66.21875,62,16376,6156,10219,62.40332,174.92,9.289933E+07,17649664
05/25/2026 19:29:47,62,49,0,49,47,54,54,54,54,71,12.12,5.04,1.312,1.39200008,1.01200008,0.33,0.648,3.288,2.046,0,3.37200022,3.37200022,3.12000012,56,47,42.5,46,1362,630,0,788,583,0,0,0,0,0,23.44,10.94,0,0,12.5,43.75,0,0,11.33,43.75,38.46257,4098,714,4850,1366,48.5,1.50262058,0.6375,4850,771,48.5,1.20007181,0.6375,4631,275,48.5,0.819556355,0.6375,3057,198,32.3333321,0.6249723,0.6375,4707,444,48.5,0.9848855,0.6375,4850,2429,48.5,1.76161194,0.6375,2934,134,32.3333321,0.461485147,0.6375,2907,96,32.3333321,0.325762749,0.6375,56.5000076,52.2500038,99.99824,512,-1,485.785156,485.5,0.28515625,0.5,7618.451,7618.951,0,0,0,0,0,0,0,0,0,0,0,0,512,600,1200,3000,55,0.974000037,1.30500007,0,7,16,56,2835,10451.9824,1172,1172,36,36,60,31,0,0,59.79,70.795,1.09,9916.699,437.101563,47.8332,0,0,0,0.0116962893,0,0,0,0,0,0,0,0,0,64.28125,64,16376,6156,10219,62.40332,173.913,7.849984E+07,14299136
05/25/2026 19:29:49,62,49,0,49,47,54,54,54,54,71,12.0960007,5.03,1.31000006,1.396,1.01,0.336000025,0.648,3.288,2.046,0,3.37200022,3.37200022,3.12000012,56,47,42.5,46.5,1371,607,0,775,568,0,0,0,0,0,23.44,14.06,7.81,0,10.94,45.31,0,0,12.7,45.31,38.0958672,4051,698,4850,1393,48.5,1.46755874,0.61875,5035,734,50.5,1.1647861,0.525,3935,277,40.4,0.801570356,0.61875,3821,205,40.4,0.6114566,0.61875,3901,415,39.8,0.9594543,0.51875,4900,2353,49,1.74117374,0.55,3009,125,32.6666679,0.4324874,0.55,2957,83,32.6666679,0.2815003,0.55,56.5000076,52.2500038,99.99823,512,-1,485.785156,485.5,0.28515625,0.5,7618.451,7618.951,0,0,0,0,0,0,0,0,0,0,0,0,512,600,1200,3000,55,0.974000037,1.30500007,0,8,16,56,2835,10451.9824,1172,1171,36,36,60,31,0,0,59.905,51.423,1.09,9916.699,437.101563,48.67598,0,0,0,0.0120155262,0,0,0,0,0,0,0,0,0,66.65625,64,16376,6156,10219,62.40332,173.118,8.559923E+07,14649344
05/25/2026 19:29:51,62,49,0,49,47,54,54,54,54,71,12.0960007,5.04,1.31000006,1.39200008,1.0200001,0.33,0.648,3.288,2.046,0,3.37200022,3.37200022,3.11600018,56,47,42.5,46.5,1359,630,0,786,570,0,0,0,0,0,31.25,14.06,12.5,3.12,10.94,45.31,0,3.12,15.04,45.31,38.55707,4035,751,4040,1510,40.4,1.60011828,0.55,4039,745,40.4,1.22644091,0.55,3932,350,40.4,0.8939599,0.55,3804,226,40.4,0.7135728,0.55,3939,478,40.4,1.02839971,0.55,5050,2428,50.5,1.82070673,0.55,3724,153,40.4,0.4943881,0.55,3752,117,40.4,0.3667708,0.55,56.6250076,52.2500038,99.99823,512,-1,485.785156,485.5,0.28515625,0.5,7618.451,7618.951,0,0,0,0,0,0,0,0,0,0,0,0,512,600,1200,3000,55,0.969000041,1.30500007,0,5,16,56,2835,10451.9824,1172,1173,36,36,60,30,0,0,60.328,53.392,1.09,9916.699,437.101563,49.0474,0,0,0,0.013048837,0,0,0,0,0,0,0,0,0,66.46875,62,16376,6156,10219,62.40332,174.48,7.824998E+07,16299008
05/25/2026 19:29:53,62,49,0,49,47,54,54,54,54,71,12.0960007,5.04,1.31000006,1.39200008,1.014,0.332000017,0.648,3.288,2.046,0,3.37200022,3.37200022,3.11600018,56,47,42.5,46.5,1363,607,0,784,585,0,0,0,0,0,25,6.25,9.38,3.12,4.69,39.06,3.12,0,11.33,39.06,38.48208,4069,721,4850,1419,48.5,1.51098907,0.63125,4844,704,48.5,1.14023459,0.63125,4648,323,48.5,0.853684,0.63125,3801,243,40.4,0.7004399,0.6375,3239,456,33.6666679,0.97758,0.6375,5050,2334,50.5,1.758021,0.5375,3105,176,33.6666679,0.525432765,0.5375,3017,112,33.6666679,0.382127374,0.5375,56.8750076,52.2500038,99.99823,512,-1,485.785156,485.5,0.28515625,0.5,7618.451,7618.951,0,0,0,0,0,0,0,0,0,0,0,0,512,600,1200,3000,55,0.969000041,1.30500007,0,4,16,56,2835,10451.9824,1169,1169,36,36,59,30,0,0,59.9,53.732,1.09,9916.699,437.101563,51.32797,0,0,0,0.013260508,0,0,0,0,0,0,0,0,0,66.46875,64,16376,6156,10219,62.40332,174.75,8.484966E+07,1.659904E+07
05/25/2026 19:29:55,62,49,0,49,47,54,54,54,54,71,12.0960007,5.03,1.31000006,1.39200008,1.014,0.334000021,0.648,3.288,2.046,0,3.37200022,3.37200022,3.11600018,56,47,42.5,46.5,1374,607,0,776,570,0,0,0,0,0,23.44,10.94,1.56,3.12,1.56,39.06,1.56,0,10.16,39.06,38.7792931,4238,700,4850,1408,48.5,1.512489,0.6375,4782,662,48.5,1.04414332,0.6375,4502,275,48.5,0.8187472,0.6375,4480,205,48.5,0.6699842,0.6375,4591,425,48.5,0.9457309,0.6375,4850,2342,48.5,1.70473,0.6375,2948,164,32.3333321,0.5002083,0.6375,2899,120,32.3333321,0.400667429,0.6375,56.7500076,52.6250038,99.99823,512,-1,485.785156,485.5,0.28515625,0.5,7618.451,7618.951,0,0,0,0,0,0,0,0,0,0,0,0,512,600,1200,3000,55,0.979000032,1.30500007,0,9,16,56,2835,10451.9824,1172,1168,36,36,59,30,0,0,59.593,54.004,1.09,9916.699,437.101563,54.094696,0,0,0,0.0137959933,0,0,0,0,0,0,0,0,0,63.65625,64,16376,6156,10219,62.40332,173.157,9.999974E+07,15149056
05/25/2026 19:29:57,62,49,0,49,47,54,54,54,54,71,12.0960007,5.03,1.31000006,1.39200008,1.01,0.334000021,0.648,3.288,2.046,0,3.37200022,3.37200022,3.11600018,56,47,42.5,46.5,1376,630,0,775,585,0,0,0,0,0,25.4,14.29,4.76,0,0,38.1,0,0,10.32,38.1,38.32642,3971,745,4850,1623,48.5,1.59489727,0.65,4850,727,48.5,1.09825289,0.65,3076,327,32.3333321,0.8625873,0.65,3047,270,32.3333321,0.728840947,0.63125,4702,459,48.5,0.975928545,0.63125,5050,2245,50.5,1.71751285,0.5375,3097,176,33.6666679,0.5772475,0.5375,3097,130,33.6666679,0.435841054,0.5375,56.7500076,52.2500038,99.99823,512,-1,485.785156,485.5,0.28515625,0.5,7618.451,7618.951,0,0,0,0,0,0,0,0,0,0,0,0,512,600,1200,3000,55,0.984,1.30500007,0,6,16,55,2835,10451.9824,1171,1172,36,36,59,30,0,0,59.899,56.529,1.09,9916.699,437.101563,54.5504074,0,0,0,0.0150599163,0,0,0,0,0,0,0,0,0,67.34375,64,16376,6156,10219,62.40332,173.175,4.424909E+07,17399808
05/25/2026 19:29:59,62,49,0,50,47,55,55,56,56,73,12.0960007,5.04,1.312,1.39200008,1.05000007,0.342,0.648,3.292,2.046,0,3.37200022,3.37200022,3.11600018,58,47.5,42.5,46.5,1354,608,0,775,569,0,0,0,0,0,33.85,18.46,7.69,6.15,9.23,43.08,1.54,1.54,15.19,43.08,39.8647423,3503,890,4850,2086,48.5,2.14326787,0.55,3233,805,32.3333321,1.36552155,0.55,2983,377,32.3333321,0.9742086,0.55,3047,330,32.3333321,0.8869887,0.55,3068,525,32.3333321,1.129256,0.55,4850,2560,48.5,2.14721942,0.55,2977,257,32.3333321,0.7155653,0.55,3015,180,32.3333321,0.5658244,0.55,58.0000076,53.6250038,99.99822,512,-1,485.785156,485.5,0.28515625,0.5,7618.451,7618.951,0,0,0,0,0,0,0,0,0,0,0,0,512,600,1200,3000,55,0.979000032,1.30500007,0,7,16,55,2835,10451.9824,1171,1169,36,36,59,30,0,0,60.293,66.18,1.09,9916.699,437.101563,54.67357,0,0,0,0.01487744,0,0,0,0,0,0,0,0,0,65,64,16376,6156,10219,62.40332,174.797,63599616,15049728
05/25/2026 19:30:01,63,49,0,54,47,58,58,58,58,74,12.12,5.03,1.312,1.39200008,1.01200008,0.326,0.646,3.288,2.046,0,3.37200022,3.37200022,3.12000012,58,47.5,42.5,46.5,1392,630,0,786,570,0,0,0,0,0,25.4,15.87,11.11,6.35,12.7,52.38,6.35,1.59,16.47,52.38,38.4054527,3887,703,4040,1464,40.4,1.48387742,0.5625,3933,585,40.4,1.04562473,0.5625,3717,301,40.4,0.8255377,0.5375,3168,230,33.6666679,0.7155326,0.5375,3793,425,40.4,0.9310239,0.5375,5050,2310,50.5,1.72089934,0.5375,3707,169,40.4,0.595964,0.54375,3690,141,40.4,0.438113868,0.54375,58.3750076,52.6250038,99.99823,512,-1,485.785156,485.5,0.28515625,0.5,7618.451,7618.951,0,0,0,0,0,0,0,0,0,0,0,0,512,600,1200,3000,55,1.064,1.30500007,0,6,16,55,2835,10451.9824,1167,1171,36,36,58,30,0,0,59.946,61.387,1.09,9916.699,437.332031,54.25543,0,0,0,0.0148924962,0,0,0,0,0,0.009888054,0,0,0,66.5625,64,16376,6156,10219,62.40332,173.822,8.43991E+07,19049472
05/25/2026 19:30:03,64,49,0,54,47,58,58,58,58,74,12.12,5.04,1.312,1.39200008,1.008,0.33,0.646,3.288,2.046,0,3.37200022,3.37200022,3.12000012,57,47,42.5,46.5,1421,630,0,844,584,0,0,0,0,0,28.12,21.88,7.81,9.38,12.5,45.31,3.12,1.56,16.21,45.31,38.4248161,4329,717,4850,1471,48.5,1.54787147,0.64375,4850,653,48.5,1.10183775,0.64375,4494,278,48.5,0.828165352,0.64375,4524,234,48.5,0.7309921,0.64375,4634,440,48.5,0.954814851,0.61875,5050,2351,50.5,1.7345922,0.6375,3141,167,33.6666679,0.5439572,0.6375,3089,140,33.6666679,0.463018745,0.6375,57.8750076,52.6250038,99.99822,512,-1,485.785156,485.5,0.28515625,0.5,7618.451,7618.951,0,0,0,0,0,0,0,0,0,0,0,0,512,600,1200,3000,55,0.995000064,1.30500007,0,5,16,56,2835,10451.9824,1168,1166,36,36,58,29,0,0,59.955,61.874,1.09,9916.699,437.332031,54.1787262,0,0,0,0.015327245,0,0,0,0,0,0,0,0,0,67.34375,64,16376,6156,10219,62.40332,172.751,8.449946E+07,14599168
05/25/2026 19:30:05,63,49,0,51,47,56,56,56,56,73,12.0960007,5.04,1.312,1.396,1.008,0.34,0.646,3.288,2.046,0,3.37200022,3.37200022,3.11600018,57,47,42.5,46.5,1401,607,0,831,570,0,0,0,0,0,28.12,10.94,10.94,9.38,3.12,53.12,4.69,9.38,16.21,53.12,38.2734032,3805,680,4040,1320,40.4,1.44046271,0.5375,3959,584,40.4,1.03650165,0.5375,3047,252,33.6666679,0.7807934,0.5375,3764,248,40.4,0.6943785,0.5375,3145,363,33.6666679,0.894680262,0.5375,5050,2338,50.5,1.69927478,0.5375,3740,186,40.4,0.6106347,0.5375,3698,150,40.4,0.472514033,0.5375,57.7500076,52.6250038,99.99823,512,-1,485.785156,485.5,0.28515625,0.5,7618.451,7618.951,0,0,0,0,0,0,0,0,0,0,0,0,512,600,1200,3000,55,0.965000033,1.30500007,0,7,16,57,2835,10451.9824,1168,1169,36,36,58,30,0,0,59.867,54.552,1.09,9916.578,399.167969,53.875618,0,0,0,0.0143838776,0,0,0,0,0,0,0,0,0,66.15625,64,16376,6156,10219,62.40332,173.584,7.754957E+07,16049152
05/25/2026 19:30:07,63,49,0,51,47,56,56,56,56,73,12.0960007,5.04,1.31000006,1.39200008,1.008,0.328,0.646,3.288,2.046,0,3.37200022,3.36800027,3.11600018,57,47,42.5,46.5,1395,630,0,809,585,0,0,0,0,0,27.69,15.38,6.15,4.62,12.31,46.15,9.23,4.62,15.77,46.15,38.42801,3478,680,4850,1483,48.5,1.50432122,0.6375,3149,586,32.3333321,1.05401123,0.6375,2977,265,32.3333321,0.79245317,0.6375,3018,223,32.3333321,0.6868995,0.6375,2985,377,32.3333321,0.900997639,0.6375,4850,2194,48.5,1.67710054,0.6375,3009,172,32.3333321,0.5335636,0.6375,2985,139,32.3333321,0.4138184,0.6375,57.2500076,52.2500038,99.99822,512,-1,485.785156,485.5,0.28515625,0.5,7618.451,7618.951,0,0,0,0,0,0,0,0,0,0,0,0,512,600,1200,3000,55,0.989,1.30500007,0,6,16,57,2835,10451.9824,1167,1171,36,36,58,30,0,0,60.736,64.733,1.09,9916.578,399.167969,54.2787666,0,0,0,0.01630032,0,0,0,0,0,0,0,0,0,63.46875,62,16376,6156,10219,62.40332,173.901,1.12E+08,14349312
05/25/2026 19:30:09,63,49,0,51,47,56,56,56,56,73,12.0960007,5.03,1.31000006,1.39200008,1.01200008,0.328,0.646,3.28400016,2.046,0,3.36800027,3.36800027,3.11600018,57,47.5,42.5,46.5,1396,630,0,833,570,0,0,0,0,0,34.92,19.05,6.35,4.76,12.7,47.62,1.59,1.59,16.07,47.62,38.73395,3983,710,4040,1436,40.4,1.52398491,0.55,3985,634,40.4,1.104695,0.55,3810,311,40.4,0.834476769,0.55,3711,238,40.4,0.7078187,0.55,3854,439,40.4,0.949511647,0.55,5050,2312,50.5,1.74239814,0.55,3717,174,40.4,0.574403,0.55,3696,135,40.4,0.4093522,0.55,57.1250076,52.6250038,99.99823,512,-1,485.785156,485.5,0.28515625,0.5,7618.451,7618.951,0,0,0,0,0,0,0,0,0,0,0,0,512,600,1200,3000,55,1.064,1.30500007,0,11,16,57,2835,10451.9824,1169,1168,36,36,58,30,0,0,60.209,66.847,1.09,9916.578,399.167969,53.55832,0,0,0,0.0187340546,0,0,0,0,0,0,0,0,0,67.46875,62,16376,6156,10219,62.40332,171.887,9.844941E+07,16699392
05/25/2026 19:30:11,63,49,0,51,47,56,56,56,56,73,12.0960007,5.03,1.31000006,1.39200008,1.01,0.334000021,0.646,3.288,2.046,0,3.37200022,3.37200022,3.11600018,57,47.5,43,46.5,1405,607,0,822,584,0,0,0,0,0,26.15,16.92,10.77,7.69,9.23,50.77,4.62,3.08,16.15,50.77,38.37118,4074,660,4850,1333,48.5,1.42077553,0.6125,4680,570,48.5,1.04222751,0.6125,3008,291,32.3333321,0.8056489,0.6125,4515,218,48.5,0.697808862,0.625,4461,363,48.5,0.9010493,0.625,4850,2217,48.5,1.73569214,0.625,3136,163,33.6666679,0.5661357,0.5625,3089,123,33.6666679,0.37600854,0.5625,57.1250076,52.6250038,99.99823,512,-1,485.785156,485.5,0.28515625,0.5,7618.451,7618.951,0,0,0,0,0,0,0,0,0,0,0,0,512,600,1200,3000,55,0.974000037,1.30500007,0,10,16,56,2835,10451.9824,1168,1168,36,36,58,30,0,0,60.693,51.189,1.09,9916.578,399.167969,54.0298157,0,0,0,0.0289303735,0,0,0,0,0,0,0,0,0,66.59375,64,16376,6156,10219,62.40332,171.598,8.43991E+07,1.449984E+07
05/25/2026 19:30:13,63,49,0,52,47,56,56,57,57,73,12.12,5.04,1.312,1.39200008,1.008,0.328,0.644000053,3.28400016,2.046,0,3.37200022,3.36800027,3.12000012,58,47.5,43,46.5,1387,630,0,805,584,0,0,0,0,0,28.12,10.94,4.69,6.25,6.25,45.31,1.56,0,12.89,45.31,39.7021942,3878,691,4040,1367,40.4,1.57465327,0.6375,3988,658,40.4,1.14935482,0.6375,3715,269,40.4,0.8209829,0.6375,3121,220,33.6666679,0.6781822,0.6375,3736,375,40.4,0.9564407,0.6375,5050,2394,50.5,1.91930091,0.5625,3704,154,40.4,0.572654843,0.5625,3668,92,40.4,0.3620621,0.5625,57.6250076,58.0000038,99.99823,512,-1,485.785156,485.5,0.28515625,0.5,7618.451,7618.951,0,0,0,0,0,0,0,0,0,0,0,0,512,600,1200,3000,55,0.974000037,1.30500007,0,5,16,56,2835,10451.9824,1167,1166,36,36,58,30,0,0,61.547,51.488,1.09,9916.578,399.167969,54.0212364,0,0,0,0.0366462,0,0,0,0,0,0,0,0,0,66.25,62,16376,6156,10219,62.40332,173.017,6.869914E+07,17099776
05/25/2026 19:30:15,64,49,0,54,47,58,58,58,58,74,12.0960007,5.04,1.31000006,1.39200008,1.01200008,0.334000021,0.646,3.288,2.046,0,3.37200022,3.37200022,3.11600018,58,47.5,43,46.5,1411,607,0,837,569,0,0,0,0,0,21.88,4.69,1.56,0,3.12,32.81,0,0,8.01,32.81,38.4214,4082,667,4850,1351,48.5,1.51998365,0.63125,4850,688,48.5,1.17703712,0.63125,3029,270,32.3333321,0.8233264,0.63125,3011,205,32.3333321,0.666021168,0.63125,4706,391,48.5,0.9448911,0.63125,4850,2207,48.5,1.81472993,0.625,4438,131,48.5,0.4952368,0.625,2919,95,32.3333321,0.3398948,0.625,58.1250076,53.6250038,99.99823,512,-1,485.785156,485.5,0.28515625,0.5,7618.451,7618.951,0,0,0,0,0,0,0,0,0,0,0,0,512,600,1200,3000,55,0.969000041,1.30500007,0,4,16,57,2835,10451.9824,1167,1168,36,36,59,30,0,0,61.288,71.893,1.09,9916.578,399.167969,54.0010719,0,0,0,0.0294190086,0,0,0,0,0,0,0,0,0,67.3125,64,16376,6156,10219,62.40332,172.649,8.559923E+07,15699968
05/25/2026 19:30:17,64,49,0,53,47,56,56,56,56,73,12.0960007,5.04,1.312,1.39200008,1.014,0.334000021,0.644000053,3.288,2.046,0,3.37200022,3.37200022,3.11600018,57,47.5,43,46.5,1420,607,0,851,584,0,0,0,0,0,31.25,17.19,9.38,4.69,10.94,37.5,1.56,3.12,14.45,37.5,38.3083954,3879,626,4850,1324,48.5,1.460213,0.65,4824,613,48.5,1.07470822,0.65,3023,249,32.3333321,0.785340548,0.65,2993,181,32.3333321,0.635288358,0.65,3103,366,32.3333321,0.8946826,0.65,4850,2073,48.5,1.66479731,0.65,2953,119,32.3333321,0.4507428,0.65,4438,80,48.5,0.2865018,0.64375,57.7500076,53.1250038,99.99824,512,-1,485.785156,485.5,0.28515625,0.5,7618.451,7618.951,0,0,0,0,0,0,0,0,0,0,0,0,512,600,1200,3000,55,1.05500007,1.30500007,0,13,16,57,2835,10451.9824,1167,1168,36,36,59,30,0,0,60.944,70.022,1.09,9916.578,398.9375,53.7316666,0,0,0,0.03521349,0,0,0,0,0,0.009798361,0,0,0,64.15625,62,16376,6156,10219,62.40332,171.424,8.154931E+07,1.469952E+07
05/25/2026 19:30:19,63,49,0,51,47,56,56,56,56,73,12.0960007,5.04,1.31000006,1.39200008,1,0.328,0.644000053,3.28400016,2.046,0,3.37200022,3.37200022,3.11600018,57,47.5,43,46.5,1401,630,0,852,569,0,0,0,0,0,23.44,14.06,6.25,1.56,6.25,32.81,3.12,0,10.94,32.81,38.28412,3920,639,4850,1313,48.5,1.52459383,0.625,4770,619,48.5,1.09025562,0.625,2990,260,32.3333321,0.7959327,0.625,3028,193,32.3333321,0.653609157,0.625,4515,359,48.5,0.9077922,0.625,5050,2157,50.5,1.75827217,0.5625,3104,130,33.6666679,0.483002752,0.5625,3053,82,33.6666679,0.342107862,0.5625,57.5000076,52.6250038,99.99823,512,-1,485.785156,485.5,0.28515625,0.5,7618.451,7618.951,0,0,0,0,0,0,0,0,0,0,0,0,512,600,1200,3000,55,0.965000033,1.30500007,0,6,16,57,2835,10451.9824,1167,1168,36,36,59,30,0,0,61.599,70.565,1.09,9916.578,398.9375,53.9218636,0,0,0,0.033930108,0,0,0,0,0,0,0,0,0,66.6875,64,16376,6156,10219,62.40332,172.112,8.539955E+07,15649792
05/25/2026 19:30:21,63,49,0,51,47,56,56,56,56,73,12.0960007,5.03,1.312,1.39200008,1,0.334000021,0.644000053,3.288,2.046,0,3.37200022,3.37200022,3.11600018,57,47.5,43,46.5,1413,606,0,818,584,0,0,0,0,0,25,14.06,4.69,1.56,4.69,28.12,0,0,9.77,28.12,38.1542,3832,666,4040,1375,40.4,1.535705,0.6375,3367,703,33.6666679,1.17013431,0.6375,3147,275,33.6666679,0.8109843,0.6375,3778,194,40.4,0.6361304,0.5625,3840,402,40.4,0.9530399,0.5625,5050,2148,50.5,1.77488649,0.5625,3699,122,40.4,0.484542,0.5625,3731,110,40.4,0.331019878,0.5625,57.5000076,52.6250038,99.99823,512,-1,485.785156,485.5,0.28515625,0.5,7618.451,7618.951,0,0,0,0,0,0,0,0,0,0,0,0,512,600,1200,3000,56,1.05500007,1.30500007,0,22,16,57,2835,10451.9824,1167,1168,36,36,60,30,0,0,60.921,55.381,1.09,9916.578,398.9375,53.569088,0,0,0,0.0346005633,0,0,0,0,0,0,0,0,0,66.5625,64,16376,6156,10219,62.40332,173.204,127299584,15199232
05/25/2026 19:30:23,63,49,0,51,47,56,56,56,56,73,12.0960007,5.03,1.31000006,1.39200008,1.01200008,0.328,0.644000053,3.288,2.046,0,3.37200022,3.36800027,3.11600018,57,47,43,46.5,1393,629,0,818,585,0,0,0,0,0,30.16,12.7,4.69,3.12,6.35,36.51,1.56,0,11.89,36.51,38.0597076,4223,637,5050,1393,50.5,1.52822459,0.5375,4040,694,40.4,1.1353271,0.5375,3730,232,40.4,0.77787286,0.5375,3793,186,40.4,0.586323857,0.5375,4717,333,50.5,0.892857134,0.5375,5050,2070,50.5,1.68613148,0.5375,3699,112,40.4,0.492724538,0.5375,3702,78,40.4,0.295039415,0.5375,57.2500076,53.1250038,99.99823,512,-1,485.785156,485.5,0.28515625,0.5,7618.451,7618.951,0,0,0,0,0,0,0,0,0,0,0,0,512,600,1200,3000,56,1.04500008,1.30500007,0,12,16,57,2835,10451.9824,1166,1168,36,36,60,30,0,0,61.048,67.006,1.09,9916.578,398.9375,53.9573631,0,0,0,0.0311017968,0,0,0,0,0,0,0,0,0,67.125,64,16376,6156,10219,62.40332,171.776,9.194906E+07,18499584
05/25/2026 19:30:25,63,49,0,51,47,56,56,56,56,73,12.0960007,5.03,1.31000006,1.39200008,0.996000051,0.334000021,0.644000053,3.288,2.046,0,3.37200022,3.36800027,3.11600018,57,47.5,43,46.5,1410,630,0,806,570,0,0,0,0,0,21.88,4.69,6.25,0,10.94,28.12,1.56,0,9.18,28.12,38.2249832,3576,632,4850,1350,48.5,1.56950772,0.6375,4850,618,48.5,1.11081076,0.63125,2983,247,32.3333321,0.788814962,0.63125,2987,181,32.3333321,0.6524762,0.63125,2977,343,32.3333321,0.9073208,0.63125,4040,2113,40.4,1.73399985,0.625,2973,121,32.3333321,0.4941843,0.5375,2951,81,32.3333321,0.318459272,0.5375,57.2500076,53.1250038,99.99823,512,-1,485.785156,485.5,0.28515625,0.5,7618.451,7618.951,0,0,0,0,0,0,0,0,0,0,0,0,512,600,1200,3000,55,1.079,1.30500007,0,9,16,57,2835,10451.9824,1166,1167,36,36,60,30,0,0,61.009,64.678,1.09,9916.578,398.9375,53.8703842,0,0,0,0.01831568,0,0,0,0,0,0,0,0,0,67.0625,64,16376,6156,10219,62.40332,170.899,8.874906E+07,16749568
05/25/2026 19:30:27,63,49,0,51,47,56,56,56,56,73,12.0960007,5.03,1.31000006,1.39200008,1.014,0.34,0.644000053,3.288,2.046,0,3.37200022,3.36800027,3.11600018,57,47.5,43,46.5,1406,607,0,815,584,0,0,0,0,0,31.25,12.5,6.25,4.76,12.5,34.38,1.59,0,12.9,34.38,38.4248238,3672,638,4850,1366,48.5,1.557664,0.60625,4850,640,48.5,1.15462482,0.60625,2972,253,32.3333321,0.8143122,0.60625,2973,189,32.3333321,0.651784062,0.60625,2999,379,32.3333321,0.95221585,0.60625,4850,2064,48.5,1.8173362,0.60625,2963,125,32.3333321,0.524648,0.63125,2918,90,32.3333321,0.346433163,0.63125,57.3750076,53.1250038,99.99823,512,-1,485.785156,485.5,0.28515625,0.5,7618.451,7618.951,0,0,0,0,0,0,0,0,0,0,0,0,512,600,1200,3000,55,1,1.30500007,0,7,16,57,2835,10451.9824,1167,1167,36,36,60,30,0,0,61.29,62.754,1.09,9916.578,398.9375,54.3237076,0,0,0,0.0118688848,0,0,0,0,0,0,0,0,0,66.4375,64,16376,6156,10219,62.40332,172.136,8.374989E+07,17149952
05/25/2026 19:30:29,63,49,0,51,47,56,56,56,56,73,12.0960007,5.03,1.31000006,1.39200008,1.00200009,0.338000029,0.644000053,3.288,2.046,0,3.37200022,3.36800027,3.11600018,57,47.5,43,46.5,1401,630,0,806,570,0,0,0,0,0,34.38,14.06,6.25,6.25,15.62,35.94,3.12,0,14.45,35.94,37.75745,4324,589,4850,1253,48.5,1.46198666,0.6375,4850,564,48.5,1.058352,0.6375,4595,251,48.5,0.7522344,0.6375,4496,179,48.5,0.552452862,0.6375,4494,318,48.5,0.8648642,0.6375,5050,1943,50.5,1.64438379,0.63125,3151,116,33.6666679,0.464376152,0.63125,3108,85,33.6666679,0.309696317,0.63125,57.2500076,53.1250038,99.99823,512,-1,485.785156,485.5,0.28515625,0.5,7618.451,7618.951,0,0,0,0,0,0,0,0,0,0,0,0,512,600,1200,3000,55,0.984,1.30500007,0,6,16,56,2835,10451.9824,1166,1168,36,36,60,30,0,0,61.189,61.075,1.09,9916.578,398.9375,54.0243454,0,0,0,0.012435,0,0,0,0,0,0,0,0,0,66.8125,64,16376,6156,10219,62.40332,172.171,8.51497E+07,18999296
05/25/2026 19:30:31,63,49,0,51,47,56,56,56,56,73,12.0960007,5.03,1.31000006,1.39200008,1,0.33,0.642,3.288,2.046,0,3.36800027,3.36800027,3.11600018,57,47.5,43,46.5,1406,630,0,805,584,0,0,0,0,0,22.22,19.05,6.35,6.35,15.87,46.03,4.76,0,15.08,46.03,37.8509331,4070,594,4850,1384,48.5,1.52773631,0.5125,4850,600,48.5,1.07670653,0.5125,3034,227,32.3333321,0.738077939,0.5125,3045,173,32.3333321,0.5696371,0.5125,4511,333,48.5,0.8819851,0.5125,4850,1833,48.5,1.64529061,0.5125,3014,125,32.3333321,0.458212137,0.5125,4408,81,48.5,0.3050759,0.5125,57.5000076,53.1250038,99.99823,512,-1,485.785156,485.5,0.28515625,0.5,7618.451,7618.951,0,0,0,0,0,0,0,0,0,0,0,0,512,600,1200,3000,55,1.04500008,1.30500007,0,9,16,56,2835,10451.9824,1166,1165,36,36,60,30,0,0,60.493,59.625,1.09,9916.578,398.9375,53.8211479,0,0,0,0.0126405135,0,0,0,0,0,0,0,0,0,66.59375,62,16376,6156,10219,62.40332,170.067,5.664973E+07,17099776
05/25/2026 19:30:33,63,49,0,51,47,56,56,56,56,73,12.0960007,5.04,1.31000006,1.39200008,1.008,0.328,0.642,3.288,2.046,0,3.37200022,3.36800027,3.11600018,57,47.5,43,46.5,1401,607,0,804,585,0,0,0,0,0,40.62,12.5,7.94,6.15,7.81,35.94,1.54,3.12,14.45,40.62,38.38557,4476,626,4850,1387,48.5,1.55731881,0.54375,4850,631,48.5,1.12733066,0.54375,4496,244,48.5,0.7851474,0.54375,4644,188,48.5,0.608626,0.54375,4586,377,48.5,0.9246561,0.54375,4850,1986,48.5,1.72878885,0.54375,4567,116,48.5,0.476532251,0.54375,2969,81,32.3333321,0.329485118,0.54375,57.3750076,52.6250038,99.99823,512,-1,485.785156,485.5,0.28515625,0.5,7618.451,7618.951,0,0,0,0,0,0,0,0,0,0,0,0,512,600,1200,3000,56,1.069,1.30500007,0,7,16,57,2835,10451.9824,1164,1167,36,36,60,30,0,0,60.364,58.349,1.09,9916.578,398.9375,54.09924,0,0,0,0.0119097913,0,0,0,0,0,0,0,0,0,66.25,62,16376,6156,10219,62.40332,170.278,109199360,17299456
05/25/2026 19:30:35,63,49,0,51,47,56,56,56,56,73,12.0960007,5.03,1.312,1.396,1,0.344,0.642,3.28400016,2.046,0,3.37200022,3.37200022,3.12000012,57,47.5,43,46.5,1415,630,0,817,570,0,0,0,0,0,23.81,9.52,9.52,3.17,3.17,44.44,3.17,1.56,12.3,44.44,38.7634277,3670,588,4850,1299,48.5,1.4945333,0.6375,3233,611,32.3333321,1.073908,0.6375,2995,259,32.3333321,0.7697103,0.6375,3064,193,32.3333321,0.5603626,0.6375,2988,320,32.3333321,0.866824448,0.6375,4850,1827,48.5,1.59012783,0.6375,4467,116,48.5,0.436306953,0.6375,2914,79,32.3333321,0.309136242,0.6375,57.3750076,53.6250038,99.99822,512,-1,485.785156,485.5,0.28515625,0.5,7618.451,7618.951,0,0,0,0,0,0,0,0,0,0,0,0,512,600,1200,3000,55,1.04500008,1.30500007,0,16,16,57,2835,10451.9824,1165,1163,36,36,59,30,0,0,60.554,66.732,1.09,9916.578,398.9375,53.62223,0,0,0,0.0124741709,0,0,0,0,0,0,0,0,0,63.3125,64,16376,6156,10219,62.40332,171.528,4.939981E+07,16749568
05/25/2026 19:30:37,63,49,0,51,47,56,56,56,56,73,12.0960007,5.04,1.31000006,1.39200008,1,0.328,0.642,3.288,2.046,0,3.37200022,3.37200022,3.11600018,57,47.5,43,46.5,1401,607,0,806,583,0,0,0,0,0,17.46,6.35,1.59,3.12,1.59,38.1,3.12,0,8.92,38.1,37.82325,3698,584,4850,1379,48.5,1.51420593,0.6375,4850,581,48.5,1.06499994,0.6375,2994,230,32.3333321,0.741560638,0.6375,3057,190,32.3333321,0.587965369,0.6375,2986,305,32.3333321,0.851187468,0.6375,4850,1769,48.5,1.56723809,0.6375,3014,134,32.3333321,0.425509334,0.6375,2985,87,32.3333321,0.3176361,0.6375,57.3750076,53.1250038,99.99823,512,-1,485.785156,485.5,0.28515625,0.5,7618.451,7618.951,0,0,0,0,0,0,0,0,0,0,0,0,512,600,1200,3000,55,0.974000037,1.30500007,0,5,16,57,2835,10451.9824,1166,1166,36,36,59,30,0,0,59.397,53.659,1.09,9916.578,398.9375,53.39007,0,0,0,0.0125144329,0,0,0,0,0,0,0,0,0,66.09375,64,16376,6156,10219,62.40332,170.631,9.844941E+07,18699264
05/25/2026 19:30:39,63,49,0,51,47,56,56,56,56,73,12.0960007,5.03,1.31000006,1.39200008,1,0.328,0.642,3.28400016,2.046,0,3.37200022,3.36800027,3.11600018,57,47.5,43,46.5,1411,607,0,821,570,0,0,0,0,0,17.19,10.94,4.69,0,3.12,28.12,0,1.56,8.2,28.12,37.8869553,4027,580,4040,1330,40.4,1.50252748,0.5375,4040,590,40.4,1.07257318,0.5375,3877,246,40.4,0.7323955,0.5375,3851,188,40.4,0.579388857,0.5375,3833,358,40.4,0.890852,0.5375,5050,1710,50.5,1.58980072,0.5375,3805,128,40.4,0.456837,0.5375,3717,89,40.4,0.320088148,0.5375,57.3750076,53.1250038,99.99824,512,-1,485.785156,485.5,0.28515625,0.5,7618.451,7618.951,0,0,0,0,0,0,0,0,0,0,0,0,512,600,1200,3000,55,0.995000064,1.30500007,0,6,16,57,2835,10451.9824,1163,1164,36,36,59,30,0,0,58.989,51.923,1.09,9916.578,398.9375,52.5406723,0,0,0,0.0166841429,0,0,0,0,0,0,0,0,0,67.03125,62,16376,6156,10219,62.40332,169.238,6.589952E+07,17099776
05/25/2026 19:30:41,63,49,0,51,47,56,56,56,56,73,12.0960007,5.04,1.31000006,1.396,1.01,0.332000017,0.642,3.288,2.046,0,3.37200022,3.36800027,3.11600018,57,47.5,43,46.5,1400,630,0,821,586,0,0,0,0,0,9.38,6.25,1.56,3.12,4.69,25,1.56,1.56,6.64,25,37.9211922,3830,549,4850,1308,48.5,1.47282624,0.63125,4850,530,48.5,1.01273263,0.63125,3145,270,32.3333321,0.741354,0.63125,4622,169,48.5,0.552809358,0.63125,2953,314,32.3333321,0.8409777,0.63125,3233,1604,32.3333321,1.53542078,0.63125,3854,116,40.4,0.456624925,0.625,3132,83,33.6666679,0.3043083,0.625,57.3750076,53.6250038,99.99824,512,-1,485.785156,485.5,0.28515625,0.5,7618.451,7618.951,0,0,0,0,0,0,0,0,0,0,0,0,512,600,1200,3000,56,1.069,1.30500007,0,6,16,56,2835,10451.9824,1164,1164,36,36,59,30,0,0,59.234,51.402,1.09,9916.578,398.9375,52.23486,0,0,0,0.0165186748,0,0,0,0,0,0,0,0,0,67.5625,64,16376,6156,10219,62.40332,170.052,9.134899E+07,18199552
05/25/2026 19:30:43,63,49,0,51,47,56,56,56,56,73,12.0960007,5.03,1.31000006,1.39200008,0.996000051,0.328,0.642,3.28400016,2.046,0,3.37200022,3.36800027,3.11600018,57,47.5,43.5,46.5,1405,607,0,822,587,0,0,0,0,0,20.31,0,0,0,0,26.56,0,1.59,6.06,26.56,38.4991264,3919,545,4850,1337,48.5,1.493098,0.63125,4850,579,48.5,1.02888608,0.63125,3113,234,32.3333321,0.7297198,0.63125,3073,175,32.3333321,0.540785432,0.63125,3025,360,32.3333321,0.8648822,0.63125,4850,1470,48.5,1.45638621,0.63125,4615,117,48.5,0.418934733,0.63125,2975,85,32.3333321,0.299579531,0.63125,57.5000076,53.6250038,99.99822,512,-1,485.785156,485.5,0.28515625,0.5,7618.451,7618.951,0,0,0,0,0,0,0,0,0,0,0,0,512,600,1200,3000,56,0.984,1.30500007,0,7,16,55,2835,10451.9824,1165,1163,36,36,58,29,0,0,60.979,69.587,1.09,9916.578,398.9375,51.8450279,0,0,0,0.01721223,0,0,0,0,0,0,0,0,0,64.09375,64,16376,6156,10219,62.40332,171.025,7.259955E+07,17999872
05/25/2026 19:30:45,63,49,0,51,47,56,56,56,56,73,12.0960007,5.04,1.31000006,1.39200008,0.998,0.332000017,0.640000045,3.28400016,2.046,0,3.36800027,3.37200022,3.11600018,57,47.5,43.5,46.5,1401,630,0,805,571,0,0,0,0,0,44.44,15.87,3.17,0,0,19.05,1.56,0,10.51,44.44,38.0206566,4528,628,5050,1452,50.5,1.59056532,0.5,5050,716,50.5,1.15331364,0.49375,5001,311,50.5,0.811237752,0.51875,5011,235,50.5,0.6219155,0.525,3914,426,40.4,0.942405939,0.51875,5050,1604,50.5,1.58699262,0.51875,3954,172,40.4,0.504739463,0.51875,3197,109,33.6666679,0.364713073,0.525,57.5000076,53.1250038,99.99823,512,-1,485.785156,485.5,0.28515625,0.5,7618.451,7618.951,0,0,0,0,0,0,0,0,0,0,0,0,512,600,1200,3000,55,1.079,1.30500007,0,8,16,55,2835,10451.9824,1162,1163,36,36,58,29,0,0,60.499,69.688,1.09,9916.578,398.9375,52.03544,0,0,0,0.0179803185,0,0,0,0,0,0,0,0,0,65.65625,64,16376,6156,10219,62.40332,169.661,5.574963E+07,17649664
05/25/2026 19:30:47,63,49,0,51,47,56,56,56,56,73,12.0960007,5.03,1.31000006,1.39200008,0.994,0.342,0.640000045,3.28000021,2.046,0,3.36800027,3.36800027,3.11600018,57,47.5,43.5,46.5,1416,607,0,807,585,0,0,0,0,0,39.68,7.94,4.76,0,0,23.81,0,0,9.52,39.68,37.59645,4356,544,4850,1312,48.5,1.446461,0.6375,4850,567,48.5,1.02182233,0.6375,4724,251,48.5,0.71344167,0.6375,3750,166,38.8,0.5288869,0.6375,3861,331,40.4,0.8425604,0.61875,5050,1520,50.5,1.45294547,0.61875,3939,120,40.4,0.413418263,0.61875,3825,83,40.4,0.2901816,0.61875,57.3750076,53.1250038,99.99823,512,-1,485.785156,485.5,0.28515625,0.5,7618.451,7618.951,0,0,0,0,0,0,0,0,0,0,0,0,512,600,1200,3000,55,1.005,1.30500007,0,12,16,55,2835,10451.9824,1164,1162,36,36,58,29,0,0,58.618,49.398,1.09,9916.578,398.9375,52.28719,0,0,0,0.0168124214,0,0,0,0,0,0,0,0,0,67.4375,64,16376,6156,10219,62.40332,169.779,9.679974E+07,18849792
05/25/2026 19:30:49,63,49,0,51,47,56,56,56,56,73,12.0960007,5.03,1.31000006,1.39200008,1.006,0.342,0.640000045,3.28400016,2.046,0,3.37200022,3.36800027,3.11600018,57,47.5,43.5,47,1400,607,0,805,585,0,0,0,0,0,41.54,4.62,4.62,1.54,4.62,12.31,0,0,8.65,41.54,37.49432,3917,540,4850,1255,48.5,1.41898537,0.63125,3233,586,32.3333321,1.04031754,0.63125,3065,238,32.3333321,0.7343498,0.63125,3147,169,32.3333321,0.577386141,0.64375,4581,337,48.5,0.85223335,0.64375,4850,1530,48.5,1.48069715,0.64375,4603,118,48.5,0.3993792,0.64375,3007,83,32.3333321,0.293145239,0.64375,57.3750076,53.1250038,99.99823,512,-1,485.785156,485.5,0.28515625,0.5,7618.451,7618.951,0,0,0,0,0,0,0,0,0,0,0,0,512,600,1200,3000,55,0.955000043,1.30500007,0,5,16,55,2835,10451.9824,1163,1161,36,36,57,29,0,0,60.212,66.709,1.09,9916.578,398.9375,51.81738,0,0,0,0.015936533,0,0,0,0,0,0,0,0,0,64.96875,64,16376,6156,10219,62.40332,171.076,9.144934E+07,1.574912E+07
05/25/2026 19:30:51,63,49,0,51,47,56,56,56,56,73,12.0960007,5.04,1.31000006,1.39200008,0.998,0.33,0.640000045,3.292,2.046,0,3.37200022,3.37200022,3.11600018,57,47.5,43.5,47,1393,630,0,803,587,0,0,0,0,0,22.22,4.76,1.56,3.12,6.35,19.05,0,1.56,7.33,22.22,38.2046471,4574,608,5025,1391,50.25,1.59054065,0.49375,5025,709,50.25,1.16451836,0.49375,4909,310,50.25,0.8036339,0.49375,3921,220,40.2,0.613488436,0.49375,3869,414,40.2,0.9520689,0.49375,4040,1540,40.4,1.57314587,0.5,4911,161,50.5,0.492578775,0.5,4888,123,50.5,0.365366071,0.5,57.5000076,53.1250038,99.99823,512,-1,485.785156,485.5,0.28515625,0.5,7618.451,7618.951,0,0,0,0,0,0,0,0,0,0,0,0,512,600,1200,3000,55,0.974000037,1.30500007,0,8,16,55,2835,10451.9824,1161,1163,36,36,57,29,0,0,59.331,63.472,1.09,9916.578,398.9375,52.7545433,0,0,0,0.0183548983,0,0,0,0,0,0,0,0,0,66.90625,64,16376,6156,10219,62.40332,170.686,116749312,1.619968E+07
05/25/2026 19:30:53,63,49,0,51,47,56,56,56,56,73,12.0960007,5.03,1.31000006,1.39200008,0.992000043,0.328,0.640000045,3.288,2.046,0,3.36800027,3.36800027,3.11600018,57,47.5,43.5,47,1406,607,0,805,572,0,0,0,0,0,17.19,9.38,4.69,1.56,7.81,20.31,0,0,7.62,20.31,37.409523,4356,508,4850,1254,48.5,1.45797086,0.64375,4850,562,48.5,1.01584935,0.64375,4773,232,48.5,0.707036138,0.64375,3157,174,32.3333321,0.5702952,0.64375,4642,336,48.5,0.851471,0.64375,4850,1306,48.5,1.40172374,0.64375,4653,118,48.5,0.412796468,0.64375,3069,85,32.3333321,0.29133454,0.63125,57.5000076,53.1250038,99.99823,512,-1,485.785156,485.5,0.28515625,0.5,7618.451,7618.951,0,0,0,0,0,0,0,0,0,0,0,0,512,600,1200,3000,56,0.969000041,1.30500007,0,3,16,55,2835,10451.9824,1163,1164,36,36,57,29,0,0,58.38,52.814,1.09,9916.578,398.9375,53.0763321,0,0,0,0.0152487867,0,0,0,0,0,0,0,0,0,66.09375,64,16376,6156,10219,62.40332,169.261,8.484966E+07,17748992
05/25/2026 19:30:55,63,49,0,51,47,56,56,56,56,73,12.0960007,5.03,1.31000006,1.39200008,0.996000051,0.344,0.640000045,3.288,2.046,0,3.37200022,3.36800027,3.11600018,57,47.5,43.5,47,1403,630,0,823,586,0,0,0,0,0,25,14.06,10.94,7.81,17.19,23.44,7.81,0,13.28,25,37.6716,4613,512,5025,1203,50.25,1.38552248,0.51875,5050,583,50.5,1.01253474,0.51875,5011,254,50.5,0.722317457,0.51875,3972,172,40.4,0.5367414,0.51875,4976,394,50.5,0.864272952,0.525,5050,1273,50.5,1.39786661,0.5375,3995,132,40.4,0.419806659,0.5375,3824,85,40.2,0.2863388,0.53125,57.5000076,54.7500038,99.99823,512,-1,485.785156,485.5,0.28515625,0.5,7618.451,7618.951,0,0,0,0,0,0,0,0,0,0,0,0,512,600,1200,3000,55,1.05000007,1.30500007,0,7,16,56,2835,10451.9824,1161,1162,36,36,57,29,0,0,58.928,62.158,1.09,9916.578,398.9375,52.6583443,0,0,0,0.0135893384,0,0,0,0,0,0,0,0,0,66.71875,64,16376,6156,10219,62.40332,170.108,8.354918E+07,14649344
05/25/2026 19:30:57,63,49,0,51,47,56,56,56,56,73,12.0960007,5.04,1.31000006,1.39200008,1.014,0.336000025,0.640000045,3.288,2.046,0,3.37200022,3.36800027,3.12000012,57,48,43.5,47,1415,630,0,807,570,0,0,0,0,0,30.16,14.29,11.11,7.81,11.11,23.81,6.25,1.56,13.26,30.16,37.9283676,4134,580,4950,1479,49.5,1.64768887,0.51875,4950,641,49.5,1.11441326,0.51875,3844,281,39.6,0.7667423,0.51875,3901,216,39.6,0.6107035,0.51875,3842,407,39.6,0.9191374,0.51875,3960,1370,39.6,1.50886607,0.51875,3844,148,39.6,0.4756133,0.51875,3777,101,39.6,0.3566028,0.51875,57.5000076,53.1250038,99.99823,512,-1,485.785156,485.5,0.28515625,0.5,7618.451,7618.951,0,0,0,0,0,0,0,0,0,0,0,0,512,600,1200,3000,56,1.04500008,1.30500007,0,15,16,56,2835,10451.9824,1163,1161,36,36,56,29,0,0,58.848,60.664,1.09,9917.965,400.2461,52.9222145,0,0,0,0.0156363938,0,0,0,0,0,0.10293299,0,0,0,66.71875,64,16376,6155,10220,62.41172,170.988,7.55497E+07,16049152
05/25/2026 19:30:59,63,49,0,51,47,56,56,56,56,73,12.0960007,5.04,1.31000006,1.39200008,0.996000051,0.328,0.640000045,3.288,2.046,0,3.37200022,3.37200022,3.11600018,57,48,43.5,47,1410,607,0,818,585,0,0,0,0,0,21.54,7.69,7.69,6.15,6.15,15.38,1.54,3.08,8.65,21.54,38.9169235,3986,532,4850,1350,48.5,1.48723745,0.64375,4850,646,48.5,1.08411789,0.64375,3188,257,32.3333321,0.73607564,0.64375,3207,190,32.3333321,0.5733057,0.64375,3163,377,32.3333321,0.8894189,0.64375,4850,1205,48.5,1.40473974,0.64375,3188,135,32.3333321,0.4720157,0.64375,4593,95,48.5,0.3299597,0.64375,57.7500076,53.6250038,99.99824,512,-1,485.785156,485.5,0.28515625,0.5,7618.451,7618.951,0,0,0,0,0,0,0,0,0,0,0,0,512,600,1200,3000,56,0.984,1.30500007,0,4,16,56,2835,10451.9824,1162,1161,36,36,56,28,0,0,58.27,59.263,1.09,9840,399.953125,52.7399178,0,0,0,0.0173668768,0,0,0,0,0,0,0,0,0,63.25,64,16376,6233,10142,61.9365349,169.782,4.379955E+07,18499584
05/25/2026 19:31:01,63,49,0,51,47,56,56,56,56,73,12.0960007,5.03,1.31000006,1.39200008,0.994,0.332000017,0.640000045,3.288,2.046,0,3.37200022,3.37200022,3.12000012,57,47.5,43.5,47,1403,630,0,819,571,0,0,0,0,0,18.75,10.94,6.25,6.35,7.81,28.12,1.59,0,9.98,28.12,37.674324,4008,514,4850,1289,48.5,1.452823,0.61875,4850,634,48.5,1.04882848,0.61875,3173,240,32.3333321,0.716244,0.61875,3229,178,32.3333321,0.5506403,0.61875,4791,340,48.5,0.8499908,0.61875,4850,1215,48.5,1.37498641,0.61875,3233,133,32.3333321,0.4208187,0.61875,3089,87,32.3333321,0.302147061,0.61875,57.7500076,53.1250038,99.99823,512,-1,485.785156,485.5,0.28515625,0.5,7618.451,7618.951,0,0,0,0,0,0,0,0,0,0,0,0,512,600,1200,3000,56,0.984,1.30500007,0,4,16,56,2835,10451.9824,1163,1163,36,36,56,28,0,0,58.357,58.166,1.09,9840,400.1836,53.0984154,0,0,0,0.01843717,0,0,0,0,0,0.0148482546,0,0,0,63.53125,64,16376,6233,10142,61.9365349,169.175,9.029939E+07,14649344
05/25/2026 19:31:03,63,49,0,51,47,56,56,56,56,73,12.0960007,5.04,1.31000006,1.39200008,0.994,0.328,0.638,3.288,2.046,0,3.37200022,3.37200022,3.11600018,57,48,43.5,47,1400,607,0,818,585,0,0,0,0,0,22.22,7.94,3.12,3.12,4.76,33.33,0,0,9.31,33.33,37.9136848,4754,517,4850,1262,48.5,1.47179425,0.6375,4850,616,48.5,1.06500173,0.6375,4624,240,48.5,0.7393382,0.6375,4780,176,48.5,0.5695778,0.6375,4738,347,48.5,0.8694796,0.6375,4850,1267,48.5,1.458995,0.6375,4717,138,48.5,0.402755827,0.6375,4625,90,48.5,0.3048928,0.6375,57.7500076,53.1250038,99.99823,512,-1,485.785156,485.5,0.28515625,0.5,7618.451,7618.951,0,0,0,0,0,0,0,0,0,0,0,0,512,600,1200,3000,56,0.969000041,1.30500007,0,5,16,56,2835,10451.9824,1165,1164,36,36,56,28,0,0,59.505,56.145,1.09,9840,400.1836,52.43906,0,0,0,0.012651871,0,0,0,0,0,0,0,0,0,66.5,64,16376,6233,10142,61.9365349,170.686,9.594982E+07,18049024
05/25/2026 19:31:05,63,49,0,51,47,56,56,56,56,73,12.0960007,5.03,1.31000006,1.39200008,1.028,0.33,0.638,3.288,2.046,0,3.37200022,3.36800027,3.11600018,57,48,43.5,47,1400,607,0,805,585,0,0,0,0,0,25,17.19,9.38,4.76,6.25,23.44,1.59,4.69,11.54,25,37.89958,3394,503,4850,1218,48.5,1.45190537,0.86875,3233,578,32.3333321,1.04226947,0.86875,3111,240,32.3333321,0.7215781,0.86875,3233,261,32.3333321,0.5514843,0.86875,3195,335,32.3333321,0.8544751,0.86875,3233,1055,32.3333321,1.347967,0.86875,3062,117,32.3333321,0.416700244,0.86875,3233,220,32.3333321,0.425515622,0.86875,57.7500076,53.6250038,99.99824,512,-1,485.785156,485.5,0.28515625,0.5,7618.451,7618.951,0,0,0,0,0,0,0,0,0,0,0,0,512,600,1200,3000,56,0.989,1.30500007,0,11,16,56,2835,10451.9824,1164,1166,36,36,56,28,0,0,58.648,52.953,1.09,9840,400.1836,53.0902939,0,0,0,0.0135350851,0,0,0,0,0,0,0,0,0,64.78125,64,16376,6233,10142,61.9365349,170.374,8.214938E+07,1.449984E+07
05/25/2026 19:31:07,63,49,0,51,47,56,56,56,56,73,12.0960007,5.04,1.312,1.39200008,0.996000051,0.344,0.638,3.288,2.046,0,3.37200022,3.36800027,3.11600018,57,48,43.5,47,1396,630,0,803,571,0,0,0,0,0,15.87,4.69,1.56,3.12,3.12,14.06,4.69,3.12,6.28,15.87,37.09856,4774,472,4850,1258,48.5,1.43063807,0.625,4850,568,48.5,1.01060116,0.625,4703,202,48.5,0.6863845,0.625,4808,181,48.5,0.487742215,0.625,4850,343,48.5,0.8441032,0.625,4850,1021,48.5,1.27834308,0.625,4682,124,48.5,0.399781942,0.625,4601,78,48.5,0.275188118,0.625,57.7500076,53.1250038,99.99823,512,-1,485.785156,485.5,0.28515625,0.5,7618.451,7618.951,0,0,0,0,0,0,0,0,0,0,0,0,512,600,1200,3000,56,0.995000064,1.30500007,0,3,16,56,2835,10451.9824,1159,1163,36,36,56,28,0,0,58.365,56.01,1.09,9840,400.1836,52.41488,0,0,0,0.0129523464,0,0,0,0,0,0,0,0,0,65.875,64,16376,6233,10142,61.9365349,168.95,1.067991E+08,16899072
05/25/2026 19:31:09,63,49,0,51,47,56,56,56,56,73,12.0960007,5.04,1.31000006,1.39200008,0.998,0.33,0.638,3.288,2.046,0,3.37200022,3.36800027,3.12000012,57,48,43.5,47,1403,607,0,805,571,0,0,0,0,0,26.56,0,1.59,0,1.56,12.5,0,0,5.28,26.56,37.5755959,4011,517,4850,1376,48.5,1.55558264,0.625,4850,631,48.5,1.07962561,0.625,3233,245,32.3333321,0.729775369,0.625,3207,177,32.3333321,0.5375587,0.625,4850,415,48.5,0.9170865,0.625,4850,1079,48.5,1.35056961,0.625,3145,122,32.3333321,0.428297639,0.625,3105,89,32.3333321,0.320997655,0.625,57.8750076,53.1250038,99.99822,512,-1,485.785156,485.5,0.28515625,0.5,7618.451,7618.951,0,0,0,0,0,0,0,0,0,0,0,0,512,600,1200,3000,56,0.984,1.30500007,0,4,16,57,2835,10451.9824,1163,1160,36,36,56,28,0,0,58.267,50.741,1.09,9840,400.1836,52.7294,0,0,0,0.0129646463,0,0,0,0,0,0,0,0,0,64.78125,62,16376,6233,10142,61.9365349,169.258,1.89494989E+09,14199808
05/25/2026 19:31:11,63,49,0,51,47,56,56,56,56,73,12.0960007,5.04,1.31000006,1.39200008,0.982000053,0.33,0.638,3.288,2.046,0,3.37200022,3.36800027,3.11600018,57,48,43.5,47,1398,607,0,805,571,0,0,0,0,0,20.63,4.76,3.17,0,4.76,14.29,0,0,5.95,20.63,37.12656,4215,471,4020,1254,40.2,1.4209913,0.61875,5025,575,50.25,1.00289214,0.61875,4020,250,40.2,0.7033188,0.61875,4020,164,40.2,0.515600443,0.61875,4020,359,40.2,0.8479298,0.61875,5025,971,50.25,1.25165987,0.61875,3761,114,40.2,0.3940101,0.61875,3832,82,40.2,0.289866,0.61875,57.8750076,52.6250038,99.99823,512,-1,485.785156,485.5,0.28515625,0.5,7618.451,7618.951,0,0,0,0,0,0,0,0,0,0,0,0,512,600,1200,3000,56,0.989,1.30500007,0,3,16,57,2835,10451.9824,1160,1160,36,36,56,28,0,0,58.698,55.511,1.09,9840,400.1836,52.7166061,0,0,0,0.0129213221,0,0,0,0,0,0,0,0,0,67.6875,62,16376,6233,10142,61.9365349,170.863,106399744,17299456
05/25/2026 19:31:13,63,49,0,51,47,56,56,56,56,73,12.0960007,5.03,1.31000006,1.39200008,0.982000053,0.344,0.638,3.288,2.046,0,3.37200022,3.37200022,3.11600018,57,48,43.5,47,1408,630,0,805,586,0,0,0,0,0,10.94,6.25,4.69,1.56,4.69,10.94,0,0,4.88,10.94,37.7548828,4808,450,4850,1107,48.5,1.30922961,0.68125,4850,571,48.5,0.9912352,0.68125,4850,227,48.5,0.6635761,0.68125,4821,181,48.5,0.5012893,0.68125,4850,313,48.5,0.80907464,0.68125,4850,993,48.5,1.2443862,0.68125,4750,129,48.5,0.406346858,0.68125,4645,81,48.5,0.280224085,0.68125,57.7500076,53.1250038,99.99823,512,-1,485.785156,485.5,0.28515625,0.5,7618.451,7618.951,0,0,0,0,0,0,0,0,0,0,0,0,512,600,1200,3000,56,0.984,1.30500007,0,7,16,57,2835,10451.9824,1160,1160,36,36,56,28,0,0,58.332,48.254,1.09,9840,400.1836,52.0535,0,0,0,0.0130934576,0,0,0,0,0,0,0,0,0,66.75,64,16376,6233,10142,61.9365349,169.779,6.744986E+07,16749568
05/25/2026 19:31:15,64,49,0,52,47,56,56,57,57,73,12.0960007,5.03,1.31000006,1.39200008,0.990000069,0.336000025,0.638,3.288,2.046,0,3.37200022,3.37200022,3.11600018,59,48,43.5,47,1410,607,0,819,571,0,0,0,0,0,30.16,12.7,1.59,1.59,6.35,14.29,0,0,8.33,30.16,38.3096771,4103,583,4040,1551,40.4,1.78934479,0.6125,4040,666,40.4,1.12083936,0.6125,4019,304,40.4,0.8406295,0.6125,3992,232,40.4,0.648271143,0.6125,4040,400,40.4,0.9351432,0.6125,5050,1254,50.5,1.4913286,0.6125,3862,164,40.4,0.47714895,0.6125,3781,90,40.4,0.336118639,0.6125,59.0000076,53.1250038,99.99822,512,-1,485.785156,485.5,0.28515625,0.5,7618.451,7618.951,0,0,0,0,0,0,0,0,0,0,0,0,512,600,1200,3000,56,0.979000032,1.30500007,0,4,16,57,2835,10451.9824,1160,1163,36,36,56,29,0,0,58.691,50.358,1.09,9840,400.1836,52.6191635,0,0,0,0.0165169835,0,0,0,0,0,0,0,0,0,64.6875,62,16376,6233,10142,61.9365349,168.431,106549248,16899072
05/25/2026 19:31:17,65,49,0,54,47,58,58,58,58,74,12.0960007,5.03,1.31000006,1.39200008,0.990000069,0.328,0.638,3.28400016,2.046,0,3.37200022,3.37200022,3.11600018,58,48,44,47,1444,630,0,838,586,0,0,0,0,0,29.69,7.81,1.56,1.54,4.69,18.75,3.17,1.56,8.6,29.69,37.0771675,4173,478,4850,1205,48.5,1.39231622,0.63125,4850,578,48.5,1.0115509,0.63125,4791,249,48.5,0.7418763,0.63125,3175,169,32.3333321,0.530188441,0.625,4850,363,48.5,0.8532771,0.625,4850,1046,48.5,1.29438519,0.625,3018,131,32.3333321,0.391584575,0.625,2999,82,32.3333321,0.289111972,0.625,58.6250076,53.1250038,99.99824,512,-1,485.785156,485.5,0.28515625,0.5,7618.451,7618.951,0,0,0,0,0,0,0,0,0,0,0,0,512,600,1200,3000,56,1.005,1.30500007,0,7,16,57,2835,10451.9824,1159,1162,36,36,56,29,0,0,59.253,51.641,1.09,9840,399.953125,52.3271027,0,0,0,0.0191715173,0,0,0,0,0,0.008256939,0,0,0,65.90625,64,16376,6233,10142,61.9365349,169.684,8.399974E+07,14649344
05/25/2026 19:31:19,65,49,0,54,47,58,58,58,58,74,12.0960007,5.04,1.31000006,1.39200008,0.982000053,0.33,0.638,3.288,2.046,0,3.37200022,3.37200022,3.11600018,58,48,44,47,1451,630,0,833,585,0,0,0,0,0,13.85,10.77,0,0,4.62,10.77,1.54,0,5.19,13.85,37.25586,4406,478,4850,1167,48.5,1.369879,0.625,4850,603,48.5,1.03152061,0.625,4826,250,48.5,0.741835058,0.625,4785,172,48.5,0.5176445,0.625,4850,387,48.5,0.8780647,0.625,4850,1056,48.5,1.27848542,0.625,3158,115,32.3333321,0.411661655,0.625,3083,78,32.3333321,0.2880862,0.625,58.3750076,53.6250038,99.99823,512,-1,485.785156,485.5,0.28515625,0.5,7618.451,7618.951,0,0,0,0,0,0,0,0,0,0,0,0,512,600,1200,3000,55,0.974000037,1.30500007,0,5,16,57,2835,10451.9824,1160,1158,36,36,57,29,0,0,59.386,51.764,1.09,9840,399.953125,52.4490471,0,0,0,0.0178901758,0,0,0,0,0,0,0,0,0,66.40625,64,16376,6233,10142,61.9365349,169.905,4.299981E+07,1.619968E+07
05/25/2026 19:31:21,65,49,0,54,47,58,58,58,58,74,12.0960007,5.03,1.31000006,1.39200008,0.998,0.334000021,0.636000037,3.288,2.046,0,3.36800027,3.36800027,3.11600018,58,47.5,44,47,1438,607,0,833,586,0,0,0,0,0,28.12,15.62,4.69,9.38,7.81,20.31,4.69,3.12,11.72,28.12,37.7037964,3973,494,4850,1189,48.5,1.39634645,0.65,4850,627,48.5,1.04251266,0.65,3149,284,32.3333321,0.767831445,0.65,3150,188,32.3333321,0.582984447,0.65,3233,388,32.3333321,0.8769149,0.65,4850,1049,48.5,1.28661191,0.65,3138,139,32.3333321,0.450459868,0.65,4564,90,48.5,0.3045137,0.65,58.3750076,53.6250038,99.99823,512,-1,485.785156,485.5,0.28515625,0.5,7618.451,7618.951,0,0,0,0,0,0,0,0,0,0,0,0,512,600,1200,3000,56,0.989,1.30500007,0,6,16,57,2835,10451.9824,1160,1159,36,36,57,29,0,0,59.267,66.194,1.09,9840,399.953125,52.44174,0,0,0,0.01793808,0,0,0,0,0,0,0,0,0,63.65625,64,16376,6233,10142,61.9365349,168.616,5.809971E+07,15649792
05/25/2026 19:31:23,65,49,0,54,47,58,58,58,58,74,12.0720005,5.03,1.31000006,1.39200008,0.98,0.334000021,0.636000037,3.288,2.046,0,3.37200022,3.36800027,3.11600018,58,47.5,44,47,1444,630,0,848,571,0,0,0,0,0,29.69,20.31,10.77,4.62,9.38,32.81,3.12,3.08,14.22,32.81,37.5813522,3368,507,4850,1156,48.5,1.338841,0.625,3233,589,32.3333321,1.01265419,0.625,3129,281,32.3333321,0.7599316,0.625,3217,198,32.3333321,0.6345968,0.625,3177,386,32.3333321,0.8602359,0.625,3233,1231,32.3333321,1.36005354,0.625,3076,135,32.3333321,0.455101371,0.625,3025,81,32.3333321,0.296803266,0.64375,58.1250076,53.6250038,99.99824,512,-1,485.785156,485.5,0.28515625,0.5,7618.451,7618.951,0,0,0,0,0,0,0,0,0,0,0,0,512,600,1200,3000,56,0.984,1.30500007,0,4,16,57,2835,10451.9824,1159,1161,36,36,57,29,0,0,59.725,54.524,1.09,9840,399.953125,52.2069,0,0,0,0.022547001,0,0,0,0,0,0,0,0,0,66.78125,62,16376,6233,10142,61.9365349,168.713,8.929997E+07,15649792
05/25/2026 19:31:25,65,49,0,54,47,58,58,58,58,74,12.0960007,5.04,1.31000006,1.39200008,0.998,0.334000021,0.636000037,3.28400016,2.046,0,3.36800027,3.36800027,3.11600018,58,48,44,47,1433,606,0,848,572,0,0,0,0,0,17.19,10.94,3.08,7.81,7.81,26.56,6.25,3.08,10.34,26.56,37.7640877,3586,465,4850,1087,48.5,1.26154137,0.6125,3233,517,32.3333321,0.940713763,0.6125,3077,255,32.3333321,0.7243005,0.6125,3231,213,32.3333321,0.5934557,0.6125,3172,338,32.3333321,0.815315,0.6375,4850,1065,48.5,1.23617244,0.6375,3163,152,32.3333321,0.474487662,0.6375,3108,90,32.3333321,0.302985549,0.6375,58.0000076,53.6250038,99.99824,512,-1,485.785156,485.5,0.28515625,0.5,7618.451,7618.951,0,0,0,0,0,0,0,0,0,0,0,0,512,600,1200,3000,56,0.984,1.30500007,0,5,16,57,2835,10451.9824,1160,1162,36,36,57,29,0,0,60.107,56.396,1.09,9840,399.953125,51.97349,0,0,0,0.0182287749,0,0,0,0,0,0,0,0,0,66.625,62,16376,6233,10142,61.9365349,170.044,8.684954E+07,16249856
05/25/2026 19:31:27,64,49,0,53,47,56,56,56,56,73,12.0720005,5.03,1.31000006,1.39200008,1.01200008,0.34,0.636000037,3.28400016,2.046,0,3.36800027,3.36800027,3.11600018,57,48,44,47,1425,607,0,823,586,0,0,0,0,0,24.62,9.23,4.62,6.15,6.15,21.54,4.69,3.12,10.02,24.62,38.1386757,4167,526,4850,1174,48.5,1.37979424,0.65,3233,591,32.3333321,1.03428364,0.65,3055,295,32.3333321,0.771160245,0.65,3183,221,32.3333321,0.6817588,0.65,4673,390,48.5,0.8722226,0.61875,4850,1273,48.5,1.41068757,0.61875,4836,168,48.5,0.5885429,0.61875,4655,100,48.5,0.323181,0.61875,58.0000076,53.6250038,99.99824,512,-1,485.785156,485.5,0.28515625,0.5,7618.451,7618.951,0,0,0,0,0,0,0,0,0,0,0,0,512,600,1200,3000,56,0.974000037,1.30500007,0,19,16,57,2835,10451.9824,1160,1157,36,36,57,29,0,0,60.187,56.22,1.09,9840,399.953125,51.9466438,0,0,0,0.0157550275,0,0,0,0,0,0,0,0,0,63.375,62,16376,6233,10142,61.9365349,169.353,4.829901E+07,16249856
05/25/2026 19:31:29,63,49,0,51,47,56,56,56,56,73,12.0960007,5.03,1.31000006,1.396,1.03200006,0.34800002,0.636000037,3.288,2.046,0,3.37200022,3.37200022,3.11600018,57,48,44,47,1403,630,0,830,570,0,0,0,0,0,20.63,7.94,3.17,3.17,4.76,26.98,3.17,3.12,9.12,26.98,38.1499634,4125,552,4040,1242,40.4,1.42208672,0.61875,4036,561,40.4,1.00361526,0.61875,3898,268,40.4,0.7665983,0.61875,4040,262,40.4,0.7254641,0.61875,3913,369,40.4,0.8708243,0.61875,5050,1327,50.5,1.3972863,0.61875,3985,168,40.4,0.514107943,0.61875,4040,219,40.4,0.483399957,0.61875,57.8750076,53.1250038,99.99823,512,-1,485.785156,485.5,0.28515625,0.5,7618.451,7618.951,0,0,0,0,0,0,0,0,0,0,0,0,512,600,1200,3000,56,0.984,1.30500007,0,11,16,57,2835,10451.9824,1158,1158,36,36,57,29,0,0,59.733,60.873,1.09,9840,399.953125,51.8255234,0,0,0,0.01342179,0,0,0,0,0,0,0,0,0,65.6875,62,16376,6233,10142,61.9365349,167.905,1.067991E+08,16649216
05/25/2026 19:31:31,64,49,0,53,47,57,57,58,58,74,12.0960007,5.03,1.31000006,1.39200008,0.988000035,0.33,0.636000037,3.288,2.046,0,3.37200022,3.37200022,3.12000012,58,48,44,47,1411,607,0,806,585,0,0,0,0,0,23.44,17.19,4.76,3.17,4.76,33.33,3.17,4.76,11.82,33.33,37.8870659,3607,518,4850,1242,48.5,1.41061819,0.64375,3233,558,32.3333321,1.00485575,0.64375,3233,264,32.3333321,0.7424054,0.64375,3233,198,32.3333321,0.644409955,0.64375,3158,333,32.3333321,0.8297445,0.64375,4850,1264,48.5,1.40426147,0.64375,3176,159,32.3333321,0.5553077,0.64375,3124,127,32.3333321,0.401509225,0.64375,58.1250076,53.6250038,99.99823,512,-1,485.785156,485.5,0.28515625,0.5,7618.451,7618.951,0,0,0,0,0,0,0,0,0,0,0,0,512,600,1200,3000,56,0.979000032,1.30500007,0,4,16,58,2835,10451.9824,1161,1161,36,36,56,29,0,0,60.219,63.271,1.09,9840,399.953125,52.12262,0,0,0,0.0117697539,0,0,0,0,0,0,0,0,0,67.09375,64,16376,6233,10142,61.9365349,168.573,110349312,1.404928E+07
05/25/2026 19:31:33,65,49,0,54,47,58,58,58,58,74,12.0960007,5.03,1.31000006,1.39200008,1.01200008,0.33,0.634,3.288,2.046,0,3.36800027,3.36800027,3.11600018,58,48,44,47,1442,630,0,841,571,0,0,0,0,0,28.12,4.69,3.12,0,1.56,29.69,0,1.56,8.59,29.69,38.0010033,3428,530,4850,1248,48.5,1.42760456,0.6375,3233,556,32.3333321,1.00088143,0.6375,3209,312,32.3333321,0.7801297,0.6375,3213,215,32.3333321,0.6185309,0.6375,3233,350,32.3333321,0.847474754,0.6375,3233,1239,32.3333321,1.40786421,0.6375,3233,166,32.3333321,0.5113923,0.6375,3224,150,32.3333321,0.413058281,0.6375,58.1250076,53.6250038,99.99822,512,-1,485.785156,485.5,0.28515625,0.5,7618.451,7618.951,0,0,0,0,0,0,0,0,0,0,0,0,512,600,1200,3000,56,0.979000032,1.30500007,0,13,16,56,2835,10451.9824,1160,1161,36,36,57,29,0,0,60.688,65.173,1.09,9840,399.953125,52.01681,0,0,0,0.0140955839,0,0,0,0,0,0,0,0,0,63.75,64,16376,6233,10142,61.9365349,170.052,1.131991E+08,1.469952E+07
05/25/2026 19:31:35,65,49,0,54,47,58,58,58,58,74,12.0960007,5.03,1.31000006,1.39200008,0.986000061,0.342,0.636000037,3.292,2.046,0,3.37200022,3.37200022,3.11600018,58,48,44,47,1445,630,0,846,586,0,0,0,0,0,20,12.31,1.54,0,3.08,26.15,0,0,7.88,26.15,38.31356,4016,464,4850,1099,48.5,1.28975844,0.61875,4850,515,48.5,0.9382285,0.61875,3173,239,32.3333321,0.6994143,0.61875,3222,193,32.3333321,0.5365292,0.61875,4734,309,48.5,0.7846601,0.61875,4850,1069,48.5,1.24778068,0.61875,3233,166,32.3333321,0.462085456,0.61875,3219,126,32.3333321,0.337877482,0.61875,58.1250076,53.6250038,99.99823,512,-1,485.785156,485.5,0.28515625,0.5,7618.451,7618.951,0,0,0,0,0,0,0,0,0,0,0,0,512,600,1200,3000,56,0.984,1.30500007,0,4,16,55,2835,10451.9824,1157,1161,36,36,57,29,0,0,60.21,48.992,1.09,9839.316,240.179688,52.4178,0,0,0,0.0126478141,0,0,0,0,0,0,0,0,0,66.375,64,16376,6233,10142,61.9365349,168.327,7.719936E+07,14399488
05/25/2026 19:31:37,65,49,0,54,47,58,58,58,58,74,12.0960007,5.03,1.31000006,1.39200008,0.994,0.33,0.636000037,3.292,2.046,0,3.37200022,3.36800027,3.11600018,58,48,44,47,1445,607,0,833,585,0,0,0,0,0,17.46,3.17,3.17,0,0,20.63,0,0,5.56,20.63,37.50235,4017,492,4850,1183,48.5,1.39127588,0.625,4850,574,48.5,0.9988164,0.625,3172,230,32.3333321,0.717879653,0.625,3207,194,32.3333321,0.5771201,0.625,4812,332,48.5,0.825586855,0.625,4850,1160,48.5,1.33925331,0.625,3233,150,32.3333321,0.466486156,0.625,3164,112,32.3333321,0.342980623,0.625,58.0000076,53.1250038,99.99823,512,-1,485.785156,485.5,0.28515625,0.5,7618.451,7618.951,0,0,0,0,0,0,0,0,0,0,0,0,512,600,1200,3000,56,0.989,1.30500007,0,8,16,55,2835,10451.9824,1159,1157,36,36,57,28,0,0,60.34,66.528,1.09,9839.316,240.179688,52.3588638,0,0,0,0.0123580657,0,0,0,0,0,0,0,0,0,64.6875,64,16376,6233,10142,61.9365349,167.971,119299072,14799872
05/25/2026 19:31:39,65,49,0,54,47,58,58,58,58,74,12.0960007,5.03,1.31000006,1.39200008,1.0200001,0.332000017,0.636000037,3.288,2.046,0,3.37200022,3.37200022,3.11600018,57,48,44,47,1433,630,0,833,571,0,0,0,0,0,14.06,14.06,1.56,0,0,29.69,1.56,1.56,7.81,29.69,37.62719,4196,540,4850,1283,48.5,1.50428581,0.61875,4850,666,48.5,1.09626031,0.61875,3934,251,40.4,0.74701947,0.61875,4040,191,40.4,0.5967681,0.61875,3955,346,40.4,0.872047365,0.61875,4040,1355,40.4,1.46735346,0.61875,3991,133,40.4,0.47822088,0.61875,3911,98,40.4,0.327830374,0.61875,58.0000076,54.1250038,99.99822,512,-1,485.785156,485.5,0.28515625,0.5,7618.451,7618.951,0,0,0,0,0,0,0,0,0,0,0,0,512,600,1200,3000,56,1.04500008,1.30500007,0,6,16,55,2835,10451.9824,1157,1157,36,36,57,28,0,0,60.513,54.057,1.09,9839.316,240.179688,52.17086,0,0,0,0.011746672,0,0,0,0,0,0,0,0,0,67.90625,64,16376,6233,10142,61.9365349,169.592,110399488,16699392
05/25/2026 19:31:41,65,49,0,53,47,57,57,57,57,73,12.0720005,5.03,1.31000006,1.39200008,0.990000069,0.338000029,0.634,3.288,2.046,0,3.36800027,3.36800027,3.11600018,57,48,44,47.5,1440,607,0,832,572,0,0,0,0,0,12.7,12.7,1.59,1.59,3.17,23.81,1.56,0,7.14,23.81,37.3791924,3823,507,4040,1190,40.4,1.42549241,0.54375,4040,613,40.4,1.05022812,0.54375,3367,238,33.6666679,0.7219427,0.54375,3367,180,33.6666679,0.5924249,0.54375,4040,335,40.4,0.850832045,0.54375,5050,1284,50.5,1.40293026,0.54375,3367,124,33.6666679,0.4560558,0.54375,3310,95,33.6666679,0.31381616,0.54375,57.8750076,53.6250038,99.99823,512,-1,485.785156,485.5,0.28515625,0.5,7618.451,7618.951,0,0,0,0,0,0,0,0,0,0,0,0,512,600,1200,3000,56,0.984,1.30500007,0,5,16,56,2835,10451.9824,1157,1156,36,36,57,28,0,0,60.199,68.479,1.09,9839.316,240.179688,52.4772758,0,0,0,0.0122649092,0,0,0,0,0,0,0,0,0,65.28125,64,16376,6233,10142,61.9365349,169.88,1.268992E+08,15049728
05/25/2026 19:31:43,64,49,0,51,47,56,56,56,56,73,12.0960007,5.03,1.31000006,1.39200008,0.988000035,0.328,0.634,3.288,2.046,0,3.37200022,3.37200022,3.11600018,58,48,44,47.5,1405,607,0,831,586,0,0,0,0,0,18.46,12.31,1.54,0,4.62,20,0,0,7.12,20,38.254982,3597,485,4850,1108,48.5,1.33463335,0.60625,4850,573,48.5,0.996526241,0.60625,3150,230,32.3333321,0.7178157,0.60625,3233,181,32.3333321,0.5439218,0.60625,3214,313,32.3333321,0.8254068,0.63125,3233,1278,32.3333321,1.393135,0.63125,3147,117,32.3333321,0.383169174,0.63125,3098,81,32.3333321,0.294432282,0.63125,58.0000076,54.1250038,99.99822,512,-1,485.785156,485.5,0.28515625,0.5,7618.451,7618.951,0,0,0,0,0,0,0,0,0,0,0,0,512,600,1200,3000,56,0.974000037,1.30500007,0,7,16,56,2835,10451.9824,1161,1158,36,36,57,28,0,0,59.645,51.573,1.09,9839.316,240.179688,52.43966,0,0,0,0.0125445407,0,0,0,0,0,0,0,0,0,66.59375,64,16376,6233,10142,61.9365349,167.964,7.259955E+07,16799744
05/25/2026 19:31:45,63,49,0,51,47,56,56,56,56,73,12.0960007,5.04,1.31000006,1.39200008,1.016,0.34800002,0.634,3.288,2.046,0,3.37200022,3.37200022,3.11600018,57,48,44,47.5,1405,630,0,818,586,0,0,0,0,0,17.19,12.5,3.12,3.12,4.69,12.5,0,0,6.64,17.19,37.7522621,3385,523,4850,1302,48.5,1.49165583,0.64375,3233,607,32.3333321,1.06846392,0.64375,3153,246,32.3333321,0.7591356,0.64375,3219,183,32.3333321,0.5984814,0.64375,3209,352,32.3333321,0.880416,0.64375,3233,1271,32.3333321,1.4526788,0.64375,3135,135,32.3333321,0.443763852,0.64375,3049,86,32.3333321,0.3219951,0.64375,57.8750076,53.6250038,99.99824,512,-1,485.785156,485.5,0.28515625,0.5,7618.451,7618.951,0,0,0,0,0,0,0,0,0,0,0,0,512,600,1200,3000,56,0.984,1.30500007,0,4,16,56,2835,10451.9824,1158,1159,36,36,56,28,0,0,59.602,68.191,1.09,9839.316,240.179688,52.42742,0,0,0,0.0122218831,0,0,0,0,0,0,0,0,0,66.125,64,16376,6233,10142,61.9365349,168.712,8.384922E+07,15049728
05/25/2026 19:31:47,63,49,0,51,47,56,56,56,56,73,12.0960007,5.03,1.31000006,1.39200008,0.998,0.338000029,0.634,3.288,2.046,0,3.37200022,3.37200022,3.11600018,57,48,44,47.5,1418,607,0,806,572,0,0,0,0,0,24.62,13.85,4.62,1.54,4.62,18.46,0,0,8.46,24.62,37.42194,4813,484,4850,1228,48.5,1.41656923,0.51875,4850,543,48.5,0.9849984,0.51875,4740,225,48.5,0.70966953,0.51875,4850,176,48.5,0.537191153,0.51875,4819,317,48.5,0.8255274,0.51875,4850,1159,48.5,1.34258008,0.51875,4844,125,48.5,0.387315065,0.51875,4702,96,48.5,0.2860408,0.51875,57.8750076,53.6250038,99.99824,512,-1,485.785156,485.5,0.28515625,0.5,7618.451,7618.951,0,0,0,0,0,0,0,0,0,0,0,0,512,600,1200,3000,56,0.989,1.30500007,0,20,16,56,2835,10451.9824,1157,1156,36,36,56,28,0,0,59.662,56.557,1.09,9839.316,240.195313,52.4984322,0,0,0,0.0115474313,0,0,0,0,0,0,0,0,0,67.8125,64,16376,6233,10142,61.9365349,170.645,101049344,1.789952E+07
05/25/2026 19:31:49,63,49,0,51,47,56,56,56,56,73,12.0960007,5.04,1.31000006,1.39200008,0.998,0.34800002,0.634,3.288,2.046,0,3.37200022,3.36800027,3.11600018,57,48.5,44,47.5,1403,629,0,816,588,0,0,0,0,0,25,14.06,9.38,6.25,6.25,31.25,1.56,0,11.72,31.25,37.90775,4783,487,4850,1209,48.5,1.43369687,0.6125,4850,558,48.5,1.0012722,0.6125,4661,226,48.5,0.718303263,0.625,4824,169,48.5,0.50347,0.625,4726,321,48.5,0.8316151,0.625,4850,1211,48.5,1.351634,0.625,4827,120,48.5,0.398599356,0.625,4677,81,48.5,0.2791499,0.625,58.0000076,53.6250038,99.99822,512,-1,485.785156,485.5,0.28515625,0.5,7618.451,7618.951,0,0,0,0,0,0,0,0,0,0,0,0,512,600,1200,3000,56,0.974000037,1.30500007,0,4,16,56,2835,10451.9824,1160,1159,36,36,56,28,0,0,59.021,52.864,1.09,9839.316,240.195313,52.2733231,0,0,0,0.012034311,0,0,0,0,0,0,0,0,0,66.84375,64,16376,6233,10142,61.9365349,169.411,8.169984E+07,15299584
05/25/2026 19:31:51,63,49,0,52,47,56,56,57,57,73,12.0960007,5.03,1.31000006,1.39200008,0.994,0.346000016,0.634,3.288,2.046,0,3.37200022,3.36800027,3.11600018,58,48,44,47.5,1396,607,0,807,585,0,0,0,0,0,18.46,18.46,7.69,7.69,9.23,26.15,1.54,0,11.15,26.15,38.0393639,3962,552,4040,1317,40.4,1.53635526,0.5125,4040,661,40.4,1.10243464,0.5125,4040,276,40.4,0.77113384,0.5125,3973,200,40.4,0.5565896,0.5125,3991,360,40.4,0.8987557,0.53125,5050,1362,50.5,1.48671031,0.53125,3296,133,33.6666679,0.425724149,0.53125,3262,111,33.6666679,0.338872731,0.53125,58.0000076,56.1250038,99.99822,512,-1,485.785156,485.5,0.28515625,0.5,7618.451,7618.951,0,0,0,0,0,0,0,0,0,0,0,0,512,600,1200,3000,56,1.074,1.30500007,0,8,16,56,2835,10451.9824,1157,1159,36,36,56,28,0,0,59.002,59.365,1.09,9839.316,240.195313,52.6778374,0,0,0,0.0122349439,0,0,0,0,0,0,0,0,0,66.71875,64,16376,6233,10142,61.9365349,169.103,9.309901E+07,18199552
05/25/2026 19:31:53,63,49,0,52,47,56,56,57,57,73,12.0960007,5.03,1.31000006,1.39200008,1.00200009,0.332000017,0.634,3.28400016,2.046,0,3.37200022,3.36800027,3.11600018,57,48.5,44.5,47.5,1408,607,0,832,587,0,0,0,0,0,20.63,11.11,4.76,11.11,3.17,25.4,3.17,1.59,10.12,25.4,37.7998123,3991,510,4850,1305,48.5,1.52063632,0.63125,4850,569,48.5,1.01440752,0.63125,3178,220,32.3333321,0.7025178,0.63125,3225,177,32.3333321,0.5113821,0.63125,4763,314,48.5,0.8382983,0.63125,4850,1292,48.5,1.37918437,0.63125,3103,121,32.3333321,0.3965894,0.63125,3110,81,32.3333321,0.293536782,0.63125,58.1250076,53.6250038,99.99823,512,-1,485.785156,485.5,0.28515625,0.5,7618.451,7618.951,0,0,0,0,0,0,0,0,0,0,0,0,512,600,1200,3000,56,0.989,1.30500007,0,0,16,56,2835,10451.9824,1159,1158,36,36,56,28,0,0,59.26,61.36,1.09,9839.316,240.195313,52.14207,0,0,0,0.0117375143,0,0,0,0,0,0,0,0,0,65.5,64,16376,6233,10142,61.9365349,170.789,7.779942E+07,15899648
05/25/2026 19:31:55,64,49,0,54,47,58,58,58,58,74,12.0960007,5.04,1.31000006,1.39200008,0.996000051,0.34,0.634,3.288,2.046,0,3.37200022,3.37200022,3.11600018,58,48.5,44.5,47.5,1425,630,0,813,571,0,0,0,0,0,17.19,15.62,4.69,4.69,7.81,28.12,3.12,1.56,10.35,28.12,38.14181,4324,516,4850,1265,48.5,1.48007035,0.63125,4850,585,48.5,1.04420435,0.63125,3952,242,40.4,0.7306641,0.6125,4040,171,40.4,0.6051773,0.6125,4036,342,40.4,0.870633066,0.6125,5050,1316,50.5,1.44877481,0.6125,4006,128,40.4,0.44809857,0.6125,3812,83,40.4,0.304952472,0.6125,58.1250076,53.6250038,99.99823,512,-1,485.785156,485.5,0.28515625,0.5,7618.451,7618.951,0,0,0,0,0,0,0,0,0,0,0,0,512,600,1200,3000,56,0.974000037,1.30500007,0,10,16,56,2835,10451.9824,1157,1158,36,36,56,28,0,0,58.77,60.003,1.09,9839.316,240.195313,52.6853447,0,0,0,0.0117864786,0,0,0,0,0,0,0,0,0,66.5,64,16376,6233,10142,61.9365349,170.987,110548992,17349632
05/25/2026 19:31:57,65,49,0,54,47,58,58,58,58,74,12.0960007,5.03,1.31000006,1.39200008,0.994,0.33,0.632,3.28000021,2.046,0,3.36800027,3.36800027,3.11200023,58,48.5,44.5,47.5,1428,607,0,846,587,0,0,0,0,0,30.16,14.29,7.94,1.59,11.11,23.81,4.69,9.38,12.87,30.16,38.1285057,4012,634,4850,1325,48.5,1.59345818,0.5125,4850,675,48.5,1.16935253,0.5125,3205,300,32.3333321,0.8360844,0.5125,3138,212,32.3333321,0.633995652,0.5125,4850,483,48.5,1.03749025,0.5125,4850,1367,48.5,1.57879674,0.5125,3119,163,32.3333321,0.477196634,0.5125,3233,545,32.3333321,0.751549244,0.5125,58.1250076,53.6250038,99.99822,512,-1,485.785156,485.5,0.28515625,0.5,7618.451,7618.951,0,0,0,0,0,0,0,0,0,0,0,0,512,600,1200,3000,56,1.074,1.30500007,0,10,16,56,2835,10451.9824,1155,1157,36,36,56,28,0,0,58.288,59.3,1.09,9839.316,240.195313,52.7138977,0,0,0,0.0123398956,0,0,0,0,0,0,0,0,0,65.3125,64,16376,6233,10142,61.9365349,169.431,7.854899E+07,1.469952E+07
05/25/2026 19:31:59,65,49,0,54,47,58,58,58,58,74,12.0960007,5.03,1.31000006,1.39200008,0.992000043,0.346000016,0.632,3.288,2.046,0,3.36800027,3.36800027,3.11600018,58,48,44.5,47.5,1445,630,0,834,572,0,0,0,0,0,15.38,6.15,3.08,1.54,4.62,30.77,1.54,1.54,8.08,30.77,37.28339,4348,472,5050,1183,50.5,1.39281523,0.61875,4040,543,40.4,0.990155935,0.61875,4911,237,50.5,0.700457,0.61875,3954,178,40.4,0.521693766,0.61875,4019,321,40.4,0.8298903,0.61875,5050,1123,50.5,1.32365,0.61875,3925,113,40.4,0.398625642,0.61875,3838,81,40.4,0.290544778,0.61875,58.5000076,53.1250038,99.99822,512,-1,485.785156,485.5,0.28515625,0.5,7618.451,7618.951,0,0,0,0,0,0,0,0,0,0,0,0,512,600,1200,3000,56,1.05500007,1.30500007,0,12,16,56,2835,10451.9824,1156,1158,36,36,56,28,0,0,59.228,62.608,1.09,9839.316,240.195313,52.4182625,0,0,0,0.012124964,0,0,0,0,0,0,0,0,0,65.59375,64,16376,6233,10142,61.9365349,169.625,121149440,15599616
05/25/2026 19:32:01,65,49,0,54,47,58,58,58,58,74,12.0960007,5.03,1.31000006,1.39200008,1,0.344,0.632,3.28400016,2.046,0,3.36800027,3.36800027,3.11600018,58,48,44.5,47.5,1449,630,0,833,587,0,0,0,0,0,23.81,12.7,4.69,1.56,4.76,28.57,0,1.56,9.71,28.57,37.8345757,3594,487,4850,1228,48.5,1.42059851,0.61875,3233,576,32.3333321,1.01665711,0.61875,3147,245,32.3333321,0.728941739,0.61875,3213,181,32.3333321,0.543026447,0.61875,3219,307,32.3333321,0.831622243,0.61875,4850,1162,48.5,1.33978987,0.61875,3126,115,32.3333321,0.4025075,0.61875,3113,85,32.3333321,0.2997417,0.61875,58.2500076,54.1250038,99.99823,512,-1,485.785156,485.5,0.28515625,0.5,7618.451,7618.951,0,0,0,0,0,0,0,0,0,0,0,0,512,600,1200,3000,56,0.979000032,1.30500007,0,5,16,56,2835,10451.9824,1155,1157,36,36,56,28,0,0,59.613,64.072,1.09,9839.316,240.425781,52.5796852,0,0,0,0.0117238685,0,0,0,0,0,0.008621993,0,0,0,65.5625,64,16376,6233,10142,61.9365349,171.084,9.16992E+07,15299584
05/25/2026 19:32:03,65,49,0,54,47,58,58,58,58,74,12.0960007,5.04,1.31000006,1.39200008,0.994,0.346000016,0.632,3.288,2.046,0,3.37200022,3.36800027,3.11600018,58,48.5,44.5,47.5,1430,606,0,853,572,0,0,0,0,0,9.38,9.38,3.12,0,4.69,25,1.56,0,6.64,25,38.1656837,4167,535,4850,1306,48.5,1.48952639,0.6125,4850,670,48.5,1.10054564,0.6125,4717,238,48.5,0.7411825,0.6125,3132,191,32.3333321,0.5051209,0.625,4726,352,48.5,0.878930151,0.625,4850,1291,48.5,1.41184747,0.625,3148,136,32.3333321,0.428476125,0.625,3062,96,32.3333321,0.321704358,0.625,58.2500076,54.1250038,99.99823,512,-1,485.785156,485.5,0.28515625,0.5,7618.451,7618.951,0,0,0,0,0,0,0,0,0,0,0,0,512,600,1200,3000,55,0.995000064,1.30500007,0,5,16,56,2835,10451.9824,1155,1156,36,36,55,28,0,0,59.221,56.655,1.09,9839.316,240.425781,50.8150558,0,0,0,0.0124892071,0,0,0,0,0,0,0,0,0,65.5625,64,16376,6233,10142,61.9365349,170.361,119949312,15699968
05/25/2026 19:32:05,65,49,0,54,47,58,58,58,58,74,12.0960007,5.04,1.31000006,1.39200008,0.996000051,0.342,0.632,3.288,2.046,0,3.37200022,3.37200022,3.11600018,58,48,44.5,47.5,1428,630,0,846,588,0,0,0,0,0,23.44,17.19,1.56,0,4.69,21.88,0,0,8.59,23.44,37.9722366,4002,512,4850,1266,48.5,1.45965958,0.61875,4850,612,48.5,1.04384732,0.61875,3148,225,32.3333321,0.695017755,0.61875,3205,173,32.3333321,0.548193038,0.61875,4831,319,48.5,0.839005053,0.61875,4850,1303,48.5,1.408283,0.61875,3158,115,32.3333321,0.411918283,0.61875,3124,80,32.3333321,0.286585957,0.61875,58.1250076,53.6250038,99.99822,512,-1,485.785156,485.5,0.28515625,0.5,7618.451,7618.951,0,0,0,0,0,0,0,0,0,0,0,0,512,600,1200,3000,56,0.995000064,1.30500007,0,5,16,56,2835,10451.9824,1158,1158,36,36,55,28,0,0,58.945,52.403,1.09,9839.316,240.425781,49.9614372,0,0,0,0.0126222912,0,0,0,0,0,0,0,0,0,67.96875,64,16376,6233,10142,61.9365349,169.133,7.759974E+07,15599616
05/25/2026 19:32:07,65,49,0,54,47,58,58,58,58,74,12.0960007,5.03,1.31000006,1.39200008,1,0.344,0.632,3.288,2.046,0,3.37200022,3.37200022,3.11600018,58,48,44.5,47.5,1438,606,0,835,573,0,0,0,0,0,34.38,15.62,0,0,6.25,29.69,0,0,10.74,34.38,37.8953133,3914,544,4040,1293,40.4,1.55755508,0.5375,4040,652,40.4,1.09923685,0.5375,4918,245,50.5,0.740718365,0.5,3300,177,33.6666679,0.539977252,0.5,3967,349,40.4,0.891101837,0.5,4040,1428,40.4,1.56330812,0.5,3187,116,33.6666679,0.4317857,0.5,3821,88,40.4,0.290210634,0.51875,58.1250076,53.6250038,99.99823,512,-1,485.785156,485.5,0.28515625,0.5,7618.451,7618.951,0,0,0,0,0,0,0,0,0,0,0,0,512,600,1200,3000,56,0.995000064,1.30500007,0,5,16,56,2835,10451.9824,1157,1159,36,36,55,28,0,0,59.207,68.963,1.09,9839.316,240.425781,50.29001,0,0,0,0.0124500468,0,0,0,0,0,0,0,0,0,64.84375,64,16376,6233,10142,61.9365349,170.062,8.769946E+07,17999872
05/25/2026 19:32:09,65,49,0,54,47,58,58,58,58,74,12.0960007,5.03,1.31000006,1.39200008,0.992000043,0.332000017,0.632,3.28400016,2.046,0,3.37200022,3.37200022,3.12000012,58,48.5,44.5,47.5,1438,606,0,846,588,0,0,0,0,0,17.46,12.7,3.12,0,3.12,20.63,0,0,7.13,20.63,38.24115,4174,538,4850,1363,48.5,1.52110648,0.63125,4850,645,48.5,1.083518,0.63125,3178,255,32.3333321,0.7023171,0.63125,3180,165,32.3333321,0.5523434,0.63125,4821,343,48.5,0.8700594,0.6375,4850,1315,48.5,1.43801236,0.6375,3034,122,32.3333321,0.382937,0.6375,4629,93,48.5,0.292517483,0.6375,58.1250076,53.6250038,99.99822,512,-1,485.785156,485.5,0.28515625,0.5,7618.451,7618.951,0,0,0,0,0,0,0,0,0,0,0,0,512,600,1200,3000,56,1.005,1.30500007,0,8,16,56,2835,10451.9824,1158,1154,36,36,55,29,0,0,60.102,70.856,1.09,9839.324,240.6914,50.97666,0,0,0,0.0119466549,0,0,0,0,0,0.0104430243,0,0,0,64.8125,64,16376,6233,10142,61.9365349,172.045,32699392,6599680
05/25/2026 19:32:11,65,49,0,54,47,58,58,58,58,74,12.0960007,5.03,1.31000006,1.39200008,1.06000006,0.342,0.630000055,3.28400016,2.046,0,3.37200022,3.36800027,3.11600018,58,48.5,44.5,47.5,1433,630,0,853,573,0,0,0,0,0,31.25,31.25,9.38,12.5,17.19,40.62,6.25,7.81,19.53,40.62,41.1246452,3889,882,3960,1835,39.6,2.07767558,0.525,3960,1137,39.6,1.6388582,0.525,3960,462,39.6,1.08566427,0.525,3246,345,33,0.8795482,0.525,3960,724,39.6,1.35027945,0.525,5025,2046,50.25,2.297196,0.53125,3152,269,33,0.677747369,0.525,3850,240,39.6,0.6083889,0.525,59.2500076,61.7500038,99.99824,512,-1,485.785156,485.5,0.28515625,0.5,7618.451,7618.951,0,0,0,0,0,0,0,0,0,0,0,0,512,600,1200,3000,56,0.984,1.30500007,0,4,16,57,2835,10451.9824,1159,1158,36,36,59,30,0,0,62.918,72.367,1.09,9839.965,243.414063,54.43977,0,0,0,0.0123377573,0,0,0,0,0,0.144097015,0,0,0,68.0625,62,16376,6232,10143,61.94035,180.518,66149376,1.28E+07
05/25/2026 19:32:13,65,49,0,56,47,60,60,61,61,77,12.0960007,5.03,1.31000006,1.39200008,0.996000051,0.346000016,0.632,3.28400016,2.046,0,3.37200022,3.36800027,3.11600018,61,48.5,44.5,47.5,1444,607,0,833,588,0,0,0,0,0,17.19,7.69,0,0,1.54,26.56,0,0,6.62,26.56,38.1141777,4660,581,5025,1458,50.25,1.59766269,0.50625,5025,775,50.25,1.191251,0.50625,4768,210,50.25,0.751801848,0.50625,4838,165,50.25,0.6472902,0.50625,5050,413,50.5,0.943003,0.50625,5050,1417,50.5,1.51431668,0.50625,3783,109,40.4,0.377246618,0.50625,3739,104,40.4,0.294144243,0.50625,60.8750076,53.7500038,99.99822,512,-1,485.785156,485.5,0.28515625,0.5,7618.451,7618.951,0,0,0,0,0,0,0,0,0,0,0,0,512,600,1200,3000,56,0.984,1.30500007,0,4,16,58,2835,10451.9824,1160,1157,36,36,60,30,0,0,64.012,70.138,1.09,9839.969,243.542969,55.8630447,0,0,0,0.0132217426,0,0,0,0,0,0.021109093,0,0,0,66.625,64,16376,6232,10143,61.94035,184.246,52299776,14849024
05/25/2026 19:32:15,67,49,0,58,47,61,61,61,61,76,12.0960007,5.03,1.31000006,1.39200008,0.988000035,0.33,0.630000055,3.28400016,2.046,0,3.36800027,3.36800027,3.11600018,60,48.5,44.5,47.5,1476,629,0,878,572,0,0,0,0,0,30.16,19.05,4.69,3.12,9.52,39.68,0,4.69,13.86,39.68,38.3294754,4267,600,4850,1486,48.5,1.62901139,0.625,4850,733,48.5,1.176947,0.625,4769,244,48.5,0.7520449,0.625,3136,168,32.3333321,0.650711954,0.625,4850,418,48.5,0.9629769,0.625,4040,1528,40.4,1.58158028,0.625,3829,127,40.4,0.4134595,0.625,3809,100,40.4,0.341372341,0.625,60.2500076,54.6250038,99.99823,512,-1,485.785156,485.5,0.28515625,0.5,7618.451,7618.951,0,0,0,0,0,0,0,0,0,0,0,0,512,600,1200,3000,56,1.064,1.30500007,0,10,16,57,2835,10451.9824,1157,1158,36,36,60,30,0,0,65.674,61.264,1.09,9841.223,244.074219,55.7492867,0,0,0,0.0123310415,0,0,0,0,0,0.06877892,0,0,0,69.46875,64,16376,6231,10144,61.9479828,186.984,60199936,13999104
05/25/2026 19:32:17,67,49,0,58,47,60,60,60,60,75,12.0960007,5.03,1.31000006,1.39200008,0.986000061,0.342,0.630000055,3.288,2.046,0,3.37200022,3.36800027,3.11600018,59,48.5,44.5,47.5,1494,629,0,881,588,0,0,0,0,0,40,18.46,9.38,4.69,12.31,30.77,4.69,1.56,15.23,40,37.72133,4156,518,4850,1340,48.5,1.45632577,0.64375,4850,644,48.5,1.05341792,0.64375,3180,194,32.3333321,0.649500668,0.64375,3150,134,32.3333321,0.558320642,0.64375,4850,342,48.5,0.8593737,0.64375,4850,1289,48.5,1.349791,0.64375,3034,109,32.3333321,0.379478216,0.64375,4484,95,48.5,0.290944,0.64375,59.5000076,53.6250038,99.99823,512,-1,485.785156,485.5,0.28515625,0.5,7618.451,7618.951,0,0,0,0,0,0,0,0,0,0,0,0,512,600,1200,3000,56,0.989,1.30500007,0,18,16,57,2835,10451.9824,1156,1156,36,36,60,30,0,0,64.921,72.282,1.09,9841.473,243.8789,56.1477661,0,0,0,0.0121413395,0,0,0,0,0,0.0256450735,0,0,0,66.25,64,16376,6231,10144,61.94951,186.892,7.189914E+07,13749248
05/25/2026 19:32:19,66,49,0,56,47,60,60,60,60,75,12.0720005,5.03,1.31000006,1.39200008,0.992000043,0.33,0.630000055,3.28400016,2.046,0,3.36800027,3.36800027,3.11600018,59,48.5,44.5,47.5,1459,606,0,880,573,0,0,0,0,0,28.12,17.19,9.38,3.12,7.81,17.19,3.12,0,10.74,28.12,37.7058067,4524,570,4850,1501,48.5,1.65247786,0.63125,4850,697,48.5,1.14772987,0.63125,3076,216,32.3333321,0.7471177,0.63125,4728,184,48.5,0.6296326,0.63125,4850,386,48.5,0.9345955,0.63125,4850,1388,48.5,1.52945077,0.63125,4518,107,48.5,0.367981076,0.63125,4470,80,48.5,0.269289464,0.625,59.2500076,53.6250038,99.99823,512,-1,485.785156,485.5,0.28515625,0.5,7618.451,7618.951,0,0,0,0,0,0,0,0,0,0,0,0,512,600,1200,3000,56,0.965000033,1.30500007,0,4,16,58,2835,10451.9824,1156,1157,36,36,60,30,0,0,64.311,65.556,1.09,9841.539,244.089844,55.99727,0,0,0,0.01229149,0,0,0,0,0,0.0469194464,0,0,0,66.90625,64,16376,6231,10144,61.94989,185.402,47099904,15099904
05/25/2026 19:32:21,66,49,0,57,47,61,61,61,61,77,12.12,5.04,1.31000006,1.39200008,1.072,0.34800002,0.630000055,3.288,2.046,0,3.37200022,3.37200022,3.11600018,63,48,44.5,47.5,1451,630,0,875,588,0,0,0,0,0,46.03,11.11,6.35,4.76,7.94,66.67,3.17,6.35,19.05,66.67,44.11438,4522,1137,5025,2526,50.25,2.50625777,0.54375,5025,914,50.25,1.35666978,0.54375,5025,561,50.25,0.9220029,0.54375,4020,291,40.2,0.5749636,0.54375,4020,742,40.2,1.1069417,0.54375,5025,3440,50.25,3.343941,0.54375,4020,250,40.2,0.438808084,0.54375,4020,370,40.2,0.5136291,0.54375,64.12501,60.3750038,99.99824,512,-1,485.785156,485.5,0.28515625,0.5,7618.451,7618.951,0,0,0,0,0,0,0,0,0,0,0,0,512,600,1200,3000,56,1.05500007,1.30500007,0,7,17,49,2835,10451.9824,1164,1161,36,36,6,1,0,3,22.073,22.295,1.085,9247.4375,385.421875,0.73714,0,0,0,1.3189075,0,0,0,0,0,4.4124527,0,0,0,60.9375,60,16376,6822,9553,58.33911,61.459,467099648,2.950492E+08
