,/lpc/nct6687dr/0/control/0,/lpc/nct6687dr/0/control/1,/lpc/nct6687dr/0/control/2,/lpc/nct6687dr/0/control/10,/lpc/nct6687dr/0/control/11,/lpc/nct6687dr/0/control/12,/lpc/nct6687dr/0/control/13,/lpc/nct6687dr/0/control/14,/lpc/nct6687dr/0/control/15,/lpc/nct6687dr/0/control/3,/lpc/nct6687dr/0/voltage/0,/lpc/nct6687dr/0/voltage/1,/lpc/nct6687dr/0/voltage/2,/lpc/nct6687dr/0/voltage/3,/lpc/nct6687dr/0/voltage/4,/lpc/nct6687dr/0/voltage/5,/lpc/nct6687dr/0/voltage/6,/lpc/nct6687dr/0/voltage/8,/lpc/nct6687dr/0/voltage/9,/lpc/nct6687dr/0/voltage/10,/lpc/nct6687dr/0/voltage/11,/lpc/nct6687dr/0/voltage/12,/lpc/nct6687dr/0/voltage/13,/lpc/nct6687dr/0/temperature/0,/lpc/nct6687dr/0/temperature/1,/lpc/nct6687dr/0/temperature/2,/lpc/nct6687dr/0/temperature/3,/lpc/nct6687dr/0/fan/0,/lpc/nct6687dr/0/fan/1,/lpc/nct6687dr/0/fan/2,/lpc/nct6687dr/0/fan/10,/lpc/nct6687dr/0/fan/11,/lpc/nct6687dr/0/fan/12,/lpc/nct6687dr/0/fan/13,/lpc/nct6687dr/0/fan/14,/lpc/nct6687dr/0/fan/15,/lpc/nct6687dr/0/fan/3,/amdcpu/0/load/2,/amdcpu/0/load/3,/amdcpu/0/load/4,/amdcpu/0/load/5,/amdcpu/0/load/6,/amdcpu/0/load/7,/amdcpu/0/load/8,/amdcpu/0/load/9,/amdcpu/0/load/0,/amdcpu/0/load/1,/amdcpu/0/power/0,/amdcpu/0/clock/1,/amdcpu/0/clock/2,/amdcpu/0/clock/3,/amdcpu/0/clock/4,/amdcpu/0/factor/0,/amdcpu/0/power/1,/amdcpu/0/voltage/2,/amdcpu/0/clock/5,/amdcpu/0/clock/6,/amdcpu/0/factor/1,/amdcpu/0/power/2,/amdcpu/0/voltage/3,/amdcpu/0/clock/7,/amdcpu/0/clock/8,/amdcpu/0/factor/2,/amdcpu/0/power/3,/amdcpu/0/voltage/4,/amdcpu/0/clock/9,/amdcpu/0/clock/10,/amdcpu/0/factor/3,/amdcpu/0/power/4,/amdcpu/0/voltage/5,/amdcpu/0/clock/11,/amdcpu/0/clock/12,/amdcpu/0/factor/4,/amdcpu/0/power/5,/amdcpu/0/voltage/6,/amdcpu/0/clock/13,/amdcpu/0/clock/14,/amdcpu/0/factor/5,/amdcpu/0/power/6,/amdcpu/0/voltage/7,/amdcpu/0/clock/15,/amdcpu/0/clock/16,/amdcpu/0/factor/6,/amdcpu/0/power/7,/amdcpu/0/voltage/8,/amdcpu/0/clock/17,/amdcpu/0/clock/18,/amdcpu/0/factor/7,/amdcpu/0/power/8,/amdcpu/0/voltage/9,/amdcpu/0/temperature/2,/amdcpu/0/temperature/3,/amdcpu/0/clock/0,/gpu-amd/0/smalldata/2,/gpu-amd/0/factor/0,/gpu-amd/0/smalldata/5,/gpu-amd/0/smalldata/4,/gpu-amd/0/smalldata/3,/gpu-amd/0/smalldata/6,/gpu-amd/0/smalldata/7,/gpu-amd/0/smalldata/8,/gpu-amd/0/load/2,/gpu-amd/0/load/5,/gpu-amd/0/load/3,/gpu-amd/0/load/4,/gpu-amd/0/load/9,/gpu-amd/0/load/8,/gpu-amd/0/load/7,/gpu-amd/0/load/6,/gpu-amd/0/load/12,/gpu-amd/0/load/11,/gpu-amd/0/load/10,/gpu-amd/0/smalldata/0,/gpu-amd/0/smalldata/1,/gpu-amd/0/clock/0,/gpu-amd/0/clock/1,/gpu-amd/0/clock/2,/gpu-amd/0/temperature/4,/gpu-amd/0/voltage/0,/gpu-amd/0/voltage/2,/gpu-amd/0/load/0,/gpu-amd/0/power/0,/gpu-amd/0/power/2,/gpu-nvidia/0/temperature/0,/gpu-nvidia/0/clock/0,/gpu-nvidia/0/clock/4,/gpu-nvidia/0/fan/1,/gpu-nvidia/0/fan/2,/gpu-nvidia/0/control/1,/gpu-nvidia/0/control/2,/gpu-nvidia/0/load/0,/gpu-nvidia/0/load/1,/gpu-nvidia/0/load/2,/gpu-nvidia/0/load/3,/gpu-nvidia/0/load/4,/gpu-nvidia/0/load/5,/gpu-nvidia/0/voltage/0,/gpu-nvidia/0/smalldata/3,/gpu-nvidia/0/smalldata/4,/gpu-nvidia/0/load/7,/gpu-nvidia/0/load/15,/gpu-nvidia/0/load/17,/gpu-nvidia/0/load/8,/gpu-nvidia/0/load/9,/gpu-nvidia/0/load/16,/gpu-nvidia/0/load/18,/gpu-nvidia/0/load/19,/gpu-nvidia/0/load/14,/gpu-nvidia/0/load/20,/gpu-nvidia/0/load/10,/gpu-nvidia/0/load/11,/gpu-nvidia/0/load/12,/gpu-nvidia/0/load/13,/gpu-nvidia/0/temperature/2,/gpu-nvidia/0/temperature/3,/gpu-nvidia/0/smalldata/2,/gpu-nvidia/0/smalldata/0,/gpu-nvidia/0/smalldata/1,/gpu-nvidia/0/load/3,/gpu-nvidia/0/power/0,/gpu-nvidia/0/throughput/0,/gpu-nvidia/0/throughput/1
Time,"CPU Fan","Pump Fan","Chipset Fan","System Fan #1","System Fan #2","System Fan #3","System Fan #4","System Fan #5","System Fan #6","EZ-Connect Fan","+12V","+5V","CPU Northbridge/SoC","DIMM","Vcore","Chipset","CPU System Agent","+3.3V","VREF","+1.8V","+3V Standby","AVSB","CMOS Battery","CPU Core","System","VRM MOS","Chipset","CPU Fan","Pump Fan #1","Chipset Fan","System Fan #1","System Fan #2","System Fan #3","System Fan #4","System Fan #5","System Fan #6","EZ-Connect Fan","CPU Core #1","CPU Core #2","CPU Core #3","CPU Core #4","CPU Core #5","CPU Core #6","CPU Core #7","CPU Core #8","CPU Total","CPU Core Max","Package","Cores (Average)","Cores (Average Effective)","Core #1","Core #1 (Effective)","Core #1","Core #1 (SMU)","Core #1 VID","Core #2","Core #2 (Effective)","Core #2","Core #2 (SMU)","Core #2 VID","Core #3","Core #3 (Effective)","Core #3","Core #3 (SMU)","Core #3 VID","Core #4","Core #4 (Effective)","Core #4","Core #4 (SMU)","Core #4 VID","Core #5","Core #5 (Effective)","Core #5","Core #5 (SMU)","Core #5 VID","Core #6","Core #6 (Effective)","Core #6","Core #6 (SMU)","Core #6 VID","Core #7","Core #7 (Effective)","Core #7","Core #7 (SMU)","Core #7 VID","Core #8","Core #8 (Effective)","Core #8","Core #8 (SMU)","Core #8 VID","Core (Tctl/Tdie)","CCD1 (Tdie)","Bus Speed","GPU Memory Total","Fullscreen FPS","D3D Dedicated Memory Total","D3D Dedicated Memory Free","D3D Dedicated Memory Used","D3D Shared Memory Used","D3D Shared Memory Free","D3D Shared Memory Total","D3D 3D","D3D Copy","D3D Compute 0","D3D Compute 1","D3D Timer 0","D3D Security 1","D3D High Priority Compute","D3D High Priority 3D","D3D Video JPEG 0","D3D Video Decode 1","D3D Video Codec 0","GPU Memory Used","GPU Memory Free","GPU Core","GPU SoC","GPU Memory","GPU VR SoC","GPU Core","GPU SoC","GPU Core","GPU Core","GPU SoC","GPU Core","GPU Core","GPU Memory","GPU Fan 1","GPU Fan 2","GPU Fan 1","GPU Fan 2","GPU Core","GPU Memory Controller","GPU Video Engine","GPU Bus","GPU Power","GPU Board Power","GPU Core Voltage","D3D Dedicated Memory Used","D3D Shared Memory Used","D3D 3D","D3D Overlay","D3D Video Decode","D3D Copy","D3D Copy","D3D Security","D3D Video Encode","D3D Video Encode","D3D Optical Flow Accelerator 0","D3D VR","D3D Copy","D3D Copy","D3D Copy","D3D Copy","GPU Hot Spot","GPU Memory Junction","GPU Memory Total","GPU Memory Free","GPU Memory Used","GPU Memory","GPU Package","GPU PCIe Rx","GPU PCIe Tx"
05/26/2026 14:14:13,47,50,0,54,60,63,63,63,63,81,12.144001,5.04,1.312,1.39200008,0.994,0.31,0.694,3.292,2.046,0,3.37200022,3.37200022,3.124,66,43,42.5,43.5,1066,627,0,858,762,0,0,0,0,0,42.42,13.64,7.46,5.97,7.46,36.36,2.99,0,14.54,42.42,34.3954353,3835,611,5050,2397,50.5,1.81337857,0.525,4040,533,40.4,0.5775054,0.525,3833,99,40.4,0.09262817,0.525,3742,98,40.4,0.07571434,0.50625,3228,202,33.6666679,0.261842966,0.50625,5050,1494,50.5,1.64202881,0.50625,2943,36,33.6666679,0.0290524885,0.50625,2793,30,33.6666679,0.0219672378,0.50625,65.62501,50.5000038,99.9981842,512,-1,485.785156,485.5,0.28515625,0.5,7618.451,7618.951,0,0,0,0,0,0,0,0,0,0,0,0,512,600,1200,3000,49,1.06000006,1.30500007,0,13,15,37,210,405,0,0,0,0,0,46,0,0,7.199,7.804,0.88,1156.65625,153.2539,1.13471615,0,0,0,0,0,0,0,0,0,0,0,0,0,48.28125,44,16376,14910,1465,8.946877,18.702,1249280,0
05/26/2026 14:14:15,49,51,0,55,60,67,67,67,67,82,12.144001,5.04,1.312,1.39200008,1.0480001,0.316,0.694,3.292,2.046,0,3.37200022,3.37200022,3.12000012,62,43,42.5,43.5,1084,634,0,865,754,0,0,0,0,0,44.62,18.18,7.69,1.54,12.5,46.15,1.54,1.54,16.72,46.15,35.6792145,4149,728,4040,2196,40.4,1.989585,0.49375,5000,863,50,1.08315277,0.49375,4881,164,50.5,0.16745095,0.50625,3581,74,40.4,0.0578246824,0.50625,4955,378,50.5,0.419554025,0.50625,5050,2089,50.5,1.96960652,0.5375,2890,33,33.6666679,0.0373862945,0.575,2795,31,33.6666679,0.0245541818,0.575,61.8750076,54.2500038,99.9982,512,-1,485.785156,485.5,0.28515625,0.5,7618.451,7618.951,0,0,0,0,0,0,0,0,0,0,0,0,512,600,1200,3000,49,1.0200001,1.30500007,0,6,15,37,210,405,0,0,0,0,0,21,0,0,5.184,5.677,0.88,1156.65625,153.2539,3.134145,0,0,0,0.00128036726,0,0,0,0,0,0,0,0,0,48.375,44,16376,14910,1465,8.946877,16.761,949248,749568
05/26/2026 14:14:17,50,51,0,56,61,63,63,63,63,78,12.144001,5.04,1.312,1.39200008,1.024,0.326,0.694,3.292,2.046,0,3.37200022,3.37200022,3.124,59,43,42.5,43.5,1096,639,0,870,787,0,0,0,0,0,40.3,10.45,6.06,3.03,6.06,31.34,3.03,3.03,12.91,40.3,34.8964157,3721,601,4850,2201,48.5,1.79647613,0.64375,4850,542,48.5,0.621721447,0.64375,3037,110,32.3333321,0.10848701,0.64375,2948,65,32.3333321,0.06442261,0.64375,3115,192,32.3333321,0.242937058,0.64375,5050,1627,50.5,1.4977448,0.525,2887,35,33.6666679,0.04348544,0.525,3028,39,33.6666679,0.0417046,0.525,59.1250076,45.8750038,99.9982,512,-1,485.785156,485.5,0.28515625,0.5,7618.451,7618.951,0,0,0,0,0,0,0,0,0,0,0,0,512,600,1200,3000,49,1.05500007,1.30500007,0,4,15,37,210,405,0,0,0,0,0,22,0,0,5.212,5.646,0.88,1156.65234,152.207031,2.85551763,0,0,0,0,0,0,0,0,0,0.0315060355,0,0,0,48.375,44,16376,14910,1465,8.946877,15.06,399360,0
05/26/2026 14:14:19,50,51,0,56,62,59,59,59,59,74,12.144001,5.04,1.312,1.39200008,0.964000046,0.312,0.694,3.292,2.046,0,3.37200022,3.37200022,3.124,58,43,42.5,43.5,1121,664,0,891,778,0,0,0,0,0,34.38,7.81,4.69,4.69,4.69,23.44,0,26.56,13.28,34.38,35.5993919,3559,677,4850,1583,48.5,1.54551113,0.65,3233,472,32.3333321,0.6005695,0.65,3233,200,32.3333321,0.213553816,0.65,3233,297,32.3333321,0.3462973,0.65,3007,205,32.3333321,0.285242617,0.65,4850,1347,48.5,1.5839529,0.65,2830,60,32.3333321,0.04228031,0.65,3233,1253,32.3333321,1.23253965,0.65,58.3750076,45.8750038,99.9982,512,-1,485.785156,485.5,0.28515625,0.5,7618.451,7618.951,0,0,0,0,0,0,0,0,0,0,0,0,512,600,1200,3000,48,0.965000033,1.30500007,0,2,15,37,210,405,0,0,0,0,0,21,0,0,5.836,7.206,0.88,1156.65234,152.207031,1.15711927,0,0,0,0.00131041813,0,0,0,0,0,0,0,0,0,48.34375,44,16376,14910,1465,8.946877,16.615,0,0
05/26/2026 14:14:21,49,51,0,57,63,56,56,56,56,72,12.144001,5.04,1.312,1.396,1.088,0.324,0.694,3.292,2.046,0,3.37600017,3.37600017,3.124,59,43,42.5,43.5,1109,664,0,904,808,0,0,0,0,0,9.38,6.25,3.12,3.12,3.12,6.25,3.12,56.25,11.33,56.25,29.4287071,3587,547,4040,464,40.4,0.7268535,0.4875,3367,307,33.6666679,0.329287469,0.5,3367,116,33.6666679,0.09786891,0.5,3367,121,33.6666679,0.106195927,0.5,3367,122,33.6666679,0.1324415,0.5,3367,282,33.6666679,0.311456472,0.5,2773,34,33.6666679,0.0247594323,0.5,5050,2931,50.5,3.17147064,0.5,57.0000076,46.2500038,99.9982,512,-1,485.785156,485.5,0.28515625,0.5,7618.451,7618.951,0,0,0,0,0,0,0,0,0,0,0,0,512,600,1200,3000,49,1.079,1.30500007,0,8,15,37,210,405,0,0,0,0,0,46,0,0,6.856,7.304,0.88,1156.65234,152.207031,0,0,0,0,0,0,0,0,0,0,0,0,0,0,48.40625,46,16376,14910,1465,8.946877,19.777,49152,0
05/26/2026 14:14:23,49,51,0,58,63,59,59,59,59,76,12.144001,5.04,1.312,1.396,0.588,0.278000027,0.694,3.292,2.046,0,3.37600017,3.37600017,3.124,60,43,42.5,43.5,1098,640,0,907,793,0,0,0,0,0,6.35,0,0,0,0,1.59,0,0,0.99,6.35,25.7193871,3170,91,4850,365,48.5,0.261828959,0.65,2769,56,32.3333321,0.03685605,0.65,2600,30,32.3333321,0.010200128,0.65,2592,26,32.3333321,0.009945227,0.65,2677,35,32.3333321,0.0331529826,0.65,4502,159,48.5,0.148818344,0.65,2725,30,32.3333321,0.013631274,0.65,2649,30,32.3333321,0.009406196,0.65,59.8750076,41.0000038,99.99819,512,-1,485.785156,485.5,0.28515625,0.5,7618.451,7618.951,0,0,0,0,0,0,0,0,0,0,0,0,512,600,1200,3000,46,0.675,1.30500007,0,4,15,37,210,405,0,0,0,0,0,41,0,0,5.917,6.032,0.88,1156.65234,152.207031,0.01823674,0,0,0,0,0,0,0,0,0,0,0,0,0,48.40625,44,16376,14910,1465,8.946877,17.612,0,0
05/26/2026 14:14:25,50,51,0,58,64,58,58,58,58,74,12.144001,5.04,1.312,1.39200008,0.704000056,0.3,0.694,3.292,2.046,0,3.37600017,3.37200022,3.124,57,43,42.5,43.5,1115,664,0,896,821,0,0,0,0,0,12.5,0,0,0,3.12,7.81,1.56,6.25,3.91,12.5,27.7966938,3484,241,4850,677,48.5,0.532293856,0.65,2968,127,32.3333321,0.142201692,0.65,2699,36,32.3333321,0.0263182465,0.65,2804,45,32.3333321,0.0183411539,0.65,3233,226,32.3333321,0.216221586,0.65,4850,420,48.5,0.443352729,0.65,3233,87,32.3333321,0.06574323,0.65,3233,310,32.3333321,0.2888335,0.65,56.7500076,43.5000038,99.9982,512,-1,485.785156,485.5,0.28515625,0.5,7618.451,7618.951,0,0,0,0,0,0,0,0,0,0,0,0,512,600,1200,3000,47,0.565,1.30500007,0,0,13,37,210,405,0,0,0,0,0,46,0,0,6.967,7.853,0.88,1156.65234,152.207031,0.009497208,0,0,0,0,0,0,0,0,0,0,0,0,0,48.53125,44,16376,14910,1465,8.946877,15.931,0,0
05/26/2026 14:14:27,49,51,0,57,63,54,54,54,54,70,12.144001,5.04,1.31000006,1.39200008,0.710000038,0.30400002,0.694,3.292,2.046,0,3.37200022,3.37200022,3.12000012,54,43,42,43.5,1111,664,0,922,810,0,0,0,0,0,4.69,0,0,0,0,3.12,0,0,0.98,4.69,25.820982,3122,89,4850,345,48.5,0.215916365,0.65,2653,48,32.3333321,0.02357259,0.65,2565,28,32.3333321,0.0110290973,0.65,2567,28,32.3333321,0.00881104,0.65,2590,34,32.3333321,0.0126709454,0.65,4571,184,48.5,0.137637943,0.65,2527,21,32.3333321,0.008414067,0.65,2655,25,32.3333321,0.00904118549,0.65,54.2500076,41.5000038,99.9981842,512,-1,485.785156,485.5,0.28515625,0.5,7618.451,7618.951,0,0,0,0,0,0,0,0,0,0,0,0,512,600,1200,3000,46,0.62,1.30500007,0,2,14,38,210,405,0,0,0,0,0,41,0,0,6.814,6.918,0.88,1156.65234,152.207031,0,0,0,0,0,0,0,0,0,0,0,0,0,0,48.5625,44,16376,14910,1465,8.946877,19.538,0,0
05/26/2026 14:14:29,48,51,0,56,62,50,50,50,50,67,12.144001,5.04,1.312,1.396,0.574,0.276000023,0.694,3.292,2.046,0,3.37600017,3.37200022,3.12000012,52,43,42,43.5,1083,640,0,896,822,0,0,0,0,0,9.23,0,0,0,0,0,0,0,1.15,9.23,26.0479755,3166,88,4850,354,48.5,0.267158568,0.64375,2687,47,32.3333321,0.02993126,0.64375,2611,23,32.3333321,0.0136563275,0.64375,2618,29,32.3333321,0.010459194,0.64375,2729,37,32.3333321,0.0211054515,0.64375,4651,175,48.5,0.1376651,0.64375,2581,20,32.3333321,0.008691892,0.64375,2598,19,32.3333321,0.008539153,0.64375,52.5000076,39.625,99.9982,512,-1,485.785156,485.5,0.28515625,0.5,7618.451,7618.951,0,0,0,0,0,0,0,0,0,0,0,0,512,600,1200,3000,46,0.570000052,1.30500007,0,0,13,38,210,405,0,0,0,0,0,41,0,0,6.345,6.717,0.88,1156.65234,152.207031,0,0,0,0,0,0,0,0,0,0,0,0,0,0,48.5625,44,16376,14910,1465,8.946877,19.404,0,0
05/26/2026 14:14:31,47,51,0,55,61,47,47,47,47,65,12.144001,5.04,1.312,1.39200008,0.590000033,0.3,0.694,3.292,2.046,0,3.37600017,3.37600017,3.124,51,43,42,43.5,1060,640,0,879,809,0,0,0,0,0,3.08,0,0,0,0,0,0,0,0.38,3.08,26.18375,3137,81,4850,299,48.5,0.219576091,0.66875,2698,55,32.3333321,0.02708261,0.66875,2544,26,32.3333321,0.0104524083,0.66875,2566,25,32.3333321,0.0107019683,0.66875,2618,36,32.3333321,0.0199595243,0.66875,4687,160,48.5,0.131398633,0.6625,2597,24,32.3333321,0.009413198,0.6625,2533,23,32.3333321,0.009170392,0.6625,51.1250076,43.5000038,99.99819,512,-1,485.785156,485.5,0.28515625,0.5,7618.451,7618.951,0,0,0,0,0,0,0,0,0,0,0,0,512,600,1200,3000,48,0.969000041,1.30500007,0,2,15,38,210,405,0,0,0,0,0,41,0,0,6.058,5.941,0.88,1156.65234,152.207031,0,0,0,0,0,0,0,0,0,0,0,0,0,0,48.6875,44,16376,14910,1465,8.946877,17.502,0,0
05/26/2026 14:14:33,45,51,0,54,60,44,44,44,44,63,12.144001,5.04,1.312,1.39200008,0.66,0.30400002,0.694,3.292,2.046,0,3.37200022,3.37200022,3.12000012,50,43,42,43.5,1030,664,0,871,780,0,0,0,0,0,1.56,0,0,0,0,0,0,0,0.2,1.56,26.2743359,3149,91,4850,406,48.5,0.2805844,0.65,2722,46,32.3333321,0.052044753,0.65,2715,27,32.3333321,0.0263650026,0.65,2656,27,32.3333321,0.0171078891,0.65,2573,26,32.3333321,0.0131561821,0.65,4464,150,48.5,0.139421567,0.65,2547,19,32.3333321,0.0103602288,0.65,2664,26,32.3333321,0.0108690551,0.65,50.2500076,43.0000038,99.9982,512,-1,485.785156,485.5,0.28515625,0.5,7618.451,7618.951,0,0,0,0,0,0,0,0,0,0,0,0,512,600,1200,3000,47,0.969000041,1.30500007,0,3,15,38,210,405,0,0,0,0,0,41,0,0,6.568,6.14,0.88,1156.65234,152.207031,0,0,0,0,0,0,0,0,0,0,0,0,0,0,48.75,46,16376,14910,1465,8.946877,17.3,49152,0
05/26/2026 14:14:35,44,51,0,53,58,43,43,43,43,62,12.144001,5.04,1.312,1.396,0.596,0.296,0.694,3.292,2.046,0,3.37600017,3.37200022,3.124,49,43,42,43.5,1016,664,0,867,764,0,0,0,0,0,15.62,4.62,4.62,1.54,1.54,18.75,3.08,3.08,6.6,18.75,25.9828358,3232,98,3600,403,36,0.243173167,0.9625,2954,41,36,0.02626138,0.95625,2942,35,36,0.0102010742,0.95,2902,23,36,0.008848944,0.95,2905,25,36,0.0107822744,0.95,4884,205,50.5,0.1739466,0.55625,2838,27,33.6666679,0.0102911294,0.55625,2829,26,33.6666679,0.008640204,0.58125,49.8750076,40.5000038,99.99819,512,-1,485.785156,485.5,0.28515625,0.5,7618.451,7618.951,0,0,0,0,0,0,0,0,0,0,0,0,512,600,1200,3000,46,0.570000052,1.30500007,0,0,13,38,210,405,0,0,0,0,0,41,0,0,6.565,8.784,0.88,1156.65234,152.207031,0,0,0,0,0,0,0,0,0,0,0,0,0,0,48.71875,44,16376,14910,1465,8.946877,19.039,0,1499136
05/26/2026 14:14:37,43,51,0,52,57,42,42,42,42,62,12.144001,5.04,1.312,1.396,0.886000037,0.30400002,0.694,3.292,2.046,0,3.37600017,3.37200022,3.124,49,43,42,43.5,995,640,0,853,744,0,0,0,0,0,18.46,3.12,1.56,3.12,1.56,9.23,1.56,1.56,5.02,18.46,28.4500313,3572,204,4850,716,48.5,0.5848744,0.65,3233,154,32.3333321,0.1751294,0.65,3181,98,32.3333321,0.117474258,0.65,3059,87,32.3333321,0.09674318,0.65,3186,117,32.3333321,0.1435685,0.65,4850,344,48.5,0.3203357,0.65,3069,59,32.3333321,0.06368251,0.65,3147,61,32.3333321,0.0541017763,0.65,49.1250076,41.0000038,99.9982,512,-1,485.785156,485.5,0.28515625,0.5,7618.451,7618.951,0,0,0,0,0,0,0,0,0,0,0,0,512,600,1200,3000,48,0.75000006,1.30500007,0,0,15,38,210,405,0,0,0,0,18,31,0,5,5.032,5.58,0.88,1156.65234,152.207031,3.198099,0,0,0,0,0,0,0,0,0,0,0,0,0,48.8125,44,16376,14910,1465,8.946877,17.483,49152,0
05/26/2026 14:14:39,42,51,0,51,56,40,40,40,40,61,12.144001,5.04,1.312,1.396,0.72,0.298,0.694,3.29600024,2.046,0,3.37600017,3.37200022,3.124,48,43,41.5,43.5,965,640,0,842,730,0,0,0,0,0,15.62,6.25,4.69,6.25,1.56,9.38,3.12,3.12,6.25,15.62,25.43867,3210,82,4850,338,48.5,0.193539366,0.65,3041,64,32.3333321,0.0343991928,0.65,2638,25,32.3333321,0.008382227,0.65,2645,24,32.3333321,0.008626099,0.65,2711,29,32.3333321,0.01022918,0.65,4451,134,48.5,0.105772771,0.65,2719,23,32.3333321,0.0104751084,0.65,2625,18,32.3333321,0.008902315,0.65625,48.6250076,40.125,99.99819,512,-1,485.785156,485.5,0.28515625,0.5,7618.451,7618.951,0,0,0,0,0,0,0,0,0,0,0,0,512,600,1200,3000,46,0.825000048,1.30500007,0,0,12,38,210,405,0,0,0,0,0,22,0,0,5.198,5.018,0.88,1156.65234,152.4375,0,0,0,0,0,0,0,0,0,0,0,0,0,0,48.84375,46,16376,14910,1465,8.946877,14.679,0,0
05/26/2026 14:14:41,41,51,0,49,55,40,40,40,40,61,12.144001,5.04,1.31000006,1.396,0.602000058,0.296,0.694,3.292,2.046,0,3.37600017,3.37200022,3.124,48,43,41.5,43.5,933,664,0,828,718,0,0,0,0,0,10.94,0,0,0,0,3.12,0,0,1.76,10.94,26.3321152,3193,97,4850,396,48.5,0.2789979,0.65,2789,61,32.3333321,0.0437444,0.65,2593,24,32.3333321,0.009570052,0.65,2582,23,32.3333321,0.0106697027,0.65,2621,27,32.3333321,0.0154872816,0.65,4728,197,48.5,0.160007134,0.65,2808,30,32.3333321,0.0231881328,0.65,2575,18,32.3333321,0.009117888,0.65,48.3750076,40.5000038,99.9982,512,-1,485.785156,485.5,0.28515625,0.5,7618.451,7618.951,0,0,0,0,0,0,0,0,0,0,0,0,512,600,1200,3000,46,0.594000041,1.30500007,0,0,13,38,210,405,0,0,0,0,0,46,0,0,7.09,7.809,0.88,1156.65234,152.4375,1.12034953,0,0,0,0,0,0,0,0,0,0,0,0,0,48.8125,46,16376,14910,1465,8.946877,17.575,49152,0
05/26/2026 14:14:43,40,51,0,48,54,40,40,40,40,61,12.144001,5.04,1.312,1.396,0.61,0.288000017,0.694,3.292,2.046,0,3.37200022,3.37200022,3.124,48,43,41.5,43.5,904,664,0,802,709,0,0,0,0,0,6.25,1.56,1.56,0,1.56,4.69,0,0,1.95,6.25,26.3554955,3635,151,4850,398,48.5,0.2842537,0.65625,3218,109,32.3333321,0.09069032,0.65625,4850,84,48.5,0.06473512,0.65625,3233,80,32.3333321,0.05718397,0.65625,3233,93,32.3333321,0.07944001,0.65625,3233,279,32.3333321,0.219385684,0.65625,3233,81,32.3333321,0.0576792248,0.6375,3233,86,32.3333321,0.0609476268,0.6375,48.2500076,40.5000038,99.99819,512,-1,485.785156,485.5,0.28515625,0.5,7618.451,7618.951,0,0,0,0,0,0,0,0,0,0,0,0,512,600,1200,3000,46,0.604000032,1.30500007,0,1,13,38,210,405,0,0,0,0,0,22,0,0,5.631,6.006,0.88,1156.65234,152.4375,0.0127639025,0,0,0,0,0,0,0,0,0,0,0,0,0,48.9375,44,16376,14910,1465,8.946877,17.962,0,0
05/26/2026 14:14:45,39,51,0,47,53,40,40,40,40,61,12.144001,5.04,1.312,1.396,0.694,0.294,0.692000031,3.292,2.046,0,3.37600017,3.37600017,3.124,48,43,41.5,43.5,879,640,0,794,704,0,0,0,0,0,26.56,9.38,6.25,3.12,7.81,22.22,6.25,3.12,10.59,26.56,27.4134712,3290,144,4850,509,48.5,0.392744064,0.6625,3097,100,32.3333321,0.09679774,0.6625,3080,69,32.3333321,0.056110654,0.6625,3063,54,32.3333321,0.0446190462,0.6625,3105,82,32.3333321,0.07060999,0.6625,3196,239,32.3333321,0.212836057,0.6625,2998,60,32.3333321,0.03771354,0.6625,2927,43,32.3333321,0.022690434,0.6625,48.1250076,40.5000038,99.99819,512,-1,485.785156,485.5,0.28515625,0.5,7618.451,7618.951,0,0,0,0,0,0,0,0,0,0,0,0,512,600,1200,3000,46,0.405000031,1.30500007,0,0,11,38,210,405,0,0,0,0,0,21,0,0,5.014,4.965,0.88,1156.65234,152.4375,0,0,0,0,0,0,0,0,0,0,0,0,0,0,48.96875,44,16376,14910,1465,8.946877,15.846,0,0
05/26/2026 14:14:47,38,51,0,46,52,40,40,40,40,61,12.144001,5.03,1.312,1.39200008,0.634,0.288000017,0.694,3.292,2.046,0,3.37200022,3.37200022,3.12000012,48,43,41.5,43.5,862,640,0,781,686,0,0,0,0,0,9.52,0,0,0,1.59,4.76,0,0,1.98,9.52,27.5232887,3279,180,4850,609,48.5,0.482489735,0.55,2921,112,32.3333321,0.124190904,0.55,2733,36,32.3333321,0.0310053639,0.55,2660,32,32.3333321,0.0127655929,0.55,2973,83,32.3333321,0.07979661,0.55,4850,519,48.5,0.4832111,0.55,2629,25,32.3333321,0.0180337727,0.55,2617,23,32.3333321,0.0121874465,0.55,48.7500076,41.0000038,99.99819,512,-1,485.785156,485.5,0.28515625,0.5,7618.451,7618.951,0,0,0,0,0,0,0,0,0,0,0,0,512,600,1200,3000,46,0.410000026,1.30500007,0,0,11,38,210,405,0,0,0,0,0,22,0,0,5.751,5.733,0.88,1156.65234,152.4375,0,0,0,0,0,0,0,0,0,0,0,0,0,0,49,46,16376,14910,1465,8.946877,14.984,0,0
05/26/2026 14:14:49,38,51,0,46,52,43,43,43,43,63,12.144001,5.04,1.312,1.39200008,1.006,0.312,0.692000031,3.292,2.046,0,3.37200022,3.37200022,3.12000012,52,43,41.5,43.5,870,663,0,750,656,0,0,0,0,0,30.16,11.11,1.56,3.12,3.12,34.92,1.56,0,10.7,34.92,33.6346741,4223,579,5050,1572,50.5,1.59719586,0.5125,5050,617,50.5,0.848707438,0.5125,4669,188,50.5,0.3312698,0.5125,3024,104,33.6666679,0.204379633,0.5125,4949,346,50.5,0.5533752,0.51875,5050,1637,50.5,1.778477,0.53125,2980,86,33.6666679,0.136863276,0.525,3015,80,33.6666679,0.113372631,0.525,53.1250076,50.0000038,99.99819,512,-1,485.785156,485.5,0.28515625,0.5,7618.451,7618.951,0,0,0,0,0,0,0,0,0,0,0,0,512,600,1200,3000,47,0.955000043,1.30500007,0,1,15,38,210,405,0,0,0,0,0,22,0,0,5.932,7.048,0.88,1156.65234,152.4375,0,0,0,0,0,0,0,0,0,0,0,0,0,0,49.09375,46,16376,14910,1465,8.946877,17.079,0,0
05/26/2026 14:14:51,40,51,0,47,53,47,47,47,47,67,12.12,5.03,1.31000006,1.39200008,0.69600004,0.290000021,0.692000031,3.288,2.046,0,3.37200022,3.37200022,3.12000012,53,43,41.5,43.5,885,662,0,764,668,0,0,0,0,0,31.25,9.38,1.56,4.69,6.25,20.31,3.12,3.12,9.96,31.25,32.4307327,3521,547,3367,1562,33.6666679,1.55296862,0.55625,3367,473,33.6666679,0.6567038,0.55625,3345,201,33.6666679,0.286607474,0.55625,3246,140,33.6666679,0.216588423,0.55625,3367,319,33.6666679,0.43783772,0.55625,5050,1454,50.5,1.5253191,0.55625,3188,121,33.6666679,0.173256725,0.55625,3238,103,33.6666679,0.14748022,0.55625,53.0000076,44.0000038,99.9982,512,-1,485.785156,485.5,0.28515625,0.5,7618.451,7618.951,0,0,0,0,0,0,0,0,0,0,0,0,512,600,1200,3000,48,1.04000008,1.30500007,0,20,15,38,210,405,0,0,0,0,0,22,0,0,5.088,5.424,0.88,1156.65234,152.4375,1.14916086,0,0,0,0.0013385854,0,0,0,0,0,0,0,0,0,49.125,44,16376,14910,1465,8.946877,17.094,49152,149504
05/26/2026 14:14:53,41,51,0,48,53,51,51,51,51,69,12.12,5.04,1.312,1.396,0.724000037,0.306000024,0.692000031,3.292,2.046,0,3.37200022,3.37200022,3.124,53,43,41.5,43.5,918,639,0,776,672,0,0,0,0,0,15.62,0,3.12,0,3.12,18.75,0,0,5.08,18.75,31.5416584,3261,312,4850,945,48.5,0.8380684,0.65,3136,222,32.3333321,0.280619174,0.65,3083,125,32.3333321,0.138501331,0.65,2908,65,32.3333321,0.08321041,0.65,3069,149,32.3333321,0.189806938,0.65,3233,873,32.3333321,0.808564365,0.65,2894,60,32.3333321,0.06037751,0.6625,2917,59,32.3333321,0.03532759,0.6625,53.5000076,44.0000038,99.9982,512,-1,485.785156,485.5,0.28515625,0.5,7618.451,7618.951,0.158878341,0.7112392,0,0,0,0,0,0,0,0,0,0,512,600,1200,3000,48,0.924,1.30500007,0,2,15,39,2670,10701.9883,0,0,0,0,1,2,0,1,17.131,16.988,0.97,1156.65234,152.4375,0.174949721,0,0,0,0,0,0,0,0,0,0.677967966,0,0,0,49.90625,46,16376,14910,1465,8.946877,48.603,0,0
05/26/2026 14:14:55,42,51,0,49,54,48,48,48,48,67,12.144001,5.04,1.312,1.396,0.85,0.296,0.692000031,3.292,2.046,0,3.37200022,3.37200022,3.124,52,43.5,41.5,43.5,952,662,0,788,685,0,0,0,0,0,4.69,0,0,0,0,1.56,0,0,0.78,4.69,27.81,3232,94,4850,318,48.5,0.2173924,0.65,2871,72,32.3333321,0.04880426,0.65,2978,57,32.3333321,0.04496118,0.65,2561,30,32.3333321,0.0152747789,0.65,2813,51,32.3333321,0.0337093249,0.65,4647,169,48.5,0.116094485,0.65,2479,23,32.3333321,0.014627412,0.65,2661,34,32.3333321,0.0133347027,0.65,52.1250076,40.5000038,99.99819,512,-1,485.785156,485.5,0.28515625,0.5,7618.451,7618.951,0,0,0,0,0,0,0,0,0,0,0,0,512,600,1200,3000,47,0.565,1.30500007,0,0,14,39,480,5001.986,0,0,0,0,0,4,0,0,12.642,17.968,0.93,1156.65234,152.4375,0,0,0,0,0,0,0,0,0,0,0,0,0,0,49.875,46,16376,14910,1465,8.946877,49.373,49152,0
05/26/2026 14:14:57,42,51,0,49,55,45,45,45,45,65,12.144001,5.04,1.312,1.396,0.704000056,0.294,0.692000031,3.292,2.046,0,3.37200022,3.37200022,3.12000012,51,43.5,41.5,43.5,957,663,0,796,697,0,0,0,0,0,10.94,1.56,0,0,0,1.56,0,0,1.76,10.94,27.2677059,3152,104,4850,461,48.5,0.305289656,0.65,2728,53,32.3333321,0.0411373526,0.65,2616,29,32.3333321,0.0169174317,0.65,2580,25,32.3333321,0.009456037,0.65,2637,36,32.3333321,0.0259843525,0.65,4695,179,48.5,0.150797591,0.65,2549,22,32.3333321,0.0101322783,0.65,2561,25,32.3333321,0.009432451,0.65,51.0000076,42.5000038,99.9982,512,-1,485.785156,485.5,0.28515625,0.5,7618.451,7618.951,0,0,0,0,0,0,0,0,0,0,0,0,512,600,1200,3000,46,0.585000038,1.30500007,0,0,13,39,210,810,0,0,0,0,0,19,0,0,9.947,12.873,0.93,1156.65234,152.4375,0.004098327,0,0,0,0,0,0,0,0,0,0,0,0,0,49.71875,44,16376,14910,1465,8.946877,32.453,0,0
05/26/2026 14:14:59,41,51,0,49,54,44,44,44,44,63,12.144001,5.04,1.312,1.39200008,0.704000056,0.30400002,0.692000031,3.292,2.046,0,3.37200022,3.37200022,3.12000012,50,43.5,41.5,43.5,936,640,0,809,703,0,0,0,0,0,6.35,0,0,0,0,4.76,0,0,1.39,6.35,28.6336575,3121,122,3600,465,36,0.3766378,0.9625,3274,89,36,0.07185783,0.95625,2694,51,32.3333321,0.030755084,1.15,2600,36,32.3333321,0.0205285661,1.15,2767,52,32.3333321,0.05378501,1.15,4800,220,48.5,0.217468,1.15,2681,34,32.3333321,0.0155414483,1.15,2555,27,32.3333321,0.0127445925,1.15,50.6250076,40.125,99.9982,512,-1,485.785156,485.5,0.28515625,0.5,7618.451,7618.951,0,0,0,0,0,0,0,0,0,0,0,0,512,600,1200,3000,47,0.955000043,1.30500007,0,0,15,39,210,405,0,0,0,0,0,46,0,0,5.949,7.144,0.875,1156.65234,152.4375,0.365391135,0,0,0,0,0,0,0,0,0,0,0,0,0,49.59375,46,16376,14910,1465,8.946877,26.623,0,0
05/26/2026 14:15:01,40,51,0,48,53,43,43,43,43,62,12.144001,5.04,1.312,1.39200008,0.66,0.288000017,0.692000031,3.292,2.046,0,3.37600017,3.37200022,3.124,49,43.5,41.5,43.5,906,640,0,785,685,0,0,0,0,0,12.5,0,0,0,0,3.12,0,0,1.95,12.5,27.1294613,3460,125,4850,517,48.5,0.37254,0.64375,2864,65,32.3333321,0.056262698,0.64375,2898,50,32.3333321,0.023008924,0.64375,2572,25,32.3333321,0.0100616328,0.64375,4051,36,48.5,0.026276283,0.64375,5050,266,50.5,0.222656,0.55625,2630,18,33.6666679,0.009553836,0.55625,2761,25,33.6666679,0.0102907224,0.55625,49.6250076,41.5000038,99.9982,512,-1,485.785156,485.5,0.28515625,0.5,7618.451,7618.951,0,0,0,0,0,0,0,0,0,0,0,0,512,600,1200,3000,47,0.734,1.30500007,0,0,14,38,210,405,0,0,0,0,5,47,0,4,6.645,8.354,0.875,1156.65234,152.4375,2.01982951,0,0,0,0.001026569,0,0,0,0,0,0,0,0,0,49.53125,46,16376,14910,1465,8.946877,15.621,49152,0
05/26/2026 14:15:03,39,51,0,47,52,42,42,42,42,62,12.144001,5.04,1.312,1.396,0.808,0.312,0.692000031,3.292,2.046,0,3.37200022,3.37200022,3.124,49,43.5,41.5,43.5,875,664,0,797,696,0,0,0,0,0,13.85,3.12,0,0,0,4.69,0,0,2.71,13.85,27.07987,2988,118,4850,514,48.5,0.349588633,0.64375,2704,59,32.3333321,0.0597361326,0.6625,2593,34,32.3333321,0.01953267,0.6625,2600,32,32.3333321,0.0135391057,0.6625,2824,49,32.3333321,0.05039944,0.6625,3158,209,32.3333321,0.142017871,0.6625,2589,24,32.3333321,0.0103308083,0.6625,2583,22,32.3333321,0.009929846,0.6625,49.2500076,42.5000038,99.9982,512,-1,485.785156,485.5,0.28515625,0.5,7618.451,7618.951,0,0,0,0,0,0,0,0,0,0,0,0,512,600,1200,3000,48,0.955000043,1.30500007,0,1,14,38,210,405,0,0,0,0,0,41,0,0,6.602,6.955,0.875,1156.65234,152.4375,0.0182634816,0,0,0,0,0,0,0,0,0,0,0,0,0,49.5625,46,16376,14910,1465,8.946877,19.449,0,0
05/26/2026 14:15:05,39,51,0,47,52,42,42,42,42,62,12.144001,5.04,1.312,1.396,0.606,0.284,0.692000031,3.292,2.046,0,3.37600017,3.37200022,3.124,49,43,41.5,43.5,882,661,0,757,660,0,0,0,0,0,20.31,3.17,4.76,3.17,4.76,20.31,3.17,1.59,7.66,20.31,27.9838982,3191,286,3233,836,32.3333321,0.8473727,1,3147,265,32.3333321,0.4210111,1,2928,55,33.6666679,0.102040708,0.58125,2876,41,33.6666679,0.0311268419,0.58125,3756,127,40.4,0.254457444,0.58125,4040,919,40.4,0.960174,0.58125,2691,22,33.6666679,0.014696504,0.58125,2856,25,33.6666679,0.0141275069,0.58125,49.1250076,39.625,99.9982,512,-1,485.785156,485.5,0.28515625,0.5,7618.451,7618.951,0,0,0,0,0,0,0,0,0,0,0,0,512,600,1200,3000,47,0.955000043,1.30500007,0,2,14,38,210,405,0,0,0,0,0,46,0,0,6.434,6.637,0.875,1156.65234,152.4375,1.121517,0,0,0,0,0,0,0,0,0,0,0,0,0,49.53125,46,16376,14910,1465,8.946877,16.912,0,49152
05/26/2026 14:15:07,39,51,0,47,52,42,42,42,42,62,12.144001,5.04,1.312,1.396,0.70600003,0.288000017,0.692000031,3.292,2.046,0,3.37600017,3.37200022,3.124,48,43.5,41.5,43.5,872,636,0,750,653,0,0,0,0,0,9.38,1.54,0,0,1.54,6.25,0,0,2.34,9.38,27.1538372,4111,139,4040,521,40.4,0.379660964,0.55,4778,88,50.5,0.07480502,0.55,4712,52,50.5,0.0433034636,0.55,3471,40,40.4,0.04135982,0.55,4840,72,50.5,0.05524294,0.55625,4040,275,40.4,0.243114978,0.55625,4240,36,50.5,0.024069434,0.55625,2765,28,33.6666679,0.0324884057,0.55625,48.7500076,42.5000038,99.9982,512,-1,485.785156,485.5,0.28515625,0.5,7618.451,7618.951,0,0,0,0,0,0,0,0,0,0,0,0,512,600,1200,3000,45,0.410000026,1.30500007,0,0,11,38,210,405,0,0,0,0,5,47,0,4,6.068,6.699,0.875,1156.64844,151.1914,0,0,0,0,0,0,0,0,0,0,0,0,0,0,49.59375,46,16376,14910,1465,8.946877,17.393,0,0
05/26/2026 14:15:09,38,51,0,46,50,40,40,40,40,61,12.144001,5.04,1.312,1.396,0.798000038,0.292000026,0.692000031,3.292,2.046,0,3.37600017,3.37600017,3.124,48,43.5,41.5,43.5,868,661,0,761,646,0,0,0,0,0,10.94,0,0,0,0,7.81,0,0,2.34,10.94,26.3853912,3305,114,4850,403,48.5,0.2739273,0.65625,3202,101,32.3333321,0.0896475539,0.65625,2757,31,32.3333321,0.0260208081,0.65625,2680,21,32.3333321,0.0114479363,0.65,2835,38,32.3333321,0.0560598671,0.65,4850,275,48.5,0.233803958,0.65,2635,23,32.3333321,0.009411955,0.65,2629,19,32.3333321,0.008969579,0.65,48.5000076,40.125,99.9982,512,-1,485.785156,485.5,0.28515625,0.5,7618.451,7618.951,0,0,0,0,0,0,0,0,0,0,0,0,512,600,1200,3000,47,0.930000067,1.30500007,0,6,15,38,210,405,0,0,0,0,0,22,0,0,5.68,5.834,0.875,1156.64844,151.1914,0,0,0,0,0,0,0,0,0,0,0,0,0,0,49.65625,46,16376,14910,1465,8.946877,15.559,0,0
05/26/2026 14:15:11,38,51,0,46,50,40,40,40,40,61,12.144001,5.04,1.312,1.39200008,0.652,0.3,0.692000031,3.292,2.046,0,3.37200022,3.37200022,3.12000012,48,43.5,41.5,43.5,867,638,0,757,639,0,0,0,0,0,12.7,0,0,0,0,3.17,0,0,1.98,12.7,27.5344658,3349,146,4850,602,48.5,0.339251876,0.65,2970,82,32.3333321,0.07159074,0.65,2849,54,32.3333321,0.048707433,0.65,2830,46,32.3333321,0.0351980142,0.65,3041,78,32.3333321,0.06540714,0.65,4850,249,48.5,0.233831361,0.65,2837,40,32.3333321,0.03140307,0.65,2562,21,32.3333321,0.01933088,0.65,48.3750076,43.5000038,99.9982,512,-1,485.785156,485.5,0.28515625,0.5,7618.451,7618.951,0,0,0,0,0,0,0,0,0,0,0,0,512,600,1200,3000,46,0.61,1.30500007,0,0,13,38,210,405,0,0,0,0,0,21,0,0,5.851,6.565,0.875,1156.64844,150.960938,2.15116429,0,0,0,0.00132029539,0,0,0,0,0,0,0,0,0,49.71875,46,16376,14910,1465,8.946877,17.211,0,0
05/26/2026 14:15:13,38,51,0,46,50,40,40,40,40,61,12.144001,5.04,1.312,1.396,0.596,0.288000017,0.690000057,3.292,2.046,0,3.37200022,3.37200022,3.12000012,48,43.5,41.5,43.5,865,639,0,757,635,0,0,0,0,0,6.15,0,0,0,0,4.62,0,0,1.35,6.15,25.9428215,3241,107,3600,345,36,0.216808587,0.9625,3235,68,36,0.0468827859,0.95625,3067,40,36,0.0311306473,0.95,2937,42,32.3333321,0.0282462426,1.0875,3001,64,32.3333321,0.0478185378,1.0875,4850,252,48.5,0.217748538,1.0875,2637,24,32.3333321,0.01762806,1.0875,2599,20,32.3333321,0.0131575,1.0875,48.2500076,42.5000038,99.9982,512,-1,485.785156,485.5,0.28515625,0.5,7618.451,7618.951,0,0,0,0,0,0,0,0,0,0,0,0,512,600,1200,3000,46,0.580000043,1.30500007,0,0,13,39,210,405,0,0,0,0,0,22,0,0,5.187,5.219,0.875,1156.64844,150.960938,3.162166,0,0,0,0,0,0,0,0,0,0,0,0,0,49.6875,46,16376,14910,1465,8.946877,15.735,0,0
05/26/2026 14:15:15,38,51,0,46,50,40,40,40,40,61,12.144001,5.04,1.312,1.396,0.658000052,0.306000024,0.690000057,3.292,2.046,0,3.37200022,3.37200022,3.124,49,43.5,41.5,43.5,859,662,0,746,646,0,0,0,0,0,17.19,3.12,0,0,1.56,23.44,0,0,5.66,23.44,31.4901371,3325,355,4850,915,48.5,0.859411061,0.65,3130,265,32.3333321,0.3255375,0.65,2849,80,32.3333321,0.114959292,0.65,2718,40,32.3333321,0.0565568581,0.65,2872,101,32.3333321,0.175439656,0.65,4850,1363,48.5,1.25620532,0.65,2655,34,32.3333321,0.03321338,0.65,2676,40,32.3333321,0.0316277966,0.65,49.7500076,42.5000038,99.99819,512,-1,485.785156,485.5,0.28515625,0.5,7618.451,7618.951,0.142924443,0.731961846,0,0,0,0,0,0,0,0,0,0,512,600,1200,3000,48,1.03500009,1.30500007,0,7,16,39,2670,10701.9883,0,0,0,0,0,2,0,0,17.459,18.91,0.97,1156.64844,150.960938,2.24510074,0,0,0,0.00127915712,0,0,0,0,0,1.46791279,0,0,0,50.3125,48,16376,14910,1465,8.946877,19.794,0,0
05/26/2026 14:15:17,39,51,0,46,51,42,42,42,42,62,12.144001,5.04,1.312,1.39200008,0.778000057,0.31,0.692000031,3.292,2.046,0,3.37600017,3.37200022,3.124,49,43.5,41.5,43.5,885,663,0,759,646,0,0,0,0,0,9.23,0,0,0,0,1.54,0,0,1.35,9.23,28.9275017,3160,87,4850,384,48.5,0.284872949,0.65,2699,45,32.3333321,0.0293181539,0.65,2623,24,32.3333321,0.0111805219,0.65,2609,23,32.3333321,0.009283481,0.65,2664,27,32.3333321,0.0158356242,0.65,4574,149,48.5,0.142351836,0.65,2683,20,32.3333321,0.009397657,0.65,2582,21,32.3333321,0.009903646,0.65,49.3750076,40.5000038,99.9982,512,-1,485.785156,485.5,0.28515625,0.5,7618.451,7618.951,0,0,0,0,0,0,0,0,0,0,0,0,512,600,1200,3000,47,0.594000041,1.30500007,0,0,14,40,2670,10701.9883,0,0,0,0,0,2,0,0,17.987,20.114,0.97,1156.64844,150.960938,0.00453836052,0,0,0,0,0,0,0,0,0,0,0,0,0,50.625,48,16376,14910,1465,8.946877,51.08,0,0
05/26/2026 14:15:19,39,51,0,47,51,42,42,42,42,62,12.144001,5.04,1.312,1.396,0.802000046,0.30400002,0.692000031,3.292,2.046,0,3.37600017,3.37600017,3.124,49,43.5,41.5,43.5,890,639,0,754,637,0,0,0,0,0,12.5,3.12,0,0,0,7.94,0,0,2.95,12.5,28.9272537,3428,155,3600,511,36,0.431873858,0.9625,3359,147,36,0.159251228,0.95625,2987,35,36,0.0352248251,0.95,2851,26,36,0.015559895,0.95,3029,50,36,0.06593713,0.95,3600,416,36,0.403778374,0.95625,4151,35,48.5,0.0160827115,0.95,3848,23,48.5,0.0121422177,1.04375,49.3750076,47.1250038,99.9982,512,-1,485.785156,485.5,0.28515625,0.5,7618.451,7618.951,0,0,0,0,0,0,0,0,0,0,0,0,512,600,1200,3000,47,0.685000062,1.30500007,0,0,14,39,255,810,0,0,0,0,0,4,0,0,12.246,14.23,0.93,1156.64844,150.960938,0.00394765334,0,0,0,0,0,0,0,0,0,0,0,0,0,50.4375,48,16376,14910,1465,8.946877,35.711,0,0
05/26/2026 14:15:21,39,51,0,47,52,42,42,42,42,62,12.144001,5.04,1.312,1.39200008,0.72,0.30400002,0.690000057,3.292,2.046,0,3.37600017,3.37200022,3.124,49,43.5,41.5,43.5,880,663,0,775,644,0,0,0,0,0,15.38,3.12,0,0,0,13.85,0,0,4.04,15.38,29.7386723,3692,236,5050,789,50.5,0.6984033,0.5625,3824,183,40.4,0.219185263,0.5625,3473,47,40.4,0.04649612,0.5625,3212,28,40.4,0.0248329844,0.5625,3546,70,40.4,0.11452017,0.5625,5050,719,50.5,0.6802326,0.5625,2701,26,33.6666679,0.02243729,0.56875,2679,26,33.6666679,0.0167341661,0.56875,49.5000076,44.3750038,99.99819,512,-1,485.785156,485.5,0.28515625,0.5,7618.451,7618.951,0,0,0,0,0,0,0,0,0,0,0,0,512,600,1200,3000,47,0.950000048,1.30500007,0,0,15,39,210,810,0,0,0,0,0,23,0,0,9.439,10.236,0.93,1157.82422,151.023438,0.007062108,0,0,0,0,0,0,0,0,0,0.192329332,0,0,0,50.46875,48,16376,14908,1467,8.959639,27.114,24399872,6749184
05/26/2026 14:15:23,40,51,0,48,53,44,44,44,44,63,12.144001,5.04,1.312,1.39200008,0.694,0.288000017,0.692000031,3.292,2.046,0,3.37600017,3.37200022,3.12000012,50,43.5,41.5,43.5,893,663,0,774,649,0,0,0,0,0,4.69,0,0,0,0,3.12,0,0,0.98,4.69,28.1320133,3178,93,4850,351,48.5,0.2373187,0.65,2666,42,32.3333321,0.0294391476,0.65,2601,31,32.3333321,0.0111697391,0.65,2575,22,32.3333321,0.0117190033,0.65,2590,31,32.3333321,0.0160322674,0.65,4850,221,48.5,0.170409724,0.65,2565,21,32.3333321,0.01054119,0.65,2729,24,32.3333321,0.00963914,0.65,50.5000076,40.125,99.9982,512,-1,485.785156,485.5,0.28515625,0.5,7618.451,7618.951,0,0,0,0,0,0,0,0,0,0,0,0,512,600,1200,3000,48,0.435000032,1.30500007,0,0,13,40,2670,10701.9883,0,0,0,0,0,2,0,0,17.748,17.297,0.97,1156.64844,150.960938,0,0,0,0,0,0,0,0,0,0,0,0,0,0,50.96875,48,16376,14910,1465,8.946877,49.357,0,0
05/26/2026 14:15:25,40,51,0,48,53,44,44,44,44,63,12.144001,5.04,1.312,1.396,0.646,0.294,0.690000057,3.292,2.046,0,3.37600017,3.37200022,3.124,50,43.5,41.5,43.5,907,639,0,784,677,0,0,0,0,0,4.76,0,0,0,0,1.59,0,0,0.79,4.76,28.5798569,3201,106,4850,483,48.5,0.3466706,0.65,2705,50,32.3333321,0.03506431,0.65,2671,29,32.3333321,0.0168909244,0.65,2651,26,32.3333321,0.0117977159,0.65,2737,36,32.3333321,0.0199027788,0.65,4648,185,48.5,0.157579318,0.65,2737,22,32.3333321,0.012318762,0.65,2612,20,32.3333321,0.009317236,0.65,50.0000076,39.625,99.9982,512,-1,485.785156,485.5,0.28515625,0.5,7618.451,7618.951,0,0,0,0,0,0,0,0,0,0,0,0,512,600,1200,3000,47,0.604000032,1.30500007,0,1,15,39,300,5001.986,0,0,0,0,0,2,0,0,11.942,17.552,0.93,1156.64844,150.960938,0,0,0,0,0,0,0,0,0,0,0,0,0,0,50.6875,48,16376,14910,1465,8.946877,37.019,149504,0
05/26/2026 14:15:27,40,51,0,48,53,42,42,42,42,62,12.144001,5.04,1.312,1.396,0.786,0.306000024,0.690000057,3.292,2.046,0,3.37600017,3.37600017,3.124,49,43.5,41.5,43.5,892,638,0,797,667,0,0,0,0,0,6.25,0,0,0,0,6.25,0,0,1.56,6.25,27.1479263,3094,91,3600,364,36,0.2612433,1.3375,3107,60,36,0.04037151,1.3375,2856,27,36,0.0133623993,1.3375,2932,24,36,0.011409835,1.3375,2902,29,36,0.0149979275,1.3375,3556,185,36,0.1236766,1.3375,2820,17,36,0.0104206186,1.3375,2979,23,36,0.01342444,1.3375,49.7500076,40.5000038,99.99819,512,-1,485.785156,485.5,0.28515625,0.5,7618.451,7618.951,0,0,0,0,0,0,0,0,0,0,0,0,512,600,1200,3000,46,0.405000031,1.30500007,0,0,12,39,210,810,0,0,0,0,0,14,0,0,9.151,10.827,0.93,1156.64844,150.960938,0,0,0,0,0,0,0,0,0,0,0,0,0,0,50.65625,46,16376,14910,1465,8.946877,30.708,0,0
05/26/2026 14:15:29,39,51,0,47,52,42,42,42,42,62,12.144001,5.04,1.312,1.396,0.644000053,0.3,0.690000057,3.292,2.046,0,3.37600017,3.37200022,3.124,49,43.5,41.5,43.5,873,663,0,766,677,0,0,0,0,0,6.25,0,0,0,0,0,0,0,0.78,6.25,26.513134,2976,92,4850,406,48.5,0.303915977,0.675,2772,50,32.3333321,0.0436110534,0.675,2591,32,32.3333321,0.0149602285,0.675,2569,20,32.3333321,0.0105914511,0.675,2667,29,32.3333321,0.02135356,0.675,3101,153,32.3333321,0.135844558,0.675,2525,19,32.3333321,0.0101718027,0.675,2733,31,32.3333321,0.0125893634,0.675,49.0000076,39.625,99.99819,512,-1,485.785156,485.5,0.28515625,0.5,7618.451,7618.951,0,0,0,0,0,0,0,0,0,0,0,0,512,600,1200,3000,46,0.604000032,1.30500007,0,0,13,39,210,405,0,0,0,0,0,21,0,0,4.967,4.985,0.875,1156.64844,150.960938,0,0,0,0,0,0,0,0,0,0,0,0,0,0,50.4375,46,16376,14910,1465,8.946877,17.929,0,0
05/26/2026 14:15:31,38,51,0,46,51,40,40,40,40,61,12.144001,5.04,1.312,1.39200008,0.68,0.298,0.690000057,3.292,2.046,0,3.37200022,3.37200022,3.12000012,48,43,41.5,43.5,857,663,0,774,653,0,0,0,0,0,13.85,0,0,0,0,3.08,0,0,2.12,13.85,26.2305832,3204,112,4850,546,48.5,0.38944152,0.65,2889,68,32.3333321,0.0493208431,0.65,2615,25,32.3333321,0.009809419,0.65,2670,26,32.3333321,0.012676402,0.65,2669,33,32.3333321,0.0160090942,0.65,4539,152,48.5,0.1105398,0.65,2586,18,32.3333321,0.0107457377,0.65,2813,25,32.3333321,0.0106749637,0.65,48.7500076,39.625,99.99819,512,-1,485.785156,485.5,0.28515625,0.5,7618.451,7618.951,0,0,0,0,0,0,0,0,0,0,0,0,512,600,1200,3000,47,0.955000043,1.30500007,0,2,15,39,210,405,0,0,0,0,0,22,0,0,5.882,6.98,0.875,1156.64844,150.960938,1.1600877,0,0,0,0.000707577157,0,0,0,0,0,0,0,0,0,50.4375,46,16376,14910,1465,8.946877,15.919,748299264,116749312
05/26/2026 14:15:33,38,51,0,46,50,40,40,40,40,61,12.144001,5.04,1.312,1.396,0.646,0.284,0.690000057,3.292,2.046,0,3.37600017,3.37200022,3.124,48,43.5,41.5,43.5,868,638,0,768,649,0,0,0,0,0,9.23,0,0,0,0,1.56,0,0,1.35,9.23,25.76858,2994,87,4850,366,48.5,0.225327611,0.64375,2675,39,32.3333321,0.0289896056,0.64375,2782,35,32.3333321,0.0116262771,0.64375,2720,25,32.3333321,0.02036522,0.64375,2646,27,32.3333321,0.0144856572,0.64375,3045,157,32.3333321,0.130020574,0.64375,2625,22,32.3333321,0.00852144,0.64375,2608,23,32.3333321,0.008110585,0.64375,48.3750076,42.5000038,99.99819,512,-1,485.785156,485.5,0.28515625,0.5,7618.451,7618.951,0,0,0,0,0,0,0,0,0,0,0,0,512,600,1200,3000,46,0.615,1.30500007,0,2,14,39,210,405,0,0,0,0,0,46,0,0,6.987,6.768,0.875,1156.64844,150.960938,0,0,0,0,0,0,0,0,0,0,0,0,0,0,50.46875,48,16376,14910,1465,8.946877,19.356,0,0
05/26/2026 14:15:35,38,51,0,46,50,40,40,40,40,61,12.144001,5.04,1.312,1.396,0.602000058,0.288000017,0.690000057,3.292,2.046,0,3.37600017,3.37600017,3.124,49,43.5,41.5,43.5,855,662,0,760,651,0,0,0,0,0,20.63,15.62,10.94,6.25,10.94,26.56,6.25,6.25,12.93,26.56,27.10968,4694,764,3600,1367,36,1.3423214,0.9625,4850,851,48.5,1.03258634,1.00625,4850,619,48.5,0.7756532,1.00625,4850,484,48.5,0.638913035,1.00625,4850,679,48.5,0.864606738,1.00625,4850,1328,48.5,1.41940856,1.00625,4850,436,48.5,0.5501066,1.00625,4850,352,48.5,0.456239939,1.00625,48.3750076,41.5000038,99.99819,512,-1,485.785156,485.5,0.28515625,0.5,7618.451,7618.951,0,0,0,0,0,0,0,0,0,0,0,0,512,600,1200,3000,49,1.0150001,1.30500007,0,11,15,39,210,405,0,0,0,0,0,46,0,0,6.116,6.606,0.875,1156.64844,150.960938,1.13442147,0,0,0,0.00269475253,0,0,0,0,0,0,0,0,0,50.5,46,16376,14910,1465,8.946877,16.101,0,0
05/26/2026 14:15:37,39,51,0,46,51,42,42,42,42,62,12.144001,5.04,1.312,1.396,0.968000054,0.312,0.690000057,3.292,2.046,0,3.37600017,3.37600017,3.124,49,43.5,41.5,43.5,872,662,0,745,646,0,0,0,0,0,34.38,14.06,6.25,0,7.81,25,1.56,0,11.13,34.38,33.1775,3747,573,4040,1696,40.4,1.76158178,0.58125,4040,711,40.4,0.99325633,0.58125,3925,241,40.4,0.419478029,0.58125,3075,109,33.6666679,0.247268215,0.58125,4036,402,40.4,0.6381031,0.58125,5050,1320,50.5,1.46410179,0.58125,2949,62,33.6666679,0.162657633,0.58125,2860,42,33.6666679,0.07477004,0.58125,50.1250076,45.3750038,99.99819,512,-1,485.785156,485.5,0.28515625,0.5,7618.451,7618.951,0,0,0,0,0,0,0,0,0,0,0,0,512,600,1200,3000,48,1.0200001,1.30500007,0,10,15,39,210,405,0,0,0,0,0,41,0,0,6.338,5.896,0.875,1156.64844,150.960938,0,0,0,0,0,0,0,0,0,0,0,0,0,0,50.5625,46,16376,14910,1465,8.946877,16.904,0,0
05/26/2026 14:15:39,40,51,0,47,51,44,44,44,44,63,12.144001,5.04,1.312,1.396,0.668000042,0.296,0.690000057,3.292,2.046,0,3.37200022,3.37200022,3.124,50,43.5,41.5,43.5,898,638,0,770,637,0,0,0,0,0,15.62,0,0,0,0,4.69,0,0,2.54,15.62,27.6975079,3168,96,4850,426,48.5,0.313335836,0.65,2711,47,32.3333321,0.0269902088,0.65,2603,22,32.3333321,0.00982302,0.65,2581,23,32.3333321,0.009545881,0.65,2698,33,32.3333321,0.02376609,0.65,4642,180,48.5,0.140548,0.65,2691,22,32.3333321,0.0101359608,0.65,2571,18,32.3333321,0.009232974,0.65,50.0000076,40.125,99.99819,512,-1,485.785156,485.5,0.28515625,0.5,7618.451,7618.951,0,0,0,0,0,0,0,0,0,0,0,0,512,600,1200,3000,48,0.950000048,1.30500007,0,1,14,39,210,405,0,0,0,0,0,21,0,0,5.926,7.023,0.875,1156.64844,150.960938,0.0147433979,0,0,0,0,0,0,0,0,0,0,0,0,0,50.59375,46,16376,14910,1465,8.946877,18.546,0,49152
05/26/2026 14:15:41,40,51,0,47,52,42,42,42,42,62,12.144001,5.04,1.312,1.396,0.54,0.294,0.690000057,3.292,2.046,0,3.37600017,3.37200022,3.12000012,49,43.5,41.5,43.5,894,639,0,761,659,0,0,0,0,0,6.25,0,0,0,0,3.12,0,0,1.17,6.25,26.4210434,3048,80,3600,347,36,0.182462722,0.9625,3035,42,36,0.0209578443,0.95625,2899,27,36,0.0118490113,0.95,2875,23,36,0.009771294,0.95,2933,28,36,0.0125415837,0.95,3362,137,36,0.130068108,0.95625,2842,19,36,0.008672211,0.95,2842,17,36,0.008687267,0.94375,49.6250076,43.0000038,99.9982,512,-1,485.785156,485.5,0.28515625,0.5,7618.451,7618.951,0,0,0,0,0,0,0,0,0,0,0,0,512,600,1200,3000,46,0.570000052,1.30500007,0,0,13,39,210,405,0,0,0,0,0,21,0,0,5.282,5.493,0.875,1156.64844,150.960938,0,0,0,0,0,0,0,0,0,0,0,0,0,0,50.65625,46,16376,14910,1465,8.946877,16.877,0,0
05/26/2026 14:15:43,39,51,0,47,52,42,42,42,42,62,12.144001,5.04,1.31000006,1.39200008,0.714000046,0.294,0.690000057,3.292,2.046,0,3.37200022,3.37200022,3.12000012,49,43.5,41,43.5,879,663,0,765,665,0,0,0,0,0,14.06,1.59,1.59,1.59,1.59,7.81,1.59,1.59,3.92,14.06,26.4641438,3373,99,3600,411,36,0.28619203,1.35,4165,57,48.5,0.0324890837,0.96875,3975,26,48.5,0.0100942831,0.96875,2611,20,32.3333321,0.00893072,0.68125,2678,28,32.3333321,0.0155945485,0.68125,4679,206,48.5,0.165725738,0.68125,2620,23,32.3333321,0.009792129,0.68125,2655,21,32.3333321,0.009474792,0.68125,49.1250076,40.125,99.99819,512,-1,485.785156,485.5,0.28515625,0.5,7618.451,7618.951,0,0,0,0,0,0,0,0,0,0,0,0,512,600,1200,3000,46,0.405000031,1.30500007,0,0,11,39,210,405,0,0,0,0,0,22,0,0,5.046,5.133,0.875,1156.64844,150.960938,1.16305673,0,0,0,0.00133564137,0,0,0,0,0,0,0,0,0,50.71875,46,16376,14910,1465,8.946877,14.79,0,0
05/26/2026 14:15:45,38,51,0,46,51,40,40,40,40,61,12.144001,5.04,1.312,1.39200008,0.876000047,0.318000019,0.690000057,3.292,2.046,0,3.37200022,3.37200022,3.12000012,48,43.5,41,43.5,861,663,0,759,668,0,0,0,0,0,17.19,4.62,0,1.54,1.54,9.38,1.54,3.08,4.86,17.19,27.61947,3221,116,4850,499,48.5,0.3790098,0.65,2924,76,32.3333321,0.07033328,0.65,2630,27,32.3333321,0.0145983333,0.65,2613,25,32.3333321,0.011271554,0.65,2690,34,32.3333321,0.024107758,0.65,4772,215,48.5,0.1885327,0.65,2557,21,32.3333321,0.0107399775,0.65,2735,28,32.3333321,0.0124874348,0.65,48.7500076,42.0000038,99.9982,512,-1,485.785156,485.5,0.28515625,0.5,7618.451,7618.951,0,0,0,0,0,0,0,0,0,0,0,0,512,600,1200,3000,46,0.405000031,1.30500007,0,0,11,39,210,405,0,0,0,0,0,22,0,0,5.758,6.548,0.875,1156.64844,150.960938,1.15343821,0,0,0,0,0,0,0,0,0,0,0,0,0,50.65625,46,16376,14910,1465,8.946877,16.173,49152,0
05/26/2026 14:15:47,38,51,0,46,51,43,43,43,43,63,12.144001,5.04,1.312,1.396,0.756000042,0.306000024,0.690000057,3.292,2.046,0,3.37200022,3.36800027,3.12000012,49,43.5,41.5,43.5,873,638,0,747,645,0,0,0,0,0,12.5,0,0,0,1.56,6.25,0,0,2.54,12.5,30.317522,3278,137,4850,559,48.5,0.414265573,0.6375,2923,79,32.3333321,0.09662437,0.6375,2890,50,32.3333321,0.03481444,0.6375,2559,28,32.3333321,0.0145562375,0.6375,2971,44,32.3333321,0.0505097769,0.6375,4850,296,48.5,0.287359267,0.6375,2658,25,32.3333321,0.010435394,0.6375,2526,18,32.3333321,0.009987722,0.6375,49.7500076,40.5000038,99.99819,512,-1,485.785156,485.5,0.28515625,0.5,7618.451,7618.951,0,0,0,0,0,0,0,0,0,0,0,0,512,600,1200,3000,46,0.604000032,1.30500007,0,1,13,39,210,405,0,0,0,0,0,46,0,0,7.029,7.553,0.875,1156.64844,150.960938,1.18003047,0,0,0,0.00133677782,0,0,0,0,0,0,0,0,0,50.6875,46,16376,14910,1465,8.946877,18.507,3200000,0
05/26/2026 14:15:49,39,51,0,47,52,42,42,42,42,62,12.144001,5.04,1.312,1.39200008,0.960000038,0.324,0.688,3.292,2.046,0,3.37600017,3.37200022,3.12000012,49,43.5,41,43.5,872,662,0,772,649,0,0,0,0,0,10.94,4.69,3.12,3.12,4.69,7.81,1.56,1.56,4.69,10.94,27.67527,3600,336,3600,820,36,0.677491,1.1375,3600,280,36,0.309302479,1.1375,3600,204,36,0.233783171,1.1375,3600,192,36,0.207889378,1.1375,3600,260,36,0.289393932,1.1375,3600,628,36,0.58236146,1.1375,3600,155,36,0.174266964,1.1375,3600,150,36,0.163735017,1.1375,49.6250076,42.5000038,99.99819,512,-1,485.785156,485.5,0.28515625,0.5,7618.451,7618.951,0,0,0,0,0,0,0,0,0,0,0,0,512,600,1200,3000,48,0.745000064,1.30500007,0,3,15,39,210,405,0,0,0,0,0,21,0,0,4.996,5.147,0.875,1156.64844,150.960938,3.24795437,0,0,0,0,0,0,0,0,0,0,0,0,0,50.8125,46,16376,14910,1465,8.946877,15.288,3149824,49152
05/26/2026 14:15:51,39,51,0,47,52,42,42,42,42,62,12.12,5.04,1.31000006,1.396,0.984,0.326,0.690000057,3.292,2.046,0,3.37200022,3.37600017,3.12000012,49,43.5,41.5,43.5,884,663,0,756,651,0,0,0,0,0,14.06,4.69,1.56,0,3.12,23.44,0,0,5.86,23.44,30.0654583,3639,305,4850,637,48.5,0.486780733,0.65,3143,163,32.3333321,0.198165163,0.65,3133,107,32.3333321,0.112231225,0.65,3010,66,32.3333321,0.06339732,0.65,3049,121,32.3333321,0.120471485,0.65,4850,1251,48.5,1.2239958,0.65,4304,55,48.5,0.0612461,0.65,2776,41,32.3333321,0.04441132,0.65,51.2500076,43.5000038,99.9982,512,-1,485.785156,485.5,0.28515625,0.5,7618.451,7618.951,0,0,0,0,0,0,0,0,0,0,0,0,512,600,1200,3000,48,0.75000006,1.30500007,0,1,15,39,210,405,0,0,0,0,0,21,0,0,5.132,5.601,0.875,1156.64844,150.960938,3.14504313,0,0,0,0.00138398819,0,0,0,0,0,0,0,0,0,50.78125,46,16376,14910,1465,8.946877,14.23,0,2099200
05/26/2026 14:15:53,40,51,0,48,53,44,44,44,44,63,12.144001,5.04,1.31000006,1.39200008,0.762,0.294,0.688,3.292,2.046,0,3.37200022,3.37200022,3.12000012,50,43.5,41,43.5,902,639,0,758,668,0,0,0,0,0,4.69,0,0,0,0,1.56,0,0,0.78,4.69,25.95438,3157,82,4850,330,48.5,0.201749474,0.65,2782,47,32.3333321,0.0295027569,0.65,2546,24,32.3333321,0.009615826,0.65,2535,22,32.3333321,0.008290031,0.65,2556,27,32.3333321,0.016701974,0.65,4656,162,48.5,0.143018275,0.65,2718,26,32.3333321,0.0111359013,0.65,2612,22,32.3333321,0.008610807,0.65,50.1250076,41.0000038,99.9982,512,-1,485.785156,485.5,0.28515625,0.5,7618.451,7618.951,0,0,0,0,0,0,0,0,0,0,0,0,512,600,1200,3000,46,0.565,1.30500007,0,0,13,39,210,405,0,0,0,0,0,21,0,0,5.896,6.385,0.875,1156.64844,150.960938,0,0,0,0,0,0,0,0,0,0,0,0,0,0,50.75,46,16376,14910,1465,8.946877,15.343,0,2099200
05/26/2026 14:15:55,40,51,0,48,53,42,42,42,42,62,12.144001,5.04,1.312,1.396,0.62,0.294,0.688,3.292,2.046,0,3.37200022,3.37200022,3.12000012,49,43.5,41,44,891,639,0,784,660,0,0,0,0,0,12.5,3.12,0,0,0,9.23,3.12,1.56,3.69,12.5,26.53291,3286,104,4850,420,48.5,0.3364116,0.64375,2930,70,32.3333321,0.04293189,0.64375,2650,25,32.3333321,0.0114647653,0.64375,2619,27,32.3333321,0.0100621618,0.64375,2699,38,32.3333321,0.02332592,0.64375,4898,199,50.25,0.178034738,0.50625,2816,28,33,0.0122481622,0.50625,2825,25,33,0.0128392437,0.51875,49.5000076,41.0000038,99.9982,512,-1,485.785156,485.5,0.28515625,0.5,7618.451,7618.951,0,0,0,0,0,0,0,0,0,0,0,0,512,600,1200,3000,47,0.75000006,1.30500007,0,1,15,40,210,405,0,0,0,0,0,46,0,0,6.914,7.738,0.875,1156.64844,150.960938,1.138914,0,0,0,0,0,0,0,0,0,0,0,0,0,50.875,46,16376,14910,1465,8.946877,17.519,49152,2099200
05/26/2026 14:15:57,39,51,0,47,52,42,42,42,42,62,12.144001,5.04,1.312,1.396,0.708,0.290000021,0.688,3.292,2.046,0,3.37200022,3.37200022,3.12000012,49,43.5,41,44,887,664,0,772,680,0,0,0,0,0,25,12.31,7.69,7.69,3.08,14.06,6.25,4.69,10.1,25,27.60868,3105,96,3600,380,36,0.24489212,0.9625,3006,44,36,0.0352577232,0.95625,2957,29,36,0.0133950962,1.03125,2834,20,36,0.0100531476,1.03125,2912,28,36,0.021339003,1.03125,3598,226,36,0.184722319,1.03125,3113,26,36,0.01158747,1.03125,2821,16,36,0.009414621,1.03125,49.2500076,41.0000038,99.99819,512,-1,485.785156,485.5,0.28515625,0.5,7618.451,7618.951,0,0,0,0,0,0,0,0,0,0,0,0,512,600,1200,3000,46,0.950000048,1.30500007,0,1,15,40,210,405,0,0,0,0,0,46,0,0,6.269,7.048,0.875,1156.64844,150.960938,1.09246719,0,0,0,0.00130229443,0,0,0,0,0,0,0,0,0,50.90625,46,16376,14910,1465,8.946877,16.93,49152,2149376
05/26/2026 14:15:59,38,51,0,46,51,40,40,40,40,61,12.144001,5.04,1.31000006,1.39200008,0.778000057,0.306000024,0.688,3.292,2.046,0,3.37200022,3.37200022,3.12000012,48,43.5,41,44,863,664,0,762,658,0,0,0,0,0,6.35,0,0,0,0,6.25,0,0,1.57,6.35,26.1449184,3163,94,4850,383,48.5,0.246314,0.65,2741,44,32.3333321,0.0292765275,0.65,2596,25,32.3333321,0.008541534,0.65,2589,23,32.3333321,0.008526254,0.65,2603,28,32.3333321,0.0138589833,0.65,4768,207,48.5,0.152509928,0.65,2582,21,32.3333321,0.009183295,0.65,2578,21,32.3333321,0.008472001,0.65,48.7500076,39.625,99.9982,512,-1,485.785156,485.5,0.28515625,0.5,7618.451,7618.951,0,0,0,0,0,0,0,0,0,0,0,0,512,600,1200,3000,46,0.585000038,1.30500007,0,0,13,40,210,405,0,0,0,0,0,22,0,0,5.729,5.983,0.875,1156.64844,150.960938,1.16201293,0,0,0,0,0,0,0,0,0,0,0,0,0,50.875,46,16376,14910,1465,8.946877,16.074,0,0
05/26/2026 14:16:01,38,51,0,46,50,40,40,40,40,61,12.144001,5.04,1.31000006,1.39200008,0.668000042,0.290000021,0.688,3.292,2.046,0,3.37200022,3.37200022,3.12000012,48,43.5,41,44,869,640,0,763,647,0,0,0,0,0,12.5,0,0,0,0,1.56,0,0,1.76,12.5,27.0643959,3152,108,4850,519,48.5,0.335504562,0.65,2683,47,32.3333321,0.034646675,0.65,2686,28,32.3333321,0.0307159182,0.65,2564,22,32.3333321,0.0102695245,0.65,2670,34,32.3333321,0.0306850318,0.65,4642,171,48.5,0.121890768,0.65,2570,22,32.3333321,0.0114895133,0.65,2547,18,32.3333321,0.010243752,0.65,48.5000076,39.625,99.9982,512,-1,485.785156,485.5,0.28515625,0.5,7618.451,7618.951,0,0,0,0,0,0,0,0,0,0,0,0,512,600,1200,3000,46,0.590000033,1.30500007,0,0,13,40,210,405,0,0,0,0,0,46,0,0,7.007,7.622,0.875,1156.64844,151.1914,2.31903625,0,0,0,0.002692129,0,0,0,0,0,0.0257472787,0,0,0,51,48,16376,14910,1465,8.946877,19.195,0,0
05/26/2026 14:16:03,38,51,0,46,50,40,40,40,40,61,12.144001,5.04,1.312,1.39200008,0.634,0.282,0.688,3.292,2.046,0,3.37200022,3.37200022,3.12000012,48,43.5,41,43.5,857,663,0,762,637,0,0,0,0,0,6.15,3.12,0,0,1.56,1.54,0,1.56,1.74,6.15,25.83331,3314,90,3600,384,36,0.231114328,0.9625,3007,48,36,0.02549199,0.95625,2873,25,36,0.014545342,0.95,2938,29,36,0.0165580772,0.95,2944,31,36,0.0171587579,0.95,4653,158,48.5,0.146442473,0.95625,3835,20,48.5,0.009918354,1.09375,2660,22,32.3333321,0.009371066,1.09375,48.3750076,41.0000038,99.9982,512,-1,485.785156,485.5,0.28515625,0.5,7618.451,7618.951,0,0,0,0,0,0,0,0,0,0,0,0,512,600,1200,3000,47,0.710000038,1.30500007,0,1,13,40,210,405,0,0,0,0,0,22,0,0,5.053,5.72,0.875,1156.64844,151.1914,0.0130043039,0,0,0,0,0,0,0,0,0,0,0,0,0,51.0625,48,16376,14910,1465,8.946877,17.829,49152,0
05/26/2026 14:16:05,38,51,0,46,50,40,40,40,40,61,12.144001,5.04,1.312,1.396,0.648,0.284,0.688,3.292,2.046,0,3.37200022,3.37200022,3.12000012,48,43.5,41,44,859,663,0,745,631,0,0,0,0,0,1.59,1.56,0,0,0,3.17,0,0,0.79,3.17,25.2630081,3103,74,4850,258,48.5,0.1291771,0.65625,2612,43,32.3333321,0.0147136636,0.65625,2533,28,32.3333321,0.0108094141,0.65625,2515,23,32.3333321,0.0102489106,0.65625,2537,29,32.3333321,0.01707132,0.65625,4626,160,48.5,0.143194109,0.65625,2643,30,32.3333321,0.0137962215,0.65625,2508,21,32.3333321,0.0112209851,0.65625,48.0000076,40.5000038,99.9982,512,-1,485.785156,485.5,0.28515625,0.5,7618.451,7618.951,0,0,0,0,0,0,0,0,0,0,0,0,512,600,1200,3000,45,0.604000032,1.30500007,0,0,11,40,210,405,0,0,0,0,0,46,0,0,6.078,6.454,0.875,1156.64844,151.1914,0,0,0,0,0,0,0,0,0,0,0,0,0,0,51.1875,48,16376,14910,1465,8.946877,17.441,0,0
05/26/2026 14:16:07,38,51,0,45,50,40,40,40,40,60,12.144001,5.04,1.312,1.396,0.786,0.298,0.688,3.292,2.046,0,3.37200022,3.37200022,3.124,48,43.5,41,44,855,639,0,758,632,0,0,0,0,0,6.25,3.08,3.08,1.54,1.54,6.25,1.54,3.08,3.29,6.25,26.1477757,3178,98,4850,411,48.5,0.2683187,0.6375,2733,48,32.3333321,0.03004077,0.6375,2745,39,32.3333321,0.01447419,0.6375,2583,27,32.3333321,0.0100895483,0.6375,2645,34,32.3333321,0.0183129571,0.6375,4609,170,48.5,0.136505127,0.6375,2647,27,32.3333321,0.01143991,0.6375,2612,29,32.3333321,0.009664752,0.65,47.8750076,40.125,99.9982,512,-1,485.785156,485.5,0.28515625,0.5,7618.451,7618.951,0,0,0,0,0,0,0,0,0,0,0,0,512,600,1200,3000,47,0.965000033,1.30500007,0,2,14,40,210,405,0,0,0,0,0,40,0,0,6.755,6.945,0.875,1156.64844,151.1914,0.00509098032,0,0,0,0,0,0,0,0,0,0,0,0,0,51.09375,46,16376,14910,1465,8.946877,18.907,0,0
05/26/2026 14:16:09,38,51,0,45,49,38,38,38,38,59,12.12,5.04,1.31000006,1.39200008,0.68,0.3,0.688,3.288,2.046,0,3.37200022,3.37200022,3.124,48,43.5,41,44,854,639,0,741,640,0,0,0,0,0,12.5,3.12,0,1.56,1.56,6.25,0,1.56,3.32,12.5,26.4514236,2971,104,4850,451,48.5,0.319593579,0.6625,2717,55,32.3333321,0.0309428629,0.6625,2612,27,32.3333321,0.017997222,0.6625,2668,27,32.3333321,0.0256426316,0.6625,2604,31,32.3333321,0.0284557473,0.6625,3158,199,32.3333321,0.181185409,0.6625,2573,23,32.3333321,0.011595374,0.6625,2585,20,32.3333321,0.0100668222,0.66875,48.0000076,40.125,99.9982,512,-1,485.785156,485.5,0.28515625,0.5,7618.451,7618.951,0,0,0,0,0,0,0,0,0,0,0,0,512,600,1200,3000,46,0.659000039,1.30500007,0,0,12,40,210,405,0,0,0,0,0,46,0,0,7.031,7.171,0.875,1156.64844,151.1914,0.009320664,0,0,0,0,0,0,0,0,0,0,0,0,0,51.21875,46,16376,14910,1465,8.946877,18.22,49152,0
05/26/2026 14:16:11,38,51,0,45,49,38,38,38,38,59,12.12,5.04,1.31000006,1.39200008,0.588,0.286,0.688,3.288,2.046,0,3.37200022,3.37200022,3.12000012,48,43.5,41,44,850,663,0,738,634,0,0,0,0,0,3.12,0,0,0,0,1.56,1.56,0,0.78,3.12,26.1467876,3141,101,3600,410,36,0.271973342,0.68125,3122,65,36,0.0532762446,0.68125,3150,37,36,0.01358455,0.80625,2925,25,36,0.009513029,0.80625,2978,35,36,0.01451909,0.80625,3443,187,36,0.160209075,0.80625,2858,21,36,0.008954836,0.80625,3051,25,36,0.009817688,0.80625,48.0000076,40.5000038,99.99819,512,-1,485.785156,485.5,0.28515625,0.5,7618.451,7618.951,0,0,0,0,0,0,0,0,0,0,0,0,512,600,1200,3000,46,0.575000048,1.30500007,0,0,13,40,210,405,0,0,0,0,0,40,0,0,6.078,5.875,0.875,1156.64844,151.1914,0,0,0,0,0,0,0,0,0,0,0,0,0,0,51.21875,48,16376,14910,1465,8.946877,17.856,0,0
05/26/2026 14:16:13,37,51,0,44,49,39,39,39,39,60,12.144001,5.04,1.31000006,1.39200008,0.596,0.28,0.688,3.292,2.046,0,3.37200022,3.37200022,3.12000012,47,43.5,41,44,826,663,0,752,616,0,0,0,0,0,10.94,1.54,1.54,3.08,7.69,7.81,0,0,4.07,10.94,26.3418617,3132,95,4850,420,48.5,0.2681717,0.65,2668,49,32.3333321,0.03322252,0.65,2651,32,32.3333321,0.0143644363,0.65,2569,25,32.3333321,0.0105867265,0.65,2571,30,32.3333321,0.0169073958,0.65,4633,166,48.5,0.1427313,0.65,2548,19,32.3333321,0.0102560436,0.65,2562,18,32.3333321,0.009556076,0.65,47.8750076,39.625,99.9982,512,-1,485.785156,485.5,0.28515625,0.5,7618.451,7618.951,0,0,0,0,0,0,0,0,0,0,0,0,512,600,1200,3000,46,0.570000052,1.30500007,0,0,13,40,210,405,0,0,0,0,0,22,0,0,5.512,5.696,0.875,1156.64844,151.1914,1.13975143,0,0,0,0,0,0,0,0,0,0,0,0,0,51.1875,46,16376,14910,1465,8.946877,16.037,0,0
05/26/2026 14:16:15,38,51,0,45,49,39,39,39,39,60,12.144001,5.04,1.31000006,1.396,0.694,0.30400002,0.688,3.292,2.046,0,3.37200022,3.37200022,3.12000012,47,43.5,41,44,845,638,0,738,614,0,0,0,0,0,9.38,0,0,0,0,1.56,0,0,1.37,9.38,27.0141582,3283,112,4850,466,48.5,0.293652743,0.65,2803,55,32.3333321,0.0324315876,0.65,2975,50,32.3333321,0.0233433638,0.65,2792,34,32.3333321,0.02215188,0.65,2748,34,32.3333321,0.0335851237,0.65,4850,213,48.5,0.1921807,0.65,2609,20,32.3333321,0.0103742266,0.65,2637,23,32.3333321,0.009559049,0.65,48.0000076,40.5000038,99.9982,512,-1,485.785156,485.5,0.28515625,0.5,7618.451,7618.951,0,0,0,0,0,0,0,0,0,0,0,0,512,600,1200,3000,46,0.63500005,1.30500007,0,1,14,40,210,405,0,0,0,0,0,22,0,0,5.97,7.042,0.875,1156.64844,151.1914,1.17578351,0,0,0,0,0,0,0,0,0,0,0,0,0,51.21875,46,16376,14910,1465,8.946877,17.978,0,0
05/26/2026 14:16:17,38,51,0,45,49,40,40,40,40,60,12.144001,5.04,1.312,1.396,0.594000041,0.290000021,0.688,3.292,2.046,0,3.37200022,3.37200022,3.12000012,47,43.5,41,44,864,663,0,726,610,0,0,0,0,0,12.7,3.17,1.59,1.59,1.59,6.35,0,0,3.37,12.7,25.64393,3184,80,4850,351,48.5,0.180059716,0.64375,2750,40,32.3333321,0.03076999,0.64375,2646,23,32.3333321,0.0103948517,0.64375,2854,30,32.3333321,0.0266816579,0.64375,2632,29,32.3333321,0.0119591551,0.64375,4419,126,48.5,0.115662761,0.64375,2711,24,32.3333321,0.008519288,0.64375,2614,20,32.3333321,0.008734189,0.64375,47.7500076,40.5000038,99.9982,512,-1,485.785156,485.5,0.28515625,0.5,7618.451,7618.951,0,0,0,0,0,0,0,0,0,0,0,0,512,600,1200,3000,45,0.62,1.30500007,0,2,14,40,210,405,0,0,0,0,0,22,0,0,5.431,5.627,0.875,1156.64844,150.960938,0,0,0,0,0,0,0,0,0,0,0.08100171,0,0,0,51.25,46,16376,14910,1465,8.946877,17.348,0,0
05/26/2026 14:16:19,37,52,0,44,49,38,38,38,38,59,12.144001,5.04,1.312,1.39200008,0.678000033,0.290000021,0.688,3.292,2.046,0,3.37600017,3.37200022,3.12000012,48,44,41,44,843,669,0,740,609,0,0,0,0,0,4.69,1.54,0,0,3.08,6.25,0,1.54,2.14,6.25,26.8253517,3166,101,4850,431,48.5,0.2836138,0.6375,4201,53,48.5,0.0344205461,0.6375,2574,29,32.3333321,0.0146370577,0.6375,2532,24,32.3333321,0.0123850713,0.6375,2838,47,32.3333321,0.0230811,0.6375,3111,167,32.3333321,0.141782939,0.6375,2488,20,32.3333321,0.009640189,0.6375,2736,34,32.3333321,0.0129242986,0.6375,47.8750076,41.0000038,99.99819,512,-1,485.785156,485.5,0.28515625,0.5,7618.451,7618.951,0,0,0,0,0,0,0,0,0,0,0,0,512,600,1200,3000,45,0.590000033,1.30500007,0,0,13,40,210,405,0,0,0,0,0,22,0,0,5.113,5.462,0.875,1156.64844,150.960938,1.14921248,0,0,0,0,0,0,0,0,0,0,0,0,0,51.28125,46,16376,14910,1465,8.946877,14.757,0,0
05/26/2026 14:16:21,37,52,0,45,49,39,39,39,39,60,12.144001,5.04,1.31000006,1.39200008,0.744,0.292000026,0.686000049,3.292,2.046,0,3.37200022,3.37200022,3.12000012,47,43.5,41,44,837,674,0,738,623,0,0,0,0,0,6.35,0,0,0,0,1.59,0,0,0.99,6.35,26.2309952,3196,100,4850,363,48.5,0.242329046,0.65,2659,47,32.3333321,0.0475321151,0.65,2632,28,32.3333321,0.0166092776,0.65,2673,32,32.3333321,0.01514262,0.65625,2634,33,32.3333321,0.0240709055,0.65625,4844,248,48.5,0.21838063,0.65625,2667,20,32.3333321,0.009700761,0.65625,2612,25,32.3333321,0.009160974,0.65625,47.8750076,40.125,99.99819,512,-1,485.785156,485.5,0.28515625,0.5,7618.451,7618.951,0,0,0,0,0,0,0,0,0,0,0,0,512,600,1200,3000,46,0.650000036,1.30500007,0,0,11,40,210,405,0,0,0,0,0,40,0,0,6.6,6.918,0.875,1156.64844,150.960938,0.0177207887,0,0,0,0,0,0,0,0,0,0,0,0,0,51.25,48,16376,14910,1465,8.946877,18.112,0,0
05/26/2026 14:16:23,37,51,0,44,49,39,39,39,39,60,12.144001,5.04,1.31000006,1.39200008,0.682000041,0.288000017,0.688,3.292,2.046,0,3.37200022,3.37200022,3.12000012,48,43.5,41,44,828,667,0,737,609,0,0,0,0,0,3.12,0,0,0,1.54,1.56,0,0,0.78,3.12,27.1644173,3301,106,4040,422,40.4,0.280927449,0.63125,3475,58,40.4,0.0499293245,0.63125,2699,26,33.6666679,0.0124169383,0.63125,2710,21,33.6666679,0.0107090324,0.63125,2907,41,33.6666679,0.0173033625,0.63125,5050,233,50.5,0.2042939,0.63125,2659,18,33.6666679,0.0109817628,0.5625,2866,27,33.6666679,0.0118131321,0.5625,48.0000076,43.5000038,99.9982,512,-1,485.785156,485.5,0.28515625,0.5,7618.451,7618.951,0,0,0,0,0,0,0,0,0,0,0,0,512,600,1200,3000,46,0.594000041,1.30500007,0,0,11,40,210,405,0,0,0,0,0,46,0,0,7.217,7.902,0.875,1156.64844,150.960938,1.16831553,0,0,0,0,0,0,0,0,0,0,0,0,0,51.375,48,16376,14910,1465,8.946877,18.726,0,0
05/26/2026 14:16:25,38,51,0,45,49,40,40,40,40,60,12.144001,5.04,1.31000006,1.39200008,0.576000035,0.288000017,0.688,3.288,2.046,0,3.37200022,3.37200022,3.12000012,48,43.5,41,44,843,640,0,726,608,0,0,0,0,0,14.06,1.59,0,0,0,3.12,0,0,2.35,14.06,27.55209,3156,99,3600,427,36,0.267188579,0.9625,3230,57,36,0.0331682377,0.95625,2896,29,36,0.0146810226,0.95,2927,28,36,0.0095086,0.95,2644,32,32.3333321,0.0198869389,0.65,4719,179,48.5,0.143213168,1.15625,2540,18,32.3333321,0.008916115,1.15625,2690,23,32.3333321,0.00890155,1.15625,48.0000076,43.0000038,99.9982,512,-1,485.785156,485.5,0.28515625,0.5,7618.451,7618.951,0,0,0,0,0,0,0,0,0,0,0,0,512,600,1200,3000,45,0.585000038,1.30500007,0,0,13,40,210,405,0,0,0,0,0,46,0,0,6.069,6.644,0.875,1156.64844,150.960938,1.12736166,0,0,0,0,0,0,0,0,0,0,0,0,0,51.40625,46,16376,14910,1465,8.946877,17.325,0,0
05/26/2026 14:16:27,38,51,0,44,49,39,39,39,39,60,12.144001,5.04,1.31000006,1.39200008,0.786,0.308000028,0.686000049,3.292,2.046,0,3.37200022,3.37200022,3.12000012,48,43.5,41,44,848,642,0,727,612,0,0,0,0,0,10.94,3.08,1.54,0,3.08,6.25,1.54,1.54,3.49,10.94,26.66977,2977,107,4850,430,48.5,0.280455321,0.66875,2874,65,32.3333321,0.06601812,0.66875,2600,27,32.3333321,0.0244145337,0.66875,2544,24,32.3333321,0.009698302,0.66875,2608,32,32.3333321,0.036119353,0.66875,3233,238,32.3333321,0.197796032,0.66875,2463,18,32.3333321,0.009569145,0.66875,2642,23,32.3333321,0.0113186864,0.66875,48.0000076,43.0000038,99.99821,512,-1,485.785156,485.5,0.28515625,0.5,7618.451,7618.951,0,0,0,0,0,0,0,0,0,0,0,0,512,600,1200,3000,47,0.960000038,1.30500007,0,0,14,40,210,405,0,0,0,0,0,46,0,0,6.287,6.316,0.875,1156.64844,150.960938,1.13956153,0,0,0,0,0,0,0,0,0,0,0,0,0,51.40625,46,16376,14910,1465,8.946877,15.04,49152,0
05/26/2026 14:16:29,38,51,0,45,50,40,40,40,40,61,12.144001,5.04,1.312,1.396,0.868000031,0.316,0.686000049,3.292,2.046,0,3.37200022,3.37200022,3.12000012,47,44,41,44,871,640,0,742,629,0,0,0,0,0,14.06,4.76,0,0,1.59,12.5,0,1.56,4.31,14.06,27.2451763,3417,162,4850,565,48.5,0.4491863,0.65,3040,119,32.3333321,0.137701213,0.65,2801,51,32.3333321,0.06351162,0.65,2753,37,32.3333321,0.0375661142,0.65,3025,76,32.3333321,0.0881127045,0.65,4850,290,48.5,0.270380229,0.65,2784,43,32.3333321,0.0325748138,0.65,3233,114,32.3333321,0.108556084,0.65,48.5000076,42.5000038,99.9982,512,-1,485.785156,485.5,0.28515625,0.5,7618.451,7618.951,0,0,0,0,0,0,0,0,0,0,0,0,512,600,1200,3000,46,0.405000031,1.30500007,0,0,11,40,210,405,0,0,0,0,0,22,0,0,5.871,6.682,0.875,1156.64844,150.960938,0,0,0,0,0,0,0,0,0,0,0,0,0,0,51.4375,46,16376,14910,1465,8.946877,17.209,0,0
05/26/2026 14:16:31,38,51,0,45,50,40,40,40,40,61,12.144001,5.04,1.31000006,1.39200008,0.568,0.282,0.686000049,3.292,2.046,0,3.37200022,3.37200022,3.124,48,43.5,41,44,860,666,0,748,631,0,0,0,0,0,10.94,1.56,0,0,1.56,10.94,0,0,3.12,10.94,26.76397,3247,113,4850,428,48.5,0.321033239,0.65,2834,62,32.3333321,0.0592292957,0.65,2670,27,32.3333321,0.0141990148,0.65,2660,28,32.3333321,0.0191952139,0.65,2764,43,32.3333321,0.030953167,0.65,4850,274,48.5,0.234404117,0.65,2738,24,32.3333321,0.0115450369,0.65,2610,17,32.3333321,0.009666408,0.65,48.6250076,43.0000038,99.99819,512,-1,485.785156,485.5,0.28515625,0.5,7618.451,7618.951,0,0,0,0,0,0,0,0,0,0,0,0,512,600,1200,3000,47,1.0200001,1.30500007,0,5,15,40,210,405,0,0,0,0,0,46,0,0,6.741,7.617,0.875,1156.64844,150.960938,1.128685,0,0,0,0,0,0,0,0,0,0,0,0,0,51.4375,48,16376,14910,1465,8.946877,17.694,0,0
05/26/2026 14:16:33,38,51,0,46,50,40,40,40,40,61,12.144001,5.04,1.31000006,1.396,0.574,0.296,0.686000049,3.292,2.046,0,3.37200022,3.37200022,3.12000012,48,43.5,41,44,858,664,0,734,618,0,0,0,0,0,3.12,0,0,0,0,1.56,0,0,0.59,3.12,26.6570148,3762,73,3600,271,36,0.149101868,0.9625,2975,36,36,0.0229933318,0.95,2951,23,36,0.007729866,0.95,4014,27,48.5,0.00788084,0.95,3985,26,48.5,0.009278981,1.05,4679,161,48.5,0.164452568,1.05,3954,21,48.5,0.007435275,1.05,3941,21,48.5,0.007571286,1.05,48.3750076,40.125,99.9982,512,-1,485.785156,485.5,0.28515625,0.5,7618.451,7618.951,0,0,0,0,0,0,0,0,0,0,0,0,512,600,1200,3000,45,0.645000041,1.30500007,0,3,14,40,210,405,0,0,0,0,0,22,0,0,5.12,5.117,0.875,1156.64844,150.960938,0,0,0,0,0,0,0,0,0,0,0,0,0,0,51.46875,46,16376,14910,1465,8.946877,15.686,0,0
05/26/2026 14:16:35,38,52,0,46,50,40,40,40,40,61,12.144001,5.04,1.312,1.39200008,0.778000057,0.296,0.686000049,3.292,2.046,0,3.37200022,3.37200022,3.124,48,43.5,41,44,867,644,0,745,643,0,0,0,0,0,10.94,0,0,0,0,1.56,0,0,1.56,10.94,27.4914265,3248,118,4850,477,48.5,0.319507122,0.65,2949,89,32.3333321,0.07686609,0.65,2745,28,32.3333321,0.0179344043,0.65,2682,24,32.3333321,0.01656051,0.65,2753,38,32.3333321,0.0345544331,0.65,4850,249,48.5,0.2107119,0.65,2577,22,32.3333321,0.0126414932,0.65,2575,20,32.3333321,0.0106591126,0.65,48.2500076,40.5000038,99.9982,512,-1,485.785156,485.5,0.28515625,0.5,7618.451,7618.951,0,0,0,0,0,0,0,0,0,0,0,0,512,600,1200,3000,47,0.950000048,1.30500007,0,2,15,40,210,405,0,0,0,0,0,22,0,0,5.612,5.847,0.875,1156.64844,150.960938,1.16901231,0,0,0,0.00130046986,0,0,0,0,0,0,0,0,0,51.625,48,16376,14910,1465,8.946877,15.35,0,0
05/26/2026 14:16:37,38,51,0,46,50,40,40,40,40,61,12.144001,5.04,1.31000006,1.39200008,0.542000055,0.278000027,0.686000049,3.292,2.046,0,3.37200022,3.37200022,3.12000012,48,43.5,41,44,870,646,0,746,646,0,0,0,0,0,10.94,0,0,0,0,0,0,0,1.37,10.94,26.19931,3487,111,4040,455,40.4,0.293576241,0.53125,4710,77,50.5,0.058588054,0.53125,2952,38,33.6666679,0.0254703686,0.53125,2803,29,33.6666679,0.0151505927,0.53125,3055,46,33.6666679,0.04582741,0.53125,4846,202,50.5,0.16632618,0.53125,2774,23,33.6666679,0.0150118927,0.53125,2717,20,33.6666679,0.009857861,0.53125,48.1250076,43.8750038,99.9982,512,-1,485.785156,485.5,0.28515625,0.5,7618.451,7618.951,0,0,0,0,0,0,0,0,0,0,0,0,512,600,1200,3000,47,0.969000041,1.30500007,0,3,15,40,210,405,0,0,0,0,0,46,0,0,7.189,7.211,0.875,1156.64844,150.960938,0,0,0,0,0,0,0,0,0,0,0,0,0,0,51.6875,48,16376,14910,1465,8.946877,19.461,0,0
05/26/2026 14:16:39,38,51,0,46,50,40,40,40,40,61,12.144001,5.04,1.31000006,1.39200008,0.75000006,0.292000026,0.686000049,3.292,2.046,0,3.37200022,3.37200022,3.12000012,48,44,41,44,866,644,0,745,631,0,0,0,0,0,3.12,0,0,0,0,1.56,0,0,0.59,3.12,26.2417469,3153,91,4850,384,48.5,0.274969757,0.65625,2691,50,32.3333321,0.0279109236,0.65625,2583,25,32.3333321,0.0125249131,0.65625,2677,26,32.3333321,0.0202965382,0.65625,2663,33,32.3333321,0.0199463349,0.65625,4606,164,48.5,0.117272265,0.65625,2537,17,32.3333321,0.00887688,0.65625,2619,29,32.3333321,0.0108562876,0.65625,48.0000076,39.625,99.99819,512,-1,485.785156,485.5,0.28515625,0.5,7618.451,7618.951,0,0,0,0,0,0,0,0,0,0,0,0,512,600,1200,3000,46,0.63500005,1.30500007,0,2,14,40,210,405,0,0,0,0,0,40,0,0,6.116,5.972,0.875,1156.64844,150.960938,0.01759258,0,0,0,0,0,0,0,0,0,0,0,0,0,51.65625,48,16376,14910,1465,8.946877,19.218,0,0
05/26/2026 14:16:41,38,51,0,46,50,40,40,40,40,61,12.144001,5.04,1.312,1.396,0.748,0.3,0.686000049,3.292,2.046,0,3.37200022,3.37200022,3.12000012,48,43.5,41,44,866,645,0,755,646,0,0,0,0,0,6.35,1.56,0,0,1.56,3.17,0,0,1.58,6.35,26.4277916,3175,100,4850,426,48.5,0.274022073,0.65,2863,67,32.3333321,0.0519223921,0.65,2552,22,32.3333321,0.0122485952,0.65,2562,22,32.3333321,0.0102145625,0.65,2779,40,32.3333321,0.0324880034,0.65,4707,184,48.5,0.194437638,0.65,2553,21,32.3333321,0.0106035043,0.65,2534,20,32.3333321,0.0101131685,0.65,48.0000076,40.125,99.99819,512,-1,485.785156,485.5,0.28515625,0.5,7618.451,7618.951,0,0,0,0,0,0,0,0,0,0,0,0,512,600,1200,3000,46,0.969000041,1.30500007,0,2,14,40,210,405,0,0,0,0,0,46,0,0,6.232,6.13,0.875,1156.64844,150.960938,1.155099,0,0,0,0,0,0,0,0,0,0,0,0,0,51.6875,48,16376,14910,1465,8.946877,16.153,0,0
05/26/2026 14:16:43,38,51,0,46,50,40,40,40,40,61,12.144001,5.04,1.31000006,1.39200008,0.72,0.292000026,0.686000049,3.292,2.046,0,3.37200022,3.37200022,3.12000012,48,44,41,44,865,645,0,745,631,0,0,0,0,0,17.19,4.69,0,1.56,0,12.5,1.56,0,4.69,17.19,26.6835766,3731,122,4040,464,40.4,0.324394941,0.55625,4827,101,50.5,0.0530780479,0.55625,3357,31,40.4,0.0317729376,0.55625,3322,23,40.4,0.0120654115,0.55625,3741,63,40.4,0.0619912557,0.55625,5050,255,50.5,0.217102841,0.58125,2703,18,33.6666679,0.009453855,0.58125,2809,20,33.6666679,0.009683565,0.58125,48.0000076,44.3750038,99.9982,512,-1,485.785156,485.5,0.28515625,0.5,7618.451,7618.951,0,0,0,0,0,0,0,0,0,0,0,0,512,600,1200,3000,48,0.745000064,1.30500007,0,0,15,40,210,405,0,0,0,0,1,22,0,0,5.844,6.756,0.875,1156.44141,74.31641,1.1681273,0,0,0,0,0,0,0,0,0,1.18634808,0,0,0,51.65625,48,16376,14910,1465,8.946877,16.704,0,0
05/26/2026 14:16:45,38,51,0,46,50,40,40,40,40,61,12.144001,5.04,1.312,1.396,0.640000045,0.3,0.686000049,3.292,2.046,0,3.37200022,3.37200022,3.12000012,48,43.5,41,44,865,670,0,762,631,0,0,0,0,0,9.38,0,0,0,0,1.54,0,0,1.36,9.38,27.3590031,3707,107,4850,435,48.5,0.303526,0.54375,4439,68,48.5,0.0517792329,0.54375,3828,29,48.5,0.0119820982,0.54375,2694,33,32.3333321,0.0120319035,0.54375,3967,43,48.5,0.0269373953,0.54375,4850,206,48.5,0.182589963,0.54375,2522,20,32.3333321,0.009220011,0.54375,2508,21,32.3333321,0.009220011,0.54375,48.1250076,41.5000038,99.9982,512,-1,485.785156,485.5,0.28515625,0.5,7618.451,7618.951,0,0,0,0,0,0,0,0,0,0,0,0,512,600,1200,3000,47,0.745000064,1.30500007,0,0,15,40,210,405,0,0,0,0,0,22,0,0,5.752,6.821,0.875,1156.44141,74.31641,0,0,0,0,0,0,0,0,0,0,0,0,0,0,51.75,48,16376,14910,1465,8.946877,17.238,49152,0
05/26/2026 14:16:47,38,51,0,46,50,40,40,40,40,61,12.144001,5.04,1.31000006,1.39200008,0.658000052,0.30400002,0.686000049,3.288,2.046,0,3.37200022,3.37200022,3.12000012,48,44,41,44,870,666,0,745,646,0,0,0,0,0,4.69,0,0,0,0,0,0,0,0.59,4.69,27.4944935,3060,89,3600,379,36,0.2570813,0.9625,2926,48,36,0.0281694718,0.95625,2960,32,36,0.0161432587,0.95,2855,21,36,0.0104245692,0.95,2906,31,36,0.0181954689,0.95,3395,154,36,0.121690691,0.95625,2857,20,36,0.0105397813,0.95,2979,24,36,0.01205144,0.94375,48.1250076,41.0000038,99.99821,512,-1,485.785156,485.5,0.28515625,0.5,7618.451,7618.951,0,0,0,0,0,0,0,0,0,0,0,0,512,600,1200,3000,47,0.965000033,1.30500007,0,2,14,40,210,405,0,0,0,0,0,21,0,0,5.093,5.062,0.875,1156.44141,74.31641,0,0,0,0,0,0,0,0,0,0,0,0,0,0,51.65625,48,16376,14910,1465,8.946877,15.268,0,0
05/26/2026 14:16:49,38,52,0,46,50,40,40,40,40,61,12.144001,5.04,1.312,1.396,0.758,0.30400002,0.686000049,3.288,2.046,0,3.37200022,3.37200022,3.12000012,48,43.5,41,44,870,671,0,758,646,0,0,0,0,0,10.77,1.52,0,0,1.52,6.15,0,0,2.49,10.77,26.7783852,3607,101,4850,359,48.5,0.242163137,0.53125,4503,77,48.5,0.0551305,0.53125,2730,27,32.3333321,0.0119691212,0.53125,3934,24,48.5,0.0121051343,0.53125,2730,37,32.3333321,0.0298328064,0.53125,4850,240,48.5,0.20420979,0.53125,2632,25,32.3333321,0.009692643,0.53125,2628,21,32.3333321,0.009435984,0.53125,48.1250076,42.5000038,99.99819,512,-1,485.785156,485.5,0.28515625,0.5,7618.451,7618.951,0,0,0,0,0,0,0,0,0,0,0,0,512,600,1200,3000,46,0.965000033,1.30500007,0,2,14,40,210,405,0,0,0,0,0,21,0,0,5.335,5.326,0.875,1156.44141,74.31641,0,0,0,0,0,0,0,0,0,0,0,0,0,0,51.6875,48,16376,14910,1465,8.946877,14.554,49152,99328
05/26/2026 14:16:51,38,51,0,46,50,40,40,40,40,61,12.12,5.03,1.30800009,1.39200008,0.836,0.3,0.686000049,3.28400016,2.046,0,3.36800027,3.37200022,3.12000012,48,44,41,44,869,670,0,745,631,0,0,0,0,0,7.94,1.59,0,0,0,11.11,0,0,2.58,11.11,27.9976273,3579,177,4850,507,48.5,0.3844021,0.64375,4584,97,48.5,0.132259324,0.64375,2900,52,32.3333321,0.06600465,0.64375,2887,50,32.3333321,0.05518913,0.64375,3089,70,32.3333321,0.0961711556,0.64375,4850,575,48.5,0.477608442,0.64375,2886,40,32.3333321,0.037291538,0.64375,2585,26,32.3333321,0.0241169631,0.64375,48.7500076,41.0000038,99.9982,512,-1,485.785156,485.5,0.28515625,0.5,7618.451,7618.951,0,0,0,0,0,0,0,0,0,0,0,0,512,600,1200,3000,46,0.715000033,1.30500007,0,0,13,40,210,405,0,0,0,0,0,41,0,0,6.754,6.898,0.875,1156.44141,74.31641,0,0,0,0,0,0,0,0,0,0,0,0,0,0,51.75,48,16376,14910,1465,8.946877,19.012,49152,0
05/26/2026 14:16:53,38,51,0,46,50,40,40,40,40,61,12.12,5.03,1.30800009,1.39200008,0.666,0.286,0.686000049,3.288,2.046,0,3.36800027,3.364,3.11600018,48,43.5,41,44,865,667,0,755,646,0,0,0,0,0,4.69,0,0,0,0,0,0,0,0.59,4.69,25.44998,3160,85,4040,312,40.4,0.159306183,0.5375,2859,54,33.6666679,0.02255284,0.5375,2763,34,33.6666679,0.0142254028,0.5375,2708,28,33.6666679,0.008816388,0.5375,2702,30,33.6666679,0.0187787544,0.5375,4797,171,50.5,0.160481572,0.525,2671,23,33.6666679,0.008935975,0.525,2743,28,33.6666679,0.0103083942,0.525,48.2500076,50.0000038,99.99819,512,-1,485.785156,485.5,0.28515625,0.5,7618.451,7618.951,0,0,0,0,0,0,0,0,0,0,0,0,512,600,1200,3000,45,0.62,1.30500007,0,2,14,40,210,405,0,0,0,0,0,21,0,0,5.378,5.57,0.875,1156.44141,74.31641,0,0,0,0,0,0,0,0,0,0,0,0,0,0,51.84375,46,16376,14910,1465,8.946877,18.095,0,0
05/26/2026 14:16:55,38,51,0,46,50,40,40,40,40,61,12.0960007,5.03,1.30800009,1.388,0.666,0.288000017,0.686000049,3.28000021,2.046,0,3.364,3.36000013,3.11600018,49,43.5,41,44,870,640,0,745,631,0,0,0,0,0,4.62,0,0,0,0,12.31,0,0,2.12,12.31,27.0268745,3213,172,3600,424,36,0.340016246,0.9625,3414,119,36,0.120933689,0.95625,2927,27,36,0.0311152469,0.95,2701,35,32.3333321,0.0196051355,1.125,2739,43,32.3333321,0.0474608354,1.125,4850,662,48.5,0.6186134,1.125,2849,43,32.3333321,0.028999161,1.125,2622,26,32.3333321,0.0109986458,1.125,48.3750076,39.625,99.9982,512,-1,485.785156,485.5,0.28515625,0.5,7618.451,7618.951,0,0,0,0,0,0,0,0,0,0,0,0,512,600,1200,3000,48,0.844000041,1.30500007,0,0,15,40,210,405,0,0,0,0,0,22,0,0,5.076,5.26,0.875,1156.44141,74.31641,0.955591142,0,0,0,0,0,0,0,0,0,0,0,0,0,51.78125,48,16376,14910,1465,8.946877,14.737,49152,0
05/26/2026 14:16:57,39,51,0,47,51,42,42,42,42,62,12.12,5.03,1.31000006,1.39200008,0.810000062,0.308000028,0.686000049,3.28400016,2.046,0,3.364,3.364,3.11600018,48,43,41,44,872,640,0,767,635,0,0,0,0,0,17.19,3.17,3.17,1.59,0,7.94,1.59,0,4.33,17.19,26.2848129,2960,96,4850,445,48.5,0.262964457,0.675,2721,47,32.3333321,0.03061957,0.675,2592,23,32.3333321,0.0121989092,0.675,2593,24,32.3333321,0.009936456,0.675,2699,33,32.3333321,0.0187756233,0.675,3091,154,32.3333321,0.1584069,0.675,2564,21,32.3333321,0.010022847,0.675,2570,20,32.3333321,0.0092943,0.66875,48.8750076,41.5000038,99.99819,512,-1,485.785156,485.5,0.28515625,0.5,7618.451,7618.951,0,0,0,0,0,0,0,0,0,0,0,0,512,600,1200,3000,46,0.405000031,1.30500007,0,0,11,40,210,405,0,0,0,0,0,40,0,0,6.508,7.484,0.875,1156.44141,74.31641,0.0178525969,0,0,0,0,0,0,0,0,0,0,0,0,0,52,48,16376,14910,1465,8.946877,18.484,0,0
05/26/2026 14:16:59,38,51,0,46,50,40,40,40,40,61,12.12,5.03,1.30800009,1.39200008,0.698,0.292000026,0.686000049,3.28000021,2.046,0,3.364,3.364,3.11600018,48,43,41,44,862,663,0,765,640,0,0,0,0,0,3.08,0,0,0,0,0,0,0,0.38,3.08,27.1003418,3321,128,4040,451,40.4,0.313743442,0.63125,3137,77,33.6666679,0.06868409,0.63125,3020,38,33.6666679,0.0235683676,0.63125,3045,33,33.6666679,0.02452569,0.63125,3134,57,33.6666679,0.030467283,0.63125,4040,302,40.4,0.276141882,0.5375,3012,31,33.6666679,0.0194794722,0.5375,3139,38,33.6666679,0.019253036,0.5375,48.6250076,42.5000038,99.99819,512,-1,485.785156,485.5,0.28515625,0.5,7618.451,7618.951,0,0,0,0,0,0,0,0,0,0,0,0,512,600,1200,3000,47,0.965000033,1.30500007,0,2,15,40,210,405,0,0,0,0,0,22,0,0,5.829,6.689,0.875,1156.44141,74.31641,1.108989,0,0,0,0.00134236086,0,0,0,0,0,0,0,0,0,51.96875,48,16376,14910,1465,8.946877,17.283,0,49152
05/26/2026 14:17:01,38,51,0,46,50,40,40,40,40,61,12.12,5.02000046,1.30800009,1.39200008,0.682000041,0.290000021,0.686000049,3.28400016,2.046,0,3.364,3.364,3.11600018,48,43,41,44,856,664,0,747,635,0,0,0,0,0,4.76,0,0,0,0,0,0,0,0.6,4.76,27.538681,3196,98,3233,362,32.3333321,0.252668977,0.65,2802,55,32.3333321,0.04462452,0.65,2640,29,32.3333321,0.0119069861,0.65,2672,26,32.3333321,0.0204152446,0.65,2668,31,32.3333321,0.0201406013,0.65,4850,228,48.5,0.197927177,0.65,2784,34,32.3333321,0.0110925883,0.65,3919,23,48.5,0.009389639,0.65,48.6250076,42.5000038,99.99821,512,-1,485.785156,485.5,0.28515625,0.5,7618.451,7618.951,0,0,0,0,0,0,0,0,0,0,0,0,512,600,1200,3000,46,0.615,1.30500007,0,1,14,41,210,405,0,0,0,0,0,41,0,0,5.948,5.948,0.875,1156.44141,74.546875,1.17210984,0,0,0,0,0,0,0,0,0,0.09853257,0,0,0,51.96875,48,16376,14910,1465,8.946877,17.377,0,0
05/26/2026 14:17:03,38,51,0,46,50,40,40,40,40,61,12.12,5.03,1.30800009,1.39200008,0.718000054,0.308000028,0.684,3.288,2.046,0,3.36800027,3.36800027,3.11200023,48,43,41,44,865,640,0,756,647,0,0,0,0,0,12.5,4.62,3.12,3.12,3.12,12.5,4.69,3.12,5.85,12.5,26.3946381,3006,100,4850,374,48.5,0.237048358,0.66875,2800,55,32.3333321,0.0221133027,0.66875,2712,31,32.3333321,0.010376595,0.66875,2614,26,32.3333321,0.0113699362,0.66875,2657,30,32.3333321,0.0134483119,0.66875,3233,241,32.3333321,0.188627854,0.66875,2577,21,32.3333321,0.0102645317,0.66875,2606,21,32.3333321,0.00922431052,0.66875,48.3750076,40.125,99.9982,512,-1,485.785156,485.5,0.28515625,0.5,7618.451,7618.951,0,0,0,0,0,0,0,0,0,0,0,0,512,600,1200,3000,47,0.955000043,1.30500007,0,1,15,40,210,405,0,0,0,0,0,21,0,0,5.196,5.435,0.875,1156.44141,74.546875,1.16055572,0,0,0,0,0,0,0,0,0,0,0,0,0,52,48,16376,14910,1465,8.946877,14.749,0,0
05/26/2026 14:17:05,38,51,0,46,50,40,40,40,40,61,12.12,5.03,1.31000006,1.39200008,0.960000038,0.328,0.684,3.28400016,2.046,0,3.36800027,3.36800027,3.11600018,48,43.5,41,44,867,639,0,746,646,0,0,0,0,0,20.31,3.12,0,0,0,9.38,0,0,4.1,20.31,28.8683128,3317,225,4850,926,48.5,0.8117359,0.65,3097,156,32.3333321,0.215448365,0.65,2818,55,32.3333321,0.0622595921,0.65,2731,36,32.3333321,0.06441855,0.65,2978,79,32.3333321,0.10468033,0.65,4850,499,48.5,0.520461261,0.65,2615,26,32.3333321,0.019270435,0.65,2596,23,32.3333321,0.0236409884,0.65,48.7500076,41.0000038,99.9982,512,-1,485.785156,485.5,0.28515625,0.5,7618.451,7618.951,0,0,0,0,0,0,0,0,0,0,0,0,512,600,1200,3000,46,0.950000048,1.30500007,0,1,14,41,210,405,0,0,0,0,0,46,0,0,7.296,7.544,0.875,1156.44141,74.546875,1.15282655,0,0,0,0,0,0,0,0,0,0,0,0,0,52.0625,48,16376,14910,1465,8.946877,18.487,0,0
05/26/2026 14:17:07,38,51,0,46,50,40,40,40,40,61,12.12,5.03,1.31000006,1.39200008,0.622000039,0.3,0.684,3.288,2.046,0,3.36800027,3.36800027,3.11600018,48,43.5,41,44,862,663,0,759,631,0,0,0,0,0,4.69,0,0,0,0,6.25,0,0,1.37,6.25,25.70202,3334,86,4850,291,48.5,0.156934083,0.65,2683,45,32.3333321,0.0291704144,0.65,2595,29,32.3333321,0.01033405,0.65,2592,26,32.3333321,0.0081747435,0.65,2742,34,32.3333321,0.0337656625,0.65,4846,219,48.5,0.180170044,0.65,2535,20,32.3333321,0.008012784,0.65,3833,22,48.5,0.008226458,0.65625,48.3750076,42.5000038,99.9982,512,-1,485.785156,485.5,0.28515625,0.5,7618.451,7618.951,0,0,0,0,0,0,0,0,0,0,0,0,512,600,1200,3000,46,0.669,1.30500007,0,4,15,41,210,405,0,0,0,0,0,21,0,0,5.839,6.442,0.875,1156.44141,74.546875,0,0,0,0,0,0,0,0,0,0,0,0,0,0,52.03125,48,16376,14910,1465,8.946877,17.665,0,0
05/26/2026 14:17:09,38,51,0,46,50,40,40,40,40,61,12.12,5.03,1.30800009,1.39200008,0.648,0.290000021,0.684,3.288,2.046,0,3.36800027,3.364,3.11600018,48,43.5,41,44,872,639,0,745,632,0,0,0,0,0,7.81,0,0,0,0,1.56,0,0,1.17,7.81,25.5320778,2956,100,4850,416,48.5,0.31548807,0.66875,2638,48,32.3333321,0.0340864547,0.66875,2549,30,32.3333321,0.0159582477,0.66875,2647,34,32.3333321,0.0144024137,0.66875,2743,35,32.3333321,0.0300735328,0.66875,3193,194,32.3333321,0.1620864,0.66875,2506,18,32.3333321,0.010421671,0.66875,2522,23,32.3333321,0.0107383933,0.66875,48.2500076,40.125,99.99819,512,-1,485.785156,485.5,0.28515625,0.5,7618.451,7618.951,0,0,0,0,0,0,0,0,0,0,0,0,512,600,1200,3000,47,0.919,1.30500007,0,6,15,41,210,405,0,0,0,0,0,22,0,0,5.035,5.215,0.875,1156.44141,74.546875,1.15999818,0,0,0,0.00206410652,0,0,0,0,0,0,0,0,0,52.0625,48,16376,14910,1465,8.946877,15.376,0,0
05/26/2026 14:17:11,38,51,0,46,50,40,40,40,40,61,12.0960007,5.03,1.30800009,1.39200008,0.676000059,0.296,0.684,3.28400016,2.046,0,3.364,3.364,3.11200023,48,43,41,44,863,639,0,755,646,0,0,0,0,0,3.08,0,0,0,0,0,0,0,0.38,3.08,26.292284,3248,102,4850,409,48.5,0.2886722,0.64375,2930,66,32.3333321,0.0487934947,0.64375,2636,31,32.3333321,0.0191160664,0.64375,2605,27,32.3333321,0.0129121272,0.64375,2764,36,32.3333321,0.027671231,0.64375,4770,196,48.5,0.1651221,0.64375,2765,27,32.3333321,0.0151333781,0.64375,2660,27,32.3333321,0.00971674547,0.64375,48.1250076,39.625,99.99819,512,-1,485.785156,485.5,0.28515625,0.5,7618.451,7618.951,0,0,0,0,0,0,0,0,0,0,0,0,512,600,1200,3000,48,0.745000064,1.30500007,0,0,15,41,210,405,0,0,0,0,0,22,0,0,5.773,6.148,0.875,1156.44141,74.546875,1.15111065,0,0,0,0,0,0,0,0,0,0,0,0,0,52.21875,48,16376,14910,1465,8.946877,15.499,49152,0
05/26/2026 14:17:13,38,51,0,46,50,40,40,40,40,61,12.0960007,5.02000046,1.30800009,1.39200008,0.754,0.312,0.684,3.28400016,2.046,0,3.364,3.364,3.11200023,48,43,41,44,861,663,0,756,631,0,0,0,0,0,15.87,3.12,0,1.56,0,1.59,0,1.56,2.96,15.87,27.3901176,3919,103,4850,472,48.5,0.28926903,0.65625,3974,51,48.5,0.03737362,0.65625,3786,33,48.5,0.01602392,0.65625,4024,35,48.5,0.0163573325,0.65625,3801,38,48.5,0.0274548847,0.65625,4533,149,48.5,0.160306111,0.65625,3883,26,48.5,0.01549057,0.65625,2499,23,32.3333321,0.011035867,0.63125,48.1250076,40.125,99.99821,512,-1,485.785156,485.5,0.28515625,0.5,7618.451,7618.951,0,0,0,0,0,0,0,0,0,0,0,0,512,600,1200,3000,47,0.919,1.30500007,0,3,15,41,210,405,0,0,0,0,0,46,0,0,7.393,7.186,0.875,1156.44141,74.546875,1.15185332,0,0,0,0,0,0,0,0,0,0,0,0,0,52.125,48,16376,14910,1465,8.946877,18.989,49152,0
05/26/2026 14:17:15,38,51,0,46,50,40,40,40,40,61,12.0960007,5.02000046,1.30800009,1.39200008,0.654000044,0.294,0.684,3.28400016,2.046,0,3.364,3.364,3.11200023,48,43,41,44,862,663,0,745,646,0,0,0,0,0,6.25,0,0,0,0,1.56,0,0,0.98,6.25,25.99008,3133,88,5025,381,50.25,0.225886971,0.53125,2747,41,33.5,0.028835021,0.53125,2722,34,33.5,0.0162908,0.53125,2633,23,33.5,0.0125566525,0.53125,2741,30,33.5,0.0301390011,0.53125,3799,142,40.2,0.118779555,0.53125,2622,20,33.5,0.0124807348,0.53125,2778,29,33.5,0.0125566525,0.53125,48.1250076,54.0000038,99.9982,512,-1,485.785156,485.5,0.28515625,0.5,7618.451,7618.951,0,0,0,0,0,0,0,0,0,0,0,0,512,600,1200,3000,47,0.974000037,1.30500007,0,1,14,41,210,405,0,0,0,0,0,46,0,0,6.404,7.257,0.875,1156.44141,74.546875,1.14571834,0,0,0,0,0,0,0,0,0,0,0,0,0,52.15625,48,16376,14910,1465,8.946877,17.332,49152,0
05/26/2026 14:17:17,38,51,0,46,50,40,40,40,40,61,12.12,5.03,1.30800009,1.39200008,0.69600004,0.3,0.684,3.28400016,2.046,0,3.36800027,3.36800027,3.11600018,47,43.5,41,44,857,640,0,746,646,0,0,0,0,0,4.62,0,0,0,0,1.54,0,0,0.77,4.62,26.4455929,3533,81,3600,285,36,0.204710543,0.9625,3202,58,36,0.02980152,0.95,2973,30,36,0.0124594765,0.95,2924,28,36,0.009746688,0.95,2941,33,36,0.0159502067,0.95,4688,170,48.5,0.1293733,1.09375,3909,20,48.5,0.008890447,1.09375,4026,24,48.5,0.009531402,1.09375,48.0000076,41.0000038,99.99819,512,-1,485.785156,485.5,0.28515625,0.5,7618.451,7618.951,0,0,0,0,0,0,0,0,0,0,0,0,512,600,1200,3000,46,0.565,1.30500007,0,0,13,41,210,405,0,0,0,0,0,46,0,0,6.225,7.012,0.875,1156.44141,74.31641,0,0,0,0,0,0,0,0,0,0,0.0104237068,0,0,0,52.1875,48,16376,14910,1465,8.946877,18.08,49152,49152
05/26/2026 14:17:19,37,51,0,45,49,38,38,38,38,59,12.12,5.03,1.31000006,1.39200008,0.76000005,0.30400002,0.684,3.28400016,2.046,0,3.36800027,3.36800027,3.11600018,47,43.5,41,44,852,639,0,752,623,0,0,0,0,0,6.25,0,0,0,0,0,0,0,0.78,6.25,26.04457,3308,95,4850,400,48.5,0.250296831,0.64375,2736,50,32.3333321,0.0279193688,0.64375,3859,26,48.5,0.0129363816,0.64375,2548,25,32.3333321,0.0107370438,0.64375,2710,35,32.3333321,0.0253971945,0.64375,4643,175,48.5,0.125596225,0.64375,2554,23,32.3333321,0.0119120935,0.64375,2562,23,32.3333321,0.00951301,0.64375,47.8750076,40.125,99.9982,512,-1,485.785156,485.5,0.28515625,0.5,7618.451,7618.951,0,0,0,0,0,0,0,0,0,0,0,0,512,600,1200,3000,47,0.835000038,1.30500007,0,0,15,41,210,405,0,0,0,0,0,21,0,0,5.818,6.915,0.875,1156.44141,74.31641,0.0151625378,0,0,0,0.00135111727,0,0,0,0,0,0,0,0,0,52.28125,48,16376,14910,1465,8.946877,17.913,0,0
05/26/2026 14:17:21,37,51,0,44,49,38,38,38,38,59,12.12,5.03,1.30800009,1.39200008,0.676000059,0.292000026,0.684,3.28400016,2.046,0,3.36800027,3.364,3.11600018,47,43.5,41,44,823,664,0,729,629,0,0,0,0,0,1.56,0,0,0,0,0,0,0,0.2,1.56,26.229908,3005,92,4850,367,48.5,0.239100471,0.675,2759,49,32.3333321,0.03746799,0.675,2747,37,32.3333321,0.02304648,0.675,2624,28,32.3333321,0.0134109156,0.675,2699,33,32.3333321,0.0292219482,0.675,3071,168,32.3333321,0.130391836,0.675,2609,24,32.3333321,0.0104472321,0.675,2682,27,32.3333321,0.0113390069,0.675,47.7500076,40.125,99.9982,512,-1,485.785156,485.5,0.28515625,0.5,7618.451,7618.951,0,0,0,0,0,0,0,0,0,0,0,0,512,600,1200,3000,47,0.965000033,1.30500007,0,1,15,41,210,405,0,0,0,0,0,41,0,0,6.62,6.88,0.875,1156.44141,74.31641,0.009495334,0,0,0,0,0,0,0,0,0,0,0,0,0,52.1875,48,16376,14910,1465,8.946877,20.07,49152,0
05/26/2026 14:17:23,37,51,0,44,49,38,38,38,38,59,12.12,5.03,1.30800009,1.388,0.744,0.3,0.684,3.28400016,2.046,0,3.364,3.364,3.11600018,47,43,41,44,833,639,0,726,610,0,0,0,0,0,12.5,3.08,0,0,1.54,7.81,0,1.54,3.31,12.5,26.3164768,3376,84,3600,283,36,0.202175111,0.9625,3020,42,36,0.02700686,0.95625,2922,29,36,0.0115163038,0.95,2910,23,36,0.00892076548,0.95,2981,32,36,0.01719357,0.95,3517,201,36,0.1844294,0.95625,3928,24,48.5,0.009125688,1.075,4129,36,48.5,0.0156089952,1.075,47.7500076,40.6250038,99.9982,512,-1,485.785156,485.5,0.28515625,0.5,7618.451,7618.951,0,0,0,0,0,0,0,0,0,0,0,0,512,600,1200,3000,46,0.405000031,1.30500007,0,0,11,41,210,405,0,0,0,0,0,21,0,0,5.005,5.214,0.875,1156.44141,74.31641,0.009448401,0,0,0,0,0,0,0,0,0,0,0,0,0,52.3125,48,16376,14910,1465,8.946877,16.772,0,0
05/26/2026 14:17:25,37,51,0,44,49,38,38,38,38,59,12.12,5.03,1.30800009,1.39200008,0.694,0.292000026,0.684,3.28400016,2.046,0,3.36800027,3.364,3.11600018,47,43.5,41,44,833,639,0,724,624,0,0,0,0,0,18.75,4.69,3.12,3.12,3.12,9.23,0,3.12,5.65,18.75,26.5244675,3234,107,4850,408,48.5,0.3015182,0.65,2841,79,32.3333321,0.07062203,0.65,2695,33,32.3333321,0.0313553251,0.65,2589,27,32.3333321,0.0225154776,0.65,2887,51,32.3333321,0.04234621,0.65,4775,204,48.5,0.174659267,0.65,2592,25,32.3333321,0.0183865763,0.65,2644,32,32.3333321,0.0151939318,0.65,47.8750076,39.125,99.9982,512,-1,485.785156,485.5,0.28515625,0.5,7618.451,7618.951,0,0,0,0,0,0,0,0,0,0,0,0,512,600,1200,3000,46,0.580000043,1.30500007,0,0,13,41,210,405,0,0,0,0,0,21,0,0,5.411,5.073,0.875,1156.44141,74.31641,0,0,0,0,0,0,0,0,0,0,0,0,0,0,52.28125,48,16376,14910,1465,8.946877,14.459,0,0
05/26/2026 14:17:27,37,51,0,44,49,38,38,38,38,59,12.12,5.03,1.30800009,1.39200008,0.69600004,0.290000021,0.684,3.28400016,2.046,0,3.364,3.364,3.11600018,47,43.5,41,44,827,663,0,723,623,0,0,0,0,0,6.35,1.54,0,0,0,4.69,0,0,1.57,6.35,25.7275162,3315,83,4040,303,40.4,0.1758045,0.55,3254,45,40.4,0.02751244,0.5375,3194,28,40.4,0.0105158659,0.5375,2671,25,33.6666679,0.008895689,0.5375,3202,32,40.4,0.0134658106,0.5375,4931,192,50.5,0.156515747,0.5375,2606,21,33.6666679,0.008454817,0.5375,2624,18,33.6666679,0.008238734,0.5375,47.8750076,46.7500038,99.9982,512,-1,485.785156,485.5,0.28515625,0.5,7618.451,7618.951,0,0,0,0,0,0,0,0,0,0,0,0,512,600,1200,3000,46,0.585000038,1.30500007,0,0,13,41,210,405,0,0,0,0,0,21,0,0,5.887,6.556,0.875,1156.44141,74.31641,0,0,0,0,0,0,0,0,0,0,0,0,0,0,52.3125,48,16376,14910,1465,8.946877,15.923,0,0
05/26/2026 14:17:29,37,51,0,44,49,39,39,39,39,60,12.12,5.02000046,1.30800009,1.39200008,0.68,0.290000021,0.684,3.28400016,2.046,0,3.364,3.364,3.11200023,47,43.5,41,44,824,663,0,734,623,0,0,0,0,0,6.35,0,0,0,0,0,0,0,0.79,6.35,26.7145844,3406,112,4850,442,48.5,0.2510984,0.64375,4211,56,48.5,0.0335431434,0.65,2766,39,32.3333321,0.03821367,0.65,2624,27,32.3333321,0.0107749114,0.65,2659,33,32.3333321,0.0177505761,0.65,4850,247,48.5,0.180744454,0.65,2663,23,32.3333321,0.009451403,0.65,2625,26,32.3333321,0.009280126,0.65,47.8750076,41.0000038,99.9982,512,-1,485.785156,485.5,0.28515625,0.5,7618.451,7618.951,0,0,0,0,0,0,0,0,0,0,0,0,512,600,1200,3000,47,0.965000033,1.30500007,0,1,15,41,210,405,0,0,0,0,0,22,0,0,5.597,5.444,0.875,1156.44141,74.31641,0,0,0,0,0,0,0,0,0,0,0,0,0,0,52.375,48,16376,14910,1465,8.946877,16.743,0,49152
05/26/2026 14:17:31,38,51,0,45,50,40,40,40,40,61,12.12,5.03,1.30800009,1.39200008,0.654000044,0.292000026,0.684,3.28400016,2.046,0,3.364,3.364,3.11200023,47,43.5,41,44,834,638,0,724,608,0,0,0,0,0,9.38,0,0,0,0,0,0,0,1.17,9.38,26.5761814,3055,95,3600,433,36,0.28591606,0.9625,3030,45,36,0.029672388,0.95,2641,28,32.3333321,0.0100066839,1.15,2636,25,32.3333321,0.0101729585,1.15,2646,27,32.3333321,0.0142125431,1.15,4651,160,48.5,0.133104309,1.15,2612,21,32.3333321,0.00880368147,1.15,2626,21,32.3333321,0.008712608,1.15,48.0000076,40.5000038,99.9982,512,-1,485.785156,485.5,0.28515625,0.5,7618.451,7618.951,0,0,0,0,0,0,0,0,0,0,0,0,512,600,1200,3000,47,0.955000043,1.30500007,0,1,14,41,210,405,0,0,0,0,0,22,0,0,5.093,4.939,0.875,1156.44141,74.31641,0,0,0,0,0,0,0,0,0,0,0,0,0,0,52.34375,48,16376,14910,1465,8.946877,14.98,0,0
05/26/2026 14:17:33,38,51,0,45,49,40,40,40,40,61,12.12,5.03,1.31000006,1.39200008,0.606,0.286,0.684,3.28400016,2.046,0,3.364,3.364,3.11600018,48,43.5,41,44,843,638,0,738,625,0,0,0,0,0,7.69,3.12,0,0,0,1.56,1.56,0,1.74,7.69,25.7258625,2977,90,4850,360,48.5,0.211835027,0.675,2778,54,32.3333321,0.0251712184,0.675,2576,21,32.3333321,0.009541436,0.675,2707,27,32.3333321,0.0255522244,0.675,2583,25,32.3333321,0.0192967,0.675,3134,182,32.3333321,0.15648973,0.675,2617,28,32.3333321,0.0114039257,0.675,2571,20,32.3333321,0.009480555,0.675,48.0000076,39.625,99.9982,512,-1,485.785156,485.5,0.28515625,0.5,7618.451,7618.951,0,0,0,0,0,0,0,0,0,0,0,0,512,600,1200,3000,45,0.405000031,1.30500007,0,0,11,41,210,405,0,0,0,0,0,21,0,0,5.76,5.539,0.875,1156.44141,74.31641,0,0,0,0,0,0,0,0,0,0,0,0,0,0,52.4375,48,16376,14910,1465,8.946877,14.895,0,0
05/26/2026 14:17:35,38,51,0,45,50,40,40,40,40,61,12.12,5.03,1.30800009,1.39200008,0.770000041,0.302000016,0.682000041,3.28400016,2.046,0,3.364,3.36000013,3.11200023,48,43.5,41,44,858,662,0,728,612,0,0,0,0,0,10.94,0,0,0,0,4.76,0,0,1.96,10.94,26.39164,3192,99,4850,421,48.5,0.276056081,0.65,2763,49,32.3333321,0.03549583,0.65,2643,24,32.3333321,0.0104463128,0.65,2661,27,32.3333321,0.02288001,0.65,2632,24,32.3333321,0.01378732,0.65,4808,202,48.5,0.186144277,0.65,2592,18,32.3333321,0.0111121526,0.65,2590,25,32.3333321,0.00984422,0.65,48.0000076,41.5000038,99.9982,512,-1,485.785156,485.5,0.28515625,0.5,7618.451,7618.951,0,0,0,0,0,0,0,0,0,0,0,0,512,600,1200,3000,46,0.625,1.30500007,0,2,14,41,210,405,0,0,0,0,0,21,0,0,5.92,6.979,0.875,1156.44141,74.31641,0,0,0,0,0,0,0,0,0,0,0,0,0,0,52.4375,48,16376,14910,1465,8.946877,16.646,0,0
05/26/2026 14:17:37,37,51,0,45,50,39,39,39,39,59,12.0960007,5.02000046,1.30600011,1.388,0.602000058,0.292000026,0.684,3.28000021,2.046,0,3.364,3.36000013,3.11200023,47,43,41,44,855,638,0,734,632,0,0,0,0,0,7.81,0,0,0,0,0,0,0,0.98,7.81,25.50451,3119,89,4040,367,40.4,0.200401217,0.55625,2781,53,33.6666679,0.0343330838,0.55625,2653,27,33.6666679,0.0105675552,0.55625,2623,26,33.6666679,0.009191173,0.55625,2635,31,33.6666679,0.0164535884,0.55625,4774,160,50.5,0.136935234,0.53125,2852,27,33.6666679,0.0100605311,0.53125,2591,22,33.6666679,0.01044219,0.53125,47.8750076,41.5000038,99.9982,512,-1,485.785156,485.5,0.28515625,0.5,7618.451,7618.951,0,0,0,0,0,0,0,0,0,0,0,0,512,600,1200,3000,46,0.405000031,1.30500007,0,0,11,41,210,405,0,0,0,0,0,22,0,0,5.178,5.227,0.875,1156.44141,74.31641,0,0,0,0,0,0,0,0,0,0,0,0,0,0,52.4375,48,16376,14910,1465,8.946877,16.023,49152,0
05/26/2026 14:17:39,37,51,0,44,49,38,38,38,38,59,12.0960007,5.02000046,1.30800009,1.39200008,0.62,0.290000021,0.682000041,3.28000021,2.046,0,3.364,3.364,3.11200023,47,43,41,44,833,639,0,736,635,0,0,0,0,0,7.81,0,0,0,0,0,0,0,0.98,7.81,26.7497063,3082,100,3600,422,36,0.274619967,0.9625,2717,47,32.3333321,0.03034908,1.1625,2722,34,32.3333321,0.0144052543,1.1625,2623,24,32.3333321,0.008929749,1.1625,2872,40,32.3333321,0.0262843557,1.1625,4760,190,48.5,0.15024808,1.1625,2653,19,32.3333321,0.008469571,1.1625,2710,26,32.3333321,0.009330116,1.1625,47.8750076,40.125,99.9982,512,-1,485.785156,485.5,0.28515625,0.5,7618.451,7618.951,0,0,0,0,0,0,0,0,0,0,0,0,512,600,1200,3000,47,0.960000038,1.30500007,0,2,14,41,210,405,0,0,0,0,0,22,0,0,5.306,5.295,0.875,1156.44141,74.31641,1.1535213,0,0,0,0,0,0,0,0,0,0,0,0,0,52.5,48,16376,14910,1465,8.946877,14.792,0,0
05/26/2026 14:17:41,37,51,0,44,49,38,38,38,38,59,12.12,5.03,1.30800009,1.39200008,0.756000042,0.298,0.682000041,3.28400016,2.046,0,3.36800027,3.364,3.11200023,47,43.5,41,44,824,663,0,726,629,0,0,0,0,0,6.15,1.54,0,3.08,0,3.08,0,0,1.73,6.15,26.1212025,3409,98,4850,411,48.5,0.295843422,0.64375,4237,56,48.5,0.03886008,0.64375,2680,25,32.3333321,0.01168382,0.64375,2646,23,32.3333321,0.0104547422,0.64375,2898,39,32.3333321,0.0172618926,0.64375,4695,187,48.5,0.155008152,0.64375,2621,20,32.3333321,0.009707918,0.64375,2647,22,32.3333321,0.008903981,0.64375,47.8750076,41.0000038,99.9982,512,-1,485.785156,485.5,0.28515625,0.5,7618.451,7618.951,0,0,0,0,0,0,0,0,0,0,0,0,512,600,1200,3000,46,0.715000033,1.30500007,0,1,14,41,210,405,0,0,0,0,0,40,0,0,6.908,7.341,0.875,1156.44141,74.31641,0.0176550336,0,0,0,0,0,0,0,0,0,0,0,0,0,52.59375,48,16376,14910,1465,8.946877,19.886,0,0
05/26/2026 14:17:43,37,51,0,44,49,38,38,38,38,59,12.12,5.03,1.30800009,1.39200008,0.66,0.302000016,0.682000041,3.28400016,2.046,0,3.36800027,3.364,3.11600018,47,43.5,41,44,826,663,0,736,624,0,0,0,0,0,4.69,0,0,0,0,0,0,0,0.59,4.69,25.9202785,3171,83,4850,351,48.5,0.210340649,0.65,2686,39,32.3333321,0.023960704,0.65,2745,32,32.3333321,0.01432383,0.65,2595,22,32.3333321,0.009783022,0.65,2734,35,32.3333321,0.0168293435,0.65,4569,141,48.5,0.128638625,0.65,2545,17,32.3333321,0.008607847,0.65,2641,25,32.3333321,0.009674168,0.65,47.7500076,40.5000038,99.9982,512,-1,485.785156,485.5,0.28515625,0.5,7618.451,7618.951,0,0,0,0,0,0,0,0,0,0,0,0,512,600,1200,3000,46,0.405000031,1.30500007,0,0,11,41,210,405,0,0,0,0,0,21,0,0,5.695,6.139,0.875,1156.44141,74.31641,0,0,0,0,0,0,0,0,0,0,0,0,0,0,52.5625,48,16376,14910,1465,8.946877,17.204,0,0
05/26/2026 14:17:45,37,51,0,44,49,38,38,38,38,59,12.12,5.03,1.30800009,1.39200008,0.704000056,0.294,0.682000041,3.28400016,2.046,0,3.36800027,3.36800027,3.11600018,47,43.5,41,44,821,639,0,723,623,0,0,0,0,0,3.12,0,0,0,0,1.56,0,0,0.59,3.12,27.08893,3328,154,4040,475,40.4,0.346648276,0.63125,3164,133,33.6666679,0.09962578,0.63125,2833,58,33.6666679,0.0418786928,0.63125,2716,44,33.6666679,0.02953661,0.63125,3088,101,33.6666679,0.06971995,0.63125,4040,323,40.4,0.252217233,0.575,3242,43,40.4,0.0248670485,0.575,3500,53,40.4,0.0277021118,0.575,47.8750076,40.125,99.99819,512,-1,485.785156,485.5,0.28515625,0.5,7618.451,7618.951,0,0,0,0,0,0,0,0,0,0,0,0,512,600,1200,3000,47,0.965000033,1.30500007,0,2,15,41,210,405,0,0,0,0,0,22,0,0,5.082,5.353,0.875,1156.44141,74.31641,1.14956629,0,0,0,0.00133221829,0,0,0,0,0,0,0,0,0,52.71875,48,16376,14910,1465,8.946877,14.906,0,0
05/26/2026 14:17:47,38,51,0,45,50,40,40,40,40,61,12.12,5.03,1.30800009,1.39200008,0.906,0.31,0.682000041,3.28400016,2.046,0,3.364,3.364,3.11600018,48,43.5,41,44,847,638,0,734,623,0,0,0,0,0,17.46,0,0,0,0,9.52,0,0,3.37,17.46,28.4613876,3217,176,4850,539,48.5,0.509797633,0.65,2945,77,32.3333321,0.110277,0.65,2574,24,32.3333321,0.0153119965,0.65,2620,20,32.3333321,0.0122744758,0.65,2602,30,32.3333321,0.0248041023,0.65,4850,663,48.5,0.559194744,0.65,2666,25,32.3333321,0.0135044977,0.65,2630,27,32.3333321,0.0155551909,0.65,48.7500076,43.0000038,99.9982,512,-1,485.785156,485.5,0.28515625,0.5,7618.451,7618.951,0,0,0,0,0,0,0,0,0,0,0,0,512,600,1200,3000,48,0.950000048,1.30500007,0,0,15,41,210,405,0,0,0,0,0,40,0,0,6.242,6.796,0.875,1156.44141,74.31641,0.0176191963,0,0,0,0,0,0,0,0,0,0,0,0,0,52.625,48,16376,14910,1465,8.946877,17.943,0,0
05/26/2026 14:17:49,38,51,0,46,50,40,40,40,40,61,12.12,5.03,1.30800009,1.39200008,0.726,0.296,0.682000041,3.28400016,2.046,0,3.36800027,3.364,3.11600018,48,43.5,41,44,863,663,0,750,638,0,0,0,0,0,15.62,10.94,7.81,7.81,9.38,12.5,10.94,9.38,10.55,15.62,27.2995663,3173,118,4850,397,48.5,0.293562829,0.65,2864,83,32.3333321,0.0885729,0.65,2557,33,32.3333321,0.023107294,0.65,2528,31,32.3333321,0.0208728835,0.65,2658,43,32.3333321,0.04401832,0.65,4850,293,48.5,0.259893149,0.65,2582,37,32.3333321,0.01659387,0.65,2493,29,32.3333321,0.0120512461,0.65,48.5000076,43.0000038,99.9982,512,-1,485.785156,485.5,0.28515625,0.5,7618.451,7618.951,0,0,0,0,0,0,0,0,0,0,0,0,512,600,1200,3000,47,0.705000043,1.30500007,0,0,12,41,210,405,0,0,0,0,0,21,0,0,6.001,6.911,0.875,1156.44141,74.31641,0,0,0,0,0,0,0,0,0,0,0,0,0,0,52.59375,48,16376,14910,1465,8.946877,16.905,49152,0
05/26/2026 14:17:51,38,51,0,46,50,40,40,40,40,61,12.0960007,5.02000046,1.30800009,1.39200008,0.884000063,0.306000024,0.682000041,3.28400016,2.046,0,3.36800027,3.364,3.11200023,48,43.5,41,44,855,639,0,759,630,0,0,0,0,0,7.94,3.17,0,0,1.59,6.35,0,0,2.38,7.94,28.8621941,3689,207,4850,576,48.5,0.495810628,0.64375,4781,161,48.5,0.238214329,0.64375,3000,65,32.3333321,0.07274818,0.64375,2953,56,32.3333321,0.05574834,0.64375,3204,97,32.3333321,0.146183014,0.64375,5050,636,50.5,0.6067186,0.55625,2930,40,33.6666679,0.0378221348,0.55625,2743,27,33.6666679,0.0237673372,0.55625,49.0000076,42.0000038,99.9982,512,-1,485.785156,485.5,0.28515625,0.5,7618.451,7618.951,0,0,0,0,0,0,0,0,0,0,0,0,512,600,1200,3000,46,0.405000031,1.30500007,0,0,11,41,210,405,0,0,0,0,0,46,0,0,6.155,6.527,0.875,1156.44141,74.31641,0.009965253,0,0,0,0,0,0,0,0,0,0,0,0,0,52.65625,48,16376,14910,1465,8.946877,17.277,0,0
05/26/2026 14:17:53,38,51,0,46,50,40,40,40,40,61,12.12,5.03,1.30800009,1.388,0.85,0.306000024,0.682000041,3.28000021,2.046,0,3.364,3.364,3.11200023,48,43,41,44,861,639,0,757,646,0,0,0,0,0,10.94,4.76,0,1.59,4.76,10.94,3.17,1.59,4.72,10.94,26.8732586,3282,154,3600,497,36,0.400384575,0.9625,3441,144,36,0.1767694,0.95625,3056,43,36,0.0454376861,0.95,3042,34,36,0.0307359211,0.95,3420,82,36,0.101807058,0.95,3600,363,36,0.346740544,0.95625,2995,37,36,0.0273564,0.95,3100,34,36,0.05680889,0.94375,48.8750076,40.125,99.9982,512,-1,485.785156,485.5,0.28515625,0.5,7618.451,7618.951,0,0,0,0,0,0,0,0,0,0,0,0,512,600,1200,3000,47,0.950000048,1.30500007,0,1,15,41,210,405,0,0,0,0,0,22,0,0,5.153,5.117,0.875,1156.44141,74.31641,0.0106380666,0,0,0,0.00139922334,0,0,0,0,0,0,0,0,0,52.75,48,16376,14910,1465,8.946877,15.613,0,0
05/26/2026 14:17:55,39,51,0,47,51,43,43,43,43,64,12.12,5.03,1.30800009,1.39200008,0.666,0.292000026,0.682000041,3.28400016,2.046,0,3.36800027,3.364,3.11600018,53,43.5,41,44,878,638,0,761,631,0,0,0,0,0,7.81,0,0,0,0,3.12,0,0,1.37,7.81,26.318428,3204,121,4850,469,48.5,0.332647562,0.65,2865,81,32.3333321,0.114431858,0.65,2668,29,32.3333321,0.0127654281,0.65,2566,21,32.3333321,0.0105261467,0.65,2672,33,32.3333321,0.04710108,0.65,4850,291,48.5,0.283772051,0.65,2598,23,32.3333321,0.009450445,0.65,2561,19,32.3333321,0.008552576,0.65,52.8750076,40.5000038,99.9982,512,-1,485.785156,485.5,0.28515625,0.5,7618.451,7618.951,0,0,0,0,0,0,0,0,0,0,0,0,512,600,1200,3000,46,0.570000052,1.30500007,0,0,13,41,210,405,0,0,0,0,0,22,0,0,5.938,6.676,0.875,1156.44141,74.31641,0,0,0,0,0,0,0,0,0,0,0,0,0,0,52.8125,48,16376,14910,1465,8.946877,17.328,0,0
05/26/2026 14:17:57,40,51,0,47,52,46,46,46,46,65,12.0960007,5.03,1.30800009,1.39200008,0.628,0.30400002,0.682000041,3.28400016,2.046,0,3.36800027,3.364,3.11600018,51,43.5,41,44,892,663,0,755,638,0,0,0,0,0,6.35,0,0,0,0,4.76,0,0,1.39,6.35,26.7106133,3155,107,4850,418,48.5,0.263954043,0.65,2788,59,32.3333321,0.05381709,0.65,2577,29,32.3333321,0.0153003233,0.65,2485,25,32.3333321,0.011217108,0.65,2546,29,32.3333321,0.0185686462,0.65,4850,245,48.5,0.185233176,0.65,2486,22,32.3333321,0.0112056639,0.65,2657,26,32.3333321,0.01114315,0.65,51.5000076,42.5000038,99.9982,512,-1,485.785156,485.5,0.28515625,0.5,7618.451,7618.951,0,0,0,0,0,0,0,0,0,0,0,0,512,600,1200,3000,46,0.570000052,1.30500007,0,0,13,41,210,405,0,0,0,0,0,46,0,0,7.073,6.952,0.875,1156.44141,74.31641,1.16232443,0,0,0,0.00135329249,0,0,0,0,0,0,0,0,0,52.84375,48,16376,14910,1465,8.946877,18.469,0,0
05/26/2026 14:17:59,41,51,0,48,53,47,47,47,47,66,12.12,5.03,1.31000006,1.39200008,1.006,0.318000019,0.682000041,3.28400016,2.046,0,3.36800027,3.36800027,3.11600018,53,43.5,41,44,926,663,0,780,669,0,0,0,0,0,15.38,6.15,0,0,0,9.23,0,80,13.85,80,34.86084,3360,683,3600,738,36,0.6637956,0.9625,3471,233,36,0.244129792,0.95625,3196,58,36,0.0465863459,0.95,3278,65,36,0.034894906,0.95,3103,68,36,0.08913966,0.95,3600,505,36,0.8041698,0.95625,3033,57,36,0.0222189985,0.95,3600,3742,36,1.84550679,0.94375,52.2500076,44.8750038,99.9982,512,-1,485.785156,485.5,0.28515625,0.5,7618.451,7618.951,0,0,0,0,0,0,0,0,0,0,0,0,512,600,1200,3000,48,0.989,1.30500007,0,3,15,41,210,405,0,0,0,0,0,22,0,0,5.164,5.576,0.875,1156.44141,74.31641,1.14437115,0,0,0,0,0,0,0,0,0,0,0,0,0,52.75,48,16376,14910,1465,8.946877,15.488,0,0
05/26/2026 14:18:01,42,51,0,49,53,47,47,47,47,66,12.12,5.03,1.30800009,1.39200008,0.616000056,0.286,0.682000041,3.28400016,2.046,0,3.36800027,3.36800027,3.11600018,51,43.5,41,44,953,638,0,790,664,0,0,0,0,0,9.38,3.08,3.08,0,0,9.38,0,0,3.11,9.38,26.66221,3237,113,4850,489,48.5,0.363017529,0.65,2956,81,32.3333321,0.0555330329,0.65,2668,33,32.3333321,0.0149324853,0.65,2738,31,32.3333321,0.0124386689,0.65,2716,45,32.3333321,0.0132880909,0.65,4651,180,48.5,0.171283945,0.65,2763,27,32.3333321,0.0114779109,0.65,2555,20,32.3333321,0.0107365847,0.65,51.7500076,40.125,99.99821,512,-1,485.785156,485.5,0.28515625,0.5,7618.451,7618.951,0,0,0,0,0,0,0,0,0,0,0,0,512,600,1200,3000,46,0.580000043,1.30500007,0,0,13,41,210,405,0,0,0,0,0,41,0,0,6.528,6.511,0.875,1156.44141,74.546875,1.17352951,0,0,0,0.00131559372,0,0,0,0,0,0.153485924,0,0,0,52.875,48,16376,14910,1465,8.946877,15.903,0,0
05/26/2026 14:18:03,41,51,0,50,54,45,45,45,45,65,12.12,5.03,1.30800009,1.39200008,0.630000055,0.298,0.682000041,3.28400016,2.046,0,3.36800027,3.364,3.11600018,50,43.5,41,44,934,664,0,789,689,0,0,0,0,0,4.62,0,0,0,0,0,0,0,0.58,4.62,27.23958,3184,113,4850,449,48.5,0.318378359,0.64375,2657,54,32.3333321,0.0518734641,0.64375,2775,38,32.3333321,0.0204498228,0.64375,2597,26,32.3333321,0.0124466894,0.64375,2623,35,32.3333321,0.02762707,0.64375,4850,259,48.5,0.225201085,0.64375,2555,20,32.3333321,0.0106445923,0.64375,2563,20,32.3333321,0.01017116,0.64375,50.7500076,40.5000038,99.9982,512,-1,485.785156,485.5,0.28515625,0.5,7618.451,7618.951,0,0,0,0,0,0,0,0,0,0,0,0,512,600,1200,3000,45,0.935000062,1.30500007,0,0,14,41,210,405,0,0,0,0,0,46,0,0,7.187,7.193,0.875,1156.44141,74.546875,1.11598563,0,0,0,0,0,0,0,0,0,0,0,0,0,52.8125,50,16376,14910,1465,8.946877,18.047,15149056,99328
05/26/2026 14:18:05,40,51,0,49,53,44,44,44,44,63,12.12,5.03,1.30800009,1.388,0.73,0.3,0.682000041,3.28400016,2.046,0,3.36800027,3.364,3.11200023,49,43.5,41,44,910,663,0,812,679,0,0,0,0,0,7.81,0,0,0,0,1.56,0,0,1.17,7.81,26.72778,3702,117,4850,463,48.5,0.2942796,0.625,4446,96,48.5,0.0743883252,0.625,3998,36,48.5,0.0282491222,0.625,2536,25,32.3333321,0.0296444744,0.625,4009,45,48.5,0.0415145643,0.625,4773,226,48.5,0.195456728,0.625,2553,27,32.3333321,0.013118255,0.625,2449,21,32.3333321,0.009338855,0.625,49.8750076,40.5000038,99.99819,512,-1,485.785156,485.5,0.28515625,0.5,7618.451,7618.951,0,0,0,0,0,0,0,0,0,0,0,0,512,600,1200,3000,46,0.410000026,1.30500007,0,0,11,41,210,405,0,0,0,0,0,22,0,0,5.526,6.205,0.875,1156.44141,74.546875,0,0,0,0,0,0,0,0,0,0,0,0,0,0,52.875,48,16376,14910,1465,8.946877,17.024,0,0
05/26/2026 14:18:07,39,51,0,48,52,42,42,42,42,62,12.12,5.02000046,1.30800009,1.39200008,0.756000042,0.296,0.68,3.28400016,2.046,0,3.364,3.364,3.11200023,49,43.5,41,44,879,640,0,787,677,0,0,0,0,0,10.94,0,0,0,0,3.12,0,0,1.76,10.94,26.4261456,3315,98,3600,394,36,0.294868171,0.9625,3061,55,36,0.0445081219,0.95625,2923,31,36,0.02562041,0.95,3033,35,36,0.0199471675,0.95,3982,35,48.5,0.0254051238,0.98125,4591,182,48.5,0.168593585,0.63125,2606,23,32.3333321,0.0172518454,0.63125,2721,26,32.3333321,0.0128569268,0.63125,49.6250076,42.5000038,99.9982,512,-1,485.785156,485.5,0.28515625,0.5,7618.451,7618.951,0,0,0,0,0,0,0,0,0,0,0,0,512,600,1200,3000,45,0.630000055,1.30500007,0,2,14,41,210,405,0,0,0,0,0,22,0,0,5.096,5.199,0.875,1156.44141,74.546875,0,0,0,0,0,0,0,0,0,0,0,0,0,0,52.90625,48,16376,14910,1465,8.946877,15.391,0,0
05/26/2026 14:18:09,39,51,0,47,52,42,42,42,42,62,12.12,5.03,1.30800009,1.39200008,0.74,0.298,0.682000041,3.28400016,2.046,0,3.364,3.364,3.11200023,49,43.5,41,44,886,639,0,769,676,0,0,0,0,0,7.81,1.54,0,1.54,0,3.12,0,0,1.75,7.81,26.2068615,3110,94,4850,363,48.5,0.225454316,0.51875,2733,56,32.3333321,0.0268072542,0.51875,2624,34,32.3333321,0.0137909269,0.51875,2490,27,32.3333321,0.0111329108,0.51875,2589,32,32.3333321,0.02515316,0.51875,4661,204,48.5,0.16919145,0.51875,2456,21,32.3333321,0.009642592,0.51875,2480,19,32.3333321,0.009657777,0.51875,48.8750076,48.1250038,99.9982,512,-1,485.785156,485.5,0.28515625,0.5,7618.451,7618.951,0,0,0,0,0,0,0,0,0,0,0,0,512,600,1200,3000,47,0.435000032,1.30500007,0,0,11,41,210,405,0,0,0,0,0,22,0,0,5.865,5.248,0.875,1156.44141,74.546875,0,0,0,0,0,0,0,0,0,0,0,0,0,0,52.90625,50,16376,14910,1465,8.946877,14.805,0,0
05/26/2026 14:18:11,38,51,0,47,51,40,40,40,40,61,12.0960007,5.02000046,1.30800009,1.39200008,0.718000054,0.292000026,0.682000041,3.28400016,2.046,0,3.36800027,3.364,3.11200023,48,43.5,41,44,867,664,0,760,654,0,0,0,0,0,12.5,4.76,1.59,4.76,4.76,7.81,1.59,4.76,5.32,12.5,27.067812,3343,104,4850,459,48.5,0.3173411,0.65,4228,59,48.5,0.0464129373,0.65,2587,28,32.3333321,0.0181927327,0.65,2585,23,32.3333321,0.009593945,0.65,2608,28,32.3333321,0.0178039987,0.65,4751,196,48.5,0.175971925,0.65,2551,19,32.3333321,0.0102159195,0.65,2581,19,32.3333321,0.0118520716,0.6375,48.7500076,42.0000038,99.99819,512,-1,485.785156,485.5,0.28515625,0.5,7618.451,7618.951,0,0,0,0,0,0,0,0,0,0,0,0,512,600,1200,3000,46,0.56,1.30500007,0,0,11,41,210,405,0,0,0,0,0,21,0,0,5.829,6.782,0.875,1156.44141,74.546875,0,0,0,0,0,0,0,0,0,0,0,0,0,0,52.875,48,16376,14910,1465,8.946877,17.01,3149824,0
05/26/2026 14:18:13,38,51,0,46,50,40,40,40,40,61,12.0960007,5.03,1.30800009,1.39200008,0.798000038,0.3,0.682000041,3.28400016,2.046,0,3.364,3.364,3.11600018,48,43.5,41,44,867,663,0,769,647,0,0,0,0,0,4.69,1.56,0,0,0,1.56,0,0,0.98,4.69,26.2919655,3410,97,4850,333,48.5,0.223725989,0.65,2839,69,32.3333321,0.0554282963,0.65,2802,46,32.3333321,0.0110399136,0.65,3889,24,48.5,0.0108180521,0.65625,2893,41,32.3333321,0.0244548917,0.65625,4850,227,48.5,0.185552448,0.65625,2533,17,32.3333321,0.00789944,0.65625,2628,20,32.3333321,0.009165282,0.65625,48.5000076,40.125,99.9982,512,-1,485.785156,485.5,0.28515625,0.5,7618.451,7618.951,0,0,0,0,0,0,0,0,0,0,0,0,512,600,1200,3000,46,0.599000037,1.30500007,0,0,13,41,210,405,0,0,0,0,0,21,0,0,5.053,5.084,0.875,1156.44141,74.546875,0,0,0,0,0,0,0,0,0,0,0,0,0,0,52.9375,48,16376,14910,1465,8.946877,16.159,0,1849344
05/26/2026 14:18:15,38,51,0,46,50,40,40,40,40,61,12.12,5.03,1.30800009,1.39200008,0.842000067,0.298,0.68,3.28400016,2.046,0,3.364,3.36800027,3.11200023,48,43.5,41,44,857,639,0,758,638,0,0,0,0,0,7.81,6.15,4.62,4.62,4.62,12.5,4.62,4.62,6.19,12.5,26.492157,3175,97,4850,426,48.5,0.2759636,0.65625,2781,53,32.3333321,0.0383029468,0.65625,2652,32,32.3333321,0.0180142522,0.65625,2596,23,32.3333321,0.0141351866,0.65625,2615,32,32.3333321,0.0186369568,0.65625,4608,161,48.5,0.134746164,0.65625,2705,24,32.3333321,0.011053279,0.65625,2593,22,32.3333321,0.009426456,0.65625,48.3750076,40.5000038,99.99819,512,-1,485.785156,485.5,0.28515625,0.5,7618.451,7618.951,0,0,0,0,0,0,0,0,0,0,0,0,512,600,1200,3000,46,0.405000031,1.30500007,0,0,11,41,210,405,0,0,0,0,0,21,0,0,5.184,5.141,0.875,1156.44141,74.546875,0,0,0,0,0,0,0,0,0,0,0,0,0,0,52.9375,50,16376,14910,1465,8.946877,14.741,0,1799168
05/26/2026 14:18:17,38,51,0,46,50,40,40,40,40,61,12.12,5.03,1.30800009,1.39200008,0.704000056,0.302000016,0.68,3.28400016,2.046,0,3.364,3.364,3.11200023,48,43.5,41,44.5,854,638,0,743,631,0,0,0,0,0,4.76,0,0,0,0,3.17,0,0,0.99,4.76,26.2447567,3402,96,4850,356,48.5,0.255942523,0.65,4036,42,48.5,0.03595019,0.65,3027,46,32.3333321,0.02441958,0.65,2611,24,32.3333321,0.009437582,0.65,2622,27,32.3333321,0.0146652618,0.65,4850,237,48.5,0.175262377,0.65,2624,20,32.3333321,0.00969375,0.65,2600,20,32.3333321,0.008961832,0.65,48.2500076,40.125,99.9982,512,-1,485.785156,485.5,0.28515625,0.5,7618.451,7618.951,0,0,0,0,0,0,0,0,0,0,0,0,512,600,1200,3000,46,0.570000052,1.30500007,0,0,13,41,210,405,0,0,0,0,0,21,0,0,5.872,6.812,0.875,1156.44141,74.31641,0,0,0,0,0,0,0,0,0,0,0.0121257342,0,0,0,53.03125,48,16376,14910,1465,8.946877,16.12,0,0
05/26/2026 14:18:19,38,51,0,46,50,40,40,40,40,61,12.12,5.03,1.30800009,1.39200008,0.85,0.306000024,0.68,3.28400016,2.046,0,3.364,3.364,3.11200023,48,43.5,41,44.5,863,662,0,762,631,0,0,0,0,0,9.52,0,0,0,0,0,0,0,1.19,9.52,26.7914352,3189,102,4850,465,48.5,0.3291753,0.6375,2738,54,32.3333321,0.0353043936,0.6375,2738,35,32.3333321,0.02978268,0.6375,2600,23,32.3333321,0.010524991,0.6375,2633,30,32.3333321,0.02076973,0.6375,4572,160,48.5,0.125942022,0.6375,2598,19,32.3333321,0.0107722813,0.6375,2784,27,32.3333321,0.0107878484,0.65,48.1250076,43.0000038,99.99819,512,-1,485.785156,485.5,0.28515625,0.5,7618.451,7618.951,0,0,0,0,0,0,0,0,0,0,0,0,512,600,1200,3000,45,0.625,1.30500007,0,1,14,41,210,405,0,0,0,0,0,22,0,0,5.768,6.398,0.875,1156.44141,74.31641,0,0,0,0,0,0,0,0,0,0,0,0,0,0,53.03125,48,16376,14910,1465,8.946877,16.975,0,0
05/26/2026 14:18:21,38,51,0,46,50,40,40,40,40,61,12.12,5.03,1.30800009,1.39200008,0.650000036,0.294,0.68,3.288,2.046,0,3.36800027,3.364,3.11600018,48,43.5,41,44.5,862,639,0,745,646,0,0,0,0,0,4.62,0,0,0,0,0,0,0,0.58,4.62,26.67129,3028,95,3600,366,36,0.246510535,0.9625,2960,57,36,0.0374359526,0.95625,2834,34,36,0.0158785358,0.95,2801,26,36,0.0133290235,0.95,2843,35,36,0.0175633,0.95,3510,185,36,0.1606043,0.95625,2806,26,36,0.0147000756,0.95,2867,31,36,0.0118197566,0.94375,48.1250076,40.5000038,99.99819,512,-1,485.785156,485.5,0.28515625,0.5,7618.451,7618.951,0,0,0,0,0,0,0,0,0,0,0,0,512,600,1200,3000,46,0.68,1.30500007,0,0,13,41,210,405,0,0,0,0,0,21,0,0,5.044,4.976,0.875,1156.44141,74.31641,0,0,0,0,0,0,0,0,0,0,0,0,0,0,53.09375,48,16376,14910,1465,8.946877,14.972,0,0
05/26/2026 14:18:23,38,51,0,46,50,40,40,40,40,61,12.12,5.03,1.30800009,1.39200008,0.724000037,0.3,0.68,3.28400016,2.046,0,3.36800027,3.36800027,3.11600018,48,43.5,41,44.5,855,639,0,744,631,0,0,0,0,0,6.25,1.56,1.56,0,1.56,1.56,1.56,0,1.76,6.25,25.9687271,3112,114,4850,405,48.5,0.2698763,0.6625,3052,100,32.3333321,0.08098273,0.6625,2763,41,32.3333321,0.0278440155,0.6625,2700,36,32.3333321,0.01764816,0.6625,2873,55,32.3333321,0.0446161367,0.6625,3213,214,32.3333321,0.2146955,0.6625,2740,33,32.3333321,0.0243566614,0.6625,2705,24,32.3333321,0.0103664473,0.6625,48.0000076,40.125,99.99819,512,-1,485.785156,485.5,0.28515625,0.5,7618.451,7618.951,0,0,0,0,0,0,0,0,0,0,0,0,512,600,1200,3000,46,0.565,1.30500007,0,0,13,41,210,405,0,0,0,0,0,22,0,0,5.7,5.802,0.875,1156.44141,74.31641,2.12557459,0,0,0,0,0,0,0,0,0,0,0,0,0,53.09375,48,16376,14910,1465,8.946877,15.453,0,0
05/26/2026 14:18:25,38,51,0,46,50,40,40,40,40,61,12.12,5.03,1.30800009,1.39200008,0.75000006,0.296,0.68,3.28400016,2.046,0,3.36800027,3.36800027,3.11600018,48,44,41,44.5,864,665,0,755,646,0,0,0,0,0,14.06,1.59,1.56,0,0,4.62,0,0,2.73,14.06,26.8587875,3270,127,4850,555,48.5,0.426440269,0.65,2933,67,32.3333321,0.0570131242,0.65,3130,51,32.3333321,0.0340040363,0.65,2586,23,32.3333321,0.0119678145,0.65,2659,31,32.3333321,0.0331402645,0.65,4850,256,48.5,0.2182197,0.65,2547,16,32.3333321,0.0100737792,0.65,2603,20,32.3333321,0.01032061,0.65,48.1250076,40.125,99.99819,512,-1,485.785156,485.5,0.28515625,0.5,7618.451,7618.951,0,0,0,0,0,0,0,0,0,0,0,0,512,600,1200,3000,47,0.965000033,1.30500007,0,3,15,41,210,405,0,0,0,0,0,22,0,0,6.146,6.97,0.875,1156.44141,74.31641,1.16686547,0,0,0,0,0,0,0,0,0,0,0,0,0,53.0625,50,16376,14910,1465,8.946877,17.218,49152,0
05/26/2026 14:18:27,38,52,0,46,50,40,40,40,40,61,12.12,5.03,1.30800009,1.39200008,0.606,0.292000026,0.68,3.28400016,2.046,0,3.36800027,3.364,3.11600018,47,43.5,41,44.5,857,675,0,746,645,0,0,0,0,0,7.81,6.15,3.12,3.12,4.69,10.94,4.69,1.56,5.26,10.94,25.44991,3183,88,4040,363,40.4,0.198395908,0.5375,2760,42,33.6666679,0.0278220512,0.5375,2741,32,33.6666679,0.010513261,0.5375,2717,25,33.6666679,0.009263859,0.5375,2889,35,33.6666679,0.0249808859,0.5375,4817,168,50.5,0.139906153,0.525,2826,23,33.6666679,0.00958981,0.525,2673,15,33.6666679,0.00808284,0.525,47.8750076,50.0000038,99.99819,512,-1,485.785156,485.5,0.28515625,0.5,7618.451,7618.951,0,0,0,0,0,0,0,0,0,0,0,0,512,600,1200,3000,46,0.625,1.30500007,0,1,14,42,210,405,0,0,0,0,0,21,0,0,5.232,5.635,0.875,1156.44141,74.31641,0,0,0,0,0,0,0,0,0,0,0,0,0,0,53.15625,50,16376,14910,1465,8.946877,17.159,0,0
05/26/2026 14:18:29,38,51,0,45,49,40,40,40,40,61,12.12,5.03,1.30800009,1.39200008,0.820000052,0.31,0.68,3.28400016,2.046,0,3.36800027,3.36800027,3.11600018,48,43.5,41,44.5,849,674,0,750,622,0,0,0,0,0,9.23,0,0,0,0,3.08,0,0,1.54,9.23,26.5366383,3700,102,4850,415,48.5,0.276844621,0.66875,2751,48,32.3333321,0.03620774,0.66875,2563,23,32.3333321,0.0107689407,0.66875,2558,21,32.3333321,0.009789946,0.66875,3922,29,48.5,0.01355137,0.66875,4811,225,48.5,0.1648926,0.66875,4362,39,48.5,0.0165979154,0.66875,3780,17,48.5,0.009271315,0.66875,48.0000076,40.5000038,99.9982,512,-1,485.785156,485.5,0.28515625,0.5,7618.451,7618.951,0,0,0,0,0,0,0,0,0,0,0,0,512,600,1200,3000,47,0.960000038,1.30500007,0,2,14,42,210,405,0,0,0,0,0,46,0,0,6.356,6.704,0.875,1156.44141,74.31641,1.14170539,0,0,0,0,0,0,0,0,0,0,0,0,0,53.21875,48,16376,14910,1465,8.946877,16.489,0,0
05/26/2026 14:18:31,38,51,0,46,50,40,40,40,40,61,12.12,5.03,1.30800009,1.39200008,0.784000039,0.294,0.68,3.28400016,2.046,0,3.36800027,3.364,3.11200023,48,44,41,44.5,857,667,0,750,619,0,0,0,0,0,10.77,0,0,0,0,3.08,0,0,1.73,10.77,27.0443878,3239,109,4850,468,48.5,0.297384828,0.65,2794,54,32.3333321,0.0474239,0.65,2733,34,32.3333321,0.0213316567,0.65,2612,28,32.3333321,0.0110827582,0.65,2786,35,32.3333321,0.0332621261,0.65,4850,201,48.5,0.169357881,0.65,2672,28,32.3333321,0.0129470406,0.65,2615,23,32.3333321,0.0104607232,0.65,48.1250076,42.5000038,99.99819,512,-1,485.785156,485.5,0.28515625,0.5,7618.451,7618.951,0,0,0,0,0,0,0,0,0,0,0,0,512,600,1200,3000,46,0.604000032,1.30500007,0,1,14,42,210,405,0,0,0,0,0,21,0,0,5.871,6.717,0.875,1156.44141,74.31641,1.0489285,0,0,0,0,0,0,0,0,0,0,0,0,0,53.25,50,16376,14910,1465,8.946877,17.183,0,0
05/26/2026 14:18:33,38,52,0,46,50,40,40,40,40,61,12.12,5.03,1.30800009,1.39200008,0.530000031,0.28,0.68,3.28400016,2.046,0,3.36800027,3.36800027,3.11600018,47,44,41,44.5,868,672,0,744,639,0,0,0,0,0,7.81,1.56,0,0,0,4.69,0,0,1.76,7.81,26.26661,3394,87,4850,352,48.5,0.233868808,0.66875,4314,55,48.5,0.0458968878,0.66875,2671,24,32.3333321,0.0106521538,0.64375,2592,19,32.3333321,0.0109105306,0.64375,2628,25,32.3333321,0.0118055949,0.64375,4668,176,48.5,0.151759773,0.64375,2860,28,32.3333321,0.023457,0.64375,2567,18,32.3333321,0.01083343,0.64375,47.8750076,40.5000038,99.9982,512,-1,485.785156,485.5,0.28515625,0.5,7618.451,7618.951,0,0,0,0,0,0,0,0,0,0,0,0,512,600,1200,3000,47,0.965000033,1.30500007,0,0,14,42,210,405,0,0,0,0,0,22,0,0,5.797,6.644,0.875,1156.44141,74.31641,0,0,0,0,0,0,0,0,0,0,0,0,0,0,53.28125,48,16376,14910,1465,8.946877,17.481,49152,0
05/26/2026 14:18:35,38,52,0,45,50,40,40,40,40,61,12.12,5.03,1.30800009,1.39200008,0.572,0.3,0.68,3.288,2.046,0,3.36800027,3.364,3.11600018,47,44,41,44.5,842,677,0,754,627,0,0,0,0,0,12.31,0,0,0,0,7.81,0,0,2.52,12.31,26.3316517,3031,102,3600,388,36,0.251849145,0.9625,3239,60,36,0.03262063,0.95625,1975,27,24,0.01318231,0.65,2643,24,32.3333321,0.0100543043,1.1375,2686,32,32.3333321,0.01906594,1.1375,4850,243,48.5,0.2224757,1.1375,2652,25,32.3333321,0.009547865,1.1375,2603,18,32.3333321,0.008892474,1.1375,47.8750076,42.5000038,99.9982,512,-1,485.785156,485.5,0.28515625,0.5,7618.451,7618.951,0,0,0,0,0,0,0,0,0,0,0,0,512,600,1200,3000,46,0.405000031,1.30500007,0,0,11,42,210,405,0,0,0,0,0,21,0,0,5.058,5.019,0.875,1156.44141,74.31641,1.12733853,0,0,0,0,0,0,0,0,0,0,0,0,0,53.1875,50,16376,14910,1465,8.946877,15.123,0,0
05/26/2026 14:18:37,37,52,0,45,49,38,38,38,38,59,12.12,5.03,1.31000006,1.39200008,0.828000069,0.312,0.68,3.28400016,2.046,0,3.36800027,3.36800027,3.11600018,47,43.5,41,44.5,845,650,0,740,638,0,0,0,0,0,4.62,0,0,0,0,1.54,0,0,0.77,4.62,26.0014458,3090,75,4850,339,48.5,0.193676382,0.64375,2606,32,32.3333321,0.0230653156,0.64375,2542,24,32.3333321,0.0110057089,0.64375,2572,23,32.3333321,0.0120009556,0.65,2601,30,32.3333321,0.0148016587,0.65,4399,111,48.5,0.070274,0.65,2627,21,32.3333321,0.009591749,0.65,2524,19,32.3333321,0.009230364,0.65,47.7500076,40.125,99.9982,512,-1,485.785156,485.5,0.28515625,0.5,7618.451,7618.951,0,0,0,0,0,0,0,0,0,0,0,0,512,600,1200,3000,46,0.415000021,1.30500007,0,0,11,42,210,405,0,0,0,0,0,21,0,0,5.409,5.286,0.875,1156.44141,74.31641,0,0,0,0,0,0,0,0,0,0,0,0,0,0,53.21875,50,16376,14910,1465,8.946877,15.312,0,0
05/26/2026 14:18:39,37,52,0,44,49,38,38,38,38,59,12.12,5.03,1.30800009,1.39200008,0.612000048,0.292000026,0.68,3.288,2.046,0,3.36800027,3.364,3.11600018,47,43.5,41,44.5,821,650,0,726,612,0,0,0,0,0,3.12,0,0,0,0,0,0,0,0.39,3.12,26.1231537,3179,90,4850,352,48.5,0.203184977,0.65,2684,46,32.3333321,0.0289761312,0.65,2605,27,32.3333321,0.01108226,0.65,2555,19,32.3333321,0.009688123,0.65,2664,30,32.3333321,0.02519218,0.65,4822,201,48.5,0.135588646,0.65,2681,21,32.3333321,0.00979549,0.65,2569,21,32.3333321,0.009963233,0.65,47.8750076,41.0000038,99.9982,512,-1,485.785156,485.5,0.28515625,0.5,7618.451,7618.951,0,0,0,0,0,0,0,0,0,0,0,0,512,600,1200,3000,46,0.575000048,1.30500007,0,0,13,42,210,405,0,0,0,0,0,22,0,0,5.969,6.979,0.875,1156.44141,74.31641,1.010153,0,0,0,0,0,0,0,0,0,0,0,0,0,53.15625,48,16376,14910,1465,8.946877,16.843,0,0
05/26/2026 14:18:41,37,51,0,44,49,39,39,39,39,60,12.12,5.03,1.31000006,1.39200008,0.752000034,0.3,0.68,3.28400016,2.046,0,3.36800027,3.36800027,3.11600018,47,44,41,44.5,821,645,0,741,623,0,0,0,0,0,12.5,0,0,0,0,3.12,0,0,1.95,12.5,26.9804058,2998,96,4850,386,48.5,0.264689982,0.66875,2737,48,32.3333321,0.046035327,0.66875,2614,23,32.3333321,0.0116833951,0.66875,2785,31,32.3333321,0.0271238927,0.66875,2641,28,32.3333321,0.0237855669,0.66875,3207,217,32.3333321,0.166375324,0.66875,2578,18,32.3333321,0.0102777146,0.66875,2572,19,32.3333321,0.0110702086,0.66875,47.8750076,43.5000038,99.9982,512,-1,485.785156,485.5,0.28515625,0.5,7618.451,7618.951,0,0,0,0,0,0,0,0,0,0,0,0,512,600,1200,3000,47,0.745000064,1.30500007,0,0,15,42,210,405,0,0,0,0,0,22,0,0,5.473,5.825,0.875,1156.44141,74.31641,1.18554151,0,0,0,0,0,0,0,0,0,0,0,0,0,53.3125,50,16376,14910,1465,8.946877,17.84,0,0
05/26/2026 14:18:43,38,51,0,45,50,40,40,40,40,61,12.12,5.03,1.31000006,1.39200008,0.792000055,0.308000028,0.68,3.288,2.046,0,3.36800027,3.36800027,3.11600018,48,44,41,44.5,835,642,0,726,625,0,0,0,0,0,11.11,3.17,1.56,1.56,1.56,9.52,3.12,1.56,4.15,11.11,26.5676937,3787,99,3600,421,36,0.296119928,0.9625,3162,56,36,0.0381075926,0.95625,2903,23,36,0.0153603842,0.95,3853,21,48.5,0.0106709842,1.08125,4134,35,48.5,0.0177288819,1.08125,4738,198,48.5,0.13879095,1.08125,4050,23,48.5,0.009692718,1.08125,3855,17,48.5,0.008428451,1.08125,48.0000076,40.5000038,99.9982,512,-1,485.785156,485.5,0.28515625,0.5,7618.451,7618.951,0,0,0,0,0,0,0,0,0,0,0,0,512,600,1200,3000,47,0.969000041,1.30500007,0,6,15,42,210,405,0,0,0,0,0,46,0,0,6.355,6.362,0.875,1156.44141,74.31641,0.92242074,0,0,0,0,0,0,0,0,0,0,0,0,0,53.4375,50,16376,14910,1465,8.946877,15.702,0,0
05/26/2026 14:18:45,38,51,0,46,50,40,40,40,40,61,12.12,5.03,1.31000006,1.39200008,0.774000049,0.298,0.68,3.28400016,2.046,0,3.36800027,3.364,3.11600018,48,44,41,44.5,853,648,0,740,627,0,0,0,0,0,10.94,4.62,1.54,1.54,3.08,7.81,1.54,3.08,4.27,10.94,26.51192,3606,99,4850,433,48.5,0.2794233,0.65,4095,53,48.5,0.0309845917,0.65,3861,26,48.5,0.01298619,0.65,2495,21,32.3333321,0.009842165,0.65,3942,32,48.5,0.0186627638,0.65,4550,181,48.5,0.144757614,0.65,2529,21,32.3333321,0.0101304511,0.65,2522,22,32.3333321,0.009355859,0.64375,48.0000076,39.625,99.9982,512,-1,485.785156,485.5,0.28515625,0.5,7618.451,7618.951,0,0,0,0,0,0,0,0,0,0,0,0,512,600,1200,3000,47,0.745000064,1.30500007,0,1,14,42,210,405,0,0,0,0,0,21,0,0,5.777,6.502,0.875,1156.44141,74.31641,0.0136346072,0,0,0,0,0,0,0,0,0,0,0,0,0,53.34375,50,16376,14910,1465,8.946877,16.992,0,0
05/26/2026 14:18:47,38,51,0,46,50,40,40,40,40,61,12.12,5.03,1.30800009,1.39200008,0.768,0.3,0.68,3.28400016,2.046,0,3.36800027,3.364,3.11200023,48,43.5,41,44.5,865,669,0,762,625,0,0,0,0,0,9.23,0,0,0,0,1.54,0,0,1.35,9.23,26.4279156,3209,104,4850,448,48.5,0.2706961,0.65,2807,59,32.3333321,0.0382186323,0.65,2588,31,32.3333321,0.0149063421,0.65,2653,25,32.3333321,0.0283525269,0.65,2746,34,32.3333321,0.0213626381,0.65,4816,194,48.5,0.184738442,0.65,2582,22,32.3333321,0.009367286,0.65,2628,20,32.3333321,0.009689156,0.65,48.1250076,41.0000038,99.9982,512,-1,485.785156,485.5,0.28515625,0.5,7618.451,7618.951,0,0,0,0,0,0,0,0,0,0,0,0,512,600,1200,3000,47,0.75000006,1.30500007,0,1,14,42,210,405,0,0,0,0,0,41,0,0,6.926,7.618,0.875,1156.44141,74.31641,0.009589309,0,0,0,0.00136990123,0,0,0,0,0,0,0,0,0,53.375,50,16376,14910,1465,8.946877,20.33,49152,0
05/26/2026 14:18:49,38,51,0,46,50,40,40,40,40,61,12.12,5.03,1.30800009,1.39200008,0.810000062,0.302000016,0.678000033,3.28400016,2.046,0,3.36800027,3.36800027,3.11600018,48,44,41,44.5,866,665,0,745,645,0,0,0,0,0,4.69,1.56,1.56,1.56,1.56,4.69,1.56,1.56,2.34,4.69,26.8160229,3199,101,4040,337,40.4,0.227952272,0.63125,2775,50,33.6666679,0.03299349,0.63125,2764,37,33.6666679,0.0150413746,0.63125,2714,25,33.6666679,0.0107377013,0.63125,2737,32,33.6666679,0.0161675625,0.63125,5050,278,50.5,0.250032872,0.5625,2768,25,33.6666679,0.0115093468,0.53125,2742,23,33.6666679,0.0193642117,0.53125,48.2500076,40.5000038,99.9982,512,-1,485.785156,485.5,0.28515625,0.5,7618.451,7618.951,0,0,0,0,0,0,0,0,0,0,0,0,512,600,1200,3000,46,0.410000026,1.30500007,0,0,11,42,210,405,0,0,0,0,0,21,0,0,5.122,5.406,0.875,1156.44141,74.31641,0,0,0,0,0,0,0,0,0,0,0,0,0,0,53.375,50,16376,14910,1465,8.946877,16.61,0,0
05/26/2026 14:18:51,38,51,0,46,50,40,40,40,40,61,12.12,5.03,1.30800009,1.39200008,0.752000034,0.302000016,0.68,3.28400016,2.046,0,3.36800027,3.36800027,3.11600018,48,44,41,44.5,865,668,0,758,631,0,0,0,0,0,7.94,3.17,1.59,1.59,0,4.76,0,0,2.38,7.94,27.413866,3297,155,3600,479,36,0.39564386,0.69375,3368,135,36,0.1276369,0.69375,3306,74,36,0.06955219,0.69375,3323,67,36,0.0588095,0.69375,3206,67,36,0.08347745,0.69375,3600,354,36,0.3347223,0.69375,3047,41,36,0.0373746268,0.69375,2925,24,36,0.02777757,0.69375,48.3750076,43.0000038,99.99819,512,-1,485.785156,485.5,0.28515625,0.5,7618.451,7618.951,0,0,0,0,0,0,0,0,0,0,0,0,512,600,1200,3000,47,0.940000057,1.30500007,0,6,15,42,210,405,0,0,0,0,0,21,0,0,5.187,4.971,0.875,1156.44141,74.31641,0,0,0,0,0,0,0,0,0,0,0,0,0,0,53.46875,50,16376,14910,1465,8.946877,14.751,0,0
05/26/2026 14:18:53,38,52,0,46,50,40,40,40,40,61,12.12,5.03,1.31000006,1.39200008,0.644000053,0.308000028,0.678000033,3.288,2.046,0,3.36800027,3.36800027,3.11600018,48,44,41,44.5,867,673,0,756,646,0,0,0,0,0,3.12,0,0,0,0,3.12,0,0,0.78,3.12,25.59637,3014,85,4850,290,48.5,0.1691731,0.675,2868,52,32.3333321,0.03866159,0.675,2853,46,32.3333321,0.0179789383,0.675,2533,22,32.3333321,0.009234164,0.675,2581,30,32.3333321,0.01616295,0.675,3176,190,32.3333321,0.160021052,0.675,2516,19,32.3333321,0.00815766,0.675,2732,30,32.3333321,0.0103874234,0.675,48.3750076,42.0000038,99.99819,512,-1,485.785156,485.5,0.28515625,0.5,7618.451,7618.951,0,0,0,0,0,0,0,0,0,0,0,0,512,600,1200,3000,46,0.405000031,1.30500007,0,0,11,42,210,405,0,0,0,0,0,20,0,0,5.971,7.314,0.875,1156.44141,74.31641,0,0,0,0,0,0,0,0,0,0,0,0,0,0,53.4375,50,16376,14910,1465,8.946877,16.884,0,0
05/26/2026 14:18:55,38,51,0,46,50,40,40,40,40,61,12.12,5.03,1.30800009,1.39200008,0.748,0.312,0.678000033,3.28400016,2.046,0,3.36800027,3.364,3.11200023,48,43.5,41,44.5,861,673,0,744,646,0,0,0,0,0,3.12,0,0,0,0,0,0,0,0.39,3.12,26.7876053,3194,102,4850,372,48.5,0.21152848,0.65625,2805,55,32.3333321,0.0443898626,0.65625,2684,28,32.3333321,0.023889143,0.65625,2592,20,32.3333321,0.009949893,0.65625,2622,28,32.3333321,0.02331111,0.65625,4850,273,48.5,0.212375775,0.65625,2554,20,32.3333321,0.009908959,0.65625,2596,19,32.3333321,0.0101253791,0.65625,48.2500076,42.0000038,99.99819,512,-1,485.785156,485.5,0.28515625,0.5,7618.451,7618.951,0,0,0,0,0,0,0,0,0,0,0,0,512,600,1200,3000,47,0.745000064,1.30500007,0,0,14,42,210,405,0,0,0,0,0,46,0,0,7.026,7.454,0.875,1156.44141,74.31641,1.15587354,0,0,0,0,0,0,0,0,0,0,0,0,0,53.5,50,16376,14910,1465,8.946877,17.967,0,0
05/26/2026 14:18:57,38,51,0,46,50,40,40,40,40,61,12.12,5.03,1.30800009,1.39200008,0.604000032,0.30400002,0.68,3.28400016,2.046,0,3.364,3.364,3.11600018,48,43.5,41,44.5,860,664,0,744,647,0,0,0,0,0,10.77,6.06,1.52,3.03,3.03,9.23,1.52,3.03,4.77,10.77,27.1790524,3012,80,3600,276,36,0.157552242,0.9625,2922,41,36,0.0307557248,0.95625,2828,26,36,0.0124544278,0.95,2802,21,36,0.0107540628,0.95,2846,29,36,0.0150795523,0.95,3509,202,36,0.149572462,0.95625,2781,19,36,0.0102618523,0.95,2809,23,36,0.0102121569,0.94375,48.2500076,40.5000038,99.9982,512,-1,485.785156,485.5,0.28515625,0.5,7618.451,7618.951,0,0,0,0,0,0,0,0,0,0,0,0,512,600,1200,3000,45,0.405000031,1.30500007,0,0,11,42,210,405,0,0,0,0,0,22,0,0,5.161,5.191,0.875,1156.44141,74.31641,0,0,0,0,0,0,0,0,0,0,0,0,0,0,53.53125,50,16376,14910,1465,8.946877,15.303,0,0
05/26/2026 14:18:59,38,51,0,46,50,40,40,40,40,61,12.12,5.03,1.30800009,1.39200008,0.834000051,0.306000024,0.678000033,3.28400016,2.046,0,3.36800027,3.36800027,3.11600018,48,43.5,41,44.5,863,643,0,755,631,0,0,0,0,0,6.25,0,0,0,0,1.56,0,0,0.98,6.25,26.89955,3157,106,4850,418,48.5,0.290234685,0.65,2678,52,32.3333321,0.0423239954,0.65,2550,26,32.3333321,0.0182061568,0.65,2524,29,32.3333321,0.0103236223,0.65,2636,30,32.3333321,0.0284147412,0.65,4850,248,48.5,0.185870126,0.65,2630,21,32.3333321,0.0146022821,0.65,2538,25,32.3333321,0.0106516127,0.65,48.1250076,40.125,99.9982,512,-1,485.785156,485.5,0.28515625,0.5,7618.451,7618.951,0,0,0,0,0,0,0,0,0,0,0,0,512,600,1200,3000,45,0.570000052,1.30500007,0,0,13,42,210,405,0,0,0,0,0,22,0,0,5.77,6.062,0.875,1156.44141,74.31641,1.14439678,0,0,0,0,0,0,0,0,0,0,0,0,0,53.5,50,16376,14910,1465,8.946877,15.394,0,49152
05/26/2026 14:19:01,38,51,0,46,50,40,40,40,40,61,12.0960007,5.03,1.30800009,1.39200008,0.666,0.3,0.678000033,3.28400016,2.046,0,3.364,3.364,3.11200023,48,44,41,44.5,855,641,0,757,646,0,0,0,0,0,6.35,0,1.56,0,0,4.69,0,0,1.57,6.35,26.0872021,3266,101,4850,335,48.5,0.1748607,0.64375,2729,42,32.3333321,0.0292072333,0.65,3105,47,32.3333321,0.0263293721,0.65,2730,33,32.3333321,0.0130159119,0.65,2661,32,32.3333321,0.0137644187,0.65,4850,281,48.5,0.22271803,0.65,2623,21,32.3333321,0.00952133,0.65,2582,20,32.3333321,0.0102254795,0.65,48.1250076,40.125,99.9982,512,-1,485.785156,485.5,0.28515625,0.5,7618.451,7618.951,0,0,0,0,0,0,0,0,0,0,0,0,512,600,1200,3000,46,0.435000032,1.30500007,0,0,11,42,210,405,0,0,0,0,0,46,0,0,7.211,7.976,0.875,1156.44141,74.546875,2.1149354,0,0,0,0,0,0,0,0,0,0.0231836122,0,0,0,53.53125,50,16376,14910,1465,8.946877,19.797,49152,0
05/26/2026 14:19:03,38,51,0,46,50,40,40,40,40,61,12.0960007,5.03,1.30800009,1.39200008,0.778000057,0.302000016,0.678000033,3.28400016,2.046,0,3.36800027,3.364,3.11600018,48,43.5,41,44.5,868,666,0,744,631,0,0,0,0,0,7.81,0,0,0,0,1.56,0,0,1.17,7.81,26.7936039,3027,108,4850,443,48.5,0.2891948,0.64375,2764,54,32.3333321,0.04134187,0.64375,2615,30,32.3333321,0.0110906055,0.64375,2568,23,32.3333321,0.0107036093,0.64375,2789,38,32.3333321,0.0181149673,0.64375,3233,225,32.3333321,0.173001528,0.64375,2816,30,32.3333321,0.0154147511,0.64375,2578,23,32.3333321,0.0140569136,0.64375,48.2500076,43.0000038,99.9982,512,-1,485.785156,485.5,0.28515625,0.5,7618.451,7618.951,0,0,0,0,0,0,0,0,0,0,0,0,512,600,1200,3000,46,0.659000039,1.30500007,0,0,11,42,210,405,0,0,0,0,0,21,0,0,5.256,5.38,0.875,1156.44141,74.546875,0,0,0,0,0,0,0,0,0,0,0,0,0,0,53.53125,50,16376,14910,1465,8.946877,16.658,0,0
05/26/2026 14:19:05,38,51,0,46,50,40,40,40,40,61,12.12,5.03,1.31000006,1.39200008,0.686000049,0.30400002,0.678000033,3.28400016,2.046,0,3.36800027,3.36800027,3.11600018,48,44,41,44.5,868,663,0,758,646,0,0,0,0,0,4.62,0,0,0,0,3.08,0,0,0.96,4.62,26.4787369,3824,88,3600,326,36,0.154889032,0.9625,3209,53,36,0.0416808538,0.95625,2946,28,36,0.01100928,0.95,3977,23,48.5,0.009075217,0.95,4274,39,48.5,0.0180887487,1.01875,4776,194,48.5,0.179087535,1.01875,3908,18,48.5,0.008755351,1.01875,3898,19,48.5,0.009708315,1.01875,48.1250076,40.5000038,99.9982,512,-1,485.785156,485.5,0.28515625,0.5,7618.451,7618.951,0,0,0,0,0,0,0,0,0,0,0,0,512,600,1200,3000,46,0.625,1.30500007,0,1,14,42,210,405,0,0,0,0,0,22,0,0,5.09,5.118,0.875,1156.44141,74.546875,0,0,0,0,0,0,0,0,0,0,0,0,0,0,53.625,50,16376,14910,1465,8.946877,15.441,49152,0
05/26/2026 14:19:07,38,51,0,46,50,40,40,40,40,61,12.0960007,5.03,1.30800009,1.39200008,0.658000052,0.296,0.678000033,3.28400016,2.046,0,3.364,3.364,3.11200023,48,43.5,41,44.5,857,641,0,745,646,0,0,0,0,0,20,3.08,4.62,3.08,6.15,15.62,1.54,0,6.76,20,26.4683056,2973,96,4850,405,48.5,0.292446941,0.6625,2816,53,32.3333321,0.0330805853,0.6625,2608,24,32.3333321,0.009540435,0.6625,2561,23,32.3333321,0.009934793,0.6625,2642,30,32.3333321,0.012740803,0.6625,3167,196,32.3333321,0.123736374,0.6625,2593,23,32.3333321,0.0101816813,0.6625,2549,18,32.3333321,0.008659955,0.6625,48.0000076,42.0000038,99.9982,512,-1,485.785156,485.5,0.28515625,0.5,7618.451,7618.951,0,0,0,0,0,0,0,0,0,0,0,0,512,600,1200,3000,47,0.625,1.30500007,0,0,13,42,210,405,0,0,0,0,0,46,0,0,7.078,7.571,0.875,1156.44141,74.546875,1.13653982,0,0,0,0,0,0,0,0,0,0,0,0,0,53.6875,50,16376,14910,1465,8.946877,16.451,0,0
05/26/2026 14:19:09,38,51,0,46,50,40,40,40,40,61,12.0960007,5.02000046,1.30800009,1.388,0.700000048,0.292000026,0.678000033,3.28000021,2.046,0,3.364,3.36000013,3.11200023,47,43.5,41,44.5,857,640,0,756,646,0,0,0,0,0,6.25,0,0,0,0,4.69,0,0,1.37,6.25,25.8705864,3167,88,4850,344,48.5,0.211706221,0.65,2615,38,32.3333321,0.0272666,0.65,2604,25,32.3333321,0.0122661078,0.65,2564,22,32.3333321,0.0100136017,0.65,2572,26,32.3333321,0.01656691,0.65,4850,199,48.5,0.159703776,0.65,2553,21,32.3333321,0.008523137,0.65,2726,25,32.3333321,0.00972814951,0.65,47.8750076,41.0000038,99.9982,512,-1,485.785156,485.5,0.28515625,0.5,7618.451,7618.951,0,0,0,0,0,0,0,0,0,0,0,0,512,600,1200,3000,46,0.62,1.30500007,0,2,14,42,210,405,0,0,0,0,0,41,0,0,6.565,7.011,0.875,1156.44141,74.546875,0,0,0,0,0,0,0,0,0,0,0,0,0,0,53.59375,50,16376,14910,1465,8.946877,19.991,0,0
05/26/2026 14:19:11,37,51,0,45,50,39,39,39,39,60,12.12,5.03,1.30800009,1.39200008,0.72,0.290000021,0.678000033,3.28400016,2.046,0,3.36800027,3.364,3.11600018,47,43.5,41,44.5,854,666,0,745,631,0,0,0,0,0,7.69,0,0,0,0,3.08,0,0,1.35,7.69,26.45223,3206,100,4040,361,40.4,0.247630492,0.55625,2846,46,33.6666679,0.0339355059,0.55625,2675,24,33.6666679,0.0139841605,0.55625,2660,21,33.6666679,0.01228359,0.55625,2889,41,33.6666679,0.0351046473,0.55625,5050,256,50.5,0.19519943,0.5375,2717,27,33.6666679,0.010786728,0.5375,2773,21,33.6666679,0.009816396,0.5375,47.8750076,43.8750038,99.99819,512,-1,485.785156,485.5,0.28515625,0.5,7618.451,7618.951,0,0,0,0,0,0,0,0,0,0,0,0,512,600,1200,3000,46,0.445000023,1.30500007,0,0,11,42,210,405,0,0,0,0,0,21,0,0,5.068,5.147,0.875,1156.44141,74.546875,0.0133635337,0,0,0,0.00130254682,0,0,0,0,0,0,0,0,0,53.625,50,16376,14910,1465,8.946877,16.987,0,0
05/26/2026 14:19:13,37,51,0,45,49,40,40,40,40,61,12.12,5.03,1.30800009,1.388,0.624,0.308000028,0.678000033,3.28400016,2.046,0,3.364,3.36800027,3.11600018,48,44,41,44.5,833,665,0,739,641,0,0,0,0,0,6.25,0,0,0,0,1.56,0,0,0.98,6.25,26.5799885,3684,93,3600,358,36,0.227328435,0.9625,3092,48,36,0.02658373,0.95625,2883,25,36,0.009792425,0.95,2907,22,36,0.009717329,0.95,4136,37,48.5,0.0141454,0.99375,4850,215,48.5,0.202787921,0.99375,3886,18,48.5,0.009207236,0.99375,4118,22,48.5,0.009042569,0.99375,48.0000076,41.5000038,99.9982,512,-1,485.785156,485.5,0.28515625,0.5,7618.451,7618.951,0,0,0,0,0,0,0,0,0,0,0,0,512,600,1200,3000,46,0.405000031,1.30500007,0,0,11,42,210,405,0,0,0,0,0,41,0,0,6.491,7.15,0.875,1156.44141,74.546875,0.009548339,0,0,0,0,0,0,0,0,0,0,0,0,0,53.6875,50,16376,14910,1465,8.946877,17.935,49152,0
05/26/2026 14:19:15,38,51,0,46,50,40,40,40,40,61,12.12,5.03,1.30800009,1.39200008,0.792000055,0.30400002,0.678000033,3.28400016,2.046,0,3.36800027,3.36800027,3.11200023,48,44,41,44.5,854,667,0,744,619,0,0,0,0,0,4.69,1.56,0,0,0,3.12,0,0,1.17,4.69,26.59618,3442,97,4850,304,48.5,0.2120585,0.64375,2926,71,32.3333321,0.0528312363,0.64375,2687,33,32.3333321,0.0184611324,0.64375,2693,28,32.3333321,0.027414795,0.64375,4361,38,48.5,0.0311128888,0.64375,4850,256,48.5,0.209721655,0.64375,2598,23,32.3333321,0.0143930353,0.64375,2572,22,32.3333321,0.010190553,0.64375,48.0000076,39.625,99.99819,512,-1,485.785156,485.5,0.28515625,0.5,7618.451,7618.951,0,0,0,0,0,0,0,0,0,0,0,0,512,600,1200,3000,48,0.745000064,1.30500007,0,0,14,42,210,405,0,0,0,0,0,46,0,0,7.271,7.219,0.875,1156.44141,74.546875,0.009534137,0,0,0,0,0,0,0,0,0,0,0,0,0,53.71875,50,16376,14910,1465,8.946877,18.449,0,0
05/26/2026 14:19:17,38,52,0,46,50,40,40,40,40,61,12.12,5.03,1.30800009,1.39200008,0.710000038,0.294,0.678000033,3.288,2.046,0,3.36800027,3.364,3.11600018,48,44,41,44.5,857,673,0,743,642,0,0,0,0,0,6.25,0,0,0,0,4.69,0,0,1.37,6.25,25.9107819,3019,101,4850,343,48.5,0.205630749,0.6625,2943,67,32.3333321,0.07017961,0.6625,2558,27,32.3333321,0.0100014051,0.6625,2653,28,32.3333321,0.0138018075,0.6625,2827,42,32.3333321,0.02345536,0.6625,3233,260,32.3333321,0.245349318,0.6625,2549,21,32.3333321,0.0115643525,0.6625,2538,20,32.3333321,0.009020195,0.66875,48.0000076,39.625,99.99821,512,-1,485.785156,485.5,0.28515625,0.5,7618.451,7618.951,0,0,0,0,0,0,0,0,0,0,0,0,512,600,1200,3000,48,0.930000067,1.30500007,0,2,15,42,210,405,0,0,0,0,0,21,0,0,5.626,5.647,0.875,1156.44141,74.31641,0.009730885,0,0,0,0,0,0,0,0,0,0.0191178489,0,0,0,53.78125,50,16376,14910,1465,8.946877,18.481,49152,0
05/26/2026 14:19:19,38,52,0,46,50,40,40,40,40,60,12.12,5.03,1.30800009,1.39200008,0.702,0.306000024,0.678000033,3.28400016,2.046,0,3.36800027,3.364,3.11600018,48,43.5,40.5,44.5,866,679,0,754,630,0,0,0,0,0,7.81,0,0,0,0,0,0,0,0.98,7.81,26.257473,3387,96,3600,392,36,0.24609153,1.35,3024,45,36,0.0265955348,1.35,2926,28,36,0.0113399988,1.35,3080,30,36,0.0127044292,1.35,2930,31,36,0.0190804731,1.35,3600,199,36,0.160465881,1.35,3865,17,48.5,0.009020385,1.35,4074,27,48.5,0.0113552352,0.96875,48.0000076,43.0000038,99.99819,512,-1,485.785156,485.5,0.28515625,0.5,7618.451,7618.951,0,0,0,0,0,0,0,0,0,0,0,0,512,600,1200,3000,47,0.950000048,1.30500007,0,2,14,42,210,405,0,0,0,0,0,41,0,0,6.192,6.607,0.875,1156.44141,74.31641,0.0109849023,0,0,0,0.00129292207,0,0,0,0,0,0,0,0,0,53.90625,50,16376,14910,1465,8.946877,18.277,0,49152
05/26/2026 14:19:21,38,52,0,46,50,40,40,40,40,61,12.0960007,5.02000046,1.30800009,1.39200008,0.756000042,0.314,0.676000059,3.28400016,2.046,0,3.364,3.364,3.11200023,48,43.5,41,44.5,861,679,0,758,646,0,0,0,0,0,9.38,0,0,0,1.56,6.25,0,0,2.15,9.38,26.7888126,3191,99,4850,366,48.5,0.272228181,0.63125,2667,48,32.3333321,0.0318404436,0.63125,2588,28,32.3333321,0.0135893188,0.63125,2594,23,32.3333321,0.0110401316,0.63125,2719,37,32.3333321,0.02172306,0.63125,4850,251,48.5,0.201966569,0.63125,2548,17,32.3333321,0.009766219,0.63125,2714,23,32.3333321,0.0107877208,0.64375,48.1250076,40.125,99.9982,512,-1,485.785156,485.5,0.28515625,0.5,7618.451,7618.951,0,0,0,0,0,0,0,0,0,0,0,0,512,600,1200,3000,46,0.615,1.30500007,0,1,13,42,210,405,0,0,0,0,0,21,0,0,5.898,5.933,0.875,1156.44141,74.31641,0,0,0,0,0,0,0,0,0,0,0,0,0,0,53.71875,50,16376,14910,1465,8.946877,15.84,0,0
05/26/2026 14:19:23,38,51,0,46,50,40,40,40,40,61,12.0960007,5.03,1.30800009,1.388,0.572,0.294,0.678000033,3.28000021,2.046,0,3.364,3.364,3.11200023,48,43.5,41,44.5,857,669,0,744,631,0,0,0,0,0,9.23,0,0,0,0,1.54,0,0,1.35,9.23,26.3787861,3171,107,4850,515,48.5,0.325092,0.65,2663,45,32.3333321,0.0254117884,0.65,2608,25,32.3333321,0.0145253539,0.65,2601,29,32.3333321,0.0109015964,0.65,2614,29,32.3333321,0.0170256086,0.65,4692,169,48.5,0.153671,0.65,2588,20,32.3333321,0.0105070546,0.65,2755,24,32.3333321,0.009627655,0.65,48.2500076,40.5000038,99.9981842,512,-1,485.785156,485.5,0.28515625,0.5,7618.451,7618.951,0,0,0,0,0,0,0,0,0,0,0,0,512,600,1200,3000,47,0.965000033,1.30500007,0,2,15,42,210,405,0,0,0,0,0,21,0,0,5.976,7.118,0.875,1156.44141,74.31641,0,0,0,0,0,0,0,0,0,0,0,0,0,0,53.875,50,16376,14910,1465,8.946877,17.617,0,0
05/26/2026 14:19:25,38,51,0,46,50,40,40,40,40,61,12.12,5.03,1.30800009,1.39200008,0.708,0.306000024,0.678000033,3.28400016,2.046,0,3.364,3.364,3.11200023,48,44,41,44.5,855,665,0,756,646,0,0,0,0,0,9.23,0,0,0,0,1.54,0,0,1.35,9.23,26.0894833,3226,94,4850,404,48.5,0.252432,0.64375,2692,39,32.3333321,0.024638962,0.64375,2612,23,32.3333321,0.0117515884,0.64375,2610,22,32.3333321,0.009010561,0.64375,2751,35,32.3333321,0.032089103,0.64375,4952,195,50.5,0.135134459,0.53125,2674,19,33.6666679,0.008421467,0.5625,2666,17,33.6666679,0.008413168,0.5625,48.1250076,41.0000038,99.99819,512,-1,485.785156,485.5,0.28515625,0.5,7618.451,7618.951,0,0,0,0,0,0,0,0,0,0,0,0,512,600,1200,3000,46,0.734,1.30500007,0,0,14,42,210,405,0,0,0,0,0,22,0,0,5.238,5.25,0.875,1156.44141,74.31641,0,0,0,0,0,0,0,0,0,0,0,0,0,0,53.8125,50,16376,14910,1465,8.946877,16.499,0,0
05/26/2026 14:19:27,38,51,0,46,50,40,40,40,40,61,12.12,5.03,1.30800009,1.39200008,0.846,0.318000019,0.678000033,3.28400016,2.046,0,3.364,3.364,3.11200023,48,44,41,44.5,855,668,0,744,646,0,0,0,0,0,1.56,0,0,0,0,1.56,0,0,0.39,1.56,27.3292313,3060,92,3600,350,36,0.256459922,0.9625,3029,50,36,0.037748713,0.95625,2969,36,36,0.0178846568,0.95,2528,29,32.3333321,0.0101353806,1.15625,2588,33,32.3333321,0.018724177,1.15625,4668,183,48.5,0.1284866,1.15625,2575,28,32.3333321,0.0199704543,1.15625,2525,24,32.3333321,0.009609843,1.15625,48.3750076,42.5000038,99.9982,512,-1,485.785156,485.5,0.28515625,0.5,7618.451,7618.951,0,0,0,0,0,0,0,0,0,0,0,0,512,600,1200,3000,47,0.965000033,1.30500007,0,2,15,42,210,405,0,0,0,0,0,21,0,0,5.307,5.234,0.875,1156.44141,74.31641,0,0,0,0,0,0,0,0,0,0,0,0,0,0,53.84375,50,16376,14910,1465,8.946877,14.893,49152,0
05/26/2026 14:19:29,38,52,0,46,50,40,40,40,40,61,12.0960007,5.02000046,1.30800009,1.388,0.644000053,0.286,0.676000059,3.28000021,2.046,0,3.364,3.364,3.11200023,48,44,40.5,44.5,859,676,0,755,646,0,0,0,0,0,7.81,3.12,0,1.59,0,1.56,0,0,1.76,7.81,25.12381,2982,72,4850,260,48.5,0.152339429,0.6625,2926,59,32.3333321,0.0368607566,0.6625,2652,24,32.3333321,0.0104354648,0.6625,2596,24,32.3333321,0.008629915,0.6625,2659,28,32.3333321,0.0156838,0.6625,3011,140,32.3333321,0.147091091,0.6625,2572,19,32.3333321,0.008498985,0.66875,2587,19,32.3333321,0.008284982,0.66875,48.0000076,42.0000038,99.99819,512,-1,485.785156,485.5,0.28515625,0.5,7618.451,7618.951,0,0,0,0,0,0,0,0,0,0,0,0,512,600,1200,3000,45,0.625,1.30500007,0,2,14,42,210,405,0,0,0,0,0,21,0,0,5.987,6.458,0.875,1156.44141,74.31641,0,0,0,0,0,0,0,0,0,0,0,0,0,0,53.875,50,16376,14910,1465,8.946877,15.993,0,0
05/26/2026 14:19:31,38,52,0,45,49,40,40,40,40,61,12.12,5.03,1.30800009,1.388,0.686000049,0.302000016,0.678000033,3.28400016,2.046,0,3.364,3.364,3.11200023,48,44,41,44.5,842,678,0,748,622,0,0,0,0,0,3.12,0,0,0,0,0,0,0,0.39,3.12,26.8256378,2995,102,4850,387,48.5,0.3059886,0.66875,2800,55,32.3333321,0.0419260263,0.66875,2679,33,32.3333321,0.0138874138,0.66875,2596,24,32.3333321,0.01055298,0.66875,2653,35,32.3333321,0.0335733034,0.66875,3233,239,32.3333321,0.17957668,0.66875,2583,22,32.3333321,0.0109159946,0.66875,2563,20,32.3333321,0.00942700449,0.66875,48.0000076,41.5000038,99.9982,512,-1,485.785156,485.5,0.28515625,0.5,7618.451,7618.951,0,0,0,0,0,0,0,0,0,0,0,0,512,600,1200,3000,48,0.745000064,1.30500007,0,1,15,42,210,405,0,0,0,0,0,22,0,0,5.807,5.967,0.875,1156.44141,74.31641,1.11413145,0,0,0,0,0,0,0,0,0,0,0,0,0,53.90625,50,16376,14910,1465,8.946877,17.105,0,0
05/26/2026 14:19:33,38,52,0,46,50,40,40,40,40,61,12.12,5.03,1.30800009,1.39200008,0.736000061,0.3,0.678000033,3.28400016,2.046,0,3.364,3.364,3.11200023,48,43.5,40.5,44.5,862,675,0,749,621,0,0,0,0,0,4.69,0,1.54,0,0,4.69,0,0,1.36,4.69,26.0517311,3112,84,3600,282,36,0.175569355,0.9625,3005,40,36,0.0219949968,0.95625,3011,28,36,0.009870706,0.95,2907,24,36,0.009209654,0.95,2948,31,36,0.0134614194,0.95,3600,229,36,0.181293473,0.95625,2909,19,36,0.008804008,0.95,2918,20,36,0.008984296,0.94375,48.0000076,42.5000038,99.99821,512,-1,485.785156,485.5,0.28515625,0.5,7618.451,7618.951,0,0,0,0,0,0,0,0,0,0,0,0,512,600,1200,3000,48,0.784000039,1.30500007,0,1,14,42,210,405,0,0,0,0,0,21,0,0,5.09,5.163,0.875,1156.44141,74.31641,0,0,0,0,0,0,0,0,0,0,0,0,0,0,53.9375,50,16376,14910,1465,8.946877,15.607,0,0
05/26/2026 14:19:35,38,52,0,46,50,40,40,40,40,61,12.0960007,5.02000046,1.30800009,1.39200008,0.694,0.288000017,0.676000059,3.28400016,2.046,0,3.364,3.364,3.11200023,48,44,41,44.5,858,672,0,744,641,0,0,0,0,0,6.25,3.12,6.25,3.12,4.69,9.38,3.12,3.12,4.88,9.38,26.36455,3207,94,4850,391,48.5,0.262124777,0.66875,3018,65,32.3333321,0.03736963,0.66875,2585,22,32.3333321,0.009948858,0.64375,2566,22,32.3333321,0.010030929,0.64375,2636,30,32.3333321,0.0118254535,0.64375,4778,187,48.5,0.156187817,0.64375,2634,20,32.3333321,0.008828074,0.64375,2588,18,32.3333321,0.008121828,0.64375,48.1250076,40.125,99.99819,512,-1,485.785156,485.5,0.28515625,0.5,7618.451,7618.951,0,0,0,0,0,0,0,0,0,0,0,0,512,600,1200,3000,46,0.685000062,1.30500007,0,0,13,42,210,405,0,0,0,0,0,46,0,0,6.838,7.658,0.875,1156.44141,74.31641,1.1726023,0,0,0,0,0,0,0,0,0,0,0,0,0,54.03125,50,16376,14910,1465,8.946877,16.739,49152,0
05/26/2026 14:19:37,38,52,0,46,50,40,40,40,40,61,12.12,5.03,1.30800009,1.39200008,0.618000031,0.294,0.676000059,3.28400016,2.046,0,3.36800027,3.364,3.11600018,48,44,41,44.5,863,649,0,761,630,0,0,0,0,0,12.5,1.59,0,0,0,3.12,0,0,2.15,12.5,27.1063976,3323,158,4850,558,48.5,0.4260796,0.65,3195,126,32.3333321,0.147125944,0.65,2904,56,32.3333321,0.0594005,0.65,2649,27,32.3333321,0.0253271125,0.65,2933,68,32.3333321,0.0897343159,0.65,4850,377,48.5,0.356109381,0.65,2693,33,32.3333321,0.0247708112,0.65,2513,20,32.3333321,0.0109450305,0.65,48.2500076,42.5000038,99.9982,512,-1,485.785156,485.5,0.28515625,0.5,7618.451,7618.951,0,0,0,0,0,0,0,0,0,0,0,0,512,600,1200,3000,46,0.62,1.30500007,0,2,14,42,210,405,0,0,0,0,0,22,0,0,6.915,6.911,0.875,1156.44141,74.31641,3.26105165,0,0,0,0.0014178222,0,0,0,0,0,0,0,0,0,54.03125,50,16376,14910,1465,8.946877,18.031,0,0
05/26/2026 14:19:39,38,52,0,46,50,40,40,40,40,61,12.12,5.03,1.30800009,1.39200008,0.522,0.284,0.676000059,3.28400016,2.046,0,3.364,3.364,3.11600018,48,44,41,44.5,856,653,0,743,631,0,0,0,0,0,4.69,0,0,0,0,1.56,0,0,0.78,4.69,26.4715862,3362,89,4850,331,48.5,0.245307714,0.65,4024,47,48.5,0.0310414024,0.65,2602,26,32.3333321,0.0137220984,0.65,2590,19,32.3333321,0.0124392686,0.65,2716,36,32.3333321,0.0215559173,0.6375,4831,209,48.5,0.160204947,0.6375,2688,22,32.3333321,0.0169844646,0.6375,2591,25,32.3333321,0.0101968776,0.6375,48.1250076,40.125,99.9982,512,-1,485.785156,485.5,0.28515625,0.5,7618.451,7618.951,0,0,0,0,0,0,0,0,0,0,0,0,512,600,1200,3000,46,0.575000048,1.30500007,0,0,13,42,210,405,0,0,0,0,0,21,0,0,5.301,5.621,0.875,1156.44141,74.31641,0,0,0,0,0,0,0,0,0,0,0,0,0,0,53.96875,50,16376,14910,1465,8.946877,17.398,0,0
05/26/2026 14:19:41,38,52,0,46,50,40,40,40,40,61,12.12,5.03,1.30800009,1.388,0.640000045,0.302000016,0.676000059,3.28400016,2.046,0,3.364,3.364,3.11200023,48,44,40.5,44.5,870,659,0,755,646,0,0,0,0,0,7.94,6.25,0,0,1.56,7.94,1.59,1.59,3.36,7.94,25.64618,3147,83,3600,298,36,0.176466078,0.9625,3094,54,36,0.0341999047,0.95625,2932,28,36,0.0107373539,0.95,2883,23,36,0.00928243,0.95,2764,33,32.3333321,0.0290394984,1.14375,4772,186,48.5,0.160101533,1.14375,2569,21,32.3333321,0.009251312,1.14375,2564,22,32.3333321,0.009522524,1.14375,48.0000076,40.125,99.9982,512,-1,485.785156,485.5,0.28515625,0.5,7618.451,7618.951,0,0,0,0,0,0,0,0,0,0,0,0,512,600,1200,3000,47,0.965000033,1.30500007,0,3,15,42,210,405,0,0,0,0,0,23,0,0,5.171,5.234,0.875,1156.44141,74.31641,0,0,0,0,0,0,0,0,0,0,0,0,0,0,54.03125,50,16376,14910,1465,8.946877,14.968,0,0
05/26/2026 14:19:43,38,53,0,46,50,40,40,40,40,61,12.12,5.03,1.30800009,1.39200008,0.684,0.298,0.676000059,3.28400016,2.046,0,3.364,3.364,3.11200023,48,44,41,44.5,865,684,0,762,631,0,0,0,0,0,6.25,0,0,0,0,9.38,0,0,1.95,9.38,26.5228138,3201,94,4850,375,48.5,0.257023752,0.65,2853,48,32.3333321,0.0249503627,0.65,2596,29,32.3333321,0.0114324111,0.65,2671,22,32.3333321,0.0190290567,0.65,2649,26,32.3333321,0.0130415307,0.65,4786,208,48.5,0.165308326,0.65,2599,24,32.3333321,0.00891913,0.65,2607,21,32.3333321,0.009421403,0.65,48.0000076,40.125,99.99819,512,-1,485.785156,485.5,0.28515625,0.5,7618.451,7618.951,0,0,0,0,0,0,0,0,0,0,0,0,512,600,1200,3000,47,0.405000031,1.30500007,0,0,11,42,210,405,0,0,0,0,0,46,0,0,7.08,7.4,0.875,1156.44141,74.31641,1.08236241,0,0,0,0,0,0,0,0,0,0,0,0,0,54.0625,50,16376,14910,1465,8.946877,17.095,0,0
05/26/2026 14:19:45,38,53,0,46,50,40,40,40,40,61,12.0960007,5.03,1.30800009,1.39200008,0.642,0.290000021,0.676000059,3.28400016,2.046,0,3.364,3.364,3.11600018,48,44,41,44.5,863,660,0,745,646,0,0,0,0,0,10.94,0,0,0,0,6.25,0,0,2.15,10.94,26.6194572,3540,99,4850,374,48.5,0.2798183,0.63125,4084,48,48.5,0.0307079963,0.63125,2729,31,32.3333321,0.0148053644,0.63125,4020,23,48.5,0.0200944915,0.63125,2624,27,32.3333321,0.0181768537,0.63125,4850,255,48.5,0.210888609,0.63125,2585,17,32.3333321,0.009659233,0.6375,2578,18,32.3333321,0.0101840589,0.6375,48.0000076,43.0000038,99.99819,512,-1,485.785156,485.5,0.28515625,0.5,7618.451,7618.951,0,0,0,0,0,0,0,0,0,0,0,0,512,600,1200,3000,46,0.74,1.30500007,0,2,15,42,210,405,0,0,0,0,0,23,0,0,6.033,6.48,0.875,1156.44141,74.31641,0.009570288,0,0,0,0,0,0,0,0,0,0,0,0,0,54.0625,50,16376,14910,1465,8.946877,18.779,0,0
05/26/2026 14:19:47,38,53,0,46,50,40,40,40,40,61,12.12,5.03,1.30800009,1.39200008,0.708,0.302000016,0.676000059,3.28400016,2.046,0,3.364,3.364,3.11600018,48,44,41,44.5,853,686,0,745,646,0,0,0,0,0,19.05,6.25,3.12,4.69,0,6.25,0,0,4.92,19.05,26.18436,4011,100,4850,445,48.5,0.3052455,0.65625,4085,53,48.5,0.0349353477,0.65625,3930,28,48.5,0.0113169085,0.65625,4114,28,48.5,0.01271376,0.65625,3979,32,48.5,0.01726202,0.65625,4557,171,48.5,0.153376833,0.65625,2685,22,32.3333321,0.009631219,0.65625,3891,20,48.5,0.00899015553,0.65625,48.1250076,42.0000038,99.99819,512,-1,485.785156,485.5,0.28515625,0.5,7618.451,7618.951,0,0,0,0,0,0,0,0,0,0,0,0,512,600,1200,3000,46,0.935000062,1.30500007,0,2,14,42,210,405,0,0,0,0,0,46,0,0,6.606,6.68,0.875,1156.44141,74.31641,1.13206971,0,0,0,0,0,0,0,0,0,0,0,0,0,54.125,50,16376,14910,1465,8.946877,18.434,0,0
05/26/2026 14:19:49,38,53,0,46,50,40,40,40,40,61,12.12,5.03,1.30800009,1.39200008,0.802000046,0.322000027,0.676000059,3.28400016,2.046,0,3.36800027,3.364,3.11200023,48,44,40.5,44.5,857,661,0,761,647,0,0,0,0,0,7.81,0,0,0,0,6.25,0,0,1.76,7.81,27.202961,2986,88,4850,310,48.5,0.208070457,0.65,2681,47,32.3333321,0.0340628773,0.65,2615,26,32.3333321,0.0112779867,0.65,2589,19,32.3333321,0.0111161713,0.65,2738,32,32.3333321,0.0182677284,0.65,3233,231,32.3333321,0.206228942,0.65,2594,19,32.3333321,0.0107762292,0.65,2588,21,32.3333321,0.01150889,0.65,48.1250076,41.5000038,99.9982,512,-1,485.785156,485.5,0.28515625,0.5,7618.451,7618.951,0,0,0,0,0,0,0,0,0,0,0,0,512,600,1200,3000,48,0.75000006,1.30500007,0,0,14,42,210,405,0,0,0,0,0,22,0,0,5.631,5.598,0.875,1156.44141,74.31641,0,0,0,0,0,0,0,0,0,0,0,0,0,0,54.125,50,16376,14910,1465,8.946877,15.926,0,0
05/26/2026 14:19:51,38,53,0,46,50,40,40,40,40,61,12.12,5.03,1.30800009,1.39200008,0.618000031,0.296,0.676000059,3.28400016,2.046,0,3.36800027,3.364,3.11600018,48,44,41,44.5,867,686,0,756,631,0,0,0,0,0,9.23,3.08,4.62,3.08,3.08,4.62,6.15,1.54,4.42,9.23,27.014595,3672,147,4040,447,40.4,0.328090727,0.55625,3807,96,40.4,0.07254891,0.55625,3817,69,40.4,0.0671872646,0.55625,2953,47,33.6666679,0.0494023673,0.55625,3914,67,40.4,0.07636562,0.55625,5050,382,50.5,0.3650144,0.55625,2824,32,33.6666679,0.0308635924,0.55625,2975,37,33.6666679,0.0338600576,0.55625,48.5000076,53.2500038,99.9982,512,-1,485.785156,485.5,0.28515625,0.5,7618.451,7618.951,0,0,0,0,0,0,0,0,0,0,0,0,512,600,1200,3000,45,0.570000052,1.30500007,0,0,13,42,210,405,0,0,0,0,0,46,0,0,7.513,7.693,0.875,1156.44141,74.31641,1.14026189,0,0,0,0,0,0,0,0,0,0,0,0,0,54.21875,52,16376,14910,1465,8.946877,18.114,0,0
05/26/2026 14:19:53,38,52,0,46,50,40,40,40,40,61,12.0960007,5.03,1.30800009,1.388,0.686000049,0.31,0.676000059,3.28000021,2.046,0,3.364,3.36000013,3.11200023,48,43.5,41,44.5,863,660,0,745,646,0,0,0,0,0,10.94,1.59,3.17,1.59,1.59,7.81,3.17,3.17,4.13,10.94,26.7905483,2976,96,4850,381,48.5,0.23006618,0.66875,2794,53,32.3333321,0.03128414,0.66875,2548,22,32.3333321,0.0125784446,0.66875,2698,26,32.3333321,0.0252055172,0.66875,2580,35,32.3333321,0.0146681461,0.66875,3229,208,32.3333321,0.167054757,0.66875,2551,20,32.3333321,0.009695629,0.66875,2556,19,32.3333321,0.00900976453,0.66875,48.5000076,43.0000038,99.9982,512,-1,485.785156,485.5,0.28515625,0.5,7618.451,7618.951,0,0,0,0,0,0,0,0,0,0,0,0,512,600,1200,3000,47,0.955000043,1.30500007,0,1,14,42,210,405,0,0,0,0,0,21,0,0,5.612,5.511,0.875,1156.44141,74.31641,0,0,0,0,0,0,0,0,0,0,0,0,0,0,54.1875,50,16376,14910,1465,8.946877,18.341,0,49152
05/26/2026 14:19:55,38,52,0,46,50,40,40,40,40,61,12.12,5.03,1.30800009,1.39200008,0.884000063,0.308000028,0.676000059,3.28400016,2.046,0,3.364,3.364,3.11600018,48,44,41,44.5,867,653,0,759,631,0,0,0,0,0,9.38,0,0,0,0,3.12,0,0,1.56,9.38,26.9219036,3570,96,3600,380,36,0.275515258,0.9625,3075,42,36,0.0242777318,0.95625,2895,27,36,0.011387296,0.95,2907,23,36,0.009855196,0.95,2935,28,36,0.012937922,0.95,4850,219,48.5,0.1634773,1.075,4254,32,48.5,0.0104606478,1.075,4044,20,48.5,0.009100752,1.075,48.5000076,42.0000038,99.9982,512,-1,485.785156,485.5,0.28515625,0.5,7618.451,7618.951,0,0,0,0,0,0,0,0,0,0,0,0,512,600,1200,3000,46,0.435000032,1.30500007,0,0,11,42,210,405,0,0,0,0,0,21,0,0,5.226,5.242,0.875,1156.44141,74.31641,0.902405739,0,0,0,0,0,0,0,0,0,0,0,0,0,54.15625,50,16376,14910,1465,8.946877,15.324,0,0
05/26/2026 14:19:57,38,53,0,46,50,40,40,40,40,61,12.0960007,5.03,1.30800009,1.39200008,0.646,0.298,0.676000059,3.28400016,2.046,0,3.36800027,3.364,3.11600018,48,44,41,44.5,857,684,0,745,631,0,0,0,0,0,7.81,0,0,0,0,0,1.56,0,1.17,7.81,25.8769932,3127,99,4850,432,48.5,0.277343363,0.64375,3938,47,48.5,0.03342257,0.64375,2603,32,32.3333321,0.0109225092,0.64375,2615,24,32.3333321,0.017851552,0.64375,2686,35,32.3333321,0.016603617,0.64375,3087,174,32.3333321,0.124093391,0.64375,2567,27,32.3333321,0.0103469891,0.64375,2669,23,32.3333321,0.00939795,0.64375,48.2500076,39.125,99.9982,512,-1,485.785156,485.5,0.28515625,0.5,7618.451,7618.951,0,0,0,0,0,0,0,0,0,0,0,0,512,600,1200,3000,46,0.42900002,1.30500007,0,0,11,43,210,405,0,0,0,0,0,41,0,0,6.991,7.178,0.875,1156.44141,74.31641,0.0179879926,0,0,0,0,0,0,0,0,0,0,0,0,0,54.28125,52,16376,14910,1465,8.946877,19.413,0,0
05/26/2026 14:19:59,38,53,0,46,50,40,40,40,40,61,12.12,5.03,1.30800009,1.39200008,0.658000052,0.288000017,0.676000059,3.28400016,2.046,0,3.364,3.364,3.11200023,48,44,40.5,44.5,858,661,0,763,646,0,0,0,0,0,4.69,0,0,0,0,1.56,0,0,0.78,4.69,25.5176926,3194,95,4850,350,48.5,0.210253313,0.65625,2753,54,32.3333321,0.031986732,0.65625,2566,22,32.3333321,0.0174891483,0.65625,2627,24,32.3333321,0.008422405,0.65625,2756,35,32.3333321,0.0409629643,0.65625,4848,233,48.5,0.1867813,0.65625,2560,21,32.3333321,0.00999661349,0.65625,2589,21,32.3333321,0.00884669647,0.65625,48.0000076,40.125,99.99819,512,-1,485.785156,485.5,0.28515625,0.5,7618.451,7618.951,0,0,0,0,0,0,0,0,0,0,0,0,512,600,1200,3000,45,0.724000037,1.30500007,0,0,14,43,210,405,0,0,0,0,0,21,0,0,6.002,7.333,0.875,1156.44141,74.31641,0,0,0,0,0,0,0,0,0,0,0,0,0,0,54.28125,50,16376,14910,1465,8.946877,17.614,0,49152
05/26/2026 14:20:01,38,53,0,46,50,40,40,40,40,61,12.12,5.03,1.30800009,1.39200008,0.694,0.296,0.676000059,3.28400016,2.046,0,3.36800027,3.364,3.11600018,48,44,40.5,44.5,865,661,0,745,630,0,0,0,0,0,12.31,0,0,0,0,0,0,0,1.54,12.31,26.7245,3180,99,4850,432,48.5,0.3114794,0.65,2768,52,32.3333321,0.0338136964,0.65,2582,25,32.3333321,0.009576766,0.65,2561,22,32.3333321,0.0105370237,0.65,2790,38,32.3333321,0.0278112441,0.65,4745,179,48.5,0.152326331,0.65,2584,23,32.3333321,0.009562952,0.65,2564,20,32.3333321,0.009593215,0.65,48.1250076,41.5000038,99.99819,512,-1,485.785156,485.5,0.28515625,0.5,7618.451,7618.951,0,0,0,0,0,0,0,0,0,0,0,0,512,600,1200,3000,47,0.580000043,1.30500007,0,0,13,43,210,405,0,0,0,0,0,41,0,0,6.3,7.162,0.875,1156.44141,74.546875,0.0186329521,0,0,0,0.001299051,0,0,0,0,0,0.025138123,0,0,0,54.25,52,16376,14910,1465,8.946877,17.465,0,0
05/26/2026 14:20:03,38,53,0,46,50,40,40,40,40,61,12.12,5.03,1.30800009,1.39200008,0.630000055,0.298,0.676000059,3.288,2.046,0,3.36800027,3.364,3.11600018,48,44,40.5,44.5,854,686,0,743,646,0,0,0,0,0,6.15,1.52,0,0,0,3.08,0,0,1.34,6.15,26.60479,3105,106,3600,442,36,0.303889334,1.35,3248,70,36,0.0472740047,1.35,2880,30,36,0.0145400884,1.35,2863,26,36,0.0121292183,1.35,2908,31,36,0.02099403,1.35,3509,203,36,0.1711268,1.35,2815,21,36,0.01169137,1.35,3014,26,36,0.0109154033,1.35,48.1250076,40.125,99.9982,512,-1,485.785156,485.5,0.28515625,0.5,7618.451,7618.951,0,0,0,0,0,0,0,0,0,0,0,0,512,600,1200,3000,47,1.0250001,1.30500007,0,2,14,43,210,405,0,0,0,0,0,46,0,0,6.745,7.062,0.875,1156.44141,74.546875,0.0128500191,0,0,0,0,0,0,0,0,0,0,0,0,0,54.21875,52,16376,14910,1465,8.946877,16.627,0,0
05/26/2026 14:20:05,38,53,0,46,50,40,40,40,40,61,12.12,5.03,1.30800009,1.39200008,0.768,0.3,0.676000059,3.28400016,2.046,0,3.364,3.364,3.11200023,48,44,40.5,44.5,856,661,0,745,646,0,0,0,0,0,4.69,0,0,0,0,4.76,0,0,1.18,4.76,26.119339,3167,87,4850,314,48.5,0.202995658,0.66875,2604,42,32.3333321,0.0286944434,0.66875,2558,23,32.3333321,0.009803681,0.66875,2645,29,32.3333321,0.0122088967,0.66875,2559,26,32.3333321,0.0176888369,0.66875,4850,214,48.5,0.160679966,0.66875,2549,20,32.3333321,0.0102572534,0.66875,2721,29,32.3333321,0.0105983773,0.66875,48.0000076,40.125,99.9982,512,-1,485.785156,485.5,0.28515625,0.5,7618.451,7618.951,0,0,0,0,0,0,0,0,0,0,0,0,512,600,1200,3000,46,0.630000055,1.30500007,0,2,14,43,210,405,0,0,0,0,0,41,0,0,7.478,7.293,0.875,1156.44141,74.546875,0,0,0,0,0,0,0,0,0,0,0,0,0,0,54.28125,52,16376,14910,1465,8.946877,20.1,0,0
05/26/2026 14:20:07,38,53,0,46,50,40,40,40,40,61,12.0960007,5.02000046,1.30800009,1.388,0.62,0.302000016,0.676000059,3.28400016,2.046,0,3.364,3.364,3.11200023,48,44,40.5,44.5,859,686,0,757,646,0,0,0,0,0,3.08,0,0,0,0,1.54,0,0,0.58,3.08,25.532053,3213,98,4850,334,48.5,0.2323942,0.64375,2723,47,32.3333321,0.0349776968,0.64375,2762,36,32.3333321,0.01596114,0.64375,2572,23,32.3333321,0.0107984347,0.65,2685,31,32.3333321,0.01593958,0.65,4850,272,48.5,0.2260108,0.65,2568,19,32.3333321,0.0106680812,0.65,2692,24,32.3333321,0.0119909216,0.65,48.0000076,40.5000038,99.9982,512,-1,485.785156,485.5,0.28515625,0.5,7618.451,7618.951,0,0,0,0,0,0,0,0,0,0,0,0,512,600,1200,3000,45,0.405000031,1.30500007,0,0,11,43,210,405,0,0,0,0,0,21,0,0,5.942,6.126,0.875,1156.44141,74.546875,0.009420471,0,0,0,0.0022107237,0,0,0,0,0,0,0,0,0,54.375,52,16376,14910,1465,8.946877,19.852,0,0
05/26/2026 14:20:09,38,53,0,45,49,40,40,40,40,61,12.12,5.03,1.30800009,1.39200008,0.666,0.292000026,0.674,3.28400016,2.046,0,3.36800027,3.364,3.11600018,48,44,40.5,44.5,848,661,0,745,631,0,0,0,0,0,12.31,1.56,1.56,1.56,3.12,3.08,1.56,1.56,3.29,12.31,25.8303375,3160,85,4850,326,48.5,0.212170079,0.65,2631,46,32.3333321,0.02851423,0.65,2571,24,32.3333321,0.010861123,0.65,2598,30,32.3333321,0.0137806172,0.65,2761,38,32.3333321,0.0189237669,0.65,4679,172,48.5,0.144522518,0.65,2538,18,32.3333321,0.008206939,0.65,2652,23,32.3333321,0.008636725,0.65,47.8750076,40.125,99.9982,512,-1,485.785156,485.5,0.28515625,0.5,7618.451,7618.951,0,0,0,0,0,0,0,0,0,0,0,0,512,600,1200,3000,46,0.440000027,1.30500007,0,0,11,43,210,405,0,0,0,0,0,41,0,0,6.403,7.049,0.875,1156.44141,74.546875,0.009556436,0,0,0,0,0,0,0,0,0,0,0,0,0,54.40625,52,16376,14910,1465,8.946877,19.096,0,0
05/26/2026 14:20:11,38,53,0,46,50,40,40,40,40,60,12.12,5.03,1.30800009,1.39200008,0.648,0.290000021,0.676000059,3.28400016,2.046,0,3.36800027,3.364,3.11600018,47,44,40.5,44.5,858,686,0,741,640,0,0,0,0,0,3.12,0,0,0,0,3.17,0,0,0.79,3.17,25.54916,3480,81,4850,295,48.5,0.168376073,0.66875,2654,45,32.3333321,0.01935057,0.66875,2558,24,32.3333321,0.0119423289,0.66875,2526,21,32.3333321,0.008422647,0.66875,2731,39,32.3333321,0.0129259955,0.66875,4693,179,48.5,0.131110564,0.66875,4002,22,48.5,0.00877658,0.66875,3822,22,48.5,0.008515281,0.66875,47.8750076,39.625,99.9982,512,-1,485.785156,485.5,0.28515625,0.5,7618.451,7618.951,0,0,0,0,0,0,0,0,0,0,0,0,512,600,1200,3000,46,0.63500005,1.30500007,0,2,14,43,210,405,0,0,0,0,0,41,0,0,7.05,6.387,0.875,1156.44141,74.546875,0,0,0,0,0,0,0,0,0,0,0,0,0,0,54.375,50,16376,14910,1465,8.946877,18.161,0,0
05/26/2026 14:20:13,37,53,0,45,49,38,38,38,38,59,12.12,5.02000046,1.30800009,1.388,0.574,0.296,0.676000059,3.28400016,2.046,0,3.364,3.364,3.11200023,47,44,40.5,44.5,852,661,0,737,634,0,0,0,0,0,4.62,0,0,0,0,0,0,0,0.58,4.62,24.8502216,3482,73,4850,251,48.5,0.1347775,0.65,3973,41,48.5,0.0221473835,0.65,3917,28,48.5,0.0113140978,0.65,2597,23,32.3333321,0.008600777,0.65,2640,31,32.3333321,0.011547897,0.65,4581,163,48.5,0.1301706,0.65,2612,21,32.3333321,0.00961617753,0.65,2687,23,32.3333321,0.00898566749,0.65,47.7500076,40.5000038,99.99819,512,-1,485.785156,485.5,0.28515625,0.5,7618.451,7618.951,0,0,0,0,0,0,0,0,0,0,0,0,512,600,1200,3000,47,0.950000048,1.30500007,0,1,15,43,210,405,0,0,0,0,0,41,0,0,7.231,7.242,0.875,1156.44141,74.546875,0,0,0,0,0,0,0,0,0,0,0,0,0,0,54.40625,52,16376,14910,1465,8.946877,20.04,49152,0
05/26/2026 14:20:15,37,53,0,44,49,38,38,38,38,59,12.12,5.03,1.30800009,1.39200008,0.794,0.306000024,0.674,3.28400016,2.046,0,3.36800027,3.364,3.11600018,47,44,40.5,44.5,833,686,0,748,616,0,0,0,0,0,3.17,0,0,0,0,3.17,0,0,0.79,3.17,25.93205,3488,89,4850,274,48.5,0.148908734,0.65,4118,62,48.5,0.0477413721,0.65,4049,35,48.5,0.0128372284,0.65,2502,22,32.3333321,0.0111037344,0.65,2542,33,32.3333321,0.0158657972,0.65,4850,248,48.5,0.189422324,0.65,2506,20,32.3333321,0.00908803,0.65,2487,19,32.3333321,0.008931314,0.65,47.7500076,41.5000038,99.99819,512,-1,485.785156,485.5,0.28515625,0.5,7618.451,7618.951,0,0,0,0,0,0,0,0,0,0,0,0,512,600,1200,3000,46,0.580000043,1.30500007,0,0,13,43,210,405,0,0,0,0,0,21,0,0,5.405,5.809,0.875,1156.44141,74.546875,0,0,0,0,0,0,0,0,0,0,0,0,0,0,54.34375,50,16376,14910,1465,8.946877,17.307,0,0
05/26/2026 14:20:17,37,53,0,44,49,38,38,38,38,59,12.12,5.03,1.30800009,1.39200008,0.538000047,0.28,0.676000059,3.28400016,2.046,0,3.364,3.364,3.11600018,47,44,40.5,44.5,824,661,0,736,625,0,0,0,0,0,12.31,3.08,0,0,1.54,7.81,0,0,3.09,12.31,25.9128151,3144,95,3600,358,36,0.251304567,0.88125,3159,59,36,0.0442516841,0.88125,2973,26,36,0.0106804064,0.88125,2969,25,36,0.008706703,0.88125,3022,31,36,0.0201141927,0.88125,3600,224,36,0.193144485,0.88125,2917,20,36,0.008720087,0.88125,2910,20,36,0.008134745,0.88125,47.7500076,40.5000038,99.9982,512,-1,485.785156,485.5,0.28515625,0.5,7618.451,7618.951,0,0,0,0,0,0,0,0,0,0,0,0,512,600,1200,3000,46,0.729000032,1.30500007,0,1,15,43,210,405,0,0,0,0,0,46,0,0,6.674,7.127,0.875,1156.44141,74.31641,0.009205727,0,0,0,0.00128978631,0,0,0,0,0,0.01100749,0,0,0,54.46875,50,16376,14910,1465,8.946877,15.804,0,49152
05/26/2026 14:20:19,37,53,0,44,49,38,38,38,38,59,12.12,5.03,1.30800009,1.39200008,0.734,0.3,0.674,3.28400016,2.046,0,3.36800027,3.364,3.11200023,47,44,40.5,44.5,822,686,0,736,608,0,0,0,0,0,1.56,0,0,0,0,6.25,0,0,0.98,6.25,25.7607784,3148,83,4850,268,48.5,0.1500559,0.65,2636,39,32.3333321,0.028137384,0.65,2579,27,32.3333321,0.0106922062,0.65,2586,25,32.3333321,0.0109664453,0.65,2576,28,32.3333321,0.0130502218,0.65,4850,236,48.5,0.201162845,0.65,2557,21,32.3333321,0.009064953,0.65,2551,20,32.3333321,0.008866645,0.65,47.7500076,41.5000038,99.9982,512,-1,485.785156,485.5,0.28515625,0.5,7618.451,7618.951,0,0,0,0,0,0,0,0,0,0,0,0,512,600,1200,3000,46,0.585000038,1.30500007,0,0,13,43,210,405,0,0,0,0,0,41,0,0,7.232,6.958,0.875,1156.44141,74.31641,0,0,0,0,0,0,0,0,0,0,0,0,0,0,54.53125,50,16376,14910,1465,8.946877,19.103,0,0
05/26/2026 14:20:21,37,53,0,44,49,38,38,38,38,59,12.12,5.03,1.30800009,1.39200008,0.638,0.290000021,0.674,3.28400016,2.046,0,3.36800027,3.364,3.11600018,47,44,40.5,44.5,832,660,0,724,608,0,0,0,0,0,7.81,0,0,0,0,3.12,0,0,1.37,7.81,26.3079014,3219,97,4850,358,48.5,0.266780764,0.64375,2908,66,32.3333321,0.03407428,0.64375,2611,29,32.3333321,0.0108964657,0.64375,2640,27,32.3333321,0.0107802525,0.64375,2693,33,32.3333321,0.0185598843,0.64375,4804,216,48.5,0.176638365,0.64375,2681,24,32.3333321,0.0102389231,0.64375,2568,20,32.3333321,0.0095537,0.64375,47.8750076,40.5000038,99.9982,512,-1,485.785156,485.5,0.28515625,0.5,7618.451,7618.951,0,0,0,0,0,0,0,0,0,0,0,0,512,600,1200,3000,46,0.625,1.30500007,0,2,14,43,210,405,0,0,0,0,0,21,0,0,5.943,6.389,0.875,1156.44141,74.31641,0.0094617,0,0,0,0,0,0,0,0,0,0,0,0,0,54.34375,52,16376,14910,1465,8.946877,19.349,0,0
05/26/2026 14:20:23,37,53,0,44,49,40,40,40,40,61,12.12,5.03,1.30800009,1.39200008,0.762,0.306000024,0.674,3.28400016,2.046,0,3.364,3.364,3.11200023,47,44,40.5,44.5,835,686,0,740,623,0,0,0,0,0,9.38,3.12,0,1.56,1.56,9.38,0,0,3.12,9.38,26.3658123,3188,97,4850,358,48.5,0.23621501,0.63125,2816,55,32.3333321,0.03406143,0.63125,2634,32,32.3333321,0.0117720263,0.63125,2546,24,32.3333321,0.0104709081,0.63125,2625,28,32.3333321,0.0111989146,0.63125,4850,243,48.5,0.164095849,0.63125,2662,20,32.3333321,0.0131126987,0.63125,2521,16,32.3333321,0.00897918,0.63125,48.0000076,43.0000038,99.99819,512,-1,485.785156,485.5,0.28515625,0.5,7618.451,7618.951,0,0,0,0,0,0,0,0,0,0,0,0,512,600,1200,3000,47,0.950000048,1.30500007,0,1,14,43,210,405,0,0,0,0,0,41,0,0,6.201,6.608,0.875,1156.44141,74.31641,0.009502123,0,0,0,0.00136034668,0,0,0,0,0,0,0,0,0,54.53125,52,16376,14910,1465,8.946877,18.985,3149824,0
05/26/2026 14:20:25,37,53,0,45,49,39,39,39,39,59,12.12,5.02000046,1.30800009,1.388,0.900000036,0.320000023,0.674,3.28400016,2.046,0,3.36800027,3.364,3.11200023,47,44,40.5,44.5,832,686,0,739,608,0,0,0,0,0,7.81,4.69,3.12,1.56,3.12,6.25,1.56,0,3.52,7.81,26.0604019,3443,153,3600,432,36,0.341334969,0.9625,3191,132,32.3333321,0.139263466,1.15,3047,68,32.3333321,0.07689273,1.15,2803,39,32.3333321,0.0496144965,1.15,2967,81,32.3333321,0.09029306,1.15,4850,396,48.5,0.376600623,1.15,2856,36,32.3333321,0.04065216,1.15,4228,41,48.5,0.04499182,1.15,47.8750076,40.125,99.99819,512,-1,485.785156,485.5,0.28515625,0.5,7618.451,7618.951,0,0,0,0,0,0,0,0,0,0,0,0,512,600,1200,3000,46,0.405000031,1.30500007,0,0,11,43,210,405,0,0,0,0,0,21,0,0,5.48,5.3,0.875,1156.44141,74.31641,0,0,0,0,0,0,0,0,0,0,0,0,0,0,54.5625,50,16376,14910,1465,8.946877,15.232,0,1748992
05/26/2026 14:20:27,37,53,0,45,49,41,41,41,41,62,12.0960007,5.03,1.30800009,1.388,0.744,0.298,0.674,3.28000021,2.046,0,3.364,3.364,3.11200023,49,44,40.5,44.5,836,661,0,741,612,0,0,0,0,0,6.25,1.56,0,0,0,4.69,0,0,1.56,6.25,26.7070885,3020,103,4850,417,48.5,0.29093644,0.65,2979,76,32.3333321,0.0480949357,0.65,2617,27,32.3333321,0.011985804,0.65,2602,22,32.3333321,0.00960996747,0.65,2727,36,32.3333321,0.0164309219,0.65,3199,210,32.3333321,0.158594772,0.65,2585,18,32.3333321,0.00939776,0.65,2602,19,32.3333321,0.009953329,0.65,49.5000076,40.5000038,99.99819,512,-1,485.785156,485.5,0.28515625,0.5,7618.451,7618.951,0,0,0,0,0,0,0,0,0,0,0,0,512,600,1200,3000,46,0.580000043,1.30500007,0,0,13,43,210,405,0,0,0,0,0,46,0,0,7.389,7.726,0.875,1156.44141,74.31641,0.009374499,0,0,0,0,0,0,0,0,0,0,0,0,0,54.65625,50,16376,14910,1465,8.946877,18.225,49152,2549760
05/26/2026 14:20:29,38,53,0,45,50,42,42,42,42,62,12.0960007,5.03,1.30800009,1.388,0.682000041,0.294,0.674,3.28400016,2.046,0,3.364,3.364,3.11200023,49,44,40.5,44.5,867,686,0,728,613,0,0,0,0,0,4.76,0,0,0,0,1.59,1.59,0,0.99,4.76,25.7620277,3202,84,4850,306,48.5,0.150143251,0.65,2745,44,32.3333321,0.0415121131,0.65,2665,30,32.3333321,0.0128578711,0.65,2613,23,32.3333321,0.011353638,0.65,2636,28,32.3333321,0.0179804917,0.65,4693,195,48.5,0.16164884,0.65,2805,30,32.3333321,0.0113403406,0.65,2608,19,32.3333321,0.00842277147,0.65,49.0000076,39.625,99.9982,512,-1,485.785156,485.5,0.28515625,0.5,7618.451,7618.951,0,0,0,0,0,0,0,0,0,0,0,0,512,600,1200,3000,47,0.950000048,1.30500007,0,2,15,43,210,405,0,0,0,0,0,22,0,0,5.562,5.713,0.875,1156.44141,74.31641,0,0,0,0,0,0,0,0,0,0,0,0,0,0,54.53125,50,16376,14910,1465,8.946877,17.951,49152,99328
05/26/2026 14:20:31,38,53,0,46,51,41,41,41,41,61,12.0960007,5.02000046,1.30800009,1.39200008,0.734,0.3,0.674,3.28400016,2.046,0,3.364,3.364,3.11200023,48,44,40.5,44.5,874,662,0,742,623,0,0,0,0,0,12.7,4.69,4.69,4.69,3.12,15.87,6.15,3.12,6.88,15.87,26.7284355,3222,99,4850,421,48.5,0.270662427,0.65,3010,68,32.3333321,0.05412943,0.65,2559,20,32.3333321,0.0114101591,0.65,2621,23,32.3333321,0.0111908652,0.65,2647,30,32.3333321,0.0214646477,0.65,4809,191,48.5,0.149777919,0.65,2696,25,32.3333321,0.0115640005,0.65,2580,17,32.3333321,0.009284852,0.65,48.7500076,39.625,99.99821,512,-1,485.785156,485.5,0.28515625,0.5,7618.451,7618.951,0,0,0,0,0,0,0,0,0,0,0,0,512,600,1200,3000,46,0.615,1.30500007,0,0,13,43,210,405,0,0,0,0,0,22,0,0,5.156,5.367,0.875,1156.44141,74.31641,1.16725338,0,0,0,0.00301592564,0,0,0,0,0,0,0,0,0,54.59375,52,16376,14910,1465,8.946877,15.44,49152,0
05/26/2026 14:20:33,38,53,0,46,50,40,40,40,40,61,12.0960007,5.03,1.30800009,1.39200008,0.62,0.306000024,0.674,3.28400016,2.046,0,3.36800027,3.364,3.11200023,48,44,40.5,44.5,863,686,0,761,629,0,0,0,0,0,4.69,0,0,0,0,0,0,0,0.59,4.69,26.6983433,3155,110,3600,413,36,0.2674768,0.675,3222,60,36,0.05801103,0.675,2917,22,36,0.0107804779,0.675,2920,21,36,0.009640206,0.675,3012,35,36,0.0177065,0.675,3600,284,36,0.225642577,0.675,3067,28,36,0.011337297,0.675,2899,20,36,0.009581454,0.675,48.6250076,40.125,99.99821,512,-1,485.785156,485.5,0.28515625,0.5,7618.451,7618.951,0,0,0,0,0,0,0,0,0,0,0,0,512,600,1200,3000,46,0.62,1.30500007,0,2,14,43,210,405,0,0,0,0,0,21,0,0,5.99,6.332,0.875,1156.44141,74.31641,1.14920926,0,0,0,0,0,0,0,0,0,0,0,0,0,54.625,52,16376,14910,1465,8.946877,17.525,0,0
05/26/2026 14:20:35,38,53,0,46,50,40,40,40,40,61,12.12,5.03,1.30800009,1.39200008,0.712,0.294,0.674,3.28400016,2.046,0,3.364,3.364,3.11200023,48,44,40.5,44.5,863,661,0,744,629,0,0,0,0,0,12.31,1.54,3.08,1.54,3.08,4.62,1.54,1.54,3.65,12.31,26.7101135,3142,94,4850,435,48.5,0.2952447,0.64375,2654,42,32.3333321,0.0317827575,0.64375,2582,21,32.3333321,0.0143984845,0.64375,2590,22,32.3333321,0.0114774909,0.64375,2600,25,32.3333321,0.0169709288,0.64375,4614,167,48.5,0.129242882,0.64375,2547,19,32.3333321,0.00975847,0.64375,2695,21,32.3333321,0.010789508,0.65,48.3750076,41.0000038,99.9982,512,-1,485.785156,485.5,0.28515625,0.5,7618.451,7618.951,0,0,0,0,0,0,0,0,0,0,0,0,512,600,1200,3000,48,0.955000043,1.30500007,0,1,15,43,210,405,0,0,0,0,0,22,0,0,6.067,6.841,0.875,1156.44141,74.31641,1.15590692,0,0,0,0.00131098,0,0,0,0,0,0,0,0,0,54.65625,50,16376,14910,1465,8.946877,19.014,49152,0
05/26/2026 14:20:37,38,53,0,46,50,40,40,40,40,61,12.12,5.03,1.30800009,1.39200008,0.864,0.312,0.674,3.28400016,2.046,0,3.364,3.364,3.11600018,48,44,40.5,44.5,862,686,0,760,630,0,0,0,0,0,12.5,4.62,1.54,1.54,3.08,9.38,3.08,1.54,4.66,12.5,26.2763,3974,88,4850,364,48.5,0.220197126,0.65,2661,50,32.3333321,0.03322735,0.65,3934,24,48.5,0.0107382359,0.65,3901,22,48.5,0.008977083,0.6625,4092,39,48.5,0.0320652165,0.6625,4640,163,48.5,0.1154689,0.6625,3868,22,48.5,0.009969988,0.6625,3848,21,48.5,0.009179211,0.6625,48.2500076,40.125,99.9982,512,-1,485.785156,485.5,0.28515625,0.5,7618.451,7618.951,0,0,0,0,0,0,0,0,0,0,0,0,512,600,1200,3000,46,0.410000026,1.30500007,0,0,11,43,210,405,0,0,0,0,0,21,0,0,5.197,5.209,0.875,1156.44141,74.31641,0,0,0,0,0,0,0,0,0,0,0,0,0,0,54.6875,50,16376,14910,1465,8.946877,17.474,0,0
05/26/2026 14:20:39,38,53,0,46,50,40,40,40,40,61,12.12,5.03,1.30800009,1.388,0.686000049,0.296,0.674,3.28400016,2.046,0,3.36800027,3.364,3.11600018,48,44,40.5,44.5,858,661,0,744,646,0,0,0,0,0,9.23,3.12,0,0,0,7.69,0,0,2.51,9.23,25.8920383,3160,93,3600,333,36,0.227365717,0.9625,3073,46,36,0.031072814,0.95625,2920,23,36,0.0105933463,0.95,2955,22,36,0.009705552,0.95,2684,27,32.3333321,0.0150473677,0.65625,4850,258,48.5,0.199768856,1.15,2593,19,32.3333321,0.009549437,1.15,2609,19,32.3333321,0.0101218009,1.15,48.1250076,42.0000038,99.9982,512,-1,485.785156,485.5,0.28515625,0.5,7618.451,7618.951,0,0,0,0,0,0,0,0,0,0,0,0,512,600,1200,3000,46,0.405000031,1.30500007,0,0,11,43,210,405,0,0,0,0,0,46,0,0,6.678,7.097,0.875,1156.44141,74.31641,1.14404523,0,0,0,0,0,0,0,0,0,0,0,0,0,54.65625,50,16376,14910,1465,8.946877,15.802,0,49152
05/26/2026 14:20:41,38,53,0,46,50,40,40,40,40,61,12.12,5.03,1.31000006,1.39200008,0.582,0.282,0.674,3.28400016,2.046,0,3.36800027,3.364,3.11600018,48,44,40.5,44.5,862,686,0,759,631,0,0,0,0,0,13.85,1.56,0,0,0,1.54,0,0,2.12,13.85,26.7194252,3075,96,3600,444,36,0.300626665,0.9625,2993,48,36,0.0305448733,0.95625,2894,25,36,0.01211548,0.95,2946,24,36,0.009614025,0.95,2883,23,36,0.0144732548,0.95,3407,159,36,0.1144744,0.95625,3021,23,36,0.009301983,0.95,2856,19,36,0.008759242,0.94375,48.2500076,40.125,99.99819,512,-1,485.785156,485.5,0.28515625,0.5,7618.451,7618.951,0,0,0,0,0,0,0,0,0,0,0,0,512,600,1200,3000,45,0.570000052,1.30500007,0,0,13,43,210,405,0,0,0,0,0,46,0,0,7.516,7.939,0.875,1156.44141,74.31641,1.12047827,0,0,0,0.00133376161,0,0,0,0,0,0,0,0,0,54.78125,52,16376,14910,1465,8.946877,19.665,0,0
05/26/2026 14:20:43,38,53,0,46,50,40,40,40,40,61,12.12,5.03,1.30800009,1.39200008,0.686000049,0.298,0.674,3.28400016,2.046,0,3.36800027,3.36800027,3.11600018,48,44,40.5,44.5,868,661,0,761,646,0,0,0,0,0,7.69,3.08,0,0,0,7.69,0,0,2.31,7.69,27.00626,4213,100,4850,398,48.5,0.286688,0.6625,4394,57,48.5,0.0342509449,0.6625,3868,23,48.5,0.0110973055,0.6625,3863,19,48.5,0.009887861,0.6625,4212,36,48.5,0.0309810322,0.6625,4850,239,48.5,0.167221457,0.6625,3815,16,48.5,0.009696831,0.6625,3850,16,48.5,0.01003173,0.6625,48.2500076,42.0000038,99.9982,512,-1,485.785156,485.5,0.28515625,0.5,7618.451,7618.951,0,0,0,0,0,0,0,0,0,0,0,0,512,600,1200,3000,46,0.570000052,1.30500007,0,0,13,43,210,405,0,0,0,0,0,46,0,0,7.115,6.882,0.875,1156.44141,74.31641,1.14298737,0,0,0,0,0,0,0,0,0,0,0,0,0,54.65625,52,16376,14910,1465,8.946877,19.965,0,0
05/26/2026 14:20:45,38,53,0,46,50,40,40,40,40,61,12.12,5.03,1.30800009,1.39200008,0.632,0.302000016,0.674,3.288,2.046,0,3.36800027,3.36800027,3.11600018,48,44.5,40.5,44.5,858,686,0,745,631,0,0,0,0,0,4.76,4.76,0,1.59,0,6.35,0,0,2.18,6.35,26.2053471,4209,102,4850,400,48.5,0.277162641,0.66875,4149,54,48.5,0.0442615934,0.66875,3954,24,48.5,0.0139209852,0.66875,3846,21,48.5,0.0118413735,0.66875,4148,35,48.5,0.015705727,0.66875,4850,243,48.5,0.222429022,0.66875,3997,22,48.5,0.0144572891,0.66875,3875,19,48.5,0.009756677,0.66875,48.2500076,42.5000038,99.99819,512,-1,485.785156,485.5,0.28515625,0.5,7618.451,7618.951,0,0,0,0,0,0,0,0,0,0,0,0,512,600,1200,3000,46,0.42900002,1.30500007,0,0,11,43,210,405,0,0,0,0,0,21,0,0,5.159,5.257,0.875,1156.44141,74.31641,0.0137338284,0,0,0,0,0,0,0,0,0,0,0,0,0,54.78125,50,16376,14910,1465,8.946877,16.832,0,0
05/26/2026 14:20:47,38,53,0,46,50,40,40,40,40,61,12.12,5.03,1.31000006,1.39200008,0.688,0.290000021,0.674,3.28400016,2.046,0,3.36800027,3.36800027,3.11600018,48,44,40.5,44.5,865,661,0,755,631,0,0,0,0,0,6.25,0,0,0,0,0,0,0,0.78,6.25,28.03761,3088,78,3600,326,36,0.187933117,1.35,2995,47,36,0.03461251,1.35,2910,26,36,0.011261425,1.35,3001,27,36,0.009140885,1.35,3028,34,36,0.0119155943,1.35,3238,120,36,0.09565658,1.35,3022,23,36,0.008598757,1.35,2910,21,36,0.008297047,1.35,48.2500076,42.5000038,99.99819,512,-1,485.785156,485.5,0.28515625,0.5,7618.451,7618.951,0,0,0,0,0,0,0,0,0,0,0,0,512,600,1200,3000,45,0.570000052,1.30500007,0,0,12,43,210,405,0,0,0,0,0,22,0,0,5.716,5.667,0.875,1156.44141,74.31641,0,0,0,0,0,0,0,0,0,0,0,0,0,0,54.78125,50,16376,14910,1465,8.946877,16.114,0,0
05/26/2026 14:20:49,38,53,0,46,50,40,40,40,40,61,12.12,5.03,1.30800009,1.39200008,0.582,0.296,0.674,3.288,2.046,0,3.36800027,3.36800027,3.11600018,48,44.5,40.5,44.5,867,686,0,745,630,0,0,0,0,0,6.25,0,0,0,0,4.69,0,0,1.37,6.25,26.8818035,3819,104,4850,380,48.5,0.228060439,0.675,2958,68,32.3333321,0.04658047,0.675,2533,23,32.3333321,0.0113579277,0.675,3938,27,48.5,0.0116628995,0.66875,3897,28,48.5,0.0139733357,0.66875,4850,265,48.5,0.229572877,0.66875,3783,22,48.5,0.0115092536,0.66875,3742,18,48.5,0.0102542546,0.66875,48.2500076,40.5000038,99.9982,512,-1,485.785156,485.5,0.28515625,0.5,7618.451,7618.951,0,0,0,0,0,0,0,0,0,0,0,0,512,600,1200,3000,46,0.625,1.30500007,0,1,14,43,210,405,0,0,0,0,0,23,0,0,6.059,6.905,0.875,1156.44141,74.31641,1.088487,0,0,0,0,0,0,0,0,0,0,0,0,0,54.8125,52,16376,14910,1465,8.946877,17.248,0,0
05/26/2026 14:20:51,38,53,0,46,50,40,40,40,40,61,12.12,5.03,1.30800009,1.39200008,0.642,0.292000026,0.672000051,3.288,2.046,0,3.36800027,3.36800027,3.11600018,48,44.5,40.5,44.5,867,661,0,759,646,0,0,0,0,0,4.69,0,0,0,0,4.69,0,0,1.17,4.69,26.1621265,3571,137,5050,401,50.5,0.296525121,0.58125,3255,92,33.6666679,0.0806544647,0.58125,3146,60,33.6666679,0.05776583,0.58125,2963,42,33.6666679,0.0383794568,0.58125,3146,69,33.6666679,0.0736296549,0.58125,5050,356,50.5,0.326323122,0.56875,3213,52,33.6666679,0.0396895371,0.55625,2744,24,33.6666679,0.02459157,0.55625,48.2500076,47.1250038,99.99819,512,-1,485.785156,485.5,0.28515625,0.5,7618.451,7618.951,0,0,0,0,0,0,0,0,0,0,0,0,512,600,1200,3000,46,0.63500005,1.30500007,0,2,14,43,210,405,0,0,0,0,0,46,0,0,6.907,7.221,0.875,1156.44141,74.31641,0,0,0,0,0,0,0,0,0,0,0,0,0,0,54.90625,52,16376,14910,1465,8.946877,20.392,0,0
05/26/2026 14:20:53,38,53,0,46,50,40,40,40,40,61,12.12,5.03,1.31000006,1.39200008,0.646,0.294,0.674,3.28400016,2.046,0,3.36800027,3.364,3.11600018,48,44,40.5,44.5,860,686,0,761,631,0,0,0,0,0,10.94,0,0,0,0,3.12,0,0,1.76,10.94,25.5810127,3020,102,4850,368,48.5,0.258543462,0.65,2767,50,32.3333321,0.0464440174,0.65,2669,31,32.3333321,0.0103276828,0.65,2602,23,32.3333321,0.0109719262,0.65,2663,32,32.3333321,0.0135697359,0.65,3233,247,32.3333321,0.211354747,0.65,2699,31,32.3333321,0.020369811,0.65,2678,31,32.3333321,0.0106662633,0.65,48.2500076,42.5000038,99.99819,512,-1,485.785156,485.5,0.28515625,0.5,7618.451,7618.951,0,0,0,0,0,0,0,0,0,0,0,0,512,600,1200,3000,46,0.734,1.30500007,0,1,13,43,210,405,0,0,0,0,0,40,0,0,6.154,6.401,0.875,1156.44141,74.31641,0.0181566,0,0,0,0.00136199535,0,0,0,0,0,0,0,0,0,54.84375,50,16376,14910,1465,8.946877,18.818,0,0
05/26/2026 14:20:55,38,53,0,46,50,40,40,40,40,61,12.12,5.03,1.31000006,1.39200008,0.676000059,0.290000021,0.674,3.28400016,2.046,0,3.36800027,3.36800027,3.11600018,48,44.5,40.5,44.5,860,686,0,758,646,0,0,0,0,0,6.25,1.56,0,0,0,4.69,0,0,1.56,6.25,25.871521,3079,92,3600,301,36,0.179811791,0.9625,3050,54,36,0.04485514,1.14375,2880,27,36,0.0163934771,1.14375,2885,26,36,0.01609268,1.14375,2942,31,36,0.0230711885,1.14375,3600,258,36,0.210453153,1.14375,2840,22,36,0.0114603946,1.14375,2835,19,36,0.0103925625,1.14375,48.1250076,40.125,99.99819,512,-1,485.785156,485.5,0.28515625,0.5,7618.451,7618.951,0,0,0,0,0,0,0,0,0,0,0,0,512,600,1200,3000,46,0.570000052,1.30500007,0,0,13,43,210,405,0,0,0,0,0,22,0,0,6.025,5.705,0.875,1156.44141,74.31641,0,0,0,0,0,0,0,0,0,0,0,0,0,0,54.90625,50,16376,14910,1465,8.946877,15.916,0,0
05/26/2026 14:20:57,38,53,0,46,50,40,40,40,40,61,12.12,5.03,1.31000006,1.39200008,0.688,0.30400002,0.674,3.288,2.046,0,3.36800027,3.36800027,3.11600018,48,44.5,40.5,44.5,859,660,0,745,645,0,0,0,0,0,6.25,0,0,0,0,0,0,0,0.78,6.25,26.0761414,3317,85,4850,336,48.5,0.234508216,0.6375,4142,52,48.5,0.02468186,0.6375,2683,37,32.3333321,0.01327261,0.64375,2572,24,32.3333321,0.009383515,0.64375,2574,29,32.3333321,0.0119918063,0.64375,4639,160,48.5,0.128461838,0.64375,2539,20,32.3333321,0.008542914,0.64375,2535,19,32.3333321,0.008451383,0.64375,48.1250076,40.125,99.9982,512,-1,485.785156,485.5,0.28515625,0.5,7618.451,7618.951,0,0,0,0,0,0,0,0,0,0,0,0,512,600,1200,3000,48,0.955000043,1.30500007,0,1,14,43,210,405,0,0,0,0,0,46,0,0,7.24,7.3,0.875,1156.44141,74.31641,0.009577208,0,0,0,0,0,0,0,0,0,0,0,0,0,55,50,16376,14910,1465,8.946877,18.869,0,49152
05/26/2026 14:20:59,38,53,0,46,50,40,40,40,40,61,12.12,5.03,1.30800009,1.39200008,0.774000049,0.308000028,0.674,3.288,2.046,0,3.36800027,3.36800027,3.11600018,48,44,40.5,44.5,863,686,0,761,630,0,0,0,0,0,3.17,0,0,0,0,1.59,0,0,0.6,3.17,26.1861973,3152,84,4850,290,48.5,0.143469408,0.65,2623,38,32.3333321,0.0225964319,0.65,2546,26,32.3333321,0.01469002,0.65,2562,26,32.3333321,0.011789443,0.65,2710,35,32.3333321,0.0198489,0.65,4850,211,48.5,0.16965045,0.65,2491,18,32.3333321,0.011964215,0.65,2586,26,32.3333321,0.0106712077,0.65,48.0000076,40.125,99.9982,512,-1,485.785156,485.5,0.28515625,0.5,7618.451,7618.951,0,0,0,0,0,0,0,0,0,0,0,0,512,600,1200,3000,46,0.625,1.30500007,0,2,14,43,210,405,0,0,0,0,0,40,0,0,6.085,6.301,0.875,1156.44141,74.31641,0,0,0,0,0,0,0,0,0,0,0,0,0,0,54.96875,50,16376,14910,1465,8.946877,19.268,0,0
05/26/2026 14:21:01,38,53,0,46,50,40,40,40,40,61,12.12,5.03,1.30800009,1.39200008,0.714000046,0.292000026,0.674,3.28400016,2.046,0,3.36800027,3.364,3.11600018,48,44,40.5,44.5,868,661,0,757,646,0,0,0,0,0,12.31,1.54,1.54,1.54,1.54,3.08,1.54,1.54,3.08,12.31,25.8486366,3113,94,3600,336,36,0.256039172,0.9625,3123,56,36,0.0259306729,0.95625,2916,20,36,0.0109568331,0.95,2865,19,36,0.0112025524,0.95,2954,27,36,0.0132579785,0.95,3600,253,36,0.198824689,0.95625,2861,17,36,0.0106326919,0.95,2983,25,36,0.014007817,0.94375,48.0000076,41.0000038,99.99819,512,-1,485.785156,485.5,0.28515625,0.5,7618.451,7618.951,0,0,0,0,0,0,0,0,0,0,0,0,512,600,1200,3000,46,0.599000037,1.30500007,0,0,13,43,210,405,0,0,0,0,0,46,0,0,6.992,7.739,0.875,1156.44141,74.546875,0.0186163429,0,0,0,0,0,0,0,0,0,0.0119851921,0,0,0,55.125,52,16376,14910,1465,8.946877,18.167,0,0
05/26/2026 14:21:03,38,53,0,46,50,40,40,40,40,61,12.12,5.03,1.31000006,1.39200008,0.690000057,0.302000016,0.672000051,3.28400016,2.046,0,3.36800027,3.364,3.11600018,48,44.5,40.5,45,855,686,0,745,631,0,0,0,0,0,7.69,0,0,0,0,1.54,0,0,1.15,7.69,26.2298164,3197,99,4850,426,48.5,0.26182735,0.65,2812,60,32.3333321,0.0306691173,0.65,2620,23,32.3333321,0.0104560722,0.65,2580,21,32.3333321,0.009179459,0.65,2720,26,32.3333321,0.022757154,0.65,4809,197,48.5,0.162829265,0.65,2607,22,32.3333321,0.008753446,0.65,2578,18,32.3333321,0.00843431,0.65,48.0000076,40.125,99.99821,512,-1,485.785156,485.5,0.28515625,0.5,7618.451,7618.951,0,0,0,0,0,0,0,0,0,0,0,0,512,600,1200,3000,48,0.74,1.30500007,0,4,15,43,210,405,0,0,0,0,0,22,0,0,6.076,6.797,0.875,1156.44141,74.546875,0.0132483775,0,0,0,0.0013148766,0,0,0,0,0,0,0,0,0,55.03125,50,16376,14910,1465,8.946877,18.781,0,0
05/26/2026 14:21:05,38,53,0,46,50,40,40,40,40,61,12.12,5.02000046,1.30800009,1.39200008,0.684,0.306000024,0.672000051,3.28400016,2.046,0,3.36800027,3.364,3.11200023,48,44.5,40.5,45,857,661,0,755,631,0,0,0,0,0,9.38,1.56,1.56,0,1.56,4.69,0,0,2.34,9.38,26.7725258,3022,101,4850,412,48.5,0.3184137,0.66875,2707,48,32.3333321,0.03980363,0.66875,2630,22,32.3333321,0.0124348011,0.66875,2643,20,32.3333321,0.0102798715,0.66875,2662,30,32.3333321,0.0202227,0.66875,3233,229,32.3333321,0.179194421,0.66875,2621,19,32.3333321,0.0100282561,0.66875,2831,25,32.3333321,0.0162997488,0.66875,48.1250076,40.125,99.9982,512,-1,485.785156,485.5,0.28515625,0.5,7618.451,7618.951,0,0,0,0,0,0,0,0,0,0,0,0,512,600,1200,3000,48,0.734,1.30500007,0,1,15,43,210,405,0,0,0,0,0,40,0,0,6.428,7.232,0.875,1156.44141,74.546875,0.009446027,0,0,0,0,0,0,0,0,0,0,0,0,0,55.0625,52,16376,14910,1465,8.946877,20.311,0,0
05/26/2026 14:21:07,38,53,0,46,50,40,40,40,40,61,12.12,5.02000046,1.30800009,1.388,0.586,0.286,0.672000051,3.28400016,2.046,0,3.364,3.364,3.11200023,48,44,40.5,45,857,686,0,745,646,0,0,0,0,0,6.15,0,0,0,0,4.69,0,0,1.36,6.15,26.6905365,3032,103,4850,365,48.5,0.247749716,0.65,2878,63,32.3333321,0.05324358,0.65,2754,28,32.3333321,0.0106058028,0.65,2583,18,32.3333321,0.0103299292,0.65,2644,29,32.3333321,0.0169968717,0.65,3233,270,32.3333321,0.237150714,0.65625,2693,27,32.3333321,0.01305765,0.65625,2622,21,32.3333321,0.009934836,0.65625,48.1250076,40.125,99.9982,512,-1,485.785156,485.5,0.28515625,0.5,7618.451,7618.951,0,0,0,0,0,0,0,0,0,0,0,0,512,600,1200,3000,46,0.405000031,1.30500007,0,0,11,43,210,405,0,0,0,0,0,21,0,0,5.229,5.468,0.875,1156.94141,74.546875,1.06468391,0,0,0,0,0,0,0,0,0,0,0,0,0,55.0625,50,16376,14910,1465,8.94993,15.167,0,0
05/26/2026 14:21:09,38,53,0,46,50,40,40,40,40,61,12.12,5.02000046,1.30800009,1.39200008,0.710000038,0.302000016,0.672000051,3.28400016,2.046,0,3.364,3.364,3.11200023,48,44,40.5,45,867,661,0,754,646,0,0,0,0,0,6.25,3.12,1.56,1.56,3.12,3.12,1.56,3.12,2.93,6.25,27.31414,3124,95,3600,391,36,0.267300665,0.9625,3027,47,36,0.0283473283,0.95625,2931,26,36,0.009957018,0.95,2635,24,32.3333321,0.0101531409,1.14375,2663,31,32.3333321,0.0165946241,1.14375,4783,199,48.5,0.160857633,1.14375,2613,17,32.3333321,0.008962747,1.14375,2736,23,32.3333321,0.0100044785,1.14375,48.2500076,42.0000038,99.99819,512,-1,485.785156,485.5,0.28515625,0.5,7618.451,7618.951,0,0,0,0,0,0,0,0,0,0,0,0,512,600,1200,3000,46,0.565,1.30500007,0,0,13,43,210,405,0,0,0,0,0,22,0,0,5.871,6.504,0.875,1156.94141,74.546875,1.15112662,0,0,0,0,0,0,0,0,0,0,0,0,0,54.96875,52,16376,14910,1465,8.94993,17.054,0,0
05/26/2026 14:21:11,38,53,0,46,50,40,40,40,40,61,12.12,5.02000046,1.30800009,1.388,0.66200006,0.294,0.672000051,3.28400016,2.046,0,3.364,3.364,3.11200023,48,44,40.5,45,867,686,0,745,630,0,0,0,0,0,7.69,0,0,0,0,1.54,0,0,1.15,7.69,26.7233238,3212,102,4850,421,48.5,0.281011075,0.65,2915,57,32.3333321,0.03637184,0.65,2604,27,32.3333321,0.01243184,0.65,2600,21,32.3333321,0.009509373,0.65,2690,30,32.3333321,0.0177590735,0.65,4850,226,48.5,0.181569129,0.65,2590,18,32.3333321,0.009498812,0.65,2597,20,32.3333321,0.009992068,0.65,48.2500076,39.625,99.9982,512,-1,485.785156,485.5,0.28515625,0.5,7618.451,7618.951,0,0,0,0,0,0,0,0,0,0,0,0,512,600,1200,3000,46,0.405000031,1.30500007,0,0,11,43,210,405,0,0,0,0,0,46,0,0,7.405,7.661,0.875,1156.94141,74.546875,1.15543413,0,0,0,0,0,0,0,0,0,0,0,0,0,55.125,52,16376,14910,1465,8.94993,19.621,0,0
05/26/2026 14:21:13,38,53,0,46,50,40,40,40,40,61,12.12,5.03,1.30800009,1.39200008,0.604000032,0.292000026,0.672000051,3.28400016,2.046,0,3.36800027,3.36800027,3.11600018,48,44.5,40.5,45,858,661,0,745,646,0,0,0,0,0,9.52,3.17,4.84,1.61,3.17,12.7,0,1.61,4.58,12.7,26.7456741,3021,104,4850,396,48.5,0.260019332,0.6625,2794,46,32.3333321,0.0433851033,0.6625,2628,22,32.3333321,0.0123409918,0.6625,2636,22,32.3333321,0.01046015,0.6625,2665,30,32.3333321,0.0196338389,0.6625,3233,281,32.3333321,0.2492728,0.6625,2731,18,32.3333321,0.0108698476,0.6625,2628,20,32.3333321,0.0102412673,0.6625,48.2500076,40.5000038,99.99819,512,-1,485.785156,485.5,0.28515625,0.5,7618.451,7618.951,0,0,0,0,0,0,0,0,0,0,0,0,512,600,1200,3000,47,0.969000041,1.30500007,0,1,14,43,210,405,0,0,0,0,0,22,0,0,5.311,5.296,0.875,1156.94141,74.546875,1.17330229,0,0,0,0,0,0,0,0,0,0,0,0,0,55.0625,50,16376,14910,1465,8.94993,16.654,0,0
05/26/2026 14:21:15,38,53,0,46,50,40,40,40,40,61,12.0960007,5.02000046,1.30800009,1.39200008,0.562000036,0.284,0.672000051,3.28400016,2.046,0,3.364,3.364,3.11200023,48,44,40.5,45,859,686,0,745,631,0,0,0,0,0,7.94,3.17,0,3.23,0,3.17,1.61,0,2.39,7.94,25.1073589,3496,79,4850,276,48.5,0.1482033,0.66875,4002,52,48.5,0.0367661156,0.66875,2573,26,32.3333321,0.008618261,0.66875,2687,27,32.3333321,0.0249513276,0.66875,3932,30,48.5,0.015032405,0.66875,4794,180,48.5,0.162476271,0.66875,2558,21,32.3333321,0.008070677,0.66875,2570,18,32.3333321,0.008178491,0.66875,48.0000076,40.5000038,99.9982,512,-1,485.785156,485.5,0.28515625,0.5,7618.451,7618.951,0,0,0,0,0,0,0,0,0,0,0,0,512,600,1200,3000,46,0.950000048,1.30500007,0,2,14,43,210,405,0,0,0,0,0,21,0,0,5.198,5.286,0.875,1156.94141,74.546875,0,0,0,0,0,0,0,0,0,0,0,0,0,0,55.03125,50,16376,14910,1465,8.94993,15.552,0,0
05/26/2026 14:21:17,38,53,0,46,50,40,40,40,40,61,12.12,5.03,1.30800009,1.39200008,0.626000047,0.290000021,0.672000051,3.288,2.046,0,3.36800027,3.364,3.11600018,48,44.5,40.5,45,855,661,0,761,631,0,0,0,0,0,7.81,0,0,0,0,4.62,0,0,1.55,7.81,26.65997,3054,96,3600,372,36,0.246902972,0.9625,3052,50,36,0.03229761,0.95625,2648,31,32.3333321,0.0157597959,1.08125,2579,24,32.3333321,0.009308505,1.13125,2664,32,32.3333321,0.0230080988,1.13125,4850,227,48.5,0.196681648,1.13125,2512,14,32.3333321,0.009383695,1.13125,2529,21,32.3333321,0.0104062771,1.13125,48.1250076,40.5000038,99.9982,512,-1,485.785156,485.5,0.28515625,0.5,7618.451,7618.951,0,0,0,0,0,0,0,0,0,0,0,0,512,600,1200,3000,47,0.75000006,1.30500007,0,0,14,43,210,405,0,0,0,0,0,46,0,0,7.529,8.221,0.875,1156.94141,74.31641,1.14154828,0,0,0,0,0,0,0,0,0,0.120495565,0,0,0,55.09375,52,16376,14910,1465,8.94993,17.163,49152,0
05/26/2026 14:21:19,38,53,0,46,50,40,40,40,40,61,12.12,5.03,1.30800009,1.39200008,0.532,0.282,0.672000051,3.28400016,2.046,0,3.36800027,3.36800027,3.11600018,48,44.5,40.5,45,867,686,0,745,631,0,0,0,0,0,4.62,0,0,0,0,6.15,1.54,0,1.54,6.15,25.8749828,3379,106,4850,347,48.5,0.2540535,0.64375,2793,52,32.3333321,0.0336023271,0.64375,2906,45,32.3333321,0.02491519,0.64375,2656,26,32.3333321,0.0195879247,0.64375,2608,31,32.3333321,0.0137722613,0.64375,4850,305,48.5,0.2623216,0.64375,3819,19,48.5,0.0109504154,0.64375,2548,19,32.3333321,0.009351594,0.64375,48.1250076,40.5000038,99.99821,512,-1,485.785156,485.5,0.28515625,0.5,7618.451,7618.951,0,0,0,0,0,0,0,0,0,0,0,0,512,600,1200,3000,47,0.965000033,1.30500007,0,1,15,43,210,405,0,0,0,0,0,21,0,0,5.849,6.298,0.875,1156.94141,74.31641,0.0144683253,0,0,0,0,0,0,0,0,0,0,0,0,0,55.15625,52,16376,14910,1465,8.94993,18.846,0,0
05/26/2026 14:21:21,38,53,0,46,50,40,40,40,40,61,12.12,5.03,1.30800009,1.39200008,0.718000054,0.298,0.672000051,3.28400016,2.046,0,3.364,3.364,3.11600018,48,44.5,40.5,45,856,686,0,746,631,0,0,0,0,0,6.25,1.56,0,0,0,3.12,0,0,1.37,6.25,27.2338448,3182,104,4850,403,48.5,0.305333,0.65,2908,76,32.3333321,0.0675035939,0.65,2575,24,32.3333321,0.0179709364,0.65,2581,27,32.3333321,0.01347434,0.65,2649,35,32.3333321,0.0216264725,0.65,4829,229,48.5,0.188124076,0.65,2526,16,32.3333321,0.009940077,0.65,2535,19,32.3333321,0.0102172606,0.65,48.2500076,41.0000038,99.99821,512,-1,485.785156,485.5,0.28515625,0.5,7618.451,7618.951,0,0,0,0,0,0,0,0,0,0,0,0,512,600,1200,3000,47,0.955000043,1.30500007,0,1,15,43,210,405,0,0,0,0,0,46,0,0,6.809,7.297,0.875,1156.94141,74.31641,1.16968763,0,0,0,0,0,0,0,0,0,0,0,0,0,55.1875,52,16376,14910,1465,8.94993,18.121,49152,0
05/26/2026 14:21:23,38,53,0,46,50,40,40,40,40,61,12.12,5.03,1.31000006,1.39200008,0.634,0.292000026,0.672000051,3.288,2.046,0,3.36800027,3.364,3.11600018,48,44.5,40.5,45,867,661,0,757,646,0,0,0,0,0,4.69,1.56,0,0,0,1.56,0,0,0.98,4.69,26.10174,3148,89,3600,311,36,0.161891043,0.9625,3110,53,36,0.0383119434,0.95625,2890,24,36,0.009960197,0.95,2881,22,36,0.008950257,0.95,3182,41,36,0.0151291145,0.95,3600,214,36,0.163694292,0.95625,3017,27,36,0.009268166,0.95,2905,20,36,0.007753759,0.94375,48.1250076,42.5000038,99.9982,512,-1,485.785156,485.5,0.28515625,0.5,7618.451,7618.951,0,0,0,0,0,0,0,0,0,0,0,0,512,600,1200,3000,46,0.405000031,1.30500007,0,0,11,43,210,405,0,0,0,0,0,22,0,0,5.844,5.842,0.875,1156.94141,74.31641,0,0,0,0,0,0,0,0,0,0,0,0,0,0,55.0625,52,16376,14910,1465,8.94993,16.355,49152,0
05/26/2026 14:21:25,37,53,0,46,50,40,40,40,40,61,12.12,5.03,1.30800009,1.39200008,0.568,0.284,0.672000051,3.28400016,2.046,0,3.36800027,3.364,3.11600018,48,44.5,40.5,45,842,686,0,744,646,0,0,0,0,0,3.12,0,1.56,0,0,4.69,0,0,1.17,4.69,26.2850323,3106,90,3600,360,36,0.2402556,0.9625,3003,43,36,0.0302525088,0.95625,2906,27,36,0.0111448672,0.95,2653,24,32.3333321,0.009614851,1.14375,2619,27,32.3333321,0.0144075658,1.14375,4802,197,48.5,0.161591038,1.14375,2588,21,32.3333321,0.009339002,1.14375,2681,21,32.3333321,0.008751167,1.14375,48.0000076,41.5000038,99.9982,512,-1,485.785156,485.5,0.28515625,0.5,7618.451,7618.951,0,0,0,0,0,0,0,0,0,0,0,0,512,600,1200,3000,46,0.965000033,1.30500007,0,1,15,43,210,405,0,0,0,0,0,22,0,0,6.161,7,0.875,1156.94141,74.31641,1.14137518,0,0,0,0,0,0,0,0,0,0,0,0,0,55.21875,50,16376,14910,1465,8.94993,17.183,0,0
05/26/2026 14:21:27,38,53,0,46,50,40,40,40,40,61,12.12,5.03,1.30800009,1.39200008,0.846,0.31,0.672000051,3.28400016,2.046,0,3.364,3.364,3.11600018,48,44,40.5,45,862,661,0,756,623,0,0,0,0,0,4.69,0,0,0,0,0,0,0,0.59,4.69,26.3191853,3235,102,4850,383,48.5,0.248936132,0.65,2888,66,32.3333321,0.04038121,0.65,2641,23,32.3333321,0.0114372764,0.65,2609,21,32.3333321,0.009683561,0.65,2708,29,32.3333321,0.0150667056,0.65,4850,251,48.5,0.210293382,0.65,2740,21,32.3333321,0.0101965461,0.65,2596,18,32.3333321,0.009545682,0.65,48.1250076,40.125,99.99819,512,-1,485.785156,485.5,0.28515625,0.5,7618.451,7618.951,0,0,0,0,0,0,0,0,0,0,0,0,512,600,1200,3000,47,0.940000057,1.30500007,0,2,14,43,210,405,0,0,0,0,0,22,0,0,5.261,5.481,0.875,1156.94141,74.31641,0.953936636,0,0,0,0,0,0,0,0,0,0,0,0,0,55.25,50,16376,14910,1465,8.94993,17.825,0,49152
05/26/2026 14:21:29,38,53,0,46,50,40,40,40,40,61,12.12,5.03,1.30800009,1.39200008,0.632,0.302000016,0.672000051,3.288,2.046,0,3.36800027,3.36800027,3.11600018,48,44.5,40.5,45,865,686,0,744,643,0,0,0,0,0,4.69,0,0,0,0,0,0,0,0.59,4.69,26.5495415,3202,84,4850,314,48.5,0.1620926,0.65,2701,42,32.3333321,0.0272700768,0.65,2622,24,32.3333321,0.009522149,0.65,2667,21,32.3333321,0.008009717,0.65,2718,26,32.3333321,0.02698698,0.65,4796,205,48.5,0.1462052,0.65,2642,21,32.3333321,0.00844501052,0.65,2619,18,32.3333321,0.0080818,0.65,48.1250076,40.125,99.9981842,512,-1,485.785156,485.5,0.28515625,0.5,7618.451,7618.951,0,0,0,0,0,0,0,0,0,0,0,0,512,600,1200,3000,46,0.640000045,1.30500007,0,2,14,43,210,405,0,0,0,0,0,22,0,0,5.254,5.301,0.875,1156.94141,74.31641,0,0,0,0,0,0,0,0,0,0,0,0,0,0,55.1875,52,16376,14910,1465,8.94993,16.17,0,0
05/26/2026 14:21:31,38,53,0,46,50,40,40,40,40,61,12.0960007,5.02000046,1.30800009,1.388,0.762,0.308000028,0.672000051,3.28400016,2.046,0,3.36800027,3.364,3.11200023,48,44,40.5,45,857,661,0,759,630,0,0,0,0,0,9.38,1.56,0,0,1.56,10.94,0,1.56,3.12,10.94,26.8518486,3027,96,3600,397,36,0.279705137,0.9625,2683,42,32.3333321,0.0321763344,1.15,2596,28,32.3333321,0.00994212553,1.15,2610,24,32.3333321,0.008993105,1.15,2630,28,32.3333321,0.0144612743,1.15,4740,204,48.5,0.159541,1.15,2582,20,32.3333321,0.011463413,1.15,2777,24,32.3333321,0.0192072634,1.15,48.1250076,40.125,99.9982,512,-1,485.785156,485.5,0.28515625,0.5,7618.451,7618.951,0,0,0,0,0,0,0,0,0,0,0,0,512,600,1200,3000,46,0.405000031,1.30500007,0,0,11,43,210,405,0,0,0,0,0,46,0,0,7.575,7.541,0.875,1156.94141,74.31641,1.14715123,0,0,0,0.0012933379,0,0,0,0,0,0,0,0,0,55.3125,50,16376,14910,1465,8.94993,17.032,0,0
05/26/2026 14:21:33,38,53,0,46,50,40,40,40,40,61,12.12,5.03,1.31000006,1.39200008,0.594000041,0.30400002,0.672000051,3.288,2.046,0,3.36800027,3.36800027,3.11600018,48,44.5,40.5,45,859,686,0,759,647,0,0,0,0,0,7.69,0,0,0,1.54,6.25,0,0,1.94,7.69,26.0265369,3058,86,4850,330,48.5,0.220199972,0.6625,2765,47,32.3333321,0.022492243,0.6625,2686,24,32.3333321,0.01198779,0.6625,2675,21,32.3333321,0.009240718,0.6625,2757,37,32.3333321,0.017497208,0.6625,3202,188,32.3333321,0.153777748,0.6625,2866,22,32.3333321,0.0138188591,0.6625,2661,19,32.3333321,0.008217664,0.6625,48.0000076,42.5000038,99.9982,512,-1,485.785156,485.5,0.28515625,0.5,7618.451,7618.951,0,0,0,0,0,0,0,0,0,0,0,0,512,600,1200,3000,46,0.405000031,1.30500007,0,0,11,43,210,405,0,0,0,0,0,41,0,0,7.141,7.118,0.875,1156.94141,74.31641,0,0,0,0,0,0,0,0,0,0,0,0,0,0,55.28125,52,16376,14910,1465,8.94993,20.525,0,0
05/26/2026 14:21:35,38,53,0,46,50,40,40,40,40,61,12.12,5.03,1.30800009,1.39200008,0.594000041,0.296,0.672000051,3.28400016,2.046,0,3.36800027,3.36800027,3.11600018,48,44.5,40.5,45,867,661,0,745,647,0,0,0,0,0,9.38,4.76,3.17,0,0,9.38,0,0,3.34,9.38,25.8699932,3276,93,4850,349,48.5,0.251327723,0.65,2842,49,32.3333321,0.030144,0.65,2764,36,32.3333321,0.01708722,0.65,2684,18,32.3333321,0.0103902556,0.65,2781,28,32.3333321,0.0154951373,0.65,4850,225,48.5,0.216019347,0.65,2716,17,32.3333321,0.0101965992,0.65,2725,19,32.3333321,0.0107366405,0.65,48.0000076,42.5000038,99.9982,512,-1,485.785156,485.5,0.28515625,0.5,7618.451,7618.951,0,0,0,0,0,0,0,0,0,0,0,0,512,600,1200,3000,46,0.585000038,1.30500007,0,0,13,43,210,405,0,0,0,0,0,21,0,0,5.223,5.295,0.875,1156.94141,74.31641,0.0136098582,0,0,0,0,0,0,0,0,0,0,0,0,0,55.375,52,16376,14910,1465,8.94993,17.905,0,0
05/26/2026 14:21:37,38,53,0,45,50,40,40,40,40,60,12.12,5.03,1.30800009,1.39200008,0.652,0.306000024,0.672000051,3.288,2.046,0,3.36800027,3.36800027,3.11600018,48,44.5,40.5,45,865,687,0,745,647,0,0,0,0,0,7.81,0,0,0,0,4.76,0,0,1.57,7.81,26.28279,3505,90,4850,299,48.5,0.158496618,0.65,4055,43,48.5,0.0279118381,0.65,2559,24,32.3333321,0.0110941408,0.64375,2752,27,32.3333321,0.0317877,0.64375,3860,26,48.5,0.0124803027,0.64375,4850,263,48.5,0.2196477,0.64375,2545,17,32.3333321,0.008880426,0.64375,2566,20,32.3333321,0.009606305,0.64375,47.8750076,43.0000038,99.9982,512,-1,485.785156,485.5,0.28515625,0.5,7618.451,7618.951,0,0,0,0,0,0,0,0,0,0,0,0,512,600,1200,3000,45,0.405000031,1.30500007,0,0,11,43,210,405,0,0,0,0,0,46,0,0,6.931,6.768,0.875,1156.94141,74.31641,0,0,0,0,0,0,0,0,0,0,0,0,0,0,55.25,52,16376,14910,1465,8.94993,18.582,0,0
05/26/2026 14:21:39,37,53,0,45,49,38,38,38,38,59,12.12,5.03,1.31000006,1.39200008,0.716,0.294,0.672000051,3.28400016,2.046,0,3.36800027,3.36800027,3.11600018,48,44.5,40.5,45,833,661,0,735,630,0,0,0,0,0,6.25,0,0,1.56,1.59,3.12,0,3.12,1.96,6.25,26.06467,3079,98,3600,388,36,0.290654421,0.9625,3182,62,36,0.028260164,0.95,2573,21,32.3333321,0.009858383,1.11875,2562,24,32.3333321,0.0103358887,1.11875,2621,25,32.3333321,0.014800963,1.11875,4850,219,48.5,0.164787069,1.11875,2559,18,32.3333321,0.0103650615,1.11875,2684,25,32.3333321,0.0113463765,1.11875,47.8750076,40.125,99.9982,512,-1,485.785156,485.5,0.28515625,0.5,7618.451,7618.951,0,0,0,0,0,0,0,0,0,0,0,0,512,600,1200,3000,47,0.955000043,1.30500007,0,1,14,44,210,405,0,0,0,0,0,41,0,0,7.204,7.86,0.875,1156.94141,74.31641,0.009512311,0,0,0,0,0,0,0,0,0,0,0,0,0,55.34375,52,16376,14910,1465,8.94993,20.673,0,0
05/26/2026 14:21:41,38,53,0,45,49,40,40,40,40,61,12.12,5.03,1.31000006,1.39200008,0.570000052,0.286,0.672000051,3.288,2.046,0,3.36800027,3.36800027,3.11600018,48,44.5,40.5,45,842,686,0,727,634,0,0,0,0,0,6.25,0,0,0,0,1.56,0,0,0.98,6.25,26.2493935,3195,102,4850,428,48.5,0.2847686,0.65,2719,44,32.3333321,0.0427000634,0.65,2648,29,32.3333321,0.0131572243,0.65,2700,28,32.3333321,0.0299873818,0.65,2641,28,32.3333321,0.02212741,0.65,4850,220,48.5,0.189019546,0.65,2579,20,32.3333321,0.0114204688,0.65,2571,17,32.3333321,0.00944092,0.65,48.1250076,43.5000038,99.9982,512,-1,485.785156,485.5,0.28515625,0.5,7618.451,7618.951,0,0,0,0,0,0,0,0,0,0,0,0,512,600,1200,3000,47,0.950000048,1.30500007,0,1,15,44,210,405,0,0,0,0,0,46,0,0,7.192,7.601,0.875,1156.94141,74.31641,1.157366,0,0,0,0,0,0,0,0,0,0,0,0,0,55.375,52,16376,14910,1465,8.94993,18.784,0,0
05/26/2026 14:21:43,38,53,0,45,50,40,40,40,40,61,12.12,5.03,1.31000006,1.39200008,0.72,0.302000016,0.672000051,3.288,2.046,0,3.36800027,3.36800027,3.11600018,48,44.5,40.5,45,868,661,0,736,636,0,0,0,0,0,3.08,1.54,0,0,0,1.54,0,0,0.77,3.08,26.3422432,3009,94,4850,330,48.5,0.210562438,0.66875,2790,59,32.3333321,0.0558717623,0.66875,2567,24,32.3333321,0.012214384,0.66875,2581,25,32.3333321,0.0120763071,0.66875,2794,40,32.3333321,0.0353023447,0.66875,3233,234,32.3333321,0.18712379,0.66875,2668,24,32.3333321,0.0210738927,0.66875,2587,20,32.3333321,0.009330543,0.66875,48.0000076,41.5000038,99.9982,512,-1,485.785156,485.5,0.28515625,0.5,7618.451,7618.951,0,0,0,0,0,0,0,0,0,0,0,0,512,600,1200,3000,46,0.405000031,1.30500007,0,0,11,44,210,405,0,0,0,0,0,21,0,0,5.228,5.317,0.875,1156.94141,74.31641,0,0,0,0,0,0,0,0,0,0,0,0,0,0,55.34375,52,16376,14910,1465,8.94993,16.193,0,0
05/26/2026 14:21:45,38,53,0,46,50,40,40,40,40,61,12.12,5.03,1.31000006,1.39200008,0.700000048,0.298,0.672000051,3.288,2.046,0,3.36800027,3.36800027,3.11600018,48,44.5,40.5,45,868,686,0,742,629,0,0,0,0,0,18.75,7.81,6.25,6.25,6.25,9.38,7.81,6.25,8.59,18.75,26.4314022,3177,98,4850,415,48.5,0.286136,0.65,2695,44,32.3333321,0.03323173,0.65,2606,23,32.3333321,0.0130710462,0.65,2531,22,32.3333321,0.0126149952,0.65,2627,29,32.3333321,0.0162269063,0.65,4844,200,48.5,0.1681917,0.65,2540,21,32.3333321,0.0112329172,0.65,2721,31,32.3333321,0.0121285152,0.65,48.0000076,41.0000038,99.9982,512,-1,485.785156,485.5,0.28515625,0.5,7618.451,7618.951,0,0,0,0,0,0,0,0,0,0,0,0,512,600,1200,3000,48,0.849000037,1.30500007,0,0,15,44,210,405,0,0,0,0,0,46,0,0,7.497,7.78,0.875,1156.94141,74.31641,1.14909649,0,0,0,0,0,0,0,0,0,0,0,0,0,55.40625,52,16376,14910,1465,8.94993,16.393,0,0
05/26/2026 14:21:47,38,53,0,46,50,40,40,40,40,61,12.12,5.03,1.30800009,1.39200008,0.66,0.298,0.672000051,3.28400016,2.046,0,3.36800027,3.36800027,3.11600018,48,44.5,40.5,45,858,661,0,757,646,0,0,0,0,0,4.69,0,0,0,0,3.12,0,0,0.98,4.69,25.93222,3129,92,3600,371,36,0.208153024,0.9625,2950,42,36,0.02708944,0.95625,2855,23,36,0.0102810226,1.35,3193,35,36,0.02783416,1.35,2849,24,36,0.0110371644,1.35,3518,182,36,0.130576283,1.35,3126,36,36,0.0138567677,1.35,2941,23,36,0.009529355,1.35,48.0000076,40.125,99.9982,512,-1,485.785156,485.5,0.28515625,0.5,7618.451,7618.951,0,0,0,0,0,0,0,0,0,0,0,0,512,600,1200,3000,46,0.62,1.30500007,0,1,14,44,210,405,0,0,0,0,0,41,0,0,7.159,7.321,0.875,1156.94141,74.31641,0,0,0,0,0,0,0,0,0,0,0,0,0,0,55.34375,50,16376,14910,1465,8.94993,20.918,0,0
05/26/2026 14:21:49,38,53,0,45,50,39,39,39,39,60,12.12,5.03,1.31000006,1.39200008,0.746000051,0.3,0.672000051,3.28400016,2.046,0,3.36800027,3.36800027,3.11600018,48,44.5,40.5,45,843,686,0,745,646,0,0,0,0,0,6.25,0,0,0,0,1.56,0,0,0.98,6.25,26.3993416,3191,96,4850,368,48.5,0.272325963,0.65,2695,46,32.3333321,0.0354921781,0.65,2591,25,32.3333321,0.011198394,0.65,2600,21,32.3333321,0.009959227,0.65,2678,28,32.3333321,0.014734474,0.65,4850,237,48.5,0.194070145,0.65,2579,18,32.3333321,0.009643695,0.65,2684,25,32.3333321,0.0115352208,0.65,48.1250076,40.125,99.99821,512,-1,485.785156,485.5,0.28515625,0.5,7618.451,7618.951,0,0,0,0,0,0,0,0,0,0,0,0,512,600,1200,3000,46,0.940000057,1.30500007,0,2,14,44,210,405,0,0,0,0,0,21,0,0,5.239,5.659,0.875,1156.94141,74.31641,0.0137757491,0,0,0,0.00133346044,0,0,0,0,0,0,0,0,0,55.46875,52,16376,14910,1465,8.94993,18.312,0,0
05/26/2026 14:21:51,38,53,0,46,50,40,40,40,40,60,12.12,5.03,1.30800009,1.39200008,0.66,0.292000026,0.67,3.28400016,2.046,0,3.36800027,3.364,3.11600018,48,44.5,40.5,45,865,685,0,757,647,0,0,0,0,0,7.81,1.56,0,0,0,7.81,1.56,0,2.34,7.81,26.6426849,3427,146,4850,387,48.5,0.285622865,0.55625,3149,106,32.3333321,0.1018565,0.55625,3099,63,32.3333321,0.0592974722,0.55625,2853,42,32.3333321,0.0412772447,0.55625,3082,76,32.3333321,0.05844476,0.55625,4850,432,48.5,0.4045616,0.55625,2838,38,32.3333321,0.0373544544,0.55625,2692,21,32.3333321,0.0228324141,0.55625,48.3750076,47.1250038,99.9982,512,-1,485.785156,485.5,0.28515625,0.5,7618.451,7618.951,0,0,0,0,0,0,0,0,0,0,0,0,512,600,1200,3000,46,0.835000038,1.30500007,0,0,15,44,210,405,0,0,0,0,0,46,0,0,6.749,6.694,0.875,1156.94141,74.31641,0,0,0,0,0,0,0,0,0,0,0,0,0,0,55.375,52,16376,14910,1465,8.94993,18.237,0,0
05/26/2026 14:21:53,38,53,0,46,50,40,40,40,40,61,12.12,5.03,1.30800009,1.39200008,0.746000051,0.296,0.67,3.288,2.046,0,3.36800027,3.36800027,3.11600018,48,44.5,40.5,45,862,661,0,744,631,0,0,0,0,0,10.77,3.12,3.12,4.69,3.12,6.25,3.12,3.12,4.67,10.77,26.335062,3141,98,4850,334,48.5,0.236693725,0.65,4126,55,48.5,0.04061086,0.65,2558,27,32.3333321,0.0136079863,0.65,2584,24,32.3333321,0.0110203382,0.65,2593,31,32.3333321,0.0131361214,0.65,3233,263,32.3333321,0.213148072,0.65,2569,24,32.3333321,0.0101629682,0.65,2618,24,32.3333321,0.0100576226,0.65,48.2500076,43.0000038,99.9982,512,-1,485.785156,485.5,0.28515625,0.5,7618.451,7618.951,0,0,0,0,0,0,0,0,0,0,0,0,512,600,1200,3000,46,0.950000048,1.30500007,0,1,15,44,210,405,0,0,0,0,0,41,0,0,7.264,7.663,0.875,1156.94141,74.31641,0.009788003,0,0,0,0,0,0,0,0,0,0,0,0,0,55.46875,52,16376,14910,1465,8.94993,20.083,0,0
05/26/2026 14:21:55,38,53,0,46,50,40,40,40,40,61,12.12,5.03,1.30800009,1.39200008,0.708,0.296,0.67,3.28400016,2.046,0,3.364,3.364,3.11200023,48,44.5,40.5,45,857,686,0,744,646,0,0,0,0,0,9.38,0,0,0,0,3.12,0,0,1.56,9.38,26.5521889,3139,98,4850,392,48.5,0.2735614,0.65,2756,53,32.3333321,0.030242892,0.65,2549,22,32.3333321,0.009917957,0.65,2526,20,32.3333321,0.010147186,0.65,2563,25,32.3333321,0.0158320554,0.65,4850,232,48.5,0.178507939,0.65,2506,18,32.3333321,0.0102740284,0.65,2510,20,32.3333321,0.009998607,0.65,48.2500076,40.125,99.9982,512,-1,485.785156,485.5,0.28515625,0.5,7618.451,7618.951,0,0,0,0,0,0,0,0,0,0,0,0,512,600,1200,3000,46,0.56,1.30500007,0,0,13,44,210,405,0,0,0,0,0,46,0,0,7.193,7.755,0.875,1156.94141,74.31641,0.009512877,0,0,0,0,0,0,0,0,0,0,0,0,0,55.5625,52,16376,14910,1465,8.94993,18.578,0,0
05/26/2026 14:21:57,38,53,0,46,50,40,40,40,40,61,12.12,5.03,1.30800009,1.39200008,0.648,0.306000024,0.67,3.28400016,2.046,0,3.36800027,3.36800027,3.11600018,48,44.5,40.5,45,857,661,0,745,631,0,0,0,0,0,3.12,0,0,0,0,1.56,0,0,0.59,3.12,25.5200424,2903,73,4850,290,48.5,0.180631116,0.6625,2606,42,32.3333321,0.02553608,0.6625,2521,24,32.3333321,0.0114240367,0.6625,2514,24,32.3333321,0.0108436709,0.6625,2582,30,32.3333321,0.0159142315,0.6625,3004,136,32.3333321,0.1123654,0.6625,2481,18,32.3333321,0.009456134,0.6625,2667,23,32.3333321,0.0105032735,0.6625,48.0000076,40.125,99.9982,512,-1,485.785156,485.5,0.28515625,0.5,7618.451,7618.951,0,0,0,0,0,0,0,0,0,0,0,0,512,600,1200,3000,46,0.570000052,1.30500007,0,0,13,44,210,405,0,0,0,0,0,41,0,0,6.02,6.334,0.865,1156.94141,74.31641,0,0,0,0,0,0,0,0,0,0,0,0,0,0,55.5,52,16376,14910,1465,8.94993,18.738,0,0
05/26/2026 14:21:59,38,53,0,46,50,40,40,40,40,61,12.12,5.03,1.30800009,1.39200008,0.612000048,0.284,0.67,3.28400016,2.046,0,3.36800027,3.36800027,3.11600018,48,44.5,40.5,45,860,686,0,745,632,0,0,0,0,0,10.77,1.56,0,0,0,3.08,0,0,1.93,10.77,26.5974236,3186,102,4850,434,48.5,0.335259438,0.64375,2754,61,32.3333321,0.0363671258,0.64375,2601,23,32.3333321,0.0133360345,0.64375,2594,23,32.3333321,0.0106172962,0.64375,2620,29,32.3333321,0.0186378863,0.64375,4797,205,48.5,0.132370487,0.64375,2692,22,32.3333321,0.0101272473,0.64375,2581,17,32.3333321,0.009819895,0.64375,48.1250076,43.5000038,99.9982,512,-1,485.785156,485.5,0.28515625,0.5,7618.451,7618.951,0,0,0,0,0,0,0,0,0,0,0,0,512,600,1200,3000,46,0.585000038,1.30500007,0,0,13,44,210,405,0,0,0,0,0,21,0,0,5.745,6.094,0.865,1156.94141,74.31641,0.009709875,0,0,0,0,0,0,0,0,0,0,0,0,0,55.40625,52,16376,14910,1465,8.94993,16.442,0,0
05/26/2026 14:22:01,38,53,0,46,50,40,40,40,40,61,12.12,5.03,1.31000006,1.39200008,0.66,0.294,0.67,3.28400016,2.046,0,3.36800027,3.36800027,3.11600018,48,44.5,40.5,45,868,661,0,745,631,0,0,0,0,0,4.76,1.56,0,0,1.56,3.17,0,0,1.38,4.76,25.9268513,3182,99,3600,408,36,0.285403937,0.9625,3117,48,36,0.0295088924,0.95625,2873,23,36,0.009669837,0.95,2889,19,36,0.008368419,0.95,2924,50,32.3333321,0.0325951055,1.00625,4850,200,48.5,0.167350814,1.00625,2564,20,32.3333321,0.008598252,1.00625,2637,21,32.3333321,0.008749629,1.00625,48.1250076,41.0000038,99.99819,512,-1,485.785156,485.5,0.28515625,0.5,7618.451,7618.951,0,0,0,0,0,0,0,0,0,0,0,0,512,600,1200,3000,48,0.965000033,1.30500007,0,1,15,44,210,405,0,0,0,0,0,21,0,0,6.004,6.98,0.865,1156.94141,74.546875,0.0294129848,0,0,0,0.00264865649,0,0,0,0,0,0.008680054,0,0,0,55.5,52,16376,14910,1465,8.94993,19.206,49152,0
05/26/2026 14:22:03,38,53,0,46,50,40,40,40,40,61,12.12,5.03,1.31000006,1.39200008,0.67,0.294,0.67,3.288,2.046,0,3.36800027,3.364,3.11600018,48,44.5,40.5,45,867,686,0,744,647,0,0,0,0,0,10.77,3.03,3.03,1.52,1.52,7.69,1.52,1.52,3.82,10.77,26.0917683,3702,99,4850,388,48.5,0.236472979,0.64375,4335,60,48.5,0.0407769345,0.64375,3878,25,48.5,0.0103642,0.64375,2559,19,32.3333321,0.009578575,0.64375,4027,30,48.5,0.0160297621,0.64375,4850,233,48.5,0.2150496,0.64375,2564,22,32.3333321,0.00967474747,0.64375,2556,16,32.3333321,0.009040368,0.64375,48.2500076,42.5000038,99.99819,512,-1,485.785156,485.5,0.28515625,0.5,7618.451,7618.951,0,0,0,0,0,0,0,0,0,0,0,0,512,600,1200,3000,46,0.405000031,1.30500007,0,0,11,44,210,405,0,0,0,0,0,41,0,0,6.344,6.562,0.865,1156.94141,74.546875,0.0127118817,0,0,0,0,0,0,0,0,0,0,0,0,0,55.5625,52,16376,14910,1465,8.94993,19.87,0,0
05/26/2026 14:22:05,38,53,0,46,50,40,40,40,40,61,12.12,5.03,1.31000006,1.39200008,0.68,0.298,0.67,3.288,2.046,0,3.36800027,3.36800027,3.11600018,48,44.5,40.5,45,862,661,0,753,646,0,0,0,0,0,3.12,0,0,0,0,3.12,0,0,0.78,3.12,25.8829384,2986,98,4670,251,48.5,0.152200073,0.675,3093,99,32.3333321,0.08928968,0.675,2566,27,32.3333321,0.0157004762,0.675,2542,26,32.3333321,0.0125541817,0.675,2783,35,32.3333321,0.03301285,0.675,3233,310,32.3333321,0.269062459,0.675,2501,21,32.3333321,0.0116553642,0.675,2500,18,32.3333321,0.00914373249,0.675,48.1250076,39.625,99.99819,512,-1,485.785156,485.5,0.28515625,0.5,7618.451,7618.951,0,0,0,0,0,0,0,0,0,0,0,0,512,600,1200,3000,46,0.745000064,1.30500007,0,1,14,44,210,405,0,0,0,0,0,21,0,0,5.166,5.19,0.865,1156.94141,74.546875,0,0,0,0,0,0,0,0,0,0,0,0,0,0,55.53125,52,16376,14910,1465,8.94993,15.139,0,0
05/26/2026 14:22:07,38,53,0,46,50,40,40,40,40,61,12.12,5.03,1.30800009,1.39200008,0.590000033,0.288000017,0.67,3.288,2.046,0,3.36800027,3.36800027,3.11600018,48,44.5,40.5,45,860,686,0,747,646,0,0,0,0,0,6.25,1.56,1.56,1.56,0,6.25,0,0,2.15,6.25,26.322958,3212,103,4850,368,48.5,0.28820613,0.65,2731,50,32.3333321,0.034774024,0.65,2625,24,32.3333321,0.0116015179,0.65,2640,21,32.3333321,0.00962453,0.65,2680,29,32.3333321,0.0179833751,0.65,4850,296,48.5,0.20444259,0.65,2708,19,32.3333321,0.009816018,0.65,2612,16,32.3333321,0.0104718236,0.65,48.1250076,43.5000038,99.99819,512,-1,485.785156,485.5,0.28515625,0.5,7618.451,7618.951,0,0,0,0,0,0,0,0,0,0,0,0,512,600,1200,3000,47,0.955000043,1.30500007,0,5,15,44,210,405,0,0,0,0,0,46,0,0,7.262,7.264,0.865,1156.94141,74.546875,0.0142559949,0,0,0,0,0,0,0,0,0,0,0,0,0,55.5,52,16376,14910,1465,8.94993,17.28,0,0
05/26/2026 14:22:09,38,53,0,46,51,43,43,43,43,64,12.12,5.03,1.30800009,1.39200008,0.978000045,0.326,0.67,3.28400016,2.046,0,3.364,3.364,3.11600018,56,44.5,41,45,867,661,0,760,630,0,0,0,0,0,23.44,17.19,7.81,4.69,1.56,20.31,3.12,1.56,9.96,23.44,41.1773453,3184,224,3600,870,36,0.7742601,0.9625,3406,189,36,0.285371661,0.95625,3131,45,36,0.02678367,0.95,2847,23,36,0.0114142643,0.95,3208,70,36,0.09749497,0.95,3600,557,36,0.6078735,0.95625,2892,25,36,0.0116631379,0.95,2787,17,36,0.0111323763,0.94375,57.1250076,45.3750038,99.99819,512,-1,485.785156,485.5,0.28515625,0.5,7618.451,7618.951,0,0,0,0,0,0,0,0,0,0,0,0,512,600,1200,3000,47,0.405000031,1.30500007,0,0,11,44,210,405,0,0,0,0,0,21,0,0,5.893,6.482,0.865,1156.94141,74.546875,0,0,0,0,0,0,0,0,0,0,0,0,0,0,55.5625,52,16376,14910,1465,8.94993,18.422,0,0
05/26/2026 14:22:11,40,53,0,47,51,47,47,47,47,67,12.12,5.02000046,1.30800009,1.39200008,0.936000049,0.320000023,0.67,3.28400016,2.046,0,3.364,3.364,3.11200023,54,44.5,41,45,882,686,0,748,635,0,0,0,0,0,15.62,4.62,0,3.12,0,23.44,1.56,0,6.05,23.44,28.785696,3356,229,4040,740,40.4,0.68943584,0.5875,3091,107,33.6666679,0.101002388,0.5875,2822,30,33.6666679,0.0317614675,0.5875,2723,30,33.6666679,0.0147295147,0.5875,2980,57,33.6666679,0.0609995835,0.5875,5050,787,50.5,0.7332614,0.5375,2823,22,33.6666679,0.0227025487,0.5375,3319,62,33.6666679,0.0521083139,0.5375,54.2500076,43.3750038,99.99819,512,-1,485.785156,485.5,0.28515625,0.5,7618.451,7618.951,0,0,0,0,0,0,0,0,0,0,0,0,512,600,1200,3000,47,0.950000048,1.30500007,0,4,15,44,210,405,0,0,0,0,0,46,0,0,6.472,6.863,0.865,1156.94141,74.546875,1.12068629,0,0,0,0,0,0,0,0,0,0,0,0,0,55.65625,52,16376,14910,1465,8.94993,16.811,0,49152
05/26/2026 14:22:13,41,53,0,48,52,49,49,49,49,67,12.12,5.03,1.31000006,1.39200008,0.74,0.3,0.67,3.288,2.046,0,3.36800027,3.36800027,3.11600018,53,44.5,41,45,909,661,0,775,645,0,0,0,0,0,13.85,1.54,1.54,1.54,1.54,13.85,1.54,1.54,4.62,13.85,27.47696,3799,152,4850,585,48.5,0.455481142,0.65625,2931,87,32.3333321,0.08996207,0.65625,2582,29,32.3333321,0.0178526081,0.65625,2626,25,32.3333321,0.030912796,0.65625,3999,34,48.5,0.03100318,0.65625,4850,344,48.5,0.320766628,0.65625,3766,21,48.5,0.0158943273,0.65625,4785,88,48.5,0.06724287,0.65625,52.8750076,40.125,99.9982,512,-1,485.785156,485.5,0.28515625,0.5,7618.451,7618.951,0,0,0,0,0,0,0,0,0,0,0,0,512,600,1200,3000,46,0.570000052,1.30500007,0,0,13,44,210,405,0,0,0,0,0,22,0,0,5.601,5.599,0.865,1156.94141,74.546875,1.17296183,0,0,0,0.002836484,0,0,0,0,0,0,0,0,0,55.59375,52,16376,14910,1465,8.94993,15.023,0,0
05/26/2026 14:22:15,42,53,0,49,53,47,47,47,47,65,12.12,5.03,1.31000006,1.39200008,0.738000035,0.30400002,0.67,3.288,2.046,0,3.36800027,3.36800027,3.11600018,51,44.5,41,45,936,686,0,781,655,0,0,0,0,0,7.94,0,0,0,0,3.17,0,0,1.39,7.94,27.8579884,3197,106,3600,357,36,0.220687449,0.9625,3036,51,36,0.0456181467,0.95625,3074,30,36,0.0122730564,0.95,2898,25,36,0.008510735,0.95,2949,34,36,0.0229835361,0.95,4850,310,48.5,0.268150836,0.68125,2570,19,32.3333321,0.008357476,0.68125,2596,25,32.3333321,0.008614862,0.68125,52.1250076,41.0000038,99.99819,512,-1,485.785156,485.5,0.28515625,0.5,7618.451,7618.951,0,0,0,0,0,0,0,0,0,0,0,0,512,600,1200,3000,47,1.04500008,1.30500007,0,2,14,44,210,405,0,0,0,0,0,21,0,0,6.018,6.767,0.865,1156.94141,74.546875,0,0,0,0,0,0,0,0,0,0,0,0,0,0,55.65625,52,16376,14910,1465,8.94993,17.145,0,0
05/26/2026 14:22:17,40,53,0,49,53,45,45,45,45,64,12.12,5.03,1.30800009,1.39200008,0.726,0.306000024,0.67,3.28400016,2.046,0,3.364,3.364,3.11600018,50,44.5,40.5,45,921,662,0,792,660,0,0,0,0,0,7.58,0,0,0,0,4.55,0,0,1.52,7.58,27.328104,3393,112,4850,371,48.5,0.313920468,0.65,2665,53,32.3333321,0.0305221286,0.65,3068,58,32.3333321,0.0261425413,0.65,2563,18,32.3333321,0.0102140391,0.65,3923,28,48.5,0.0157189574,0.65,4850,333,48.5,0.255389839,0.65,2542,17,32.3333321,0.0104252221,0.65,2685,21,32.3333321,0.0108001782,0.65,50.5000076,40.5000038,99.9982,512,-1,485.785156,485.5,0.28515625,0.5,7618.451,7618.951,0,0,0,0,0,0,0,0,0,0,0,0,512,600,1200,3000,47,0.955000043,1.30500007,0,1,14,44,210,405,0,0,0,0,0,22,0,0,5.555,5.468,0.865,1156.94141,74.31641,1.135844,0,0,0,0,0,0,0,0,0,0.0238096453,0,0,0,55.71875,52,16376,14910,1465,8.94993,16.866,0,0
05/26/2026 14:22:19,40,53,0,48,53,44,44,44,44,63,12.12,5.03,1.30800009,1.388,0.646,0.290000021,0.67,3.28400016,2.046,0,3.36800027,3.36800027,3.11600018,49,44.5,40.5,45,895,687,0,798,687,0,0,0,0,0,4.69,0,0,0,0,1.56,0,0,0.78,4.69,25.67782,3414,94,4040,373,40.4,0.215866089,0.56875,3616,59,40.4,0.0539361127,0.56875,3403,35,40.4,0.0152973579,0.56875,2662,22,33.6666679,0.0109332008,0.56875,3281,32,40.4,0.0169244129,0.56875,4962,193,50.5,0.170744941,0.55625,2704,22,33.6666679,0.009442353,0.575,2645,20,33.6666679,0.007964605,0.56875,49.7500076,40.125,99.9982,512,-1,485.785156,485.5,0.28515625,0.5,7618.451,7618.951,0,0,0,0,0,0,0,0,0,0,0,0,512,600,1200,3000,46,0.415000021,1.30500007,0,0,11,44,210,405,0,0,0,0,0,22,0,0,5.131,5.157,0.865,1156.94141,74.31641,0,0,0,0,0,0,0,0,0,0,0,0,0,0,55.65625,52,16376,14910,1465,8.94993,15.547,0,0
05/26/2026 14:22:21,39,53,0,47,52,42,42,42,42,62,12.12,5.02000046,1.30800009,1.39200008,0.774000049,0.30400002,0.67,3.28400016,2.046,0,3.36800027,3.36800027,3.11600018,49,44.5,40.5,45,877,661,0,787,667,0,0,0,0,0,7.81,0,0,0,0,1.56,0,0,1.17,7.81,27.0814171,3186,115,4850,481,48.5,0.3430841,0.6375,2844,61,32.3333321,0.0506677926,0.6375,2705,35,32.3333321,0.0327137336,0.6375,2545,24,32.3333321,0.0131494254,0.6375,2660,33,32.3333321,0.027795909,0.6375,4850,250,48.5,0.193552747,0.6375,2510,18,32.3333321,0.0102925329,0.6375,2521,20,32.3333321,0.009751773,0.6375,49.3750076,44.0000038,99.9982,512,-1,485.785156,485.5,0.28515625,0.5,7618.451,7618.951,0,0,0,0,0,0,0,0,0,0,0,0,512,600,1200,3000,48,0.960000038,1.30500007,0,6,14,44,210,405,0,0,0,0,0,46,0,0,7.146,7.285,0.865,1156.94141,74.31641,1.16688359,0,0,0,0,0,0,0,0,0,0,0,0,0,55.78125,52,16376,14910,1465,8.94993,16.915,0,0
05/26/2026 14:22:23,39,53,0,47,52,42,42,42,42,62,12.12,5.03,1.31000006,1.39200008,0.676000059,0.306000024,0.67,3.288,2.046,0,3.36800027,3.36800027,3.11600018,48,44.5,40.5,45,881,686,0,778,676,0,0,0,0,0,6.35,0,0,0,0,3.17,0,0,1.19,6.35,25.6302032,3082,96,3600,333,36,0.227814749,0.9625,2925,41,36,0.0346853361,0.95625,2911,29,36,0.01575914,0.95,2569,22,32.3333321,0.009083829,1.15,2596,32,32.3333321,0.0164911132,1.15,4850,266,48.5,0.217265069,1.15,2666,24,32.3333321,0.009872133,1.15,2535,21,32.3333321,0.009841664,1.15,49.1250076,40.125,99.9982,512,-1,485.785156,485.5,0.28515625,0.5,7618.451,7618.951,0,0,0,0,0,0,0,0,0,0,0,0,512,600,1200,3000,46,0.830000043,1.30500007,0,0,12,44,210,405,0,0,0,0,0,22,0,0,5.992,7.441,0.865,1156.94141,74.31641,0,0,0,0,0,0,0,0,0,0,0,0,0,0,55.75,52,16376,14910,1465,8.94993,17.831,49152,0
05/26/2026 14:22:25,38,53,0,46,51,40,40,40,40,61,12.12,5.03,1.31000006,1.39200008,0.772,0.30400002,0.67,3.288,2.046,0,3.36800027,3.36800027,3.11600018,48,44.5,40.5,45,866,662,0,770,651,0,0,0,0,0,9.38,0,0,0,0,1.56,0,0,1.37,9.38,26.5522251,3205,99,4850,425,48.5,0.282119,0.65,2787,56,32.3333321,0.04756791,0.65,2676,24,32.3333321,0.0140868323,0.65,2605,20,32.3333321,0.00980419,0.65,2618,29,32.3333321,0.0222289767,0.65,4761,201,48.5,0.16326353,0.65,2561,17,32.3333321,0.009330294,0.65,2780,22,32.3333321,0.0102486731,0.65,48.7500076,41.0000038,99.99819,512,-1,485.785156,485.5,0.28515625,0.5,7618.451,7618.951,0,0,0,0,0,0,0,0,0,0,0,0,512,600,1200,3000,48,0.965000033,1.30500007,0,0,14,44,210,405,0,0,0,0,0,46,0,0,6.558,6.531,0.865,1156.94141,74.31641,1.15660274,0,0,0,0,0,0,0,0,0,0,0,0,0,55.625,52,16376,14910,1465,8.94993,17.551,3499008,49152
05/26/2026 14:22:27,38,53,0,46,50,40,40,40,40,61,12.12,5.03,1.30800009,1.39200008,0.714000046,0.3,0.67,3.288,2.046,0,3.36800027,3.36800027,3.11600018,48,44.5,40.5,45,870,662,0,750,646,0,0,0,0,0,7.81,0,0,0,0,1.56,0,0,1.17,7.81,26.5806389,3212,108,4850,426,48.5,0.264390916,0.65,2804,59,32.3333321,0.0440164357,0.65,2569,22,32.3333321,0.0109694926,0.65,2552,25,32.3333321,0.0120198047,0.65,2631,32,32.3333321,0.019833805,0.65,4850,247,48.5,0.212313965,0.65,2770,29,32.3333321,0.0110553689,0.65,2672,24,32.3333321,0.0119471783,0.65,48.6250076,40.5000038,99.99819,512,-1,485.785156,485.5,0.28515625,0.5,7618.451,7618.951,0,0,0,0,0,0,0,0,0,0,0,0,512,600,1200,3000,46,0.555,1.30500007,0,0,11,44,210,405,0,0,0,0,0,21,0,0,5.233,5.812,0.865,1156.94141,74.31641,0.0135837216,0,0,0,0.00148131081,0,0,0,0,0,0,0,0,0,55.78125,52,16376,14910,1465,8.94993,16.796,99328,1949696
05/26/2026 14:22:29,38,53,0,46,50,40,40,40,40,61,12.12,5.03,1.30800009,1.39200008,0.702,0.294,0.668000042,3.28400016,2.046,0,3.36800027,3.36800027,3.11600018,48,44.5,40.5,45,868,686,0,745,635,0,0,0,0,0,9.23,0,0,0,0,7.81,0,0,2.13,9.23,26.1240444,2985,106,4850,397,48.5,0.2304387,0.65,2750,50,32.3333321,0.03945722,0.65,2598,25,32.3333321,0.0127919968,0.65,2575,21,32.3333321,0.0100437021,0.65,2619,30,32.3333321,0.0140735749,0.6625,3233,280,32.3333321,0.247962832,0.6625,2556,20,32.3333321,0.009702009,0.6625,2700,22,32.3333321,0.00997678749,0.6625,48.3750076,42.5000038,99.9982,512,-1,485.785156,485.5,0.28515625,0.5,7618.451,7618.951,0,0,0,0,0,0,0,0,0,0,0,0,512,600,1200,3000,46,0.825000048,1.30500007,0,0,12,44,210,405,0,0,0,0,0,46,0,0,7.546,7.196,0.865,1156.94141,74.31641,0,0,0,0,0,0,0,0,0,0,0,0,0,0,55.71875,52,16376,14910,1465,8.94993,20.049,49152,1799168
05/26/2026 14:22:31,38,53,0,46,50,40,40,40,40,61,12.12,5.03,1.30800009,1.39200008,0.594000041,0.286,0.67,3.288,2.046,0,3.36800027,3.36800027,3.11600018,48,44.5,40.5,45,858,686,0,760,632,0,0,0,0,0,20,12.31,7.69,6.15,6.15,16.92,4.62,7.69,10.19,20,26.3458271,2916,93,3600,362,36,0.255054682,0.9625,3040,46,36,0.0294553712,0.95625,3068,34,36,0.01357169,0.95,2597,21,32.3333321,0.008749247,0.86875,2665,30,32.3333321,0.0113455066,0.86875,3166,215,32.3333321,0.174294591,0.86875,2560,20,32.3333321,0.009709712,0.86875,2634,19,32.3333321,0.008216993,0.86875,48.2500076,41.0000038,99.9982,512,-1,485.785156,485.5,0.28515625,0.5,7618.451,7618.951,0,0,0,0,0,0,0,0,0,0,0,0,512,600,1200,3000,46,0.669,1.30500007,0,4,15,44,210,405,0,0,0,0,0,41,0,0,7.105,7.764,0.865,1156.94141,74.31641,0.009464783,0,0,0,0,0,0,0,0,0,0,0,0,0,55.71875,52,16376,14910,1465,8.94993,21.04,3649536,0
05/26/2026 14:22:33,38,53,0,46,50,40,40,40,40,61,12.12,5.03,1.30800009,1.39200008,0.846,0.318000019,0.668000042,3.28400016,2.046,0,3.364,3.36800027,3.11200023,48,44.5,40.5,45,859,661,0,758,645,0,0,0,0,0,3.17,0,0,0,0,0,0,0,0.4,3.17,27.653204,3116,134,4850,490,48.5,0.380606562,0.66875,3117,91,32.3333321,0.08587832,0.66875,2908,44,32.3333321,0.03643089,0.66875,2737,33,32.3333321,0.0270497445,0.66875,2893,50,32.3333321,0.0497401059,0.66875,3233,318,32.3333321,0.277167469,0.66875,2635,22,32.3333321,0.021950746,0.66875,2556,20,32.3333321,0.0116139445,0.66875,48.3750076,40.5000038,99.9982,512,-1,485.785156,485.5,0.28515625,0.5,7618.451,7618.951,0,0,0,0,0,0,0,0,0,0,0,0,512,600,1200,3000,48,0.960000038,1.30500007,0,1,15,44,210,405,0,0,0,0,2,22,0,2,6.136,5.805,0.865,1156.94141,74.31641,3.30559373,0,0,0,0,0,0,0,0,0,0,0,0,0,55.78125,52,16376,14910,1465,8.94993,15.324,49152,2099200
05/26/2026 14:22:35,38,53,0,46,50,40,40,40,40,61,12.12,5.02000046,1.30800009,1.388,0.816000044,0.302000016,0.668000042,3.28400016,2.046,0,3.364,3.364,3.11200023,48,44.5,40.5,45,855,686,0,743,631,0,0,0,0,0,10.77,1.56,0,0,0,4.62,0,0,2.12,10.77,26.2535152,3312,130,4850,487,48.5,0.320107251,0.65,2956,81,32.3333321,0.0696928352,0.65,2820,39,32.3333321,0.03758369,0.65,2673,28,32.3333321,0.0215444975,0.65,2960,70,32.3333321,0.05365364,0.65,4850,288,48.5,0.259581268,0.65,2581,21,32.3333321,0.01945799,0.65,2804,29,32.3333321,0.0235000458,0.65,48.2500076,41.0000038,99.99819,512,-1,485.785156,485.5,0.28515625,0.5,7618.451,7618.951,0,0,0,0,0,0,0,0,0,0,0,0,512,600,1200,3000,48,0.840000033,1.30500007,0,0,13,44,210,405,0,0,0,0,4,23,0,3,6.528,6.162,0.865,1156.94141,74.31641,2.0871582,0,0,0,0,0,0,0,0,0,0,0,0,0,55.84375,52,16376,14910,1465,8.94993,15.167,0,2099200
05/26/2026 14:22:37,38,53,0,46,50,40,40,40,40,61,12.12,5.03,1.30800009,1.39200008,0.716,0.30400002,0.67,3.28400016,2.046,0,3.364,3.364,3.11200023,48,44.5,40.5,45,870,661,0,755,630,0,0,0,0,0,10.77,0,0,0,0,6.15,0,0,2.12,10.77,26.4133587,3474,92,3600,374,36,0.260903955,0.9625,3056,56,36,0.0294287354,0.95625,2868,25,36,0.008798384,0.95,2867,24,36,0.008649006,0.95,2919,27,36,0.011965204,0.95,4734,187,48.5,0.154785827,1.01875,3867,20,48.5,0.008678881,1.01875,3879,20,48.5,0.008423242,0.65,48.2500076,40.125,99.99819,512,-1,485.785156,485.5,0.28515625,0.5,7618.451,7618.951,0,0,0,0,0,0,0,0,0,0,0,0,512,600,1200,3000,47,0.955000043,1.30500007,0,1,14,44,210,405,0,0,0,0,0,22,0,0,6.08,6.909,0.865,1156.94141,74.31641,1.15210068,0,0,0,0,0,0,0,0,0,0,0,0,0,55.78125,52,16376,14910,1465,8.94993,17.316,0,2499584
05/26/2026 14:22:39,38,53,0,46,50,40,40,40,40,61,12.12,5.03,1.30800009,1.39200008,0.804,0.322000027,0.67,3.28400016,2.046,0,3.364,3.364,3.11200023,48,44.5,40.5,45,863,686,0,745,646,0,0,0,0,0,4.62,0,0,0,0,4.62,0,0,1.15,4.62,25.78597,2950,91,4850,322,48.5,0.1856364,0.6375,2776,63,32.3333321,0.0395086668,0.6375,2500,21,32.3333321,0.009628163,0.6375,2619,27,32.3333321,0.012726129,0.6375,2524,24,32.3333321,0.0146401571,0.6375,3233,228,32.3333321,0.185994834,0.6375,2544,21,32.3333321,0.009809998,0.6375,2551,20,32.3333321,0.00973453652,0.6375,48.1250076,40.125,99.99819,512,-1,485.785156,485.5,0.28515625,0.5,7618.451,7618.951,0,0,0,0,0,0,0,0,0,0,0,0,512,600,1200,3000,46,0.575000048,1.30500007,0,0,13,44,210,405,0,0,0,0,0,22,0,0,5.381,5.447,0.865,1156.94141,74.31641,0,0,0,0,0,0,0,0,0,0,0,0,0,0,55.84375,52,16376,14910,1465,8.94993,18.2,49152,0
05/26/2026 14:22:41,38,53,0,46,50,40,40,40,40,61,12.0960007,5.02000046,1.30800009,1.388,0.718000054,0.296,0.67,3.28400016,2.046,0,3.364,3.364,3.11200023,48,44.5,40.5,45,868,661,0,761,646,0,0,0,0,0,4.62,0,0,0,0,3.08,0,0,0.96,4.62,26.2095871,3706,116,4040,389,40.4,0.273364127,0.53125,3869,87,40.4,0.06317909,0.53125,3380,34,40.4,0.0128860027,0.53125,3305,28,40.4,0.0125356494,0.53125,3396,30,40.4,0.0247695986,0.53125,5050,307,50.5,0.274985164,0.55,3365,26,40.4,0.011967374,0.55,3243,23,40.4,0.009058428,0.55,48.1250076,42.0000038,99.9982,512,-1,485.785156,485.5,0.28515625,0.5,7618.451,7618.951,0,0,0,0,0,0,0,0,0,0,0,0,512,600,1200,3000,46,0.61,1.30500007,0,0,13,44,210,405,0,0,0,0,0,22,0,0,5.158,5.455,0.865,1156.94141,74.31641,1.14752948,0,0,0,0.00133220234,0,0,0,0,0,0,0,0,0,55.8125,52,16376,14910,1465,8.94993,15.088,0,0
05/26/2026 14:22:43,38,53,0,46,50,40,40,40,40,61,12.12,5.03,1.31000006,1.39200008,0.690000057,0.294,0.668000042,3.288,2.046,0,3.36800027,3.36800027,3.11600018,48,44.5,40.5,45,863,686,0,745,631,0,0,0,0,0,13.85,0,1.54,1.54,1.54,14.06,1.54,0,4.26,14.06,26.2983418,3162,100,4850,317,48.5,0.2064165,0.64375,2786,49,32.3333321,0.0344381966,0.64375,2561,26,32.3333321,0.0108160554,0.65,2541,20,32.3333321,0.0108534815,0.65,2568,26,32.3333321,0.0121892942,0.65,4850,322,48.5,0.254032165,0.65,2523,19,32.3333321,0.009056108,0.65,2617,22,32.3333321,0.0103200767,0.65,48.1250076,41.5000038,99.99819,512,-1,485.785156,485.5,0.28515625,0.5,7618.451,7618.951,0,0,0,0,0,0,0,0,0,0,0,0,512,600,1200,3000,46,0.645000041,1.30500007,0,0,14,44,210,405,0,0,0,0,0,46,0,0,7.083,6.941,0.865,1156.94141,74.31641,0,0,0,0,0,0,0,0,0,0,0,0,0,0,55.9375,52,16376,14910,1465,8.94993,18.884,49152,0
05/26/2026 14:22:45,38,53,0,46,50,40,40,40,40,61,12.12,5.03,1.31000006,1.39200008,0.746000051,0.296,0.668000042,3.28400016,2.046,0,3.36800027,3.36800027,3.11600018,48,44.5,40.5,45,859,661,0,744,647,0,0,0,0,0,4.76,1.56,1.56,1.56,0,1.56,1.56,0,1.57,4.76,26.3091545,3880,113,3600,399,36,0.30190894,0.9625,3195,76,36,0.0625551343,0.95625,3947,37,48.5,0.0212074239,1.075,3854,35,48.5,0.0152404867,1.075,3986,43,48.5,0.0258393288,1.075,4850,256,48.5,0.230662182,1.075,3803,29,48.5,0.0116359564,1.075,3809,28,48.5,0.0104739238,1.075,48.1250076,39.125,99.9982,512,-1,485.785156,485.5,0.28515625,0.5,7618.451,7618.951,0,0,0,0,0,0,0,0,0,0,0,0,512,600,1200,3000,46,0.405000031,1.30500007,0,0,11,44,210,405,0,0,0,0,0,40,0,0,6.945,7.672,0.865,1156.94141,74.31641,0.0169351529,0,0,0,0,0,0,0,0,0,0,0,0,0,55.84375,52,16376,14910,1465,8.94993,20.686,0,0
05/26/2026 14:22:47,38,53,0,46,50,40,40,40,40,61,12.12,5.03,1.31000006,1.39200008,0.744,0.314,0.668000042,3.288,2.046,0,3.36800027,3.36800027,3.11600018,48,45,40.5,45,863,686,0,759,631,0,0,0,0,0,10.94,0,0,0,0,1.56,0,0,1.56,10.94,26.4324932,2990,102,4850,462,48.5,0.302375764,0.66875,2875,57,32.3333321,0.0310840774,0.66875,2604,23,32.3333321,0.009517401,0.66875,2605,21,32.3333321,0.00953842,0.66875,2650,27,32.3333321,0.0128260171,0.66875,3155,186,32.3333321,0.184073135,0.66875,2615,21,32.3333321,0.009291025,0.66875,2568,19,32.3333321,0.008812429,0.66875,48.2500076,41.5000038,99.9982,512,-1,485.785156,485.5,0.28515625,0.5,7618.451,7618.951,0,0,0,0,0,0,0,0,0,0,0,0,512,600,1200,3000,46,0.604000032,1.30500007,0,0,13,44,210,405,0,0,0,0,0,21,0,0,5.178,5.548,0.865,1156.94141,74.31641,1.16446972,0,0,0,0,0,0,0,0,0,0,0,0,0,55.9375,52,16376,14910,1465,8.94993,15.741,49152,0
05/26/2026 14:22:49,38,53,0,46,50,40,40,40,40,61,12.12,5.03,1.31000006,1.39200008,0.688,0.30400002,0.668000042,3.288,2.046,0,3.36800027,3.364,3.11600018,48,45,40.5,45,857,665,0,745,631,0,0,0,0,0,6.25,3.12,0,0,0,4.69,0,0,1.76,6.25,28.79022,3516,148,4040,419,40.4,0.347639322,0.58125,3701,130,40.4,0.150566176,0.58125,3414,40,40.4,0.017006861,0.58125,2894,42,33.6666679,0.01341755,0.58125,3614,64,40.4,0.06992222,0.58125,5050,438,50.5,0.422645122,0.58125,2681,24,33.6666679,0.0106185554,0.58125,2732,27,33.6666679,0.01052622,0.58125,48.7500076,44.0000038,99.99819,512,-1,485.785156,485.5,0.28515625,0.5,7618.451,7618.951,0,0,0,0,0,0,0,0,0,0,0,0,512,600,1200,3000,46,0.615,1.30500007,0,2,14,44,210,405,0,0,0,0,0,21,0,0,5.542,5.625,0.865,1156.94141,74.31641,0,0,0,0,0,0,0,0,0,0,0,0,0,0,55.9375,52,16376,14910,1465,8.94993,16.617,0,0
05/26/2026 14:22:51,38,53,0,46,51,43,43,43,43,63,12.12,5.03,1.30800009,1.39200008,0.596,0.302000016,0.668000042,3.28400016,2.046,0,3.364,3.364,3.11200023,52,44.5,40.5,45,867,688,0,745,631,0,0,0,0,0,4.62,0,0,0,1.54,4.62,0,0,1.35,4.62,27.4658127,3218,165,4850,447,48.5,0.3776129,0.6625,3097,107,32.3333321,0.127913982,0.6625,2918,57,32.3333321,0.0630181059,0.6375,2996,60,32.3333321,0.0481404737,0.6375,3134,98,32.3333321,0.11187996,0.6375,3233,474,32.3333321,0.454699129,0.6375,2806,48,32.3333321,0.0412001535,0.6375,2712,30,32.3333321,0.0248148125,0.6375,52.6250076,43.5000038,99.99819,512,-1,485.785156,485.5,0.28515625,0.5,7618.451,7618.951,0,0,0,0,0,0,0,0,0,0,0,0,512,600,1200,3000,45,0.61,1.30500007,0,1,14,44,210,405,0,0,0,0,0,22,0,0,5.987,6.973,0.865,1156.94141,74.31641,1.13599241,0,0,0,0,0,0,0,0,0,0,0,0,0,55.9375,52,16376,14910,1465,8.94993,16.724,0,0
05/26/2026 14:22:53,40,53,0,47,51,45,45,45,45,65,12.12,5.03,1.31000006,1.39200008,0.648,0.298,0.668000042,3.288,2.046,0,3.36800027,3.36800027,3.11600018,51,44.5,40.5,45,896,661,0,752,653,0,0,0,0,0,7.81,4.76,0,0,0,9.38,0,0,2.74,9.38,29.8072338,3180,135,3600,449,36,0.377073735,0.9625,3250,76,36,0.09295467,0.95625,2982,32,36,0.0282122158,0.95,3007,30,36,0.0200304743,0.95,2915,27,36,0.03154086,0.95,3600,406,36,0.4222328,0.95625,2907,27,36,0.0147211077,0.95,3175,30,36,0.0132940523,0.94375,52.0000076,42.5000038,99.9982,512,-1,485.785156,485.5,0.28515625,0.5,7618.451,7618.951,0,0,0,0,0,0,0,0,0,0,0,0,512,600,1200,3000,46,0.570000052,1.30500007,0,0,13,44,210,405,0,0,0,0,0,46,0,0,6.889,7.269,0.865,1156.94141,74.31641,0,0,0,0,0,0,0,0,0,0,0,0,0,0,55.9375,52,16376,14910,1465,8.94993,20.254,0,0
05/26/2026 14:22:55,41,53,0,48,52,46,46,46,46,65,12.12,5.03,1.31000006,1.39200008,0.878,0.30400002,0.668000042,3.28400016,2.046,0,3.36800027,3.36800027,3.11600018,52,44.5,41,45,920,687,0,774,644,0,0,0,0,0,19.05,6.25,3.12,0,3.12,14.29,0,4.69,6.32,19.05,29.7621441,3497,285,4850,748,48.5,0.7644352,0.65,3233,192,32.3333321,0.224451572,0.65,3226,107,32.3333321,0.1329879,0.65,2782,39,32.3333321,0.07793255,0.65,3018,97,32.3333321,0.126150265,0.65,4850,704,48.5,0.745158851,0.65,2784,36,32.3333321,0.04125093,0.65,3233,357,32.3333321,0.346158236,0.65,52.3750076,44.3750038,99.9982,512,-1,485.785156,485.5,0.28515625,0.5,7618.451,7618.951,0,0,0,0,0,0,0,0,0,0,0,0,512,600,1200,3000,48,0.979000032,1.30500007,0,10,15,44,210,405,0,0,0,0,0,40,0,0,6.252,6.433,0.865,1156.94141,74.31641,0.0175907947,0,0,0,0.00137632142,0,0,0,0,0,0,0,0,0,56.125,52,16376,14910,1465,8.94993,18.384,0,0
05/26/2026 14:22:57,42,53,0,49,53,46,46,46,46,65,12.12,5.03,1.30800009,1.39200008,0.722000062,0.298,0.668000042,3.28400016,2.046,0,3.36800027,3.364,3.11600018,51,45,41,45,937,667,0,781,648,0,0,0,0,0,7.81,1.59,0,0,0,4.76,0,0,1.77,7.81,27.72607,3024,116,4850,412,48.5,0.335500449,0.65,2868,65,32.3333321,0.05687313,0.65,2690,34,32.3333321,0.015591003,0.6625,2597,28,32.3333321,0.0143573312,0.6625,2813,43,32.3333321,0.03376832,0.6625,3233,307,32.3333321,0.2539965,0.6625,2581,19,32.3333321,0.008979128,0.6625,2558,17,32.3333321,0.008855491,0.6625,51.2500076,42.0000038,99.9982,512,-1,485.785156,485.5,0.28515625,0.5,7618.451,7618.951,0,0,0,0,0,0,0,0,0,0,0,0,512,600,1200,3000,46,0.405000031,1.30500007,0,0,11,44,210,405,0,0,0,0,0,46,0,0,7.251,7.445,0.865,1156.94141,74.31641,0.00976335,0,0,0,0,0,0,0,0,0,0,0,0,0,56,52,16376,14910,1465,8.94993,16.68,49152,0
05/26/2026 14:22:59,42,53,0,49,54,48,48,48,48,67,12.12,5.03,1.31000006,1.39200008,0.808,0.308000028,0.668000042,3.28400016,2.046,0,3.36800027,3.364,3.11600018,54,44.5,41,45,934,672,0,778,665,0,0,0,0,0,24.62,7.81,4.69,0,4.69,26.56,0,3.12,8.94,26.56,39.8647156,3626,610,4850,1400,48.5,1.55957067,1.05625,3233,727,32.3333321,1.08197582,1.05625,3203,241,32.3333321,0.437465578,1.05625,3117,122,32.3333321,0.2369393,1.05625,3233,436,32.3333321,0.737311,1.05625,5050,1727,50.5,1.94551158,0.64375,2959,64,33.6666679,0.100900188,0.64375,3367,167,33.6666679,0.187796548,0.5625,53.7500076,49.1250038,99.99819,512,-1,485.785156,485.5,0.28515625,0.5,7618.451,7618.951,0,0,0,0,0,0,0,0,0,0,0,0,512,600,1200,3000,47,0.405000031,1.30500007,0,0,13,45,2670,10701.9883,0,0,0,0,0,2,0,0,18.449,20.07,0.975,1156.94141,74.31641,0,0,0,0,0,0,0,0,0,0,0,0,0,0,56.71875,54,16376,14910,1465,8.94993,38.897,0,0
05/26/2026 14:23:01,43,53,0,50,55,49,49,49,49,67,12.12,5.03,1.31000006,1.39200008,0.998,0.33,0.668000042,3.28400016,2.046,0,3.36800027,3.364,3.11600018,53,44.5,41,45,956,694,0,806,692,0,0,0,0,0,47.69,3.08,0,0,1.54,12.31,0,3.08,8.46,47.69,34.7533073,3762,532,4040,2176,40.4,1.9454881,0.5,3959,397,40.4,0.628713,0.5,3676,101,40.4,0.139218912,0.5,3408,46,40.4,0.0469973721,0.5,3819,165,40.4,0.308294863,0.5,3367,1193,33.6666679,1.27307785,0.5125,2848,29,33.6666679,0.03177004,0.5125,4975,150,49.75,0.134778038,0.53125,53.2500076,57.8750038,99.9982,512,-1,485.785156,485.5,0.28515625,0.5,7618.451,7618.951,0.2183665,7.540609,0,0,0,0,0,0,0,0,0,0,512,600,1200,3000,48,1.03000009,1.30500007,0,7,16,45,390,5001.986,0,0,0,0,0,4,0,0,12.838,16.291,0.925,1156.96484,74.546875,0.014842147,0,0,0,0,0,0,0,0,0,0.0126807652,0,0,0,56.625,54,16376,14910,1465,8.94993,49.872,228299776,16899072
05/26/2026 14:23:03,44,53,0,51,55,52,52,52,52,70,12.0960007,5.03,1.30800009,1.39200008,0.998,0.320000023,0.668000042,3.28400016,2.046,0,3.36800027,3.36800027,3.11600018,56,44.5,41,45,977,688,0,819,704,0,0,0,0,0,37.5,14.06,4.69,3.12,6.25,35.94,0,4.69,13.28,37.5,36.4264755,3292,664,4850,2274,48.5,2.21822524,0.63125,3233,622,32.3333321,0.8667023,0.63125,2960,139,32.3333321,0.225167185,0.6625,2863,63,32.3333321,0.1158236,0.6625,3053,211,32.3333321,0.450730771,0.6625,3233,1720,32.3333321,1.83223307,0.6625,2913,75,32.3333321,0.153584316,0.6625,3233,206,32.3333321,0.214105785,0.6625,56.1250076,44.3750038,99.9982,512,-1,485.785156,485.5,0.28515625,0.5,7618.451,7618.951,0,0,0,0,0,0,0,0,0,0,0,0,512,600,1200,3000,49,0.924,1.30500007,0,3,16,46,2670,10701.9883,0,0,0,0,1,2,0,1,18.16,19.407,0.975,1156.94141,74.546875,0.1557347,0,0,0,0,0,0,0,0,0,2.52809072,0,0,0,57.0625,54,16376,14910,1465,8.94993,51.436,49152,0
05/26/2026 14:23:05,45,53,0,52,56,52,52,52,52,69,12.0960007,5.03,1.31000006,1.39200008,0.904000044,0.322000027,0.668000042,3.28400016,2.046,0,3.36800027,3.36800027,3.11600018,54,45,41,45,1000,663,0,821,714,0,0,0,0,0,23.44,10.77,3.08,0,1.54,21.88,0,0,7.59,23.44,33.3877525,3664,426,4850,1109,48.5,1.18672,0.64375,3233,507,32.3333321,0.749371946,0.64375,4614,153,48.5,0.321603239,0.64375,2953,88,32.3333321,0.176297724,0.64375,3097,248,32.3333321,0.467670232,0.64375,4850,1204,48.5,1.31615639,0.64375,2832,51,32.3333321,0.108693577,0.64375,2886,48,32.3333321,0.05743078,0.64375,54.1250076,45.3750038,99.99819,512,-1,485.785156,485.5,0.28515625,0.5,7618.451,7618.951,0,0,0,0,0,0,0,0,0,0,0,0,512,600,1200,3000,48,0.979000032,1.30500007,0,3,16,46,2670,10701.9883,0,0,0,0,0,2,0,0,18.616,19.692,0.975,1156.94141,74.546875,0,0,0,0,0,0,0,0,0,0,0,0,0,0,57.21875,54,16376,14910,1465,8.94993,51.868,0,0
05/26/2026 14:23:07,44,53,0,53,57,49,49,49,49,67,12.12,5.03,1.31000006,1.39200008,0.704000056,0.298,0.668000042,3.288,2.046,0,3.36800027,3.36800027,3.11600018,52,44.5,41,45,981,696,0,832,702,0,0,0,0,0,7.81,1.56,3.12,0,0,7.81,1.56,1.56,2.93,7.81,29.72222,3121,99,3600,354,36,0.26121667,0.9625,3122,51,36,0.0457741953,0.95625,2884,25,36,0.014431702,0.95,2538,25,32.3333321,0.0118460227,0.93125,2659,31,32.3333321,0.0223240387,0.93125,4850,257,48.5,0.1926933,0.93125,2564,20,32.3333321,0.0136141069,0.93125,2748,29,32.3333321,0.0143220248,0.93125,53.3750076,41.0000038,99.99819,512,-1,485.785156,485.5,0.28515625,0.5,7618.451,7618.951,0,0,0,0,0,0,0,0,0,0,0,0,512,600,1200,3000,46,0.669,1.30500007,0,0,12,45,255,810,0,0,0,0,0,19,0,0,10.184,12.276,0.925,1156.94141,74.546875,0.005186224,0,0,0,0,0,0,0,0,0,0,0,0,0,56.84375,52,16376,14910,1465,8.94993,36.251,0,1449984
05/26/2026 14:23:09,42,53,0,52,56,47,47,47,47,65,12.12,5.03,1.30800009,1.39200008,0.710000038,0.296,0.668000042,3.28400016,2.046,0,3.36800027,3.36800027,3.11600018,51,44.5,41,45,965,668,0,828,712,0,0,0,0,0,7.94,3.17,0,0,0,7.94,0,0,2.38,7.94,27.1464024,3226,109,4850,411,48.5,0.3051731,0.65,2890,69,32.3333321,0.06061647,0.65,2574,26,32.3333321,0.0138358669,0.65,2676,28,32.3333321,0.0108534694,0.65,2639,28,32.3333321,0.0170356613,0.65,4850,261,48.5,0.229789063,0.65,2614,24,32.3333321,0.0101116011,0.65,2712,26,32.3333321,0.01168587,0.65,51.3750076,40.125,99.9982,512,-1,485.785156,485.5,0.28515625,0.5,7618.451,7618.951,0,0,0,0,0,0,0,0,0,0,0,0,512,600,1200,3000,47,0.965000033,1.30500007,0,1,15,45,210,405,0,0,0,0,0,22,0,0,9.8,10.041,0.865,1156.94141,74.546875,0.006694805,0,0,0,0,0,0,0,0,0,0,0,0,0,56.90625,54,16376,14910,1465,8.94993,27.55,0,1399808
05/26/2026 14:23:11,42,53,0,51,55,45,45,45,45,64,12.12,5.03,1.31000006,1.39200008,0.674,0.3,0.668000042,3.28400016,2.046,0,3.36800027,3.36800027,3.11600018,50,44.5,41,45,932,664,0,821,710,0,0,0,0,0,6.25,0,1.54,0,0,6.15,1.54,1.54,2.13,6.25,27.0715313,3180,93,4850,433,48.5,0.2804378,0.65,2771,51,32.3333321,0.0465902723,0.65,2755,33,32.3333321,0.0153844487,0.65,2643,26,32.3333321,0.009779002,0.65,2639,28,32.3333321,0.0215858445,0.65,4507,134,48.5,0.159360647,0.65,2724,25,32.3333321,0.0193618331,0.65,2551,16,32.3333321,0.00932009,0.65,50.5000076,40.125,99.9982,512,-1,485.785156,485.5,0.28515625,0.5,7618.451,7618.951,0,0,0,0,0,0,0,0,0,0,0,0,512,600,1200,3000,47,0.935000062,1.30500007,0,4,15,45,210,405,0,0,0,0,0,22,0,0,5.94,5.793,0.865,1156.94141,74.546875,0,0,0,0,0,0,0,0,0,0,0,0,0,0,56.46875,54,16376,14910,1465,8.94993,15.939,0,0
05/26/2026 14:23:13,40,53,0,49,54,44,44,44,44,63,12.12,5.03,1.31000006,1.39200008,0.634,0.30400002,0.668000042,3.28400016,2.046,0,3.36800027,3.36800027,3.11600018,49,45,41,45,921,690,0,817,698,0,0,0,0,0,12.5,0,0,0,0,1.56,0,0,1.76,12.5,27.0699463,3257,119,4850,519,48.5,0.394516677,0.65,4606,75,48.5,0.06647975,0.65,2604,23,32.3333321,0.0129634747,0.65,2754,29,32.3333321,0.0115409652,0.65,2685,32,32.3333321,0.0256788321,0.6375,3233,232,32.3333321,0.184469268,0.6375,2701,20,32.3333321,0.0101840068,0.6375,2620,23,32.3333321,0.0105199115,0.6375,49.8750076,43.0000038,99.9982,512,-1,485.785156,485.5,0.28515625,0.5,7618.451,7618.951,0,0,0,0,0,0,0,0,0,0,0,0,512,600,1200,3000,46,0.405000031,1.30500007,0,0,11,45,210,405,0,0,0,0,0,46,0,0,7.684,8.219,0.865,1156.94141,74.546875,1.15991664,0,0,0,0,0,0,0,0,0,0,0,0,0,56.4375,52,16376,14910,1465,8.94993,18.882,0,0
05/26/2026 14:23:15,39,53,0,48,53,42,42,42,42,62,12.12,5.03,1.31000006,1.39200008,0.766000032,0.30400002,0.668000042,3.28400016,2.046,0,3.36800027,3.364,3.11600018,49,44.5,41,45,894,671,0,789,702,0,0,0,0,0,7.81,1.56,0,0,1.56,6.25,0,0,2.15,7.81,27.0537281,3078,112,3600,412,36,0.291909456,1.35,3083,54,36,0.04471772,1.35,2844,25,36,0.012995827,1.35,2872,24,36,0.0111565106,1.35,2950,36,36,0.0280872677,1.35,3600,299,36,0.276366562,1.35,2811,21,36,0.009914969,1.35,2868,21,36,0.0105186207,1.35,49.6250076,41.5000038,99.99819,512,-1,485.785156,485.5,0.28515625,0.5,7618.451,7618.951,0,0,0,0,0,0,0,0,0,0,0,0,512,600,1200,3000,46,0.570000052,1.30500007,0,0,13,45,210,405,0,0,0,0,0,21,0,0,5.289,5.442,0.865,1156.94141,74.546875,0.0133624319,0,0,0,0,0,0,0,0,0,0,0,0,0,56.53125,52,16376,14910,1465,8.94993,18.693,49152,99328
05/26/2026 14:23:17,39,53,0,47,52,42,42,42,42,62,12.0960007,5.02000046,1.30800009,1.39200008,0.694,0.290000021,0.668000042,3.28400016,2.046,0,3.364,3.364,3.11600018,49,44.5,41,45,883,668,0,780,676,0,0,0,0,0,4.69,3.12,0,0,0,4.69,0,0,1.56,4.69,26.1029034,3186,98,4850,361,48.5,0.24474667,0.65,2796,56,32.3333321,0.0453330651,0.65,2542,28,32.3333321,0.0123899188,0.65,2599,29,32.3333321,0.0233719386,0.65,2757,38,32.3333321,0.0321699157,0.65,4850,231,48.5,0.2086924,0.65,2577,23,32.3333321,0.0115823895,0.65,2521,21,32.3333321,0.0100252051,0.65,49.1250076,42.5000038,99.9982,512,-1,485.785156,485.5,0.28515625,0.5,7618.451,7618.951,0,0,0,0,0,0,0,0,0,0,0,0,512,600,1200,3000,46,0.565,1.30500007,0,0,13,45,210,405,0,0,0,0,0,21,0,0,5.228,5.227,0.865,1156.94141,74.31641,0,0,0,0,0,0,0,0,0,0,0.07328808,0,0,0,56.5625,52,16376,14910,1465,8.94993,16.962,0,0
05/26/2026 14:23:19,39,53,0,47,52,42,42,42,42,62,12.0960007,5.03,1.31000006,1.39200008,0.786,0.306000024,0.668000042,3.28400016,2.046,0,3.364,3.364,3.11200023,48,44.5,40.5,45,875,688,0,776,675,0,0,0,0,0,7.81,1.56,0,0,1.56,4.76,0,0,1.96,7.81,27.0289745,3238,122,4850,494,48.5,0.3407124,0.65,2848,72,32.3333321,0.0601849332,0.65,2799,41,32.3333321,0.0172841959,0.65,2634,26,32.3333321,0.027173508,0.65,2857,43,32.3333321,0.0346405245,0.65,4850,261,48.5,0.243365943,0.65,2547,19,32.3333321,0.0131411105,0.65,2522,17,32.3333321,0.009983529,0.65,49.0000076,41.0000038,99.9982,512,-1,485.785156,485.5,0.28515625,0.5,7618.451,7618.951,0,0,0,0,0,0,0,0,0,0,0,0,512,600,1200,3000,46,0.604000032,1.30500007,0,0,12,45,210,405,0,0,0,0,0,46,0,0,7.66,8.225,0.865,1156.94141,74.31641,1.17986071,0,0,0,0,0,0,0,0,0,0,0,0,0,56.53125,52,16376,14910,1465,8.94993,17.716,0,0
05/26/2026 14:23:21,38,53,0,46,51,40,40,40,40,61,12.0960007,5.03,1.30800009,1.39200008,0.714000046,0.296,0.668000042,3.28400016,2.046,0,3.364,3.364,3.11200023,48,44.5,40.5,45,860,662,0,756,650,0,0,0,0,0,6.25,0,1.56,1.56,0,3.12,0,0,1.56,6.25,27.1342525,3168,101,3600,358,36,0.20305042,0.7,3231,63,36,0.06498576,0.7,3065,37,36,0.0187229384,0.7,3043,33,36,0.0191628914,0.7,2956,37,36,0.0273970645,0.7,3600,227,36,0.2087596,0.7,2880,24,36,0.0110449791,0.7,2967,28,36,0.0103819789,0.7,48.8750076,40.5000038,99.99819,512,-1,485.785156,485.5,0.28515625,0.5,7618.451,7618.951,0,0,0,0,0,0,0,0,0,0,0,0,512,600,1200,3000,46,0.410000026,1.30500007,0,0,11,45,210,405,0,0,0,0,0,21,0,0,5.953,6.559,0.865,1156.94141,74.31641,0,0,0,0,0,0,0,0,0,0,0,0,0,0,56.53125,54,16376,14910,1465,8.94993,18.698,49152,0
05/26/2026 14:23:23,38,53,0,46,50,40,40,40,40,61,12.0960007,5.03,1.30800009,1.388,0.784000039,0.308000028,0.666,3.28400016,2.046,0,3.364,3.364,3.11200023,48,44.5,41,45,860,686,0,757,640,0,0,0,0,0,6.25,1.54,0,1.54,0,3.08,0,0,1.55,6.25,26.4669456,3211,115,4850,426,48.5,0.319391549,0.65,2775,59,32.3333321,0.0487798527,0.65,2587,27,32.3333321,0.0231944174,0.65,2723,33,32.3333321,0.0171635635,0.65,2729,38,32.3333321,0.0269768462,0.65,4850,292,48.5,0.247736618,0.65,2554,21,32.3333321,0.0134181362,0.65,2621,22,32.3333321,0.0116513893,0.65,48.6250076,40.125,99.9982,512,-1,485.785156,485.5,0.28515625,0.5,7618.451,7618.951,0,0,0,0,0,0,0,0,0,0,0,0,512,600,1200,3000,46,0.405000031,1.30500007,0,0,11,45,210,405,0,0,0,0,0,22,0,0,5.312,5.538,0.865,1156.94141,74.31641,1.17027092,0,0,0,0,0,0,0,0,0,0,0,0,0,56.625,52,16376,14910,1465,8.94993,16.243,0,0
05/26/2026 14:23:25,38,53,0,46,50,40,40,40,40,61,12.0960007,5.03,1.30600011,1.388,0.764000058,0.308000028,0.666,3.28400016,2.046,0,3.364,3.364,3.11200023,48,44.5,40.5,45,864,662,0,758,633,0,0,0,0,0,12.31,3.08,0,0,0,9.23,0,1.54,3.27,12.31,26.5362511,3256,117,4850,478,48.5,0.295761526,0.65,3053,80,32.3333321,0.0989208,0.65,2670,28,32.3333321,0.0124958977,0.65,2596,21,32.3333321,0.00908379,0.65,2843,48,32.3333321,0.0416428819,0.65,4827,239,48.5,0.201147556,0.65,2570,18,32.3333321,0.009271781,0.65,2636,23,32.3333321,0.00940813,0.65,48.3750076,40.5000038,99.99819,512,-1,485.785156,485.5,0.28515625,0.5,7618.451,7618.951,0,0,0,0,0,0,0,0,0,0,0,0,512,600,1200,3000,46,0.405000031,1.30500007,0,0,11,45,210,405,0,0,0,0,0,46,0,0,7.234,6.732,0.865,1156.94141,74.31641,0,0,0,0,0,0,0,0,0,0,0,0,0,0,56.625,54,16376,14910,1465,8.94993,18.826,0,0
05/26/2026 14:23:27,38,53,0,46,50,40,40,40,40,61,12.12,5.03,1.30800009,1.39200008,0.688,0.298,0.666,3.28400016,2.046,0,3.364,3.364,3.11600018,48,44.5,40.5,45,868,686,0,760,647,0,0,0,0,0,10.94,1.59,1.59,0,0,4.69,0,0,2.35,10.94,26.7484,3199,118,4850,454,48.5,0.3724392,0.65,2868,74,32.3333321,0.06573538,0.65,2571,27,32.3333321,0.0159511734,0.65,2650,29,32.3333321,0.0146793695,0.65,2621,30,32.3333321,0.0305386037,0.65,4850,281,48.5,0.259309977,0.65,2507,19,32.3333321,0.0103844618,0.65,2675,26,32.3333321,0.0135298548,0.65,48.3750076,43.5000038,99.9982,512,-1,485.785156,485.5,0.28515625,0.5,7618.451,7618.951,0,0,0,0,0,0,0,0,0,0,0,0,512,600,1200,3000,47,0.984,1.30500007,0,5,15,45,210,405,0,0,0,0,0,40,0,0,7.411,7.923,0.865,1156.94141,74.31641,0.0164316129,0,0,0,0,0,0,0,0,0,0,0,0,0,56.6875,54,16376,14910,1465,8.94993,21.403,49152,0
05/26/2026 14:23:29,38,53,0,46,50,40,40,40,40,61,12.12,5.03,1.31000006,1.39200008,0.776,0.316,0.668000042,3.288,2.046,0,3.36800027,3.364,3.11600018,48,45,40.5,45,863,662,0,758,646,0,0,0,0,0,11.11,1.56,0,0,1.56,9.52,1.56,1.56,3.36,11.11,26.818655,3155,111,3600,448,36,0.304196,0.9625,3223,59,36,0.043398,0.95625,2886,26,36,0.0125274146,0.95,2949,27,36,0.0101816347,0.95,3052,39,36,0.0191323552,0.95,3600,245,36,0.200222865,0.95625,2887,23,36,0.0100261495,0.95,3046,23,36,0.0104218107,0.94375,48.6250076,42.5000038,99.9982,512,-1,485.785156,485.5,0.28515625,0.5,7618.451,7618.951,0,0,0,0,0,0,0,0,0,0,0,0,512,600,1200,3000,47,0.979000032,1.30500007,0,3,15,45,210,405,0,0,0,0,0,46,0,0,7.188,7.395,0.865,1156.94141,74.31641,0.00952805,0,0,0,0,0,0,0,0,0,0,0,0,0,56.5625,52,16376,14910,1465,8.94993,18.977,0,0
05/26/2026 14:23:31,38,53,0,46,50,40,40,40,40,61,12.12,5.03,1.30800009,1.39200008,0.868000031,0.314,0.668000042,3.28400016,2.046,0,3.36800027,3.364,3.11600018,48,45,41,45,858,696,0,756,646,0,0,0,0,0,12.31,1.54,1.54,0,0,3.08,0,0,2.31,12.31,27.2596111,3232,110,4040,430,40.4,0.30995056,0.63125,3040,74,33.6666679,0.07966937,0.63125,2830,37,33.6666679,0.0199973,0.63125,2731,26,33.6666679,0.0324283,0.63125,2901,42,33.6666679,0.03337311,0.63125,5050,226,50.5,0.196354955,0.63125,2622,21,33.6666679,0.0150260078,0.575,2644,22,33.6666679,0.0130945267,0.575,48.5000076,40.5000038,99.9982,512,-1,485.785156,485.5,0.28515625,0.5,7618.451,7618.951,0,0,0,0,0,0,0,0,0,0,0,0,512,600,1200,3000,48,1.079,1.30500007,0,11,15,45,210,405,0,0,0,0,0,22,0,0,5.375,5.58,0.865,1156.94141,74.31641,0.009548561,0,0,0,0,0,0,0,0,0,0,0,0,0,56.6875,52,16376,14910,1465,8.94993,17.25,0,0
05/26/2026 14:23:33,38,53,0,46,50,40,40,40,40,61,12.0960007,5.02000046,1.30800009,1.39200008,0.68,0.298,0.666,3.28400016,2.046,0,3.364,3.364,3.11600018,48,44.5,41,45,868,695,0,754,647,0,0,0,0,0,7.81,0,0,0,0,6.15,0,1.54,1.94,7.81,27.3854561,3014,111,4850,457,48.5,0.348863,0.6625,2791,51,32.3333321,0.0451240353,0.6625,2600,28,32.3333321,0.0118222209,0.6625,2591,21,32.3333321,0.0110297455,0.6625,2652,27,32.3333321,0.0222666916,0.6625,3233,261,32.3333321,0.20957315,0.6625,2728,18,32.3333321,0.0123144537,0.6625,2671,28,32.3333321,0.0166751835,0.6625,48.6250076,41.0000038,99.99819,512,-1,485.785156,485.5,0.28515625,0.5,7618.451,7618.951,0,0,0,0,0,0,0,0,0,0,0,0,512,600,1200,3000,48,0.974000037,1.30500007,0,2,15,45,210,405,0,0,0,0,0,21,0,0,6.074,6.606,0.865,1156.94141,74.31641,1.15749049,0,0,0,0,0,0,0,0,0,0,0,0,0,56.59375,52,16376,14910,1465,8.94993,17.66,0,0
05/26/2026 14:23:35,38,53,0,46,50,40,40,40,40,61,12.12,5.03,1.30800009,1.39200008,0.62,0.292000026,0.668000042,3.28400016,2.046,0,3.364,3.364,3.11200023,48,44.5,41,45,866,665,0,743,631,0,0,0,0,0,6.25,0,0,0,0,3.12,0,0,1.17,6.25,26.9659843,3114,92,3600,364,36,0.201906145,0.9625,3069,46,36,0.0339857,0.95625,2586,24,32.3333321,0.009255101,1.1375,2737,30,32.3333321,0.0106743174,1.1375,2655,28,32.3333321,0.0163368285,1.1375,4820,193,48.5,0.141530424,1.1375,2797,29,32.3333321,0.0108368788,1.1375,2645,19,33.6666679,0.008725814,0.55,48.5000076,43.0000038,99.9982,512,-1,485.785156,485.5,0.28515625,0.5,7618.451,7618.951,0,0,0,0,0,0,0,0,0,0,0,0,512,600,1200,3000,48,0.950000048,1.30500007,0,2,14,45,210,405,0,0,0,0,0,21,0,0,6.099,6.933,0.865,1156.94141,74.31641,0,0,0,0,0,0,0,0,0,0,0,0,0,0,56.59375,54,16376,14910,1465,8.94993,18.96,0,0
05/26/2026 14:23:37,38,53,0,46,50,40,40,40,40,61,12.12,5.02000046,1.30800009,1.39200008,0.724000037,0.320000023,0.666,3.28400016,2.046,0,3.364,3.364,3.11600018,48,45,41,45,860,688,0,759,631,0,0,0,0,0,9.38,1.56,0,0,1.56,1.56,0,0,1.76,9.38,26.565918,4123,194,5050,587,50.5,0.481212616,0.55625,5050,207,50.5,0.215059385,0.55625,3561,68,40.4,0.09623067,0.55625,3648,52,40.4,0.0746500939,0.55625,3878,117,40.4,0.151212767,0.55625,5050,449,50.5,0.3969152,0.55625,3518,41,40.4,0.04948409,0.55625,3231,28,40.4,0.01844717,0.55625,48.3750076,41.0000038,99.99819,512,-1,485.785156,485.5,0.28515625,0.5,7618.451,7618.951,0,0,0,0,0,0,0,0,0,0,0,0,512,600,1200,3000,46,0.625,1.30500007,0,2,14,45,210,405,0,0,0,0,0,46,0,0,6.564,7.391,0.865,1156.94141,74.31641,1.12030411,0,0,0,0,0,0,0,0,0,0,0,0,0,56.6875,54,16376,14910,1465,8.94993,17.567,0,1599488
05/26/2026 14:23:39,38,53,0,46,51,43,43,43,43,63,12.0960007,5.03,1.31000006,1.388,1.0480001,0.326,0.666,3.28400016,2.046,0,3.364,3.364,3.11200023,55,45,41,45,858,664,0,746,646,0,0,0,0,0,89.06,3.12,0,0,0,10.94,0,0,12.89,89.06,35.0588341,3482,668,5050,4360,50.5,3.98345828,0.55,3166,183,33.6666679,0.1957476,0.55,2959,54,33.6666679,0.0613071546,0.55,2902,39,33.6666679,0.03255611,0.55,2977,48,33.6666679,0.09058998,0.55,5050,605,50.5,0.5738045,0.5625,2857,27,33.6666679,0.0231503341,0.5625,2899,24,33.6666679,0.0299933758,0.5625,56.3750076,45.7500038,99.99819,512,-1,485.785156,485.5,0.28515625,0.5,7618.451,7618.951,0,0,0,0,0,0,0,0,0,0,0,0,512,600,1200,3000,48,1.064,1.30500007,0,12,15,45,210,405,0,0,0,0,0,21,0,0,5.458,5.798,0.865,1156.94141,74.31641,0.0131498575,0,0,0,0,0,0,0,0,0,0,0,0,0,56.6875,52,16376,14910,1465,8.94993,17.173,449536,0
05/26/2026 14:23:41,40,53,0,47,51,47,47,47,47,67,12.0960007,5.02000046,1.30800009,1.39200008,1.046,0.328,0.666,3.28400016,2.046,0,3.36800027,3.364,3.11600018,58,44.5,41,45,887,690,0,760,650,0,0,0,0,0,95.59,0,0,0,0,7.35,0,0,12.87,95.59,35.25301,3615,699,5050,4793,50.5,4.438406,0.50625,3040,128,33.6666679,0.158023342,0.50625,2998,94,33.6666679,0.0642325,0.50625,2819,33,33.6666679,0.0293032154,0.50625,4531,57,50.5,0.08485601,0.50625,5050,458,50.5,0.4977214,0.5375,2707,12,33.6666679,0.01994041,0.5375,2728,20,33.6666679,0.01896165,0.5375,60.6250076,53.7500038,99.9982,512,-1,485.785156,485.5,0.28515625,0.5,7618.451,7618.951,0,0,0,0,0,0,0,0,0,0,0,0,512,600,1200,3000,49,1.05500007,1.30500007,0,8,15,45,210,405,0,0,0,0,0,46,0,0,7.465,7.332,0.865,1156.94141,74.31641,0,0,0,0,0,0,0,0,0,0,0,0,0,0,56.71875,54,16376,14910,1465,8.94993,20.201,449536,0
05/26/2026 14:23:43,41,53,0,48,52,51,51,51,51,71,12.12,5.03,1.30800009,1.39200008,1.00200009,0.322000027,0.666,3.28400016,2.046,0,3.364,3.364,3.11200023,60,44.5,41,45,911,688,0,761,661,0,0,0,0,0,38.98,5.08,1.69,0,0,30.51,0,0,9.53,38.98,33.5904045,3367,541,4850,1965,48.5,1.8347156,0.65,3233,352,32.3333321,0.449548632,0.65,3225,226,32.3333321,0.284295052,0.65,3185,105,32.3333321,0.179266155,0.65,3233,248,32.3333321,0.33212775,0.65,3233,1275,32.3333321,1.29493082,0.65,2966,81,32.3333321,0.135331482,0.65,3008,74,32.3333321,0.103746817,0.65,60.5000076,53.7500038,99.9982,512,-1,485.785156,485.5,0.28515625,0.5,7618.451,7618.951,0,0,0,0,0,0,0,0,0,0,0,0,512,600,1200,3000,49,1.04500008,1.30500007,0,7,14,45,210,405,0,0,0,0,0,41,0,0,6.934,7.178,0.865,1156.94141,74.31641,0.0108814528,0,0,0,0.00149703759,0,0,0,0,0,0,0,0,0,56.6875,54,16376,14910,1465,8.94993,21.101,0,0
05/26/2026 14:23:45,42,53,0,49,53,55,55,55,55,74,12.12,5.03,1.31000006,1.39200008,0.724000037,0.31,0.666,3.28400016,2.046,0,3.36800027,3.364,3.11600018,57,45,41,45,931,662,0,771,671,0,0,0,0,0,12.31,0,0,0,0,3.12,0,0,1.93,12.31,27.3873672,3128,143,4850,531,48.5,0.448518842,0.675,3107,102,32.3333321,0.128381923,0.675,2828,47,32.3333321,0.04796904,0.675,2802,38,32.3333321,0.04610179,0.675,2875,64,32.3333321,0.07764991,0.675,3233,306,32.3333321,0.296894938,0.675,2633,29,32.3333321,0.0260493439,0.675,2697,24,32.3333321,0.0299870353,0.675,56.6250076,41.0000038,99.9982,512,-1,485.785156,485.5,0.28515625,0.5,7618.451,7618.951,0,0,0,0,0,0,0,0,0,0,0,0,512,600,1200,3000,46,0.950000048,1.30500007,0,0,14,45,210,405,0,0,0,0,0,46,0,0,6.677,6.764,0.865,1156.94141,74.31641,2.23727584,0,0,0,0,0,0,0,0,0,0,0,0,0,56.84375,54,16376,14910,1465,8.94993,15.255,0,199499776
05/26/2026 14:23:47,43,53,0,49,54,53,53,53,53,70,12.12,5.03,1.30800009,1.39200008,0.628,0.298,0.666,3.28400016,2.046,0,3.36800027,3.364,3.11600018,54,44.5,41,45,967,688,0,775,675,0,0,0,0,0,3.17,0,0,0,0,7.94,0,0,1.39,7.94,26.8653526,2998,118,4850,394,48.5,0.2571409,0.66875,2788,51,32.3333321,0.0485455059,0.66875,2585,24,32.3333321,0.013202047,0.66875,2554,22,32.3333321,0.01045737,0.66875,2723,35,32.3333321,0.0218960773,0.66875,3233,380,32.3333321,0.3310325,0.66875,2700,22,32.3333321,0.01290871,0.66875,2550,17,32.3333321,0.0107949944,0.66875,54.2500076,42.0000038,99.99821,512,-1,485.785156,485.5,0.28515625,0.5,7618.451,7618.951,0,0,0,0,0,0,0,0,0,0,0,0,512,600,1200,3000,48,0.75000006,1.30500007,0,0,15,45,210,405,0,0,0,0,0,22,0,0,5.86,6.203,0.865,1156.94141,74.31641,1.150288,0,0,0,0.00134669431,0,0,0,0,0,0,0,0,0,56.78125,54,16376,14910,1465,8.94993,15.58,0,0
05/26/2026 14:23:49,44,53,0,50,55,53,53,53,53,70,12.12,5.03,1.31000006,1.39200008,1.06000006,0.324,0.666,3.288,2.046,0,3.36800027,3.36800027,3.11600018,68,45,41,45,986,663,0,789,674,0,0,0,0,0,23.44,1.56,0,0,0,85.94,0,0,13.87,85.94,38.05874,3288,714,4040,1159,40.4,1.573689,0.525,2997,108,33.6666679,0.137490973,0.525,2755,24,33.6666679,0.04175358,0.525,2716,24,33.6666679,0.0219442658,0.525,3001,76,33.6666679,0.100876525,0.525,5050,4244,50.5,5.814358,0.55,3048,63,33.6666679,0.0511573553,0.55,2701,13,33.6666679,0.0187993385,0.55,68.12501,57.1250038,99.9982,512,-1,485.785156,485.5,0.28515625,0.5,7618.451,7618.951,0,0,0,0,0,0,0,0,0,0,0,0,512,600,1200,3000,49,1.05500007,1.30500007,0,11,15,45,210,405,0,0,0,0,0,46,0,0,7.586,7.587,0.865,1156.94141,74.31641,0,0,0,0,0,0,0,0,0,0,0,0,0,0,56.78125,54,16376,14910,1465,8.94993,20.448,49152,0
05/26/2026 14:23:51,45,53,0,51,55,57,57,57,57,74,12.12,5.03,1.31000006,1.39200008,1.0480001,0.338000029,0.666,3.288,2.046,0,3.36800027,3.36800027,3.11600018,68,45,41,45,1015,694,0,800,686,0,0,0,0,0,29.69,7.81,3.12,1.56,4.69,78.12,1.56,3.12,16.21,78.12,37.06696,3682,766,5050,1331,50.5,1.772356,0.55625,3333,316,33.6666679,0.557958,0.55625,3834,157,40.4,0.182059944,0.5625,3132,93,33.6666679,0.0960726961,0.53125,3123,137,33.6666679,0.17327857,0.53125,5050,3941,50.5,4.32585049,0.51875,2978,77,33.6666679,0.08607785,0.54375,2960,79,33.6666679,0.08679779,0.54375,69.37501,55.6250038,99.9982,512,-1,485.785156,485.5,0.28515625,0.5,7618.451,7618.951,0,0,0,0,0,0,0,0,0,0,0,0,512,600,1200,3000,49,1.0250001,1.30500007,0,10,15,45,210,405,0,0,0,0,0,40,0,0,6.265,6.508,0.865,1156.94141,74.31641,0.0171773322,0,0,0,0,0,0,0,0,0,0,0,0,0,56.8125,54,16376,14910,1465,8.94993,20.242,0,1499136
05/26/2026 14:23:53,46,54,0,52,56,61,61,61,61,78,12.12,5.03,1.31000006,1.39200008,1.044,0.33,0.666,3.28400016,2.046,0,3.364,3.364,3.11600018,65,44.5,41,45,1027,702,0,814,715,0,0,0,0,0,79.69,3.17,3.17,3.17,3.17,18.75,4.76,1.59,14.69,79.69,36.019825,3463,670,5050,3840,50.5,4.0396347,0.55,3126,179,33.6666679,0.2875345,0.55,2924,71,33.6666679,0.0605086163,0.55,2912,69,33.6666679,0.0429909527,0.55,2924,84,33.6666679,0.09011271,0.55,5050,1030,50.5,1.46571648,0.5625,2928,52,33.6666679,0.0559702069,0.5625,2788,32,33.6666679,0.0221348517,0.5625,64.62501,45.8750038,99.99819,512,-1,485.785156,485.5,0.28515625,0.5,7618.451,7618.951,0,0,0,0,0,0,0,0,0,0,0,0,512,600,1200,3000,49,1.03500009,1.30500007,0,8,15,45,210,405,0,0,0,0,0,22,0,0,5.245,5.203,0.865,1156.94141,74.31641,0,0,0,0,0,0,0,0,0,0,0,0,0,0,56.78125,54,16376,14910,1465,8.94993,15.195,49152,0
05/26/2026 14:23:55,47,53,0,53,57,65,65,65,65,82,12.12,5.03,1.31000006,1.39200008,1.036,0.322000027,0.666,3.288,2.046,0,3.36800027,3.36800027,3.11600018,63,45,41,45,1048,670,0,831,725,0,0,0,0,0,45.31,3.12,1.56,0,1.56,17.19,3.12,1.56,9.18,45.31,34.0879822,3392,399,4850,2077,48.5,2.00677633,0.65,3123,144,32.3333321,0.301169425,0.65,2881,77,32.3333321,0.06033896,0.65,2706,36,32.3333321,0.04173509,0.65,2844,57,32.3333321,0.121991314,0.65,4850,717,48.5,0.86097157,0.65,2849,46,32.3333321,0.0590695925,0.65,3036,39,32.3333321,0.0455021523,0.65,63.2500076,41.5000038,99.99819,512,-1,485.785156,485.5,0.28515625,0.5,7618.451,7618.951,0,0,0,0,0,0,0,0,0,0,0,0,512,600,1200,3000,49,1.03500009,1.30500007,0,7,15,45,210,405,0,0,0,0,0,22,0,0,6.038,6.702,0.865,1156.94141,74.31641,1.21215045,0,0,0,0.00136924814,0,0,0,0,0,0,0,0,0,56.78125,54,16376,14910,1465,8.94993,16.645,0,49152
05/26/2026 14:23:57,49,53,0,53,58,64,64,64,64,78,12.12,5.03,1.31000006,1.39200008,0.69600004,0.292000026,0.666,3.288,2.046,0,3.36800027,3.36800027,3.11600018,59,45,41,45,1076,672,0,841,731,0,0,0,0,0,15.62,1.56,1.56,3.12,1.56,15.62,1.54,1.54,5.27,15.62,28.0327969,3270,199,4040,660,40.4,0.514157057,0.55,3255,143,33.6666679,0.148782268,0.55,2873,44,33.6666679,0.039348755,0.55,2734,35,33.6666679,0.027248444,0.55,3014,66,33.6666679,0.07020606,0.55,5050,604,50.5,0.594539,0.5375,2604,21,33.6666679,0.0143043892,0.5375,2590,20,33.6666679,0.013789189,0.5375,59.3750076,46.7500038,99.9982,512,-1,485.785156,485.5,0.28515625,0.5,7618.451,7618.951,0,0,0,0,0,0,0,0,0,0,0,0,512,600,1200,3000,48,0.830000043,1.30500007,0,0,15,45,210,405,0,0,0,0,0,21,0,0,5.878,6.121,0.865,1156.94141,74.31641,1.14824319,0,0,0,0,0,0,0,0,0,0,0,0,0,56.8125,52,16376,14910,1465,8.94993,19.027,49152,0
05/26/2026 14:23:59,49,54,0,54,58,60,60,60,60,75,12.12,5.02000046,1.30800009,1.39200008,0.814,0.306000024,0.666,3.28400016,2.046,0,3.36800027,3.36800027,3.11600018,56,45,41,45,1107,677,0,850,727,0,0,0,0,0,20.63,3.17,4.69,1.56,3.12,12.7,3.12,0,6.13,20.63,28.33804,3121,122,3600,476,36,0.3163789,1.0625,3123,72,36,0.0650280938,1.0625,2975,33,36,0.0161405541,1.0625,2867,28,36,0.0117672747,1.0625,2960,32,36,0.026385868,1.0625,3600,275,36,0.240240768,1.0625,2996,35,36,0.0123805981,1.0625,2847,23,36,0.011011662,1.0625,57.7500076,41.5000038,99.9982,512,-1,485.785156,485.5,0.28515625,0.5,7618.451,7618.951,0,0,0,0,0,0,0,0,0,0,0,0,512,600,1200,3000,46,0.575000048,1.30500007,0,0,11,45,210,405,0,0,0,0,0,46,0,0,6.561,6.663,0.865,1156.94141,74.31641,1.13836527,0,0,0,0,0,0,0,0,0,0,0,0,0,56.875,54,16376,14910,1465,8.94993,18.517,0,0
05/26/2026 14:24:01,48,54,0,55,59,56,56,56,56,71,12.12,5.03,1.30800009,1.388,0.84800005,0.316,0.666,3.28400016,2.046,0,3.364,3.364,3.11200023,54,45,41,45,1084,679,0,860,738,0,0,0,0,0,10.94,3.12,3.12,3.12,3.12,4.69,3.12,3.12,4.3,10.94,27.51977,3216,121,4850,463,48.5,0.370571524,0.65,2914,73,32.3333321,0.0631240159,0.65,2579,26,32.3333321,0.0132804392,0.65,2578,23,32.3333321,0.012876885,0.65,2692,37,32.3333321,0.0302867983,0.65,4850,301,48.5,0.256461769,0.65,2558,19,32.3333321,0.0116809439,0.65,2711,24,32.3333321,0.0127331037,0.65,54.1250076,43.0000038,99.99819,512,-1,485.785156,485.5,0.28515625,0.5,7618.451,7618.951,0,0,0,0,0,0,0,0,0,0,0,0,512,600,1200,3000,47,0.930000067,1.30500007,0,6,15,45,210,405,0,0,0,0,0,46,0,0,7.067,7.65,0.865,1156.94141,74.546875,1.99738789,0,0,0,0.00144909159,0,0,0,0,0,0.025344111,0,0,0,56.96875,54,16376,14910,1465,8.94993,16.472,0,0
05/26/2026 14:24:03,47,53,0,53,58,52,52,52,52,67,12.12,5.03,1.30800009,1.39200008,0.634,0.290000021,0.666,3.288,2.046,0,3.36800027,3.36800027,3.11600018,52,45,41,45,1066,672,0,864,764,0,0,0,0,0,15.38,3.08,1.54,3.08,3.08,7.69,1.54,3.08,4.81,15.38,26.2034225,3130,83,4850,315,48.5,0.1402463,0.65,2610,42,32.3333321,0.0279473551,0.65,2561,22,32.3333321,0.0128310779,0.65,2548,21,32.3333321,0.0110554174,0.65,2647,35,32.3333321,0.0199646018,0.65,4736,196,48.5,0.166309923,0.65,2552,19,32.3333321,0.008159844,0.65,2535,17,32.3333321,0.007974148,0.65,52.3750076,39.625,99.9982,512,-1,485.785156,485.5,0.28515625,0.5,7618.451,7618.951,0,0,0,0,0,0,0,0,0,0,0,0,512,600,1200,3000,48,0.61,1.30500007,0,0,12,45,210,405,0,0,0,0,0,21,0,0,6.096,6.777,0.865,1156.94141,74.546875,0,0,0,0,0,0,0,0,0,0,0,0,0,0,56.875,54,16376,14910,1465,8.94993,17.936,0,0
05/26/2026 14:24:05,46,54,0,52,57,48,48,48,48,65,12.0960007,5.02000046,1.30800009,1.39200008,0.592,0.302000016,0.666,3.28400016,2.046,0,3.364,3.364,3.11200023,51,44.5,41,45,1049,676,0,840,743,0,0,0,0,0,7.81,0,0,0,0,6.25,0,0,1.76,7.81,27.5237236,3126,114,3600,463,36,0.333122134,0.9625,3100,53,36,0.039739877,0.95625,2831,21,36,0.0116027733,1.1375,3070,30,36,0.0273922235,1.1375,2932,29,36,0.0146576408,1.1375,3600,268,36,0.25953716,1.1375,3036,27,36,0.0139762424,1.1375,2839,17,36,0.0114249522,1.1375,51.7500076,41.0000038,99.9982,512,-1,485.785156,485.5,0.28515625,0.5,7618.451,7618.951,0,0,0,0,0,0,0,0,0,0,0,0,512,600,1200,3000,46,0.625,1.30500007,0,2,14,45,210,405,0,0,0,0,0,21,0,0,5.603,5.826,0.865,1156.94141,74.546875,1.13318717,0,0,0,0,0,0,0,0,0,0,0,0,0,56.75,54,16376,14910,1465,8.94993,17.449,49152,0
05/26/2026 14:24:07,45,53,0,51,56,44,44,44,44,63,12.0960007,5.03,1.30800009,1.39200008,0.594000041,0.290000021,0.666,3.28400016,2.046,0,3.364,3.364,3.11200023,50,44.5,41,45,1016,674,0,832,756,0,0,0,0,0,6.25,0,0,0,0,3.12,0,0,1.17,6.25,26.2184734,2979,90,4850,318,48.5,0.187459454,0.66875,2692,40,32.3333321,0.0265356358,0.66875,2603,22,32.3333321,0.0106417369,0.66875,2598,22,32.3333321,0.008687443,0.66875,2645,30,32.3333321,0.0147640733,0.66875,3233,252,32.3333321,0.228056848,0.66875,2587,19,32.3333321,0.00835154951,0.66875,2622,21,32.3333321,0.008480491,0.66875,50.3750076,41.5000038,99.9982,512,-1,485.785156,485.5,0.28515625,0.5,7618.451,7618.951,0,0,0,0,0,0,0,0,0,0,0,0,512,600,1200,3000,46,0.570000052,1.30500007,0,0,13,45,210,405,0,0,0,0,0,21,0,0,5.28,5.226,0.865,1156.94141,74.546875,0,0,0,0,0,0,0,0,0,0,0,0,0,0,56.90625,54,16376,14910,1465,8.94993,15.928,0,0
05/26/2026 14:24:09,44,53,0,50,55,44,44,44,44,63,12.0960007,5.03,1.30800009,1.39200008,0.728000045,0.31,0.666,3.28400016,2.046,0,3.364,3.364,3.11200023,50,45,41,45,1000,690,0,817,737,0,0,0,0,0,15.38,0,0,0,0,1.56,0,0,2.12,15.38,26.9279747,2988,109,4850,442,48.5,0.3184003,0.65,2938,63,32.3333321,0.037722338,0.65,2532,24,32.3333321,0.0115482761,0.65,2528,20,32.3333321,0.009673392,0.65,2605,29,32.3333321,0.0153250908,0.65,3233,246,32.3333321,0.2219664,0.65,2494,19,32.3333321,0.009614056,0.65,2722,26,32.3333321,0.0108794067,0.65,49.8750076,40.5000038,99.99819,512,-1,485.785156,485.5,0.28515625,0.5,7618.451,7618.951,0,0,0,0,0,0,0,0,0,0,0,0,512,600,1200,3000,46,0.410000026,1.30500007,0,0,11,45,210,405,0,0,0,0,0,21,0,0,6.001,6.482,0.865,1156.94141,74.546875,1.16578329,0,0,0,0,0,0,0,0,0,0,0,0,0,56.84375,54,16376,14910,1465,8.94993,16.114,49152,0
05/26/2026 14:24:11,43,53,0,49,54,42,42,42,42,62,12.0960007,5.02000046,1.30800009,1.388,0.84800005,0.31,0.666,3.28400016,2.046,0,3.364,3.364,3.11600018,49,44.5,41,45,961,670,0,809,719,0,0,0,0,0,9.23,0,0,0,0,4.69,0,0,1.74,9.23,27.26339,3006,121,4850,449,48.5,0.3466582,0.6625,2967,86,32.3333321,0.06683172,0.6625,2525,23,32.3333321,0.0134423757,0.6625,2583,22,32.3333321,0.0105148144,0.6625,2608,32,32.3333321,0.025117036,0.6625,3233,311,32.3333321,0.262976736,0.6625,2752,25,32.3333321,0.0116967969,0.6625,2526,18,32.3333321,0.0102213882,0.6625,49.5000076,43.5000038,99.9982,512,-1,485.785156,485.5,0.28515625,0.5,7618.451,7618.951,0,0,0,0,0,0,0,0,0,0,0,0,512,600,1200,3000,46,0.570000052,1.30500007,0,0,13,45,210,405,0,0,0,0,0,41,0,0,7.034,7.807,0.865,1156.94141,74.546875,0.0180195346,0,0,0,0,0,0,0,0,0,0,0,0,0,56.84375,54,16376,14910,1465,8.94993,21.555,49152,0
05/26/2026 14:24:13,42,53,0,48,53,42,42,42,42,62,12.12,5.03,1.30800009,1.39200008,0.72,0.30400002,0.666,3.28400016,2.046,0,3.364,3.364,3.11200023,49,44.5,41,45,937,668,0,796,702,0,0,0,0,0,4.69,0,0,0,0,3.12,0,0,0.98,4.69,26.06541,3073,89,3600,371,36,0.231891334,1.31875,3012,44,36,0.0245461445,1.31875,2894,26,36,0.01133591,1.31875,2875,24,36,0.0103121279,1.31875,2979,29,36,0.0173856635,1.31875,3540,185,36,0.146714017,1.31875,2846,20,36,0.009066537,1.31875,2838,15,36,0.008526545,1.31875,49.1250076,43.0000038,99.9982,512,-1,485.785156,485.5,0.28515625,0.5,7618.451,7618.951,0,0,0,0,0,0,0,0,0,0,0,0,512,600,1200,3000,46,0.594000041,1.30500007,0,0,13,45,210,405,0,0,0,0,0,21,0,0,5.286,5.676,0.865,1156.94141,74.546875,0,0,0,0,0,0,0,0,0,0,0,0,0,0,56.875,52,16376,14910,1465,8.94993,16.922,0,0
05/26/2026 14:24:15,40,53,0,47,52,40,40,40,40,61,12.0960007,5.02000046,1.30800009,1.388,0.768,0.3,0.666,3.28400016,2.046,0,3.364,3.364,3.11200023,48,44.5,41,45,915,688,0,777,686,0,0,0,0,0,6.25,0,0,0,0,0,0,0,0.78,6.25,26.3990726,3182,95,4850,398,48.5,0.280465275,0.64375,2711,49,32.3333321,0.0303238761,0.64375,2765,33,32.3333321,0.0152383586,0.64375,2573,21,32.3333321,0.009880659,0.64375,2615,29,32.3333321,0.014109917,0.64375,4783,195,48.5,0.169502243,0.64375,2552,17,32.3333321,0.008993394,0.64375,2603,19,32.3333321,0.009038634,0.64375,48.7500076,42.0000038,99.9982,512,-1,485.785156,485.5,0.28515625,0.5,7618.451,7618.951,0,0,0,0,0,0,0,0,0,0,0,0,512,600,1200,3000,46,0.62,1.30500007,0,2,14,45,210,405,0,0,0,0,0,46,0,0,6.759,7.479,0.865,1156.94141,74.546875,0.009474567,0,0,0,0.00132203265,0,0,0,0,0,0,0,0,0,56.875,54,16376,14910,1465,8.94993,16.158,49152,49152
05/26/2026 14:24:17,39,53,0,46,51,40,40,40,40,61,12.12,5.03,1.31000006,1.39200008,0.74,0.296,0.666,3.28400016,2.046,0,3.36800027,3.36800027,3.11600018,48,44.5,41,45,902,663,0,772,660,0,0,0,0,0,4.69,0,0,0,0,1.56,0,0,0.78,4.69,26.068985,3195,92,4850,357,48.5,0.246081144,0.65,2650,40,32.3333321,0.0246391259,0.65,2611,28,32.3333321,0.0116760619,0.65,2684,29,32.3333321,0.0139089338,0.65,2635,31,32.3333321,0.0203974713,0.65,4824,204,48.5,0.17145656,0.65,2559,19,32.3333321,0.009719268,0.65,2748,28,32.3333321,0.0169128887,0.65,48.5000076,40.5000038,99.9982,512,-1,485.785156,485.5,0.28515625,0.5,7618.451,7618.951,0,0,0,0,0,0,0,0,0,0,0,0,512,600,1200,3000,46,0.440000027,1.30500007,0,0,11,45,210,405,0,0,0,0,0,41,0,0,7.102,7.131,0.865,1156.94141,74.31641,0,0,0,0,0,0,0,0,0,0,0.04215182,0,0,0,57.03125,54,16376,14910,1465,8.94993,20.158,0,0
05/26/2026 14:24:19,38,53,0,46,50,40,40,40,40,61,12.12,5.03,1.30800009,1.39200008,0.75000006,0.314,0.666,3.28400016,2.046,0,3.36800027,3.364,3.11600018,48,44.5,41,45,868,693,0,758,659,0,0,0,0,0,12.5,0,0,0,0,6.25,0,0,2.34,12.5,25.9279156,2986,98,3233,446,32.3333321,0.342542976,1.01875,2724,47,32.3333321,0.0384087078,0.68125,2639,23,32.3333321,0.01041197,0.68125,2607,24,32.3333321,0.0103015993,0.68125,2686,29,32.3333321,0.0174508784,0.68125,4710,176,48.5,0.139410958,0.68125,2577,17,32.3333321,0.009760098,0.68125,2714,24,32.3333321,0.010575328,0.68125,48.3750076,40.125,99.99819,512,-1,485.785156,485.5,0.28515625,0.5,7618.451,7618.951,0,0,0,0,0,0,0,0,0,0,0,0,512,600,1200,3000,46,0.734,1.30500007,0,3,15,45,210,405,0,0,0,0,0,21,0,0,5.802,5.908,0.865,1156.94141,74.31641,0.009472052,0,0,0,0,0,0,0,0,0,0,0,0,0,56.84375,54,16376,14910,1465,8.94993,19.399,49152,0
05/26/2026 14:24:21,38,54,0,46,50,40,40,40,40,61,12.12,5.03,1.31000006,1.39200008,0.552000046,0.3,0.666,3.288,2.046,0,3.36800027,3.364,3.11600018,48,45,40.5,45,858,698,0,745,650,0,0,0,0,0,6.25,0,0,0,0,1.56,0,0,0.98,6.25,25.5583057,3172,94,4850,367,48.5,0.220546484,0.65,2802,58,32.3333321,0.038024202,0.65,2620,29,32.3333321,0.0185238291,0.65,2609,26,32.3333321,0.00922378153,0.65,2620,38,32.3333321,0.0261162613,0.65,4736,190,48.5,0.155721828,0.65,2576,21,32.3333321,0.008261996,0.65,2565,23,32.3333321,0.008155291,0.65,48.2500076,41.0000038,99.9982,512,-1,485.785156,485.5,0.28515625,0.5,7618.451,7618.951,0,0,0,0,0,0,0,0,0,0,0,0,512,600,1200,3000,46,0.565,1.30500007,0,0,13,45,210,405,0,0,0,0,0,46,0,0,6.609,6.744,0.865,1156.94141,74.31641,0,0,0,0,0,0,0,0,0,0,0,0,0,0,57,54,16376,14910,1465,8.94993,19.365,0,0
05/26/2026 14:24:23,38,54,0,46,50,40,40,40,40,61,12.0960007,5.03,1.30800009,1.39200008,0.678000033,0.294,0.666,3.28400016,2.046,0,3.364,3.364,3.11200023,48,44.5,40.5,45,857,702,0,745,632,0,0,0,0,0,9.38,0,0,0,0,3.12,0,0,1.56,9.38,26.6397381,3165,96,4850,420,48.5,0.290816724,0.65,2662,51,32.3333321,0.0332174674,0.65,2582,22,32.3333321,0.0110216746,0.65,2569,24,32.3333321,0.0103661669,0.65,2622,29,32.3333321,0.0196821485,0.65,4847,185,48.5,0.146221131,0.65,2624,21,32.3333321,0.0121202776,0.65,2561,17,32.3333321,0.00896443147,0.65,48.2500076,40.125,99.99819,512,-1,485.785156,485.5,0.28515625,0.5,7618.451,7618.951,0,0,0,0,0,0,0,0,0,0,0,0,512,600,1200,3000,47,0.965000033,1.30500007,0,0,14,45,210,405,0,0,0,0,0,41,0,0,6.9,7.689,0.865,1156.94141,74.31641,0.009561155,0,0,0,0,0,0,0,0,0,0,0,0,0,56.96875,54,16376,14910,1465,8.94993,19.345,0,0
05/26/2026 14:24:25,38,53,0,46,50,40,40,40,40,61,12.12,5.03,1.30800009,1.39200008,0.694,0.3,0.664000034,3.28400016,2.046,0,3.36800027,3.364,3.11200023,48,45,41,45,860,698,0,758,646,0,0,0,0,0,9.38,1.54,0,0,0,3.12,0,1.54,1.95,9.38,26.6968269,3194,106,4850,421,48.5,0.274839282,0.65,2762,52,32.3333321,0.03720807,0.65,2547,22,32.3333321,0.015334513,0.65,2654,27,32.3333321,0.02639494,0.65,2705,37,32.3333321,0.0175329149,0.65,4850,245,48.5,0.211468741,0.65,2602,22,32.3333321,0.0106895445,0.65,2580,24,32.3333321,0.0100454111,0.65,48.2500076,40.5000038,99.99819,512,-1,485.785156,485.5,0.28515625,0.5,7618.451,7618.951,0,0,0,0,0,0,0,0,0,0,0,0,512,600,1200,3000,47,0.775000036,1.30500007,0,0,15,45,210,405,0,0,0,0,0,46,0,0,7.525,7.729,0.865,1156.94141,74.31641,0.009588905,0,0,0,0,0,0,0,0,0,0,0,0,0,56.84375,54,16376,14910,1465,8.94993,18.973,0,0
05/26/2026 14:24:27,38,53,0,46,50,40,40,40,40,61,12.12,5.03,1.31000006,1.39200008,0.694,0.294,0.666,3.288,2.046,0,3.36800027,3.36800027,3.11600018,48,45,40.5,45,858,671,0,744,647,0,0,0,0,0,4.69,0,0,0,0,1.56,0,0,0.78,4.69,26.6160088,2951,87,3600,354,36,0.204703346,0.64375,2683,50,32.3333321,0.0249279719,0.79375,2506,25,32.3333321,0.009477109,0.79375,2660,31,32.3333321,0.0133270612,0.79375,2539,30,32.3333321,0.0132829808,0.79375,4579,161,48.5,0.128086954,0.79375,2613,23,32.3333321,0.009726864,0.79375,2429,19,32.3333321,0.009171473,0.79375,48.1250076,40.5000038,99.9982,512,-1,485.785156,485.5,0.28515625,0.5,7618.451,7618.951,0,0,0,0,0,0,0,0,0,0,0,0,512,600,1200,3000,46,0.575000048,1.30500007,0,0,13,45,210,405,0,0,0,0,0,41,0,0,6.647,7.047,0.865,1156.94141,74.31641,0,0,0,0,0,0,0,0,0,0,0,0,0,0,56.96875,54,16376,14910,1465,8.94993,20.404,0,0
05/26/2026 14:24:29,38,54,0,46,50,40,40,40,40,61,12.12,5.03,1.31000006,1.39200008,0.564,0.298,0.664000034,3.288,2.046,0,3.36800027,3.36800027,3.11600018,48,45,41,45,865,676,0,757,631,0,0,0,0,0,9.23,0,0,0,0,3.08,1.56,0,1.73,9.23,26.3068638,3186,96,4850,410,48.5,0.29596293,0.65625,2781,63,32.3333321,0.0459289476,0.65625,2584,20,32.3333321,0.0112885237,0.65625,2566,23,32.3333321,0.008758625,0.65625,2642,27,32.3333321,0.0216380619,0.65625,4725,172,48.5,0.141593412,0.65625,2765,31,32.3333321,0.009662614,0.65625,2576,20,32.3333321,0.00876623951,0.65625,48.1250076,39.625,99.9982,512,-1,485.785156,485.5,0.28515625,0.5,7618.451,7618.951,0,0,0,0,0,0,0,0,0,0,0,0,512,600,1200,3000,46,0.570000052,1.30500007,0,0,13,45,210,405,0,0,0,0,0,21,0,0,5.331,5.609,0.865,1156.94141,74.31641,0.009578492,0,0,0,0.00131430442,0,0,0,0,0,0,0,0,0,57.03125,54,16376,14910,1465,8.94993,17.616,49152,0
05/26/2026 14:24:31,38,54,0,46,50,40,40,40,40,61,12.0960007,5.03,1.30800009,1.39200008,0.686000049,0.31,0.664000034,3.28400016,2.046,0,3.364,3.364,3.11200023,48,45,40.5,45.5,869,677,0,743,632,0,0,0,0,0,9.38,4.62,3.08,3.08,3.08,6.25,3.08,3.08,4.45,9.38,26.9226818,3218,106,4850,440,48.5,0.294370443,0.65625,2801,49,32.3333321,0.0392051972,0.65625,2579,20,32.3333321,0.0116575919,0.65625,2613,25,32.3333321,0.0106398659,0.65625,2840,41,32.3333321,0.0359196067,0.65625,4850,226,48.5,0.2161186,0.65625,2594,20,32.3333321,0.0101538375,0.65625,2620,25,32.3333321,0.010554444,0.65625,48.3750076,41.0000038,99.9982,512,-1,485.785156,485.5,0.28515625,0.5,7618.451,7618.951,0,0,0,0,0,0,0,0,0,0,0,0,512,600,1200,3000,47,0.745000064,1.30500007,0,0,14,45,210,405,0,0,0,0,0,41,0,0,7.236,7.548,0.865,1156.94141,74.31641,0.00965928752,0,0,0,0,0,0,0,0,0,0,0,0,0,57,54,16376,14910,1465,8.94993,20.604,49152,49152
05/26/2026 14:24:33,38,54,0,46,50,40,40,40,40,61,12.12,5.02000046,1.30800009,1.39200008,0.614,0.294,0.664000034,3.28400016,2.046,0,3.364,3.364,3.11200023,48,44.5,40.5,45.5,859,678,0,755,647,0,0,0,0,0,7.81,0,0,0,0,1.56,0,0,1.17,7.81,25.8306427,3547,91,4850,355,48.5,0.234748721,0.64375,4236,55,48.5,0.0305070933,0.65,3956,29,48.5,0.0111879725,0.65,2622,19,32.3333321,0.009934675,0.65,2645,26,32.3333321,0.0109128579,0.65,4778,201,48.5,0.15484336,0.65,2624,20,32.3333321,0.009415015,0.65,2667,23,32.3333321,0.009476168,0.65,48.2500076,43.0000038,99.9982,512,-1,485.785156,485.5,0.28515625,0.5,7618.451,7618.951,0,0,0,0,0,0,0,0,0,0,0,0,512,600,1200,3000,46,0.630000055,1.30500007,0,2,14,45,210,405,0,0,0,0,0,22,0,0,6.111,6.256,0.865,1156.94141,74.31641,0,0,0,0,0,0,0,0,0,0,0,0,0,0,57,52,16376,14910,1465,8.94993,17.962,49152,0
05/26/2026 14:24:35,38,54,0,46,50,40,40,40,40,61,12.12,5.03,1.31000006,1.39200008,0.62,0.322000027,0.664000034,3.28400016,2.046,0,3.36800027,3.36800027,3.11600018,48,45,40.5,45.5,860,675,0,756,631,0,0,0,0,0,9.38,1.56,0,0,0,0,0,0,1.37,9.38,26.86292,3177,102,4850,490,48.5,0.341378033,0.64375,2717,49,32.3333321,0.0317465626,0.64375,2676,24,32.3333321,0.0122218952,0.64375,2603,23,32.3333321,0.009732857,0.64375,2678,28,32.3333321,0.0163367,0.64375,4730,163,48.5,0.134216011,0.64375,2566,18,32.3333321,0.00957936,0.64375,2597,17,32.3333321,0.009457326,0.64375,48.3750076,41.5000038,99.99821,512,-1,485.785156,485.5,0.28515625,0.5,7618.451,7618.951,0,0,0,0,0,0,0,0,0,0,0,0,512,600,1200,3000,47,0.844000041,1.30500007,0,0,14,45,210,405,0,0,0,0,0,22,0,0,5.38,5.682,0.865,1156.94141,74.31641,1.15878153,0,0,0,0,0,0,0,0,0,0,0,0,0,56.9375,54,16376,14910,1465,8.94993,16.373,0,0
05/26/2026 14:24:37,38,54,0,46,50,40,40,40,40,61,12.0960007,5.02000046,1.30800009,1.388,0.570000052,0.298,0.664000034,3.28400016,2.046,0,3.364,3.36000013,3.11600018,48,44.5,40.5,45.5,859,677,0,761,631,0,0,0,0,0,4.62,0,0,0,0,3.08,0,0,0.96,4.62,25.2377453,3239,87,4850,296,48.5,0.1993422,0.65,2681,41,32.3333321,0.04280012,0.65,2594,23,32.3333321,0.01024431,0.65,2729,33,32.3333321,0.01880132,0.65,2779,37,32.3333321,0.0189369079,0.65,4850,220,48.5,0.191049024,0.65,2834,25,32.3333321,0.0103950668,0.65,2598,20,32.3333321,0.009476082,0.65,48.1250076,42.5000038,99.99819,512,-1,485.785156,485.5,0.28515625,0.5,7618.451,7618.951,0,0,0,0,0,0,0,0,0,0,0,0,512,600,1200,3000,46,0.580000043,1.30500007,0,0,13,45,210,405,0,0,0,0,0,46,0,0,7.227,7.011,0.865,1156.94141,74.31641,0,0,0,0,0,0,0,0,0,0,0,0,0,0,57.125,54,16376,14910,1465,8.94993,18.845,3099648,0
05/26/2026 14:24:39,38,54,0,46,50,40,40,40,40,61,12.12,5.03,1.30800009,1.39200008,0.762,0.30400002,0.664000034,3.288,2.046,0,3.36800027,3.36800027,3.11600018,48,45,40.5,45.5,869,678,0,747,647,0,0,0,0,0,11.11,3.17,0,0,0,9.52,0,0,2.98,11.11,26.6660385,3196,112,4850,444,48.5,0.352659941,0.65,2793,54,32.3333321,0.0376652852,0.65,2623,26,32.3333321,0.0156211164,0.65,2575,20,32.3333321,0.0112247542,0.65,2682,26,32.3333321,0.020453997,0.65,4850,292,48.5,0.2692538,0.65,2585,20,32.3333321,0.0115677333,0.65,2608,17,32.3333321,0.010917387,0.65,48.3750076,43.5000038,99.99819,512,-1,485.785156,485.5,0.28515625,0.5,7618.451,7618.951,0,0,0,0,0,0,0,0,0,0,0,0,512,600,1200,3000,46,0.625,1.30500007,0,1,14,45,210,405,0,0,0,0,0,40,0,0,7.24,7.84,0.865,1156.94141,74.31641,0.0179431774,0,0,0,0,0,0,0,0,0,0,0,0,0,57.03125,54,16376,14910,1465,8.94993,21.418,3799040,0
05/26/2026 14:24:41,38,53,0,46,50,40,40,40,40,61,12.12,5.03,1.30800009,1.39200008,0.664000034,0.3,0.664000034,3.28400016,2.046,0,3.364,3.364,3.11200023,48,44.5,40.5,45.5,870,676,0,759,647,0,0,0,0,0,10.94,3.12,3.17,3.17,3.17,10.94,3.17,3.17,5.11,10.94,27.07898,3808,89,3600,336,36,0.1934573,0.9625,3186,58,36,0.0412628725,0.95625,2974,26,36,0.03181247,0.95,3814,20,48.5,0.009897571,1.0625,3899,27,48.5,0.0121954894,1.0625,4820,193,48.5,0.1455067,1.0625,4069,26,48.5,0.0119240694,1.0625,4106,24,48.5,0.0103273448,1.0625,48.2500076,43.0000038,99.99819,512,-1,485.785156,485.5,0.28515625,0.5,7618.451,7618.951,0,0,0,0,0,0,0,0,0,0,0,0,512,600,1200,3000,46,0.570000052,1.30500007,0,0,13,45,210,405,0,0,0,0,0,21,0,0,5.634,5.61,0.865,1156.94141,74.31641,0,0,0,0,0,0,0,0,0,0,0,0,0,0,57.0625,54,16376,14910,1465,8.94993,17.393,49152,1699840
05/26/2026 14:24:43,38,53,0,46,50,40,40,40,40,61,12.12,5.03,1.30800009,1.39200008,0.688,0.302000016,0.664000034,3.28400016,2.046,0,3.36800027,3.364,3.11600018,48,45,40.5,45.5,865,665,0,762,631,0,0,0,0,0,6.25,0,0,0,0,3.12,0,0,1.17,6.25,26.3078556,3011,106,4850,473,48.5,0.3251754,0.64375,2804,55,32.3333321,0.0379315428,0.64375,2609,24,32.3333321,0.0107701207,0.64375,2670,25,32.3333321,0.008965593,0.64375,2741,30,32.3333321,0.017748611,0.64375,3099,184,32.3333321,0.169131964,0.64375,2605,21,32.3333321,0.008941769,0.64375,2707,32,32.3333321,0.0109207034,0.64375,48.3750076,43.0000038,99.99819,512,-1,485.785156,485.5,0.28515625,0.5,7618.451,7618.951,0,0,0,0,0,0,0,0,0,0,0,0,512,600,1200,3000,46,0.575000048,1.30500007,0,0,11,45,210,405,0,0,0,0,0,22,0,0,5.22,5.737,0.865,1156.94141,74.31641,1.16046929,0,0,0,0.002764852,0,0,0,0,0,0,0,0,0,57.15625,54,16376,14910,1465,8.94993,15.5,0,0
05/26/2026 14:24:45,38,53,0,46,50,40,40,40,40,61,12.12,5.03,1.30800009,1.39200008,0.754,0.3,0.664000034,3.28400016,2.046,0,3.36800027,3.364,3.11600018,48,45,40.5,45.5,858,695,0,746,646,0,0,0,0,0,9.38,0,0,0,0,6.25,1.59,0,2.15,9.38,26.1199245,3162,103,4850,376,48.5,0.238826767,0.65,2746,58,32.3333321,0.03880241,0.65,2573,25,32.3333321,0.0117933434,0.65,2548,22,32.3333321,0.0110842017,0.65,2604,29,32.3333321,0.0172506552,0.65,4850,270,48.5,0.238657191,0.65,2575,24,32.3333321,0.0113771083,0.65,2549,20,32.3333321,0.009856436,0.65,48.1250076,40.125,99.99819,512,-1,485.785156,485.5,0.28515625,0.5,7618.451,7618.951,0,0,0,0,0,0,0,0,0,0,0,0,512,600,1200,3000,46,0.830000043,1.30500007,0,0,14,45,210,405,0,0,0,0,0,46,0,0,7.426,7.114,0.865,1156.94141,74.31641,0,0,0,0,0,0,0,0,0,0,0,0,0,0,57.125,54,16376,14910,1465,8.94993,19.141,0,0
05/26/2026 14:24:47,38,53,0,46,50,40,40,40,40,61,12.12,5.03,1.30800009,1.39200008,0.590000033,0.290000021,0.664000034,3.288,2.046,0,3.36800027,3.36800027,3.11600018,48,45,40.5,45.5,858,697,0,761,646,0,0,0,0,0,13.85,4.69,3.08,3.08,3.08,6.25,6.15,3.08,5.41,13.85,26.2908764,3137,91,4850,395,48.5,0.283580363,0.64375,2716,50,32.3333321,0.0281559452,0.64375,2622,22,32.3333321,0.0130979093,0.64375,2606,23,32.3333321,0.0110295322,0.64375,3981,28,48.5,0.0149035407,0.66875,3098,172,32.3333321,0.136730075,0.66875,2634,21,32.3333321,0.009989499,0.66875,2592,17,32.3333321,0.0105064595,0.66875,48.2500076,40.125,99.9982,512,-1,485.785156,485.5,0.28515625,0.5,7618.451,7618.951,0,0,0,0,0,0,0,0,0,0,0,0,512,600,1200,3000,47,0.950000048,1.30500007,0,1,14,45,210,405,0,0,0,0,0,40,0,0,7.255,7.495,0.865,1156.94141,74.31641,0.0177090615,0,0,0,0,0,0,0,0,0,0,0,0,0,57.15625,54,16376,14910,1465,8.94993,21.54,0,0
05/26/2026 14:24:49,38,54,0,46,50,40,40,40,40,61,12.12,5.02000046,1.30800009,1.39200008,1.042,0.33,0.664000034,3.28400016,2.046,0,3.364,3.364,3.11600018,49,45,41,45.5,855,701,0,746,630,0,0,0,0,0,33.85,10.77,3.08,0,7.69,26.15,0,0,10.19,33.85,28.1279316,3599,651,4040,1861,40.4,1.846789,0.54375,5050,869,50.5,1.09967864,0.54375,3257,229,33.6666679,0.403667867,0.54375,3206,134,33.6666679,0.268473148,0.54375,3367,506,33.6666679,0.744988441,0.54375,4040,1511,40.4,1.69303524,0.54375,3037,65,33.6666679,0.113128148,0.54375,2795,33,33.6666679,0.0522713624,0.54375,48.5000076,42.0000038,99.9982,512,-1,485.785156,485.5,0.28515625,0.5,7618.451,7618.951,0,0,0,0,0,0,0,0,0,0,0,0,512,600,1200,3000,47,0.974000037,1.30500007,0,2,14,45,210,405,0,0,0,0,0,46,0,0,6.712,6.993,0.865,1156.94141,74.31641,0.009264636,0,0,0,0,0,0,0,0,0,0,0,0,0,57.09375,54,16376,14910,1465,8.94993,17.508,0,0
05/26/2026 14:24:51,39,54,0,46,51,44,44,44,44,64,12.12,5.03,1.30800009,1.39200008,0.602000058,0.3,0.664000034,3.28400016,2.046,0,3.36800027,3.364,3.11600018,54,45,41,45.5,861,702,0,744,630,0,0,0,0,0,9.38,3.17,0,0,0,7.81,0,0,2.55,9.38,27.5130234,3442,148,4850,542,48.5,0.434114933,0.65,3020,114,32.3333321,0.102235496,0.65,3000,64,32.3333321,0.06332212,0.65,3044,56,32.3333321,0.0608560145,0.65,3076,70,32.3333321,0.07215282,0.65,4850,246,48.5,0.265293121,0.65,2913,55,32.3333321,0.0469439924,0.65,2787,34,32.3333321,0.0328638479,0.65,54.0000076,40.5000038,99.9982,512,-1,485.785156,485.5,0.28515625,0.5,7618.451,7618.951,0,0,0,0,0,0,0,0,0,0,0,0,512,600,1200,3000,46,0.420000017,1.30500007,0,0,11,45,210,405,0,0,0,0,0,46,0,0,6.913,6.745,0.865,1156.94141,74.31641,1.12625933,0,0,0,0,0,0,0,0,0,0,0,0,0,57.21875,54,16376,14910,1465,8.94993,16.258,49152,0
05/26/2026 14:24:53,40,54,0,47,51,48,48,48,48,67,12.12,5.02000046,1.30800009,1.39200008,0.716,0.302000016,0.664000034,3.28400016,2.046,0,3.364,3.364,3.11600018,52,45,41,45.5,888,677,0,751,652,0,0,0,0,0,7.81,1.56,0,0,3.12,7.81,1.56,0,2.73,7.81,26.7839355,3156,150,4850,523,48.5,0.382338315,0.65,3084,112,32.3333321,0.11978218,0.65,2864,52,32.3333321,0.0557226762,0.65,2654,30,32.3333321,0.0254524425,0.65,3043,84,32.3333321,0.08650443,0.65,3233,340,32.3333321,0.324091375,0.65,2811,37,32.3333321,0.023743296,0.65,2712,26,32.3333321,0.01504358,0.65,52.5000076,41.0000038,99.99819,512,-1,485.785156,485.5,0.28515625,0.5,7618.451,7618.951,0,0,0,0,0,0,0,0,0,0,0,0,512,600,1200,3000,46,0.570000052,1.30500007,0,0,13,45,210,405,0,0,0,0,0,20,0,0,6.114,7.098,0.865,1156.94141,74.31641,2.12799954,0,0,0,0,0,0,0,0,0,0,0,0,0,57.0625,54,16376,14910,1465,8.94993,17.074,0,0
05/26/2026 14:24:55,41,54,0,48,52,47,47,47,47,65,12.12,5.03,1.30800009,1.39200008,0.576000035,0.30400002,0.664000034,3.28400016,2.046,0,3.36800027,3.36800027,3.11600018,51,45,41,45.5,906,704,0,780,645,0,0,0,0,0,3.08,1.54,0,0,0,3.08,0,0,0.96,3.08,26.3084545,3299,104,4850,358,48.5,0.256692171,0.65,3094,84,32.3333321,0.0602612421,0.65,2616,25,32.3333321,0.0111572649,0.65,2574,20,32.3333321,0.008672372,0.65,2649,28,32.3333321,0.0158717949,0.65,4850,249,48.5,0.2192442,0.65,2598,19,32.3333321,0.008658693,0.65,3161,49,32.3333321,0.0241799448,0.65,51.2500076,43.0000038,99.9982,512,-1,485.785156,485.5,0.28515625,0.5,7618.451,7618.951,0,0,0,0,0,0,0,0,0,0,0,0,512,600,1200,3000,47,0.729000032,1.30500007,0,0,14,45,210,405,0,0,0,0,0,22,0,0,5.853,6.363,0.865,1156.94141,74.31641,1.05541444,0,0,0,0.00135829451,0,0,0,0,0,0,0,0,0,57.1875,54,16376,14910,1465,8.94993,17.585,0,0
05/26/2026 14:24:57,41,54,0,48,53,44,44,44,44,63,12.12,5.03,1.30800009,1.39200008,0.558,0.284,0.664000034,3.28400016,2.046,0,3.36800027,3.36800027,3.11600018,50,45,40.5,45.5,916,704,0,782,652,0,0,0,0,0,4.62,0,0,0,0,1.54,0,0,0.77,4.62,25.7646885,3265,93,4040,359,40.4,0.204063,0.56875,3376,48,40.4,0.0325185023,0.56875,2714,30,33.6666679,0.0168210175,0.56875,2680,20,33.6666679,0.00958843,0.56875,2755,35,33.6666679,0.0231649559,0.56875,5050,209,50.5,0.212023675,0.56875,2827,23,33.6666679,0.0118188774,0.56875,2679,19,33.6666679,0.0122994417,0.56875,50.2500076,47.6250038,99.9982,512,-1,485.785156,485.5,0.28515625,0.5,7618.451,7618.951,0,0,0,0,0,0,0,0,0,0,0,0,512,600,1200,3000,47,0.575000048,1.30500007,0,0,13,45,210,405,0,0,0,0,0,46,0,0,6.712,6.691,0.865,1156.94141,74.31641,0,0,0,0,0,0,0,0,0,0,0,0,0,0,57.1875,54,16376,14910,1465,8.94993,19.357,0,0
05/26/2026 14:24:59,40,53,0,48,53,44,44,44,44,63,12.12,5.02000046,1.30800009,1.388,0.622000039,0.298,0.664000034,3.28400016,2.046,0,3.364,3.364,3.11200023,49,44.5,40.5,45.5,897,702,0,791,664,0,0,0,0,0,18.75,7.69,3.08,6.15,9.23,12.31,4.62,4.62,8.31,18.75,26.4520416,3282,99,4040,384,40.4,0.280674,0.525,2975,68,33.6666679,0.043384362,0.525,2715,31,33.6666679,0.0155270351,0.525,2770,29,33.6666679,0.014238148,0.525,3282,28,40.4,0.024462156,0.525,4967,204,50.5,0.163693711,0.525,2622,21,33.6666679,0.01063449,0.525,2881,30,33.6666679,0.01142562,0.525,49.6250076,41.0000038,99.99819,512,-1,485.785156,485.5,0.28515625,0.5,7618.451,7618.951,0,0,0,0,0,0,0,0,0,0,0,0,512,600,1200,3000,48,0.745000064,1.30500007,0,0,15,45,210,405,0,0,0,0,0,40,0,0,6.998,7.4,0.865,1156.94141,74.31641,0.0175075866,0,0,0,0,0,0,0,0,0,0,0,0,0,57.21875,54,16376,14910,1465,8.94993,19.056,0,0
05/26/2026 14:25:01,39,53,0,47,52,42,42,42,42,62,12.0960007,5.02000046,1.30800009,1.39200008,0.710000038,0.298,0.664000034,3.28400016,2.046,0,3.364,3.364,3.11200023,49,45,40.5,45.5,876,665,0,774,684,0,0,0,0,0,12.5,3.17,3.17,1.59,3.17,7.81,1.59,3.17,4.52,12.5,26.2194347,3172,94,4850,363,48.5,0.254886538,0.65,2791,60,32.3333321,0.0485070124,0.65,2596,28,32.3333321,0.0154817244,0.65,2519,21,32.3333321,0.00995393,0.65,2633,39,32.3333321,0.0177870374,0.65,4735,186,48.5,0.151391163,0.65,2507,22,32.3333321,0.0102429148,0.65,2746,34,32.3333321,0.01684874,0.65,49.1250076,43.0000038,99.9982,512,-1,485.785156,485.5,0.28515625,0.5,7618.451,7618.951,0,0,0,0,0,0,0,0,0,0,0,0,512,600,1200,3000,46,0.659000039,1.30500007,0,0,13,45,210,405,0,0,0,0,0,46,0,0,7.546,7.542,0.865,1156.94141,74.546875,0.009797061,0,0,0,0,0,0,0,0,0,0.0112431971,0,0,0,57.28125,54,16376,14910,1465,8.94993,19.016,0,0
05/26/2026 14:25:03,39,53,0,47,52,42,42,42,42,62,12.12,5.03,1.30800009,1.39200008,0.61,0.298,0.664000034,3.288,2.046,0,3.37200022,3.364,3.11600018,49,45,40.5,45.5,884,669,0,761,677,0,0,0,0,0,9.38,0,0,0,0,1.54,0,0,1.36,9.38,25.8733883,3137,101,3600,383,36,0.253825247,0.9625,3058,48,36,0.03037457,0.95625,2886,23,36,0.0109493239,0.95,3144,34,36,0.0204215,0.95,3003,37,36,0.0155463,0.95,3600,244,36,0.206479028,0.95625,2881,20,36,0.00958437,0.95,2923,22,36,0.008799508,0.94375,49.0000076,41.0000038,99.99819,512,-1,485.785156,485.5,0.28515625,0.5,7618.451,7618.951,0,0,0,0,0,0,0,0,0,0,0,0,512,600,1200,3000,46,0.42900002,1.30500007,0,0,11,45,210,405,0,0,0,0,0,40,0,0,6.368,6.31,0.865,1156.94141,74.546875,0.0175544713,0,0,0,0,0,0,0,0,0,0,0,0,0,57.28125,54,16376,14910,1465,8.94993,20.482,0,1549312
05/26/2026 14:25:05,38,54,0,46,51,40,40,40,40,61,12.12,5.03,1.30800009,1.39200008,0.712,0.30400002,0.664000034,3.28400016,2.046,0,3.36800027,3.364,3.11600018,48,45,40.5,45.5,865,702,0,755,668,0,0,0,0,0,14.06,4.76,1.61,3.17,3.17,3.17,1.59,1.59,4.14,14.06,26.3638783,2911,84,4850,351,48.5,0.218775481,0.66875,2690,43,32.3333321,0.0254301019,0.66875,2510,21,32.3333321,0.0092682,0.66875,2607,27,32.3333321,0.0141091114,0.66875,2560,28,32.3333321,0.0146759264,0.66875,3046,162,32.3333321,0.143971145,0.66875,2520,22,32.3333321,0.009390755,0.66875,2504,19,32.3333321,0.009200841,0.66875,48.5000076,42.5000038,99.9982,512,-1,485.785156,485.5,0.28515625,0.5,7618.451,7618.951,0,0,0,0,0,0,0,0,0,0,0,0,512,600,1200,3000,46,0.575000048,1.30500007,0,0,13,45,210,405,0,0,0,0,0,22,0,0,5.28,5.278,0.865,1156.94141,74.546875,0,0,0,0,0,0,0,0,0,0,0,0,0,0,57.25,54,16376,14910,1465,8.94993,15.45,0,0
05/26/2026 14:25:07,38,54,0,46,50,40,40,40,40,61,12.12,5.03,1.31000006,1.39200008,0.796000063,0.31,0.664000034,3.288,2.046,0,3.36800027,3.36800027,3.11600018,48,45,40.5,45.5,859,703,0,763,663,0,0,0,0,0,4.69,1.54,1.54,0,0,6.25,0,1.54,1.94,6.25,26.5815487,3181,95,4850,383,48.5,0.272340328,0.65,2688,45,32.3333321,0.0300250035,0.65,2576,22,32.3333321,0.009495997,0.65,2672,29,32.3333321,0.0111292507,0.65,2641,29,32.3333321,0.01784823,0.65,4812,211,48.5,0.1813841,0.65,2629,20,32.3333321,0.009486039,0.65,2581,22,32.3333321,0.0105214333,0.65,48.5000076,40.5000038,99.99819,512,-1,485.785156,485.5,0.28515625,0.5,7618.451,7618.951,0,0,0,0,0,0,0,0,0,0,0,0,512,600,1200,3000,46,0.604000032,1.30500007,0,1,13,45,210,405,0,0,0,0,0,46,0,0,7.452,7.888,0.865,1156.94141,74.546875,0.0127835292,0,0,0,0,0,0,0,0,0,0,0,0,0,57.375,54,16376,14910,1465,8.94993,17.246,49152,49152
05/26/2026 14:25:09,38,54,0,46,50,40,40,40,40,61,12.12,5.03,1.30800009,1.39200008,0.584000051,0.288000017,0.664000034,3.28400016,2.046,0,3.36800027,3.36800027,3.11600018,48,45,40.5,45.5,860,704,0,757,635,0,0,0,0,0,7.81,0,0,0,0,0,0,0,0.98,7.81,26.2515926,3214,99,4850,420,48.5,0.269102365,0.64375,2860,63,32.3333321,0.03563913,0.64375,2645,27,32.3333321,0.0169081278,0.65,2611,25,32.3333321,0.0138591211,0.65,2700,31,32.3333321,0.0248498153,0.65,4722,179,48.5,0.157998025,0.65,2765,26,32.3333321,0.0115013169,0.65,2561,19,32.3333321,0.009329803,0.65,48.5000076,40.5000038,99.99821,512,-1,485.785156,485.5,0.28515625,0.5,7618.451,7618.951,0,0,0,0,0,0,0,0,0,0,0,0,512,600,1200,3000,46,0.410000026,1.30500007,0,0,11,45,210,405,0,0,0,0,0,22,0,0,6.033,6.379,0.865,1156.94141,74.546875,0.009650996,0,0,0,0,0,0,0,0,0,0,0,0,0,57.28125,54,16376,14910,1465,8.94993,19.712,49152,49152
05/26/2026 14:25:11,38,54,0,46,50,40,40,40,40,61,12.12,5.03,1.30800009,1.39200008,0.636000037,0.298,0.664000034,3.28400016,2.046,0,3.364,3.364,3.11600018,48,45,40.5,45.5,855,679,0,746,631,0,0,0,0,0,4.69,0,0,0,0,1.56,0,0,0.78,4.69,27.4967136,3054,75,3600,255,36,0.143185332,0.9625,2987,45,36,0.0261172689,0.95625,2879,26,36,0.009352906,0.95,2849,23,36,0.009048012,0.95,2867,26,36,0.0144036468,0.95,3447,184,36,0.156141967,0.95625,2860,22,36,0.008296334,0.95,2945,21,36,0.008236492,0.94375,48.5000076,40.5000038,99.9982,512,-1,485.785156,485.5,0.28515625,0.5,7618.451,7618.951,0,0,0,0,0,0,0,0,0,0,0,0,512,600,1200,3000,46,0.405000031,1.30500007,0,0,11,45,210,405,0,0,0,0,0,21,0,0,5.275,5.588,0.865,1156.94141,74.546875,0,0,0,0,0,0,0,0,0,0,0,0,0,0,57.25,54,16376,14910,1465,8.94993,16.148,0,0
05/26/2026 14:25:13,38,53,0,46,50,40,40,40,40,61,12.12,5.03,1.30800009,1.39200008,0.616000056,0.290000021,0.664000034,3.28400016,2.046,0,3.36800027,3.364,3.11200023,48,45,40.5,45.5,859,676,0,746,647,0,0,0,0,0,6.25,0,0,0,0,1.56,0,0,0.98,6.25,25.9810753,3258,93,4850,364,48.5,0.205989584,0.65625,2844,50,32.3333321,0.03013961,0.65625,2677,25,32.3333321,0.014596967,0.65625,2597,24,32.3333321,0.00939508248,0.65625,2993,48,32.3333321,0.034789186,0.65625,4838,196,48.5,0.195908427,0.65625,2582,19,32.3333321,0.008510463,0.65625,2686,20,32.3333321,0.0170819331,0.65625,48.5000076,40.125,99.99819,512,-1,485.785156,485.5,0.28515625,0.5,7618.451,7618.951,0,0,0,0,0,0,0,0,0,0,0,0,512,600,1200,3000,47,0.575000048,1.30500007,0,0,13,45,210,405,0,0,0,0,0,21,0,0,5.615,6.047,0.865,1156.94141,74.546875,1.16058159,0,0,0,0,0,0,0,0,0,0,0,0,0,57.28125,54,16376,14910,1465,8.94993,16.058,49152,0
05/26/2026 14:25:15,38,54,0,46,50,40,40,40,40,61,12.12,5.03,1.30800009,1.39200008,0.602000058,0.306000024,0.664000034,3.28400016,2.046,0,3.36800027,3.364,3.11600018,48,45,40.5,45.5,858,702,0,757,631,0,0,0,0,0,7.81,0,0,0,0,1.56,0,0,1.17,7.81,26.9384041,3211,95,4850,405,48.5,0.306483865,0.65,2972,62,32.3333321,0.0441323258,0.65,2619,25,32.3333321,0.0118280165,0.65,2596,20,32.3333321,0.0100217517,0.65625,2642,27,32.3333321,0.0155610889,0.65625,4696,178,48.5,0.156040579,0.65625,2623,19,32.3333321,0.008715775,0.65625,2687,26,32.3333321,0.009958694,0.65625,48.3750076,39.625,99.9982,512,-1,485.785156,485.5,0.28515625,0.5,7618.451,7618.951,0,0,0,0,0,0,0,0,0,0,0,0,512,600,1200,3000,46,0.440000027,1.30500007,0,0,11,45,210,405,0,0,0,0,0,22,0,0,6.102,6.782,0.865,1156.94141,74.546875,0,0,0,0,0,0,0,0,0,0,0,0,0,0,57.34375,54,16376,14910,1465,8.94993,18.753,49152,0
05/26/2026 14:25:17,38,54,0,46,50,40,40,40,40,61,12.0960007,5.03,1.30800009,1.39200008,0.584000051,0.294,0.664000034,3.28400016,2.046,0,3.36800027,3.364,3.11600018,48,45,40.5,45.5,867,678,0,746,647,0,0,0,0,0,6.25,0,0,0,0,0,0,0,0.78,6.25,25.72519,3135,93,4850,394,48.5,0.279828221,0.64375,2718,57,32.3333321,0.0312699825,0.64375,2565,28,32.3333321,0.01784677,0.64375,2539,25,32.3333321,0.0124968523,0.64375,2594,36,32.3333321,0.0227381755,0.64375,4594,153,48.5,0.11980214,0.64375,2592,25,32.3333321,0.0133807762,0.64375,2630,25,32.3333321,0.01038922,0.64375,48.2500076,40.125,99.9982,512,-1,485.785156,485.5,0.28515625,0.5,7618.451,7618.951,0,0,0,0,0,0,0,0,0,0,0,0,512,600,1200,3000,46,0.705000043,1.30500007,0,0,13,45,210,405,0,0,0,0,0,22,0,0,5.515,5.854,0.865,1156.94141,74.31641,0,0,0,0,0,0,0,0,0,0,0.0114062522,0,0,0,57.34375,54,16376,14910,1465,8.94993,16.987,0,0
05/26/2026 14:25:19,38,54,0,46,50,40,40,40,40,61,12.12,5.03,1.30800009,1.39200008,0.59800005,0.296,0.664000034,3.28400016,2.046,0,3.36800027,3.364,3.11600018,48,45,40.5,45.5,858,677,0,754,647,0,0,0,0,0,6.15,0,0,0,0,1.54,0,0,0.96,6.15,26.5030136,3188,97,4850,377,48.5,0.2717262,0.65,2862,61,32.3333321,0.0355276354,0.65,2537,23,32.3333321,0.0106281824,0.65,2554,26,32.3333321,0.0103067858,0.65,2691,38,32.3333321,0.0204792637,0.65,4750,197,48.5,0.1780359,0.65,2536,25,32.3333321,0.0101628909,0.65,2721,28,32.3333321,0.0122112818,0.65,48.2500076,40.125,99.9982,512,-1,485.785156,485.5,0.28515625,0.5,7618.451,7618.951,0,0,0,0,0,0,0,0,0,0,0,0,512,600,1200,3000,46,0.405000031,1.30500007,0,0,11,45,210,405,0,0,0,0,0,23,0,0,5.283,5.449,0.865,1156.94141,74.31641,1.1536907,0,0,0,0,0,0,0,0,0,0,0,0,0,57.28125,54,16376,14910,1465,8.94993,15.113,0,0
05/26/2026 14:25:21,38,54,0,46,50,40,40,40,40,61,12.0960007,5.03,1.30800009,1.39200008,0.676000059,0.308000028,0.66200006,3.28400016,2.046,0,3.364,3.364,3.11600018,48,45,40.5,45.5,859,679,0,745,646,0,0,0,0,0,14.06,4.62,4.62,6.15,4.62,6.25,4.62,4.62,6.19,14.06,25.3920059,3313,76,4850,262,48.5,0.131914347,0.65,4025,42,48.5,0.0319294743,0.65,2566,27,32.3333321,0.0124856681,0.65,2586,26,32.3333321,0.0104351016,0.65,2593,28,32.3333321,0.0170121025,0.64375,4680,174,48.5,0.150602669,0.64375,2634,27,32.3333321,0.0182272512,0.64375,2571,20,32.3333321,0.0106781321,0.64375,48.1250076,41.0000038,99.9982,512,-1,485.785156,485.5,0.28515625,0.5,7618.451,7618.951,0,0,0,0,0,0,0,0,0,0,0,0,512,600,1200,3000,46,0.599000037,1.30500007,0,0,13,45,210,405,0,0,0,0,0,46,0,0,7.351,7.312,0.865,1156.94141,74.31641,0,0,0,0,0,0,0,0,0,0,0,0,0,0,57.375,54,16376,14910,1465,8.94993,18.693,0,0
05/26/2026 14:25:23,38,54,0,46,50,40,40,40,40,61,12.12,5.02000046,1.30800009,1.39200008,0.616000056,0.292000026,0.664000034,3.28400016,2.046,0,3.364,3.364,3.11200023,48,45,40.5,45.5,870,678,0,760,632,0,0,0,0,0,7.81,3.12,0,0,0,7.81,0,0,2.34,7.81,26.3039455,3196,101,4040,373,40.4,0.257858545,0.55625,2929,58,33.6666679,0.0407883972,0.55625,2713,30,33.6666679,0.01372983,0.55625,2664,22,33.6666679,0.0100952331,0.55625,2771,29,33.6666679,0.020113403,0.55625,5050,252,50.5,0.216428488,0.55625,2732,23,33.6666679,0.0131051186,0.55625,2670,22,33.6666679,0.009851284,0.55625,48.2500076,44.0000038,99.9982,512,-1,485.785156,485.5,0.28515625,0.5,7618.451,7618.951,0,0,0,0,0,0,0,0,0,0,0,0,512,600,1200,3000,46,0.705000043,1.30500007,0,0,13,45,210,405,0,0,0,0,0,39,0,0,6.92,6.949,0.865,1156.94141,74.31641,0.018499108,0,0,0,0,0,0,0,0,0,0,0,0,0,57.4375,54,16376,14910,1465,8.94993,21.105,0,0
05/26/2026 14:25:25,38,53,0,46,50,40,40,40,40,61,12.12,5.03,1.30800009,1.39200008,0.648,0.31,0.664000034,3.28400016,2.046,0,3.364,3.36000013,3.11600018,48,45,40.5,45.5,863,671,0,760,647,0,0,0,0,0,7.94,1.59,3.17,1.59,3.17,3.17,3.12,3.12,3.36,7.94,26.32861,3138,102,3600,401,36,0.290374815,0.9625,3068,43,36,0.024774706,0.95625,2917,31,36,0.0113277584,0.95,2601,22,32.3333321,0.009437257,1.15,2634,30,32.3333321,0.0151392519,1.15,4850,231,48.5,0.1798382,1.15,2719,28,32.3333321,0.0117575275,1.15,2718,27,32.3333321,0.0107516944,1.15,48.1250076,40.125,99.99819,512,-1,485.785156,485.5,0.28515625,0.5,7618.451,7618.951,0,0,0,0,0,0,0,0,0,0,0,0,512,600,1200,3000,46,0.965000033,1.30500007,0,1,14,45,210,405,0,0,0,0,0,46,0,0,6.703,6.918,0.865,1156.94141,74.31641,0.009434773,0,0,0,0,0,0,0,0,0,0,0,0,0,57.40625,54,16376,14910,1465,8.94993,17.448,0,0
05/26/2026 14:25:27,38,54,0,46,50,40,40,40,40,61,12.12,5.03,1.30800009,1.39200008,0.764000058,0.30400002,0.66200006,3.28400016,2.046,0,3.36800027,3.364,3.11200023,48,45,40.5,45.5,860,700,0,756,631,0,0,0,0,0,4.69,0,0,0,0,4.69,0,1.56,1.37,4.69,26.3968124,3402,116,4850,418,48.5,0.283096969,0.51875,4426,82,48.5,0.0724247843,0.51875,2562,26,32.3333321,0.013158395,0.51875,2561,25,32.3333321,0.0138358278,0.51875,2722,39,32.3333321,0.0231483,0.6125,4850,281,48.5,0.25435555,0.6125,2709,34,32.3333321,0.02757409,0.6125,2538,24,32.3333321,0.0126985665,0.6125,48.5000076,43.0000038,99.9982,512,-1,485.785156,485.5,0.28515625,0.5,7618.451,7618.951,0,0,0,0,0,0,0,0,0,0,0,0,512,600,1200,3000,46,0.405000031,1.30500007,0,0,11,45,210,405,0,0,0,0,0,23,0,0,5.42,5.509,0.865,1156.94141,74.31641,1.16793954,0,0,0,0,0,0,0,0,0,0,0,0,0,57.375,54,16376,14910,1465,8.94993,16.236,0,0
05/26/2026 14:25:29,38,54,0,46,50,40,40,40,40,61,12.12,5.03,1.30800009,1.39200008,0.810000062,0.312,0.66200006,3.28400016,2.046,0,3.36800027,3.364,3.11600018,48,45,40.5,45.5,869,703,0,744,631,0,0,0,0,0,7.69,0,0,0,1.56,1.56,0,0,1.35,7.69,26.1254234,3168,86,4850,359,48.5,0.2329039,0.64375,4277,54,48.5,0.04629868,0.64375,2579,25,32.3333321,0.009997538,0.64375,2589,22,32.3333321,0.011315044,0.64375,2628,28,32.3333321,0.0227941368,0.64375,3096,156,32.3333321,0.163212389,0.64375,2692,24,32.3333321,0.00944747,0.64375,2629,21,32.3333321,0.009618959,0.64375,48.2500076,41.0000038,99.9982,512,-1,485.785156,485.5,0.28515625,0.5,7618.451,7618.951,0,0,0,0,0,0,0,0,0,0,0,0,512,600,1200,3000,46,0.585000038,1.30500007,0,0,13,45,210,405,0,0,0,0,0,22,0,0,6.166,6.977,0.865,1156.94141,74.31641,0,0,0,0,0,0,0,0,0,0,0,0,0,0,57.46875,54,16376,14910,1465,8.94993,18.595,0,0
05/26/2026 14:25:31,38,53,0,46,50,40,40,40,40,61,12.12,5.03,1.30800009,1.39200008,0.758,0.3,0.66200006,3.28400016,2.046,0,3.36800027,3.36800027,3.11600018,48,45,40.5,45.5,863,702,0,759,647,0,0,0,0,0,6.25,0,0,0,0,0,0,0,0.78,6.25,26.8997459,3144,99,4850,467,48.5,0.325193226,0.65,2734,57,32.3333321,0.0361102223,0.65,2627,26,32.3333321,0.01713417,0.65,2552,21,32.3333321,0.0149053345,0.65,2643,31,32.3333321,0.02553131,0.65,4569,146,48.5,0.116816185,0.65,2505,18,32.3333321,0.0135693923,0.65,2674,23,32.3333321,0.0127656925,0.65,48.3750076,42.0000038,99.9982,512,-1,485.785156,485.5,0.28515625,0.5,7618.451,7618.951,0,0,0,0,0,0,0,0,0,0,0,0,512,600,1200,3000,46,0.575000048,1.30500007,0,0,11,45,210,405,0,0,0,0,0,22,0,0,5.751,6.003,0.865,1156.94141,74.31641,1.19722128,0,0,0,0,0,0,0,0,0,0,0,0,0,57.46875,54,16376,14910,1465,8.94993,17.711,0,0
05/26/2026 14:25:33,38,53,0,46,50,40,40,40,40,61,12.12,5.03,1.30800009,1.39200008,0.642,0.298,0.66200006,3.288,2.046,0,3.36800027,3.364,3.11600018,48,45,40.5,45.5,858,697,0,761,631,0,0,0,0,0,9.38,0,0,0,0,1.56,0,0,1.37,9.38,26.63421,3130,89,3600,362,36,0.254436553,0.9625,3060,51,36,0.0286769923,0.95625,2900,31,36,0.0140967518,0.95,2908,26,36,0.0126785841,0.95,2720,34,32.3333321,0.01901032,1.14375,4669,170,48.5,0.134630248,1.14375,2595,19,32.3333321,0.0104230242,1.14375,2591,20,32.3333321,0.009637521,1.14375,48.5000076,41.0000038,99.99819,512,-1,485.785156,485.5,0.28515625,0.5,7618.451,7618.951,0,0,0,0,0,0,0,0,0,0,0,0,512,600,1200,3000,46,0.590000033,1.30500007,0,0,13,45,210,405,0,0,0,0,0,40,0,0,6.338,6.995,0.865,1156.94141,74.31641,0.0171622653,0,0,0,0,0,0,0,0,0,0,0,0,0,57.4375,54,16376,14910,1465,8.94993,19.11,49152,0
05/26/2026 14:25:35,38,54,0,46,50,40,40,40,40,61,12.12,5.03,1.30800009,1.39200008,0.73,0.298,0.66200006,3.28400016,2.046,0,3.36800027,3.36800027,3.11600018,48,45,40.5,45.5,854,702,0,746,646,0,0,0,0,0,3.12,1.56,0,0,0,3.12,0,0,0.98,3.12,26.48059,3351,90,4850,368,48.5,0.236252323,0.64375,4109,41,48.5,0.0355522372,0.64375,2566,22,32.3333321,0.010020515,0.64375,2559,22,32.3333321,0.009403698,0.64375,2599,27,32.3333321,0.0156168565,0.64375,4850,196,48.5,0.1807655,0.64375,2571,21,32.3333321,0.0103409123,0.64375,2703,22,32.3333321,0.0105093485,0.64375,48.2500076,40.125,99.9982,512,-1,485.785156,485.5,0.28515625,0.5,7618.451,7618.951,0,0,0,0,0,0,0,0,0,0,0,0,512,600,1200,3000,46,0.570000052,1.30500007,0,0,13,45,210,405,0,0,0,0,0,22,0,0,5.95,5.411,0.865,1156.94141,74.31641,0,0,0,0,0,0,0,0,0,0,0,0,0,0,57.3125,54,16376,14910,1465,8.94993,15.847,0,1599488
05/26/2026 14:25:37,38,54,0,46,50,40,40,40,40,61,12.12,5.03,1.30800009,1.39200008,0.67,0.316,0.66200006,3.28400016,2.046,0,3.36800027,3.36800027,3.11600018,48,45,40.5,45.5,855,703,0,756,646,0,0,0,0,0,6.25,0,0,0,0,1.56,0,0,0.98,6.25,26.00066,3183,89,4850,379,48.5,0.249904484,0.65,2720,44,32.3333321,0.0284842011,0.65,2728,31,32.3333321,0.0116561363,0.65,2631,25,32.3333321,0.008938945,0.65,2653,28,32.3333321,0.0139749227,0.65,4684,171,48.5,0.128542945,0.65,2590,18,32.3333321,0.008584971,0.65,2610,19,32.3333321,0.008276159,0.65,48.2500076,40.125,99.99819,512,-1,485.785156,485.5,0.28515625,0.5,7618.451,7618.951,0,0,0,0,0,0,0,0,0,0,0,0,512,600,1200,3000,46,0.580000043,1.30500007,0,0,13,45,210,405,0,0,0,0,0,46,0,0,7.599,8.008,0.865,1156.94141,74.31641,0.009611287,0,0,0,0,0,0,0,0,0,0,0,0,0,57.40625,54,16376,14910,1465,8.94993,18.511,0,0
05/26/2026 14:25:39,38,54,0,46,50,40,40,40,40,61,12.12,5.03,1.30800009,1.39200008,0.592,0.292000026,0.66200006,3.28400016,2.046,0,3.36800027,3.36800027,3.11600018,48,45,40.5,45.5,867,704,0,745,631,0,0,0,0,0,4.69,0,0,0,0,1.56,0,0,0.78,4.69,25.4375477,3160,78,4850,270,48.5,0.144404948,0.65625,2658,43,32.3333321,0.0290828254,0.65625,2587,28,32.3333321,0.008440441,0.65625,2578,21,32.3333321,0.00750771165,0.65625,2617,27,32.3333321,0.0138243595,0.65625,4704,196,48.5,0.1483673,0.65625,2705,23,32.3333321,0.0079519,0.65625,2580,19,32.3333321,0.00755430572,0.65625,48.0000076,42.0000038,99.9982,512,-1,485.785156,485.5,0.28515625,0.5,7618.451,7618.951,0,0,0,0,0,0,0,0,0,0,0,0,512,600,1200,3000,46,0.62,1.30500007,0,0,12,45,210,405,0,0,0,0,0,40,0,0,6.346,7.006,0.865,1156.94141,74.31641,0,0,0,0,0,0,0,0,0,0,0,0,0,0,57.53125,54,16376,14910,1465,8.94993,20.47,0,0
05/26/2026 14:25:41,38,54,0,46,50,40,40,40,40,61,12.12,5.03,1.30800009,1.39200008,0.66,0.31,0.66200006,3.28400016,2.046,0,3.36800027,3.364,3.11600018,48,45,40.5,45.5,856,704,0,760,631,0,0,0,0,0,9.38,0,0,0,0,0,0,0,1.17,9.38,26.7003727,2945,97,4850,420,48.5,0.310272545,0.66875,2734,53,32.3333321,0.0297321,0.66875,2518,21,32.3333321,0.0129973069,0.66875,2519,21,32.3333321,0.0108384024,0.66875,2632,32,32.3333321,0.016493883,0.66875,3154,192,32.3333321,0.130349681,0.66875,2513,19,32.3333321,0.0108211152,0.66875,2637,21,32.3333321,0.0116097005,0.66875,48.1250076,43.0000038,99.9982,512,-1,485.785156,485.5,0.28515625,0.5,7618.451,7618.951,0,0,0,0,0,0,0,0,0,0,0,0,512,600,1200,3000,47,0.914000034,1.30500007,0,4,15,45,210,405,0,0,0,0,0,22,0,0,5.345,5.357,0.865,1156.94141,74.31641,0.009438181,0,0,0,0,0,0,0,0,0,0,0,0,0,57.46875,54,16376,14910,1465,8.94993,17.246,0,49152
05/26/2026 14:25:43,38,54,0,46,50,40,40,40,40,61,12.12,5.03,1.30800009,1.39200008,0.702,0.294,0.66200006,3.28400016,2.046,0,3.36800027,3.36800027,3.11600018,48,45,40.5,45.5,860,703,0,744,647,0,0,0,0,0,4.69,0,0,0,0,0,0,0,0.59,4.69,25.4255867,3143,81,4850,332,48.5,0.1985263,0.65,2650,37,32.3333321,0.0181531534,0.65,2528,21,32.3333321,0.009175649,0.65,2611,26,32.3333321,0.0102628171,0.65,2614,25,32.3333321,0.0135670183,0.65,4610,151,48.5,0.1191035,0.65,2715,29,32.3333321,0.0160489753,0.65,2568,25,32.3333321,0.009029452,0.65,48.0000076,40.5000038,99.99819,512,-1,485.785156,485.5,0.28515625,0.5,7618.451,7618.951,0,0,0,0,0,0,0,0,0,0,0,0,512,600,1200,3000,47,0.989,1.30500007,0,6,15,45,210,405,0,0,0,0,0,46,0,0,7.652,7.446,0.865,1156.94141,74.31641,0,0,0,0,0,0,0,0,0,0,0,0,0,0,57.5,54,16376,14910,1465,8.94993,19.639,0,0
05/26/2026 14:25:45,38,54,0,46,50,40,40,40,40,61,12.0960007,5.03,1.30800009,1.388,0.558,0.292000026,0.66200006,3.28400016,2.046,0,3.364,3.364,3.11200023,48,45,40.5,45.5,868,703,0,744,631,0,0,0,0,0,6.15,0,0,0,0,1.56,0,0,0.96,6.15,25.8879166,3005,101,4850,415,48.5,0.315158069,0.65,2915,63,32.3333321,0.0541390851,0.65,2586,24,32.3333321,0.0152802058,0.65,2596,27,32.3333321,0.0117860856,0.65,2688,30,32.3333321,0.0305510331,0.65,3178,201,32.3333321,0.175545752,0.65,2568,21,32.3333321,0.0100202616,0.65,2659,26,32.3333321,0.0111846961,0.65,48.1250076,41.0000038,99.99819,512,-1,485.785156,485.5,0.28515625,0.5,7618.451,7618.951,0,0,0,0,0,0,0,0,0,0,0,0,512,600,1200,3000,48,0.969000041,1.30500007,0,2,15,45,210,405,0,0,0,0,0,40,0,0,6.936,7.101,0.865,1156.94141,74.31641,0.00951063,0,0,0,0,0,0,0,0,0,0,0,0,0,57.5625,56,16376,14910,1465,8.94993,21.151,0,0
05/26/2026 14:25:47,38,54,0,46,50,40,40,40,40,61,12.0960007,5.02000046,1.30800009,1.39200008,0.722000062,0.3,0.66200006,3.28400016,2.046,0,3.364,3.364,3.11200023,48,45,40.5,45.5,866,704,0,745,631,0,0,0,0,0,6.25,0,0,0,0,0,0,0,0.78,6.25,25.7470913,3142,88,3600,384,36,0.253012419,0.9625,3193,45,36,0.0303285662,1.35,2974,25,36,0.0114919776,1.35,2940,23,36,0.0102569731,1.35,2956,25,36,0.0115851043,1.35,3438,155,36,0.1396699,1.35,2946,23,36,0.0102386475,1.35,3091,20,36,0.009605894,1.35,47.8750076,42.5000038,99.9982,512,-1,485.785156,485.5,0.28515625,0.5,7618.451,7618.951,0,0,0,0,0,0,0,0,0,0,0,0,512,600,1200,3000,47,0.745000064,1.30500007,0,0,14,45,210,405,0,0,0,0,0,22,0,0,5.372,5.353,0.865,1156.94141,74.31641,0,0,0,0,0,0,0,0,0,0,0,0,0,0,57.5,54,16376,14910,1465,8.94993,16.92,0,0
05/26/2026 14:25:49,38,54,0,46,50,40,40,40,40,61,12.12,5.03,1.30800009,1.39200008,0.61,0.298,0.66200006,3.28400016,2.046,0,3.36800027,3.36800027,3.11600018,48,45,40.5,45.5,858,704,0,761,646,0,0,0,0,0,7.81,0,0,0,0,1.56,0,0,1.17,7.81,26.29215,3175,116,4850,363,48.5,0.288463145,0.64375,2706,52,32.3333321,0.04658544,0.64375,2701,38,32.3333321,0.0153502841,0.64375,2550,21,32.3333321,0.009735828,0.64375,2630,31,32.3333321,0.0174104627,0.64375,4850,376,48.5,0.3450049,0.64375,2541,22,32.3333321,0.009560693,0.64375,2573,21,32.3333321,0.00992723648,0.64375,48.3750076,43.0000038,99.9982,512,-1,485.785156,485.5,0.28515625,0.5,7618.451,7618.951,0,0,0,0,0,0,0,0,0,0,0,0,512,600,1200,3000,46,0.435000032,1.30500007,0,0,11,45,210,405,0,0,0,0,0,46,0,0,7.359,7.722,0.865,1156.94141,74.31641,0.009527951,0,0,0,0,0,0,0,0,0,0,0,0,0,57.65625,54,16376,14910,1465,8.94993,16.566,0,0
05/26/2026 14:25:51,38,54,0,46,50,41,41,41,41,61,12.12,5.03,1.30800009,1.39200008,0.808,0.312,0.66200006,3.28400016,2.046,0,3.36800027,3.36800027,3.11600018,48,45,40.5,45.5,862,679,0,744,646,0,0,0,0,0,6.15,1.54,1.54,0,1.54,4.62,0,0,1.92,6.15,26.4584122,3410,133,4850,444,48.5,0.297149539,0.65,3038,82,32.3333321,0.09209704,0.65,2983,63,32.3333321,0.07748709,0.65,2889,45,32.3333321,0.0523724556,0.65,3134,74,32.3333321,0.06559746,0.65,4850,291,48.5,0.216547012,0.65,2810,35,32.3333321,0.0287217684,0.65,2730,27,32.3333321,0.01939945,0.65,48.7500076,40.125,99.99819,512,-1,485.785156,485.5,0.28515625,0.5,7618.451,7618.951,0,0,0,0,0,0,0,0,0,0,0,0,512,600,1200,3000,46,0.570000052,1.30500007,0,0,13,45,210,405,0,0,0,0,0,40,0,0,7.198,7.304,0.865,1156.94141,74.31641,0,0,0,0,0,0,0,0,0,0,0,0,0,0,57.5625,54,16376,14910,1465,8.94993,20.594,0,1599488
05/26/2026 14:25:53,39,54,0,46,51,42,42,42,42,62,12.12,5.03,1.30800009,1.39200008,0.712,0.3,0.66200006,3.28400016,2.046,0,3.36800027,3.364,3.11200023,49,45,40.5,45.5,873,679,0,745,631,0,0,0,0,0,9.38,0,0,0,0,1.56,0,0,1.37,9.38,25.9086189,3180,100,4850,466,48.5,0.365629584,0.65,2777,46,32.3333321,0.0318928733,0.65,2655,23,32.3333321,0.009126467,0.65,2623,24,32.3333321,0.009049737,0.65,2641,27,32.3333321,0.0110694719,0.65,4656,174,48.5,0.145159781,0.65,2606,21,32.3333321,0.008840315,0.65,2636,18,32.3333321,0.009444119,0.65,48.8750076,41.0000038,99.99819,512,-1,485.785156,485.5,0.28515625,0.5,7618.451,7618.951,0,0,0,0,0,0,0,0,0,0,0,0,512,600,1200,3000,46,0.655000031,1.30500007,0,0,13,45,210,405,0,0,0,0,0,22,0,0,5.576,5.687,0.865,1156.94141,74.31641,0.009688985,0,0,0,0,0,0,0,0,0,0,0,0,0,57.5625,54,16376,14910,1465,8.94993,19.606,0,1599488
05/26/2026 14:25:55,38,54,0,46,51,40,40,40,40,61,12.12,5.03,1.30800009,1.39200008,0.61,0.308000028,0.66200006,3.28400016,2.046,0,3.36800027,3.364,3.11600018,48,45,40.5,45.5,859,679,0,766,637,0,0,0,0,0,7.81,1.56,0,0,1.56,1.56,3.12,3.12,2.34,7.81,26.0365276,3024,82,3600,309,36,0.165993109,0.9625,2884,37,36,0.0326711833,0.95625,2512,24,32.3333321,0.008977913,1.15,2503,20,32.3333321,0.00918082148,1.15,2598,26,32.3333321,0.0117888376,1.15,4789,186,48.5,0.189541,1.15,2627,23,32.3333321,0.009030014,1.15,2676,30,32.3333321,0.0129194036,1.15,48.7500076,40.125,99.9982,512,-1,485.785156,485.5,0.28515625,0.5,7618.451,7618.951,0,0,0,0,0,0,0,0,0,0,0,0,512,600,1200,3000,48,0.745000064,1.30500007,0,0,14,45,210,405,0,0,0,0,0,46,0,0,6.724,6.728,0.865,1156.94141,74.31641,0,0,0,0,0,0,0,0,0,0,0,0,0,0,57.59375,54,16376,14910,1465,8.94993,19.029,0,1549312
05/26/2026 14:25:57,38,54,0,46,50,40,40,40,40,61,12.0960007,5.03,1.30800009,1.39200008,0.736000061,0.3,0.66200006,3.28400016,2.046,0,3.36800027,3.364,3.11200023,48,45,40.5,45.5,854,679,0,753,654,0,0,0,0,0,7.94,0,0,0,0,1.59,0,0,1.19,7.94,26.3504486,3180,101,4850,388,48.5,0.27074632,0.65,2713,50,32.3333321,0.04555813,0.65,2582,24,32.3333321,0.0135615524,0.65,2640,28,32.3333321,0.0163672678,0.65,2639,30,32.3333321,0.0195080061,0.65,4850,238,48.5,0.2187814,0.65,2636,26,32.3333321,0.009601974,0.65,2530,21,32.3333321,0.009203806,0.65,48.5000076,40.125,99.9982,512,-1,485.785156,485.5,0.28515625,0.5,7618.451,7618.951,0,0,0,0,0,0,0,0,0,0,0,0,512,600,1200,3000,48,0.965000033,1.30500007,0,1,14,46,210,405,0,0,0,0,0,40,0,0,7.24,7.525,0.865,1156.94141,74.31641,0.009573761,0,0,0,0,0,0,0,0,0,0,0,0,0,57.59375,54,16376,14910,1465,8.94993,19.947,0,99328
05/26/2026 14:25:59,38,54,0,46,50,40,40,40,40,61,12.12,5.03,1.30800009,1.39200008,0.732000053,0.302000016,0.66200006,3.28400016,2.046,0,3.36800027,3.364,3.11600018,48,45,40.5,45.5,862,678,0,747,650,0,0,0,0,0,7.81,1.56,0,0,0,1.56,0,0,1.37,7.81,25.97042,3341,96,4850,422,48.5,0.2517014,0.65625,4220,54,48.5,0.0433329865,0.65625,2599,25,32.3333321,0.0115657439,0.65625,2612,22,32.3333321,0.0116891116,0.65625,2736,37,32.3333321,0.0218169652,0.65625,4576,171,48.5,0.137141824,0.65625,2579,21,32.3333321,0.0116006471,0.65625,2555,17,32.3333321,0.00927373,0.65625,48.3750076,41.5000038,99.99819,512,-1,485.785156,485.5,0.28515625,0.5,7618.451,7618.951,0,0,0,0,0,0,0,0,0,0,0,0,512,600,1200,3000,48,0.745000064,1.30500007,0,0,15,45,210,405,0,0,0,0,0,22,0,0,6.089,7.133,0.865,1156.94141,74.31641,0,0,0,0,0,0,0,0,0,0,0,0,0,0,57.5625,54,16376,14910,1465,8.94993,18.15,0,49152
05/26/2026 14:26:01,38,54,0,46,50,40,40,40,40,61,12.12,5.03,1.30800009,1.39200008,0.690000057,0.3,0.66200006,3.28400016,2.046,0,3.36800027,3.364,3.11200023,48,45,40.5,45.5,856,678,0,762,647,0,0,0,0,0,12.31,0,0,0,0,1.54,0,0,1.73,12.31,26.6833534,3196,105,4850,445,48.5,0.304259121,0.64375,2841,53,32.3333321,0.0515566058,0.64375,2626,29,32.3333321,0.0125509519,0.64375,2587,23,32.3333321,0.009381216,0.64375,2612,24,32.3333321,0.0139214844,0.64375,4805,218,48.5,0.191863909,0.64375,2580,20,32.3333321,0.0125703979,0.64375,2671,25,32.3333321,0.0104659991,0.64375,48.3750076,43.5000038,99.99819,512,-1,485.785156,485.5,0.28515625,0.5,7618.451,7618.951,0,0,0,0,0,0,0,0,0,0,0,0,512,600,1200,3000,46,0.940000057,1.30500007,0,3,15,46,210,405,0,0,0,0,0,40,0,0,6.352,6.294,0.865,1156.94141,74.546875,0.0265932176,0,0,0,0,0,0,0,0,0,0.009577106,0,0,0,57.65625,54,16376,14910,1465,8.94993,17.644,0,1599488
05/26/2026 14:26:03,38,54,0,46,50,40,40,40,40,61,12.0960007,5.02000046,1.30800009,1.39200008,0.62,0.288000017,0.66200006,3.28400016,2.046,0,3.364,3.364,3.11200023,48,45,40.5,45.5,859,678,0,747,631,0,0,0,0,0,6.25,0,0,0,0,1.56,0,0,0.98,6.25,26.1704216,3174,93,3600,386,36,0.227959841,0.65,3070,44,36,0.030772768,0.65,2998,28,36,0.0146774044,0.65,3171,37,36,0.009776697,0.65,2966,32,36,0.0167018976,0.65,3517,172,36,0.160606861,0.65,2895,19,36,0.00855406,0.65,3172,27,36,0.009701813,0.65,48.2500076,43.0000038,99.9982,512,-1,485.785156,485.5,0.28515625,0.5,7618.451,7618.951,0,0,0,0,0,0,0,0,0,0,0,0,512,600,1200,3000,47,0.965000033,1.30500007,0,2,15,45,210,405,0,0,0,0,0,22,0,0,5.581,5.235,0.865,1156.94141,74.546875,0,0,0,0,0,0,0,0,0,0,0,0,0,0,57.5625,54,16376,14910,1465,8.94993,15.442,0,1599488
05/26/2026 14:26:05,38,54,0,46,50,40,40,40,40,61,12.0960007,5.03,1.30800009,1.388,0.682000041,0.30400002,0.66200006,3.28400016,2.046,0,3.364,3.364,3.11200023,48,45,40.5,45.5,862,678,0,760,646,0,0,0,0,0,10.77,0,1.56,0,0,4.62,0,0,2.12,10.77,26.19086,3474,91,4850,350,48.5,0.263118029,0.6625,4036,40,48.5,0.03126531,0.6625,3861,27,48.5,0.0138315177,0.6625,2566,20,32.3333321,0.0104501033,0.6625,3950,24,48.5,0.01718867,0.64375,3233,227,32.3333321,0.199842945,0.64375,2574,17,32.3333321,0.009909311,0.64375,2725,21,32.3333321,0.0107307788,0.64375,48.2500076,41.0000038,99.9982,512,-1,485.785156,485.5,0.28515625,0.5,7618.451,7618.951,0,0,0,0,0,0,0,0,0,0,0,0,512,600,1200,3000,47,0.955000043,1.30500007,0,1,14,46,210,405,0,0,0,0,0,46,0,0,7.632,7.907,0.865,1156.94141,74.546875,0.0127310026,0,0,0,0.00140459416,0,0,0,0,0,0,0,0,0,57.71875,54,16376,14910,1465,8.94993,18.082,0,1599488
05/26/2026 14:26:07,38,54,0,46,50,40,40,40,40,61,12.0960007,5.02000046,1.30800009,1.388,0.628,0.294,0.66200006,3.28400016,2.046,0,3.364,3.364,3.11200023,48,45,40.5,45.5,854,678,0,756,631,0,0,0,0,0,7.81,3.12,1.56,0,1.56,3.12,0,0,2.15,7.81,25.9447346,3201,88,4850,349,48.5,0.239591524,0.65,2987,74,32.3333321,0.07251649,0.65,2923,40,32.3333321,0.0298351813,0.65,2585,23,32.3333321,0.0148280328,0.65,2650,35,32.3333321,0.0250223055,0.65,4524,141,48.5,0.138642117,0.65,2555,20,32.3333321,0.012169417,0.65,2534,20,32.3333321,0.00775259826,0.65,48.2500076,40.125,99.99819,512,-1,485.785156,485.5,0.28515625,0.5,7618.451,7618.951,0,0,0,0,0,0,0,0,0,0,0,0,512,600,1200,3000,46,0.75000006,1.30500007,0,0,14,46,210,405,0,0,0,0,0,40,0,0,6.931,7.153,0.865,1156.94141,74.546875,0,0,0,0,0,0,0,0,0,0,0,0,0,0,57.5625,54,16376,14910,1465,8.94993,20.724,0,1549312
05/26/2026 14:26:09,38,54,0,46,50,40,40,40,40,61,12.0960007,5.03,1.30800009,1.39200008,0.758,0.30400002,0.66200006,3.28400016,2.046,0,3.364,3.364,3.11200023,48,45,40.5,45.5,862,678,0,758,631,0,0,0,0,0,6.25,0,0,0,0,3.12,0,0,1.17,6.25,25.6905155,3754,103,4850,440,48.5,0.322831929,0.65,2779,57,32.3333321,0.0333615132,0.65,2614,25,32.3333321,0.011991418,0.65,2804,40,32.3333321,0.018742254,0.65,3970,27,48.5,0.0160842072,0.65,4666,173,48.5,0.134442821,0.65,4077,27,48.5,0.0146037443,0.65,4276,33,48.5,0.0122763691,0.65,48.1250076,41.0000038,99.99819,512,-1,485.785156,485.5,0.28515625,0.5,7618.451,7618.951,0,0,0,0,0,0,0,0,0,0,0,0,512,600,1200,3000,47,0.930000067,1.30500007,0,1,15,46,210,405,0,0,0,0,0,22,0,0,5.418,5.445,0.865,1156.94141,74.546875,0.009344673,0,0,0,0,0,0,0,0,0,0,0,0,0,57.71875,54,16376,14910,1465,8.94993,17.586,0,1599488
05/26/2026 14:26:11,38,54,0,46,50,40,40,40,40,61,12.12,5.03,1.30800009,1.39200008,0.666,0.294,0.66200006,3.28400016,2.046,0,3.364,3.364,3.11200023,48,45,40.5,45.5,865,678,0,745,646,0,0,0,0,0,15.62,3.08,1.56,1.56,1.56,14.06,1.56,1.56,5.07,15.62,26.4495449,2846,95,3600,350,36,0.242713466,0.9625,2923,41,36,0.025504306,0.95625,2794,22,36,0.0112230033,0.95,2506,20,32.3333321,0.009035724,1.1125,2529,26,32.3333321,0.01370823,1.1125,3233,254,32.3333321,0.223166361,1.1125,2532,22,32.3333321,0.0113239931,1.1125,2648,22,32.3333321,0.009316453,1.1125,48.1250076,39.625,99.9982,512,-1,485.785156,485.5,0.28515625,0.5,7618.451,7618.951,0,0,0,0,0,0,0,0,0,0,0,0,512,600,1200,3000,46,0.405000031,1.30500007,0,0,11,46,210,405,0,0,0,0,0,46,0,0,7.464,7.116,0.865,1156.94141,74.546875,0,0,0,0,0,0,0,0,0,0,0,0,0,0,57.65625,54,16376,14910,1465,8.94993,19.119,49152,1599488
05/26/2026 14:26:13,38,54,0,46,50,40,40,40,40,61,12.12,5.03,1.30800009,1.39200008,0.862000048,0.314,0.66200006,3.28400016,2.046,0,3.364,3.364,3.11600018,48,45,40.5,45.5,862,704,0,756,646,0,0,0,0,0,7.81,0,0,0,0,1.56,0,0,1.17,7.81,26.34255,3191,97,4850,427,48.5,0.277019143,0.65,2875,59,32.3333321,0.0385568775,0.65,2626,24,32.3333321,0.0104076182,0.65,2577,22,32.3333321,0.008931572,0.65,2689,34,32.3333321,0.0179848615,0.65,4715,170,48.5,0.154134229,0.65,2640,22,32.3333321,0.009738011,0.65,2559,20,32.3333321,0.009266326,0.65,48.2500076,41.0000038,99.99819,512,-1,485.785156,485.5,0.28515625,0.5,7618.451,7618.951,0,0,0,0,0,0,0,0,0,0,0,0,512,600,1200,3000,46,0.405000031,1.30500007,0,0,11,46,210,405,0,0,0,0,0,40,0,0,7.311,7.6,0.865,1156.94141,74.546875,0.009413276,0,0,0,0.00129631977,0,0,0,0,0,0,0,0,0,57.71875,54,16376,14910,1465,8.94993,21.516,0,1549312
05/26/2026 14:26:15,38,54,0,46,50,40,40,40,40,61,12.0960007,5.03,1.30800009,1.388,0.654000044,0.298,0.66200006,3.28400016,2.046,0,3.364,3.364,3.11600018,48,45,40.5,45.5,856,703,0,757,631,0,0,0,0,0,9.38,0,0,0,0,1.56,0,0,1.37,9.38,25.6200428,3164,94,4850,413,48.5,0.242516488,0.65,2744,49,32.3333321,0.0306238923,0.65,2541,23,32.3333321,0.0151780453,0.65,2722,31,32.3333321,0.0128262993,0.65,2602,33,32.3333321,0.0197893381,0.65,4644,157,48.5,0.149046615,0.65,2650,23,32.3333321,0.00898258947,0.65,2555,20,32.3333321,0.008054411,0.65,48.1250076,40.125,99.99819,512,-1,485.785156,485.5,0.28515625,0.5,7618.451,7618.951,0,0,0,0,0,0,0,0,0,0,0,0,512,600,1200,3000,47,0.965000033,1.30500007,0,2,15,46,210,405,0,0,0,0,0,22,0,0,5.389,5.824,0.865,1156.94141,74.546875,0,0,0,0,0,0,0,0,0,0,0,0,0,0,57.78125,54,16376,14910,1465,8.94993,17.561,0,1599488
05/26/2026 14:26:17,38,54,0,46,50,40,40,40,40,61,12.12,5.03,1.30800009,1.388,0.834000051,0.31,0.66200006,3.28400016,2.046,0,3.36800027,3.364,3.11200023,48,45,40.5,45.5,858,704,0,744,646,0,0,0,0,0,7.81,0,0,0,0,1.56,0,0,1.17,7.81,25.8828831,3275,104,3600,435,36,0.287161082,0.7,3136,55,36,0.0518940538,0.7,2932,25,36,0.0121989194,0.7,2906,22,36,0.0106572155,0.7,3087,39,36,0.0203019958,0.7,3600,206,36,0.2060615,0.7,2877,22,36,0.0107128611,0.7,4062,27,48.5,0.014788243,0.81875,48.0000076,40.125,99.99821,512,-1,485.785156,485.5,0.28515625,0.5,7618.451,7618.951,0,0,0,0,0,0,0,0,0,0,0,0,512,600,1200,3000,46,0.705000043,1.30500007,0,0,14,46,210,405,0,0,0,0,0,46,0,0,6.843,7.293,0.865,1156.94141,74.31641,0.008670466,0,0,0,0,0,0,0,0,0,0.008955549,0,0,0,57.6875,54,16376,14910,1465,8.94993,16.353,449536,0
05/26/2026 14:26:19,38,54,0,46,50,40,40,40,40,61,12.12,5.03,1.30800009,1.39200008,0.672000051,0.312,0.66200006,3.28400016,2.046,0,3.364,3.364,3.11200023,48,45,40.5,45.5,864,704,0,758,631,0,0,0,0,0,3.17,0,0,0,0,3.17,0,0,0.79,3.17,26.1056728,3216,98,4850,334,48.5,0.217065856,0.65625,2728,48,32.3333321,0.0326084457,0.65625,2628,26,32.3333321,0.0104532037,0.65625,2804,33,32.3333321,0.0128772222,0.65625,2621,29,32.3333321,0.01820679,0.65625,4850,267,48.5,0.253697127,0.65625,2675,23,32.3333321,0.009661801,0.65625,2573,20,32.3333321,0.00887406152,0.65625,48.1250076,42.5000038,99.99819,512,-1,485.785156,485.5,0.28515625,0.5,7618.451,7618.951,0,0,0,0,0,0,0,0,0,0,0,0,512,600,1200,3000,47,0.965000033,1.30500007,0,2,15,46,210,405,0,0,0,0,0,40,0,0,7.21,6.916,0.865,1156.94141,74.31641,0,0,0,0,0,0,0,0,0,0,0,0,0,0,57.59375,54,16376,14910,1465,8.94993,19.491,0,1449984
05/26/2026 14:26:21,38,54,0,46,50,40,40,40,40,61,12.12,5.03,1.30800009,1.39200008,0.79,0.312,0.66200006,3.28400016,2.046,0,3.364,3.36800027,3.11600018,48,45,40.5,45.5,868,703,0,745,631,0,0,0,0,0,7.69,0,1.56,0,0,4.69,0,0,1.74,7.69,26.7477531,3019,104,4850,427,48.5,0.3050999,0.66875,2816,55,32.3333321,0.04564463,0.66875,2788,37,32.3333321,0.0203621984,0.66875,2602,27,32.3333321,0.0122802174,0.66875,2637,28,32.3333321,0.0243484452,0.66875,3233,218,32.3333321,0.215623051,0.66875,2662,20,32.3333321,0.0112068551,0.66875,2561,23,32.3333321,0.011676332,0.66875,48.2500076,43.0000038,99.99819,512,-1,485.785156,485.5,0.28515625,0.5,7618.451,7618.951,0,0,0,0,0,0,0,0,0,0,0,0,512,600,1200,3000,47,0.810000062,1.30500007,0,0,14,46,210,405,0,0,0,0,0,22,0,0,6.013,6.068,0.865,1156.94141,74.31641,0.00942022,0,0,0,0.00131883076,0,0,0,0,0,0,0,0,0,57.75,54,16376,14910,1465,8.94993,19.755,49152,1599488
05/26/2026 14:26:23,38,54,0,46,50,40,40,40,40,61,12.12,5.02000046,1.30800009,1.39200008,0.648,0.298,0.66200006,3.28400016,2.046,0,3.36800027,3.364,3.11600018,48,45,40.5,45.5,856,704,0,754,631,0,0,0,0,0,4.69,0,0,0,0,3.12,0,0,0.98,4.69,25.8755264,3182,93,4850,313,48.5,0.193980038,0.6625,2697,45,32.3333321,0.0261772368,0.6625,2564,21,32.3333321,0.009396956,0.66875,2582,26,32.3333321,0.009030841,0.66875,2611,28,32.3333321,0.0184125435,0.66875,4850,263,48.5,0.20110403,0.66875,2551,21,32.3333321,0.008649471,0.66875,2751,28,32.3333321,0.01185001,0.66875,48.2500076,43.5000038,99.99819,512,-1,485.785156,485.5,0.28515625,0.5,7618.451,7618.951,0,0,0,0,0,0,0,0,0,0,0,0,512,600,1200,3000,47,0.820000052,1.30500007,0,0,12,46,210,405,0,0,0,0,0,46,0,0,6.727,6.439,0.865,1156.94141,74.31641,0,0,0,0,0,0,0,0,0,0,0,0,0,0,57.75,54,16376,14910,1465,8.94993,19.811,0,1449984
05/26/2026 14:26:25,38,54,0,46,50,40,40,40,40,61,12.0960007,5.03,1.30800009,1.39200008,0.75000006,0.308000028,0.66200006,3.28400016,2.046,0,3.36800027,3.364,3.11200023,48,45,40.5,45.5,869,703,0,744,647,0,0,0,0,0,4.69,0,0,0,0,1.56,0,0,0.78,4.69,25.9013634,3107,95,3600,399,36,0.327164769,0.65,3061,43,36,0.0368281528,0.65,2917,22,36,0.0141208526,0.65,2901,20,36,0.0109429108,0.65,2941,25,36,0.01602462,0.65,3600,211,36,0.199805558,0.65,2896,20,36,0.0109878816,0.65,2940,20,36,0.0105531635,0.65,48.1250076,43.5000038,99.99819,512,-1,485.785156,485.5,0.28515625,0.5,7618.451,7618.951,0,0,0,0,0,0,0,0,0,0,0,0,512,600,1200,3000,46,0.625,1.30500007,0,2,14,46,210,405,0,0,0,0,0,40,0,0,6.804,7.16,0.865,1156.94141,74.31641,0.00927662,0,0,0,0,0,0,0,0,0,0,0,0,0,57.84375,54,16376,14910,1465,8.94993,19.163,449536,0
05/26/2026 14:26:27,38,54,0,46,50,40,40,40,40,61,12.12,5.03,1.30800009,1.39200008,0.654000044,0.294,0.66,3.28400016,2.046,0,3.36800027,3.364,3.11600018,48,45,40.5,45.5,862,703,0,745,631,0,0,0,0,0,6.25,1.56,1.56,1.56,1.56,4.69,3.12,4.69,3.12,6.25,25.6251278,3215,89,4850,330,48.5,0.197173536,0.65,2650,44,32.3333321,0.0294686649,0.65,2579,23,32.3333321,0.0101883905,0.65,2729,34,32.3333321,0.0142830871,0.65,2607,28,32.3333321,0.0165225565,0.65,4772,201,48.5,0.184489191,0.65,2690,23,32.3333321,0.00968459,0.65,2842,30,32.3333321,0.01498269,0.65,48.1250076,41.0000038,99.99819,512,-1,485.785156,485.5,0.28515625,0.5,7618.451,7618.951,0,0,0,0,0,0,0,0,0,0,0,0,512,600,1200,3000,46,0.405000031,1.30500007,0,0,11,46,210,405,0,0,0,0,0,22,0,0,6.176,7.214,0.865,1156.94141,74.31641,0,0,0,0,0,0,0,0,0,0,0,0,0,0,57.6875,54,16376,14910,1465,8.94993,17.648,0,1699840
05/26/2026 14:26:29,38,54,0,46,50,40,40,40,40,61,12.12,5.03,1.30800009,1.39200008,0.614,0.31,0.66,3.28400016,2.046,0,3.364,3.364,3.11200023,48,45,40.5,45.5,855,703,0,746,646,0,0,0,0,0,10.94,0,0,0,1.54,7.81,0,0,2.54,10.94,26.4335632,3189,102,4850,383,48.5,0.276308745,0.65,2740,44,32.3333321,0.03381065,0.65,2607,22,32.3333321,0.0114147719,0.65,2627,19,32.3333321,0.01184844,0.65,2621,30,32.3333321,0.0179352872,0.65,4850,278,48.5,0.222564831,0.65,2662,22,32.3333321,0.0106343878,0.65,2554,18,32.3333321,0.00981397647,0.65,48.2500076,40.5000038,99.99819,512,-1,485.785156,485.5,0.28515625,0.5,7618.451,7618.951,0,0,0,0,0,0,0,0,0,0,0,0,512,600,1200,3000,46,0.604000032,1.30500007,0,1,13,46,210,405,0,0,0,0,0,46,0,0,7.143,7.448,0.865,1156.94141,74.31641,0.009709058,0,0,0,0.00137976161,0,0,0,0,0,0,0,0,0,57.78125,54,16376,14910,1465,8.94993,18.723,0,1449984
05/26/2026 14:26:31,38,54,0,46,50,40,40,40,40,61,12.12,5.03,1.30800009,1.39200008,0.590000033,0.292000026,0.66200006,3.28400016,2.046,0,3.364,3.364,3.11600018,48,45,40.5,45.5,864,704,0,757,646,0,0,0,0,0,4.69,3.12,0,0,1.56,6.25,1.56,0,2.15,6.25,26.1907425,3329,118,4850,325,48.5,0.225432917,0.65,3114,118,32.3333321,0.117068678,0.65,2920,54,32.3333321,0.05848108,0.65,2654,29,32.3333321,0.03494109,0.65,2934,66,32.3333321,0.07617197,0.65,4850,298,48.5,0.277936,0.65,2629,27,32.3333321,0.0264594182,0.65,2683,28,32.3333321,0.0260464866,0.65,48.2500076,42.5000038,99.9982,512,-1,485.785156,485.5,0.28515625,0.5,7618.451,7618.951,0,0,0,0,0,0,0,0,0,0,0,0,512,600,1200,3000,48,0.745000064,1.30500007,0,0,14,46,210,405,0,0,0,0,0,40,0,0,6.387,6.488,0.865,1156.94141,74.31641,0,0,0,0,0,0,0,0,0,0,0,0,0,0,57.78125,54,16376,14910,1465,8.94993,18.711,0,1748992
05/26/2026 14:26:33,38,54,0,46,50,40,40,40,40,61,12.12,5.03,1.30800009,1.39200008,0.574,0.306000024,0.66,3.28400016,2.046,0,3.36800027,3.364,3.11600018,48,45,40.5,45.5,860,704,0,745,631,0,0,0,0,0,3.17,3.12,0,0,0,9.52,0,0,1.98,9.52,26.3803883,3027,97,3600,400,36,0.274929941,0.9625,3164,62,36,0.0395551026,0.95625,2865,24,36,0.0105823921,0.95,2860,20,36,0.008543023,0.95,2939,32,36,0.0133380415,0.95,3537,197,36,0.153880641,0.95625,2668,21,32.3333321,0.008817528,0.93125,2582,22,32.3333321,0.008793534,0.93125,48.1250076,40.5000038,99.9982,512,-1,485.785156,485.5,0.28515625,0.5,7618.451,7618.951,0,0,0,0,0,0,0,0,0,0,0,0,512,600,1200,3000,46,0.405000031,1.30500007,0,0,11,46,210,405,0,0,0,0,0,22,0,0,6.122,6.738,0.865,1156.94141,74.31641,0.009509599,0,0,0,0,0,0,0,0,0,0,0,0,0,57.78125,54,16376,14910,1465,8.94993,18.205,0,1449984
05/26/2026 14:26:35,38,54,0,46,50,40,40,40,40,61,12.12,5.03,1.30800009,1.39200008,0.75000006,0.320000023,0.66,3.28400016,2.046,0,3.364,3.364,3.11600018,48,45,40.5,45.5,855,704,0,746,646,0,0,0,0,0,12.31,3.12,3.12,3.12,7.81,10.77,1.56,1.56,5.42,12.31,26.1656342,3184,91,4850,339,48.5,0.1982458,0.65,2801,46,32.3333321,0.02848368,0.65,2629,27,32.3333321,0.01218992,0.65,2583,22,32.3333321,0.009788414,0.65,2628,32,32.3333321,0.0118707325,0.65,4850,224,48.5,0.197045043,0.65,2565,18,32.3333321,0.008520104,0.65,2564,18,32.3333321,0.009225997,0.65,48.1250076,40.5000038,99.99819,512,-1,485.785156,485.5,0.28515625,0.5,7618.451,7618.951,0,0,0,0,0,0,0,0,0,0,0,0,512,600,1200,3000,46,0.405000031,1.30500007,0,0,11,46,210,405,0,0,0,0,0,46,0,0,7.609,7.531,0.865,1156.94141,74.31641,0,0,0,0,0,0,0,0,0,0,0,0,0,0,57.8125,54,16376,14910,1465,8.94993,21.035,0,1699840
05/26/2026 14:26:37,38,54,0,46,50,40,40,40,40,61,12.12,5.03,1.30800009,1.39200008,0.624,0.292000026,0.66,3.28400016,2.046,0,3.364,3.364,3.11200023,48,45,40.5,45.5,867,704,0,757,632,0,0,0,0,0,7.81,0,0,0,0,0,0,0,0.98,7.81,26.4656773,3139,102,4850,455,48.5,0.351361752,0.65,2730,50,32.3333321,0.0366641022,0.65,2608,33,32.3333321,0.0154180424,0.65,2539,22,32.3333321,0.0092885,0.65,2638,32,32.3333321,0.0135553563,0.65,4756,188,48.5,0.16212514,0.65,2502,19,32.3333321,0.009225419,0.65,2492,18,32.3333321,0.009271623,0.65,48.2500076,40.125,99.9982,512,-1,485.785156,485.5,0.28515625,0.5,7618.451,7618.951,0,0,0,0,0,0,0,0,0,0,0,0,512,600,1200,3000,46,0.630000055,1.30500007,0,1,14,46,210,405,0,0,0,0,0,40,0,0,6.245,6.767,0.865,1156.94141,74.31641,0.009749256,0,0,0,0.00141439983,0,0,0,0,0,0,0,0,0,57.84375,54,16376,14910,1465,8.94993,19.983,0,1499136
05/26/2026 14:26:39,38,54,0,46,50,40,40,40,40,61,12.12,5.03,1.30800009,1.39200008,0.548000038,0.292000026,0.66,3.28400016,2.046,0,3.364,3.364,3.11600018,48,45,40.5,45.5,855,679,0,743,632,0,0,0,0,0,3.08,0,0,0,0,1.54,0,0,0.58,3.08,25.60011,3082,84,3600,318,36,0.185220018,0.9625,2972,46,36,0.0262287352,0.95625,2860,23,36,0.009843864,0.95,2559,23,32.3333321,0.0100368811,0.99375,2653,38,32.3333321,0.0222714357,0.99375,4717,179,48.5,0.161699384,0.99375,2659,22,32.3333321,0.0100589283,0.99375,2633,25,32.3333321,0.0087217,0.99375,48.1250076,39.625,99.9982,512,-1,485.785156,485.5,0.28515625,0.5,7618.451,7618.951,0,0,0,0,0,0,0,0,0,0,0,0,512,600,1200,3000,46,0.724000037,1.30500007,0,1,14,46,210,405,0,0,0,0,0,22,0,0,5.515,5.309,0.865,1156.94141,74.31641,0,0,0,0,0,0,0,0,0,0,0,0,0,0,57.78125,54,16376,14910,1465,8.94993,15.626,0,1699840
05/26/2026 14:26:41,38,54,0,46,50,40,40,40,40,61,12.12,5.03,1.30800009,1.388,0.846,0.316,0.66,3.28400016,2.046,0,3.364,3.364,3.11200023,48,45,40.5,45.5,865,703,0,755,631,0,0,0,0,0,6.15,3.08,0,0,0,3.08,1.54,0,1.73,6.15,26.525322,3272,107,4850,346,48.5,0.2474305,0.65625,2972,75,32.3333321,0.0557130277,0.65625,2758,34,32.3333321,0.01545402,0.65625,2582,20,32.3333321,0.0115578631,0.65625,2927,45,32.3333321,0.0247322135,0.65625,4850,290,48.5,0.228678539,0.65625,2666,23,32.3333321,0.009941261,0.65625,2573,21,32.3333321,0.009669312,0.65625,48.1250076,39.625,99.99819,512,-1,485.785156,485.5,0.28515625,0.5,7618.451,7618.951,0,0,0,0,0,0,0,0,0,0,0,0,512,600,1200,3000,46,0.645000041,1.30500007,0,3,14,46,210,405,0,0,0,0,0,46,0,0,7.574,8.28,0.865,1156.94141,74.31641,0.00928749,0,0,0,0,0,0,0,0,0,0,0,0,0,57.8125,54,16376,14910,1465,8.94993,17.886,399360,0
05/26/2026 14:26:43,38,54,0,46,50,40,40,40,40,61,12.0960007,5.02000046,1.30800009,1.388,0.792000055,0.316,0.66,3.28400016,2.046,0,3.364,3.364,3.11200023,48,45,40.5,45.5,866,704,0,745,647,0,0,0,0,0,14.06,3.17,4.76,1.59,3.17,7.81,0,3.17,4.72,14.06,26.3691845,3192,96,4850,373,48.5,0.239616051,0.65,2681,48,32.3333321,0.0306064971,0.65,2627,28,32.3333321,0.0100444267,0.65,2588,25,32.3333321,0.0112503683,0.65,2638,27,32.3333321,0.0123799844,0.65,4850,229,48.5,0.206048131,0.65,2579,16,32.3333321,0.008975871,0.65,2726,25,32.3333321,0.0108539741,0.65,48.2500076,43.0000038,99.99819,512,-1,485.785156,485.5,0.28515625,0.5,7618.451,7618.951,0,0,0,0,0,0,0,0,0,0,0,0,512,600,1200,3000,47,0.594000041,1.30500007,0,0,13,46,210,405,0,0,0,0,0,22,0,0,5.854,5.838,0.865,1156.94141,74.31641,0.009744599,0,0,0,0.00133062806,0,0,0,0,0,0,0,0,0,57.84375,54,16376,14910,1465,8.94993,19.699,0,1499136
05/26/2026 14:26:45,38,54,0,46,50,40,40,40,40,61,12.0960007,5.02000046,1.30800009,1.388,0.776,0.302000016,0.66,3.28400016,2.046,0,3.364,3.364,3.11200023,48,45,40.5,45.5,857,704,0,760,631,0,0,0,0,0,9.38,1.56,3.12,1.56,3.12,3.12,1.56,1.56,3.12,9.38,25.8378925,3204,86,4850,343,48.5,0.203659251,0.65,2694,47,32.3333321,0.03277679,0.65,2804,36,32.3333321,0.0115673812,0.65,2665,26,32.3333321,0.0123772509,0.65,2634,27,32.3333321,0.0146970339,0.65,4629,165,48.5,0.136815459,0.65,2598,21,32.3333321,0.009345255,0.65,2761,23,32.3333321,0.0104931127,0.65,48.2500076,43.5000038,99.99819,512,-1,485.785156,485.5,0.28515625,0.5,7618.451,7618.951,0,0,0,0,0,0,0,0,0,0,0,0,512,600,1200,3000,46,0.570000052,1.30500007,0,0,13,46,210,405,0,0,0,0,0,46,0,0,6.68,6.75,0.865,1156.94141,74.31641,0,0,0,0,0,0,0,0,0,0,0,0,0,0,57.90625,54,16376,14910,1465,8.94993,18.868,399360,0
05/26/2026 14:26:47,38,54,0,46,50,40,40,40,40,61,12.12,5.03,1.31000006,1.39200008,0.804,0.316,0.66,3.28400016,2.046,0,3.36800027,3.36800027,3.11600018,48,45,40.5,45.5,865,703,0,754,647,0,0,0,0,0,4.69,0,1.59,1.59,0,3.12,0,0,1.37,4.69,26.6659374,3977,99,3600,425,36,0.3326428,0.9625,4058,49,48.5,0.04777349,0.95625,3812,24,48.5,0.0106243175,1.1,3910,27,48.5,0.0224183537,1.1,3921,26,48.5,0.0183721446,1.1,4831,199,48.5,0.178208292,1.1,3852,20,48.5,0.0103135193,1.1,3830,20,48.5,0.0102226511,1.1,48.2500076,41.0000038,99.9982,512,-1,485.785156,485.5,0.28515625,0.5,7618.451,7618.951,0,0,0,0,0,0,0,0,0,0,0,0,512,600,1200,3000,47,0.965000033,1.30500007,0,1,14,46,210,405,0,0,0,0,0,40,0,0,7.146,7.547,0.865,1156.94141,74.31641,0.009935138,0,0,0,0,0,0,0,0,0,0,0,0,0,57.96875,54,16376,14910,1465,8.94993,19.621,449536,0
05/26/2026 14:26:49,38,54,0,46,50,40,40,40,40,61,12.12,5.03,1.30800009,1.39200008,0.70600003,0.294,0.66,3.28400016,2.046,0,3.36800027,3.364,3.11200023,48,45,40.5,45.5,866,678,0,746,647,0,0,0,0,0,3.12,0,0,0,0,1.56,0,0,0.59,3.12,25.6362076,3513,92,4850,325,48.5,0.164650664,0.65,3965,43,48.5,0.02469378,0.65625,3863,21,48.5,0.008480846,0.65625,2673,28,32.3333321,0.01234689,0.65625,2760,32,32.3333321,0.034257818,0.65625,4850,242,48.5,0.197517738,0.65625,2562,21,32.3333321,0.008426812,0.65625,2580,21,32.3333321,0.008503281,0.65625,48.5000076,43.0000038,99.99819,512,-1,485.785156,485.5,0.28515625,0.5,7618.451,7618.951,0,0,0,0,0,0,0,0,0,0,0,0,512,600,1200,3000,46,0.965000033,1.30500007,0,1,14,46,210,405,0,0,0,0,0,21,0,0,6.135,7.083,0.865,1156.94141,74.31641,0,0,0,0,0,0,0,0,0,0,0,0,0,0,57.875,54,16376,14910,1465,8.94993,18.088,0,1549312
05/26/2026 14:26:51,38,54,0,46,50,40,40,40,40,61,12.12,5.03,1.30800009,1.39200008,0.748,0.3,0.66,3.28400016,2.046,0,3.36800027,3.36800027,3.11600018,48,45.5,41,45.5,866,678,0,744,631,0,0,0,0,0,4.69,0,0,0,0,3.12,0,0,0.98,4.69,27.35825,3443,143,4850,515,48.5,0.405405581,0.65,3181,105,32.3333321,0.10648232,0.65,3202,85,32.3333321,0.0602425262,0.65,3093,61,32.3333321,0.05190244,0.65,2947,60,32.3333321,0.07186856,0.65,4850,259,48.5,0.2760857,0.65,2797,32,32.3333321,0.0318523049,0.65,2624,27,32.3333321,0.0233655442,0.65,48.6250076,41.5000038,99.9982,512,-1,485.785156,485.5,0.28515625,0.5,7618.451,7618.951,0,0,0,0,0,0,0,0,0,0,0,0,512,600,1200,3000,48,0.74,1.30500007,0,0,14,46,210,405,0,0,0,0,0,46,0,0,6.856,7.323,0.865,1156.94141,74.31641,1.16882575,0,0,0,0.00145344948,0,0,0,0,0,0,0,0,0,57.84375,54,16376,14910,1465,8.94993,18.101,49152,899072
05/26/2026 14:26:53,38,54,0,46,50,40,40,40,40,61,12.144001,5.04,1.312,1.396,0.590000033,0.296,0.66,3.292,2.046,0,3.37200022,3.37200022,3.12000012,48,45.5,40.5,45.5,858,678,0,756,631,0,0,0,0,0,6.35,1.59,1.59,0,0,3.12,0,0,1.58,6.35,25.4532547,3376,90,4040,309,40.4,0.197644338,0.51875,2983,59,33.6666679,0.05012652,0.51875,2795,30,33.6666679,0.01293935,0.51875,3355,24,40.4,0.0225326829,0.51875,2976,36,33.6666679,0.02373955,0.51875,5022,201,50.5,0.174708784,0.525,2684,20,33.6666679,0.008788423,0.55625,3154,41,33.6666679,0.0279033333,0.55625,48.6250076,51.0000038,99.99819,512,-1,485.785156,485.5,0.28515625,0.5,7618.451,7618.951,0,0,0,0,0,0,0,0,0,0,0,0,512,600,1200,3000,46,0.575000048,1.30500007,0,1,13,46,210,405,0,0,0,0,0,41,0,0,6.436,6.47,0.865,1156.94141,74.31641,0,0,0,0,0,0,0,0,0,0,0,0,0,0,57.9375,54,16376,14910,1465,8.94993,18.809,449536,0
05/26/2026 14:26:55,38,54,0,46,50,40,40,40,40,61,12.144001,5.04,1.312,1.39200008,0.826000035,0.312,0.66,3.292,2.046,0,3.37200022,3.37200022,3.12000012,48,45.5,40.5,45.5,868,678,0,761,647,0,0,0,0,0,10.94,3.12,1.56,0,6.25,9.38,0,1.56,4.1,10.94,26.3918037,3133,98,3600,375,36,0.2753385,0.9625,2985,51,36,0.0358527,0.95625,2926,24,36,0.0113020511,0.95,2927,19,36,0.008853757,0.95,3259,57,36,0.0410010926,0.95,3520,224,36,0.188535586,0.95625,2921,21,36,0.008876525,0.95,2925,17,36,0.008695371,0.94375,48.5000076,40.125,99.9982,512,-1,485.785156,485.5,0.28515625,0.5,7618.451,7618.951,0,0,0,0,0,0,0,0,0,0,0,0,512,600,1200,3000,47,0.42900002,1.30500007,0,0,11,46,210,405,0,0,0,0,0,21,0,0,6.188,7.312,0.865,1156.94141,74.31641,0.0136154592,0,0,0,0,0,0,0,0,0,0,0,0,0,57.875,54,16376,14910,1465,8.94993,19.07,399360,0
05/26/2026 14:26:57,38,54,0,46,50,40,40,40,40,61,12.144001,5.04,1.31000006,1.39200008,0.646,0.296,0.66,3.292,2.046,0,3.37200022,3.37200022,3.12000012,48,46,40.5,45.5,864,678,0,744,631,0,0,0,0,0,4.69,0,0,0,0,3.12,0,0,0.98,4.69,25.7130623,3210,91,4850,345,48.5,0.210548937,0.64375,2806,46,32.3333321,0.0254015513,0.64375,2583,30,32.3333321,0.0110815233,0.64375,2572,24,32.3333321,0.009031894,0.64375,2634,26,32.3333321,0.0110441018,0.64375,4850,205,48.5,0.183831915,0.64375,2682,28,32.3333321,0.0137964915,0.64375,2701,23,32.3333321,0.009484744,0.64375,48.2500076,40.5000038,99.9981842,512,-1,485.785156,485.5,0.28515625,0.5,7618.451,7618.951,0,0,0,0,0,0,0,0,0,0,0,0,512,600,1200,3000,46,0.570000052,1.30500007,0,0,13,46,210,405,0,0,0,0,0,46,0,0,7.494,7.779,0.865,1156.94141,74.31641,0,0,0,0,0,0,0,0,0,0,0,0,0,0,57.875,54,16376,14910,1465,8.94993,21.303,0,3799040
05/26/2026 14:26:59,38,54,0,46,50,40,40,40,40,61,12.12,5.03,1.31000006,1.39200008,0.570000052,0.288000017,0.66,3.288,2.046,0,3.37200022,3.37200022,3.12000012,48,45.5,40.5,45.5,860,681,0,754,646,0,0,0,0,0,4.69,0,0,0,0,1.56,0,0,0.78,4.69,25.9903011,3246,103,4850,468,48.5,0.346120745,0.65,2715,45,32.3333321,0.0346973464,0.65,2677,31,32.3333321,0.0178913046,0.65,2879,41,32.3333321,0.026325332,0.65,2670,31,32.3333321,0.0260399655,0.65,4704,164,48.5,0.12506628,0.65,2889,26,32.3333321,0.012581395,0.65,2580,19,32.3333321,0.009683955,0.65,48.2500076,40.125,99.9982,512,-1,485.785156,485.5,0.28515625,0.5,7618.451,7618.951,0,0,0,0,0,0,0,0,0,0,0,0,512,600,1200,3000,47,0.570000052,1.30500007,0,0,11,46,210,405,0,0,0,0,0,41,0,0,6.42,6.546,0.865,1156.94141,74.31641,0.009575362,0,0,0,0,0,0,0,0,0,0,0,0,0,57.90625,54,16376,14910,1465,8.94993,19.834,399360,1899520
05/26/2026 14:27:01,38,54,0,46,50,40,40,40,40,61,12.144001,5.04,1.312,1.39200008,0.59800005,0.31,0.66,3.292,2.046,0,3.37200022,3.37200022,3.12000012,48,45.5,40.5,45.5,869,679,0,744,647,0,0,0,0,0,6.25,0,0,0,0,1.54,0,0,0.97,6.25,26.4893379,3094,84,3600,315,36,0.164494887,0.65625,2939,41,36,0.0310435686,0.65625,2958,28,36,0.009862487,0.65625,3055,30,36,0.0202181563,0.65625,2915,28,36,0.0141797466,0.65625,3535,192,36,0.164764449,0.65625,2876,22,36,0.008006149,0.65625,2877,18,36,0.007480417,0.65625,48.1250076,43.0000038,99.99819,512,-1,485.785156,485.5,0.28515625,0.5,7618.451,7618.951,0,0,0,0,0,0,0,0,0,0,0,0,512,600,1200,3000,46,0.640000045,1.30500007,0,0,14,46,210,405,0,0,0,0,0,46,0,0,7.323,7.2,0.865,1156.94141,74.546875,0,0,0,0,0,0,0,0,0,0,0,0,0,0,58,54,16376,14910,1465,8.94993,17.097,399360,1799168
05/26/2026 14:27:03,38,55,0,46,50,40,40,40,40,61,12.144001,5.03,1.312,1.39200008,0.890000045,0.314,0.66,3.292,2.046,0,3.37200022,3.37200022,3.12000012,48,45.5,40.5,45.5,858,710,0,758,646,0,0,0,0,0,15.62,6.35,1.59,3.17,3.17,4.76,3.17,1.59,4.93,15.62,26.6762753,3067,98,4850,431,48.5,0.319177419,0.675,2819,53,32.3333321,0.0298359524,0.675,2970,41,32.3333321,0.0272375345,0.675,2624,20,32.3333321,0.0121767819,0.675,2810,38,32.3333321,0.0242158864,0.675,3111,157,32.3333321,0.181510836,0.675,2644,21,32.3333321,0.009919776,0.675,2710,21,32.3333321,0.01361963,0.675,48.1250076,40.5000038,99.99819,512,-1,485.785156,485.5,0.28515625,0.5,7618.451,7618.951,0,0,0,0,0,0,0,0,0,0,0,0,512,600,1200,3000,47,0.955000043,1.30500007,0,1,14,46,210,405,0,0,0,0,0,41,0,0,7.308,7.467,0.865,1156.94141,74.546875,0.0179728027,0,0,0,0,0,0,0,0,0,0,0,0,0,58.0625,54,16376,14910,1465,8.94993,21.458,449536,0
05/26/2026 14:27:05,38,54,0,46,50,40,40,40,40,61,12.144001,5.04,1.312,1.39200008,0.652,0.298,0.66,3.292,2.046,0,3.37200022,3.37200022,3.12000012,48,45.5,40.5,45.5,865,707,0,755,631,0,0,0,0,0,4.69,0,0,0,0,1.56,0,0,0.78,4.69,25.280283,3215,89,4850,309,48.5,0.164311722,0.64375,2687,40,32.3333321,0.0343249254,0.64375,2899,46,32.3333321,0.0250314474,0.64375,2584,25,32.3333321,0.008858525,0.64375,2608,27,32.3333321,0.0137079554,0.64375,4850,220,48.5,0.207357615,0.64375,2552,19,32.3333321,0.008653189,0.64375,2687,24,32.3333321,0.009186339,0.64375,48.1250076,39.625,99.99819,512,-1,485.785156,485.5,0.28515625,0.5,7618.451,7618.951,0,0,0,0,0,0,0,0,0,0,0,0,512,600,1200,3000,46,0.51000005,1.30500007,0,0,11,46,210,405,0,0,0,0,0,21,0,0,5.477,6.267,0.865,1156.94141,74.546875,0,0,0,0,0,0,0,0,0,0,0,0,0,0,57.96875,54,16376,14910,1465,8.94993,17.946,449536,0
05/26/2026 14:27:07,38,54,0,46,50,40,40,40,40,61,12.144001,5.04,1.31000006,1.39200008,0.704000056,0.31,0.66,3.288,2.046,0,3.37200022,3.37200022,3.12000012,48,46,40.5,45.5,865,704,0,744,647,0,0,0,0,0,4.69,0,0,0,0,3.12,0,0,0.98,4.69,26.4693222,3561,102,4850,448,48.5,0.336228162,0.65,4106,44,48.5,0.0359677337,0.65,2573,21,32.3333321,0.0102831023,0.65,2938,41,32.3333321,0.0340376422,0.65,3978,26,48.5,0.0122569557,0.65,4845,196,48.5,0.17592971,0.65,2608,20,32.3333321,0.009866351,0.65,2589,20,32.3333321,0.009773854,0.64375,48.2500076,42.0000038,99.99819,512,-1,485.785156,485.5,0.28515625,0.5,7618.451,7618.951,0,0,0,0,0,0,0,0,0,0,0,0,512,600,1200,3000,46,0.630000055,1.30500007,0,1,14,46,210,405,0,0,0,0,0,46,0,0,6.828,7.207,0.865,1156.94141,74.546875,0.0128903007,0,0,0,0,0,0,0,0,0,0,0,0,0,57.96875,54,16376,14910,1465,8.94993,16.002,399360,0
05/26/2026 14:27:09,38,54,0,46,50,40,40,40,40,61,12.12,5.03,1.31000006,1.39200008,0.664000034,0.308000028,0.66,3.288,2.046,0,3.36800027,3.36800027,3.12000012,48,45.5,40.5,45.5,860,680,0,763,631,0,0,0,0,0,4.69,0,0,0,0,1.56,0,0,0.78,4.69,24.9948673,3110,88,3600,348,36,0.213124812,1.35,2947,41,36,0.0241768844,1.35,2915,30,36,0.011243307,1.35,2880,21,36,0.008469537,1.35,2935,27,36,0.0151867215,1.35,3542,186,36,0.167693108,1.35,2862,18,36,0.00836327,1.35,3195,30,36,0.0108101517,1.35,48.1250076,39.625,99.9982,512,-1,485.785156,485.5,0.28515625,0.5,7618.451,7618.951,0,0,0,0,0,0,0,0,0,0,0,0,512,600,1200,3000,46,0.630000055,1.30500007,0,1,14,46,210,405,0,0,0,0,0,41,0,0,7.21,7.149,0.865,1156.94141,74.546875,0,0,0,0,0,0,0,0,0,0,0,0,0,0,58.03125,54,16376,14910,1465,8.94993,19.171,449536,0
05/26/2026 14:27:11,38,54,0,46,50,40,40,40,40,61,12.12,5.03,1.31000006,1.39200008,0.76000005,0.3,0.66,3.288,2.046,0,3.37200022,3.37200022,3.12000012,48,45.5,40.5,45.5,857,678,0,754,631,0,0,0,0,0,9.38,0,0,0,0,1.56,0,0,1.37,9.38,26.3774376,3569,113,4850,456,48.5,0.382656842,0.64375,4498,79,48.5,0.08739703,0.64375,3945,22,48.5,0.0113803,0.64375,2582,20,32.3333321,0.0103234481,0.64375,2706,30,32.3333321,0.0328979827,0.64375,4850,260,48.5,0.251998574,0.64375,2592,20,32.3333321,0.009265729,0.64375,2530,20,32.3333321,0.0101080686,0.64375,48.1250076,41.0000038,99.99819,512,-1,485.785156,485.5,0.28515625,0.5,7618.451,7618.951,0,0,0,0,0,0,0,0,0,0,0,0,512,600,1200,3000,46,0.405000031,1.30500007,0,0,11,46,210,405,0,0,0,0,0,21,0,0,6.001,6.498,0.865,1156.94141,74.546875,0.00938392151,0,0,0,0,0,0,0,0,0,0,0,0,0,57.90625,54,16376,14910,1465,8.94993,19.938,399360,0
05/26/2026 14:27:13,38,54,0,46,50,40,40,40,40,61,12.144001,5.04,1.31000006,1.39200008,0.648,0.312,0.66,3.292,2.046,0,3.37200022,3.37200022,3.12000012,48,46,40.5,45.5,863,679,0,744,631,0,0,0,0,0,7.81,3.08,1.54,1.54,1.54,7.81,1.54,3.08,3.49,7.81,25.5971,3196,90,4850,327,48.5,0.159745514,0.64375,2684,40,32.3333321,0.0226227865,0.64375,2635,22,32.3333321,0.0104566859,0.64375,2639,25,32.3333321,0.00983165,0.64375,2677,28,32.3333321,0.0118002817,0.64375,4850,241,48.5,0.239559561,0.64375,2614,18,32.3333321,0.009860826,0.64375,2619,20,32.3333321,0.008644995,0.64375,48.0000076,41.0000038,99.99819,512,-1,485.785156,485.5,0.28515625,0.5,7618.451,7618.951,0,0,0,0,0,0,0,0,0,0,0,0,512,600,1200,3000,45,0.625,1.30500007,0,1,14,46,210,405,0,0,0,0,0,46,0,0,6.602,6.693,0.865,1156.94141,74.546875,0,0,0,0,0,0,0,0,0,0,0,0,0,0,58.0625,54,16376,14910,1465,8.94993,20.002,449536,0
05/26/2026 14:27:15,38,55,0,46,50,40,40,40,40,61,12.144001,5.04,1.31000006,1.396,0.632,0.294,0.66,3.292,2.046,0,3.37200022,3.37200022,3.12000012,48,46,40.5,45.5,862,687,0,746,646,0,0,0,0,0,10.94,0,0,0,0,1.56,0,0,1.56,10.94,26.5591583,2975,115,4850,488,48.5,0.36254406,0.66875,2769,51,32.3333321,0.03700609,0.66875,2626,25,32.3333321,0.0123860845,0.66875,2523,21,32.3333321,0.01052124,0.66875,2615,32,32.3333321,0.0195655469,0.66875,3233,260,32.3333321,0.242809564,0.66875,2576,25,32.3333321,0.0117559722,0.66875,2605,21,32.3333321,0.0120467748,0.66875,48.3750076,40.5000038,99.9982,512,-1,485.785156,485.5,0.28515625,0.5,7618.451,7618.951,0,0,0,0,0,0,0,0,0,0,0,0,512,600,1200,3000,47,0.420000017,1.30500007,0,0,11,46,210,405,0,0,0,0,0,41,0,0,6.634,7.094,0.865,1156.94141,74.546875,0.0147872763,0,0,0,0,0,0,0,0,0,0,0,0,0,58.03125,54,16376,14910,1465,8.94993,18.968,399360,0
05/26/2026 14:27:17,38,55,0,46,50,40,40,40,40,61,12.144001,5.04,1.31000006,1.39200008,0.732000053,0.318000019,0.66,3.292,2.046,0,3.37200022,3.37200022,3.12000012,48,46,40.5,45.5,858,719,0,762,646,0,0,0,0,0,4.69,0,0,0,0,1.56,0,0,0.78,4.69,25.9470921,3598,84,3600,343,36,0.213916138,0.9625,3060,43,36,0.0323744565,0.95625,3255,43,36,0.0202585831,0.95,2934,21,36,0.0088446,0.95,2961,30,36,0.0129577694,0.95,4583,141,48.5,0.14607352,0.95625,4096,28,48.5,0.009717865,1.075,4295,25,48.5,0.009144118,1.075,48.3750076,40.5000038,99.99819,512,-1,485.785156,485.5,0.28515625,0.5,7618.451,7618.951,0,0,0,0,0,0,0,0,0,0,0,0,512,600,1200,3000,46,0.405000031,1.30500007,0,0,11,46,210,405,0,0,0,0,0,21,0,0,6.108,7.298,0.865,1156.94141,74.31641,0,0,0,0,0,0,0,0,0,0,0,0,0,0,58.0625,54,16376,14910,1465,8.94993,17.077,449536,0
05/26/2026 14:27:19,38,55,0,46,50,40,40,40,40,61,12.144001,5.04,1.31000006,1.39200008,0.702,0.3,0.66,3.292,2.046,0,3.37200022,3.37200022,3.12000012,48,46,40.5,45.5,865,697,0,744,646,0,0,0,0,0,4.76,0,0,0,0,4.76,0,0,1.19,4.76,26.4849777,3159,99,4850,450,48.5,0.329449177,0.65625,2708,42,32.3333321,0.0286950972,0.65625,2581,24,32.3333321,0.0121313855,0.65625,2608,22,32.3333321,0.0097161,0.65625,2619,26,32.3333321,0.0129701486,0.65625,4698,187,48.5,0.175396323,0.65625,2647,22,32.3333321,0.0114216423,0.65625,2564,21,32.3333321,0.009401193,0.65625,48.3750076,41.5000038,99.9982,512,-1,485.785156,485.5,0.28515625,0.5,7618.451,7618.951,0,0,0,0,0,0,0,0,0,0,0,0,512,600,1200,3000,48,0.960000038,1.30500007,0,2,14,46,210,405,0,0,0,0,0,46,0,0,7.303,7.635,0.865,1156.94141,74.31641,0.01016154,0,0,0,0,0,0,0,0,0,0,0,0,0,58.0625,54,16376,14910,1465,8.94993,18.142,449536,0
05/26/2026 14:27:21,38,55,0,46,50,40,40,40,40,61,12.12,5.04,1.312,1.39200008,0.66,0.308000028,0.66,3.288,2.046,0,3.37200022,3.37200022,3.12000012,48,46,40.5,45.5,855,702,0,756,647,0,0,0,0,0,7.81,1.59,1.59,0,1.59,4.69,0,0,2.16,7.81,25.6770763,3179,95,4850,398,48.5,0.271125376,0.65,2803,61,32.3333321,0.04981908,0.65,2593,28,32.3333321,0.0197777376,0.65,2590,24,32.3333321,0.0170531161,0.65,2820,39,32.3333321,0.0486716628,0.65,4592,168,48.5,0.154201731,0.65,2580,19,32.3333321,0.0144065553,0.65,2607,23,32.3333321,0.0111724306,0.65,48.1250076,40.5000038,99.99819,512,-1,485.785156,485.5,0.28515625,0.5,7618.451,7618.951,0,0,0,0,0,0,0,0,0,0,0,0,512,600,1200,3000,46,0.659000039,1.30500007,0,0,13,46,210,405,0,0,0,0,0,41,0,0,6.277,6.506,0.865,1156.94141,74.31641,0,0,0,0,0,0,0,0,0,0,0,0,0,0,58.125,54,16376,14910,1465,8.94993,19.274,449536,0
05/26/2026 14:27:23,38,55,0,46,50,40,40,40,40,61,12.144001,5.04,1.312,1.39200008,0.572,0.294,0.66,3.292,2.046,0,3.37200022,3.37200022,3.12000012,48,46,40.5,45.5,865,700,0,745,631,0,0,0,0,0,18.46,3.12,1.54,1.54,3.08,3.08,1.54,0,4.04,18.46,26.6755,3048,97,3600,399,36,0.287493467,0.9625,2952,44,36,0.03335841,0.95625,2603,24,32.3333321,0.009781338,0.65625,2594,23,32.3333321,0.008957489,1.13125,2652,30,32.3333321,0.0128520494,1.13125,4805,216,48.5,0.1672564,1.13125,2584,19,32.3333321,0.008867615,1.13125,2590,18,32.3333321,0.008702844,1.13125,48.2500076,42.5000038,99.99819,512,-1,485.785156,485.5,0.28515625,0.5,7618.451,7618.951,0,0,0,0,0,0,0,0,0,0,0,0,512,600,1200,3000,47,0.745000064,1.30500007,0,0,15,46,210,405,0,0,0,0,0,21,0,0,6.156,6.471,0.865,1156.94141,74.31641,0.009296335,0,0,0,0,0,0,0,0,0,0,0,0,0,58,54,16376,14910,1465,8.94993,18.027,399360,0
05/26/2026 14:27:25,38,56,0,46,50,40,40,40,40,61,12.144001,5.04,1.31000006,1.396,0.828000069,0.314,0.658000052,3.292,2.046,0,3.37200022,3.37200022,3.12000012,48,45.5,40.5,45.5,857,730,0,758,647,0,0,0,0,0,6.25,0,0,0,0,3.12,0,0,1.17,6.25,25.6868477,2980,87,4850,363,48.5,0.216332257,0.6375,2701,47,32.3333321,0.0291172434,0.6375,2545,23,32.3333321,0.0105255935,0.6375,2904,41,32.3333321,0.0243509375,0.6375,2611,32,32.3333321,0.0192485452,0.6375,3063,148,32.3333321,0.127962,0.6375,2518,21,32.3333321,0.009435619,0.6375,2646,22,32.3333321,0.0106948623,0.6375,48.1250076,40.5000038,99.99821,512,-1,485.785156,485.5,0.28515625,0.5,7618.451,7618.951,0,0,0,0,0,0,0,0,0,0,0,0,512,600,1200,3000,46,0.405000031,1.30500007,0,0,11,46,210,405,0,0,0,0,0,46,0,0,7.527,7.565,0.865,1156.94141,74.31641,0,0,0,0,0,0,0,0,0,0,0,0,0,0,58.125,54,16376,14910,1465,8.94993,21.51,399360,0
05/26/2026 14:27:27,38,56,0,46,50,40,40,40,40,61,12.144001,5.04,1.312,1.396,0.738000035,0.30400002,0.66,3.292,2.046,0,3.37200022,3.37200022,3.12000012,49,46,40.5,45.5,858,732,0,757,631,0,0,0,0,0,12.5,0,1.56,0,0,12.5,0,1.56,3.52,12.5,29.0335083,3303,239,4850,752,48.5,0.668491,0.6625,3101,157,32.3333321,0.169189587,0.6625,2921,57,32.3333321,0.07951544,0.65,3080,78,32.3333321,0.07740164,0.65,3041,93,32.3333321,0.112044744,0.65,3233,654,32.3333321,0.6496139,0.65,2962,50,32.3333321,0.0382272,0.65,3233,69,32.3333321,0.0582562275,0.65,49.8750076,44.0000038,99.99819,512,-1,485.785156,485.5,0.28515625,0.5,7618.451,7618.951,0,0,0,0,0,0,0,0,0,0,0,0,512,600,1200,3000,46,0.74,1.30500007,0,1,15,46,210,405,0,0,0,0,0,41,0,0,6.581,6.815,0.865,1156.94141,74.31641,0.009627065,0,0,0,0,0,0,0,0,0,0,0,0,0,58.09375,54,16376,14910,1465,8.94993,20.836,449536,0
05/26/2026 14:27:29,39,56,0,46,51,42,42,42,42,62,12.144001,5.04,1.31000006,1.39200008,0.668000042,0.3,0.66,3.292,2.046,0,3.37200022,3.37200022,3.12000012,49,45.5,40.5,45.5,863,735,0,747,631,0,0,0,0,0,6.25,0,0,0,0,0,0,0,0.78,6.25,26.1509533,3149,95,4850,442,48.5,0.28591314,0.65,2707,47,32.3333321,0.0414774753,0.65,2549,22,32.3333321,0.0120726051,0.65,2544,20,32.3333321,0.0107192434,0.65,2602,28,32.3333321,0.0159334522,0.65,4616,157,48.5,0.147995189,0.65,2778,24,32.3333321,0.01126745,0.65,2549,19,32.3333321,0.008361677,0.65,49.5000076,41.0000038,99.99819,512,-1,485.785156,485.5,0.28515625,0.5,7618.451,7618.951,0,0,0,0,0,0,0,0,0,0,0,0,512,600,1200,3000,46,0.570000052,1.30500007,0,0,13,46,210,405,0,0,0,0,0,21,0,0,5.321,5.347,0.865,1156.94141,74.31641,0,0,0,0,0,0,0,0,0,0,0,0,0,0,58.0625,54,16376,14910,1465,8.94993,15.545,449536,0
05/26/2026 14:27:31,39,56,0,47,51,42,42,42,42,62,12.12,5.03,1.31000006,1.39200008,0.700000048,0.302000016,0.66,3.288,2.046,0,3.37200022,3.36800027,3.12000012,49,46,40.5,45.5,873,736,0,750,635,0,0,0,0,0,4.69,1.56,0,0,0,6.25,0,0,1.56,6.25,26.3468361,3906,107,3600,442,36,0.325187266,0.9625,3398,74,36,0.0514877327,0.95625,3024,28,36,0.0242259838,0.95,3918,22,48.5,0.01688342,0.95,4466,50,48.5,0.03896868,1.075,4765,193,48.5,0.189964846,1.075,3902,22,48.5,0.0127189364,1.075,4178,26,48.5,0.0103598293,1.075,49.2500076,42.5000038,99.9982,512,-1,485.785156,485.5,0.28515625,0.5,7618.451,7618.951,0,0,0,0,0,0,0,0,0,0,0,0,512,600,1200,3000,46,0.405000031,1.30500007,0,0,11,46,210,405,0,0,0,0,0,46,0,0,7.692,8.082,0.865,1156.94141,74.31641,0.0108399885,0,0,0,0,0,0,0,0,0,0,0,0,0,58.09375,54,16376,14910,1465,8.94993,17.588,399360,49152
05/26/2026 14:27:33,39,56,0,47,52,42,42,42,42,62,12.144001,5.04,1.312,1.39200008,0.742000043,0.3,0.66,3.292,2.046,0,3.37200022,3.37200022,3.12000012,48,46,40.5,45.5,884,733,0,760,648,0,0,0,0,0,9.38,3.12,0,0,0,3.12,0,0,1.95,9.38,25.4318256,3262,89,4850,299,48.5,0.190768331,0.65,3008,77,32.3333321,0.05852565,0.65,2664,25,32.3333321,0.0101479,0.65,2620,22,32.3333321,0.008556449,0.65,2619,31,32.3333321,0.0190160219,0.65,4845,215,48.5,0.214002565,0.65,2612,19,32.3333321,0.007344643,0.65,2878,27,32.3333321,0.0186980776,0.65,48.7500076,43.5000038,99.99819,512,-1,485.785156,485.5,0.28515625,0.5,7618.451,7618.951,0,0,0,0,0,0,0,0,0,0,0,0,512,600,1200,3000,46,0.410000026,1.30500007,0,0,11,46,210,405,0,0,0,0,0,41,0,0,7.111,7.454,0.865,1156.94141,74.31641,0,0,0,0,0,0,0,0,0,0,0,0,0,0,58.09375,54,16376,14910,1465,8.94993,21.262,399360,0
05/26/2026 14:27:35,38,56,0,46,51,40,40,40,40,61,12.144001,5.04,1.312,1.396,0.630000055,0.306000024,0.66,3.288,2.046,0,3.37200022,3.37200022,3.12000012,48,46,40.5,45.5,872,733,0,776,653,0,0,0,0,0,6.25,1.54,0,0,0,6.25,0,1.54,1.95,6.25,26.4577885,3237,97,4850,347,48.5,0.23512879,0.63125,2756,50,32.3333321,0.0318867676,0.63125,2639,24,32.3333321,0.009564509,0.63125,2570,19,32.3333321,0.008963998,0.63125,2643,25,32.3333321,0.0137194758,0.63125,4850,247,48.5,0.2236793,0.63125,2570,18,32.3333321,0.009152325,0.63125,3020,44,32.3333321,0.03207116,0.64375,48.6250076,40.5000038,99.9982,512,-1,485.785156,485.5,0.28515625,0.5,7618.451,7618.951,0,0,0,0,0,0,0,0,0,0,0,0,512,600,1200,3000,47,0.655000031,1.30500007,0,0,13,46,210,405,0,0,0,0,0,21,0,0,5.308,5.793,0.865,1156.94141,74.31641,0.009540585,0,0,0,0,0,0,0,0,0,0,0,0,0,58.0625,54,16376,14910,1465,8.94993,18.368,449536,0
05/26/2026 14:27:37,38,56,0,46,50,40,40,40,40,61,12.144001,5.04,1.312,1.396,0.66,0.296,0.66,3.292,2.046,0,3.37200022,3.37200022,3.12000012,48,46,40.5,45.5,865,737,0,753,662,0,0,0,0,0,4.76,0,0,0,0,1.59,0,0,0.79,4.76,25.39307,3210,93,4850,391,48.5,0.229842246,0.65,2840,56,32.3333321,0.03408507,0.65,2604,25,32.3333321,0.01305254,0.65,2577,22,32.3333321,0.0107791713,0.65,2635,30,32.3333321,0.01371754,0.65,4678,168,48.5,0.156738743,0.65,2652,22,32.3333321,0.01998692,0.65,2840,29,32.3333321,0.0195386447,0.65,48.5000076,40.125,99.99819,512,-1,485.785156,485.5,0.28515625,0.5,7618.451,7618.951,0,0,0,0,0,0,0,0,0,0,0,0,512,600,1200,3000,46,0.575000048,1.30500007,0,0,13,46,210,405,0,0,0,0,0,46,0,0,7.387,6.931,0.865,1156.94141,74.31641,0,0,0,0,0,0,0,0,0,0,0,0,0,0,58.21875,54,16376,14910,1465,8.94993,19.03,449536,0
05/26/2026 14:27:39,38,55,0,46,50,40,40,40,40,61,12.12,5.03,1.31000006,1.39200008,0.690000057,0.318000019,0.66,3.288,2.046,0,3.37200022,3.37200022,3.12000012,48,46,40.5,45.5,863,705,0,747,653,0,0,0,0,0,7.81,1.56,0,0,0,4.69,0,0,1.76,7.81,25.4849377,3070,95,3600,331,36,0.229536116,0.9625,3022,49,36,0.0405569077,0.95625,2564,24,32.3333321,0.0118460525,1.1375,2724,25,32.3333321,0.0218854956,1.1375,2613,28,32.3333321,0.0115837771,1.1375,4850,262,48.5,0.23344025,1.1375,2625,23,32.3333321,0.008974411,1.1375,2561,16,32.3333321,0.008416338,1.1375,48.3750076,40.125,99.9982,512,-1,485.785156,485.5,0.28515625,0.5,7618.451,7618.951,0,0,0,0,0,0,0,0,0,0,0,0,512,600,1200,3000,47,0.950000048,1.30500007,0,1,15,46,210,405,0,0,0,0,0,41,0,0,7.37,7.561,0.865,1156.94141,74.31641,0.009314442,0,0,0,0,0,0,0,0,0,0,0,0,0,58.125,54,16376,14910,1465,8.94993,21.645,449536,49152
05/26/2026 14:27:41,38,55,0,46,50,40,40,40,40,61,12.12,5.04,1.31000006,1.396,0.566000044,0.292000026,0.658000052,3.292,2.046,0,3.37200022,3.37200022,3.12000012,48,46,40.5,45.5,857,726,0,761,647,0,0,0,0,0,6.25,0,0,0,0,3.12,0,1.56,1.37,6.25,25.9830017,3202,101,4850,357,48.5,0.207477182,0.65625,2634,43,32.3333321,0.0227340888,0.65625,2530,19,32.3333321,0.009252423,0.65625,2536,19,32.3333321,0.009710464,0.65625,2554,25,32.3333321,0.0147489123,0.65625,4850,282,48.5,0.2586556,0.65625,2536,18,32.3333321,0.008971241,0.65625,3127,43,32.3333321,0.0369949043,0.65625,48.3750076,40.125,99.99819,512,-1,485.785156,485.5,0.28515625,0.5,7618.451,7618.951,0,0,0,0,0,0,0,0,0,0,0,0,512,600,1200,3000,46,0.405000031,1.30500007,0,0,11,46,210,405,0,0,0,0,0,21,0,0,5.474,6.156,0.865,1156.94141,74.31641,0,0,0,0,0,0,0,0,0,0,0,0,0,0,58.09375,54,16376,14910,1465,8.94993,17.698,0,1549312
05/26/2026 14:27:43,38,56,0,46,50,40,40,40,40,61,12.12,5.04,1.312,1.39200008,0.766000032,0.30400002,0.66,3.292,2.046,0,3.37200022,3.37200022,3.12000012,48,46,40.5,45.5,858,733,0,746,631,0,0,0,0,0,12.5,0,0,0,0,3.12,0,0,1.95,12.5,26.2956734,3242,104,4040,458,40.4,0.3299579,0.51875,3433,50,40.4,0.0351179838,0.51875,2685,23,33.6666679,0.0101020113,0.51875,2690,21,33.6666679,0.009377134,0.51875,2839,36,33.6666679,0.0179273076,0.51875,5039,199,50.5,0.181354061,0.51875,2622,21,32.3333321,0.01964008,0.55625,2585,23,32.3333321,0.0115466407,0.55625,48.3750076,40.6250038,99.99819,512,-1,485.785156,485.5,0.28515625,0.5,7618.451,7618.951,0,0,0,0,0,0,0,0,0,0,0,0,512,600,1200,3000,46,0.87500006,1.30500007,0,7,15,46,210,405,0,0,0,0,0,46,0,0,6.727,6.856,0.865,1156.94141,74.31641,0.009628593,0,0,0,0,0,0,0,0,0,0,0,0,0,58.1875,56,16376,14910,1465,8.94993,16.175,399360,0
05/26/2026 14:27:45,38,56,0,46,50,41,41,41,41,62,12.144001,5.04,1.31000006,1.39200008,0.62,0.298,0.66,3.292,2.046,0,3.37200022,3.37200022,3.12000012,50,46,41,45.5,866,737,0,759,647,0,0,0,0,0,11.11,4.76,1.56,1.59,0,12.7,0,1.59,4.16,12.7,27.8954163,3667,238,4850,732,48.5,0.6545319,0.64375,4827,257,48.5,0.334588,0.64375,2681,41,32.3333321,0.0573636442,0.64375,2662,38,32.3333321,0.03536683,0.64375,3588,73,40.4,0.11644651,0.64375,5050,686,50.5,0.7183912,0.64375,2896,40,33.6666679,0.0268819723,0.64375,2779,34,33.6666679,0.0275537912,0.64375,50.0000076,44.0000038,99.99819,512,-1,485.785156,485.5,0.28515625,0.5,7618.451,7618.951,0,0,0,0,0,0,0,0,0,0,0,0,512,600,1200,3000,46,0.599000037,1.30500007,0,1,14,46,210,405,0,0,0,0,0,41,0,0,7.181,7.042,0.865,1156.94141,74.31641,0,0,0,0,0,0,0,0,0,0,0,0,0,0,58.1875,54,16376,14910,1465,8.94993,19.342,0,1649664
05/26/2026 14:27:47,39,56,0,47,51,44,44,44,44,63,12.144001,5.04,1.31000006,1.39200008,0.822,0.316,0.658000052,3.292,2.046,0,3.37200022,3.37200022,3.12000012,49,46,41,45.5,877,734,0,764,633,0,0,0,0,0,9.38,0,0,0,0,1.56,0,0,1.37,9.38,26.8243256,3267,121,4850,505,48.5,0.393647462,0.65,3226,117,32.3333321,0.138854519,0.65,2672,29,32.3333321,0.0153028332,0.65,2573,21,32.3333321,0.010474883,0.65,2636,32,32.3333321,0.02269049,0.65,4795,221,48.5,0.242189676,0.65,2803,26,32.3333321,0.012278555,0.65,2584,19,32.3333321,0.0108582741,0.65,49.8750076,40.5000038,99.9982,512,-1,485.785156,485.5,0.28515625,0.5,7618.451,7618.951,0,0,0,0,0,0,0,0,0,0,0,0,512,600,1200,3000,48,0.745000064,1.30500007,0,1,15,46,210,405,0,0,0,0,0,21,0,0,6.037,6.553,0.865,1156.94141,74.31641,0.009618963,0,0,0,0,0,0,0,0,0,0,0,0,0,58.125,54,16376,14910,1465,8.94993,19.916,0,1649664
05/26/2026 14:27:49,39,56,0,47,52,44,44,44,44,63,12.144001,5.04,1.31000006,1.39200008,1.036,0.332000017,0.66,3.292,2.046,0,3.37200022,3.37200022,3.12000012,52,46,41,45.5,883,710,0,763,635,0,0,0,0,0,20.31,10.94,0,0,3.12,17.19,0,0,6.45,20.31,31.0302734,3374,357,4040,1231,40.4,1.32639432,0.64375,3924,402,40.4,0.524315536,0.64375,3286,45,38.8,0.057462424,0.64375,2637,26,32.3333321,0.0229819268,0.575,2963,114,32.3333321,0.161809921,0.575,4850,982,48.5,1.05283856,0.575,2558,21,32.3333321,0.0135670938,0.575,2737,36,32.3333321,0.02035064,0.575,52.0000076,44.0000038,99.9982,512,-1,485.785156,485.5,0.28515625,0.5,7618.451,7618.951,0,0,0,0,0,0,0,0,0,0,0,0,512,600,1200,3000,47,0.965000033,1.30500007,0,2,15,46,210,405,0,0,0,0,0,46,0,0,6.767,6.885,0.865,1156.94141,74.31641,0,0,0,0,0,0,0,0,0,0,0,0,0,0,58.28125,54,16376,14910,1465,8.94993,20.206,399360,0
05/26/2026 14:27:51,40,55,0,48,53,45,45,45,45,65,12.144001,5.04,1.31000006,1.396,0.634,0.302000016,0.658000052,3.288,2.046,0,3.37200022,3.36800027,3.12000012,51,45.5,41,45.5,898,706,0,774,648,0,0,0,0,0,7.81,0,0,0,1.56,6.25,0,0,1.95,7.81,27.7103825,3598,152,4850,408,48.5,0.299444973,0.6375,4438,85,48.5,0.107588984,0.6375,3040,66,32.3333321,0.07055091,0.6375,2973,50,32.3333321,0.05308801,0.6375,3103,89,32.3333321,0.0825559646,0.6375,4850,447,48.5,0.341272354,0.6375,2822,38,32.3333321,0.041946955,0.6375,2708,32,32.3333321,0.02854424,0.6375,51.1250076,43.5000038,99.9982,512,-1,485.785156,485.5,0.28515625,0.5,7618.451,7618.951,0,0,0,0,0,0,0,0,0,0,0,0,512,600,1200,3000,48,0.75000006,1.30500007,0,0,14,46,210,405,0,0,0,0,0,41,0,0,6.669,7.121,0.865,1156.94141,74.31641,0.009680511,0,0,0,0,0,0,0,0,0,0,0,0,0,58.25,54,16376,14910,1465,8.94993,18.961,449536,49152
05/26/2026 14:27:53,41,55,0,49,53,45,45,45,45,64,12.12,5.03,1.31000006,1.39200008,0.688,0.3,0.658000052,3.288,2.046,0,3.37200022,3.37200022,3.12000012,50,45.5,41,45.5,917,724,0,775,660,0,0,0,0,0,10.94,0,0,0,0,1.56,0,0,1.56,10.94,26.4142685,2986,100,3600,414,36,0.309540063,0.9625,3056,56,36,0.03305225,0.95625,2877,21,36,0.0102419676,0.95,2880,24,36,0.0100404685,0.95,2630,28,32.3333321,0.0142149422,0.98125,3201,202,32.3333321,0.168039232,0.98125,2925,36,32.3333321,0.0230672359,0.98125,2716,19,32.3333321,0.009477892,0.98125,50.8750076,40.5000038,99.9982,512,-1,485.785156,485.5,0.28515625,0.5,7618.451,7618.951,0,0,0,0,0,0,0,0,0,0,0,0,512,600,1200,3000,46,0.405000031,1.30500007,0,0,11,46,210,405,0,0,0,0,0,46,0,0,7.74,8.196,0.865,1156.94141,74.31641,0.009490097,0,0,0,0,0,0,0,0,0,0,0,0,0,58.28125,54,16376,14910,1465,8.94993,20.824,0,49152
05/26/2026 14:27:55,40,55,0,48,53,44,44,44,44,63,12.12,5.04,1.31000006,1.39200008,0.56,0.306000024,0.658000052,3.292,2.046,0,3.37200022,3.37200022,3.12000012,49,46,41,45.5,909,718,0,793,683,0,0,0,0,0,4.76,0,0,0,0,3.17,0,0,0.99,4.76,25.5756531,3334,96,4040,396,40.4,0.230791733,0.575,4401,56,50.5,0.0333917961,0.575,3177,28,40.4,0.0116810128,0.575,2598,21,33.6666679,0.008852495,0.575,3497,48,40.4,0.0253343433,0.575,3865,171,40.4,0.140046835,0.575,2459,17,32.3333321,0.007721017,0.55,2639,27,32.3333321,0.0113145253,0.55,49.7500076,40.5000038,99.99819,512,-1,485.785156,485.5,0.28515625,0.5,7618.451,7618.951,0,0,0,0,0,0,0,0,0,0,0,0,512,600,1200,3000,46,0.575000048,1.30500007,0,0,13,46,210,405,0,0,0,0,0,41,0,0,6.893,7.044,0.865,1156.94141,74.31641,0,0,0,0,0,0,0,0,0,0,0,0,0,0,58.21875,54,16376,14910,1465,8.94993,20.962,399360,0
05/26/2026 14:27:57,39,55,0,47,52,42,42,42,42,62,12.144001,5.04,1.31000006,1.39200008,0.732000053,0.30400002,0.66,3.292,2.046,0,3.37200022,3.37200022,3.12000012,49,46,40.5,45.5,887,695,0,778,683,0,0,0,0,0,9.23,0,0,0,0,0,0,0,1.15,9.23,26.667347,3240,99,4850,409,48.5,0.292520434,0.65,2950,67,32.3333321,0.0624977536,0.65,2799,38,32.3333321,0.028292289,0.65,2619,25,32.3333321,0.01949542,0.65,2766,38,32.3333321,0.0337042026,0.65,4650,169,48.5,0.162451029,0.65,2654,23,32.3333321,0.0126800649,0.65,2634,22,32.3333321,0.0104933232,0.65,49.3750076,40.5000038,99.99819,512,-1,485.785156,485.5,0.28515625,0.5,7618.451,7618.951,0,0,0,0,0,0,0,0,0,0,0,0,512,600,1200,3000,46,0.615,1.30500007,0,0,13,46,210,405,0,0,0,0,0,21,0,0,5.263,5.266,0.865,1156.94141,74.31641,0.009504851,0,0,0,0,0,0,0,0,0,0,0,0,0,58.15625,54,16376,14910,1465,8.94993,16.847,399360,0
05/26/2026 14:27:59,39,56,0,47,52,42,42,42,42,62,12.144001,5.04,1.31000006,1.39200008,0.612000048,0.3,0.658000052,3.288,2.046,0,3.37200022,3.37200022,3.12000012,48,46,40.5,45.5,884,731,0,775,682,0,0,0,0,0,6.25,0,0,0,0,3.12,0,0,1.17,6.25,25.2050877,3196,93,4850,390,48.5,0.216774464,0.65,2718,39,32.3333321,0.0226187427,0.65,2733,27,32.3333321,0.0244392622,0.65,2593,20,32.3333321,0.007427259,0.65,2704,30,32.3333321,0.0162347034,0.65,4726,195,48.5,0.171722651,0.65,2583,19,32.3333321,0.007518115,0.65,2658,26,32.3333321,0.009036492,0.65,48.8750076,41.5000038,99.99821,512,-1,485.785156,485.5,0.28515625,0.5,7618.451,7618.951,0,0,0,0,0,0,0,0,0,0,0,0,512,600,1200,3000,47,0.950000048,1.30500007,0,1,15,46,210,405,0,0,0,0,0,46,0,0,7.464,7.082,0.865,1156.94141,74.31641,0,0,0,0,0,0,0,0,0,0,0,0,0,0,58.34375,56,16376,14910,1465,8.94993,18.901,399360,0
05/26/2026 14:28:01,38,56,0,46,50,40,40,40,40,61,12.144001,5.04,1.31000006,1.39200008,0.73,0.308000028,0.658000052,3.292,2.046,0,3.37600017,3.37200022,3.12000012,48,46,40.5,45.5,870,737,0,761,657,0,0,0,0,0,6.25,0,0,0,0,0,0,0,0.78,6.25,26.3282681,3078,90,3600,378,36,0.239711314,0.8,2986,46,36,0.0307770055,0.8,2941,24,36,0.0116091343,0.8,2861,22,36,0.0108837783,0.8,2923,33,36,0.0146134691,0.8,3483,181,36,0.136402413,0.8,2845,20,36,0.009490523,0.8,2988,20,36,0.009882807,0.8,48.7500076,42.5000038,99.9982,512,-1,485.785156,485.5,0.28515625,0.5,7618.451,7618.951,0,0,0,0,0,0,0,0,0,0,0,0,512,600,1200,3000,46,0.965000033,1.30500007,0,1,15,46,210,405,0,0,0,0,0,21,0,0,6.168,6.811,0.865,1156.94141,74.546875,0.0137821268,0,0,0,0.00129330845,0,0,0,0,0,0,0,0,0,58.28125,54,16376,14910,1465,8.94993,17.986,249856,49152
05/26/2026 14:28:03,38,56,0,46,50,40,40,40,40,61,12.12,5.04,1.31000006,1.39200008,0.684,0.302000016,0.658000052,3.292,2.046,0,3.37200022,3.37200022,3.12000012,48,46,40.5,45.5,858,738,0,760,654,0,0,0,0,0,4.69,0,0,0,0,1.56,0,0,0.78,4.69,26.7352238,3153,93,4850,365,48.5,0.273009032,0.64375,2625,39,32.3333321,0.028325947,0.64375,2586,25,32.3333321,0.012019841,0.64375,2571,22,32.3333321,0.0106470166,0.64375,2599,32,32.3333321,0.0159558933,0.64375,4850,219,48.5,0.179797173,0.64375,2572,21,32.3333321,0.0101180952,0.64375,2568,18,32.3333321,0.0106202634,0.64375,48.5000076,40.5000038,99.99821,512,-1,485.785156,485.5,0.28515625,0.5,7618.451,7618.951,0,0,0,0,0,0,0,0,0,0,0,0,512,600,1200,3000,46,0.565,1.30500007,0,0,13,46,210,405,0,0,0,0,0,46,0,0,6.784,7.28,0.865,1156.94141,74.546875,0,0,0,0,0,0,0,0,0,0,0,0,0,0,58.28125,56,16376,14910,1465,8.94993,20.738,399360,0
05/26/2026 14:28:05,38,56,0,46,50,40,40,40,40,61,12.144001,5.04,1.312,1.39200008,0.728000045,0.302000016,0.658000052,3.292,2.046,0,3.37200022,3.37200022,3.12000012,48,46,40.5,45.5,865,712,0,745,633,0,0,0,0,0,9.38,0,0,0,0,1.56,0,0,1.37,9.38,26.0991325,3185,106,4850,453,48.5,0.3277999,0.65,2734,51,32.3333321,0.0388399437,0.65,2606,24,32.3333321,0.0125399744,0.65,2567,19,32.3333321,0.009482197,0.65,2643,31,32.3333321,0.0127895446,0.65,4850,232,48.5,0.245732039,0.65,2572,18,32.3333321,0.009506,0.65,2659,21,32.3333321,0.009984228,0.65,48.5000076,40.5000038,99.9982,512,-1,485.785156,485.5,0.28515625,0.5,7618.451,7618.951,0,0,0,0,0,0,0,0,0,0,0,0,512,600,1200,3000,47,0.965000033,1.30500007,0,2,15,46,210,405,0,0,0,0,0,41,0,0,6.485,6.655,0.865,1156.94141,74.546875,0.0128947562,0,0,0,0.00141589483,0,0,0,0,0,0,0,0,0,58.28125,54,16376,14910,1465,8.94993,19.053,449536,0
05/26/2026 14:28:07,38,56,0,46,50,40,40,40,40,61,12.144001,5.04,1.31000006,1.39200008,0.612000048,0.31,0.658000052,3.292,2.046,0,3.37200022,3.37200022,3.12000012,48,45.5,41,45.5,858,712,0,743,647,0,0,0,0,0,3.12,0,0,0,0,1.56,0,0,0.59,3.12,25.39264,3201,84,4850,280,48.5,0.153037772,0.65,2901,65,32.3333321,0.04382293,0.65,2609,27,32.3333321,0.009802697,0.65,2677,26,32.3333321,0.0123434085,0.65,2577,27,32.3333321,0.0107459873,0.65,4751,206,48.5,0.1818903,0.65,2679,24,32.3333321,0.00823412649,0.65,2563,19,32.3333321,0.007518777,0.65,48.2500076,41.5000038,99.9982,512,-1,485.785156,485.5,0.28515625,0.5,7618.451,7618.951,0,0,0,0,0,0,0,0,0,0,0,0,512,600,1200,3000,47,0.969000041,1.30500007,0,2,15,46,210,405,0,0,0,0,0,21,0,0,6.224,6.427,0.865,1156.94141,74.546875,0,0,0,0,0,0,0,0,0,0,0,0,0,0,58.21875,54,16376,14910,1465,8.94993,16.84,399360,0
05/26/2026 14:28:09,38,56,0,46,50,40,40,40,40,61,12.144001,5.03,1.31000006,1.39200008,0.780000031,0.318000019,0.658000052,3.288,2.046,0,3.37200022,3.37200022,3.12000012,48,45.5,40.5,45.5,870,704,0,744,647,0,0,0,0,0,12.7,1.56,3.12,1.56,3.12,7.94,1.56,1.56,4.14,12.7,26.5373974,3150,119,4850,499,48.5,0.3691694,0.66875,2812,47,32.3333321,0.0341523066,0.66875,3156,52,32.3333321,0.0404286124,0.66875,2661,19,32.3333321,0.009299899,0.66875,2788,31,32.3333321,0.0169019178,0.66875,3233,251,32.3333321,0.276795626,0.66875,2874,22,32.3333321,0.0106553081,0.66875,2822,29,32.3333321,0.0109754642,0.66875,48.3750076,40.125,99.9982,512,-1,485.785156,485.5,0.28515625,0.5,7618.451,7618.951,0,0,0,0,0,0,0,0,0,0,0,0,512,600,1200,3000,47,0.969000041,1.30500007,0,3,15,46,210,405,0,0,0,0,0,46,0,0,7.444,7.555,0.865,1156.94141,74.546875,0.009701019,0,0,0,0,0,0,0,0,0,0,0,0,0,58.34375,54,16376,14910,1465,8.94993,18.68,449536,0
05/26/2026 14:28:11,38,56,0,46,50,40,40,40,40,61,12.144001,5.04,1.31000006,1.39200008,0.618000031,0.306000024,0.66,3.292,2.046,0,3.37200022,3.37200022,3.12000012,48,45.5,40.5,45.5,868,706,0,760,631,0,0,0,0,0,4.76,0,0,0,0,4.76,1.56,0,1.39,4.76,25.4076672,3271,90,4850,360,48.5,0.208491236,0.64375,2755,48,32.3333321,0.03405408,0.64375,2624,24,32.3333321,0.0115351873,0.64375,2639,20,32.3333321,0.008400085,0.64375,2634,23,32.3333321,0.0134585313,0.64375,4784,177,48.5,0.168645516,0.64375,3062,49,32.3333321,0.0366717428,0.64375,2817,21,32.3333321,0.008577285,0.64375,48.3750076,41.0000038,99.9982,512,-1,485.785156,485.5,0.28515625,0.5,7618.451,7618.951,0,0,0,0,0,0,0,0,0,0,0,0,512,600,1200,3000,48,0.984,1.30500007,0,6,15,46,210,405,0,0,0,0,0,41,0,0,6.49,6.669,0.865,1156.94141,74.546875,0,0,0,0,0,0,0,0,0,0,0,0,0,0,58.3125,56,16376,14910,1465,8.94993,19.633,399360,0
05/26/2026 14:28:13,38,55,0,46,50,40,40,40,40,61,12.144001,5.03,1.31000006,1.39200008,0.714000046,0.298,0.66,3.288,2.046,0,3.36800027,3.37200022,3.12000012,48,45.5,40.5,45.5,870,706,0,744,631,0,0,0,0,0,7.81,0,0,0,0,4.69,0,0,1.56,7.81,26.4148235,3450,102,4850,403,48.5,0.300233454,0.6625,4676,82,48.5,0.0620842129,0.6625,2610,25,32.3333321,0.0190302953,0.6625,2635,24,32.3333321,0.0144586219,0.6625,2668,28,32.3333321,0.0225529782,0.6625,4850,200,48.5,0.176901862,0.6625,2709,32,32.3333321,0.0119507769,0.6625,2600,18,32.3333321,0.009214312,0.6625,48.3750076,43.5000038,99.9982,512,-1,485.785156,485.5,0.28515625,0.5,7618.451,7618.951,0,0,0,0,0,0,0,0,0,0,0,0,512,600,1200,3000,46,0.555,1.30500007,0,0,11,46,210,405,0,0,0,0,0,21,0,0,5.813,5.915,0.865,1156.94141,74.546875,0.0104975551,0,0,0,0,0,0,0,0,0,0,0,0,0,58.375,54,16376,14910,1465,8.94993,17.768,449536,0
05/26/2026 14:28:15,38,55,0,46,50,40,40,40,40,61,12.12,5.03,1.31000006,1.39200008,0.804,0.306000024,0.658000052,3.288,2.046,0,3.37200022,3.37200022,3.12000012,48,45.5,40.5,45.5,868,701,0,745,647,0,0,0,0,0,6.25,0,0,0,0,0,0,0,0.78,6.25,26.4684219,3091,91,3600,399,36,0.2631204,0.9625,3116,47,36,0.035080716,1.35,2858,23,36,0.0120195076,1.35,2859,24,36,0.0105399936,1.35,2952,29,36,0.0157870874,1.35,3414,155,36,0.159014657,1.35,2913,23,36,0.012281307,1.35,3018,25,36,0.0114385234,1.35,48.2500076,41.5000038,99.99819,512,-1,485.785156,485.5,0.28515625,0.5,7618.451,7618.951,0,0,0,0,0,0,0,0,0,0,0,0,512,600,1200,3000,47,0.965000033,1.30500007,0,1,15,46,210,405,0,0,0,0,0,46,0,0,7.812,7.567,0.865,1156.94141,74.546875,0,0,0,0,0,0,0,0,0,0,0,0,0,0,58.3125,54,16376,14910,1465,8.94993,20.814,399360,0
05/26/2026 14:28:17,38,55,0,46,50,40,40,40,40,61,12.12,5.04,1.31000006,1.39200008,0.664000034,0.30400002,0.658000052,3.292,2.046,0,3.37200022,3.37200022,3.12000012,48,45.5,41,45.5,859,718,0,760,632,0,0,0,0,0,6.25,0,0,0,0,0,0,0,0.78,6.25,25.9818649,3156,99,4850,429,48.5,0.2920841,0.65,2719,47,32.3333321,0.0382661559,0.65,2582,26,32.3333321,0.0114250062,0.65,2641,23,32.3333321,0.0217059255,0.65,2585,28,32.3333321,0.0259252526,0.65,4775,193,48.5,0.17856741,0.65,2533,21,32.3333321,0.0102969864,0.65,2560,22,32.3333321,0.0100075742,0.65,48.2500076,40.125,99.9982,512,-1,485.785156,485.5,0.28515625,0.5,7618.451,7618.951,0,0,0,0,0,0,0,0,0,0,0,0,512,600,1200,3000,46,0.405000031,1.30500007,0,0,11,46,210,405,0,0,0,0,0,41,0,0,6.805,6.941,0.865,1156.94141,74.31641,0.009463543,0,0,0,0.00134765648,0,0,0,0,0,0,0,0,0,58.34375,56,16376,14910,1465,8.94993,21.318,499712,0
05/26/2026 14:28:19,38,54,0,46,50,40,40,40,40,61,12.12,5.03,1.31000006,1.39200008,0.784000039,0.306000024,0.658000052,3.288,2.046,0,3.37200022,3.37200022,3.11600018,48,45.5,40.5,45.5,867,687,0,745,647,0,0,0,0,0,7.81,1.56,0,0,0,4.69,0,0,1.76,7.81,26.6539021,3206,104,4850,403,48.5,0.290574878,0.65,2756,50,32.3333321,0.03631025,0.65,2739,30,32.3333321,0.0113140643,0.65,2552,20,32.3333321,0.009503195,0.65,2624,27,32.3333321,0.018650407,0.65,4850,258,48.5,0.234542742,0.65,2545,19,32.3333321,0.009462309,0.65,2734,24,32.3333321,0.012522772,0.65,48.2500076,40.5000038,99.99819,512,-1,485.785156,485.5,0.28515625,0.5,7618.451,7618.951,0,0,0,0,0,0,0,0,0,0,0,0,512,600,1200,3000,47,0.405000031,1.30500007,0,0,11,46,210,405,0,0,0,0,0,46,0,0,6.866,7.025,0.865,1156.94141,74.31641,0.009662192,0,0,0,0.00135858741,0,0,0,0,0,0,0,0,0,58.28125,54,16376,14910,1465,8.94993,16.47,449536,0
05/26/2026 14:28:21,38,54,0,46,50,40,40,40,40,61,12.12,5.04,1.31000006,1.39200008,0.690000057,0.30400002,0.658000052,3.292,2.046,0,3.37200022,3.37200022,3.12000012,48,46,41,45.5,870,707,0,756,647,0,0,0,0,0,6.35,0,0,0,0,3.17,0,0,1.19,6.35,25.7543621,3119,108,4850,406,48.5,0.257035941,0.65,2971,86,32.3333321,0.06843884,0.65,2684,27,32.3333321,0.0164696574,0.65,2693,26,32.3333321,0.0157827716,0.65,2699,33,32.3333321,0.02202719,0.65,3217,218,32.3333321,0.22999759,0.65,2690,23,32.3333321,0.01473683,0.65,3145,49,32.3333321,0.03789608,0.65,48.2500076,41.0000038,99.9982,512,-1,485.785156,485.5,0.28515625,0.5,7618.451,7618.951,0,0,0,0,0,0,0,0,0,0,0,0,512,600,1200,3000,48,0.75000006,1.30500007,0,0,14,46,210,405,0,0,0,0,0,41,0,0,7.233,7.166,0.865,1156.94141,74.31641,0,0,0,0,0,0,0,0,0,0,0,0,0,0,58.375,56,16376,14910,1465,8.94993,19.639,449536,0
05/26/2026 14:28:23,38,54,0,46,50,40,40,40,40,61,12.12,5.03,1.31000006,1.39200008,0.656,0.312,0.658000052,3.288,2.046,0,3.37200022,3.37200022,3.12000012,48,46,40.5,45.5,865,705,0,745,647,0,0,0,0,0,12.5,4.69,3.12,1.56,0,10.94,0,1.56,4.3,12.5,25.6726513,3082,96,3600,422,36,0.303493023,0.9625,2966,46,36,0.0343963765,0.95625,2938,26,36,0.021931082,0.95,2820,22,36,0.009842609,0.95,2573,27,32.3333321,0.0179669075,0.65,4671,179,48.5,0.164229423,1.125,2530,19,32.3333321,0.0113006746,1.125,2560,23,32.3333321,0.0134582128,1.125,48.1250076,39.625,99.99819,512,-1,485.785156,485.5,0.28515625,0.5,7618.451,7618.951,0,0,0,0,0,0,0,0,0,0,0,0,512,600,1200,3000,46,0.710000038,1.30500007,0,0,13,46,210,405,0,0,0,0,0,21,0,0,6.072,6.33,0.865,1156.94141,74.31641,0.009324767,0,0,0,0,0,0,0,0,0,0,0,0,0,58.3125,56,16376,14910,1465,8.94993,19.297,0,0
05/26/2026 14:28:25,38,55,0,46,50,40,40,40,40,61,12.12,5.03,1.31000006,1.39200008,0.542000055,0.302000016,0.658000052,3.288,2.046,0,3.37200022,3.37200022,3.11600018,48,45.5,41,45.5,867,715,0,757,631,0,0,0,0,0,4.69,1.56,0,0,0,3.12,0,0,1.17,4.69,26.3178024,3171,100,4850,431,48.5,0.316504151,0.65,2672,39,32.3333321,0.028941961,0.65,2543,21,32.3333321,0.0130627044,0.65,2561,23,32.3333321,0.01070484,0.65,2771,38,32.3333321,0.02434856,0.65,4782,210,48.5,0.163039416,0.65,2535,20,32.3333321,0.00897033,0.65,2652,21,32.3333321,0.0104634641,0.65,48.2500076,41.0000038,99.9982,512,-1,485.785156,485.5,0.28515625,0.5,7618.451,7618.951,0,0,0,0,0,0,0,0,0,0,0,0,512,600,1200,3000,46,0.690000057,1.30500007,0,0,13,46,210,405,0,0,0,0,0,41,0,0,6.401,7.065,0.865,1156.94141,74.31641,0.009600659,0,0,0,0,0,0,0,0,0,0,0,0,0,58.34375,56,16376,14910,1465,8.94993,18.758,199680,0
05/26/2026 14:28:27,38,54,0,46,50,40,40,40,40,61,12.12,5.03,1.31000006,1.39200008,0.570000052,0.306000024,0.658000052,3.288,2.046,0,3.37200022,3.37200022,3.12000012,48,45.5,40.5,45.5,867,687,0,756,646,0,0,0,0,0,6.25,0,0,0,0,3.12,0,0,1.17,6.25,25.843647,3034,96,4850,363,48.5,0.227729663,0.675,2932,61,32.3333321,0.0388721153,0.675,2626,28,32.3333321,0.0100759072,0.675,2606,21,32.3333321,0.009008272,0.675,2751,32,32.3333321,0.0316646136,0.675,3233,216,32.3333321,0.19717969,0.675,2648,25,32.3333321,0.0112488689,0.675,2626,22,32.3333321,0.0115115484,0.675,48.2500076,40.5000038,99.99821,512,-1,485.785156,485.5,0.28515625,0.5,7618.451,7618.951,0,0,0,0,0,0,0,0,0,0,0,0,512,600,1200,3000,48,0.955000043,1.30500007,0,1,14,46,210,405,0,0,0,0,0,21,0,0,5.526,5.404,0.865,1156.94141,74.31641,0,0,0,0,0,0,0,0,0,0,0,0,0,0,58.375,56,16376,14910,1465,8.94993,16.041,399360,0
05/26/2026 14:28:29,38,54,0,46,50,40,40,40,40,61,12.144001,5.04,1.31000006,1.39200008,0.702,0.314,0.658000052,3.292,2.046,0,3.37200022,3.37200022,3.12000012,48,46,40.5,45.5,867,710,0,760,632,0,0,0,0,0,1.56,0,0,0,0,1.56,0,0,0.39,1.56,26.3742218,3262,97,4850,321,48.5,0.237886831,0.6625,2766,46,32.3333321,0.0283762831,0.6625,2636,28,32.3333321,0.009706876,0.6625,2595,25,32.3333321,0.0092432145,0.6625,2766,36,32.3333321,0.0165749583,0.66875,4850,259,48.5,0.219489157,0.66875,2580,20,32.3333321,0.008795812,0.66875,3056,43,32.3333321,0.0295318346,0.66875,48.2500076,40.5000038,99.9982,512,-1,485.785156,485.5,0.28515625,0.5,7618.451,7618.951,0,0,0,0,0,0,0,0,0,0,0,0,512,600,1200,3000,45,0.410000026,1.30500007,0,0,11,46,210,405,0,0,0,0,0,46,0,0,7.753,8.096,0.865,1156.94141,74.31641,0.009517712,0,0,0,0.00132411683,0,0,0,0,0,0,0,0,0,58.375,56,16376,14910,1465,8.94993,19.267,249856,0
05/26/2026 14:28:31,38,54,0,46,50,40,40,40,40,61,12.144001,5.04,1.31000006,1.396,0.604000032,0.3,0.658000052,3.292,2.046,0,3.37200022,3.37200022,3.12000012,48,45.5,40.5,45.5,857,710,0,744,631,0,0,0,0,0,7.69,0,1.56,0,3.12,6.15,0,0,2.32,7.69,25.037199,3338,89,3600,348,36,0.230734169,1.00625,2967,40,36,0.0307956468,1.00625,2899,23,36,0.0126522426,1.00625,2891,22,36,0.0106513528,1.00625,2955,27,36,0.0177973863,1.00625,3526,207,36,0.182953522,1.00625,3906,20,48.5,0.0108920606,0.9375,3956,25,48.5,0.011294351,0.9375,48.1250076,40.5000038,99.99819,512,-1,485.785156,485.5,0.28515625,0.5,7618.451,7618.951,0,0,0,0,0,0,0,0,0,0,0,0,512,600,1200,3000,47,0.650000036,1.30500007,0,3,14,46,210,405,0,0,0,0,0,41,0,0,6.866,7.261,0.865,1156.94141,74.31641,0,0,0,0,0,0,0,0,0,0,0,0,0,0,58.40625,56,16376,14910,1465,8.94993,21.406,0,0
05/26/2026 14:28:33,38,55,0,46,50,40,40,40,40,61,12.144001,5.04,1.312,1.396,0.644000053,0.296,0.658000052,3.292,2.046,0,3.37200022,3.37200022,3.12000012,48,46,40.5,45.5,864,685,0,756,631,0,0,0,0,0,7.81,0,0,0,0,0,0,0,0.98,7.81,26.1316814,2986,96,4850,367,48.5,0.243241891,0.6625,2700,39,32.3333321,0.0222701319,0.6625,2607,22,32.3333321,0.009658043,0.6625,2631,23,32.3333321,0.009191082,0.6625,2695,32,32.3333321,0.0260286536,0.6625,3233,237,32.3333321,0.191873476,0.6625,2587,21,32.3333321,0.009327608,0.6625,2588,26,32.3333321,0.009954546,0.6625,48.2500076,40.5000038,99.9982,512,-1,485.785156,485.5,0.28515625,0.5,7618.451,7618.951,0,0,0,0,0,0,0,0,0,0,0,0,512,600,1200,3000,46,0.650000036,1.30500007,0,0,14,46,210,405,0,0,0,0,0,21,0,0,5.219,5.226,0.865,1156.94141,74.31641,0.009514831,0,0,0,0.0014437678,0,0,0,0,0,0,0,0,0,58.46875,56,16376,14910,1465,8.94993,17.078,0,0
05/26/2026 14:28:35,38,55,0,46,50,40,40,40,40,61,12.144001,5.04,1.312,1.39200008,0.830000043,0.320000023,0.658000052,3.292,2.046,0,3.37200022,3.37200022,3.12000012,48,46,40.5,45.5,868,718,0,760,647,0,0,0,0,0,3.12,0,0,0,0,6.25,0,0,1.17,6.25,25.8827152,3057,108,4850,386,48.5,0.263980061,0.6625,2731,47,32.3333321,0.0316076726,0.6625,2575,21,32.3333321,0.0109537151,0.6625,2576,18,32.3333321,0.009956528,0.6625,2809,36,32.3333321,0.02477934,0.6625,3233,292,32.3333321,0.275137544,0.6625,3059,41,32.3333321,0.0299979858,0.6625,2622,19,32.3333321,0.0102550061,0.6625,48.2500076,43.5000038,99.9982,512,-1,485.785156,485.5,0.28515625,0.5,7618.451,7618.951,0,0,0,0,0,0,0,0,0,0,0,0,512,600,1200,3000,46,0.705000043,1.30500007,0,0,14,46,210,405,0,0,0,0,0,46,0,0,7.615,7.157,0.865,1156.94141,74.31641,0,0,0,0,0,0,0,0,0,0,0,0,0,0,58.40625,56,16376,14910,1465,8.94993,19.069,0,49152
05/26/2026 14:28:37,38,56,0,46,50,40,40,40,40,61,12.144001,5.04,1.31000006,1.39200008,0.658000052,0.298,0.658000052,3.292,2.046,0,3.37200022,3.37200022,3.12000012,48,46,40.5,45.5,855,703,0,745,631,0,0,0,0,0,7.69,0,0,0,0,0,0,0,0.96,7.69,25.61948,3129,97,3600,404,36,0.3137994,0.825,3126,53,36,0.0357412025,0.825,2829,22,36,0.0111092292,0.825,3373,44,36,0.03949158,0.825,2954,33,36,0.0233635083,0.825,3469,175,36,0.163440987,0.825,2844,20,36,0.009898789,0.825,2839,25,36,0.0104610519,0.825,48.2500076,41.5000038,99.9982,512,-1,485.785156,485.5,0.28515625,0.5,7618.451,7618.951,0,0,0,0,0,0,0,0,0,0,0,0,512,600,1200,3000,47,0.625,1.30500007,0,1,14,46,210,405,0,0,0,0,0,41,0,0,7.311,7.841,0.865,1156.94141,74.31641,0.009189386,0,0,0,0,0,0,0,0,0,0,0,0,0,58.4375,56,16376,14910,1465,8.94993,21.532,49152,0
05/26/2026 14:28:39,38,56,0,46,50,40,40,40,40,61,12.144001,5.04,1.312,1.39200008,0.622000039,0.298,0.658000052,3.292,2.046,0,3.37200022,3.37200022,3.12000012,48,46,40.5,45.5,865,709,0,756,646,0,0,0,0,0,6.25,0,0,0,0,0,0,0,0.78,6.25,25.19842,3251,93,4850,352,48.5,0.20696184,0.6625,2921,66,32.3333321,0.0515225977,0.6625,2624,25,32.3333321,0.0128577165,0.6625,2685,28,32.3333321,0.0128781833,0.6625,2618,31,32.3333321,0.01886852,0.6625,4769,185,48.5,0.1717839,0.6625,2881,33,32.3333321,0.02244602,0.6625,2658,27,32.3333321,0.0119709093,0.6625,48.1250076,41.0000038,99.9982,512,-1,485.785156,485.5,0.28515625,0.5,7618.451,7618.951,0,0,0,0,0,0,0,0,0,0,0,0,512,600,1200,3000,46,0.570000052,1.30500007,0,0,13,46,210,405,0,0,0,0,0,21,0,0,5.329,5.62,0.865,1156.94141,74.31641,0,0,0,0,0,0,0,0,0,0,0,0,0,0,58.4375,54,16376,14910,1465,8.94993,17.715,0,49152
05/26/2026 14:28:41,38,56,0,46,50,40,40,40,40,61,12.144001,5.04,1.312,1.39200008,0.650000036,0.298,0.658000052,3.292,2.046,0,3.37600017,3.37200022,3.12000012,48,46,40.5,45.5,866,711,0,745,647,0,0,0,0,0,9.38,0,0,0,0,0,0,0,1.17,9.38,25.89005,3165,84,4850,354,48.5,0.229433641,0.65625,2723,44,32.3333321,0.0362416133,0.65625,2598,23,32.3333321,0.0133561855,0.65625,2610,24,32.3333321,0.0100018922,0.65625,2646,31,32.3333321,0.0214068815,0.65625,4629,155,48.5,0.1230705,0.65625,2561,18,32.3333321,0.009949254,0.65625,2700,25,32.3333321,0.0104582487,0.65625,48.2500076,42.0000038,99.99819,512,-1,485.785156,485.5,0.28515625,0.5,7618.451,7618.951,0,0,0,0,0,0,0,0,0,0,0,0,512,600,1200,3000,46,0.42900002,1.30500007,0,0,11,46,210,405,0,0,0,0,0,46,0,0,7.033,7.185,0.865,1156.94141,74.31641,0.009541664,0,0,0,0,0,0,0,0,0,0,0,0,0,58.4375,56,16376,14910,1465,8.94993,16.977,0,0
05/26/2026 14:28:43,38,56,0,46,50,40,40,40,40,61,12.144001,5.04,1.31000006,1.39200008,0.628,0.306000024,0.658000052,3.292,2.046,0,3.37200022,3.37200022,3.12000012,48,46,41,45.5,858,738,0,762,647,0,0,0,0,0,10.94,1.56,0,0,0,1.56,0,0,1.76,10.94,25.900013,3440,99,4850,363,48.5,0.242945716,0.65,3048,87,32.3333321,0.0536291376,0.65,2734,30,32.3333321,0.02010127,0.65,3929,25,48.5,0.0170342047,0.65,2778,37,32.3333321,0.0266487915,0.65,4843,200,48.5,0.193157375,0.65,2722,25,32.3333321,0.01332858,0.65,2614,22,32.3333321,0.0118922442,0.65,48.2500076,40.5000038,99.9982,512,-1,485.785156,485.5,0.28515625,0.5,7618.451,7618.951,0,0,0,0,0,0,0,0,0,0,0,0,512,600,1200,3000,47,0.955000043,1.30500007,0,1,15,46,210,405,0,0,0,0,0,41,0,0,7.348,7.25,0.865,1156.94141,74.31641,0,0,0,0,0,0,0,0,0,0,0,0,0,0,58.53125,54,16376,14910,1465,8.94993,20.199,0,0
05/26/2026 14:28:45,38,56,0,46,50,40,40,40,40,61,12.144001,5.04,1.312,1.39200008,0.582,0.3,0.658000052,3.292,2.046,0,3.37200022,3.37200022,3.12000012,48,46,40.5,45.5,859,738,0,745,646,0,0,0,0,0,6.25,0,0,0,0,1.56,0,0,0.98,6.25,26.44093,3406,85,3600,335,36,0.217916042,0.9625,2968,45,36,0.03179267,0.95625,2840,28,36,0.0131561095,0.95,2774,23,36,0.009156043,0.95,2809,27,36,0.0180245414,0.95,4626,168,48.5,0.150078923,0.95625,3797,26,48.5,0.009245139,0.975,3837,25,48.5,0.009245139,0.975,48.3750076,43.5000038,99.99819,512,-1,485.785156,485.5,0.28515625,0.5,7618.451,7618.951,0,0,0,0,0,0,0,0,0,0,0,0,512,600,1200,3000,46,0.630000055,1.30500007,0,1,14,46,210,405,0,0,0,0,0,21,0,0,5.872,6.321,0.865,1156.94141,74.31641,0.009409838,0,0,0,0.0013102307,0,0,0,0,0,0,0,0,0,58.375,54,16376,14910,1465,8.94993,19.384,49152,0
05/26/2026 14:28:47,38,56,0,46,50,40,40,40,40,61,12.144001,5.04,1.312,1.39200008,0.682000041,0.308000028,0.658000052,3.292,2.046,0,3.37200022,3.37200022,3.12000012,48,46,40.5,45.5,867,739,0,759,631,0,0,0,0,0,6.25,0,0,0,0,0,0,0,0.78,6.25,25.4400234,2908,78,4850,316,48.5,0.180642486,0.64375,2616,43,32.3333321,0.0320305377,0.64375,2552,26,32.3333321,0.009909496,0.64375,2533,24,32.3333321,0.0085513005,0.64375,2571,30,32.3333321,0.0210810117,0.64375,2978,134,32.3333321,0.113040544,0.64375,2523,24,32.3333321,0.007926001,0.64375,2637,26,32.3333321,0.008536751,0.64375,48.0000076,40.125,99.9982,512,-1,485.785156,485.5,0.28515625,0.5,7618.451,7618.951,0,0,0,0,0,0,0,0,0,0,0,0,512,600,1200,3000,46,0.405000031,1.30500007,0,0,11,46,210,405,0,0,0,0,0,46,0,0,6.902,6.885,0.865,1156.94141,74.31641,0,0,0,0,0,0,0,0,0,0,0,0,0,0,58.53125,54,16376,14910,1465,8.94993,19.643,0,49152
05/26/2026 14:28:49,38,56,0,46,50,40,40,40,40,61,12.144001,5.04,1.312,1.396,0.698,0.298,0.658000052,3.292,2.046,0,3.37200022,3.37200022,3.12000012,48,46,41,45.5,865,711,0,746,631,0,0,0,0,0,7.81,0,0,0,0,3.12,0,0,1.37,7.81,27.2030888,3233,108,4850,457,48.5,0.3480812,0.64375,2795,64,32.3333321,0.0441958979,0.64375,3020,57,32.3333321,0.04612215,0.64375,2550,23,32.3333321,0.0160430949,0.64375,2670,33,32.3333321,0.02484436,0.64375,4823,189,48.5,0.217499986,0.64375,2614,23,32.3333321,0.01337371,0.64375,2539,20,32.3333321,0.0108131152,0.65,48.2500076,40.125,99.99819,512,-1,485.785156,485.5,0.28515625,0.5,7618.451,7618.951,0,0,0,0,0,0,0,0,0,0,0,0,512,600,1200,3000,46,0.625,1.30500007,0,2,14,46,210,405,0,0,0,0,0,41,0,0,7.135,7.734,0.865,1156.94141,74.31641,0.00961301848,0,0,0,0.00135451579,0,0,0,0,0,0,0,0,0,58.4375,56,16376,14910,1465,8.94993,19.624,49152,0
05/26/2026 14:28:51,38,56,0,46,50,40,40,40,40,61,12.144001,5.04,1.312,1.396,0.67,0.312,0.658000052,3.292,2.046,0,3.37600017,3.37200022,3.12000012,48,46,40.5,45.5,870,712,0,756,631,0,0,0,0,0,3.17,1.59,1.59,0,1.59,3.17,1.59,0,1.59,3.17,25.63687,3853,126,4850,368,48.5,0.235172331,0.5625,4664,98,48.5,0.118588537,0.63125,3071,76,32.3333321,0.0733275041,0.63125,2962,58,32.3333321,0.04898295,0.63125,4650,80,48.5,0.07132591,0.63125,4850,240,48.5,0.24997212,0.63125,3019,58,32.3333321,0.0582878254,0.63125,2758,34,32.3333321,0.0349102132,0.63125,48.2500076,40.5000038,99.99819,512,-1,485.785156,485.5,0.28515625,0.5,7618.451,7618.951,0,0,0,0,0,0,0,0,0,0,0,0,512,600,1200,3000,47,0.950000048,1.30500007,0,1,14,46,210,405,0,0,0,0,0,21,0,0,6.269,7.247,0.865,1156.94141,74.31641,0,0,0,0,0,0,0,0,0,0,0,0,0,0,58.3125,56,16376,14910,1465,8.94993,17.795,49152,0
05/26/2026 14:28:53,38,56,0,46,50,40,40,40,40,61,12.144001,5.04,1.312,1.39200008,0.818,0.320000023,0.658000052,3.288,2.046,0,3.37200022,3.37200022,3.12000012,52,46,41,45.5,857,711,0,745,647,0,0,0,0,0,34.38,10.94,3.17,4.69,4.69,35.38,3.12,3.12,12.44,35.38,32.71339,3607,609,4850,1602,48.5,1.42043233,0.58125,3233,441,32.3333321,0.572249651,0.58125,3220,216,32.3333321,0.3120421,0.58125,3195,154,32.3333321,0.180285975,0.58125,3233,271,32.3333321,0.425833732,0.58125,4850,1971,48.5,1.87061369,0.58125,3169,124,32.3333321,0.136344925,0.58125,3107,95,32.3333321,0.11161124,0.58125,52.5000076,44.0000038,99.99819,512,-1,485.785156,485.5,0.28515625,0.5,7618.451,7618.951,0,0,0,0,0,0,0,0,0,0,0,0,512,600,1200,3000,48,1.05500007,1.30500007,0,16,15,46,210,405,0,0,0,0,0,0,0,0,2.767,4.875,0.865,1191.332,74.796875,0.109572507,0,0,0,0,0,0,0,0,0,0.306747139,0,0,0,57.5,54,16376,14875,1500,9.159842,13.874,49152,0
05/26/2026 14:28:55,39,56,0,46,51,44,44,44,44,64,12.144001,5.04,1.312,1.39200008,0.530000031,0.296,0.658000052,3.292,2.046,0,3.37600017,3.37200022,3.12000012,51,46,41,45.5,870,738,0,761,631,0,0,0,0,0,10.94,3.12,0,0,1.56,7.81,1.56,1.56,3.32,10.94,24.647398,3252,88,4850,299,48.5,0.178780839,0.64375,2874,58,32.3333321,0.0364993066,0.64375,2669,27,32.3333321,0.0131042749,0.64375,2634,23,32.3333321,0.010871808,0.64375,2772,33,32.3333321,0.0232333019,0.64375,4785,212,48.5,0.190784961,0.64375,2643,23,32.3333321,0.008110231,0.64375,2786,32,32.3333321,0.008919175,0.64375,51.2500076,40.5000038,99.99819,512,-1,485.785156,485.5,0.28515625,0.5,7618.451,7618.951,0,0,0,0,0,0,0,0,0,0,0,0,512,600,1200,3000,46,0.685000062,1.30500007,0,2,15,46,210,405,0,0,0,0,0,0,0,0,2.787,3.294,0.865,1191.332,75.0625,0.9654264,0,0,0,0.00135248853,0,0,0,0,0,0.05276709,0,0,0,57.375,54,16376,14875,1500,9.159842,7.953,99328,0
05/26/2026 14:28:57,40,56,0,47,51,44,44,44,44,63,12.144001,5.04,1.31000006,1.39200008,0.562000036,0.294,0.658000052,3.292,2.046,0,3.37600017,3.37200022,3.12000012,50,46,40.5,45.5,898,738,0,766,652,0,0,0,0,0,7.69,0,0,1.54,0,4.62,0,0,1.73,7.69,25.4731026,3181,108,4040,423,40.4,0.294981778,0.64375,2826,47,33.6666679,0.0376738459,0.64375,2731,27,33.6666679,0.0113036837,0.64375,3014,57,32.3333321,0.03406401,0.64375,2831,41,32.3333321,0.0217660926,0.5875,4850,229,48.5,0.208198681,0.5875,2604,22,32.3333321,0.0105429431,0.5875,2553,19,32.3333321,0.00730324863,0.5875,50.2500076,40.125,99.99819,512,-1,485.785156,485.5,0.28515625,0.5,7618.451,7618.951,0,0,0,0,0,0,0,0,0,0,0,0,512,600,1200,3000,46,0.565,1.30500007,0,0,13,46,210,405,0,0,0,0,0,0,0,0,3.436,3.864,0.865,1191.332,75.0625,0.009551554,0,0,0,0,0,0,0,0,0,0,0,0,0,57.34375,54,16376,14875,1500,9.159842,8.647,49152,0
05/26/2026 14:28:59,40,56,0,48,52,44,44,44,44,63,12.144001,5.04,1.31000006,1.39200008,0.59800005,0.30400002,0.658000052,3.292,2.046,0,3.37200022,3.37600017,3.12000012,50,46,41,45.5,892,738,0,769,658,0,0,0,0,0,4.62,0,0,0,0,4.62,0,0,1.15,4.62,27.0940342,3263,124,4850,437,48.5,0.3518862,0.64375,2848,71,32.3333321,0.06389436,0.64375,2813,31,32.3333321,0.0194088127,0.64375,2569,21,32.3333321,0.009375054,0.64375,2695,34,32.3333321,0.0331956558,0.64375,4850,348,48.5,0.323996842,0.64375,2731,27,32.3333321,0.0112158144,0.64375,2746,27,32.3333321,0.0104195215,0.64375,50.2500076,40.125,99.9982,512,-1,485.785156,485.5,0.28515625,0.5,7618.451,7618.951,0,0,0,0,0,0,0,0,0,0,0,0,512,600,1200,3000,47,0.695000052,1.30500007,0,0,13,46,210,405,0,0,0,0,0,0,0,0,3.203,6.53,0.865,1191.332,75.0625,0,0,0,0,0,0,0,0,0,0,0,0,0,0,57.28125,54,16376,14875,1500,9.159842,9.889,99328,0
05/26/2026 14:29:01,40,56,0,48,53,43,43,43,43,62,12.144001,5.04,1.312,1.39200008,0.554,0.292000026,0.658000052,3.292,2.046,0,3.37600017,3.37200022,3.12000012,49,46,40.5,45.5,902,712,0,768,655,0,0,0,0,0,4.69,0,0,0,0,1.56,0,0,0.78,4.69,26.13737,3057,68,3600,214,36,0.102726057,0.9625,2984,43,36,0.0286011528,0.95625,2634,26,32.3333321,0.0111812726,1.14375,2668,27,32.3333321,0.012923358,1.14375,2641,29,32.3333321,0.0104380967,1.14375,4599,157,48.5,0.145018756,1.14375,2693,25,32.3333321,0.0191021077,1.14375,2637,25,32.3333321,0.00979981851,1.14375,49.8750076,47.6250038,99.99819,512,-1,485.785156,485.5,0.28515625,0.5,7618.451,7618.951,0,0,0,0,0,0,0,0,0,0,0,0,512,600,1200,3000,46,0.570000052,1.30500007,0,0,13,46,210,405,0,0,0,0,0,0,0,0,2.58,3.348,0.865,1191.332,75.0625,0,0,0,0,0,0,0,0,0,0,0,0,0,0,57.125,54,16376,14875,1500,9.159842,8.098,0,0
05/26/2026 14:29:03,39,56,0,47,52,42,42,42,42,62,12.144001,5.04,1.312,1.39200008,0.702,0.308000028,0.658000052,3.292,2.046,0,3.37200022,3.37200022,3.12000012,49,46,40.5,45.5,877,712,0,785,662,0,0,0,0,0,7.81,0,0,0,0,1.56,0,0,1.17,7.81,25.8026428,3162,107,4040,474,40.4,0.32818532,0.56875,2970,63,33.6666679,0.0417751446,0.56875,2723,25,33.6666679,0.0128409714,0.56875,2723,24,33.6666679,0.0111807911,0.56875,2698,31,32.3333321,0.0216751769,0.56875,4788,194,48.5,0.16400528,0.58125,2677,22,32.3333321,0.009572014,0.58125,2674,26,32.3333321,0.0101826694,0.58125,49.1250076,40.6250038,99.99819,512,-1,485.785156,485.5,0.28515625,0.5,7618.451,7618.951,0,0,0,0,0,0,0,0,0,0,0,0,512,600,1200,3000,46,0.745000064,1.30500007,0,0,14,46,210,405,0,0,0,0,0,0,0,0,2.857,3.294,0.865,1191.332,75.0625,0.964553535,0,0,0,0,0,0,0,0,0,0,0,0,0,57.15625,54,16376,14875,1500,9.159842,8.006,49152,0
05/26/2026 14:29:05,39,56,0,47,52,42,42,42,42,62,12.144001,5.04,1.31000006,1.39200008,0.6,0.298,0.658000052,3.292,2.046,0,3.37200022,3.37200022,3.12000012,49,46,41,45.5,873,712,0,775,674,0,0,0,0,0,12.31,0,0,0,0,1.56,0,0,1.73,12.31,25.6522331,3033,104,4850,417,48.5,0.282703549,0.675,2850,58,32.3333321,0.03652988,0.675,2679,28,32.3333321,0.0104175555,0.675,2640,26,32.3333321,0.009635737,0.675,2664,31,32.3333321,0.0235793944,0.675,3233,232,32.3333321,0.202949315,0.675,2712,21,32.3333321,0.009855435,0.675,2638,22,32.3333321,0.009551255,0.675,48.8750076,41.0000038,99.9982,512,-1,485.785156,485.5,0.28515625,0.5,7618.451,7618.951,0,0,0,0,0,0,0,0,0,0,0,0,512,600,1200,3000,46,0.625,1.30500007,0,2,14,46,210,405,0,0,0,0,0,0,0,0,3.501,6.277,0.865,1191.332,75.0625,0.00512316031,0,0,0,0,0,0,0,0,0,0,0,0,0,57.21875,54,16376,14875,1500,9.159842,9.958,49152,0
05/26/2026 14:29:07,38,56,0,46,51,40,40,40,40,61,12.144001,5.04,1.312,1.39200008,0.522,0.284,0.658000052,3.292,2.046,0,3.37200022,3.37200022,3.12000012,48,46,40.5,45.5,868,738,0,754,651,0,0,0,0,0,7.69,1.54,1.54,0,0,6.15,1.54,0,2.31,7.69,24.7503471,3023,101,4850,381,48.5,0.242857978,0.65,2723,50,32.3333321,0.0327406526,0.65,2645,32,32.3333321,0.009594053,0.65,2669,28,32.3333321,0.008666347,0.65,2682,43,32.3333321,0.0207586586,0.65,3233,226,32.3333321,0.192160428,0.65625,2612,23,32.3333321,0.008597714,0.65625,2769,27,32.3333321,0.009958199,0.65625,48.5000076,43.0000038,99.99819,512,-1,485.785156,485.5,0.28515625,0.5,7618.451,7618.951,0,0,0,0,0,0,0,0,0,0,0,0,512,600,1200,3000,46,0.570000052,1.30500007,0,0,13,46,210,405,0,0,0,0,0,0,0,0,2.628,6.012,0.865,1191.332,75.0625,0,0,0,0,0,0,0,0,0,0,0,0,0,0,57.09375,54,16376,14875,1500,9.159842,9.832,49152,0
05/26/2026 14:29:09,38,56,0,46,50,40,40,40,40,61,12.144001,5.04,1.312,1.396,0.526,0.288000017,0.658000052,3.292,2.046,0,3.37200022,3.37200022,3.12000012,48,46,40.5,45.5,858,738,0,752,645,0,0,0,0,0,10.94,0,0,0,0,1.56,0,0,1.56,10.94,25.41655,3284,106,3233,476,32.3333321,0.3167458,0.65,2844,61,32.3333321,0.0340497978,0.65,3902,26,48.5,0.009530936,0.65,2567,22,32.3333321,0.008147019,0.63125,2649,36,32.3333321,0.0198649224,0.63125,4661,185,48.5,0.140491724,0.63125,3849,20,48.5,0.009323146,0.63125,2567,21,32.3333321,0.009203235,0.63125,48.3750076,40.5000038,99.99819,512,-1,485.785156,485.5,0.28515625,0.5,7618.451,7618.951,0,0,0,0,0,0,0,0,0,0,0,0,512,600,1200,3000,46,0.625,1.30500007,0,1,13,46,210,405,0,0,0,0,0,0,0,0,2.877,3.297,0.865,1191.332,75.0625,0.00474922638,0,0,0,0,0,0,0,0,0,0,0,0,0,57.125,54,16376,14875,1500,9.159842,7.653,0,0
05/26/2026 14:29:11,38,56,0,46,50,40,40,40,40,61,12.144001,5.04,1.312,1.396,0.55,0.286,0.658000052,3.292,2.046,0,3.37200022,3.37200022,3.12000012,48,46,40.5,45.5,866,712,0,757,651,0,0,0,0,0,12.31,6.15,3.12,3.12,4.62,15.38,3.12,3.12,6.37,15.38,24.8056412,2965,84,4850,267,48.5,0.169690728,0.58125,2620,40,32.3333321,0.0237932149,0.58125,2576,25,32.3333321,0.0111346813,0.65,2599,22,32.3333321,0.0105992435,0.65,2592,27,32.3333321,0.01444392,0.65,3233,247,32.3333321,0.225459829,0.65,2557,19,32.3333321,0.009818715,0.65,2694,27,32.3333321,0.0132627394,0.65,48.2500076,41.0000038,99.9982,512,-1,485.785156,485.5,0.28515625,0.5,7618.451,7618.951,0,0,0,0,0,0,0,0,0,0,0,0,512,600,1200,3000,46,0.440000027,1.30500007,0,0,11,46,210,405,0,0,0,0,0,0,0,0,3.085,3.392,0.865,1191.332,75.0625,0,0,0,0,0,0,0,0,0,0,0,0,0,0,56.96875,54,16376,14875,1500,9.159842,8.022,49152,0
05/26/2026 14:29:13,38,56,0,46,50,40,40,40,40,61,12.144001,5.04,1.31000006,1.39200008,0.582,0.296,0.656,3.292,2.046,0,3.37600017,3.37200022,3.12000012,48,46,40.5,45.5,858,711,0,745,632,0,0,0,0,0,4.69,0,0,0,0,1.56,0,0,0.78,4.69,25.5498219,2965,104,4850,400,48.5,0.282012463,0.66875,2827,65,32.3333321,0.0488256663,0.66875,2594,33,32.3333321,0.0174599085,0.66875,2525,22,32.3333321,0.009932748,0.66875,2580,29,32.3333321,0.02140197,0.66875,3233,244,32.3333321,0.209627211,0.66875,2551,21,32.3333321,0.008188319,0.66875,2560,21,32.3333321,0.007822299,0.66875,48.2500076,41.0000038,99.99819,512,-1,485.785156,485.5,0.28515625,0.5,7618.451,7618.951,0,0,0,0,0,0,0,0,0,0,0,0,512,600,1200,3000,46,0.405000031,1.30500007,0,0,11,46,210,405,0,0,0,0,0,0,0,0,3.43,6.339,0.865,1191.332,75.0625,0.00552953454,0,0,0,0,0,0,0,0,0,0,0,0,0,56.96875,54,16376,14875,1500,9.159842,9.699,49152,0
