,/lpc/nct6687dr/0/control/0,/lpc/nct6687dr/0/control/1,/lpc/nct6687dr/0/control/2,/lpc/nct6687dr/0/control/10,/lpc/nct6687dr/0/control/11,/lpc/nct6687dr/0/control/12,/lpc/nct6687dr/0/control/13,/lpc/nct6687dr/0/control/14,/lpc/nct6687dr/0/control/15,/lpc/nct6687dr/0/control/3,/lpc/nct6687dr/0/voltage/0,/lpc/nct6687dr/0/voltage/1,/lpc/nct6687dr/0/voltage/2,/lpc/nct6687dr/0/voltage/3,/lpc/nct6687dr/0/voltage/4,/lpc/nct6687dr/0/voltage/5,/lpc/nct6687dr/0/voltage/6,/lpc/nct6687dr/0/voltage/8,/lpc/nct6687dr/0/voltage/9,/lpc/nct6687dr/0/voltage/10,/lpc/nct6687dr/0/voltage/11,/lpc/nct6687dr/0/voltage/12,/lpc/nct6687dr/0/voltage/13,/lpc/nct6687dr/0/temperature/0,/lpc/nct6687dr/0/temperature/1,/lpc/nct6687dr/0/temperature/2,/lpc/nct6687dr/0/temperature/3,/lpc/nct6687dr/0/fan/0,/lpc/nct6687dr/0/fan/1,/lpc/nct6687dr/0/fan/2,/lpc/nct6687dr/0/fan/10,/lpc/nct6687dr/0/fan/11,/lpc/nct6687dr/0/fan/12,/lpc/nct6687dr/0/fan/13,/lpc/nct6687dr/0/fan/14,/lpc/nct6687dr/0/fan/15,/lpc/nct6687dr/0/fan/3,/amdcpu/0/load/2,/amdcpu/0/load/3,/amdcpu/0/load/4,/amdcpu/0/load/5,/amdcpu/0/load/6,/amdcpu/0/load/7,/amdcpu/0/load/8,/amdcpu/0/load/9,/amdcpu/0/load/0,/amdcpu/0/load/1,/amdcpu/0/power/0,/amdcpu/0/clock/1,/amdcpu/0/clock/2,/amdcpu/0/clock/3,/amdcpu/0/clock/4,/amdcpu/0/factor/0,/amdcpu/0/power/1,/amdcpu/0/voltage/2,/amdcpu/0/clock/5,/amdcpu/0/clock/6,/amdcpu/0/factor/1,/amdcpu/0/power/2,/amdcpu/0/voltage/3,/amdcpu/0/clock/7,/amdcpu/0/clock/8,/amdcpu/0/factor/2,/amdcpu/0/power/3,/amdcpu/0/voltage/4,/amdcpu/0/clock/9,/amdcpu/0/clock/10,/amdcpu/0/factor/3,/amdcpu/0/power/4,/amdcpu/0/voltage/5,/amdcpu/0/clock/11,/amdcpu/0/clock/12,/amdcpu/0/factor/4,/amdcpu/0/power/5,/amdcpu/0/voltage/6,/amdcpu/0/clock/13,/amdcpu/0/clock/14,/amdcpu/0/factor/5,/amdcpu/0/power/6,/amdcpu/0/voltage/7,/amdcpu/0/clock/15,/amdcpu/0/clock/16,/amdcpu/0/factor/6,/amdcpu/0/power/7,/amdcpu/0/voltage/8,/amdcpu/0/clock/17,/amdcpu/0/clock/18,/amdcpu/0/factor/7,/amdcpu/0/power/8,/amdcpu/0/voltage/9,/amdcpu/0/temperature/2,/amdcpu/0/temperature/3,/amdcpu/0/clock/0,/gpu-amd/0/smalldata/2,/gpu-amd/0/factor/0,/gpu-amd/0/smalldata/5,/gpu-amd/0/smalldata/4,/gpu-amd/0/smalldata/3,/gpu-amd/0/smalldata/6,/gpu-amd/0/smalldata/7,/gpu-amd/0/smalldata/8,/gpu-amd/0/load/2,/gpu-amd/0/load/5,/gpu-amd/0/load/3,/gpu-amd/0/load/4,/gpu-amd/0/load/9,/gpu-amd/0/load/8,/gpu-amd/0/load/7,/gpu-amd/0/load/6,/gpu-amd/0/load/12,/gpu-amd/0/load/11,/gpu-amd/0/load/10,/gpu-amd/0/smalldata/0,/gpu-amd/0/smalldata/1,/gpu-amd/0/clock/0,/gpu-amd/0/clock/1,/gpu-amd/0/clock/2,/gpu-amd/0/temperature/4,/gpu-amd/0/voltage/0,/gpu-amd/0/voltage/2,/gpu-amd/0/load/0,/gpu-amd/0/power/0,/gpu-amd/0/power/2,/gpu-nvidia/0/temperature/0,/gpu-nvidia/0/clock/0,/gpu-nvidia/0/clock/4,/gpu-nvidia/0/fan/1,/gpu-nvidia/0/fan/2,/gpu-nvidia/0/control/1,/gpu-nvidia/0/control/2,/gpu-nvidia/0/load/0,/gpu-nvidia/0/load/1,/gpu-nvidia/0/load/2,/gpu-nvidia/0/load/3,/gpu-nvidia/0/load/4,/gpu-nvidia/0/load/5,/gpu-nvidia/0/voltage/0,/gpu-nvidia/0/smalldata/3,/gpu-nvidia/0/smalldata/4,/gpu-nvidia/0/load/7,/gpu-nvidia/0/load/15,/gpu-nvidia/0/load/17,/gpu-nvidia/0/load/8,/gpu-nvidia/0/load/9,/gpu-nvidia/0/load/16,/gpu-nvidia/0/load/18,/gpu-nvidia/0/load/19,/gpu-nvidia/0/load/14,/gpu-nvidia/0/load/20,/gpu-nvidia/0/load/10,/gpu-nvidia/0/load/11,/gpu-nvidia/0/load/12,/gpu-nvidia/0/load/13,/gpu-nvidia/0/temperature/2,/gpu-nvidia/0/temperature/3,/gpu-nvidia/0/smalldata/2,/gpu-nvidia/0/smalldata/0,/gpu-nvidia/0/smalldata/1,/gpu-nvidia/0/load/3,/gpu-nvidia/0/power/0,/gpu-nvidia/0/throughput/0,/gpu-nvidia/0/throughput/1
Time,"CPU Fan","Pump Fan","Chipset Fan","System Fan #1","System Fan #2","System Fan #3","System Fan #4","System Fan #5","System Fan #6","EZ-Connect Fan","+12V","+5V","CPU Northbridge/SoC","DIMM","Vcore","Chipset","CPU System Agent","+3.3V","VREF","+1.8V","+3V Standby","AVSB","CMOS Battery","CPU Core","System","VRM MOS","Chipset","CPU Fan","Pump Fan #1","Chipset Fan","System Fan #1","System Fan #2","System Fan #3","System Fan #4","System Fan #5","System Fan #6","EZ-Connect Fan","CPU Core #1","CPU Core #2","CPU Core #3","CPU Core #4","CPU Core #5","CPU Core #6","CPU Core #7","CPU Core #8","CPU Total","CPU Core Max","Package","Cores (Average)","Cores (Average Effective)","Core #1","Core #1 (Effective)","Core #1","Core #1 (SMU)","Core #1 VID","Core #2","Core #2 (Effective)","Core #2","Core #2 (SMU)","Core #2 VID","Core #3","Core #3 (Effective)","Core #3","Core #3 (SMU)","Core #3 VID","Core #4","Core #4 (Effective)","Core #4","Core #4 (SMU)","Core #4 VID","Core #5","Core #5 (Effective)","Core #5","Core #5 (SMU)","Core #5 VID","Core #6","Core #6 (Effective)","Core #6","Core #6 (SMU)","Core #6 VID","Core #7","Core #7 (Effective)","Core #7","Core #7 (SMU)","Core #7 VID","Core #8","Core #8 (Effective)","Core #8","Core #8 (SMU)","Core #8 VID","Core (Tctl/Tdie)","CCD1 (Tdie)","Bus Speed","GPU Memory Total","Fullscreen FPS","D3D Dedicated Memory Total","D3D Dedicated Memory Free","D3D Dedicated Memory Used","D3D Shared Memory Used","D3D Shared Memory Free","D3D Shared Memory Total","D3D 3D","D3D Copy","D3D Compute 0","D3D Compute 1","D3D Timer 0","D3D Security 1","D3D High Priority Compute","D3D High Priority 3D","D3D Video JPEG 0","D3D Video Decode 1","D3D Video Codec 0","GPU Memory Used","GPU Memory Free","GPU Core","GPU SoC","GPU Memory","GPU VR SoC","GPU Core","GPU SoC","GPU Core","GPU Core","GPU SoC","GPU Core","GPU Core","GPU Memory","GPU Fan 1","GPU Fan 2","GPU Fan 1","GPU Fan 2","GPU Core","GPU Memory Controller","GPU Video Engine","GPU Bus","GPU Power","GPU Board Power","GPU Core Voltage","D3D Dedicated Memory Used","D3D Shared Memory Used","D3D 3D","D3D Overlay","D3D Video Decode","D3D Copy","D3D Copy","D3D Security","D3D Video Encode","D3D Video Encode","D3D Optical Flow Accelerator 0","D3D VR","D3D Copy","D3D Copy","D3D Copy","D3D Copy","GPU Hot Spot","GPU Memory Junction","GPU Memory Total","GPU Memory Free","GPU Memory Used","GPU Memory","GPU Package","GPU PCIe Rx","GPU PCIe Tx"
05/24/2026 16:30:53,82,25,0,45,78,78,78,78,78,89,12.12,5.03,1.30800009,1.39200008,1.06800008,0.358,0.574,3.28000021,2.046,0,3.36800027,3.36800027,3.11200023,69,51.5,54.5,52,1721,423,0,562,0,0,0,0,0,0,70.13,24.68,3.95,6.58,9.21,50.65,1.32,2.63,21.14,70.13,42.2042923,3392,983,5050,3320,50.5,3.06391621,0.5125,3367,867,33.6666679,1.35108733,0.5125,3114,291,33.6666679,0.803775,0.5125,3051,199,33.6666679,0.7009945,0.5125,3139,458,33.6666679,0.9764849,0.5125,3367,2446,33.6666679,2.70958781,0.5125,3000,145,33.6666679,0.631319,0.525,3044,140,33.6666679,0.61999625,0.525,70.12501,63.3750038,99.99746,512,-1,485.785156,485.480469,0.3046875,0.5,7618.451,7618.951,0,0,0,0,0,0,0,0,0,0,0,0,512,600,1200,3000,62,1.069,1.30500007,0,9,17,49,2835,10451.9824,1001,1000,30,30,0,0,0,0,19.84,21.669,1.09,10805.25,347.789063,22.6786137,0,0,0,0.157330513,0,0,0,0,0,0.990237236,0,0,0,60.28125,62,16376,5269,11106,67.82124,118.661,899072,299008
05/24/2026 16:30:55,83,27,0,47,81,81,81,81,81,91,12.12,5.03,1.31000006,1.39200008,1.06000006,0.366000026,0.574,3.28400016,2.046,0,3.36800027,3.36800027,3.11600018,71,51.5,54.5,52,1754,442,0,570,0,0,0,0,0,0,83.33,24.07,20,12.96,20.37,37.04,5.45,5.45,26.09,83.33,44.58411,3671,1234,3960,3975,39.6,3.65895462,0.54375,3960,1281,39.6,1.59372985,0.54375,3300,996,33,1.10120714,0.54375,3300,451,33,0.6559658,0.54375,3300,687,33,0.8988117,0.54375,4950,1880,49.5,2.08962846,0.5375,3300,234,33,0.4323988,0.5375,3300,367,33,0.5428655,0.5375,73.37501,75,99.99751,512,-1,485.785156,485.480469,0.3046875,0.5,7618.451,7618.951,0,0,0,0,0,0,0,0,0,0,0,0,512,600,1200,3000,62,1.06000006,1.30500007,0,10,17,48,2670,10451.9824,1001,1001,30,30,7,1,0,4,16.753,18.127,0.975,9312.527,482.023438,0.008262686,0,0,0,1.71134531,0,0,0,0,0,5.82388973,0,0,0,58.90625,60,16376,6762,9613,58.7045021,56.248,749568,299008
05/24/2026 16:30:57,84,27,0,47,85,85,85,85,85,93,12.0960007,5.03,1.31000006,1.39200008,1.05800009,0.358,0.574,3.28400016,2.046,0,3.36800027,3.36800027,3.11200023,77,51.5,54.5,52,1746,473,0,581,0,0,0,0,0,0,71.21,31.82,15.15,4.55,15.15,54.55,3.03,18.46,26.74,71.21,46.9030838,4203,1335,5050,3538,50.5,3.35701084,0.51875,4040,1304,40.4,1.95583487,0.51875,4040,851,40.4,1.38776231,0.51875,4040,425,40.4,0.850681067,0.51875,4875,926,48.75,1.4673748,0.54375,3900,2497,39,2.59974813,0.54375,3777,240,39,0.5677362,0.54375,3900,901,39,1.14224863,0.54375,76.50001,62.8750038,99.9974747,512,-1,485.785156,485.480469,0.3046875,0.5,7618.451,7618.951,0,0,0,0,0,0,0,0,0,0,0,0,512,600,1200,3000,62,1.05000007,1.30500007,0,17,17,47,2670,10451.9824,1001,1000,30,30,40,19,0,5,33.578,51.783,0.975,11142.8594,393.917969,16.5916386,0,0,0,3.16143775,0,0,0,0,0,9.237924,0,0,0,59.0625,60,16376,4932,11443,69.8815155,68.015,1399808,1.323991E+08
05/24/2026 16:30:59,85,26,0,47,88,88,88,88,88,93,12.0960007,5.03,1.31000006,1.396,1.044,0.354,0.574,3.28000021,2.046,0,3.36800027,3.36800027,3.11200023,74,51.5,54.5,52,1788,464,0,573,0,0,0,0,0,0,50,29.69,10.94,9.38,12.5,75,4.69,3.12,24.41,75,44.54861,4021,1144,4000,2077,40,2.60234332,0.525,5000,1249,50,2.06550145,0.525,3735,589,40,1.42944586,0.525,3732,426,40,1.27055764,0.525,4685,809,50,1.61259687,0.525,4950,3493,49.5,3.98537374,0.55625,3040,273,33,1.0991,0.55625,3023,238,33,1.0559479,0.55625,73.87501,61.3750038,99.9974747,512,-1,485.785156,485.480469,0.3046875,0.5,7618.451,7618.951,0,0,0,0,0,0,0,0,0,0,0,0,512,600,1200,3000,62,1.04500008,1.30500007,0,13,16,52,2835,10451.9824,999,998,30,30,45,33,0,0,50.498,46.122,1.09,11084.2539,352.011719,43.74216,0,0,0,0.357876331,0,0,0,0,0,0.9015599,0,0,0,61.75,62,16376,4990,11385,69.52407,209.087,125949952,2.12992E+07
05/24/2026 16:31:01,86,25,0,46,86,86,86,86,86,92,12.0960007,5.03,1.31000006,1.39200008,1.046,0.368000031,0.574,3.28400016,2.046,0,3.36800027,3.36800027,3.11200023,73,52,54.5,52,1785,447,0,578,0,0,0,0,0,0,43.75,20.31,9.38,9.38,18.75,76.56,0,1.56,22.46,76.56,43.5685272,3764,1038,3960,1677,39.6,2.29708648,0.525,3954,1116,40,1.87122524,0.54375,3697,538,40,1.33974135,0.54375,3716,387,40,1.20350444,0.54375,3772,715,40,1.504504,0.54375,5000,3458,50,3.94155765,0.5375,3017,223,33.3333321,1.01467025,0.5375,2999,186,33.3333321,0.987798035,0.5375,72.62501,66.5,99.9974747,512,-1,485.785156,485.480469,0.3046875,0.5,7618.451,7618.951,0,0,0,0,0,0,0,0,0,0,0,0,512,600,1200,3000,62,1.064,1.30500007,0,13,16,58,2835,10451.9824,999,997,30,30,66,38,0,0,69.172,75.858,1.09,11084.2539,352.2422,60.3694572,0,0,0,0.336809576,0,0,0,0,0,0.0103598293,0,0,0,65.09375,64,16376,4990,11385,69.52407,189.36,8.074957E+07,26549248
05/24/2026 16:31:03,87,27,0,47,84,84,84,84,84,91,12.0960007,5.02000046,1.30800009,1.39200008,0.990000069,0.354,0.574,3.28400016,2.046,0,3.36800027,3.36800027,3.11600018,72,52,54.5,52,1818,482,0,575,0,0,0,0,0,0,45.31,17.19,1.56,4.69,9.38,43.75,0,0,15.23,45.31,40.9992828,4181,823,4000,1914,40,2.2595396,0.51875,4950,938,49.5,1.56286132,0.525,3758,421,39.6,1.03306448,0.525,4709,303,49.5,0.901473641,0.525,3836,574,39.6,1.16697037,0.525,4950,2055,49.5,2.56382227,0.525,3621,192,39.4,0.782963336,0.53125,3622,187,39.4,0.774336636,0.53125,72.25001,60.5000038,99.99749,512,-1,485.785156,485.480469,0.3046875,0.5,7618.451,7618.951,0,0,0,0,0,0,0,0,0,0,0,0,512,600,1200,3000,62,1.03500009,1.30500007,0,11,16,57,2835,10451.9824,1001,998,30,30,77,45,0,0,84.368,93.435,1.09,11770.5547,352.3672,55.4015846,0,0,0,0.165954947,0,0,0,0,0,1.833515,0,0,0,68.90625,64,16376,4618,11757,71.79492,182.928,166949888,53999616
05/24/2026 16:31:05,86,26,0,46,82,82,82,82,82,91,12.0720005,5.03,1.30800009,1.39200008,1.05800009,0.354,0.574,3.28000021,2.046,0,3.36800027,3.36800027,3.11200023,70,52,54.5,52,1801,473,0,569,0,0,0,0,0,0,65.62,18.75,7.81,4.69,10.94,59.38,4.69,3.12,21.88,65.62,44.24287,4308,1207,3960,3075,39.6,2.96407461,0.525,4950,1116,49.5,1.832229,0.525,3826,601,39.6,1.27204752,0.525,4665,401,49.5,1.044185,0.525,4757,751,49.5,1.50891876,0.525,4950,3100,49.5,2.99349833,0.525,3661,350,39.6,0.95713973,0.525,3696,262,39.6,0.876064956,0.525,70.25001,60.8750038,99.99748,512,-1,485.785156,485.480469,0.3046875,0.5,7618.451,7618.951,0,0,0,0,0,0,0,0,0,0,0,0,512,600,1200,3000,62,1.064,1.30500007,0,9,16,61,2835,10451.9824,1025,1021,37,37,93,56,0,0,89.165,87.755,1.09,11456.1875,370.6172,87.91856,0,0,0,0.0132688563,0,0,0,0,0,0,0,0,0,71.53125,66,16376,4618,11757,71.79492,249.93,190149632,40899584
05/24/2026 16:31:07,85,27,0,47,78,78,78,78,78,89,12.0720005,5.02000046,1.30800009,1.39200008,1.064,0.358,0.574,3.28400016,2.046,0,3.36800027,3.36800027,3.11200023,69,51.5,54.5,52,1764,486,0,582,0,0,0,0,0,0,52.38,26.98,7.94,11.11,14.29,61.9,11.11,1.59,23.41,61.9,44.32453,3876,1207,5000,3005,50,2.93028235,0.53125,4000,1037,40,1.82447648,0.53125,3808,510,40,1.2209245,0.53125,3190,492,33.3333321,1.13006353,0.53125,3793,683,40,1.46863019,0.53125,5000,3372,50,3.20317626,0.525,3106,317,33.3333321,0.9536917,0.525,3112,237,33.3333321,0.8626583,0.525,69.12501,64.125,99.9975,512,-1,485.785156,485.480469,0.3046875,0.5,7618.451,7618.951,0,0,0,0,0,0,0,0,0,0,0,0,512,600,1200,3000,62,1.069,1.30500007,0,10,16,61,2835,10451.9824,1114,1112,39,39,94,56,0,0,88.554,85.269,1.09,11456.1875,370.6172,89.08881,0,0,0,0.0124390693,0,0,0,0,0,0,0,0,0,72.75,66,16376,4618,11757,71.79492,250.749,215049216,3.804979E+07
05/24/2026 16:31:09,84,25,0,45,76,76,76,76,76,87,12.0720005,5.02000046,1.31000006,1.39200008,1.062,0.354,0.574,3.28000021,2.046,0,3.37200022,3.36800027,3.11200023,68,51.5,54.5,52,1754,442,0,579,0,0,0,0,0,0,61.54,15.38,10.94,9.38,15.62,63.08,4.69,3.12,22.97,63.08,44.4315643,3751,1201,5000,3178,50,3.04396081,0.5375,4000,1058,40,1.83336413,0.5375,3196,550,33.3333321,1.24930394,0.5375,3138,412,33.3333321,1.06290984,0.5375,3245,805,33.3333321,1.55490518,0.5375,4000,3022,40,3.01370335,0.5375,3683,328,40,0.96114856,0.5375,3743,257,40,0.8725723,0.5375,68.50001,65.25,99.9974747,512,-1,485.785156,485.480469,0.3046875,0.5,7618.451,7618.951,0,0,0,0,0,0,0,0,0,0,0,0,512,600,1200,3000,62,1.06000006,1.30500007,0,11,16,62,2835,10451.9824,1212,1214,41,41,93,56,0,0,87.862,91.488,1.09,11456.1875,370.6328,88.27493,0,0,0,0.02498356,0,0,0,0,0,0.0109883714,0,0,0,72.3125,68,16376,4618,11757,71.79492,248.556,167699456,5.554995E+07
05/24/2026 16:31:11,83,27,0,47,75,75,75,75,75,87,12.0720005,5.02000046,1.31000006,1.39200008,1.042,0.352000028,0.574,3.28400016,2.046,0,3.36800027,3.36800027,3.11200023,67,51.5,54.5,52,1709,441,0,572,0,0,0,0,0,0,39.06,29.69,7.81,6.25,12.5,50,6.25,4.69,19.53,50,41.7502365,4043,930,3940,2059,39.4,2.221303,0.5625,4925,1064,49.25,1.73846018,0.5625,3700,412,39.4,1.1179502,0.5625,3722,334,39.4,0.981703043,0.5625,3766,625,39.4,1.41226411,0.5625,4925,2494,49.25,2.36359358,0.5625,3664,241,39.4,0.871068656,0.5625,3702,212,39.4,0.8290644,0.5625,67.12501,60.5000038,99.9974747,512,-1,485.785156,485.480469,0.3046875,0.5,7618.451,7618.951,0,0,0,0,0,0,0,0,0,0,0,0,512,600,1200,3000,62,0.979000032,1.30500007,0,8,17,63,2835,10451.9824,1284,1292,44,44,99,59,0,0,92.237,92.359,1.09,11456.1875,370.7578,93.56557,0,0,0,0.01624129,0,0,0,0,0,0.00989609,0,0,0,72.875,68,16376,4618,11757,71.79492,264.923,166749184,63799296
05/24/2026 16:31:13,82,27,0,47,73,73,73,72,72,85,12.0960007,5.03,1.31000006,1.396,1.064,0.362000018,0.574,3.28400016,2.046,0,3.37200022,3.36800027,3.11200023,66,52,54.5,52,1697,433,0,569,0,0,0,0,0,0,71.88,10.77,4.62,15.62,9.38,48.44,6.25,4.62,21.45,71.88,43.6129,4260,1108,4900,3160,49,3.04005075,0.5625,4900,1070,49,1.75627,0.5625,4660,474,49,1.17805767,0.5625,3685,411,39.2,1.0539664,0.5625,3723,675,39.2,1.45644653,0.5625,4900,2543,49,2.55026126,0.5625,3650,292,39.2,0.935748756,0.5625,3662,236,39.2,0.8599271,0.5625,67.37501,62.7500038,99.99748,512,-1,485.785156,485.480469,0.3046875,0.5,7618.451,7618.951,0,0,0,0,0,0,0,0,0,0,0,0,512,600,1200,3000,62,1.05000007,1.30500007,0,14,17,63,2835,10451.9824,1351,1359,45,45,92,55,0,0,88.186,93.045,1.09,11456.1875,370.7578,91.09468,0,0,0,0.0335771032,0,0,0,0,0,0,0,0,0,73.71875,68,16376,4618,11757,71.79492,262.905,182099968,5.129933E+07
05/24/2026 16:31:15,81,27,0,47,74,74,74,74,74,86,12.0960007,5.02000046,1.31000006,1.396,1.062,0.352000028,0.574,3.28400016,2.046,0,3.37200022,3.37200022,3.11600018,67,52,54.5,52,1662,479,0,556,0,0,0,0,0,0,63.49,30.16,14.06,15.62,21.88,68.25,12.5,9.38,29.42,68.25,43.0042,3761,1062,4850,2541,48.5,2.66943383,0.63125,3233,1146,32.3333321,1.83319092,0.63125,3090,490,32.3333321,1.23103666,0.63125,3048,386,32.3333321,1.06063581,0.63125,4680,698,48.5,1.50468481,0.63125,5000,2754,50,2.669129,0.525,3099,286,33.3333321,0.9488508,0.51875,3086,191,33.3333321,0.850104332,0.51875,67.37501,60.8750038,99.99748,512,-1,485.785156,485.480469,0.3046875,0.5,7618.451,7618.951,0,0,0,0,0,0,0,0,0,0,0,0,512,600,1200,3000,61,1.064,1.30500007,0,12,17,63,2835,10451.9824,1397,1400,45,45,97,57,0,0,91.715,92.781,1.09,11456.1875,370.7578,91.39884,0,0,0,0.01264111,0,0,0,0,0,0,0,0,0,73.53125,68,16376,4618,11757,71.79492,252.964,215849984,5.574963E+07
05/24/2026 16:31:17,80,27,0,47,74,74,74,74,74,86,12.0720005,5.02000046,1.30800009,1.39200008,1.028,0.362000018,0.574,3.28000021,2.046,0,3.36800027,3.36800027,3.11200023,66,51.5,54.5,52,1668,482,0,569,0,0,0,0,0,0,43.75,15.62,6.25,4.69,3.12,43.75,1.56,1.56,15.04,43.75,41.347908,3934,894,5050,1858,50.5,2.1691885,0.525,4040,954,40.4,1.64018619,0.525,3872,454,40.4,1.0936923,0.525,3791,314,40.4,0.927278161,0.525,3877,587,40.4,1.32696307,0.525,4040,2581,40.4,2.3965013,0.525,3723,227,40.4,0.8194804,0.525,3077,173,33.6666679,0.761614561,0.53125,66.62501,60.8750038,99.99748,512,-1,485.785156,485.480469,0.3046875,0.5,7618.451,7618.951,0,0,0,0,0,0,0,0,0,0,0,0,512,600,1200,3000,61,0.984,1.30500007,0,5,16,62,2820,10451.9824,1419,1418,45,45,99,60,0,1,88.733,88.535,1.085,11456.1875,370.527344,94.52769,0,0,0,0.0323180221,0,0,0,0,0,0.0125937853,0,0,0,75.03125,68,16376,4618,11757,71.79492,258.585,388849664,9.199923E+07
05/24/2026 16:31:19,78,26,0,45,73,73,73,73,73,85,12.0960007,5.03,1.31000006,1.396,1.052,0.36,0.574,3.28400016,2.046,0,3.37200022,3.37200022,3.11200023,67,52,54.5,52,1655,452,0,567,0,0,0,0,0,0,44.44,30.16,12.7,11.11,19.05,60.32,6.35,6.35,23.81,60.32,42.6607323,4200,1051,3940,2136,39.4,2.36796379,0.55,4924,1280,49.25,1.9649713,0.55625,4579,526,49.25,1.33918774,0.55625,4509,384,49.25,1.19218433,0.55625,3713,711,39.4,1.51443219,0.55625,4925,2961,49.25,3.042201,0.55625,3535,232,39.4,1.02644968,0.55625,3474,180,39.4,0.968229055,0.55625,67.62501,60.8750038,99.99747,512,-1,485.785156,485.480469,0.3046875,0.5,7618.451,7618.951,0,0,0,0,0,0,0,0,0,0,0,0,512,600,1200,3000,62,1.04000008,1.30500007,0,13,16,60,2835,10451.9824,1430,1426,45,45,67,38,0,0,71.209,64.355,1.09,11539.5547,370.527344,60.5135,0,0,0,0.250888318,0,0,0,0,0,0,0,0,0,70.375,68,16376,4535,11840,72.3040543,206.181,112199680,1.979904E+07
05/24/2026 16:31:21,78,27,0,47,75,75,75,75,75,87,12.0720005,5.02000046,1.31000006,1.39200008,1.054,0.364000022,0.574,3.28000021,2.046,0,3.37200022,3.36800027,3.11600018,68,52,54.5,52,1641,481,0,588,0,0,0,0,0,0,49.23,23.08,16.92,6.15,13.85,60,4.62,4.62,22.31,60,42.7482719,3359,1052,5025,2123,50.25,2.409436,0.55625,3350,1324,33.5,2.00648618,0.55625,3051,490,33.5,1.32048047,0.55625,3038,331,33.5,1.15909493,0.55625,3158,705,33.5,1.51471913,0.55625,3350,3024,33.5,3.01629448,0.55625,2945,219,33.5,1.02677417,0.55625,2955,197,33.5,0.9879503,0.55625,68.12501,61.3750038,99.9974747,512,-1,485.785156,485.480469,0.3046875,0.5,7618.451,7618.951,0,0,0,0,0,0,0,0,0,0,0,0,512,600,1200,3000,62,1.05000007,1.30500007,0,13,16,60,2835,10451.9824,1433,1431,45,45,67,38,0,0,70.758,80.155,1.09,11539.5547,370.527344,60.68586,0,0,0,0.22896713,0,0,0,0,0,0,0,0,0,70.96875,68,16376,4535,11840,72.3040543,204.605,9.374925E+07,22049792
05/24/2026 16:31:23,80,27,0,47,76,76,76,76,76,87,12.0720005,5.02000046,1.30800009,1.39200008,1.0480001,0.354,0.574,3.28000021,2.046,0,3.37200022,3.36800027,3.11200023,68,51.5,54.5,52,1659,484,0,595,0,0,0,0,0,0,42.19,20.31,6.25,14.06,17.19,50,4.69,1.56,19.53,50,42.65427,3848,1064,4975,2137,49.75,2.54730558,0.51875,3974,1331,39.8,2.01479673,0.51875,4544,475,49.75,1.301227,0.53125,3058,401,33.1666679,1.2137984,0.53125,3768,777,39.8,1.58113551,0.53125,3980,2965,39.8,2.84372663,0.53125,2936,212,33.1666679,1.01681781,0.53125,3551,211,39.8,0.998366,0.53125,68.12501,61.3750038,99.9974747,512,-1,485.785156,485.480469,0.3046875,0.5,7618.451,7618.951,0,0,0,0,0,0,0,0,0,0,0,0,512,600,1200,3000,63,1.04000008,1.30500007,0,7,17,60,2835,10451.9824,1431,1433,45,45,67,38,0,0,69.985,80.273,1.09,11539.5547,370.527344,60.96769,0,0,0,0.228852645,0,0,0,0,0,0,0,0,0,70.40625,68,16376,4535,11840,72.3040543,202.773,9.534976E+07,24349696
05/24/2026 16:31:25,80,27,0,47,76,76,76,76,76,87,12.0960007,5.02000046,1.31000006,1.39200008,1.052,0.358,0.574,3.28400016,2.046,0,3.37200022,3.36800027,3.11600018,68,52,54.5,52,1643,465,0,580,0,0,0,0,0,0,56.25,18.75,6.25,6.25,9.38,51.56,0,0,18.55,56.25,42.7960434,4053,1043,4850,2645,48.5,3.04438615,0.55625,4825,1216,48.5,1.94003761,0.55625,4433,489,48.5,1.3252151,0.55625,2921,331,32.3333321,1.14853978,0.55625,4553,720,48.5,1.53483927,0.55625,4975,2553,49.75,2.4176476,0.54375,2942,216,33.1666679,1.01282382,0.54375,2923,172,33.1666679,0.975521564,0.54375,68.37501,61.3750038,99.99749,512,-1,485.785156,485.480469,0.3046875,0.5,7618.451,7618.951,0,0,0,0,0,0,0,0,0,0,0,0,512,600,1200,3000,62,1.04500008,1.30500007,0,10,17,60,2835,10451.9824,1428,1428,45,45,67,38,0,0,70.002,81.926,1.09,11539.5547,370.527344,60.7328949,0,0,0,0.223452479,0,0,0,0,0,0,0,0,0,71.6875,66,16376,4535,11840,72.3040543,202.67,9.254912E+07,22249472
05/24/2026 16:31:27,80,25,0,45,76,76,76,76,76,87,12.0720005,5.02000046,1.30800009,1.39200008,1.052,0.354,0.574,3.28000021,2.046,0,3.364,3.364,3.108,68,51.5,54.5,52,1652,456,0,580,0,0,0,0,0,0,55.38,15.38,7.69,4.62,18.46,61.54,1.54,4.62,21.15,61.54,43.13679,3459,1085,5025,2554,50.25,2.96079946,0.54375,3350,1253,33.5,1.9355365,0.54375,3109,519,33.5,1.33271885,0.54375,3021,309,33.5,1.1198988,0.54375,3164,774,33.5,1.56579173,0.54375,4020,2852,40.2,2.66308975,0.54375,2986,214,33.5,1.00243151,0.54375,2994,207,33.5,0.980186,0.54375,68.50001,66.125,99.99747,512,-1,485.785156,485.480469,0.3046875,0.5,7618.451,7618.951,0,0,0,0,0,0,0,0,0,0,0,0,512,600,1200,3000,62,1.04500008,1.30500007,0,9,16,59,2835,10451.9824,1425,1426,45,45,59,34,0,0,59.833,66.528,1.09,11539.5547,370.527344,59.86266,0,0,0,0.228179321,0,0,0,0,0,0,0,0,0,66.78125,66,16376,4535,11840,72.3040543,204.147,9.069978E+07,2.324992E+07
05/24/2026 16:31:29,80,25,0,45,76,76,76,76,76,87,12.0720005,5.02000046,1.30800009,1.39200008,1.03800011,0.350000024,0.574,3.28000021,2.046,0,3.364,3.364,3.108,68,51.5,54.5,52,1668,433,0,577,0,0,0,0,0,0,59.38,18.75,9.38,7.81,12.5,42.19,6.25,6.25,20.31,59.38,42.0097961,3892,904,3960,2118,39.6,2.62969279,0.63125,3960,1065,39.6,1.761332,0.63125,3712,507,39.6,1.27916288,0.63125,3734,369,39.6,1.13955331,0.63125,3717,621,39.6,1.38263953,0.63125,4950,2142,49.5,2.50862956,0.63125,3586,242,39.6,1.00427175,0.63125,3520,172,39.6,0.94133234,0.63125,68.25001,60.8750038,99.99748,512,-1,485.785156,485.480469,0.3046875,0.5,7618.451,7618.951,0,0,0,0,0,0,0,0,0,0,0,0,512,600,1200,3000,62,1.04000008,1.30500007,0,11,16,60,2835,10451.9824,1427,1427,45,45,66,38,0,0,72.054,69.024,1.09,11539.5547,370.527344,60.8917656,0,0,0,0.272305936,0,0,0,0,0,0,0,0,0,70.3125,66,16376,4535,11840,72.3040543,204.457,9.319936E+07,19699712
05/24/2026 16:31:31,80,25,0,45,76,76,76,76,76,87,12.0720005,5.02000046,1.30600011,1.39200008,1.03800011,0.350000024,0.574,3.28000021,2.046,0,3.364,3.364,3.108,68,51.5,54.5,52,1664,417,0,569,0,0,0,0,0,0,31.25,18.75,6.25,4.69,9.38,43.75,4.69,1.56,15.04,43.75,42.026432,3665,904,5050,1496,50.5,2.0843513,0.525,4040,1125,40.4,1.84069824,0.525,3151,481,33.6666679,1.27153075,0.525,3130,342,33.6666679,1.13411856,0.525,3817,587,40.4,1.35412836,0.525,4040,2784,40.4,3.10450387,0.53125,3058,234,33.6666679,1.0133096,0.53125,3031,185,33.6666679,0.959125638,0.53125,68.12501,61.3750038,99.9975,512,-1,485.785156,485.480469,0.3046875,0.5,7618.451,7618.951,0,0,0,0,0,0,0,0,0,0,0,0,512,600,1200,3000,62,0.989,1.30500007,0,12,17,60,2835,10451.9824,1428,1428,45,45,66,38,0,0,71.974,68.788,1.09,11539.5547,370.527344,60.59013,0,0,0,0.279809862,0,0,0,0,0,0,0,0,0,71.78125,66,16376,4535,11840,72.3040543,203.175,9.329971E+07,21199872
05/24/2026 16:31:33,80,25,0,45,76,76,76,76,76,87,12.0720005,5.02000046,1.30800009,1.39200008,1.03800011,0.350000024,0.574,3.28000021,2.046,0,3.364,3.364,3.108,68,51.5,54.5,52,1675,417,0,567,0,0,0,0,0,0,21.88,17.19,9.38,6.25,9.38,54.69,4.69,9.38,16.6,54.69,42.0102539,3726,900,3980,1489,39.8,2.066469,0.5375,3980,1055,39.8,1.76083028,0.5375,3747,523,39.8,1.296398,0.5375,3651,319,39.8,1.10357845,0.5375,3774,619,39.8,1.3800652,0.5375,4850,2793,48.5,3.10312533,0.54375,2920,212,32.3333321,0.9864614,0.54375,2909,194,32.3333321,0.9507474,0.54375,68.12501,61.3750038,99.99748,512,-1,485.785156,485.480469,0.3046875,0.5,7618.451,7618.951,0,0,0,0,0,0,0,0,0,0,0,0,512,600,1200,3000,62,1.04000008,1.30500007,0,12,16,60,2835,10451.9824,1429,1430,45,45,66,38,0,0,72.386,66.744,1.09,11539.5547,370.527344,61.01799,0,0,0,0.273071736,0,0,0,0,0,0,0,0,0,67.65625,66,16376,4535,11840,72.3040543,203.761,9.334989E+07,19049472
05/24/2026 16:31:35,80,25,0,45,76,76,76,76,76,87,12.048,5.02000046,1.30800009,1.39200008,1.04000008,0.352000028,0.574,3.28000021,2.046,0,3.364,3.364,3.108,68,51.5,54.5,52,1662,417,0,553,0,0,0,0,0,0,33.85,18.46,15.38,9.23,6.15,52.31,6.15,3.08,18.08,52.31,42.2599258,3631,908,5000,1518,50,2.086565,0.54375,4000,1034,40,1.75837743,0.54375,3125,483,33.3333321,1.26622379,0.54375,3118,382,33.3333321,1.17329037,0.54375,3821,597,40,1.37341416,0.54375,4000,2899,40,3.19976616,0.54375,3017,196,33.3333321,0.9751102,0.54375,2966,158,33.3333321,0.935453057,0.54375,68.37501,66.125,99.99747,512,-1,485.785156,485.480469,0.3046875,0.5,7618.451,7618.951,0,0,0,0,0,0,0,0,0,0,0,0,512,600,1200,3000,62,1.05500007,1.30500007,0,10,17,61,2835,10451.9824,1426,1423,45,45,66,38,0,0,71.915,72.324,1.09,11539.5547,370.527344,60.67476,0,0,0,0.261841863,0,0,0,0,0,0,0,0,0,67.875,66,16376,4535,11840,72.3040543,205.497,120399872,19749888
05/24/2026 16:31:37,80,25,0,45,76,76,76,76,76,87,12.0720005,5.01,1.30800009,1.39200008,1.04000008,0.352000028,0.574,3.28000021,2.046,0,3.364,3.364,3.108,68,51.5,54.5,52,1668,417,0,567,0,0,0,0,0,0,59.38,25,7.81,4.69,17.19,35.94,3.12,4.69,19.73,59.38,42.34195,3662,907,3920,2553,39.2,3.01932573,0.525,3920,1026,39.2,1.700145,0.525,3675,461,39.2,1.24646115,0.525,3054,334,32.6666679,1.10779393,0.525,3755,625,39.2,1.3999567,0.525,4975,1873,49.75,2.27677727,0.55,2962,182,33.1666679,0.9569318,0.55,3038,203,33.1666679,0.965590835,0.55,68.37501,63.6250038,99.99749,512,-1,485.785156,485.480469,0.3046875,0.5,7618.451,7618.951,0,0,0,0,0,0,0,0,0,0,0,0,512,600,1200,3000,62,1.04500008,1.30500007,0,9,17,60,2835,10451.9824,1424,1426,45,45,66,38,0,0,71.208,71.59,1.09,11539.5547,370.527344,61.07584,0,0,0,0.265169561,0,0,0,0,0,0,0,0,0,67.96875,66,16376,4535,11840,72.3040543,203.949,111249408,19999744
05/24/2026 16:31:39,80,25,0,45,76,76,76,76,76,87,12.0720005,5.02000046,1.30600011,1.39200008,1.036,0.358,0.574,3.27600026,2.046,0,3.364,3.364,3.108,68,51.5,54.5,52,1659,417,0,553,0,0,0,0,0,0,48.44,12.5,3.12,1.56,4.69,45.31,1.56,3.12,15.04,48.44,42.2822876,3938,916,5000,2482,50,2.93309474,0.5375,4000,1107,40,1.77880609,0.5375,3684,410,40,1.207516,0.5375,3678,309,40,1.0932,0.5375,3952,642,40,1.42650974,0.5375,4000,1988,40,2.40560722,0.5375,3616,205,40,0.9883086,0.5375,3570,183,40,0.9482462,0.5375,68.37501,64.75,99.99749,512,-1,485.785156,485.480469,0.3046875,0.5,7618.451,7618.951,0,0,0,0,0,0,0,0,0,0,0,0,512,600,1200,3000,62,0.960000038,1.30500007,0,8,16,60,2835,10451.9824,1425,1426,45,45,66,38,0,0,70.871,70.257,1.09,11539.5547,370.527344,60.8234863,0,0,0,0.265650123,0,0,0,0,0,0,0,0,0,70.84375,66,16376,4535,11840,72.3040543,203.495,9.409946E+07,21199872
05/24/2026 16:31:41,80,25,0,45,76,76,76,76,76,87,12.0720005,5.02000046,1.30800009,1.39200008,1.034,0.368000031,0.574,3.27600026,2.046,0,3.364,3.364,3.108,68,51.5,54.5,52,1668,417,0,552,0,0,0,0,0,0,46.88,26.56,6.25,4.69,12.5,42.19,1.56,1.56,17.77,46.88,42.1402855,4074,926,4850,2386,48.5,2.86281443,0.55625,4850,1139,48.5,1.79669261,0.61875,4505,462,48.5,1.26004982,0.61875,2961,319,32.3333321,1.091042,0.61875,4766,629,48.5,1.41506672,0.61875,4850,2086,48.5,2.47404575,0.61875,2886,195,32.3333321,0.971811,0.61875,2926,188,32.3333321,0.9507635,0.61875,68.37501,61.8750038,99.99748,512,-1,485.785156,485.480469,0.3046875,0.5,7618.451,7618.951,0,0,0,0,0,0,0,0,0,0,0,0,512,600,1200,3000,63,1.05000007,1.30500007,0,9,17,59,2835,10451.9824,1426,1425,45,45,67,39,0,0,72.038,77.222,1.09,11539.5547,370.527344,61.11431,0,0,0,0.271208346,0,0,0,0,0,0,0,0,0,71.96875,66,16376,4535,11840,72.3040543,207.278,9.334989E+07,21249024
05/24/2026 16:31:43,80,25,0,45,76,76,76,76,76,87,12.0720005,5.02000046,1.30800009,1.39200008,1.036,0.358,0.574,3.28000021,2.046,0,3.364,3.364,3.108,68,51.5,54.5,52,1666,417,0,566,0,0,0,0,0,0,31.25,23.44,9.38,6.25,12.5,57.81,6.25,1.56,18.55,57.81,42.2016068,4386,915,3940,1453,39.4,2.04344964,0.54375,4925,1115,49.25,1.80253434,0.54375,3625,433,39.4,1.23414612,0.54375,4369,303,48.5,1.09776771,0.54375,4708,627,48.5,1.41636515,0.54375,4850,2993,48.5,3.2801578,0.54375,4337,206,48.5,0.986566544,0.54375,4333,187,48.5,0.963114738,0.54375,68.75001,61.3750038,99.9974747,512,-1,485.785156,485.480469,0.3046875,0.5,7618.451,7618.951,0,0,0,0,0,0,0,0,0,0,0,0,512,600,1200,3000,62,1.069,1.30500007,0,14,17,58,2835,10451.9824,1421,1421,45,45,67,39,0,0,71.554,79.485,1.09,11539.5547,370.527344,61.6504936,0,0,0,0.264327019,0,0,0,0,0,0,0,0,0,70.1875,68,16376,4535,11840,72.3040543,208.056,110099456,19449856
05/24/2026 16:31:45,80,25,0,45,76,76,76,76,76,87,12.0720005,5.02000046,1.30600011,1.388,1.044,0.354,0.574,3.27600026,2.046,0,3.36000013,3.364,3.108,69,51.5,54.5,52,1675,426,0,551,0,0,0,0,0,0,39.06,29.69,6.25,7.81,10.94,60.94,6.25,4.69,20.7,60.94,42.3935051,3987,930,4950,1430,49.5,2.05513668,0.54375,4950,1114,49.5,1.82677126,0.54375,3654,444,39.6,1.24795055,0.54375,3580,306,39.6,1.10812533,0.54375,3853,606,39.6,1.394074,0.54375,3920,3151,39.2,3.4341836,0.53125,3517,211,39.2,0.9889954,0.53125,3470,178,39.2,0.95770365,0.53125,69.12501,61.3750038,99.9974747,512,-1,485.785156,485.480469,0.3046875,0.5,7618.451,7618.951,0,0,0,0,0,0,0,0,0,0,0,0,512,600,1200,3000,62,1.05000007,1.30500007,0,13,16,58,2835,10451.9824,1421,1421,45,45,68,39,0,0,73.402,84.433,1.09,11539.5547,370.527344,62.0763931,0,0,0,0.272288352,0,0,0,0,0,0,0,0,0,69.78125,66,16376,4535,11840,72.3040543,206.35,9.414963E+07,1.979904E+07
05/24/2026 16:31:47,82,25,0,45,78,78,78,78,78,89,12.0720005,5.02000046,1.30600011,1.39200008,1.03800011,0.354,0.574,3.27600026,2.046,0,3.364,3.364,3.108,69,51.5,54.5,52,1694,426,0,566,0,0,0,0,0,0,43.75,18.75,9.38,4.69,14.06,51.56,3.12,3.12,18.55,51.56,42.0636024,3613,914,4000,1586,40,2.13967252,0.55625,4000,1117,40,1.812744,0.55625,3087,435,33.3333321,1.22444677,0.55625,3032,304,33.3333321,1.088196,0.55625,3891,644,40,1.40664244,0.55625,5000,2850,50,3.1855042,0.55625,2954,204,33.3333321,0.9762305,0.55625,2939,172,33.3333321,0.9386558,0.55625,68.87501,61.8750038,99.9974747,512,-1,485.785156,485.480469,0.3046875,0.5,7618.451,7618.951,0,0,0,0,0,0,0,0,0,0,0,0,512,600,1200,3000,63,1.05500007,1.30500007,0,4,16,59,2835,10451.9824,1419,1420,45,45,68,39,0,0,74.192,84.446,1.09,11539.5547,370.527344,64.1308441,0,0,0,0.269191265,0,0,0,0,0,0,0,0,0,72.0625,66,16376,4535,11840,72.3040543,216.957,9.364992E+07,21199872
05/24/2026 16:31:49,82,25,0,45,76,76,76,76,76,87,12.0720005,5.02000046,1.30600011,1.388,1.034,0.354,0.574,3.272,2.046,0,3.364,3.364,3.108,68,51.5,54.5,52,1697,426,0,552,0,0,0,0,0,0,45.31,20.31,6.25,4.69,9.38,40.62,6.25,4.69,17.19,45.31,42.10573,3688,906,3940,2411,39.4,2.90365863,0.55,3940,1138,39.4,1.80359387,0.55,3665,438,39.4,1.23335409,0.55,3042,308,33.3333321,1.08892167,0.55,3912,657,40,1.43576431,0.55,5000,1899,50,2.33199739,0.55,3002,207,33.3333321,0.979661167,0.55,3000,189,33.3333321,0.950404763,0.55,68.62501,64.625,99.99749,512,-1,485.785156,485.480469,0.3046875,0.5,7618.451,7618.951,0,0,0,0,0,0,0,0,0,0,0,0,512,600,1200,3000,63,1.04500008,1.30500007,0,12,17,59,2835,10451.9824,1419,1420,45,45,68,39,0,0,74.229,84.822,1.09,11539.5547,370.527344,63.5321426,0,0,0,0.270735979,0,0,0,0,0,0,0,0,0,68.0625,66,16376,4535,11840,72.3040543,213.937,9.604915E+07,19299328
05/24/2026 16:31:51,80,25,0,45,76,76,76,76,76,87,12.048,5.02000046,1.30600011,1.388,1.03200006,0.354,0.576000035,3.27600026,2.046,0,3.36000013,3.36000013,3.104,68,51.5,54.5,52,1655,426,0,552,0,0,0,0,0,0,53.85,23.08,6.15,9.23,6.15,35.38,1.54,3.08,17.31,53.85,42.0343361,3650,908,5000,2467,50,2.9367187,0.55625,4000,1040,40,1.71859086,0.55625,3145,453,33.3333321,1.2300086,0.55625,3108,361,33.3333321,1.13023865,0.55625,3938,627,40,1.39521074,0.55625,4000,1883,40,2.317174,0.55625,3029,249,33.3333321,1.01360142,0.55625,2979,186,33.3333321,0.936703265,0.55625,68.50001,64.75,99.99748,512,-1,485.785156,485.480469,0.3046875,0.5,7618.451,7618.951,0,0,0,0,0,0,0,0,0,0,0,0,512,600,1200,3000,62,1.04500008,1.30500007,0,13,17,60,2835,10451.9824,1423,1423,45,45,68,39,0,0,73.309,83.932,1.09,11539.5547,370.527344,63.55667,0,0,0,0.2673748,0,0,0,0,0,0,0,0,0,68.21875,66,16376,4535,11840,72.3040543,213.206,114249728,24349696
05/24/2026 16:31:53,80,25,0,45,76,76,76,76,76,87,12.0720005,5.02000046,1.30800009,1.39200008,1.03200006,0.364000022,0.574,3.28000021,2.046,0,3.364,3.364,3.108,68,51.5,54.5,52,1655,426,0,552,0,0,0,0,0,0,43.75,21.88,10.94,6.25,17.19,42.19,4.69,4.69,18.95,43.75,41.92186,3923,905,3900,2479,39,2.923408,0.55625,4950,1094,49.5,1.75045848,0.5625,3763,466,39.6,1.23391223,0.5625,3700,337,39.6,1.08631015,0.5625,3951,636,39.6,1.390488,0.5625,3960,1799,39.6,2.24590349,0.5625,3616,230,39.6,0.9878298,0.5625,3547,201,39.6,0.9367546,0.5625,68.62501,60.8750038,99.99748,512,-1,485.785156,485.480469,0.3046875,0.5,7618.451,7618.951,0,0,0,0,0,0,0,0,0,0,0,0,512,600,1200,3000,63,1.05000007,1.30500007,0,11,17,59,2835,10451.9824,1425,1423,45,45,68,39,0,0,73.251,83.835,1.09,11539.5547,370.527344,63.40292,0,0,0,0.264955521,0,0,0,0,0,0,0,0,0,68.5,66,16376,4535,11840,72.3040543,212.199,111499264,19699712
05/24/2026 16:31:55,80,25,0,45,76,76,76,76,76,87,12.0720005,5.02000046,1.30600011,1.39200008,1.03800011,0.354,0.574,3.27600026,2.046,0,3.364,3.364,3.108,68,51.5,54.5,52,1646,426,0,567,0,0,0,0,0,0,25,14.06,7.81,7.81,12.5,51.56,3.12,1.56,15.43,51.56,42.6759834,3415,932,4000,1509,40,2.13969564,0.54375,4000,1148,40,1.88811576,0.54375,3677,430,40,1.24406481,0.54375,3614,327,40,1.13359964,0.54375,3100,658,32.3333321,1.44511461,0.54375,3233,2981,32.3333321,3.36876321,0.54375,2848,214,32.3333321,1.006694,0.54375,2846,186,32.3333321,0.973024547,0.54375,69.00001,68.375,99.99749,512,-1,485.785156,485.480469,0.3046875,0.5,7618.451,7618.951,0,0,0,0,0,0,0,0,0,0,0,0,512,600,1200,3000,63,1.0250001,1.30500007,0,13,17,59,2835,10451.9824,1423,1423,45,45,67,39,0,0,73.769,81.954,1.09,11539.5547,370.527344,63.42417,0,0,0,0.279797673,0,0,0,0,0,0,0,0,0,71.84375,66,16376,4535,11840,72.3040543,213.113,9.344922E+07,19699712
05/24/2026 16:31:57,81,25,0,45,78,78,78,78,78,89,12.048,5.02000046,1.30600011,1.39200008,1.036,0.350000024,0.574,3.28000021,2.046,0,3.364,3.364,3.108,69,51.5,54.5,52,1659,426,0,552,0,0,0,0,0,0,39.06,15.62,4.69,3.12,6.25,51.56,4.69,3.12,16.02,51.56,42.6560936,4006,941,4975,1571,49.75,2.2248745,0.525,4975,1155,49.75,1.92131436,0.525,3686,483,39.8,1.28950143,0.525,3673,332,40.4,1.134289,0.525,3878,637,40.4,1.43475986,0.525,4975,2942,49.75,3.3018074,0.55,2928,201,33.1666679,1.001183,0.55,2956,205,33.1666679,0.9908952,0.55,69.25001,61.3750038,99.99747,512,-1,485.785156,485.480469,0.3046875,0.5,7618.451,7618.951,0,0,0,0,0,0,0,0,0,0,0,0,512,600,1200,3000,63,1.05500007,1.30500007,0,12,17,59,2835,10451.9824,1422,1419,45,45,68,39,0,0,75.556,74.145,1.09,11539.5547,370.527344,64.97933,0,0,0,0.262664139,0,0,0,0,0,0,0,0,0,68,66,16376,4535,11840,72.3040543,218.383,9.344922E+07,24849408
05/24/2026 16:31:59,82,25,0,45,78,78,78,78,78,89,12.0720005,5.02000046,1.30800009,1.39200008,1.028,0.350000024,0.574,3.28000021,2.046,0,3.364,3.364,3.108,69,51.5,54.5,52,1687,417,0,567,0,0,0,0,0,0,28.12,14.06,7.81,1.56,14.06,54.69,0,1.56,15.23,54.69,42.1340446,4053,885,4850,1433,48.5,2.0607965,0.61875,4850,1084,48.5,1.84290814,0.61875,4500,407,48.5,1.19798243,0.61875,2891,256,32.3333321,1.05625069,0.61875,4741,649,48.5,1.41555107,0.61875,4850,2850,48.5,3.208962,0.61875,2872,206,32.3333321,0.9788085,0.61875,2872,195,32.3333321,0.9698165,0.61875,69.00001,61.3750038,99.99749,512,-1,485.785156,485.480469,0.3046875,0.5,7618.451,7618.951,0,0,0,0,0,0,0,0,0,0,0,0,512,600,1200,3000,63,1.06000006,1.30500007,0,13,16,59,2835,10451.9824,1420,1419,45,45,68,39,0,0,75.488,77.332,1.09,11539.5547,370.527344,64.84645,0,0,0,0.250399262,0,0,0,0,0,0,0,0,0,73.40625,66,16376,4535,11840,72.3040543,216.585,9.569997E+07,18649088
05/24/2026 16:32:01,82,25,0,45,76,76,76,76,76,87,12.0720005,5.01,1.30800009,1.39200008,1.03800011,0.354,0.574,3.28000021,2.046,0,3.364,3.364,3.104,68,51.5,54.5,52,1680,417,0,552,0,0,0,0,0,0,56.25,21.88,9.38,4.69,9.38,45.31,3.12,9.38,19.92,56.25,42.6090164,3858,954,3980,2525,39.8,2.99652743,0.525,4950,1128,49.5,1.88699758,0.525,3665,471,39.6,1.2646445,0.525,3598,307,40,1.10485017,0.525,3914,657,40,1.46011329,0.53125,4900,2100,49,2.567085,0.5375,2948,238,32.6666679,1.02879238,0.5375,2909,204,32.6666679,0.979050457,0.5375,68.87501,61.3750038,99.99748,512,-1,485.785156,485.480469,0.3046875,0.5,7618.451,7618.951,0,0,0,0,0,0,0,0,0,0,0,0,512,600,1200,3000,63,1.03500009,1.30500007,0,15,17,56,2835,10451.9824,1423,1423,45,45,42,32,0,0,47.352,43.046,1.09,11539.5547,370.7578,46.0065079,0,0,0,0.280835241,0,0,0,0,0,0.009224732,0,0,0,63.84375,66,16376,4535,11840,72.3040543,195.847,111549440,17999872
05/24/2026 16:32:03,82,25,0,45,78,78,78,78,78,89,12.0720005,5.02000046,1.30800009,1.39200008,1.03200006,0.364000022,0.574,3.27600026,2.046,0,3.364,3.364,3.108,69,51.5,54.5,52,1690,417,0,552,0,0,0,0,0,0,57.81,18.75,10.94,3.12,9.38,31.25,3.12,1.56,16.99,57.81,42.8119431,3365,955,3333,2936,33.3333321,3.32046366,0.55,3333,1177,33.3333321,1.92527628,0.55,3087,466,33.3333321,1.27248573,0.55,3013,310,33.3333321,1.10312021,0.55,3181,641,33.3333321,1.44623148,0.55,5000,1664,50,2.235216,0.55,3006,245,33.3333321,1.03251922,0.55,2967,202,33.3333321,0.980663538,0.55,69.25001,61.8750038,99.9974747,512,-1,485.785156,485.480469,0.3046875,0.5,7618.451,7618.951,0,0,0,0,0,0,0,0,0,0,0,0,512,600,1200,3000,63,1.04000008,1.30500007,0,9,17,53,2835,10451.9824,1415,1419,45,45,42,33,0,0,46.341,43.578,1.09,11539.5547,370.7578,38.86344,0,0,0,0.28932187,0,0,0,0,0,0,0,0,0,62.875,66,16376,4535,11840,72.3040543,134.193,9.104998E+07,21699584
05/24/2026 16:32:05,82,25,0,45,79,79,79,79,79,89,12.0960007,5.02000046,1.30800009,1.39200008,1.062,0.354,0.576000035,3.28000021,2.046,0,3.364,3.364,3.108,71,51.5,54.5,52,1702,417,0,566,0,0,0,0,0,0,59.42,4.35,1.45,0,2.9,46.38,1.45,0,14.49,59.42,39.8419533,4198,716,5050,3105,50.5,3.01087618,0.58125,4654,201,48.5,0.328010142,0.525,4451,56,48.5,0.116995625,0.525,4291,36,48.5,0.08856174,0.525,4357,98,48.5,0.142977327,0.525,5025,2175,50.25,2.18350172,0.51875,2917,27,33.5,0.06564097,0.51875,2842,28,33.5,0.05412625,0.51875,71.75001,62.3750038,99.99748,512,-1,485.785156,485.480469,0.3046875,0.5,7618.451,7618.951,0,0,0,0,0,0,0,0,0,0,0,0,512,600,1200,3000,63,1.04500008,1.30500007,0,12,17,49,2835,10451.9824,1418,1419,44,44,0,0,0,0,19.993,20.964,1.09,10869.5117,370.3672,1.05802345,0,0,0,0,0,0,0,0,0,0.6980061,0,0,0,60.75,62,16376,5205,11170,68.21313,60.442,349184,349184
05/24/2026 16:32:07,84,25,0,45,83,83,83,83,83,92,12.0960007,5.02000046,1.30800009,1.39200008,1.05000007,0.352000028,0.574,3.28000021,2.046,0,3.364,3.364,3.108,74,51.5,54.5,52,1711,417,0,552,0,0,0,0,0,0,42.19,14.06,7.81,4.76,6.25,57.81,4.76,3.17,17.6,57.81,41.9093361,3634,920,4000,2153,40,2.53498149,0.525,3333,848,33.3333321,1.10636508,0.525,3333,355,33.3333321,0.4664055,0.525,3333,273,33.3333321,0.3896783,0.525,3316,327,33.3333321,0.505120933,0.525,5050,3031,50.5,3.02457213,0.51875,3367,222,33.6666679,0.402661234,0.51875,3337,148,33.6666679,0.310034126,0.51875,74.37501,67.375,99.9975,512,-1,485.785156,485.480469,0.3046875,0.5,7618.451,7618.951,0,0,0,0,0,0,0,0,0,0,0,0,512,600,1200,3000,63,1.05500007,1.30500007,0,7,17,48,2670,10451.9824,1411,1410,41,41,1,1,0,0,16.979,18.641,0.975,9435.555,607.90625,0.36103338,0,0,0,0.8388765,0,0,0,0,0,1.145217,0,0,0,59.40625,62,16376,6639,9736,59.45426,48.621,1.24718182E+09,187199488
05/24/2026 16:32:09,85,25,0,45,85,85,85,85,85,91,12.0720005,5.02000046,1.30800009,1.39200008,1.01200008,0.36,0.574,3.27600026,2.046,0,3.364,3.364,3.108,72,51.5,54.5,52,1744,417,0,565,0,0,0,0,0,0,33.33,26.98,7.94,9.38,15.87,47.62,7.81,17.19,20.77,47.62,43.5288773,4156,1049,3960,1811,39.6,2.220691,0.525,3960,1193,39.6,1.92005992,0.525,3840,542,39.6,1.26072037,0.525,3858,427,39.6,1.13077164,0.525,4913,788,49.5,1.49287319,0.525,4950,2298,49.5,2.569701,0.525,3807,311,39.6,0.987910569,0.525,3960,1021,39.6,1.5515008,0.525,72.12501,61.8750038,99.9974747,512,-1,485.785156,485.480469,0.3046875,0.5,7618.451,7618.951,0,0,0,0,0,0,0,0,0,0,0,0,512,600,1200,3000,63,1.064,1.30500007,0,8,16,51,2850,10451.9824,1363,1361,39,39,69,54,0,0,60.027,59.955,1.09,11159.1094,371.210938,52.36373,0,0,0,0.6422629,0,0,0,0,0,0.7002779,0,0,0,61.5625,64,16376,4915,11460,69.98103,84.035,257799168,56899584
05/24/2026 16:32:11,85,25,0,45,82,82,82,82,82,90,12.0720005,5.02000046,1.30600011,1.39200008,1.01200008,0.354,0.574,3.28000021,2.046,0,3.364,3.364,3.108,69,51.5,54.5,52,1739,426,0,565,0,0,0,0,0,0,31.25,21.88,12.5,6.25,21.88,34.38,9.38,9.38,18.36,34.38,40.870594,4005,819,4850,1585,48.5,2.01595068,0.63125,4850,1078,48.5,1.75990665,0.63125,3186,537,32.3333321,1.26083434,0.63125,3189,430,32.3333321,1.1477499,0.63125,4850,649,48.5,1.37045813,0.63125,4850,1697,48.5,2.06795263,0.63125,3134,322,32.3333321,1.05048347,0.63125,3128,254,32.3333321,0.974762,0.63125,69.87501,61.3750038,99.9974747,512,-1,485.785156,485.480469,0.3046875,0.5,7618.451,7618.951,0,0,0,0,0,0,0,0,0,0,0,0,512,600,1200,3000,62,1.04500008,1.30500007,0,8,16,58,2835,10451.9824,1303,1304,39,39,92,67,0,1,82.434,80.529,1.09,11159.1094,371.210938,84.8991,0,0,0,0.08389411,0,0,0,0,0,0,0,0,0,67.59375,68,16376,4915,11460,69.98103,211.755,256949248,5.899981E+07
05/24/2026 16:32:13,84,25,0,45,78,78,78,78,78,88,12.0720005,5.02000046,1.30800009,1.39200008,1.05000007,0.354,0.574,3.28000021,2.046,0,3.364,3.364,3.108,68,51.5,54.5,52,1724,426,0,551,0,0,0,0,0,0,48.48,33.33,18.18,16.67,16.67,54.55,9.09,6.06,25.38,54.55,44.64564,3716,1201,5000,3215,50,3.07309556,0.5375,4000,1435,40,2.142773,0.5375,3193,678,33.3333321,1.4988482,0.5375,3130,531,33.3333321,1.34161472,0.5375,3204,947,33.3333321,1.73532116,0.5375,5000,2080,50,2.516877,0.5375,3100,397,33.3333321,1.21661687,0.5375,3098,325,33.3333321,1.14077294,0.5375,68.37501,63.7500038,99.99748,512,-1,485.785156,485.480469,0.3046875,0.5,7618.451,7618.951,0,0,0,0,0,0,0,0,0,0,0,0,512,600,1200,3000,63,1.05000007,1.30500007,0,13,17,59,2835,10451.9824,1273,1273,39,39,90,66,0,1,82.654,86.704,1.09,11159.1094,371.210938,83.819664,0,0,0,0.0209614411,0,0,0,0,0,0,0,0,0,66.59375,68,16376,4915,11460,69.98103,233.326,3.222999E+08,6.744986E+07
05/24/2026 16:32:15,83,25,0,45,75,75,75,75,75,87,12.048,5.01,1.30600011,1.388,1.044,0.366000026,0.574,3.272,2.046,0,3.364,3.36000013,3.104,67,51.5,54.5,52,1711,426,0,566,0,0,0,0,0,0,73.44,28.12,9.38,9.38,17.19,42.19,4.69,6.25,23.83,73.44,45.02023,4200,1280,3960,3515,39.6,3.209454,0.55,4950,1416,49.5,2.05569243,0.55,3822,691,39.6,1.45252383,0.55,3752,551,39.6,1.30607116,0.55,4768,810,49.5,1.64709091,0.55,4950,2475,49.5,2.58203864,0.55,3666,409,39.6,1.17958665,0.55,3731,371,39.6,1.1288017,0.55,67.75001,61.8750038,99.99747,512,-1,485.785156,485.480469,0.3046875,0.5,7618.451,7618.951,0,0,0,0,0,0,0,0,0,0,0,0,512,600,1200,3000,63,1.05500007,1.30500007,0,12,17,60,2835,10451.9824,1264,1261,39,39,93,63,0,1,91.515,90.015,1.09,11159.1094,371.210938,86.85896,0,0,0,0.0201169141,0,0,0,0,0,0,0,0,0,70.8125,68,16376,4915,11460,69.98103,256.662,410349568,104449024
05/24/2026 16:32:17,82,25,0,45,74,74,74,74,74,86,12.048,5.02000046,1.30600011,1.39200008,1.054,0.366000026,0.574,3.28000021,2.046,0,3.364,3.364,3.108,67,51.5,54.5,52,1702,426,0,552,0,0,0,0,0,0,64.06,23.44,15.62,7.81,17.19,57.81,9.38,3.12,24.8,64.06,45.03136,3728,1258,3980,3147,39.8,2.97239757,0.54375,3980,1287,39.8,1.94181621,0.54375,3803,725,39.8,1.47539389,0.54375,3132,557,33.1666679,1.30313563,0.54375,3761,854,39.8,1.59693623,0.54375,4975,2705,49.75,2.72317958,0.54375,3088,431,33.1666679,1.184516,0.54375,3107,354,33.1666679,1.11325026,0.54375,67.50001,62.7500038,99.99749,512,-1,485.785156,485.480469,0.3046875,0.5,7618.451,7618.951,0,0,0,0,0,0,0,0,0,0,0,0,512,600,1200,3000,62,1.064,1.30500007,0,12,17,61,2835,10451.9824,1260,1259,40,40,93,63,0,1,91.136,89.909,1.09,11159.1094,370.980469,87.11216,0,0,0,0.0193814281,0,0,0,0,0,0.009224051,0,0,0,69.96875,68,16376,4915,11460,69.98103,258.705,382649344,106949632
05/24/2026 16:32:19,81,25,0,45,74,74,74,74,74,86,12.048,5.02000046,1.30800009,1.39200008,1.052,0.368000031,0.574,3.27600026,2.046,0,3.364,3.364,3.108,67,51.5,54.5,52,1687,426,0,566,0,0,0,0,0,0,60.94,31.25,29.23,21.54,29.69,50,12.31,9.23,30.52,60.94,45.264843,3794,1272,3960,3533,39.6,3.230987,0.55,3960,1243,39.6,1.94613874,0.55,3819,740,39.6,1.5084393,0.55,3758,571,39.6,1.32053,0.55,3777,890,39.6,1.63832879,0.55,4925,2395,49.25,2.59787154,0.55625,3053,437,32.8333321,1.21003914,0.55625,3100,365,32.8333321,1.14432013,0.55625,67.37501,62.3750038,99.9974747,512,-1,485.785156,485.480469,0.3046875,0.5,7618.451,7618.951,0,0,0,0,0,0,0,0,0,0,0,0,512,600,1200,3000,63,1.05000007,1.30500007,0,14,16,62,2835,10451.9824,1271,1270,41,41,92,64,0,1,89.24,98.141,1.09,11159.1094,370.980469,86.4386749,0,0,0,0.0208562277,0,0,0,0,0,0,0,0,0,71.6875,68,16376,4915,11460,69.98103,257.662,397799424,102349824
05/24/2026 16:32:21,80,25,0,45,74,74,74,74,74,86,12.048,5.01,1.30600011,1.39200008,1.03800011,0.354,0.574,3.27600026,2.046,0,3.364,3.364,3.108,67,51.5,54.5,52,1650,426,0,552,0,0,0,0,0,0,67.19,15.62,4.69,15.62,9.38,53.12,4.69,4.69,21.88,67.19,45.0181465,3699,1261,3980,3400,39.8,3.104574,0.54375,4975,1291,49.75,1.918305,0.54375,3156,661,33.1666679,1.43649638,0.54375,3127,546,33.1666679,1.30456424,0.54375,3184,911,33.1666679,1.64853919,0.54375,4975,2451,49.75,2.561471,0.54375,3077,447,33.1666679,1.200404,0.54375,3115,383,33.1666679,1.14400828,0.54375,67.25001,62.3750038,99.99748,512,-1,485.785156,485.480469,0.3046875,0.5,7618.451,7618.951,0,0,0,0,0,0,0,0,0,0,0,0,512,600,1200,3000,63,1.03000009,1.30500007,0,12,17,61,2835,10451.9824,1296,1298,42,42,92,63,0,1,90.462,87.382,1.09,11159.1094,370.980469,87.49976,0,0,0,0.01745439,0,0,0,0,0,0,0,0,0,71.5625,70,16376,4915,11460,69.98103,256.876,4.109998E+08,107449344
05/24/2026 16:32:23,78,25,0,45,74,74,74,74,74,86,12.0720005,5.02000046,1.30800009,1.39200008,1.0480001,0.362000018,0.574,3.27600026,2.046,0,3.364,3.364,3.108,67,51.5,54.5,52,1648,417,0,553,0,0,0,0,0,0,61.54,27.69,16.92,12.31,20,56.92,9.23,4.62,26.15,61.54,45.312252,3968,1289,4975,3293,49.75,3.06312037,0.54375,3980,1362,39.8,1.98929775,0.54375,3856,713,39.8,1.476304,0.54375,3812,614,39.8,1.35054183,0.54375,3771,925,39.4,1.66973746,0.54375,3940,2578,39.4,2.66603065,0.54375,3654,420,39.4,1.19218123,0.54375,3754,407,39.4,1.16074347,0.54375,67.25001,62.3750038,99.9974747,512,-1,485.785156,485.480469,0.3046875,0.5,7618.451,7618.951,0,0,0,0,0,0,0,0,0,0,0,0,512,600,1200,3000,63,1.069,1.30500007,0,11,17,61,2835,10451.9824,1321,1324,43,43,92,63,0,1,91.442,85.794,1.09,11159.1094,370.980469,86.64228,0,0,0,0.0177607127,0,0,0,0,0,0,0,0,0,75.59375,68,16376,4915,11460,69.98103,257.456,4.3985E+08,128549888
05/24/2026 16:32:25,78,25,0,45,75,75,75,75,75,86,12.0720005,5.02000046,1.30600011,1.39200008,1.0480001,0.358,0.574,3.28000021,2.046,0,3.36000013,3.36000013,3.108,70,51,54.5,52,1621,417,0,553,0,0,0,0,0,0,60.94,17.19,10.94,1.56,12.5,73.44,1.56,0,22.27,73.44,44.9202423,3748,1161,3940,2727,39.4,3.0208497,0.55625,3940,1188,39.4,1.9801029,0.55625,3671,513,39.4,1.3455112,0.55625,3686,373,39.4,1.21301222,0.55625,3711,730,39.4,1.54657614,0.55625,4950,3231,49.5,3.66454816,0.575,3025,277,33,1.082324,0.575,3061,246,33,1.060607,0.575,70.50001,65.5,99.99749,512,-1,485.785156,485.480469,0.3046875,0.5,7618.451,7618.951,0,0,0,0,0,0,0,0,0,0,0,0,512,600,1200,3000,63,1.06000006,1.30500007,0,13,16,54,2835,10451.9824,1348,1351,43,43,41,31,0,0,46.412,55.654,1.09,11159.6133,370.980469,44.7099724,0,0,0,0.298208684,0,0,0,0,0,0.09420404,0,0,0,63.9375,66,16376,4915,11460,69.9840851,164.673,9.654989E+07,22849536
05/24/2026 16:32:27,80,25,0,45,78,78,78,78,78,90,12.0720005,5.02000046,1.30800009,1.39200008,1.04000008,0.356,0.574,3.28000021,2.046,0,3.364,3.364,3.11200023,71,51.5,54.5,52,1659,417,0,567,0,0,0,0,0,0,48.44,23.44,9.38,4.69,10.94,67.19,6.25,6.25,22.07,67.19,44.277298,3969,1111,3940,2347,39.4,2.620119,0.5625,3940,1229,39.4,1.94921875,0.5625,3628,486,39.4,1.27158618,0.5625,4541,367,49.25,1.16131485,0.5625,3660,641,39.4,1.42298555,0.5625,4900,3345,49,3.72765231,0.55625,3561,244,39.2,1.039614,0.55625,3583,232,39.2,1.02524662,0.55625,71.87501,61.8750038,99.99748,512,-1,485.785156,485.480469,0.3046875,0.5,7618.451,7618.951,0,0,0,0,0,0,0,0,0,0,0,0,512,600,1200,3000,63,1.04000008,1.30500007,0,15,17,54,2835,10451.9824,1369,1371,43,43,41,32,0,0,43.842,44.081,1.09,11159.6133,370.980469,36.5074,0,0,0,0.367465019,0,0,0,0,0,0,0,0,0,62.9375,66,16376,4915,11460,69.9840851,126.674,138749952,27149312
05/24/2026 16:32:29,81,25,0,45,82,82,82,82,82,91,12.0720005,5.01,1.30600011,1.39200008,1.03800011,0.358,0.574,3.27600026,2.046,0,3.364,3.36000013,3.108,71,51.5,54.5,52,1671,426,0,553,0,0,0,0,0,0,41.54,26.15,10.77,7.69,12.31,56.92,1.56,3.12,20.01,56.92,43.16211,4209,1081,4850,2566,48.5,2.73654723,0.55,4834,1214,48.5,1.89815891,0.55,4470,488,48.5,1.28610969,0.55,4383,349,48.5,1.14889967,0.55,4486,654,48.5,1.4345367,0.55,4850,2902,48.5,2.94690752,0.55,2892,248,32.3333321,1.04558372,0.55,2910,227,32.3333321,1.02386725,0.55,71.25001,61.3750038,99.99747,512,-1,485.785156,485.480469,0.3046875,0.5,7618.451,7618.951,0,0,0,0,0,0,0,0,0,0,0,0,512,600,1200,3000,62,1.04500008,1.30500007,0,8,17,54,2835,10451.9824,1374,1374,43,43,45,34,0,0,46.722,54.153,1.09,11159.6133,370.980469,38.202076,0,0,0,0.278623164,0,0,0,0,0,0,0,0,0,62.71875,64,16376,4915,11460,69.9840851,129.303,108399616,26049536
05/24/2026 16:32:31,82,25,0,45,80,80,80,80,80,90,12.0960007,5.02000046,1.30800009,1.39200008,1.04000008,0.352000028,0.574,3.28000021,2.046,0,3.364,3.364,3.108,70,51.5,54.5,52,1685,426,0,566,0,0,0,0,0,0,68.25,23.81,6.35,1.59,6.35,46.03,3.17,0,19.44,68.25,42.9679146,3542,1065,3960,2752,39.6,3.030663,0.55625,3928,1244,39.6,1.93311489,0.55625,3053,487,33,1.29971147,0.55625,2964,315,33,1.12211907,0.55625,3636,673,39.6,1.45416355,0.55625,4950,2592,49.5,2.49559236,0.55625,2925,244,33,1.03952384,0.55625,2919,210,33,1.0000447,0.55625,70.12501,65.5,99.9975,512,-1,485.785156,485.480469,0.3046875,0.5,7618.451,7618.951,0,0,0,0,0,0,0,0,0,0,0,0,512,600,1200,3000,63,1.03500009,1.30500007,0,5,16,53,2835,10451.9824,1371,1374,43,43,43,34,0,0,46.942,53.733,1.09,11159.6133,370.980469,37.8554077,0,0,0,0.261180341,0,0,0,0,0,0,0,0,0,62.21875,64,16376,4915,11460,69.9840851,130.898,8.10496E+07,26499072
05/24/2026 16:32:33,82,25,0,45,78,78,78,78,78,89,12.0720005,5.02000046,1.30800009,1.39200008,1.042,0.36,0.574,3.28000021,2.046,0,3.364,3.364,3.108,69,51.5,54.5,52,1702,426,0,566,0,0,0,0,0,0,64.06,31.25,12.5,6.25,9.38,65.62,6.25,6.25,25.2,65.62,43.2190933,3647,1101,3233,2803,32.3333321,3.04211879,0.54375,4813,1172,48.5,1.86420453,0.54375,2951,509,32.3333321,1.32563925,0.54375,2897,367,32.3333321,1.1744101,0.54375,4469,701,48.5,1.47078931,0.54375,4975,2757,49.75,2.64484477,0.6,2918,263,33.1666679,1.06426418,0.6,2921,233,33.1666679,1.03370142,0.6,69.75001,62.3750038,99.99749,512,-1,485.785156,485.480469,0.3046875,0.5,7618.451,7618.951,0,0,0,0,0,0,0,0,0,0,0,0,512,600,1200,3000,63,1.05000007,1.30500007,0,14,17,53,2835,10451.9824,1367,1370,43,43,43,33,0,0,46.987,50.784,1.09,11159.6133,370.980469,37.8962173,0,0,0,0.255647361,0,0,0,0,0,0,0,0,0,62,64,16376,4915,11460,69.9840851,130.594,9.074995E+07,2.24E+07
05/24/2026 16:32:35,82,25,0,45,78,78,78,78,78,89,12.0720005,5.02000046,1.30600011,1.39200008,1.04000008,0.352000028,0.574,3.27600026,2.046,0,3.364,3.364,3.108,69,51.5,54.5,52,1704,426,0,551,0,0,0,0,0,0,62.5,15.62,1.56,3.12,15.62,62.5,3.12,0,20.51,62.5,43.2679825,4093,1120,3960,2705,39.6,2.63957953,0.55625,4728,1050,48.5,1.80011892,0.55,4436,516,48.5,1.31158268,0.55,4360,368,48.5,1.16585636,0.55,4506,782,48.5,1.54027545,0.55,4950,3066,49.5,3.18997836,0.55625,2912,274,33,1.07743132,0.55625,2892,203,33,1.01163924,0.55625,69.62501,66.5,99.99747,512,-1,485.785156,485.480469,0.3046875,0.5,7618.451,7618.951,0,0,0,0,0,0,0,0,0,0,0,0,512,600,1200,3000,63,1.05000007,1.30500007,0,9,17,52,2835,10451.9824,1360,1362,42,42,43,33,0,0,46.192,48.793,1.09,11159.6133,370.980469,37.98944,0,0,0,0.265682817,0,0,0,0,0,0,0,0,0,61.875,64,16376,4915,11460,69.9840851,128.449,8.979968E+07,26499072
05/24/2026 16:32:37,82,25,0,45,78,78,78,78,78,89,12.0960007,5.02000046,1.30600011,1.39200008,1.04000008,0.366000026,0.574,3.28000021,2.046,0,3.364,3.364,3.108,69,51.5,54.5,52,1690,426,0,567,0,0,0,0,0,0,48.44,21.88,1.56,3.12,9.38,62.5,3.12,1.56,18.95,62.5,42.99087,3901,1085,5050,2424,50.5,2.36859655,0.525,4035,1359,40.4,2.00947881,0.525,3667,503,40.2,1.28088856,0.53125,3556,325,40.2,1.12141454,0.53125,3735,702,40.2,1.4512701,0.53125,4020,2875,40.2,3.051989,0.53125,3566,262,40.2,1.04284346,0.53125,3577,230,40.2,1.02409315,0.53125,69.37501,62.8750038,99.99748,512,-1,485.785156,485.480469,0.3046875,0.5,7618.451,7618.951,0,0,0,0,0,0,0,0,0,0,0,0,512,600,1200,3000,63,1.05500007,1.30500007,0,10,17,52,2835,10451.9824,1354,1355,42,42,43,33,0,0,46.215,48.335,1.09,11159.6133,370.980469,38.0092125,0,0,0,0.256860048,0,0,0,0,0,0,0,0,0,61.625,64,16376,4915,11460,69.9840851,128.559,133749760,20849664
05/24/2026 16:32:39,82,25,0,45,78,78,78,78,78,89,12.0960007,5.02000046,1.30800009,1.39200008,1.046,0.362000018,0.574,3.28000021,2.046,0,3.364,3.364,3.108,69,51.5,54.5,52,1709,418,0,552,0,0,0,0,0,0,60.94,20.31,10.94,10.94,10.94,67.19,6.25,3.12,23.83,67.19,43.3873024,3965,1085,3980,2725,39.8,2.69989848,0.525,4908,1078,49.75,1.78737354,0.525,3605,499,39.8,1.31077552,0.525,3609,384,39.8,1.19288921,0.525,3612,668,39.8,1.46175563,0.525,4950,2852,49.5,3.06276059,0.54375,3548,269,39.6,1.075538,0.54375,3510,206,39.6,1.01645887,0.54375,69.62501,61.8750038,99.99748,512,-1,485.785156,485.480469,0.3046875,0.5,7618.451,7618.951,0,0,0,0,0,0,0,0,0,0,0,0,512,600,1200,3000,63,1.04500008,1.30500007,0,13,16,52,2835,10451.9824,1350,1350,42,42,42,33,0,0,46.069,45.797,1.09,11159.6133,370.980469,37.61016,0,0,0,0.279025137,0,0,0,0,0,0,0,0,0,61.3125,64,16376,4915,11460,69.9840851,129.818,9.039974E+07,20749312
05/24/2026 16:32:41,82,25,0,45,78,78,78,78,78,89,12.0720005,5.02000046,1.30800009,1.39200008,1.0480001,0.368000031,0.574,3.27600026,2.046,0,3.364,3.364,3.108,69,51.5,54.5,52,1711,418,0,566,0,0,0,0,0,0,53.85,29.23,4.62,6.15,7.69,58.46,3.08,3.08,20.77,58.46,43.08457,3816,1082,3960,2669,39.6,2.900973,0.55,3883,1098,39.6,1.81419,0.55,3544,511,39.6,1.31883276,0.55,3586,398,39.6,1.19762087,0.55,3566,680,39.6,1.44432771,0.55,4950,2771,49.5,2.72718978,0.55,3536,307,39.6,1.09961045,0.55,3503,218,39.6,1.02766871,0.55,69.62501,61.8750038,99.9974747,512,-1,485.785156,485.480469,0.3046875,0.5,7618.451,7618.951,0,0,0,0,0,0,0,0,0,0,0,0,512,600,1200,3000,63,1.06000006,1.30500007,0,16,17,52,2835,10451.9824,1343,1345,42,42,42,32,0,0,45.163,39.813,1.09,11159.6133,370.980469,37.76571,0,0,0,0.275044858,0,0,0,0,0,0,0,0,0,61.125,64,16376,4915,11460,69.9840851,128.335,111299584,26349568
05/24/2026 16:32:43,82,25,0,45,78,78,78,78,78,89,12.0720005,5.02000046,1.30800009,1.39200008,1.05000007,0.362000018,0.574,3.28000021,2.046,0,3.364,3.364,3.108,69,51.5,54.5,52,1697,417,0,566,0,0,0,0,0,0,60.32,19.05,7.94,6.35,7.94,52.38,1.59,4.76,20.04,60.32,43.24462,3582,1087,4975,2955,49.75,3.24906015,0.55,3892,954,39.8,1.74009109,0.55,2962,489,33.1666679,1.29800582,0.55,2973,377,33.1666679,1.18370569,0.55,2988,668,33.1666679,1.46470642,0.55,4975,2740,49.75,2.56322145,0.54375,2943,285,33.1666679,1.09935451,0.54375,2949,230,33.1666679,1.04025519,0.54375,69.75001,62.3750038,99.99749,512,-1,485.785156,485.480469,0.3046875,0.5,7618.451,7618.951,0,0,0,0,0,0,0,0,0,0,0,0,512,600,1200,3000,62,1.05000007,1.30500007,0,16,17,52,2835,10451.9824,1334,1339,41,41,41,32,0,0,44.893,38.473,1.09,11159.6133,370.980469,37.77043,0,0,0,0.2781071,0,0,0,0,0,0,0,0,0,60.90625,64,16376,4915,11460,69.9840851,127.318,9.779917E+07,22249472
05/24/2026 16:32:45,82,25,0,45,78,78,78,78,78,89,12.0720005,5.01,1.30600011,1.39200008,1.036,0.358,0.574,3.28000021,2.046,0,3.364,3.364,3.108,69,51.5,54.5,52,1692,417,0,566,0,0,0,0,0,0,60.94,28.12,6.25,3.12,20.31,48.44,1.56,0,21.09,60.94,43.1176376,4061,1088,4950,2720,49.5,2.990547,0.6,4859,1281,49.5,1.9455632,0.6,3556,484,39.6,1.28672409,0.6,3533,360,39.6,1.15970039,0.6,3614,684,39.6,1.46146679,0.6,4950,2677,49.5,2.60135269,0.6,3512,262,39.6,1.06815851,0.6,3514,235,39.6,1.033325,0.6,69.25001,61.8750038,99.9974747,512,-1,485.785156,485.480469,0.3046875,0.5,7618.451,7618.951,0,0,0,0,0,0,0,0,0,0,0,0,512,600,1200,3000,63,1.05500007,1.30500007,0,8,17,51,2835,10451.9824,1329,1335,41,41,41,33,0,0,44.989,38.47,1.09,11159.5977,365.515625,38.61746,0,0,0,0.2663645,0,0,0,0,0,0.153197259,0,0,0,60.875,62,16376,4915,11460,69.9840851,128.72,7.164928E+07,25049088
05/24/2026 16:32:47,82,25,0,45,78,78,78,78,78,89,12.0720005,5.02000046,1.30600011,1.39200008,1.03200006,0.362000018,0.574,3.28000021,2.046,0,3.364,3.364,3.108,69,51.5,54.5,52,1704,417,0,566,0,0,0,0,0,0,54.69,29.69,7.81,7.81,4.69,65.62,3.12,6.25,22.46,65.62,42.8984947,3906,1066,3980,2419,39.8,2.358896,0.55625,3293,1331,33.1666679,1.96519971,0.55625,2990,488,33.1666679,1.2616365,0.55625,2998,384,33.1666679,1.15949726,0.55625,4434,640,48.5,1.39222026,0.55625,4850,2769,48.5,3.012889,0.55625,4344,255,48.5,1.04726088,0.55625,4356,245,48.5,1.03224945,0.55625,69.25001,61.8750038,99.9974747,512,-1,485.785156,485.480469,0.3046875,0.5,7618.451,7618.951,0,0,0,0,0,0,0,0,0,0,0,0,512,600,1200,3000,63,1.03500009,1.30500007,0,8,17,51,2835,10451.9824,1324,1327,41,41,41,33,0,0,44.843,38.311,1.09,11159.5977,365.515625,38.3487434,0,0,0,0.271579,0,0,0,0,0,0,0,0,0,60.65625,64,16376,4915,11460,69.9840851,129.228,107799552,25849856
05/24/2026 16:32:49,82,25,0,45,78,78,78,78,78,89,12.0720005,5.02000046,1.30600011,1.39200008,1.04000008,0.358,0.574,3.28000021,2.046,0,3.364,3.364,3.108,69,51.5,54.5,52,1687,418,0,566,0,0,0,0,0,0,50.77,21.54,6.25,3.12,9.38,55.38,6.25,3.12,19.48,55.38,43.1112442,3815,1075,3940,2392,39.4,2.38047314,0.55,4902,1326,49.25,1.95641553,0.55,3570,469,39.4,1.24622941,0.55,3554,378,39.4,1.16365063,0.55,3622,676,39.4,1.418194,0.55,4950,2793,49.5,3.01829219,0.55625,3003,301,33,1.0852598,0.55625,2978,265,33,1.04153681,0.55625,69.12501,61.8750038,99.99747,512,-1,485.785156,485.480469,0.3046875,0.5,7618.451,7618.951,0,0,0,0,0,0,0,0,0,0,0,0,512,600,1200,3000,62,1.05000007,1.30500007,0,8,16,51,2835,10451.9824,1317,1314,41,41,43,34,0,0,45.669,53.471,1.09,11159.5977,365.515625,38.4119072,0,0,0,0.2773809,0,0,0,0,0,0,0,0,0,60.4375,62,16376,4915,11460,69.9840851,127.341,9.194906E+07,1.92E+07
05/24/2026 16:32:51,82,25,0,45,78,78,78,78,78,89,12.0720005,5.02000046,1.30800009,1.39200008,1.042,0.354,0.574,3.28000021,2.046,0,3.364,3.364,3.108,69,51.5,54.5,52,1685,428,0,552,0,0,0,0,0,0,46.03,31.75,6.35,0,17.46,57.14,3.17,4.76,20.83,57.14,43.1639862,3990,1082,3960,2388,39.6,2.61958861,0.55,4909,1340,49.5,1.95827544,0.55,3597,487,39.6,1.27166736,0.55,3580,352,39.6,1.14833355,0.55,3704,701,39.8,1.4910053,0.55625,4975,2864,49.75,2.867185,0.55625,3585,266,39.8,1.05781543,0.55625,3610,261,39.8,1.0454936,0.55625,69.00001,62.3750038,99.9974747,512,-1,485.785156,485.480469,0.3046875,0.5,7618.451,7618.951,0,0,0,0,0,0,0,0,0,0,0,0,512,600,1200,3000,62,1.05000007,1.30500007,0,20,17,50,2835,10451.9824,1310,1308,40,40,41,32,0,0,44.3,52.408,1.09,11159.5977,365.515625,38.57599,0,0,0,0.2691118,0,0,0,0,0,0,0,0,0,60.34375,62,16376,4915,11460,69.9840851,127.539,7.089971E+07,19149824
05/24/2026 16:32:53,82,25,0,45,78,78,78,78,78,89,12.0720005,5.02000046,1.30800009,1.39200008,1.04000008,0.362000018,0.574,3.27600026,2.046,0,3.364,3.364,3.108,68,51.5,54.5,52,1685,427,0,565,0,0,0,0,0,0,54.69,28.12,10.94,6.25,21.88,50,4.69,9.38,23.24,54.69,43.06748,3826,1063,3940,2482,39.4,2.836416,0.56875,3906,1335,39.4,1.97025645,0.56875,3567,512,39.4,1.29587483,0.56875,3538,339,39.4,1.135022,0.56875,3647,742,39.4,1.4761368,0.56875,4925,2546,49.25,2.52086973,0.56875,3532,277,39.4,1.07586133,0.56875,3555,270,39.4,1.05234981,0.56875,68.87501,61.8750038,99.99747,512,-1,485.785156,485.480469,0.3046875,0.5,7618.451,7618.951,0,0,0,0,0,0,0,0,0,0,0,0,512,600,1200,3000,62,1.05000007,1.30500007,0,14,16,50,2835,10451.9824,1300,1301,40,40,41,32,0,0,44.689,38.526,1.09,11159.5977,365.515625,38.55387,0,0,0,0.268890172,0,0,0,0,0,0,0,0,0,60.21875,62,16376,4915,11460,69.9840851,128.751,118899712,25299968
05/24/2026 16:32:55,81,25,0,45,76,76,76,76,76,88,12.0720005,5.02000046,1.30800009,1.39200008,1.044,0.368000031,0.574,3.27600026,2.046,0,3.364,3.364,3.108,68,51.5,54.5,52,1699,427,0,566,0,0,0,0,0,0,53.12,17.19,10.94,4.69,10.94,64.06,3.12,4.69,21.09,64.06,43.20567,3778,1069,3940,2634,39.4,2.93261647,0.54375,3832,1078,39.4,1.77922785,0.54375,4489,572,49.25,1.34918582,0.54375,4524,416,49.25,1.19343376,0.54375,3017,759,32.8333321,1.50138974,0.54375,3940,2577,39.4,2.595759,0.54375,2939,267,32.8333321,1.06983078,0.54375,3545,248,39.4,1.03065753,0.54375,68.87501,61.8750038,99.99748,512,-1,485.785156,485.480469,0.3046875,0.5,7618.451,7618.951,0,0,0,0,0,0,0,0,0,0,0,0,512,600,1200,3000,63,1.05000007,1.30500007,0,10,16,50,2835,10451.9824,1294,1294,40,40,41,32,0,0,44.966,49.298,1.09,11159.5977,365.515625,38.24219,0,0,0,0.272420377,0,0,0,0,0,0,0,0,0,60.125,62,16376,4915,11460,69.9840851,127.873,9.564979E+07,19499008
05/24/2026 16:32:57,80,25,0,45,76,76,76,76,76,87,12.0960007,5.02000046,1.30600011,1.39200008,1.0480001,0.354,0.574,3.27600026,2.046,0,3.364,3.364,3.108,68,51.5,54.5,52,1664,427,0,552,0,0,0,0,0,0,42.19,18.75,9.38,4.69,14.06,62.5,6.25,4.69,20.31,62.5,43.0132675,3860,1075,3980,2240,39.8,2.395537,0.55625,3885,1169,39.8,1.84170473,0.55625,3628,559,39.6,1.32277644,0.55625,3627,383,39.6,1.18123579,0.55625,3659,751,39.6,1.48157859,0.55625,4950,2954,49.5,3.121102,0.55625,3559,271,39.6,1.068332,0.55625,3596,271,39.6,1.05677724,0.55625,68.87501,61.8750038,99.99748,512,-1,485.785156,485.480469,0.3046875,0.5,7618.451,7618.951,0,0,0,0,0,0,0,0,0,0,0,0,512,600,1200,3000,62,1.05500007,1.30500007,0,12,17,50,2835,10451.9824,1290,1289,40,40,42,32,0,0,43.828,50.928,1.09,11159.5977,365.515625,38.7382736,0,0,0,0.283912122,0,0,0,0,0,0,0,0,0,59.96875,62,16376,4915,11460,69.9840851,126.543,9.764966E+07,25399296
05/24/2026 16:32:59,80,25,0,45,76,76,76,76,76,88,12.0720005,5.02000046,1.30600011,1.39200008,1.04000008,0.368000031,0.574,3.27600026,2.046,0,3.36000013,3.36000013,3.104,68,51,54.5,52,1671,418,0,567,0,0,0,0,0,0,35.94,10.94,7.81,4.69,10.94,56.25,1.56,3.12,16.41,56.25,42.71924,3495,1044,3980,2007,39.8,2.20405722,0.55625,3943,1196,39.8,1.875461,0.55625,3038,519,33.1666679,1.29150534,0.55625,3018,376,33.1666679,1.16133964,0.55625,3061,711,33.1666679,1.4683367,0.55625,4975,3039,49.75,3.23190618,0.55625,2984,281,33.1666679,1.05953634,0.55625,2961,221,33.1666679,1.01347148,0.55625,69.00001,61.8750038,99.99748,512,-1,485.785156,485.480469,0.3046875,0.5,7618.451,7618.951,0,0,0,0,0,0,0,0,0,0,0,0,512,600,1200,3000,63,0.979000032,1.30500007,0,10,17,50,2835,10451.9824,1279,1278,39,39,42,32,0,0,44.356,42.108,1.09,11159.5977,365.515625,38.5704269,0,0,0,0.2699635,0,0,0,0,0,0,0,0,0,59.8125,62,16376,4915,11460,69.9840851,127.819,9.839923E+07,27799552
05/24/2026 16:33:01,81,25,0,45,76,76,76,76,76,88,12.0960007,5.02000046,1.30800009,1.39200008,1.04000008,0.36,0.574,3.28000021,2.046,0,3.364,3.364,3.108,69,51.5,54.5,52,1678,418,0,552,0,0,0,0,0,0,33.85,26.15,13.85,4.62,21.54,56.92,3.08,1.54,20.19,56.92,43.6051979,4096,1117,4925,2232,49.25,2.63354278,0.54375,4925,1393,49.25,2.157841,0.54375,3649,561,39.4,1.36062539,0.54375,3581,387,39.4,1.21952128,0.54375,3675,802,39.4,1.585157,0.54375,4925,3018,49.25,3.18681765,0.54375,3554,299,39.4,1.12417793,0.54375,3532,242,39.4,1.07342029,0.54375,69.12501,62.3750038,99.9974747,512,-1,485.785156,485.480469,0.3046875,0.5,7618.451,7618.951,0,0,0,0,0,0,0,0,0,0,0,0,512,600,1200,3000,63,1.04500008,1.30500007,0,22,17,50,2835,10451.9824,1272,1271,39,39,44,34,0,0,44.573,45.781,1.09,11159.5977,365.761719,38.791748,0,0,0,0.263373256,0,0,0,0,0,0.02139717,0,0,0,59.6875,62,16376,4915,11460,69.9840851,128.789,106999808,26099712
05/24/2026 16:33:03,82,25,0,45,78,78,78,78,78,88,12.0720005,5.02000046,1.30800009,1.39200008,1.044,0.364000022,0.574,3.27600026,2.046,0,3.364,3.364,3.108,68,51.5,54.5,52,1675,418,0,553,0,0,0,0,0,0,43.75,25,10.94,6.25,9.38,50,1.56,1.56,18.55,50,42.8539734,4072,1030,4850,2452,48.5,2.82346,0.55,4849,1371,48.5,2.04744458,0.55,4457,517,48.5,1.3167491,0.55,2961,414,32.3333321,1.211288,0.55,4441,685,48.5,1.44852972,0.55,3960,2341,39.6,2.51373553,0.6,3519,249,39.6,1.05681062,0.6,3543,214,39.6,1.01321852,0.6,68.87501,62.3750038,99.99748,512,-1,485.785156,485.480469,0.3046875,0.5,7618.451,7618.951,0,0,0,0,0,0,0,0,0,0,0,0,512,600,1200,3000,63,1.04500008,1.30500007,0,9,17,50,2835,10451.9824,1264,1261,39,39,44,34,0,0,43.998,44.724,1.09,11159.6055,369.5039,38.5761642,0,0,0,0.252638161,0,0,0,0,0,0.146476373,0,0,0,59.71875,62,16376,4915,11460,69.9840851,127.071,144849920,24349696
05/24/2026 16:33:05,80,25,0,45,76,76,76,76,76,87,12.0720005,5.02000046,1.30800009,1.39200008,1.044,0.358,0.574,3.27600026,2.046,0,3.364,3.364,3.108,68,51.5,54.5,52,1666,418,0,567,0,0,0,0,0,0,60,30.77,13.85,4.62,13.85,52.31,6.15,9.23,23.85,60,42.7168236,3722,1016,4925,2584,49.25,2.96822524,0.55,4854,1257,49.25,1.93893135,0.55,3583,521,39.4,1.31308007,0.55,2998,385,32.8333321,1.19201076,0.55,3635,697,39.4,1.46530044,0.55,3940,2247,39.4,2.43100262,0.55,2919,231,32.8333321,1.03754044,0.55,2923,209,32.8333321,1.00474572,0.55,68.62501,67,99.9974747,512,-1,485.785156,485.480469,0.3046875,0.5,7618.451,7618.951,0,0,0,0,0,0,0,0,0,0,0,0,512,600,1200,3000,62,1.06000006,1.30500007,0,13,16,50,2835,10451.9824,1255,1255,39,39,44,33,0,0,44.032,44.227,1.09,11159.6055,369.597656,38.29283,0,0,0,0.2520948,0,0,0,0,0,0,0,0,0,59.6875,62,16376,4915,11460,69.9840851,126.452,102699008,22349824
05/24/2026 16:33:07,80,25,0,45,76,76,76,76,76,87,12.0720005,5.02000046,1.30800009,1.39200008,1.042,0.362000018,0.574,3.28000021,2.046,0,3.364,3.364,3.108,68,51.5,54.5,52,1668,418,0,553,0,0,0,0,0,0,52.31,26.15,4.62,10.77,16.92,46.15,4.62,1.54,20.38,52.31,42.88043,3772,1028,4975,2279,49.75,2.71784,0.56875,3921,1234,39.8,1.92261553,0.56875,3663,538,39.8,1.31713808,0.56875,3038,401,33.1666679,1.19962239,0.56875,3671,714,39.8,1.49549079,0.56875,4950,2543,49.5,2.72308826,0.55625,2977,276,33,1.07526684,0.55625,2978,242,33,1.03833747,0.55625,68.50001,64.75,99.9974747,512,-1,485.785156,485.480469,0.3046875,0.5,7618.451,7618.951,0,0,0,0,0,0,0,0,0,0,0,0,512,600,1200,3000,63,1.06000006,1.30500007,0,14,16,50,2835,10451.9824,1247,1250,38,38,43,33,0,0,44.654,49.85,1.09,11159.6055,369.597656,37.97687,0,0,0,0.247083127,0,0,0,0,0,0,0,0,0,59.53125,62,16376,4915,11460,69.9840851,128.776,1.012992E+08,22649856
05/24/2026 16:33:09,80,25,0,45,76,76,76,76,76,87,12.0720005,5.01,1.30600011,1.39200008,1.042,0.352000028,0.574,3.27600026,2.046,0,3.364,3.364,3.108,68,51.5,54.5,52,1655,428,0,553,0,0,0,0,0,0,18.75,10.94,6.25,9.38,7.81,70.31,1.56,3.12,16.02,70.31,42.4319839,3816,1007,3980,1784,39.8,2.27588129,0.53125,4912,1273,49.25,2.01479769,0.5375,3571,528,39.4,1.330988,0.5375,3599,439,39.4,1.2400198,0.5375,3633,692,39.4,1.47374046,0.5375,4950,2819,49.5,2.91204834,0.5375,2915,280,33,1.09776664,0.5375,2967,239,33,1.0577811,0.5375,68.25001,61.8750038,99.99748,512,-1,485.785156,485.480469,0.3046875,0.5,7618.451,7618.951,0,0,0,0,0,0,0,0,0,0,0,0,512,600,1200,3000,63,1.005,1.30500007,0,8,16,50,2835,10451.9824,1240,1242,38,38,42,32,0,0,43.014,49.32,1.09,11159.6094,370.5547,36.23749,0,0,0,0.03270139,0,0,0,0,0,0,0,0,0,59.34375,62,16376,4915,11460,69.9840851,125.207,160349184,30199808
05/24/2026 16:33:11,80,25,0,45,76,76,76,76,76,87,12.0960007,5.02000046,1.30800009,1.39200008,1.044,0.37,0.574,3.28000021,2.046,0,3.364,3.364,3.108,68,51.5,54.5,52,1671,427,0,567,0,0,0,0,0,0,35.94,25,7.81,7.81,18.75,65.62,1.56,6.25,21.09,65.62,42.5414772,3785,1002,3940,1824,39.4,2.33363461,0.55625,4888,1255,49,2.01952553,0.54375,2960,478,32.6666679,1.28952956,0.54375,2934,349,32.6666679,1.1764071,0.54375,3622,694,39.2,1.48102582,0.54375,4900,2881,49,2.95151663,0.55,3490,280,39.2,1.09582758,0.55,3544,258,39.2,1.07366383,0.55,68.00001,63.2500038,99.99748,512,-1,485.785156,485.480469,0.3046875,0.5,7618.451,7618.951,0,0,0,0,0,0,0,0,0,0,0,0,512,600,1200,3000,62,1.04500008,1.30500007,0,12,17,50,2835,10451.9824,1232,1232,38,38,41,32,0,0,42.895,47.85,1.09,11159.6094,370.8047,35.7248,0,0,0,0.0330296978,0,0,0,0,0,0,0,0,0,59.3125,60,16376,4915,11460,69.9840851,123.526,116299776,30649344
05/24/2026 16:33:13,79,25,0,45,74,74,74,74,74,86,12.0720005,5.02000046,1.30600011,1.39200008,1.044,0.358,0.574,3.28000021,2.046,0,3.364,3.364,3.108,67,51.5,54.5,52,1666,427,0,553,0,0,0,0,0,0,41.54,27.69,13.85,9.23,15.38,52.31,3.08,1.54,20.58,52.31,42.58718,3901,990,5025,1820,50.25,2.348258,0.55,3971,1244,40.2,1.98199868,0.55,3664,553,40.2,1.336651,0.55,3641,392,40.2,1.21122134,0.55,3691,682,40.2,1.46412313,0.55,4020,2718,40.2,2.80080462,0.55,3565,259,40.2,1.08089888,0.55,3631,248,40.2,1.06083989,0.55,67.62501,61.8750038,99.99749,512,-1,485.785156,485.480469,0.3046875,0.5,7618.451,7618.951,0,0,0,0,0,0,0,0,0,0,0,0,512,600,1200,3000,62,1.06000006,1.30500007,0,14,17,51,2835,10451.9824,1224,1222,37,37,41,32,0,0,43.329,51.769,1.09,11159.6094,370.8047,35.7158775,0,0,0,0.03468381,0,0,0,0,0,0,0,0,0,59.15625,62,16376,4915,11460,69.9840851,123.978,1.171497E+08,31199232
05/24/2026 16:33:15,78,25,0,45,76,76,76,76,76,87,12.0720005,5.01,1.30600011,1.39200008,1.042,0.364000022,0.574,3.28000021,2.046,0,3.364,3.364,3.108,68,51.5,54.5,52,1643,427,0,553,0,0,0,0,0,0,43.08,16.92,7.69,9.23,6.15,66.15,3.08,1.54,19.23,66.15,43.0706558,3906,1034,5025,2488,50.25,2.994976,0.5375,3968,1189,40.2,1.97707367,0.5375,3665,468,40.2,1.28436923,0.5375,3645,357,40.2,1.17805243,0.5375,3732,716,40.2,1.49478877,0.5375,4020,2578,40.2,2.79907656,0.5375,3594,258,40.2,1.07682478,0.5375,3602,219,40.2,1.028166,0.525,68.75001,63.7500038,99.99748,512,-1,485.785156,485.480469,0.3046875,0.5,7618.451,7618.951,0,0,0,0,0,0,0,0,0,0,0,0,512,600,1200,3000,62,1.05000007,1.30500007,0,12,17,51,2835,10451.9824,1216,1214,37,37,42,32,0,0,44.053,52.911,1.09,11159.6094,370.8047,37.5990639,0,0,0,0.271060228,0,0,0,0,0,0,0,0,0,59.125,60,16376,4915,11460,69.9840851,127.472,103749632,27649024
05/24/2026 16:33:17,80,25,0,45,76,76,76,76,76,87,12.0720005,5.02000046,1.30600011,1.39200008,1.044,0.362000018,0.574,3.272,2.046,0,3.36000013,3.36000013,3.104,68,51,54.5,52,1655,427,0,567,0,0,0,0,0,0,57.81,21.88,9.38,6.25,17.19,49.21,4.69,3.12,21.19,57.81,43.1926765,3896,1014,5050,2556,50.5,2.996188,0.53125,4013,1312,40.4,2.03230715,0.53125,3656,502,40,1.30334485,0.51875,3628,345,40,1.159973,0.51875,3691,676,40,1.46956468,0.51875,4000,2275,40,2.58711123,0.51875,3576,232,40,1.04441333,0.51875,3558,213,40,1.00254965,0.51875,68.87501,66.125,99.99747,512,-1,485.785156,485.480469,0.3046875,0.5,7618.451,7618.951,0,0,0,0,0,0,0,0,0,0,0,0,512,600,1200,3000,62,1.04500008,1.30500007,0,16,17,50,2835,10451.9824,1211,1209,37,37,42,31,0,0,43.311,37.409,1.09,11159.6094,370.574219,37.60871,0,0,0,0.271580637,0,0,0,0,0,0.009191368,0,0,0,59.125,62,16376,4915,11460,69.9840851,126.217,1.044992E+08,2.514944E+07
05/24/2026 16:33:19,81,25,0,45,77,77,77,77,77,88,12.0720005,5.02000046,1.30800009,1.39200008,1.042,0.368000031,0.574,3.27600026,2.046,0,3.364,3.36000013,3.104,69,51,54.5,52,1680,418,0,552,0,0,0,0,0,0,60,29.23,9.23,16.92,15.38,47.69,1.54,0,22.5,60,43.47672,3922,1067,4850,2692,48.5,3.115971,0.525,4836,1267,48.5,1.97694528,0.525,3004,540,32.3333321,1.33566475,0.525,3041,450,32.3333321,1.25517,0.525,4529,787,48.5,1.5610559,0.525,5025,2296,50.25,2.53149962,0.6,3038,267,33.5,1.07627273,0.6,3057,240,33.5,1.02671885,0.6,69.00001,61.3750038,99.99749,512,-1,485.785156,485.480469,0.3046875,0.5,7618.451,7618.951,0,0,0,0,0,0,0,0,0,0,0,0,512,600,1200,3000,63,1.04000008,1.30500007,0,14,17,51,2835,10451.9824,1203,1200,37,37,42,31,0,0,43.492,46.82,1.09,11159.6172,372.9961,37.6307564,0,0,0,0.2672983,0,0,0,0,0,0.147915035,0,0,0,59.09375,60,16376,4915,11460,69.9840851,125.38,143549440,3.744973E+07
05/24/2026 16:33:21,81,25,0,45,76,76,76,76,76,87,12.0720005,5.01,1.30600011,1.388,1.046,0.36,0.574,3.28000021,2.046,0,3.364,3.36000013,3.108,68,51.5,54.5,52,1687,418,0,567,0,0,0,0,0,0,53.12,20.31,7.81,7.81,10.94,62.5,6.25,3.12,21.48,62.5,43.4233,3722,1067,3980,2090,39.8,2.51808643,0.55,3948,1299,39.8,1.98452711,0.55,3014,484,33.1666679,1.27982032,0.55,3012,387,33.1666679,1.20522308,0.55,3685,702,39.8,1.512988,0.55,4975,3016,49.75,3.23014617,0.54375,3568,303,39.8,1.11150968,0.54375,3591,258,39.8,1.05544209,0.54375,69.00001,61.8750038,99.9974747,512,-1,485.785156,485.480469,0.3046875,0.5,7618.451,7618.951,0,0,0,0,0,0,0,0,0,0,0,0,512,600,1200,3000,62,1.05000007,1.30500007,0,11,17,50,2835,10451.9824,1193,1193,36,36,42,31,0,0,43.974,44.069,1.09,11159.6172,372.9961,37.81455,0,0,0,0.260408163,0,0,0,0,0,0,0,0,0,59.09375,60,16376,4915,11460,69.9840851,126.916,142499840,3.494912E+07
05/24/2026 16:33:23,80,25,0,45,76,76,76,76,76,87,12.0960007,5.01,1.30600011,1.39200008,1.04000008,0.36,0.574,3.272,2.046,0,3.364,3.36000013,3.108,68,51,54.5,52,1690,418,0,567,0,0,0,0,0,0,51.56,23.44,7.81,7.81,10.94,57.81,3.12,4.69,20.9,57.81,43.2808723,3373,1052,5025,2082,50.25,2.496031,0.53125,3274,1185,33.5,1.88606,0.53125,3101,575,33.5,1.35264087,0.53125,3100,424,33.5,1.22775757,0.53125,3105,715,33.5,1.49019706,0.53125,3350,2902,33.5,3.11735559,0.53125,2998,280,33.5,1.070056,0.53125,3028,256,33.5,1.02785885,0.53125,69.00001,68.5,99.99748,512,-1,485.785156,485.480469,0.3046875,0.5,7618.451,7618.951,0,0,0,0,0,0,0,0,0,0,0,0,512,600,1200,3000,63,1.04000008,1.30500007,0,13,17,50,2835,10451.9824,1187,1186,36,36,42,31,0,0,44.295,43.931,1.09,11159.6172,372.9961,37.94245,0,0,0,0.2711505,0,0,0,0,0,0,0,0,0,58.9375,60,16376,4915,11460,69.9840851,127.351,143049728,3.614925E+07
05/24/2026 16:33:25,80,25,0,45,76,76,76,76,76,87,12.0720005,5.02000046,1.30600011,1.388,1.042,0.356,0.574,3.27600026,2.046,0,3.364,3.36000013,3.108,68,51,54.5,52,1657,418,0,566,0,0,0,0,0,0,45.31,35.94,7.81,4.76,12.5,53.12,3.12,4.69,20.91,53.12,42.73621,3834,1026,4925,2316,49.25,2.75193548,0.5625,4865,1265,49.25,1.9745096,0.55625,3623,511,39.4,1.28451717,0.55625,2997,377,32.8333321,1.18352425,0.55625,3648,697,39.4,1.459506,0.55625,4850,2613,48.5,2.82394385,0.60625,2887,233,32.3333321,1.03082538,0.60625,2877,195,32.3333321,0.9878883,0.60625,68.75001,61.3750038,99.99748,512,-1,485.785156,485.480469,0.3046875,0.5,7618.451,7618.951,0,0,0,0,0,0,0,0,0,0,0,0,512,600,1200,3000,63,1.04500008,1.30500007,0,14,16,50,2835,10451.9824,1179,1179,36,36,42,31,0,0,43.856,46.039,1.09,11159.6172,372.9961,37.7635269,0,0,0,0.275443375,0,0,0,0,0,0,0,0,0,58.96875,60,16376,4915,11460,69.9840851,125.615,142399488,3.644928E+07
05/24/2026 16:33:27,80,25,0,45,76,76,76,76,76,87,12.0720005,5.02000046,1.30600011,1.39200008,1.046,0.36,0.574,3.27600026,2.046,0,3.36000013,3.364,3.104,68,51,54.5,52,1657,418,0,552,0,0,0,0,0,0,54.69,23.44,6.25,4.69,12.5,51.56,0,1.56,19.34,54.69,42.7565575,3490,1014,4850,2542,48.5,2.99133372,0.56875,3168,1194,32.3333321,1.88692391,0.56875,3025,568,32.3333321,1.34314907,0.56875,2953,358,32.3333321,1.16015375,0.56875,3004,721,32.3333321,1.50345659,0.61875,4975,2285,49.75,2.57141471,0.63125,2962,246,33.1666679,1.049025,0.63125,2985,202,33.1666679,1.00041664,0.63125,68.75001,61.3750038,99.99749,512,-1,485.785156,485.480469,0.3046875,0.5,7618.451,7618.951,0,0,0,0,0,0,0,0,0,0,0,0,512,600,1200,3000,62,1.03000009,1.30500007,0,9,16,50,2835,10451.9824,1172,1171,36,36,42,32,0,0,44.557,47.876,1.09,11159.6172,372.9961,38.15616,0,0,0,0.27284,0,0,0,0,0,0,0,0,0,58.96875,60,16376,4915,11460,69.9840851,125.879,142099456,4.114944E+07
05/24/2026 16:33:29,80,25,0,45,76,76,76,76,76,87,12.0720005,5.02000046,1.30600011,1.39200008,1.042,0.362000018,0.574,3.27600026,2.046,0,3.364,3.364,3.108,68,51,54.5,52,1662,427,0,567,0,0,0,0,0,0,57.14,33.33,12.5,9.52,15.62,46.03,1.56,4.69,22.55,57.14,43.0853,3866,1046,5000,2626,50,3.11450052,0.55,4000,1341,40,2.04435825,0.55,3712,502,40,1.30985808,0.55,3687,395,40,1.20596218,0.55,3759,701,40.2,1.48486567,0.54375,4850,2268,48.5,2.55881834,0.60625,2955,289,32.3333321,1.0971967,0.60625,2968,246,32.3333321,1.05173326,0.60625,68.87501,63.7500038,99.99747,512,-1,485.785156,485.480469,0.3046875,0.5,7618.451,7618.951,0,0,0,0,0,0,0,0,0,0,0,0,512,600,1200,3000,62,1.06000006,1.30500007,0,17,17,50,2835,10451.9824,1165,1164,35,35,42,32,0,0,45.092,50.222,1.09,11159.6172,374.0586,37.86968,0,0,0,0.2647648,0,0,0,0,0,0.09781419,0,0,0,58.84375,60,16376,4915,11460,69.9840851,127.387,1.34699E+08,3.399987E+07
05/24/2026 16:33:31,81,25,0,45,76,76,76,76,76,87,12.0960007,5.01,1.30600011,1.39200008,1.05000007,0.354,0.574,3.28000021,2.046,0,3.364,3.36000013,3.108,68,51,54.5,52,1690,427,0,553,0,0,0,0,0,0,43.75,34.38,7.81,3.12,6.25,60.94,6.25,3.12,20.7,60.94,42.9405479,3968,1046,3900,1860,39,2.35424185,0.58125,4875,1248,48.75,2.003402,0.58125,3546,494,39,1.29277635,0.58125,3588,428,39,1.23227394,0.58125,3642,764,39,1.52009046,0.58125,4875,3043,48.75,3.27768636,0.58125,4390,292,48.75,1.09497547,0.58125,2926,239,32.5,1.03836215,0.58125,69.12501,62.2500038,99.99747,512,-1,485.785156,485.480469,0.3046875,0.5,7618.451,7618.951,0,0,0,0,0,0,0,0,0,0,0,0,512,600,1200,3000,63,1.05000007,1.30500007,0,14,17,50,2835,10451.9824,1157,1158,35,35,43,32,0,0,44.351,40.294,1.09,11159.6172,374.0586,38.1741447,0,0,0,0.266247183,0,0,0,0,0,0,0,0,0,58.8125,60,16376,4915,11460,69.9840851,126.832,124849152,29549568
05/24/2026 16:33:33,81,25,0,45,78,78,78,78,78,89,12.0720005,5.02000046,1.30600011,1.39200008,1.046,0.352000028,0.574,3.28000021,2.046,0,3.364,3.364,3.108,69,51,54.5,52,1694,428,0,553,0,0,0,0,0,0,59.38,32.81,15.62,12.5,18.75,53.12,12.5,6.25,26.37,59.38,43.06338,3806,1100,3940,2216,39.4,2.45816565,0.575,4908,1315,49.25,1.9912554,0.575,3642,570,39.4,1.34304011,0.575,3599,429,39.4,1.23395193,0.575,3647,776,39.4,1.51437664,0.575,4875,2978,48.75,3.189478,0.54375,2930,295,32.5,1.10209477,0.54375,2908,225,32.5,1.03769171,0.54375,69.12501,61.3750038,99.9974747,512,-1,485.785156,485.480469,0.3046875,0.5,7618.451,7618.951,0,0,0,0,0,0,0,0,0,0,0,0,512,600,1200,3000,62,1.05000007,1.30500007,0,13,17,49,2835,10451.9824,1152,1152,35,35,43,33,0,0,44.408,47.878,1.09,11159.6211,375.230469,38.1184158,0,0,0,0.281684041,0,0,0,0,0,0,0,0,0,58.84375,60,16376,4915,11460,69.9840851,125.28,148899840,9.419981E+07
05/24/2026 16:33:35,82,25,0,45,79,79,79,79,79,89,12.0960007,5.02000046,1.30600011,1.39200008,1.03200006,0.358,0.576000035,3.27600026,2.046,0,3.364,3.364,3.108,70,51.5,54.5,52,1699,428,0,568,0,0,0,0,0,0,60,27.69,12.31,4.62,26.15,67.69,6.15,9.23,26.73,67.69,44.178093,3914,1109,4975,2698,49.75,2.85499454,0.55625,3952,1166,39.8,1.84533525,0.55625,3678,510,39.8,1.26818609,0.55625,2975,329,33.1666679,1.09667325,0.55625,3651,687,39.4,1.42959154,0.55625,4975,2999,49.75,3.35054374,0.5625,3517,234,39.8,0.9902349,0.5625,3587,251,39.8,1.01020372,0.5625,71.00001,67,99.9974747,512,-1,485.785156,485.480469,0.3046875,0.5,7618.451,7618.951,0,0,0,0,0,0,0,0,0,0,0,0,512,600,1200,3000,62,1.04500008,1.30500007,0,10,16,49,2850,10451.9824,1146,1147,35,35,35,27,0,0,38.639,37.493,1.09,11159.6211,375.230469,29.9256725,0,0,0,0.216845274,0,0,0,0,0,0,0,0,0,58.46875,60,16376,4915,11460,69.9840851,113.47,204699648,6.919987E+07
05/24/2026 16:33:37,83,25,0,45,80,80,80,80,80,90,12.0720005,5.02000046,1.30800009,1.39200008,1.0480001,0.366000026,0.574,3.27600026,2.046,0,3.364,3.36000013,3.104,70,51,54.5,52,1729,419,0,554,0,0,0,0,0,0,70.31,40.62,6.25,3.12,21.88,57.81,3.12,4.69,25.98,70.31,43.3885651,3890,1111,3960,2660,39.6,3.029731,0.55625,4873,1431,49.5,2.02015519,0.55625,3626,520,39.6,1.31755662,0.55625,3598,380,39.6,1.18438566,0.55625,3711,804,39.6,1.5675106,0.55625,4875,2559,48.75,2.551855,0.55,3527,281,39,1.086636,0.55,2946,253,32.5,1.05380368,0.55,69.87501,61.3750038,99.99747,512,-1,485.785156,485.480469,0.3046875,0.5,7618.451,7618.951,0,0,0,0,0,0,0,0,0,0,0,0,512,600,1200,3000,62,1.05000007,1.30500007,0,13,17,49,2850,10451.9824,1138,1139,35,35,45,33,0,1,44.955,45.232,1.09,11159.6211,375.230469,37.99907,0,0,0,0.270062625,0,0,0,0,0,0,0,0,0,58.71875,60,16376,4915,11460,69.9840851,126.962,226749440,6.319923E+07
05/24/2026 16:33:39,84,25,0,45,80,80,80,80,80,90,12.0960007,5.02000046,1.30800009,1.39200008,1.03000009,0.356,0.574,3.28000021,2.046,0,3.364,3.364,3.108,71,51.5,54.5,52,1724,418,0,566,0,0,0,0,0,0,62.5,21.88,6.25,6.25,15.62,60.94,1.56,4.69,22.46,62.5,44.07191,3662,1103,3940,3245,39.4,3.47083545,0.575,3940,1144,39.4,1.82507014,0.575,3639,467,39.4,1.22389376,0.575,3550,340,39.4,1.0987016,0.575,4558,676,48.75,1.41469049,0.55625,3900,2490,39,2.75771856,0.55625,2873,244,32.5,1.00280893,0.55625,2892,217,32.5,0.9537825,0.55625,71.37501,61.3750038,99.9974747,512,-1,485.785156,485.480469,0.3046875,0.5,7618.451,7618.951,0,0,0,0,0,0,0,0,0,0,0,0,512,600,1200,3000,62,1.03000009,1.30500007,0,14,16,48,2670,10451.9824,1133,1134,34,34,32,25,0,0,39.678,34.538,0.975,11159.6211,375.230469,30.2011318,0,0,0,0.210235983,0,0,0,0,0,0,0,0,0,58.03125,60,16376,4915,11460,69.9840851,111.357,226249728,4.039987E+07
05/24/2026 16:33:41,84,25,0,45,82,82,82,82,82,91,12.0960007,5.02000046,1.30800009,1.39200008,1.042,0.36,0.576000035,3.27600026,2.046,0,3.364,3.364,3.108,71,51,54.5,52,1756,418,0,567,0,0,0,0,0,0,46.15,12.31,6.15,1.54,12.31,64.62,0,3.08,18.27,64.62,43.8290138,3861,1140,3940,2397,39.4,2.62736034,0.55625,3929,1299,39.4,1.98479581,0.55625,3647,555,39.4,1.34900057,0.55625,3609,366,39.4,1.19076777,0.55625,3711,767,39.6,1.5650661,0.56875,4950,3245,49.5,3.48978519,0.56875,3540,251,39.6,1.06574142,0.56875,3563,240,39.6,1.04334044,0.56875,71.50001,61.3750038,99.99748,512,-1,485.785156,485.480469,0.3046875,0.5,7618.451,7618.951,0,0,0,0,0,0,0,0,0,0,0,0,512,600,1200,3000,62,1.04000008,1.30500007,0,17,17,48,2850,10451.9824,1125,1125,34,34,45,33,0,1,44.04,42.247,1.09,11159.6211,376.0586,37.4763756,0,0,0,0.2621578,0,0,0,0,0,0.0200926065,0,0,0,58.28125,60,16376,4915,11460,69.9840851,104.287,142799872,4.079923E+07
05/24/2026 16:33:43,85,25,0,45,82,82,82,82,82,90,12.0720005,5.02000046,1.30800009,1.39200008,1.03800011,0.36,0.574,3.28000021,2.046,0,3.36800027,3.364,3.108,70,51,54.5,52,1746,417,0,553,0,0,0,0,0,0,42.19,26.56,10.94,3.12,7.81,57.81,1.56,6.25,19.53,57.81,43.3362236,3796,1116,4950,2380,49.5,2.51650548,0.55625,4912,1401,49.5,1.99578857,0.54375,3680,541,39.6,1.33652925,0.54375,3023,382,33,1.19383132,0.54375,3094,749,33,1.53490639,0.54375,4850,2960,48.5,3.16755223,0.54375,2899,244,32.3333321,1.05519438,0.54375,2963,274,32.3333321,1.07444441,0.54375,70.25001,66.125,99.99749,512,-1,485.785156,485.480469,0.3046875,0.5,7618.451,7618.951,0,0,0,0,0,0,0,0,0,0,0,0,512,600,1200,3000,62,1.04000008,1.30500007,0,10,17,49,2850,10451.9824,1117,1116,34,34,44,33,0,1,44.661,39.629,1.09,11159.6211,376.902344,38.2059364,0,0,0,0.263065875,0,0,0,0,0,0.0204088185,0,0,0,58.5,60,16376,4915,11460,69.9840851,127.166,2.611497E+08,6.769971E+07
05/24/2026 16:33:45,84,25,0,45,78,78,78,78,78,89,12.0960007,5.02000046,1.30800009,1.39200008,1.046,0.368000031,0.576000035,3.28000021,2.046,0,3.364,3.364,3.11200023,69,51.5,54.5,52,1736,418,0,552,0,0,0,0,0,0,58.73,12.7,11.11,6.35,17.46,47.62,3.17,4.76,20.24,58.73,43.51656,3764,1133,4950,2648,49.5,2.91202354,0.51875,4917,1335,49.5,1.9885931,0.51875,3043,578,33,1.357087,0.51875,3005,371,33,1.16503584,0.51875,3713,760,39.6,1.538138,0.51875,3960,2838,39.6,2.77173924,0.51875,2955,280,33,1.06530321,0.51875,3571,257,39.6,1.03517926,0.51875,69.37501,63.7500038,99.99748,512,-1,485.785156,485.480469,0.3046875,0.5,7618.451,7618.951,0,0,0,0,0,0,0,0,0,0,0,0,512,600,1200,3000,63,1.064,1.30500007,0,10,16,49,2850,10451.9824,1108,1105,33,33,44,33,0,0,43.381,48.954,1.09,11159.6211,376.902344,36.49664,0,0,0,0.219851166,0,0,0,0,0,0,0,0,0,58.5625,60,16376,4915,11460,69.9840851,126.848,134349824,3.674931E+07
05/24/2026 16:33:47,83,25,0,45,77,77,77,77,77,88,12.0720005,5.02000046,1.30600011,1.39200008,1.028,0.34800002,0.576000035,3.27600026,2.046,0,3.364,3.36000013,3.108,68,51,54.5,52,1726,428,0,566,0,0,0,0,0,0,53.12,18.75,6.25,10.94,14.06,34.38,0,4.69,17.77,53.12,42.2347527,4174,946,4975,2221,49.75,2.76400256,0.525,4975,1248,49.75,1.96101546,0.525,4681,480,49.75,1.266931,0.525,3679,371,39.8,1.16009235,0.525,3798,694,39.8,1.44582736,0.5375,3980,2043,39.8,2.4426856,0.5375,3656,275,39.8,1.07783175,0.5375,3652,240,39.8,1.030489,0.5375,68.12501,61.3750038,99.9974747,512,-1,485.785156,485.480469,0.3046875,0.5,7618.451,7618.951,0,0,0,0,0,0,0,0,0,0,0,0,512,600,1200,3000,62,0.995000064,1.30500007,0,13,17,49,2850,10451.9824,1102,1100,33,33,41,32,0,0,43.514,40.538,1.09,11159.6211,376.902344,36.3635941,0,0,0,0.0191139933,0,0,0,0,0,0,0,0,0,58.46875,60,16376,4915,11460,69.9840851,123.894,1.665495E+08,46749696
05/24/2026 16:33:49,82,25,0,45,74,74,74,74,74,86,12.0960007,5.02000046,1.30800009,1.39200008,1.028,0.354,0.576000035,3.27600026,2.046,0,3.364,3.364,3.11200023,67,51,54.5,52,1694,429,0,551,0,0,0,0,0,0,43.75,18.75,10.94,4.69,10.94,34.38,4.69,4.69,16.6,43.75,41.846962,4684,912,4850,2138,48.5,2.63342333,0.6375,4834,1151,48.5,1.836985,0.6375,4676,528,48.5,1.27896893,0.6125,4630,411,48.5,1.16676664,0.6125,4633,621,48.5,1.35778415,0.6125,4850,1945,48.5,2.28057933,0.6125,4507,268,48.5,1.04395223,0.6125,4493,232,48.5,1.00447834,0.6125,67.25001,61.3750038,99.99748,512,-1,485.785156,485.480469,0.3046875,0.5,7618.451,7618.951,0,0,0,0,0,0,0,0,0,0,0,0,512,600,1200,3000,62,1.064,1.30500007,0,7,16,49,2850,10451.9824,1095,1098,33,33,40,32,0,0,43.676,39.997,1.09,11159.6211,376.902344,35.9928,0,0,0,0.018551942,0,0,0,0,0,0,0,0,0,58.46875,60,16376,4915,11460,69.9840851,123.723,143949824,5.32992E+07
05/24/2026 16:33:51,81,25,0,45,74,74,74,74,74,86,12.0720005,5.02000046,1.30600011,1.39200008,1.028,0.350000024,0.574,3.27600026,2.046,0,3.364,3.364,3.108,67,51,54.5,52,1675,429,0,568,0,0,0,0,0,0,37.5,18.75,4.69,6.25,14.06,31.25,7.81,3.12,15.43,37.5,41.79139,4107,898,4850,2144,48.5,2.637672,0.61875,4831,1082,48.5,1.75675189,0.61875,4595,481,48.5,1.238933,0.61875,3085,406,32.3333321,1.16170406,0.61875,4614,626,48.5,1.36203468,0.61875,4850,1910,48.5,2.26807642,0.61875,3017,293,32.3333321,1.05246186,0.61875,3012,240,32.3333321,0.997710943,0.61875,67.00001,61.3750038,99.99747,512,-1,485.785156,485.480469,0.3046875,0.5,7618.451,7618.951,0,0,0,0,0,0,0,0,0,0,0,0,512,600,1200,3000,62,0.984,1.30500007,0,10,16,50,2850,10451.9824,1091,1097,33,33,40,32,0,0,44.047,40.688,1.09,11159.6211,376.902344,35.3655624,0,0,0,0.0171839017,0,0,0,0,0,0,0,0,0,58.5,60,16376,4915,11460,69.9840851,124.285,137299968,37899264
05/24/2026 16:33:53,80,25,0,45,72,72,72,72,72,85,12.0960007,5.02000046,1.30800009,1.39200008,1.034,0.350000024,0.576000035,3.28000021,2.046,0,3.364,3.364,3.108,66,51.5,54.5,52,1678,429,0,569,0,0,0,0,0,0,29.69,20.31,1.56,3.12,12.5,45.31,4.69,0,14.65,45.31,41.58292,4093,883,4850,1525,48.5,2.07791877,0.60625,4850,1222,48.5,1.881913,0.60625,4583,487,48.5,1.25177574,0.61875,3012,350,32.3333321,1.11111283,0.61875,4619,640,48.5,1.3769213,0.61875,4850,2335,48.5,2.66437,0.61875,2997,284,32.3333321,1.05516207,0.61875,2983,221,32.3333321,0.990849853,0.61875,66.75001,61.3750038,99.99749,512,-1,485.785156,485.480469,0.3046875,0.5,7618.451,7618.951,0,0,0,0,0,0,0,0,0,0,0,0,512,600,1200,3000,62,0.984,1.30500007,0,5,16,50,2850,10451.9824,1084,1087,33,33,41,33,0,0,44.295,40.003,1.09,11159.6211,376.902344,35.709713,0,0,0,0.0168968942,0,0,0,0,0,0,0,0,0,58.4375,60,16376,4915,11460,69.9840851,123.554,137649152,3.814912E+07
05/24/2026 16:33:55,78,25,0,45,72,72,72,72,72,85,12.0960007,5.02000046,1.30800009,1.39200008,1.03800011,0.350000024,0.576000035,3.28000021,2.046,0,3.36800027,3.364,3.108,66,51.5,54.5,52,1641,420,0,568,0,0,0,0,0,0,26.56,28.12,3.12,6.25,9.38,39.06,3.12,3.12,14.84,39.06,41.6151924,3876,902,3980,1551,39.8,2.10911322,0.5375,3976,1219,39.8,1.90084052,0.5375,3722,489,39.8,1.26388228,0.5375,3705,407,39.8,1.17390883,0.5375,4693,591,49.75,1.36077225,0.5375,4950,2460,49.5,2.75072527,0.53125,2988,277,33,1.05339217,0.53125,2993,224,33,1.00119781,0.53125,66.50001,60.8750038,99.99747,512,-1,485.785156,485.480469,0.3046875,0.5,7618.451,7618.951,0,0,0,0,0,0,0,0,0,0,0,0,512,600,1200,3000,62,1.05000007,1.30500007,0,10,17,50,2850,10451.9824,1078,1081,32,32,41,33,0,0,44.112,47.376,1.09,11159.6211,376.902344,34.39533,0,0,0,0.01736348,0,0,0,0,0,0,0,0,0,58.53125,60,16376,4915,11460,69.9840851,123.622,133199872,3.739955E+07
05/24/2026 16:33:57,77,25,0,45,72,72,72,72,72,85,12.0960007,5.02000046,1.30600011,1.39200008,1.034,0.358,0.576000035,3.28000021,2.046,0,3.364,3.364,3.108,67,51,54.5,52,1646,421,0,554,0,0,0,0,0,0,29.23,14.06,10.94,3.12,9.38,46.15,9.38,20,17.78,46.15,43.50869,3883,1128,4020,1828,40.2,2.36074662,0.53125,4020,1302,40.2,1.9857012,0.53125,3841,603,40.2,1.37488782,0.53125,3814,508,40.2,1.2894882,0.53125,3896,777,40.2,1.5331825,0.53125,5025,2744,50.25,2.9854598,0.53125,3101,363,33.5,1.15323615,0.53125,3350,897,33.5,1.56572,0.53125,67.50001,65.5,99.9974747,512,-1,485.785156,485.480469,0.3046875,0.5,7618.451,7618.951,0,0,0,0,0,0,0,0,0,0,0,0,512,600,1200,3000,62,1.05500007,1.30500007,0,12,16,50,2850,10451.9824,1074,1074,32,32,41,32,0,0,44.471,47.572,1.09,11159.6211,376.902344,32.5302849,0,0,0,0.0170067,0,0,0,0,0,0,0,0,0,58.625,60,16376,4915,11460,69.9840851,123.693,131999744,37049344
05/24/2026 16:33:59,78,25,0,45,74,74,74,74,74,86,12.0720005,5.02000046,1.30800009,1.39200008,1.03000009,0.352000028,0.576000035,3.28000021,2.046,0,3.36800027,3.364,3.108,67,51,54.5,52,1639,431,0,568,0,0,0,0,0,0,39.68,26.56,6.25,6.35,14.29,38.1,3.12,4.69,17.38,39.68,41.7119255,4129,925,5050,2146,50.5,2.654055,0.53125,4040,1283,40.4,1.97208107,0.53125,3816,497,40.4,1.27734351,0.53125,3776,352,40.4,1.135051,0.53125,3904,660,40.2,1.42753577,0.53125,5025,1967,50.25,2.32933664,0.53125,3700,260,40.2,1.05039275,0.53125,3719,233,40.2,1.02232528,0.53125,66.87501,62.8750038,99.99748,512,-1,485.785156,485.480469,0.3046875,0.5,7618.451,7618.951,0,0,0,0,0,0,0,0,0,0,0,0,512,600,1200,3000,61,0.995000064,1.30500007,0,12,17,49,2850,10451.9824,1068,1068,32,32,40,33,0,0,43.747,44.658,1.09,11159.6211,376.902344,33.2172546,0,0,0,0.0174150057,0,0,0,0,0,0,0,0,0,58.5625,60,16376,4915,11460,69.9840851,123.679,164099072,3.529933E+07
05/24/2026 16:34:01,78,25,0,45,72,72,72,72,72,85,12.0960007,5.02000046,1.30800009,1.39200008,1.028,0.352000028,0.576000035,3.28000021,2.046,0,3.364,3.364,3.108,66,51.5,54.5,52,1659,430,0,553,0,0,0,0,0,0,39.06,28.12,7.81,3.12,14.06,35.94,6.25,3.12,17.19,39.06,41.8249359,3930,922,4000,2373,40,2.848027,0.5375,4975,1218,49.75,1.91487694,0.55,3751,469,39.8,1.25452089,0.55,3690,357,39.8,1.13407445,0.55,3868,642,39.8,1.40689349,0.55,3980,1862,39.8,2.26689959,0.55,3593,253,39.8,1.02932572,0.55,3581,204,39.8,0.979808152,0.55,66.75001,61.2500038,99.9974747,512,-1,485.785156,485.480469,0.3046875,0.5,7618.451,7618.951,0,0,0,0,0,0,0,0,0,0,0,0,512,600,1200,3000,61,1.069,1.30500007,0,11,16,49,2850,10451.9824,1063,1061,32,32,40,33,0,0,43.244,46.511,1.09,11159.6211,377.1328,32.7577858,0,0,0,0.01573447,0,0,0,0,0,0.006603482,0,0,0,58.46875,60,16376,4915,11460,69.9840851,120.711,177849344,3.509965E+07
05/24/2026 16:34:03,77,25,0,45,72,72,72,72,72,85,12.0960007,5.02000046,1.30800009,1.39200008,1.03000009,0.356,0.576000035,3.28000021,2.046,0,3.364,3.364,3.108,66,51,54.5,52,1621,421,0,554,0,0,0,0,0,0,40.62,14.06,4.69,1.56,1.56,43.75,0,3.12,13.67,43.75,41.69343,3912,908,3980,2212,39.8,2.69221926,0.525,4975,1143,49.75,1.83859253,0.525,3729,464,39.8,1.2372483,0.525,3678,346,39.8,1.10909557,0.525,3797,610,39.2,1.37052965,0.525,3920,1970,39.2,2.356311,0.525,3572,267,39.2,1.03546417,0.525,3645,248,39.2,1.01258409,0.525,66.75001,60.8750038,99.99748,512,-1,485.785156,485.480469,0.3046875,0.5,7618.451,7618.951,0,0,0,0,0,0,0,0,0,0,0,0,512,600,1200,3000,62,0.995000064,1.30500007,0,8,16,49,2850,10451.9824,1058,1057,32,32,41,33,0,0,43.129,46.683,1.09,11159.6211,377.1328,31.9821529,0,0,0,0.0197059289,0,0,0,0,0,0,0,0,0,58.4375,60,16376,4915,11460,69.9840851,121.139,1.779497E+08,3.539968E+07
05/24/2026 16:34:05,77,25,0,45,72,72,72,72,72,85,12.0960007,5.02000046,1.30800009,1.39200008,1.03000009,0.358,0.576000035,3.28000021,2.046,0,3.364,3.364,3.108,66,51,54.5,52,1630,420,0,554,0,0,0,0,0,0,40.62,7.81,3.12,1.56,4.69,32.81,1.56,3.12,11.91,40.62,41.73532,4166,910,3960,2308,39.6,2.72961688,0.5375,4950,1131,49.5,1.82124865,0.5375,3709,468,39.6,1.23271465,0.5375,3675,362,39.6,1.13077414,0.5375,4830,614,49.5,1.37344837,0.5375,4950,1860,49.5,2.27226782,0.5375,3659,303,39.4,1.05872953,0.5375,3591,237,39.4,1.00522375,0.54375,66.50001,60.8750038,99.99748,512,-1,485.785156,485.480469,0.3046875,0.5,7618.451,7618.951,0,0,0,0,0,0,0,0,0,0,0,0,512,600,1200,3000,62,0.989,1.30500007,0,10,17,49,2850,10451.9824,1054,1054,32,32,40,33,0,0,43.576,47.272,1.09,11159.6211,377.1328,33.6394157,0,0,0,0.0200806484,0,0,0,0,0,0,0,0,0,58.53125,60,16376,4915,11460,69.9840851,122.928,176599040,3.464909E+07
05/24/2026 16:34:07,77,25,0,45,72,72,72,72,72,85,12.0720005,5.02000046,1.30800009,1.39200008,1.03800011,0.364000022,0.576000035,3.28000021,2.046,0,3.36800027,3.364,3.11200023,66,51.5,54.5,52,1628,421,0,567,0,0,0,0,0,0,34.38,20.31,10.94,4.69,14.06,53.12,0,0,17.19,53.12,41.87266,3688,920,4850,1978,48.5,2.34148216,0.6,4850,1228,48.5,1.933594,0.6,3027,465,32.3333321,1.24953949,0.6,2952,357,32.3333321,1.13542044,0.6,3140,600,32.3333321,1.37265182,0.6,4850,2266,48.5,2.681384,0.6,2916,250,32.3333321,1.02723908,0.6,2920,216,32.3333321,0.9917874,0.6,66.62501,60.8750038,99.99748,512,-1,485.785156,485.480469,0.3046875,0.5,7618.451,7618.951,0,0,0,0,0,0,0,0,0,0,0,0,512,600,1200,3000,62,0.979000032,1.30500007,0,8,16,48,2715,10451.9824,1046,1048,31,31,38,30,0,0,36.232,33.808,1,11159.6211,377.1328,33.5349236,0,0,0,0.0191403124,0,0,0,0,0,0,0,0,0,57.9375,60,16376,4915,11460,69.9840851,111.727,103649280,5.064909E+07
05/24/2026 16:34:09,77,25,0,45,72,72,72,72,72,85,12.0960007,5.02000046,1.30600011,1.39200008,1.02200007,0.352000028,0.576000035,3.28000021,2.046,0,3.36800027,3.364,3.108,66,51,54.5,52,1639,430,0,553,0,0,0,0,0,0,53.12,29.69,9.38,4.69,9.38,39.06,4.69,3.12,19.14,53.12,41.6009979,3699,906,4850,1858,48.5,2.21210623,0.54375,4850,1232,48.5,1.87347484,0.54375,3024,443,32.3333321,1.204496,0.6125,2967,365,32.3333321,1.12791252,0.6125,3193,591,32.3333321,1.35956287,0.6125,4850,2260,48.5,2.64087224,0.6125,2933,281,32.3333321,1.03295708,0.6125,2922,214,32.3333321,0.97127223,0.6125,66.62501,61.3750038,99.99747,512,-1,485.785156,485.480469,0.3046875,0.5,7618.451,7618.951,0,0,0,0,0,0,0,0,0,0,0,0,512,600,1200,3000,62,1.06000006,1.30500007,0,7,16,48,2745,10451.9824,1042,1042,31,31,40,33,0,0,36.127,36.47,1.025,11159.6211,377.1328,35.641613,0,0,0,0.0178544652,0,0,0,0,0,0,0,0,0,57.65625,60,16376,4915,11460,69.9840851,102.687,9.039974E+07,3.444941E+07
05/24/2026 16:34:11,77,25,0,45,72,72,72,72,72,85,12.0960007,5.02000046,1.30800009,1.39200008,1.02200007,0.356,0.576000035,3.28000021,2.046,0,3.364,3.364,3.108,66,51,54.5,52,1615,431,0,569,0,0,0,0,0,0,28.12,23.44,6.25,4.69,1.56,39.06,7.81,3.12,14.26,39.06,41.1467056,3931,876,3960,1853,39.6,2.20590973,0.51875,4950,1183,49.5,1.80028772,0.51875,3824,427,40.2,1.18022752,0.53125,3696,360,40.2,1.10878372,0.53125,4020,587,40.2,1.34280932,0.53125,4975,2087,49.75,2.45352244,0.51875,3017,271,33.1666679,1.01960444,0.51875,3004,237,33.1666679,0.983582437,0.51875,66.37501,62.7500038,99.99747,512,-1,485.785156,485.480469,0.3046875,0.5,7618.451,7618.951,0,0,0,0,0,0,0,0,0,0,0,0,512,600,1200,3000,62,0.830000043,1.30500007,0,2,16,48,2745,10451.9824,1036,1034,31,31,40,33,0,0,38.133,37.119,1.025,11159.6211,377.1328,35.770298,0,0,0,0.01715491,0,0,0,0,0,0,0,0,0,57.875,60,16376,4915,11460,69.9840851,108.081,121149440,3.389952E+07
05/24/2026 16:34:13,77,25,0,45,72,72,72,72,72,85,12.0960007,5.02000046,1.30800009,1.39200008,1.028,0.34800002,0.576000035,3.28400016,2.046,0,3.36800027,3.364,3.108,66,51,54.5,52,1639,422,0,569,0,0,0,0,0,0,37.5,25,6.25,6.25,3.12,45.31,3.12,1.56,16.02,45.31,41.3233147,4314,895,4850,2109,48.5,2.43947577,0.61875,4850,1177,48.5,1.83402348,0.61875,4594,461,48.5,1.21113491,0.61875,4594,427,48.5,1.17265177,0.61875,4850,631,48.5,1.3798,0.61875,4850,1910,48.5,2.30465627,0.61875,2947,232,32.3333321,0.9923741,0.61875,2975,216,32.3333321,0.967520058,0.61875,66.25001,60.8750038,99.9975,512,-1,485.785156,485.480469,0.3046875,0.5,7618.451,7618.951,0,0,0,0,0,0,0,0,0,0,0,0,512,600,1200,3000,62,1.069,1.30500007,0,8,16,48,2700,10451.9824,1030,1031,31,31,40,32,0,0,35.214,34.876,0.995,11160.5586,377.1328,35.65471,0,0,0,0.0169583,0,0,0,0,0,0.0147691565,0,0,0,57.5,60,16376,4914,11461,69.9898148,103.733,130599936,40549376
05/24/2026 16:34:15,77,25,0,45,72,72,72,72,72,85,12.0720005,5.02000046,1.30800009,1.39200008,1.026,0.350000024,0.576000035,3.28000021,2.046,0,3.364,3.364,3.108,66,51,54.5,52,1621,422,0,568,0,0,0,0,0,0,45.31,15.62,10.94,4.69,9.38,32.81,0,0,14.84,45.31,41.219532,3458,894,5025,2266,50.25,2.60112667,0.5375,3350,1208,33.5,1.8469491,0.5375,3225,452,33.5,1.2005161,0.5375,3185,393,33.5,1.13317335,0.5375,3350,627,33.5,1.37031853,0.5375,3350,1711,33.5,2.11875224,0.5375,3116,278,33.6666679,1.02777708,0.5375,3065,215,33.6666679,0.962805,0.5375,66.25001,60.8750038,99.99748,512,-1,485.785156,485.480469,0.3046875,0.5,7618.451,7618.951,0,0,0,0,0,0,0,0,0,0,0,0,512,600,1200,3000,62,1.069,1.30500007,0,14,16,48,2670,10451.9824,1024,1025,31,31,39,32,0,0,34.45,36.818,0.975,11160.543,370.585938,35.48729,0,0,0,0.0194591787,0,0,0,0,0,0.230514124,0,0,0,57.34375,60,16376,4914,11461,69.9898148,101.439,6.694912E+07,3.504947E+07
05/24/2026 16:34:17,77,25,0,45,72,72,72,72,72,85,12.0960007,5.02000046,1.30800009,1.39200008,1.016,0.356,0.576000035,3.28000021,2.046,0,3.364,3.364,3.108,66,51,54.5,52,1646,431,0,555,0,0,0,0,0,0,46.15,20,12.31,4.62,9.23,23.08,1.54,3.08,15,46.15,41.50119,3985,918,5000,2385,50,2.74760079,0.56875,4000,1207,40,1.84813428,0.56875,3839,506,40,1.261754,0.56875,3704,329,40,1.07736254,0.56875,3993,642,40,1.38764107,0.56875,4000,1775,40,2.22751045,0.56875,3696,269,40,1.025399,0.56875,3651,228,40,0.98078084,0.56875,66.50001,64.75,99.99748,512,-1,485.785156,485.480469,0.3046875,0.5,7618.451,7618.951,0,0,0,0,0,0,0,0,0,0,0,0,512,600,1200,3000,62,1.06000006,1.30500007,0,15,16,47,2670,10451.9824,1018,1015,30,30,40,31,0,0,35.266,31.189,0.975,11161.48,370.605469,36.509964,0,0,0,0.0410319231,0,0,0,0,0,0.04559213,0,0,0,57.28125,60,16376,4913,11462,69.99554,98.672,120549376,2.939904E+07
05/24/2026 16:34:19,77,25,0,45,74,74,74,74,74,86,12.0720005,5.02000046,1.30800009,1.39200008,1.03200006,0.356,0.576000035,3.28000021,2.046,0,3.364,3.364,3.108,67,51,54.5,52,1630,431,0,568,0,0,0,0,0,0,53.97,28.57,7.94,4.76,15.87,26.98,3.17,3.17,18.06,53.97,42.13475,3842,926,4000,2578,40,2.93997121,0.525,5000,1263,50,1.95116234,0.525,3774,445,40.2,1.22897625,0.53125,3053,324,33.5,1.09328413,0.53125,3873,562,40.2,1.34448993,0.53125,5025,1811,50.25,2.350215,0.53125,3009,241,33.5,1.01451445,0.53125,3006,188,33.5,0.954894662,0.53125,67.62501,63.6250038,99.99749,512,-1,485.785156,485.480469,0.3046875,0.5,7618.451,7618.951,0,0,0,0,0,0,0,0,0,0,0,0,512,600,1200,3000,62,1.05000007,1.30500007,0,15,16,49,2850,10451.9824,1008,1007,30,30,42,32,0,0,45.442,38.325,1.09,11161.48,370.980469,37.735302,0,0,0,0.27512008,0,0,0,0,0,0,0,0,0,58.375,60,16376,4913,11462,69.99554,126.727,117399552,28749824
05/24/2026 16:34:21,78,25,0,45,74,74,74,74,74,86,12.0960007,5.02000046,1.30800009,1.39200008,1.03200006,0.352000028,0.576000035,3.28000021,2.046,0,3.364,3.364,3.108,67,51,54.5,52,1673,430,0,551,0,0,0,0,0,0,35.94,28.12,9.38,6.25,7.81,48.44,1.56,1.56,17.38,48.44,42.2683525,3886,944,4950,2119,49.5,2.53662968,0.5375,3940,1222,39.4,1.95368266,0.55,3730,446,39.4,1.22454453,0.55,3615,299,39.4,1.0745492,0.55,3911,662,39.4,1.407188,0.55,4975,2376,49.75,2.84239,0.55,2996,232,33.1666679,1.0008713,0.55,2971,199,33.1666679,0.9694462,0.55,67.75001,61.7500038,99.9974747,512,-1,485.785156,485.480469,0.3046875,0.5,7618.451,7618.951,0,0,0,0,0,0,0,0,0,0,0,0,512,600,1200,3000,62,1.05500007,1.30500007,0,12,17,49,2850,10451.9824,1001,1002,30,30,40,31,0,0,44.944,38.077,1.09,11161.48,370.980469,37.66067,0,0,0,0.263407916,0,0,0,0,0,0,0,0,0,58.5,60,16376,4913,11462,69.99554,128.472,117199872,28449792
05/24/2026 16:34:23,78,25,0,45,74,74,74,74,74,86,12.0960007,5.02000046,1.30800009,1.39200008,1.03000009,0.356,0.576000035,3.28000021,2.046,0,3.364,3.364,3.108,67,51.5,54.5,52,1668,422,0,551,0,0,0,0,0,0,35.94,34.38,7.81,3.12,10.94,46.88,1.56,0,17.58,46.88,42.0742645,4188,948,5000,1960,50,2.356494,0.525,5000,1450,50,2.11191559,0.525,4790,464,49.5,1.210315,0.525,3657,334,39.6,1.08936107,0.525,3960,616,39.6,1.36045384,0.525,5025,2283,50.25,2.73070645,0.54375,3042,247,33.5,1.00523531,0.54375,3034,230,33.5,0.979763448,0.54375,67.62501,60.8750038,99.99749,512,-1,485.785156,485.480469,0.3046875,0.5,7618.451,7618.951,0,0,0,0,0,0,0,0,0,0,0,0,512,600,1200,3000,62,1.064,1.30500007,0,10,17,50,2850,10451.9824,998,999,30,30,40,31,0,0,43.953,37.517,1.09,11161.48,370.980469,36.910038,0,0,0,0.253119737,0,0,0,0,0,0,0,0,0,58.625,60,16376,4913,11462,69.99554,126.706,116349952,28299264
05/24/2026 16:34:25,78,25,0,45,74,74,74,74,74,86,12.0960007,5.02000046,1.30800009,1.39200008,1.026,0.362000018,0.576000035,3.28000021,2.046,0,3.364,3.364,3.108,67,51.5,54.5,52,1650,422,0,567,0,0,0,0,0,0,39.06,26.56,15.62,6.25,12.5,51.56,4.69,6.25,20.31,51.56,41.77191,4681,899,4850,1794,48.5,2.164327,0.6125,4850,1203,48.5,1.83078086,0.6125,4617,461,48.5,1.18729746,0.6125,4537,365,48.5,1.104667,0.6125,4850,612,48.5,1.33109283,0.6125,4850,2272,48.5,2.75121522,0.6125,4468,279,48.5,1.01832211,0.6125,4429,208,48.5,0.95120424,0.6125,67.50001,60.8750038,99.99749,512,-1,485.785156,485.480469,0.3046875,0.5,7618.451,7618.951,0,0,0,0,0,0,0,0,0,0,0,0,512,600,1200,3000,61,1.04500008,1.30500007,0,17,17,50,2850,10451.9824,999,999,30,30,40,30,0,0,44.167,38.604,1.09,11161.48,370.980469,36.77444,0,0,0,0.243827716,0,0,0,0,0,0,0,0,0,58.75,60,16376,4913,11462,69.99554,127.42,7.90999E+07,4.134912E+07
05/24/2026 16:34:27,78,25,0,45,74,74,74,74,74,86,12.0720005,5.02000046,1.30800009,1.39200008,1.024,0.350000024,0.576000035,3.28000021,2.046,0,3.364,3.364,3.108,67,51.5,54.5,52,1650,432,0,552,0,0,0,0,0,0,42.19,34.38,14.06,12.5,15.62,42.19,6.25,4.69,21.48,42.19,41.96011,3989,926,5000,2321,50,2.72226262,0.54375,4000,1274,40,1.93099773,0.54375,3846,460,40,1.21502626,0.54375,3764,384,40,1.13666809,0.54375,3994,614,40,1.35773373,0.54375,4000,1900,40,2.375548,0.54375,3676,250,40,1.01268518,0.54375,3632,202,40,0.95470506,0.54375,67.50001,63.3750038,99.99748,512,-1,485.785156,485.480469,0.3046875,0.5,7618.451,7618.951,0,0,0,0,0,0,0,0,0,0,0,0,512,600,1200,3000,62,1.064,1.30500007,0,16,16,49,2850,10451.9824,1001,1001,30,30,40,30,0,0,44.695,40.74,1.09,11161.48,371.230469,37.123806,0,0,0,0.24685882,0,0,0,0,0,0.0299691167,0,0,0,58.6875,60,16376,4913,11462,69.99554,128.727,122699776,2.899968E+07
05/24/2026 16:34:29,80,25,0,45,76,76,76,76,76,87,12.0960007,5.02000046,1.30600011,1.39200008,1.0660001,0.366000026,0.576000035,3.28000021,2.046,0,3.36800027,3.364,3.108,68,51.5,54.5,52,1664,431,0,568,0,0,0,0,0,0,59.42,7.25,1.45,1.45,1.45,39.13,0,0,13.77,59.42,39.3128967,3733,698,5050,3159,50.5,3.07677674,0.53125,3785,157,40.4,0.249373361,0.53125,3443,35,40.4,0.08809354,0.53125,3315,19,40.4,0.0625402257,0.53125,3474,53,40.4,0.128743812,0.53125,4040,2119,40.4,1.87310934,0.53125,3287,16,40.4,0.04761007,0.53125,3467,27,40.4,0.0460167229,0.53125,70.75001,60.8750038,99.99748,512,-1,485.785156,485.480469,0.3046875,0.5,7618.451,7618.951,0,0,0,0,0,0,0,0,0,0,0,0,512,600,1200,3000,62,1.05000007,1.30500007,0,8,17,46,2850,10451.9824,1002,1000,30,30,0,0,0,0,18.905,20.245,1.09,10400.4414,366.972656,0.5796526,0,0,0,0.0008506762,0,0,0,0,0,0.6257371,0,0,0,57,56,16376,5674,10701,65.34906,68.708,399360,349184
05/24/2026 16:34:31,80,25,0,45,80,80,80,80,80,91,12.0960007,5.02000046,1.30600011,1.39200008,1.062,0.352000028,0.576000035,3.28000021,2.046,0,3.364,3.364,3.108,76,51,54.5,52,1692,422,0,567,0,0,0,0,0,0,47.54,9.84,1.64,6.56,4.92,60.66,1.64,1.64,16.8,60.66,40.7789955,3955,729,3900,2308,39,2.99531627,0.55625,3753,265,39,0.96792,0.55625,4700,96,49.25,0.215796292,0.575,3555,72,39.4,0.188132972,0.575,3741,133,39.4,0.242647409,0.575,4925,2860,49.25,3.1688292,0.575,3539,49,39.4,0.141438156,0.575,3527,50,39.4,0.129286662,0.55,77.00001,62.3750038,99.99751,512,-1,485.785156,485.480469,0.3046875,0.5,7618.451,7618.951,0,0,0,0,0,0,0,0,0,0,0,0,512,600,1200,3000,61,1.05500007,1.30500007,0,8,16,45,2670,10451.9824,1001,1000,30,30,0,1,0,0,16.469,18.185,0.975,9258.051,450.296875,0,0,0,0,0.152145252,0,0,0,0,0,0.2021336,0,0,0,56.0625,56,16376,6816,9559,58.3722725,47.447,4.18139955E+09,347449344
05/24/2026 16:34:33,82,25,0,45,84,84,84,84,84,93,12.048,5.01,1.30600011,1.39200008,1.036,0.354,0.576000035,3.28000021,2.046,0,3.364,3.364,3.108,74,51,54.5,52,1709,422,0,551,0,0,0,0,0,0,39.06,23.44,7.81,6.25,14.06,48.44,3.12,4.69,18.36,48.44,42.384388,4117,961,5025,1886,50.25,2.11370468,0.5375,4000,1038,40,1.712975,0.50625,3838,491,40,1.17917955,0.50625,3801,401,40,1.06040442,0.50625,3855,674,40,1.39274943,0.50625,5000,2777,50,2.70598531,0.50625,3688,217,40,0.873989165,0.50625,3729,206,40,0.8404219,0.50625,73.75001,60.8750038,99.99748,512,-1,485.785156,485.480469,0.3046875,0.5,7618.451,7618.951,0,0,0,0,0,0,0,0,0,0,0,0,512,600,1200,3000,62,1.06000006,1.30500007,0,7,16,55,2835,10451.9824,998,998,30,30,99,59,0,1,81.217,82.346,1.09,11107.2422,414.6914,83.43874,0,0,0,0.612062633,0,0,0,0,0,0.5505764,0,0,0,64.09375,60,16376,4967,11408,69.66376,163.947,2.282496E+08,56749056
05/24/2026 16:34:35,83,25,0,45,85,85,85,84,84,91,12.0720005,5.02000046,1.30800009,1.39200008,1.04000008,0.350000024,0.576000035,3.28400016,2.046,0,3.36800027,3.364,3.108,71,51,54.5,52,1729,431,0,551,0,0,0,0,0,0,30.77,20,12.31,6.15,9.23,64.62,1.54,3.08,18.46,64.62,43.5411949,3679,1086,3900,2154,39,2.55761719,0.575,4875,1302,48.75,2.00580287,0.575,3005,537,32.5,1.33761334,0.575,3006,348,32.5,1.16462386,0.575,3677,739,39,1.54493892,0.575,4950,3128,49.5,3.45482087,0.58125,3005,261,33,1.05866075,0.58125,3014,221,33,1.00904965,0.58125,71.62501,66,99.9975,512,-1,485.785156,485.480469,0.3046875,0.5,7618.451,7618.951,0,0,0,0,0,0,0,0,0,0,0,0,512,600,1200,3000,62,1.05500007,1.30500007,0,13,17,51,2835,10451.9824,999,1000,30,30,44,32,0,0,46.348,40.81,1.09,11072.8945,371.097656,55.0496178,0,0,0,0.277440965,0,0,0,0,0,1.280793,0,0,0,59.375,62,16376,5002,11373,69.45461,181.964,149899264,24049664
05/24/2026 16:34:37,84,25,0,45,82,82,82,82,82,91,12.0720005,5.02000046,1.30800009,1.39200008,1.0480001,0.366000026,0.578,3.28400016,2.046,0,3.36800027,3.364,3.11200023,71,51,54.5,52,1762,431,0,567,0,0,0,0,0,0,71.88,42.19,12.5,9.38,17.19,45.31,4.69,4.69,25.98,71.88,43.4943542,3870,1063,5025,3113,50.25,3.59358764,0.54375,4020,1354,40.2,2.12644434,0.54375,3739,553,40.2,1.36238766,0.54375,3675,333,40.2,1.15113664,0.54375,3781,728,40.2,1.537072,0.54375,4850,1997,48.5,2.60199738,0.54375,2926,217,32.3333321,1.03987026,0.54375,2940,206,32.3333321,1.01435268,0.54375,71.12501,61.3750038,99.99746,512,-1,485.785156,485.480469,0.3046875,0.5,7618.451,7618.951,0,0,0,0,0,0,0,0,0,0,0,0,512,600,1200,3000,62,1.064,1.30500007,0,14,16,50,2835,10451.9824,1000,999,30,30,42,31,0,0,45.585,38.59,1.09,11328.2656,371.472656,38.59642,0,0,0,0.248117447,0,0,0,0,0,0,0,0,0,59.125,60,16376,4746,11629,71.01405,131.748,9.744998E+07,25399296
05/24/2026 16:34:39,84,25,0,45,80,80,80,80,80,90,12.0960007,5.03,1.30800009,1.39200008,1.034,0.34800002,0.576000035,3.28000021,2.046,0,3.36800027,3.364,3.108,70,51,54.5,52,1754,421,0,552,0,0,0,0,0,0,68.75,20.31,4.69,3.12,9.38,35.94,0,0,17.77,68.75,42.0611076,4092,945,3233,2898,32.3333321,3.34216952,0.64375,4850,1168,48.5,1.8310883,0.64375,4573,451,48.5,1.2126497,0.64375,4592,352,48.5,1.10666668,0.64375,4690,657,48.5,1.37694037,0.61875,4850,1653,48.5,2.14428067,0.61875,2992,201,32.3333321,0.966049433,0.61875,2954,178,32.3333321,0.930202544,0.61875,70.00001,60.8750038,99.99746,512,-1,485.785156,485.480469,0.3046875,0.5,7618.451,7618.951,0,0,0,0,0,0,0,0,0,0,0,0,512,600,1200,3000,62,0.989,1.30500007,0,15,16,50,2835,10451.9824,1002,1000,30,30,42,31,0,0,45.046,39.053,1.09,11328.2656,371.472656,37.4017029,0,0,0,0.214692891,0,0,0,0,0,0,0,0,0,59.03125,60,16376,4746,11629,71.01405,129.365,8.474931E+07,20149248
05/24/2026 16:34:41,83,25,0,45,77,77,77,77,77,88,12.0720005,5.02000046,1.30800009,1.39200008,1.028,0.352000028,0.578,3.28000021,2.046,0,3.364,3.364,3.108,68,51,54.5,52,1726,422,0,565,0,0,0,0,0,0,50.79,9.52,4.69,4.69,12.7,33.33,1.56,0,14.66,50.79,41.0463753,4018,859,5025,2288,50.25,2.733624,0.54375,4020,1023,40.2,1.69623184,0.54375,3902,495,40.2,1.22076237,0.54375,3826,348,40.2,1.080703,0.54375,3973,708,40.2,1.42532063,0.54375,4020,1596,40.2,2.06588316,0.54375,3733,245,40.2,0.974425137,0.54375,3648,169,40.2,0.89768517,0.54375,68.37501,65.625,99.99747,512,-1,485.785156,485.480469,0.3046875,0.5,7618.451,7618.951,0,0,0,0,0,0,0,0,0,0,0,0,512,600,1200,3000,62,0.979000032,1.30500007,0,7,16,50,2835,10451.9824,1001,1000,30,30,42,31,0,0,45.391,40.202,1.09,11328.2656,371.472656,38.1640663,0,0,0,0.216960013,0,0,0,0,0,0,0,0,0,59.0625,60,16376,4746,11629,71.01405,131.14,4.619981E+07,18399232
05/24/2026 16:34:43,82,25,0,45,75,75,75,74,74,86,12.0960007,5.02000046,1.30800009,1.39200008,1.03200006,0.356,0.578,3.28000021,2.046,0,3.36800027,3.364,3.11200023,67,51,54.5,52,1739,431,0,567,0,0,0,0,0,0,46.15,31.25,6.25,4.62,25,41.54,3.08,3.08,20.12,46.15,41.15131,3510,898,4000,1747,40,2.26177764,0.5375,3333,1171,33.3333321,1.86184406,0.5375,3230,491,33.3333321,1.23251557,0.5375,3123,290,33.3333321,1.04286063,0.5375,3333,763,33.3333321,1.48401177,0.5375,5000,2351,50,2.772881,0.5375,3052,192,33.3333321,0.9434652,0.5375,3008,180,33.3333321,0.92456,0.5375,67.62501,60.5000038,99.99747,512,-1,485.785156,485.480469,0.3046875,0.5,7618.451,7618.951,0,0,0,0,0,0,0,0,0,0,0,0,512,600,1200,3000,62,0.995000064,1.30500007,0,10,16,51,2835,10451.9824,1000,999,30,30,42,30,0,0,45.62,49.538,1.09,11328.2656,371.472656,37.7326965,0,0,0,0.232676432,0,0,0,0,0,0,0,0,0,59.09375,60,16376,4746,11629,71.01405,133.094,8.714957E+07,21049344
05/24/2026 16:34:45,80,25,0,45,74,74,74,74,74,86,12.0960007,5.02000046,1.30800009,1.39200008,1.016,0.354,0.578,3.28000021,2.046,0,3.364,3.364,3.108,67,51,54.5,51.5,1702,432,0,551,0,0,0,0,0,0,32.81,20.31,4.69,4.69,25,39.06,4.69,0,16.41,39.06,41.3036537,3874,877,4020,1701,40.2,2.1928823,0.55,4020,1097,40.2,1.72529292,0.55,3885,494,40.2,1.22469664,0.55,3846,345,40.2,1.07779551,0.55,4020,731,40.2,1.43802464,0.55,5000,2243,50,2.68388939,0.55,3080,226,33.3333321,0.958687,0.55,3121,182,33.3333321,0.907261848,0.55,67.25001,60.8750038,99.99749,512,-1,485.785156,485.480469,0.3046875,0.5,7618.451,7618.951,0,0,0,0,0,0,0,0,0,0,0,0,512,600,1200,3000,61,0.989,1.30500007,0,5,16,51,2835,10451.9824,1001,999,30,30,42,30,0,0,45.793,47.237,1.09,11328.2656,372.019531,37.6309166,0,0,0,0.229331,0,0,0,0,0,0,0,0,0,59.09375,60,16376,4746,11629,71.01405,131.196,8.984986E+07,19449856
05/24/2026 16:34:47,79,25,0,45,74,74,74,74,74,86,12.0960007,5.02000046,1.30800009,1.39200008,1.006,0.346000016,0.578,3.28000021,2.046,0,3.364,3.364,3.108,67,51,54.5,51.5,1673,422,0,567,0,0,0,0,0,0,23.44,31.25,6.25,1.56,21.88,43.75,3.12,1.56,16.6,43.75,41.0885773,4064,866,3960,1629,39.6,2.104365,0.55,3960,1161,39.6,1.75151312,0.55,3827,475,39.6,1.181922,0.55,3654,314,39.6,1.03375363,0.55,4975,668,49.75,1.35199428,0.5375,4975,2333,49.75,2.71505022,0.5375,3594,184,39.8,0.9004039,0.5375,3566,161,39.8,0.87110275,0.5375,67.12501,60.0000038,99.9974747,512,-1,485.785156,485.480469,0.3046875,0.5,7618.451,7618.951,0,0,0,0,0,0,0,0,0,0,0,0,512,600,1200,3000,61,1.05500007,1.30500007,0,3,16,51,2835,10451.9824,999,1001,30,30,41,30,0,0,46.649,46.699,1.09,11328.2656,372.019531,37.7332268,0,0,0,0.2262567,0,0,0,0,0,0,0,0,0,59.15625,60,16376,4746,11629,71.01405,132.423,125899776,19349504
05/24/2026 16:34:49,78,25,0,45,74,74,74,74,74,86,12.0960007,5.02000046,1.30800009,1.39200008,1.014,0.350000024,0.578,3.27600026,2.046,0,3.364,3.364,3.108,67,51,54.5,51.5,1671,432,0,553,0,0,0,0,0,0,50,25,4.69,4.76,14.06,46.88,1.59,3.17,18.77,50,41.8522644,3710,916,4850,1920,48.5,2.43840241,0.6125,4850,1167,48.5,1.8195591,0.6125,3139,479,32.3333321,1.22380328,0.6125,3005,314,32.3333321,1.06607664,0.6125,3195,697,32.3333321,1.43131256,0.6125,4850,2373,48.5,2.62218237,0.625,2918,207,32.3333321,0.94682014,0.625,2877,169,32.3333321,0.90877223,0.625,67.25001,60.5000038,99.99749,512,-1,485.785156,485.480469,0.3046875,0.5,7618.451,7618.951,0,0,0,0,0,0,0,0,0,0,0,0,512,600,1200,3000,61,1.05500007,1.30500007,0,4,16,51,2835,10451.9824,1000,1002,30,30,41,31,0,0,46.616,50.147,1.09,11328.2656,372.019531,37.1903267,0,0,0,0.22932449,0,0,0,0,0,0,0,0,0,59.3125,60,16376,4746,11629,71.01405,132.95,9.914982E+07,2.44992E+07
05/24/2026 16:34:51,78,25,0,45,74,74,74,74,74,86,12.0960007,5.02000046,1.30800009,1.39200008,1.018,0.354,0.578,3.27600026,2.046,0,3.364,3.364,3.108,67,51,54.5,51.5,1662,432,0,567,0,0,0,0,0,0,51.56,21.88,1.56,3.12,7.81,37.5,3.12,1.56,16.02,51.56,41.6051331,3617,888,4950,2418,49.5,2.88614082,0.53125,3300,1136,33,1.80986607,0.53125,3202,467,33,1.20444179,0.53125,3076,297,33,1.03576779,0.53125,3300,722,33,1.42242348,0.53125,3960,1701,39.6,2.0498395,0.53125,3584,191,39.6,0.9290563,0.53125,3567,169,39.6,0.8986087,0.53125,67.00001,64.25,99.99748,512,-1,485.785156,485.480469,0.3046875,0.5,7618.451,7618.951,0,0,0,0,0,0,0,0,0,0,0,0,512,600,1200,3000,61,1.05000007,1.30500007,0,9,17,52,2835,10451.9824,1000,1001,30,30,47,32,0,0,52.871,56.809,1.09,11328.2656,372.019531,43.099575,0,0,0,0.2425181,0,0,0,0,0,0,0,0,0,59.75,60,16376,4746,11629,71.01405,146.061,8.854938E+07,21149696
05/24/2026 16:34:53,78,25,0,45,73,73,73,73,73,85,12.0720005,5.02000046,1.30800009,1.39200008,1.006,0.36,0.578,3.28000021,2.046,0,3.364,3.364,3.108,66,50.5,54.5,51.5,1641,423,0,568,0,0,0,0,0,0,42.19,12.5,4.69,1.56,6.25,35.94,3.12,3.12,13.67,42.19,41.5921135,3624,873,4925,2339,49.25,2.74542737,0.55,3940,1060,39.4,1.70246089,0.55,3210,530,32.8333321,1.23807013,0.55,3062,294,32.8333321,1.01230609,0.55,3908,676,39.4,1.36521327,0.55,3940,1651,39.4,2.02728248,0.55,3041,249,32.8333321,0.966638267,0.55,2966,182,32.8333321,0.8904998,0.55,66.75001,62.8750038,99.99748,512,-1,485.785156,485.480469,0.3046875,0.5,7618.451,7618.951,0,0,0,0,0,0,0,0,0,0,0,0,512,600,1200,3000,62,1.04500008,1.30500007,0,8,16,51,2835,10451.9824,1001,1000,30,30,43,31,0,0,46.588,51.649,1.09,11328.2656,372.019531,42.50108,0,0,0,0.228164,0,0,0,0,0,0,0,0,0,59.78125,60,16376,4746,11629,71.01405,151.492,8.779981E+07,18299904
05/24/2026 16:34:55,77,24,0,45,72,72,72,72,72,85,12.0720005,5.02000046,1.30600011,1.39200008,1.024,0.34800002,0.578,3.27600026,2.046,0,3.364,3.36000013,3.108,66,50.5,54.5,51.5,1655,405,0,543,0,0,0,0,0,0,50,23.44,4.69,3.12,9.38,31.25,1.56,3.12,15.82,50,41.5965233,3671,872,5000,2268,50,2.69642043,0.5625,4000,1059,40,1.71446538,0.5625,3189,459,33.3333321,1.17254567,0.5625,3092,277,33.3333321,1.00548434,0.5625,3974,678,40,1.3655684,0.5625,4000,1824,40,2.26554751,0.5625,3057,207,33.3333321,0.932549059,0.5625,3058,207,33.3333321,0.9235175,0.5625,66.62501,64.25,99.99748,512,-1,485.785156,485.480469,0.3046875,0.5,7618.451,7618.951,0,0,0,0,0,0,0,0,0,0,0,0,512,600,1200,3000,62,1.064,1.30500007,0,5,17,55,2835,10451.9824,1000,999,30,30,61,35,0,0,67.987,69.956,1.09,11328.2656,372.019531,55.1775932,0,0,0,0.252465844,0,0,0,0,0,0,0,0,0,61.71875,62,16376,4746,11629,71.01405,188.611,9.049907E+07,1.92E+07
05/24/2026 16:34:57,77,23,0,44,72,72,72,72,72,85,12.048,5.01,1.30600011,1.39200008,1.018,0.350000024,0.578,3.28400016,2.046,0,3.364,3.36000013,3.104,66,51,54.5,51.5,1630,388,0,547,0,0,0,0,0,0,47.69,29.23,7.69,6.15,12.31,50.77,4.62,1.54,20,50.77,41.3911476,4117,873,5000,1452,50,1.98795772,0.53125,5000,1115,50,1.75654054,0.53125,3782,472,40,1.16828191,0.53125,3804,383,40.4,1.09789038,0.525,3948,697,40.4,1.36926723,0.525,4040,2452,40.4,2.796077,0.525,3673,208,40.4,0.932401359,0.525,3692,208,40.4,0.9267976,0.525,66.75001,60.0000038,99.99748,512,-1,485.785156,485.480469,0.3046875,0.5,7618.451,7618.951,0,0,0,0,0,0,0,0,0,0,0,0,512,600,1200,3000,62,1.04500008,1.30500007,0,5,16,52,2835,10451.9824,1001,1000,30,30,51,34,0,0,57.118,64.822,1.09,11328.2656,372.019531,44.44279,0,0,0,0.2380219,0,0,0,0,0,0,0,0,0,60.375,60,16376,4746,11629,71.01405,152.821,105049088,19699712
05/24/2026 16:34:59,77,24,0,45,72,72,72,72,72,85,12.0720005,5.02000046,1.30800009,1.39200008,1.0200001,0.366000026,0.578,3.27600026,2.046,0,3.364,3.364,3.108,66,51,54.5,51.5,1619,408,0,546,0,0,0,0,0,0,42.19,10.94,7.81,6.25,7.81,48.44,3.12,4.69,16.41,48.44,41.4411469,3734,885,5050,1616,50.5,2.109287,0.53125,4037,1087,40.4,1.74376082,0.53125,3787,468,40.4,1.1829927,0.53125,3094,335,33.6666679,1.05562615,0.53125,3820,659,40.4,1.35067129,0.53125,4040,2507,40.4,2.80747223,0.53125,3031,227,33.6666679,0.945541,0.53125,3010,183,33.6666679,0.907211959,0.53125,66.75001,64.75,99.99748,512,-1,485.785156,485.480469,0.3046875,0.5,7618.451,7618.951,0,0,0,0,0,0,0,0,0,0,0,0,512,600,1200,3000,62,0.950000048,1.30500007,0,7,16,52,2835,10451.9824,1001,1000,30,30,49,33,0,0,54.679,58.94,1.09,11328.2656,372.019531,44.4321365,0,0,0,0.242988929,0,0,0,0,0,0,0,0,0,61,62,16376,4746,11629,71.01405,154.709,8.819917E+07,1.92E+07
05/24/2026 16:35:01,77,25,0,45,72,72,72,72,72,85,12.0720005,5.02000046,1.30600011,1.39200008,1.014,0.350000024,0.578,3.28000021,2.046,0,3.364,3.364,3.108,66,50.5,54.5,51.5,1639,415,0,552,0,0,0,0,0,0,17.46,19.05,4.76,4.76,4.76,47.62,6.35,3.17,13.49,47.62,41.1263962,3468,863,4850,1331,48.5,1.88362813,0.61875,3231,1074,32.3333321,1.70549822,0.61875,2998,465,32.3333321,1.16538012,0.61875,2950,333,32.3333321,1.051717,0.61875,3064,617,32.3333321,1.30511177,0.61875,4850,2681,48.5,2.8891995,0.6375,2907,227,32.3333321,0.945838749,0.6375,2897,177,32.3333321,0.8993254,0.6375,66.87501,60.0000038,99.99749,512,-1,485.785156,485.480469,0.3046875,0.5,7618.451,7618.951,0,0,0,0,0,0,0,0,0,0,0,0,512,600,1200,3000,62,1.064,1.30500007,0,3,16,53,2835,10451.9824,999,1000,30,30,53,34,0,0,60.479,67.836,1.09,11328.2656,372.25,48.89082,0,0,0,0.230319187,0,0,0,0,0,0,0,0,0,63.0625,62,16376,4746,11629,71.01405,166.766,8.574976E+07,20799488
05/24/2026 16:35:03,77,25,0,45,72,72,72,72,72,85,12.0720005,5.02000046,1.30800009,1.39200008,1.0200001,0.34800002,0.578,3.28000021,2.046,0,3.36800027,3.364,3.108,66,51,54.5,51.5,1630,428,0,555,0,0,0,0,0,0,40.62,18.75,10.94,6.25,10.94,31.25,1.56,3.12,15.43,40.62,41.1788063,3500,863,4850,2146,48.5,2.59797144,0.55,3222,989,32.3333321,1.62224185,0.55,3074,474,32.3333321,1.178141,0.55,3000,335,32.3333321,1.04704714,0.55,3118,636,32.3333321,1.31785679,0.55,4850,1899,48.5,2.24177146,0.625,2963,228,32.3333321,0.9564037,0.625,2926,195,32.3333321,0.9094023,0.625,66.75001,60.5000038,99.99748,512,-1,485.785156,485.480469,0.3046875,0.5,7618.451,7618.951,0,0,0,0,0,0,0,0,0,0,0,0,512,600,1200,3000,62,0.984,1.30500007,0,6,16,53,2835,10451.9824,1000,1000,30,30,53,34,0,0,61.017,65.976,1.09,11328.2656,372.25,48.5721741,0,0,0,0.227430359,0,0,0,0,0,0,0,0,0,63.125,62,16376,4746,11629,71.01405,167.151,9.789952E+07,19499008
05/24/2026 16:35:05,77,25,0,45,72,72,72,72,72,85,12.0720005,5.02000046,1.30800009,1.39200008,1.054,0.358,0.578,3.27600026,2.046,0,3.364,3.364,3.108,66,50.5,54.5,51.5,1626,431,0,543,0,0,0,0,0,0,45.31,23.44,14.06,4.76,12.5,51.56,3.17,7.81,20.33,51.56,42.72224,3599,1028,4020,2528,40.2,2.9647367,0.525,3941,1281,40.2,1.97108781,0.525,3045,457,33.5,1.29813886,0.525,3067,343,33.5,1.15935373,0.525,3700,704,40.2,1.53589463,0.525,5025,2501,50.25,2.4100697,0.525,3005,221,33.5,1.03454792,0.525,2990,192,33.5,0.9915683,0.525,67.00001,60.5000038,99.99749,512,-1,485.785156,485.480469,0.3046875,0.5,7618.451,7618.951,0,0,0,0,0,0,0,0,0,0,0,0,512,600,1200,3000,62,1.069,1.30500007,0,11,16,53,2835,10451.9824,1000,1001,30,30,54,34,0,0,57.565,48.605,1.09,11328.2656,372.25,49.24067,0,0,0,0.2300827,0,0,0,0,0,0,0,0,0,64.28125,62,16376,4746,11629,71.01405,167.58,8.809984E+07,21899264
05/24/2026 16:35:07,77,25,0,45,74,74,74,74,74,86,12.0720005,5.02000046,1.30600011,1.39200008,1.052,0.36,0.578,3.27600026,2.046,0,3.364,3.364,3.108,67,50.5,54.5,51.5,1641,420,0,561,0,0,0,0,0,0,45.31,23.44,4.69,3.12,12.5,51.56,0,1.56,17.77,51.56,42.7092,3884,1045,5025,2457,50.25,2.90943217,0.54375,3995,1330,40.2,2.043953,0.54375,3656,448,40.4,1.3058902,0.54375,3667,337,40.4,1.162078,0.54375,3745,747,40.4,1.56904745,0.54375,5000,2633,50,2.53832459,0.53125,2965,200,33.3333321,1.02461231,0.53125,3023,211,33.3333321,1.01695156,0.53125,67.00001,64.75,99.99747,512,-1,485.785156,485.480469,0.3046875,0.5,7618.451,7618.951,0,0,0,0,0,0,0,0,0,0,0,0,512,600,1200,3000,62,1.05500007,1.30500007,0,7,16,54,2835,10451.9824,1001,1001,30,30,54,33,0,0,57.726,47.668,1.09,11328.2656,372.25,48.9639778,0,0,0,0.230679154,0,0,0,0,0,0,0,0,0,64.0625,62,16376,4746,11629,71.01405,167.086,8.764928E+07,1.939968E+07
05/24/2026 16:35:09,78,24,0,45,74,74,74,73,73,85,12.0960007,5.02000046,1.30800009,1.39200008,1.056,0.36,0.578,3.28000021,2.046,0,3.364,3.364,3.108,66,51,54.5,51.5,1666,420,0,549,0,0,0,0,0,0,46.88,26.56,3.12,3.12,12.5,64.06,0,1.56,19.73,64.06,42.4851952,3841,1041,3960,2199,39.6,2.690354,0.55,4944,1403,49.5,2.09080076,0.55,3665,493,39.8,1.33323014,0.5375,3608,299,39.8,1.12783158,0.5375,3705,756,39.8,1.56463945,0.5375,4950,2785,49.5,2.607061,0.54375,2938,210,33,1.02136648,0.54375,2955,183,33,0.9868426,0.54375,66.87501,60.5000038,99.99747,512,-1,485.785156,485.480469,0.3046875,0.5,7618.451,7618.951,0,0,0,0,0,0,0,0,0,0,0,0,512,600,1200,3000,62,1.04000008,1.30500007,0,10,16,54,2835,10451.9824,999,999,30,30,51,32,0,0,56.224,46.646,1.09,11328.27,372.46875,47.2091331,0,0,0,0.236439228,0,0,0,0,0,0,0,0,0,63.5625,62,16376,4746,11629,71.01405,165.786,9.439949E+07,2.214912E+07
05/24/2026 16:35:11,78,25,0,45,74,74,74,74,74,86,12.0720005,5.02000046,1.30800009,1.39200008,1.056,0.354,0.578,3.28000021,2.046,0,3.364,3.364,3.11200023,67,51,54.5,51.5,1655,422,0,542,0,0,0,0,0,0,47.62,28.57,3.12,0,17.46,66.67,0,0,20.43,66.67,42.6536674,3978,1048,4975,2225,49.75,2.52841234,0.5375,4969,1282,49.75,2.02350926,0.5375,3693,491,39.8,1.33782077,0.5375,3585,307,39.8,1.13059986,0.5375,3786,740,40.2,1.56060541,0.5375,4950,2934,49.5,2.859596,0.54375,2921,213,33,1.02454889,0.54375,2941,188,33,0.9884009,0.54375,67.12501,60.5000038,99.99748,512,-1,485.785156,485.480469,0.3046875,0.5,7618.451,7618.951,0,0,0,0,0,0,0,0,0,0,0,0,512,600,1200,3000,61,1.05000007,1.30500007,0,15,17,53,2835,10451.9824,1000,1001,30,30,47,31,0,0,51.606,43.499,1.09,11328.27,372.46875,43.73104,0,0,0,0.2283494,0,0,0,0,0,0,0,0,0,61.1875,62,16376,4746,11629,71.01405,154.443,9.134899E+07,2.429952E+07
05/24/2026 16:35:13,78,25,0,45,74,74,74,74,74,86,12.0960007,5.02000046,1.30800009,1.39200008,1.056,0.366000026,0.578,3.28000021,2.046,0,3.364,3.364,3.108,67,50.5,54.5,51.5,1655,423,0,563,0,0,0,0,0,0,44.62,30.77,7.69,3.08,16.92,56.92,1.54,3.08,20.58,56.92,42.7226372,3873,1039,4975,2165,49.75,2.39889932,0.55,3980,1291,39.8,2.0143528,0.55,3624,439,39.8,1.27144039,0.55,3590,272,40,1.08572364,0.55,3785,744,40,1.54920983,0.55,4000,3070,40,3.06539845,0.55,3523,170,40,0.9727909,0.55,3510,161,40,0.9526004,0.55,67.25001,60.5000038,99.9974747,512,-1,485.785156,485.480469,0.3046875,0.5,7618.451,7618.951,0,0,0,0,0,0,0,0,0,0,0,0,512,600,1200,3000,61,1.064,1.30500007,0,13,17,52,2835,10451.9824,1000,1000,30,30,46,31,0,0,48.501,41.096,1.09,11328.27,372.46875,40.26465,0,0,0,0.231625989,0,0,0,0,0,0,0,0,0,60.9375,62,16376,4746,11629,71.01405,143.032,9.049907E+07,24549376
05/24/2026 16:35:15,78,24,0,45,74,74,74,74,74,86,12.0720005,5.02000046,1.30800009,1.39200008,1.054,0.358,0.578,3.28000021,2.046,0,3.36800027,3.364,3.108,67,51,54.5,51.5,1666,409,0,541,0,0,0,0,0,0,41.27,26.98,9.52,4.76,14.29,50.79,3.17,1.59,19.05,50.79,42.96946,3850,1051,4925,2210,49.25,2.44111753,0.5375,3940,1262,39.4,2.02030277,0.5375,3669,458,39.8,1.28795218,0.55,3611,324,39.8,1.1512959,0.55,3734,764,39.8,1.57028747,0.55,5000,3028,50,3.07783675,0.54375,2945,185,33.3333321,0.9919745,0.54375,2975,176,33.3333321,0.9645072,0.54375,67.50001,64.75,99.99748,512,-1,485.785156,485.480469,0.3046875,0.5,7618.451,7618.951,0,0,0,0,0,0,0,0,0,0,0,0,512,600,1200,3000,62,1.069,1.30500007,0,17,17,52,2835,10451.9824,1001,999,30,30,47,33,0,0,48.487,55.36,1.09,11328.2734,378.25,39.9220428,0,0,0,0.233819172,0,0,0,0,0,0.08243657,0,0,0,60.8125,62,16376,4746,11629,71.01405,137.078,124349440,30399488
05/24/2026 16:35:17,78,25,0,45,74,74,74,74,74,86,12.0960007,5.02000046,1.30800009,1.39200008,1.0480001,0.352000028,0.578,3.27600026,2.046,0,3.364,3.364,3.108,67,50.5,54.5,51.5,1646,420,0,554,0,0,0,0,0,0,52.31,26.15,10.77,4.69,21.54,53.85,0,3.08,21.55,53.85,43.1884,3509,1060,3980,2384,39.8,2.82402134,0.55,3975,1381,39.8,2.1483078,0.55,3059,476,33.1666679,1.31844127,0.55,2980,288,33.1666679,1.1147244,0.55,3130,812,33.1666679,1.61983109,0.55,5000,2763,50,2.679254,0.5375,2967,198,33.3333321,1.02112222,0.5375,2978,180,33.3333321,0.989703953,0.5375,67.50001,65.5,99.99749,512,-1,485.785156,485.480469,0.3046875,0.5,7618.451,7618.951,0,0,0,0,0,0,0,0,0,0,0,0,512,600,1200,3000,62,1.05500007,1.30500007,0,8,16,53,2835,10451.9824,1000,999,30,30,46,32,0,0,49.531,45.54,1.09,11328.2773,379.988281,38.8985825,0,0,0,0.233607054,0,0,0,0,0,0,0,0,0,61.0625,62,16376,4746,11629,71.01405,136.123,9.114931E+07,2.004992E+07
05/24/2026 16:35:19,78,25,0,45,74,74,74,74,74,86,12.0720005,5.02000046,1.30800009,1.39200008,1.05000007,0.350000024,0.578,3.28000021,2.046,0,3.364,3.364,3.108,67,50.5,54.5,51.5,1664,417,0,560,0,0,0,0,0,0,43.08,23.08,1.54,0,10.77,58.46,3.08,0,17.5,58.46,42.7908821,3703,1020,4020,2508,40.2,2.952614,0.5375,3980,1202,40.2,1.91921413,0.5375,3743,481,40.2,1.31389964,0.5375,3052,331,33.5,1.14379525,0.5375,3799,729,40.2,1.530232,0.5375,5025,2495,50.25,2.39733815,0.5375,2990,213,33.5,1.01154375,0.5375,3015,202,33.5,0.993151963,0.5375,67.37501,60.5000038,99.99749,512,-1,485.785156,485.480469,0.3046875,0.5,7618.451,7618.951,0,0,0,0,0,0,0,0,0,0,0,0,512,600,1200,3000,61,1.06000006,1.30500007,0,13,16,54,2835,10451.9824,999,1001,30,30,53,33,0,0,56.098,50.932,1.09,11328.2773,379.988281,45.79986,0,0,0,0.232054517,0,0,0,0,0,0,0,0,0,62.21875,62,16376,4746,11629,71.01405,159.768,47299584,22049792
05/24/2026 16:35:21,78,25,0,45,74,74,74,74,74,86,12.0960007,5.02000046,1.30800009,1.39200008,1.054,0.350000024,0.578,3.28000021,2.046,0,3.364,3.364,3.108,67,51,54.5,51.5,1664,421,0,552,0,0,0,0,0,0,42.19,26.56,9.38,1.56,18.75,59.38,1.56,1.56,20.12,59.38,42.64014,3899,1016,5025,2512,50.25,2.976296,0.53125,3996,1148,40.2,1.92580259,0.53125,3748,459,40.2,1.30030656,0.53125,3667,315,40.2,1.13750458,0.53125,3777,757,39.8,1.57395148,0.525,5025,2543,50.25,2.45423746,0.5375,2995,212,33.5,1.02565646,0.5375,2961,178,33.5,0.97551024,0.5375,67.37501,65.25,99.9974747,512,-1,485.785156,485.480469,0.3046875,0.5,7618.451,7618.951,0,0,0,0,0,0,0,0,0,0,0,0,512,600,1200,3000,62,1.04000008,1.30500007,0,13,17,53,2835,10451.9824,999,1001,30,30,52,33,0,0,55.576,51.96,1.09,11328.2773,379.988281,45.58777,0,0,0,0.233056277,0,0,0,0,0,0,0,0,0,62.8125,62,16376,4746,11629,71.01405,157.704,9.094963E+07,21599232
05/24/2026 16:35:23,78,24,0,44,74,74,74,74,74,86,12.0720005,5.02000046,1.30800009,1.39200008,1.05000007,0.358,0.580000043,3.27600026,2.046,0,3.364,3.364,3.108,67,50.5,54.5,51.5,1648,417,0,567,0,0,0,0,0,0,44.62,23.08,7.69,12.31,9.23,55.38,6.15,3.08,20.19,55.38,42.9357147,3914,1052,4850,2026,48.5,2.33455253,0.625,4001,1165,40.2,1.9256537,0.63125,3799,500,40.2,1.33637691,0.63125,3619,305,40.2,1.12731743,0.63125,3840,743,40.2,1.54075122,0.63125,4020,3261,40.2,3.28119826,0.63125,3605,224,40.2,1.0338341,0.63125,3575,193,40.2,0.9916147,0.63125,67.75001,60.8750038,99.99747,512,-1,485.785156,485.480469,0.3046875,0.5,7618.451,7618.951,0,0,0,0,0,0,0,0,0,0,0,0,512,600,1200,3000,62,1.04500008,1.30500007,0,4,16,53,2835,10451.9824,1001,1001,30,30,51,33,0,0,54.502,49.733,1.09,11328.2773,379.988281,44.3699036,0,0,0,0.234661549,0,0,0,0,0,0,0,0,0,62.53125,62,16376,4746,11629,71.01405,155.607,8.304947E+07,2.174976E+07
05/24/2026 16:35:25,78,23,0,44,74,74,74,74,74,86,12.0960007,5.03,1.31000006,1.396,1.054,0.34800002,0.578,3.28400016,2.046,0,3.36800027,3.36800027,3.11200023,67,51,54.5,51.5,1648,396,0,556,0,0,0,0,0,0,43.75,18.75,10.94,10.94,18.75,62.5,3.12,0,21.09,62.5,42.8510361,3887,1036,5000,1869,50,2.27362514,0.5375,3931,1135,40,1.91822433,0.5375,3719,455,40,1.28317845,0.5375,3602,275,40,1.109648,0.5375,3778,740,40,1.5446136,0.5375,4000,3410,40,3.3565402,0.54375,3548,210,40,1.02025378,0.54375,3516,194,40,0.989454,0.54375,67.87501,60.5000038,99.99748,512,-1,485.785156,485.480469,0.3046875,0.5,7618.451,7618.951,0,0,0,0,0,0,0,0,0,0,0,0,512,600,1200,3000,62,1.06000006,1.30500007,0,15,17,53,2835,10451.9824,1000,999,30,30,49,33,0,0,53.134,53.589,1.09,11328.2773,379.988281,43.8457527,0,0,0,0.250614345,0,0,0,0,0,0,0,0,0,62.625,62,16376,4746,11629,71.01405,153.72,9.959936E+07,2.494976E+07
05/24/2026 16:35:27,79,25,0,45,75,75,75,75,75,87,12.0960007,5.03,1.31000006,1.39200008,1.052,0.36,0.578,3.288,2.046,0,3.37200022,3.36800027,3.11200023,68,51,54.5,51.5,1650,427,0,553,0,0,0,0,0,0,32.81,14.06,9.38,4.69,17.19,62.5,10.94,4.69,19.53,62.5,43.8830452,3978,1184,5000,2062,50,2.41092515,0.55625,3985,1273,40,2.038936,0.55625,3812,622,40,1.442166,0.55625,3738,404,40,1.23086274,0.55625,3876,916,40,1.70934677,0.55625,4000,3526,40,3.44796,0.55625,3597,303,40,1.11815751,0.55625,3818,362,40,1.14975727,0.55625,68.12501,60.5000038,99.99748,512,-1,485.785156,485.480469,0.3046875,0.5,7618.451,7618.951,0,0,0,0,0,0,0,0,0,0,0,0,512,600,1200,3000,62,1.05000007,1.30500007,0,16,17,52,2835,10451.9824,999,1000,30,30,49,33,0,0,52.467,48.425,1.09,11328.2773,380.644531,43.764698,0,0,0,0.240309328,0,0,0,0,0,0.0155199561,0,0,0,62.65625,62,16376,4746,11629,71.01405,149.393,101349376,24399872
05/24/2026 16:35:29,80,25,0,45,76,76,76,75,75,87,12.0960007,5.03,1.31000006,1.396,1.05000007,0.362000018,0.580000043,3.288,2.046,0,3.37200022,3.37200022,3.11600018,67,51,54.5,51.5,1671,430,0,547,0,0,0,0,0,0,43.08,24.62,12.31,4.62,7.69,66.15,3.08,3.08,20.58,66.15,42.44301,4010,1017,4925,2080,49.25,2.53770447,0.54375,4811,1136,49.25,1.86691856,0.54375,3636,460,39.4,1.28109181,0.54375,3595,357,39.4,1.14971936,0.54375,4550,704,48.5,1.50115561,0.5625,4850,3013,48.5,2.86410117,0.60625,2868,207,32.3333321,1.003452,0.60625,2842,182,32.3333321,0.9729568,0.60625,67.75001,60.5000038,99.99747,512,-1,485.785156,485.480469,0.3046875,0.5,7618.451,7618.951,0,0,0,0,0,0,0,0,0,0,0,0,512,600,1200,3000,61,1.05500007,1.30500007,0,10,16,52,2835,10451.9824,1000,1000,30,30,49,33,0,0,52.41,45.059,1.09,11328.2773,380.644531,43.6290665,0,0,0,0.2337494,0,0,0,0,0,0,0,0,0,62.84375,64,16376,4746,11629,71.01405,149.257,8.29993E+07,20749312
05/24/2026 16:35:31,78,25,0,45,74,74,74,74,74,86,12.0960007,5.03,1.31000006,1.396,1.026,0.358,0.578,3.28400016,2.046,0,3.37200022,3.36800027,3.11600018,67,51.5,54.5,51.5,1683,422,0,564,0,0,0,0,0,0,47.62,15.87,12.5,6.25,12.7,44.44,1.56,0,17.62,47.62,41.9587669,4054,937,4950,2429,49.5,2.92557478,0.55,4950,1136,49.5,1.78296745,0.55,3764,484,39.6,1.23080587,0.55,3704,346,39.6,1.10167933,0.55,3761,618,39.6,1.35264242,0.55,3960,2019,39.6,2.36398339,0.55,3673,242,39.6,1.00622129,0.55,3674,225,39.6,0.976021945,0.55,67.87501,63.7500038,99.9974747,512,-1,485.785156,485.480469,0.3046875,0.5,7618.451,7618.951,0,0,0,0,0,0,0,0,0,0,0,0,512,600,1200,3000,62,1.05000007,1.30500007,0,8,16,53,2835,10451.9824,1000,1001,30,30,49,33,0,0,54.08,51.407,1.09,11328.2773,380.644531,43.9317436,0,0,0,0.278392583,0,0,0,0,0,0,0,0,0,61.5,62,16376,4746,11629,71.01405,151.253,123749376,32149504
05/24/2026 16:35:33,78,25,0,45,74,74,74,74,74,86,12.0960007,5.03,1.31000006,1.396,1.03000009,0.350000024,0.578,3.28400016,2.046,0,3.37200022,3.36800027,3.11200023,67,51.5,54.5,51.5,1643,422,0,553,0,0,0,0,0,0,35.38,13.85,12.31,10.77,7.69,38.46,1.54,1.54,15.19,38.46,41.6723061,3918,884,4850,2373,48.5,2.8833282,0.6125,4823,954,48.5,1.60261154,0.6125,3114,568,32.3333321,1.30561125,0.6125,3075,360,32.3333321,1.09922671,0.6125,4654,619,48.5,1.33446229,0.6125,4850,1786,48.5,2.1250174,0.6125,3012,222,32.3333321,0.979455769,0.6125,2967,192,32.3333321,0.9296362,0.6125,67.50001,60.5000038,99.9975052,512,-1,485.785156,485.480469,0.3046875,0.5,7618.451,7618.951,0,0,0,0,0,0,0,0,0,0,0,0,512,600,1200,3000,62,1.05500007,1.30500007,0,7,16,53,2835,10451.9824,1000,999,30,30,49,33,0,0,53.317,48.2,1.09,11328.2813,380.890625,43.8917542,0,0,0,0.268243641,0,0,0,0,0,0,0,0,0,61.6875,64,16376,4746,11629,71.01405,150.688,115049472,28899328
05/24/2026 16:35:35,78,25,0,45,74,74,74,74,74,86,12.0960007,5.03,1.31000006,1.396,1.03000009,0.356,0.580000043,3.28400016,2.046,0,3.37200022,3.37200022,3.11600018,67,51.5,54.5,51.5,1673,422,0,552,0,0,0,0,0,0,34.38,12.5,3.12,9.38,10.94,45.31,3.12,4.69,15.43,45.31,41.63754,4009,905,4975,2224,49.75,2.736099,0.5375,3980,1078,39.8,1.77727866,0.5375,3739,431,39.8,1.18897748,0.5375,4639,364,49.25,1.11391449,0.54375,4731,647,49.25,1.37225413,0.54375,3940,2014,39.4,2.35387754,0.54375,3035,260,32.8333321,1.01720774,0.54375,3033,219,32.8333321,0.9576345,0.54375,67.25001,60.6250038,99.99748,512,-1,485.785156,485.480469,0.3046875,0.5,7618.451,7618.951,0,0,0,0,0,0,0,0,0,0,0,0,512,600,1200,3000,61,1.064,1.30500007,0,9,16,53,2835,10451.9824,999,1000,30,30,49,33,0,0,52.945,56.824,1.09,11328.2813,380.890625,44.02207,0,0,0,0.270124733,0,0,0,0,0,0,0,0,0,61.625,64,16376,4746,11629,71.01405,149.941,136249344,18799616
05/24/2026 16:35:37,78,25,0,45,74,74,74,74,74,86,12.0960007,5.03,1.31000006,1.396,1.03800011,0.356,0.580000043,3.28400016,2.046,0,3.37200022,3.37200022,3.11200023,67,51,54.5,51.5,1671,431,0,567,0,0,0,0,0,0,23.44,17.19,6.25,6.25,7.81,68.75,3.12,1.56,16.8,68.75,41.36306,3916,876,4000,1373,40,1.94210148,0.60625,3936,1014,39.8,1.71891534,0.55,3716,469,39.8,1.21750259,0.55,3671,335,39.8,1.09313941,0.55,3776,629,39.8,1.357935,0.55,4975,2743,49.75,3.02290964,0.55,3624,245,39.8,1.00074613,0.55,3632,204,39.8,0.9548324,0.55,67.00001,60.5000038,99.99748,512,-1,485.785156,485.480469,0.3046875,0.5,7618.451,7618.951,0,0,0,0,0,0,0,0,0,0,0,0,512,600,1200,3000,62,0.995000064,1.30500007,0,5,16,53,2835,10451.9824,1002,1000,30,30,48,33,0,0,52.787,51.387,1.09,11328.2813,381.015625,43.8047333,0,0,0,0.2784554,0,0,0,0,0,0.009589126,0,0,0,61.71875,62,16376,4746,11629,71.01405,150.437,124749824,2.409984E+07
05/24/2026 16:35:39,78,25,0,45,74,74,74,74,74,86,12.0960007,5.03,1.31000006,1.396,1.036,0.362000018,0.580000043,3.28400016,2.046,0,3.36800027,3.36800027,3.11600018,67,51,54.5,51.5,1657,432,0,553,0,0,0,0,0,0,24.62,24.62,9.23,4.62,18.75,64.62,6.15,7.81,20.05,64.62,41.6615753,3781,880,3980,1559,39.8,2.15531516,0.61875,3968,974,39.8,1.687457,0.61875,3708,451,39.8,1.22203994,0.61875,3715,334,39.8,1.09692311,0.61875,3790,628,39.8,1.37157619,0.61875,5000,2673,50,2.99390483,0.6125,3058,227,33.3333321,0.985247731,0.6125,3026,198,33.3333321,0.9617335,0.6125,67.12501,60.5000038,99.99748,512,-1,485.785156,485.480469,0.3046875,0.5,7618.451,7618.951,0,0,0,0,0,0,0,0,0,0,0,0,512,600,1200,3000,62,0.979000032,1.30500007,0,10,17,53,2835,10451.9824,999,999,30,30,48,33,0,0,53.387,48.814,1.09,11328.2813,381.015625,43.5735168,0,0,0,0.276087821,0,0,0,0,0,0,0,0,0,61.8125,64,16376,4746,11629,71.01405,152.015,106449920,21549056
05/24/2026 16:35:41,78,25,0,45,74,74,74,74,74,86,12.12,5.03,1.31000006,1.396,1.03800011,0.356,0.580000043,3.28400016,2.046,0,3.37200022,3.37200022,3.11200023,67,51.5,54.5,51.5,1664,422,0,567,0,0,0,0,0,0,29.69,18.75,6.25,4.69,4.69,56.25,1.56,3.12,15.62,56.25,41.7068939,3656,896,3960,1502,39.6,2.08237982,0.55,3960,1073,39.6,1.78848314,0.55,3666,418,39.6,1.18721974,0.55,3033,323,33,1.08542454,0.55,3743,582,39.6,1.32619333,0.55,4925,2856,49.25,3.18720055,0.53125,2962,211,32.8333321,0.978993833,0.53125,2999,202,32.8333321,0.9598944,0.53125,67.37501,64.625,99.99749,512,-1,485.785156,485.480469,0.3046875,0.5,7618.451,7618.951,0,0,0,0,0,0,0,0,0,0,0,0,512,600,1200,3000,61,0.974000037,1.30500007,0,8,16,53,2835,10451.9824,1000,1001,30,30,49,32,0,0,54.357,49.59,1.09,11328.2813,381.015625,43.92145,0,0,0,0.271194428,0,0,0,0,0,0,0,0,0,62.34375,64,16376,4746,11629,71.01405,153.036,127899648,19549184
05/24/2026 16:35:43,78,25,0,45,74,74,74,74,74,86,12.0960007,5.03,1.31000006,1.396,1.04000008,0.352000028,0.580000043,3.28400016,2.046,0,3.36800027,3.36800027,3.11600018,67,51,54.5,51.5,1648,422,0,568,0,0,0,0,0,0,57.81,17.19,7.81,6.25,10.94,48.44,4.69,1.56,19.34,57.81,42.05854,3822,915,4950,2363,49.5,2.86175466,0.525,4950,1059,49.5,1.75225437,0.525,3758,473,39.6,1.24346471,0.525,3098,357,33,1.11664212,0.525,3802,647,39.6,1.41419816,0.525,3960,1977,39.6,2.370553,0.525,3060,255,33,1.025517,0.525,2999,187,33,0.952883,0.525,67.37501,60.8750038,99.99748,512,-1,485.785156,485.480469,0.3046875,0.5,7618.451,7618.951,0,0,0,0,0,0,0,0,0,0,0,0,512,600,1200,3000,62,1.05000007,1.30500007,0,13,16,56,2835,10451.9824,1002,1001,30,30,61,35,0,0,68.488,59.831,1.09,11328.2813,381.015625,52.10657,0,0,0,0.280817419,0,0,0,0,0,0,0,0,0,67.25,64,16376,4746,11629,71.01405,169.032,112749568,24749056
05/24/2026 16:35:45,78,25,0,45,74,74,74,74,74,86,12.0960007,5.03,1.31000006,1.396,1.03800011,0.352000028,0.578,3.28400016,2.046,0,3.37200022,3.36800027,3.11600018,67,51.5,54.5,51.5,1668,431,0,553,0,0,0,0,0,0,49.21,26.98,12.7,14.29,11.11,41.27,6.35,1.59,20.44,49.21,42.2661476,4000,920,4020,2354,40.2,2.864791,0.525,4020,1097,40.2,1.7984643,0.525,4550,475,49.25,1.25260222,0.53125,3617,307,39.4,1.08070374,0.53125,3720,614,39.4,1.37608564,0.53125,4925,2083,49.25,2.43662667,0.53125,3566,220,39.4,0.9965144,0.53125,3586,209,39.4,0.9739394,0.53125,67.50001,60.5000038,99.99748,512,-1,485.785156,485.480469,0.3046875,0.5,7618.451,7618.951,0,0,0,0,0,0,0,0,0,0,0,0,512,600,1200,3000,61,1.05000007,1.30500007,0,13,16,54,2835,10451.9824,999,1000,30,30,50,33,0,0,59.662,56.874,1.09,11328.2422,359.484375,41.836544,0,0,0,0.2737009,0,0,0,0,0,0.139273569,0,0,0,64.03125,62,16376,4746,11629,71.01405,143.94,109149184,24999936
05/24/2026 16:35:47,78,25,0,45,74,74,74,74,74,86,12.0960007,5.03,1.31000006,1.396,1.034,0.350000024,0.580000043,3.28400016,2.046,0,3.37200022,3.37200022,3.11600018,67,51,54.5,51.5,1650,432,0,553,0,0,0,0,0,0,53.12,26.56,6.25,4.69,12.5,37.5,1.56,0,17.77,53.12,41.9357872,4068,898,4850,2620,48.5,3.10131741,0.6,4020,1023,40.2,1.706532,0.625,3771,402,40.2,1.1803124,0.625,3697,288,40.2,1.045053,0.625,3873,615,40.2,1.37707162,0.625,5025,1860,50.25,2.20192337,0.625,3638,195,40.2,0.95895046,0.625,3671,184,40.2,0.928209364,0.625,67.62501,60.5000038,99.99749,512,-1,485.785156,485.480469,0.3046875,0.5,7618.451,7618.951,0,0,0,0,0,0,0,0,0,0,0,0,512,600,1200,3000,62,1.05500007,1.30500007,0,12,16,55,2835,10451.9824,1001,1000,30,30,54,33,0,0,60.817,52.318,1.09,11328.2422,359.484375,50.3536835,0,0,0,0.2970294,0,0,0,0,0,0,0,0,0,65.40625,64,16376,4746,11629,71.01405,176.343,106199040,2.429952E+07
05/24/2026 16:35:49,78,25,0,45,74,74,74,74,74,86,12.0960007,5.03,1.31000006,1.39200008,1.042,0.350000024,0.580000043,3.28400016,2.046,0,3.37200022,3.36800027,3.11600018,67,51.5,54.5,51.5,1655,423,0,567,0,0,0,0,0,0,34.38,14.06,4.69,6.25,10.94,40.62,3.12,3.12,14.65,40.62,41.92371,3726,894,5025,2190,50.25,2.71935987,0.53125,3350,1007,33.5,1.696797,0.53125,3136,430,33.5,1.19530451,0.53125,3139,396,33.5,1.141772,0.53125,3843,606,40.2,1.35812116,0.53125,4020,2103,40.2,2.44450331,0.53125,3654,235,40.2,0.9982274,0.53125,3637,182,40.2,0.936649263,0.53125,67.50001,65.625,99.9974747,512,-1,485.785156,485.480469,0.3046875,0.5,7618.451,7618.951,0,0,0,0,0,0,0,0,0,0,0,0,512,600,1200,3000,61,1.064,1.30500007,0,11,17,55,2835,10451.9824,998,1000,30,30,54,33,0,0,60.469,53.341,1.09,11328.2422,359.484375,50.5400047,0,0,0,0.301775575,0,0,0,0,0,0,0,0,0,65.4375,64,16376,4746,11629,71.01405,174.115,108349440,19449856
05/24/2026 16:35:51,78,25,0,45,74,74,74,74,74,86,12.0960007,5.03,1.31000006,1.39200008,1.03800011,0.354,0.580000043,3.288,2.046,0,3.37200022,3.36800027,3.11600018,67,51.5,54.5,51.5,1664,422,0,554,0,0,0,0,0,0,21.88,12.5,1.56,6.25,14.06,56.25,4.69,3.12,15.04,56.25,41.6600266,3664,876,5025,1465,50.25,2.04534745,0.54375,4020,1009,40.2,1.68549526,0.54375,3116,444,33.5,1.206384,0.54375,3152,361,33.5,1.12270737,0.54375,3856,644,40.2,1.39226615,0.54375,4020,2645,40.2,2.9666853,0.54375,3054,226,33.5,0.9889969,0.54375,3070,218,33.5,0.972806931,0.54375,67.25001,64.75,99.99748,512,-1,485.785156,485.480469,0.3046875,0.5,7618.451,7618.951,0,0,0,0,0,0,0,0,0,0,0,0,512,600,1200,3000,62,1.04500008,1.30500007,0,12,16,55,2835,10451.9824,1001,1001,30,30,54,33,0,0,61.029,54.929,1.09,11328.2422,359.484375,50.46668,0,0,0,0.294506729,0,0,0,0,0,0,0,0,0,63.34375,62,16376,4746,11629,71.01405,174.626,8.61993E+07,2.429952E+07
05/24/2026 16:35:53,78,25,0,45,74,74,74,74,74,86,12.0960007,5.03,1.31000006,1.396,1.03200006,0.354,0.580000043,3.28400016,2.046,0,3.37200022,3.37200022,3.11200023,67,51,54.5,51.5,1648,432,0,567,0,0,0,0,0,0,14.06,25,6.25,4.69,15.62,57.81,3.12,1.56,16.02,57.81,41.7430534,4070,894,4850,1461,48.5,2.01365852,0.64375,4850,1063,48.5,1.75994563,0.64375,4522,442,48.5,1.21419013,0.64375,2935,299,32.3333321,1.063186,0.64375,4704,650,48.5,1.40240252,0.63125,4850,2830,48.5,3.12454271,0.63125,2908,207,32.3333321,0.9717957,0.63125,2939,201,32.3333321,0.953072965,0.63125,67.37501,60.5000038,99.99749,512,-1,485.785156,485.480469,0.3046875,0.5,7618.451,7618.951,0,0,0,0,0,0,0,0,0,0,0,0,512,600,1200,3000,62,1.05500007,1.30500007,0,11,17,55,2835,10451.9824,999,1001,30,30,54,33,0,0,61.147,54.334,1.09,11328.2422,359.484375,50.28313,0,0,0,0.302707076,0,0,0,0,0,0,0,0,0,67.4375,64,16376,4746,11629,71.01405,176.21,9.209958E+07,24148992
05/24/2026 16:35:55,78,25,0,45,74,74,74,74,74,86,12.0960007,5.03,1.31000006,1.396,1.034,0.352000028,0.580000043,3.28000021,2.046,0,3.36800027,3.36800027,3.11600018,67,51,54.5,51.5,1659,431,0,568,0,0,0,0,0,0,30.77,18.46,4.62,9.23,9.23,60,4.62,1.54,17.31,60,41.7985535,4629,915,4850,1607,48.5,2.16770244,0.51875,4850,1052,48.5,1.76553559,0.51875,4523,419,48.5,1.20545077,0.51875,4466,354,48.5,1.13063788,0.51875,4736,659,48.5,1.44428289,0.51875,4850,2794,48.5,3.11616921,0.51875,4386,220,48.5,0.9926212,0.51875,4369,216,48.5,0.9857744,0.51875,67.62501,60.5000038,99.99748,512,-1,485.785156,485.480469,0.3046875,0.5,7618.451,7618.951,0,0,0,0,0,0,0,0,0,0,0,0,512,600,1200,3000,62,1.04000008,1.30500007,0,17,17,55,2835,10451.9824,1001,999,30,30,54,33,0,0,60.665,54.314,1.09,11328.2422,359.484375,50.6886635,0,0,0,0.295308053,0,0,0,0,0,0,0,0,0,67.53125,62,16376,4746,11629,71.01405,175.728,101999616,2.814976E+07
05/24/2026 16:35:57,78,25,0,45,74,74,74,74,74,86,12.0960007,5.03,1.31000006,1.39200008,1.026,0.354,0.580000043,3.28400016,2.046,0,3.36800027,3.36800027,3.11200023,67,51,54.5,51.5,1664,422,0,569,0,0,0,0,0,0,47.62,19.05,11.11,6.35,14.29,41.27,3.17,3.12,18.25,47.62,41.79185,3889,913,4850,2411,48.5,2.80879951,0.6125,3233,1091,32.3333321,1.777471,0.6125,4566,535,48.5,1.29887462,0.6125,2989,347,32.3333321,1.108494,0.6125,4819,671,48.5,1.45068061,0.6125,4850,1858,48.5,2.23325586,0.61875,2898,203,32.3333321,0.963754058,0.61875,2910,187,32.3333321,0.9418686,0.61875,67.37501,60.8750038,99.99749,512,-1,485.785156,485.480469,0.3046875,0.5,7618.451,7618.951,0,0,0,0,0,0,0,0,0,0,0,0,512,600,1200,3000,61,1.01,1.30500007,0,14,17,55,2835,10451.9824,1001,1000,30,30,54,34,0,0,59.988,55.646,1.09,11328.2422,359.484375,50.1541672,0,0,0,0.31366393,0,0,0,0,0,0,0,0,0,66.96875,64,16376,4746,11629,71.01405,173.917,6.664909E+07,21149696
05/24/2026 16:35:59,78,25,0,45,74,74,74,74,74,86,12.0960007,5.03,1.31000006,1.396,1.024,0.352000028,0.580000043,3.28400016,2.046,0,3.37200022,3.36800027,3.11600018,67,51.5,54.5,51.5,1650,422,0,554,0,0,0,0,0,0,48.44,18.75,4.69,3.12,6.25,34.38,1.56,0,14.65,48.44,41.62858,3779,901,3920,2395,39.2,2.7928195,0.53125,4900,1183,49,1.8083781,0.53125,3662,422,39.2,1.191458,0.53125,3000,348,32.6666679,1.10075927,0.53125,3920,635,39.2,1.39264727,0.53125,4925,1804,49.25,2.20595956,0.54375,2949,218,32.8333321,0.9711857,0.54375,2956,200,32.8333321,0.935870469,0.54375,67.37501,62.2500038,99.9974747,512,-1,485.785156,485.480469,0.3046875,0.5,7618.451,7618.951,0,0,0,0,0,0,0,0,0,0,0,0,512,600,1200,3000,61,1.05000007,1.30500007,0,17,17,57,2835,10451.9824,999,1000,30,30,54,33,0,0,60.734,58.994,1.09,11328.2422,359.484375,50.6067543,0,0,0,0.29401052,0,0,0,0,0,0,0,0,0,63.65625,64,16376,4746,11629,71.01405,175.102,109599744,19099648
05/24/2026 16:36:01,78,25,0,45,74,74,74,74,74,86,12.0960007,5.03,1.31000006,1.396,1.03000009,0.354,0.580000043,3.28000021,2.046,0,3.37200022,3.36800027,3.11600018,67,51.5,54.5,51.5,1659,431,0,568,0,0,0,0,0,0,39.06,28.12,10.94,9.38,10.94,45.31,6.25,3.12,19.14,45.31,41.6290855,4054,898,5025,2386,50.25,2.85541844,0.51875,5025,1071,50.25,1.73877609,0.51875,3760,462,40.2,1.23293138,0.51875,3731,324,40.2,1.08313882,0.51875,3964,618,40.2,1.38853,0.51875,4975,1897,49.75,2.25064278,0.51875,2979,228,33.1666679,0.980825245,0.51875,2974,199,33.1666679,0.946242452,0.51875,67.37501,60.5000038,99.99748,512,-1,485.785156,485.480469,0.3046875,0.5,7618.451,7618.951,0,0,0,0,0,0,0,0,0,0,0,0,512,600,1200,3000,62,1.06000006,1.30500007,0,19,17,57,2835,10451.9824,1002,1000,30,30,54,34,0,0,60.354,60.368,1.09,11328.2422,359.730469,50.3136978,0,0,0,0.303328961,0,0,0,0,0,0,0,0,0,63.8125,64,16376,4746,11629,71.01405,176.116,9.244979E+07,2.109952E+07
05/24/2026 16:36:03,78,25,0,45,74,74,74,74,74,86,12.0960007,5.03,1.30800009,1.39200008,1.028,0.34800002,0.580000043,3.28400016,2.046,0,3.37200022,3.36800027,3.11600018,67,51,54.5,51.5,1666,432,0,552,0,0,0,0,0,0,33.85,24.62,1.54,3.08,7.69,40,1.54,1.54,14.23,40,41.81437,4616,883,4850,1974,48.5,2.4370203,0.55,4850,1121,48.5,1.763089,0.55,4521,437,48.5,1.19939089,0.55,4417,332,48.5,1.0916853,0.55,4787,602,48.5,1.36802268,0.55,4850,2209,48.5,2.61133051,0.55,4324,204,48.5,0.959814,0.55,4331,182,48.5,0.9225562,0.55,67.37501,60.5000038,99.9974747,512,-1,485.785156,485.480469,0.3046875,0.5,7618.451,7618.951,0,0,0,0,0,0,0,0,0,0,0,0,512,600,1200,3000,61,1.05000007,1.30500007,0,18,17,57,2835,10451.9824,1000,1002,30,30,54,34,0,0,60.152,58.453,1.09,11328.2422,359.730469,50.474247,0,0,0,0.299539,0,0,0,0,0,0,0,0,0,66.125,66,16376,4746,11629,71.01405,174.379,100299776,27999232
05/24/2026 16:36:05,78,25,0,45,74,74,74,74,74,86,12.0960007,5.03,1.31000006,1.396,1.02200007,0.36,0.580000043,3.292,2.046,0,3.37200022,3.36800027,3.11600018,67,51,54.5,51.5,1634,421,0,552,0,0,0,0,0,0,30.77,21.54,10.77,4.62,10.77,43.08,1.54,4.62,15.96,43.08,41.7068672,3997,879,3940,1420,39.4,1.97846508,0.525,3940,1109,39.4,1.78549922,0.525,3706,462,39.4,1.22390532,0.525,4506,313,49.25,1.0725292,0.525,3854,629,39.4,1.384545,0.525,4925,2680,49.25,2.98761821,0.525,3518,217,39.4,0.9700085,0.525,3585,201,39.4,0.948121,0.525,67.37501,60.5000038,99.9974747,512,-1,485.785156,485.480469,0.3046875,0.5,7618.451,7618.951,0,0,0,0,0,0,0,0,0,0,0,0,512,600,1200,3000,62,1.05000007,1.30500007,0,17,17,57,2835,10451.9824,1000,998,30,30,55,34,0,0,60.948,54.958,1.09,11328.2422,359.730469,50.605484,0,0,0,0.302857757,0,0,0,0,0,0,0,0,0,64.90625,66,16376,4746,11629,71.01405,174.498,5.934899E+07,27449344
05/24/2026 16:36:07,78,25,0,45,74,74,74,74,74,86,12.0960007,5.03,1.31000006,1.396,1.034,0.34800002,0.580000043,3.288,2.046,0,3.37200022,3.36800027,3.11200023,67,51,54.5,51.5,1678,422,0,552,0,0,0,0,0,0,28.12,9.38,9.38,7.81,12.5,50,1.56,4.69,15.43,50,41.8721771,3867,878,3940,1622,39.4,2.157896,0.54375,4925,1029,49.25,1.70828962,0.54375,3693,419,39.4,1.18297291,0.54375,3615,346,39.4,1.09801388,0.54375,3902,640,39.4,1.39209783,0.54375,4925,2535,49.25,2.892911,0.54375,2974,220,32.8333321,0.959883451,0.54375,2964,211,32.8333321,0.9494623,0.54375,67.37501,64.625,99.99749,512,-1,485.785156,485.480469,0.3046875,0.5,7618.451,7618.951,0,0,0,0,0,0,0,0,0,0,0,0,512,600,1200,3000,62,1.01,1.30500007,0,12,17,57,2835,10451.9824,1001,1000,30,30,54,34,0,0,60.866,53.678,1.09,11328.2422,359.730469,50.65683,0,0,0,0.316438556,0,0,0,0,0,0,0,0,0,66.84375,66,16376,4746,11629,71.01405,176.062,46749696,24049664
05/24/2026 16:36:09,78,25,0,45,74,74,74,74,74,86,12.0960007,5.02000046,1.31000006,1.396,1.024,0.36,0.580000043,3.28400016,2.046,0,3.37200022,3.37200022,3.11600018,67,51,54.5,51.5,1655,430,0,567,0,0,0,0,0,0,37.5,26.56,9.38,0,10.94,62.5,0,0,18.36,62.5,41.72547,3517,873,4950,1411,49.5,1.9722892,0.525,3960,1087,39.6,1.74598145,0.525,3105,459,33,1.218902,0.525,3007,311,33,1.069921,0.525,3212,623,33,1.36693406,0.525,3960,2680,39.6,3.007926,0.525,2985,214,33,0.9585621,0.525,2957,197,33,0.9305889,0.525,67.37501,64.75,99.99748,512,-1,485.785156,485.480469,0.3046875,0.5,7618.451,7618.951,0,0,0,0,0,0,0,0,0,0,0,0,512,600,1200,3000,63,0.974000037,1.30500007,0,5,16,57,2835,10451.9824,1001,1001,30,30,54,34,0,0,60.2,52.825,1.09,11328.2422,359.730469,50.4849777,0,0,0,0.304234922,0,0,0,0,0,0,0,0,0,66.75,64,16376,4746,11629,71.01405,175.485,9.939968E+07,23349248
05/24/2026 16:36:11,78,25,0,45,74,74,74,74,74,86,12.0960007,5.03,1.31000006,1.396,1.03000009,0.352000028,0.580000043,3.28400016,2.046,0,3.37200022,3.37200022,3.11600018,67,51.5,54.5,51.5,1666,432,0,554,0,0,0,0,0,0,67.19,21.88,4.69,1.56,10.94,53.12,3.12,3.12,20.7,67.19,41.90549,3986,907,5000,2422,50,2.8783958,0.55,4000,1141,40,1.82787263,0.55,3805,457,40,1.23972881,0.55,3765,333,40,1.09518468,0.55,3989,693,40,1.45167291,0.55,4000,1800,40,2.21587586,0.55,3672,215,40,0.979330838,0.55,3657,197,40,0.9440245,0.55,67.50001,60.5000038,99.9974747,512,-1,485.785156,485.480469,0.3046875,0.5,7618.451,7618.951,0,0,0,0,0,0,0,0,0,0,0,0,512,600,1200,3000,62,1.03500009,1.30500007,0,11,17,57,2835,10451.9824,1000,999,30,30,54,33,0,0,60.008,52.899,1.09,11328.2422,359.738281,50.47244,0,0,0,0.312002718,0,0,0,0,0,0,0,0,0,67.03125,66,16376,4746,11629,71.01405,174.406,8.784998E+07,24799232
05/24/2026 16:36:13,78,25,0,45,74,74,74,74,74,86,12.0960007,5.03,1.31000006,1.396,1.028,0.366000026,0.580000043,3.28400016,2.046,0,3.37200022,3.37200022,3.11600018,67,51.5,54.5,51.5,1641,422,0,566,0,0,0,0,0,0,60.94,15.62,6.25,0,3.12,26.56,0,0,14.06,60.94,41.57863,3890,879,4000,2355,40,2.77631354,0.53125,4000,1098,40,1.75570107,0.53125,3777,438,40,1.197183,0.53125,3685,337,40,1.06580293,0.53125,3995,661,40,1.40468633,0.53125,5000,1737,50,2.17004323,0.525,3030,218,33.3333321,0.9642024,0.525,3631,191,40.2,0.9184152,0.51875,67.37501,63.2500038,99.99747,512,-1,485.785156,485.480469,0.3046875,0.5,7618.451,7618.951,0,0,0,0,0,0,0,0,0,0,0,0,512,600,1200,3000,62,0.979000032,1.30500007,0,10,17,57,2835,10451.9824,1001,1000,30,30,54,33,0,0,60.564,51.222,1.09,11328.2422,359.738281,50.5452156,0,0,0,0.315238655,0,0,0,0,0,0,0,0,0,67.28125,66,16376,4746,11629,71.01405,175.395,8.484966E+07,2.24E+07
05/24/2026 16:36:15,78,25,0,45,74,74,74,74,74,86,12.0960007,5.04,1.31000006,1.396,1.03800011,0.358,0.580000043,3.28400016,2.046,0,3.37600017,3.37200022,3.11600018,67,51.5,54.5,51.5,1655,422,0,567,0,0,0,0,0,0,50,26.56,7.81,7.81,15.62,28.12,3.12,3.12,17.77,50,41.6178856,3869,887,3900,2429,39,2.85300159,0.525,4875,1081,48.75,1.750158,0.525,3744,463,39,1.22511053,0.525,3627,327,39,1.06561267,0.525,3893,631,39,1.369182,0.525,3900,1796,39,2.22500467,0.525,3515,202,39,0.950898767,0.525,3499,167,39,0.9045432,0.525,67.50001,61.7500038,99.99748,512,-1,485.785156,485.480469,0.3046875,0.5,7618.451,7618.951,0,0,0,0,0,0,0,0,0,0,0,0,512,600,1200,3000,62,1,1.30500007,0,15,17,57,2835,10451.9824,1001,1001,30,30,54,33,0,0,60.735,54.69,1.09,11328.2422,359.738281,50.4768257,0,0,0,0.2977653,0,0,0,0,0,0,0,0,0,65.6875,66,16376,4746,11629,71.01405,176.503,106349568,23849984
05/24/2026 16:36:17,78,25,0,45,74,74,74,74,74,86,12.0960007,5.03,1.31000006,1.39200008,1.024,0.352000028,0.580000043,3.28400016,2.046,0,3.37200022,3.36800027,3.11200023,67,51,54.5,51.5,1664,432,0,553,0,0,0,0,0,0,28.57,22.22,4.76,3.17,9.52,36.51,3.17,1.59,13.69,36.51,41.7057,4640,880,4850,1625,48.5,2.14647555,0.55,4850,1248,48.5,1.91332662,0.55,4603,427,48.5,1.190684,0.55,4465,334,48.5,1.07528675,0.55,4814,623,48.5,1.34874141,0.55,4850,2370,48.5,2.7289958,0.55,4359,228,48.5,0.9739248,0.55,4331,181,48.5,0.921876132,0.55,67.12501,60.8750038,99.99748,512,-1,485.785156,485.480469,0.3046875,0.5,7618.451,7618.951,0,0,0,0,0,0,0,0,0,0,0,0,512,600,1200,3000,62,0.960000038,1.30500007,0,9,16,57,2835,10451.9824,1005,1002,30,30,53,33,0,0,60.832,54.01,1.09,11328.2422,359.5078,50.0613556,0,0,0,0.300399244,0,0,0,0,0,0,0,0,0,68.90625,66,16376,4746,11629,71.01405,174.934,106549248,22049792
05/24/2026 16:36:19,78,25,0,45,73,73,73,73,73,85,12.0960007,5.03,1.30800009,1.396,1.026,0.34800002,0.580000043,3.28400016,2.046,0,3.36800027,3.36800027,3.11200023,66,51,54.5,51.5,1648,433,0,567,0,0,0,0,0,0,26.56,21.88,4.69,1.56,9.38,35.94,4.69,1.56,13.28,35.94,41.5341377,3909,871,3920,1512,39.2,1.990773,0.5625,3960,1216,39.6,1.85313761,0.56875,3745,485,39.6,1.22418392,0.56875,3642,328,39.6,1.067162,0.56875,3927,618,39.6,1.351084,0.56875,4950,2383,49.5,2.80255461,0.56875,3596,256,39.6,0.9864066,0.56875,3532,168,39.6,0.9035056,0.56875,66.87501,64.625,99.99748,512,-1,485.785156,485.480469,0.3046875,0.5,7618.451,7618.951,0,0,0,0,0,0,0,0,0,0,0,0,512,600,1200,3000,62,0.979000032,1.30500007,0,7,16,58,2835,10451.9824,1011,1010,31,31,54,33,0,0,61.178,55.586,1.09,11328.2422,359.5078,50.50949,0,0,0,0.298051238,0,0,0,0,0,0,0,0,0,69.03125,66,16376,4746,11629,71.01405,174.541,108499968,23199744
05/24/2026 16:36:21,77,25,0,45,72,72,72,72,72,85,12.0960007,5.03,1.31000006,1.39200008,1.034,0.36,0.580000043,3.28400016,2.046,0,3.36800027,3.36800027,3.11200023,66,51,54.5,51.5,1632,423,0,553,0,0,0,0,0,0,35.94,20.31,4.69,3.12,10.94,45.31,0,0,15.04,45.31,41.7495232,3515,887,5050,1627,50.5,2.14351439,0.53125,3367,1157,33.6666679,1.86081338,0.53125,3171,444,33.6666679,1.21329069,0.53125,3101,318,33.6666679,1.07066643,0.53125,3328,643,33.6666679,1.39628136,0.53125,4040,2497,40.4,2.88493514,0.53125,3032,213,33.6666679,0.9717035,0.53125,3032,194,33.6666679,0.939834654,0.53125,67.12501,66.125,99.99748,512,-1,485.785156,485.480469,0.3046875,0.5,7618.451,7618.951,0,0,0,0,0,0,0,0,0,0,0,0,512,600,1200,3000,62,0.984,1.30500007,0,5,16,58,2835,10451.9824,1019,1016,31,31,54,34,0,0,62.322,61.873,1.09,11328.2422,359.5078,50.4667244,0,0,0,0.288749367,0,0,0,0,0,0,0,0,0,67.8125,64,16376,4746,11629,71.01405,176.422,106049536,2.324992E+07
05/24/2026 16:36:23,77,25,0,45,75,75,75,75,75,87,12.12,5.03,1.31000006,1.39200008,1.05800009,0.364000022,0.580000043,3.288,2.046,0,3.37200022,3.36800027,3.11600018,77,51.5,54.5,51.5,1646,422,0,551,0,0,0,0,0,0,71.88,3.12,0,1.54,4.62,37.5,3.08,0,15.22,71.88,40.7988625,4189,732,5025,3465,50.25,4.07840872,0.51875,5007,206,50.25,0.297587931,0.51875,3674,79,40.2,0.169320479,0.51875,3651,74,40.2,0.14832364,0.51875,3973,171,40.2,0.228763089,0.51875,5025,1751,50.25,2.27631474,0.51875,3656,65,40.2,0.131318748,0.51875,3504,41,40.2,0.108606584,0.51875,78.00001,60.5000038,99.9974747,512,-1,485.785156,485.480469,0.3046875,0.5,7618.451,7618.951,0,0,0,0,0,0,0,0,0,0,0,0,512,600,1200,3000,62,1.064,1.30500007,0,9,17,50,2835,10451.9824,1026,1025,31,31,10,4,0,0,26.837,60.939,1.09,11870.0078,355.9961,2.31413031,0,0,0,0.0565482751,0,0,0,0,0,2.32594538,0,0,0,63.125,62,16376,4205,12170,74.32206,62.375,275449856,6.714982E+07
05/24/2026 16:36:25,78,25,0,45,78,78,78,79,79,91,12.0960007,5.03,1.31000006,1.39200008,1.0480001,0.364000022,0.580000043,3.288,2.046,0,3.37200022,3.36800027,3.11200023,74,51.5,54.5,51.5,1666,430,0,567,0,0,0,0,0,0,48.44,18.75,3.12,9.38,4.69,50,3.12,1.56,17.38,50,41.6422157,3888,962,4850,2196,48.5,2.36517072,0.61875,4850,956,48.5,1.66038239,0.61875,3022,447,32.3333321,1.11479115,0.61875,2998,328,32.3333321,0.941514552,0.61875,4582,622,48.5,1.34783709,0.61875,4850,2683,48.5,2.35811567,0.61875,2949,233,32.3333321,0.8350473,0.61875,3001,233,32.3333321,0.813653052,0.61875,74.12501,60.8750038,99.9974747,512,-1,485.785156,485.480469,0.3046875,0.5,7618.451,7618.951,0,0,0,0,0,0,0,0,0,0,0,0,512,600,1200,3000,62,0.799,1.30500007,0,2,17,61,2835,10451.9824,1040,1041,42,42,62,36,0,0,64.008,70.738,1.09,11881,355.9961,84.0461,0,0,0,0.08078787,0,0,0,0,0,0.85675925,0,0,0,67,68,16376,4194,12181,74.38923,282.839,1.670994E+08,23849984
05/24/2026 16:36:27,80,25,0,45,82,82,82,83,83,92,12.0960007,5.03,1.31000006,1.39200008,1.052,0.366000026,0.580000043,3.28400016,2.046,0,3.37200022,3.36800027,3.11200023,71,51,54.5,51.5,1664,430,0,567,0,0,0,0,0,0,54.69,18.75,6.25,4.69,12.5,42.19,0,3.12,17.77,54.69,42.5306435,3931,1006,4850,2491,48.5,2.80398273,0.54375,4790,1052,49.5,1.78254151,0.6125,3627,507,39.6,1.30119014,0.6125,3584,378,39.6,1.15634561,0.6125,3621,665,39.6,1.43236184,0.6125,5000,2463,50,2.452824,0.5375,2986,260,33.3333321,1.05627775,0.5375,2991,232,33.3333321,1.02540863,0.5375,71.50001,60.8750038,99.99749,512,-1,485.785156,485.480469,0.3046875,0.5,7618.451,7618.951,0,0,0,0,0,0,0,0,0,0,0,0,512,600,1200,3000,62,1.05500007,1.30500007,0,11,17,57,2835,10451.9824,1175,1166,42,42,57,35,0,0,61.849,54.222,1.09,11881,355.9961,50.32898,0,0,0,0.27481246,0,0,0,0,0,0,0,0,0,67.28125,66,16376,4194,12181,74.38923,174.847,111199232,20699136
05/24/2026 16:36:29,81,25,0,45,80,80,80,80,80,90,12.0960007,5.03,1.31000006,1.39200008,1.052,0.364000022,0.580000043,3.288,2.046,0,3.37200022,3.36800027,3.11600018,69,51.5,54,51.5,1664,429,0,553,0,0,0,0,0,0,56.25,26.56,12.5,3.12,9.38,51.56,1.56,3.12,20.51,56.25,42.6329575,3610,1020,5050,2414,50.5,2.76730967,0.525,3308,1164,33.6666679,1.85613024,0.525,3068,507,33.6666679,1.31443214,0.525,3035,347,33.6666679,1.15017939,0.525,3089,693,33.6666679,1.47866964,0.525,4040,2509,40.4,2.47960925,0.525,3653,289,40.4,1.0942024,0.525,3634,239,40.4,1.03462839,0.53125,69.62501,64.75,99.99748,512,-1,485.785156,485.480469,0.3046875,0.5,7618.451,7618.951,0,0,0,0,0,0,0,0,0,0,0,0,512,600,1200,3000,61,1.05500007,1.30500007,0,6,16,57,2835,10451.9824,1284,1290,42,42,58,35,0,0,61.874,66.978,1.09,11881,355.9961,50.6382,0,0,0,0.26429528,0,0,0,0,0,0,0,0,0,64.9375,66,16376,4194,12181,74.38923,176.107,132849664,26499072
05/24/2026 16:36:31,82,25,0,45,78,78,78,78,78,89,12.0960007,5.03,1.31000006,1.396,1.046,0.354,0.580000043,3.288,2.046,0,3.37200022,3.36800027,3.11200023,68,51.5,54,51.5,1694,419,0,566,0,0,0,0,0,0,37.5,28.12,9.38,1.56,10.94,71.88,4.69,3.12,20.9,71.88,42.66442,3988,1040,3920,1881,39.2,2.22062087,0.54375,3845,1178,39.2,1.83832049,0.54375,4467,493,49,1.30181813,0.54375,4466,347,49,1.15502775,0.54375,4482,708,49,1.4678427,0.54375,4900,3238,49,3.12465978,0.56875,2938,271,32.6666679,1.0599184,0.56875,2888,204,32.6666679,0.9972247,0.56875,68.62501,60.8750038,99.99748,512,-1,485.785156,485.480469,0.3046875,0.5,7618.451,7618.951,0,0,0,0,0,0,0,0,0,0,0,0,512,600,1200,3000,62,1.05500007,1.30500007,0,6,16,57,2835,10451.9824,1336,1342,42,42,57,35,0,0,61.051,64.593,1.09,11881,355.9961,50.61321,0,0,0,0.248759747,0,0,0,0,0,0,0,0,0,64.8125,66,16376,4194,12181,74.38923,175.327,133399552,26949632
05/24/2026 16:36:33,81,25,0,45,76,76,76,76,76,87,12.0960007,5.03,1.31000006,1.39200008,1.046,0.364000022,0.580000043,3.28000021,2.046,0,3.37200022,3.36800027,3.11600018,68,51.5,54.5,51.5,1678,418,0,551,0,0,0,0,0,0,46.15,32.31,4.62,3.08,9.23,61.54,4.62,3.08,20.58,61.54,43.0263863,3966,1062,4000,1963,40,2.277882,0.54375,4892,1260,49.5,1.99286151,0.525,3607,482,39.6,1.30589664,0.525,3554,343,39.6,1.157657,0.525,3652,733,39.6,1.52593124,0.525,4950,3253,49.5,3.25395966,0.525,3529,242,39.6,1.04289949,0.525,3547,219,39.6,1.026828,0.525,68.37501,60.8750038,99.99748,512,-1,485.785156,485.480469,0.3046875,0.5,7618.451,7618.951,0,0,0,0,0,0,0,0,0,0,0,0,512,600,1200,3000,62,1.05500007,1.30500007,0,9,16,57,2835,10451.9824,1346,1349,42,42,57,34,0,0,60.611,63.672,1.09,11881,355.9961,50.73206,0,0,0,0.2466372,0,0,0,0,0,0,0,0,0,67,66,16376,4194,12181,74.38923,174.475,145499136,2.684928E+07
05/24/2026 16:36:35,80,25,0,45,76,76,76,76,76,87,12.0960007,5.03,1.31000006,1.396,1.052,0.350000024,0.580000043,3.28000021,2.046,0,3.37200022,3.36800027,3.11200023,68,51.5,54.5,51.5,1668,418,0,551,0,0,0,0,0,0,45.31,25,9.38,7.69,7.81,73.44,3.17,0,21.48,73.44,43.2030029,3734,1076,4020,2138,40.2,2.510095,0.53125,3978,1258,40.2,2.01228166,0.53125,3046,486,33.5,1.317709,0.53125,3016,341,33.5,1.174973,0.53125,3702,756,40.2,1.54592156,0.53125,5000,3175,50,3.111652,0.53125,3540,229,40,1.0550828,0.53125,3572,228,40,1.04534638,0.53125,68.37501,61.3750038,99.99748,512,-1,485.785156,485.480469,0.3046875,0.5,7618.451,7618.951,0,0,0,0,0,0,0,0,0,0,0,0,512,600,1200,3000,63,1.04500008,1.30500007,0,12,16,57,2835,10451.9824,1344,1347,42,42,57,34,0,0,62.228,68.07,1.09,11881,355.9961,50.96204,0,0,0,0.258116931,0,0,0,0,0,0,0,0,0,67.5625,66,16376,4194,12181,74.38923,176.005,1.323991E+08,22649856
05/24/2026 16:36:37,80,25,0,45,76,76,76,76,76,87,12.0960007,5.03,1.31000006,1.396,1.044,0.366000026,0.580000043,3.28400016,2.046,0,3.37200022,3.36800027,3.11600018,68,51,54.5,51.5,1659,419,0,565,0,0,0,0,0,0,62.5,26.56,7.81,6.25,15.62,59.38,4.69,6.25,23.63,62.5,43.1637421,3715,1059,3980,2399,39.8,2.70232129,0.53125,3898,1136,39.8,1.85103762,0.53125,3635,505,39.8,1.32388568,0.53125,3601,326,39.8,1.15070248,0.53125,3664,788,39.8,1.564511,0.53125,5000,2877,50,2.844673,0.53125,2983,251,33.3333321,1.06240273,0.53125,2958,190,33.3333321,0.996501267,0.53125,68.50001,61.2500038,99.9975,512,-1,485.785156,485.480469,0.3046875,0.5,7618.451,7618.951,0,0,0,0,0,0,0,0,0,0,0,0,512,600,1200,3000,63,1.03500009,1.30500007,0,11,17,58,2835,10451.9824,1342,1342,42,42,58,35,0,0,62.28,60.451,1.09,11881,355.9961,52.15349,0,0,0,0.272107959,0,0,0,0,0,0,0,0,0,64.625,66,16376,4194,12181,74.38923,180.821,140399616,23199744
05/24/2026 16:36:39,80,25,0,45,76,76,76,76,76,87,12.0720005,5.03,1.31000006,1.396,1.052,0.36,0.580000043,3.288,2.046,0,3.36800027,3.36800027,3.11600018,68,51,54.5,51.5,1668,428,0,552,0,0,0,0,0,0,60.94,29.69,9.38,10.94,18.75,53.12,3.12,1.56,23.44,60.94,43.08453,3885,1060,5000,2625,50,3.086882,0.54375,3967,1331,40.2,2.01788974,0.54375,3675,525,40.2,1.35587728,0.54375,3626,354,40.2,1.16804707,0.54375,3694,756,40.2,1.54409444,0.54375,4020,2469,40.2,2.395078,0.54375,3552,237,40.2,1.038466,0.54375,3545,185,40.2,0.987613559,0.54375,68.37501,67.5,99.9974747,512,-1,485.785156,485.480469,0.3046875,0.5,7618.451,7618.951,0,0,0,0,0,0,0,0,0,0,0,0,512,600,1200,3000,62,1.03500009,1.30500007,0,12,16,58,2835,10451.9824,1337,1337,42,42,57,34,0,0,61.62,69.904,1.09,11881,355.9961,52.17754,0,0,0,0.247919962,0,0,0,0,0,0,0,0,0,64.4375,66,16376,4194,12181,74.38923,179.341,1.450496E+08,19899392
05/24/2026 16:36:41,80,25,0,45,76,76,76,76,76,87,12.0960007,5.03,1.30800009,1.39200008,1.05000007,0.364000022,0.580000043,3.28000021,2.046,0,3.36800027,3.36800027,3.11200023,68,51,54.5,51.5,1655,428,0,565,0,0,0,0,0,0,60.94,25,9.38,6.25,15.62,42.19,1.56,1.56,20.31,60.94,43.05528,3813,1038,3940,2774,39.4,3.02359176,0.55625,4861,1260,49.25,1.92511868,0.55625,3614,511,39.4,1.33440518,0.55625,3571,351,39.4,1.15636444,0.55625,3616,690,39.4,1.490187,0.55625,4975,2261,49.75,2.3279624,0.55625,2985,268,33.1666679,1.067465,0.55625,2941,187,33.1666679,0.9653,0.55625,68.25001,60.8750038,99.99748,512,-1,485.785156,485.480469,0.3046875,0.5,7618.451,7618.951,0,0,0,0,0,0,0,0,0,0,0,0,512,600,1200,3000,62,1.03000009,1.30500007,0,11,16,58,2835,10451.9824,1337,1336,42,42,56,34,0,0,61.943,72.693,1.09,11881,355.9961,51.71822,0,0,0,0.244696692,0,0,0,0,0,0,0,0,0,67.28125,66,16376,4194,12181,74.38923,179.127,9.499955E+07,22049792
05/24/2026 16:36:43,80,25,0,45,76,76,76,76,76,87,12.0720005,5.02000046,1.31000006,1.39200008,1.046,0.356,0.580000043,3.28400016,2.046,0,3.36800027,3.36800027,3.11200023,68,51,54.5,51.5,1648,428,0,552,0,0,0,0,0,0,50.77,18.46,7.81,3.12,12.5,53.85,1.56,3.12,18.9,53.85,42.91668,3576,1045,4000,2423,40,2.7213335,0.53125,3963,1356,40,2.02789974,0.53125,3025,479,33.3333321,1.29510057,0.5375,3031,370,33.3333321,1.17179883,0.5375,3667,712,40,1.49561572,0.5375,5000,2612,50,2.63208842,0.5375,2951,216,33.3333321,1.01700258,0.5375,2968,194,33.3333321,0.9767764,0.5375,68.00001,61.3750038,99.99749,512,-1,485.785156,485.480469,0.3046875,0.5,7618.451,7618.951,0,0,0,0,0,0,0,0,0,0,0,0,512,600,1200,3000,63,1.04500008,1.30500007,0,9,16,58,2835,10451.9824,1332,1334,42,42,57,34,0,0,62.636,74.22,1.09,11881,355.9961,52.036602,0,0,0,0.247390777,0,0,0,0,0,0,0,0,0,67.625,66,16376,4194,12181,74.38923,181.496,112249856,2.044928E+07
05/24/2026 16:36:45,80,25,0,45,76,76,76,76,76,87,12.0960007,5.03,1.31000006,1.396,1.0480001,0.352000028,0.580000043,3.28400016,2.046,0,3.37200022,3.37200022,3.11200023,68,51.5,54.5,51.5,1652,427,0,552,0,0,0,0,0,0,39.06,31.25,9.38,4.69,10.94,62.5,0,0,19.73,62.5,42.90409,3637,1057,3960,2197,39.6,2.47470284,0.55,3947,1253,39.6,1.972741,0.55,3620,490,39.6,1.30520773,0.55,2994,335,33,1.15635681,0.55,3614,726,39.6,1.5216583,0.55,5000,3046,50,3.076495,0.55625,2984,214,33.3333321,1.02630723,0.55625,2978,193,33.3333321,0.986835659,0.55625,68.37501,62.2500038,99.99748,512,-1,485.785156,485.480469,0.3046875,0.5,7618.451,7618.951,0,0,0,0,0,0,0,0,0,0,0,0,512,600,1200,3000,63,1.06000006,1.30500007,0,9,16,60,2835,10451.9824,1332,1332,42,42,64,36,0,0,69.556,82.317,1.09,11881,355.9961,58.0794373,0,0,0,0.243513778,0,0,0,0,0,0,0,0,0,66.375,66,16376,4194,12181,74.38923,192.768,9.914982E+07,25899008
05/24/2026 16:36:47,80,25,0,45,76,76,76,76,76,87,12.0960007,5.03,1.31000006,1.396,1.0480001,0.350000024,0.580000043,3.288,2.046,0,3.37200022,3.37200022,3.11600018,68,51.5,54.5,51.5,1666,419,0,566,0,0,0,0,0,0,42.19,26.56,12.5,7.81,12.5,62.5,9.38,6.25,22.46,62.5,42.6842346,3997,1047,5000,2229,50,2.27256918,0.54375,3955,1226,40,1.899017,0.54375,3647,496,40,1.29617512,0.54375,3649,334,40,1.14635623,0.54375,3686,724,40,1.50709474,0.54375,4950,2948,49.5,3.08585477,0.54375,3560,232,39.6,1.03048956,0.54375,3532,184,39.6,0.971174538,0.54375,68.25001,61.3750038,99.99748,512,-1,485.785156,485.480469,0.3046875,0.5,7618.451,7618.951,0,0,0,0,0,0,0,0,0,0,0,0,512,600,1200,3000,63,1.05500007,1.30500007,0,11,17,60,2835,10451.9824,1331,1331,42,42,65,37,0,0,69.625,61.92,1.09,11881,356.1211,59.15621,0,0,0,0.247024775,0,0,0,0,0,0,0,0,0,69.75,66,16376,4194,12181,74.38923,202.381,6.684979E+07,21049344
05/24/2026 16:36:49,80,25,0,45,76,76,76,76,76,87,12.0960007,5.03,1.31000006,1.396,1.0480001,0.364000022,0.580000043,3.28400016,2.046,0,3.37200022,3.37200022,3.11600018,68,51.5,54.5,51.5,1678,418,0,552,0,0,0,0,0,0,37.5,23.44,9.38,15.62,15.62,60.94,3.12,1.56,20.9,60.94,42.9579773,3831,1060,4975,2105,49.75,2.349726,0.54375,3929,1271,39.8,1.92985725,0.54375,3618,485,39.8,1.30764878,0.54375,3596,338,39.8,1.15789914,0.54375,3651,715,39.8,1.50381815,0.54375,5000,3194,50,3.209375,0.525,2951,202,33.3333321,1.01799953,0.525,2930,173,33.3333321,0.972756445,0.525,68.50001,61.3750038,99.99748,512,-1,485.785156,485.480469,0.3046875,0.5,7618.451,7618.951,0,0,0,0,0,0,0,0,0,0,0,0,512,600,1200,3000,63,1.03500009,1.30500007,0,16,17,59,2835,10451.9824,1331,1329,42,42,60,35,0,0,65.188,75.822,1.09,11881,356.1211,58.526123,0,0,0,0.246348679,0,0,0,0,0,0,0,0,0,66.84375,66,16376,4194,12181,74.38923,203.368,112949248,20649984
05/24/2026 16:36:51,80,25,0,45,76,76,76,76,76,87,12.0960007,5.03,1.31000006,1.396,1.05000007,0.350000024,0.580000043,3.288,2.046,0,3.37200022,3.37200022,3.11600018,68,51.5,54,51.5,1666,418,0,565,0,0,0,0,0,0,57.81,26.56,6.25,4.69,14.06,53.12,3.12,3.12,21.09,57.81,43.0432358,3865,1060,5000,2641,50,3.02629638,0.54375,3947,1371,40,2.00302052,0.54375,3621,468,40,1.30917525,0.54375,3562,292,40,1.11551285,0.54375,3656,721,40,1.5271523,0.54375,4000,2570,40,2.511986,0.54375,3580,234,40,1.04028225,0.54375,3555,181,40,0.9796569,0.54375,68.50001,67.5,99.9974747,512,-1,485.785156,485.480469,0.3046875,0.5,7618.451,7618.951,0,0,0,0,0,0,0,0,0,0,0,0,512,600,1200,3000,63,1.05000007,1.30500007,0,14,17,57,2835,10451.9824,1328,1330,42,42,58,34,0,0,64.852,72.921,1.09,11881,356.1211,54.067894,0,0,0,0.241331,0,0,0,0,0,0,0,0,0,64.5625,66,16376,4194,12181,74.38923,187.621,121949184,20199424
05/24/2026 16:36:53,80,25,0,45,76,76,76,76,76,87,12.0960007,5.03,1.31000006,1.396,1.054,0.36,0.580000043,3.292,2.046,0,3.37200022,3.37200022,3.11600018,68,51.5,54.5,51.5,1668,419,0,552,0,0,0,0,0,0,48.44,28.12,3.12,10.77,10.94,37.5,6.15,1.54,18.32,48.44,43.3240356,3730,1052,4000,2660,40,3.02320814,0.55,3990,1425,40,2.05285645,0.55,3634,500,40,1.3303417,0.55,3620,343,40,1.15903449,0.55,3693,728,40,1.5476166,0.55,5000,2348,50,2.3222332,0.55,2933,200,33.3333321,1.00736332,0.55,2970,210,33.3333321,1.00370228,0.55,68.37501,61.8750038,99.9975,512,-1,485.785156,485.480469,0.3046875,0.5,7618.451,7618.951,0,0,0,0,0,0,0,0,0,0,0,0,512,600,1200,3000,62,1.05000007,1.30500007,0,12,17,57,2835,10451.9824,1330,1329,42,41,58,34,0,0,64.376,71.619,1.09,11881,356.1211,53.82744,0,0,0,0.2467018,0,0,0,0,0,0,0,0,0,67.84375,66,16376,4194,12181,74.38923,185.788,112849920,20799488
05/24/2026 16:36:55,80,25,0,45,76,76,76,76,76,87,12.12,5.03,1.31000006,1.396,1.06000006,0.358,0.580000043,3.288,2.046,0,3.37200022,3.37200022,3.11600018,69,51.5,54.5,51.5,1666,428,0,551,0,0,0,0,0,0,29.69,14.06,3.17,1.59,9.38,75,1.59,1.59,17.01,75,41.98348,3545,897,3960,1743,39.6,1.99263942,0.5375,3877,771,39.6,1.14419484,0.5375,2995,292,33,0.76213485,0.5375,2968,190,33,0.660658062,0.5375,3649,402,39.6,0.874293447,0.5375,5025,3565,50.25,4.08886242,0.525,2938,106,33.5,0.5179644,0.525,2950,104,33.5,0.512332439,0.525,74.37501,75,99.99748,512,-1,485.785156,485.480469,0.3046875,0.5,7618.451,7618.951,0,0,0,0,0,0,0,0,0,0,0,0,512,600,1200,3000,63,1.05000007,1.30500007,0,8,16,51,2835,10451.9824,1329,1328,41,41,0,0,0,0,20.193,21.682,1.085,11881,356.1211,25.8205624,0,0,0,0.116772875,0,0,0,0,0,0,0,0,0,61.8125,62,16376,4194,12181,74.38923,156.103,599040,299008
05/24/2026 16:36:57,81,25,0,45,79,79,79,80,80,91,12.0960007,5.03,1.31000006,1.39200008,1.03000009,0.34800002,0.580000043,3.28400016,2.046,0,3.37200022,3.36800027,3.11600018,74,51.5,54,51.5,1683,428,0,551,0,0,0,0,0,0,37.5,26.56,9.38,6.25,18.75,45.31,3.12,1.56,18.55,45.31,42.6388931,4086,979,4850,2190,48.5,2.40184569,0.6125,4850,1207,48.5,1.93330109,0.6125,4502,432,48.5,1.22014618,0.6125,3036,376,32.3333321,1.10771823,0.6125,4669,721,48.5,1.5167762,0.6125,4850,2486,48.5,2.48531532,0.6125,2960,225,32.3333321,0.953108847,0.6125,2967,193,32.3333321,0.911294043,0.6125,73.37501,61.8750038,99.99749,512,-1,485.785156,485.480469,0.3046875,0.5,7618.451,7618.951,0,0,0,0,0,0,0,0,0,0,0,0,512,600,1200,3000,62,0.979000032,1.30500007,0,7,16,61,2835,10451.9824,1327,1327,41,41,99,57,0,1,93.102,92.595,1.09,12405.8633,356.1211,94.3762,0,0,0,0.0535328537,0,0,0,0,0,0,0,0,0,73.5625,66,16376,3669,12706,77.59409,238.001,151249920,63099904
05/24/2026 16:36:59,82,25,0,45,82,82,82,82,82,91,12.0720005,5.03,1.31000006,1.39200008,1.046,0.350000024,0.580000043,3.28400016,2.046,0,3.37200022,3.37200022,3.11600018,71,51.5,54,51.5,1687,428,0,566,0,0,0,0,0,0,57.14,23.81,7.94,4.76,19.05,52.38,6.35,0,21.43,57.14,43.6937065,4082,1117,3920,2611,39.2,2.64127755,0.55625,3920,1152,39.2,1.83595455,0.55625,3777,572,39.8,1.32292974,0.54375,3725,434,39.8,1.15818429,0.54375,4835,873,49.75,1.56764174,0.54375,4975,2631,49.75,2.69020152,0.54375,3759,385,39.8,1.06628668,0.54375,3745,279,39.8,0.9652561,0.54375,70.87501,62.7500038,99.99748,512,-1,485.785156,485.480469,0.3046875,0.5,7618.451,7618.951,0,0,0,0,0,0,0,0,0,0,0,0,512,600,1200,3000,63,1.05000007,1.30500007,0,13,17,61,2835,10451.9824,1323,1324,41,41,97,57,0,0,88.018,86.386,1.09,12405.8672,356.730469,93.09489,0,0,0,0.01733879,0,0,0,0,0,0.04006067,0,0,0,72.125,68,16376,3669,12706,77.59409,251.007,229849088,7.049933E+07
05/24/2026 16:37:01,83,25,0,45,80,80,80,80,80,90,12.0720005,5.03,1.31000006,1.39200008,1.054,0.364000022,0.580000043,3.28000021,2.046,0,3.37200022,3.37200022,3.11600018,69,51,54,51.5,1724,427,0,551,0,0,0,0,0,0,60.94,26.56,12.5,10.77,18.75,53.12,10.77,6.15,24.95,60.94,44.5938339,4254,1223,5000,3274,50,3.175576,0.525,4000,1288,40,1.91635823,0.525,3856,623,40,1.384012,0.525,3847,503,40,1.1979202,0.525,4877,903,50,1.6476928,0.525,5000,2558,50,2.69648647,0.525,3697,338,40,1.040044,0.525,3751,300,40,0.9435683,0.525,69.62501,61.8750038,99.9974747,512,-1,485.785156,485.480469,0.3046875,0.5,7618.451,7618.951,0,0,0,0,0,0,0,0,0,0,0,0,512,600,1200,3000,63,1.06000006,1.30500007,0,13,16,61,2835,10451.9824,1322,1323,42,42,97,57,0,1,87.572,88.647,1.09,12405.8672,357.210938,92.04696,0,0,0,0.0170942,0,0,0,0,0,0.00730896834,0,0,0,71.75,68,16376,3669,12706,77.59409,248.159,2.753495E+08,46249984
05/24/2026 16:37:03,82,25,0,45,78,78,78,78,78,89,12.0720005,5.03,1.30800009,1.39200008,1.05000007,0.366000026,0.580000043,3.28000021,2.046,0,3.36800027,3.37200022,3.11600018,69,51.5,54,51.5,1699,427,0,563,0,0,0,0,0,0,56.92,24.62,12.31,4.62,21.54,60,4.62,1.54,23.27,60,44.616,4001,1229,5000,2993,50,3.02275443,0.54375,4000,1340,40,1.98775172,0.55,3842,654,40,1.39513373,0.55,3767,436,40,1.157003,0.55,3892,907,40,1.61115789,0.55,4000,2840,40,2.91060781,0.55,3746,368,40,1.06961858,0.55,3759,295,40,0.974284947,0.55,69.00001,64.75,99.99748,512,-1,485.785156,485.480469,0.3046875,0.5,7618.451,7618.951,0,0,0,0,0,0,0,0,0,0,0,0,512,600,1200,3000,62,1.03500009,1.30500007,0,14,17,62,2835,10451.9824,1326,1328,42,42,96,57,0,1,87.143,86.749,1.09,12405.8672,358.640625,92.29728,0,0,0,0.0127321444,0,0,0,0,0,0.06513362,0,0,0,72.34375,68,16376,3669,12706,77.59409,248.634,304599040,119749632
05/24/2026 16:37:05,81,25,0,45,76,76,76,76,76,87,12.0960007,5.03,1.31000006,1.396,1.054,0.364000022,0.580000043,3.28400016,2.046,0,3.36800027,3.36800027,3.11600018,68,51,54,51.5,1678,418,0,550,0,0,0,0,0,0,68.75,25,7.81,9.38,20.31,60.94,1.56,3.12,24.61,68.75,44.57619,4323,1232,4950,3259,49.5,3.09004569,0.54375,3960,1300,39.6,1.91300285,0.54375,4718,593,49.5,1.34051335,0.54375,3799,484,39.6,1.19435954,0.54375,4825,941,49.5,1.6424824,0.54375,4950,2573,49.5,2.7074964,0.54375,3662,368,39.6,1.05081141,0.54375,3719,342,39.6,0.9607358,0.54375,68.62501,61.8750038,99.9974747,512,-1,485.785156,485.480469,0.3046875,0.5,7618.451,7618.951,0,0,0,0,0,0,0,0,0,0,0,0,512,600,1200,3000,63,1.069,1.30500007,0,13,16,61,2835,10451.9824,1338,1340,42,42,97,57,0,1,87.269,87.963,1.09,12405.8672,358.640625,92.1015244,0,0,0,0.017355822,0,0,0,0,0,0,0,0,0,71.28125,68,16376,3669,12706,77.59409,249.414,3.715492E+08,8.324915E+07
05/24/2026 16:37:07,80,25,0,45,76,76,76,76,76,87,12.0720005,5.02000046,1.30800009,1.39200008,1.0480001,0.352000028,0.580000043,3.28400016,2.046,0,3.37200022,3.36800027,3.11200023,68,51.5,54,51.5,1675,418,0,552,0,0,0,0,0,0,65.62,21.88,14.06,7.81,21.88,53.12,6.25,6.25,24.61,65.62,44.45422,4286,1213,4900,3282,49,3.14806581,0.6,4900,1355,49,1.9577719,0.6,3733,610,39.2,1.3671242,0.6,3723,443,39.2,1.16110492,0.6,4812,917,49,1.6435653,0.6,4900,2429,49,2.59095716,0.6,3628,343,39.2,1.03649,0.6,3692,328,39.2,0.9760868,0.6,68.25001,61.3750038,99.99747,512,-1,485.785156,485.480469,0.3046875,0.5,7618.451,7618.951,0,0,0,0,0,0,0,0,0,0,0,0,512,600,1200,3000,62,1.064,1.30500007,0,13,17,61,2835,10451.9824,1353,1351,43,43,96,57,0,1,87.102,90.068,1.09,12405.8672,358.640625,92.6584244,0,0,0,0.0203090236,0,0,0,0,0,0,0,0,0,73.71875,68,16376,3669,12706,77.59409,248.439,328049664,7.779942E+07
05/24/2026 16:37:09,80,25,0,45,76,76,76,76,76,87,12.0720005,5.03,1.30800009,1.396,1.054,0.364000022,0.580000043,3.28400016,2.046,0,3.36800027,3.36800027,3.11600018,68,51.5,54,51.5,1652,418,0,566,0,0,0,0,0,0,75,18.75,9.38,7.81,17.19,39.06,7.81,4.69,22.46,75,44.3798065,3761,1213,5000,3259,50,3.17911482,0.54375,4000,1245,40,1.89783955,0.54375,3824,646,40,1.40647972,0.54375,3149,441,33.3333321,1.1631602,0.54375,3921,918,40,1.62497973,0.54375,4000,2507,40,2.59161448,0.54375,3088,418,33.3333321,1.07450843,0.54375,3106,269,33.3333321,0.9646664,0.54375,68.00001,63.7500038,99.99748,512,-1,485.785156,485.480469,0.3046875,0.5,7618.451,7618.951,0,0,0,0,0,0,0,0,0,0,0,0,512,600,1200,3000,63,1.064,1.30500007,0,12,16,61,2835,10451.9824,1363,1365,43,43,96,57,0,1,86.593,87.25,1.09,12405.8672,358.640625,92.74298,0,0,0,0.0129354782,0,0,0,0,0,0,0,0,0,73.15625,70,16376,3669,12706,77.59409,248.167,2.968494E+08,7.934976E+07
05/24/2026 16:37:11,79,25,0,45,76,76,76,76,76,87,12.0960007,5.03,1.31000006,1.396,1.0480001,0.352000028,0.580000043,3.288,2.046,0,3.37200022,3.36800027,3.11200023,68,51.5,54,51.5,1634,418,0,565,0,0,0,0,0,0,53.12,21.88,7.81,4.69,14.06,50,4.69,3.12,19.92,53.12,42.80457,3596,1058,5025,2695,50.25,3.072836,0.61875,3336,1184,33.5,1.92796469,0.61875,3083,531,33.5,1.358339,0.61875,3061,388,33.5,1.20279467,0.61875,3093,759,33.5,1.54800856,0.61875,4020,2428,40.2,2.48211217,0.61875,3589,275,40.2,1.087378,0.61875,3559,204,40.2,0.9996882,0.55625,68.50001,61.8750038,99.9974747,512,-1,485.785156,485.480469,0.3046875,0.5,7618.451,7618.951,0,0,0,0,0,0,0,0,0,0,0,0,512,600,1200,3000,63,1.05000007,1.30500007,0,13,16,58,2835,10451.9824,1378,1377,43,44,61,35,0,0,65.595,57.329,1.09,12249.8438,358.4453,54.9599075,0,0,0,0.249846891,0,0,0,0,0,0,0,0,0,68.3125,66,16376,3825,12550,76.64148,188.372,203099136,59249664
05/24/2026 16:37:13,80,25,0,45,76,76,76,76,76,87,12.0960007,5.03,1.31000006,1.396,1.046,0.356,0.580000043,3.28000021,2.046,0,3.37200022,3.36800027,3.11200023,68,51.5,54,51.5,1668,428,0,566,0,0,0,0,0,0,43.75,21.88,9.38,4.69,20.31,56.25,6.25,6.25,21.09,56.25,42.95149,3854,1053,3980,2358,39.8,2.74784136,0.54375,3948,1258,39.8,1.93705177,0.54375,3603,493,39.6,1.31748712,0.54375,3602,382,39.6,1.18999386,0.54375,3650,744,39.6,1.5175792,0.54375,4950,2728,49.5,2.69954371,0.54375,3552,259,39.6,1.06804633,0.54375,3551,202,39.6,1.00673735,0.54375,68.75001,61.3750038,99.99747,512,-1,485.785156,485.480469,0.3046875,0.5,7618.451,7618.951,0,0,0,0,0,0,0,0,0,0,0,0,512,600,1200,3000,63,1.04000008,1.30500007,0,9,16,57,2835,10451.9824,1380,1381,43,43,61,35,0,0,65.013,55.11,1.09,12249.8438,358.4453,54.5909958,0,0,0,0.24355562,0,0,0,0,0,0,0,0,0,67.78125,66,16376,3825,12550,76.64148,187.01,213899264,5.76E+07
05/24/2026 16:37:15,80,25,0,45,76,76,76,76,76,87,12.0960007,5.03,1.31000006,1.396,1.046,0.354,0.580000043,3.28000021,2.046,0,3.37200022,3.37200022,3.11600018,68,51.5,54,51.5,1662,428,0,552,0,0,0,0,0,0,49.21,26.98,12.7,3.17,11.11,57.14,3.17,3.17,20.83,57.14,42.82059,3717,1050,5025,2216,50.25,2.47229218,0.54375,3912,1206,40.2,1.84503746,0.54375,3082,565,33.5,1.3515265,0.54375,3075,433,33.5,1.23401654,0.54375,3698,728,40.2,1.50463665,0.54375,5000,2810,50,2.91593933,0.54375,2989,246,33.3333321,1.06034577,0.54375,2953,197,33.3333321,0.9912454,0.54375,68.87501,65.25,99.99747,512,-1,485.785156,485.480469,0.3046875,0.5,7618.451,7618.951,0,0,0,0,0,0,0,0,0,0,0,0,512,600,1200,3000,63,1.05000007,1.30500007,0,14,17,57,2835,10451.9824,1385,1387,43,43,48,32,0,0,50.548,43.934,1.09,12249.8359,355.8164,49.5975647,0,0,0,0.24465026,0,0,0,0,0,0.06397365,0,0,0,64.625,66,16376,3825,12550,76.64148,181.576,197049344,5.449933E+07
05/24/2026 16:37:17,81,25,0,45,78,78,78,78,78,89,12.0960007,5.03,1.31000006,1.396,1.046,0.358,0.580000043,3.288,2.046,0,3.37200022,3.37200022,3.11600018,69,51.5,54,51.5,1675,427,0,552,0,0,0,0,0,0,50,15.62,6.25,4.69,12.5,67.19,1.56,0,19.73,67.19,43.13263,3866,1066,3980,2437,39.8,2.518725,0.55,3902,1162,39.8,1.87546182,0.55,3621,479,39.8,1.29192686,0.55,3690,448,39.8,1.24560893,0.55,3679,717,39.8,1.51172316,0.55,4975,2845,49.75,3.0106616,0.55,3529,228,39.8,1.03537834,0.55,3550,214,39.8,1.01298213,0.55,69.00001,66,99.9974747,512,-1,485.785156,485.480469,0.3046875,0.5,7618.451,7618.951,0,0,0,0,0,0,0,0,0,0,0,0,512,600,1200,3000,62,1.05500007,1.30500007,0,10,17,54,2835,10451.9824,1383,1384,43,43,44,31,0,0,46.795,53.349,1.09,12249.8359,355.585938,38.31844,0,0,0,0.244538844,0,0,0,0,0,0,0,0,0,63.1875,66,16376,3825,12550,76.64148,134.341,2.808494E+08,54549504
05/24/2026 16:37:19,82,25,0,45,78,78,78,78,78,89,12.0960007,5.03,1.31000006,1.39200008,1.044,0.352000028,0.580000043,3.28400016,2.046,0,3.37200022,3.36800027,3.11600018,69,51.5,54,51.5,1671,428,0,566,0,0,0,0,0,0,50,28.12,6.25,7.81,17.19,53.12,4.69,1.56,21.09,53.12,43.3105125,3568,1057,4850,2169,48.5,2.300914,0.61875,3182,1101,32.3333321,1.828823,0.61875,2902,449,32.3333321,1.26195061,0.61875,2977,423,32.3333321,1.22053242,0.61875,3560,756,38.8,1.53050518,0.61875,3980,3079,39.8,3.22880363,0.6375,3554,262,39.8,1.05656826,0.6375,3540,217,39.8,1.01058865,0.6375,69.00001,61.8750038,99.99748,512,-1,485.785156,485.480469,0.3046875,0.5,7618.451,7618.951,0,0,0,0,0,0,0,0,0,0,0,0,512,600,1200,3000,63,1.05500007,1.30500007,0,10,16,54,2835,10451.9824,1380,1381,43,43,44,31,0,0,47.007,41.318,1.09,12249.8359,355.585938,38.537014,0,0,0,0.2424411,0,0,0,0,0,0,0,0,0,62.84375,66,16376,3825,12550,76.64148,135.972,199349248,56249344
05/24/2026 16:37:21,82,25,0,45,78,78,78,78,78,89,12.0960007,5.03,1.31000006,1.396,1.044,0.350000024,0.580000043,3.28400016,2.046,0,3.37200022,3.36800027,3.11600018,69,51.5,54,51.5,1685,418,0,552,0,0,0,0,0,0,48.44,21.88,7.81,7.81,20.31,53.12,3.12,4.69,20.9,53.12,43.22454,3563,1057,4900,2433,49,2.77754521,0.55,3811,1208,39.2,1.85330808,0.55,2988,531,32.6666679,1.33518267,0.55,2974,409,32.6666679,1.20081651,0.55,3014,782,32.6666679,1.54661715,0.55,4950,2656,49.5,2.559181,0.55625,2934,236,33,1.03827453,0.55625,2936,199,33,0.992008,0.55625,68.87501,66.125,99.9974747,512,-1,485.785156,485.480469,0.3046875,0.5,7618.451,7618.951,0,0,0,0,0,0,0,0,0,0,0,0,512,600,1200,3000,63,1.005,1.30500007,0,13,17,54,2835,10451.9824,1375,1378,43,43,44,31,0,0,46.668,40.623,1.09,12249.8359,355.585938,38.263485,0,0,0,0.2431356,0,0,0,0,0,0,0,0,0,62.59375,64,16376,3825,12550,76.64148,135.305,199299072,5.444915E+07
05/24/2026 16:37:23,81,25,0,45,76,76,76,76,76,87,12.0960007,5.02000046,1.31000006,1.39200008,1.0480001,0.352000028,0.580000043,3.28400016,2.046,0,3.37200022,3.36800027,3.11200023,68,51.5,54,51.5,1690,418,0,566,0,0,0,0,0,0,59.38,28.12,17.19,7.81,10.94,62.5,12.5,9.38,25.98,62.5,43.3487,3806,1079,4900,2615,49,3.03794837,0.55625,3837,1167,39.2,1.89150715,0.55625,3562,516,39.2,1.331551,0.55625,3585,396,39.2,1.21545029,0.55625,3619,795,39.2,1.58092093,0.55625,4975,2613,49.75,2.46471882,0.60625,2985,307,33.1666679,1.09632945,0.60625,2981,222,33.1666679,1.02305162,0.60625,68.87501,65.25,99.9974747,512,-1,485.785156,485.480469,0.3046875,0.5,7618.451,7618.951,0,0,0,0,0,0,0,0,0,0,0,0,512,600,1200,3000,63,1.04000008,1.30500007,0,9,16,58,2835,10451.9824,1373,1376,43,43,65,37,0,0,68.541,56.933,1.09,12249.8359,355.585938,52.14839,0,0,0,0.243071079,0,0,0,0,0,0,0,0,0,69.21875,66,16376,3825,12550,76.64148,159.667,199349248,54649856
05/24/2026 16:37:25,80,25,0,45,76,76,76,76,76,87,12.0960007,5.03,1.31000006,1.39200008,1.042,0.366000026,0.580000043,3.288,2.046,0,3.36800027,3.36800027,3.11200023,68,51.5,54.5,51.5,1675,418,0,566,0,0,0,0,0,0,52.38,23.81,11.11,6.35,11.11,46.03,4.76,4.76,20.04,52.38,43.2740021,3504,1072,5000,2871,50,3.155567,0.54375,3917,1193,40,1.87382185,0.54375,3063,523,33.3333321,1.34585893,0.54375,3047,396,33.3333321,1.1852535,0.54375,3064,774,33.3333321,1.55452573,0.54375,4000,2373,40,2.338391,0.54375,2959,241,33.3333321,1.05510092,0.54375,2986,209,33.3333321,0.999283433,0.54375,68.87501,67,99.99748,512,-1,485.785156,485.480469,0.3046875,0.5,7618.451,7618.951,0,0,0,0,0,0,0,0,0,0,0,0,512,600,1200,3000,63,1.04000008,1.30500007,0,14,17,57,2835,10451.9824,1370,1371,43,43,55,34,0,0,59.5,70.022,1.09,12249.8359,355.585938,50.00773,0,0,0,0.243636966,0,0,0,0,0,0,0,0,0,63.09375,66,16376,3825,12550,76.64148,171.754,2.861998E+08,5.469901E+07
05/24/2026 16:37:27,80,25,0,45,76,76,76,76,76,87,12.0960007,5.03,1.31000006,1.39200008,1.042,0.352000028,0.580000043,3.28400016,2.046,0,3.36800027,3.36800027,3.11200023,68,51.5,54,51.5,1643,418,0,551,0,0,0,0,0,0,62.5,25,7.81,10.94,12.5,60.94,3.12,7.81,23.83,62.5,43.1443,3862,1072,5025,2327,50.25,2.50164127,0.55,3979,1239,40.2,1.90533853,0.55,3627,470,39.8,1.28004622,0.54375,3633,412,39.8,1.21642,0.54375,3717,785,39.8,1.55449629,0.54375,4975,2896,49.75,2.98669648,0.55625,2953,211,33.1666679,1.02343631,0.55625,2985,234,33.1666679,1.02439785,0.55625,68.87501,61.8750038,99.99719,512,-1,485.785156,485.480469,0.3046875,0.5,7618.451,7618.951,0,0,0,0,0,0,0,0,0,0,0,0,512,600,1200,3000,63,1.05000007,1.30500007,0,13,16,56,2835,10451.9824,1366,1369,43,43,55,34,0,0,59.245,52.621,1.09,12249.8359,355.585938,49.96759,0,0,0,0.246458769,0,0,0,0,0,0,0,0,0,66.5,66,16376,3825,12550,76.64148,172.608,201699328,57549824
05/24/2026 16:37:29,80,25,0,45,78,78,78,78,78,89,12.0960007,5.03,1.30800009,1.39200008,1.0480001,0.350000024,0.580000043,3.28400016,2.046,0,3.36800027,3.36800027,3.11200023,69,51.5,54.5,51.5,1652,428,0,565,0,0,0,0,0,0,62.5,23.44,14.06,7.81,12.5,67.19,7.81,6.25,25.2,67.19,43.46505,3662,1106,3940,2221,39.4,2.45350146,0.56875,3875,1284,39.4,2.00963449,0.56875,3581,486,39.4,1.32932985,0.56875,2936,318,32.8333321,1.16538918,0.56875,3657,796,39.4,1.62681639,0.56875,4925,3346,49.25,3.44200563,0.56875,2908,222,32.8333321,1.05311275,0.56875,3470,172,39.6,1.002491,0.5625,69.25001,67.375,99.99748,512,-1,485.785156,485.480469,0.3046875,0.5,7618.451,7618.951,0,0,0,0,0,0,0,0,0,0,0,0,512,600,1200,3000,63,1.04000008,1.30500007,0,13,17,57,2835,10451.9824,1363,1361,43,43,55,34,0,0,58.739,66.265,1.09,12249.8359,355.585938,49.88992,0,0,0,0.2431504,0,0,0,0,0,0,0,0,0,63.15625,66,16376,3825,12550,76.64148,170.988,181349376,53349376
05/24/2026 16:37:31,81,25,0,45,78,78,78,78,78,89,12.0960007,5.03,1.31000006,1.39200008,1.046,0.352000028,0.580000043,3.28400016,2.046,0,3.37200022,3.36800027,3.11600018,69,51,54,51.5,1668,428,0,552,0,0,0,0,0,0,59.38,15.62,3.12,6.25,12.5,59.38,4.69,1.56,20.31,59.38,43.2926254,3923,1109,3920,2337,39.2,2.6229012,0.55625,4886,1259,49,2.01979661,0.55625,3583,484,39.2,1.31943941,0.55625,3512,308,39.2,1.15335274,0.55625,3641,830,39.2,1.63453758,0.55625,4900,3207,49,3.230839,0.55625,3481,251,39.2,1.07948732,0.55625,3463,197,39.2,1.01678169,0.55625,69.37501,65.5,99.99748,512,-1,485.785156,485.480469,0.3046875,0.5,7618.451,7618.951,0,0,0,0,0,0,0,0,0,0,0,0,512,600,1200,3000,63,1.05000007,1.30500007,0,15,17,53,2835,10451.9824,1363,1360,42,42,45,32,0,0,46.575,46.163,1.09,12249.8359,355.585938,40.52084,0,0,0,0.240846947,0,0,0,0,0,0,0,0,0,62.3125,64,16376,3825,12550,76.64148,139.634,216299520,61249536
05/24/2026 16:37:33,82,25,0,45,78,78,78,78,78,89,12.12,5.03,1.31000006,1.39200008,1.046,0.358,0.580000043,3.288,2.046,0,3.37200022,3.37200022,3.11200023,69,51.5,54.5,51.5,1687,428,0,566,0,0,0,0,0,0,41.27,15.87,7.94,3.12,15.87,60.32,4.69,3.12,19.03,60.32,43.1371841,3867,1088,4975,2380,49.75,2.67808652,0.55625,3959,1257,39.8,1.97603512,0.55625,3609,487,39.8,1.3169893,0.55625,3591,350,39.8,1.18360651,0.55625,3703,801,39.8,1.60922837,0.55625,3980,2997,39.8,3.017043,0.55625,3547,222,39.8,1.05034614,0.55625,3569,211,39.8,1.02283669,0.55625,69.37501,62.3750038,99.9974747,512,-1,485.785156,485.480469,0.3046875,0.5,7618.451,7618.951,0,0,0,0,0,0,0,0,0,0,0,0,512,600,1200,3000,63,1.04500008,1.30500007,0,15,17,53,2835,10451.9824,1359,1360,42,42,45,33,0,0,47.083,47.171,1.09,12249.8359,356.0547,40.71272,0,0,0,0.244509235,0,0,0,0,0,0.083885,0,0,0,61.8125,64,16376,3825,12550,76.64148,136.31,1.436498E+08,7.459942E+07
05/24/2026 16:37:35,82,25,0,45,78,78,78,78,78,89,12.0960007,5.03,1.30800009,1.39200008,1.056,0.36,0.580000043,3.28400016,2.046,0,3.37200022,3.36800027,3.11200023,69,51.5,54.5,51.5,1687,427,0,566,0,0,0,0,0,0,52.38,30.16,14.29,9.52,11.11,50.79,3.17,1.59,21.63,52.38,43.26029,3534,1076,3940,2635,39.4,3.06259584,0.54375,3940,1355,39.4,2.040086,0.54375,2992,473,32.8333321,1.3298912,0.54375,2971,342,32.8333321,1.19039667,0.54375,3676,764,39.4,1.61753762,0.54375,4925,2607,49.25,2.60531378,0.54375,2923,223,32.8333321,1.06506789,0.54375,2907,209,32.6666679,1.02294493,0.54375,69.37501,64.125,99.99749,512,-1,485.785156,485.480469,0.3046875,0.5,7618.451,7618.951,0,0,0,0,0,0,0,0,0,0,0,0,512,600,1200,3000,64,1.05000007,1.30500007,0,16,17,53,2835,10451.9824,1354,1353,42,42,44,32,0,0,46.177,48.594,1.09,12249.8359,356.0547,40.0321732,0,0,0,0.242365524,0,0,0,0,0,0,0,0,0,61.6875,64,16376,3825,12550,76.64148,134.766,188099584,5.444915E+07
05/24/2026 16:37:37,82,25,0,45,78,78,78,78,78,89,12.0960007,5.03,1.31000006,1.39200008,1.05000007,0.36,0.580000043,3.28400016,2.046,0,3.37200022,3.36800027,3.11200023,69,51.5,54,51.5,1690,427,0,550,0,0,0,0,0,0,57.81,21.88,9.38,3.12,15.62,59.38,1.56,1.56,21.29,59.38,43.6548958,4142,1114,5000,2890,50,3.33153653,0.53125,4000,1338,40,2.09758449,0.53125,3658,485,40,1.34849989,0.53125,3634,350,40,1.19715309,0.53125,4749,843,50,1.67845249,0.53125,4975,2589,49.75,2.563841,0.53125,3557,232,39.8,1.07530951,0.53125,3559,188,39.8,1.02159059,0.53125,69.50001,62.3750038,99.99747,512,-1,485.785156,485.480469,0.3046875,0.5,7618.451,7618.951,0,0,0,0,0,0,0,0,0,0,0,0,512,600,1200,3000,63,1.06000006,1.30500007,0,16,17,53,2835,10451.9824,1348,1350,42,42,51,40,0,1,49.628,52.553,1.09,12249.8359,356.0547,41.94007,0,0,0,0.244048521,0,0,0,0,0,0,0,0,0,61.46875,64,16376,3825,12550,76.64148,132.711,234049536,6.169907E+07
05/24/2026 16:37:39,82,25,0,45,78,78,78,78,78,89,12.0960007,5.03,1.31000006,1.396,1.05000007,0.364000022,0.580000043,3.28400016,2.046,0,3.37200022,3.37200022,3.11200023,69,51.5,54.5,51.5,1706,418,0,566,0,0,0,0,0,0,54.69,29.69,12.5,7.81,21.88,37.5,4.69,0,21.09,54.69,43.5811348,4005,1127,3960,2757,39.6,3.02659631,0.54375,4950,1370,49.5,2.03300047,0.54375,3650,541,39.6,1.37100387,0.54375,3636,417,39.8,1.251333,0.54375,3755,829,39.8,1.64139938,0.53125,4975,2645,49.75,2.75890684,0.53125,3576,258,39.8,1.07709241,0.53125,3539,196,39.8,1.01473761,0.53125,69.62501,62.7500038,99.9974747,512,-1,485.785156,485.480469,0.3046875,0.5,7618.451,7618.951,0,0,0,0,0,0,0,0,0,0,0,0,512,600,1200,3000,63,1.03000009,1.30500007,0,11,17,53,2835,10451.9824,1343,1345,42,42,52,41,0,1,50.448,54.358,1.09,12249.8359,356.0547,48.3146629,0,0,0,0.264439434,0,0,0,0,0,0,0,0,0,61.46875,66,16376,3825,12550,76.64148,143.908,216299520,8.489984E+07
05/24/2026 16:37:41,82,25,0,45,78,78,78,78,78,89,12.0960007,5.03,1.31000006,1.396,1.0480001,0.356,0.580000043,3.288,2.046,0,3.37200022,3.36800027,3.11200023,69,51.5,54.5,51.5,1714,419,0,551,0,0,0,0,0,0,50.79,20.63,7.94,6.35,11.11,55.56,1.59,1.59,19.44,55.56,43.6160278,3726,1115,3960,2335,39.6,2.536227,0.55625,3937,1265,39.6,1.971885,0.55625,3617,463,39.6,1.30180836,0.55625,3614,396,39.6,1.23750162,0.55625,3735,752,39.6,1.5741843,0.55625,4975,3169,49.75,3.33120441,0.55,2989,314,33.1666679,1.125251,0.55,2979,226,33.1666679,1.03985143,0.55,69.87501,67.875,99.99749,512,-1,485.785156,485.480469,0.3046875,0.5,7618.451,7618.951,0,0,0,0,0,0,0,0,0,0,0,0,512,600,1200,3000,63,1.04000008,1.30500007,0,13,16,52,2835,10451.9824,1339,1338,42,42,52,41,0,1,50.803,55.801,1.09,12249.8359,356.0547,48.04143,0,0,0,0.259176254,0,0,0,0,0,0,0,0,0,61.34375,64,16376,3825,12550,76.64148,145.179,213399552,59249664
05/24/2026 16:37:43,82,25,0,45,79,79,79,79,79,89,12.0960007,5.03,1.31000006,1.396,1.0480001,0.366000026,0.580000043,3.28400016,2.046,0,3.37200022,3.36800027,3.11200023,70,51.5,54.5,51.5,1692,419,0,566,0,0,0,0,0,0,45.31,21.88,7.81,4.69,15.62,64.06,6.25,1.56,20.9,64.06,43.70738,3816,1158,5000,2457,50,2.54080582,0.54375,3995,1307,40,2.08452344,0.54375,3722,546,40,1.38348687,0.54375,3058,390,33.3333321,1.233315,0.54375,3809,828,40,1.67786467,0.54375,5000,3278,50,3.56689,0.55,2987,254,33.3333321,1.08674431,0.55,2956,201,33.3333321,1.02923179,0.55,70.12501,66.625,99.9974747,512,-1,485.785156,485.480469,0.3046875,0.5,7618.451,7618.951,0,0,0,0,0,0,0,0,0,0,0,0,512,600,1200,3000,63,1.06000006,1.30500007,0,15,17,52,2835,10451.9824,1334,1333,41,41,51,39,0,1,50.087,55.971,1.09,12249.8359,356.0547,47.3800926,0,0,0,0.264389962,0,0,0,0,0,0,0,0,0,61.25,64,16376,3825,12550,76.64148,144.198,214599680,6.149939E+07
05/24/2026 16:37:45,84,25,0,45,80,80,80,80,80,90,12.0960007,5.03,1.31000006,1.39200008,1.042,0.356,0.580000043,3.28400016,2.046,0,3.36800027,3.36800027,3.11200023,70,51.5,54.5,51.5,1719,428,0,565,0,0,0,0,0,0,54.69,25,12.5,10.94,18.75,59.38,6.25,6.25,24.22,59.38,43.99851,3964,1156,3940,2746,39.4,3.11611724,0.575,4925,1450,49.25,2.1563158,0.575,3608,492,39.4,1.34384048,0.575,3554,358,39.4,1.20926654,0.575,3737,869,39.4,1.691356,0.575,4925,2869,49.25,2.855941,0.575,3504,241,39.4,1.08650613,0.575,3515,221,39.4,1.04617274,0.575,70.12501,65.5,99.9974747,512,-1,485.785156,485.480469,0.3046875,0.5,7618.451,7618.951,0,0,0,0,0,0,0,0,0,0,0,0,512,600,1200,3000,63,1.04000008,1.30500007,0,17,17,52,2835,10451.9824,1330,1330,41,41,49,37,0,0,49.429,56.695,1.09,12249.8359,356.0547,44.88831,0,0,0,0.26020205,0,0,0,0,0,0,0,0,0,61.125,64,16376,3825,12550,76.64148,140.957,233649152,8.474931E+07
05/24/2026 16:37:47,84,25,0,45,80,80,80,80,80,90,12.0960007,5.03,1.31000006,1.39200008,1.05000007,0.350000024,0.580000043,3.28000021,2.046,0,3.36800027,3.36800027,3.11200023,70,51.5,54.5,51.5,1731,428,0,551,0,0,0,0,0,0,64.06,25,10.94,3.12,14.06,65.62,1.56,1.56,23.24,65.62,44.29664,3964,1179,4975,3213,49.75,3.619681,0.54375,3980,1364,39.8,2.12539554,0.54375,3656,511,39.8,1.38281918,0.54375,3579,348,39.8,1.20868623,0.54375,4746,876,49.75,1.727858,0.54375,4950,2701,49.5,2.62603,0.55625,2919,225,33,1.08088553,0.55625,2911,196,33,1.02997029,0.55625,70.25001,62.3750038,99.99748,512,-1,485.785156,485.480469,0.3046875,0.5,7618.451,7618.951,0,0,0,0,0,0,0,0,0,0,0,0,512,600,1200,3000,63,1.05000007,1.30500007,0,13,16,52,2835,10451.9824,1323,1325,41,41,51,39,0,1,50.774,58.731,1.09,12249.8359,356.0547,45.63599,0,0,0,0.261458158,0,0,0,0,0,0,0,0,0,61,64,16376,3825,12550,76.64148,142.363,289499136,5.979955E+07
05/24/2026 16:37:49,84,25,0,45,80,80,80,80,80,90,12.0960007,5.03,1.31000006,1.39200008,1.04000008,0.354,0.580000043,3.28400016,2.046,0,3.36800027,3.36800027,3.11200023,70,51.5,54.5,51.5,1734,428,0,565,0,0,0,0,0,0,51.56,21.88,6.25,4.69,10.94,53.12,1.56,0,18.75,53.12,43.53683,3677,1077,3233,2712,32.3333321,3.09507728,0.56875,4850,1303,48.5,1.923259,0.56875,3028,517,32.3333321,1.28799474,0.56875,2999,393,32.3333321,1.1709944,0.56875,4561,786,48.5,1.52509189,0.56875,4850,2455,48.5,2.64214277,0.61875,2979,270,32.3333321,1.04564416,0.61875,2914,179,32.3333321,0.9523437,0.61875,70.00001,61.8750038,99.99749,512,-1,485.785156,485.480469,0.3046875,0.5,7618.451,7618.951,0,0,0,0,0,0,0,0,0,0,0,0,512,600,1200,3000,63,1.04500008,1.30500007,0,13,17,52,2835,10451.9824,1313,1317,41,41,50,39,0,0,50.056,48.338,1.09,12249.8359,356.0547,44.9984741,0,0,0,0.292539924,0,0,0,0,0,0,0,0,0,60.84375,64,16376,3825,12550,76.64148,141.612,212049920,6.084915E+07
05/24/2026 16:37:51,83,25,0,45,78,78,78,78,78,89,12.0960007,5.03,1.31000006,1.396,1.034,0.364000022,0.580000043,3.28400016,2.046,0,3.37200022,3.37200022,3.11600018,69,51.5,54.5,51.5,1734,428,0,551,0,0,0,0,0,0,32.81,26.56,1.56,3.12,10.94,64.06,6.25,1.56,18.36,64.06,43.0928879,4168,1000,4975,1684,49.75,2.25505781,0.55625,4898,1247,49.75,1.86427116,0.55625,3758,506,39.8,1.27951133,0.55625,3728,389,39.8,1.176638,0.55625,3748,687,39.8,1.44203234,0.55625,4975,2981,49.75,3.38240361,0.55625,3667,294,39.8,1.07924378,0.55625,3591,209,39.8,0.987374246,0.55625,69.87501,61.8750038,99.9974747,512,-1,485.785156,485.480469,0.3046875,0.5,7618.451,7618.951,0,0,0,0,0,0,0,0,0,0,0,0,512,600,1200,3000,63,1.06000006,1.30500007,0,12,17,52,2835,10451.9824,1311,1314,41,41,50,39,0,0,49.436,45.787,1.09,12249.8359,356.0547,46.34845,0,0,0,0.318909,0,0,0,0,0,0,0,0,0,60.71875,64,16376,3825,12550,76.64148,141.785,226549760,8.279962E+07
05/24/2026 16:37:53,83,25,0,45,78,78,78,78,78,89,12.12,5.03,1.31000006,1.396,1.036,0.352000028,0.580000043,3.28400016,2.046,0,3.37200022,3.37200022,3.11600018,70,51.5,54.5,51.5,1706,419,0,566,0,0,0,0,0,0,35.94,26.56,4.69,9.38,14.06,68.75,1.56,1.56,20.31,68.75,42.7987671,3966,984,3920,1645,39.2,2.233248,0.55625,4790,1151,49,1.805367,0.55625,3647,444,39.2,1.22821689,0.55625,3634,396,39.2,1.18550515,0.55625,3673,698,39.2,1.44414389,0.55625,4900,3080,49,3.41503,0.55625,3594,248,39.2,1.03114319,0.55625,3571,214,39.2,0.994170845,0.55625,70.00001,61.8750038,99.99747,512,-1,485.785156,485.480469,0.3046875,0.5,7618.451,7618.951,0,0,0,0,0,0,0,0,0,0,0,0,512,600,1200,3000,63,1.04000008,1.30500007,0,9,17,52,2835,10451.9824,1306,1305,40,40,50,39,0,0,49.508,47.418,1.09,12249.8359,356.0547,46.21293,0,0,0,0.3117535,0,0,0,0,0,0,0,0,0,60.65625,64,16376,3825,12550,76.64148,142.145,235749376,8.249958E+07
05/24/2026 16:37:55,83,25,0,45,80,80,80,80,80,90,12.0960007,5.03,1.31000006,1.396,1.044,0.354,0.580000043,3.28400016,2.046,0,3.37200022,3.37200022,3.11600018,70,51.5,54.5,51.5,1714,419,0,551,0,0,0,0,0,0,42.19,23.44,3.12,3.12,12.5,67.19,1.56,3.12,19.53,67.19,43.04343,4094,1006,4925,1711,49.25,2.35553861,0.54375,4841,1180,49.25,1.873264,0.54375,3650,488,39.4,1.29183,0.54375,3615,359,39.4,1.17829657,0.54375,3686,707,39.4,1.487552,0.54375,4925,3117,49.25,3.463312,0.54375,3563,266,39.4,1.06955016,0.54375,3547,221,39.4,1.01835573,0.54375,70.12501,61.8750038,99.99748,512,-1,485.785156,485.480469,0.3046875,0.5,7618.451,7618.951,0,0,0,0,0,0,0,0,0,0,0,0,512,600,1200,3000,62,0.984,1.30500007,0,9,17,52,2835,10451.9824,1297,1301,40,40,49,38,0,1,49.524,49.215,1.09,12249.8359,356.0547,46.3292427,0,0,0,0.3167565,0,0,0,0,0,0,0,0,0,60.46875,64,16376,3825,12550,76.64148,143.885,234899456,8.274944E+07
05/24/2026 16:37:57,84,25,0,45,80,80,80,80,80,90,12.0960007,5.03,1.31000006,1.396,1.034,0.364000022,0.580000043,3.288,2.046,0,3.37200022,3.36800027,3.11600018,69,51.5,54.5,51.5,1729,419,0,551,0,0,0,0,0,0,68.75,12.5,7.81,1.56,7.81,37.5,4.69,1.56,17.77,68.75,42.72336,4644,977,4850,2693,48.5,3.16185451,0.55625,4771,1052,48.5,1.75315857,0.55625,4616,494,48.5,1.25968325,0.55625,4587,429,48.5,1.1970911,0.55625,4601,700,48.5,1.4522326,0.55625,4850,1974,48.5,2.40947437,0.55625,4477,280,48.5,1.05741572,0.55625,4403,192,48.5,0.972390056,0.55625,69.75001,61.8750038,99.99749,512,-1,485.785156,485.480469,0.3046875,0.5,7618.451,7618.951,0,0,0,0,0,0,0,0,0,0,0,0,512,600,1200,3000,63,1,1.30500007,0,15,17,51,2835,10451.9824,1292,1296,40,40,50,39,0,0,49.274,50.744,1.09,12249.8359,356.0547,46.65835,0,0,0,0.314779848,0,0,0,0,0,0,0,0,0,60.4375,64,16376,3825,12550,76.64148,143.299,252549120,8.254976E+07
05/24/2026 16:37:59,83,25,0,45,78,78,78,78,78,89,12.12,5.03,1.31000006,1.396,1.046,0.364000022,0.580000043,3.288,2.046,0,3.37200022,3.37200022,3.11600018,69,51.5,54.5,51.5,1721,428,0,552,0,0,0,0,0,0,60.94,23.44,4.69,7.81,15.62,37.5,3.12,1.56,19.34,60.94,42.887394,3902,976,4950,2775,49.5,3.28612471,0.56875,3949,1048,39.6,1.78160059,0.56875,3711,460,39.6,1.25600827,0.56875,3688,426,39.6,1.21340775,0.56875,3729,683,39.6,1.451547,0.56875,3960,1980,39.6,2.38090515,0.56875,3621,236,39.6,1.02909493,0.56875,3610,204,39.6,0.9883704,0.5625,69.75001,66.625,99.9974747,512,-1,485.785156,485.480469,0.3046875,0.5,7618.451,7618.951,0,0,0,0,0,0,0,0,0,0,0,0,512,600,1200,3000,63,1.04000008,1.30500007,0,15,16,51,2835,10451.9824,1291,1292,40,40,50,40,0,0,49.555,52.712,1.09,12249.8359,356.0547,46.8695946,0,0,0,0.3103911,0,0,0,0,0,0,0,0,0,60.40625,64,16376,3825,12550,76.64148,142.019,2.923991E+08,5.789901E+07
05/24/2026 16:38:01,82,25,0,45,78,78,78,78,78,89,12.0960007,5.03,1.31000006,1.39200008,1.03800011,0.354,0.580000043,3.28400016,2.046,0,3.36800027,3.36800027,3.11600018,69,51.5,54.5,51.5,1711,428,0,552,0,0,0,0,0,0,46.88,18.75,14.06,7.81,21.88,56.25,7.81,3.12,22.07,56.25,42.8225937,3959,988,4875,2234,48.75,2.768351,0.5625,4806,1015,48.75,1.70791256,0.5625,3675,509,39,1.283233,0.5625,3625,394,39,1.17606139,0.5625,3653,667,39,1.42696607,0.5625,3900,2567,39,2.923313,0.5625,3603,298,39,1.07663822,0.5625,3535,217,39,0.986128449,0.5625,69.87501,61.3750038,99.99748,512,-1,485.785156,485.480469,0.3046875,0.5,7618.451,7618.951,0,0,0,0,0,0,0,0,0,0,0,0,512,600,1200,3000,63,1.03500009,1.30500007,0,10,17,52,2835,10451.9824,1287,1285,40,40,51,40,0,1,50.178,53.508,1.09,12249.8359,356.300781,46.94526,0,0,0,0.308678836,0,0,0,0,0,0,0,0,0,60.375,64,16376,3825,12550,76.64148,143.109,219499520,8.234906E+07
05/24/2026 16:38:03,82,25,0,45,80,80,80,80,80,90,12.12,5.03,1.31000006,1.396,1.046,0.358,0.580000043,3.292,2.046,0,3.37200022,3.37200022,3.11200023,70,51.5,54.5,51.5,1692,428,0,552,0,0,0,0,0,0,28.12,29.69,12.5,12.5,14.06,60.94,10.94,3.12,21.48,60.94,42.780262,3685,982,3980,1557,39.8,2.16670656,0.55,4943,1083,49.75,1.76760018,0.55,3706,477,39.8,1.26759338,0.55,3096,393,33.1666679,1.19877183,0.55,3726,679,39.8,1.4449451,0.55,3980,3171,39.8,3.49650455,0.55,3067,310,33.1666679,1.09999752,0.55,2983,189,33.1666679,0.97968936,0.55,70.00001,61.8750038,99.9974747,512,-1,485.785156,485.480469,0.3046875,0.5,7618.451,7618.951,0,0,0,0,0,0,0,0,0,0,0,0,512,600,1200,3000,63,1.05000007,1.30500007,0,12,16,52,2835,10451.9824,1280,1279,39,39,51,40,0,1,50.472,54.535,1.09,12249.8359,356.300781,46.7716866,0,0,0,0.307213873,0,0,0,0,0,0,0,0,0,60.28125,62,16376,3825,12550,76.64148,143.967,211249152,6.099968E+07
05/24/2026 16:38:05,84,25,0,45,80,80,80,80,80,90,12.12,5.03,1.31000006,1.39200008,1.042,0.364000022,0.580000043,3.288,2.046,0,3.37200022,3.37200022,3.11600018,70,51.5,54.5,51.5,1734,418,0,566,0,0,0,0,0,0,32.81,23.44,7.81,3.12,12.5,51.56,3.12,6.25,17.58,51.56,43.1063156,4263,1016,4925,1735,49.25,2.36261129,0.54375,4975,1199,49.75,1.9194169,0.54375,3701,476,39.8,1.2777617,0.54375,3666,350,39.8,1.165612,0.54375,3736,693,39.8,1.47364557,0.54375,4975,3193,49.75,3.56032276,0.54375,4525,273,49.75,1.06801844,0.54375,3604,213,39.8,1.01394582,0.54375,70.25001,62.2500038,99.99748,512,-1,485.785156,485.480469,0.3046875,0.5,7618.451,7618.951,0,0,0,0,0,0,0,0,0,0,0,0,512,600,1200,3000,62,0.989,1.30500007,0,10,17,52,2835,10451.9824,1272,1273,39,39,49,38,0,1,49.599,54.967,1.09,12249.8359,356.300781,45.8150368,0,0,0,0.303798646,0,0,0,0,0,0,0,0,0,60.28125,62,16376,3825,12550,76.64148,142.016,237199360,8.224973E+07
05/24/2026 16:38:07,84,25,0,45,80,80,80,80,80,90,12.0960007,5.03,1.31000006,1.396,1.04000008,0.36,0.580000043,3.28400016,2.046,0,3.37200022,3.36800027,3.11600018,70,51.5,54.5,51.5,1731,418,0,551,0,0,0,0,0,0,64.62,16.92,3.08,4.62,13.85,38.46,1.54,1.54,18.08,64.62,43.13279,3707,1003,4975,3117,49.75,3.58059335,0.55625,3980,1168,39.8,1.905516,0.55625,3756,467,39.8,1.26786029,0.55625,3098,389,33.1666679,1.181085,0.55625,3788,684,39.8,1.46265447,0.55625,3980,1740,39.8,2.19662476,0.55625,3030,237,33.1666679,1.03726208,0.55625,3050,219,33.1666679,1.00735223,0.55625,70.25001,64.75,99.9974747,512,-1,485.785156,485.480469,0.3046875,0.5,7618.451,7618.951,0,0,0,0,0,0,0,0,0,0,0,0,512,600,1200,3000,62,1.05500007,1.30500007,0,10,16,52,2835,10451.9824,1264,1266,39,39,50,39,0,1,49.996,44.944,1.09,12249.8359,356.300781,45.6787376,0,0,0,0.316547751,0,0,0,0,0,0,0,0,0,60.125,64,16376,3825,12550,76.64148,141.195,212649984,58049536
05/24/2026 16:38:09,84,25,0,45,80,80,80,80,80,89,12.12,5.03,1.31000006,1.396,1.03800011,0.358,0.580000043,3.28400016,2.046,0,3.37200022,3.37200022,3.11600018,69,51.5,54.5,51.5,1739,419,0,551,0,0,0,0,0,0,47.62,25.4,11.11,4.76,19.05,44.44,1.59,0,19.25,47.62,43.36371,4033,1019,4950,2714,49.5,3.19792342,0.55,4950,1303,49.5,2.03708076,0.55,3702,482,39.6,1.29546511,0.55,3709,386,39.6,1.18585253,0.55,3757,709,39.6,1.50887239,0.55,3960,2100,39.6,2.591583,0.54375,3617,266,39.6,1.06697154,0.54375,3617,190,39.6,0.9869786,0.54375,69.75001,61.8750038,99.99748,512,-1,485.785156,485.480469,0.3046875,0.5,7618.451,7618.951,0,0,0,0,0,0,0,0,0,0,0,0,512,600,1200,3000,62,1.05000007,1.30500007,0,13,17,51,2835,10451.9824,1259,1258,39,39,42,30,0,1,46.734,52.19,1.09,12249.8359,356.300781,39.6398,0,0,0,0.318741,0,0,0,0,0,0,0,0,0,59.875,62,16376,3825,12550,76.64148,138.073,209149952,5.764915E+07
05/24/2026 16:38:11,82,25,0,45,78,78,78,78,78,89,12.0960007,5.03,1.31000006,1.396,1.0480001,0.350000024,0.580000043,3.28400016,2.046,0,3.36800027,3.36800027,3.11600018,69,51.5,54.5,51.5,1724,428,0,565,0,0,0,0,0,0,65.62,28.12,12.5,6.25,12.5,34.38,3.12,4.69,20.9,65.62,43.4165039,3853,1033,4950,2870,49.5,3.39057612,0.55,3960,1285,39.6,2.06468058,0.55,3669,484,39.6,1.30176055,0.55,3031,365,33,1.181086,0.55,3727,725,39.6,1.53813088,0.55,4950,2079,49.5,2.53316188,0.55,2998,259,33,1.08018959,0.55,3536,198,39.2,1.00798655,0.55,69.50001,61.5000038,99.99747,512,-1,485.785156,485.480469,0.3046875,0.5,7618.451,7618.951,0,0,0,0,0,0,0,0,0,0,0,0,512,600,1200,3000,63,1.06000006,1.30500007,0,10,16,53,2835,10451.9824,1255,1254,39,39,51,33,0,0,57.446,62.261,1.09,12249.8359,356.410156,46.37492,0,0,0,0.3198945,0,0,0,0,0,0.0142259924,0,0,0,60.5,64,16376,3825,12550,76.64148,159.943,131949568,31149056
05/24/2026 16:38:13,82,25,0,45,78,78,78,78,78,89,12.0960007,5.03,1.31000006,1.396,1.04000008,0.354,0.580000043,3.288,2.046,0,3.37200022,3.37200022,3.11600018,69,51.5,54.5,51.5,1704,429,0,551,0,0,0,0,0,0,31.25,21.88,15.62,3.12,7.81,48.44,3.12,3.12,16.8,48.44,43.0523,3924,980,5000,1909,50,2.43632913,0.54375,4000,1247,40,1.94794488,0.54375,3706,512,40,1.3049804,0.54375,3670,358,40,1.16110969,0.54375,3771,640,40,1.41747057,0.54375,4000,2768,40,3.14204884,0.54375,3633,231,40.4,1.00969,0.53125,3612,174,40.4,0.9583874,0.53125,69.37501,61.3750038,99.99747,512,-1,485.785156,485.480469,0.3046875,0.5,7618.451,7618.951,0,0,0,0,0,0,0,0,0,0,0,0,512,600,1200,3000,62,1.0250001,1.30500007,0,12,16,53,2835,10451.9824,1252,1250,39,39,51,33,0,0,56.351,60.278,1.09,12249.84,357.9922,46.1636047,0,0,0,0.316021055,0,0,0,0,0,0,0,0,0,60.53125,62,16376,3825,12550,76.64148,158.265,162949120,4.659917E+07
05/24/2026 16:38:15,82,25,0,45,78,78,78,78,78,89,12.0960007,5.03,1.31000006,1.396,1.036,0.34800002,0.582,3.28400016,2.046,0,3.37200022,3.37200022,3.11600018,69,51.5,54.5,51.5,1690,428,0,566,0,0,0,0,0,0,28.12,26.56,9.38,4.69,21.88,67.19,7.81,3.12,21.09,67.19,43.1350479,3914,1024,3980,1828,39.8,2.418908,0.575,3980,1305,39.8,2.06116748,0.575,3714,485,39.8,1.29599738,0.575,3649,355,39.8,1.17237067,0.575,3789,731,39.8,1.51427078,0.575,4975,3006,49.75,3.40578532,0.575,3645,278,39.8,1.06675148,0.575,3583,201,39.8,1.006655,0.575,69.62501,61.8750038,99.99748,512,-1,485.785156,485.480469,0.3046875,0.5,7618.451,7618.951,0,0,0,0,0,0,0,0,0,0,0,0,512,600,1200,3000,63,1.06000006,1.30500007,0,14,17,52,2835,10451.9824,1245,1245,38,38,51,34,0,1,55.715,49.279,1.09,12249.84,358.648438,46.5444374,0,0,0,0.293676078,0,0,0,0,0,0.03867475,0,0,0,61.9375,62,16376,3825,12550,76.64148,159.852,2.086994E+08,59749376
05/24/2026 16:38:17,82,25,0,45,78,78,78,78,78,89,12.12,5.03,1.31000006,1.39200008,1.03200006,0.356,0.580000043,3.28000021,2.046,0,3.36800027,3.36800027,3.11600018,69,51,54.5,51.5,1692,419,0,552,0,0,0,0,0,0,42.19,18.75,3.12,7.81,15.62,51.56,3.12,4.69,18.36,51.56,42.7780151,3896,991,4950,1969,49.5,2.45665765,0.56875,3924,1239,39.6,1.91293883,0.56875,3702,508,39.6,1.25814915,0.56875,3684,373,39.6,1.1495018,0.56875,3721,704,39.6,1.44914794,0.56875,3960,2692,39.6,3.05929017,0.56875,3613,242,39.8,1.01874185,0.56875,3612,199,39.8,0.9758498,0.56875,69.37501,65.25,99.99747,512,-1,485.785156,485.480469,0.3046875,0.5,7618.451,7618.951,0,0,0,0,0,0,0,0,0,0,0,0,512,600,1200,3000,63,1.06000006,1.30500007,0,8,16,52,2835,10451.9824,1241,1238,38,38,52,34,0,1,55.511,49.57,1.09,12249.84,358.417969,47.0780334,0,0,0,0.276692659,0,0,0,0,0,0,0,0,0,63.5625,64,16376,3825,12550,76.64148,160.324,207399936,56899584
05/24/2026 16:38:19,82,25,0,45,78,78,78,78,78,89,12.0960007,5.03,1.31000006,1.396,1.03200006,0.350000024,0.580000043,3.28000021,2.046,0,3.37200022,3.36800027,3.11600018,69,51.5,54.5,51.5,1716,418,0,552,0,0,0,0,0,0,65.62,25,10.94,6.25,17.19,34.38,4.69,3.12,20.9,65.62,42.6137276,4634,971,4850,2658,48.5,3.09161544,0.5375,4750,1145,48.5,1.812589,0.5375,4593,522,48.5,1.27809465,0.5375,4520,396,48.5,1.1458863,0.5375,4576,696,48.5,1.42538369,0.5375,4850,1862,48.5,2.24443245,0.5375,4494,261,48.5,1.02496958,0.5375,4441,227,48.5,0.983411,0.5375,68.87501,61.8750038,99.99747,512,-1,485.785156,485.480469,0.3046875,0.5,7618.451,7618.951,0,0,0,0,0,0,0,0,0,0,0,0,512,600,1200,3000,62,1.04500008,1.30500007,0,13,17,52,2835,10451.9824,1238,1240,38,38,52,34,0,0,54.62,63.298,1.09,12249.84,358.417969,47.3560524,0,0,0,0.2787421,0,0,0,0,0,0,0,0,0,60.625,62,16376,3825,12550,76.64148,159.043,2.867497E+08,55599104
05/24/2026 16:38:21,81,25,0,45,76,76,76,76,76,87,12.0960007,5.03,1.31000006,1.396,1.036,0.350000024,0.580000043,3.288,2.046,0,3.37200022,3.36800027,3.11600018,68,51.5,54.5,51.5,1697,419,0,566,0,0,0,0,0,0,64.62,27.69,6.15,4.62,16.92,37.5,6.15,1.54,20.65,64.62,42.6444931,3610,968,4950,2640,49.5,3.092091,0.58125,3925,1099,39.6,1.779852,0.58125,3106,465,33,1.2257905,0.58125,3082,365,33,1.1117574,0.58125,3745,662,39.6,1.39538777,0.58125,3960,2003,39.6,2.32619286,0.58125,3081,272,33,1.02931082,0.58125,3031,234,33,0.9890379,0.58125,68.87501,64.75,99.99747,512,-1,485.785156,485.480469,0.3046875,0.5,7618.451,7618.951,0,0,0,0,0,0,0,0,0,0,0,0,512,600,1200,3000,62,1.064,1.30500007,0,11,17,52,2835,10451.9824,1234,1234,38,38,52,34,0,0,56.33,63.288,1.09,12249.84,358.417969,47.2551765,0,0,0,0.2915544,0,0,0,0,0,0,0,0,0,63,62,16376,3825,12550,76.64148,158.694,2.067497E+08,55699456
05/24/2026 16:38:23,80,25,0,45,76,76,76,76,76,87,12.0960007,5.03,1.31000006,1.39200008,1.036,0.34800002,0.580000043,3.28400016,2.046,0,3.37200022,3.36800027,3.11200023,68,51.5,54.5,51.5,1655,419,0,552,0,0,0,0,0,0,36.92,29.23,9.23,12.5,16.92,52.31,6.25,1.56,20.62,52.31,42.4425049,3745,982,3920,1930,39.2,2.4465692,0.53125,3872,1184,39.2,1.83992934,0.53125,3077,531,32.6666679,1.28065526,0.53125,3697,424,39.2,1.17479885,0.53125,3671,666,39.2,1.39818537,0.53125,4975,2552,49.75,2.868503,0.55625,3089,326,33.1666679,1.07081616,0.55625,3659,244,39.8,0.9942434,0.54375,68.62501,66,99.9974747,512,-1,485.785156,485.480469,0.3046875,0.5,7618.451,7618.951,0,0,0,0,0,0,0,0,0,0,0,0,512,600,1200,3000,62,1.064,1.30500007,0,10,16,53,2835,10451.9824,1233,1232,38,38,52,34,0,0,56.433,62.182,1.09,12249.84,358.417969,47.3649,0,0,0,0.303919017,0,0,0,0,0,0,0,0,0,60.59375,62,16376,3825,12550,76.64148,159.87,207949824,55699456
05/24/2026 16:38:25,80,25,0,45,76,76,76,76,76,87,12.0960007,5.03,1.31000006,1.396,1.034,0.34800002,0.580000043,3.288,2.046,0,3.37200022,3.37200022,3.11600018,69,51.5,54.5,51.5,1659,429,0,567,0,0,0,0,0,0,34.38,29.69,15.62,7.81,7.81,62.5,0,4.69,20.31,62.5,42.6124649,3871,978,3920,1753,39.2,2.259873,0.55,3920,1178,39.2,1.82367563,0.55,3657,457,39.2,1.22113931,0.55,3677,395,39.2,1.16591156,0.55625,3741,695,39.2,1.43805671,0.55625,4900,2899,49,3.2899158,0.55625,3589,228,39.2,0.9958286,0.55625,3563,215,39.2,0.9833943,0.55625,69.00001,61.3750038,99.9974747,512,-1,485.785156,485.480469,0.3046875,0.5,7618.451,7618.951,0,0,0,0,0,0,0,0,0,0,0,0,512,600,1200,3000,62,1.04500008,1.30500007,0,12,16,54,2835,10451.9824,1229,1232,38,38,52,34,0,1,55.382,58.24,1.09,12249.84,359.074219,47.47212,0,0,0,0.289116323,0,0,0,0,0,0.0142385326,0,0,0,60.6875,62,16376,3825,12550,76.64148,159.727,2.360494E+08,7.414989E+07
05/24/2026 16:38:27,80,25,0,45,76,76,76,76,76,87,12.0960007,5.03,1.30800009,1.39200008,1.024,0.350000024,0.580000043,3.288,2.046,0,3.37200022,3.37200022,3.11600018,68,51,54.5,51.5,1664,429,0,567,0,0,0,0,0,0,42.86,12.7,15.87,3.17,7.94,57.14,1.59,1.59,17.86,57.14,42.3724442,4169,932,3960,1812,39.6,2.32857227,0.55625,3960,1079,39.6,1.769812,0.55625,4689,491,49.5,1.24110031,0.55625,3687,347,39.6,1.10991991,0.55625,4919,681,49.5,1.4167515,0.55625,4950,2637,49.5,2.96830273,0.55625,3621,230,39.6,0.9867202,0.55625,3565,178,39.6,0.923914552,0.55625,68.87501,60.8750038,99.99748,512,-1,485.785156,485.480469,0.3046875,0.5,7618.451,7618.951,0,0,0,0,0,0,0,0,0,0,0,0,512,600,1200,3000,63,1.005,1.30500007,0,9,17,54,2835,10451.9824,1226,1226,38,38,51,33,0,0,54.747,46.861,1.09,12249.84,359.074219,47.2390022,0,0,0,0.265376419,0,0,0,0,0,0,0,0,0,62.25,62,16376,3825,12550,76.64148,159.181,251999232,65849344
05/24/2026 16:38:29,80,25,0,45,76,76,76,76,76,87,12.0960007,5.03,1.31000006,1.396,1.03000009,0.34800002,0.580000043,3.288,2.046,0,3.37200022,3.37200022,3.11600018,68,51.5,54.5,51.5,1657,429,0,567,0,0,0,0,0,0,50.77,13.85,6.15,6.15,13.85,36.92,0,1.54,16.15,50.77,42.3928337,3484,945,4975,2728,49.75,3.11900735,0.56875,3317,1147,33.1666679,1.82954729,0.56875,3175,452,33.1666679,1.21755672,0.56875,3113,352,33.1666679,1.11583793,0.56875,3312,671,33.1666679,1.42283845,0.56875,3980,1816,39.8,2.30405354,0.56875,3029,221,33.1666679,0.988421142,0.56875,2975,175,32.8333321,0.9319589,0.56875,68.75001,66.125,99.99748,512,-1,485.785156,485.480469,0.3046875,0.5,7618.451,7618.951,0,0,0,0,0,0,0,0,0,0,0,0,512,600,1200,3000,62,1.06000006,1.30500007,0,18,17,54,2835,10451.9824,1222,1220,38,38,50,33,0,0,55.091,46.086,1.09,12249.84,359.074219,47.23887,0,0,0,0.2643638,0,0,0,0,0,0,0,0,0,63.21875,62,16376,3825,12550,76.64148,159.455,206849024,55849984
05/24/2026 16:38:31,80,25,0,45,76,76,76,76,76,87,12.0960007,5.03,1.30800009,1.396,1.03200006,0.358,0.580000043,3.28400016,2.046,0,3.37200022,3.37200022,3.11200023,68,51.5,54.5,51.5,1671,421,0,565,0,0,0,0,0,0,53.97,23.81,3.17,6.35,11.11,31.75,0,0,16.27,53.97,42.4435577,4678,951,4850,2884,48.5,3.269212,0.61875,4850,1126,48.5,1.81259584,0.61875,4667,459,48.5,1.22216666,0.61875,4520,351,48.5,1.11944067,0.61875,4849,723,48.5,1.46229684,0.61875,4850,1649,48.5,2.09557223,0.61875,4468,240,48.5,1.00465,0.61875,4372,177,48.5,0.9297973,0.61875,68.87501,61.3750038,99.99747,512,-1,485.785156,485.480469,0.3046875,0.5,7618.451,7618.951,0,0,0,0,0,0,0,0,0,0,0,0,512,600,1200,3000,62,1.04000008,1.30500007,0,12,16,54,2835,10451.9824,1217,1217,37,37,51,33,0,0,55.299,51.347,1.09,12249.84,359.074219,47.3647232,0,0,0,0.267359465,0,0,0,0,0,0,0,0,0,62.21875,62,16376,3825,12550,76.64148,160.835,205599744,57399296
05/24/2026 16:38:33,80,25,0,45,76,76,76,76,76,87,12.0960007,5.03,1.31000006,1.396,1.028,0.352000028,0.582,3.28400016,2.046,0,3.37200022,3.37200022,3.11600018,68,51.5,54.5,51.5,1673,421,0,553,0,0,0,0,0,0,52.38,22.22,4.76,6.35,4.76,39.68,0,1.59,16.47,52.38,42.39631,4034,938,4875,2556,48.75,2.968241,0.54375,4925,1235,49.25,1.92353737,0.56875,3763,460,39.4,1.21760917,0.56875,3703,375,39.4,1.1312263,0.56875,3859,670,39.4,1.41137457,0.56875,3940,1764,39.4,2.16742277,0.56875,3606,245,39.4,0.994398236,0.56875,3597,196,39.4,0.9426922,0.56875,68.37501,61.7500038,99.9975,512,-1,485.785156,485.480469,0.3046875,0.5,7618.451,7618.951,0,0,0,0,0,0,0,0,0,0,0,0,512,600,1200,3000,62,1.04000008,1.30500007,0,13,16,54,2835,10451.9824,1213,1215,37,37,51,33,0,1,54.625,45.931,1.09,12249.84,359.074219,47.03731,0,0,0,0.2667565,0,0,0,0,0,0,0,0,0,61.46875,62,16376,3825,12550,76.64148,159.823,212299776,8.129946E+07
05/24/2026 16:38:35,80,25,0,45,76,76,76,76,76,87,12.0960007,5.03,1.31000006,1.39200008,1.028,0.352000028,0.580000043,3.28400016,2.046,0,3.37200022,3.37200022,3.11600018,68,51.5,54.5,51.5,1671,420,0,552,0,0,0,0,0,0,25,21.88,7.81,9.38,9.38,57.81,6.25,3.12,17.58,57.81,42.30431,3901,942,4850,1671,48.5,2.17183948,0.61875,4850,1242,48.5,1.91539013,0.61875,3011,461,32.3333321,1.20523787,0.61875,3048,407,32.3333321,1.155958,0.61875,4694,655,48.5,1.38670015,0.61875,4850,2672,48.5,2.96423554,0.63125,2954,251,32.3333321,0.99735,0.63125,2950,178,32.3333321,0.922580063,0.63125,68.37501,61.3750038,99.9975,512,-1,485.785156,485.480469,0.3046875,0.5,7618.451,7618.951,0,0,0,0,0,0,0,0,0,0,0,0,512,600,1200,3000,62,1.05500007,1.30500007,0,9,16,54,2835,10451.9824,1211,1210,37,37,51,33,0,1,54.841,47.359,1.09,12249.84,359.074219,47.2125778,0,0,0,0.260562181,0,0,0,0,0,0,0,0,0,63.46875,62,16376,3825,12550,76.64148,158.636,208599040,59449344
05/24/2026 16:38:37,80,25,0,45,76,76,76,76,76,87,12.0960007,5.03,1.31000006,1.396,1.03000009,0.356,0.580000043,3.288,2.046,0,3.37200022,3.37200022,3.11600018,68,51.5,54.5,51.5,1673,429,0,566,0,0,0,0,0,0,35.94,18.75,7.81,7.81,10.94,39.06,10.94,6.25,17.19,39.06,42.5283928,3553,960,3980,1924,39.8,2.40940452,0.55,3980,1134,39.8,1.82937288,0.55,3139,518,33.1666679,1.25912547,0.55,3051,362,33.1666679,1.11624742,0.55625,3189,711,33.1666679,1.44507265,0.55625,4975,2544,49.75,2.95032954,0.55625,3041,267,33.1666679,1.02969754,0.55625,3066,224,33.1666679,0.9805018,0.55625,68.50001,61.3750038,99.99748,512,-1,485.785156,485.480469,0.3046875,0.5,7618.451,7618.951,0,0,0,0,0,0,0,0,0,0,0,0,512,600,1200,3000,63,1.04000008,1.30500007,0,15,17,54,2835,10451.9824,1208,1208,37,37,50,33,0,0,52.579,64.648,1.09,12249.84,359.074219,47.1355133,0,0,0,0.2631357,0,0,0,0,0,0,0,0,0,62.25,62,16376,3825,12550,76.64148,159.567,185099264,5.844992E+07
05/24/2026 16:38:39,80,25,0,45,76,76,76,76,76,87,12.0960007,5.03,1.31000006,1.396,1.03200006,0.356,0.582,3.288,2.046,0,3.37200022,3.37200022,3.11200023,68,51.5,54.5,51.5,1673,430,0,567,0,0,0,0,0,0,37.5,15.62,4.69,9.38,9.38,57.81,4.69,1.56,17.58,57.81,42.29992,3817,952,5000,1661,50,2.16818762,0.55625,4000,1140,40,1.81849778,0.55625,3796,490,40,1.22340226,0.55625,3730,381,40,1.1392802,0.55625,3876,698,40,1.42439866,0.55625,4000,2781,40,3.08393812,0.55625,3067,250,33.3333321,1.006634,0.55625,3064,216,33.3333321,0.9630814,0.55625,68.75001,62.8750038,99.99748,512,-1,485.785156,485.480469,0.3046875,0.5,7618.451,7618.951,0,0,0,0,0,0,0,0,0,0,0,0,512,600,1200,3000,63,1.04500008,1.30500007,0,13,17,54,2835,10451.9824,1207,1206,37,37,51,34,0,1,56.611,65.751,1.09,12249.84,359.074219,47.07564,0,0,0,0.2608773,0,0,0,0,0,0,0,0,0,60.875,62,16376,3825,12550,76.64148,160.234,207899648,5.694976E+07
05/24/2026 16:38:41,80,25,0,45,76,76,76,76,76,87,12.0960007,5.03,1.31000006,1.396,1.02200007,0.34800002,0.582,3.28400016,2.046,0,3.37200022,3.36800027,3.11200023,68,51.5,54,51.5,1650,430,0,553,0,0,0,0,0,0,67.19,28.12,9.38,9.38,12.5,28.12,7.81,4.69,20.9,67.19,42.3986359,3516,942,3233,2894,32.3333321,3.2635684,0.6125,4850,1073,48.5,1.74909115,0.6125,3042,495,32.3333321,1.23303521,0.6125,3058,440,32.3333321,1.16825807,0.6125,3125,670,32.3333321,1.39792407,0.6125,4850,1495,48.5,1.96117365,0.6125,2971,263,32.3333321,1.01601624,0.6125,3000,210,32.3333321,0.9536468,0.6125,68.75001,61.3750038,99.99747,512,-1,485.785156,485.480469,0.3046875,0.5,7618.451,7618.951,0,0,0,0,0,0,0,0,0,0,0,0,512,600,1200,3000,62,1.04500008,1.30500007,0,7,16,54,2835,10451.9824,1203,1202,37,37,51,34,0,1,56.433,47.18,1.09,12249.84,359.074219,46.97254,0,0,0,0.256524175,0,0,0,0,0,0,0,0,0,63.0625,62,16376,3825,12550,76.64148,158.697,206149632,58599424
05/24/2026 16:38:43,80,25,0,45,76,76,76,76,76,87,12.0960007,5.03,1.31000006,1.396,1.028,0.358,0.582,3.28400016,2.046,0,3.37200022,3.36800027,3.11600018,68,51.5,54.5,51.5,1659,420,0,567,0,0,0,0,0,0,71.88,20.31,6.25,3.12,12.5,43.75,1.56,1.56,20.12,71.88,42.3373756,4050,938,5000,2832,50,3.20484829,0.5375,4950,1118,49.5,1.77918422,0.5375,3692,433,39.6,1.17512965,0.5375,3727,416,39.6,1.14863241,0.5375,3778,657,39.6,1.37220263,0.5375,3960,1597,39.6,2.05664778,0.5375,3656,267,39.6,1.01763535,0.5375,3634,183,39.6,0.931534648,0.5375,68.62501,61.3750038,99.99748,512,-1,485.785156,485.480469,0.3046875,0.5,7618.451,7618.951,0,0,0,0,0,0,0,0,0,0,0,0,512,600,1200,3000,62,1.05000007,1.30500007,0,12,17,54,2835,10451.9824,1199,1199,37,37,51,34,0,1,55.903,50.071,1.09,12249.84,359.074219,46.637722,0,0,0,0.255021125,0,0,0,0,0,0,0,0,0,60.84375,62,16376,3825,12550,76.64148,158.5,229699584,7.499981E+07
05/24/2026 16:38:45,80,25,0,45,76,76,76,76,76,87,12.0960007,5.03,1.31000006,1.396,1.03200006,0.34800002,0.582,3.28400016,2.046,0,3.36800027,3.36800027,3.11200023,68,51,54.5,51.5,1666,420,0,553,0,0,0,0,0,0,70.31,10.94,4.69,6.25,7.81,29.69,4.69,1.56,16.99,70.31,42.4528236,3543,974,4975,2804,49.75,3.20231056,0.55625,3980,1194,39.8,1.89971733,0.55625,3066,443,33.1666679,1.20682359,0.55625,3069,357,33.1666679,1.12005079,0.55625,3150,692,33.1666679,1.41647756,0.55625,3980,1808,39.8,2.213879,0.55625,3093,299,33.1666679,1.05201983,0.55625,3028,196,33.1666679,0.9528622,0.55625,68.62501,66.625,99.99749,512,-1,485.785156,485.480469,0.3046875,0.5,7618.451,7618.951,0,0,0,0,0,0,0,0,0,0,0,0,512,600,1200,3000,63,1.04000008,1.30500007,0,11,16,54,2835,10451.9824,1199,1198,37,37,51,34,0,1,56.639,51.678,1.09,12249.8359,358.488281,46.98654,0,0,0,0.261555523,0,0,0,0,0,0.0309018362,0,0,0,60.84375,62,16376,3825,12550,76.64148,159.984,2.883492E+08,5.979955E+07
05/24/2026 16:38:47,80,25,0,45,76,76,76,76,76,87,12.0960007,5.03,1.31000006,1.396,1.026,0.356,0.582,3.28400016,2.046,0,3.37200022,3.36800027,3.11200023,68,51.5,54.5,51.5,1666,420,0,552,0,0,0,0,0,0,31.25,20.31,14.06,10.94,18.75,45.31,12.5,6.25,19.92,45.31,42.5435753,3939,941,3940,1630,39.4,2.151881,0.54375,4906,1186,49.25,1.878678,0.5375,3660,528,39.4,1.25345683,0.5375,3626,404,39.4,1.15192521,0.5375,4640,699,49.25,1.41743743,0.5375,4875,2600,48.75,2.91374159,0.55625,2951,285,32.5,1.030459,0.55625,2911,196,32.5,0.95152,0.55625,68.37501,61.3750038,99.99748,512,-1,485.785156,485.480469,0.3046875,0.5,7618.451,7618.951,0,0,0,0,0,0,0,0,0,0,0,0,512,600,1200,3000,62,1.04000008,1.30500007,0,14,17,53,2835,10451.9824,1193,1195,37,37,51,34,0,0,55.804,52.918,1.09,12249.8359,358.488281,46.7223,0,0,0,0.244554132,0,0,0,0,0,0,0,0,0,60.8125,62,16376,3825,12550,76.64148,159.524,2.806999E+08,5.489971E+07
05/24/2026 16:38:49,80,25,0,45,76,76,76,76,76,87,12.0960007,5.03,1.31000006,1.39200008,1.024,0.34800002,0.582,3.288,2.046,0,3.37200022,3.37200022,3.11200023,67,51.5,54,51.5,1659,429,0,552,0,0,0,0,0,0,18.75,23.44,4.69,3.12,7.81,57.81,3.12,1.56,15.04,57.81,41.66573,3886,884,4850,1253,48.5,1.79507446,0.625,4850,1183,48.5,1.82881761,0.625,3033,478,32.3333321,1.18748343,0.625,3016,384,32.3333321,1.11633968,0.625,4586,619,48.5,1.31056559,0.625,4850,2650,48.5,2.98893023,0.625,2955,262,32.3333321,0.9982326,0.625,2947,241,32.3333321,0.976192534,0.625,67.87501,61.3750038,99.9974747,512,-1,485.785156,485.480469,0.3046875,0.5,7618.451,7618.951,0,0,0,0,0,0,0,0,0,0,0,0,512,600,1200,3000,62,1.064,1.30500007,0,11,17,55,2835,10451.9824,1189,1189,37,37,67,38,0,0,71.801,75.696,1.09,12249.8359,358.488281,60.386116,0,0,0,0.24721843,0,0,0,0,0,0,0,0,0,69.28125,62,16376,3825,12550,76.64148,197.106,221449216,55199744
05/24/2026 16:38:51,78,25,0,45,74,74,74,74,74,86,12.0960007,5.03,1.31000006,1.396,1.026,0.364000022,0.582,3.28400016,2.046,0,3.37200022,3.36800027,3.11600018,67,51,54.5,51.5,1652,430,0,552,0,0,0,0,0,0,25,21.88,0,6.25,14.06,43.75,1.56,3.12,14.45,43.75,41.80085,4142,885,4900,1419,49,1.92059779,0.55,3920,1157,39.2,1.81130886,0.55,3708,477,39.2,1.1774019,0.55,4602,370,49,1.09512186,0.55,3757,626,39.2,1.32632113,0.55,4950,2516,49.5,2.86643839,0.5375,3695,299,39.6,1.02044809,0.5375,3605,215,39.6,0.9498216,0.5375,67.75001,60.8750038,99.99748,512,-1,485.785156,485.480469,0.3046875,0.5,7618.451,7618.951,0,0,0,0,0,0,0,0,0,0,0,0,512,600,1200,3000,63,1.0250001,1.30500007,0,11,17,55,2835,10451.9824,1187,1187,37,37,66,38,0,0,72.612,76.904,1.09,12249.8359,358.488281,59.9034653,0,0,0,0.252886534,0,0,0,0,0,0,0,0,0,66.21875,64,16376,3825,12550,76.64148,202.158,202749952,6.134989E+07
05/24/2026 16:38:53,78,25,0,45,74,74,74,74,74,86,12.0960007,5.03,1.30800009,1.396,1.03800011,0.34800002,0.582,3.28400016,2.046,0,3.37200022,3.36800027,3.11600018,67,51,54.5,51.5,1637,429,0,552,0,0,0,0,0,0,52.31,18.46,10.77,4.62,6.15,40,3.08,3.08,17.31,52.31,42.4801331,3896,938,3980,2333,39.8,2.78684425,0.54375,3974,1190,39.8,1.92110431,0.54375,3622,428,39.8,1.20974743,0.54375,3663,339,39.8,1.11969185,0.54375,3744,693,40,1.43863559,0.54375,5000,2105,50,2.4854672,0.54375,3613,221,40,1.008408,0.54375,3571,193,40,0.965963542,0.54375,67.75001,62.2500038,99.9974747,512,-1,485.785156,485.480469,0.3046875,0.5,7618.451,7618.951,0,0,0,0,0,0,0,0,0,0,0,0,512,600,1200,3000,62,1.05500007,1.30500007,0,11,17,57,2835,10451.9824,1188,1189,37,37,65,38,0,0,71.568,74.854,1.09,12249.8359,358.488281,60.3083153,0,0,0,0.250041962,0,0,0,0,0,0,0,0,0,64.9375,62,16376,3825,12550,76.64148,204.85,226149376,7.90999E+07
05/24/2026 16:38:55,78,25,0,45,74,74,74,74,74,86,12.0960007,5.03,1.31000006,1.396,1.04000008,0.350000024,0.582,3.28400016,2.046,0,3.37200022,3.36800027,3.11200023,67,51,54.5,51.5,1650,419,0,566,0,0,0,0,0,0,42.19,29.69,10.94,3.12,9.38,40.62,1.56,4.69,17.77,42.19,42.59249,3673,946,3960,2397,39.6,2.85470128,0.55625,3960,1241,39.6,1.93826246,0.55625,3639,465,39.6,1.23555994,0.55625,3052,344,33,1.12792706,0.55625,3684,653,39.6,1.39930308,0.55625,4975,1991,49.75,2.38729835,0.56875,3041,265,33.1666679,1.04268336,0.56875,3070,211,33.1666679,0.970093966,0.56875,67.62501,65.125,99.99749,512,-1,485.785156,485.480469,0.3046875,0.5,7618.451,7618.951,0,0,0,0,0,0,0,0,0,0,0,0,512,600,1200,3000,62,1.04500008,1.30500007,0,8,16,56,2835,10451.9824,1185,1184,37,37,65,38,0,1,70.793,77.322,1.09,12249.8359,358.488281,60.3179169,0,0,0,0.249182582,0,0,0,0,0,0,0,0,0,65.4375,64,16376,3825,12550,76.64148,202.714,209299456,7.959962E+07
05/24/2026 16:38:57,78,25,0,45,74,74,74,74,74,86,12.0960007,5.03,1.31000006,1.396,1.036,0.352000028,0.582,3.288,2.046,0,3.36800027,3.364,3.11200023,67,51,54,51.5,1643,419,0,553,0,0,0,0,0,0,43.75,29.69,12.5,9.38,14.06,37.5,10.94,10.94,21.09,43.75,43.9051,4410,1116,4925,2458,49.25,2.868506,0.55625,4925,1454,49.25,2.124403,0.55625,3718,588,39.4,1.340751,0.55625,3718,425,39.4,1.20029044,0.55625,3745,844,39,1.56132174,0.55625,4875,2049,48.75,2.481703,0.55625,4499,383,48.75,1.14978921,0.55625,4875,730,48.75,1.36407554,0.55625,67.75001,62.3750038,99.99747,512,-1,485.785156,485.480469,0.3046875,0.5,7618.451,7618.951,0,0,0,0,0,0,0,0,0,0,0,0,512,600,1200,3000,63,1.04000008,1.30500007,0,18,17,56,2835,10451.9824,1186,1184,37,37,64,38,0,0,70.697,72.984,1.09,12249.8359,358.5039,59.9773941,0,0,0,0.239883542,0,0,0,0,0,0.01553573,0,0,0,67.59375,64,16376,3825,12550,76.64148,201.914,2.228992E+08,6.149939E+07
05/24/2026 16:38:59,78,25,0,45,76,76,76,76,76,87,12.0960007,5.03,1.31000006,1.39200008,1.0480001,0.362000018,0.582,3.28000021,2.046,0,3.36800027,3.36800027,3.11200023,69,51,54.5,51.5,1650,419,0,553,0,0,0,0,0,0,39.06,23.44,4.69,7.81,14.06,53.12,3.12,21.88,20.9,53.12,43.5788879,3736,1108,3960,1724,39.6,2.19500184,0.55625,3867,1128,39.6,1.8721981,0.55625,3611,523,39.6,1.317959,0.55625,3605,441,39.6,1.24953961,0.55625,3686,729,39.6,1.51588833,0.55625,4850,3125,48.5,3.299134,0.59375,2996,302,33.1666679,1.10529077,0.59375,3317,893,33.1666679,1.30938387,0.6125,69.12501,64.625,99.99746,512,-1,485.785156,485.480469,0.3046875,0.5,7618.451,7618.951,0,0,0,0,0,0,0,0,0,0,0,0,512,600,1200,3000,62,0.995000064,1.30500007,0,7,16,55,2835,10451.9824,1188,1188,37,37,51,33,0,0,55.881,49.042,1.09,12249.8359,358.5039,51.25621,0,0,0,0.250073135,0,0,0,0,0,0,0,0,0,63.53125,64,16376,3825,12550,76.64148,188.671,202449920,5.694976E+07
05/24/2026 16:39:01,80,25,0,45,78,78,78,78,78,88,12.0960007,5.03,1.31000006,1.396,1.04000008,0.352000028,0.582,3.28000021,2.046,0,3.37200022,3.37200022,3.11600018,68,51.5,54.5,51.5,1650,429,0,567,0,0,0,0,0,0,29.69,12.5,10.94,1.56,7.81,67.19,3.12,3.12,16.99,67.19,42.6945457,3691,985,4850,1692,48.5,2.20694184,0.6,4759,1054,48.5,1.81182933,0.6,2962,490,32.3333321,1.28568363,0.6,2940,326,32.3333321,1.13686919,0.6,3008,672,32.3333321,1.46558666,0.6,5000,3223,50,3.37069035,0.61875,3005,235,33.3333321,1.04128075,0.61875,3005,191,33.3333321,0.9816359,0.61875,69.12501,61.3750038,99.99749,512,-1,485.785156,485.480469,0.3046875,0.5,7618.451,7618.951,0,0,0,0,0,0,0,0,0,0,0,0,512,600,1200,3000,63,0.974000037,1.30500007,0,8,17,55,2835,10451.9824,1185,1189,36,36,50,32,0,0,55.583,48.042,1.09,12249.8359,358.75,46.9608765,0,0,0,0.24370794,0,0,0,0,0,0,0,0,0,62.875,64,16376,3825,12550,76.64148,161.745,201549824,57399296
05/24/2026 16:39:03,81,25,0,45,78,78,78,78,78,88,12.0960007,5.03,1.31000006,1.396,1.044,0.362000018,0.582,3.288,2.046,0,3.37200022,3.37200022,3.11600018,69,51.5,54.5,51.5,1675,429,0,553,0,0,0,0,0,0,26.56,18.75,6.25,3.12,7.81,67.19,1.56,4.69,16.99,67.19,42.58285,3922,998,5000,1700,50,2.19736624,0.54375,3921,1093,40,1.84798479,0.54375,4501,482,49.25,1.27142608,0.54375,3647,370,39.4,1.17448771,0.54375,3655,681,39.4,1.47499347,0.54375,4875,3241,48.75,3.42996144,0.54375,2895,222,32.5,1.01382411,0.54375,2879,192,32.5,0.988507,0.54375,69.12501,62.3750038,99.99747,512,-1,485.785156,485.480469,0.3046875,0.5,7618.451,7618.951,0,0,0,0,0,0,0,0,0,0,0,0,512,600,1200,3000,62,1.04500008,1.30500007,0,4,16,55,2835,10451.9824,1184,1186,36,36,50,32,0,0,54.644,47.31,1.09,12249.8359,358.75,46.3982964,0,0,0,0.250680268,0,0,0,0,0,0,0,0,0,62.15625,64,16376,3825,12550,76.64148,159.469,2.006999E+08,5.529907E+07
05/24/2026 16:39:05,82,25,0,45,78,78,78,78,78,89,12.0960007,5.03,1.31000006,1.39200008,1.04000008,0.362000018,0.582,3.288,2.046,0,3.37200022,3.37200022,3.11600018,68,51.5,54,51.5,1702,428,0,567,0,0,0,0,0,0,43.75,23.44,15.62,3.12,12.5,42.19,1.56,3.12,18.16,43.75,42.4545479,3592,982,5025,2687,50.25,3.11061668,0.55,3933,1084,40.2,1.82752621,0.55,3047,491,33.5,1.28151572,0.55,3039,380,33.5,1.18070674,0.55,3722,667,40.2,1.45702183,0.55,4020,2144,40.2,2.435438,0.55,2969,208,33.5,1.01107121,0.55,2984,191,33.5,0.984699368,0.55,68.87501,66.625,99.9974747,512,-1,485.785156,485.480469,0.3046875,0.5,7618.451,7618.951,0,0,0,0,0,0,0,0,0,0,0,0,512,600,1200,3000,62,1.06000006,1.30500007,0,9,16,55,2835,10451.9824,1184,1183,36,36,49,31,0,0,55.051,46.077,1.09,12249.8359,358.75,45.6334,0,0,0,0.2270992,0,0,0,0,0,0,0,0,0,61.71875,62,16376,3825,12550,76.64148,158.711,255199232,5.509939E+07
05/24/2026 16:39:07,81,25,0,45,76,76,76,76,76,87,12.0960007,5.04,1.31000006,1.396,1.04000008,0.34800002,0.582,3.288,2.046,0,3.37200022,3.37200022,3.11600018,68,51.5,54.5,51.5,1699,420,0,566,0,0,0,0,0,0,56.25,20.31,10.94,9.38,12.5,32.81,7.81,3.12,19.14,56.25,42.54113,3606,978,5000,2856,50,3.20980239,0.55625,3949,1102,40,1.823089,0.55625,3064,479,33.3333321,1.27456188,0.55625,3060,390,33.3333321,1.18187392,0.55625,3731,668,40,1.46108127,0.55625,4000,1876,40,2.28014731,0.55625,2993,222,33.3333321,1.01493192,0.55625,3055,229,33.3333321,1.00279522,0.55625,68.75001,64.75,99.99748,512,-1,485.785156,485.480469,0.3046875,0.5,7618.451,7618.951,0,0,0,0,0,0,0,0,0,0,0,0,512,600,1200,3000,62,1.04000008,1.30500007,0,11,17,55,2835,10451.9824,1181,1182,36,36,50,32,0,0,55.344,46.522,1.09,12249.8359,358.75,45.8513451,0,0,0,0.24386473,0,0,0,0,0,0,0,0,0,63.09375,64,16376,3825,12550,76.64148,160.92,222699520,7.26999E+07
05/24/2026 16:39:09,80,25,0,45,76,76,76,76,76,87,12.0960007,5.03,1.31000006,1.396,1.04000008,0.350000024,0.582,3.292,2.046,0,3.37200022,3.37200022,3.11600018,68,51,54.5,51.5,1671,419,0,567,0,0,0,0,0,0,58.73,22.22,12.7,9.52,20.63,38.1,3.17,1.59,20.83,58.73,42.8285,4088,1030,4900,2585,49,2.9931972,0.55625,4828,1144,49,1.83452487,0.55625,3629,533,39.8,1.32260311,0.55625,3618,416,39.8,1.20773649,0.55625,3674,738,39.8,1.50213051,0.55625,4975,2380,49.75,2.44256043,0.55625,3543,242,39.8,1.04351342,0.55625,3535,205,39.8,0.9931685,0.55625,68.50001,62.7500038,99.9974747,512,-1,485.785156,485.480469,0.3046875,0.5,7618.451,7618.951,0,0,0,0,0,0,0,0,0,0,0,0,512,600,1200,3000,63,1.04000008,1.30500007,0,9,16,54,2835,10451.9824,1180,1179,36,36,53,33,0,0,56.896,55.053,1.09,12249.8359,358.75,46.1510658,0,0,0,0.245250419,0,0,0,0,0,0,0,0,0,61.90625,64,16376,3825,12550,76.64148,159.444,218549248,7.819981E+07
05/24/2026 16:39:11,80,25,0,45,76,76,76,76,76,87,12.12,5.03,1.31000006,1.396,1.05000007,0.366000026,0.582,3.288,2.046,0,3.37200022,3.37200022,3.11600018,69,51.5,54.5,51.5,1666,419,0,552,0,0,0,0,0,0,35.94,20.31,7.81,4.69,9.38,64.06,3.12,0,18.16,64.06,42.9324341,3814,1102,3960,2017,39.6,2.356278,0.5625,4878,1221,49.5,1.91555393,0.55625,3598,595,39.6,1.38345814,0.55625,3543,386,39.6,1.2057445,0.55625,3657,793,39.6,1.56597412,0.55625,5000,3338,50,3.33140731,0.54375,2948,263,33.3333321,1.083748,0.54375,2927,203,33.3333321,1.01564991,0.54375,68.87501,61.7500038,99.99749,512,-1,485.785156,485.480469,0.3046875,0.5,7618.451,7618.951,0,0,0,0,0,0,0,0,0,0,0,0,512,600,1200,3000,62,1.03000009,1.30500007,0,12,17,54,2835,10451.9824,1177,1178,36,36,53,33,0,0,57.188,56.455,1.09,12249.8359,358.75,45.7493134,0,0,0,0.2448864,0,0,0,0,0,0,0,0,0,64.1875,62,16376,3825,12550,76.64148,158.459,200099840,5.479936E+07
05/24/2026 16:39:13,81,25,0,45,78,78,78,78,78,89,12.0960007,5.03,1.31000006,1.396,1.046,0.350000024,0.582,3.28400016,2.046,0,3.37200022,3.37200022,3.11600018,68,51,54.5,51.5,1662,419,0,566,0,0,0,0,0,0,45.31,15.62,9.38,10.94,7.81,59.38,7.81,3.12,19.92,59.38,42.7899933,3784,1070,3920,2376,39.2,2.65476465,0.5375,4826,1062,49.5,1.77900255,0.5375,3586,526,39.6,1.3059119,0.5375,3583,400,39.6,1.20129812,0.5375,3656,760,39.6,1.50155365,0.5375,4875,2931,48.75,2.872517,0.5375,2919,287,32.5,1.08565581,0.5375,2907,222,32.5,1.01601231,0.5375,68.75001,61.3750038,99.9974747,512,-1,485.785156,485.480469,0.3046875,0.5,7618.451,7618.951,0,0,0,0,0,0,0,0,0,0,0,0,512,600,1200,3000,62,1.064,1.30500007,0,7,16,54,2835,10451.9824,1174,1175,36,36,52,33,0,1,57.753,60.015,1.09,12249.8359,358.75,46.42854,0,0,0,0.22825335,0,0,0,0,0,0,0,0,0,61.75,62,16376,3825,12550,76.64148,159.364,184049664,5.54496E+07
05/24/2026 16:39:15,80,25,0,45,76,76,76,76,76,87,12.0960007,5.03,1.31000006,1.396,1.052,0.352000028,0.582,3.28400016,2.046,0,3.37200022,3.37200022,3.11600018,68,51.5,54.5,51.5,1680,428,0,553,0,0,0,0,0,0,48.44,21.88,10.94,9.38,10.94,68.75,4.69,4.69,22.46,68.75,43.24745,3843,1133,4950,2265,49.5,2.51965714,0.54375,3866,1155,39.6,1.84787381,0.54375,3634,562,39.6,1.33933544,0.54375,3619,441,39.6,1.241266,0.54375,3681,841,39.6,1.57693923,0.54375,5000,3203,50,3.28209066,0.5375,3013,362,33.3333321,1.14907277,0.5375,2979,234,33.3333321,1.039481,0.5375,69.12501,66.125,99.9974747,512,-1,485.785156,485.480469,0.3046875,0.5,7618.451,7618.951,0,0,0,0,0,0,0,0,0,0,0,0,512,600,1200,3000,62,1.05000007,1.30500007,0,14,17,54,2835,10451.9824,1172,1172,36,36,59,40,0,0,60.357,49.169,1.09,12249.8359,358.75,52.29503,0,0,0,0.2511318,0,0,0,0,0,0,0,0,0,64.59375,64,16376,3825,12550,76.64148,167.635,208499712,59449344
05/24/2026 16:39:17,80,25,0,45,78,78,78,78,78,89,12.0960007,5.03,1.31000006,1.396,1.0480001,0.362000018,0.582,3.28400016,2.046,0,3.37200022,3.37200022,3.11600018,69,51,54.5,51.5,1680,429,0,553,0,0,0,0,0,0,59.38,21.88,17.19,10.94,17.19,59.38,7.81,1.56,24.41,59.38,43.22625,4081,1126,4900,2641,49,3.03935432,0.56875,4811,1203,49,1.847657,0.56875,4497,606,49,1.375001,0.56875,3594,451,39.2,1.23725,0.56875,3633,850,39.2,1.57144725,0.56875,4000,2667,40,2.61643219,0.55625,3606,345,39.8,1.13208723,0.55625,3604,246,39.8,1.04945159,0.55625,69.12501,61.3750038,99.9974747,512,-1,485.785156,485.480469,0.3046875,0.5,7618.451,7618.951,0,0,0,0,0,0,0,0,0,0,0,0,512,600,1200,3000,62,1.05500007,1.30500007,0,16,17,53,2835,10451.9824,1170,1169,36,36,59,40,0,0,60.142,65.174,1.09,12249.8359,358.519531,52.8170471,0,0,0,0.258017361,0,0,0,0,0,0,0,0,0,62.1875,64,16376,3825,12550,76.64148,166.78,2.132992E+08,58799104
05/24/2026 16:39:19,82,25,0,45,78,78,78,78,78,89,12.12,5.04,1.31000006,1.396,1.052,0.36,0.582,3.288,2.046,0,3.37200022,3.37200022,3.11600018,69,51,54.5,51.5,1706,428,0,567,0,0,0,0,0,0,71.88,26.56,14.06,6.25,20.31,51.56,6.25,1.56,24.8,71.88,43.9456673,3836,1152,4975,2933,49.75,3.33239126,0.55,4927,1297,49.5,1.9796139,0.5375,3638,611,39.6,1.41923928,0.5375,3594,409,39.6,1.223348,0.5375,3684,864,39.6,1.63530231,0.5375,3960,2606,39.6,2.56028748,0.5375,2969,294,33,1.117833,0.5375,2939,206,33,1.0321207,0.5375,69.25001,67,99.9974747,512,-1,485.785156,485.480469,0.3046875,0.5,7618.451,7618.951,0,0,0,0,0,0,0,0,0,0,0,0,512,600,1200,3000,62,1.05000007,1.30500007,0,17,17,54,2835,10451.9824,1167,1166,36,36,58,40,0,1,60.481,49.569,1.09,12249.8359,358.519531,51.9638138,0,0,0,0.2762006,0,0,0,0,0,0,0,0,0,63.53125,64,16376,3825,12550,76.64148,166.604,213899264,58249216
05/24/2026 16:39:21,82,25,0,45,78,78,78,78,78,89,12.0960007,5.03,1.31000006,1.39200008,1.052,0.354,0.582,3.288,2.046,0,3.37200022,3.36800027,3.11200023,69,51,54.5,51.5,1721,419,0,552,0,0,0,0,0,0,53.97,33.33,15.87,6.35,12.7,61.9,3.17,7.94,24.4,61.9,43.57159,3744,1119,3980,2681,39.8,2.986788,0.5375,4943,1264,49.75,1.91988134,0.54375,3670,548,39.8,1.34885132,0.54375,3641,431,39.8,1.23061764,0.54375,3674,790,39.8,1.55116975,0.54375,3980,2677,39.8,2.76014352,0.53125,3004,293,33.1666679,1.100301,0.53125,3062,266,33.3333321,1.069172,0.53125,69.12501,67,99.99748,512,-1,485.785156,485.480469,0.3046875,0.5,7618.451,7618.951,0,0,0,0,0,0,0,0,0,0,0,0,512,600,1200,3000,62,1.04500008,1.30500007,0,10,17,54,2835,10451.9824,1167,1167,36,36,59,40,0,1,60.849,51.052,1.09,12249.8359,358.519531,52.87345,0,0,0,0.271994829,0,0,0,0,0,0,0,0,0,63.5,64,16376,3825,12550,76.64148,169.091,234899456,8.254976E+07
05/24/2026 16:39:23,82,25,0,45,78,78,78,78,78,89,12.0960007,5.03,1.31000006,1.396,1.044,0.350000024,0.582,3.28400016,2.046,0,3.37200022,3.37200022,3.11600018,69,51,54.5,51.5,1702,419,0,566,0,0,0,0,0,0,59.38,26.56,12.5,10.94,20.31,54.69,7.81,4.69,24.61,59.38,43.61679,3581,1140,3940,2446,39.4,2.61621833,0.54375,3928,1344,39.4,2.00313115,0.54375,3044,552,32.8333321,1.35395122,0.54375,3052,421,32.8333321,1.23709512,0.54375,3694,877,39.4,1.61274064,0.54375,4950,2910,49.5,3.1853857,0.55,3017,309,33,1.11252928,0.55,3023,263,33,1.06944656,0.55,69.50001,62.7500038,99.9975,512,-1,485.785156,485.480469,0.3046875,0.5,7618.451,7618.951,0,0,0,0,0,0,0,0,0,0,0,0,512,600,1200,3000,63,1.04500008,1.30500007,0,10,16,53,2835,10451.9824,1166,1168,36,36,59,40,0,1,60.345,67.606,1.09,12249.8359,358.519531,52.677597,0,0,0,0.280265123,0,0,0,0,0,0,0,0,0,61.875,64,16376,3825,12550,76.64148,168.431,292999168,62849024
05/24/2026 16:39:25,82,25,0,45,78,78,78,78,78,89,12.0960007,5.03,1.31000006,1.396,1.044,0.352000028,0.582,3.288,2.046,0,3.37200022,3.37200022,3.11600018,69,51.5,54.5,51.5,1711,420,0,553,0,0,0,0,0,0,44.44,25.4,15.87,7.94,23.81,77.78,12.7,7.81,26.97,77.78,43.6999931,3741,1150,3940,2221,39.4,2.39997983,0.575,3940,1277,39.4,1.9851774,0.575,4527,566,48.75,1.32802415,0.56875,3041,458,32.5,1.21608114,0.56875,3703,948,39,1.63423538,0.56875,4875,3214,48.75,3.39624715,0.55625,2971,294,32.5,1.05346882,0.55625,2929,222,32.5,0.986504257,0.55625,69.37501,61.8750038,99.9974747,512,-1,485.785156,485.480469,0.3046875,0.5,7618.451,7618.951,0,0,0,0,0,0,0,0,0,0,0,0,512,600,1200,3000,62,1.04000008,1.30500007,0,13,16,54,2835,10451.9824,1164,1162,36,36,58,40,0,1,42.273,68.463,1.09,12249.8359,358.519531,50.4705162,0,0,0,0.266046554,0,0,0,0,0,0,0,0,0,62.90625,62,16376,3825,12550,76.64148,165.898,293249024,6.049997E+07
05/24/2026 16:39:27,82,25,0,45,78,78,78,78,78,89,12.12,5.03,1.31000006,1.396,1.03800011,0.354,0.582,3.288,2.046,0,3.37200022,3.37200022,3.11600018,69,51.5,54.5,51.5,1697,430,0,552,0,0,0,0,0,0,52.38,9.52,9.52,3.17,9.52,46.03,3.17,0,16.67,52.38,42.67762,4123,978,3920,2596,39.2,3.01478958,0.6125,4865,1091,49,1.74310386,0.5625,4648,476,49,1.24009156,0.5625,3716,397,39.2,1.16083443,0.5625,3728,678,39.2,1.42095649,0.5625,4900,2112,49,2.472359,0.5625,3640,280,39.2,1.04888141,0.5625,3567,190,39.2,0.9493795,0.5625,69.25001,61.3750038,99.99748,512,-1,485.785156,485.480469,0.3046875,0.5,7618.451,7618.951,0,0,0,0,0,0,0,0,0,0,0,0,512,600,1200,3000,63,1.04500008,1.30500007,0,9,16,55,2835,10451.9824,1161,1161,36,36,57,40,0,1,58.841,52.607,1.09,12249.8359,358.519531,52.738,0,0,0,0.308697075,0,0,0,0,0,0,0,0,0,62,64,16376,3825,12550,76.64148,168.175,233799680,5.874995E+07
05/24/2026 16:39:29,82,25,0,45,78,78,78,78,78,89,12.0960007,5.03,1.31000006,1.396,1.04000008,0.352000028,0.582,3.28400016,2.046,0,3.37200022,3.37200022,3.11600018,69,51.5,54.5,51.5,1697,430,0,553,0,0,0,0,0,0,55.38,23.08,9.38,4.69,9.23,35.94,6.25,1.56,18.19,55.38,42.657,3870,965,3980,2803,39.8,3.2394383,0.54375,3980,1046,39.8,1.72758567,0.54375,3759,447,39.8,1.21887529,0.54375,3791,408,39.8,1.16562474,0.54375,4760,674,49.75,1.41334641,0.54375,3980,1870,39.8,2.22773027,0.54375,3702,289,39.8,1.05658138,0.54375,3006,183,33,0.9359138,0.54375,69.25001,61.3750038,99.99749,512,-1,485.785156,485.480469,0.3046875,0.5,7618.451,7618.951,0,0,0,0,0,0,0,0,0,0,0,0,512,600,1200,3000,62,0.974000037,1.30500007,0,7,16,55,2835,10451.9824,1157,1162,36,36,57,40,0,1,59.021,65.404,1.09,12249.8359,358.519531,53.1437836,0,0,0,0.31597802,0,0,0,0,0,0,0,0,0,62.40625,64,16376,3825,12550,76.64148,169.3,294149120,5.849907E+07
05/24/2026 16:39:31,82,25,0,45,78,78,78,78,78,89,12.0960007,5.03,1.31000006,1.396,1.03200006,0.34800002,0.582,3.288,2.046,0,3.37200022,3.37200022,3.11600018,69,51,54.5,51.5,1697,430,0,566,0,0,0,0,0,0,55.38,15.38,7.81,3.12,12.5,38.46,3.12,1.56,17.17,55.38,42.58979,3448,973,3920,2789,39.2,3.253203,0.54375,3225,1013,32.6666679,1.73475051,0.54375,3115,511,32.6666679,1.28846872,0.54375,3105,408,32.6666679,1.17768252,0.54375,3117,689,32.6666679,1.44973755,0.54375,4975,1931,49.75,2.330478,0.55625,3100,247,33.1666679,1.02325761,0.55625,3024,195,33.1666679,0.9632253,0.55625,69.37501,64.125,99.9975,512,-1,485.785156,485.480469,0.3046875,0.5,7618.451,7618.951,0,0,0,0,0,0,0,0,0,0,0,0,512,600,1200,3000,61,1,1.30500007,0,13,16,55,2835,10451.9824,1157,1159,35,36,57,40,0,1,58.06,63.507,1.09,12249.8359,358.519531,52.86096,0,0,0,0.3163139,0,0,0,0,0,0,0,0,0,62,64,16376,3825,12550,76.64148,167.907,264899584,58249216
05/24/2026 16:39:33,82,25,0,45,78,78,78,78,78,89,12.12,5.03,1.31000006,1.396,1.03800011,0.362000018,0.582,3.288,2.046,0,3.37200022,3.37200022,3.11600018,69,51,54,51.5,1731,420,0,552,0,0,0,0,0,0,35.94,34.38,6.25,3.12,12.5,57.81,4.69,3.12,19.73,57.81,42.64882,4070,993,4975,1680,49.75,2.262735,0.53125,4020,1218,40.2,1.90209341,0.53125,3749,494,40.2,1.2717154,0.53125,3714,382,40.2,1.174787,0.53125,3745,719,40.2,1.48616362,0.53125,5025,2979,50.25,3.3571558,0.53125,3665,258,40.2,1.0483222,0.53125,3664,217,40.2,0.992042661,0.53125,69.37501,65.25,99.99748,512,-1,485.785156,485.480469,0.3046875,0.5,7618.451,7618.951,0,0,0,0,0,0,0,0,0,0,0,0,512,600,1200,3000,62,1.04000008,1.30500007,0,9,16,56,2835,10451.9824,1157,1158,35,35,57,40,0,1,58.412,62.476,1.09,12249.8359,358.519531,52.74086,0,0,0,0.3147663,0,0,0,0,0,0,0,0,0,63.34375,66,16376,3825,12550,76.64148,167.571,2.145495E+08,5.984973E+07
05/24/2026 16:39:35,82,25,0,45,78,78,78,78,78,89,12.0960007,5.03,1.31000006,1.396,1.036,0.34800002,0.582,3.28400016,2.046,0,3.37200022,3.37200022,3.11600018,69,51.5,54.5,51.5,1714,420,0,566,0,0,0,0,0,0,32.81,31.25,3.08,7.69,15.62,56.25,3.08,3.08,19.11,56.25,42.55811,3979,972,5025,1726,50.25,2.25833225,0.54375,4020,1291,40.2,1.95474207,0.54375,3723,455,40.2,1.22871876,0.54375,3155,382,33.5,1.16650593,0.54375,3718,708,39.6,1.45157528,0.55,4950,2741,49.5,3.12820673,0.55,3638,268,39.6,1.0441463,0.55,3603,205,39.6,0.9737274,0.55,69.25001,65.625,99.99747,512,-1,485.785156,485.480469,0.3046875,0.5,7618.451,7618.951,0,0,0,0,0,0,0,0,0,0,0,0,512,600,1200,3000,62,1.05000007,1.30500007,0,12,16,54,2835,10451.9824,1156,1153,35,35,52,35,0,1,56.643,53.311,1.09,12249.8359,358.519531,49.91252,0,0,0,0.307544351,0,0,0,0,0,0,0,0,0,64.59375,64,16376,3825,12550,76.64148,164.192,221699072,6.014976E+07
05/24/2026 16:39:37,82,25,0,45,78,78,78,78,78,88,12.0960007,5.03,1.31000006,1.396,1.042,0.352000028,0.582,3.28400016,2.046,0,3.37200022,3.37200022,3.11600018,69,51.5,54,51.5,1702,420,0,566,0,0,0,0,0,0,25,31.25,6.25,4.69,7.81,54.69,1.56,1.56,16.6,54.69,42.5210075,3682,953,3980,1805,39.8,2.29888177,0.55,3980,1200,39.8,1.89105046,0.55,3057,417,33.1666679,1.18726575,0.55,3087,374,33.1666679,1.15356255,0.55,3738,648,39.8,1.40102935,0.55,4975,2748,49.75,3.13483071,0.55,3033,245,33.1666679,1.02069545,0.55,3602,184,39.6,0.954069,0.54375,69.00001,66,99.99749,512,-1,485.785156,485.480469,0.3046875,0.5,7618.451,7618.951,0,0,0,0,0,0,0,0,0,0,0,0,512,600,1200,3000,62,1.05000007,1.30500007,0,13,17,54,2835,10451.9824,1155,1151,35,35,51,33,0,1,55.975,55.073,1.09,12249.8359,358.957031,46.08995,0,0,0,0.317148179,0,0,0,0,0,0,0,0,0,64.3125,64,16376,3825,12550,76.64148,160.864,213399552,60199936
05/24/2026 16:39:39,81,25,0,45,76,76,76,76,76,87,12.0960007,5.03,1.31000006,1.396,1.03800011,0.350000024,0.582,3.28400016,2.046,0,3.37200022,3.37200022,3.11600018,68,51.5,54.5,51.5,1702,429,0,552,0,0,0,0,0,0,53.85,21.54,13.85,4.62,10.77,38.46,1.54,3.08,18.46,53.85,42.8674927,3903,1016,3960,2911,39.6,3.34349418,0.55625,3960,1320,39.6,2.04685545,0.55625,3681,477,39.6,1.2787317,0.55625,3686,345,39.6,1.13982308,0.55625,3768,686,39.6,1.47595251,0.55625,4950,1935,49.5,2.39254856,0.55,3621,240,39.6,1.040023,0.55,3600,218,39.6,0.9927845,0.55,69.00001,61.3750038,99.99748,512,-1,485.785156,485.480469,0.3046875,0.5,7618.451,7618.951,0,0,0,0,0,0,0,0,0,0,0,0,512,600,1200,3000,62,1.0150001,1.30500007,0,13,16,54,2835,10451.9824,1154,1154,35,35,50,33,0,0,55.229,52.458,1.09,12249.84,359.082031,45.9927559,0,0,0,0.305471361,0,0,0,0,0,0.008196817,0,0,0,64.3125,64,16376,3825,12550,76.64148,158.432,157799424,4.179968E+07
05/24/2026 16:39:41,81,25,0,45,78,78,78,78,78,89,12.0960007,5.03,1.31000006,1.396,1.046,0.352000028,0.582,3.28400016,2.046,0,3.37200022,3.36800027,3.11600018,69,51.5,54,51.5,1675,429,0,567,0,0,0,0,0,0,56.25,23.44,4.69,6.25,12.5,39.06,3.12,1.56,18.36,56.25,42.9753647,3836,999,5000,3013,50,3.47479868,0.55625,3333,1134,33.3333321,1.885636,0.55625,3689,441,39.8,1.27477455,0.5375,3677,347,39.8,1.15127289,0.5375,3847,717,39.8,1.51364541,0.5375,3980,1957,39.8,2.433797,0.5375,3587,203,39.8,1.01348221,0.5375,3578,178,39.8,0.977093339,0.5375,69.50001,66.625,99.99748,512,-1,485.785156,485.480469,0.3046875,0.5,7618.451,7618.951,0,0,0,0,0,0,0,0,0,0,0,0,512,600,1200,3000,62,1.06000006,1.30500007,0,10,17,54,2835,10451.9824,1150,1152,35,35,51,33,0,0,55.883,53.44,1.09,12249.84,359.207031,46.3471832,0,0,0,0.337751865,0,0,0,0,0,0.007389202,0,0,0,61.96875,64,16376,3825,12550,76.64148,159.623,7.279923E+07,3.759923E+07
05/24/2026 16:39:43,82,25,0,45,78,78,78,78,78,89,12.0960007,5.03,1.31000006,1.396,1.04000008,0.362000018,0.582,3.28400016,2.046,0,3.37200022,3.37200022,3.11600018,69,51.5,54,51.5,1704,429,0,553,0,0,0,0,0,0,51.56,18.75,6.25,9.38,14.06,43.75,3.12,3.12,18.75,51.56,42.8281746,3756,972,3980,2725,39.8,3.19501,0.55,3980,1183,39.8,1.84246385,0.55,3665,457,39.8,1.26131892,0.55,3665,377,39.8,1.16507852,0.55,3843,641,39.8,1.446059,0.55,4975,1974,49.75,2.40137744,0.55,2985,231,33.1666679,1.01369345,0.55625,2951,190,33.1666679,0.968468368,0.55625,69.50001,67.375,99.99747,512,-1,485.785156,485.480469,0.3046875,0.5,7618.451,7618.951,0,0,0,0,0,0,0,0,0,0,0,0,512,600,1200,3000,62,1.04000008,1.30500007,0,11,16,54,2835,10451.9824,1148,1150,35,35,51,33,0,0,56.365,56.003,1.09,12249.84,359.207031,46.5075722,0,0,0,0.332875878,0,0,0,0,0,0,0,0,0,64.65625,64,16376,3825,12550,76.64148,161.826,142449664,3.954995E+07
05/24/2026 16:39:45,82,25,0,45,78,78,78,78,78,89,12.0960007,5.03,1.31000006,1.396,1.036,0.350000024,0.582,3.288,2.046,0,3.37200022,3.36800027,3.11200023,69,51,54.5,51.5,1702,420,0,567,0,0,0,0,0,0,26.56,15.62,14.06,7.81,12.5,67.19,6.25,6.25,19.53,67.19,42.5850029,4020,992,3960,1654,39.6,2.20114088,0.55625,4950,1269,49.5,1.96566093,0.55625,3699,540,39.6,1.33623314,0.55625,3632,345,39.6,1.14676285,0.55625,3853,730,39.6,1.507661,0.55625,4950,2984,49.5,3.162585,0.55625,3539,211,39.6,1.00065482,0.55625,3576,199,39.6,0.9858826,0.55625,69.12501,61.3750038,99.9974747,512,-1,485.785156,485.480469,0.3046875,0.5,7618.451,7618.951,0,0,0,0,0,0,0,0,0,0,0,0,512,600,1200,3000,63,1.04500008,1.30500007,0,20,17,57,2835,10451.9824,1147,1149,35,35,63,37,0,0,70.166,77.811,1.09,12249.84,359.207031,59.593853,0,0,0,0.334426343,0,0,0,0,0,0,0,0,0,70.125,64,16376,3825,12550,76.64148,203.187,1.546496E+08,3.794944E+07
05/24/2026 16:39:47,82,25,0,45,76,76,76,76,76,87,12.0960007,5.03,1.312,1.396,1.03800011,0.358,0.582,3.28400016,2.046,0,3.37200022,3.37200022,3.11600018,68,51.5,54.5,51.5,1721,420,0,566,0,0,0,0,0,0,21.88,31.25,9.38,3.12,10.94,57.81,4.69,1.56,17.58,57.81,42.69586,3986,952,3960,1574,39.6,2.10342169,0.54375,4950,1370,49.5,2.04331946,0.54375,4638,522,49.5,1.3026824,0.54375,3642,324,39.6,1.11368072,0.54375,3857,638,39.6,1.41653359,0.54375,4925,2758,49.25,3.116212,0.575,2959,223,32.8333321,0.9940618,0.575,2958,207,32.8333321,0.979920864,0.575,68.75001,61.3750038,99.99749,512,-1,485.785156,485.480469,0.3046875,0.5,7618.451,7618.951,0,0,0,0,0,0,0,0,0,0,0,0,512,600,1200,3000,63,0.945000052,1.30500007,0,14,17,57,2835,10451.9824,1147,1145,35,35,63,37,0,0,69.727,73.98,1.09,12249.84,359.207031,59.04012,0,0,0,0.3268224,0,0,0,0,0,0,0,0,0,65.1875,64,16376,3825,12550,76.64148,201.766,178149376,4.064973E+07
05/24/2026 16:39:49,81,25,0,45,76,76,76,76,76,87,12.0960007,5.03,1.31000006,1.396,1.04000008,0.364000022,0.582,3.288,2.046,0,3.37200022,3.37200022,3.11600018,68,51.5,54,51.5,1685,420,0,567,0,0,0,0,0,0,32.31,29.23,3.08,3.08,12.31,43.08,1.54,4.62,16.15,43.08,42.7840424,3333,951,4925,1887,49.25,2.40150428,0.54375,3283,1272,32.8333321,1.96321452,0.54375,3049,488,32.8333321,1.27357793,0.54375,3046,385,32.8333321,1.17026746,0.54375,3173,626,32.8333321,1.41607988,0.54375,3283,2515,32.8333321,2.88911915,0.54375,2936,220,32.8333321,1.00104964,0.54375,2970,213,32.8333321,0.982105732,0.54375,68.50001,64.75,99.9974747,512,-1,485.785156,485.480469,0.3046875,0.5,7618.451,7618.951,0,0,0,0,0,0,0,0,0,0,0,0,512,600,1200,3000,63,1.05000007,1.30500007,0,8,16,58,2835,10451.9824,1146,1148,35,35,63,37,0,0,70.385,82.47,1.09,12249.84,359.207031,59.145874,0,0,0,0.335310847,0,0,0,0,0,0,0,0,0,65.9375,66,16376,3825,12550,76.64148,202.483,141749248,4.679987E+07
05/24/2026 16:39:51,80,25,0,45,76,76,76,76,76,87,12.0960007,5.03,1.31000006,1.396,1.036,0.34800002,0.582,3.288,2.046,0,3.37200022,3.37200022,3.11600018,68,51,54.5,51.5,1666,430,0,551,0,0,0,0,0,0,40.62,26.56,6.25,1.56,4.69,35.94,0,1.56,14.65,40.62,42.9980469,4067,971,3980,2706,39.8,3.18212438,0.51875,3980,1170,39.8,1.9143852,0.51875,3747,478,40.4,1.29598916,0.51875,3643,298,40.4,1.09989893,0.51875,4904,647,50.5,1.4587307,0.51875,5050,2067,50.5,2.57551026,0.51875,3605,203,40.4,1.005982,0.51875,3625,201,40.4,0.995680034,0.51875,69.12501,61.3750038,99.99747,512,-1,485.785156,485.480469,0.3046875,0.5,7618.451,7618.951,0,0,0,0,0,0,0,0,0,0,0,0,512,600,1200,3000,62,1,1.30500007,0,10,17,59,2835,10451.9824,1147,1147,35,35,63,37,0,0,69.908,80.736,1.09,12249.84,359.207031,59.1535873,0,0,0,0.311248422,0,0,0,0,0,0,0,0,0,66.84375,64,16376,3825,12550,76.64148,203.082,155599872,3.94496E+07
05/24/2026 16:39:53,80,25,0,45,78,78,78,78,78,89,12.0960007,5.03,1.31000006,1.396,1.034,0.36,0.582,3.288,2.046,0,3.37200022,3.37200022,3.11600018,69,51.5,54,51.5,1671,429,0,567,0,0,0,0,0,0,47.62,20.63,1.59,3.17,6.35,26.98,1.59,0,13.49,47.62,42.33595,4305,929,4850,2649,48.5,3.07351732,0.55,4850,1116,48.5,1.79830921,0.55,4597,472,48.5,1.24881732,0.55,4502,360,48.5,1.13080883,0.55,4749,630,48.5,1.39982963,0.55,4950,1841,49.5,2.28725839,0.6,2986,201,33,0.977781355,0.6,2956,161,33,0.923785567,0.6,69.00001,61.7500038,99.9975,512,-1,485.785156,485.480469,0.3046875,0.5,7618.451,7618.951,0,0,0,0,0,0,0,0,0,0,0,0,512,600,1200,3000,63,0.989,1.30500007,0,14,17,59,2835,10451.9824,1147,1152,35,35,63,37,0,0,69.476,80.581,1.09,12249.84,359.207031,59.38655,0,0,0,0.3243658,0,0,0,0,0,0,0,0,0,71.21875,66,16376,3825,12550,76.64148,201.853,152599552,3.374899E+07
05/24/2026 16:39:55,82,25,0,45,78,78,78,78,78,88,12.0960007,5.03,1.31000006,1.396,1.04000008,0.34800002,0.582,3.288,2.046,0,3.37200022,3.37200022,3.11600018,69,51.5,54,51.5,1702,429,0,552,0,0,0,0,0,0,43.75,18.75,7.81,7.81,15.62,43.75,6.25,6.25,18.75,43.75,42.57914,3724,956,3960,1987,39.6,2.51569414,0.5375,3960,1126,39.6,1.81091559,0.5375,3683,508,39.6,1.30270493,0.5375,3648,376,39.6,1.16260839,0.5375,3818,634,39.6,1.43220079,0.5375,4900,2619,49,3.02944231,0.54375,2922,218,32.6666679,1.001933,0.54375,2899,178,32.6666679,0.956409454,0.54375,69.00001,63.2500038,99.99748,512,-1,485.785156,485.480469,0.3046875,0.5,7618.451,7618.951,0,0,0,0,0,0,0,0,0,0,0,0,512,600,1200,3000,63,1.04000008,1.30500007,0,11,16,60,2835,10451.9824,1150,1151,35,35,63,37,0,0,69.985,78.854,1.09,12249.84,359.207031,59.6418571,0,0,0,0.323430419,0,0,0,0,0,0,0,0,0,66.40625,66,16376,3825,12550,76.64148,202.218,1.58549E+08,3.374899E+07
05/24/2026 16:39:57,82,25,0,45,78,78,78,78,78,89,12.0960007,5.03,1.31000006,1.396,1.044,0.350000024,0.582,3.28400016,2.046,0,3.37200022,3.37200022,3.11600018,69,51.5,54,51.5,1714,419,0,552,0,0,0,0,0,0,45.31,29.69,3.12,6.25,12.5,70.31,0,0,20.9,70.31,42.4366341,3879,954,4000,1747,40,2.299317,0.54375,5000,1100,50,1.82472348,0.54375,3723,518,40,1.30578661,0.54375,3681,379,40,1.17747259,0.54375,3826,652,40,1.43756568,0.54375,4950,2840,49.5,3.19720554,0.575,2927,218,33,1.00474274,0.575,2928,174,33,0.955427945,0.575,69.12501,61.3750038,99.99747,512,-1,485.785156,485.480469,0.3046875,0.5,7618.451,7618.951,0,0,0,0,0,0,0,0,0,0,0,0,512,600,1200,3000,63,1.01,1.30500007,0,6,16,60,2835,10451.9824,1150,1148,35,35,64,38,0,0,71.034,76.172,1.09,12249.84,359.207031,60.06296,0,0,0,0.311959058,0,0,0,0,0,0,0,0,0,66.40625,66,16376,3825,12550,76.64148,204.467,181899264,33149952
05/24/2026 16:39:59,82,25,0,45,78,78,78,78,78,89,12.0960007,5.03,1.31000006,1.396,1.036,0.356,0.582,3.28400016,2.046,0,3.37200022,3.37200022,3.11600018,69,51.5,54.5,51.5,1694,419,0,566,0,0,0,0,0,0,42.19,21.88,7.81,4.69,7.81,54.69,3.12,1.56,17.97,54.69,42.2582245,3777,934,4000,1358,40,1.94285154,0.54375,4000,1111,40,1.82139945,0.54375,3713,507,40,1.29627979,0.54375,3640,348,40,1.13459384,0.54375,3839,650,40,1.42591584,0.54375,5025,3072,50.25,3.419022,0.5375,3008,229,33.5,1.0051868,0.5375,2994,194,33.5,0.9712157,0.5375,69.25001,61.7500038,99.99748,512,-1,485.785156,485.480469,0.3046875,0.5,7618.451,7618.951,0,0,0,0,0,0,0,0,0,0,0,0,512,600,1200,3000,63,0.974000037,1.30500007,0,9,16,60,2835,10451.9824,1152,1150,35,36,64,38,0,0,71.093,74.547,1.09,12249.84,359.207031,60.1298332,0,0,0,0.315840751,0,0,0,0,0,0,0,0,0,66.4375,66,16376,3825,12550,76.64148,204.109,153299968,34149376
05/24/2026 16:40:01,82,25,0,45,78,78,78,78,78,89,12.0960007,5.04,1.31000006,1.396,1.036,0.364000022,0.582,3.288,2.046,0,3.37200022,3.37200022,3.11600018,69,51,54.5,51.5,1724,420,0,552,0,0,0,0,0,0,42.19,17.19,9.38,3.12,10.94,34.38,1.56,3.12,15.23,42.19,42.2189636,3864,934,3940,2005,39.4,2.50671387,0.575,4925,1124,49.25,1.80090237,0.575,3734,522,39.4,1.301286,0.575,3631,332,39.4,1.11030447,0.575,3876,664,39.4,1.42467868,0.575,4900,2426,49,2.809853,0.56875,2993,222,32.6666679,0.997945845,0.56875,2914,176,32.6666679,0.9376402,0.56875,69.12501,65.125,99.99748,512,-1,485.785156,485.480469,0.3046875,0.5,7618.451,7618.951,0,0,0,0,0,0,0,0,0,0,0,0,512,600,1200,3000,63,1.03500009,1.30500007,0,16,17,60,2835,10451.9824,1155,1154,36,36,65,38,0,0,71.495,72.595,1.09,12249.84,359.4375,60.36545,0,0,0,0.315597922,0,0,0,0,0,0,0,0,0,66.9375,66,16376,3825,12550,76.64148,203.123,1.642496E+08,3.909939E+07
05/24/2026 16:40:03,82,25,0,45,78,78,78,78,78,89,12.0960007,5.03,1.312,1.396,1.034,0.362000018,0.582,3.288,2.046,0,3.37200022,3.37600017,3.11600018,69,51.5,54,51.5,1709,420,0,566,0,0,0,0,0,0,57.81,12.5,4.69,3.12,7.81,20.31,0,0,13.28,57.81,42.17644,3472,924,4975,2695,49.75,3.08288431,0.55,3317,1098,33.1666679,1.78976631,0.55,3148,478,33.1666679,1.26606238,0.55,3137,351,33.1666679,1.11691391,0.55,3256,642,33.1666679,1.42176557,0.55,3980,1751,39.8,2.2113266,0.55,3012,209,33.1666679,0.982028246,0.55,2955,172,33.1666679,0.933041334,0.55,69.12501,66.625,99.99748,512,-1,485.785156,485.480469,0.3046875,0.5,7618.451,7618.951,0,0,0,0,0,0,0,0,0,0,0,0,512,600,1200,3000,62,1.05000007,1.30500007,0,11,16,60,2835,10451.9824,1160,1159,36,36,65,38,0,0,71.776,71.494,1.09,12249.84,359.4375,60.2704353,0,0,0,0.315821946,0,0,0,0,0,0,0,0,0,66.875,66,16376,3825,12550,76.64148,203.915,1.185495E+08,39849984
05/24/2026 16:40:05,82,25,0,45,78,78,78,78,78,89,12.0960007,5.03,1.31000006,1.396,1.042,0.352000028,0.582,3.28400016,2.046,0,3.37200022,3.37200022,3.11600018,69,51.5,54,51.5,1702,429,0,553,0,0,0,0,0,0,50.77,21.54,6.15,3.08,12.31,44.62,3.08,0,17.69,50.77,42.51102,3964,972,4925,2790,49.25,3.2603054,0.53125,4900,1202,49,1.92385256,0.53125,3647,419,39.2,1.22890615,0.525,3556,315,39.2,1.11021984,0.525,3842,654,39.2,1.44659126,0.525,4950,1985,49.5,2.43334961,0.56875,2957,229,33,1.01613033,0.56875,2932,179,33,0.9591226,0.56875,69.25001,61.8750038,99.99748,512,-1,485.785156,485.480469,0.3046875,0.5,7618.451,7618.951,0,0,0,0,0,0,0,0,0,0,0,0,512,600,1200,3000,63,1.03500009,1.30500007,0,13,17,58,2835,10451.9824,1160,1162,36,36,65,37,0,0,72.053,78.096,1.09,12249.84,359.4375,60.0420265,0,0,0,0.319370925,0,0,0,0,0,0,0,0,0,68.1875,66,16376,3825,12550,76.64148,205.204,133449728,39599104
05/24/2026 16:40:07,82,25,0,45,78,78,78,78,78,89,12.0960007,5.03,1.31000006,1.396,1.042,0.350000024,0.582,3.292,2.046,0,3.37200022,3.37200022,3.11600018,69,51,54,51.5,1711,429,0,553,0,0,0,0,0,0,39.06,18.75,14.06,1.56,12.5,48.44,1.56,0,16.99,48.44,42.572258,3566,949,3960,2266,39.6,2.79235959,0.55625,3300,1090,33,1.8070966,0.55625,3071,473,33,1.27368069,0.55625,3003,320,33,1.12456143,0.55625,3173,643,33,1.44127715,0.55625,4950,2414,49.5,2.836484,0.55625,3546,212,39.6,1.00242233,0.55625,3528,174,39.8,0.9541459,0.55625,69.50001,67,99.99747,512,-1,485.785156,485.480469,0.3046875,0.5,7618.451,7618.951,0,0,0,0,0,0,0,0,0,0,0,0,512,600,1200,3000,63,1.04500008,1.30500007,0,12,16,58,2835,10451.9824,1165,1165,36,36,65,38,0,0,73.013,66.462,1.09,12249.84,359.4375,59.6192245,0,0,0,0.314011663,0,0,0,0,0,0,0,0,0,68.875,66,16376,3825,12550,76.64148,202.263,9.164902E+07,3.594957E+07
05/24/2026 16:40:09,82,25,0,45,78,78,78,78,78,89,12.0960007,5.03,1.31000006,1.396,1.034,0.364000022,0.582,3.288,2.046,0,3.37200022,3.37200022,3.11600018,69,51.5,54,51.5,1711,429,0,552,0,0,0,0,0,0,28.57,20.63,7.94,6.35,12.7,55.56,1.59,0,16.67,55.56,42.73458,3734,955,3960,1530,39.6,2.11875248,0.55,3960,1099,39.6,1.81982708,0.55,3744,577,39.6,1.37084711,0.55,3638,376,39.6,1.16534948,0.55,3808,689,39.6,1.46571839,0.55,4900,2958,49,3.295144,0.55,2920,209,32.6666679,0.9887659,0.55,2943,205,32.6666679,0.9737772,0.55,69.50001,61.3750038,99.99748,512,-1,485.785156,485.480469,0.3046875,0.5,7618.451,7618.951,0,0,0,0,0,0,0,0,0,0,0,0,512,600,1200,3000,62,1.04000008,1.30500007,0,21,17,58,2835,10451.9824,1169,1168,36,36,65,38,0,0,72.458,62.128,1.09,12249.84,359.4375,60.3258,0,0,0,0.310564369,0,0,0,0,0,0,0,0,0,70.71875,66,16376,3825,12550,76.64148,202.278,152949760,33949696
05/24/2026 16:40:11,82,25,0,45,78,78,78,78,78,89,12.0960007,5.03,1.31000006,1.396,1.04000008,0.350000024,0.582,3.28400016,2.046,0,3.37200022,3.37200022,3.11600018,69,51,54,51.5,1697,420,0,566,0,0,0,0,0,0,15.62,25,7.81,4.69,9.38,59.38,1.56,0,15.43,59.38,42.6473656,3632,947,3920,1468,39.2,2.04034686,0.55625,3920,1198,39.2,1.90758455,0.55625,3653,514,39.2,1.31227648,0.55625,2952,315,32.6666679,1.116524,0.55625,3769,666,39.2,1.44766557,0.55625,4950,3000,49.5,3.31726074,0.55625,2931,208,33,0.993083537,0.55625,2958,208,33,0.979582667,0.55625,69.25001,66,99.99749,512,-1,485.785156,485.480469,0.3046875,0.5,7618.451,7618.951,0,0,0,0,0,0,0,0,0,0,0,0,512,600,1200,3000,63,0.984,1.30500007,0,19,17,58,2835,10451.9824,1172,1174,36,36,65,38,0,0,73.595,61.432,1.09,12249.84,359.4375,60.186657,0,0,0,0.317719519,0,0,0,0,0,0,0,0,0,69.875,66,16376,3825,12550,76.64148,204.476,181849088,34049024
05/24/2026 16:40:13,82,25,0,45,78,78,78,78,78,89,12.0960007,5.03,1.31000006,1.39200008,1.024,0.346000016,0.582,3.28000021,2.046,0,3.37200022,3.37200022,3.11600018,69,51.5,54.5,51.5,1697,420,0,552,0,0,0,0,0,0,39.06,17.19,14.06,6.25,17.19,40.62,3.12,1.56,17.38,40.62,42.400032,4074,922,4975,2231,49.75,2.70719123,0.55625,4975,1104,49.75,1.80673265,0.55625,3757,488,39.8,1.26868856,0.55625,3718,323,39.8,1.10192108,0.55625,3895,659,39.8,1.41311586,0.55625,4020,2195,40.2,2.5821588,0.54375,3622,208,40.2,0.981489658,0.54375,3627,170,40.2,0.9396823,0.54375,69.12501,61.3750038,99.99748,512,-1,485.785156,485.480469,0.3046875,0.5,7618.451,7618.951,0,0,0,0,0,0,0,0,0,0,0,0,512,600,1200,3000,63,0.995000064,1.30500007,0,8,16,58,2835,10451.9824,1175,1177,36,36,65,38,0,0,73.082,62.247,1.09,12249.84,359.4375,60.1336021,0,0,0,0.302817166,0,0,0,0,0,0,0,0,0,72.15625,66,16376,3825,12550,76.64148,204.857,138449920,3.804979E+07
05/24/2026 16:40:15,82,25,0,45,78,78,78,78,78,89,12.0960007,5.03,1.31000006,1.396,1.03200006,0.362000018,0.582,3.28400016,2.046,0,3.37200022,3.37200022,3.11600018,68,51,54,51.5,1721,420,0,566,0,0,0,0,0,0,33.33,19.05,14.29,6.35,15.87,34.92,4.76,4.76,16.67,34.92,41.92641,4118,892,4850,2349,48.5,2.81215358,0.60625,4850,1049,48.5,1.7074976,0.625,4698,532,48.5,1.2962141,0.625,3053,371,32.3333321,1.12801182,0.625,4817,637,48.5,1.38725471,0.625,4850,1822,48.5,2.21467829,0.625,2920,206,32.3333321,0.958245158,0.625,2907,172,32.3333321,0.9231606,0.625,68.75001,61.8750038,99.9974747,512,-1,485.785156,485.480469,0.3046875,0.5,7618.451,7618.951,0,0,0,0,0,0,0,0,0,0,0,0,512,600,1200,3000,63,1.04500008,1.30500007,0,7,17,58,2835,10451.9824,1183,1180,37,37,65,38,0,0,72.204,62.164,1.09,12249.8125,351.078125,59.6324272,0,0,0,0.2807428,0,0,0,0,0,0.1555388,0,0,0,69.8125,66,16376,3825,12550,76.64148,203.106,187249664,33099776
05/24/2026 16:40:17,81,25,0,45,76,76,76,76,76,87,12.0960007,5.03,1.31000006,1.396,1.028,0.358,0.582,3.288,2.046,0,3.37200022,3.37200022,3.11600018,68,51.5,54.5,51.5,1704,428,0,552,0,0,0,0,0,0,51.56,32.81,4.69,6.25,12.5,31.25,1.56,1.56,17.77,51.56,42.0177841,3915,897,3920,2454,39.2,2.84901619,0.54375,4950,1050,49.5,1.72529972,0.5375,3755,494,39.6,1.24747789,0.5375,3714,364,39.6,1.10286677,0.5375,3918,601,39.6,1.36217415,0.5375,3960,1823,39.6,2.24946117,0.5375,3568,211,39.6,0.9685807,0.5375,3535,176,39.6,0.9246074,0.5375,68.50001,61.8750038,99.9974747,512,-1,485.785156,485.480469,0.3046875,0.5,7618.451,7618.951,0,0,0,0,0,0,0,0,0,0,0,0,512,600,1200,3000,63,1.05500007,1.30500007,0,10,17,58,2835,10451.9824,1189,1188,37,37,64,36,0,0,72.623,64.378,1.09,12249.8125,350.847656,58.9943962,0,0,0,0.2960577,0,0,0,0,0,0,0,0,0,70.8125,66,16376,3825,12550,76.64148,202.526,140849152,4.349952E+07
05/24/2026 16:40:19,80,25,0,45,76,76,76,76,76,87,12.0960007,5.03,1.31000006,1.396,1.034,0.364000022,0.582,3.28400016,2.046,0,3.37200022,3.37200022,3.11600018,68,51.5,54,51.5,1662,429,0,552,0,0,0,0,0,0,38.1,15.87,7.94,6.35,15.87,38.1,4.76,1.59,16.07,38.1,42.10166,3935,901,5000,2083,50,2.59104419,0.54375,4000,1165,40,1.82140481,0.54375,3770,484,40,1.255503,0.54375,3697,374,40,1.13747525,0.54375,3884,657,40,1.40617418,0.54375,4000,2050,40,2.42878056,0.54375,3560,208,40,0.965095043,0.54375,3566,184,40,0.933455348,0.54375,68.25001,66.125,99.9974747,512,-1,485.785156,485.480469,0.3046875,0.5,7618.451,7618.951,0,0,0,0,0,0,0,0,0,0,0,0,512,600,1200,3000,62,1.05000007,1.30500007,0,13,17,58,2835,10451.9824,1193,1193,37,37,64,37,0,0,72.62,66.968,1.09,12249.8125,350.847656,58.67809,0,0,0,0.298379868,0,0,0,0,0,0,0,0,0,71.03125,66,16376,3825,12550,76.64148,204.195,180749312,3.489997E+07
05/24/2026 16:40:21,80,25,0,45,76,76,76,76,76,87,12.0960007,5.03,1.31000006,1.396,1.036,0.36,0.582,3.28400016,2.046,0,3.37200022,3.37200022,3.11600018,68,51.5,54,51.5,1659,429,0,567,0,0,0,0,0,0,29.69,28.12,10.94,1.56,9.38,40.62,3.12,0,15.43,40.62,42.1132126,3920,898,3940,1577,39.4,2.15302944,0.51875,4925,1311,49.25,1.99282217,0.51875,4615,525,49.25,1.30333614,0.51875,3617,321,39.4,1.10372913,0.51875,3826,655,39.4,1.416001,0.51875,3940,2405,39.4,2.77359557,0.51875,3575,227,39.4,1.000285,0.51875,2921,167,32.8333321,0.9320412,0.525,68.12501,61.3750038,99.99747,512,-1,485.785156,485.480469,0.3046875,0.5,7618.451,7618.951,0,0,0,0,0,0,0,0,0,0,0,0,512,600,1200,3000,63,0.825000048,1.30500007,0,2,16,59,2835,10451.9824,1197,1200,37,37,63,36,0,0,70.937,72.845,1.09,12249.8125,350.847656,58.63178,0,0,0,0.297223866,0,0,0,0,0,0,0,0,0,71.6875,66,16376,3825,12550,76.64148,202.843,1.601495E+08,37799936
05/24/2026 16:40:23,80,25,0,45,75,75,75,75,75,87,12.0960007,5.03,1.31000006,1.396,1.036,0.34800002,0.582,3.288,2.046,0,3.37200022,3.37200022,3.11600018,68,51.5,54,51.5,1646,419,0,552,0,0,0,0,0,0,28.12,37.5,7.81,3.12,7.81,48.44,3.12,1.56,17.19,48.44,42.3694038,4254,921,4850,1580,48.5,2.14601469,0.56875,4850,1349,48.5,2.02346539,0.56875,4540,536,48.5,1.31946135,0.56875,4411,319,48.5,1.099442,0.56875,4694,639,48.5,1.40178013,0.56875,4850,2517,48.5,2.87154961,0.6125,2934,223,32.3333321,0.99665767,0.6125,2904,202,32.3333321,0.967431068,0.6125,67.87501,61.3750038,99.99748,512,-1,485.785156,485.480469,0.3046875,0.5,7618.451,7618.951,0,0,0,0,0,0,0,0,0,0,0,0,512,600,1200,3000,63,1.04500008,1.30500007,0,13,17,59,2835,10451.9824,1201,1204,37,37,63,36,0,0,70.555,69.785,1.09,12249.8125,350.847656,58.3556061,0,0,0,0.2901853,0,0,0,0,0,0,0,0,0,71.53125,66,16376,3825,12550,76.64148,202.061,188399616,33099776
05/24/2026 16:40:25,79,25,0,45,74,74,74,74,74,86,12.0960007,5.03,1.31000006,1.396,1.03200006,0.350000024,0.582,3.288,2.046,0,3.37200022,3.37200022,3.11600018,67,51.5,54,51.5,1632,420,0,568,0,0,0,0,0,0,20.31,25,0,4.69,1.56,59.38,1.56,1.56,14.26,59.38,41.9465637,3902,902,3960,1390,39.6,1.9845717,0.55625,3960,1401,39.6,2.06291151,0.55625,3712,487,39.6,1.26084781,0.55625,3658,336,39.6,1.11062324,0.55625,3880,647,39.6,1.406074,0.55625,4950,2592,49.5,2.898985,0.55625,3572,190,39.6,0.9555522,0.55625,3527,170,39.6,0.931367,0.55625,68.00001,61.3750038,99.9974747,512,-1,485.785156,485.480469,0.3046875,0.5,7618.451,7618.951,0,0,0,0,0,0,0,0,0,0,0,0,512,600,1200,3000,62,1.04500008,1.30500007,0,15,17,59,2835,10451.9824,1205,1207,37,37,63,36,0,0,71.231,70.932,1.09,12249.8125,350.847656,58.5438843,0,0,0,0.288833022,0,0,0,0,0,0,0,0,0,72.09375,66,16376,3825,12550,76.64148,203.127,1.131991E+08,3.484979E+07
05/24/2026 16:40:27,78,25,0,45,75,75,75,75,75,86,12.0960007,5.03,1.31000006,1.39200008,1.03200006,0.34800002,0.582,3.292,2.046,0,3.37200022,3.37200022,3.11600018,68,51,54,51.5,1650,420,0,567,0,0,0,0,0,0,42.86,20.63,3.17,3.17,7.94,44.44,0,0,15.28,44.44,42.02749,3470,917,4900,2135,49,2.68003321,0.5375,3920,1092,39.2,1.8113755,0.5375,3048,473,32.6666679,1.26608717,0.5375,2967,299,32.6666679,1.08828187,0.5375,3213,661,32.6666679,1.44555151,0.5375,3920,2292,39.2,2.65067673,0.5375,2926,216,32.6666679,0.9919946,0.5375,2867,168,32.6666679,0.9427457,0.5375,68.25001,65.25,99.9974747,512,-1,485.785156,485.480469,0.3046875,0.5,7618.451,7618.951,0,0,0,0,0,0,0,0,0,0,0,0,512,600,1200,3000,63,1.03500009,1.30500007,0,8,17,59,2835,10451.9824,1211,1211,38,38,64,38,0,0,71.34,75.187,1.09,12249.8125,350.847656,59.4869881,0,0,0,0.2942833,0,0,0,0,0,0,0,0,0,68.53125,66,16376,3825,12550,76.64148,204.698,114149376,32449536
05/24/2026 16:40:29,80,25,0,45,76,76,76,76,76,87,12.0960007,5.03,1.31000006,1.39200008,1.034,0.362000018,0.582,3.292,2.046,0,3.37200022,3.37200022,3.11600018,68,51.5,54,51.5,1657,429,0,567,0,0,0,0,0,0,48.44,12.5,4.69,6.25,9.38,35.94,4.69,1.56,15.43,48.44,42.1241875,3799,894,3960,2292,39.6,2.7814095,0.51875,3960,1048,39.6,1.72365713,0.51875,3144,509,33,1.28682351,0.51875,4574,334,49.5,1.10156584,0.51875,3912,662,39.6,1.42968333,0.51875,4925,1930,49.25,2.31118512,0.53125,2971,218,32.8333321,0.9781275,0.53125,2949,158,32.8333321,0.915662646,0.53125,68.37501,61.8750038,99.99748,512,-1,485.785156,485.480469,0.3046875,0.5,7618.451,7618.951,0,0,0,0,0,0,0,0,0,0,0,0,512,600,1200,3000,63,1.05000007,1.30500007,0,13,16,59,2835,10451.9824,1214,1215,38,38,64,37,0,0,70.575,77.725,1.09,12249.8125,350.847656,59.97637,0,0,0,0.297241241,0,0,0,0,0,0,0,0,0,69.03125,66,16376,3825,12550,76.64148,203.744,174049280,32249856
05/24/2026 16:40:31,80,25,0,45,76,76,76,76,76,87,12.0960007,5.03,1.30800009,1.39200008,1.028,0.356,0.582,3.28000021,2.046,0,3.37200022,3.36800027,3.11200023,68,51.5,54,51.5,1655,429,0,553,0,0,0,0,0,0,45.31,23.44,9.38,6.25,10.94,26.56,0,1.56,15.43,45.31,41.9218063,4085,887,4850,2261,48.5,2.738769,0.61875,4850,1090,48.5,1.74752283,0.61875,4545,501,48.5,1.25796545,0.61875,2990,339,32.3333321,1.097819,0.61875,4791,694,48.5,1.43435752,0.61875,4850,1818,48.5,2.2142942,0.61875,2930,226,32.3333321,0.9850993,0.61875,2877,168,32.3333321,0.9179677,0.61875,68.25001,61.8750038,99.9974747,512,-1,485.785156,485.480469,0.3046875,0.5,7618.451,7618.951,0,0,0,0,0,0,0,0,0,0,0,0,512,600,1200,3000,62,1.03000009,1.30500007,0,12,16,60,2835,10451.9824,1218,1217,38,38,63,37,0,0,70.896,61.624,1.09,12249.8125,350.847656,59.83777,0,0,0,0.2884084,0,0,0,0,0,0,0,0,0,72.3125,66,16376,3825,12550,76.64148,203.785,145349632,3.239936E+07
05/24/2026 16:40:33,80,25,0,45,76,76,76,76,76,87,12.0960007,5.03,1.31000006,1.396,1.03200006,0.352000028,0.582,3.28400016,2.046,0,3.37200022,3.37200022,3.11600018,68,51.5,54,51.5,1662,429,0,566,0,0,0,0,0,0,17.19,15.62,10.94,3.12,4.69,48.44,1.56,1.56,12.89,48.44,42.0932541,3774,888,3940,1434,39.4,2.01818419,0.55,3940,1063,39.4,1.7653079,0.55,3666,531,39.4,1.29930639,0.55,2987,346,32.8333321,1.12132037,0.55,3818,643,39.4,1.3986305,0.55,4875,2716,48.75,3.01466179,0.54375,3464,193,39,0.9607722,0.54375,3499,182,39,0.937567949,0.54375,68.50001,62.7500038,99.9974747,512,-1,485.785156,485.480469,0.3046875,0.5,7618.451,7618.951,0,0,0,0,0,0,0,0,0,0,0,0,512,600,1200,3000,62,0.815000057,1.30500007,0,2,16,61,2835,10451.9824,1222,1224,38,38,63,37,0,0,71.3,83.529,1.09,12249.8125,350.847656,59.9930153,0,0,0,0.289825559,0,0,0,0,0,0,0,0,0,68,66,16376,3825,12550,76.64148,205.628,177799168,32499712
05/24/2026 16:40:35,80,25,0,45,76,76,76,76,76,87,12.0960007,5.03,1.31000006,1.39200008,1.036,0.350000024,0.582,3.288,2.046,0,3.37200022,3.37200022,3.11600018,68,51.5,54,51.5,1673,420,0,552,0,0,0,0,0,0,26.15,20,6.15,4.62,10.77,56.92,6.15,7.69,17.31,56.92,42.039753,3842,898,3960,1443,39.6,2.02724719,0.525,4950,1069,49.5,1.77598727,0.525,3702,452,39.6,1.233132,0.525,3585,308,39.6,1.08531976,0.525,3826,633,39.6,1.39535356,0.525,4925,2896,49.25,3.18324828,0.53125,2888,198,32.8333321,0.9591745,0.53125,2899,181,32.8333321,0.9380244,0.53125,68.62501,61.3750038,99.9974747,512,-1,485.785156,485.480469,0.3046875,0.5,7618.451,7618.951,0,0,0,0,0,0,0,0,0,0,0,0,512,600,1200,3000,63,1.05000007,1.30500007,0,7,16,61,2835,10451.9824,1228,1229,38,38,63,37,0,0,70.64,64.3,1.09,12249.8125,350.847656,59.8083229,0,0,0,0.297309935,0,0,0,0,0,0,0,0,0,67.6875,66,16376,3825,12550,76.64148,205.133,8.10496E+07,3.974963E+07
05/24/2026 16:40:37,80,25,0,45,76,76,76,76,76,87,12.0960007,5.03,1.31000006,1.396,1.03200006,0.354,0.582,3.28000021,2.046,0,3.37200022,3.37200022,3.11600018,68,51.5,54,51.5,1675,419,0,553,0,0,0,0,0,0,28.57,12.7,12.7,3.17,11.11,60.32,3.17,0,16.47,60.32,41.9332428,3468,880,4900,1332,49,1.92861772,0.55,3920,1088,39.2,1.76462889,0.55,3041,505,32.6666679,1.26984978,0.55,3003,350,32.6666679,1.12130547,0.55,3150,630,32.6666679,1.38180363,0.55,3920,2775,39.2,3.04999232,0.55,2910,202,32.6666679,0.9646687,0.55,2897,159,32.6666679,0.917557836,0.55,68.62501,65.25,99.99748,512,-1,485.785156,485.480469,0.3046875,0.5,7618.451,7618.951,0,0,0,0,0,0,0,0,0,0,0,0,512,600,1200,3000,63,1.05500007,1.30500007,0,14,17,61,2835,10451.9824,1230,1232,38,38,64,38,0,0,70.381,81.539,1.09,12249.8125,350.847656,59.9269371,0,0,0,0.2919765,0,0,0,0,0,0,0,0,0,68.15625,66,16376,3825,12550,76.64148,204.152,113748992,3.444941E+07
05/24/2026 16:40:39,80,25,0,45,76,76,76,76,76,87,12.0960007,5.03,1.31000006,1.396,1.026,0.352000028,0.582,3.28400016,2.046,0,3.37200022,3.37200022,3.11600018,68,51.5,54,51.5,1668,420,0,567,0,0,0,0,0,0,35.94,26.56,6.25,9.38,14.06,43.75,4.69,1.56,17.77,43.75,42.132534,3980,894,4975,1718,49.75,2.28307128,0.55,3940,1258,39.4,1.92480063,0.55,3641,474,39.4,1.24226594,0.55,3626,367,39.4,1.13836,0.55,3795,629,39.4,1.39323115,0.55,4925,2337,49.25,2.6568408,0.55,3471,194,39.4,0.955224,0.55,3471,179,39.4,0.9347108,0.55,68.25001,64.25,99.99748,512,-1,485.785156,485.480469,0.3046875,0.5,7618.451,7618.951,0,0,0,0,0,0,0,0,0,0,0,0,512,600,1200,3000,62,1.01,1.30500007,0,6,16,61,2835,10451.9824,1234,1233,38,38,64,38,0,0,70.677,70.614,1.09,12249.8125,350.847656,59.90078,0,0,0,0.29365015,0,0,0,0,0,0,0,0,0,71,66,16376,3825,12550,76.64148,205.566,1.53899E+08,3.509965E+07
05/24/2026 16:40:41,80,25,0,45,76,76,76,76,76,87,12.0960007,5.03,1.31000006,1.39200008,1.03000009,0.352000028,0.582,3.288,2.046,0,3.37200022,3.37200022,3.11600018,68,51.5,54,51.5,1678,420,0,553,0,0,0,0,0,0,48.44,21.88,10.94,14.06,18.75,45.31,3.12,3.12,20.7,48.44,41.8920441,3936,894,4925,2079,49.25,2.60555482,0.55625,4000,1176,40,1.84979618,0.55625,3752,490,40,1.25838327,0.55625,3730,365,40,1.126611,0.55625,3914,628,40,1.37883031,0.55625,4000,2025,40,2.421657,0.55625,3604,216,40,0.976047635,0.55625,3564,171,40,0.924750566,0.55625,68.00001,66.125,99.99747,512,-1,485.785156,485.480469,0.3046875,0.5,7618.451,7618.951,0,0,0,0,0,0,0,0,0,0,0,0,512,600,1200,3000,63,1.04000008,1.30500007,0,19,17,61,2835,10451.9824,1238,1239,39,38,64,38,0,0,71.005,71.68,1.09,12249.8125,350.847656,60.1060333,0,0,0,0.2968648,0,0,0,0,0,0,0,0,0,68.25,66,16376,3825,12550,76.64148,206.308,153049088,32899072
05/24/2026 16:40:43,80,25,0,45,76,76,76,76,76,87,12.0960007,5.03,1.31000006,1.396,1.03000009,0.350000024,0.582,3.28400016,2.046,0,3.37200022,3.37200022,3.11600018,68,51.5,54,51.5,1671,429,0,567,0,0,0,0,0,0,34.38,20.31,0,4.69,12.5,39.06,1.56,0,14.06,39.06,41.89461,4107,887,4850,2113,48.5,2.621685,0.55,4900,1128,49,1.79099679,0.6,3683,479,39.2,1.23944855,0.6,3620,370,39.2,1.11433828,0.6,3846,658,39.2,1.39553463,0.6,4900,1971,49,2.354978,0.6,3533,202,39.2,0.9580758,0.6,3524,172,39.2,0.9194806,0.6,68.00001,61.8750038,99.99749,512,-1,485.785156,485.480469,0.3046875,0.5,7618.451,7618.951,0,0,0,0,0,0,0,0,0,0,0,0,512,600,1200,3000,63,1.05500007,1.30500007,0,8,16,60,2835,10451.9824,1240,1242,39,39,64,38,0,0,71.215,70.101,1.09,12249.8125,350.847656,59.9424629,0,0,0,0.291283578,0,0,0,0,0,0,0,0,0,70.125,66,16376,3825,12550,76.64148,204.63,8.724992E+07,4.319949E+07
05/24/2026 16:40:45,81,25,0,45,77,77,77,77,77,88,12.0960007,5.03,1.31000006,1.396,1.03000009,0.350000024,0.582,3.28400016,2.046,0,3.37200022,3.37200022,3.11600018,69,51.5,54,51.5,1683,429,0,567,0,0,0,0,0,0,41.54,27.69,6.15,6.15,9.23,46.15,3.08,3.08,17.88,46.15,41.4633942,4012,858,4020,1963,40.2,2.30909514,0.575,5025,1021,50.25,1.69998634,0.575,3861,411,40.2,1.03801239,0.575,3808,329,40.2,0.919698834,0.575,3903,556,40.2,1.23128343,0.575,4020,2164,40.2,2.2765305,0.575,3739,222,40.2,0.8216942,0.575,3717,197,40.2,0.7828724,0.575,69.25001,61.8750038,99.99747,512,-1,485.785156,485.480469,0.3046875,0.5,7618.451,7618.951,0,0,0,0,0,0,0,0,0,0,0,0,512,600,1200,3000,62,1,1.30500007,0,4,17,61,2820,10451.9824,1245,1245,39,39,99,57,0,1,89.046,85.778,1.085,12743.23,351.710938,84.48582,0,0,0,0.0434801,0,0,0,0,0,2.07739043,0,0,0,72.34375,68,16376,3331,13044,79.654274,204.226,1.92E+08,9.979904E+07
05/24/2026 16:40:47,81,25,0,45,76,76,76,76,76,87,12.0960007,5.03,1.31000006,1.396,1.046,0.36,0.582,3.28400016,2.046,0,3.37200022,3.37200022,3.11600018,68,51.5,54,51.5,1675,429,0,552,0,0,0,0,0,0,41.27,26.98,11.11,11.11,9.52,65.08,7.94,3.17,22.02,65.08,42.7678032,3447,1048,4000,2023,40,2.32558537,0.54375,3333,1182,33.3333321,1.91067886,0.54375,3070,544,33.3333321,1.34732962,0.54375,3044,409,33.3333321,1.206987,0.54375,3127,744,33.3333321,1.52486408,0.54375,5000,2990,50,3.0227387,0.54375,3004,267,33.3333321,1.05910087,0.54375,3000,225,33.3333321,1.00645113,0.54375,68.50001,61.8750038,99.99749,512,-1,485.785156,485.480469,0.3046875,0.5,7618.451,7618.951,0,0,0,0,0,0,0,0,0,0,0,0,512,600,1200,3000,63,1.04000008,1.30500007,0,16,17,60,2820,10451.9824,1261,1259,42,42,67,39,0,0,73.85,64.755,1.085,12470.2031,352.1328,67.92116,0,0,0,0.223892957,0,0,0,0,0,0.6216796,0,0,0,73.71875,68,16376,3604,12771,77.9872,230.292,1.780992E+08,35999744
05/24/2026 16:40:49,80,25,0,45,76,76,76,76,76,87,12.0720005,5.03,1.31000006,1.396,1.034,0.356,0.582,3.28000021,2.046,0,3.37200022,3.37200022,3.11600018,67,51.5,54,51.5,1662,419,0,552,0,0,0,0,0,0,40.62,12.5,9.38,6.25,15.62,43.75,6.25,1.56,16.99,43.75,42.4713745,4089,970,4000,2260,40,2.35989332,0.50625,5000,1090,50,1.78999746,0.51875,3760,473,40,1.23490655,0.51875,3741,349,40,1.09173214,0.51875,3831,693,40,1.48100388,0.51875,5000,2464,50,2.50771046,0.51875,3674,233,40,0.966439,0.51875,3705,198,40,0.9097141,0.51875,67.62501,62.2500038,99.9974747,512,-1,485.785156,485.480469,0.3046875,0.5,7618.451,7618.951,0,0,0,0,0,0,0,0,0,0,0,0,512,600,1200,3000,62,0.989,1.30500007,0,7,16,63,2820,10451.9824,1303,1303,43,43,99,57,0,1,88.82,89.937,1.085,12917.9883,352.1328,94.95772,0,0,0,0.0133388974,0,0,0,0,0,0,0,0,0,73.34375,70,16376,3157,13218,80.72138,255.686,252399616,8.664986E+07
05/24/2026 16:40:51,79,25,0,45,74,74,74,74,74,86,12.0960007,5.03,1.31000006,1.396,1.034,0.354,0.582,3.288,2.046,0,3.37200022,3.37200022,3.11600018,67,51.5,54,51.5,1634,418,0,567,0,0,0,0,0,0,37.5,15.62,6.25,6.25,10.94,57.81,3.12,4.69,17.77,57.81,42.9025345,3833,998,4975,2169,49.75,2.351362,0.525,3980,1191,39.8,1.92148232,0.525,4707,516,49.75,1.325147,0.525,3746,392,39.8,1.16867149,0.525,3755,666,39.8,1.48798549,0.525,3350,2582,33.5,2.563139,0.525,3081,264,33.5,1.02718592,0.525,3069,207,33.5,0.964305043,0.525,67.00001,61.8750038,99.99748,512,-1,485.785156,485.480469,0.3046875,0.5,7618.451,7618.951,0,0,0,0,0,0,0,0,0,0,0,0,512,600,1200,3000,63,1.05000007,1.30500007,0,22,17,61,2820,10451.9824,1345,1350,44,44,99,57,0,1,81.704,81.557,1.085,12917.9883,352.1328,93.8893356,0,0,0,0.0143608218,0,0,0,0,0,0,0,0,0,71.84375,70,16376,3157,13218,80.72138,233.754,266499072,56999936
05/24/2026 16:40:53,78,25,0,45,72,72,72,72,72,85,12.0960007,5.03,1.31000006,1.396,1.046,0.366000026,0.582,3.28000021,2.046,0,3.37200022,3.37200022,3.11200023,66,51.5,54,51.5,1610,419,0,553,0,0,0,0,0,0,56.25,18.75,18.75,9.38,23.44,45.31,7.81,7.81,23.44,56.25,44.2892265,4016,1187,5000,2790,50,2.85473752,0.55625,4000,1292,40,1.97830892,0.55625,3824,689,39.6,1.443298,0.55,3748,463,39.6,1.231906,0.55,4790,916,49.5,1.66803718,0.55,3960,2650,39.6,2.74300671,0.55,3722,403,39.6,1.14318359,0.55,3087,296,33,1.0333432,0.55,67.12501,64.25,99.99748,512,-1,485.785156,485.480469,0.3046875,0.5,7618.451,7618.951,0,0,0,0,0,0,0,0,0,0,0,0,512,600,1200,3000,63,1.05000007,1.30500007,0,13,17,61,2820,10451.9824,1375,1377,44,44,97,56,0,1,81.022,80.402,1.085,12917.9922,352.7422,92.79338,0,0,0,0.012791357,0,0,0,0,0,0.0305854212,0,0,0,70.34375,70,16376,3157,13218,80.72138,231.531,204649472,6.014976E+07
05/24/2026 16:40:55,78,25,0,45,74,74,74,74,74,86,12.0960007,5.03,1.31000006,1.396,1.054,0.354,0.582,3.288,2.046,0,3.37200022,3.37200022,3.11600018,67,51.5,54,51.5,1610,418,0,567,0,0,0,0,0,0,65.62,37.5,14.06,9.38,21.88,48.44,12.5,4.69,26.76,65.62,45.0361824,4213,1264,5000,3166,50,3.09851122,0.54375,4000,1401,40,2.02009749,0.54375,3859,735,40,1.503038,0.54375,4732,532,49.25,1.27383506,0.54375,3844,996,39.4,1.74952292,0.54375,4925,2529,49.25,2.71241665,0.54375,3675,432,39.4,1.16190839,0.54375,3670,322,39.4,1.052628,0.54375,67.50001,63.3750038,99.99748,512,-1,485.785156,485.480469,0.3046875,0.5,7618.451,7618.951,0,0,0,0,0,0,0,0,0,0,0,0,512,600,1200,3000,63,1.05000007,1.30500007,0,12,16,60,2820,10451.9824,1388,1386,44,44,96,56,0,1,81.282,82.291,1.085,12917.9922,353.476563,91.46186,0,0,0,0.01199964,0,0,0,0,0,0.0484985448,0,0,0,71.03125,70,16376,3157,13218,80.72138,230.925,3.100498E+08,6.83991E+07
05/24/2026 16:40:57,79,25,0,45,75,75,75,75,75,87,12.12,5.03,1.31000006,1.39200008,1.042,0.36,0.582,3.288,2.046,0,3.37200022,3.37200022,3.11600018,68,51.5,54,51.5,1650,427,0,567,0,0,0,0,0,0,63.08,27.69,21.54,13.85,20,38.46,6.15,6.15,24.62,63.08,45.035778,3738,1280,5000,3311,50,3.20917416,0.53125,4000,1388,40,2.000935,0.53125,3216,800,33.3333321,1.53611553,0.53125,3222,563,33.3333321,1.28799975,0.53125,3280,1051,33.3333321,1.76536632,0.53125,5000,2402,50,2.62680745,0.53125,3061,394,33.3333321,1.13414824,0.54375,3122,331,33.3333321,1.05350864,0.54375,68.12501,62.8750038,99.99749,512,-1,485.785156,485.480469,0.3046875,0.5,7618.451,7618.951,0,0,0,0,0,0,0,0,0,0,0,0,512,600,1200,3000,62,1.05000007,1.30500007,0,16,17,61,2820,10451.9824,1392,1391,44,44,97,57,0,1,80.034,83.918,1.085,12917.9922,354.5625,92.3020248,0,0,0,0.0128775155,0,0,0,0,0,0.0776535049,0,0,0,70.03125,70,16376,3157,13218,80.72138,229.987,281299968,122499072
05/24/2026 16:40:59,80,25,0,45,76,76,76,76,76,87,12.0720005,5.03,1.31000006,1.39200008,1.054,0.352000028,0.582,3.28400016,2.046,0,3.37200022,3.37200022,3.11600018,68,51.5,54,51.5,1650,427,0,567,0,0,0,0,0,0,59.38,31.25,25,12.31,21.88,50,9.38,4.62,26.72,59.38,44.77692,4217,1242,4975,3321,49.75,3.19093251,0.525,3980,1422,39.8,2.00771022,0.525,4735,669,49.75,1.44599485,0.525,3764,490,39.8,1.22949,0.525,3849,940,39.8,1.69318736,0.525,4975,2341,49.75,2.52379513,0.55,3700,425,39.8,1.1432153,0.55,3758,328,39.8,1.02968323,0.55,68.25001,64.25,99.99748,512,-1,485.785156,485.480469,0.3046875,0.5,7618.451,7618.951,0,0,0,0,0,0,0,0,0,0,0,0,512,600,1200,3000,63,1.05500007,1.30500007,0,14,17,61,2820,10451.9824,1392,1393,44,44,96,56,0,1,80.266,78.526,1.085,12917.9922,355.21875,91.73751,0,0,0,0.0167487264,0,0,0,0,0,0,0,0,0,71,70,16376,3157,13218,80.72138,229.849,285799424,8.364954E+07
05/24/2026 16:41:01,80,25,0,45,76,76,76,76,76,87,12.0960007,5.03,1.31000006,1.396,1.042,0.36,0.582,3.288,2.046,0,3.37200022,3.37200022,3.11200023,68,51.5,54,51.5,1657,427,0,553,0,0,0,0,0,0,60.94,28.12,12.5,6.25,28.12,54.69,10.94,7.81,26.17,60.94,44.66316,3765,1229,4950,3097,49.5,3.01337385,0.55,3960,1330,39.6,1.946871,0.55,3135,645,33,1.40318823,0.55,3111,500,33,1.244195,0.55,3883,1005,39.6,1.712534,0.55,4925,2534,49.25,2.614639,0.54375,3066,393,32.8333321,1.11139667,0.54375,3087,328,32.8333321,1.02369881,0.54375,68.25001,62.3750038,99.9975,512,-1,485.785156,485.480469,0.3046875,0.5,7618.451,7618.951,0,0,0,0,0,0,0,0,0,0,0,0,512,600,1200,3000,63,1.04000008,1.30500007,0,13,17,61,2820,10451.9824,1392,1396,44,44,96,57,0,1,81.09,81.27,1.085,12917.9922,355.449219,92.4318542,0,0,0,0.0133680152,0,0,0,0,0,0,0,0,0,71.28125,70,16376,3157,13218,80.72138,230.596,281649152,7.449907E+07
05/24/2026 16:41:03,80,25,0,45,76,76,76,76,76,87,12.12,5.04,1.31000006,1.396,1.03800011,0.36,0.582,3.292,2.046,0,3.37200022,3.37200022,3.11600018,68,51.5,54,51.5,1652,427,0,567,0,0,0,0,0,0,52.31,18.46,7.69,3.08,10.77,43.08,3.08,0,17.31,52.31,42.9901047,3978,1065,5000,2538,50,2.89321184,0.55,4000,1245,40,1.95304084,0.55,3677,527,40,1.34229445,0.55,4491,411,49,1.21574163,0.54375,3649,756,39.2,1.54640257,0.54375,3920,2520,39.2,2.58346152,0.54375,3565,294,39.2,1.0959717,0.54375,3521,230,39.2,1.02554607,0.54375,68.50001,64.25,99.99746,512,-1,485.785156,485.480469,0.3046875,0.5,7618.451,7618.951,0,0,0,0,0,0,0,0,0,0,0,0,512,600,1200,3000,63,1.04000008,1.30500007,0,13,16,61,2820,10451.9824,1394,1391,44,44,60,36,0,0,56.617,44.653,1.085,12937.2969,354.609375,64.62041,0,0,0,0.23929815,0,0,0,0,0,0.9431537,0,0,0,67.65625,68,16376,3137,13238,80.83931,222.446,205349888,5.959987E+07
05/24/2026 16:41:05,80,25,0,45,77,77,77,77,77,88,12.12,5.03,1.31000006,1.39200008,1.042,0.358,0.582,3.28400016,2.046,0,3.37200022,3.37200022,3.11600018,69,51.5,54,51.5,1659,428,0,553,0,0,0,0,0,0,58.73,38.1,12.7,7.94,23.81,65.08,3.17,4.76,26.79,65.08,43.1444855,3907,1079,4925,2874,49.25,3.13418651,0.58125,4818,1185,48.75,1.91787446,0.55625,3522,502,39,1.32920349,0.55625,3531,381,39,1.19113493,0.55625,3599,779,39,1.5635463,0.55625,3900,2391,39,2.36990476,0.55625,3483,281,39,1.09660852,0.55625,3476,240,39,1.03579521,0.55625,69.00001,62.3750038,99.9975,512,-1,485.785156,485.480469,0.3046875,0.5,7618.451,7618.951,0,0,0,0,0,0,0,0,0,0,0,0,512,600,1200,3000,63,1.04000008,1.30500007,0,9,16,55,2835,10451.9824,1395,1397,44,44,43,32,0,0,47.463,41.508,1.09,12937.2969,354.609375,40.1717758,0,0,0,0.2582384,0,0,0,0,0,0,0,0,0,64.40625,66,16376,3137,13238,80.83931,136.179,2.59499E+08,54349824
05/24/2026 16:41:07,82,25,0,45,78,78,78,78,78,89,12.0960007,5.03,1.31000006,1.396,1.042,0.352000028,0.582,3.28400016,2.046,0,3.37200022,3.37200022,3.11600018,69,51.5,54,51.5,1694,418,0,552,0,0,0,0,0,0,47.62,20.63,14.29,9.52,17.46,61.9,7.94,4.69,23.01,61.9,42.9720078,3428,1059,4000,2172,40,2.4191525,0.60625,3255,1280,33.3333321,1.89060855,0.60625,3041,504,33.3333321,1.31487942,0.60625,3056,387,33.3333321,1.19536042,0.60625,3068,757,33.3333321,1.51648831,0.60625,5000,2855,50,2.89907146,0.60625,3001,284,33.3333321,1.08387852,0.60625,3001,234,33.3333321,1.03303874,0.55625,69.00001,62.3750038,99.99749,512,-1,485.785156,485.480469,0.3046875,0.5,7618.451,7618.951,0,0,0,0,0,0,0,0,0,0,0,0,512,600,1200,3000,63,1.05500007,1.30500007,0,8,16,56,2835,10451.9824,1398,1395,44,44,48,33,0,0,52.74,45.093,1.09,12937.2969,354.609375,44.47247,0,0,0,0.248619169,0,0,0,0,0,0,0,0,0,65.125,68,16376,3137,13238,80.83931,151.892,218149888,7.824998E+07
05/24/2026 16:41:09,82,25,0,45,78,78,78,78,78,89,12.12,5.03,1.31000006,1.396,1.0480001,0.368000031,0.582,3.292,2.046,0,3.37200022,3.37200022,3.11600018,69,51.5,54,51.5,1709,419,0,566,0,0,0,0,0,0,43.08,20,9.23,6.15,18.46,55.38,4.62,1.54,19.81,55.38,43.0159149,3801,1058,4850,2211,48.5,2.3263278,0.6,4765,1220,48.5,1.853297,0.6,2936,481,32.3333321,1.26874578,0.6,2964,384,32.3333321,1.19655216,0.6,3702,762,40,1.5126549,0.6,4000,2923,40,3.057319,0.61875,3603,254,40,1.05719352,0.61875,3589,231,40,1.01593232,0.61875,69.12501,62.3750038,99.9974747,512,-1,485.785156,485.480469,0.3046875,0.5,7618.451,7618.951,0,0,0,0,0,0,0,0,0,0,0,0,512,600,1200,3000,63,1.05000007,1.30500007,0,9,16,56,2835,10451.9824,1393,1395,44,44,48,33,0,0,53.024,44.576,1.09,12937.2969,354.609375,44.5785255,0,0,0,0.250421554,0,0,0,0,0,0,0,0,0,65.3125,66,16376,3137,13238,80.83931,153.491,202349568,57849856
05/24/2026 16:41:11,82,25,0,45,78,78,78,78,78,89,12.0960007,5.03,1.31000006,1.396,1.046,0.358,0.582,3.288,2.046,0,3.37200022,3.37600017,3.11600018,69,51.5,54,51.5,1704,418,0,552,0,0,0,0,0,0,50,25,6.25,12.5,9.38,42.19,6.25,0,18.95,50,42.95854,3916,1054,4900,2204,49,2.32420468,0.54375,4800,1222,49,1.87160492,0.54375,3580,496,39.2,1.29729378,0.54375,3571,407,39.2,1.21300161,0.54375,3632,691,39.2,1.48511493,0.54375,3920,3003,39.2,3.09650421,0.54375,3488,226,39.2,1.03424966,0.54375,3435,183,39.2,0.9775683,0.54375,69.25001,62.3750038,99.99747,512,-1,485.785156,485.480469,0.3046875,0.5,7618.451,7618.951,0,0,0,0,0,0,0,0,0,0,0,0,512,600,1200,3000,63,1.05000007,1.30500007,0,13,16,56,2835,10451.9824,1385,1387,44,44,49,34,0,0,52.532,44.83,1.09,12937.2969,354.609375,45.5213051,0,0,0,0.242765844,0,0,0,0,0,0,0,0,0,64.6875,66,16376,3137,13238,80.83931,153.228,219499520,7.839949E+07
05/24/2026 16:41:13,82,25,0,45,78,78,78,78,78,89,12.0960007,5.04,1.31000006,1.396,1.05000007,0.354,0.582,3.288,2.046,0,3.37200022,3.37200022,3.11600018,69,51.5,54,51.5,1694,418,0,566,0,0,0,0,0,0,56.25,28.12,6.25,7.81,15.62,42.19,4.69,3.12,20.51,56.25,43.1080322,4068,1056,4925,2651,49.25,3.00845838,0.54375,4802,1234,49.25,1.91489,0.54375,3603,519,39.4,1.334861,0.54375,3602,390,39.4,1.20887613,0.54375,3648,772,39.4,1.55498827,0.54375,4925,2458,49.25,2.41324043,0.54375,3500,240,39.4,1.05256581,0.54375,3541,187,39.4,0.998872161,0.54375,69.12501,62.8750038,99.99748,512,-1,485.785156,485.480469,0.3046875,0.5,7618.451,7618.951,0,0,0,0,0,0,0,0,0,0,0,0,512,600,1200,3000,63,1.03000009,1.30500007,0,10,17,56,2835,10451.9824,1385,1387,43,43,49,34,0,0,52.248,44.96,1.09,12937.2969,354.609375,45.28755,0,0,0,0.240551621,0,0,0,0,0,0,0,0,0,63.71875,66,16376,3137,13238,80.83931,151.972,218549248,7.864934E+07
05/24/2026 16:41:15,82,25,0,45,78,78,78,78,78,89,12.0960007,5.03,1.31000006,1.39200008,1.0480001,0.358,0.582,3.28000021,2.046,0,3.37200022,3.36800027,3.11200023,69,51.5,54,51.5,1690,418,0,552,0,0,0,0,0,0,60.94,31.25,10.94,6.25,12.5,53.12,1.56,0,22.07,60.94,43.1562729,3708,1058,3920,2505,39.2,2.91249657,0.55625,4825,1279,49,1.91432929,0.55625,3540,473,39.2,1.29711378,0.56875,2951,369,32.6666679,1.18535185,0.56875,3628,717,39.2,1.520337,0.56875,4950,2709,49.5,2.59707737,0.55625,2923,224,33,1.04252875,0.55625,2928,192,33,1.00409,0.55625,69.25001,65.125,99.99748,512,-1,485.785156,485.480469,0.3046875,0.5,7618.451,7618.951,0,0,0,0,0,0,0,0,0,0,0,0,512,600,1200,3000,63,1.064,1.30500007,0,10,17,56,2835,10451.9824,1384,1385,43,43,49,34,0,0,52.731,46.43,1.09,12937.2969,354.609375,45.2580681,0,0,0,0.2409856,0,0,0,0,0,0,0,0,0,64.09375,66,16376,3137,13238,80.83931,152.809,202699776,5.799936E+07
05/24/2026 16:41:17,82,25,0,45,78,78,78,78,78,89,12.0960007,5.03,1.31000006,1.39200008,1.046,0.358,0.582,3.28400016,2.046,0,3.37200022,3.36800027,3.11600018,69,51.5,54,51.5,1697,428,0,552,0,0,0,0,0,0,70.77,18.46,6.25,4.69,14.06,56.92,1.56,7.69,22.55,70.77,43.2908554,3427,1054,4020,2837,40.2,3.11758471,0.525,3303,1218,33.5,1.92248261,0.525,3037,473,33.5,1.29631734,0.525,3051,352,33.5,1.16844988,0.525,3101,734,33.5,1.5277319,0.525,5000,2422,50,2.45484352,0.53125,2942,202,33.3333321,1.0306139,0.53125,2964,192,33.3333321,0.99765563,0.53125,69.12501,62.8750038,99.9975,512,-1,485.785156,485.480469,0.3046875,0.5,7618.451,7618.951,0,0,0,0,0,0,0,0,0,0,0,0,512,600,1200,3000,63,1.04000008,1.30500007,0,11,17,55,2835,10451.9824,1381,1380,43,43,50,34,0,0,52.877,48.32,1.09,12937.2969,354.3789,45.3484459,0,0,0,0.247409925,0,0,0,0,0,0,0,0,0,63.8125,66,16376,3137,13238,80.83931,153.687,205599744,6.409933E+07
05/24/2026 16:41:19,82,25,0,45,78,78,78,78,78,89,12.0960007,5.03,1.31000006,1.396,1.05000007,0.358,0.582,3.28400016,2.046,0,3.37200022,3.37200022,3.11600018,69,51.5,54,51.5,1702,428,0,551,0,0,0,0,0,0,52.31,7.69,7.69,4.62,3.08,66.15,3.08,0,18.08,66.15,43.24428,3525,1045,5025,2003,50.25,2.318325,0.53125,3902,1183,40.2,1.89455867,0.53125,3054,463,33.5,1.28774953,0.53125,3085,390,33.5,1.21967065,0.53125,3073,695,33.5,1.50035954,0.53125,4020,3164,40.2,3.08858156,0.53125,3009,244,33.5,1.06224775,0.53125,3034,218,33.5,1.02633083,0.53125,69.12501,62.8750038,99.99748,512,-1,485.785156,485.480469,0.3046875,0.5,7618.451,7618.951,0,0,0,0,0,0,0,0,0,0,0,0,512,600,1200,3000,63,1.05500007,1.30500007,0,7,17,55,2835,10451.9824,1380,1378,43,43,48,33,0,0,51.453,55.195,1.09,12937.2969,354.3789,43.41725,0,0,0,0.212918028,0,0,0,0,0,0,0,0,0,62.9375,66,16376,3137,13238,80.83931,150.229,2.086994E+08,5.724979E+07
05/24/2026 16:41:21,82,25,0,45,78,78,78,78,78,89,12.12,5.03,1.31000006,1.396,1.046,0.36,0.580000043,3.288,2.046,0,3.37200022,3.37200022,3.11600018,69,51.5,54.5,51.5,1706,428,0,552,0,0,0,0,0,0,31.25,21.88,9.38,4.69,9.38,62.5,4.69,3.08,18.35,62.5,43.53215,4091,1094,4975,2046,49.75,2.375279,0.55,4864,1245,49.75,1.97788072,0.55,3625,526,39.8,1.36109149,0.55,3569,349,39.8,1.18913758,0.55,3676,754,39.8,1.56808722,0.55,4975,3368,49.75,3.38072133,0.54375,3531,255,39.8,1.09214926,0.54375,3511,210,39.8,1.02267408,0.54375,69.50001,63.6250038,99.99748,512,-1,485.785156,485.480469,0.3046875,0.5,7618.451,7618.951,0,0,0,0,0,0,0,0,0,0,0,0,512,600,1200,3000,63,1.06000006,1.30500007,0,11,16,55,2835,10451.9824,1374,1377,43,43,50,34,0,0,52.539,50.558,1.09,12937.2969,354.3789,44.9849129,0,0,0,0.242621839,0,0,0,0,0,0,0,0,0,62.90625,66,16376,3137,13238,80.83931,151.658,2.048E+08,8.01495E+07
05/24/2026 16:41:23,82,25,0,45,78,78,78,78,78,89,12.0960007,5.03,1.31000006,1.396,1.0480001,0.358,0.582,3.28400016,2.046,0,3.37200022,3.37200022,3.11600018,69,51.5,54,51.5,1704,428,0,566,0,0,0,0,0,0,39.06,12.5,9.38,4.69,10.94,65.62,1.56,1.56,18.16,65.62,43.6377068,4017,1114,4020,2185,40.2,2.42535067,0.53125,3950,1257,40.2,2.014182,0.53125,4483,498,48.5,1.34204483,0.51875,4437,369,48.5,1.21134651,0.51875,4503,777,48.5,1.60518014,0.51875,4875,3308,48.75,3.317415,0.5375,2952,261,32.5,1.08840621,0.5375,2919,255,32.5,1.07101238,0.5375,69.37501,62.3750038,99.9974747,512,-1,485.785156,485.480469,0.3046875,0.5,7618.451,7618.951,0,0,0,0,0,0,0,0,0,0,0,0,512,600,1200,3000,63,1.06000006,1.30500007,0,15,17,54,2835,10451.9824,1368,1370,43,43,50,34,0,0,52.038,50.485,1.09,12937.2969,354.3789,44.7329826,0,0,0,0.215732113,0,0,0,0,0,0,0,0,0,62.71875,66,16376,3137,13238,80.83931,153.639,252249088,56749056
05/24/2026 16:41:25,82,26,0,46,78,78,78,78,78,89,12.0960007,5.03,1.31000006,1.396,1.052,0.358,0.580000043,3.288,2.046,0,3.37200022,3.37200022,3.11600018,69,51.5,54,51.5,1685,424,0,551,0,0,0,0,0,0,39.06,26.56,3.12,6.25,10.94,67.19,3.12,3.12,19.92,67.19,43.31373,3932,1056,4900,2115,49,2.50925517,0.54375,4826,1312,49.25,2.00624156,0.5625,3574,487,39.4,1.32797062,0.5625,3551,371,39.4,1.21341014,0.5625,3631,695,39.4,1.54459822,0.5625,3940,2996,39.4,2.92089462,0.5625,3525,249,39.4,1.07679188,0.5625,3510,219,39.4,1.03925085,0.5625,69.12501,62.8750038,99.99748,512,-1,485.785156,485.480469,0.3046875,0.5,7618.451,7618.951,0,0,0,0,0,0,0,0,0,0,0,0,512,600,1200,3000,63,1.05000007,1.30500007,0,17,17,54,2835,10451.9824,1366,1366,43,43,49,32,0,0,51.893,50.596,1.09,12937.2969,354.3789,42.817276,0,0,0,0.212559491,0,0,0,0,0,0,0,0,0,62.4375,64,16376,3137,13238,80.83931,149.621,190499840,7.469978E+07
05/24/2026 16:41:27,82,25,0,45,77,77,77,76,76,87,12.0720005,5.02000046,1.30800009,1.39200008,1.042,0.362000018,0.582,3.28400016,2.046,0,3.36800027,3.36800027,3.108,68,51.5,54,51.5,1690,445,0,554,0,0,0,0,0,0,51.56,18.75,7.81,7.81,9.38,56.25,4.69,6.25,20.31,56.25,43.017704,3859,1045,4925,2441,49.25,2.807969,0.53125,3940,1389,39.8,2.04434419,0.55,3607,451,39.8,1.28717577,0.55,3600,337,39.8,1.17034733,0.55,3695,715,39.8,1.55263782,0.55,3980,2569,39.8,2.4829824,0.55,3571,241,39.8,1.06354082,0.55,3557,217,39.8,1.03092337,0.55,68.75001,65.625,99.9974747,512,-1,485.785156,485.480469,0.3046875,0.5,7618.451,7618.951,0,0,0,0,0,0,0,0,0,0,0,0,512,600,1200,3000,63,1.06000006,1.30500007,0,16,17,54,2835,10451.9824,1363,1363,42,42,49,33,0,0,51.534,53.422,1.09,12937.2969,354.3789,42.713192,0,0,0,0.211194083,0,0,0,0,0,0,0,0,0,62.375,64,16376,3137,13238,80.83931,147.99,101849088,5.639987E+07
05/24/2026 16:41:29,80,25,0,45,76,76,76,76,76,87,12.0960007,5.03,1.31000006,1.396,1.044,0.354,0.580000043,3.288,2.046,0,3.37200022,3.37200022,3.11600018,68,51.5,54.5,51.5,1678,419,0,554,0,0,0,0,0,0,56.25,10.94,6.25,6.25,9.38,53.12,6.25,3.12,18.95,56.25,42.9101257,3923,1050,3960,2487,39.6,2.90305543,0.55625,3920,1383,39.2,2.07003212,0.55625,3535,412,39.2,1.27776349,0.55,3514,309,39.2,1.15382349,0.55,4573,804,49,1.62732172,0.55,4900,2589,49,2.556502,0.55,3487,223,39.2,1.05859184,0.55,3497,195,39.2,1.02085245,0.55,68.75001,62.8750038,99.99749,512,-1,485.785156,485.480469,0.3046875,0.5,7618.451,7618.951,0,0,0,0,0,0,0,0,0,0,0,0,512,600,1200,3000,63,1.04000008,1.30500007,0,13,17,54,2835,10451.9824,1358,1358,42,42,49,33,0,0,52.33,44.518,1.09,12937.2969,354.3789,43.32101,0,0,0,0.2111298,0,0,0,0,0,0,0,0,0,62.25,66,16376,3137,13238,80.83931,149.851,143749120,7.244902E+07
05/24/2026 16:41:31,80,25,0,45,76,76,76,76,76,87,12.0960007,5.03,1.31000006,1.39200008,1.046,0.352000028,0.580000043,3.28400016,2.046,0,3.36800027,3.36800027,3.11200023,68,51.5,54,51.5,1652,418,0,566,0,0,0,0,0,0,50,17.19,4.69,3.12,14.06,51.56,1.56,0,17.77,51.56,43.04272,3612,1063,4975,2609,49.75,2.96911049,0.55,3279,1336,33.1666679,2.0753808,0.55,3005,464,33.1666679,1.31744123,0.55,2960,308,33.1666679,1.15117025,0.55,3690,736,39.8,1.56493425,0.55625,3980,2647,39.8,2.56325245,0.55625,3518,224,39.8,1.0659126,0.55625,3492,180,39.8,1.00643,0.55625,68.75001,62.3750038,99.99748,512,-1,485.785156,485.480469,0.3046875,0.5,7618.451,7618.951,0,0,0,0,0,0,0,0,0,0,0,0,512,600,1200,3000,64,1.05500007,1.30500007,0,10,16,54,2835,10451.9824,1353,1352,42,42,50,33,0,0,52.812,61.198,1.09,12937.2969,354.3789,43.3048744,0,0,0,0.216905683,0,0,0,0,0,0,0,0,0,62.96875,64,16376,3137,13238,80.83931,150.722,213099520,5.734912E+07
05/24/2026 16:41:33,80,25,0,45,76,76,76,76,76,87,12.0960007,5.03,1.31000006,1.396,1.0480001,0.354,0.580000043,3.288,2.046,0,3.37200022,3.37200022,3.11600018,69,51.5,54.5,51.5,1657,428,0,553,0,0,0,0,0,0,45.31,14.06,12.5,6.25,12.5,54.69,3.12,1.56,18.75,54.69,42.8541222,3818,1075,3940,2074,39.4,2.47432852,0.55625,3888,1308,39.4,2.06089449,0.55625,3609,506,39.4,1.35551643,0.55625,3563,339,39.4,1.1867125,0.55625,3644,718,39.4,1.56922162,0.55625,4925,3256,49.25,3.22147846,0.55625,3490,210,39.4,1.055525,0.55625,3489,186,39.4,1.01206017,0.55625,69.25001,62.3750038,99.9974747,512,-1,485.785156,485.480469,0.3046875,0.5,7618.451,7618.951,0,0,0,0,0,0,0,0,0,0,0,0,512,600,1200,3000,63,1.06000006,1.30500007,0,13,17,54,2835,10451.9824,1351,1350,42,42,50,33,0,0,52.003,60.655,1.09,12937.2969,354.3789,43.2760429,0,0,0,0.214508832,0,0,0,0,0,0,0,0,0,62,64,16376,3137,13238,80.83931,149.281,215399424,7.804928E+07
05/24/2026 16:41:35,81,25,0,45,78,78,78,78,78,89,12.0960007,5.03,1.31000006,1.39200008,1.044,0.352000028,0.582,3.28000021,2.046,0,3.37200022,3.37200022,3.11600018,69,51.5,54.5,51.5,1680,427,0,566,0,0,0,0,0,0,43.08,26.15,7.69,9.23,15.38,58.46,4.62,1.56,20.77,58.46,43.1471748,4054,1090,4900,2141,49,2.39758134,0.55625,3894,1322,39.2,2.01488066,0.55625,3624,529,39.2,1.34622228,0.55625,3563,393,39.2,1.22283959,0.55625,3659,762,39.2,1.597805,0.55625,4900,3101,49,3.200354,0.55625,4388,249,49,1.06212986,0.55625,3503,225,39.2,1.0438298,0.55625,69.25001,62.3750038,99.9974747,512,-1,485.785156,485.480469,0.3046875,0.5,7618.451,7618.951,0,0,0,0,0,0,0,0,0,0,0,0,512,600,1200,3000,63,1.03500009,1.30500007,0,12,16,54,2835,10451.9824,1347,1351,42,42,57,41,0,1,55.389,61.415,1.09,12937.2969,354.3789,47.9121437,0,0,0,0.230170846,0,0,0,0,0,0,0,0,0,62.09375,64,16376,3137,13238,80.83931,151.391,231149568,8.279962E+07
05/24/2026 16:41:37,82,25,0,45,78,78,78,78,78,89,12.0960007,5.03,1.31000006,1.396,1.046,0.362000018,0.580000043,3.28400016,2.046,0,3.37200022,3.37200022,3.11200023,70,51.5,54.5,51.5,1675,427,0,552,0,0,0,0,0,0,42.19,17.19,6.25,4.69,7.81,62.5,3.12,1.56,18.16,62.5,43.4659958,3757,1140,3960,2316,39.6,2.56730318,0.55625,3960,1440,39.6,2.17160487,0.55625,3673,527,39.8,1.36437881,0.55625,3629,375,39.8,1.23409855,0.55625,3756,786,39.8,1.64235735,0.55625,3980,3210,39.8,3.36629772,0.55625,3545,240,39.8,1.09622788,0.55625,3555,227,39.8,1.06704021,0.55625,69.87501,62.3750038,99.99747,512,-1,485.785156,485.480469,0.3046875,0.5,7618.451,7618.951,0,0,0,0,0,0,0,0,0,0,0,0,512,600,1200,3000,63,1.03000009,1.30500007,0,16,17,53,2835,10451.9824,1341,1341,42,42,57,41,0,1,56.873,61.483,1.09,12937.2969,354.3789,50.2758942,0,0,0,0.232042268,0,0,0,0,0,0,0,0,0,62,64,16376,3137,13238,80.83931,159.084,206949376,6.174925E+07
05/24/2026 16:41:39,83,25,0,45,80,80,80,80,80,90,12.0960007,5.03,1.31000006,1.39200008,1.042,0.358,0.580000043,3.28400016,2.046,0,3.36800027,3.37200022,3.11600018,70,51.5,54.5,51.5,1699,419,0,552,0,0,0,0,0,0,53.12,25,4.69,3.12,14.06,54.69,4.69,4.69,20.51,54.69,43.5344276,4003,1117,4850,2663,48.5,3.009849,0.60625,3980,1374,39.8,2.017669,0.61875,3689,520,39.8,1.34062779,0.61875,3598,351,39.8,1.18208313,0.61875,3776,818,39.8,1.60714984,0.61875,4975,2723,49.75,2.73797679,0.61875,3609,294,39.8,1.11798418,0.61875,3545,196,39.8,1.01605666,0.61875,70.00001,62.8750038,99.99749,512,-1,485.785156,485.480469,0.3046875,0.5,7618.451,7618.951,0,0,0,0,0,0,0,0,0,0,0,0,512,600,1200,3000,63,1.05000007,1.30500007,0,8,16,53,2835,10451.9824,1336,1336,42,42,59,43,0,1,56.735,55.907,1.09,12937.2969,354.5039,52.04119,0,0,0,0.258116215,0,0,0,0,0,0,0,0,0,61.96875,66,16376,3137,13238,80.83931,160.558,229999616,5.984973E+07
05/24/2026 16:41:41,83,25,0,45,78,78,78,78,78,89,12.0960007,5.03,1.30800009,1.39200008,1.044,0.368000031,0.580000043,3.28400016,2.046,0,3.37200022,3.36800027,3.11200023,69,51.5,54.5,51.5,1734,419,0,552,0,0,0,0,0,0,68.25,31.75,9.52,9.52,11.11,50.79,7.94,7.94,24.6,68.25,43.5515137,3872,1111,4975,2703,49.75,3.01154757,0.55625,3980,1410,39.8,2.10591674,0.55625,3677,490,39.8,1.34402573,0.55,3620,387,39.8,1.22501314,0.55,3766,827,39.8,1.6375984,0.55,4975,2560,49.75,2.614942,0.55,2975,282,33.1666679,1.108104,0.55,3005,231,33.1666679,1.04674113,0.55,69.75001,65.625,99.99748,512,-1,485.785156,485.480469,0.3046875,0.5,7618.451,7618.951,0,0,0,0,0,0,0,0,0,0,0,0,512,600,1200,3000,63,1.04000008,1.30500007,0,11,17,53,2835,10451.9824,1335,1335,42,42,59,43,0,1,55.931,56.222,1.09,12937.2969,354.5039,52.1012421,0,0,0,0.261395454,0,0,0,0,0,0,0,0,0,61.875,64,16376,3137,13238,80.83931,158.474,211599360,61149184
05/24/2026 16:41:43,82,25,0,45,78,78,78,78,78,89,12.0960007,5.03,1.31000006,1.39200008,1.03800011,0.352000028,0.580000043,3.28400016,2.046,0,3.37200022,3.36800027,3.11200023,69,51.5,54.5,51.5,1704,418,0,566,0,0,0,0,0,0,59.38,26.56,1.56,1.56,25,56.25,6.25,3.12,22.46,59.38,43.53964,3878,1101,3980,2741,39.8,3.13557529,0.54375,3980,1343,39.8,2.01681662,0.54375,3652,509,39.6,1.34427714,0.54375,3601,376,39.6,1.19080353,0.54375,3760,835,39.6,1.6272974,0.54375,4950,2541,49.5,2.50343585,0.54375,3568,259,39.6,1.08787012,0.54375,3534,202,39.6,1.01284873,0.54375,69.75001,62.8750038,99.99748,512,-1,485.785156,485.480469,0.3046875,0.5,7618.451,7618.951,0,0,0,0,0,0,0,0,0,0,0,0,512,600,1200,3000,64,1.05000007,1.30500007,0,12,17,53,2835,10451.9824,1332,1332,41,41,58,42,0,1,57.074,54.645,1.09,12937.2969,354.5039,52.6280022,0,0,0,0.256789923,0,0,0,0,0,0,0,0,0,62.90625,66,16376,3137,13238,80.83931,159.698,235499520,5.919949E+07
05/24/2026 16:41:45,82,25,0,45,78,78,78,78,78,89,12.0720005,5.03,1.31000006,1.39200008,1.044,0.358,0.580000043,3.28400016,2.046,0,3.36800027,3.36800027,3.11200023,69,51.5,54.5,51.5,1706,428,0,551,0,0,0,0,0,0,40.62,23.44,7.81,4.69,12.5,57.81,0,1.56,18.55,57.81,43.66021,4080,1103,4925,2352,49.25,2.49561429,0.575,4925,1386,49.25,2.07879114,0.575,3642,493,39.4,1.31982243,0.575,3586,401,39.4,1.228974,0.575,3721,799,39.4,1.61892915,0.55625,3940,2919,39.4,3.09812284,0.55625,4406,269,49.25,1.08533013,0.55625,3494,203,39.4,1.01413345,0.55625,69.75001,62.3750038,99.99748,512,-1,485.785156,485.480469,0.3046875,0.5,7618.451,7618.951,0,0,0,0,0,0,0,0,0,0,0,0,512,600,1200,3000,63,1.04500008,1.30500007,0,14,17,53,2835,10451.9824,1327,1326,41,41,58,43,0,1,57.003,57.014,1.09,12937.293,352.761719,53.0043945,0,0,0,0.2565568,0,0,0,0,0,0.08786356,0,0,0,62.5,66,16376,3137,13238,80.83931,161.626,124649472,8.344986E+07
05/24/2026 16:41:47,82,25,0,45,78,78,78,78,78,89,12.0720005,5.03,1.31000006,1.396,1.04000008,0.356,0.580000043,3.288,2.046,0,3.36800027,3.36800027,3.11200023,69,51.5,54.5,51.5,1690,429,0,566,0,0,0,0,0,0,45.31,20.31,7.81,6.25,7.81,68.75,3.12,4.62,20.5,68.75,43.5062981,3754,1093,3940,2396,39.4,2.482778,0.56875,3893,1234,39.4,1.9381566,0.56875,3621,502,39.4,1.34018946,0.56875,2988,399,32.8333321,1.23000443,0.56875,3690,778,39.4,1.575545,0.56875,4925,2996,49.25,3.19514966,0.56875,3494,250,39.4,1.06993771,0.56875,3477,191,39.4,0.9983118,0.56875,69.75001,62.3750038,99.9974747,512,-1,485.785156,485.480469,0.3046875,0.5,7618.451,7618.951,0,0,0,0,0,0,0,0,0,0,0,0,512,600,1200,3000,63,1.0200001,1.30500007,0,21,17,53,2835,10451.9824,1324,1324,41,41,57,42,0,1,55.565,49.283,1.09,12937.293,352.761719,51.65104,0,0,0,0.241714269,0,0,0,0,0,0,0,0,0,61.625,64,16376,3137,13238,80.83931,157.551,212849664,6.099968E+07
05/24/2026 16:41:49,82,25,0,45,78,78,78,78,78,89,12.0720005,5.03,1.30800009,1.39200008,1.044,0.364000022,0.580000043,3.28400016,2.046,0,3.36800027,3.364,3.11200023,69,51.5,54.5,51.5,1685,427,0,552,0,0,0,0,0,0,48.44,25,10.94,6.25,23.44,64.06,7.81,6.25,24.02,64.06,43.524498,3709,1106,3960,2327,39.6,2.48124123,0.5625,3960,1240,39.6,1.98441017,0.55625,3662,504,39.6,1.34244323,0.55625,3563,366,39.6,1.20561624,0.55625,3728,781,39.6,1.59152341,0.55625,4950,3149,49.5,3.235386,0.55625,2955,268,33,1.0979141,0.55625,2894,211,32.6666679,1.03262389,0.55625,69.75001,62.3750038,99.99749,512,-1,485.785156,485.480469,0.3046875,0.5,7618.451,7618.951,0,0,0,0,0,0,0,0,0,0,0,0,512,600,1200,3000,63,1.04000008,1.30500007,0,10,17,53,2835,10451.9824,1319,1319,41,41,57,42,0,1,55.896,62.726,1.09,12937.293,352.886719,48.5128937,0,0,0,0.246307909,0,0,0,0,0,0,0,0,0,61.59375,64,16376,3137,13238,80.83931,151.278,211749888,60599296
05/24/2026 16:41:51,82,25,0,45,78,78,78,78,78,89,12.0960007,5.03,1.31000006,1.39200008,1.042,0.352000028,0.580000043,3.28400016,2.046,0,3.37200022,3.36800027,3.11200023,69,51.5,54.5,51.5,1714,427,0,552,0,0,0,0,0,0,53.12,31.25,6.25,6.25,15.62,64.06,1.56,0,22.27,64.06,43.71743,3705,1116,4975,2672,49.75,3.08790517,0.55625,3980,1353,39.8,2.042406,0.55625,3107,540,33.1666679,1.38901651,0.55625,3009,397,33.1666679,1.23613036,0.55625,3764,811,39.8,1.63362539,0.55625,4950,2711,49.5,2.64413762,0.54375,2905,235,33,1.066809,0.54375,2949,207,33,1.03193784,0.54375,69.75001,67,99.9974747,512,-1,485.785156,485.480469,0.3046875,0.5,7618.451,7618.951,0,0,0,0,0,0,0,0,0,0,0,0,512,600,1200,3000,63,1.069,1.30500007,0,14,17,53,2835,10451.9824,1316,1315,41,41,58,42,0,1,56.51,50.062,1.09,12937.293,352.886719,51.42855,0,0,0,0.2443043,0,0,0,0,0,0,0,0,0,62.28125,64,16376,3137,13238,80.83931,157.673,236699648,8.244941E+07
05/24/2026 16:41:53,82,25,0,45,78,78,78,78,78,89,12.0960007,5.03,1.31000006,1.39200008,1.044,0.36,0.580000043,3.28400016,2.046,0,3.36800027,3.36800027,3.11200023,69,51,54.5,51.5,1697,419,0,566,0,0,0,0,0,0,67.19,34.38,4.69,1.56,17.19,50,1.56,1.56,22.27,67.19,43.9105339,3872,1130,3940,2729,39.4,3.12812519,0.525,4975,1538,49.75,2.20138,0.54375,3726,519,39.8,1.37981749,0.54375,3588,369,39.8,1.22015083,0.54375,3779,857,39.8,1.67578232,0.54375,3980,2583,39.8,2.65563941,0.54375,3521,249,39.8,1.0954479,0.54375,3470,194,39.8,1.0219692,0.54375,69.75001,66,99.99749,512,-1,485.785156,485.480469,0.3046875,0.5,7618.451,7618.951,0,0,0,0,0,0,0,0,0,0,0,0,512,600,1200,3000,63,1.05000007,1.30500007,0,12,17,53,2835,10451.9824,1311,1310,41,41,58,43,0,0,56.513,49.466,1.09,12937.293,352.886719,51.68228,0,0,0,0.240724459,0,0,0,0,0,0,0,0,0,61.5,64,16376,3137,13238,80.83931,158.478,148299776,46949376
05/24/2026 16:41:55,82,25,0,45,78,78,78,78,78,89,12.0960007,5.03,1.30800009,1.39200008,1.0480001,0.356,0.580000043,3.28400016,2.046,0,3.36800027,3.36800027,3.11200023,69,51,54.5,51.5,1697,418,0,552,0,0,0,0,0,0,62.5,28.12,12.5,6.25,25,51.56,4.69,3.12,24.22,62.5,43.8237076,3986,1124,5000,2834,50,3.281467,0.55,4970,1378,49.75,2.16947055,0.54375,3685,517,39.8,1.38262713,0.54375,3573,335,39.8,1.18618941,0.54375,3768,889,39.8,1.70710087,0.54375,5025,2655,50.25,2.60938144,0.525,2930,208,33.5,1.06147313,0.525,2941,177,33.5,1.015577,0.525,69.50001,68,99.99748,512,-1,485.785156,485.480469,0.3046875,0.5,7618.451,7618.951,0,0,0,0,0,0,0,0,0,0,0,0,512,600,1200,3000,63,1.05000007,1.30500007,0,16,17,52,2835,10451.9824,1303,1305,40,40,50,34,0,0,52.563,45.207,1.09,12937.293,352.886719,43.72995,0,0,0,0.243979678,0,0,0,0,0,0,0,0,0,61.3125,64,16376,3137,13238,80.83931,146.757,155099136,4.029952E+07
05/24/2026 16:41:57,82,25,0,45,78,78,78,78,78,89,12.0960007,5.03,1.31000006,1.39200008,1.05000007,0.354,0.580000043,3.28400016,2.046,0,3.36800027,3.36800027,3.11200023,69,51.5,54.5,51.5,1692,419,0,566,0,0,0,0,0,0,50.79,33.33,15.87,14.29,19.05,68.25,6.35,6.35,26.79,68.25,43.1538,3818,1093,3920,2223,39.2,2.44732666,0.55625,4871,1192,49,1.90322161,0.55625,3648,579,39.2,1.35987532,0.55625,3613,438,39.2,1.2187078,0.55625,3715,833,39.2,1.5866,0.55625,4925,3030,49.25,3.10208964,0.54375,2940,248,32.8333321,1.03819239,0.54375,2912,202,32.8333321,0.9808902,0.54375,69.25001,62.7500038,99.9974747,512,-1,485.785156,485.480469,0.3046875,0.5,7618.451,7618.951,0,0,0,0,0,0,0,0,0,0,0,0,512,600,1200,3000,63,1.0200001,1.30500007,0,9,16,51,2835,10451.9824,1300,1301,40,40,44,31,0,0,46.864,59.589,1.09,12937.3047,354.855469,42.2880745,0,0,0,0.234896511,0,0,0,0,0,0.135433733,0,0,0,61.59375,62,16376,3137,13238,80.83931,145.443,143599616,3.62496E+07
05/24/2026 16:41:59,82,25,0,45,78,78,78,78,78,89,12.0960007,5.03,1.31000006,1.39200008,1.03200006,0.354,0.580000043,3.28400016,2.046,0,3.36800027,3.36800027,3.11200023,69,51.5,54.5,51.5,1709,418,0,566,0,0,0,0,0,0,40,27.69,7.69,1.54,13.85,67.69,1.54,3.08,20.38,67.69,42.6241264,4067,968,4850,1676,48.5,2.27552128,0.5375,4850,1213,48.5,1.9015758,0.5375,4524,493,48.5,1.27818787,0.5375,2985,347,32.3333321,1.15142608,0.5375,4562,695,48.5,1.459973,0.5375,4850,2891,48.5,3.194551,0.5375,2958,234,32.3333321,1.02812791,0.5375,2956,196,32.3333321,0.995270431,0.5375,69.25001,62.3750038,99.9974747,512,-1,485.785156,485.480469,0.3046875,0.5,7618.451,7618.951,0,0,0,0,0,0,0,0,0,0,0,0,512,600,1200,3000,63,1.04000008,1.30500007,0,13,16,53,2835,10451.9824,1300,1297,40,40,48,34,0,0,51.517,59.796,1.09,12937.3086,355.832031,44.01032,0,0,0,0.291031,0,0,0,0,0,0.08590829,0,0,0,61,62,16376,3137,13238,80.83931,148.375,110699520,3.174912E+07
05/24/2026 16:42:01,82,25,0,45,78,78,78,78,78,89,12.0960007,5.03,1.31000006,1.39200008,1.034,0.350000024,0.582,3.28400016,2.046,0,3.36800027,3.36800027,3.11200023,69,51.5,54.5,51.5,1709,428,0,552,0,0,0,0,0,0,26.15,21.88,10.94,9.38,9.38,61.54,4.69,0,17.99,61.54,42.4304123,3876,940,3960,1545,39.6,2.149028,0.5625,3941,1080,39.6,1.8024559,0.5625,3697,516,39.6,1.30027723,0.5625,3627,342,39.6,1.13565,0.5625,3704,662,39.6,1.41091931,0.5625,4950,2948,49.5,3.27961,0.5625,3562,230,39.6,1.01818371,0.5625,3567,196,39.6,0.9830693,0.5625,69.25001,67.375,99.9974747,512,-1,485.785156,485.480469,0.3046875,0.5,7618.451,7618.951,0,0,0,0,0,0,0,0,0,0,0,0,512,600,1200,3000,63,1.04000008,1.30500007,0,13,17,53,2835,10451.9824,1293,1294,40,40,48,34,0,0,51.341,59.334,1.09,12937.3086,356.078125,43.9523544,0,0,0,0.290972263,0,0,0,0,0,0,0,0,0,60.96875,62,16376,3137,13238,80.83931,148.073,115699712,32449536
05/24/2026 16:42:03,81,25,0,45,77,77,77,77,77,88,12.0960007,5.03,1.31000006,1.39200008,1.04000008,0.352000028,0.580000043,3.28400016,2.046,0,3.36800027,3.36800027,3.11200023,68,51.5,54.5,51.5,1694,428,0,566,0,0,0,0,0,0,49.23,20,6.15,6.15,7.69,35.38,1.54,1.54,15.96,49.23,42.6158752,3883,952,3960,2566,39.6,3.07327962,0.55,4925,1146,49.25,1.86932981,0.55,3691,524,39.4,1.30624235,0.55,3650,375,39.4,1.15816665,0.55,3684,645,39.4,1.41412449,0.55,3940,1922,39.4,2.325091,0.55,3586,218,39.4,1.00166583,0.55,3628,220,39.4,0.993119836,0.55,69.00001,62.3750038,99.99748,512,-1,485.785156,485.480469,0.3046875,0.5,7618.451,7618.951,0,0,0,0,0,0,0,0,0,0,0,0,512,600,1200,3000,62,1.04000008,1.30500007,0,22,17,53,2835,10451.9824,1289,1291,40,40,49,34,0,0,51.6,45.725,1.09,12937.3086,356.078125,44.2876549,0,0,0,0.3090292,0,0,0,0,0,0,0,0,0,60.90625,62,16376,3137,13238,80.83931,147.375,162599936,39199744
05/24/2026 16:42:05,80,25,0,45,76,76,76,76,76,87,12.0960007,5.03,1.30800009,1.39200008,1.03200006,0.358,0.582,3.28400016,2.046,0,3.36800027,3.36800027,3.11200023,68,51.5,54.5,51.5,1687,428,0,552,0,0,0,0,0,0,47.69,13.85,10.77,3.08,3.08,41.54,3.08,1.54,15.58,47.69,42.5824661,4038,948,4950,2443,49.5,2.9326818,0.54375,4950,1106,49.5,1.8167243,0.54375,3795,565,39.6,1.35860145,0.54375,3749,402,39.6,1.17761588,0.54375,3750,633,39.6,1.39966547,0.54375,3940,2009,39.4,2.4103322,0.54375,3622,246,39.4,1.02550685,0.54375,3551,184,39.4,0.967250347,0.54375,68.75001,62.3750038,99.9974747,512,-1,485.785156,485.480469,0.3046875,0.5,7618.451,7618.951,0,0,0,0,0,0,0,0,0,0,0,0,512,600,1200,3000,64,1.05000007,1.30500007,0,17,17,53,2835,10451.9824,1284,1285,40,40,49,34,0,0,52.195,54.16,1.09,12937.3086,356.078125,44.6043053,0,0,0,0.314034969,0,0,0,0,0,0,0,0,0,60.84375,62,16376,3137,13238,80.83931,150.102,9.454899E+07,44199936
05/24/2026 16:42:07,80,25,0,45,76,76,76,76,76,87,12.0960007,5.02000046,1.30800009,1.39200008,1.036,0.352000028,0.580000043,3.288,2.046,0,3.36800027,3.36800027,3.11200023,68,51.5,54.5,51.5,1671,428,0,567,0,0,0,0,0,0,53.12,29.69,9.38,9.38,21.88,45.31,3.12,1.56,21.68,53.12,42.6969147,4002,939,4925,2334,49.25,2.82034159,0.55625,4925,1129,49.25,1.83934748,0.55625,3703,564,39.4,1.334454,0.55625,3673,397,39.4,1.15880036,0.55625,3688,626,39.4,1.38429344,0.55625,3940,2038,39.4,2.42055225,0.55625,3585,221,39.4,1.00616241,0.55625,3575,203,39.4,0.973588645,0.55625,68.75001,61.8750038,99.9974747,512,-1,485.785156,485.480469,0.3046875,0.5,7618.451,7618.951,0,0,0,0,0,0,0,0,0,0,0,0,512,600,1200,3000,64,1.0250001,1.30500007,0,15,17,53,2835,10451.9824,1282,1281,40,40,49,34,0,0,52.016,51.332,1.09,12937.3086,356.078125,44.4929352,0,0,0,0.312403262,0,0,0,0,0,0,0,0,0,60.90625,62,16376,3137,13238,80.83931,151.438,160549888,4.569907E+07
05/24/2026 16:42:09,80,25,0,45,76,76,76,76,76,87,12.0960007,5.03,1.31000006,1.39200008,1.036,0.350000024,0.580000043,3.28000021,2.046,0,3.36800027,3.36800027,3.11200023,69,51.5,54.5,51.5,1671,419,0,567,0,0,0,0,0,0,29.69,18.75,12.5,6.25,23.44,60.94,3.12,1.56,19.53,60.94,42.9332161,3740,978,3960,1682,39.6,2.29370379,0.55,3960,1203,39.6,1.96060073,0.55,3633,462,39.6,1.26638138,0.55,3612,345,39.6,1.15290821,0.55,3733,692,39.6,1.47728968,0.55,5000,3037,50,3.377608,0.54375,3004,206,33.3333321,1.01756418,0.54375,3018,193,33.3333321,0.998483,0.54375,69.25001,61.8750038,99.99747,512,-1,485.785156,485.480469,0.3046875,0.5,7618.451,7618.951,0,0,0,0,0,0,0,0,0,0,0,0,512,600,1200,3000,63,1.05500007,1.30500007,0,12,17,53,2835,10451.9824,1277,1276,39,39,48,34,0,0,51.299,53.684,1.09,12937.3086,356.078125,44.2930031,0,0,0,0.315657824,0,0,0,0,0,0,0,0,0,60.8125,62,16376,3137,13238,80.83931,149.626,1.408E+08,3.879936E+07
05/24/2026 16:42:11,81,25,0,45,78,78,78,78,78,89,12.0960007,5.03,1.31000006,1.39200008,1.04000008,0.354,0.580000043,3.28000021,2.046,0,3.37200022,3.36800027,3.11200023,69,51.5,54.5,51.5,1687,418,0,567,0,0,0,0,0,0,37.5,18.75,10.94,7.81,14.06,51.56,7.81,1.56,18.75,51.56,42.9415169,3761,949,3940,1691,39.4,2.273097,0.53125,3930,1026,39.4,1.77079451,0.53125,3046,503,32.8333321,1.30092025,0.53125,4530,400,49.25,1.19794941,0.53125,3659,603,39.4,1.38540876,0.53125,5000,2954,50,3.275819,0.54375,2994,220,33.3333321,1.0111376,0.54375,2989,197,33.3333321,0.983615339,0.54375,69.37501,61.8750038,99.99747,512,-1,485.785156,485.480469,0.3046875,0.5,7618.451,7618.951,0,0,0,0,0,0,0,0,0,0,0,0,512,600,1200,3000,62,1.01,1.30500007,0,7,16,53,2835,10451.9824,1270,1268,39,39,48,34,0,0,52.007,55.094,1.09,12937.3086,356.078125,44.2637749,0,0,0,0.312766045,0,0,0,0,0,0,0,0,0,60.6875,62,16376,3137,13238,80.83931,148.966,156149760,33299456
05/24/2026 16:42:13,82,25,0,45,78,78,78,78,78,89,12.0960007,5.03,1.31000006,1.396,1.03800011,0.354,0.580000043,3.28400016,2.046,0,3.36800027,3.36800027,3.11200023,69,51.5,54.5,51.5,1680,418,0,553,0,0,0,0,0,0,37.5,21.88,10.94,1.56,10.94,42.19,3.12,1.56,16.21,42.19,42.6448479,3371,930,4975,1960,49.75,2.50476384,0.55625,3317,1105,33.1666679,1.80350649,0.55625,3109,532,33.1666679,1.32340837,0.55625,3090,333,33.1666679,1.12983286,0.55625,3141,609,33.1666679,1.37880564,0.55625,3317,2492,33.1666679,2.87511516,0.55625,3051,241,33.1666679,1.02282941,0.55625,2965,172,33.1666679,0.952491164,0.55625,69.25001,68,99.99749,512,-1,485.785156,485.480469,0.3046875,0.5,7618.451,7618.951,0,0,0,0,0,0,0,0,0,0,0,0,512,600,1200,3000,63,1.04000008,1.30500007,0,12,16,53,2835,10451.9824,1267,1265,39,39,48,33,0,0,52.802,55.954,1.09,12937.3086,356.078125,44.3654747,0,0,0,0.314937323,0,0,0,0,0,0,0,0,0,60.65625,62,16376,3137,13238,80.83931,150.468,1.53899E+08,3.284992E+07
05/24/2026 16:42:15,82,25,0,45,78,78,78,78,78,89,12.0960007,5.03,1.30800009,1.39200008,1.036,0.366000026,0.580000043,3.28400016,2.046,0,3.36800027,3.36800027,3.11200023,69,51.5,54.5,51.5,1692,419,0,567,0,0,0,0,0,0,44.62,29.23,9.23,4.62,21.54,41.54,1.54,0,19.04,44.62,42.887352,3885,954,3960,2696,39.6,3.17678857,0.54375,4950,1142,49.5,1.85208619,0.54375,3680,466,39.8,1.26644289,0.5375,3628,319,39.4,1.11160564,0.54375,3777,670,39.4,1.45803332,0.54375,3940,1946,39.4,2.38680744,0.54375,3566,203,39.4,0.999210358,0.54375,3581,186,39.4,0.970193565,0.54375,69.25001,61.8750038,99.99748,512,-1,485.785156,485.480469,0.3046875,0.5,7618.451,7618.951,0,0,0,0,0,0,0,0,0,0,0,0,512,600,1200,3000,63,1.05000007,1.30500007,0,13,16,52,2835,10451.9824,1262,1264,39,39,48,34,0,0,52.228,58.751,1.09,12937.3086,356.078125,44.4657173,0,0,0,0.320359468,0,0,0,0,0,0,0,0,0,60.59375,62,16376,3137,13238,80.83931,150.561,197599232,32999424
05/24/2026 16:42:17,82,25,0,45,78,78,78,78,78,89,12.0960007,5.03,1.31000006,1.39200008,1.036,0.34800002,0.582,3.28400016,2.046,0,3.37200022,3.37200022,3.11200023,69,51.5,54.5,51.5,1719,429,0,553,0,0,0,0,0,0,57.14,22.22,15.87,4.76,12.7,42.86,9.52,6.35,21.43,57.14,42.7499771,3662,951,4975,2687,49.75,3.13606358,0.5625,3980,1192,39.8,1.8598063,0.5625,3046,451,33.1666679,1.2587837,0.5625,3020,298,33.1666679,1.09452081,0.5625,3168,622,33.1666679,1.43396,0.5625,3980,1979,39.8,2.41908,0.5625,3576,200,39.8,0.9854441,0.5625,3555,180,39.8,0.9503076,0.55,69.37501,67,99.99748,512,-1,485.785156,485.480469,0.3046875,0.5,7618.451,7618.951,0,0,0,0,0,0,0,0,0,0,0,0,512,600,1200,3000,62,1.03500009,1.30500007,0,8,17,52,2835,10451.9824,1258,1259,39,39,48,33,0,0,51.576,56.234,1.09,12937.3086,355.847656,44.9233627,0,0,0,0.301814169,0,0,0,0,0,0,0,0,0,60.59375,62,16376,3137,13238,80.83931,148.541,163549184,32699392
05/24/2026 16:42:19,82,25,0,45,78,78,78,78,78,89,12.0960007,5.03,1.31000006,1.39200008,1.034,0.350000024,0.582,3.288,2.046,0,3.37200022,3.37200022,3.11200023,69,51.5,54.5,51.5,1714,428,0,552,0,0,0,0,0,0,37.5,14.06,10.94,9.38,10.94,54.69,1.56,3.12,17.77,54.69,42.63704,3796,954,4020,2096,40.2,2.57120728,0.53125,4020,1141,40.2,1.823289,0.53125,3748,526,40.2,1.314533,0.53125,3702,327,40.2,1.11469471,0.53125,3956,716,40.2,1.48821688,0.53125,4975,2425,49.75,2.80608535,0.54375,2980,216,33.1666679,1.004562,0.54375,2966,185,33.1666679,0.960732,0.54375,69.12501,67,99.99749,512,-1,485.785156,485.480469,0.3046875,0.5,7618.451,7618.951,0,0,0,0,0,0,0,0,0,0,0,0,512,600,1200,3000,63,1.06000006,1.30500007,0,11,17,52,2835,10451.9824,1252,1254,39,39,48,33,0,0,51.547,56.552,1.09,12937.3086,355.847656,47.2242622,0,0,0,0.306919634,0,0,0,0,0,0,0,0,0,60.59375,62,16376,3137,13238,80.83931,148.708,136299520,3.804979E+07
