,/lpc/nct6687dr/0/control/0,/lpc/nct6687dr/0/control/1,/lpc/nct6687dr/0/control/2,/lpc/nct6687dr/0/control/10,/lpc/nct6687dr/0/control/11,/lpc/nct6687dr/0/control/12,/lpc/nct6687dr/0/control/13,/lpc/nct6687dr/0/control/14,/lpc/nct6687dr/0/control/15,/lpc/nct6687dr/0/control/3,/lpc/nct6687dr/0/voltage/0,/lpc/nct6687dr/0/voltage/1,/lpc/nct6687dr/0/voltage/2,/lpc/nct6687dr/0/voltage/3,/lpc/nct6687dr/0/voltage/4,/lpc/nct6687dr/0/voltage/5,/lpc/nct6687dr/0/voltage/6,/lpc/nct6687dr/0/voltage/8,/lpc/nct6687dr/0/voltage/9,/lpc/nct6687dr/0/voltage/10,/lpc/nct6687dr/0/voltage/11,/lpc/nct6687dr/0/voltage/12,/lpc/nct6687dr/0/voltage/13,/lpc/nct6687dr/0/temperature/0,/lpc/nct6687dr/0/temperature/1,/lpc/nct6687dr/0/temperature/2,/lpc/nct6687dr/0/temperature/3,/lpc/nct6687dr/0/fan/0,/lpc/nct6687dr/0/fan/1,/lpc/nct6687dr/0/fan/2,/lpc/nct6687dr/0/fan/10,/lpc/nct6687dr/0/fan/11,/lpc/nct6687dr/0/fan/12,/lpc/nct6687dr/0/fan/13,/lpc/nct6687dr/0/fan/14,/lpc/nct6687dr/0/fan/15,/lpc/nct6687dr/0/fan/3,/amdcpu/0/load/2,/amdcpu/0/load/3,/amdcpu/0/load/4,/amdcpu/0/load/5,/amdcpu/0/load/6,/amdcpu/0/load/7,/amdcpu/0/load/8,/amdcpu/0/load/9,/amdcpu/0/load/0,/amdcpu/0/load/1,/amdcpu/0/power/0,/amdcpu/0/clock/1,/amdcpu/0/clock/2,/amdcpu/0/clock/3,/amdcpu/0/clock/4,/amdcpu/0/factor/0,/amdcpu/0/power/1,/amdcpu/0/voltage/2,/amdcpu/0/clock/5,/amdcpu/0/clock/6,/amdcpu/0/factor/1,/amdcpu/0/power/2,/amdcpu/0/voltage/3,/amdcpu/0/clock/7,/amdcpu/0/clock/8,/amdcpu/0/factor/2,/amdcpu/0/power/3,/amdcpu/0/voltage/4,/amdcpu/0/clock/9,/amdcpu/0/clock/10,/amdcpu/0/factor/3,/amdcpu/0/power/4,/amdcpu/0/voltage/5,/amdcpu/0/clock/11,/amdcpu/0/clock/12,/amdcpu/0/factor/4,/amdcpu/0/power/5,/amdcpu/0/voltage/6,/amdcpu/0/clock/13,/amdcpu/0/clock/14,/amdcpu/0/factor/5,/amdcpu/0/power/6,/amdcpu/0/voltage/7,/amdcpu/0/clock/15,/amdcpu/0/clock/16,/amdcpu/0/factor/6,/amdcpu/0/power/7,/amdcpu/0/voltage/8,/amdcpu/0/clock/17,/amdcpu/0/clock/18,/amdcpu/0/factor/7,/amdcpu/0/power/8,/amdcpu/0/voltage/9,/amdcpu/0/temperature/2,/amdcpu/0/temperature/3,/amdcpu/0/clock/0,/vram/data/2,/vram/data/3,/vram/load/1,/ram/data/0,/ram/data/1,/ram/load/0,/memory/dimm/1/temperature/0,/memory/dimm/1/temperature/1,/memory/dimm/1/temperature/2,/memory/dimm/1/temperature/3,/memory/dimm/1/temperature/4,/memory/dimm/1/temperature/5,/memory/dimm/1/timing/20,/memory/dimm/1/timing/21,/memory/dimm/1/timing/22,/memory/dimm/1/timing/23,/memory/dimm/1/timing/24,/memory/dimm/1/timing/25,/memory/dimm/1/timing/26,/memory/dimm/1/timing/27,/memory/dimm/1/timing/28,/memory/dimm/1/timing/29,/memory/dimm/1/timing/30,/memory/dimm/1/timing/31,/memory/dimm/1/timing/32,/memory/dimm/1/timing/33,/memory/dimm/1/data/50,/memory/dimm/3/temperature/0,/memory/dimm/3/temperature/1,/memory/dimm/3/temperature/2,/memory/dimm/3/temperature/3,/memory/dimm/3/temperature/4,/memory/dimm/3/temperature/5,/memory/dimm/3/timing/20,/memory/dimm/3/timing/21,/memory/dimm/3/timing/22,/memory/dimm/3/timing/23,/memory/dimm/3/timing/24,/memory/dimm/3/timing/25,/memory/dimm/3/timing/26,/memory/dimm/3/timing/27,/memory/dimm/3/timing/28,/memory/dimm/3/timing/29,/memory/dimm/3/timing/30,/memory/dimm/3/timing/31,/memory/dimm/3/timing/32,/memory/dimm/3/timing/33,/memory/dimm/3/data/50,/gpu-amd/0/smalldata/2,/gpu-amd/0/factor/0,/gpu-amd/0/smalldata/5,/gpu-amd/0/smalldata/4,/gpu-amd/0/smalldata/3,/gpu-amd/0/smalldata/6,/gpu-amd/0/smalldata/7,/gpu-amd/0/smalldata/8,/gpu-amd/0/load/2,/gpu-amd/0/load/5,/gpu-amd/0/load/3,/gpu-amd/0/load/4,/gpu-amd/0/load/9,/gpu-amd/0/load/8,/gpu-amd/0/load/7,/gpu-amd/0/load/6,/gpu-amd/0/load/12,/gpu-amd/0/load/11,/gpu-amd/0/load/10,/gpu-amd/0/smalldata/0,/gpu-amd/0/smalldata/1,/gpu-amd/0/clock/0,/gpu-amd/0/clock/1,/gpu-amd/0/clock/2,/gpu-amd/0/temperature/4,/gpu-amd/0/voltage/0,/gpu-amd/0/voltage/2,/gpu-amd/0/load/0,/gpu-amd/0/power/0,/gpu-amd/0/power/2,/gpu-nvidia/0/temperature/0,/gpu-nvidia/0/clock/0,/gpu-nvidia/0/clock/4,/gpu-nvidia/0/fan/1,/gpu-nvidia/0/fan/2,/gpu-nvidia/0/control/1,/gpu-nvidia/0/control/2,/gpu-nvidia/0/load/0,/gpu-nvidia/0/load/1,/gpu-nvidia/0/load/2,/gpu-nvidia/0/load/3,/gpu-nvidia/0/load/4,/gpu-nvidia/0/load/5,/gpu-nvidia/0/voltage/0,/gpu-nvidia/0/smalldata/3,/gpu-nvidia/0/smalldata/4,/gpu-nvidia/0/load/7,/gpu-nvidia/0/load/15,/gpu-nvidia/0/load/17,/gpu-nvidia/0/load/8,/gpu-nvidia/0/load/9,/gpu-nvidia/0/load/16,/gpu-nvidia/0/load/18,/gpu-nvidia/0/load/19,/gpu-nvidia/0/load/14,/gpu-nvidia/0/load/20,/gpu-nvidia/0/load/10,/gpu-nvidia/0/load/11,/gpu-nvidia/0/load/12,/gpu-nvidia/0/load/13,/gpu-nvidia/0/temperature/2,/gpu-nvidia/0/temperature/3,/gpu-nvidia/0/smalldata/2,/gpu-nvidia/0/smalldata/0,/gpu-nvidia/0/smalldata/1,/gpu-nvidia/0/load/3,/gpu-nvidia/0/power/0,/gpu-nvidia/0/throughput/0,/gpu-nvidia/0/throughput/1
Time,"CPU Fan","Pump Fan","Chipset Fan","System Fan #1","System Fan #2","System Fan #3","System Fan #4","System Fan #5","System Fan #6","EZ-Connect Fan","+12V","+5V","CPU Northbridge/SoC","DIMM","Vcore","Chipset","CPU System Agent","+3.3V","VREF","+1.8V","+3V Standby","AVSB","CMOS Battery","CPU Core","System","VRM MOS","Chipset","CPU Fan","Pump Fan #1","Chipset Fan","System Fan #1","System Fan #2","System Fan #3","System Fan #4","System Fan #5","System Fan #6","EZ-Connect Fan","CPU Core #1","CPU Core #2","CPU Core #3","CPU Core #4","CPU Core #5","CPU Core #6","CPU Core #7","CPU Core #8","CPU Total","CPU Core Max","Package","Cores (Average)","Cores (Average Effective)","Core #1","Core #1 (Effective)","Core #1","Core #1 (SMU)","Core #1 VID","Core #2","Core #2 (Effective)","Core #2","Core #2 (SMU)","Core #2 VID","Core #3","Core #3 (Effective)","Core #3","Core #3 (SMU)","Core #3 VID","Core #4","Core #4 (Effective)","Core #4","Core #4 (SMU)","Core #4 VID","Core #5","Core #5 (Effective)","Core #5","Core #5 (SMU)","Core #5 VID","Core #6","Core #6 (Effective)","Core #6","Core #6 (SMU)","Core #6 VID","Core #7","Core #7 (Effective)","Core #7","Core #7 (SMU)","Core #7 VID","Core #8","Core #8 (Effective)","Core #8","Core #8 (SMU)","Core #8 VID","Core (Tctl/Tdie)","CCD1 (Tdie)","Bus Speed","Memory Used","Memory Available","Memory","Memory Used","Memory Available","Memory","DIMM #1","Temperature Sensor Resolution","Thermal Sensor Low Limit","Thermal Sensor High Limit","Thermal Sensor Critical Low Limit","Thermal Sensor Critical High Limit","tCKAVGmin (Minimum Cycle Time)","tCKAVGmax (Maximum Cycle Time)","tAA (CAS Latency Time)","tRCD (RAS to CAS Delay Time)","tRP (Row Precharge Delay Time)","tRAS (Active to Precharge Delay Time)","tRC (Active to Active/Refresh Delay Time)","tWR (Write Recovery Time)","tRFC1 (Normal Refresh Recovery Time)","tRFC2 (Fine Granularity Refresh Recovery Time)","tRFCsb (Same Bank Refresh Recovery Time)","tRFC1_dlr (Normal Refresh Recovery Time 3DS)","tRFC2_dlr (Fine Granularity Refresh Recovery Time 3DS)","tRFCsb_dlr (Same Bank Refresh Recovery Time 3DS)","Capacity","DIMM #3","Temperature Sensor Resolution","Thermal Sensor Low Limit","Thermal Sensor High Limit","Thermal Sensor Critical Low Limit","Thermal Sensor Critical High Limit","tCKAVGmin (Minimum Cycle Time)","tCKAVGmax (Maximum Cycle Time)","tAA (CAS Latency Time)","tRCD (RAS to CAS Delay Time)","tRP (Row Precharge Delay Time)","tRAS (Active to Precharge Delay Time)","tRC (Active to Active/Refresh Delay Time)","tWR (Write Recovery Time)","tRFC1 (Normal Refresh Recovery Time)","tRFC2 (Fine Granularity Refresh Recovery Time)","tRFCsb (Same Bank Refresh Recovery Time)","tRFC1_dlr (Normal Refresh Recovery Time 3DS)","tRFC2_dlr (Fine Granularity Refresh Recovery Time 3DS)","tRFCsb_dlr (Same Bank Refresh Recovery Time 3DS)","Capacity","GPU Memory Total","Fullscreen FPS","D3D Dedicated Memory Total","D3D Dedicated Memory Free","D3D Dedicated Memory Used","D3D Shared Memory Used","D3D Shared Memory Free","D3D Shared Memory Total","D3D 3D","D3D Copy","D3D Compute 0","D3D Compute 1","D3D Timer 0","D3D Security 1","D3D High Priority Compute","D3D High Priority 3D","D3D Video JPEG 0","D3D Video Decode 1","D3D Video Codec 0","GPU Memory Used","GPU Memory Free","GPU Core","GPU SoC","GPU Memory","GPU VR SoC","GPU Core","GPU SoC","GPU Core","GPU Core","GPU SoC","GPU Core","GPU Core","GPU Memory","GPU Fan 1","GPU Fan 2","GPU Fan 1","GPU Fan 2","GPU Core","GPU Memory Controller","GPU Video Engine","GPU Bus","GPU Power","GPU Board Power","GPU Core Voltage","D3D Dedicated Memory Used","D3D Shared Memory Used","D3D 3D","D3D Overlay","D3D Video Decode","D3D Copy","D3D Copy","D3D Security","D3D Video Encode","D3D Video Encode","D3D Optical Flow Accelerator 0","D3D VR","D3D Copy","D3D Copy","D3D Copy","D3D Copy","GPU Hot Spot","GPU Memory Junction","GPU Memory Total","GPU Memory Free","GPU Memory Used","GPU Memory","GPU Package","GPU PCIe Rx","GPU PCIe Tx"
05/27/2026 14:13:00,41,58,0,50,55,45,45,45,45,65,12.144001,5.04,1.312,1.396,0.950000048,0.338000029,0.644000053,3.292,2.046,0,3.37200022,3.37200022,3.124,51,47.5,43.5,46.5,904,739,0,799,712,0,0,0,0,0,16.42,2.99,1.49,1.49,1.49,10.45,0,0,4.29,16.42,28.82521,3497,316,5050,1115,50.5,1.12208629,0.5875,3233,323,32.3333321,0.4746435,0.6625,3143,151,32.3333321,0.2683282,0.63125,2901,75,32.3333321,0.143142566,0.6625,4650,194,48.5,0.326687634,0.65,3233,559,32.3333321,0.7413893,0.64375,2911,67,32.3333321,0.103353821,0.625,2852,47,32.3333321,0.06869802,0.65625,51.0000076,44.3750038,99.9974747,9.345127,27.5356369,25.3387527,5.09594345,9.784821,34.24517,38.5,0.25,0,55,0,85,0.416,1.01,16,16,16,32,48,30,295,160,130,0,0,0,16,38.25,0.25,0,55,0,85,0.416,1.01,16,16,16,32,48,30,295,160,130,0,0,0,16,512,-1,485.785156,485.480469,0.3046875,0.5,7618.451,7618.951,0,0,0,0,0,0,0,0,0,0,0,0,512,600,1200,3000,51,0.955000043,1.30500007,0,1,15,51,210,405,0,0,0,0,0,42,0,0,8.207,8.347,0.865,1732.375,82.50781,0.0152888149,0,0,0,0,0,0,0,0,0,0.0283217635,0,0,0,63.40625,60,16376,14335,2040,12.4599743,22.71,749568,0
05/27/2026 14:13:02,41,58,0,50,55,45,45,45,45,65,12.144001,5.04,1.312,1.39200008,0.944000065,0.34,0.644000053,3.292,2.046,0,3.37600017,3.37200022,3.12000012,51,47.5,43.5,46.5,904,740,0,815,713,0,0,0,0,0,20.31,9.38,0,0,7.81,6.25,1.56,0,5.66,20.31,31.3433151,3237,325,4850,955,48.5,0.9319615,0.64375,3173,389,32.3333321,0.524181962,0.64375,2947,144,32.3333321,0.271008164,0.64375,2866,78,32.3333321,0.1593367,0.64375,3057,236,32.3333321,0.3648821,0.64375,3233,652,32.3333321,0.755446434,0.64375,3010,97,32.3333321,0.152514383,0.64375,2757,49,32.3333321,0.108803049,0.64375,51.2500076,46.3750038,99.99749,9.369461,27.5113029,25.4047318,5.124878,9.755886,34.4396133,38.5,0.25,0,55,0,85,0.416,1.01,16,16,16,32,48,30,295,160,130,0,0,0,16,38.25,0.25,0,55,0,85,0.416,1.01,16,16,16,32,48,30,295,160,130,0,0,0,16,512,-1,485.785156,485.480469,0.3046875,0.5,7618.451,7618.951,0,0,0,0,0,0,0,0,0,0,0,0,512,600,1200,3000,49,0.950000048,1.30500007,0,1,14,52,2670,10701.9883,0,0,0,0,5,2,0,0,19.167,20.335,0.975,1738.12891,82.89453,6.47433949,0,0,0,0.0153549248,0,0,0,0,0,1.77043712,0,0,0,63.8125,62,16376,14329,2046,12.4950867,27.997,6899712,849920
05/27/2026 14:13:04,41,58,0,50,55,45,45,45,45,65,12.12,5.04,1.312,1.396,0.872000039,0.322000027,0.644000053,3.292,2.046,0,3.37200022,3.37200022,3.124,51,47.5,43.5,46.5,909,767,0,798,695,0,0,0,0,0,10.94,4.69,1.56,3.12,3.12,20.31,0,1.56,5.66,20.31,30.8851566,3548,170,4850,548,48.5,0.5594111,0.6375,4850,224,48.5,0.273323953,0.6375,2729,37,32.3333321,0.03890968,0.6375,2726,29,32.3333321,0.0367910452,0.6375,2867,52,32.3333321,0.05342393,0.6375,4850,421,48.5,0.466769427,0.6375,2701,23,32.3333321,0.0336732641,0.6375,2812,30,32.3333321,0.03264025,0.6375,51.6250076,44.8750038,99.9975,9.370693,27.51007,25.4080811,5.126114,9.75465,34.44792,38.5,0.25,0,55,0,85,0.416,1.01,16,16,16,32,48,30,295,160,130,0,0,0,16,38.25,0.25,0,55,0,85,0.416,1.01,16,16,16,32,48,30,295,160,130,0,0,0,16,512,-1,485.785156,485.480469,0.3046875,0.5,7618.451,7618.951,0,0,0,0,0,0,0,0,0,0,0,0,512,600,1200,3000,49,0.580000043,1.30500007,0,0,14,52,2670,10701.9883,0,0,0,0,0,1,0,0,17.753,17.967,0.975,1738.12891,82.89453,0,0,0,0,0,0,0,0,0,0,0,0,0,0,64.28125,62,16376,14329,2046,12.4950867,51.364,0,0
05/27/2026 14:13:06,41,58,0,50,55,45,45,45,45,65,12.144001,5.04,1.312,1.396,0.840000033,0.324,0.644000053,3.292,2.046,0,3.37600017,3.37200022,3.124,51,47.5,43.5,46.5,905,768,0,797,711,0,0,0,0,0,17.19,3.12,1.56,1.56,4.69,9.38,4.69,1.56,5.47,17.19,30.1327419,3302,157,4850,498,48.5,0.4251479,0.65,3058,104,32.3333321,0.09217518,0.65,2719,46,32.3333321,0.0400642157,0.65,2944,50,32.3333321,0.0441335663,0.65,2793,49,32.3333321,0.04694054,0.65,4850,456,48.5,0.488947421,0.65,2617,30,32.3333321,0.0330688842,0.65,2587,20,32.3333321,0.030658884,0.65,51.8750076,45.8750038,99.99749,9.324123,27.55664,25.2818069,5.09265137,9.788113,34.223053,38.5,0.25,0,55,0,85,0.416,1.01,16,16,16,32,48,30,295,160,130,0,0,0,16,38.25,0.25,0,55,0,85,0.416,1.01,16,16,16,32,48,30,295,160,130,0,0,0,16,512,-1,485.785156,485.480469,0.3046875,0.5,7618.451,7618.951,0,0,0,0,0,0,0,0,0,0,0,0,512,600,1200,3000,49,0.950000048,1.30500007,0,1,15,51,390,810,0,0,0,0,0,13,0,0,10.482,11.439,0.925,1737.8125,82.73828,0,0,0,0,0,0,0,0,0,0,0,0,0,0,64.03125,62,16376,14330,2045,12.4931784,41.858,1.75185E+09,549888
05/27/2026 14:13:08,41,58,0,50,55,45,45,45,45,65,12.12,5.04,1.31000006,1.39200008,0.816000044,0.314,0.644000053,3.288,2.046,0,3.37200022,3.37200022,3.12000012,51,47.5,43.5,46.5,904,767,0,799,695,0,0,0,0,0,9.23,1.54,0,0,1.54,6.15,0,0,2.31,9.23,29.2031689,3311,147,4850,557,48.5,0.462085664,0.64375,3051,129,32.3333321,0.183905691,0.65,2704,34,32.3333321,0.0401331931,0.65,2695,29,32.3333321,0.0356143676,0.65,2866,66,32.3333321,0.0703395,0.65,4850,306,48.5,0.370898843,0.65,2772,31,32.3333321,0.0376867466,0.65,2701,22,32.3333321,0.02853845,0.65,51.6250076,45.3750038,99.99749,9.377476,27.5032883,25.4264679,5.125992,9.754772,34.4470978,38.5,0.25,0,55,0,85,0.416,1.01,16,16,16,32,48,30,295,160,130,0,0,0,16,38.25,0.25,0,55,0,85,0.416,1.01,16,16,16,32,48,30,295,160,130,0,0,0,16,512,-1,485.785156,485.480469,0.3046875,0.5,7618.451,7618.951,0,0,0,0,0,0,0,0,0,0,0,0,512,600,1200,3000,50,0.965000033,1.30500007,0,1,15,51,210,810,0,0,0,0,0,21,0,0,10.985,13.333,0.925,1744.74609,82.81641,0.170529485,0,0,0,0.001837794,0,0,0,0,0,0,0,0,0,64,60,16376,14323,2052,12.5355425,32.102,0,1.857495E+08
05/27/2026 14:13:10,41,58,0,50,55,45,45,45,45,65,12.144001,5.04,1.312,1.39200008,0.872000039,0.320000023,0.644000053,3.292,2.046,0,3.37600017,3.37200022,3.12000012,51,47.5,43.5,46.5,906,768,0,817,712,0,0,0,0,0,7.94,0,0,0,0,0,0,0,0.99,7.94,28.084528,3062,126,4850,599,48.5,0.463205934,0.6625,2883,86,32.3333321,0.08407578,0.6625,2649,31,32.3333321,0.03605437,0.6625,2654,22,32.3333321,0.03309708,0.6625,2764,41,32.3333321,0.0481157377,0.6625,3138,175,32.3333321,0.205285639,0.6625,2723,21,32.3333321,0.03145852,0.6625,2835,29,32.3333321,0.0340660028,0.6625,51.3750076,45.3750038,99.99749,9.368202,27.5125618,25.401329,5.125885,9.754879,34.44638,38.5,0.25,0,55,0,85,0.416,1.01,16,16,16,32,48,30,295,160,130,0,0,0,16,38.25,0.25,0,55,0,85,0.416,1.01,16,16,16,32,48,30,295,160,130,0,0,0,16,512,-1,485.785156,485.480469,0.3046875,0.5,7618.451,7618.951,0,0,0,0,0,0,0,0,0,0,0,0,512,600,1200,3000,48,0.685000062,1.30500007,0,0,13,51,210,405,0,0,0,0,0,26,0,0,7.033,7.124,0.865,1742.30859,82.73828,0.421459824,0,0,0,0,0,0,0,0,0,0.028989939,0,0,0,63.5625,62,16376,14325,2050,12.5206575,20.43,49152,0
05/27/2026 14:13:12,41,58,0,50,55,45,45,45,45,65,12.144001,5.04,1.312,1.396,0.934,0.332000017,0.644000053,3.292,2.046,0,3.37600017,3.37600017,3.124,51,47.5,43.5,46.5,907,740,0,800,712,0,0,0,0,0,20.31,16.92,4.69,4.62,7.69,20.31,0,1.56,9.51,20.31,29.1491165,4327,238,4850,906,48.5,0.8334788,0.64375,4813,247,48.5,0.3568982,0.64375,4536,70,48.5,0.08144774,0.64375,4088,34,48.5,0.05092803,0.64375,4679,135,48.5,0.239810392,0.64375,4850,467,48.5,0.55957824,0.64375,4026,25,48.5,0.0348488577,0.64375,2775,24,32.3333321,0.03124755,0.64375,51.2500076,46.3750038,99.99749,9.383041,27.4977226,25.4415588,5.127056,9.753708,34.4542542,38.75,0.25,0,55,0,85,0.416,1.01,16,16,16,32,48,30,295,160,130,0,0,0,16,38.25,0.25,0,55,0,85,0.416,1.01,16,16,16,32,48,30,295,160,130,0,0,0,16,512,-1,485.785156,485.480469,0.3046875,0.5,7618.451,7618.951,0,0,0,0,0,0,0,0,0,0,0,0,512,600,1200,3000,48,0.810000062,1.30500007,0,0,12,51,210,405,0,0,0,0,38,49,0,0,7.749,7.868,0.865,1748.87891,82.89453,5.644679,0,0,0,0.0209666174,0,0,0,0,0,4.42457676,0,0,0,63.625,60,16376,14319,2056,12.5607309,19.547,6199296,499712
05/27/2026 14:13:14,41,58,0,50,55,45,45,45,45,65,12.144001,5.04,1.31000006,1.39200008,0.862000048,0.316,0.644000053,3.292,2.046,0,3.37600017,3.37200022,3.12000012,51,47,43.5,46.5,905,741,0,798,696,0,0,0,0,0,6.25,0,0,0,0,1.56,0,0,0.98,6.25,30.1869144,3637,127,4850,503,48.5,0.404137582,0.65,2960,79,32.3333321,0.07998133,0.65,2738,41,32.3333321,0.0425119475,0.65,2688,35,32.3333321,0.03772704,0.65,2878,59,32.3333321,0.06842286,0.65,4850,244,48.5,0.235283628,0.65,3980,23,48.5,0.03162257,0.65,4154,34,48.5,0.0355546735,0.65,51.2500076,44.8750038,99.99748,9.346764,27.534,25.3431931,5.1002655,9.7804985,34.2742157,38.5,0.25,0,55,0,85,0.416,1.01,16,16,16,32,48,30,295,160,130,0,0,0,16,38.25,0.25,0,55,0,85,0.416,1.01,16,16,16,32,48,30,295,160,130,0,0,0,16,512,-1,485.785156,485.480469,0.3046875,0.5,7618.451,7618.951,0,0,0,0,0,0,0,0,0,0,0,0,512,600,1200,3000,48,0.835000038,1.30500007,0,0,12,51,210,405,0,0,0,0,0,21,0,0,6.947,6.897,0.865,1748.87891,82.89453,0,0,0,0,0,0,0,0,0,0,0,0,0,0,63.53125,60,16376,14319,2056,12.5607309,19.453,0,0
05/27/2026 14:13:16,41,58,0,50,55,45,45,45,45,65,12.144001,5.04,1.312,1.396,0.896,0.320000023,0.644000053,3.292,2.046,0,3.37200022,3.37200022,3.12000012,50,47.5,43.5,46.5,917,741,0,811,712,0,0,0,0,0,10.94,4.69,3.12,4.69,4.69,14.06,6.25,4.69,6.64,14.06,27.6053543,2989,102,4850,460,48.5,0.3608537,0.64375,2725,58,32.3333321,0.0381665453,0.64375,2666,27,32.3333321,0.0143946772,0.64375,2516,20,32.3333321,0.0123572443,0.64375,2613,29,32.3333321,0.01613945,0.64375,3202,181,32.3333321,0.238707647,0.64375,2528,16,32.3333321,0.0133708175,0.64375,2812,25,32.3333321,0.0161595512,0.64375,50.8750076,44.0000038,99.99748,9.370029,27.5107346,25.40628,5.12499237,9.755772,34.4403839,38.5,0.25,0,55,0,85,0.416,1.01,16,16,16,32,48,30,295,160,130,0,0,0,16,38.25,0.25,0,55,0,85,0.416,1.01,16,16,16,32,48,30,295,160,130,0,0,0,16,512,-1,485.785156,485.480469,0.3046875,0.5,7618.451,7618.951,0,0,0,0,0,0,0,0,0,0,0,0,512,600,1200,3000,50,0.745000064,1.30500007,0,0,14,51,210,405,0,0,0,0,0,26,0,0,7.328,7.333,0.865,1748.50391,82.73828,0,0,0,0,0,0,0,0,0,0,0,0,0,0,63.53125,62,16376,14319,2056,12.5584412,20.975,0,49152
05/27/2026 14:13:18,40,58,0,48,53,44,44,44,44,63,12.144001,5.04,1.312,1.39200008,0.856000066,0.318000019,0.644000053,3.292,2.046,0,3.37200022,3.37200022,3.12000012,50,47.5,43.5,46.5,890,768,0,806,706,0,0,0,0,0,18.75,7.81,0,0,0,9.38,1.56,0,4.69,18.75,29.087,3129,156,4850,606,48.5,0.4350124,0.6625,3066,124,32.3333321,0.1385058,0.6625,2898,51,32.3333321,0.0494564176,0.6625,2781,37,32.3333321,0.0344314277,0.6625,2868,52,32.3333321,0.09172446,0.6625,3233,337,32.3333321,0.362681359,0.6625,2662,22,32.3333321,0.0299943443,0.6625,2673,21,32.3333321,0.0282953866,0.6625,50.8750076,44.3750038,99.99749,9.336754,27.54401,25.3160477,5.09576035,9.785004,34.2439423,38.5,0.25,0,55,0,85,0.416,1.01,16,16,16,32,48,30,295,160,130,0,0,0,16,38.25,0.25,0,55,0,85,0.416,1.01,16,16,16,32,48,30,295,160,130,0,0,0,16,512,-1,485.785156,485.480469,0.3046875,0.5,7618.451,7618.951,0,0,0,0,0,0,0,0,0,0,0,0,512,600,1200,3000,50,0.965000033,1.30500007,0,1,14,51,210,405,0,0,0,0,0,41,0,0,7.512,7.513,0.865,1745.38672,83.14844,0.11194893,0,0,0,0.002803784,0,0,0,0,0,0,0,0,0,63.53125,62,16376,14322,2053,12.5393581,22.536,0,0
05/27/2026 14:13:20,40,58,0,48,53,44,44,44,44,64,12.144001,5.04,1.312,1.39200008,0.886000037,0.332000017,0.644000053,3.292,2.046,0,3.37200022,3.37200022,3.12000012,51,47,43.5,46.5,894,768,0,797,700,0,0,0,0,0,15.62,3.12,0,0,0,6.25,0,0,3.12,15.62,28.7014256,3093,135,4850,552,48.5,0.454759419,0.64375,2907,86,32.3333321,0.07956671,0.64375,2730,34,32.3333321,0.0325484276,0.64375,2745,30,32.3333321,0.0442648977,0.64375,2950,59,32.3333321,0.0506612025,0.64375,3233,271,32.3333321,0.288545251,0.64375,2653,21,32.3333321,0.028715726,0.64375,2675,24,32.3333321,0.0275899228,0.64375,50.8750076,44.3750038,99.99749,9.3576355,27.5231285,25.372673,5.11914825,9.761616,34.4011154,38.5,0.25,0,55,0,85,0.416,1.01,16,16,16,32,48,30,295,160,130,0,0,0,16,38.25,0.25,0,55,0,85,0.416,1.01,16,16,16,32,48,30,295,160,130,0,0,0,16,512,-1,485.785156,485.480469,0.3046875,0.5,7618.451,7618.951,0,0,0,0,0,0,0,0,0,0,0,0,512,600,1200,3000,49,0.955000043,1.30500007,0,0,14,51,210,405,0,0,0,0,0,46,0,0,7.527,7.594,0.865,1745.13672,82.71094,1.16851628,0,0,0,0,0,0,0,0,0,0.09465002,0,0,0,63.5,62,16376,14322,2053,12.5378313,20.455,0,0
05/27/2026 14:13:22,41,58,0,49,54,45,45,45,45,65,12.144001,5.04,1.312,1.396,0.882,0.334000021,0.644000053,3.292,2.046,0,3.37200022,3.37200022,3.12000012,50,47.5,43.5,46.5,915,768,0,792,694,0,0,0,0,0,27.69,4.62,1.52,0,3.08,7.69,0,0,5.57,27.69,28.45677,3250,216,3600,758,36,0.6628987,0.5625,3418,204,36,0.3088817,0.5625,2898,97,32.3333321,0.0921636745,0.74375,2958,84,32.3333321,0.0864306837,0.74375,2867,109,32.3333321,0.183573827,0.74375,4850,417,48.5,0.458501875,0.74375,2705,34,32.3333321,0.0301231742,0.74375,2701,24,32.3333321,0.0309437662,0.74375,51.0000076,43.0000038,99.99749,9.348042,27.5327225,25.3466568,5.0941124,9.786652,34.232872,38.5,0.25,0,55,0,85,0.416,1.01,16,16,16,32,48,30,295,160,130,0,0,0,16,38.25,0.25,0,55,0,85,0.416,1.01,16,16,16,32,48,30,295,160,130,0,0,0,16,512,-1,485.785156,485.480469,0.3046875,0.5,7618.451,7618.951,0,0,0,0,0,0,0,0,0,0,0,0,512,600,1200,3000,49,0.784000039,1.30500007,0,1,14,52,2670,10701.9883,0,0,0,0,5,2,0,0,19.302,21.177,0.975,1750.82813,82.66406,3.34045243,0,0,0,0.0168377366,0,0,0,0,0,0.887051463,0,0,0,63.9375,62,16376,14317,2058,12.5725632,25.169,4549632,0
05/27/2026 14:13:24,41,58,0,49,54,45,45,45,45,65,12.144001,5.04,1.312,1.396,0.892,0.326,0.644000053,3.292,2.046,0,3.37200022,3.37200022,3.12000012,51,47.5,43.5,46.5,905,739,0,779,678,0,0,0,0,0,10.77,0,1.54,0,1.54,6.15,0,0,2.5,10.77,30.11999,3075,136,4850,532,48.5,0.431965381,0.6625,2902,89,32.3333321,0.08193813,0.6625,2730,35,32.3333321,0.0378969461,0.6625,2753,31,32.3333321,0.0322805569,0.6625,2776,51,32.3333321,0.0559895337,0.6625,3233,310,32.3333321,0.336936742,0.6625,2744,23,32.3333321,0.0290091466,0.6625,2613,19,32.3333321,0.02701935,0.6625,51.1250076,44.3750038,99.99749,9.370888,27.5098763,25.4086075,5.1253624,9.755402,34.44287,38.5,0.25,0,55,0,85,0.416,1.01,16,16,16,32,48,30,295,160,130,0,0,0,16,38.25,0.25,0,55,0,85,0.416,1.01,16,16,16,32,48,30,295,160,130,0,0,0,16,512,-1,485.785156,485.480469,0.3046875,0.5,7618.451,7618.951,0,0,0,0,0,0,0,0,0,0,0,0,512,600,1200,3000,49,0.965000033,1.30500007,0,1,15,52,2670,10701.9883,0,0,0,0,0,2,0,0,18.584,20.959,0.975,1750.82813,82.58594,0.0287792273,0,0,0,0,0,0,0,0,0,0.0101487227,0,0,0,64.34375,62,16376,14317,2058,12.5725632,52.935,0,192499712
05/27/2026 14:13:26,41,58,0,50,55,45,45,45,45,65,12.144001,5.04,1.31000006,1.39200008,0.868000031,0.332000017,0.644000053,3.288,2.046,0,3.37200022,3.37200022,3.12000012,51,47.5,43.5,46.5,915,740,0,790,686,0,0,0,0,0,7.69,0,0,0,0,6.25,0,0,1.74,7.69,29.8130112,3088,132,4850,532,48.5,0.4148659,0.6375,2919,84,32.3333321,0.08431707,0.6375,2864,53,32.3333321,0.045818802,0.6375,2742,31,32.3333321,0.0274846833,0.6375,2775,49,32.3333321,0.0457459,0.6375,3233,264,32.3333321,0.287336648,0.65,2661,24,32.3333321,0.0302662291,0.65,2664,20,32.3333321,0.0261229128,0.65,51.1250076,44.0000038,99.99749,9.338905,27.5418587,25.3218918,5.09625626,9.784508,34.2472763,38.5,0.25,0,55,0,85,0.416,1.01,16,16,16,32,48,30,295,160,130,0,0,0,16,38.25,0.25,0,55,0,85,0.416,1.01,16,16,16,32,48,30,295,160,130,0,0,0,16,512,-1,485.785156,485.480469,0.3046875,0.5,7618.451,7618.951,0,0,0,0,0,0,0,0,0,0,0,0,512,600,1200,3000,49,0.580000043,1.30500007,0,0,14,51,390,810,0,0,0,0,0,23,0,0,11.101,11.459,0.925,1747.76563,82.58594,0.0243472066,0,0,0,0,0,0,0,0,0,0,0,0,0,64.0625,62,16376,14320,2055,12.5538616,38.344,0,0
05/27/2026 14:13:28,41,58,0,50,55,45,45,45,45,65,12.144001,5.04,1.31000006,1.396,0.892,0.322000027,0.644000053,3.292,2.046,0,3.37200022,3.37200022,3.124,51,47.5,43.5,46.5,911,768,0,811,710,0,0,0,0,0,6.25,1.56,0,0,0,12.5,0,0,2.54,12.5,30.07829,3302,228,4850,777,48.5,0.756327,0.64375,3084,214,32.3333321,0.342433065,0.64375,2726,37,32.3333321,0.0454515368,0.64375,2625,30,32.3333321,0.0335058421,0.64375,2793,67,32.3333321,0.126530841,0.64375,4950,654,49.5,0.76160866,0.50625,2698,24,33,0.0341544971,0.50625,2686,21,33,0.0292471554,0.50625,51.6250076,45.8750038,99.99748,9.388424,27.49234,25.4561539,5.1380043,9.74276,34.5278244,38.5,0.25,0,55,0,85,0.416,1.01,16,16,16,32,48,30,295,160,130,0,0,0,16,38.25,0.25,0,55,0,85,0.416,1.01,16,16,16,32,48,30,295,160,130,0,0,0,16,512,-1,485.785156,485.480469,0.3046875,0.5,7618.451,7618.951,0,0,0,0,0,0,0,0,0,0,0,0,512,600,1200,3000,48,0.405000031,1.30500007,0,0,12,51,210,810,0,0,0,0,0,21,0,0,10.677,11.918,0.925,1735.00781,82.58594,0.00321607362,0,0,0,0,0,0,0,0,0,0,0,0,0,64.0625,62,16376,14332,2043,12.4760036,30.872,0,1.857495E+08
05/27/2026 14:13:30,41,58,0,50,55,45,45,45,45,65,12.144001,5.04,1.312,1.39200008,0.91200006,0.324,0.644000053,3.292,2.046,0,3.37200022,3.37200022,3.12000012,51,47.5,43.5,46.5,913,768,0,812,694,0,0,0,0,0,31.25,3.12,1.56,3.12,1.59,12.5,1.56,0,6.84,31.25,29.9711952,3330,164,3600,660,36,0.5968815,1.35,3558,131,36,0.154206842,1.35,3213,54,36,0.0694255456,1.35,3198,50,36,0.0541188531,1.35,3271,74,36,0.07801909,1.35,3600,276,36,0.345480382,1.35,3196,39,36,0.0490781255,1.35,3000,27,36,0.0395011678,1.35,51.7500076,45.3750038,99.99748,9.351929,27.5288353,25.3572,5.125599,9.755165,34.4444656,38.5,0.25,0,55,0,85,0.416,1.01,16,16,16,32,48,30,295,160,130,0,0,0,16,38.25,0.25,0,55,0,85,0.416,1.01,16,16,16,32,48,30,295,160,130,0,0,0,16,512,-1,485.785156,485.480469,0.3046875,0.5,7618.451,7618.951,0,0,0,0,0,0,0,0,0,0,0,0,512,600,1200,3000,49,0.965000033,1.30500007,0,0,14,51,210,405,0,0,0,0,0,21,0,0,7.181,7.159,0.865,1733.00781,82.58594,3.548877,0,0,0,0,0,0,0,0,0,0.0528347678,0,0,0,63.6875,60,16376,14334,2041,12.46379,22.78,0,0
05/27/2026 14:13:32,41,58,0,50,55,45,45,45,45,65,12.0960007,5.03,1.30800009,1.39200008,0.894000053,0.34,0.644000053,3.28400016,2.046,0,3.36800027,3.36800027,3.11600018,51,47,43.5,46.5,907,768,0,802,713,0,0,0,0,0,7.81,1.56,0,0,1.56,3.12,0,0,1.76,7.81,29.4616661,3389,235,4040,833,40.4,0.7954945,0.56875,4028,274,40.4,0.416375,0.56875,2897,69,33.6666679,0.080969,0.56875,2843,44,32.3333321,0.0543229654,0.56875,2962,115,32.3333321,0.226300538,0.56875,4850,500,48.5,0.5907196,0.56875,2839,24,32.3333321,0.0360006168,0.56875,2656,20,32.3333321,0.030236939,0.56875,51.3750076,46.8750038,99.99749,9.336861,27.5439034,25.3163452,5.09775925,9.783005,34.2573776,38.5,0.25,0,55,0,85,0.416,1.01,16,16,16,32,48,30,295,160,130,0,0,0,16,38.25,0.25,0,55,0,85,0.416,1.01,16,16,16,32,48,30,295,160,130,0,0,0,16,512,-1,485.785156,485.480469,0.3046875,0.5,7618.451,7618.951,0,0,0,0,0,0,0,0,0,0,0,0,512,600,1200,3000,49,0.575000048,1.30500007,0,0,13,51,210,405,0,0,0,0,35,49,0,0,8.331,8.159,0.865,1738.57031,82.58594,4.913623,0,0,0,0.0233860146,0,0,0,0,0,4.58169937,0,0,0,63.78125,62,16376,14329,2046,12.4977579,23.59,0,199680
05/27/2026 14:13:34,41,58,0,50,55,45,45,45,45,65,12.12,5.03,1.30800009,1.39200008,0.856000066,0.322000027,0.644000053,3.28400016,2.046,0,3.36800027,3.364,3.11600018,51,47,43.5,46.5,909,768,0,816,712,0,0,0,0,0,12.5,3.12,0,1.56,1.56,6.25,1.56,0,3.32,12.5,28.2674122,3286,132,4850,519,48.5,0.37308085,0.6625,2970,83,32.3333321,0.09032922,0.6625,2613,29,32.3333321,0.03468326,0.6625,2670,33,32.3333321,0.0336977765,0.6625,2809,51,32.3333321,0.04851303,0.6625,4850,284,48.5,0.336165667,0.6625,2906,35,32.3333321,0.0346728675,0.6625,2617,22,32.3333321,0.03031944,0.65,51.2500076,45.3750038,99.99749,9.361935,27.51883,25.38433,5.1270256,9.753738,34.45405,38.5,0.25,0,55,0,85,0.416,1.01,16,16,16,32,48,30,295,160,130,0,0,0,16,38.25,0.25,0,55,0,85,0.416,1.01,16,16,16,32,48,30,295,160,130,0,0,0,16,512,-1,485.785156,485.480469,0.3046875,0.5,7618.451,7618.951,0,0,0,0,0,0,0,0,0,0,0,0,512,600,1200,3000,50,0.969000041,1.30500007,0,3,14,51,210,405,0,0,0,0,0,21,0,0,6.538,6.593,0.865,1738.56641,82.50781,1.14369369,0,0,0,0,0,0,0,0,0,0.00775413,0,0,0,63.6875,60,16376,14329,2046,12.4977579,18.601,0,0
05/27/2026 14:13:36,41,58,0,50,55,45,45,45,45,65,12.12,5.03,1.30800009,1.39200008,0.862000048,0.332000017,0.644000053,3.28400016,2.046,0,3.36800027,3.36800027,3.11600018,51,47,43.5,46.5,917,740,0,815,696,0,0,0,0,0,6.15,0,0,0,0,3.08,0,0,1.15,6.15,28.15834,3206,143,4040,599,40.4,0.453408182,0.525,2928,67,33.6666679,0.07247858,0.525,2742,30,33.6666679,0.0329502821,0.525,2720,29,33.6666679,0.0294881687,0.525,2901,48,33.6666679,0.0490380339,0.525,4900,327,49,0.375026047,0.51875,2789,29,32.6666679,0.0302517843,0.51875,2627,17,32.6666679,0.0267016,0.51875,51.1250076,53.2500038,99.99748,9.323097,27.5576668,25.27903,5.095154,9.78561,34.23987,38.5,0.25,0,55,0,85,0.416,1.01,16,16,16,32,48,30,295,160,130,0,0,0,16,38.25,0.25,0,55,0,85,0.416,1.01,16,16,16,32,48,30,295,160,130,0,0,0,16,512,-1,485.785156,485.480469,0.3046875,0.5,7618.451,7618.951,0,0,0,0,0,0,0,0,0,0,0,0,512,600,1200,3000,50,0.965000033,1.30500007,0,1,14,51,210,405,0,0,0,0,0,20,0,0,6.997,6.859,0.865,1736.87891,82.50781,0,0,0,0,0,0,0,0,0,0,0,0,0,0,63.625,60,16376,14331,2044,12.4874535,19.341,0,186199040
05/27/2026 14:13:38,41,58,0,50,55,45,45,45,45,65,12.12,5.03,1.30800009,1.39200008,0.894000053,0.322000027,0.644000053,3.28400016,2.046,0,3.36800027,3.364,3.11600018,51,47,43.5,46.5,912,740,0,797,712,0,0,0,0,0,3.08,0,0,0,0,0,0,0,0.38,3.08,31.30235,3867,120,3600,471,36,0.3823762,0.70625,3305,91,36,0.0917107761,0.70625,3030,37,36,0.0482805744,0.70625,3959,29,48.5,0.0336105078,0.70625,4128,48,48.5,0.0609302036,0.81875,4850,233,48.5,0.275977969,0.81875,3959,23,48.5,0.0347407758,0.81875,4105,25,48.5,0.0333279446,0.81875,51.2500076,46.8750038,99.99748,9.368977,27.5117874,25.4034271,5.12917328,9.751591,34.468483,38.5,0.25,0,55,0,85,0.416,1.01,16,16,16,32,48,30,295,160,130,0,0,0,16,38.25,0.25,0,55,0,85,0.416,1.01,16,16,16,32,48,30,295,160,130,0,0,0,16,512,-1,485.785156,485.480469,0.3046875,0.5,7618.451,7618.951,0,0,0,0,0,0,0,0,0,0,0,0,512,600,1200,3000,50,0.789000034,1.30500007,0,0,15,52,2670,10701.9883,0,0,0,0,0,2,0,0,18.745,20.839,0.975,1741.89453,83.578125,0,0,0,0,0,0,0,0,0,0,0,0,0,0,64.5625,64,16376,14326,2049,12.5179853,54.01,0,190499840
05/27/2026 14:13:40,41,58,0,50,55,45,45,45,45,65,12.12,5.03,1.30800009,1.39200008,0.898000062,0.322000027,0.644000053,3.28400016,2.046,0,3.36800027,3.36800027,3.11600018,51,46.5,43.5,46.5,916,738,0,812,695,0,0,0,0,0,15.62,4.76,3.17,3.17,1.59,6.25,1.59,1.59,4.72,15.62,29.89339,3266,134,4850,561,48.5,0.474783,0.65,2879,83,32.3333321,0.09418083,0.65,2691,39,32.3333321,0.0366173871,0.65,2716,29,32.3333321,0.0310030468,0.65,2812,47,32.3333321,0.0611207373,0.65,4839,260,48.5,0.261127919,0.65,2615,23,32.3333321,0.0296111777,0.65,2730,27,32.3333321,0.0307164174,0.65,51.1250076,44.0000038,99.99749,9.358318,27.5224457,25.37452,5.126789,9.753975,34.45246,38.5,0.25,0,55,0,85,0.416,1.01,16,16,16,32,48,30,295,160,130,0,0,0,16,38.25,0.25,0,55,0,85,0.416,1.01,16,16,16,32,48,30,295,160,130,0,0,0,16,512,-1,485.785156,485.480469,0.3046875,0.5,7618.451,7618.951,0,0,0,0,0,0,0,0,0,0,0,0,512,600,1200,3000,50,0.75000006,1.30500007,0,0,15,52,600,810,0,0,0,0,0,2,0,0,16.399,11.474,0.925,1741.89453,82.71875,0.0302210562,0,0,0,0.0007236169,0,0,0,0,0,0.019417055,0,0,0,64.6875,64,16376,14326,2049,12.5179853,51.748,1.71689984E+09,4999168
05/27/2026 14:13:42,41,57,0,50,55,45,45,45,45,65,12.12,5.03,1.30800009,1.39200008,0.930000067,0.326,0.644000053,3.28400016,2.046,0,3.36800027,3.36800027,3.11600018,51,47,43.5,46.5,916,733,0,810,695,0,0,0,0,0,17.46,6.25,0,0,1.56,15.87,1.56,0,5.34,17.46,31.32664,3464,282,4850,924,48.5,0.8897229,0.6375,4839,363,48.5,0.500070035,0.6375,2900,76,32.3333321,0.125373989,0.6375,3034,70,32.3333321,0.08417274,0.6375,3096,140,32.3333321,0.283159316,0.6375,3233,597,32.3333321,0.7126008,0.6375,2907,49,32.3333321,0.06383674,0.6375,2854,34,32.3333321,0.05116236,0.6375,51.1250076,46.8750038,99.99748,9.376049,27.504715,25.4226,5.13009644,9.750668,34.4746857,38.5,0.25,0,55,0,85,0.416,1.01,16,16,16,32,48,30,295,160,130,0,0,0,16,38.25,0.25,0,55,0,85,0.416,1.01,16,16,16,32,48,30,295,160,130,0,0,0,16,512,-1,485.785156,485.480469,0.3046875,0.5,7618.451,7618.951,0,0,0,0,0,0,0,0,0,0,0,0,512,600,1200,3000,49,0.919,1.30500007,0,3,15,52,270,5001.986,0,0,0,0,22,4,0,0,13.552,15.738,0.925,1748.27344,84.46094,2.47683358,0,0,0,0.0128596295,0,0,0,0,0,1.13764584,0,0,0,64.34375,62,16376,14319,2056,12.5569153,38.047,0,249856
05/27/2026 14:13:44,41,57,0,50,55,45,45,45,45,65,12.12,5.03,1.30800009,1.39200008,0.884000063,0.324,0.644000053,3.28400016,2.046,0,3.36800027,3.36800027,3.11200023,51,46.5,43.5,46.5,919,729,0,797,713,0,0,0,0,0,7.81,1.56,1.56,1.56,1.56,4.69,1.56,0,2.54,7.81,29.16291,3608,163,4850,584,48.5,0.5341471,0.65625,3233,152,32.3333321,0.171916783,0.65625,2944,78,32.3333321,0.08074369,0.65625,2827,45,32.3333321,0.05990202,0.65,4575,91,48.5,0.104650564,0.65,4850,292,48.5,0.3539598,0.65,2696,29,32.3333321,0.05153766,0.65,2885,36,32.3333321,0.0431863032,0.65,51.0000076,45.8750038,99.99749,9.370525,27.5102386,25.4076233,5.12620926,9.754555,34.4485626,38.5,0.25,0,55,0,85,0.416,1.01,16,16,16,32,48,30,295,160,130,0,0,0,16,38.25,0.25,0,55,0,85,0.416,1.01,16,16,16,32,48,30,295,160,130,0,0,0,16,512,-1,485.785156,485.480469,0.3046875,0.5,7618.451,7618.951,0,0,0,0,0,0,0,0,0,0,0,0,512,600,1200,3000,50,0.969000041,1.30500007,0,1,15,52,210,810,0,0,0,0,0,12,0,0,10.64,13.303,0.925,1748.27344,84.46094,0.550567567,0,0,0,0,0,0,0,0,0,0,0,0,0,64.25,60,16376,14319,2056,12.5569153,34.755,0,0
05/27/2026 14:13:46,41,56,0,50,55,45,45,45,45,65,12.12,5.03,1.30800009,1.39200008,0.894000053,0.322000027,0.644000053,3.288,2.046,0,3.36800027,3.36800027,3.11600018,51,47,43.5,46.5,913,745,0,796,712,0,0,0,0,0,10.94,0,0,0,1.54,4.69,0,0,2.15,10.94,28.4549828,3392,158,4850,621,48.5,0.511138737,0.64375,3066,104,32.3333321,0.1072835,0.64375,2926,63,32.3333321,0.06995501,0.64375,2972,44,32.3333321,0.0559247,0.64375,2964,82,32.3333321,0.08277582,0.64375,4850,299,48.5,0.323982269,0.64375,2826,31,32.3333321,0.0438879244,0.64375,2678,22,32.3333321,0.0355578624,0.64375,51.0000076,45.3750038,99.99749,9.363033,27.51773,25.3873138,5.114109,9.766655,34.36725,38.5,0.25,0,55,0,85,0.416,1.01,16,16,16,32,48,30,295,160,130,0,0,0,16,38.25,0.25,0,55,0,85,0.416,1.01,16,16,16,32,48,30,295,160,130,0,0,0,16,512,-1,485.785156,485.480469,0.3046875,0.5,7618.451,7618.951,0,0,0,0,0,0,0,0,0,0,0,0,512,600,1200,3000,50,0.955000043,1.30500007,0,1,14,51,210,405,0,0,0,0,26,37,0,5,7.116,7.287,0.865,1747.76563,83.50781,2.0524087,0,0,0,0,0,0,0,0,0,0,0,0,0,63.90625,62,16376,14320,2055,12.5538616,24.011,0,0
05/27/2026 14:13:48,40,57,0,49,54,44,44,44,44,64,12.12,5.03,1.30800009,1.39200008,0.794,0.314,0.644000053,3.288,2.046,0,3.36800027,3.36800027,3.11600018,50,47,43.5,46.5,896,721,0,814,696,0,0,0,0,0,6.15,0,0,0,0,1.54,0,0,0.96,6.15,27.002264,3213,108,4850,454,48.5,0.290747374,0.6625,2877,71,32.3333321,0.05371915,0.6625,2555,26,32.3333321,0.0134297879,0.6625,2561,25,32.3333321,0.0122842966,0.66875,2746,42,32.3333321,0.0224103238,0.66875,4697,195,48.5,0.173774242,0.66875,2703,21,32.3333321,0.0130093079,0.66875,2716,26,32.3333321,0.0124207195,0.66875,50.7500076,44.0000038,99.99749,9.357437,27.5233269,25.3721313,5.120083,9.760681,34.4073944,38.5,0.25,0,55,0,85,0.416,1.01,16,16,16,32,48,30,295,160,130,0,0,0,16,38.25,0.25,0,55,0,85,0.416,1.01,16,16,16,32,48,30,295,160,130,0,0,0,16,512,-1,485.785156,485.480469,0.3046875,0.5,7618.451,7618.951,0,0,0,0,0,0,0,0,0,0,0,0,512,600,1200,3000,49,0.630000055,1.30500007,0,1,14,51,210,405,0,0,0,0,0,42,0,0,7.464,7.497,0.865,1744.582,83.11719,0,0,0,0,0,0,0,0,0,0,0,0,0,0,63.9375,62,16376,14323,2052,12.5343962,22.22,0,0
05/27/2026 14:13:50,40,57,0,48,53,44,44,44,44,63,12.12,5.03,1.31000006,1.39200008,1.028,0.344,0.644000053,3.28400016,2.046,0,3.36800027,3.36800027,3.11600018,51,47,43.5,46.5,888,755,0,806,706,0,0,0,0,0,26.56,4.69,6.25,3.12,3.12,23.44,1.56,4.69,9.18,26.56,29.3741035,3259,371,4850,896,48.5,1.090277,0.6375,3233,356,32.3333321,0.5966411,0.6375,3087,123,32.3333321,0.170486748,0.6375,2855,59,32.3333321,0.09280526,0.6375,3093,145,32.3333321,0.3354505,0.6375,3233,1281,32.3333321,1.19027507,0.6375,2950,63,32.3333321,0.06937725,0.6375,2769,45,32.3333321,0.06325784,0.6375,51.5000076,46.3750038,99.99749,9.331039,27.5497246,25.30056,5.098156,9.782608,34.26004,38.5,0.25,0,55,0,85,0.416,1.01,16,16,16,32,48,30,295,160,130,0,0,0,16,38.25,0.25,0,55,0,85,0.416,1.01,16,16,16,32,48,30,295,160,130,0,0,0,16,512,-1,485.785156,485.480469,0.3046875,0.5,7618.451,7618.951,0,0,0,0,0,0,0,0,0,0,0,0,512,600,1200,3000,50,1.04000008,1.30500007,0,13,15,51,210,405,0,0,0,0,0,42,0,0,7.708,8.005,0.865,1744.57813,82.81641,0.112671226,0,0,0,0.00134844542,0,0,0,0,0,0.231922463,0,0,0,63.84375,62,16376,14323,2052,12.5343962,21.35,0,0
05/27/2026 14:13:52,41,58,0,49,53,45,45,45,45,65,12.12,5.03,1.30800009,1.39200008,0.918000042,0.332000017,0.644000053,3.288,2.046,0,3.36800027,3.36800027,3.11600018,51,47,43.5,46.5,903,760,0,799,683,0,0,0,0,0,23.44,7.81,3.12,1.56,3.08,10.94,1.56,1.56,6.63,23.44,29.4906216,3654,244,3600,891,36,0.850443959,0.9625,3468,265,36,0.42669782,0.83125,3111,63,36,0.09053813,0.83125,2984,35,36,0.05353677,0.83125,4491,141,48.5,0.24325344,0.925,4850,513,48.5,0.641190469,0.925,4029,24,48.5,0.04452333,0.925,2700,19,32.3333321,0.04063864,0.925,51.5000076,45.8750038,99.99749,9.378174,27.50259,25.42836,5.13371658,9.747047,34.4990158,38.5,0.25,0,55,0,85,0.416,1.01,16,16,16,32,48,30,295,160,130,0,0,0,16,38.25,0.25,0,55,0,85,0.416,1.01,16,16,16,32,48,30,295,160,130,0,0,0,16,512,-1,485.785156,485.480469,0.3046875,0.5,7618.451,7618.951,0,0,0,0,0,0,0,0,0,0,0,0,512,600,1200,3000,50,0.815000057,1.30500007,0,0,14,51,210,405,0,0,0,0,36,49,0,0,8.687,8.424,0.865,1748.71875,84.61328,6.314896,0,0,0,0.09590301,0,0,0,0,0,3.57493544,0,0,0,63.96875,62,16376,14319,2056,12.5595865,21.986,0,0
05/27/2026 14:13:54,41,58,0,49,54,45,45,45,45,65,12.12,5.03,1.30800009,1.39200008,0.894000053,0.324,0.644000053,3.28400016,2.046,0,3.36800027,3.36800027,3.11600018,51,47,43.5,46.5,909,764,0,798,698,0,0,0,0,0,6.25,0,0,0,0,1.56,0,0,0.98,6.25,27.9186382,3298,122,4850,498,48.5,0.391518146,0.6375,2957,92,32.3333321,0.09054908,0.6375,2758,37,32.3333321,0.0355439149,0.6375,2680,27,32.3333321,0.03251794,0.6375,2855,46,32.3333321,0.048237,0.64375,4850,233,48.5,0.251599133,0.64375,2805,25,32.3333321,0.03119154,0.64375,2628,21,32.3333321,0.0295860954,0.64375,51.2500076,43.0000038,99.99749,9.344898,27.5358658,25.3381348,5.10591125,9.774853,34.3121567,38.5,0.25,0,55,0,85,0.416,1.01,16,16,16,32,48,30,295,160,130,0,0,0,16,38.25,0.25,0,55,0,85,0.416,1.01,16,16,16,32,48,30,295,160,130,0,0,0,16,512,-1,485.785156,485.480469,0.3046875,0.5,7618.451,7618.951,0,0,0,0,0,0,0,0,0,0,0,0,512,600,1200,3000,50,0.745000064,1.30500007,0,0,15,51,210,405,0,0,0,0,0,46,0,0,8.031,8.04,0.865,1748.71094,83.69141,1.16002083,0,0,0,0,0,0,0,0,0,0.174107343,0,0,0,63.875,62,16376,14319,2056,12.5595865,22.132,0,0
05/27/2026 14:13:56,41,58,0,50,55,45,45,45,45,65,12.12,5.03,1.30800009,1.39200008,0.876000047,0.322000027,0.642,3.28400016,2.046,0,3.36800027,3.364,3.11600018,51,47,43.5,46.5,909,768,0,788,704,0,0,0,0,0,15.38,1.54,0,0,0,6.15,0,0,2.88,15.38,28.2393246,3055,128,4850,523,48.5,0.445024729,0.6625,2805,71,32.3333321,0.0680389,0.6625,2583,31,32.3333321,0.0404870845,0.6625,2616,26,32.3333321,0.03265514,0.6625,2762,49,32.3333321,0.0515053719,0.6625,3233,269,32.3333321,0.326393276,0.6625,2786,28,32.3333321,0.04180711,0.6625,2803,31,32.3333321,0.0352152362,0.6625,51.1250076,46.3750038,99.99748,9.338612,27.5421524,25.32109,5.09746933,9.783295,34.2554245,38.5,0.25,0,55,0,85,0.416,1.01,16,16,16,32,48,30,295,160,130,0,0,0,16,38.25,0.25,0,55,0,85,0.416,1.01,16,16,16,32,48,30,295,160,130,0,0,0,16,512,-1,485.785156,485.480469,0.3046875,0.5,7618.451,7618.951,0,0,0,0,0,0,0,0,0,0,0,0,512,600,1200,3000,50,0.745000064,1.30500007,0,0,14,51,210,405,0,0,0,0,0,21,0,0,6.622,6.609,0.865,1747.26563,82.81641,0,0,0,0,0,0,0,0,0,0,0,0,0,0,63.8125,62,16376,14320,2055,12.5508089,19.379,0,0
05/27/2026 14:13:58,41,57,0,50,55,45,45,45,45,65,12.0960007,5.03,1.30800009,1.39200008,0.928000033,0.322000027,0.644000053,3.28400016,2.046,0,3.364,3.364,3.11200023,52,46.5,43.5,46.5,908,761,0,812,693,0,0,0,0,0,23.81,9.52,3.17,4.84,7.94,20.63,6.45,1.61,9.75,23.81,31.38693,3239,221,4040,726,40.4,0.7516236,0.64375,3095,104,33.6666679,0.114917651,0.64375,2791,41,33.6666679,0.0439161956,0.64375,2734,27,33.6666679,0.0461253077,0.64375,2960,57,33.6666679,0.0571280569,0.64375,5050,768,50.5,0.7678347,0.5625,2635,22,32.3333321,0.0307278223,0.5625,2608,23,32.3333321,0.0294796,0.5625,52.3750076,44.8750038,99.99748,9.350758,27.5300064,25.35402,5.11267471,9.768089,34.357605,38.5,0.25,0,55,0,85,0.416,1.01,16,16,16,32,48,30,295,160,130,0,0,0,16,38.25,0.25,0,55,0,85,0.416,1.01,16,16,16,32,48,30,295,160,130,0,0,0,16,512,-1,485.785156,485.480469,0.3046875,0.5,7618.451,7618.951,0,0,0,0,0,0,0,0,0,0,0,0,512,600,1200,3000,49,0.930000067,1.30500007,0,1,15,52,2670,10701.9883,0,0,0,0,0,2,0,0,18.488,19.808,0.975,1733.37891,82.81641,0,0,0,0,0,0,0,0,0,0,0,0,0,0,64.6875,64,16376,14334,2041,12.4660807,52.791,0,0
05/27/2026 14:14:00,42,57,0,51,55,47,47,47,47,66,12.12,5.03,1.30800009,1.39200008,0.882,0.328,0.644000053,3.28400016,2.046,0,3.36800027,3.364,3.11600018,52,46.5,43.5,46.5,945,755,0,803,715,0,0,0,0,0,9.38,1.56,0,0,1.54,6.25,0,0,2.34,9.38,30.5658131,3693,140,4850,555,48.5,0.5315076,0.6625,3075,110,32.3333321,0.114889525,0.6625,2881,47,32.3333321,0.04893581,0.6625,2772,33,32.3333321,0.0417169929,0.6625,2947,57,32.3333321,0.06344801,0.6625,4850,269,48.5,0.309320241,0.65,3961,22,48.5,0.03252941,0.65,4205,30,48.5,0.03497137,0.65,52.2500076,44.0000038,99.99749,9.358112,27.5226517,25.37397,5.13911057,9.741653,34.5352631,38.5,0.25,0,55,0,85,0.416,1.01,16,16,16,32,48,30,295,160,130,0,0,0,16,38.25,0.25,0,55,0,85,0.416,1.01,16,16,16,32,48,30,295,160,130,0,0,0,16,512,-1,485.785156,485.480469,0.3046875,0.5,7618.451,7618.951,0,0,0,0,0,0,0,0,0,0,0,0,512,600,1200,3000,50,0.924,1.30500007,0,2,15,52,555,5001.986,0,0,0,0,0,2,0,0,13.725,19.268,0.925,1732.12891,82.81641,0.0124701271,0,0,0,0,0,0,0,0,0,0.0220595282,0,0,0,64.71875,62,16376,14335,2040,12.4584475,53.424,2.848E+08,1.537495E+08
05/27/2026 14:14:02,42,58,0,51,55,46,46,46,46,65,12.12,5.03,1.30800009,1.39200008,0.91200006,0.334000021,0.642,3.288,2.046,0,3.36800027,3.36800027,3.11600018,51,47,43.5,46.5,942,730,0,803,703,0,0,0,0,0,20,4.62,0,0,1.54,3.08,0,0,3.65,20,30.8710346,3361,240,4850,876,48.5,0.8487397,0.6375,4806,290,48.5,0.4294991,0.6375,2860,74,32.3333321,0.0887661651,0.6375,2778,45,32.3333321,0.05806438,0.6375,2966,112,32.3333321,0.219761744,0.6375,3233,478,32.3333321,0.5857867,0.6375,2660,23,32.3333321,0.0449642427,0.6375,2736,26,32.3333321,0.0318760574,0.6375,51.7500076,44.8750038,99.99749,9.343697,27.5370674,25.334877,5.10845947,9.772305,34.3292847,38.5,0.25,0,55,0,85,0.416,1.01,16,16,16,32,48,30,295,160,130,0,0,0,16,38.25,0.25,0,55,0,85,0.416,1.01,16,16,16,32,48,30,295,160,130,0,0,0,16,512,-1,485.785156,485.480469,0.3046875,0.5,7618.451,7618.951,0,0,0,0,0,0,0,0,0,0,0,0,512,600,1200,3000,49,0.784000039,1.30500007,0,0,15,52,255,810,0,0,0,0,13,23,0,0,10.959,11.709,0.925,1738.13672,82.89453,1.49488127,0,0,0,0.0157517157,0,0,0,0,0,2.0119803,0,0,0,64.59375,62,16376,14329,2046,12.4950867,36.716,49152,0
05/27/2026 14:14:04,41,58,0,50,55,45,45,45,45,65,12.12,5.03,1.30800009,1.39200008,0.812000036,0.312,0.642,3.28400016,2.046,0,3.36800027,3.36800027,3.11600018,51,47,43.5,46.5,925,738,0,823,726,0,0,0,0,0,28.12,3.12,6.25,3.17,4.76,18.75,3.17,0,8.42,28.12,28.5632668,3230,130,4850,536,48.5,0.3503906,0.65,2849,74,32.3333321,0.07590827,0.65,2710,37,32.3333321,0.03832158,0.65,2695,33,32.3333321,0.0355657339,0.65,2682,39,32.3333321,0.0421032161,0.65,4850,280,48.5,0.3089877,0.65,2632,26,32.3333321,0.03248109,0.65,2574,19,32.3333321,0.0303095654,0.65,51.5000076,45.3750038,99.99749,9.367504,27.51326,25.39943,5.13810349,9.74266052,34.5284958,38.5,0.25,0,55,0,85,0.416,1.01,16,16,16,32,48,30,295,160,130,0,0,0,16,38.25,0.25,0,55,0,85,0.416,1.01,16,16,16,32,48,30,295,160,130,0,0,0,16,512,-1,485.785156,485.480469,0.3046875,0.5,7618.451,7618.951,0,0,0,0,0,0,0,0,0,0,0,0,512,600,1200,3000,48,0.594000041,1.30500007,0,0,13,52,210,810,0,0,0,0,0,14,0,0,10.199,10.736,0.925,1738.13672,82.89453,0,0,0,0,0,0,0,0,0,0,0,0,0,0,64.3125,62,16376,14329,2046,12.4950867,29.397,0,0
05/27/2026 14:14:06,41,58,0,50,55,45,45,45,45,65,12.0960007,5.03,1.30800009,1.39200008,0.846,0.322000027,0.642,3.28400016,2.046,0,3.364,3.364,3.11600018,51,46.5,43.5,46.5,904,740,0,800,717,0,0,0,0,0,17.19,4.62,3.08,3.08,4.62,9.23,1.54,1.54,5.61,17.19,28.213316,3282,137,4850,508,48.5,0.4308895,0.6375,2907,73,32.3333321,0.07253575,0.6375,2719,40,32.3333321,0.04367679,0.6375,2796,37,32.3333321,0.04155431,0.6375,2758,49,32.3333321,0.05800741,0.6375,4850,344,48.5,0.3809238,0.6375,2786,29,32.3333321,0.03226839,0.65,2589,19,32.3333321,0.0271669682,0.65,51.6250076,43.5000038,99.99748,9.328724,27.55204,25.294281,5.10717773,9.773586,34.32067,38.5,0.25,0,55,0,85,0.416,1.01,16,16,16,32,48,30,295,160,130,0,0,0,16,38.25,0.25,0,55,0,85,0.416,1.01,16,16,16,32,48,30,295,160,130,0,0,0,16,512,-1,485.785156,485.480469,0.3046875,0.5,7618.451,7618.951,0,0,0,0,0,0,0,0,0,0,0,0,512,600,1200,3000,50,0.745000064,1.30500007,0,0,14,51,210,405,0,0,0,0,0,20,0,0,7.092,7.18,0.865,1737.38281,82.62891,0,0,0,0,0,0,0,0,0,0,0.0240737721,0,0,0,64.03125,60,16376,14330,2045,12.4905062,20.177,0,0
05/27/2026 14:14:08,41,57,0,50,55,45,45,45,45,65,12.12,5.03,1.30800009,1.39200008,0.934,0.326,0.642,3.28400016,2.046,0,3.36800027,3.364,3.11600018,51,47,43.5,46.5,908,730,0,799,696,0,0,0,0,0,7.81,0,0,0,0,3.12,0,0,1.37,7.81,30.623621,3660,124,3600,501,36,0.375631779,0.9625,3242,79,36,0.07534295,0.95625,2998,35,36,0.0368366726,1.35,3062,40,36,0.03578792,1.35,3109,52,36,0.04814883,1.35,4814,226,48.5,0.223869383,0.95625,4227,25,48.5,0.0406592451,0.95625,4225,34,48.5,0.030161744,0.95625,51.7500076,44.8750038,99.99749,9.36784,27.5129242,25.4003372,5.13116455,9.749599,34.4818649,38.5,0.25,0,55,0,85,0.416,1.01,16,16,16,32,48,30,295,160,130,0,0,0,16,38.25,0.25,0,55,0,85,0.416,1.01,16,16,16,32,48,30,295,160,130,0,0,0,16,512,-1,485.785156,485.480469,0.3046875,0.5,7618.451,7618.951,0,0,0,0,0,0,0,0,0,0,0,0,512,600,1200,3000,50,0.75000006,1.30500007,0,0,14,51,315,405,0,0,0,0,0,40,0,0,8.005,7.992,0.865,1744.75781,82.62891,0,0,0,0,0,0,0,0,0,0,0,0,0,0,64.125,62,16376,14323,2052,12.5355425,23.559,0,0
05/27/2026 14:14:10,41,56,0,50,55,46,46,46,46,65,12.12,5.03,1.30800009,1.39200008,0.716,0.338000029,0.642,3.28400016,2.046,0,3.36800027,3.364,3.11600018,52,47,43.5,46.5,907,723,0,799,713,0,0,0,0,0,15.62,1.56,0,1.54,0,17.19,0,0,4.49,17.19,28.3071384,3517,151,4850,576,48.5,0.535265,0.64375,4466,85,48.5,0.109801508,0.64375,2853,45,32.3333321,0.0519537367,0.64375,2753,36,32.3333321,0.04618783,0.64375,3010,78,32.3333321,0.0937287,0.64375,4850,338,48.5,0.4093351,0.64375,2693,24,32.3333321,0.038941104,0.64375,2664,25,32.3333321,0.0322075039,0.64375,52.3750076,43.5000038,99.99749,9.387833,27.4929314,25.4545517,5.14925766,9.731506,34.603447,38.5,0.25,0,55,0,85,0.416,1.01,16,16,16,32,48,30,295,160,130,0,0,0,16,38.25,0.25,0,55,0,85,0.416,1.01,16,16,16,32,48,30,295,160,130,0,0,0,16,512,-1,485.785156,485.480469,0.3046875,0.5,7618.451,7618.951,0,0,0,0,0,0,0,0,0,0,0,0,512,600,1200,3000,50,0.974000037,1.30500007,0,1,14,51,210,405,0,0,0,0,0,39,0,0,7.342,7.365,0.865,1742.32031,82.62891,0.00581330759,0,0,0,0,0,0,0,0,0,0.0203919131,0,0,0,64,62,16376,14325,2050,12.5206575,22.049,0,0
05/27/2026 14:14:12,42,56,0,51,55,47,47,47,47,66,12.0960007,5.03,1.30800009,1.39200008,0.916000068,0.324,0.642,3.28400016,2.046,0,3.36800027,3.364,3.11600018,51,47,43.5,46.5,930,747,0,801,713,0,0,0,0,0,14.06,9.38,3.12,0,1.56,3.12,0,0,3.91,14.06,29.4209442,3171,266,4850,901,48.5,0.838656068,0.6625,3045,229,32.3333321,0.3839269,0.6625,2927,102,32.3333321,0.12848556,0.6625,2860,73,32.3333321,0.09849272,0.6625,2981,172,32.3333321,0.297904164,0.65,3233,594,32.3333321,0.706037045,0.65,2771,35,32.3333321,0.0432921574,0.65,2704,19,32.3333321,0.0318407267,0.65,51.8750076,45.8750038,99.99748,9.439232,27.4415321,25.59391,5.183258,9.697506,34.8319321,38.5,0.25,0,55,0,85,0.416,1.01,16,16,16,32,48,30,295,160,130,0,0,0,16,38.25,0.25,0,55,0,85,0.416,1.01,16,16,16,32,48,30,295,160,130,0,0,0,16,512,-1,485.785156,485.480469,0.3046875,0.5,7618.451,7618.951,0,0,0,0,0,0,0,0,0,0,0,0,512,600,1200,3000,50,0.969000041,1.30500007,0,5,15,51,210,405,0,0,0,0,20,45,0,0,7.913,7.723,0.865,1748.88672,82.70703,6.1331563,0,0,0,0.0245612171,0,0,0,0,0,4.867646,0,0,0,64.125,60,16376,14319,2056,12.5607309,19.433,49152,175699968
05/27/2026 14:14:14,41,57,0,50,55,45,45,45,45,65,12.12,5.03,1.30800009,1.39200008,0.820000052,0.328,0.642,3.28400016,2.046,0,3.36800027,3.364,3.11200023,51,47,43.5,46.5,941,725,0,816,699,0,0,0,0,0,14.29,7.94,1.59,0,3.17,9.52,1.59,1.59,4.96,14.29,28.7732277,3602,135,4850,562,48.5,0.453929573,0.6875,2920,75,32.3333321,0.07405709,0.6875,2669,34,32.3333321,0.03782463,0.6875,2738,34,32.3333321,0.0354102924,0.6875,2829,57,32.3333321,0.05724563,0.6875,4850,266,48.5,0.247583553,0.6875,3878,27,48.5,0.031963408,0.65,4078,27,48.5,0.0322215445,0.65,51.7500076,44.0000038,99.99749,9.406147,27.474617,25.5042114,5.15570068,9.725063,34.6467438,38.5,0.25,0,55,0,85,0.416,1.01,16,16,16,32,48,30,295,160,130,0,0,0,16,38.25,0.25,0,55,0,85,0.416,1.01,16,16,16,32,48,30,295,160,130,0,0,0,16,512,-1,485.785156,485.480469,0.3046875,0.5,7618.451,7618.951,0,0,0,0,0,0,0,0,0,0,0,0,512,600,1200,3000,48,0.405000031,1.30500007,0,0,11,51,210,405,0,0,0,0,0,21,0,0,7.166,7.393,0.865,1748.88672,82.47656,0,0,0,0,0,0,0,0,0,0,0.0620539822,0,0,0,64,62,16376,14319,2056,12.5607309,20.36,0,0
05/27/2026 14:14:16,41,58,0,50,55,45,45,45,45,65,12.12,5.03,1.30800009,1.39200008,0.806000054,0.320000023,0.642,3.28400016,2.046,0,3.36800027,3.364,3.11600018,51,47,43.5,46.5,907,763,0,816,696,0,0,0,0,0,14.06,1.56,1.56,1.56,1.56,7.81,0,0,3.52,14.06,28.2626,3299,164,3600,586,36,0.52683717,0.875,3495,129,36,0.136774167,0.875,3160,56,36,0.0635411143,0.875,3136,40,36,0.05874043,0.875,3286,77,36,0.09614953,0.875,3600,360,36,0.411837548,0.875,3088,34,36,0.0504847653,0.875,3028,28,36,0.04009484,0.875,51.5000076,44.0000038,99.99748,9.426918,27.453846,25.5605316,5.17931,9.701454,34.8054047,38.5,0.25,0,55,0,85,0.416,1.01,16,16,16,32,48,30,295,160,130,0,0,0,16,38.25,0.25,0,55,0,85,0.416,1.01,16,16,16,32,48,30,295,160,130,0,0,0,16,512,-1,485.785156,485.480469,0.3046875,0.5,7618.451,7618.951,0,0,0,0,0,0,0,0,0,0,0,0,512,600,1200,3000,50,0.965000033,1.30500007,0,1,14,51,210,405,0,0,0,0,5,21,0,5,7.011,8.941,0.865,1748.25391,82.39844,0.9515642,0,0,0,0,0,0,0,0,0,0,0,0,0,63.90625,60,16376,14319,2056,12.5569153,20.356,99328,0
05/27/2026 14:14:18,41,58,0,50,55,45,45,45,45,65,12.12,5.03,1.30800009,1.39200008,0.744,0.31,0.642,3.28400016,2.046,0,3.36800027,3.36800027,3.11600018,51,47,43.5,46.5,914,739,0,814,713,0,0,0,0,0,6.15,1.54,0,0,0,3.08,0,0,1.35,6.15,27.7626228,3111,128,4850,502,48.5,0.416561723,0.65,2987,85,32.3333321,0.09518124,0.65,2688,35,32.3333321,0.0404527858,0.65,2686,27,32.3333321,0.03434328,0.65,2884,56,32.3333321,0.0570119619,0.65,3233,262,32.3333321,0.2644694,0.65,2876,30,32.3333321,0.04313504,0.65,2686,26,32.3333321,0.0317494459,0.65,51.2500076,44.0000038,99.99748,9.39277649,27.4879875,25.4679565,5.147297,9.733467,34.59028,38.5,0.25,0,55,0,85,0.416,1.01,16,16,16,32,48,30,295,160,130,0,0,0,16,38.25,0.25,0,55,0,85,0.416,1.01,16,16,16,32,48,30,295,160,130,0,0,0,16,512,-1,485.785156,485.480469,0.3046875,0.5,7618.451,7618.951,0,0,0,0,0,0,0,0,0,0,0,0,512,600,1200,3000,49,0.974000037,1.30500007,0,1,14,51,210,405,0,0,0,0,0,42,0,0,7.503,7.473,0.865,1745.88281,82.47656,0,0,0,0,0,0,0,0,0,0,0,0,0,0,64.03125,62,16376,14322,2053,12.5424118,21.705,0,49152
05/27/2026 14:14:20,41,58,0,50,55,45,45,45,45,65,12.12,5.03,1.31000006,1.39200008,0.736000061,0.320000023,0.642,3.288,2.046,0,3.36800027,3.36800027,3.11600018,51,47,43.5,46.5,911,740,0,812,696,0,0,0,0,0,7.81,0,0,0,0,6.25,0,0,1.76,7.81,28.2613583,3700,140,4850,637,48.5,0.509081244,0.65,4476,81,48.5,0.09731201,0.65,2809,38,32.3333321,0.0394294448,0.65,2770,33,32.3333321,0.0391873829,0.65,4317,54,48.5,0.0497718044,0.65,4850,228,48.5,0.270640045,0.65,2687,24,32.3333321,0.0320718549,0.65,2845,28,32.3333321,0.03230626,0.65,51.1250076,44.3750038,99.99749,9.417534,27.46323,25.5350876,5.17449951,9.7062645,34.77308,38.5,0.25,0,55,0,85,0.416,1.01,16,16,16,32,48,30,295,160,130,0,0,0,16,38.25,0.25,0,55,0,85,0.416,1.01,16,16,16,32,48,30,295,160,130,0,0,0,16,512,-1,485.785156,485.480469,0.3046875,0.5,7618.451,7618.951,0,0,0,0,0,0,0,0,0,0,0,0,512,600,1200,3000,50,0.590000033,1.30500007,0,0,12,51,210,405,0,0,0,0,0,22,0,0,7.023,7.034,0.865,1744.32031,82.39844,1.1475271,0,0,0,0,0,0,0,0,0,0.0440402329,0,0,0,63.96875,60,16376,14323,2052,12.53287,19.631,49152,0
05/27/2026 14:14:22,41,58,0,50,55,45,45,45,45,65,12.0960007,5.03,1.30800009,1.39200008,0.852000058,0.326,0.642,3.28400016,2.046,0,3.36800027,3.36800027,3.11600018,51,47,43.5,46.5,909,740,0,813,696,0,0,0,0,0,20.31,9.38,0,0,1.56,12.5,0,0,5.47,20.31,28.81284,3256,231,3600,875,36,0.8474608,0.6875,3483,263,36,0.4161289,0.6875,2847,55,32.3333321,0.07040981,0.8,2874,40,32.3333321,0.0554743074,0.8,3032,110,32.3333321,0.215155721,0.8,4850,467,48.5,0.58268,0.8,2665,21,32.3333321,0.03455343,0.8,2701,20,32.3333321,0.03249235,0.8,51.1250076,44.3750038,99.99749,9.405716,27.4750481,25.5030365,5.15197754,9.728786,34.621727,38.5,0.25,0,55,0,85,0.416,1.01,16,16,16,32,48,30,295,160,130,0,0,0,16,38.25,0.25,0,55,0,85,0.416,1.01,16,16,16,32,48,30,295,160,130,0,0,0,16,512,-1,485.785156,485.480469,0.3046875,0.5,7618.451,7618.951,0,0,0,0,0,0,0,0,0,0,0,0,512,600,1200,3000,50,0.984,1.30500007,0,2,14,51,210,405,0,0,0,0,19,45,0,0,8.196,8.206,0.865,1750.83594,83.35156,2.77397513,0,0,0,0.0663325042,0,0,0,0,0,2.2944715,0,0,0,64,62,16376,14317,2058,12.5725632,23.614,49152,0
05/27/2026 14:14:24,41,57,0,50,55,45,45,45,45,65,12.0960007,5.03,1.30800009,1.39200008,0.668000042,0.314,0.642,3.28400016,2.046,0,3.364,3.364,3.11600018,51,47,43.5,46.5,920,733,0,814,713,0,0,0,0,0,12.5,3.12,1.56,0,0,10.94,1.56,0,3.71,12.5,28.1173458,3109,138,4850,599,48.5,0.494164884,0.65,2990,76,32.3333321,0.08660874,0.65,2752,40,32.3333321,0.0354808532,0.65,2825,39,32.3333321,0.04540582,0.65,2893,55,32.3333321,0.0565358959,0.65,3233,255,32.3333321,0.295214176,0.65,2645,21,32.3333321,0.0281687081,0.6625,2685,21,32.3333321,0.0283213835,0.6625,51.0000076,43.0000038,99.99748,9.428978,27.451786,25.5661087,5.180645,9.700119,34.8143768,38.5,0.25,0,55,0,85,0.416,1.01,16,16,16,32,48,30,295,160,130,0,0,0,16,38.25,0.25,0,55,0,85,0.416,1.01,16,16,16,32,48,30,295,160,130,0,0,0,16,512,-1,485.785156,485.480469,0.3046875,0.5,7618.451,7618.951,0,0,0,0,0,0,0,0,0,0,0,0,512,600,1200,3000,49,0.965000033,1.30500007,0,1,14,51,210,405,0,0,0,0,0,46,0,0,7.771,7.798,0.865,1750.82422,82.32031,1.10486364,0,0,0,0.00138979068,0,0,0,0,0,0.09913507,0,0,0,63.9375,60,16376,14317,2058,12.5725632,20.06,0,0
05/27/2026 14:14:26,41,57,0,50,55,45,45,45,45,65,12.0960007,5.03,1.30800009,1.39200008,0.782000065,0.316,0.642,3.28400016,2.046,0,3.364,3.364,3.11200023,51,46.5,43.5,46.5,913,726,0,801,712,0,0,0,0,0,9.23,1.54,0,0,1.54,3.08,0,0,1.92,9.23,28.4022236,3294,129,4850,531,48.5,0.4600576,0.65,3016,94,32.3333321,0.09081437,0.65,2682,33,32.3333321,0.03769824,0.65,2628,24,32.3333321,0.0322264023,0.65,2785,48,32.3333321,0.0497026555,0.65,4850,245,48.5,0.248981461,0.65,2752,30,32.3333321,0.0343851261,0.65,2787,25,32.3333321,0.0484523065,0.65,51.0000076,44.3750038,99.9975,9.397938,27.4828262,25.4819489,5.154663,9.726101,34.63977,38.5,0.25,0,55,0,85,0.416,1.01,16,16,16,32,48,30,295,160,130,0,0,0,16,38.25,0.25,0,55,0,85,0.416,1.01,16,16,16,32,48,30,295,160,130,0,0,0,16,512,-1,485.785156,485.480469,0.3046875,0.5,7618.451,7618.951,0,0,0,0,0,0,0,0,0,0,0,0,512,600,1200,3000,48,0.924,1.30500007,0,4,15,51,210,405,0,0,0,0,1,43,0,0,7.497,7.595,0.865,1747.76172,82.32031,0.0201148149,0,0,0,0,0,0,0,0,0,0,0,0,0,63.9375,62,16376,14320,2055,12.5538616,21.059,0,0
05/27/2026 14:14:28,41,56,0,50,55,45,45,45,45,65,12.0960007,5.03,1.30800009,1.39200008,0.864,0.318000019,0.642,3.28400016,2.046,0,3.364,3.364,3.11200023,51,46.5,43.5,46.5,915,743,0,799,695,0,0,0,0,0,18.75,3.12,0,0,3.12,4.69,0,0,3.71,18.75,29.18819,3108,140,4850,633,48.5,0.504377067,0.65,2871,71,32.3333321,0.08371861,0.65,2773,37,32.3333321,0.04160307,0.65,2700,34,32.3333321,0.0394825041,0.65,2920,53,32.3333321,0.0686949044,0.65,3233,246,32.3333321,0.2843206,0.65,2701,21,32.3333321,0.0304690134,0.6625,2817,28,32.3333321,0.0297553819,0.6625,51.0000076,44.3750038,99.99749,9.410133,27.47063,25.5150223,5.16016,9.720604,34.676712,38.5,0.25,0,55,0,85,0.416,1.01,16,16,16,32,48,30,295,160,130,0,0,0,16,38.25,0.25,0,55,0,85,0.416,1.01,16,16,16,32,48,30,295,160,130,0,0,0,16,512,-1,485.785156,485.480469,0.3046875,0.5,7618.451,7618.951,0,0,0,0,0,0,0,0,0,0,0,0,512,600,1200,3000,48,0.655000031,1.30500007,0,0,14,51,240,405,0,0,0,0,1,42,0,0,8.102,8.156,0.865,1733.76172,83.39844,0.009007845,0,0,0,0,0,0,0,0,0,0,0,0,0,63.96875,62,16376,14334,2041,12.46837,23.226,0,0
05/27/2026 14:14:30,41,57,0,50,55,45,45,45,45,65,12.0960007,5.02000046,1.30800009,1.39200008,0.786,0.318000019,0.642,3.288,2.046,0,3.36800027,3.364,3.11600018,51,47,43.5,46.5,919,720,0,798,712,0,0,0,0,0,20.31,1.54,0,0,0,6.15,0,0,3.5,20.31,28.9868469,3593,175,4850,706,48.5,0.608338237,0.65,4632,111,48.5,0.117770843,0.65,2994,74,32.3333321,0.07223384,0.65,2751,43,32.3333321,0.0557552651,0.65,3038,96,32.3333321,0.0987519547,0.65,4850,305,48.5,0.366248727,0.65,2710,25,32.3333321,0.0440258533,0.65,2918,43,32.3333321,0.0454814322,0.65,51.0000076,45.8750038,99.99749,9.414326,27.4664383,25.5263824,5.1885643,9.6922,34.86759,38.5,0.25,0,55,0,85,0.416,1.01,16,16,16,32,48,30,295,160,130,0,0,0,16,38.25,0.25,0,55,0,85,0.416,1.01,16,16,16,32,48,30,295,160,130,0,0,0,16,512,-1,485.785156,485.480469,0.3046875,0.5,7618.451,7618.951,0,0,0,0,0,0,0,0,0,0,0,0,512,600,1200,3000,48,0.784000039,1.30500007,0,1,15,51,210,405,0,0,0,0,6,36,0,4,8.133,7.517,0.865,1732.75781,83.39844,2.064685,0,0,0,0,0,0,0,0,0,0.0968671963,0,0,0,63.875,62,16376,14335,2040,12.4622631,20.626,99328,0
05/27/2026 14:14:32,41,57,0,50,55,45,45,45,45,65,12.12,5.03,1.30800009,1.39200008,0.964000046,0.326,0.642,3.288,2.046,0,3.36800027,3.36800027,3.11600018,51,47,43.5,46.5,909,755,0,813,695,0,0,0,0,0,29.69,4.76,0,0,0,9.38,0,0,5.48,29.69,30.1824284,3426,283,4850,1002,48.5,0.9523008,0.64375,3233,343,32.3333321,0.460256726,0.64375,2859,71,32.3333321,0.11466147,0.64375,2911,54,32.3333321,0.08056622,0.64375,3058,178,32.3333321,0.309323132,0.64375,4850,544,48.5,0.686597347,0.64375,2761,33,32.3333321,0.0510404557,0.65,2884,36,32.3333321,0.0465638,0.65,51.0000076,44.0000038,99.99748,9.432106,27.448658,25.5746,5.18979645,9.690968,34.8758774,38.5,0.25,0,55,0,85,0.416,1.01,16,16,16,32,48,30,295,160,130,0,0,0,16,38.25,0.25,0,55,0,85,0.416,1.01,16,16,16,32,48,30,295,160,130,0,0,0,16,512,-1,485.785156,485.480469,0.3046875,0.5,7618.451,7618.951,0,0,0,0,0,0,0,0,0,0,0,0,512,600,1200,3000,49,0.955000043,1.30500007,0,1,14,51,255,405,0,0,0,0,48,55,0,5,7.918,7.68,0.865,1738.57031,82.39844,10.2603407,0,0,0,0.0336996764,0,0,0,0,0,4.528182,0,0,0,64,62,16376,14329,2046,12.4977579,20.689,49152,0
05/27/2026 14:14:34,41,58,0,50,55,45,45,45,45,65,12.12,5.03,1.30800009,1.388,0.810000062,0.328,0.642,3.288,2.046,0,3.36800027,3.36800027,3.11600018,50,47,43.5,46.5,917,736,0,802,695,0,0,0,0,0,14.06,1.56,0,0,1.54,7.81,0,0,3.12,14.06,28.698164,3188,164,4850,621,48.5,0.537022054,0.6375,3107,118,32.3333321,0.132305741,0.6375,2891,57,32.3333321,0.06540003,0.6375,2944,48,32.3333321,0.057826668,0.6375,3138,112,32.3333321,0.113313131,0.6375,3233,310,32.3333321,0.332628548,0.6375,2709,27,32.3333321,0.04573101,0.6375,2631,20,32.3333321,0.03949344,0.6375,50.8750076,45.3750038,99.99749,9.428406,27.4523582,25.56456,5.18757629,9.693188,34.8609543,38.5,0.25,0,55,0,85,0.416,1.01,16,16,16,32,48,30,295,160,130,0,0,0,16,38.25,0.25,0,55,0,85,0.416,1.01,16,16,16,32,48,30,295,160,130,0,0,0,16,512,-1,485.785156,485.480469,0.3046875,0.5,7618.451,7618.951,0,0,0,0,0,0,0,0,0,0,0,0,512,600,1200,3000,49,0.955000043,1.30500007,0,1,14,51,210,405,0,0,0,0,6,26,0,0,7.061,6.884,0.865,1738.57031,82.39844,2.25983524,0,0,0,0,0,0,0,0,0,0,0,0,0,64.03125,60,16376,14329,2046,12.4977579,21.557,0,0
05/27/2026 14:14:36,40,58,0,49,54,44,44,44,44,63,12.0960007,5.03,1.30800009,1.39200008,0.74,0.312,0.642,3.28000021,2.046,0,3.364,3.364,3.11200023,51,47,43.5,46.5,894,765,0,802,712,0,0,0,0,0,14.29,1.56,1.59,1.59,1.59,3.17,1.59,1.59,3.37,14.29,28.6041679,3232,188,4850,802,48.5,0.660262048,0.65,3106,124,32.3333321,0.148034826,0.65,2863,53,32.3333321,0.0727647,0.65,2885,51,32.3333321,0.0594038777,0.65,3071,85,32.3333321,0.107498579,0.65,3233,292,32.3333321,0.372879326,0.65,2839,49,32.3333321,0.053435728,0.65,3010,48,32.3333321,0.0535433032,0.65,51.0000076,46.3750038,99.99748,9.41832,27.4624443,25.5372162,5.17489243,9.705872,34.77572,38.5,0.25,0,55,0,85,0.416,1.01,16,16,16,32,48,30,295,160,130,0,0,0,16,38.25,0.25,0,55,0,85,0.416,1.01,16,16,16,32,48,30,295,160,130,0,0,0,16,512,-1,485.785156,485.480469,0.3046875,0.5,7618.451,7618.951,0,0,0,0,0,0,0,0,0,0,0,0,512,600,1200,3000,48,0.87500006,1.30500007,0,3,15,51,210,405,0,0,0,0,3,23,0,0,7.325,7.472,0.865,1736.88281,82.39844,2.13423562,0,0,0,0,0,0,0,0,0,0,0,0,0,63.96875,60,16376,14331,2044,12.4874535,22.336,49152,0
05/27/2026 14:14:38,41,57,0,49,54,45,45,45,45,65,12.12,5.03,1.30800009,1.39200008,0.76000005,0.314,0.642,3.28400016,2.046,0,3.36800027,3.364,3.11600018,51,47,43.5,46.5,908,731,0,805,688,0,0,0,0,0,12.5,0,0,0,0,1.56,0,0,1.76,12.5,30.126955,3595,128,3233,582,32.3333321,0.431480527,0.95,2924,74,32.3333321,0.0667443648,0.95,2665,29,32.3333321,0.0319061,0.95,2851,47,32.3333321,0.0334628671,0.95,4083,45,48.5,0.0400141664,0.69375,4794,187,48.5,0.2532613,0.69375,4019,28,48.5,0.0318276,0.69375,4188,32,48.5,0.03064936,0.69375,51.1250076,44.8750038,99.99749,9.437843,27.44292,25.5901566,5.190838,9.689926,34.8828735,38.5,0.25,0,55,0,85,0.416,1.01,16,16,16,32,48,30,295,160,130,0,0,0,16,38.25,0.25,0,55,0,85,0.416,1.01,16,16,16,32,48,30,295,160,130,0,0,0,16,512,-1,485.785156,485.480469,0.3046875,0.5,7618.451,7618.951,0,0,0,0,0,0,0,0,0,0,0,0,512,600,1200,3000,48,0.570000052,1.30500007,0,0,13,51,210,405,0,0,0,0,0,42,0,0,7.955,8.075,0.865,1742.01172,83.875,0.021075353,0,0,0,0,0,0,0,0,0,0,0,0,0,63.9375,62,16376,14325,2050,12.5187483,23.282,0,0
05/27/2026 14:14:40,41,58,0,50,55,45,45,45,45,65,12.12,5.03,1.30800009,1.39200008,0.678000033,0.306000024,0.642,3.288,2.046,0,3.36800027,3.36800027,3.11600018,51,47,43.5,46.5,918,737,0,813,708,0,0,0,0,0,6.15,3.08,1.54,3.08,1.54,3.08,1.54,1.54,2.69,6.15,27.4093571,3363,142,4040,488,40.4,0.365564942,0.55,3239,107,33.6666679,0.113672525,0.55,2951,49,33.6666679,0.04733959,0.55,2768,32,33.6666679,0.03440163,0.55,2938,55,33.6666679,0.06295604,0.55,5050,336,50.5,0.3418646,0.56875,3021,42,33.6666679,0.0352890268,0.56875,2896,30,33.6666679,0.031659212,0.56875,50.8750076,44.8750038,99.99749,9.336472,27.5442924,25.3152924,5.108143,9.772621,34.3271561,38.5,0.25,0,55,0,85,0.416,1.01,16,16,16,32,48,30,295,160,130,0,0,0,16,38.25,0.25,0,55,0,85,0.416,1.01,16,16,16,32,48,30,295,160,130,0,0,0,16,512,-1,485.785156,485.480469,0.3046875,0.5,7618.451,7618.951,0,0,0,0,0,0,0,0,0,0,0,0,512,600,1200,3000,48,0.61,1.30500007,0,1,14,51,210,405,0,0,0,0,0,46,0,0,7.549,7.644,0.865,1742.00781,82.75,1.13426793,0,0,0,0.00132008456,0,0,0,0,0,0.18340309,0,0,0,63.90625,62,16376,14325,2050,12.5187483,20.642,1299456,0
05/27/2026 14:14:42,41,58,0,50,55,45,45,45,45,65,12.12,5.03,1.31000006,1.39200008,0.968000054,0.332000017,0.642,3.28400016,2.046,0,3.36800027,3.36800027,3.11600018,51,47,43.5,46.5,909,739,0,813,694,0,0,0,0,0,15.87,1.56,1.56,3.12,0,6.25,1.56,1.56,3.94,15.87,29.1004162,3198,262,4850,978,48.5,0.8852004,0.65,3161,268,32.3333321,0.4103032,0.65,2908,57,32.3333321,0.09123725,0.65,2875,52,32.3333321,0.0601351969,0.65,3070,134,32.3333321,0.27127248,0.65,3233,547,32.3333321,0.6559729,0.65,2716,28,32.3333321,0.0425976627,0.65,2774,31,32.3333321,0.0397215448,0.65,51.1250076,44.3750038,99.99748,9.38406,27.4967041,25.44432,5.140358,9.740406,34.54364,38.5,0.25,0,55,0,85,0.416,1.01,16,16,16,32,48,30,295,160,130,0,0,0,16,38.25,0.25,0,55,0,85,0.416,1.01,16,16,16,32,48,30,295,160,130,0,0,0,16,512,-1,485.785156,485.480469,0.3046875,0.5,7618.451,7618.951,0,0,0,0,0,0,0,0,0,0,0,0,512,600,1200,3000,50,0.974000037,1.30500007,0,0,15,51,210,405,0,0,0,0,21,46,0,0,8.111,8.14,0.865,1748.25781,83.35156,6.0915575,0,0,0,0.0262221843,0,0,0,0,0,5.117433,0,0,0,63.96875,60,16376,14319,2056,12.5569153,21.539,49152,549888
05/27/2026 14:14:45,41,58,0,50,55,45,45,45,45,65,12.12,5.03,1.30800009,1.39200008,0.746000051,0.312,0.642,3.28400016,2.046,0,3.364,3.364,3.11600018,51,47,43.5,46.5,909,768,0,798,695,0,0,0,0,0,6.25,0,0,0,0,1.56,0,0,0.98,6.25,27.9306278,3284,135,4850,567,48.5,0.403087139,0.6375,3086,122,32.3333321,0.0984051,0.6375,2735,36,32.3333321,0.0454495549,0.6375,2557,27,32.3333321,0.03517094,0.6375,2910,59,32.3333321,0.06025449,0.6375,4850,223,48.5,0.266136765,0.6375,2575,22,32.3333321,0.0346184671,0.6375,2708,26,32.3333321,0.0321849845,0.6375,51.0000076,44.8750038,99.99748,9.352421,27.5283432,25.3585358,5.11337662,9.767387,34.3623276,38.5,0.25,0,55,0,85,0.416,1.01,16,16,16,32,48,30,295,160,130,0,0,0,16,38.25,0.25,0,55,0,85,0.416,1.01,16,16,16,32,48,30,295,160,130,0,0,0,16,512,-1,485.785156,485.480469,0.3046875,0.5,7618.451,7618.951,0,0,0,0,0,0,0,0,0,0,0,0,512,600,1200,3000,48,0.950000048,1.30500007,0,1,14,51,210,405,0,0,0,0,0,20,0,0,7.23,7.216,0.865,1748.25781,83.35156,1.0677191,0,0,0,0,0,0,0,0,0,0,0,0,0,63.84375,62,16376,14319,2056,12.5569153,20.554,0,549888
05/27/2026 14:14:46,41,58,0,50,55,45,45,45,45,65,12.12,5.03,1.30800009,1.39200008,0.772,0.314,0.642,3.288,2.046,0,3.36800027,3.36800027,3.11600018,51,47,43.5,46.5,906,767,0,799,713,0,0,0,0,0,4.76,0,0,0,0,4.76,0,0,1.19,4.76,27.7849064,3277,127,4850,519,48.5,0.405654579,0.64375,3052,92,32.3333321,0.11275927,0.64375,2731,36,32.3333321,0.03393964,0.64375,2675,29,32.3333321,0.0331489034,0.64375,2796,39,32.3333321,0.0516345836,0.64375,4850,264,48.5,0.309125841,0.64375,2640,19,32.3333321,0.0309965964,0.64375,2620,21,32.3333321,0.02998673,0.64375,51.0000076,45.8750038,99.99748,9.37247849,27.5082855,25.4129181,5.14032745,9.740437,34.54344,38.5,0.25,0,55,0,85,0.416,1.01,16,16,16,32,48,30,295,160,130,0,0,0,16,38.25,0.25,0,55,0,85,0.416,1.01,16,16,16,32,48,30,295,160,130,0,0,0,16,512,-1,485.785156,485.480469,0.3046875,0.5,7618.451,7618.951,0,0,0,0,0,0,0,0,0,0,0,0,512,600,1200,3000,48,0.405000031,1.30500007,0,0,11,51,210,405,0,0,0,0,0,46,0,0,7.833,7.824,0.865,1747.75,82.39844,1.15990317,0,0,0,0,0,0,0,0,0,0,0,0,0,63.875,62,16376,14320,2055,12.5538616,22.298,0,0
05/27/2026 14:14:48,40,58,0,49,54,45,45,45,45,65,12.12,5.03,1.31000006,1.39200008,0.836,0.334000021,0.642,3.28400016,2.046,0,3.36800027,3.36800027,3.11600018,51,47,43.5,46.5,896,768,0,812,695,0,0,0,0,0,4.69,0,0,0,0,3.12,0,0,0.98,4.69,30.1349354,3337,132,4850,540,48.5,0.4649931,0.6375,3056,96,32.3333321,0.08428525,0.64375,3025,56,32.3333321,0.0493187569,0.64375,2673,29,32.3333321,0.03372716,0.64375,2719,40,32.3333321,0.0523994826,0.64375,4850,245,48.5,0.281144559,0.64375,2828,29,32.3333321,0.0413352475,0.64375,2697,23,32.3333321,0.0319533348,0.64375,51.0000076,45.8750038,99.99749,9.33247,27.5482941,25.3044357,5.099209,9.781555,34.26712,38.5,0.25,0,55,0,85,0.416,1.01,16,16,16,32,48,30,295,160,130,0,0,0,16,38.25,0.25,0,55,0,85,0.416,1.01,16,16,16,32,48,30,295,160,130,0,0,0,16,512,-1,485.785156,485.480469,0.3046875,0.5,7618.451,7618.951,0,0,0,0,0,0,0,0,0,0,0,0,512,600,1200,3000,49,0.784000039,1.30500007,0,1,15,52,2670,10701.9883,0,0,0,0,0,1,0,0,18.066,18.758,0.975,1745.32031,82.92969,0.00317403884,0,0,0,0,0,0,0,0,0,0,0,0,0,64.6875,64,16376,14322,2053,12.5389767,46.745,0,0
05/27/2026 14:14:50,41,58,0,50,55,45,45,45,45,65,12.0960007,5.03,1.30800009,1.39200008,0.916000068,0.338000029,0.642,3.288,2.046,0,3.36800027,3.36800027,3.11600018,51,47,43.5,46.5,917,740,0,802,712,0,0,0,0,0,3.12,0,0,0,0,4.69,0,0,0.98,4.69,30.29664,3673,136,4850,573,48.5,0.548716247,0.64375,4320,65,48.5,0.07520225,0.64375,2695,27,32.3333321,0.0323976763,0.6375,2705,28,32.3333321,0.0303751137,0.6375,4273,39,48.5,0.0529359467,0.6375,4850,296,48.5,0.342930853,0.6375,2886,31,32.3333321,0.03063817,0.6375,2802,26,32.3333321,0.0307774339,0.6375,51.1250076,44.8750038,99.9975,9.357086,27.5236778,25.3711853,5.12457275,9.756191,34.43756,38.5,0.25,0,55,0,85,0.416,1.01,16,16,16,32,48,30,295,160,130,0,0,0,16,38.25,0.25,0,55,0,85,0.416,1.01,16,16,16,32,48,30,295,160,130,0,0,0,16,512,-1,485.785156,485.480469,0.3046875,0.5,7618.451,7618.951,0,0,0,0,0,0,0,0,0,0,0,0,512,600,1200,3000,49,0.935000062,1.30500007,0,2,15,53,690,5001.986,0,0,0,0,0,2,0,0,14.575,18.905,0.925,1745.31641,82.60156,0.0088905,0,0,0,0,0,0,0,0,0,0.0268237349,0,0,0,64.8125,64,16376,14322,2053,12.5389767,52.435,0,0
05/27/2026 14:14:52,41,58,0,50,55,45,45,45,45,65,12.12,5.03,1.30800009,1.39200008,0.94600004,0.342,0.642,3.28400016,2.046,0,3.36800027,3.364,3.11600018,51,46.5,43.5,46.5,918,741,0,799,711,0,0,0,0,0,15.62,7.94,0,0,0,3.17,0,0,3.34,15.62,31.0067558,3431,233,3600,807,36,0.787336,1.34375,3442,275,36,0.4210093,1.34375,3226,66,36,0.0879178047,1.34375,3245,47,36,0.0561315566,1.34375,3437,122,36,0.234834865,1.34375,3600,489,36,0.586762667,1.34375,4247,34,48.5,0.0355994776,0.9625,2649,21,32.3333321,0.0252356362,0.675,51.1250076,44.8750038,99.9975,9.374401,27.5063629,25.4181366,5.13179,9.748974,34.48607,38.5,0.25,0,55,0,85,0.416,1.01,16,16,16,32,48,30,295,160,130,0,0,0,16,38.25,0.25,0,55,0,85,0.416,1.01,16,16,16,32,48,30,295,160,130,0,0,0,16,512,-1,485.785156,485.480469,0.3046875,0.5,7618.451,7618.951,0,0,0,0,0,0,0,0,0,0,0,0,512,600,1200,3000,49,0.835000038,1.30500007,0,0,15,52,315,810,0,0,0,0,13,23,0,0,11.617,13.145,0.925,1748.82813,84.19531,0.9859013,0,0,0,0.0137824593,0,0,0,0,0,1.22547054,0,0,0,64.53125,62,16376,14319,2056,12.5603495,37.988,0,0
05/27/2026 14:14:54,41,58,0,50,55,45,45,45,45,65,12.12,5.03,1.30800009,1.39200008,0.768,0.322000027,0.642,3.288,2.046,0,3.36800027,3.36800027,3.11600018,51,47,43.5,46.5,918,740,0,815,695,0,0,0,0,0,9.38,3.12,0,0,0,3.08,0,0,1.95,9.38,28.20771,3264,127,4850,500,48.5,0.444336027,0.6375,2929,91,32.3333321,0.08334549,0.6375,2763,41,32.3333321,0.034013886,0.6375,2651,28,32.3333321,0.0294808429,0.6375,2731,43,32.3333321,0.0404248722,0.6375,4850,260,48.5,0.25928697,0.6375,2761,33,32.3333321,0.0310009979,0.6375,2574,21,32.3333321,0.0272882115,0.6375,51.1250076,44.3750038,99.99749,9.369995,27.5107689,25.4061813,5.13254547,9.748219,34.4911423,38.5,0.25,0,55,0,85,0.416,1.01,16,16,16,32,48,30,295,160,130,0,0,0,16,38.25,0.25,0,55,0,85,0.416,1.01,16,16,16,32,48,30,295,160,130,0,0,0,16,512,-1,485.785156,485.480469,0.3046875,0.5,7618.451,7618.951,0,0,0,0,0,0,0,0,0,0,0,0,512,600,1200,3000,48,0.784000039,1.30500007,0,0,14,52,210,810,0,0,0,0,0,13,0,0,10.104,10.806,0.925,1748.81641,83.27344,0.359029531,0,0,0,0,0,0,0,0,0,0.0332950726,0,0,0,64.375,62,16376,14319,2056,12.5603495,29.4,3799040,0
05/27/2026 14:14:56,41,58,0,50,55,45,45,45,45,65,12.12,5.03,1.31000006,1.39200008,0.700000048,0.308000028,0.642,3.28400016,2.046,0,3.36800027,3.36800027,3.11600018,51,47,43.5,46.5,907,740,0,812,712,0,0,0,0,0,10.94,0,0,0,0,4.76,0,0,1.96,10.94,28.48145,3120,142,4850,564,48.5,0.4635062,0.64375,3012,101,32.3333321,0.105512604,0.64375,2676,37,32.3333321,0.0431208,0.64375,3032,54,32.3333321,0.0511865765,0.64375,2717,40,32.3333321,0.05293938,0.64375,3233,283,32.3333321,0.299758643,0.64375,2634,24,32.3333321,0.03732727,0.6625,2806,29,32.3333321,0.035639625,0.6625,51.0000076,43.0000038,99.99748,9.338409,27.5423546,25.3205414,5.10654449,9.77421951,34.3164139,38.5,0.25,0,55,0,85,0.416,1.01,16,16,16,32,48,30,295,160,130,0,0,0,16,38.25,0.25,0,55,0,85,0.416,1.01,16,16,16,32,48,30,295,160,130,0,0,0,16,512,-1,485.785156,485.480469,0.3046875,0.5,7618.451,7618.951,0,0,0,0,0,0,0,0,0,0,0,0,512,600,1200,3000,49,0.830000043,1.30500007,0,0,14,51,210,405,0,0,0,0,0,46,0,0,7.698,7.533,0.865,1747.37109,82.39844,0,0,0,0,0,0,0,0,0,0,0,0,0,0,64.0625,62,16376,14320,2055,12.5515718,23.4,7.546491E+08,111899648
05/27/2026 14:14:58,41,57,0,50,55,45,45,45,45,65,12.0960007,5.03,1.30800009,1.39200008,0.778000057,0.326,0.642,3.28400016,2.046,0,3.364,3.364,3.11600018,51,47,43.5,46.5,908,767,0,814,695,0,0,0,0,0,15.38,3.12,0,0,1.54,6.25,1.54,0,3.48,15.38,28.5404682,3159,177,4850,712,48.5,0.567919254,0.64375,3120,117,32.3333321,0.135192052,0.64375,2846,52,32.3333321,0.06802279,0.64375,2724,38,32.3333321,0.0523959547,0.64375,2948,71,32.3333321,0.0834256858,0.64375,3233,353,32.3333321,0.364367247,0.64375,2752,33,32.3333321,0.05087566,0.64375,2802,37,32.3333321,0.0488270633,0.64375,51.1250076,46.3750038,99.99749,9.380737,27.5000267,25.43531,5.137684,9.74308,34.5256729,38.5,0.25,0,55,0,85,0.416,1.01,16,16,16,32,48,30,295,160,130,0,0,0,16,38.25,0.25,0,55,0,85,0.416,1.01,16,16,16,32,48,30,295,160,130,0,0,0,16,512,-1,485.785156,485.480469,0.3046875,0.5,7618.451,7618.951,0,0,0,0,0,0,0,0,0,0,0,0,512,600,1200,3000,50,0.979000032,1.30500007,0,2,14,51,225,405,0,0,0,0,13,47,0,5,8.453,7.61,0.865,1733.74609,82.39844,2.49708843,0,0,0,0,0,0,0,0,0,0,0,0,0,64.1875,62,16376,14334,2041,12.46837,23.437,49152,2049024
05/27/2026 14:15:00,41,58,0,50,55,45,45,45,45,65,12.12,5.03,1.30800009,1.39200008,0.854000032,0.320000023,0.642,3.28400016,2.046,0,3.36800027,3.36800027,3.11600018,51,47,43.5,46.5,919,762,0,816,694,0,0,0,0,0,7.69,0,0,0,0,4.62,0,0,1.54,7.69,28.5292778,3210,176,3233,625,32.3333321,0.5311917,0.875,3141,122,32.3333321,0.132144377,0.875,3002,66,32.3333321,0.0781124756,0.875,2818,41,32.3333321,0.050312262,0.875,3003,82,32.3333321,0.112676941,0.875,4850,415,48.5,0.441097558,0.875,2833,30,32.3333321,0.0478205,0.875,2796,27,32.3333321,0.0432144925,0.875,51.1250076,43.5000038,99.99748,9.356178,27.5245857,25.368721,5.131153,9.749611,34.48179,38.5,0.25,0,55,0,85,0.416,1.01,16,16,16,32,48,30,295,160,130,0,0,0,16,38.25,0.25,0,55,0,85,0.416,1.01,16,16,16,32,48,30,295,160,130,0,0,0,16,512,-1,485.785156,485.480469,0.3046875,0.5,7618.451,7618.951,0,0,0,0,0,0,0,0,0,0,0,0,512,600,1200,3000,50,0.965000033,1.30500007,0,1,14,51,210,405,0,0,0,0,20,33,0,5,7.83,7.306,0.865,1732.74609,82.55078,3.15263033,0,0,0,0.00130265066,0,0,0,0,0,0.0931934,0,0,0,64.03125,62,16376,14335,2040,12.4622631,20.658,0,2049024
05/27/2026 14:15:02,41,58,0,50,55,45,45,45,45,65,12.0960007,5.03,1.30800009,1.388,0.9480001,0.326,0.642,3.28400016,2.046,0,3.364,3.364,3.11200023,51,46.5,43.5,46.5,909,767,0,813,712,0,0,0,0,0,14.29,3.12,1.56,3.12,0,10.94,0,0,4.13,14.29,30.9933319,3446,286,4850,855,48.5,0.786238,0.66875,3184,282,32.3333321,0.408793956,0.66875,2990,117,32.3333321,0.1563194,0.66875,3033,127,32.3333321,0.1235249,0.66875,3022,175,32.3333321,0.297320336,0.66875,4850,642,48.5,0.67218405,0.66875,2861,59,32.3333321,0.06947377,0.66875,2776,34,32.3333321,0.0508992933,0.66875,51.1250076,44.0000038,99.99749,9.374813,27.50595,25.4192429,5.13507462,9.745689,34.5081329,38.5,0.25,0,55,0,85,0.416,1.01,16,16,16,32,48,30,295,160,130,0,0,0,16,38.25,0.25,0,55,0,85,0.416,1.01,16,16,16,32,48,30,295,160,130,0,0,0,16,512,-1,485.785156,485.480469,0.3046875,0.5,7618.451,7618.951,0,0,0,0,0,0,0,0,0,0,0,0,512,600,1200,3000,49,0.844000041,1.30500007,0,0,14,52,2670,10701.9883,0,0,0,0,4,2,0,0,18.414,18.123,0.975,1738.125,82.70703,4.097288,0,0,0,0.01625081,0,0,0,0,0,2.82421756,0,0,0,64.625,64,16376,14329,2046,12.4950867,26.038,99328,0
05/27/2026 14:15:04,41,58,0,50,55,45,45,45,45,65,12.12,5.03,1.31000006,1.39200008,0.836,0.33,0.642,3.28400016,2.046,0,3.36800027,3.36800027,3.11600018,51,47,43.5,46.5,908,768,0,798,712,0,0,0,0,0,6.25,0,1.56,1.56,0,6.25,3.12,1.56,2.54,6.25,30.5492554,3397,159,4850,540,48.5,0.493303567,0.65625,3139,133,32.3333321,0.142081365,0.65625,2849,57,32.3333321,0.0690066442,0.65625,3002,52,32.3333321,0.06985961,0.65625,4484,85,48.5,0.08963757,0.6625,3233,344,32.3333321,0.362687349,0.6625,2831,34,32.3333321,0.0517160445,0.6625,2785,26,32.3333321,0.0444288552,0.6625,51.2500076,44.0000038,99.99749,9.37064,27.5101242,25.4079285,5.1348114,9.745953,34.50637,38.5,0.25,0,55,0,85,0.416,1.01,16,16,16,32,48,30,295,160,130,0,0,0,16,38.25,0.25,0,55,0,85,0.416,1.01,16,16,16,32,48,30,295,160,130,0,0,0,16,512,-1,485.785156,485.480469,0.3046875,0.5,7618.451,7618.951,0,0,0,0,0,0,0,0,0,0,0,0,512,600,1200,3000,49,0.935000062,1.30500007,0,2,15,53,2670,10701.9883,0,0,0,0,0,2,0,0,18.44,19.508,0.975,1738.125,82.70703,0.179887787,0,0,0,0.00117514632,0,0,0,0,0,0,0,0,0,65.0625,64,16376,14329,2046,12.4950867,52.255,0,0
05/27/2026 14:15:07,41,58,0,50,55,45,45,45,45,65,12.12,5.03,1.30800009,1.39200008,0.870000064,0.324,0.642,3.28400016,2.046,0,3.36800027,3.36800027,3.11600018,51,47,43.5,46.5,911,768,0,801,695,0,0,0,0,0,10.61,1.52,0,0,0,7.58,0,0,2.46,10.61,30.67335,3614,182,4850,560,48.5,0.493204862,0.6625,4807,139,48.5,0.168638825,0.6625,2855,52,32.3333321,0.06917242,0.6625,2964,50,32.3333321,0.0684483349,0.6625,2944,80,32.3333321,0.09218928,0.6625,4850,487,48.5,0.501287341,0.6625,2780,47,32.3333321,0.05758304,0.6625,2862,38,32.3333321,0.05212465,0.6625,51.5000076,45.3750038,99.99749,9.353561,27.5272026,25.3616257,5.12338638,9.757378,34.42959,38.5,0.25,0,55,0,85,0.416,1.01,16,16,16,32,48,30,295,160,130,0,0,0,16,38.25,0.25,0,55,0,85,0.416,1.01,16,16,16,32,48,30,295,160,130,0,0,0,16,512,-1,485.785156,485.480469,0.3046875,0.5,7618.451,7618.951,0,0,0,0,0,0,0,0,0,0,0,0,512,600,1200,3000,48,0.405000031,1.30500007,0,0,12,52,360,810,0,0,0,0,0,4,0,0,11.849,13.468,0.925,1737.375,82.62891,0.222019762,0,0,0,0,0,0,0,0,0,0,0,0,0,64.84375,62,16376,14330,2045,12.4905062,43.118,3200000,449536
05/27/2026 14:15:09,41,57,0,50,55,45,45,45,45,65,12.12,5.03,1.30800009,1.39200008,0.770000041,0.314,0.642,3.28400016,2.046,0,3.364,3.364,3.11200023,51,46.5,43.5,46.5,919,761,0,802,713,0,0,0,0,0,7.81,1.56,0,0,1.56,4.76,0,0,1.96,7.81,28.5278168,3402,153,4850,548,48.5,0.451355338,0.65,3138,129,32.3333321,0.139661908,0.65,2946,68,32.3333321,0.07660457,0.65,2890,51,32.3333321,0.0652889758,0.65,3051,75,32.3333321,0.0999132544,0.65,4850,293,48.5,0.30908516,0.65,2710,34,32.3333321,0.04970977,0.65,2781,27,32.3333321,0.0413786136,0.65,51.3750076,44.0000038,99.99749,9.372498,27.5082664,25.4129715,5.13732147,9.743443,34.52324,38.5,0.25,0,55,0,85,0.416,1.01,16,16,16,32,48,30,295,160,130,0,0,0,16,38.25,0.25,0,55,0,85,0.416,1.01,16,16,16,32,48,30,295,160,130,0,0,0,16,512,-1,485.785156,485.480469,0.3046875,0.5,7618.451,7618.951,0,0,0,0,0,0,0,0,0,0,0,0,512,600,1200,3000,48,0.75000006,1.30500007,0,0,15,52,210,810,0,0,0,0,0,13,0,0,10.264,11.308,0.925,1743.50391,82.70703,1.02142668,0,0,0,0,0,0,0,0,0,0,0,0,0,64.625,62,16376,14324,2051,12.5279083,31.233,99328,0
05/27/2026 14:15:11,41,57,0,50,55,45,45,45,45,65,12.12,5.03,1.30800009,1.39200008,0.85,0.336000025,0.642,3.28400016,2.046,0,3.364,3.364,3.11600018,51,46.5,43.5,46.5,918,754,0,798,695,0,0,0,0,0,10.94,1.56,0,0,0,6.25,0,0,2.34,10.94,28.621254,3374,171,4850,636,48.5,0.556661844,0.65,3103,120,32.3333321,0.143150359,0.65,2937,59,32.3333321,0.0707961842,0.65,2828,47,32.3333321,0.05932249,0.65,3021,86,32.3333321,0.0980437,0.65,4850,363,48.5,0.394993126,0.65,2797,36,32.3333321,0.0512730144,0.65,2609,22,32.3333321,0.037701726,0.65,51.5000076,46.3750038,99.9975,9.362991,27.5177727,25.3871918,5.136753,9.744011,34.5194168,38.5,0.25,0,55,0,85,0.416,1.01,16,16,16,32,48,30,295,160,130,0,0,0,16,38.25,0.25,0,55,0,85,0.416,1.01,16,16,16,32,48,30,295,160,130,0,0,0,16,512,-1,485.785156,485.480469,0.3046875,0.5,7618.451,7618.951,0,0,0,0,0,0,0,0,0,0,0,0,512,600,1200,3000,47,0.705000043,1.30500007,0,0,13,52,210,405,0,0,0,0,0,21,0,0,6.49,6.565,0.865,1742.31641,82.55078,2.47842765,0,0,0,0,0,0,0,0,0,0.04894195,0,0,0,64.34375,62,16376,14325,2050,12.5206575,23.378,99328,49152
05/27/2026 14:15:13,41,58,0,50,55,45,45,45,45,65,12.0960007,5.03,1.30800009,1.39200008,0.926000059,0.342,0.642,3.28400016,2.046,0,3.36800027,3.36800027,3.11600018,51,47,43.5,46.5,908,758,0,802,696,0,0,0,0,0,10.94,0,3.12,4.69,1.56,6.25,0,0,3.32,10.94,29.6516075,4321,293,5050,899,50.5,0.798431456,0.525,4705,269,50.5,0.3841778,0.525,3855,188,40.4,0.207325488,0.55625,3667,120,40.4,0.134663627,0.55625,4782,188,50.5,0.276456773,0.54375,5050,553,50.5,0.6185471,0.54375,4489,71,50.5,0.0798219144,0.54375,2971,53,33.6666679,0.0578337535,0.54375,51.3750076,47.6250038,99.99748,9.376408,27.5043564,25.4235764,5.12742233,9.753342,34.45671,38.5,0.25,0,55,0,85,0.416,1.01,16,16,16,32,48,30,295,160,130,0,0,0,16,38.25,0.25,0,55,0,85,0.416,1.01,16,16,16,32,48,30,295,160,130,0,0,0,16,512,-1,485.785156,485.480469,0.3046875,0.5,7618.451,7618.951,0,0,0,0,0,0,0,0,0,0,0,0,512,600,1200,3000,49,0.965000033,1.30500007,0,1,14,52,2670,10701.9883,0,0,0,0,4,2,0,0,18.877,21.32,0.975,1748.875,82.62891,3.445771,0,0,0,0.02297,0,0,0,0,0,1.74585044,0,0,0,64.9375,64,16376,14319,2056,12.5607309,27.053,149504,0
05/27/2026 14:15:15,41,58,0,50,55,45,45,45,45,65,12.12,5.03,1.30800009,1.39200008,0.770000041,0.312,0.642,3.288,2.046,0,3.36800027,3.36800027,3.11600018,51,47,43.5,46.5,909,734,0,815,712,0,0,0,0,0,13.85,6.25,1.54,0,1.54,13.85,3.08,1.54,5.2,13.85,30.45159,3631,168,3600,595,36,0.549598455,0.7,3583,154,36,0.156450868,0.7,3269,53,36,0.06570486,0.7,3344,55,36,0.06519412,0.7,3230,73,36,0.0851279,0.7,3600,346,36,0.3724985,0.7,4199,36,48.5,0.04821655,0.83125,4223,36,48.5,0.044655554,0.83125,51.3750076,45.8750038,99.99749,9.372047,27.5087166,25.41175,5.12675476,9.754009,34.4522247,38.5,0.25,0,55,0,85,0.416,1.01,16,16,16,32,48,30,295,160,130,0,0,0,16,38.25,0.25,0,55,0,85,0.416,1.01,16,16,16,32,48,30,295,160,130,0,0,0,16,512,-1,485.785156,485.480469,0.3046875,0.5,7618.451,7618.951,0,0,0,0,0,0,0,0,0,0,0,0,512,600,1200,3000,49,0.965000033,1.30500007,0,1,15,53,2670,10701.9883,0,0,0,0,1,2,0,1,18.376,20.882,0.975,1748.875,82.62891,0.153477728,0,0,0,0.0006501624,0,0,0,0,0,0,0,0,0,65.1875,64,16376,14319,2056,12.5607309,53.277,0,0
05/27/2026 14:15:16,41,58,0,50,55,45,45,45,45,65,12.0960007,5.03,1.30800009,1.39200008,0.770000041,0.322000027,0.642,3.28400016,2.046,0,3.36800027,3.36800027,3.11200023,51,46.5,43.5,46.5,912,739,0,816,712,0,0,0,0,0,12.7,1.56,1.59,1.59,1.59,12.5,1.59,3.17,4.54,12.7,30.2207088,3426,144,4850,527,48.5,0.4559537,0.65,3070,103,32.3333321,0.122632436,0.65,3169,81,32.3333321,0.08402735,0.65,2881,45,32.3333321,0.0684168,0.65,3025,83,32.3333321,0.0828258,0.65,4850,246,48.5,0.261471778,0.65,2725,30,32.3333321,0.0533575229,0.65,2838,35,32.3333321,0.04693869,0.65,51.2500076,44.8750038,99.99749,9.363415,27.51735,25.3883438,5.124363,9.756401,34.43615,38.5,0.25,0,55,0,85,0.416,1.01,16,16,16,32,48,30,295,160,130,0,0,0,16,38.25,0.25,0,55,0,85,0.416,1.01,16,16,16,32,48,30,295,160,130,0,0,0,16,512,-1,485.785156,485.480469,0.3046875,0.5,7618.451,7618.951,0,0,0,0,0,0,0,0,0,0,0,0,512,600,1200,3000,49,0.955000043,1.30500007,0,1,15,52,360,5001.986,0,0,0,0,0,4,0,0,13.291,15.752,0.925,1748.25,82.32031,0.234530449,0,0,0,0,0,0,0,0,0,0.0129413418,0,0,0,64.84375,62,16376,14319,2056,12.5569153,40.582,49152,0
05/27/2026 14:15:19,41,58,0,50,55,45,45,45,45,65,12.12,5.03,1.30800009,1.39200008,0.802000046,0.316,0.640000045,3.28400016,2.046,0,3.36800027,3.36800027,3.11600018,51,47,43.5,46.5,920,765,0,811,695,0,0,0,0,0,15.38,0,1.56,1.56,0,10.77,0,0,3.66,15.38,30.0319519,3262,127,4850,500,48.5,0.426137269,0.65,2841,74,32.3333321,0.07481517,0.65,2651,30,32.3333321,0.0339691341,0.65,2608,26,32.3333321,0.031727735,0.65,2799,51,32.3333321,0.0483263656,0.65,4850,278,48.5,0.280981541,0.65,2699,30,32.3333321,0.0321527235,0.65,2796,29,32.3333321,0.0317664258,0.65,51.3750076,45.8750038,99.99748,9.362511,27.5182533,25.3858871,5.131035,9.749729,34.4809952,38.5,0.25,0,55,0,85,0.416,1.01,16,16,16,32,48,30,295,160,130,0,0,0,16,38.25,0.25,0,55,0,85,0.416,1.01,16,16,16,32,48,30,295,160,130,0,0,0,16,512,-1,485.785156,485.480469,0.3046875,0.5,7618.451,7618.951,0,0,0,0,0,0,0,0,0,0,0,0,512,600,1200,3000,49,0.950000048,1.30500007,0,1,15,52,210,810,0,0,0,0,0,21,0,0,10.573,11.877,0.925,1746.125,82.47656,0.035859596,0,0,0,0.0008367575,0,0,0,0,0,0,0,0,0,64.84375,62,16376,14321,2054,12.5439377,30.388,49152,49152
05/27/2026 14:15:21,41,58,0,50,55,45,45,45,45,65,12.12,5.04,1.31000006,1.39200008,0.782000065,0.318000019,0.642,3.288,2.046,0,3.36800027,3.36800027,3.11600018,51,47,43.5,46.5,909,767,0,812,712,0,0,0,0,0,9.23,0,0,0,0,4.62,0,0,1.73,9.23,28.1258354,3180,102,4850,429,48.5,0.3364492,0.65,2703,50,32.3333321,0.0379582942,0.65,2679,32,32.3333321,0.0137490826,0.65,2551,21,32.3333321,0.0123267332,0.65,2729,30,32.3333321,0.0194448885,0.65,4850,224,48.5,0.23116903,0.65,2532,17,32.3333321,0.0122802174,0.65,2545,14,32.3333321,0.011794473,0.65,51.0000076,45.8750038,99.99749,9.326969,27.5537949,25.2895279,5.09977341,9.780991,34.2709122,38.5,0.25,0,55,0,85,0.416,1.01,16,16,16,32,48,30,295,160,130,0,0,0,16,38.25,0.25,0,55,0,85,0.416,1.01,16,16,16,32,48,30,295,160,130,0,0,0,16,512,-1,485.785156,485.480469,0.3046875,0.5,7618.451,7618.951,0,0,0,0,0,0,0,0,0,0,0,0,512,600,1200,3000,49,0.945000052,1.30500007,0,6,15,52,210,405,0,0,0,0,0,40,0,0,8.177,8.322,0.865,1744.375,82.39844,0,0,0,0,0,0,0,0,0,0,0.05804216,0,0,0,64.6875,62,16376,14323,2052,12.5332518,31.348,99328,0
05/27/2026 14:15:23,41,58,0,50,55,45,45,45,45,65,12.12,5.03,1.30800009,1.39200008,0.94600004,0.328,0.642,3.288,2.046,0,3.36800027,3.36800027,3.11600018,51,47,43.5,46.5,910,768,0,812,694,0,0,0,0,0,12.5,4.69,0,0,0,3.12,0,0,2.54,12.5,27.9069977,3278,224,3600,797,36,0.7929033,0.9625,3495,263,36,0.414481461,0.95625,3126,53,36,0.06955526,0.95625,3144,45,36,0.05633188,0.95,3319,108,36,0.205242544,0.95625,3600,475,36,0.62001425,0.95625,2903,20,36,0.0375192463,0.95,3038,29,36,0.03398998,0.94375,51.0000076,44.0000038,99.99749,9.349331,27.5314331,25.3501587,5.1042366,9.776527,34.3009033,38.5,0.25,0,55,0,85,0.416,1.01,16,16,16,32,48,30,295,160,130,0,0,0,16,38.25,0.25,0,55,0,85,0.416,1.01,16,16,16,32,48,30,295,160,130,0,0,0,16,512,-1,485.785156,485.480469,0.3046875,0.5,7618.451,7618.951,0,0,0,0,0,0,0,0,0,0,0,0,512,600,1200,3000,49,0.745000064,1.30500007,0,0,14,52,210,405,0,0,0,0,23,46,0,0,8.237,8.069,0.865,1750.832,84.14844,2.48613262,0,0,0,0.0222953726,0,0,0,0,0,2.02377653,0,0,0,64.59375,62,16376,14317,2058,12.5725632,23.51,0,0
05/27/2026 14:15:25,41,58,0,50,55,45,45,45,45,65,12.12,5.03,1.30800009,1.39200008,0.832,0.326,0.642,3.28400016,2.046,0,3.36800027,3.364,3.11600018,51,47,43.5,46.5,904,768,0,798,695,0,0,0,0,0,12.31,0,0,0,0,3.08,0,0,1.92,12.31,28.4706688,3166,126,5050,491,50.5,0.427461,0.575,3132,86,33.6666679,0.08676762,0.575,3009,52,33.6666679,0.0446246378,0.575,2719,26,32.3333321,0.0301708858,0.575,2766,38,32.3333321,0.0426209,0.575,3233,272,32.3333321,0.320492327,0.575,2758,28,32.3333321,0.0303660762,0.575,2662,18,32.3333321,0.0278669335,0.575,51.1250076,44.8750038,99.99749,9.341305,27.53946,25.3284,5.107258,9.773506,34.3212128,38.5,0.25,0,55,0,85,0.416,1.01,16,16,16,32,48,30,295,160,130,0,0,0,16,38.25,0.25,0,55,0,85,0.416,1.01,16,16,16,32,48,30,295,160,130,0,0,0,16,512,-1,485.785156,485.480469,0.3046875,0.5,7618.451,7618.951,0,0,0,0,0,0,0,0,0,0,0,0,512,600,1200,3000,50,0.950000048,1.30500007,0,1,15,52,210,405,0,0,0,0,0,42,0,0,7.459,7.559,0.865,1750.82031,82.39844,0.0246373154,0,0,0,0.00143766915,0,0,0,0,0,0.31673032,0,0,0,64.53125,62,16376,14317,2058,12.5725632,21.526,0,0
05/27/2026 14:15:27,41,58,0,50,55,45,45,45,45,65,12.12,5.03,1.30800009,1.39200008,0.808,0.318000019,0.642,3.28400016,2.046,0,3.36800027,3.36800027,3.11600018,51,47,43.5,46.5,910,740,0,798,712,0,0,0,0,0,14.06,7.81,3.17,1.59,4.76,15.62,3.17,0,6.27,15.62,28.29295,3068,137,4850,549,48.5,0.440678954,0.65,2865,68,32.3333321,0.07217977,0.65,2684,34,32.3333321,0.0401377119,0.65,2605,24,32.3333321,0.0320904851,0.65,2797,51,32.3333321,0.04177579,0.65,3233,314,32.3333321,0.3077494,0.65,2803,35,32.3333321,0.0316822864,0.65,2705,21,32.3333321,0.0298340544,0.65,51.1250076,44.3750038,99.99748,9.340813,27.5399513,25.3270569,5.10446548,9.77629852,34.3024368,38.5,0.25,0,55,0,85,0.416,1.01,16,16,16,32,48,30,295,160,130,0,0,0,16,38.25,0.25,0,55,0,85,0.416,1.01,16,16,16,32,48,30,295,160,130,0,0,0,16,512,-1,485.785156,485.480469,0.3046875,0.5,7618.451,7618.951,0,0,0,0,0,0,0,0,0,0,0,0,512,600,1200,3000,50,0.75000006,1.30500007,0,0,14,52,210,405,0,0,0,0,0,42,0,0,7.929,7.903,0.865,1747.75781,82.39844,0.009690417,0,0,0,0,0,0,0,0,0,0,0,0,0,64.46875,62,16376,14320,2055,12.5538616,21.852,49152,0
05/27/2026 14:15:29,41,58,0,50,55,45,45,45,45,65,12.12,5.03,1.30800009,1.39200008,0.806000054,0.322000027,0.642,3.28400016,2.046,0,3.364,3.364,3.11200023,51,47,43.5,46.5,917,740,0,797,695,0,0,0,0,0,10.94,0,0,0,0,3.12,0,0,1.76,10.94,29.6796989,3524,127,4850,504,48.5,0.40427348,0.64375,4486,85,48.5,0.0979566351,0.64375,2871,56,32.3333321,0.0536516458,0.64375,2741,35,32.3333321,0.0420591,0.64375,2922,61,32.3333321,0.06643339,0.64375,4794,203,48.5,0.2248661,0.64375,2807,33,32.3333321,0.0379510075,0.64375,2719,36,32.3333321,0.0349407978,0.64375,51.1250076,46.3750038,99.99749,9.373772,27.5069923,25.4164276,5.13825226,9.742512,34.5294952,38.5,0.25,0,55,0,85,0.416,1.01,16,16,16,32,48,30,295,160,130,0,0,0,16,38.25,0.25,0,55,0,85,0.416,1.01,16,16,16,32,48,30,295,160,130,0,0,0,16,512,-1,485.785156,485.480469,0.3046875,0.5,7618.451,7618.951,0,0,0,0,0,0,0,0,0,0,0,0,512,600,1200,3000,49,0.960000038,1.30500007,0,5,16,53,2670,10701.9883,0,0,0,0,0,2,0,0,18.733,20.995,0.975,1733.75391,82.39844,0,0,0,0,0,0,0,0,0,0,0,0,0,0,65.28125,64,16376,14334,2041,12.46837,53.904,0,149504
05/27/2026 14:15:31,41,58,0,50,55,45,45,45,45,65,12.12,5.03,1.30800009,1.39200008,0.772,0.324,0.642,3.28400016,2.046,0,3.36800027,3.36800027,3.11600018,51,46.5,43.5,46.5,919,740,0,801,712,0,0,0,0,0,6.25,1.56,1.56,0,0,3.12,0,0,1.56,6.25,30.2185249,3625,146,4040,515,40.4,0.467700064,0.54375,3537,78,40.4,0.08937536,0.54375,3718,67,40.4,0.0502485745,0.54375,3306,28,40.4,0.0351877362,0.54375,3480,49,40.4,0.0529307835,0.54375,5050,365,50.5,0.390846372,0.5625,3045,40,33.6666679,0.0361941047,0.5625,2827,30,33.6666679,0.0323456749,0.5625,51.3750076,45.8750038,99.99749,9.318031,27.5627327,25.26529,5.103325,9.777439,34.2947769,38.5,0.25,0,55,0,85,0.416,1.01,16,16,16,32,48,30,295,160,130,0,0,0,16,38.25,0.25,0,55,0,85,0.416,1.01,16,16,16,32,48,30,295,160,130,0,0,0,16,512,-1,485.785156,485.480469,0.3046875,0.5,7618.451,7618.951,0,0,0,0,0,0,0,0,0,0,0,0,512,600,1200,3000,49,0.565,1.30500007,0,0,14,53,570,5001.986,0,0,0,0,0,2,0,0,14.941,16.397,0.925,1732.75391,82.39844,0.00751625,0,0,0,0.00154688,0,0,0,0,0,0.0265547726,0,0,0,65.34375,64,16376,14335,2040,12.4622631,52.761,99328,0
05/27/2026 14:15:33,41,58,0,50,55,45,45,45,45,65,12.12,5.03,1.31000006,1.39200008,0.938,0.326,0.640000045,3.288,2.046,0,3.364,3.364,3.11600018,51,47,43.5,46.5,920,769,0,800,712,0,0,0,0,0,13.85,10.77,0,1.54,0,13.85,0,0,5,13.85,31.418354,3239,216,4850,769,48.5,0.751102149,0.6375,3142,234,32.3333321,0.3680787,0.6375,2818,53,32.3333321,0.056307,0.6375,2913,42,32.3333321,0.0490088873,0.6375,3070,108,32.3333321,0.19227992,0.6375,3233,466,32.3333321,0.548479,0.6375,2777,27,32.3333321,0.0357545055,0.65625,3106,33,32.3333321,0.030743368,0.65625,51.2500076,46.3750038,99.99748,9.366138,27.5146255,25.39573,5.1344986,9.746265,34.5042648,38.5,0.25,0,55,0,85,0.416,1.01,16,16,16,32,48,30,295,160,130,0,0,0,16,38.25,0.25,0,55,0,85,0.416,1.01,16,16,16,32,48,30,295,160,130,0,0,0,16,512,-1,485.785156,485.480469,0.3046875,0.5,7618.451,7618.951,0,0,0,0,0,0,0,0,0,0,0,0,512,600,1200,3000,49,1.04500008,1.30500007,0,0,15,52,255,5001.986,0,0,0,0,16,4,0,0,13.107,15.759,0.925,1738.56641,82.47656,0.7023578,0,0,0,0.0113634141,0,0,0,0,0,0.8935991,0,0,0,65.09375,64,16376,14329,2046,12.4977579,38.231,0,0
05/27/2026 14:15:35,41,58,0,50,55,45,45,45,45,65,12.0960007,5.03,1.30800009,1.39200008,0.746000051,0.326,0.642,3.28400016,2.046,0,3.36800027,3.36800027,3.11600018,51,47,43.5,46.5,911,768,0,800,695,0,0,0,0,0,11.11,6.35,0,1.56,1.56,7.94,0,0,3.57,11.11,29.1166649,3051,130,4850,495,48.5,0.4048506,0.66875,2886,81,32.3333321,0.08753485,0.66875,2748,41,32.3333321,0.04031027,0.66875,2604,26,32.3333321,0.0330897272,0.66875,2792,45,32.3333321,0.05167901,0.66875,3233,308,32.3333321,0.306390971,0.66875,2590,21,32.3333321,0.0311845951,0.66875,2706,27,32.3333321,0.03206543,0.66875,51.1250076,44.0000038,99.99748,9.360764,27.52,25.3811569,5.13536072,9.745403,34.5100632,38.5,0.25,0,55,0,85,0.416,1.01,16,16,16,32,48,30,295,160,130,0,0,0,16,38.25,0.25,0,55,0,85,0.416,1.01,16,16,16,32,48,30,295,160,130,0,0,0,16,512,-1,485.785156,485.480469,0.3046875,0.5,7618.451,7618.951,0,0,0,0,0,0,0,0,0,0,0,0,512,600,1200,3000,50,0.780000031,1.30500007,0,2,15,52,210,810,0,0,0,0,0,22,0,0,11.036,13.086,0.925,1738.56641,82.47656,0.09009221,0,0,0,0,0,0,0,0,0,0,0,0,0,65.0625,62,16376,14329,2046,12.4977579,30.575,99328,0
05/27/2026 14:15:37,41,57,0,50,55,45,45,45,45,65,12.12,5.03,1.30800009,1.39200008,0.824000061,0.324,0.642,3.28400016,2.046,0,3.36800027,3.364,3.11200023,51,47,43.5,46.5,908,766,0,813,695,0,0,0,0,0,10.77,0,0,0,1.54,4.62,1.54,0,2.31,10.77,29.5741329,3810,127,4850,503,48.5,0.453123629,0.88125,2894,74,32.3333321,0.0742737353,0.88125,2778,44,32.3333321,0.04037555,0.88125,2635,28,32.3333321,0.03223513,0.88125,4282,57,48.5,0.0536212176,0.6875,4850,257,48.5,0.284613162,0.6875,4080,24,48.5,0.03263999,0.6875,4107,26,48.5,0.0298740733,0.6875,51.1250076,45.8750038,99.99749,9.35067,27.5300941,25.3537827,5.12818527,9.752579,34.4618378,38.5,0.25,0,55,0,85,0.416,1.01,16,16,16,32,48,30,295,160,130,0,0,0,16,38.25,0.25,0,55,0,85,0.416,1.01,16,16,16,32,48,30,295,160,130,0,0,0,16,512,-1,485.785156,485.480469,0.3046875,0.5,7618.451,7618.951,0,0,0,0,0,0,0,0,0,0,0,0,512,600,1200,3000,50,0.969000041,1.30500007,0,2,15,52,210,405,0,0,0,0,0,46,0,0,8.126,8.222,0.865,1737.5625,82.16406,0.355176479,0,0,0,0.00126116816,0,0,0,0,0,0.09620348,0,0,0,64.8125,64,16376,14330,2045,12.4916515,28.47,0,0
05/27/2026 14:15:39,41,58,0,50,55,45,45,45,45,65,12.0960007,5.03,1.30800009,1.39200008,0.806000054,0.316,0.642,3.28400016,2.046,0,3.364,3.364,3.11200023,51,46.5,43.5,46.5,916,761,0,811,712,0,0,0,0,0,13.85,0,0,0,1.54,3.08,0,0,2.31,13.85,27.8151321,3295,127,4850,556,48.5,0.436500937,0.6375,2907,70,32.3333321,0.070273675,0.6375,2705,36,32.3333321,0.0353512242,0.6375,2624,26,32.3333321,0.030864032,0.6375,2935,54,32.3333321,0.0528709255,0.6375,4741,211,48.5,0.238680869,0.64375,2834,33,32.3333321,0.0337685533,0.64375,2763,27,32.3333321,0.03423714,0.64375,51.1250076,43.5000038,99.9975,9.341183,27.5395813,25.328064,5.10150528,9.779259,34.282547,38.5,0.25,0,55,0,85,0.416,1.01,16,16,16,32,48,30,295,160,130,0,0,0,16,38.25,0.25,0,55,0,85,0.416,1.01,16,16,16,32,48,30,295,160,130,0,0,0,16,512,-1,485.785156,485.480469,0.3046875,0.5,7618.451,7618.951,0,0,0,0,0,0,0,0,0,0,0,0,512,600,1200,3000,50,0.965000033,1.30500007,0,0,14,52,270,405,0,0,0,0,0,42,0,0,7.513,7.571,0.865,1741.88281,83.640625,0.008113433,0,0,0,0,0,0,0,0,0,0,0,0,0,64.75,62,16376,14326,2049,12.5179853,22.554,0,0
05/27/2026 14:15:41,41,58,0,50,55,45,45,45,45,65,12.12,5.03,1.30800009,1.39200008,0.786,0.320000023,0.642,3.288,2.046,0,3.36800027,3.364,3.11600018,50,47,43.5,47,905,764,0,814,695,0,0,0,0,0,9.38,0,0,0,0,0,0,0,1.17,9.38,27.6299915,3376,100,4850,423,48.5,0.28174898,0.6625,2865,68,32.3333321,0.0431317873,0.6625,2571,26,32.3333321,0.0165843889,0.6625,2762,32,32.3333321,0.0182682052,0.6625,3948,31,48.5,0.0199732371,0.6625,4755,187,48.5,0.176227435,0.64375,2701,17,32.3333321,0.0211607665,0.64375,2553,18,32.3333321,0.0110471649,0.64375,50.8750076,44.0000038,99.99749,9.35667,27.5240936,25.3700562,5.12820053,9.752563,34.4619446,38.5,0.25,0,55,0,85,0.416,1.01,16,16,16,32,48,30,295,160,130,0,0,0,16,38.25,0.25,0,55,0,85,0.416,1.01,16,16,16,32,48,30,295,160,130,0,0,0,16,512,-1,485.785156,485.480469,0.3046875,0.5,7618.451,7618.951,0,0,0,0,0,0,0,0,0,0,0,0,512,600,1200,3000,48,0.570000052,1.30500007,0,0,13,52,210,405,0,0,0,0,0,21,0,0,6.766,6.832,0.865,1741.875,82.71875,1.20902979,0,0,0,0,0,0,0,0,0,0.0516420044,0,0,0,64.65625,62,16376,14326,2049,12.5179853,18.672,49152,0
05/27/2026 14:15:43,40,58,0,49,54,44,44,44,44,63,12.0960007,5.03,1.30800009,1.39200008,0.936000049,0.326,0.640000045,3.28400016,2.046,0,3.364,3.36800027,3.11600018,50,47,43.5,46.5,892,768,0,808,708,0,0,0,0,0,12.7,7.94,0,0,3.17,12.7,1.56,0,4.76,12.7,29.1613026,3360,260,4850,952,48.5,0.8612695,0.66875,3157,295,32.3333321,0.446003169,0.66875,2867,68,32.3333321,0.100264043,0.66875,2818,42,32.3333321,0.08250917,0.66875,2991,129,32.3333321,0.251132429,0.6625,4850,544,48.5,0.6705576,0.6625,2699,26,32.3333321,0.03977163,0.6625,2650,20,32.3333321,0.0346914269,0.6625,50.8750076,45.8750038,99.99749,9.348484,27.53228,25.3478546,5.105335,9.775429,34.30829,38.5,0.25,0,55,0,85,0.416,1.01,16,16,16,32,48,30,295,160,130,0,0,0,16,38.25,0.25,0,55,0,85,0.416,1.01,16,16,16,32,48,30,295,160,130,0,0,0,16,512,-1,485.785156,485.480469,0.3046875,0.5,7618.451,7618.951,0,0,0,0,0,0,0,0,0,0,0,0,512,600,1200,3000,49,0.965000033,1.30500007,0,1,14,52,225,405,0,0,0,0,22,46,0,0,8.312,8.186,0.865,1748.25,83.24219,6.600922,0,0,0,0.178163633,0,0,0,0,0,5.251551,0,0,0,64.6875,62,16376,14319,2056,12.5569153,22.325,49152,0
05/27/2026 14:15:45,40,58,0,48,53,44,44,44,44,63,12.12,5.03,1.30800009,1.39200008,0.698,0.322000027,0.640000045,3.28400016,2.046,0,3.364,3.36800027,3.11600018,51,47,43.5,47,891,768,0,792,703,0,0,0,0,0,7.81,0,0,0,0,0,0,0,0.98,7.81,28.9417229,3173,103,4850,481,48.5,0.4004141,0.88125,2783,66,32.3333321,0.037358705,0.88125,2639,28,32.3333321,0.0146168284,0.88125,2683,27,32.3333321,0.0269798357,0.88125,2601,36,32.3333321,0.0167270377,0.88125,4579,143,48.5,0.188828334,0.88125,2721,25,32.3333321,0.0149305416,0.88125,2528,18,32.3333321,0.0121074766,0.88125,50.8750076,46.3750038,99.99749,9.371418,27.509346,25.4100418,5.13108826,9.749676,34.4813461,38.5,0.25,0,55,0,85,0.416,1.01,16,16,16,32,48,30,295,160,130,0,0,0,16,38.25,0.25,0,55,0,85,0.416,1.01,16,16,16,32,48,30,295,160,130,0,0,0,16,512,-1,485.785156,485.480469,0.3046875,0.5,7618.451,7618.951,0,0,0,0,0,0,0,0,0,0,0,0,512,600,1200,3000,48,0.56,1.30500007,0,0,13,52,210,405,0,0,0,0,0,21,0,0,6.946,7.057,0.865,1748.25,83.24219,0,0,0,0,0,0,0,0,0,0,0,0,0,0,64.59375,62,16376,14319,2056,12.5569153,20.96,0,49152
05/27/2026 14:15:46,40,58,0,48,53,44,44,44,44,63,12.12,5.03,1.30800009,1.39200008,0.656,0.314,0.640000045,3.28400016,2.046,0,3.36800027,3.36800027,3.11600018,50,47,43.5,47,897,737,0,792,693,0,0,0,0,0,10.94,0,0,0,0,3.12,0,0,1.76,10.94,27.7847519,3024,130,4850,549,48.5,0.4430667,0.6375,2799,66,32.3333321,0.06830548,0.6375,2729,35,32.3333321,0.0339383259,0.6375,2600,26,32.3333321,0.0278620776,0.6375,2781,56,32.3333321,0.0486475863,0.6375,3233,264,32.3333321,0.276001543,0.6375,2617,23,32.3333321,0.0267241281,0.6375,2586,20,32.3333321,0.0256980434,0.6375,50.7500076,44.0000038,99.99749,9.333252,27.5475121,25.3065567,5.09833145,9.782433,34.2612152,38.5,0.25,0,55,0,85,0.416,1.01,16,16,16,32,48,30,295,160,130,0,0,0,16,38.25,0.25,0,55,0,85,0.416,1.01,16,16,16,32,48,30,295,160,130,0,0,0,16,512,-1,485.785156,485.480469,0.3046875,0.5,7618.451,7618.951,0,0,0,0,0,0,0,0,0,0,0,0,512,600,1200,3000,49,0.784000039,1.30500007,0,1,14,52,210,405,0,0,0,0,0,21,0,0,6.551,6.724,0.865,1747.99609,82.00781,1.110265,0,0,0,0,0,0,0,0,0,0,0,0,0,64.5625,62,16376,14319,2056,12.5553875,19.006,99328,0
05/27/2026 14:15:48,40,58,0,48,53,44,44,44,44,63,12.12,5.03,1.31000006,1.39200008,0.808,0.322000027,0.640000045,3.288,2.046,0,3.36800027,3.36800027,3.11600018,50,47,43.5,47,894,738,0,791,674,0,0,0,0,0,6.25,0,0,0,1.56,1.56,0,0,1.17,6.25,30.174654,3214,105,4850,480,48.5,0.34804827,0.65,2739,54,32.3333321,0.04594472,0.65,2622,26,32.3333321,0.0168196019,0.65,2650,26,32.3333321,0.0133103654,0.65,2771,36,32.3333321,0.03885462,0.65,4650,168,48.5,0.15813753,0.65,2655,21,32.3333321,0.0188479666,0.65,2772,27,32.3333321,0.0162061621,0.65,50.8750076,44.8750038,99.99749,9.328823,27.55194,25.294548,5.09928131,9.781483,34.26761,38.5,0.25,0,55,0,85,0.416,1.01,16,16,16,32,48,30,295,160,130,0,0,0,16,38.25,0.25,0,55,0,85,0.416,1.01,16,16,16,32,48,30,295,160,130,0,0,0,16,512,-1,485.785156,485.480469,0.3046875,0.5,7618.451,7618.951,0,0,0,0,0,0,0,0,0,0,0,0,512,600,1200,3000,50,0.940000057,1.30500007,0,2,15,53,2670,10701.9883,0,0,0,0,0,2,0,0,18.312,19.235,0.975,1745.5625,82.61719,0,0,0,0,0,0,0,0,0,0,0,0,0,0,65.3125,64,16376,14322,2053,12.5405025,51.169,49152,0
05/27/2026 14:15:51,40,58,0,48,53,44,44,44,44,63,12.12,5.03,1.30800009,1.39200008,0.776,0.318000019,0.640000045,3.288,2.046,0,3.37200022,3.36800027,3.11600018,51,47,43.5,47,894,739,0,781,673,0,0,0,0,0,9.38,4.76,1.59,3.17,1.59,11.11,1.59,1.59,4.35,11.11,30.1878471,3291,129,4850,487,48.5,0.399727583,0.65,4437,104,48.5,0.106458873,0.65,2746,34,32.3333321,0.0346048027,0.65,2668,26,32.3333321,0.0300748013,0.65,2864,52,32.3333321,0.0486588925,0.65,3233,286,32.3333321,0.3390317,0.65,2830,25,32.3333321,0.0293260142,0.65,2699,21,32.3333321,0.0276779216,0.65,51.0000076,44.0000038,99.99749,9.356289,27.5244751,25.3690186,5.12669,9.754074,34.45179,38.5,0.25,0,55,0,85,0.416,1.01,16,16,16,32,48,30,295,160,130,0,0,0,16,38.25,0.25,0,55,0,85,0.416,1.01,16,16,16,32,48,30,295,160,130,0,0,0,16,512,-1,485.785156,485.480469,0.3046875,0.5,7618.451,7618.951,0,0,0,0,0,0,0,0,0,0,0,0,512,600,1200,3000,50,0.950000048,1.30500007,0,1,15,53,555,5001.986,0,0,0,0,0,2,0,0,14.047,18.782,0.925,1745.30859,82.16406,0.008461426,0,0,0,0,0,0,0,0,0,0.0243577436,0,0,0,65.46875,64,16376,14322,2053,12.5389767,53.539,0,0
05/27/2026 14:15:53,41,58,0,49,54,45,45,45,45,65,12.12,5.03,1.31000006,1.39200008,0.95600003,0.328,0.640000045,3.288,2.046,0,3.36800027,3.36800027,3.11600018,51,47,43.5,46.5,908,740,0,797,677,0,0,0,0,0,14.06,3.12,1.56,1.56,4.69,6.25,0,0,3.91,14.06,29.97561,3896,243,4850,919,48.5,0.894490361,1.075,3115,251,32.3333321,0.402319729,1.075,2926,77,32.3333321,0.1025985,1.075,2787,44,32.3333321,0.0621462651,1.075,4528,130,48.5,0.241362974,0.70625,4850,466,48.5,0.5806766,0.70625,3986,28,48.5,0.04139561,0.70625,4127,26,48.5,0.03370641,0.70625,51.1250076,43.5000038,99.99749,9.37257,27.508194,25.41317,5.13637924,9.744385,34.5169067,38.5,0.25,0,55,0,85,0.416,1.01,16,16,16,32,48,30,295,160,130,0,0,0,16,38.25,0.25,0,55,0,85,0.416,1.01,16,16,16,32,48,30,295,160,130,0,0,0,16,512,-1,485.785156,485.480469,0.3046875,0.5,7618.451,7618.951,0,0,0,0,0,0,0,0,0,0,0,0,512,600,1200,3000,50,0.784000039,1.30500007,0,1,15,52,255,810,0,0,0,0,18,23,0,0,10.904,12.008,0.925,1748.69922,83.88281,2.22465563,0,0,0,0.06475777,0,0,0,0,0,1.4707917,0,0,0,65.125,62,16376,14319,2056,12.5595865,31.893,49152,0
05/27/2026 14:15:55,41,58,0,50,55,45,45,45,45,65,12.12,5.03,1.30800009,1.39200008,0.742000043,0.326,0.642,3.28400016,2.046,0,3.364,3.36800027,3.11600018,51,47,43.5,47,911,740,0,806,697,0,0,0,0,0,7.81,1.56,0,0,0,3.12,0,0,1.56,7.81,28.04445,3171,136,4850,489,48.5,0.395266682,0.6625,3078,105,32.3333321,0.0989655554,0.6625,2897,42,32.3333321,0.045398023,0.6625,2908,44,32.3333321,0.042080652,0.6625,3036,73,32.3333321,0.06800343,0.6625,3233,287,32.3333321,0.275596172,0.6625,2765,27,32.3333321,0.0302980356,0.6625,2604,18,32.3333321,0.0210530143,0.6625,51.0000076,43.5000038,99.99749,9.368473,27.512291,25.4020615,5.133358,9.747406,34.4966049,38.5,0.25,0,55,0,85,0.416,1.01,16,16,16,32,48,30,295,160,130,0,0,0,16,38.25,0.25,0,55,0,85,0.416,1.01,16,16,16,32,48,30,295,160,130,0,0,0,16,512,-1,485.785156,485.480469,0.3046875,0.5,7618.451,7618.951,0,0,0,0,0,0,0,0,0,0,0,0,512,600,1200,3000,50,0.955000043,1.30500007,0,1,14,52,210,405,0,0,0,0,0,26,0,0,6.721,6.678,0.865,1748.69141,82.96094,1.37645841,0,0,0,0,0,0,0,0,0,0.09246311,0,0,0,64.8125,62,16376,14319,2056,12.5595865,26.476,49152,0
05/27/2026 14:15:57,41,58,0,50,55,45,45,45,45,65,12.12,5.03,1.30800009,1.39200008,0.762,0.316,0.640000045,3.28400016,2.046,0,3.36800027,3.36800027,3.11600018,51,47,43.5,47,907,768,0,814,708,0,0,0,0,0,6.35,0,0,0,0,0,0,0,0.79,6.35,28.0641956,3070,126,4850,553,48.5,0.467238039,0.6375,2927,79,32.3333321,0.07295271,0.6375,2670,35,32.3333321,0.041368,0.6375,2652,29,32.3333321,0.03170848,0.6375,2832,54,32.3333321,0.0576716475,0.6375,3233,204,32.3333321,0.239648014,0.65,2768,33,32.3333321,0.0328481719,0.65,2624,21,32.3333321,0.0272277612,0.65,51.0000076,44.0000038,99.99748,9.364651,27.5161133,25.3916931,5.133026,9.747738,34.49437,38.5,0.25,0,55,0,85,0.416,1.01,16,16,16,32,48,30,295,160,130,0,0,0,16,38.25,0.25,0,55,0,85,0.416,1.01,16,16,16,32,48,30,295,160,130,0,0,0,16,512,-1,485.785156,485.480469,0.3046875,0.5,7618.451,7618.951,0,0,0,0,0,0,0,0,0,0,0,0,512,600,1200,3000,51,0.745000064,1.30500007,0,0,14,52,210,405,0,0,0,0,0,46,0,0,8.137,8.268,0.865,1747.25,82.08594,0.371825069,0,0,0,0.0008901456,0,0,0,0,0,0,0,0,0,64.78125,62,16376,14320,2055,12.5508089,21.428,49152,0
05/27/2026 14:15:59,41,58,0,50,55,45,45,45,45,65,12.12,5.03,1.30800009,1.39200008,0.772,0.31,0.640000045,3.28400016,2.046,0,3.36800027,3.36800027,3.11600018,51,47,43.5,47,919,768,0,798,694,0,0,0,0,0,6.25,1.54,0,0,0,7.81,0,0,1.95,7.81,30.52512,3275,141,3600,608,36,0.4741827,1.15,3264,78,36,0.08387708,1.15,3278,52,36,0.04167291,1.15,3080,34,36,0.03347817,1.15,3269,62,36,0.05212367,1.15,3600,242,36,0.282314122,1.15,3176,28,36,0.0361727923,1.15,2935,26,36,0.0305179879,1.15,51.0000076,45.8750038,99.99748,9.373344,27.50742,25.4152679,5.139229,9.741535,34.5360565,38.5,0.25,0,55,0,85,0.416,1.01,16,16,16,32,48,30,295,160,130,0,0,0,16,38.25,0.25,0,55,0,85,0.416,1.01,16,16,16,32,48,30,295,160,130,0,0,0,16,512,-1,485.785156,485.480469,0.3046875,0.5,7618.451,7618.951,0,0,0,0,0,0,0,0,0,0,0,0,512,600,1200,3000,50,0.965000033,1.30500007,0,1,14,52,300,405,0,0,0,0,0,42,0,0,8.162,8.204,0.865,1733.35938,82.08594,0.00774520263,0,0,0,0,0,0,0,0,0,0,0,0,0,64.875,64,16376,14334,2041,12.4660807,23.935,0,99328
05/27/2026 14:16:01,41,58,0,50,55,45,45,45,45,65,12.0960007,5.03,1.30800009,1.39200008,0.882,0.324,0.642,3.28400016,2.046,0,3.36800027,3.36800027,3.11600018,51,47,43.5,47,918,769,0,799,711,0,0,0,0,0,3.12,0,0,0,0,3.12,0,0,0.78,3.12,28.15447,3118,145,3233,537,32.3333321,0.4790353,0.9375,2904,92,32.3333321,0.120804675,0.6875,2799,53,32.3333321,0.0485732928,0.6875,2705,29,32.3333321,0.0384147428,0.6875,2868,60,32.3333321,0.0736230761,0.6875,4850,322,48.5,0.349609852,0.6875,2705,27,32.3333321,0.0331930146,0.6875,2881,42,32.3333321,0.0406365134,0.6875,51.1250076,44.0000038,99.99749,9.321716,27.5590477,25.2752762,5.10812759,9.772636,34.32705,38.5,0.25,0,55,0,85,0.416,1.01,16,16,16,32,48,30,295,160,130,0,0,0,16,38.25,0.25,0,55,0,85,0.416,1.01,16,16,16,32,48,30,295,160,130,0,0,0,16,512,-1,485.785156,485.480469,0.3046875,0.5,7618.451,7618.951,0,0,0,0,0,0,0,0,0,0,0,0,512,600,1200,3000,48,0.410000026,1.30500007,0,0,11,52,210,405,0,0,0,0,0,42,0,0,7.487,7.641,0.865,1732.35938,82.23828,1.166416,0,0,0,0.00132936216,0,0,0,0,0,0.231477663,0,0,0,64.8125,62,16376,14335,2040,12.4599743,21.269,0,249856
05/27/2026 14:16:03,41,58,0,50,55,45,45,45,45,65,12.12,5.03,1.30800009,1.39200008,0.972000062,0.342,0.640000045,3.28400016,2.046,0,3.36800027,3.36800027,3.11200023,51,47,43.5,47,922,741,0,815,712,0,0,0,0,0,18.75,3.12,1.56,0,1.56,9.38,3.12,1.56,4.88,18.75,29.9023476,3166,249,4850,900,48.5,0.848530054,0.6375,3180,298,32.3333321,0.4478749,0.6375,2896,71,32.3333321,0.08788466,0.6375,2740,38,32.3333321,0.0591245741,0.6375,3002,130,32.3333321,0.2441028,0.6375,3233,508,32.3333321,0.6348592,0.6375,2743,26,32.3333321,0.0485708378,0.6375,2685,23,32.3333321,0.03366241,0.6375,51.1250076,46.3750038,99.99749,9.37151,27.5092545,25.4102859,5.143585,9.737179,34.56533,38.5,0.25,0,55,0,85,0.416,1.01,16,16,16,32,48,30,295,160,130,0,0,0,16,38.25,0.25,0,55,0,85,0.416,1.01,16,16,16,32,48,30,295,160,130,0,0,0,16,512,-1,485.785156,485.480469,0.3046875,0.5,7618.451,7618.951,0,0,0,0,0,0,0,0,0,0,0,0,512,600,1200,3000,49,0.745000064,1.30500007,0,1,14,52,210,405,0,0,0,0,24,46,0,0,7.623,7.681,0.865,1738.10938,82.31641,6.93056345,0,0,0,0.0233717337,0,0,0,0,0,4.826502,0,0,0,64.75,64,16376,14329,2046,12.4950867,19.948,49152,99328
05/27/2026 14:16:05,41,58,0,50,55,45,45,45,45,65,12.12,5.03,1.30800009,1.39200008,0.722000062,0.316,0.640000045,3.28400016,2.046,0,3.36800027,3.36800027,3.11600018,50,47,43.5,47,908,740,0,800,695,0,0,0,0,0,18.75,6.25,1.59,1.59,4.76,12.5,1.59,1.59,6.08,18.75,27.78247,3172,103,4850,485,48.5,0.341519415,0.65,2752,49,32.3333321,0.032666266,0.65,2595,26,32.3333321,0.0135598453,0.65,2588,20,32.3333321,0.0116911195,0.65,2750,34,32.3333321,0.0195212346,0.65,4670,177,48.5,0.151536673,0.65,2565,14,32.3333321,0.0114440154,0.65,2604,17,32.3333321,0.0114285713,0.65,50.8750076,44.3750038,99.99748,9.364815,27.51595,25.3921356,5.13952637,9.741238,34.5380554,38.5,0.25,0,55,0,85,0.416,1.01,16,16,16,32,48,30,295,160,130,0,0,0,16,38.25,0.25,0,55,0,85,0.416,1.01,16,16,16,32,48,30,295,160,130,0,0,0,16,512,-1,485.785156,485.480469,0.3046875,0.5,7618.451,7618.951,0,0,0,0,0,0,0,0,0,0,0,0,512,600,1200,3000,47,0.405000031,1.30500007,0,0,11,52,210,405,0,0,0,0,0,21,0,0,7.218,7.151,0.865,1738.10938,82.31641,0,0,0,0,0,0,0,0,0,0,0,0,0,0,64.71875,62,16376,14329,2046,12.4950867,20.413,0,199680
05/27/2026 14:16:07,40,58,0,49,53,44,44,45,45,64,12.0960007,5.03,1.30800009,1.39200008,0.74,0.312,0.640000045,3.28400016,2.046,0,3.364,3.364,3.11600018,51,47,43.5,47,894,740,0,801,696,0,0,0,0,0,9.52,1.56,0,0,0,6.35,0,0,2.18,9.52,28.7019215,3216,150,3600,589,36,0.472352356,0.9625,3351,98,36,0.096485965,0.95625,3024,39,36,0.0427496321,0.95625,2651,24,32.3333321,0.0349355862,0.86875,2826,62,32.3333321,0.0714095756,1.14375,4850,347,48.5,0.388891637,1.14375,2637,20,32.3333321,0.03370981,1.14375,2791,24,32.3333321,0.0346302055,1.14375,50.8750076,44.0000038,99.99749,9.326164,27.5546,25.2873383,5.108734,9.77203,34.3311234,38.5,0.25,0,55,0,85,0.416,1.01,16,16,16,32,48,30,295,160,130,0,0,0,16,38.25,0.25,0,55,0,85,0.416,1.01,16,16,16,32,48,30,295,160,130,0,0,0,16,512,-1,485.785156,485.480469,0.3046875,0.5,7618.451,7618.951,0,0,0,0,0,0,0,0,0,0,0,0,512,600,1200,3000,48,0.599000037,1.30500007,0,0,13,52,210,405,0,0,0,0,0,46,0,0,8.079,8.079,0.865,1737.10938,82.31641,0.00595062226,0,0,0,0,0,0,0,0,0,0,0,0,0,64.75,62,16376,14330,2045,12.48898,21.675,0,249856
05/27/2026 14:16:09,41,58,0,49,54,47,47,47,47,67,12.12,5.03,1.30800009,1.39200008,0.682000041,0.31,0.640000045,3.28400016,2.046,0,3.36800027,3.36800027,3.11600018,54,47,43.5,47,918,769,0,797,684,0,0,0,0,0,9.52,0,0,0,0,14.29,0,0,2.98,14.29,28.6207714,3162,203,4850,635,48.5,0.5939922,0.6625,2995,138,32.3333321,0.183680579,0.6625,2802,47,32.3333321,0.0314245373,0.6625,2784,44,32.3333321,0.0271913391,0.6625,2856,59,32.3333321,0.06317352,0.6625,3233,622,32.3333321,0.662312,0.6625,2893,42,32.3333321,0.02417109,0.6625,2881,36,32.3333321,0.0269694515,0.6625,54.0000076,45.8750038,99.99749,9.360981,27.519783,25.3817444,5.14007568,9.740688,34.541748,38.5,0.25,0,55,0,85,0.416,1.01,16,16,16,32,48,30,295,160,130,0,0,0,16,38.25,0.25,0,55,0,85,0.416,1.01,16,16,16,32,48,30,295,160,130,0,0,0,16,512,-1,485.785156,485.480469,0.3046875,0.5,7618.451,7618.951,0,0,0,0,0,0,0,0,0,0,0,0,512,600,1200,3000,47,0.405000031,1.30500007,0,0,11,52,210,405,0,0,0,0,0,43,0,0,7.401,7.542,0.865,1744.75,82.39453,0,0,0,0,0,0,0,0,0,0,0,0,0,0,64.75,62,16376,14323,2052,12.5355425,21.954,49152,99328
05/27/2026 14:16:11,42,58,0,50,55,49,49,49,49,67,12.0960007,5.03,1.30800009,1.39200008,0.734,0.308000028,0.640000045,3.28400016,2.046,0,3.36800027,3.364,3.11600018,53,46.5,43.5,47,936,768,0,789,702,0,0,0,0,0,18.75,1.56,1.56,0,3.12,12.5,1.56,1.56,5.08,18.75,28.1104774,3372,154,4850,522,48.5,0.47167322,0.6625,3083,118,32.3333321,0.103849478,0.6625,2980,68,32.3333321,0.0554828979,0.6625,2640,30,32.3333321,0.0330409221,0.6625,3017,66,32.3333321,0.0763239563,0.6625,4850,367,48.5,0.377859145,0.6625,2790,31,32.3333321,0.03486189,0.6625,2765,31,32.3333321,0.0374194421,0.6625,53.2500076,46.3750038,99.99749,9.334236,27.5465279,25.309227,5.12000656,9.760757,34.4068832,38.5,0.25,0,55,0,85,0.416,1.01,16,16,16,32,48,30,295,160,130,0,0,0,16,38.25,0.25,0,55,0,85,0.416,1.01,16,16,16,32,48,30,295,160,130,0,0,0,16,512,-1,485.785156,485.480469,0.3046875,0.5,7618.451,7618.951,0,0,0,0,0,0,0,0,0,0,0,0,512,600,1200,3000,48,0.68,1.30500007,0,0,12,52,210,405,0,0,0,0,0,42,0,0,7.902,8.01,0.865,1742.3125,82.39453,0.03225291,0,0,0,0,0,0,0,0,0,0.08363493,0,0,0,64.6875,62,16376,14325,2050,12.5206575,21.47,0,199680
05/27/2026 14:16:13,42,58,0,51,56,48,48,47,47,66,12.0960007,5.03,1.30800009,1.39200008,0.954000056,0.336000025,0.640000045,3.28400016,2.046,0,3.36800027,3.364,3.11600018,52,47,43.5,47,963,765,0,802,694,0,0,0,0,0,15.87,1.56,0,0,1.56,11.11,0,0,3.76,15.87,29.2850323,3367,258,4850,962,48.5,0.904916465,0.6625,4636,239,48.5,0.404274851,0.6625,2868,87,32.3333321,0.09191271,0.6625,2772,61,32.3333321,0.0572289377,0.6625,2983,132,32.3333321,0.239239275,0.6625,3233,521,32.3333321,0.6746566,0.6625,2789,32,32.3333321,0.03741892,0.6625,2806,29,32.3333321,0.0299940389,0.6625,52.6250076,45.3750038,99.99748,9.378853,27.5019112,25.4301987,5.15214157,9.728622,34.6228333,38.5,0.25,0,55,0,85,0.416,1.01,16,16,16,32,48,30,295,160,130,0,0,0,16,38.25,0.25,0,55,0,85,0.416,1.01,16,16,16,32,48,30,295,160,130,0,0,0,16,512,-1,485.785156,485.480469,0.3046875,0.5,7618.451,7618.951,0,0,0,0,0,0,0,0,0,0,0,0,512,600,1200,3000,50,0.789000034,1.30500007,0,0,14,52,225,405,0,0,0,0,24,47,0,0,8.146,8.326,0.865,1748.87109,82.39453,5.942739,0,0,0,0.02524054,0,0,0,0,0,4.61760569,0,0,0,64.65625,62,16376,14319,2056,12.5607309,21.707,0,249856
05/27/2026 14:16:15,42,58,0,51,56,47,47,47,47,66,12.12,5.03,1.30800009,1.39200008,0.8,0.320000023,0.640000045,3.28400016,2.046,0,3.36800027,3.36800027,3.11600018,52,47,43.5,47,953,768,0,821,718,0,0,0,0,0,12.5,1.56,0,0,0,6.25,0,0,2.54,12.5,28.88084,3187,128,3600,486,36,0.416487038,0.6375,3354,93,36,0.0816631,0.6375,3055,40,36,0.03873959,0.6375,2922,22,36,0.0324622244,0.6375,3024,42,36,0.0598564073,0.6375,3600,295,36,0.272494644,0.6375,2951,23,36,0.031815704,0.6375,2991,21,36,0.0305322036,0.6375,52.5000076,45.3750038,99.99748,9.343464,27.5373,25.3342514,5.119362,9.761402,34.40255,38.5,0.25,0,55,0,85,0.416,1.01,16,16,16,32,48,30,295,160,130,0,0,0,16,38.25,0.25,0,55,0,85,0.416,1.01,16,16,16,32,48,30,295,160,130,0,0,0,16,512,-1,485.785156,485.480469,0.3046875,0.5,7618.451,7618.951,0,0,0,0,0,0,0,0,0,0,0,0,512,600,1200,3000,48,0.585000038,1.30500007,0,0,13,52,210,405,0,0,0,0,0,46,0,0,7.889,7.878,0.865,1748.87109,82.39453,1.12785959,0,0,0,0,0,0,0,0,0,0,0,0,0,64.6875,62,16376,14319,2056,12.5607309,21.395,0,199680
05/27/2026 14:16:17,42,58,0,52,57,49,49,49,49,67,12.12,5.03,1.30800009,1.39200008,0.694,0.318000019,0.640000045,3.288,2.046,0,3.36800027,3.364,3.11600018,52,47,43.5,47,953,740,0,809,712,0,0,0,0,0,12.5,3.12,3.12,0,1.56,10.94,1.56,1.56,4.3,12.5,28.4190941,3578,176,4850,622,48.5,0.5341534,0.65,4488,114,48.5,0.138444081,0.65,2862,57,32.3333321,0.0719610155,0.65,2933,51,32.3333321,0.06663565,0.65,3027,81,32.3333321,0.0910499,0.65,4850,406,48.5,0.404906154,0.65,2820,45,32.3333321,0.0610663258,0.65,2793,31,32.3333321,0.0479938835,0.65,52.7500076,45.3750038,99.99749,9.441746,27.4390182,25.60073,5.196869,9.683895,34.9234,38.5,0.25,0,55,0,85,0.416,1.01,16,16,16,32,48,30,295,160,130,0,0,0,16,38.25,0.25,0,55,0,85,0.416,1.01,16,16,16,32,48,30,295,160,130,0,0,0,16,512,-1,485.785156,485.480469,0.3046875,0.5,7618.451,7618.951,0,0,0,0,0,0,0,0,0,0,0,0,512,600,1200,3000,48,0.565,1.30500007,0,0,13,52,210,405,0,0,0,0,0,0,0,0,2.17,4.359,0.865,1782.63672,82.66016,0.0319073424,0,0,0,0,0,0,0,0,0,0.0280929916,0,0,0,63.71875,62,16376,14285,2090,12.7668247,6.685,0,0
05/27/2026 14:16:19,42,58,0,51,56,47,47,47,47,66,12.12,5.03,1.30800009,1.39200008,0.854000032,0.324,0.640000045,3.28400016,2.046,0,3.36800027,3.36800027,3.11600018,52,47,43.5,47,947,740,0,837,742,0,0,0,0,0,18.75,1.56,1.56,0,1.56,4.69,0,0,3.52,18.75,28.3754711,3367,172,4850,683,48.5,0.5538938,0.65,3071,128,32.3333321,0.137014911,0.65,2895,80,32.3333321,0.08437668,0.65,2801,51,32.3333321,0.06673886,0.65,3012,93,32.3333321,0.104777411,0.65,4850,288,48.5,0.2850226,0.65,2776,29,32.3333321,0.0476283133,0.65,2680,24,32.3333321,0.0383981355,0.65,52.3750076,45.8750038,99.99748,9.437386,27.4433784,25.5889053,5.19858551,9.6821785,34.9349365,38.5,0.25,0,55,0,85,0.416,1.01,16,16,16,32,48,30,295,160,130,0,0,0,16,38.25,0.25,0,55,0,85,0.416,1.01,16,16,16,32,48,30,295,160,130,0,0,0,16,512,-1,485.785156,485.480469,0.3046875,0.5,7618.451,7618.951,0,0,0,0,0,0,0,0,0,0,0,0,512,600,1200,3000,49,0.965000033,1.30500007,0,1,14,52,210,405,0,0,0,0,0,0,0,0,3.589,6.342,0.865,1780.26563,83.00391,0.0447815172,0,0,0,0,0,0,0,0,0,0,0,0,0,63.71875,60,16376,14287,2088,12.7523232,8.452,0,0
05/27/2026 14:16:21,42,58,0,51,56,47,47,47,47,66,12.144001,5.04,1.312,1.396,0.796000063,0.316,0.640000045,3.292,2.046,0,3.37600017,3.37600017,3.124,52,47,43.5,47,959,741,0,813,721,0,0,0,0,0,12.5,7.81,1.56,0,0,9.38,1.56,0,4.1,12.5,28.8677368,3337,266,4850,754,48.5,0.7394944,0.6625,3233,385,32.3333321,0.483289927,0.6625,3025,74,32.3333321,0.121524811,0.6625,2974,53,32.3333321,0.07982439,0.6625,3081,106,32.3333321,0.17397058,0.6625,3233,658,32.3333321,0.733855844,0.6625,3210,57,32.3333321,0.07771327,0.6625,3087,45,32.3333321,0.06524706,0.6625,52.2500076,45.8750038,99.99749,9.405552,27.4752121,25.502594,5.175976,9.704788,34.7829971,38.5,0.25,0,55,0,85,0.416,1.01,16,16,16,32,48,30,295,160,130,0,0,0,16,38.25,0.25,0,55,0,85,0.416,1.01,16,16,16,32,48,30,295,160,130,0,0,0,16,512,-1,485.785156,485.480469,0.3046875,0.5,7618.451,7618.951,0,0,0,0,0,0,0,0,0,0,0,0,512,600,1200,3000,48,0.950000048,1.30500007,0,1,14,51,210,405,0,0,0,0,0,0,0,0,2.698,6.638,0.865,1778.69922,82.92578,0.0143622076,0,0,0,0.001386626,0,0,0,0,0,0.05545492,0,0,0,63.5,62,16376,14289,2086,12.7427816,8.638,0,0
05/27/2026 14:16:23,41,58,0,50,55,46,46,45,45,65,12.144001,5.04,1.312,1.396,0.736000061,0.312,0.640000045,3.292,2.046,0,3.37600017,3.37200022,3.124,51,47.5,43.5,47,945,768,0,825,736,0,0,0,0,0,9.23,0,0,0,0,1.56,0,0,1.35,9.23,26.0872154,2960,87,4850,386,48.5,0.266930342,0.6625,2731,54,32.3333321,0.03167125,0.6625,2587,25,32.3333321,0.0146859149,0.6625,2606,27,32.3333321,0.014020849,0.6625,2626,29,32.3333321,0.0192441549,0.6625,3091,134,32.3333321,0.119008563,0.6625,2600,22,32.3333321,0.0134117119,0.6625,2586,21,32.3333321,0.0132442554,0.6625,51.5000076,43.5000038,99.99748,9.426128,27.4546356,25.5583878,5.19891739,9.681847,34.9371643,38.5,0.25,0,55,0,85,0.416,1.01,16,16,16,32,48,30,295,160,130,0,0,0,16,38.25,0.25,0,55,0,85,0.416,1.01,16,16,16,32,48,30,295,160,130,0,0,0,16,512,-1,485.785156,485.480469,0.3046875,0.5,7618.451,7618.951,0,0,0,0,0,0,0,0,0,0,0,0,512,600,1200,3000,47,0.615,1.30500007,0,1,14,51,210,405,0,0,0,0,0,0,0,0,1.226,4.845,0.865,1778.44922,82.92578,0,0,0,0,0,0,0,0,0,0,0,0,0,0,63.3125,60,16376,14289,2086,12.7412539,6.998,0,0
05/27/2026 14:16:25,41,58,0,50,55,45,45,45,45,65,12.144001,5.05,1.312,1.396,0.754,0.312,0.640000045,3.292,2.046,0,3.37600017,3.37200022,3.124,51,47.5,43.5,47,911,768,0,825,734,0,0,0,0,0,11.11,1.56,1.56,1.56,1.56,6.25,1.56,0,3.15,11.11,27.8154316,3244,122,3600,491,36,0.32983914,0.625,3235,72,36,0.0623059757,0.625,3368,51,36,0.04324074,0.86875,2937,28,36,0.0288410187,0.86875,3217,56,36,0.0487694666,0.86875,3600,224,36,0.2074653,0.86875,3008,27,36,0.0303578228,0.86875,2986,23,36,0.0292228088,0.86875,51.3750076,43.0000038,99.99749,9.365704,27.51506,25.3945465,5.140709,9.740055,34.5460052,38.5,0.25,0,55,0,85,0.416,1.01,16,16,16,32,48,30,295,160,130,0,0,0,16,38.25,0.25,0,55,0,85,0.416,1.01,16,16,16,32,48,30,295,160,130,0,0,0,16,512,-1,485.785156,485.480469,0.3046875,0.5,7618.451,7618.951,0,0,0,0,0,0,0,0,0,0,0,0,512,600,1200,3000,47,0.405000031,1.30500007,0,0,11,51,210,405,0,0,0,0,0,0,0,0,2.121,3.4,0.865,1773.69531,82.92578,0.952560544,0,0,0,0,0,0,0,0,0,0,0,0,0,63.5625,60,16376,14294,2081,12.7122488,6.048,0,0
05/27/2026 14:16:27,41,58,0,50,55,45,45,45,45,65,12.144001,5.04,1.312,1.396,0.74,0.316,0.640000045,3.292,2.046,0,3.37600017,3.37600017,3.124,51,47.5,43.5,47,919,768,0,812,701,0,0,0,0,0,7.81,1.56,0,1.54,0,1.56,0,0,1.56,7.81,27.2677956,3411,118,4850,516,48.5,0.41216144,0.65,4266,64,48.5,0.0719933957,0.65,2763,40,32.3333321,0.0336141959,0.65,2640,32,32.3333321,0.0270505566,0.65,2779,52,32.3333321,0.0417308025,0.65,4850,202,48.5,0.228683591,0.65,2587,22,32.3333321,0.0263776965,0.65,2552,20,32.3333321,0.025023723,0.65,51.0000076,44.3750038,99.99749,9.404213,27.4765511,25.49897,5.176277,9.704487,34.7850266,38.5,0.25,0,55,0,85,0.416,1.01,16,16,16,32,48,30,295,160,130,0,0,0,16,38.25,0.25,0,55,0,85,0.416,1.01,16,16,16,32,48,30,295,160,130,0,0,0,16,512,-1,485.785156,485.480469,0.3046875,0.5,7618.451,7618.951,0,0,0,0,0,0,0,0,0,0,0,0,512,600,1200,3000,49,0.745000064,1.30500007,0,0,14,51,210,405,0,0,0,0,0,0,0,0,2.91,5.361,0.865,1773.69531,82.92578,0.957427442,0,0,0,0,0,0,0,0,0,0,0,0,0,63.4375,62,16376,14294,2081,12.7122488,7.781,0,0
05/27/2026 14:16:29,40,58,0,49,54,44,44,44,44,63,12.144001,5.04,1.312,1.396,0.804,0.326,0.640000045,3.292,2.046,0,3.37600017,3.37200022,3.124,50,47.5,43.5,47,901,744,0,815,713,0,0,0,0,0,12.7,0,0,0,0,6.35,0,0,2.38,12.7,27.566309,3072,121,4850,561,48.5,0.420247734,0.65,2926,75,32.3333321,0.08709319,0.65,2697,28,32.3333321,0.0344329178,0.65,2675,29,32.3333321,0.0313591,0.65,2759,40,32.3333321,0.0518799573,0.65,3215,180,32.3333321,0.176809624,0.65,2740,24,32.3333321,0.0293057244,0.65,2716,33,32.3333321,0.02847022,0.65,50.7500076,43.5000038,99.99749,9.368237,27.5125275,25.40142,5.14609146,9.734673,34.58217,38.5,0.25,0,55,0,85,0.416,1.01,16,16,16,32,48,30,295,160,130,0,0,0,16,38.25,0.25,0,55,0,85,0.416,1.01,16,16,16,32,48,30,295,160,130,0,0,0,16,512,-1,485.785156,485.480469,0.3046875,0.5,7618.451,7618.951,0,0,0,0,0,0,0,0,0,0,0,0,512,600,1200,3000,49,0.965000033,1.30500007,0,0,15,51,210,405,0,0,0,0,0,0,0,0,2.731,6.595,0.865,1773.69531,82.92578,0.9931656,0,0,0,0,0,0,0,0,0,0,0,0,0,63.5,60,16376,14294,2081,12.7122488,8.314,31049728,0
05/27/2026 14:16:31,40,58,0,48,53,44,44,44,44,63,12.144001,5.04,1.312,1.396,0.684,0.312,0.640000045,3.292,2.046,0,3.37600017,3.37200022,3.12000012,50,48,43.5,47,892,742,0,800,686,0,0,0,0,0,9.38,0,0,0,0,4.69,0,0,1.76,9.38,26.3221416,2981,98,4850,398,48.5,0.2077448,0.6375,2728,56,32.3333321,0.0419925861,0.6375,2563,29,32.3333321,0.014721714,0.6375,2931,43,32.3333321,0.02476408,0.6375,2622,37,32.3333321,0.0268302858,0.6375,3180,179,32.3333321,0.157012284,0.6375,2462,19,32.3333321,0.0100020394,0.6375,2511,22,32.3333321,0.009850263,0.6375,50.6250076,44.8750038,99.99749,9.373322,27.5074425,25.4152069,5.14944839,9.731316,34.60473,38.5,0.25,0,55,0,85,0.416,1.01,16,16,16,32,48,30,295,160,130,0,0,0,16,38.25,0.25,0,55,0,85,0.416,1.01,16,16,16,32,48,30,295,160,130,0,0,0,16,512,-1,485.785156,485.480469,0.3046875,0.5,7618.451,7618.951,0,0,0,0,0,0,0,0,0,0,0,0,512,600,1200,3000,48,0.75000006,1.30500007,0,0,14,51,210,405,0,0,0,0,0,0,0,0,1.241,4.291,0.865,1773.69531,82.92578,0,0,0,0,0,0,0,0,0,0,0,0,0,0,63.1875,60,16376,14294,2081,12.7122488,6.875,0,0
05/27/2026 14:16:33,40,59,0,48,53,44,44,44,44,63,12.144001,5.04,1.312,1.396,0.774000049,0.322000027,0.640000045,3.292,2.046,0,3.37600017,3.37200022,3.124,50,48,43.5,47,896,775,0,784,676,0,0,0,0,0,9.38,1.56,0,0,0,4.69,0,0,1.95,9.38,26.9497223,2915,106,3600,447,36,0.341651142,0.9625,3189,66,36,0.07388958,0.95625,2928,34,36,0.0305134114,0.95625,2580,24,32.3333321,0.0283798948,1.1375,2657,36,32.3333321,0.0422768779,1.1375,3191,193,32.3333321,0.161775649,1.1375,2605,24,32.3333321,0.02741575,1.1375,2569,25,32.3333321,0.028135648,1.1375,50.6250076,43.5000038,99.99748,9.372108,27.5086555,25.4119186,5.14590836,9.734856,34.58094,38.5,0.25,0,55,0,85,0.416,1.01,16,16,16,32,48,30,295,160,130,0,0,0,16,38.25,0.25,0,55,0,85,0.416,1.01,16,16,16,32,48,30,295,160,130,0,0,0,16,512,-1,485.785156,485.480469,0.3046875,0.5,7618.451,7618.951,0,0,0,0,0,0,0,0,0,0,0,0,512,600,1200,3000,48,0.664000034,1.30500007,0,0,11,51,210,405,0,0,0,0,0,0,0,0,2.192,3.385,0.865,1773.69531,82.92578,0.0118192006,0,0,0,0,0,0,0,0,0,0,0,0,0,63.3125,62,16376,14294,2081,12.7122488,4.703,0,0
05/27/2026 14:16:35,40,60,0,48,53,44,44,44,44,63,12.144001,5.04,1.312,1.396,0.794,0.318000019,0.640000045,3.292,2.046,0,3.37600017,3.37200022,3.124,50,48,43.5,47,896,755,0,781,674,0,0,0,0,0,14.06,1.56,3.12,1.56,1.56,4.69,0,1.56,3.52,14.06,27.66117,3285,131,4850,539,48.5,0.454653263,0.65,2850,69,32.3333321,0.09901813,0.65,2892,43,32.3333321,0.03792697,0.65,2672,27,32.3333321,0.03357369,0.65,2883,60,32.3333321,0.05792149,0.65,4850,263,48.5,0.284123868,0.65,2631,25,32.3333321,0.0300304312,0.65,2650,20,32.3333321,0.0277720466,0.65,50.7500076,44.3750038,99.99748,9.40274048,27.4780235,25.4949722,5.17567062,9.705093,34.7809448,38.5,0.25,0,55,0,85,0.416,1.01,16,16,16,32,48,30,295,160,130,0,0,0,16,38.25,0.25,0,55,0,85,0.416,1.01,16,16,16,32,48,30,295,160,130,0,0,0,16,512,-1,485.785156,485.480469,0.3046875,0.5,7618.451,7618.951,0,0,0,0,0,0,0,0,0,0,0,0,512,600,1200,3000,48,0.405000031,1.30500007,0,0,11,51,210,405,0,0,0,0,0,0,0,0,2.783,6.412,0.865,1773.69531,82.92578,0.9616471,0,0,0,0,0,0,0,0,0,0,0,0,0,63.25,60,16376,14294,2081,12.7122488,8.456,49152,0
05/27/2026 14:16:37,40,59,0,48,53,44,44,44,44,63,12.144001,5.04,1.312,1.396,0.852000058,0.326,0.640000045,3.292,2.046,0,3.37600017,3.37200022,3.12000012,50,48,43.5,47,893,759,0,782,689,0,0,0,0,0,21.88,3.08,4.62,1.54,3.08,6.25,3.08,3.08,5.82,21.88,27.8201752,3234,125,4850,590,48.5,0.4344228,0.65625,4380,81,48.5,0.0804600641,0.65625,2680,36,32.3333321,0.03784546,0.65625,2719,28,32.3333321,0.0318736658,0.65625,2794,42,32.3333321,0.0584525876,0.65625,3041,177,32.3333321,0.164322868,0.65625,2680,24,32.3333321,0.0279181134,0.65625,2724,24,32.3333321,0.0280258451,0.65625,50.7500076,43.5000038,99.99749,9.373085,27.507679,25.414566,5.14814,9.732624,34.59594,38.5,0.25,0,55,0,85,0.416,1.01,16,16,16,32,48,30,295,160,130,0,0,0,16,38.25,0.25,0,55,0,85,0.416,1.01,16,16,16,32,48,30,295,160,130,0,0,0,16,512,-1,485.785156,485.480469,0.3046875,0.5,7618.451,7618.951,0,0,0,0,0,0,0,0,0,0,0,0,512,600,1200,3000,49,0.655000031,1.30500007,0,0,13,51,210,405,0,0,0,0,0,0,0,0,2.332,6.012,0.865,1773.69531,82.92578,0.9687742,0,0,0,0,0,0,0,0,0,0,0,0,0,63.15625,62,16376,14294,2081,12.7122488,8.151,0,0
05/27/2026 14:16:39,40,59,0,48,53,44,44,44,44,63,12.144001,5.04,1.312,1.396,0.746000051,0.312,0.640000045,3.29600024,2.046,0,3.37600017,3.37600017,3.124,50,48,43.5,47,895,754,0,795,674,0,0,0,0,0,6.25,3.08,1.54,0,0,3.12,1.54,0,1.94,6.25,26.8185043,3005,100,4850,375,48.5,0.2681287,0.6625,2914,72,32.3333321,0.06522582,0.6625,2696,39,32.3333321,0.0151022151,0.6625,2552,23,32.3333321,0.0136918733,0.6625,2647,35,32.3333321,0.03343623,0.6625,3226,205,32.3333321,0.188270077,0.6625,2528,20,32.3333321,0.01099896,0.6625,2628,27,32.3333321,0.0114080124,0.6625,50.5000076,43.5000038,99.99749,9.397781,27.4829826,25.4815216,5.17230225,9.708462,34.75831,38.5,0.25,0,55,0,85,0.416,1.01,16,16,16,32,48,30,295,160,130,0,0,0,16,38.25,0.25,0,55,0,85,0.416,1.01,16,16,16,32,48,30,295,160,130,0,0,0,16,512,-1,485.785156,485.480469,0.3046875,0.5,7618.451,7618.951,0,0,0,0,0,0,0,0,0,0,0,0,512,600,1200,3000,48,0.950000048,1.30500007,0,1,14,51,210,405,0,0,0,0,0,0,0,0,1.139,3.424,0.865,1773.69531,82.92578,0,0,0,0,0,0,0,0,0,0,0,0,0,0,63.09375,60,16376,14294,2081,12.7122488,6.136,0,0
05/27/2026 14:16:41,40,58,0,48,53,44,44,44,44,63,12.144001,5.04,1.312,1.396,0.748,0.312,0.640000045,3.292,2.046,0,3.37600017,3.37200022,3.124,50,47.5,43.5,47,894,751,0,795,673,0,0,0,0,0,6.35,0,0,0,0,6.25,0,0,1.57,6.35,27.2822075,3474,134,4850,533,48.5,0.434637219,0.6375,2961,90,32.3333321,0.07998267,0.6375,2769,34,32.3333321,0.0333754756,0.6375,2774,30,32.3333321,0.0307145026,0.6375,4144,40,48.5,0.045346275,0.6375,4850,290,48.5,0.299650759,0.6375,2698,24,32.3333321,0.0293336585,0.6375,2745,27,32.3333321,0.0323111862,0.6375,50.6250076,43.5000038,99.99749,9.367252,27.5135117,25.39875,5.1419487,9.738815,34.55433,38.5,0.25,0,55,0,85,0.416,1.01,16,16,16,32,48,30,295,160,130,0,0,0,16,38.25,0.25,0,55,0,85,0.416,1.01,16,16,16,32,48,30,295,160,130,0,0,0,16,512,-1,485.785156,485.480469,0.3046875,0.5,7618.451,7618.951,0,0,0,0,0,0,0,0,0,0,0,0,512,600,1200,3000,49,0.955000043,1.30500007,0,3,14,51,210,405,0,0,0,0,0,0,0,0,2.688,3.947,0.865,1773.69531,82.92578,0.9623814,0,0,0,0,0,0,0,0,0,0,0,0,0,63.15625,60,16376,14294,2081,12.7122488,6.643,0,0
05/27/2026 14:16:43,40,58,0,48,53,44,44,44,44,63,12.144001,5.04,1.312,1.396,0.70600003,0.314,0.640000045,3.292,2.046,0,3.37600017,3.37600017,3.124,50,48,43.5,47,892,772,0,778,673,0,0,0,0,0,10.94,1.56,1.56,0,1.56,7.81,1.56,0,3.12,10.94,27.1029949,3213,124,4850,516,48.5,0.376678646,0.6625,2843,72,32.3333321,0.06278995,0.6625,3963,32,48.5,0.0363006778,0.6625,2679,31,32.3333321,0.0362933055,0.6625,2771,45,32.3333321,0.040980354,0.6625,3233,248,32.3333321,0.242486373,0.6625,2753,27,32.3333321,0.0526920147,0.6625,2609,22,32.3333321,0.0285205245,0.6625,50.6250076,44.0000038,99.99749,9.399307,27.4814568,25.4856644,5.169964,9.7108,34.7426,38.5,0.25,0,55,0,85,0.416,1.01,16,16,16,32,48,30,295,160,130,0,0,0,16,38.25,0.25,0,55,0,85,0.416,1.01,16,16,16,32,48,30,295,160,130,0,0,0,16,512,-1,485.785156,485.480469,0.3046875,0.5,7618.451,7618.951,0,0,0,0,0,0,0,0,0,0,0,0,512,600,1200,3000,50,0.955000043,1.30500007,0,3,14,51,210,405,0,0,0,0,0,0,0,0,2.758,6.48,0.865,1773.69531,82.92578,0.020958215,0,0,0,0,0,0,0,0,0,0,0,0,0,63.09375,60,16376,14294,2081,12.7122488,8.263,0,0
05/27/2026 14:16:45,40,58,0,48,53,44,44,44,44,63,12.144001,5.04,1.31000006,1.396,0.682000041,0.308000028,0.640000045,3.292,2.046,0,3.37200022,3.37200022,3.12000012,50,47.5,43.5,47,901,746,0,778,690,0,0,0,0,0,7.81,1.56,1.56,0,1.56,3.12,1.56,0,2.15,7.81,27.6456356,3373,135,4850,524,48.5,0.398512572,0.65,3065,101,32.3333321,0.106446706,0.65,2861,53,32.3333321,0.0608509071,0.65,2748,42,32.3333321,0.0524169467,0.65,2978,72,32.3333321,0.08321372,0.65,4850,219,48.5,0.190548018,0.65,2905,47,32.3333321,0.0519865528,0.65,2729,25,32.3333321,0.0376137756,0.65,50.7500076,44.0000038,99.99749,9.39814,27.4826241,25.4824982,5.16970825,9.711056,34.7408752,38.5,0.25,0,55,0,85,0.416,1.01,16,16,16,32,48,30,295,160,130,0,0,0,16,38.25,0.25,0,55,0,85,0.416,1.01,16,16,16,32,48,30,295,160,130,0,0,0,16,512,-1,485.785156,485.480469,0.3046875,0.5,7618.451,7618.951,0,0,0,0,0,0,0,0,0,0,0,0,512,600,1200,3000,48,0.405000031,1.30500007,0,0,11,51,210,405,0,0,0,0,0,0,0,0,1.993,4.761,0.865,1773.69531,82.92578,0.987064242,0,0,0,0,0,0,0,0,0,0,0,0,0,63.03125,60,16376,14294,2081,12.7122488,7.248,0,0
05/27/2026 14:16:47,40,58,0,48,53,44,44,45,45,64,12.144001,5.04,1.312,1.396,0.814,0.324,0.640000045,3.292,2.046,0,3.37600017,3.37200022,3.124,51,47.5,43.5,47,894,770,0,791,674,0,0,0,0,0,7.81,1.56,0,0,1.56,7.81,0,0,2.34,7.81,28.1342,3852,192,4850,628,48.5,0.542037249,0.69375,3180,168,32.3333321,0.203190163,0.69375,2949,81,32.3333321,0.111843213,0.69375,2985,74,32.3333321,0.106555343,0.69375,3021,112,32.3333321,0.137767762,0.69375,4850,356,48.5,0.359413445,0.69375,4450,62,48.5,0.08447766,0.69375,4528,58,48.5,0.07507103,0.65,50.7500076,45.7500038,99.99749,9.368786,27.5119781,25.4029083,5.144493,9.736271,34.571434,38.5,0.25,0,55,0,85,0.416,1.01,16,16,16,32,48,30,295,160,130,0,0,0,16,38.25,0.25,0,55,0,85,0.416,1.01,16,16,16,32,48,30,295,160,130,0,0,0,16,512,-1,485.785156,485.480469,0.3046875,0.5,7618.451,7618.951,0,0,0,0,0,0,0,0,0,0,0,0,512,600,1200,3000,49,0.830000043,1.30500007,0,0,12,51,210,405,0,0,0,0,0,0,0,0,1.464,3.402,0.865,1773.69531,82.92578,0,0,0,0,0,0,0,0,0,0,0,0,0,0,62.90625,60,16376,14294,2081,12.7122488,5.694,49152,0
05/27/2026 14:16:49,41,58,0,49,54,45,45,45,45,65,12.144001,5.04,1.312,1.39200008,0.708,0.308000028,0.640000045,3.292,2.046,0,3.37600017,3.37600017,3.124,51,48,43.5,47,910,769,0,794,690,0,0,0,0,0,12.31,0,0,0,0,6.15,0,3.12,2.7,12.31,26.7351742,3228,110,4850,480,48.5,0.351144522,0.66875,2823,67,32.3333321,0.0611135177,0.66875,2780,37,32.3333321,0.03947168,0.66875,2651,28,32.3333321,0.027855387,0.66875,2668,39,32.3333321,0.04173016,0.66875,4597,163,48.5,0.139814273,0.66875,2622,25,32.3333321,0.02876162,0.66875,2837,37,32.3333321,0.0336210281,0.66875,51.0000076,43.5000038,99.99749,9.397408,27.4833565,25.4805145,5.17437363,9.70639,34.7722321,38.5,0.25,0,55,0,85,0.416,1.01,16,16,16,32,48,30,295,160,130,0,0,0,16,38.25,0.25,0,55,0,85,0.416,1.01,16,16,16,32,48,30,295,160,130,0,0,0,16,512,-1,485.785156,485.480469,0.3046875,0.5,7618.451,7618.951,0,0,0,0,0,0,0,0,0,0,0,0,512,600,1200,3000,49,0.955000043,1.30500007,0,1,14,51,210,405,0,0,0,0,0,0,0,0,2.15,5.859,0.865,1773.69531,82.92578,0,0,0,0,0,0,0,0,0,0,0,0,0,0,62.78125,60,16376,14294,2081,12.7122488,6.877,0,0
05/27/2026 14:16:51,40,58,0,49,54,44,44,44,44,63,12.144001,5.04,1.312,1.396,0.736000061,0.314,0.640000045,3.292,2.046,0,3.37600017,3.37200022,3.12000012,50,48,43.5,47,921,771,0,802,698,0,0,0,0,0,7.81,1.56,0,0,0,4.69,0,0,1.76,7.81,27.3304863,3290,117,4850,465,48.5,0.3209046,0.6375,4578,93,48.5,0.0827104,0.6375,2819,41,32.3333321,0.0329172537,0.6375,2664,25,32.3333321,0.0324536338,0.6375,2705,43,32.3333321,0.04559001,0.6375,3233,222,32.3333321,0.203078553,0.6375,2725,23,32.3333321,0.0308307651,0.6375,2750,25,32.3333321,0.03066094,0.6375,50.8750076,44.3750038,99.9975,9.364674,27.51609,25.3917542,5.143265,9.737499,34.56318,38.5,0.25,0,55,0,85,0.416,1.01,16,16,16,32,48,30,295,160,130,0,0,0,16,38.25,0.25,0,55,0,85,0.416,1.01,16,16,16,32,48,30,295,160,130,0,0,0,16,512,-1,485.785156,485.480469,0.3046875,0.5,7618.451,7618.951,0,0,0,0,0,0,0,0,0,0,0,0,512,600,1200,3000,48,0.905000031,1.30500007,0,2,14,51,210,405,0,0,0,0,0,0,0,0,1.931,6.576,0.865,1773.69531,82.92578,0,0,0,0,0,0,0,0,0,0,0,0,0,0,62.75,60,16376,14294,2081,12.7122488,7.694,0,0
05/27/2026 14:16:53,40,58,0,48,53,44,44,44,44,63,12.144001,5.04,1.312,1.396,0.692000031,0.322000027,0.640000045,3.292,2.046,0,3.37600017,3.37200022,3.124,50,48,43.5,47,906,743,0,800,697,0,0,0,0,0,10.77,0,1.56,0,0,3.08,0,0,1.93,10.77,26.86316,3307,121,4850,526,48.5,0.387567461,0.65,2884,59,32.3333321,0.059969075,0.65,2818,41,32.3333321,0.0340134464,0.65,2722,36,32.3333321,0.0317287855,0.65,2875,48,32.3333321,0.0404264033,0.65,4850,205,48.5,0.217349038,0.65,2692,24,32.3333321,0.0280121155,0.65,2763,32,32.3333321,0.0272505041,0.65,50.7500076,44.8750038,99.99748,9.393658,27.4871063,25.4703445,5.17285156,9.707912,34.762,38.5,0.25,0,55,0,85,0.416,1.01,16,16,16,32,48,30,295,160,130,0,0,0,16,38.25,0.25,0,55,0,85,0.416,1.01,16,16,16,32,48,30,295,160,130,0,0,0,16,512,-1,485.785156,485.480469,0.3046875,0.5,7618.451,7618.951,0,0,0,0,0,0,0,0,0,0,0,0,512,600,1200,3000,48,0.405000031,1.30500007,0,0,11,51,210,405,0,0,0,0,0,0,0,0,1.387,3.98,0.865,1773.69531,82.92578,0,0,0,0,0,0,0,0,0,0,0,0,0,0,62.75,60,16376,14294,2081,12.7122488,6.445,49152,49152
05/27/2026 14:16:55,40,58,0,48,53,44,44,44,44,63,12.144001,5.04,1.312,1.396,0.824000061,0.320000023,0.640000045,3.292,2.046,0,3.37600017,3.37200022,3.124,50,48,43.5,47,892,745,0,782,677,0,0,0,0,0,10.94,1.56,1.56,1.56,1.56,3.12,1.56,1.56,2.93,10.94,27.70773,3695,108,4850,485,48.5,0.364163727,0.6625,3983,53,48.5,0.0596612468,0.6625,2983,58,32.3333321,0.04245291,0.6625,2579,26,32.3333321,0.0278930515,0.6625,2731,42,32.3333321,0.0345493965,0.6625,4521,150,48.5,0.144836485,0.6625,4051,29,48.5,0.027609231,0.6625,3863,21,48.5,0.0237102173,0.64375,50.7500076,45.8750038,99.99748,9.367401,27.5133629,25.3991547,5.14580536,9.734959,34.5802536,38.5,0.25,0,55,0,85,0.416,1.01,16,16,16,32,48,30,295,160,130,0,0,0,16,38.5,0.25,0,55,0,85,0.416,1.01,16,16,16,32,48,30,295,160,130,0,0,0,16,512,-1,485.785156,485.480469,0.3046875,0.5,7618.451,7618.951,0,0,0,0,0,0,0,0,0,0,0,0,512,600,1200,3000,49,0.965000033,1.30500007,0,1,14,51,210,405,0,0,0,0,0,0,0,0,1.593,3.455,0.865,1773.69531,82.92578,0,0,0,0,0,0,0,0,0,0,0,0,0,0,62.625,60,16376,14294,2081,12.7122488,5.373,0,0
05/27/2026 14:16:57,40,58,0,48,53,44,44,44,44,63,12.144001,5.04,1.312,1.396,0.854000032,0.328,0.640000045,3.292,2.046,0,3.37600017,3.37600017,3.124,50,48,43.5,47,902,777,0,779,692,0,0,0,0,0,23.44,1.54,3.12,1.56,1.59,7.81,1.56,0,5.08,23.44,27.8487167,3391,170,4850,721,48.5,0.578765452,0.65,3132,131,32.3333321,0.132212043,0.65,2781,49,32.3333321,0.0575837381,0.65,2763,42,32.3333321,0.0544178225,0.65,3144,88,32.3333321,0.09531133,0.65,4820,256,48.5,0.2565192,0.65,2972,46,32.3333321,0.0564421043,0.65,2668,28,32.3333321,0.04216746,0.65,50.6250076,44.0000038,99.99748,9.401012,27.4797516,25.4902878,5.17766571,9.703098,34.7943573,38.5,0.25,0,55,0,85,0.416,1.01,16,16,16,32,48,30,295,160,130,0,0,0,16,38.25,0.25,0,55,0,85,0.416,1.01,16,16,16,32,48,30,295,160,130,0,0,0,16,512,-1,485.785156,485.480469,0.3046875,0.5,7618.451,7618.951,0,0,0,0,0,0,0,0,0,0,0,0,512,600,1200,3000,47,0.565,1.30500007,0,0,13,51,210,405,0,0,0,0,0,0,0,0,2.579,5.938,0.865,1773.69531,82.92578,0.0227913447,0,0,0,0,0,0,0,0,0,0,0,0,0,62.78125,60,16376,14294,2081,12.7122488,6.647,0,0
05/27/2026 14:16:59,40,58,0,48,53,44,44,44,44,63,12.144001,5.04,1.312,1.396,0.714000046,0.320000023,0.640000045,3.292,2.046,0,3.37200022,3.37200022,3.124,50,47.5,43.5,47,906,744,0,780,673,0,0,0,0,0,4.69,3.12,1.56,1.56,1.56,1.56,0,0,1.76,4.69,27.1076412,3552,122,4850,467,48.5,0.29467684,0.63125,2934,72,32.3333321,0.06548717,0.63125,2952,52,32.3333321,0.0441413745,0.63125,2834,48,32.3333321,0.03584366,0.64375,4344,61,48.5,0.0519085,0.64375,4850,216,48.5,0.193629786,0.64375,2770,32,32.3333321,0.0277342573,0.64375,2878,32,32.3333321,0.0241751019,0.64375,50.5000076,44.8750038,99.9975,9.396965,27.483799,25.47931,5.17305374,9.70771,34.7633667,38.5,0.25,0,55,0,85,0.416,1.01,16,16,16,32,48,30,295,160,130,0,0,0,16,38.25,0.25,0,55,0,85,0.416,1.01,16,16,16,32,48,30,295,160,130,0,0,0,16,512,-1,485.785156,485.480469,0.3046875,0.5,7618.451,7618.951,0,0,0,0,0,0,0,0,0,0,0,0,512,600,1200,3000,47,0.570000052,1.30500007,0,0,13,51,210,405,0,0,0,0,0,0,0,0,2.278,5.664,0.865,1773.69531,82.92578,0.979819357,0,0,0,0,0,0,0,0,0,0,0,0,0,62.71875,60,16376,14294,2081,12.7122488,7.763,0,0
05/27/2026 14:17:01,40,58,0,48,53,44,44,44,44,63,12.144001,5.04,1.31000006,1.396,0.846,0.320000023,0.640000045,3.292,2.046,0,3.37600017,3.37200022,3.124,50,47.5,43.5,47,898,741,0,778,690,0,0,0,0,0,10.94,1.56,0,0,0,9.23,0,0,2.72,10.94,27.6241131,3310,136,3600,469,36,0.4302517,0.9625,3288,78,36,0.09539245,0.95625,3173,52,36,0.04869695,0.95625,2929,28,36,0.035937883,0.95,3152,48,36,0.05447918,0.95625,4850,351,48.5,0.357345343,0.64375,2872,37,32.3333321,0.0330007523,0.64375,2619,24,32.3333321,0.0267651342,0.64375,50.5000076,44.3750038,99.9975,9.371265,27.5094986,25.40963,5.14546967,9.735294,34.5779953,38.5,0.25,0,55,0,85,0.416,1.01,16,16,16,32,48,30,295,160,130,0,0,0,16,38.5,0.25,0,55,0,85,0.416,1.01,16,16,16,32,48,30,295,160,130,0,0,0,16,512,-1,485.785156,485.480469,0.3046875,0.5,7618.451,7618.951,0,0,0,0,0,0,0,0,0,0,0,0,512,600,1200,3000,49,0.789000034,1.30500007,0,0,14,51,210,405,0,0,0,0,0,0,0,0,1.968,3.45,0.865,1773.69531,82.92578,0.8918793,0,0,0,0,0,0,0,0,0,0,0,0,0,62.59375,60,16376,14294,2081,12.7122488,4.976,0,0
05/27/2026 14:17:03,40,58,0,48,53,44,44,44,44,63,12.144001,5.04,1.312,1.396,0.698,0.31,0.640000045,3.292,2.046,0,3.37600017,3.37600017,3.12000012,50,48,43.5,47,907,768,0,795,691,0,0,0,0,0,17.46,1.56,1.56,1.56,3.12,7.94,3.12,1.56,4.74,17.46,26.293951,3331,103,4850,430,48.5,0.257515341,0.65,4191,69,48.5,0.0452576838,0.65,2781,32,33.6666679,0.0226366948,0.575,2697,25,33.6666679,0.0193134658,0.575,2814,36,33.6666679,0.0300282687,0.575,3888,184,40.4,0.193537027,0.58125,2660,22,33.6666679,0.018538544,0.58125,2767,24,33.6666679,0.0203566328,0.58125,50.5000076,45.3750038,99.9975,9.405315,27.4754486,25.5019531,5.17149734,9.709267,34.7529068,38.5,0.25,0,55,0,85,0.416,1.01,16,16,16,32,48,30,295,160,130,0,0,0,16,38.5,0.25,0,55,0,85,0.416,1.01,16,16,16,32,48,30,295,160,130,0,0,0,16,512,-1,485.785156,485.480469,0.3046875,0.5,7618.451,7618.951,0,0,0,0,0,0,0,0,0,0,0,0,512,600,1200,3000,48,0.955000043,1.30500007,0,1,14,51,210,405,0,0,0,0,0,0,0,0,2.452,3.841,0.865,1773.69531,82.92578,0.9389623,0,0,0,0,0,0,0,0,0,0,0,0,0,62.5625,60,16376,14294,2081,12.7122488,6.439,0,0
05/27/2026 14:17:05,40,58,0,48,53,44,44,44,44,63,12.144001,5.04,1.312,1.396,0.792000055,0.312,0.640000045,3.292,2.046,0,3.37600017,3.37200022,3.124,50,48,43.5,47,904,771,0,782,690,0,0,0,0,0,14.06,3.12,3.12,1.56,1.56,9.38,0,0,4.1,14.06,26.578701,3171,95,4850,350,48.5,0.230309412,0.65,3011,78,32.3333321,0.05115787,0.65,2519,26,32.3333321,0.0143619748,0.65,2551,24,32.3333321,0.0107187638,0.65,2646,34,32.3333321,0.0228517372,0.65,4850,212,48.5,0.182966143,0.65,2447,16,32.3333321,0.0106265908,0.65,2493,20,32.3333321,0.0102764312,0.65,50.3750076,44.0000038,99.99749,9.399364,27.4814,25.485817,5.17007828,9.710686,34.7433624,38.5,0.25,0,55,0,85,0.416,1.01,16,16,16,32,48,30,295,160,130,0,0,0,16,38.5,0.25,0,55,0,85,0.416,1.01,16,16,16,32,48,30,295,160,130,0,0,0,16,512,-1,485.785156,485.480469,0.3046875,0.5,7618.451,7618.951,0,0,0,0,0,0,0,0,0,0,0,0,512,600,1200,3000,48,0.405000031,1.30500007,0,0,11,51,210,405,0,0,0,0,0,0,0,0,1.908,6.592,0.865,1773.69531,82.92578,0,0,0,0,0,0,0,0,0,0,0,0,0,0,62.46875,60,16376,14294,2081,12.7122488,8.117,49152,0
05/27/2026 14:17:07,40,58,0,48,53,44,44,44,44,63,12.144001,5.04,1.312,1.396,0.794,0.312,0.640000045,3.292,2.046,0,3.37600017,3.37600017,3.124,50,48,43.5,47,891,743,0,795,674,0,0,0,0,0,7.81,0,0,0,0,1.56,0,0,1.17,7.81,27.75713,3314,140,4850,568,48.5,0.456856668,0.64375,2927,77,32.3333321,0.08272169,0.64375,2705,33,32.3333321,0.03528267,0.64375,2769,34,32.3333321,0.0317755975,0.64375,2905,51,32.3333321,0.05459878,0.64375,4850,312,48.5,0.283636421,0.64375,2764,25,32.3333321,0.0323246233,0.64375,2745,22,32.3333321,0.03026102,0.64375,50.7500076,44.3750038,99.9975,9.370468,27.5102959,25.40747,5.14143372,9.73933,34.5508728,38.5,0.25,0,55,0,85,0.416,1.01,16,16,16,32,48,30,295,160,130,0,0,0,16,38.5,0.25,0,55,0,85,0.416,1.01,16,16,16,32,48,30,295,160,130,0,0,0,16,512,-1,485.785156,485.480469,0.3046875,0.5,7618.451,7618.951,0,0,0,0,0,0,0,0,0,0,0,0,512,600,1200,3000,49,0.965000033,1.30500007,0,5,14,51,210,405,0,0,0,0,0,0,0,0,1.959,4.676,0.865,1773.69141,81.96484,0.9703821,0,0,0,0,0,0,0,0,0,0.102573268,0,0,0,62.5625,60,16376,14294,2081,12.7122488,6.646,0,0
05/27/2026 14:17:09,40,59,0,48,53,44,44,44,44,63,12.144001,5.04,1.312,1.396,0.688,0.322000027,0.640000045,3.292,2.046,0,3.37600017,3.37200022,3.124,50,48,43.5,47,904,751,0,791,691,0,0,0,0,0,6.25,0,0,0,0,3.12,0,0,1.17,6.25,27.9710979,3611,81,3600,365,36,0.20825325,0.95,4039,55,48.5,0.0228575729,0.93125,3862,28,48.5,0.0106387781,0.93125,3845,21,48.5,0.009600482,0.93125,3888,28,48.5,0.01130088,0.93125,4261,102,48.5,0.0825581253,0.93125,2837,29,32.3333321,0.0120666875,0.675,2556,20,32.3333321,0.009144169,0.675,50.7500076,44.8750038,99.99749,9.395882,27.4848824,25.4763718,5.16983032,9.710934,34.7417,38.5,0.25,0,55,0,85,0.416,1.01,16,16,16,32,48,30,295,160,130,0,0,0,16,38.5,0.25,0,55,0,85,0.416,1.01,16,16,16,32,48,30,295,160,130,0,0,0,16,512,-1,485.785156,485.480469,0.3046875,0.5,7618.451,7618.951,0,0,0,0,0,0,0,0,0,0,0,0,512,600,1200,3000,48,0.685000062,1.30500007,0,0,13,50,210,405,0,0,0,0,0,0,0,0,1.334,3.414,0.865,1773.69141,81.96484,0,0,0,0,0,0,0,0,0,0,0,0,0,0,62.28125,60,16376,14294,2081,12.7122488,6.217,3149824,0
05/27/2026 14:17:11,40,59,0,48,53,44,44,44,44,63,12.144001,5.04,1.312,1.396,0.812000036,0.332000017,0.640000045,3.292,2.046,0,3.37600017,3.37600017,3.124,50,48,43.5,47,894,756,0,794,690,0,0,0,0,0,4.69,0,0,0,0,1.56,0,0,0.78,4.69,27.0526619,3123,112,4850,400,48.5,0.311074734,0.6625,2961,85,32.3333321,0.08071751,0.6625,2651,32,32.3333321,0.03612882,0.65,2636,27,32.3333321,0.0296489,0.65,2826,44,32.3333321,0.0410267636,0.65,3233,242,32.3333321,0.221279562,0.65,3057,35,32.3333321,0.04381997,0.65,2770,30,32.3333321,0.0288306158,0.65,50.5000076,45.3750038,99.99749,9.397411,27.4833527,25.4805222,5.16807938,9.712685,34.7299347,38.5,0.25,0,55,0,85,0.416,1.01,16,16,16,32,48,30,295,160,130,0,0,0,16,38.5,0.25,0,55,0,85,0.416,1.01,16,16,16,32,48,30,295,160,130,0,0,0,16,512,-1,485.785156,485.480469,0.3046875,0.5,7618.451,7618.951,0,0,0,0,0,0,0,0,0,0,0,0,512,600,1200,3000,48,0.695000052,1.30500007,0,0,13,50,210,405,0,0,0,0,0,0,0,0,2.803,5.398,0.865,1773.69141,81.96484,0.9561149,0,0,0,0,0,0,0,0,0,0,0,0,0,62.4375,60,16376,14294,2081,12.7122488,7.219,3149824,0
05/27/2026 14:17:13,40,60,0,48,53,44,44,44,44,63,12.144001,5.05,1.312,1.396,0.786,0.320000023,0.640000045,3.292,2.046,0,3.37600017,3.37200022,3.124,50,48,43.5,47,894,789,0,783,690,0,0,0,0,0,6.25,0,0,0,0,3.12,0,0,1.17,6.25,27.493,3284,114,4850,494,48.5,0.377930939,0.64375,4441,75,48.5,0.0628549755,0.64375,3019,50,32.3333321,0.0439060479,0.64375,2709,31,32.3333321,0.0310210772,0.64375,2728,38,32.3333321,0.04133242,0.64375,3227,179,32.3333321,0.183657289,0.64375,2679,25,32.3333321,0.02800041,0.64375,2618,20,32.3333321,0.0261224285,0.64375,50.6250076,45.3750038,99.99749,9.397743,27.48302,25.4814224,5.171707,9.709057,34.75431,38.5,0.25,0,55,0,85,0.416,1.01,16,16,16,32,48,30,295,160,130,0,0,0,16,38.25,0.25,0,55,0,85,0.416,1.01,16,16,16,32,48,30,295,160,130,0,0,0,16,512,-1,485.785156,485.480469,0.3046875,0.5,7618.451,7618.951,0,0,0,0,0,0,0,0,0,0,0,0,512,600,1200,3000,49,0.955000043,1.30500007,0,1,15,50,210,405,0,0,0,0,0,0,0,0,2.55,6.614,0.865,1773.69141,81.96484,0.969949365,0,0,0,0,0,0,0,0,0,0,0,0,0,62.3125,60,16376,14294,2081,12.7122488,8.308,0,2099200
05/27/2026 14:17:15,40,60,0,48,53,44,44,44,44,63,12.144001,5.04,1.312,1.396,0.808,0.320000023,0.640000045,3.292,2.046,0,3.37600017,3.37600017,3.124,50,48,43.5,47,895,793,0,792,674,0,0,0,0,0,12.31,0,0,0,0,1.54,0,0,1.73,12.31,26.9052925,3147,97,4850,468,48.5,0.370104522,0.6375,2730,54,32.3333321,0.05310453,0.6375,2783,36,32.3333321,0.024036577,0.6375,2467,20,32.3333321,0.012168467,0.6375,2526,28,32.3333321,0.0198363215,0.6375,4530,123,48.5,0.14861618,0.6375,2804,32,32.3333321,0.0156532656,0.6375,2486,18,32.3333321,0.0120023573,0.6375,50.3750076,44.0000038,99.99749,9.370567,27.5101967,25.40773,5.138649,9.742115,34.5321579,38.5,0.25,0,55,0,85,0.416,1.01,16,16,16,32,48,30,295,160,130,0,0,0,16,38.5,0.25,0,55,0,85,0.416,1.01,16,16,16,32,48,30,295,160,130,0,0,0,16,512,-1,485.785156,485.480469,0.3046875,0.5,7618.451,7618.951,0,0,0,0,0,0,0,0,0,0,0,0,512,600,1200,3000,47,0.575000048,1.30500007,0,0,13,50,210,405,0,0,0,0,0,0,0,0,1.418,4.032,0.865,1773.69141,81.96484,0,0,0,0,0,0,0,0,0,0,0,0,0,0,62.15625,60,16376,14294,2081,12.7122488,6.425,0,1699840
05/27/2026 14:17:17,40,60,0,48,53,44,44,44,44,63,12.144001,5.04,1.312,1.396,0.878,0.338000029,0.640000045,3.292,2.046,0,3.37200022,3.37200022,3.12000012,50,47.5,43.5,47,895,795,0,795,690,0,0,0,0,0,7.94,0,0,0,0,1.59,0,0,1.19,7.94,27.7566853,3287,114,3600,516,36,0.403246433,0.70625,3117,64,36,0.0590585023,0.70625,3101,36,36,0.0339174978,0.70625,2936,29,36,0.030992,0.70625,3141,49,36,0.05066293,0.70625,3498,169,36,0.156349644,0.70625,2905,20,36,0.0279266611,0.70625,4001,26,48.5,0.03163293,0.8375,50.3750076,43.5000038,99.9975,9.39967,27.4810944,25.4866486,5.172474,9.70829,34.7594681,38.5,0.25,0,55,0,85,0.416,1.01,16,16,16,32,48,30,295,160,130,0,0,0,16,38.5,0.25,0,55,0,85,0.416,1.01,16,16,16,32,48,30,295,160,130,0,0,0,16,512,-1,485.785156,485.480469,0.3046875,0.5,7618.451,7618.951,0,0,0,0,0,0,0,0,0,0,0,0,512,600,1200,3000,49,0.919,1.30500007,0,1,14,50,210,405,0,0,0,0,0,0,0,0,2.095,3.397,0.865,1773.69141,81.96484,0.9601451,0,0,0,0,0,0,0,0,0,0,0,0,0,62.28125,58,16376,14294,2081,12.7122488,5.904,0,2099200
05/27/2026 14:17:19,40,59,0,48,53,44,44,44,44,63,12.144001,5.04,1.312,1.396,0.770000041,0.312,0.640000045,3.292,2.046,0,3.37200022,3.37200022,3.12000012,50,48,43.5,47,892,787,0,793,690,0,0,0,0,0,12.5,1.54,1.54,0,0,0,0,1.54,2.14,12.5,26.8944836,3004,111,4850,507,48.5,0.394262284,0.65625,2925,74,32.3333321,0.07381402,0.65625,2690,37,32.3333321,0.0353162065,0.65625,2622,31,32.3333321,0.0327962376,0.65625,2714,43,32.3333321,0.0390459523,0.65625,3029,148,32.3333321,0.152561665,0.65625,2649,28,32.3333321,0.0314455144,0.65625,2551,22,32.3333321,0.0284970216,0.65625,50.3750076,43.0000038,99.99749,9.398972,27.4817924,25.4847565,5.169056,9.711708,34.736496,38.5,0.25,0,55,0,85,0.416,1.01,16,16,16,32,48,30,295,160,130,0,0,0,16,38.5,0.25,0,55,0,85,0.416,1.01,16,16,16,32,48,30,295,160,130,0,0,0,16,512,-1,485.785156,485.480469,0.3046875,0.5,7618.451,7618.951,0,0,0,0,0,0,0,0,0,0,0,0,512,600,1200,3000,49,0.965000033,1.30500007,0,2,14,50,210,405,0,0,0,0,0,0,0,0,2.613,6.35,0.865,1773.69141,81.96484,0.9565731,0,0,0,0,0,0,0,0,0,0,0,0,0,62.3125,58,16376,14294,2081,12.7122488,7.694,0,2199552
05/27/2026 14:17:21,40,59,0,48,53,44,44,44,44,63,12.144001,5.05,1.312,1.396,0.646,0.30400002,0.640000045,3.292,2.046,0,3.37200022,3.37200022,3.124,50,48,43.5,47,894,752,0,791,674,0,0,0,0,0,3.17,0,0,0,0,1.59,0,0,0.6,3.17,26.7622356,3142,88,4850,392,48.5,0.22040765,0.6625,4019,45,48.5,0.03185262,0.6625,2591,23,32.3333321,0.01768821,0.6625,2577,21,32.3333321,0.0129916426,0.6375,2649,32,32.3333321,0.01901023,0.6375,3041,144,32.3333321,0.109117791,0.6375,2763,23,32.3333321,0.0114778755,0.6375,2646,20,32.3333321,0.009622077,0.6375,50.2500076,44.3750038,99.99748,9.398193,27.48257,25.4826431,5.172535,9.708229,34.75988,38.5,0.25,0,55,0,85,0.416,1.01,16,16,16,32,48,30,295,160,130,0,0,0,16,38.5,0.25,0,55,0,85,0.416,1.01,16,16,16,32,48,30,295,160,130,0,0,0,16,512,-1,485.785156,485.480469,0.3046875,0.5,7618.451,7618.951,0,0,0,0,0,0,0,0,0,0,0,0,512,600,1200,3000,48,0.599000037,1.30500007,0,0,13,50,210,405,0,0,0,0,0,0,0,0,1.513,6.138,0.865,1773.69141,81.96484,0,0,0,0,0,0,0,0,0,0,0,0,0,0,61.96875,60,16376,14294,2081,12.7122488,7.665,49152,0
05/27/2026 14:17:23,40,59,0,48,53,44,44,44,44,63,12.144001,5.04,1.31000006,1.39200008,0.784000039,0.316,0.640000045,3.288,2.046,0,3.37200022,3.37200022,3.124,50,47.5,43.5,47,904,782,0,777,673,0,0,0,0,0,4.69,0,0,0,0,1.56,0,0,0.78,4.69,28.1907349,3316,112,3600,477,36,0.356754363,0.9625,3185,68,36,0.06392341,0.95625,3097,41,36,0.036244452,0.95625,3037,34,36,0.03713136,0.95,3135,48,36,0.0476406179,0.95625,3533,177,36,0.156955168,0.95625,2988,27,36,0.0292020179,0.95,3951,23,48.5,0.0270523634,1.04375,50.3750076,45.3750038,99.99748,9.401196,27.4795685,25.4907837,5.17470169,9.706062,34.774437,38.5,0.25,0,55,0,85,0.416,1.01,16,16,16,32,48,30,295,160,130,0,0,0,16,38.5,0.25,0,55,0,85,0.416,1.01,16,16,16,32,48,30,295,160,130,0,0,0,16,512,-1,485.785156,485.480469,0.3046875,0.5,7618.451,7618.951,0,0,0,0,0,0,0,0,0,0,0,0,512,600,1200,3000,49,0.930000067,1.30500007,0,2,14,50,210,405,0,0,0,0,0,0,0,0,1.931,3.418,0.865,1773.69141,81.96484,0.8889775,0,0,0,0,0,0,0,0,0,0,0,0,0,62.0625,60,16376,14294,2081,12.7122488,5.405,0,0
05/27/2026 14:17:25,40,58,0,48,53,44,44,44,44,63,12.144001,5.04,1.312,1.39200008,0.824000061,0.33,0.640000045,3.292,2.046,0,3.37200022,3.37200022,3.12000012,50,47.5,43.5,47,902,744,0,792,674,0,0,0,0,0,7.94,1.59,0,0,0,0,0,0,1.19,7.94,27.3291626,3084,121,4850,525,48.5,0.389730275,0.65,3064,86,32.3333321,0.07333792,0.65,2748,35,32.3333321,0.0349779725,0.65,2625,27,32.3333321,0.029570166,0.65,2719,37,32.3333321,0.03920245,0.65,3233,209,32.3333321,0.200937659,0.65,2730,23,32.3333321,0.02918669,0.65,2707,27,32.3333321,0.0288006216,0.65,50.6250076,45.3750038,99.99748,9.398556,27.4822083,25.4836273,5.1709137,9.70985,34.7489777,38.5,0.25,0,55,0,85,0.416,1.01,16,16,16,32,48,30,295,160,130,0,0,0,16,38.5,0.25,0,55,0,85,0.416,1.01,16,16,16,32,48,30,295,160,130,0,0,0,16,512,-1,485.785156,485.480469,0.3046875,0.5,7618.451,7618.951,0,0,0,0,0,0,0,0,0,0,0,0,512,600,1200,3000,48,0.930000067,1.30500007,0,2,14,50,210,405,0,0,0,0,0,0,0,0,2.504,4.153,0.865,1773.69141,81.96484,0.9620266,0,0,0,0,0,0,0,0,0,0,0,0,0,62.15625,60,16376,14294,2081,12.7122488,6.211,0,49152
05/27/2026 14:17:27,40,58,0,48,53,44,44,44,44,63,12.144001,5.04,1.312,1.396,0.748,0.314,0.640000045,3.292,2.046,0,3.37200022,3.37200022,3.12000012,50,47.5,43.5,47,895,769,0,795,690,0,0,0,0,0,4.69,0,0,0,0,3.12,0,0,0.98,4.69,26.4151611,3255,86,4850,351,48.5,0.188628271,0.65,3862,43,48.5,0.0328923129,0.65,2561,26,32.3333321,0.0134157995,0.65,2520,24,32.3333321,0.01064536,0.6375,2535,30,32.3333321,0.01839713,0.6375,4782,178,48.5,0.1644881,0.6375,2499,21,32.3333321,0.0112983,0.6375,2434,16,32.3333321,0.010902402,0.6375,50.3750076,44.0000038,99.99749,9.368423,27.51234,25.4019241,5.140793,9.739971,34.5465622,38.5,0.25,0,55,0,85,0.416,1.01,16,16,16,32,48,30,295,160,130,0,0,0,16,38.5,0.25,0,55,0,85,0.416,1.01,16,16,16,32,48,30,295,160,130,0,0,0,16,512,-1,485.785156,485.480469,0.3046875,0.5,7618.451,7618.951,0,0,0,0,0,0,0,0,0,0,0,0,512,600,1200,3000,49,0.835000038,1.30500007,0,0,14,50,210,405,0,0,0,0,0,0,0,0,1.915,6.558,0.865,1773.69141,81.96484,0,0,0,0,0,0,0,0,0,0,0,0,0,0,62,58,16376,14294,2081,12.7122488,7.591,0,0
05/27/2026 14:17:29,40,58,0,48,53,44,44,44,44,63,12.144001,5.04,1.312,1.396,0.734,0.316,0.640000045,3.292,2.046,0,3.37200022,3.37200022,3.12000012,50,47.5,43.5,47,904,768,0,792,673,0,0,0,0,0,7.81,3.08,3.08,1.54,1.54,4.62,4.62,1.54,3.48,7.81,27.4835739,3284,121,4850,465,48.5,0.362447023,0.65,2881,67,32.3333321,0.07377814,0.65,2657,33,32.3333321,0.0322336145,0.65,2660,26,32.3333321,0.03076915,0.65,2981,52,32.3333321,0.0565481968,0.65,4850,273,48.5,0.2550521,0.65,2727,23,32.3333321,0.0311189443,0.65,2668,26,32.3333321,0.0305312723,0.65,50.5000076,45.8750038,99.99749,9.396481,27.4842834,25.4780045,5.16675568,9.714008,34.72104,38.5,0.25,0,55,0,85,0.416,1.01,16,16,16,32,48,30,295,160,130,0,0,0,16,38.5,0.25,0,55,0,85,0.416,1.01,16,16,16,32,48,30,295,160,130,0,0,0,16,512,-1,485.785156,485.480469,0.3046875,0.5,7618.451,7618.951,0,0,0,0,0,0,0,0,0,0,0,0,512,600,1200,3000,49,0.955000043,1.30500007,0,1,14,50,210,405,0,0,0,0,0,0,0,0,1.853,5.656,0.865,1773.69141,81.96484,0.9711306,0,0,0,0,0,0,0,0,0,0,0,0,0,62.03125,60,16376,14294,2081,12.7122488,6.843,49152,0
05/27/2026 14:17:31,40,58,0,48,53,44,44,44,44,63,12.144001,5.04,1.312,1.396,0.838000059,0.320000023,0.640000045,3.292,2.046,0,3.37200022,3.37200022,3.12000012,50,47.5,43.5,47,902,768,0,781,690,0,0,0,0,0,13.85,1.54,0,0,0,3.08,0,0,2.31,13.85,27.9706364,3840,106,4850,455,48.5,0.3102659,0.6625,3048,83,32.3333321,0.0625049546,0.6625,2677,25,32.3333321,0.0300780367,0.6625,2766,28,32.3333321,0.0387206376,0.6625,4233,41,48.5,0.03687609,0.6625,4754,164,48.5,0.147578731,0.6625,4123,27,48.5,0.02977482,0.6625,4266,28,48.5,0.0280659143,0.6625,50.5000076,44.0000038,99.9975,9.3683815,27.5123825,25.40181,5.143963,9.736801,34.56787,38.5,0.25,0,55,0,85,0.416,1.01,16,16,16,32,48,30,295,160,130,0,0,0,16,38.5,0.25,0,55,0,85,0.416,1.01,16,16,16,32,48,30,295,160,130,0,0,0,16,512,-1,485.785156,485.480469,0.3046875,0.5,7618.451,7618.951,0,0,0,0,0,0,0,0,0,0,0,0,512,600,1200,3000,48,0.420000017,1.30500007,0,0,11,50,210,405,0,0,0,0,0,0,0,0,1.854,3.382,0.865,1773.69141,81.96484,0.9366402,0,0,0,0,0,0,0,0,0,0,0,0,0,62,58,16376,14294,2081,12.7122488,5.607,0,0
05/27/2026 14:17:33,40,58,0,48,53,44,44,44,44,63,12.144001,5.04,1.31000006,1.39200008,0.804,0.320000023,0.640000045,3.292,2.046,0,3.37200022,3.37200022,3.12000012,50,47.5,43.5,47,902,743,0,793,691,0,0,0,0,0,4.76,0,0,0,0,9.52,0,0,1.79,9.52,27.11937,3074,117,4850,451,48.5,0.348916143,0.65,2821,64,32.3333321,0.07173991,0.65,2700,29,32.3333321,0.03494512,0.65,2723,27,32.3333321,0.031524267,0.65,2737,39,32.3333321,0.0479852669,0.65,3233,260,32.3333321,0.246487215,0.65,2921,42,32.3333321,0.0362005159,0.65,2611,21,32.3333321,0.0298256781,0.65,50.3750076,45.3750038,99.9975,9.398453,27.4823112,25.483345,5.173321,9.707443,34.765152,38.5,0.25,0,55,0,85,0.416,1.01,16,16,16,32,48,30,295,160,130,0,0,0,16,38.5,0.25,0,55,0,85,0.416,1.01,16,16,16,32,48,30,295,160,130,0,0,0,16,512,-1,485.785156,485.480469,0.3046875,0.5,7618.451,7618.951,0,0,0,0,0,0,0,0,0,0,0,0,512,600,1200,3000,47,0.849000037,1.30500007,0,0,12,50,210,405,0,0,0,0,0,0,0,0,2.668,5.23,0.865,1773.69141,81.96484,0.962627769,0,0,0,0,0,0,0,0,0,0,0,0,0,61.9375,58,16376,14294,2081,12.7122488,7.016,0,0
05/27/2026 14:17:35,40,58,0,48,53,44,44,44,44,63,12.144001,5.04,1.31000006,1.396,0.746000051,0.316,0.638,3.292,2.046,0,3.37200022,3.37200022,3.12000012,50,47.5,43.5,47,900,740,0,782,691,0,0,0,0,0,12.5,0,0,1.54,0,7.81,0,1.54,2.92,12.5,27.7196445,3529,128,4850,567,48.5,0.432727337,0.65,4266,61,48.5,0.07326056,0.65,3053,55,32.3333321,0.0468228534,0.65,2720,30,32.3333321,0.032788828,0.65,2804,43,32.3333321,0.0444611944,0.65,4850,209,48.5,0.202033,0.65,2819,25,32.3333321,0.0321147554,0.65,2869,30,32.3333321,0.03304951,0.65,50.5000076,45.3750038,99.9975,9.371498,27.5092659,25.4102631,5.14633942,9.734425,34.58384,38.5,0.25,0,55,0,85,0.416,1.01,16,16,16,32,48,30,295,160,130,0,0,0,16,38.5,0.25,0,55,0,85,0.416,1.01,16,16,16,32,48,30,295,160,130,0,0,0,16,512,-1,485.785156,485.480469,0.3046875,0.5,7618.451,7618.951,0,0,0,0,0,0,0,0,0,0,0,0,512,600,1200,3000,48,0.405000031,1.30500007,0,0,11,50,210,405,0,0,0,0,0,0,0,0,2.314,6.65,0.865,1773.69141,81.96484,0.9677581,0,0,0,0,0,0,0,0,0,0,0,0,0,61.96875,60,16376,14294,2081,12.7122488,7.335,0,0
05/27/2026 14:17:37,40,58,0,48,53,44,44,44,44,63,12.144001,5.04,1.31000006,1.396,0.764000058,0.312,0.640000045,3.292,2.046,0,3.37200022,3.37200022,3.124,50,47.5,43.5,47,904,740,0,782,674,0,0,0,0,0,14.06,3.12,1.56,1.56,3.12,6.35,1.56,0,3.92,14.06,26.3944283,3101,110,4850,451,48.5,0.300158978,0.6625,3115,90,32.3333321,0.07888931,0.6625,2767,38,32.3333321,0.03926098,0.6625,2768,34,32.3333321,0.0333067775,0.6625,2996,72,32.3333321,0.0586695224,0.6625,3140,153,32.3333321,0.165846869,0.6625,2654,26,32.3333321,0.0264649726,0.6625,2516,18,32.3333321,0.0189494714,0.6625,50.3750076,45.3750038,99.99748,9.398357,27.4824066,25.4830856,5.17595673,9.704807,34.7828674,38.5,0.25,0,55,0,85,0.416,1.01,16,16,16,32,48,30,295,160,130,0,0,0,16,38.5,0.25,0,55,0,85,0.416,1.01,16,16,16,32,48,30,295,160,130,0,0,0,16,512,-1,485.785156,485.480469,0.3046875,0.5,7618.451,7618.951,0,0,0,0,0,0,0,0,0,0,0,0,512,600,1200,3000,48,0.729000032,1.30500007,0,0,14,50,210,405,0,0,0,0,0,0,0,0,1.82,4.652,0.865,1773.69141,81.96484,0.0255538672,0,0,0,0,0,0,0,0,0,0,0,0,0,61.90625,58,16376,14294,2081,12.7122488,5.627,0,0
05/27/2026 14:17:39,40,58,0,48,53,44,44,44,44,63,12.144001,5.04,1.312,1.39200008,0.774000049,0.324,0.638,3.292,2.046,0,3.37600017,3.37200022,3.124,50,47.5,43.5,47,902,768,0,777,690,0,0,0,0,0,1.56,0,0,0,0,0,0,0,0.2,1.56,26.816328,3602,107,3600,460,36,0.354098648,0.9625,3407,87,36,0.0708107352,0.95625,3147,43,36,0.0349404924,0.95625,3053,30,36,0.0349296629,0.95,2759,38,32.3333321,0.0382770263,1.14375,4684,154,48.5,0.141985238,1.14375,4029,22,48.5,0.0259126183,0.74375,4137,20,48.5,0.0259126183,0.74375,50.3750076,43.5000038,99.99749,9.371822,27.5089417,25.41114,5.150387,9.730377,34.61104,38.5,0.25,0,55,0,85,0.416,1.01,16,16,16,32,48,30,295,160,130,0,0,0,16,38.5,0.25,0,55,0,85,0.416,1.01,16,16,16,32,48,30,295,160,130,0,0,0,16,512,-1,485.785156,485.480469,0.3046875,0.5,7618.451,7618.951,0,0,0,0,0,0,0,0,0,0,0,0,512,600,1200,3000,47,0.415000021,1.30500007,0,0,11,50,210,405,0,0,0,0,0,0,0,0,2.146,3.502,0.865,1773.69141,81.96484,0.942133665,0,0,0,0,0,0,0,0,0,0,0,0,0,61.75,58,16376,14294,2081,12.7122488,4.543,0,49152
05/27/2026 14:17:41,40,58,0,48,53,44,44,44,44,63,12.144001,5.04,1.312,1.39200008,0.816000044,0.314,0.638,3.292,2.046,0,3.37200022,3.37200022,3.12000012,51,47.5,43.5,47,902,768,0,780,674,0,0,0,0,0,13.85,3.08,1.54,1.54,0,6.15,0,1.54,3.46,13.85,28.97317,3297,248,4850,734,48.5,0.6798908,0.65625,3233,195,32.3333321,0.229526415,0.65625,3020,88,32.3333321,0.115080528,0.65625,2870,53,32.3333321,0.08953609,0.65625,3108,115,32.3333321,0.153223351,0.65625,3233,610,32.3333321,0.61829716,0.65625,2827,40,32.3333321,0.06726421,0.65625,3233,152,32.3333321,0.1665669,0.65625,51.7500076,45.3750038,99.99749,9.462673,27.41809,25.6574783,5.22233963,9.658424,35.0945663,38.5,0.25,0,55,0,85,0.416,1.01,16,16,16,32,48,30,295,160,130,0,0,0,16,38.5,0.25,0,55,0,85,0.416,1.01,16,16,16,32,48,30,295,160,130,0,0,0,16,512,-1,485.785156,485.480469,0.3046875,0.5,7618.451,7618.951,0,0,0,0,0,0,0,0,0,0,0,0,512,600,1200,3000,47,0.695000052,1.30500007,0,1,14,50,210,405,0,0,0,0,0,0,0,0,2.627,6.306,0.865,1773.69141,81.96484,0.9397556,0,0,0,0,0,0,0,0,0,0,0,0,0,61.75,58,16376,14294,2081,12.7122488,7.703,49152,0
05/27/2026 14:17:43,41,58,0,49,53,45,45,45,45,65,12.144001,5.04,1.312,1.39200008,0.718000054,0.308000028,0.638,3.292,2.046,0,3.37200022,3.37200022,3.12000012,51,48,43.5,47,907,768,0,791,673,0,0,0,0,0,6.25,0,1.54,0,0,7.81,1.54,1.54,2.33,7.81,27.06451,3140,84,4850,364,48.5,0.2153745,0.65,2646,47,32.3333321,0.02765755,0.65,2533,23,32.3333321,0.0109583894,0.65,2676,25,32.3333321,0.0113966772,0.65,2628,26,32.3333321,0.0300015341,0.65,4717,156,48.5,0.112151526,0.65,2573,18,32.3333321,0.01005592,0.65,2498,14,32.3333321,0.00968633,0.65,51.5000076,44.8750038,99.99749,9.429474,27.45129,25.56746,5.19111252,9.68965149,34.88472,38.5,0.25,0,55,0,85,0.416,1.01,16,16,16,32,48,30,295,160,130,0,0,0,16,38.5,0.25,0,55,0,85,0.416,1.01,16,16,16,32,48,30,295,160,130,0,0,0,16,512,-1,485.785156,485.480469,0.3046875,0.5,7618.451,7618.951,0,0,0,0,0,0,0,0,0,0,0,0,512,600,1200,3000,49,0.965000033,1.30500007,0,1,14,50,210,405,0,0,0,0,0,0,0,0,1.369,5.97,0.865,1773.69141,81.96484,0,0,0,0,0,0,0,0,0,0,0,0,0,0,61.6875,58,16376,14294,2081,12.7122488,7.385,0,0
05/27/2026 14:17:45,41,59,0,49,54,45,45,45,45,65,12.12,5.04,1.31000006,1.39200008,0.802000046,0.316,0.638,3.292,2.046,0,3.37200022,3.37200022,3.124,51,47.5,43.5,47,913,748,0,783,678,0,0,0,0,0,20.31,7.69,1.54,4.62,3.08,16.92,1.54,3.08,7.35,20.31,27.78329,3791,132,4040,518,40.4,0.401226461,0.575,3680,80,40.4,0.09478394,0.58125,3360,28,40.4,0.0304517671,0.58125,3517,35,40.4,0.03989322,0.58125,3453,40,40.4,0.0429179445,0.58125,4040,303,40.4,0.3200788,0.58125,4057,23,48.5,0.0269701388,0.55625,4178,30,48.5,0.0282479879,0.55625,51.3750076,44.8750038,99.99748,9.465015,27.4157486,25.663826,5.22570038,9.655064,35.11715,38.5,0.25,0,55,0,85,0.416,1.01,16,16,16,32,48,30,295,160,130,0,0,0,16,38.5,0.25,0,55,0,85,0.416,1.01,16,16,16,32,48,30,295,160,130,0,0,0,16,512,-1,485.785156,485.480469,0.3046875,0.5,7618.451,7618.951,0,0,0,0,0,0,0,0,0,0,0,0,512,600,1200,3000,48,0.570000052,1.30500007,0,0,13,50,210,405,0,0,0,0,0,0,0,0,1.74,3.532,0.865,1773.69141,81.96484,0.9461276,0,0,0,0,0,0,0,0,0,0,0,0,0,61.5625,58,16376,14294,2081,12.7122488,5.254,0,0
05/27/2026 14:17:47,41,58,0,50,55,45,45,45,45,65,12.144001,5.04,1.312,1.39200008,0.796000063,0.314,0.640000045,3.292,2.046,0,3.37600017,3.37200022,3.124,51,47.5,43.5,47,923,773,0,805,701,0,0,0,0,0,15.38,0,0,0,0,3.08,0,0,2.31,15.38,27.5336761,3231,120,4850,541,48.5,0.42985025,0.64375,2954,76,32.3333321,0.06489709,0.64375,4157,33,48.5,0.03785162,0.64375,2664,27,32.3333321,0.0319067352,0.64375,2784,38,32.3333321,0.041012194,0.64375,3173,198,32.3333321,0.191342339,0.64375,2658,28,32.3333321,0.0322662778,0.64375,2605,19,32.3333321,0.0303567648,0.64375,51.2500076,45.3750038,99.9975,9.458786,27.421978,25.6469345,5.22232437,9.65844,35.09446,38.5,0.25,0,55,0,85,0.416,1.01,16,16,16,32,48,30,295,160,130,0,0,0,16,38.5,0.25,0,55,0,85,0.416,1.01,16,16,16,32,48,30,295,160,130,0,0,0,16,512,-1,485.785156,485.480469,0.3046875,0.5,7618.451,7618.951,0,0,0,0,0,0,0,0,0,0,0,0,512,600,1200,3000,50,0.745000064,1.30500007,0,0,14,50,210,405,0,0,0,0,0,0,0,0,2.466,4.073,0.865,1773.69141,81.96484,0.937628448,0,0,0,0,0,0,0,0,0,0,0,0,0,61.71875,58,16376,14294,2081,12.7122488,6.081,0,49152
05/27/2026 14:17:49,41,58,0,50,55,45,45,45,45,65,12.144001,5.04,1.312,1.39200008,0.700000048,0.306000024,0.640000045,3.292,2.046,0,3.37600017,3.37200022,3.12000012,50,48,43.5,47,911,769,0,798,693,0,0,0,0,0,1.56,0,0,0,0,1.56,0,0,0.39,1.56,25.9460373,3180,80,4850,307,48.5,0.170044482,0.64375,4004,42,48.5,0.01890572,0.64375,3081,45,32.3333321,0.02090786,0.64375,2619,23,32.3333321,0.009145118,0.64375,2600,25,32.3333321,0.017220201,0.64375,3142,160,32.3333321,0.102926187,0.64375,2584,18,32.3333321,0.008994907,0.64375,2562,16,32.3333321,0.008686862,0.64375,50.7500076,43.5000038,99.9975,9.459816,27.420948,25.6497345,5.22502136,9.655743,35.112587,38.5,0.25,0,55,0,85,0.416,1.01,16,16,16,32,48,30,295,160,130,0,0,0,16,38.5,0.25,0,55,0,85,0.416,1.01,16,16,16,32,48,30,295,160,130,0,0,0,16,512,-1,485.785156,485.480469,0.3046875,0.5,7618.451,7618.951,0,0,0,0,0,0,0,0,0,0,0,0,512,600,1200,3000,48,0.914000034,1.30500007,0,1,14,50,210,405,0,0,0,0,0,0,0,0,1.95,6.606,0.865,1773.69141,81.96484,0,0,0,0,0,0,0,0,0,0,0,0,0,0,61.5625,58,16376,14294,2081,12.7122488,7.766,0,0
05/27/2026 14:17:51,40,58,0,49,54,44,44,44,44,63,12.144001,5.04,1.312,1.396,0.756000042,0.326,0.640000045,3.292,2.046,0,3.37600017,3.37200022,3.124,50,47.5,43.5,47,904,771,0,800,712,0,0,0,0,0,14.06,6.35,3.17,1.59,3.17,4.76,3.17,1.59,4.73,14.06,27.52076,3103,135,4850,619,48.5,0.51037395,0.6625,3002,82,32.3333321,0.07733267,0.6625,2777,35,32.3333321,0.0312950574,0.6625,2698,26,32.3333321,0.0277113225,0.6625,2728,35,32.3333321,0.0388142578,0.6625,3233,229,32.3333321,0.220560849,0.6625,2649,21,32.3333321,0.0277112145,0.6625,2884,32,32.3333321,0.0301921256,0.6625,50.7500076,43.0000038,99.99749,9.43314,27.4476242,25.5774,5.196926,9.683838,34.9237823,38.5,0.25,0,55,0,85,0.416,1.01,16,16,16,32,48,30,295,160,130,0,0,0,16,38.5,0.25,0,55,0,85,0.416,1.01,16,16,16,32,48,30,295,160,130,0,0,0,16,512,-1,485.785156,485.480469,0.3046875,0.5,7618.451,7618.951,0,0,0,0,0,0,0,0,0,0,0,0,512,600,1200,3000,48,0.570000052,1.30500007,0,0,13,50,210,405,0,0,0,0,0,0,0,0,1.707,5.623,0.865,1773.69141,81.96484,0.9744045,0,0,0,0,0,0,0,0,0,0,0,0,0,61.59375,58,16376,14294,2081,12.7122488,6.338,0,0
05/27/2026 14:17:53,40,58,0,49,54,45,45,45,45,65,12.144001,5.04,1.312,1.39200008,0.806000054,0.316,0.638,3.292,2.046,0,3.37600017,3.37600017,3.12000012,51,47.5,43.5,47,909,741,0,781,686,0,0,0,0,0,7.81,0,1.56,1.56,1.56,4.62,0,0,2.14,7.81,29.6338158,3922,95,3600,434,36,0.2972735,0.6625,3002,46,36,0.0314567164,0.6625,3924,29,48.5,0.0128186326,0.875,3907,25,48.5,0.0111177946,0.875,3922,29,48.5,0.017211495,0.875,4544,139,48.5,0.100913584,0.875,4331,34,48.5,0.0122878216,0.875,4150,23,48.5,0.0111590885,0.875,51.2500076,43.5000038,99.99749,9.464611,27.416153,25.662735,5.23254776,9.648216,35.1631622,38.5,0.25,0,55,0,85,0.416,1.01,16,16,16,32,48,30,295,160,130,0,0,0,16,38.5,0.25,0,55,0,85,0.416,1.01,16,16,16,32,48,30,295,160,130,0,0,0,16,512,-1,485.785156,485.480469,0.3046875,0.5,7618.451,7618.951,0,0,0,0,0,0,0,0,0,0,0,0,512,600,1200,3000,49,0.844000041,1.30500007,0,0,14,50,210,405,0,0,0,0,0,0,0,0,1.325,3.426,0.865,1773.69141,81.96484,0,0,0,0,0,0,0,0,0,0,0,0,0,0,61.4375,58,16376,14294,2081,12.7122488,5.955,0,0
05/27/2026 14:17:55,40,58,0,49,54,44,44,44,44,63,12.144001,5.04,1.312,1.396,0.804,0.318000019,0.640000045,3.292,2.046,0,3.37200022,3.37200022,3.12000012,50,48,43.5,47,912,743,0,802,700,0,0,0,0,0,23.08,7.69,3.12,3.12,7.81,12.31,3.12,3.12,7.92,23.08,26.7619267,3409,113,4850,469,48.5,0.3502866,0.6375,4330,73,48.5,0.06901687,0.6375,2639,36,32.3333321,0.0339010842,0.6375,2644,29,32.3333321,0.0288477335,0.6375,2703,42,32.3333321,0.0380313545,0.6375,4808,210,48.5,0.182262838,0.6375,2626,22,32.3333321,0.0263249483,0.6375,2670,23,32.3333321,0.0266717263,0.6375,50.7500076,44.3750038,99.99749,9.434696,27.4460678,25.58162,5.20418549,9.67657852,34.9725723,38.5,0.25,0,55,0,85,0.416,1.01,16,16,16,32,48,30,295,160,130,0,0,0,16,38.5,0.25,0,55,0,85,0.416,1.01,16,16,16,32,48,30,295,160,130,0,0,0,16,512,-1,485.785156,485.480469,0.3046875,0.5,7618.451,7618.951,0,0,0,0,0,0,0,0,0,0,0,0,512,600,1200,3000,47,0.615,1.30500007,0,0,13,50,210,405,0,0,0,0,0,0,0,0,2.487,5.338,0.865,1773.69141,81.96484,0.9510757,0,0,0,0,0,0,0,0,0,0,0,0,0,61.5625,58,16376,14294,2081,12.7122488,5.044,0,0
05/27/2026 14:17:57,40,58,0,48,53,44,44,44,44,63,12.144001,5.04,1.31000006,1.396,0.836,0.316,0.638,3.292,2.046,0,3.37600017,3.37200022,3.12000012,50,48,43.5,47,909,774,0,801,687,0,0,0,0,0,6.25,0,0,0,0,4.62,0,0,1.36,6.25,26.99861,3151,119,4850,383,48.5,0.27501592,0.65,3016,76,32.3333321,0.08689444,0.65,3011,52,32.3333321,0.0480050072,0.65,2954,50,32.3333321,0.0535752,0.65,2942,53,32.3333321,0.0468898639,0.65,3233,294,32.3333321,0.242175728,0.65,2620,22,32.3333321,0.0243464448,0.65,2582,20,32.3333321,0.020937942,0.65,50.5000076,44.0000038,99.99749,9.463093,27.4176712,25.6586151,5.225872,9.654892,35.1183,38.5,0.25,0,55,0,85,0.416,1.01,16,16,16,32,48,30,295,160,130,0,0,0,16,38.5,0.25,0,55,0,85,0.416,1.01,16,16,16,32,48,30,295,160,130,0,0,0,16,512,-1,485.785156,485.480469,0.3046875,0.5,7618.451,7618.951,0,0,0,0,0,0,0,0,0,0,0,0,512,600,1200,3000,47,0.705000043,1.30500007,0,0,14,50,210,405,0,0,0,0,0,0,0,0,2.379,6.5,0.865,1773.69141,81.96484,0.01123534,0,0,0,0,0,0,0,0,0,0,0,0,0,61.34375,58,16376,14294,2081,12.7122488,6.799,0,0
05/27/2026 14:17:59,40,58,0,48,53,44,44,44,44,63,12.144001,5.04,1.31000006,1.39200008,0.808,0.320000023,0.640000045,3.292,2.046,0,3.37200022,3.37200022,3.12000012,50,47.5,43,47,897,745,0,780,678,0,0,0,0,0,12.5,0,3.08,1.54,1.54,3.12,1.54,3.08,3.3,12.5,27.1932755,3103,122,4850,539,48.5,0.38465324,0.64375,2858,61,32.3333321,0.06366947,0.64375,3009,68,32.3333321,0.053504914,0.64375,2759,29,32.3333321,0.0437625945,0.64375,2773,40,32.3333321,0.03868764,0.64375,3195,195,32.3333321,0.175541356,0.64375,2712,25,32.3333321,0.0308739562,0.64375,2667,22,32.3333321,0.0277362969,0.64375,50.5000076,43.5000038,99.99748,9.435547,27.4452171,25.5839233,5.208767,9.671997,35.0033569,38.5,0.25,0,55,0,85,0.416,1.01,16,16,16,32,48,30,295,160,130,0,0,0,16,38.5,0.25,0,55,0,85,0.416,1.01,16,16,16,32,48,30,295,160,130,0,0,0,16,512,-1,485.785156,485.480469,0.3046875,0.5,7618.451,7618.951,0,0,0,0,0,0,0,0,0,0,0,0,512,600,1200,3000,49,0.969000041,1.30500007,0,3,14,50,210,405,0,0,0,0,0,0,0,0,1.654,4.495,0.865,1773.69141,81.96484,0.9596573,0,0,0,0,0,0,0,0,0,0,0,0,0,61.375,58,16376,14294,2081,12.7122488,4.973,0,0
05/27/2026 14:18:01,40,58,0,48,53,44,44,44,44,63,12.144001,5.04,1.31000006,1.39200008,0.674,0.320000023,0.638,3.292,2.046,0,3.37200022,3.37200022,3.12000012,50,47.5,43.5,47,894,740,0,776,674,0,0,0,0,0,7.81,1.56,1.56,1.56,1.56,3.12,1.56,1.56,2.54,7.81,27.7588959,3042,80,3600,346,36,0.199561045,0.6875,2961,44,36,0.027563015,0.6875,2869,28,36,0.0190624129,0.6875,3030,35,36,0.0237832423,0.6875,3009,35,36,0.0169493221,0.6875,3275,119,36,0.07849975,0.6875,2806,19,36,0.0101906676,0.6875,2786,18,36,0.009242348,0.6875,50.5000076,43.5000038,99.99749,9.46014,27.4206238,25.6506042,5.234726,9.646038,35.177803,38.5,0.25,0,55,0,85,0.416,1.01,16,16,16,32,48,30,295,160,130,0,0,0,16,38.5,0.25,0,55,0,85,0.416,1.01,16,16,16,32,48,30,295,160,130,0,0,0,16,512,-1,485.785156,485.480469,0.3046875,0.5,7618.451,7618.951,0,0,0,0,0,0,0,0,0,0,0,0,512,600,1200,3000,48,0.410000026,1.30500007,0,0,11,50,210,405,0,0,0,0,0,0,0,0,1.634,3.695,0.865,1773.69141,81.96484,0,0,0,0,0,0,0,0,0,0,0,0,0,0,61.28125,58,16376,14294,2081,12.7122488,5.222,0,0
05/27/2026 14:18:03,40,58,0,48,53,44,44,44,44,63,12.144001,5.04,1.31000006,1.39200008,0.806000054,0.326,0.638,3.288,2.046,0,3.37200022,3.37200022,3.12000012,50,47.5,43,47,905,740,0,796,673,0,0,0,0,0,7.81,3.12,0,1.56,0,1.54,0,0,1.75,7.81,27.5130348,3257,114,4850,491,48.5,0.368751943,0.65,2842,60,32.3333321,0.05995601,0.65,2788,44,32.3333321,0.0356470458,0.64375,2696,31,32.3333321,0.0298534278,0.64375,2735,36,32.3333321,0.03959432,0.64375,4850,209,48.5,0.200737163,0.64375,2680,23,32.3333321,0.02850245,0.64375,2617,19,32.3333321,0.0276026931,0.64375,50.3750076,43.5000038,99.99749,9.433216,27.4475479,25.5776062,5.20674133,9.674023,34.9897461,38.5,0.25,0,55,0,85,0.416,1.01,16,16,16,32,48,30,295,160,130,0,0,0,16,38.5,0.25,0,55,0,85,0.416,1.01,16,16,16,32,48,30,295,160,130,0,0,0,16,512,-1,485.785156,485.480469,0.3046875,0.5,7618.451,7618.951,0,0,0,0,0,0,0,0,0,0,0,0,512,600,1200,3000,49,0.650000036,1.30500007,0,0,13,49,210,405,0,0,0,0,0,0,0,0,2.337,6.047,0.865,1773.69141,81.96484,0.9611952,0,0,0,0,0,0,0,0,0,0,0,0,0,61.3125,58,16376,14294,2081,12.7122488,6.952,49152,0
05/27/2026 14:18:05,40,58,0,48,53,44,44,44,44,63,12.12,5.04,1.31000006,1.39200008,0.840000033,0.318000019,0.638,3.288,2.046,0,3.37200022,3.36800027,3.11600018,50,47.5,43.5,47,900,768,0,778,690,0,0,0,0,0,9.38,0,0,0,1.56,1.56,0,0,1.56,9.38,27.7068672,3060,122,4850,539,48.5,0.4439734,0.6625,2944,70,32.3333321,0.0630108044,0.6625,2641,35,32.3333321,0.03466519,0.6625,2652,28,32.3333321,0.0325011127,0.6625,2920,51,32.3333321,0.0621057861,0.6625,3207,198,32.3333321,0.222234622,0.6625,2695,27,32.3333321,0.0316663943,0.6625,2575,24,32.3333321,0.03028022,0.6625,50.6250076,43.5000038,99.99749,9.465012,27.4157524,25.6638184,5.23617172,9.644592,35.1875229,38.5,0.25,0,55,0,85,0.416,1.01,16,16,16,32,48,30,295,160,130,0,0,0,16,38.5,0.25,0,55,0,85,0.416,1.01,16,16,16,32,48,30,295,160,130,0,0,0,16,512,-1,485.785156,485.480469,0.3046875,0.5,7618.451,7618.951,0,0,0,0,0,0,0,0,0,0,0,0,512,600,1200,3000,50,0.930000067,1.30500007,0,1,14,49,210,405,0,0,0,0,0,0,0,0,2.128,6.364,0.865,1773.69141,81.96484,0.97034,0,0,0,0,0,0,0,0,0,0,0,0,0,61.28125,58,16376,14294,2081,12.7122488,6.925,0,0
05/27/2026 14:18:07,40,58,0,48,53,44,44,44,44,63,12.12,5.03,1.31000006,1.39200008,0.756000042,0.320000023,0.638,3.288,2.046,0,3.37200022,3.36800027,3.12000012,50,47.5,43.5,47,896,769,0,779,673,0,0,0,0,0,7.81,1.56,0,0,0,6.25,0,0,1.95,7.81,28.1692715,3257,130,4850,453,48.5,0.3263397,0.75625,2892,69,32.3333321,0.06297175,0.75625,2757,36,32.3333321,0.03044481,0.75625,2666,26,32.3333321,0.02618616,0.75625,2706,37,32.3333321,0.0362891257,0.75625,4850,371,48.5,0.337127954,0.75625,2716,24,32.3333321,0.02694124,0.75625,2621,21,32.3333321,0.0250535421,0.75625,50.6250076,44.3750038,99.99748,9.464287,27.4164772,25.66185,5.23598862,9.644775,35.1862869,38.5,0.25,0,55,0,85,0.416,1.01,16,16,16,32,48,30,295,160,130,0,0,0,16,38.5,0.25,0,55,0,85,0.416,1.01,16,16,16,32,48,30,295,160,130,0,0,0,16,512,-1,485.785156,485.480469,0.3046875,0.5,7618.451,7618.951,0,0,0,0,0,0,0,0,0,0,0,0,512,600,1200,3000,48,0.950000048,1.30500007,0,1,14,49,210,405,0,0,0,0,0,0,0,0,1.675,3.498,0.865,1773.69141,81.96484,0.887539446,0,0,0,0,0,0,0,0,0,0,0,0,0,61.125,58,16376,14294,2081,12.7122488,5.618,0,49152
05/27/2026 14:18:09,40,58,0,49,53,45,45,45,45,65,12.144001,5.04,1.31000006,1.396,0.830000043,0.320000023,0.638,3.288,2.046,0,3.37200022,3.37200022,3.12000012,51,47.5,43,47,904,768,0,782,674,0,0,0,0,0,9.38,1.56,0,0,1.56,1.56,1.56,0,1.95,9.38,27.1411514,3043,110,4850,508,48.5,0.365390927,0.66875,2835,72,32.3333321,0.06786354,0.66875,2708,32,32.3333321,0.03387085,0.66875,2714,30,32.3333321,0.0299119242,0.66875,2719,34,32.3333321,0.03841371,0.66875,3108,150,32.3333321,0.138502344,0.66875,2656,24,32.3333321,0.0266385786,0.66875,2751,28,32.3333321,0.0279165,0.66875,50.8750076,43.5000038,99.99749,9.430176,27.4505882,25.5693588,5.202072,9.678692,34.9583664,38.5,0.25,0,55,0,85,0.416,1.01,16,16,16,32,48,30,295,160,130,0,0,0,16,38.5,0.25,0,55,0,85,0.416,1.01,16,16,16,32,48,30,295,160,130,0,0,0,16,512,-1,485.785156,485.480469,0.3046875,0.5,7618.451,7618.951,0,0,0,0,0,0,0,0,0,0,0,0,512,600,1200,3000,47,0.405000031,1.30500007,0,0,11,49,210,405,0,0,0,0,0,0,0,0,1.973,3.777,0.865,1773.69141,81.96484,0.9584153,0,0,0,0,0,0,0,0,0,0,0,0,0,61.25,58,16376,14294,2081,12.7122488,5.63,0,0
05/27/2026 14:18:11,40,58,0,48,53,44,44,44,44,63,12.12,5.04,1.31000006,1.39200008,0.868000031,0.322000027,0.638,3.292,2.046,0,3.37200022,3.37200022,3.12000012,50,47.5,43.5,47,909,768,0,779,694,0,0,0,0,0,6.25,0,0,0,0,4.69,0,0,1.37,6.25,26.99904,2985,97,4850,389,48.5,0.300826669,0.6625,2803,65,32.3333321,0.0533363335,0.6625,2599,31,32.3333321,0.02585265,0.6625,2547,27,32.3333321,0.0206957832,0.6625,2606,32,32.3333321,0.0289614722,0.6625,3200,178,32.3333321,0.22509034,0.6625,2694,27,32.3333321,0.0175454859,0.6625,2579,25,32.3333321,0.0145025235,0.6625,50.7500076,44.8750038,99.99748,9.394363,27.4864,25.47226,5.18486,9.695904,34.8426971,38.5,0.25,0,55,0,85,0.416,1.01,16,16,16,32,48,30,295,160,130,0,0,0,16,38.5,0.25,0,55,0,85,0.416,1.01,16,16,16,32,48,30,295,160,130,0,0,0,16,512,-1,485.785156,485.480469,0.3046875,0.5,7618.451,7618.951,0,0,0,0,0,0,0,0,0,0,0,0,512,600,1200,3000,48,0.570000052,1.30500007,0,0,13,49,210,405,0,0,0,0,0,0,0,0,1.815,6.553,0.865,1773.69141,81.96484,0,0,0,0,0,0,0,0,0,0,0,0,0,0,61.0625,58,16376,14294,2081,12.7122488,7.313,0,0
05/27/2026 14:18:13,40,58,0,48,53,44,44,44,44,63,12.144001,5.04,1.312,1.396,0.880000055,0.322000027,0.638,3.292,2.046,0,3.37200022,3.37200022,3.12000012,50,47.5,43.5,47,895,740,0,795,692,0,0,0,0,0,10.77,0,0,0,0,4.69,0,0,1.93,10.77,27.320034,3023,123,4850,485,48.5,0.3680867,0.575,2825,67,32.3333321,0.07302808,0.575,2575,32,32.3333321,0.0352020226,0.575,2627,29,32.3333321,0.0295703132,0.575,3003,61,32.3333321,0.05912528,0.575,3233,264,32.3333321,0.24202776,0.6375,2549,25,32.3333321,0.0285711866,0.6375,2522,21,32.3333321,0.0274040438,0.6375,50.7500076,44.3750038,99.99749,9.36401749,27.5167465,25.3899765,5.155819,9.724945,34.6475449,38.5,0.25,0,55,0,85,0.416,1.01,16,16,16,32,48,30,295,160,130,0,0,0,16,38.5,0.25,0,55,0,85,0.416,1.01,16,16,16,32,48,30,295,160,130,0,0,0,16,512,-1,485.785156,485.480469,0.3046875,0.5,7618.451,7618.951,0,0,0,0,0,0,0,0,0,0,0,0,512,600,1200,3000,49,0.955000043,1.30500007,0,1,14,49,210,405,0,0,0,0,0,0,0,0,1.949,5.753,0.865,1773.69141,81.96484,0.977653,0,0,0,0,0,0,0,0,0,0,0,0,0,61.03125,58,16376,14294,2081,12.7122488,6.341,0,0
05/27/2026 14:18:15,40,58,0,48,53,44,44,44,44,63,12.144001,5.04,1.31000006,1.39200008,0.778000057,0.318000019,0.638,3.292,2.046,0,3.37200022,3.37200022,3.12000012,50,47.5,43,47,901,740,0,781,691,0,0,0,0,0,10.94,1.56,0,1.56,0,1.54,0,1.56,2.15,10.94,27.6032314,3182,121,3600,488,36,0.3667873,0.9625,3087,58,36,0.0602388456,0.95625,3021,43,36,0.0343824774,0.95625,3211,43,36,0.0435455851,0.95,3082,45,36,0.0351534374,0.95625,3600,239,36,0.2159665,0.95625,2880,23,36,0.0291258059,0.95,2977,26,36,0.0282656122,0.94375,50.6250076,43.0000038,99.99749,9.396221,27.4845428,25.4772949,5.186447,9.694317,34.853363,38.5,0.25,0,55,0,85,0.416,1.01,16,16,16,32,48,30,295,160,130,0,0,0,16,38.5,0.25,0,55,0,85,0.416,1.01,16,16,16,32,48,30,295,160,130,0,0,0,16,512,-1,485.785156,485.480469,0.3046875,0.5,7618.451,7618.951,0,0,0,0,0,0,0,0,0,0,0,0,512,600,1200,3000,48,0.424000025,1.30500007,0,0,11,49,210,405,0,0,0,0,0,0,0,0,1.589,3.367,0.865,1773.69141,81.96484,0.0203296654,0,0,0,0,0,0,0,0,0,0,0,0,0,61.09375,58,16376,14294,2081,12.7122488,5.039,0,0
05/27/2026 14:18:17,40,58,0,48,53,44,44,44,44,63,12.144001,5.04,1.312,1.396,0.744,0.322000027,0.638,3.292,2.046,0,3.37200022,3.37200022,3.12000012,50,47.5,43.5,47,894,740,0,792,674,0,0,0,0,0,10.94,3.08,0,3.08,1.54,7.69,4.62,1.54,4.06,10.94,27.286232,3802,150,4850,555,48.5,0.418216467,0.64375,4689,119,48.5,0.133368611,0.64375,4578,72,48.5,0.07145506,0.64375,2891,46,32.3333321,0.0580117926,0.64375,3024,81,32.3333321,0.08842564,0.64375,4850,256,48.5,0.250417769,0.64375,2827,40,32.3333321,0.0507459864,0.64375,2704,27,32.3333321,0.0317542255,0.64375,50.5000076,43.5000038,99.9975,9.3961525,27.4846115,25.4771118,5.17633057,9.704433,34.7853775,38.5,0.25,0,55,0,85,0.416,1.01,16,16,16,32,48,30,295,160,130,0,0,0,16,38.5,0.25,0,55,0,85,0.416,1.01,16,16,16,32,48,30,295,160,130,0,0,0,16,512,-1,485.785156,485.480469,0.3046875,0.5,7618.451,7618.951,0,0,0,0,0,0,0,0,0,0,0,0,512,600,1200,3000,48,0.969000041,1.30500007,0,1,14,49,210,405,0,0,0,0,0,0,0,0,2.469,5.73,0.865,1773.69141,81.96484,0.0230608545,0,0,0,0,0,0,0,0,0,0,0,0,0,61.09375,58,16376,14294,2081,12.7122488,6.227,0,0
05/27/2026 14:18:19,40,58,0,48,53,44,44,44,44,63,12.12,5.04,1.31000006,1.39200008,0.742000043,0.308000028,0.638,3.292,2.046,0,3.37200022,3.36800027,3.12000012,50,47.5,43,47,896,768,0,791,690,0,0,0,0,0,7.81,0,0,0,0,1.56,0,0,1.17,7.81,26.6444359,3278,94,4024,349,40.4,0.213574156,0.525,3067,67,33.6666679,0.05950983,0.525,2772,32,33.6666679,0.0145629281,0.525,4767,42,50.5,0.0211057141,0.525,2781,28,33.6666679,0.02476158,0.525,3356,183,33.6666679,0.166802734,0.525,2676,24,33.6666679,0.0111786453,0.525,2781,26,33.6666679,0.0133774709,0.525,50.2500076,43.0000038,99.99748,9.36927,27.5114937,25.40422,5.160267,9.720497,34.6774368,38.5,0.25,0,55,0,85,0.416,1.01,16,16,16,32,48,30,295,160,130,0,0,0,16,38.5,0.25,0,55,0,85,0.416,1.01,16,16,16,32,48,30,295,160,130,0,0,0,16,512,-1,485.785156,485.480469,0.3046875,0.5,7618.451,7618.951,0,0,0,0,0,0,0,0,0,0,0,0,512,600,1200,3000,48,0.575000048,1.30500007,0,0,13,49,210,405,0,0,0,0,0,0,0,0,1.757,6.565,0.865,1773.69141,81.96484,0,0,0,0,0,0,0,0,0,0,0,0,0,0,60.90625,58,16376,14294,2081,12.7122488,7.081,0,0
05/27/2026 14:18:21,40,58,0,48,53,44,44,44,44,63,12.12,5.03,1.31000006,1.39200008,0.798000038,0.328,0.638,3.288,2.046,0,3.37200022,3.37200022,3.12000012,50,47.5,43,47,900,768,0,797,690,0,0,0,0,0,7.81,0,0,0,0,3.12,0,0,1.37,7.81,27.3736858,3274,121,4850,494,48.5,0.382291257,0.65,2875,61,32.3333321,0.07283428,0.65,2724,33,32.3333321,0.0320724,0.65,2837,41,32.3333321,0.03518568,0.65,2800,40,32.3333321,0.0377426744,0.65,4850,253,48.5,0.229400828,0.65,2665,26,32.3333321,0.0286731888,0.65,2591,23,32.3333321,0.0296906251,0.65,50.3750076,44.0000038,99.99748,9.366692,27.5140724,25.3972244,5.15585327,9.724911,34.6477737,38.5,0.25,0,55,0,85,0.416,1.01,16,16,16,32,48,30,295,160,130,0,0,0,16,38.5,0.25,0,55,0,85,0.416,1.01,16,16,16,32,48,30,295,160,130,0,0,0,16,512,-1,485.785156,485.480469,0.3046875,0.5,7618.451,7618.951,0,0,0,0,0,0,0,0,0,0,0,0,512,600,1200,3000,49,0.930000067,1.30500007,0,2,14,49,210,405,0,0,0,0,0,0,0,0,1.539,4.67,0.865,1773.69141,81.96484,0.0120132435,0,0,0,0,0,0,0,0,0,0,0,0,0,60.90625,58,16376,14294,2081,12.7122488,4.636,0,0
05/27/2026 14:18:23,40,58,0,48,53,44,44,44,44,63,12.144001,5.04,1.31000006,1.39200008,0.820000052,0.324,0.638,3.292,2.046,0,3.37200022,3.37200022,3.12000012,50,47.5,43,47,894,767,0,779,691,0,0,0,0,0,12.31,3.12,0,1.56,1.56,6.25,0,1.56,3.3,12.31,27.4030743,3008,130,3600,568,36,0.4725372,0.9625,3231,85,36,0.08324981,0.95625,2920,37,36,0.03416806,0.95625,2903,30,36,0.0301922411,0.95,2730,43,32.3333321,0.0450374857,1.14375,3233,212,32.3333321,0.181419611,1.14375,2762,38,32.3333321,0.0285057668,1.14375,2687,27,32.3333321,0.0280198641,1.14375,50.3750076,43.5000038,99.99749,9.365623,27.51514,25.3943253,5.15513229,9.725632,34.64293,38.5,0.25,0,55,0,85,0.416,1.01,16,16,16,32,48,30,295,160,130,0,0,0,16,38.5,0.25,0,55,0,85,0.416,1.01,16,16,16,32,48,30,295,160,130,0,0,0,16,512,-1,485.785156,485.480469,0.3046875,0.5,7618.451,7618.951,0,0,0,0,0,0,0,0,0,0,0,0,512,600,1200,3000,47,0.594000041,1.30500007,0,0,13,49,210,405,0,0,0,0,0,0,0,0,2.017,3.476,0.865,1773.69141,81.96484,0.00493452931,0,0,0,0,0,0,0,0,0,0,0,0,0,61.03125,58,16376,14294,2081,12.7122488,5.236,0,0
05/27/2026 14:18:25,40,58,0,48,53,44,44,44,44,63,12.12,5.04,1.31000006,1.39200008,0.820000052,0.324,0.638,3.288,2.046,0,3.37200022,3.36800027,3.12000012,50,47.5,43.5,47,907,740,0,793,691,0,0,0,0,0,12.5,4.69,0,0,0,10.94,0,0,3.52,12.5,27.48542,3020,122,4850,504,48.5,0.43113333,0.64375,2812,72,32.3333321,0.0837112144,0.64375,2651,35,32.3333321,0.03635399,0.64375,2612,29,32.3333321,0.0326045081,0.6375,2692,40,32.3333321,0.0458621942,0.6375,3233,248,32.3333321,0.252320141,0.6375,2705,24,32.3333321,0.0291120838,0.6375,2605,21,32.3333321,0.0266733747,0.6375,50.6250076,43.0000038,99.99748,9.39637,27.4843941,25.4777,5.186512,9.694252,34.8538055,38.5,0.25,0,55,0,85,0.416,1.01,16,16,16,32,48,30,295,160,130,0,0,0,16,38.5,0.25,0,55,0,85,0.416,1.01,16,16,16,32,48,30,295,160,130,0,0,0,16,512,-1,485.785156,485.480469,0.3046875,0.5,7618.451,7618.951,0,0,0,0,0,0,0,0,0,0,0,0,512,600,1200,3000,50,0.969000041,1.30500007,0,2,14,49,210,405,0,0,0,0,0,0,0,0,2.427,6.017,0.865,1773.69141,81.96484,0.9612286,0,0,0,0,0,0,0,0,0,0,0,0,0,60.875,58,16376,14294,2081,12.7122488,7.136,0,0
05/27/2026 14:18:27,40,58,0,48,53,44,44,44,44,63,12.144001,5.04,1.312,1.39200008,0.8,0.328,0.638,3.292,2.046,0,3.37200022,3.37200022,3.12000012,50,47.5,43,47,905,740,0,792,690,0,0,0,0,0,14.29,3.17,3.17,3.17,1.59,12.7,1.59,1.59,5.16,14.29,27.11025,3044,118,4850,455,48.5,0.30894354,0.66875,3154,116,32.3333321,0.09923386,0.66875,2896,62,32.3333321,0.03702222,0.66875,2555,30,32.3333321,0.015914401,0.66875,2892,68,32.3333321,0.0608945563,0.66875,3122,180,32.3333321,0.169245273,0.66875,2471,20,32.3333321,0.0123242885,0.66875,2415,16,32.3333321,0.0108309034,0.66875,50.3750076,44.3750038,99.99748,9.359108,27.521656,25.37667,5.143898,9.736866,34.5674362,38.5,0.25,0,55,0,85,0.416,1.01,16,16,16,32,48,30,295,160,130,0,0,0,16,38.5,0.25,0,55,0,85,0.416,1.01,16,16,16,32,48,30,295,160,130,0,0,0,16,512,-1,485.785156,485.480469,0.3046875,0.5,7618.451,7618.951,0,0,0,0,0,0,0,0,0,0,0,0,512,600,1200,3000,48,0.935000062,1.30500007,0,3,14,49,210,405,0,0,0,0,0,0,0,0,1.469,6.271,0.865,1773.69141,81.96484,0,0,0,0,0,0,0,0,0,0,0,0,0,0,60.75,58,16376,14294,2081,12.7122488,6.966,0,0
05/27/2026 14:18:29,40,58,0,48,53,44,44,44,44,63,12.144001,5.04,1.31000006,1.39200008,0.732000053,0.312,0.638,3.292,2.046,0,3.37200022,3.37200022,3.12000012,50,47.5,43,47,894,741,0,793,689,0,0,0,0,0,9.52,1.56,0,0,0,1.56,0,0,1.58,9.52,27.54157,3123,113,4850,473,48.5,0.386937648,0.6625,3059,83,32.3333321,0.06757513,0.6625,2967,48,32.3333321,0.0408034027,0.6625,2678,30,32.3333321,0.0301219523,0.6625,2769,43,32.3333321,0.04362701,0.6625,3218,173,32.3333321,0.190851033,0.6625,2623,21,32.3333321,0.02843966,0.6625,2818,34,32.3333321,0.03072292,0.6625,50.3750076,45.3750038,99.99749,9.361252,27.5195122,25.3824768,5.146332,9.734432,34.583786,38.5,0.25,0,55,0,85,0.416,1.01,16,16,16,32,48,30,295,160,130,0,0,0,16,38.5,0.25,0,55,0,85,0.416,1.01,16,16,16,32,48,30,295,160,130,0,0,0,16,512,-1,485.785156,485.480469,0.3046875,0.5,7618.451,7618.951,0,0,0,0,0,0,0,0,0,0,0,0,512,600,1200,3000,49,0.955000043,1.30500007,0,1,14,49,210,405,0,0,0,0,0,0,0,0,1.606,3.595,0.865,1773.69141,81.96484,0.9084245,0,0,0,0,0,0,0,0,0,0,0,0,0,60.875,58,16376,14294,2081,12.7122488,4.948,0,1449984
05/27/2026 14:18:31,40,58,0,48,53,44,44,44,44,63,12.12,5.04,1.31000006,1.39200008,0.816000044,0.324,0.638,3.292,2.046,0,3.37200022,3.37200022,3.12000012,50,47.5,43.5,47,893,740,0,794,673,0,0,0,0,0,7.81,1.56,0,0,0,1.56,0,0,1.37,7.81,27.6507263,3292,119,4850,487,48.5,0.420756131,0.65625,2850,63,32.3333321,0.05759725,0.65625,2793,40,32.3333321,0.0378382765,0.65625,2623,26,32.3333321,0.0292574912,0.65625,2947,46,32.3333321,0.05160226,0.65625,4850,230,48.5,0.254802853,0.65625,2603,24,32.3333321,0.0291023888,0.65625,2818,35,32.3333321,0.0295604542,0.65625,50.6250076,44.0000038,99.99748,9.389175,27.4915886,25.45819,5.17447662,9.706287,34.7729263,38.5,0.25,0,55,0,85,0.416,1.01,16,16,16,32,48,30,295,160,130,0,0,0,16,38.5,0.25,0,55,0,85,0.416,1.01,16,16,16,32,48,30,295,160,130,0,0,0,16,512,-1,485.785156,485.480469,0.3046875,0.5,7618.451,7618.951,0,0,0,0,0,0,0,0,0,0,0,0,512,600,1200,3000,48,0.42900002,1.30500007,0,0,11,49,210,405,0,0,0,0,0,0,0,0,2.035,3.932,0.865,1773.69141,81.96484,0.962467134,0,0,0,0,0,0,0,0,0,0,0,0,0,60.71875,58,16376,14294,2081,12.7122488,5.482,0,0
05/27/2026 14:18:33,40,58,0,48,53,44,44,44,44,63,12.144001,5.04,1.31000006,1.39200008,0.672000051,0.322000027,0.638,3.288,2.046,0,3.37200022,3.37200022,3.12000012,50,47.5,43.5,47,895,768,0,779,674,0,0,0,0,0,4.62,0,0,0,0,1.54,0,0,0.77,4.62,26.0299454,2934,82,4850,367,48.5,0.205380261,0.6375,2616,42,32.3333321,0.0272616688,0.6375,2586,26,32.3333321,0.01420233,0.6375,2566,22,32.3333321,0.009808604,0.6375,2616,35,32.3333321,0.0198713578,0.6375,3103,130,32.3333321,0.119160056,0.65625,2563,18,32.3333321,0.0102648381,0.65625,2574,18,32.3333321,0.009309617,0.65625,50.5000076,43.0000038,99.99748,9.356361,27.5244026,25.3692169,5.14133453,9.739429,34.55021,38.5,0.25,0,55,0,85,0.416,1.01,16,16,16,32,48,30,295,160,130,0,0,0,16,38.5,0.25,0,55,0,85,0.416,1.01,16,16,16,32,48,30,295,160,130,0,0,0,16,512,-1,485.785156,485.480469,0.3046875,0.5,7618.451,7618.951,0,0,0,0,0,0,0,0,0,0,0,0,512,600,1200,3000,48,0.825000048,1.30500007,0,0,12,49,210,405,0,0,0,0,0,0,0,0,1.877,6.564,0.865,1773.69141,81.96484,0,0,0,0,0,0,0,0,0,0,0,0,0,0,60.65625,58,16376,14294,2081,12.7122488,7.204,0,0
05/27/2026 14:18:35,40,58,0,48,53,44,44,44,44,63,12.144001,5.04,1.31000006,1.39200008,0.792000055,0.322000027,0.638,3.292,2.046,0,3.37200022,3.37200022,3.12000012,50,47.5,43,47,892,767,0,796,674,0,0,0,0,0,7.81,0,0,0,0,1.56,0,0,1.17,7.81,27.2953968,3282,121,4850,530,48.5,0.355130434,0.65,2847,64,32.3333321,0.07366535,0.65,2725,35,32.3333321,0.03688784,0.65,2697,29,32.3333321,0.0321628638,0.65,2753,41,32.3333321,0.040696837,0.65,4850,214,48.5,0.215957791,0.65,2670,22,32.3333321,0.02820786,0.65,2863,33,32.3333321,0.0329758227,0.65,50.3750076,42.5000038,99.99749,9.388618,27.4921455,25.45668,5.17102051,9.7097435,34.7496948,38.5,0.25,0,55,0,85,0.416,1.01,16,16,16,32,48,30,295,160,130,0,0,0,16,38.5,0.25,0,55,0,85,0.416,1.01,16,16,16,32,48,30,295,160,130,0,0,0,16,512,-1,485.785156,485.480469,0.3046875,0.5,7618.451,7618.951,0,0,0,0,0,0,0,0,0,0,0,0,512,600,1200,3000,49,0.955000043,1.30500007,0,1,14,49,210,405,0,0,0,0,0,0,0,0,1.847,5.77,0.865,1773.69141,81.96484,0.969496667,0,0,0,0,0,0,0,0,0,0,0,0,0,60.8125,58,16376,14294,2081,12.7122488,6.919,0,0
05/27/2026 14:18:37,40,58,0,48,53,44,44,44,44,63,12.12,5.04,1.31000006,1.39200008,0.66200006,0.318000019,0.638,3.292,2.046,0,3.37200022,3.37200022,3.12000012,50,47.5,43,47,895,767,0,782,690,0,0,0,0,0,9.23,0,0,0,0,3.12,0,0,1.54,9.23,27.6714153,2962,112,3600,446,36,0.317022681,0.9625,3255,75,36,0.0651722848,0.95625,2771,45,32.3333321,0.02927561,1.06875,2795,38,32.3333321,0.0436279252,1.06875,2706,44,32.3333321,0.0442112535,1.06875,3216,201,32.3333321,0.1902378,1.06875,2659,24,32.3333321,0.0265598577,1.06875,2695,22,32.3333321,0.026484618,1.06875,50.5000076,43.5000038,99.99749,9.356949,27.5238152,25.3708115,5.14209747,9.738667,34.555336,38.5,0.25,0,55,0,85,0.416,1.01,16,16,16,32,48,30,295,160,130,0,0,0,16,38.5,0.25,0,55,0,85,0.416,1.01,16,16,16,32,48,30,295,160,130,0,0,0,16,512,-1,485.785156,485.480469,0.3046875,0.5,7618.451,7618.951,0,0,0,0,0,0,0,0,0,0,0,0,512,600,1200,3000,48,0.585000038,1.30500007,0,0,12,49,210,405,0,0,0,0,0,0,0,0,1.528,3.347,0.865,1773.67969,80.953125,0.00627728645,0,0,0,0,0,0,0,0,0,0.05014931,0,0,0,60.71875,58,16376,14294,2081,12.7122488,5.145,0,0
05/27/2026 14:18:39,40,58,0,48,53,44,44,44,44,63,12.144001,5.04,1.31000006,1.396,0.658000052,0.316,0.638,3.292,2.046,0,3.37200022,3.37200022,3.12000012,50,47.5,43,47,894,740,0,781,674,0,0,0,0,0,3.12,0,0,0,0,0,0,0,0.39,3.12,25.9310322,2935,78,4850,304,48.5,0.1743843,0.65625,2588,45,32.3333321,0.02927475,0.64375,2548,26,32.3333321,0.0136304051,0.64375,2660,30,32.3333321,0.0223076157,0.64375,2550,27,32.3333321,0.0179772247,0.64375,3102,145,32.3333321,0.11621917,0.64375,2528,21,32.3333321,0.0109065967,0.64375,2655,26,32.3333321,0.0119728846,0.64375,50.2500076,44.8750038,99.99749,9.385952,27.494812,25.4494476,5.17085266,9.709911,34.7485657,38.5,0.25,0,55,0,85,0.416,1.01,16,16,16,32,48,30,295,160,130,0,0,0,16,38.5,0.25,0,55,0,85,0.416,1.01,16,16,16,32,48,30,295,160,130,0,0,0,16,512,-1,485.785156,485.480469,0.3046875,0.5,7618.451,7618.951,0,0,0,0,0,0,0,0,0,0,0,0,512,600,1200,3000,48,0.604000032,1.30500007,0,0,12,49,210,405,0,0,0,0,0,0,0,0,1.634,5.236,0.865,1773.67969,80.953125,0,0,0,0,0,0,0,0,0,0,0,0,0,0,60.4375,58,16376,14294,2081,12.7122488,6.171,49152,0
05/27/2026 14:18:41,40,58,0,48,53,44,44,44,44,63,12.144001,5.04,1.31000006,1.39200008,0.754,0.312,0.638,3.292,2.046,0,3.37200022,3.37200022,3.12000012,50,47.5,43,47,894,740,0,782,690,0,0,0,0,0,7.81,0,0,0,0,3.12,0,0,1.37,7.81,27.5066566,3300,117,4850,440,48.5,0.344656855,0.65,2861,64,32.3333321,0.0701447,0.65,2753,31,32.3333321,0.0299860779,0.65,2665,25,32.3333321,0.0264996272,0.65,3066,65,32.3333321,0.0615314059,0.65,4850,265,48.5,0.2328599,0.65,2675,25,32.3333321,0.0276383311,0.65,2681,23,32.3333321,0.0275612138,0.65,50.2500076,42.5000038,99.99749,9.390743,27.49002,25.4624481,5.169056,9.711708,34.736496,38.5,0.25,0,55,0,85,0.416,1.01,16,16,16,32,48,30,295,160,130,0,0,0,16,38.5,0.25,0,55,0,85,0.416,1.01,16,16,16,32,48,30,295,160,130,0,0,0,16,512,-1,485.785156,485.480469,0.3046875,0.5,7618.451,7618.951,0,0,0,0,0,0,0,0,0,0,0,0,512,600,1200,3000,48,0.775000036,1.30500007,0,0,13,49,210,405,0,0,0,0,0,0,0,0,2.372,6.591,0.865,1773.67969,80.953125,0.9724997,0,0,0,0,0,0,0,0,0,0,0,0,0,60.46875,58,16376,14294,2081,12.7122488,6.465,0,0
05/27/2026 14:18:43,40,58,0,48,53,44,44,44,44,63,12.12,5.04,1.31000006,1.39200008,0.776,0.326,0.638,3.288,2.046,0,3.36800027,3.36800027,3.12000012,50,47.5,43.5,47,902,740,0,794,690,0,0,0,0,0,9.38,0,0,0,0,1.56,0,0,1.37,9.38,26.9146976,3236,106,4850,459,48.5,0.3510776,0.64375,2789,54,32.3333321,0.06599444,0.64375,2659,35,32.3333321,0.0316810049,0.64375,2625,31,32.3333321,0.0289081614,0.64375,2754,38,32.3333321,0.0465910919,0.64375,4768,178,48.5,0.157586545,0.64375,2665,27,32.3333321,0.028512165,0.64375,2777,29,32.3333321,0.0292756129,0.64375,50.5000076,45.3750038,99.99748,9.38665,27.4941139,25.4513474,5.172413,9.708351,34.7590561,38.5,0.25,0,55,0,85,0.416,1.01,16,16,16,32,48,30,295,160,130,0,0,0,16,38.5,0.25,0,55,0,85,0.416,1.01,16,16,16,32,48,30,295,160,130,0,0,0,16,512,-1,485.785156,485.480469,0.3046875,0.5,7618.451,7618.951,0,0,0,0,0,0,0,0,0,0,0,0,512,600,1200,3000,48,0.950000048,1.30500007,0,1,14,49,210,405,0,0,0,0,0,0,0,0,1.734,4.394,0.865,1773.67969,80.953125,0.964106441,0,0,0,0,0,0,0,0,0,0,0,0,0,60.625,58,16376,14294,2081,12.7122488,5.856,49152,0
05/27/2026 14:18:45,40,58,0,48,53,44,44,44,44,63,12.12,5.04,1.31000006,1.39200008,0.772,0.314,0.638,3.288,2.046,0,3.37200022,3.37200022,3.12000012,50,47.5,43,47,902,740,0,793,690,0,0,0,0,0,3.12,0,0,0,0,0,0,0,0.39,3.12,27.5794544,3230,84,3233,376,32.3333321,0.261832476,0.68125,2633,44,32.3333321,0.0247514583,0.68125,2928,50,32.3333321,0.0224931128,0.68125,2529,23,32.3333321,0.0108361347,0.68125,2626,31,32.3333321,0.0236933641,0.68125,4432,113,48.5,0.12437509,0.68125,3690,15,48.5,0.0102038216,0.65625,3767,19,48.5,0.0102490382,0.65625,50.5000076,43.0000038,99.99749,9.35556,27.5252037,25.36705,5.14150238,9.739262,34.55134,38.5,0.25,0,55,0,85,0.416,1.01,16,16,16,32,48,30,295,160,130,0,0,0,16,38.5,0.25,0,55,0,85,0.416,1.01,16,16,16,32,48,30,295,160,130,0,0,0,16,512,-1,485.785156,485.480469,0.3046875,0.5,7618.451,7618.951,0,0,0,0,0,0,0,0,0,0,0,0,512,600,1200,3000,49,0.965000033,1.30500007,0,1,14,49,210,405,0,0,0,0,0,0,0,0,1.305,3.483,0.865,1773.67969,80.953125,0,0,0,0,0,0,0,0,0,0,0,0,0,0,60.3125,58,16376,14294,2081,12.7122488,4.959,49152,1649664
05/27/2026 14:18:47,40,58,0,48,53,44,44,44,44,63,12.144001,5.04,1.312,1.396,0.738000035,0.318000019,0.638,3.292,2.046,0,3.37600017,3.37200022,3.124,50,47.5,43,47,894,769,0,780,674,0,0,0,0,0,6.25,1.56,1.56,0,0,0,0,0,1.17,6.25,27.0865765,3234,115,4850,511,48.5,0.389332771,0.65,2936,75,32.3333321,0.06497133,0.65,2681,37,32.3333321,0.0301777739,0.65,2617,28,32.3333321,0.028352065,0.65,2667,36,32.3333321,0.0396401063,0.65,4789,173,48.5,0.150431469,0.65,2679,25,32.3333321,0.0288924463,0.65,2655,33,32.3333321,0.0265177246,0.65,50.3750076,43.0000038,99.99749,9.349274,27.53149,25.3500061,5.1334343,9.74733,34.4971161,38.5,0.25,0,55,0,85,0.416,1.01,16,16,16,32,48,30,295,160,130,0,0,0,16,38.5,0.25,0,55,0,85,0.416,1.01,16,16,16,32,48,30,295,160,130,0,0,0,16,512,-1,485.785156,485.480469,0.3046875,0.5,7618.451,7618.951,0,0,0,0,0,0,0,0,0,0,0,0,512,600,1200,3000,49,0.955000043,1.30500007,0,1,14,49,210,405,0,0,0,0,0,0,0,0,2.124,6.012,0.865,1773.67969,80.953125,0.0108000552,0,0,0,0,0,0,0,0,0,0,0,0,0,60.53125,56,16376,14294,2081,12.7122488,5.072,0,0
05/27/2026 14:18:49,40,58,0,48,53,44,44,44,44,63,12.144001,5.04,1.31000006,1.39200008,0.72,0.314,0.638,3.288,2.046,0,3.37200022,3.37200022,3.124,50,47.5,43,47,898,769,0,778,690,0,0,0,0,0,12.31,0,0,0,0,3.08,0,0,1.92,12.31,26.4830685,2901,85,4850,402,48.5,0.223058224,0.64375,2640,44,32.3333321,0.03129616,0.64375,2541,28,32.3333321,0.0130740795,0.6625,2537,23,32.3333321,0.0120274667,0.6625,2520,28,32.3333321,0.0170862582,0.6625,2896,107,32.3333321,0.07872598,0.6625,2579,22,32.3333321,0.02368339,0.6625,2645,23,32.3333321,0.0108882077,0.6625,50.1250076,42.0000038,99.99749,9.345036,27.5357285,25.3385086,5.129387,9.751377,34.4699173,38.5,0.25,0,55,0,85,0.416,1.01,16,16,16,32,48,30,295,160,130,0,0,0,16,38.5,0.25,0,55,0,85,0.416,1.01,16,16,16,32,48,30,295,160,130,0,0,0,16,512,-1,485.785156,485.480469,0.3046875,0.5,7618.451,7618.951,0,0,0,0,0,0,0,0,0,0,0,0,512,600,1200,3000,47,0.650000036,1.30500007,0,0,14,49,210,405,0,0,0,0,0,0,0,0,1.501,6.547,0.865,1773.67969,80.953125,0,0,0,0,0,0,0,0,0,0,0,0,0,0,60.375,56,16376,14294,2081,12.7122488,6.969,0,0
05/27/2026 14:18:51,40,58,0,48,53,44,44,44,44,63,12.144001,5.04,1.31000006,1.39200008,0.782000065,0.312,0.638,3.292,2.046,0,3.37200022,3.37200022,3.12000012,50,47.5,43,47,901,768,0,778,690,0,0,0,0,0,17.19,4.62,0,1.54,3.08,15.38,0,1.54,5.42,17.19,26.9333344,3197,116,4850,471,48.5,0.3575508,0.64375,2852,86,32.3333321,0.07864136,0.64375,2644,39,32.3333321,0.0438283943,0.64375,4038,31,48.5,0.043234475,0.64375,2760,52,32.3333321,0.0585698448,0.64375,3210,203,32.3333321,0.18503885,0.64375,2649,25,32.3333321,0.03553817,0.64375,2572,23,32.3333321,0.03073078,0.64375,50.1250076,42.5000038,99.99748,9.344433,27.5363312,25.3368759,5.130726,9.750038,34.47892,38.5,0.25,0,55,0,85,0.416,1.01,16,16,16,32,48,30,295,160,130,0,0,0,16,38.5,0.25,0,55,0,85,0.416,1.01,16,16,16,32,48,30,295,160,130,0,0,0,16,512,-1,485.785156,485.480469,0.3046875,0.5,7618.451,7618.951,0,0,0,0,0,0,0,0,0,0,0,0,512,600,1200,3000,49,0.849000037,1.30500007,0,0,14,49,210,405,0,0,0,0,0,0,0,0,1.55,3.936,0.865,1773.67969,80.953125,0.00589197129,0,0,0,0,0,0,0,0,0,0,0,0,0,60.375,58,16376,14294,2081,12.7122488,4.014,399360,0
05/27/2026 14:18:53,40,58,0,48,53,44,44,44,44,63,12.12,5.04,1.31000006,1.396,0.734,0.31,0.638,3.292,2.046,0,3.37600017,3.37200022,3.12000012,50,47.5,43,47,901,741,0,791,690,0,0,0,0,0,9.23,0,1.56,0,1.56,3.12,1.56,0,2.13,9.23,27.28493,3247,115,4850,515,48.5,0.4070411,0.6375,2987,86,32.3333321,0.07204186,0.6375,3986,35,48.5,0.0311400872,0.6375,2645,27,32.3333321,0.02641116,0.6375,2775,44,32.3333321,0.03986016,0.6375,3106,155,32.3333321,0.130124032,0.64375,2640,21,32.3333321,0.0268707946,0.64375,2984,37,32.3333321,0.0292937476,0.64375,50.3750076,42.5000038,99.99749,9.33857,27.5421944,25.3209763,5.125595,9.755169,34.4444351,38.5,0.25,0,55,0,85,0.416,1.01,16,16,16,32,48,30,295,160,130,0,0,0,16,38.5,0.25,0,55,0,85,0.416,1.01,16,16,16,32,48,30,295,160,130,0,0,0,16,512,-1,485.785156,485.480469,0.3046875,0.5,7618.451,7618.951,0,0,0,0,0,0,0,0,0,0,0,0,512,600,1200,3000,49,0.930000067,1.30500007,0,1,14,49,210,405,0,0,0,0,0,0,0,0,2.115,4.282,0.865,1773.67969,80.953125,0.00495813973,0,0,0,0,0,0,0,0,0,0,0,0,0,60.40625,58,16376,14294,2081,12.7122488,5.135,49152,0
05/27/2026 14:18:55,40,58,0,48,53,44,44,44,44,63,12.144001,5.04,1.312,1.39200008,0.756000042,0.316,0.638,3.292,2.046,0,3.37200022,3.37200022,3.124,50,47.5,43,47,902,740,0,778,674,0,0,0,0,0,6.35,0,0,0,0,1.59,0,0,0.99,6.35,25.9957581,3149,75,4850,302,48.5,0.174288467,0.6625,2656,39,32.3333321,0.020091949,0.6625,2585,24,32.3333321,0.0124349557,0.6625,2577,20,32.3333321,0.009892713,0.6625,2629,33,32.3333321,0.01612543,0.6625,3071,137,32.3333321,0.08799471,0.6625,2561,18,32.3333321,0.009768122,0.6625,4263,29,48.5,0.0132777337,0.6625,50.2500076,42.5000038,99.99749,9.368256,27.5125084,25.401474,5.156063,9.724701,34.6491852,38.5,0.25,0,55,0,85,0.416,1.01,16,16,16,32,48,30,295,160,130,0,0,0,16,38.5,0.25,0,55,0,85,0.416,1.01,16,16,16,32,48,30,295,160,130,0,0,0,16,512,-1,485.785156,485.480469,0.3046875,0.5,7618.451,7618.951,0,0,0,0,0,0,0,0,0,0,0,0,512,600,1200,3000,48,0.695000052,1.30500007,0,0,13,49,210,405,0,0,0,0,0,0,0,0,1.752,6.655,0.865,1773.67969,80.953125,0,0,0,0,0,0,0,0,0,0,0,0,0,0,60.25,58,16376,14294,2081,12.7122488,6.911,0,0
05/27/2026 14:18:57,40,58,0,48,53,44,44,44,44,63,12.144001,5.04,1.312,1.396,0.772,0.308000028,0.638,3.292,2.046,0,3.37200022,3.37200022,3.12000012,50,47.5,43,47,893,740,0,781,691,0,0,0,0,0,6.35,1.59,0,1.59,0,0,0,1.59,1.39,6.35,27.606123,3545,121,4850,529,48.5,0.420656234,0.65,4464,67,48.5,0.07689941,0.65,3018,55,32.3333321,0.0538917258,0.65,2723,31,32.3333321,0.0337844566,0.65,2901,44,32.3333321,0.05266824,0.65,4720,182,48.5,0.180945143,0.65,2848,31,32.3333321,0.0343069248,0.65,2836,32,32.3333321,0.03235109,0.65,50.2500076,44.3750038,99.99748,9.34133148,27.5394325,25.32846,5.1287384,9.752026,34.46556,38.5,0.25,0,55,0,85,0.416,1.01,16,16,16,32,48,30,295,160,130,0,0,0,16,38.5,0.25,0,55,0,85,0.416,1.01,16,16,16,32,48,30,295,160,130,0,0,0,16,512,-1,485.785156,485.480469,0.3046875,0.5,7618.451,7618.951,0,0,0,0,0,0,0,0,0,0,0,0,512,600,1200,3000,50,0.960000038,1.30500007,0,1,14,49,210,405,0,0,0,0,0,0,0,0,1.769,5.773,0.865,1773.67969,80.953125,0.9785864,0,0,0,0,0,0,0,0,0,0,0,0,0,60.25,58,16376,14294,2081,12.7122488,6.08,0,0
05/27/2026 14:18:59,40,58,0,48,53,44,44,44,44,63,12.144001,5.04,1.31000006,1.39200008,0.734,0.312,0.638,3.292,2.046,0,3.36800027,3.37200022,3.124,50,47.5,43,47,902,768,0,778,691,0,0,0,0,0,13.85,0,0,0,0,3.12,0,0,2.12,13.85,28.09294,2824,87,3600,399,36,0.289601356,0.9625,3006,53,36,0.0268358216,0.95625,2604,26,32.3333321,0.0130623821,1.15,2703,27,32.3333321,0.0125763919,1.15,2601,32,32.3333321,0.0155564742,1.15,3021,124,32.3333321,0.128313571,1.15,2525,16,32.3333321,0.01027467,1.15,2530,19,32.3333321,0.0101537267,1.15,50.5000076,44.0000038,99.9975,9.367516,27.5132484,25.39946,5.155369,9.725395,34.644516,38.5,0.25,0,55,0,85,0.416,1.01,16,16,16,32,48,30,295,160,130,0,0,0,16,38.5,0.25,0,55,0,85,0.416,1.01,16,16,16,32,48,30,295,160,130,0,0,0,16,512,-1,485.785156,485.480469,0.3046875,0.5,7618.451,7618.951,0,0,0,0,0,0,0,0,0,0,0,0,512,600,1200,3000,49,0.965000033,1.30500007,0,1,14,49,210,405,0,0,0,0,0,0,0,0,1.203,3.459,0.865,1773.67969,80.953125,0,0,0,0,0,0,0,0,0,0,0,0,0,0,60.125,58,16376,14294,2081,12.7122488,5.393,49152,1649664
05/27/2026 14:19:01,40,58,0,48,53,44,44,44,44,63,12.144001,5.04,1.312,1.396,0.766000032,0.320000023,0.638,3.292,2.046,0,3.37200022,3.37200022,3.12000012,50,47.5,43,47,903,768,0,782,674,0,0,0,0,0,14.06,1.59,0,0,0,4.76,0,0,2.55,14.06,27.3334484,3456,118,4850,464,48.5,0.377286017,0.66875,3026,85,32.3333321,0.08060869,0.66875,2687,29,32.3333321,0.036057353,0.66875,2602,27,32.3333321,0.03187609,0.66875,4301,54,48.5,0.0537583865,0.66875,4850,231,48.5,0.215370208,0.66875,2701,27,32.3333321,0.0372314677,0.66875,2629,26,32.3333321,0.025968682,0.66875,50.3750076,43.0000038,99.99748,9.338669,27.5420952,25.3212433,5.12639236,9.754372,34.4498,38.5,0.25,0,55,0,85,0.416,1.01,16,16,16,32,48,30,295,160,130,0,0,0,16,38.5,0.25,0,55,0,85,0.416,1.01,16,16,16,32,48,30,295,160,130,0,0,0,16,512,-1,485.785156,485.480469,0.3046875,0.5,7618.451,7618.951,0,0,0,0,0,0,0,0,0,0,0,0,512,600,1200,3000,49,0.930000067,1.30500007,0,6,15,49,210,405,0,0,0,0,0,0,0,0,2.579,4.968,0.865,1773.67969,80.953125,0.9648728,0,0,0,0,0,0,0,0,0,0,0,0,0,60.1875,58,16376,14294,2081,12.7122488,5.334,49152,0
05/27/2026 14:19:03,40,58,0,48,53,44,44,44,44,63,12.144001,5.04,1.312,1.39200008,0.756000042,0.320000023,0.638,3.292,2.046,0,3.37200022,3.37200022,3.124,50,47.5,43,47,894,768,0,794,673,0,0,0,0,0,7.94,1.59,3.17,3.17,1.59,4.76,1.59,0,2.98,7.94,26.6455135,3096,84,4850,405,48.5,0.2705849,0.65,2678,43,32.3333321,0.03279864,0.65,2689,29,32.3333321,0.03163135,0.65,2544,23,32.3333321,0.0125314184,0.65,2607,30,32.3333321,0.02260935,0.65,4350,102,48.5,0.0811471939,0.65,2562,22,32.3333321,0.0112467436,0.65,2491,17,32.3333321,0.0107968738,0.65,50.3750076,43.0000038,99.99748,9.337185,27.54358,25.3172226,5.12342453,9.75733948,34.4298477,38.5,0.25,0,55,0,85,0.416,1.01,16,16,16,32,48,30,295,160,130,0,0,0,16,38.5,0.25,0,55,0,85,0.416,1.01,16,16,16,32,48,30,295,160,130,0,0,0,16,512,-1,485.785156,485.480469,0.3046875,0.5,7618.451,7618.951,0,0,0,0,0,0,0,0,0,0,0,0,512,600,1200,3000,48,0.415000021,1.30500007,0,0,11,49,210,405,0,0,0,0,0,0,0,0,1.749,6.645,0.865,1773.67969,80.953125,0,0,0,0,0,0,0,0,0,0,0,0,0,0,60.09375,56,16376,14294,2081,12.7122488,7.765,0,0
05/27/2026 14:19:05,40,58,0,48,53,44,44,44,44,63,12.144001,5.04,1.312,1.39200008,0.714000046,0.308000028,0.638,3.292,2.046,0,3.37600017,3.37200022,3.12000012,50,47.5,43,47,902,740,0,781,673,0,0,0,0,0,6.25,0,0,0,0,1.56,0,0,0.98,6.25,27.0355,3255,128,4850,562,48.5,0.4452051,0.6375,2769,60,32.3333321,0.06393173,0.6375,3007,64,32.3333321,0.0447247736,0.6375,2684,29,32.3333321,0.0380087979,0.6375,2718,40,32.3333321,0.03993752,0.6375,4850,229,48.5,0.21797958,0.6375,2601,23,32.3333321,0.029704297,0.6375,2562,20,32.3333321,0.02708083,0.6375,50.3750076,45.8750038,99.99749,9.341614,27.53915,25.3292313,5.12350845,9.757256,34.4304123,38.5,0.25,0,55,0,85,0.416,1.01,16,16,16,32,48,30,295,160,130,0,0,0,16,38.5,0.25,0,55,0,85,0.416,1.01,16,16,16,32,48,30,295,160,130,0,0,0,16,512,-1,485.785156,485.480469,0.3046875,0.5,7618.451,7618.951,0,0,0,0,0,0,0,0,0,0,0,0,512,600,1200,3000,49,0.75000006,1.30500007,0,0,14,48,210,405,0,0,0,0,0,0,0,0,1.821,5.138,0.865,1773.67969,80.953125,0.00629319437,0,0,0,0,0,0,0,0,0,0,0,0,0,60.09375,58,16376,14294,2081,12.7122488,5.129,0,0
05/27/2026 14:19:07,40,58,0,48,53,45,45,45,45,65,12.144001,5.04,1.31000006,1.39200008,0.822,0.328,0.638,3.292,2.046,0,3.37200022,3.37200022,3.12000012,50,47.5,43,47,900,740,0,784,690,0,0,0,0,0,6.25,0,1.56,0,0,3.12,0,0,1.37,6.25,28.5961742,3075,96,3600,400,36,0.251622856,0.9625,2977,50,36,0.0334733874,1.35,2831,27,36,0.0112833334,1.35,2836,25,36,0.0104647744,1.35,2834,24,36,0.0171009861,1.35,3597,196,36,0.182324275,1.35,3114,30,36,0.0126698865,1.35,2813,20,36,0.0101208258,1.35,51.0000076,45.3750038,99.99749,9.371857,27.5089073,25.411232,5.15407944,9.726685,34.63585,38.5,0.25,0,55,0,85,0.416,1.01,16,16,16,32,48,30,295,160,130,0,0,0,16,38.5,0.25,0,55,0,85,0.416,1.01,16,16,16,32,48,30,295,160,130,0,0,0,16,512,-1,485.785156,485.480469,0.3046875,0.5,7618.451,7618.951,0,0,0,0,0,0,0,0,0,0,0,0,512,600,1200,3000,47,0.659000039,1.30500007,0,0,11,48,210,405,0,0,0,0,0,0,0,0,1.346,3.497,0.865,1773.67969,80.953125,0,0,0,0,0,0,0,0,0,0,0,0,0,0,60.09375,56,16376,14294,2081,12.7122488,5.298,0,0
05/27/2026 14:19:09,41,58,0,49,54,45,45,45,45,65,12.12,5.04,1.312,1.396,0.76000005,0.31,0.638,3.292,2.046,0,3.37200022,3.37200022,3.12000012,50,47.5,43,47,920,741,0,780,675,0,0,0,0,0,9.38,1.56,0,0,0,1.56,0,0,1.56,9.38,27.2147923,3310,116,4850,468,48.5,0.360361665,0.65,2972,66,32.3333321,0.07093302,0.65,3005,53,32.3333321,0.0418256521,0.65,2711,32,32.3333321,0.0299761,0.65,2744,35,32.3333321,0.0355347656,0.65,4850,229,48.5,0.189478144,0.65,2706,21,32.3333321,0.0287568122,0.65,2642,22,32.3333321,0.0284369532,0.65,50.8750076,42.5000038,99.99748,9.34441,27.5363541,25.3368073,5.12941,9.751354,34.47007,38.5,0.25,0,55,0,85,0.416,1.01,16,16,16,32,48,30,295,160,130,0,0,0,16,38.5,0.25,0,55,0,85,0.416,1.01,16,16,16,32,48,30,295,160,130,0,0,0,16,512,-1,485.785156,485.480469,0.3046875,0.5,7618.451,7618.951,0,0,0,0,0,0,0,0,0,0,0,0,512,600,1200,3000,48,0.405000031,1.30500007,0,0,11,48,210,405,0,0,0,0,0,0,0,0,2.523,5.929,0.865,1773.67969,80.953125,0.9597807,0,0,0,0,0,0,0,0,0,0,0,0,0,60.0625,56,16376,14294,2081,12.7122488,6.002,0,0
05/27/2026 14:19:11,40,58,0,48,53,44,44,44,44,63,12.144001,5.04,1.312,1.396,0.766000032,0.322000027,0.638,3.292,2.046,0,3.37600017,3.37200022,3.124,50,47.5,43,47,898,769,0,801,681,0,0,0,0,0,12.5,3.12,1.56,0,3.12,10.94,1.54,0,4.1,12.5,27.521246,3023,117,4850,526,48.5,0.38535285,0.64375,2713,49,32.3333321,0.0644156262,0.64375,2650,30,32.3333321,0.0239747018,0.64375,2580,25,32.3333321,0.020562401,0.64375,2707,35,32.3333321,0.0376438238,0.64375,3233,223,32.3333321,0.190729752,0.64375,2774,26,32.3333321,0.02099877,0.64375,2680,22,32.3333321,0.0188992247,0.64375,50.8750076,44.0000038,99.99748,9.363777,27.5169868,25.38932,5.147621,9.733143,34.592453,38.5,0.25,0,55,0,85,0.416,1.01,16,16,16,32,48,30,295,160,130,0,0,0,16,38.5,0.25,0,55,0,85,0.416,1.01,16,16,16,32,48,30,295,160,130,0,0,0,16,512,-1,485.785156,485.480469,0.3046875,0.5,7618.451,7618.951,0,0,0,0,0,0,0,0,0,0,0,0,512,600,1200,3000,48,0.565,1.30500007,0,0,13,48,210,405,0,0,0,0,0,0,0,0,2.297,6.533,0.865,1773.67969,80.953125,0.972564161,0,0,0,0,0,0,0,0,0,0,0,0,0,60.0625,58,16376,14294,2081,12.7122488,7.845,49152,0
05/27/2026 14:19:13,40,58,0,48,53,44,44,44,44,63,12.144001,5.04,1.312,1.396,0.68,0.308000028,0.638,3.292,2.046,0,3.37600017,3.37200022,3.12000012,50,48,43,47,892,769,0,783,678,0,0,0,0,0,9.38,7.69,4.62,6.15,4.62,9.23,3.08,3.08,5.98,9.38,25.7236118,2938,80,4850,343,48.5,0.193835437,0.65,2766,54,32.3333321,0.032460697,0.65,2589,27,32.3333321,0.0114952289,0.65,2573,24,32.3333321,0.011189932,0.65,2610,30,32.3333321,0.0129559617,0.65,2987,119,32.3333321,0.105822906,0.65,2564,19,32.3333321,0.009453709,0.65,2567,20,32.3333321,0.00940721948,0.66875,50.6250076,44.8750038,99.99748,9.333862,27.5469017,25.3082123,5.11910248,9.761662,34.4008026,38.5,0.25,0,55,0,85,0.416,1.01,16,16,16,32,48,30,295,160,130,0,0,0,16,38.5,0.25,0,55,0,85,0.416,1.01,16,16,16,32,48,30,295,160,130,0,0,0,16,512,-1,485.785156,485.480469,0.3046875,0.5,7618.451,7618.951,0,0,0,0,0,0,0,0,0,0,0,0,512,600,1200,3000,48,0.415000021,1.30500007,0,0,11,48,210,405,0,0,0,0,0,0,0,0,1.161,3.498,0.865,1773.67969,80.953125,0,0,0,0,0,0,0,0,0,0,0,0,0,0,59.96875,56,16376,14294,2081,12.7122488,5.709,0,0
05/27/2026 14:19:15,40,58,0,48,53,44,44,44,44,63,12.144001,5.04,1.31000006,1.39200008,0.834000051,0.312,0.638,3.292,2.046,0,3.37200022,3.37200022,3.124,50,47.5,43,47,902,771,0,795,675,0,0,0,0,0,6.25,1.56,0,0,0,3.12,0,0,1.37,6.25,26.8612823,3489,110,4850,485,48.5,0.337909073,0.6375,2844,56,32.3333321,0.0602296144,0.6375,2734,33,32.3333321,0.0328955762,0.65,2776,30,32.3333321,0.0318944,0.65,4355,41,48.5,0.04459807,0.65,4850,182,48.5,0.17229487,0.65,2806,31,32.3333321,0.0336121134,0.65,2697,22,32.3333321,0.0297026616,0.65,50.5000076,44.8750038,99.99749,9.366756,27.5140076,25.3974,5.150799,9.729965,34.6138077,38.5,0.25,0,55,0,85,0.416,1.01,16,16,16,32,48,30,295,160,130,0,0,0,16,38.5,0.25,0,55,0,85,0.416,1.01,16,16,16,32,48,30,295,160,130,0,0,0,16,512,-1,485.785156,485.480469,0.3046875,0.5,7618.451,7618.951,0,0,0,0,0,0,0,0,0,0,0,0,512,600,1200,3000,47,0.724000037,1.30500007,0,0,14,48,210,405,0,0,0,0,0,0,0,0,2.149,3.721,0.865,1773.67969,80.953125,0.961418331,0,0,0,0,0,0,0,0,0,0,0,0,0,60,56,16376,14294,2081,12.7122488,4.749,0,1649664
05/27/2026 14:19:17,40,58,0,48,53,44,44,44,44,63,12.144001,5.04,1.312,1.396,0.718000054,0.308000028,0.638,3.292,2.046,0,3.37200022,3.37200022,3.12000012,50,48,43,47,895,740,0,789,691,0,0,0,0,0,4.62,0,0,1.54,0,0,0,0,0.77,4.62,26.4526157,3005,92,4850,385,48.5,0.2187392,0.66875,2953,69,32.3333321,0.0458779968,0.66875,2573,24,32.3333321,0.0131745264,0.66875,2766,29,32.3333321,0.02662777,0.66875,2600,32,32.3333321,0.0147920055,0.66875,3137,152,32.3333321,0.144345954,0.66875,2567,18,32.3333321,0.0108274482,0.66875,2595,23,32.3333321,0.01054212,0.66875,50.2500076,42.5000038,99.99748,9.336834,27.54393,25.3162689,5.122452,9.758312,34.42331,38.5,0.25,0,55,0,85,0.416,1.01,16,16,16,32,48,30,295,160,130,0,0,0,16,38.5,0.25,0,55,0,85,0.416,1.01,16,16,16,32,48,30,295,160,130,0,0,0,16,512,-1,485.785156,485.480469,0.3046875,0.5,7618.451,7618.951,0,0,0,0,0,0,0,0,0,0,0,0,512,600,1200,3000,49,0.955000043,1.30500007,0,0,14,48,210,405,0,0,0,0,0,0,0,0,1.745,6.442,0.865,1773.67969,80.953125,0,0,0,0,0,0,0,0,0,0,0,0,0,0,59.9375,58,16376,14294,2081,12.7122488,6.996,0,1699840
05/27/2026 14:19:19,40,58,0,48,53,44,44,44,44,63,12.144001,5.04,1.31000006,1.396,0.76000005,0.328,0.638,3.292,2.046,0,3.37600017,3.37200022,3.12000012,50,47.5,43,47,903,740,0,791,675,0,0,0,0,0,10.94,6.25,6.15,1.54,3.08,7.81,3.08,4.62,5.43,10.94,27.229311,3234,117,4850,496,48.5,0.357711524,0.65,3035,86,32.3333321,0.07874182,0.65,2722,38,32.3333321,0.04035672,0.65,2582,24,32.3333321,0.0293745529,0.65,2673,40,32.3333321,0.0439002626,0.65,4828,205,48.5,0.206698984,0.65,2576,22,32.3333321,0.0290052556,0.65,2605,27,32.3333321,0.0298977252,0.65,50.2500076,43.5000038,99.99749,9.335529,27.5452347,25.3127365,5.121315,9.759449,34.4156723,38.5,0.25,0,55,0,85,0.416,1.01,16,16,16,32,48,30,295,160,130,0,0,0,16,38.5,0.25,0,55,0,85,0.416,1.01,16,16,16,32,48,30,295,160,130,0,0,0,16,512,-1,485.785156,485.480469,0.3046875,0.5,7618.451,7618.951,0,0,0,0,0,0,0,0,0,0,0,0,512,600,1200,3000,48,0.68,1.30500007,0,0,14,48,210,405,0,0,0,0,0,0,0,0,1.797,6.155,0.865,1773.67969,80.953125,0.00642217137,0,0,0,0,0,0,0,0,0,0,0,0,0,59.96875,56,16376,14294,2081,12.7122488,5.687,0,1549312
05/27/2026 14:19:21,40,58,0,48,53,44,44,44,44,63,12.144001,5.04,1.31000006,1.396,0.774000049,0.308000028,0.638,3.292,2.046,0,3.37200022,3.37200022,3.12000012,50,47.5,43,47,902,741,0,779,673,0,0,0,0,0,6.15,1.54,0,0,0,0,0,1.54,1.15,6.15,28.178751,3109,112,3600,498,36,0.366530925,0.9625,3072,53,36,0.05075868,0.95625,3142,48,36,0.0366367251,0.95625,2902,31,36,0.0259149838,0.95,2954,40,36,0.0332277752,0.95625,3473,167,36,0.175319925,0.95625,2875,23,36,0.0235512778,0.95,2853,40,32.3333321,0.0311504286,1,50.6250076,44.8750038,99.99749,9.365322,27.5154419,25.3935165,5.14940643,9.731358,34.604454,38.5,0.25,0,55,0,85,0.416,1.01,16,16,16,32,48,30,295,160,130,0,0,0,16,38.5,0.25,0,55,0,85,0.416,1.01,16,16,16,32,48,30,295,160,130,0,0,0,16,512,-1,485.785156,485.480469,0.3046875,0.5,7618.451,7618.951,0,0,0,0,0,0,0,0,0,0,0,0,512,600,1200,3000,49,0.965000033,1.30500007,0,1,14,48,210,405,0,0,0,0,0,0,0,0,1.626,3.433,0.865,1773.67969,80.953125,0.0104949437,0,0,0,0,0,0,0,0,0,0,0,0,0,59.875,56,16376,14294,2081,12.7122488,5.123,449536,0
05/27/2026 14:19:23,40,58,0,48,53,44,44,44,44,63,12.144001,5.04,1.31000006,1.396,0.872000039,0.316,0.638,3.292,2.046,0,3.37600017,3.37200022,3.12000012,50,47.5,43,47,902,769,0,792,690,0,0,0,0,0,4.69,0,1.56,0,1.56,0,0,0,0.98,4.69,26.8404713,3198,111,4850,473,48.5,0.356979847,0.65,4114,53,48.5,0.0599493,0.65,2743,47,32.3333321,0.03755715,0.65,2629,25,32.3333321,0.0314935781,0.65,2730,45,32.3333321,0.0366356969,0.65,3233,198,32.3333321,0.19036524,0.65,2678,27,32.3333321,0.0286856331,0.65,2607,23,32.3333321,0.0272655915,0.65,50.6250076,43.5000038,99.9975,9.361118,27.5196457,25.3821182,5.1478157,9.732948,34.5937653,38.5,0.25,0,55,0,85,0.416,1.01,16,16,16,32,48,30,295,160,130,0,0,0,16,38.5,0.25,0,55,0,85,0.416,1.01,16,16,16,32,48,30,295,160,130,0,0,0,16,512,-1,485.785156,485.480469,0.3046875,0.5,7618.451,7618.951,0,0,0,0,0,0,0,0,0,0,0,0,512,600,1200,3000,49,0.745000064,1.30500007,0,0,14,48,210,405,0,0,0,0,0,0,0,0,2.394,5.12,0.865,1773.67969,80.953125,0.9611452,0,0,0,0,0,0,0,0,0,0,0,0,0,59.90625,56,16376,14294,2081,12.7122488,6.216,0,1549312
05/27/2026 14:19:25,40,58,0,48,53,44,44,44,44,63,12.144001,5.04,1.312,1.396,0.834000051,0.322000027,0.638,3.292,2.046,0,3.37600017,3.37200022,3.124,50,47.5,43,47,903,770,0,796,690,0,0,0,0,0,7.69,0,1.56,0,0,3.12,0,0,1.55,7.69,26.92278,2986,100,4850,433,48.5,0.295997977,0.64375,2629,40,32.3333321,0.035709057,0.64375,2991,45,32.3333321,0.02372409,0.64375,2551,24,32.3333321,0.0117125744,0.64375,2574,27,32.3333321,0.0179296024,0.64375,3233,191,32.3333321,0.191116065,0.6625,2543,18,32.3333321,0.0106380265,0.6625,2518,18,32.3333321,0.0118814325,0.6625,50.3750076,43.0000038,99.99748,9.335316,27.5454483,25.31215,5.1223526,9.758411,34.4226456,38.5,0.25,0,55,0,85,0.416,1.01,16,16,16,32,48,30,295,160,130,0,0,0,16,38.5,0.25,0,55,0,85,0.416,1.01,16,16,16,32,48,30,295,160,130,0,0,0,16,512,-1,485.785156,485.480469,0.3046875,0.5,7618.451,7618.951,0,0,0,0,0,0,0,0,0,0,0,0,512,600,1200,3000,48,0.405000031,1.30500007,0,0,11,48,210,405,0,0,0,0,0,0,0,0,1.568,6.567,0.865,1773.67969,80.953125,0,0,0,0,0,0,0,0,0,0,0,0,0,0,59.71875,56,16376,14294,2081,12.7122488,7.157,0,1748992
05/27/2026 14:19:27,40,58,0,48,53,44,44,44,44,63,12.144001,5.04,1.312,1.39200008,0.716,0.314,0.638,3.292,2.046,0,3.37200022,3.37200022,3.12000012,50,47.5,43,47,895,768,0,778,673,0,0,0,0,0,4.69,0,1.56,0,0,0,0,0,0.78,4.69,27.38127,3048,116,4850,530,48.5,0.363859862,0.65625,2749,55,32.3333321,0.06294993,0.65625,2705,37,32.3333321,0.0371219441,0.65625,2716,31,32.3333321,0.03491793,0.65625,2744,41,32.3333321,0.0447005071,0.65625,3221,193,32.3333321,0.175302774,0.65625,2749,23,32.3333321,0.03130943,0.65625,2649,22,32.3333321,0.0297354721,0.65625,50.3750076,45.3750038,99.99748,9.36661148,27.5141525,25.39701,5.148823,9.731941,34.6005325,38.5,0.25,0,55,0,85,0.416,1.01,16,16,16,32,48,30,295,160,130,0,0,0,16,38.5,0.25,0,55,0,85,0.416,1.01,16,16,16,32,48,30,295,160,130,0,0,0,16,512,-1,485.785156,485.480469,0.3046875,0.5,7618.451,7618.951,0,0,0,0,0,0,0,0,0,0,0,0,512,600,1200,3000,47,0.825000048,1.30500007,0,0,12,48,210,405,0,0,0,0,0,0,0,0,1.576,4.902,0.865,1773.67969,80.953125,0.9713409,0,0,0,0,0,0,0,0,0,0,0,0,0,59.875,58,16376,14294,2081,12.7122488,6.026,49152,1549312
05/27/2026 14:19:29,40,58,0,48,53,44,44,44,44,63,12.144001,5.04,1.312,1.39200008,0.734,0.326,0.638,3.292,2.046,0,3.37200022,3.37200022,3.12000012,50,47.5,43,47,904,740,0,780,690,0,0,0,0,0,4.69,0,0,0,0,0,0,0,0.59,4.69,28.047369,2841,84,3600,358,36,0.232529461,0.9625,2976,67,32.3333321,0.0411613919,1.11875,2592,26,32.3333321,0.0100780763,1.11875,2647,28,32.3333321,0.00976805,1.11875,2590,31,32.3333321,0.018542368,1.11875,3001,111,32.3333321,0.115188807,1.11875,2667,21,32.3333321,0.0102672679,1.11875,2656,28,32.3333321,0.0109758759,1.11875,50.5000076,45.8750038,99.99748,9.332291,27.5484734,25.3039474,5.118252,9.762512,34.39509,38.5,0.25,0,55,0,85,0.416,1.01,16,16,16,32,48,30,295,160,130,0,0,0,16,38.5,0.25,0,55,0,85,0.416,1.01,16,16,16,32,48,30,295,160,130,0,0,0,16,512,-1,485.785156,485.480469,0.3046875,0.5,7618.451,7618.951,0,0,0,0,0,0,0,0,0,0,0,0,512,600,1200,3000,47,0.900000036,1.30500007,0,2,14,48,210,405,0,0,0,0,0,0,0,0,1.3,3.524,0.865,1773.67969,80.953125,0,0,0,0,0,0,0,0,0,0,0,0,0,0,59.65625,58,16376,14294,2081,12.7122488,5.353,0,1499136
05/27/2026 14:19:31,40,58,0,48,53,44,44,44,44,63,12.144001,5.04,1.312,1.39200008,0.766000032,0.31,0.638,3.292,2.046,0,3.37600017,3.37200022,3.12000012,50,48,43,47,904,743,0,782,690,0,0,0,0,0,16.92,4.69,4.69,1.56,4.69,9.38,3.12,1.56,5.83,16.92,27.1328564,3068,112,4850,475,48.5,0.329517066,0.6625,2941,65,32.3333321,0.0570158064,0.6625,2607,28,32.3333321,0.0279068574,0.6625,2658,25,32.3333321,0.0276992433,0.6625,2746,36,32.3333321,0.0376721844,0.6625,3233,207,32.3333321,0.178129539,0.6625,2822,33,32.3333321,0.036881648,0.6625,2686,23,32.3333321,0.0276232287,0.6625,50.2500076,43.5000038,99.9975,9.366264,27.5145,25.3960724,5.150856,9.729908,34.61419,38.5,0.25,0,55,0,85,0.416,1.01,16,16,16,32,48,30,295,160,130,0,0,0,16,38.5,0.25,0,55,0,85,0.416,1.01,16,16,16,32,48,30,295,160,130,0,0,0,16,512,-1,485.785156,485.480469,0.3046875,0.5,7618.451,7618.951,0,0,0,0,0,0,0,0,0,0,0,0,512,600,1200,3000,48,0.955000043,1.30500007,0,0,14,48,210,405,0,0,0,0,0,0,0,0,2.312,5.986,0.865,1773.67969,80.953125,0.9587914,0,0,0,0,0,0,0,0,0,0,0,0,0,59.625,56,16376,14294,2081,12.7122488,5.578,0,1599488
05/27/2026 14:19:33,40,58,0,48,53,44,44,44,44,63,12.144001,5.04,1.312,1.396,0.808,0.33,0.638,3.292,2.046,0,3.37200022,3.37200022,3.12000012,50,48,43,47,902,771,0,793,690,0,0,0,0,0,3.12,1.56,0,0,0,3.12,0,0,0.98,3.12,27.5816746,3111,118,4850,499,48.5,0.368771583,0.65,3069,90,32.3333321,0.0789997354,0.65,2880,47,32.3333321,0.0399809852,0.65,2768,33,32.3333321,0.0500918142,0.65,2741,42,32.3333321,0.0432098359,0.65,3224,187,32.3333321,0.202416956,0.65,2684,24,32.3333321,0.03258472,0.65,2673,23,32.3333321,0.03056456,0.65,50.3750076,44.3750038,99.99749,9.332424,27.54834,25.3043137,5.118538,9.762226,34.39701,38.5,0.25,0,55,0,85,0.416,1.01,16,16,16,32,48,30,295,160,130,0,0,0,16,38.5,0.25,0,55,0,85,0.416,1.01,16,16,16,32,48,30,295,160,130,0,0,0,16,512,-1,485.785156,485.480469,0.3046875,0.5,7618.451,7618.951,0,0,0,0,0,0,0,0,0,0,0,0,512,600,1200,3000,48,0.820000052,1.30500007,0,0,14,48,210,405,0,0,0,0,0,0,0,0,2.115,6.392,0.865,1773.67969,80.953125,0.006695167,0,0,0,0,0,0,0,0,0,0,0,0,0,59.65625,56,16376,14294,2081,12.7122488,6.872,49152,1549312
05/27/2026 14:19:35,40,58,0,48,53,44,44,44,44,63,12.144001,5.04,1.31000006,1.39200008,0.788000047,0.320000023,0.638,3.292,2.046,0,3.37600017,3.37200022,3.12000012,50,48,43,47,901,768,0,781,673,0,0,0,0,0,3.17,0,0,0,0,0,0,0,0.4,3.17,26.2174263,3130,80,4850,355,48.5,0.197216123,0.64375,2774,55,32.3333321,0.0278218072,0.64375,2591,25,32.3333321,0.0127920862,0.64375,2581,23,32.3333321,0.0118222479,0.64375,2709,32,32.3333321,0.0267604049,0.64375,4438,114,48.5,0.07035397,0.64375,2582,19,32.3333321,0.0101173511,0.64375,2519,18,32.3333321,0.009870962,0.64375,50.1250076,44.0000038,99.99749,9.361462,27.5193024,25.383049,5.14820862,9.732555,34.5963974,38.5,0.25,0,55,0,85,0.416,1.01,16,16,16,32,48,30,295,160,130,0,0,0,16,38.5,0.25,0,55,0,85,0.416,1.01,16,16,16,32,48,30,295,160,130,0,0,0,16,512,-1,485.785156,485.480469,0.3046875,0.5,7618.451,7618.951,0,0,0,0,0,0,0,0,0,0,0,0,512,600,1200,3000,48,0.719000041,1.30500007,0,0,13,48,210,405,0,0,0,0,0,0,0,0,1.126,3.57,0.865,1773.67969,80.953125,0,0,0,0,0,0,0,0,0,0,0,0,0,0,59.6875,56,16376,14294,2081,12.7122488,5.48,199680,0
05/27/2026 14:19:37,40,58,0,48,53,44,44,44,44,63,12.144001,5.04,1.31000006,1.396,0.806000054,0.33,0.638,3.292,2.046,0,3.37200022,3.37200022,3.12000012,50,47.5,43,47,899,772,0,783,690,0,0,0,0,0,7.94,0,1.56,0,0,1.56,0,0,1.38,7.94,26.6859646,3088,117,4850,526,48.5,0.378618658,0.6625,2767,62,32.3333321,0.06323863,0.6625,3000,60,32.3333321,0.0480809957,0.6625,2694,32,32.3333321,0.02950166,0.6625,2914,44,32.3333321,0.0429302379,0.6625,3076,162,32.3333321,0.168983027,0.6625,2761,27,32.3333321,0.0304351747,0.6625,2646,23,32.3333321,0.0302358512,0.6625,50.1250076,43.5000038,99.9975,9.336792,27.543972,25.3161545,5.12102127,9.759743,34.4137039,38.5,0.25,0,55,0,85,0.416,1.01,16,16,16,32,48,30,295,160,130,0,0,0,16,38.5,0.25,0,55,0,85,0.416,1.01,16,16,16,32,48,30,295,160,130,0,0,0,16,512,-1,485.785156,485.480469,0.3046875,0.5,7618.451,7618.951,0,0,0,0,0,0,0,0,0,0,0,0,512,600,1200,3000,47,0.87500006,1.30500007,0,1,14,48,210,405,0,0,0,0,0,0,0,0,2.287,3.642,0.865,1773.67969,80.953125,0.965788245,0,0,0,0,0,0,0,0,0,0,0,0,0,59.5625,56,16376,14294,2081,12.7122488,4.549,0,0
05/27/2026 14:19:39,40,58,0,48,53,44,44,44,44,63,12.12,5.04,1.31000006,1.39200008,0.780000031,0.324,0.638,3.288,2.046,0,3.37200022,3.36800027,3.12000012,50,47.5,43,47,904,742,0,782,691,0,0,0,0,0,4.69,0,0,0,0,4.76,0,0,1.18,4.76,27.1712589,3113,85,4850,358,48.5,0.279118627,0.65,2616,52,32.3333321,0.0363934375,0.65,2534,24,32.3333321,0.0153582757,0.65,2579,23,32.3333321,0.0126332678,0.65,2552,26,32.3333321,0.0179380141,0.65,4737,161,48.5,0.168297887,0.65,2491,16,32.3333321,0.0117718568,0.65,2546,19,32.3333321,0.0120812356,0.65,50.1250076,45.3750038,99.99749,9.331242,27.5495224,25.30111,5.11348724,9.767277,34.3630676,38.5,0.25,0,55,0,85,0.416,1.01,16,16,16,32,48,30,295,160,130,0,0,0,16,38.25,0.25,0,55,0,85,0.416,1.01,16,16,16,32,48,30,295,160,130,0,0,0,16,512,-1,485.785156,485.480469,0.3046875,0.5,7618.451,7618.951,0,0,0,0,0,0,0,0,0,0,0,0,512,600,1200,3000,49,0.965000033,1.30500007,0,1,14,48,210,405,0,0,0,0,0,0,0,0,1.956,6.455,0.865,1773.67969,80.953125,0,0,0,0,0,0,0,0,0,0,0,0,0,0,59.53125,56,16376,14294,2081,12.7122488,7.214,49152,0
05/27/2026 14:19:41,40,58,0,48,53,44,44,44,44,63,12.144001,5.04,1.31000006,1.39200008,0.770000041,0.328,0.638,3.292,2.046,0,3.37600017,3.37600017,3.12000012,50,47.5,43,47,902,740,0,778,673,0,0,0,0,0,7.94,0,0,1.59,0,1.59,1.59,1.59,1.79,7.94,27.2047653,3094,120,4850,490,48.5,0.3590467,0.66875,2906,66,32.3333321,0.0746497139,0.66875,2932,52,32.3333321,0.04210569,0.66875,2728,27,32.3333321,0.03038809,0.66875,2739,35,32.3333321,0.03664228,0.66875,3233,247,32.3333321,0.2404807,0.66875,2693,24,32.3333321,0.0271963216,0.66875,2668,23,32.3333321,0.02642951,0.66875,50.1250076,44.8750038,99.99748,9.337688,27.5430756,25.3185883,5.118725,9.762039,34.39827,38.5,0.25,0,55,0,85,0.416,1.01,16,16,16,32,48,30,295,160,130,0,0,0,16,38.5,0.25,0,55,0,85,0.416,1.01,16,16,16,32,48,30,295,160,130,0,0,0,16,512,-1,485.785156,485.480469,0.3046875,0.5,7618.451,7618.951,0,0,0,0,0,0,0,0,0,0,0,0,512,600,1200,3000,48,0.594000041,1.30500007,0,0,13,48,210,405,0,0,0,0,0,0,0,0,1.733,6.282,0.865,1773.67969,80.953125,0.00648249453,0,0,0,0,0,0,0,0,0,0,0,0,0,59.65625,56,16376,14294,2081,12.7122488,5.759,0,0
05/27/2026 14:19:43,40,58,0,48,53,44,44,44,44,63,12.144001,5.04,1.31000006,1.39200008,0.704000056,0.316,0.638,3.292,2.046,0,3.37200022,3.37200022,3.12000012,50,47.5,43,47,902,768,0,794,674,0,0,0,0,0,12.5,1.56,1.56,1.56,1.56,3.12,1.56,1.56,3.12,12.5,28.3919411,3406,120,4850,532,48.5,0.411676615,1.14375,4234,60,48.5,0.0531651825,0.75625,2652,43,32.3333321,0.0310506318,0.75625,2561,26,32.3333321,0.0275249258,0.75625,2769,44,32.3333321,0.0488202274,0.75625,4819,198,48.5,0.178324834,0.75625,2750,34,32.3333321,0.03317426,0.75625,2611,24,32.3333321,0.02876207,0.75625,50.6250076,45.8750038,99.99748,9.365536,27.5152283,25.3940887,5.142769,9.737995,34.559845,38.5,0.25,0,55,0,85,0.416,1.01,16,16,16,32,48,30,295,160,130,0,0,0,16,38.5,0.25,0,55,0,85,0.416,1.01,16,16,16,32,48,30,295,160,130,0,0,0,16,512,-1,485.785156,485.480469,0.3046875,0.5,7618.451,7618.951,0,0,0,0,0,0,0,0,0,0,0,0,512,600,1200,3000,49,0.755000055,1.30500007,0,0,14,48,210,405,0,0,0,0,0,0,0,0,1.605,3.464,0.865,1773.67969,80.953125,0.9480148,0,0,0,0,0,0,0,0,0,0,0,0,0,59.6875,58,16376,14294,2081,12.7122488,4.99,0,1499136
05/27/2026 14:19:45,40,58,0,48,53,44,44,44,44,63,12.144001,5.04,1.31000006,1.39200008,0.830000043,0.314,0.638,3.292,2.046,0,3.37200022,3.37200022,3.12000012,50,47.5,43,47,904,769,0,780,674,0,0,0,0,0,10.94,1.56,1.56,1.56,1.56,4.69,1.56,0,2.93,10.94,26.9969425,3468,118,4850,447,48.5,0.381540418,0.65,2860,66,32.3333321,0.07150552,0.65,3024,70,32.3333321,0.0466247648,0.65,2802,31,32.3333321,0.0441095047,0.65,4112,40,48.5,0.0443988964,0.65,4850,244,48.5,0.2560971,0.65,2645,22,32.3333321,0.0271063037,0.65,2597,20,32.3333321,0.0245631859,0.65,50.7500076,44.0000038,99.99748,9.334194,27.54657,25.3091125,5.117199,9.763565,34.3880157,38.5,0.25,0,55,0,85,0.416,1.01,16,16,16,32,48,30,295,160,130,0,0,0,16,38.25,0.25,0,55,0,85,0.416,1.01,16,16,16,32,48,30,295,160,130,0,0,0,16,512,-1,485.785156,485.480469,0.3046875,0.5,7618.451,7618.951,0,0,0,0,0,0,0,0,0,0,0,0,512,600,1200,3000,49,0.745000064,1.30500007,0,0,14,48,210,405,0,0,0,0,0,0,0,0,2.267,4.885,0.865,1773.67969,80.953125,0.9595593,0,0,0,0,0,0,0,0,0,0,0,0,0,59.53125,56,16376,14294,2081,12.7122488,5.973,49152,0
05/27/2026 14:19:47,40,58,0,48,53,44,44,44,44,63,12.144001,5.04,1.31000006,1.39200008,0.788000047,0.326,0.638,3.292,2.046,0,3.37200022,3.37200022,3.12000012,50,47.5,43,47,895,769,0,794,690,0,0,0,0,0,7.81,1.54,1.54,0,1.54,1.54,0,3.08,2.13,7.81,26.9536533,3127,85,4850,379,48.5,0.208199382,0.65625,2642,48,32.3333321,0.0313809551,0.65625,2548,24,32.3333321,0.0145190861,0.65625,2517,20,32.3333321,0.0107021481,0.65625,2594,31,32.3333321,0.0167692658,0.65625,4647,134,48.5,0.115861647,0.65625,2489,16,32.3333321,0.0101152817,0.65625,2729,28,32.3333321,0.0115925483,0.65625,50.3750076,43.0000038,99.99748,9.364735,27.51603,25.391922,5.14792252,9.73284149,34.5944748,38.5,0.25,0,55,0,85,0.416,1.01,16,16,16,32,48,30,295,160,130,0,0,0,16,38.25,0.25,0,55,0,85,0.416,1.01,16,16,16,32,48,30,295,160,130,0,0,0,16,512,-1,485.785156,485.480469,0.3046875,0.5,7618.451,7618.951,0,0,0,0,0,0,0,0,0,0,0,0,512,600,1200,3000,48,0.965000033,1.30500007,0,1,14,48,210,405,0,0,0,0,0,0,0,0,1.811,6.585,0.865,1773.67969,80.953125,0,0,0,0,0,0,0,0,0,0,0,0,0,0,59.375,56,16376,14294,2081,12.7122488,7.009,0,0
05/27/2026 14:19:49,40,58,0,48,53,44,44,44,44,63,12.144001,5.04,1.312,1.396,0.784000039,0.312,0.638,3.292,2.046,0,3.37200022,3.37200022,3.12000012,50,47.5,43,47,903,743,0,781,673,0,0,0,0,0,7.94,1.56,1.56,0,0,1.56,0,0,1.58,7.94,27.0615139,3451,121,4040,500,40.4,0.382106841,0.525,3753,98,40.4,0.08112526,0.525,3367,42,40.4,0.0373436138,0.525,2796,29,33.6666679,0.0399232842,0.525,3382,39,40.4,0.0408264548,0.525,4943,215,49.75,0.179276168,0.5125,2671,21,33.1666679,0.0263492987,0.5125,2654,21,33.1666679,0.02601286,0.5125,50.3750076,52.8750038,99.99749,9.332092,27.5486717,25.3034134,5.115963,9.764801,34.3797073,38.5,0.25,0,55,0,85,0.416,1.01,16,16,16,32,48,30,295,160,130,0,0,0,16,38.25,0.25,0,55,0,85,0.416,1.01,16,16,16,32,48,30,295,160,130,0,0,0,16,512,-1,485.785156,485.480469,0.3046875,0.5,7618.451,7618.951,0,0,0,0,0,0,0,0,0,0,0,0,512,600,1200,3000,49,0.974000037,1.30500007,0,3,14,48,210,405,0,0,0,0,0,0,0,0,1.489,5.209,0.865,1773.67969,80.953125,0.962664545,0,0,0,0,0,0,0,0,0,0,0,0,0,59.4375,56,16376,14294,2081,12.7122488,5.744,0,0
05/27/2026 14:19:51,40,58,0,48,53,44,44,44,44,63,12.144001,5.04,1.31000006,1.396,0.756000042,0.320000023,0.638,3.292,2.046,0,3.37200022,3.37200022,3.12000012,50,48,43,47,901,741,0,795,691,0,0,0,0,0,10.94,1.59,0,0,0,6.35,0,0,2.36,10.94,27.8079815,2831,76,3600,310,36,0.203645676,0.9625,2961,43,36,0.0257523,0.95625,2568,25,32.3333321,0.0103776343,1.13125,2572,23,32.3333321,0.00960692,1.13125,2612,25,32.3333321,0.0133449212,1.13125,3097,140,32.3333321,0.129918829,1.13125,2687,22,32.3333321,0.0118942354,1.13125,2549,21,32.3333321,0.009533548,1.13125,50.5000076,45.3750038,99.99749,9.363777,27.5169868,25.38932,5.145611,9.735153,34.57894,38.5,0.25,0,55,0,85,0.416,1.01,16,16,16,32,48,30,295,160,130,0,0,0,16,38.25,0.25,0,55,0,85,0.416,1.01,16,16,16,32,48,30,295,160,130,0,0,0,16,512,-1,485.785156,485.480469,0.3046875,0.5,7618.451,7618.951,0,0,0,0,0,0,0,0,0,0,0,0,512,600,1200,3000,47,0.405000031,1.30500007,0,0,11,48,210,405,0,0,0,0,0,0,0,0,1.025,3.476,0.865,1773.67969,80.953125,0,0,0,0,0,0,0,0,0,0,0,0,0,0,59.3125,56,16376,14294,2081,12.7122488,5.232,0,1599488
05/27/2026 14:19:53,40,58,0,48,53,44,44,44,44,63,12.144001,5.04,1.31000006,1.39200008,0.774000049,0.316,0.638,3.292,2.046,0,3.37200022,3.37200022,3.12000012,50,47.5,43,47,894,768,0,795,690,0,0,0,0,0,9.38,1.56,0,0,0,0,0,0,1.37,9.38,26.9964943,3269,112,4850,458,48.5,0.353838623,0.65,2872,70,32.3333321,0.0561366826,0.65,2843,44,32.3333321,0.0363327377,0.65,2747,32,32.3333321,0.0406895541,0.65,2720,33,32.3333321,0.03568275,0.65,4850,214,48.5,0.181519911,0.65,2651,22,32.3333321,0.0264524687,0.65,2621,19,32.3333321,0.0250122733,0.65,50.2500076,45.3750038,99.99748,9.366062,27.5147018,25.3955231,5.15037155,9.730392,34.61093,38.5,0.25,0,55,0,85,0.416,1.01,16,16,16,32,48,30,295,160,130,0,0,0,16,38.25,0.25,0,55,0,85,0.416,1.01,16,16,16,32,48,30,295,160,130,0,0,0,16,512,-1,485.785156,485.480469,0.3046875,0.5,7618.451,7618.951,0,0,0,0,0,0,0,0,0,0,0,0,512,600,1200,3000,49,0.960000038,1.30500007,0,1,14,48,210,405,0,0,0,0,0,0,0,0,2.379,5.788,0.865,1773.67969,80.953125,0.9638487,0,0,0,0,0,0,0,0,0,0,0,0,0,59.40625,56,16376,14294,2081,12.7122488,5.346,3149824,0
05/27/2026 14:19:55,40,58,0,48,53,44,44,44,44,63,12.12,5.04,1.31000006,1.39200008,0.788000047,0.326,0.638,3.292,2.046,0,3.37200022,3.37200022,3.12000012,50,47.5,43,47,902,768,0,781,674,0,0,0,0,0,12.31,0,1.54,0,0,1.54,0,0,1.92,12.31,27.44066,3006,108,4850,487,48.5,0.308224857,0.66875,2835,64,32.3333321,0.0546137542,0.66875,2736,49,32.3333321,0.0408722237,0.66875,2743,32,32.3333321,0.03910868,0.66875,2722,47,32.3333321,0.04717848,0.66875,3011,139,32.3333321,0.13165772,0.66875,2569,24,32.3333321,0.0302827954,0.66875,2581,21,32.3333321,0.02927042,0.66875,50.5000076,43.5000038,99.99749,9.360775,27.519989,25.38118,5.144314,9.73645,34.57023,38.5,0.25,0,55,0,85,0.416,1.01,16,16,16,32,48,30,295,160,130,0,0,0,16,38.25,0.25,0,55,0,85,0.416,1.01,16,16,16,32,48,30,295,160,130,0,0,0,16,512,-1,485.785156,485.480469,0.3046875,0.5,7618.451,7618.951,0,0,0,0,0,0,0,0,0,0,0,0,512,600,1200,3000,48,0.729000032,1.30500007,0,1,14,48,210,405,0,0,0,0,0,0,0,0,2.066,6.573,0.865,1773.67969,80.953125,0.965465,0,0,0,0,0,0,0,0,0,0,0,0,0,59.34375,56,16376,14294,2081,12.7122488,7.084,3200000,1599488
05/27/2026 14:19:57,40,58,0,48,53,44,44,44,44,63,12.144001,5.04,1.31000006,1.39200008,0.748,0.328,0.638,3.292,2.046,0,3.37200022,3.37200022,3.12000012,50,47.5,43,47,904,768,0,794,673,0,0,0,0,0,3.12,1.56,0,0,0,0,0,0,0.59,3.12,27.4256172,2868,81,3600,354,36,0.22446841,0.9625,3240,63,36,0.03154063,0.95625,2869,26,36,0.0204668976,0.95625,2602,24,32.3333321,0.0251377076,1.01875,2564,27,32.3333321,0.0138529306,1.01875,3037,115,32.3333321,0.08355917,1.01875,2549,24,32.3333321,0.0117052654,1.01875,2487,16,32.3333321,0.0106027052,1.01875,50.3750076,42.5000038,99.99749,9.331055,27.54971,25.3005981,5.116596,9.764168,34.3839645,38.5,0.25,0,55,0,85,0.416,1.01,16,16,16,32,48,30,295,160,130,0,0,0,16,38.25,0.25,0,55,0,85,0.416,1.01,16,16,16,32,48,30,295,160,130,0,0,0,16,512,-1,485.785156,485.480469,0.3046875,0.5,7618.451,7618.951,0,0,0,0,0,0,0,0,0,0,0,0,512,600,1200,3000,47,0.405000031,1.30500007,0,0,11,48,210,405,0,0,0,0,0,0,0,0,0.964,3.456,0.865,1773.67969,80.953125,0,0,0,0,0,0,0,0,0,0,0,0,0,0,59.21875,56,16376,14294,2081,12.7122488,5.171,0,3599360
05/27/2026 14:19:59,40,58,0,48,53,44,44,44,44,63,12.144001,5.04,1.31000006,1.39200008,0.838000059,0.328,0.638,3.292,2.046,0,3.37200022,3.37200022,3.12000012,50,47.5,43,47,902,740,0,793,689,0,0,0,0,0,7.81,1.56,0,0,0,6.25,0,0,1.95,7.81,27.4375076,3070,123,4850,524,48.5,0.390560538,0.6375,2957,88,32.3333321,0.07708653,0.6375,2683,35,32.3333321,0.0359411538,0.6375,2695,32,32.3333321,0.03262781,0.6375,2926,54,32.3333321,0.0481973924,0.6375,3198,204,32.3333321,0.2155102,0.6375,2670,24,32.3333321,0.0274906177,0.6375,2582,26,32.3333321,0.0260557942,0.6375,50.3750076,45.3750038,99.99748,9.332161,27.5486031,25.3035965,5.115696,9.765068,34.3779068,38.5,0.25,0,55,0,85,0.416,1.01,16,16,16,32,48,30,295,160,130,0,0,0,16,38.25,0.25,0,55,0,85,0.416,1.01,16,16,16,32,48,30,295,160,130,0,0,0,16,512,-1,485.785156,485.480469,0.3046875,0.5,7618.451,7618.951,0,0,0,0,0,0,0,0,0,0,0,0,512,600,1200,3000,49,0.960000038,1.30500007,0,7,15,48,210,405,0,0,0,0,0,0,0,0,1.906,3.591,0.865,1773.67969,80.953125,0.962076247,0,0,0,0,0,0,0,0,0,0,0,0,0,59.1875,56,16376,14294,2081,12.7122488,3.963,0,399360
05/27/2026 14:20:01,40,58,0,48,53,44,44,44,44,63,12.144001,5.04,1.31000006,1.39200008,0.830000043,0.314,0.638,3.288,2.046,0,3.37200022,3.37200022,3.12000012,50,47.5,43,47,902,740,0,794,690,0,0,0,0,0,6.25,0,0,0,0,0,0,0,0.78,6.25,26.87028,3040,106,4850,461,48.5,0.3350686,0.64375,2896,65,32.3333321,0.0636933744,0.64375,2829,39,32.3333321,0.033173,0.64375,2680,31,32.3333321,0.0289583746,0.64375,2736,37,32.3333321,0.034184318,0.64375,3152,170,32.3333321,0.140166372,0.64375,2608,25,32.3333321,0.0283919349,0.64375,2567,24,32.3333321,0.0280543286,0.64375,50.3750076,44.0000038,99.99748,9.361275,27.51949,25.3825378,5.146263,9.734501,34.58333,38.5,0.25,0,55,0,85,0.416,1.01,16,16,16,32,48,30,295,160,130,0,0,0,16,38.25,0.25,0,55,0,85,0.416,1.01,16,16,16,32,48,30,295,160,130,0,0,0,16,512,-1,485.785156,485.480469,0.3046875,0.5,7618.451,7618.951,0,0,0,0,0,0,0,0,0,0,0,0,512,600,1200,3000,47,0.575000048,1.30500007,0,0,12,48,210,405,0,0,0,0,0,0,0,0,2.36,6.533,0.865,1773.67969,80.953125,1.014332,0,0,0,0,0,0,0,0,0,0,0,0,0,59.1875,56,16376,14294,2081,12.7122488,7.055,49152,0
05/27/2026 14:20:03,40,58,0,48,53,44,44,44,44,63,12.144001,5.04,1.31000006,1.396,0.76000005,0.326,0.638,3.292,2.046,0,3.37200022,3.37200022,3.12000012,50,47.5,43,47,901,740,0,782,674,0,0,0,0,0,4.62,0,1.54,0,4.62,1.54,1.54,0,1.73,4.62,26.2485142,2980,88,4850,378,48.5,0.204982385,0.65,2952,66,32.3333321,0.0419551022,0.65,2594,28,32.3333321,0.0106177051,0.65,2577,22,32.3333321,0.009941817,0.65,2699,38,32.3333321,0.0166252647,0.65,3067,139,32.3333321,0.123046651,0.65,2546,16,32.3333321,0.009707822,0.65,2559,17,32.3333321,0.009662317,0.65,50.3750076,44.8750038,99.99749,9.330589,27.5501747,25.29934,5.115757,9.765007,34.37832,38.5,0.25,0,55,0,85,0.416,1.01,16,16,16,32,48,30,295,160,130,0,0,0,16,38.25,0.25,0,55,0,85,0.416,1.01,16,16,16,32,48,30,295,160,130,0,0,0,16,512,-1,485.785156,485.480469,0.3046875,0.5,7618.451,7618.951,0,0,0,0,0,0,0,0,0,0,0,0,512,600,1200,3000,49,0.935000062,1.30500007,0,1,14,48,210,405,0,0,0,0,0,0,0,0,1.331,5.603,0.865,1773.67969,80.953125,0,0,0,0,0,0,0,0,0,0,0,0,0,0,59.21875,56,16376,14294,2081,12.7122488,6.8,0,0
05/27/2026 14:20:05,40,58,0,48,53,44,44,44,44,63,12.144001,5.04,1.312,1.396,0.776,0.324,0.638,3.292,2.046,0,3.37200022,3.37200022,3.12000012,50,47.5,43,47,896,740,0,793,674,0,0,0,0,0,6.35,1.59,0,0,0,3.17,0,0,1.39,6.35,27.3473644,3124,113,3600,483,36,0.3161959,0.8125,3169,62,36,0.06510499,0.8125,2795,43,32.3333321,0.03880995,0.925,2707,33,32.3333321,0.0317098759,0.925,2823,47,32.3333321,0.0373445451,0.925,4754,200,48.5,0.189053908,0.925,2580,20,32.3333321,0.0261106789,0.925,2567,19,32.3333321,0.02603442,0.925,50.2500076,44.3750038,99.99749,9.335842,27.5449219,25.3135834,5.11804962,9.762714,34.39373,38.5,0.25,0,55,0,85,0.416,1.01,16,16,16,32,48,30,295,160,130,0,0,0,16,38.25,0.25,0,55,0,85,0.416,1.01,16,16,16,32,48,30,295,160,130,0,0,0,16,512,-1,485.785156,485.480469,0.3046875,0.5,7618.451,7618.951,0,0,0,0,0,0,0,0,0,0,0,0,512,600,1200,3000,49,0.745000064,1.30500007,0,0,14,48,210,405,0,0,0,0,0,0,0,0,1.452,3.342,0.865,1773.67969,80.953125,0.9604712,0,0,0,0,0,0,0,0,0,0,0,0,0,59.1875,56,16376,14294,2081,12.7122488,4.019,0,1549312
05/27/2026 14:20:07,40,58,0,48,53,44,44,44,44,63,12.144001,5.04,1.31000006,1.39200008,0.842000067,0.322000027,0.638,3.292,2.046,0,3.37200022,3.37200022,3.12000012,50,47.5,43,47,904,768,0,794,691,0,0,0,0,0,13.85,0,0,0,0,10.94,0,0,3.1,13.85,27.7525349,3760,135,4850,483,48.5,0.4118128,0.65,4223,72,48.5,0.0901021659,0.6625,3965,31,48.5,0.0374929942,0.6625,2653,27,32.3333321,0.0270824041,0.6625,4143,47,48.5,0.05489142,0.6625,4850,370,48.5,0.377851963,0.6625,2688,25,32.3333321,0.0250651967,0.6625,2704,22,32.3333321,0.0253269058,0.6625,50.7500076,43.5000038,99.99748,9.362095,27.51867,25.3847656,5.14586258,9.734901,34.5806351,38.5,0.25,0,55,0,85,0.416,1.01,16,16,16,32,48,30,295,160,130,0,0,0,16,38.25,0.25,0,55,0,85,0.416,1.01,16,16,16,32,48,30,295,160,130,0,0,0,16,512,-1,485.785156,485.480469,0.3046875,0.5,7618.451,7618.951,0,0,0,0,0,0,0,0,0,0,0,0,512,600,1200,3000,47,0.615,1.30500007,0,1,13,48,210,405,0,0,0,0,0,0,0,0,2.031,4.915,0.865,1773.582,72.85156,0.9614375,0,0,0,0,0,0,0,0,0,0.472509623,0,0,0,59.15625,56,16376,14294,2081,12.7122488,5.91,0,0
05/27/2026 14:20:09,40,58,0,48,53,44,44,44,44,63,12.12,5.04,1.31000006,1.39200008,0.756000042,0.314,0.638,3.292,2.046,0,3.37200022,3.37200022,3.12000012,50,47.5,43,47,901,769,0,791,674,0,0,0,0,0,4.69,0,0,0,0,3.12,0,0,0.98,4.69,26.7299519,2946,88,4850,389,48.5,0.216859534,0.6625,2648,43,32.3333321,0.0254739542,0.6625,2960,48,32.3333321,0.0409738161,0.6625,2507,22,32.3333321,0.0110931015,0.66875,2649,34,32.3333321,0.022522876,0.66875,3004,135,32.3333321,0.1016914,0.66875,2483,17,32.3333321,0.00975376,0.66875,2471,18,32.3333321,0.01106144,0.66875,50.5000076,43.0000038,99.99749,9.331844,27.54892,25.3027344,5.11676025,9.764004,34.3850632,38.5,0.25,0,55,0,85,0.416,1.01,16,16,16,32,48,30,295,160,130,0,0,0,16,38.25,0.25,0,55,0,85,0.416,1.01,16,16,16,32,48,30,295,160,130,0,0,0,16,512,-1,485.785156,485.480469,0.3046875,0.5,7618.451,7618.951,0,0,0,0,0,0,0,0,0,0,0,0,512,600,1200,3000,47,0.63500005,1.30500007,0,0,14,48,210,405,0,0,0,0,0,0,0,0,1.714,6.518,0.865,1773.582,72.85156,0,0,0,0,0,0,0,0,0,0,0,0,0,0,59.09375,56,16376,14294,2081,12.7122488,6.806,0,0
05/27/2026 14:20:11,40,58,0,48,53,44,44,44,44,63,12.12,5.04,1.31000006,1.39200008,0.736000061,0.312,0.638,3.288,2.046,0,3.36800027,3.36800027,3.12000012,50,47.5,43,47,903,740,0,794,673,0,0,0,0,0,7.94,0,0,1.59,0,1.59,0,0,1.39,7.94,27.2918663,3206,113,3600,512,36,0.363185972,0.91875,3192,64,36,0.06540154,0.91875,3011,35,36,0.0339091122,0.91875,2969,31,36,0.0294968057,0.91875,2746,39,32.3333321,0.0377259851,0.925,4679,166,48.5,0.15530099,0.925,2773,33,32.3333321,0.02873343,0.925,2681,25,32.3333321,0.0297410861,0.925,50.5000076,44.8750038,99.9975,9.336807,27.5439568,25.3161926,5.117897,9.762867,34.3927078,38.5,0.25,0,55,0,85,0.416,1.01,16,16,16,32,48,30,295,160,130,0,0,0,16,38.25,0.25,0,55,0,85,0.416,1.01,16,16,16,32,48,30,295,160,130,0,0,0,16,512,-1,485.785156,485.480469,0.3046875,0.5,7618.451,7618.951,0,0,0,0,0,0,0,0,0,0,0,0,512,600,1200,3000,49,0.745000064,1.30500007,0,0,14,48,210,405,0,0,0,0,0,0,0,0,1.728,5.024,0.865,1773.582,72.85156,0.9592972,0,0,0,0,0,0,0,0,0,0,0,0,0,59.0625,56,16376,14294,2081,12.7122488,5.337,0,0
05/27/2026 14:20:13,40,58,0,48,53,44,44,44,44,63,12.12,5.04,1.31000006,1.39200008,0.79,0.312,0.638,3.288,2.046,0,3.37200022,3.37200022,3.12000012,50,47.5,43,47,901,740,0,777,690,0,0,0,0,0,6.25,0,0,0,0,3.12,0,0,1.17,6.25,27.1947,3329,117,4850,478,48.5,0.408339977,0.64375,2909,60,32.3333321,0.0666126758,0.64375,2858,34,32.3333321,0.03352102,0.64375,2747,31,32.3333321,0.0308046211,0.64375,2849,36,32.3333321,0.03572389,0.64375,4850,246,48.5,0.242876634,0.65,2729,22,32.3333321,0.0343001261,0.65,2839,26,32.3333321,0.0288433563,0.65,50.6250076,45.3750038,99.99748,9.361481,27.5192833,25.3831024,5.14431763,9.736446,34.57025,38.5,0.25,0,55,0,85,0.416,1.01,16,16,16,32,48,30,295,160,130,0,0,0,16,38.25,0.25,0,55,0,85,0.416,1.01,16,16,16,32,48,30,295,160,130,0,0,0,16,512,-1,485.785156,485.480469,0.3046875,0.5,7618.451,7618.951,0,0,0,0,0,0,0,0,0,0,0,0,512,600,1200,3000,49,0.984,1.30500007,0,0,15,48,210,405,0,0,0,0,0,0,0,0,1.703,3.439,0.865,1773.582,72.85156,0.9652715,0,0,0,0,0,0,0,0,0,0,0,0,0,59.03125,56,16376,14294,2081,12.7122488,5.12,0,0
05/27/2026 14:20:15,40,58,0,48,53,44,44,44,44,63,12.12,5.04,1.31000006,1.396,0.804,0.320000023,0.638,3.288,2.046,0,3.37200022,3.37200022,3.12000012,50,47.5,43,47,902,740,0,777,691,0,0,0,0,0,3.12,0,0,0,0,1.56,0,0,0.59,3.12,25.9658566,2976,81,4850,351,48.5,0.202085942,0.6625,2771,49,32.3333321,0.0294137951,0.6625,3045,48,32.3333321,0.0241340045,0.6625,2541,20,32.3333321,0.009580144,0.6625,2568,24,32.3333321,0.0154720852,0.6625,3020,121,32.3333321,0.0978276953,0.6625,2515,21,32.3333321,0.009886197,0.6625,2494,16,32.3333321,0.009182226,0.66875,50.3750076,44.0000038,99.99749,9.332214,27.54855,25.3037415,5.11642075,9.764343,34.382782,38.5,0.25,0,55,0,85,0.416,1.01,16,16,16,32,48,30,295,160,130,0,0,0,16,38.25,0.25,0,55,0,85,0.416,1.01,16,16,16,32,48,30,295,160,130,0,0,0,16,512,-1,485.785156,485.480469,0.3046875,0.5,7618.451,7618.951,0,0,0,0,0,0,0,0,0,0,0,0,512,600,1200,3000,49,0.960000038,1.30500007,0,1,14,47,210,405,0,0,0,0,0,0,0,0,1.669,6.03,0.865,1773.582,72.85156,0,0,0,0,0,0,0,0,0,0,0,0,0,0,58.96875,56,16376,14294,2081,12.7122488,6.565,49152,0
05/27/2026 14:20:17,40,58,0,48,53,44,44,44,44,63,12.12,5.04,1.312,1.39200008,0.890000045,0.332000017,0.638,3.292,2.046,0,3.37200022,3.37200022,3.12000012,50,47.5,43,47,901,769,0,794,690,0,0,0,0,0,16.92,3.12,0,0,0,4.69,0,0,3.09,16.92,27.22947,3253,125,4850,562,48.5,0.3952001,0.65,4448,76,48.5,0.07244591,0.65,2684,37,32.3333321,0.0378043,0.65,2613,27,32.3333321,0.0309606548,0.65,2699,42,32.3333321,0.041776482,0.65,3205,199,32.3333321,0.184266329,0.64375,2737,25,32.3333321,0.0309049319,0.64375,2785,29,32.3333321,0.0326612443,0.64375,50.3750076,44.3750038,99.99749,9.366463,27.5143013,25.3966064,5.148178,9.732586,34.59619,38.5,0.25,0,55,0,85,0.416,1.01,16,16,16,32,48,30,295,160,130,0,0,0,16,38.25,0.25,0,55,0,85,0.416,1.01,16,16,16,32,48,30,295,160,130,0,0,0,16,512,-1,485.785156,485.480469,0.3046875,0.5,7618.451,7618.951,0,0,0,0,0,0,0,0,0,0,0,0,512,600,1200,3000,48,0.695000052,1.30500007,0,1,14,47,210,405,0,0,0,0,0,0,0,0,2.059,6.644,0.865,1773.582,72.85156,0.96914655,0,0,0,0,0,0,0,0,0,0,0,0,0,58.96875,56,16376,14294,2081,12.7122488,6.479,0,0
05/27/2026 14:20:19,40,58,0,48,53,44,44,44,44,63,12.144001,5.04,1.312,1.39200008,0.786,0.322000027,0.638,3.292,2.046,0,3.37600017,3.37200022,3.12000012,50,48,43,47,898,768,0,791,674,0,0,0,0,0,6.15,0,0,0,0,4.69,0,0,1.36,6.15,27.2405624,3112,110,3600,439,36,0.3073164,0.9625,3398,76,36,0.07201109,0.95625,3344,53,36,0.0433508568,0.95625,2962,28,36,0.0274735671,0.95,2809,40,32.3333321,0.03926512,1.14375,3233,190,32.3333321,0.184248641,1.14375,2667,21,32.3333321,0.0277353451,1.14375,2882,35,32.3333321,0.0294364374,1.14375,50.5000076,45.3750038,99.99748,9.33266449,27.5481,25.3049622,5.118332,9.762432,34.3956223,38.5,0.25,0,55,0,85,0.416,1.01,16,16,16,32,48,30,295,160,130,0,0,0,16,38.25,0.25,0,55,0,85,0.416,1.01,16,16,16,32,48,30,295,160,130,0,0,0,16,512,-1,485.785156,485.480469,0.3046875,0.5,7618.451,7618.951,0,0,0,0,0,0,0,0,0,0,0,0,512,600,1200,3000,49,0.745000064,1.30500007,0,0,14,47,210,405,0,0,0,0,0,0,0,0,1.684,3.618,0.865,1773.582,72.85156,0.00616198545,0,0,0,0,0,0,0,0,0,0,0,0,0,59,56,16376,14294,2081,12.7122488,5.257,49152,1449984
05/27/2026 14:20:21,40,58,0,48,53,44,44,44,44,63,12.144001,5.04,1.31000006,1.396,0.834000051,0.320000023,0.638,3.292,2.046,0,3.37600017,3.37200022,3.12000012,50,47.5,43,47,905,771,0,793,689,0,0,0,0,0,10.94,6.15,3.08,3.08,3.08,4.69,1.54,1.54,4.26,10.94,26.70122,3040,103,4850,405,48.5,0.280118316,0.6375,2868,68,32.3333321,0.065771,0.6375,2702,32,32.3333321,0.0306557156,0.6375,2653,24,32.3333321,0.0283023845,0.6375,2769,40,32.3333321,0.03413292,0.6375,3182,206,32.3333321,0.19326292,0.6375,2623,21,32.3333321,0.0277585071,0.6375,2674,25,32.3333321,0.0294422191,0.6375,50.3750076,44.0000038,99.99748,9.361465,27.5192986,25.3830566,5.14783859,9.732925,34.59391,38.5,0.25,0,55,0,85,0.416,1.01,16,16,16,32,48,30,295,160,130,0,0,0,16,38.25,0.25,0,55,0,85,0.416,1.01,16,16,16,32,48,30,295,160,130,0,0,0,16,512,-1,485.785156,485.480469,0.3046875,0.5,7618.451,7618.951,0,0,0,0,0,0,0,0,0,0,0,0,512,600,1200,3000,49,0.664000034,1.30500007,0,0,14,47,210,405,0,0,0,0,0,0,0,0,2.071,3.626,0.865,1773.582,72.85156,0.9551207,0,0,0,0,0,0,0,0,0,0,0,0,0,58.96875,56,16376,14294,2081,12.7122488,5.523,0,0
05/27/2026 14:20:23,40,58,0,48,53,44,44,44,44,63,12.144001,5.04,1.312,1.39200008,0.690000057,0.306000024,0.638,3.292,2.046,0,3.37600017,3.37200022,3.12000012,50,47.5,43,47,905,740,0,779,673,0,0,0,0,0,4.69,1.56,1.56,1.56,1.56,1.56,1.56,1.56,1.95,4.69,26.7371731,3316,88,4850,408,48.5,0.266462445,0.65,3012,72,32.3333321,0.04776272,0.65,3849,23,48.5,0.0135227144,0.65,2569,22,32.3333321,0.0103566488,0.64375,2598,26,32.3333321,0.0155033395,0.64375,4359,112,48.5,0.0624311119,0.64375,2727,25,32.3333321,0.0233310461,0.64375,2565,19,32.3333321,0.010543094,0.64375,50.2500076,43.0000038,99.99749,9.33293152,27.5478325,25.305687,5.11894226,9.761822,34.3997269,38.5,0.25,0,55,0,85,0.416,1.01,16,16,16,32,48,30,295,160,130,0,0,0,16,38.25,0.25,0,55,0,85,0.416,1.01,16,16,16,32,48,30,295,160,130,0,0,0,16,512,-1,485.785156,485.480469,0.3046875,0.5,7618.451,7618.951,0,0,0,0,0,0,0,0,0,0,0,0,512,600,1200,3000,47,0.590000033,1.30500007,0,0,13,47,210,405,0,0,0,0,0,0,0,0,1.709,6.533,0.865,1773.582,72.85156,0,0,0,0,0,0,0,0,0,0,0,0,0,0,58.84375,56,16376,14294,2081,12.7122488,7.033,0,0
05/27/2026 14:20:25,40,58,0,48,53,44,44,44,44,63,12.144001,5.04,1.312,1.39200008,0.808,0.33,0.638,3.292,2.046,0,3.37200022,3.37200022,3.12000012,50,47.5,43,47,895,740,0,781,674,0,0,0,0,0,10.94,0,0,0,0,6.35,0,0,2.16,10.94,27.0342846,3054,114,4850,486,48.5,0.332572132,0.65625,2805,64,32.3333321,0.06619013,0.65625,2605,30,32.3333321,0.0285136122,0.65625,2622,28,32.3333321,0.029070247,0.65625,2775,38,32.3333321,0.0333048962,0.65625,3178,197,32.3333321,0.201879382,0.65625,2830,36,32.3333321,0.0294679981,0.65625,2768,30,32.3333321,0.0306308046,0.65625,50.2500076,44.8750038,99.99749,9.334503,27.54626,25.3099518,5.11943054,9.761333,34.4030075,38.5,0.25,0,55,0,85,0.416,1.01,16,16,16,32,48,30,295,160,130,0,0,0,16,38.25,0.25,0,55,0,85,0.416,1.01,16,16,16,32,48,30,295,160,130,0,0,0,16,512,-1,485.785156,485.480469,0.3046875,0.5,7618.451,7618.951,0,0,0,0,0,0,0,0,0,0,0,0,512,600,1200,3000,49,0.935000062,1.30500007,0,1,14,47,210,405,0,0,0,0,0,0,0,0,1.794,6.18,0.865,1773.582,72.85156,0.921181858,0,0,0,0,0,0,0,0,0,0,0,0,0,58.90625,56,16376,14294,2081,12.7122488,5.753,0,1649664
05/27/2026 14:20:27,40,58,0,48,53,44,44,44,44,63,12.144001,5.04,1.31000006,1.39200008,0.756000042,0.312,0.638,3.292,2.046,0,3.37200022,3.37200022,3.12000012,50,47.5,43,47,904,743,0,793,674,0,0,0,0,0,17.19,4.69,0,0,1.56,7.81,0,1.56,4.1,17.19,27.1616116,3220,122,4850,529,48.5,0.42059952,0.65,2837,76,32.3333321,0.0557229929,0.65,2605,30,32.3333321,0.03496225,0.65,2565,26,32.3333321,0.03055581,0.65,4303,50,48.5,0.0551210754,0.65,3198,201,32.3333321,0.207997173,0.65,2775,39,32.3333321,0.0302194655,0.65,2625,23,32.3333321,0.0273973551,0.65,50.5000076,43.0000038,99.99749,9.362041,27.5187225,25.38462,5.147827,9.732937,34.5938339,38.5,0.25,0,55,0,85,0.416,1.01,16,16,16,32,48,30,295,160,130,0,0,0,16,38.25,0.25,0,55,0,85,0.416,1.01,16,16,16,32,48,30,295,160,130,0,0,0,16,512,-1,485.785156,485.480469,0.3046875,0.5,7618.451,7618.951,0,0,0,0,0,0,0,0,0,0,0,0,512,600,1200,3000,48,0.810000062,1.30500007,0,2,15,47,210,405,0,0,0,0,0,0,0,0,1.467,3.445,0.865,1773.582,72.85156,0.961459339,0,0,0,0,0,0,0,0,0,0,0,0,0,58.90625,56,16376,14294,2081,12.7122488,4.703,0,0
05/27/2026 14:20:29,40,58,0,48,53,44,44,44,44,63,12.144001,5.04,1.31000006,1.39200008,0.744,0.322000027,0.638,3.288,2.046,0,3.37200022,3.37200022,3.12000012,50,47.5,43,47,896,769,0,782,691,0,0,0,0,0,17.19,6.15,3.12,1.54,0,14.06,0,0,5.26,17.19,26.2227135,3009,79,4850,329,48.5,0.194922447,0.65,2612,37,32.3333321,0.0291209072,0.65,2559,23,32.3333321,0.0114866644,0.65,2568,24,32.3333321,0.0101290112,0.65,2719,34,32.3333321,0.0187935866,0.65,3137,133,32.3333321,0.103703588,0.65,2518,16,32.3333321,0.01066186,0.65,3108,39,32.3333321,0.02211507,0.65,50.3750076,44.8750038,99.99748,9.328026,27.5527382,25.2923813,5.115265,9.765499,34.3750153,38.25,0.25,0,55,0,85,0.416,1.01,16,16,16,32,48,30,295,160,130,0,0,0,16,38.25,0.25,0,55,0,85,0.416,1.01,16,16,16,32,48,30,295,160,130,0,0,0,16,512,-1,485.785156,485.480469,0.3046875,0.5,7618.451,7618.951,0,0,0,0,0,0,0,0,0,0,0,0,512,600,1200,3000,48,0.62,1.30500007,0,0,13,47,210,405,0,0,0,0,0,0,0,0,1.686,5.118,0.865,1773.582,72.85156,0,0,0,0,0,0,0,0,0,0,0,0,0,0,58.78125,56,16376,14294,2081,12.7122488,5.597,0,0
05/27/2026 14:20:31,40,58,0,48,53,44,44,44,44,63,12.144001,5.04,1.31000006,1.39200008,0.758,0.320000023,0.638,3.292,2.046,0,3.37600017,3.37200022,3.12000012,50,48,43,47,902,768,0,780,674,0,0,0,0,0,4.76,0,0,0,0,0,0,0,0.6,4.76,27.4156361,3249,115,4850,496,48.5,0.323745877,0.65,2961,65,32.3333321,0.0683487654,0.65,2770,52,32.3333321,0.0441499837,0.65,2590,25,32.3333321,0.0324924029,0.65,2887,53,32.3333321,0.0529706776,0.65,4753,182,48.5,0.207294092,0.65,2599,25,32.3333321,0.0312677361,0.65,2579,23,32.3333321,0.0295482371,0.65,50.2500076,43.0000038,99.99749,9.360291,27.5204735,25.3798676,5.14649963,9.734264,34.5849152,38.25,0.25,0,55,0,85,0.416,1.01,16,16,16,32,48,30,295,160,130,0,0,0,16,38.25,0.25,0,55,0,85,0.416,1.01,16,16,16,32,48,30,295,160,130,0,0,0,16,512,-1,485.785156,485.480469,0.3046875,0.5,7618.451,7618.951,0,0,0,0,0,0,0,0,0,0,0,0,512,600,1200,3000,49,0.935000062,1.30500007,0,1,14,47,210,405,0,0,0,0,0,0,0,0,2.137,6.617,0.865,1773.582,72.85156,0.975806057,0,0,0,0,0,0,0,0,0,0,0,0,0,58.84375,56,16376,14294,2081,12.7122488,6.181,0,0
05/27/2026 14:20:33,40,58,0,48,53,44,44,44,44,63,12.12,5.04,1.31000006,1.39200008,0.68,0.322000027,0.638,3.292,2.046,0,3.37600017,3.37200022,3.12000012,50,47.5,43,47,904,742,0,781,673,0,0,0,0,0,4.76,0,0,0,0,1.59,0,0,0.79,4.76,28.0103855,2798,78,3600,364,36,0.190572783,0.9625,2917,40,36,0.0247625764,0.95625,2526,23,32.3333321,0.0121603291,0.99375,2672,30,32.3333321,0.0107317744,0.99375,2570,26,32.3333321,0.0155781833,0.99375,2847,100,32.3333321,0.0690435246,0.99375,2511,18,32.3333321,0.010395417,0.99375,2738,23,32.3333321,0.009817434,0.99375,50.3750076,44.3750038,99.99749,9.358288,27.5224762,25.3744431,5.142254,9.73851,34.55638,38.25,0.25,0,55,0,85,0.416,1.01,16,16,16,32,48,30,295,160,130,0,0,0,16,38.25,0.25,0,55,0,85,0.416,1.01,16,16,16,32,48,30,295,160,130,0,0,0,16,512,-1,485.785156,485.480469,0.3046875,0.5,7618.451,7618.951,0,0,0,0,0,0,0,0,0,0,0,0,512,600,1200,3000,47,0.630000055,1.30500007,0,1,14,47,210,405,0,0,0,0,0,0,0,0,0.976,4.618,0.865,1773.582,72.85156,0,0,0,0,0,0,0,0,0,0,0,0,0,0,58.6875,56,16376,14294,2081,12.7122488,5.806,0,0
05/27/2026 14:20:35,40,58,0,48,53,44,44,44,44,63,12.144001,5.04,1.31000006,1.39200008,0.72,0.316,0.638,3.292,2.046,0,3.37200022,3.37200022,3.124,50,47.5,43,47,903,740,0,797,673,0,0,0,0,0,7.81,0,0,0,0,1.56,1.56,0,1.37,7.81,26.5519886,3072,109,4850,480,48.5,0.372377723,0.6625,2973,79,32.3333321,0.057441894,0.6625,2745,34,32.3333321,0.03450492,0.65,2727,26,32.3333321,0.029778624,0.65,2749,37,32.3333321,0.04292711,0.65,3213,174,32.3333321,0.146408617,0.65,2654,25,32.3333321,0.0276658423,0.65,2668,20,32.3333321,0.026193602,0.65,50.3750076,43.0000038,99.99748,9.363216,27.5175476,25.3878021,5.1491127,9.731651,34.60247,38.5,0.25,0,55,0,85,0.416,1.01,16,16,16,32,48,30,295,160,130,0,0,0,16,38.25,0.25,0,55,0,85,0.416,1.01,16,16,16,32,48,30,295,160,130,0,0,0,16,512,-1,485.785156,485.480469,0.3046875,0.5,7618.451,7618.951,0,0,0,0,0,0,0,0,0,0,0,0,512,600,1200,3000,48,0.415000021,1.30500007,0,0,11,47,210,405,0,0,0,0,0,0,0,0,1.73,3.529,0.865,1773.582,72.85156,0.9649509,0,0,0,0,0,0,0,0,0,0,0,0,0,58.78125,56,16376,14294,2081,12.7122488,4.304,0,0
05/27/2026 14:20:37,40,58,0,48,53,44,44,44,44,63,12.144001,5.04,1.31000006,1.39200008,0.672000051,0.306000024,0.638,3.292,2.046,0,3.37200022,3.37200022,3.124,50,47.5,43,47,902,740,0,782,690,0,0,0,0,0,10.94,1.56,0,0,0,6.15,0,1.59,2.53,10.94,26.77751,3151,83,4850,352,48.5,0.179992989,0.65,2855,60,32.3333321,0.0386581831,0.65,2546,25,32.3333321,0.0155087486,0.65,2524,22,32.3333321,0.01060064,0.65,2505,27,32.3333321,0.0199059714,0.65,4522,131,48.5,0.0856419653,0.65,2761,26,32.3333321,0.0194915067,0.65,2645,24,32.3333321,0.0112350089,0.65,50.2500076,42.5000038,99.9975,9.3599205,27.5208435,25.3788681,5.144619,9.736145,34.57228,38.5,0.25,0,55,0,85,0.416,1.01,16,16,16,32,48,30,295,160,130,0,0,0,16,38.25,0.25,0,55,0,85,0.416,1.01,16,16,16,32,48,30,295,160,130,0,0,0,16,512,-1,485.785156,485.480469,0.3046875,0.5,7618.451,7618.951,0,0,0,0,0,0,0,0,0,0,0,0,512,600,1200,3000,48,0.729000032,1.30500007,0,0,14,47,210,405,0,0,0,0,0,0,0,0,1.817,6.183,0.865,1773.582,72.85156,0,0,0,0,0,0,0,0,0,0,0,0,0,0,58.71875,56,16376,14294,2081,12.7122488,6.254,0,0
05/27/2026 14:20:39,40,58,0,48,53,44,44,44,44,63,12.144001,5.04,1.312,1.396,0.746000051,0.320000023,0.638,3.292,2.046,0,3.37600017,3.37200022,3.124,50,47.5,43,47,893,770,0,778,674,0,0,0,0,0,6.25,0,0,0,0,0,0,0,0.78,6.25,26.76904,2961,113,4850,561,48.5,0.403724462,0.66875,2849,64,32.3333321,0.0620418675,0.66875,2540,28,32.3333321,0.0202011019,0.66875,2534,25,32.3333321,0.0184134524,0.66875,2729,39,32.3333321,0.04073359,0.66875,3011,140,32.3333321,0.133834571,0.66875,2570,23,32.3333321,0.0177696254,0.66875,2607,27,32.3333321,0.0198325831,0.66875,50.2500076,43.5000038,99.99749,9.36216,27.5186043,25.3849411,5.146019,9.734745,34.5816879,38.5,0.25,0,55,0,85,0.416,1.01,16,16,16,32,48,30,295,160,130,0,0,0,16,38.25,0.25,0,55,0,85,0.416,1.01,16,16,16,32,48,30,295,160,130,0,0,0,16,512,-1,485.785156,485.480469,0.3046875,0.5,7618.451,7618.951,0,0,0,0,0,0,0,0,0,0,0,0,512,600,1200,3000,49,0.940000057,1.30500007,0,1,14,47,210,405,0,0,0,0,0,0,0,0,2.005,6.633,0.865,1773.582,72.85156,0.964339,0,0,0,0,0,0,0,0,0,0,0,0,0,58.75,56,16376,14294,2081,12.7122488,6.485,49152,0
05/27/2026 14:20:41,40,58,0,48,53,44,44,44,44,63,12.144001,5.04,1.312,1.396,0.754,0.316,0.638,3.292,2.046,0,3.37600017,3.37600017,3.124,50,47.5,43,47,904,770,0,780,674,0,0,0,0,0,6.35,0,0,0,0,0,0,0,0.79,6.35,27.9879818,3314,76,3600,346,36,0.196746632,0.9625,3001,41,36,0.0222285856,0.95625,2849,23,36,0.009687819,0.95625,2815,23,36,0.009603124,0.95,2872,26,36,0.0125802457,0.95625,3245,98,36,0.0744738355,0.95625,4012,20,48.5,0.011269019,1.0125,4121,28,48.5,0.009742051,1.0125,50.5000076,45.3750038,99.99748,9.358467,27.5222969,25.3749237,5.14269257,9.738071,34.5593338,38.5,0.25,0,55,0,85,0.416,1.01,16,16,16,32,48,30,295,160,130,0,0,0,16,38.25,0.25,0,55,0,85,0.416,1.01,16,16,16,32,48,30,295,160,130,0,0,0,16,512,-1,485.785156,485.480469,0.3046875,0.5,7618.451,7618.951,0,0,0,0,0,0,0,0,0,0,0,0,512,600,1200,3000,47,0.494000018,1.30500007,0,0,11,47,210,405,0,0,0,0,0,0,0,0,0.943,3.632,0.865,1773.582,72.85156,0,0,0,0,0,0,0,0,0,0,0,0,0,0,58.625,56,16376,14294,2081,12.7122488,4.948,49152,0
05/27/2026 14:20:43,40,58,0,48,53,44,44,44,44,63,12.144001,5.04,1.312,1.396,0.784000039,0.314,0.638,3.29600024,2.046,0,3.37600017,3.37200022,3.124,50,48,43,47,905,770,0,782,690,0,0,0,0,0,6.25,0,0,0,0,0,0,0,0.78,6.25,26.8250446,3024,116,4850,533,48.5,0.358964533,0.66875,2945,84,32.3333321,0.060491167,0.66875,2690,37,32.3333321,0.0347991735,0.66875,2621,26,32.3333321,0.0300370641,0.66875,2767,37,32.3333321,0.0374582149,0.66875,3089,163,32.3333321,0.159384027,0.66875,2577,22,32.3333321,0.0286230128,0.66875,2654,23,32.3333321,0.028044153,0.66875,50.2500076,43.5000038,99.99749,9.333672,27.5470924,25.3076935,5.120865,9.759899,34.4126434,38.5,0.25,0,55,0,85,0.416,1.01,16,16,16,32,48,30,295,160,130,0,0,0,16,38.25,0.25,0,55,0,85,0.416,1.01,16,16,16,32,48,30,295,160,130,0,0,0,16,512,-1,485.785156,485.480469,0.3046875,0.5,7618.451,7618.951,0,0,0,0,0,0,0,0,0,0,0,0,512,600,1200,3000,49,0.965000033,1.30500007,0,1,14,47,210,405,0,0,0,0,0,0,0,0,1.749,3.458,0.865,1773.582,72.85156,0.958931744,0,0,0,0,0,0,0,0,0,0,0,0,0,58.65625,54,16376,14294,2081,12.7122488,4.11,0,0
05/27/2026 14:20:45,40,59,0,48,53,44,44,44,44,63,12.144001,5.04,1.312,1.396,0.716,0.308000028,0.638,3.29600024,2.046,0,3.37600017,3.37200022,3.124,50,48,43,47,902,750,0,796,690,0,0,0,0,0,9.23,1.56,0,0,0,3.08,0,0,1.73,9.23,27.0300541,3132,87,4850,368,48.5,0.2264307,0.65,2701,55,32.3333321,0.0297162421,0.65,2541,21,32.3333321,0.0130883055,0.65,2659,24,32.3333321,0.0273496173,0.65,2703,35,32.3333321,0.0191279072,0.65,4610,158,48.5,0.128917485,0.65,2493,15,32.3333321,0.0101861861,0.65,2496,19,32.3333321,0.0104473708,0.65,50.2500076,43.0000038,99.99749,9.358501,27.5222626,25.3750153,5.144451,9.736313,34.57115,38.25,0.25,0,55,0,85,0.416,1.01,16,16,16,32,48,30,295,160,130,0,0,0,16,38.25,0.25,0,55,0,85,0.416,1.01,16,16,16,32,48,30,295,160,130,0,0,0,16,512,-1,485.785156,485.480469,0.3046875,0.5,7618.451,7618.951,0,0,0,0,0,0,0,0,0,0,0,0,512,600,1200,3000,49,0.965000033,1.30500007,0,1,14,47,210,405,0,0,0,0,0,0,0,0,1.779,6.435,0.865,1773.582,72.85156,0,0,0,0,0,0,0,0,0,0,0,0,0,0,58.40625,54,16376,14294,2081,12.7122488,6.36,0,0
05/27/2026 14:20:47,40,60,0,48,53,44,44,44,44,63,12.144001,5.05,1.312,1.396,0.770000041,0.312,0.638,3.292,2.046,0,3.37600017,3.37600017,3.124,50,47.5,43,47,904,789,0,782,690,0,0,0,0,0,9.38,6.15,3.08,3.08,1.54,9.38,4.62,3.08,5.04,9.38,27.5288086,3247,122,3600,446,36,0.356298685,0.9625,3515,113,36,0.09759746,0.95625,2952,27,36,0.0338969268,0.95625,2920,28,36,0.0274176225,0.95,2784,38,32.3333321,0.0552734472,1.13125,4850,272,48.5,0.284096837,1.13125,2700,24,32.3333321,0.029692471,1.13125,2655,25,32.3333321,0.0292738471,1.13125,50.2500076,43.0000038,99.99749,9.333687,27.5470772,25.30774,5.121395,9.759369,34.416214,38.5,0.25,0,55,0,85,0.416,1.01,16,16,16,32,48,30,295,160,130,0,0,0,16,38.25,0.25,0,55,0,85,0.416,1.01,16,16,16,32,48,30,295,160,130,0,0,0,16,512,-1,485.785156,485.480469,0.3046875,0.5,7618.451,7618.951,0,0,0,0,0,0,0,0,0,0,0,0,512,600,1200,3000,48,0.965000033,1.30500007,0,1,14,47,210,405,0,0,0,0,0,0,0,0,1.606,6.229,0.865,1773.582,72.85156,0.941546261,0,0,0,0,0,0,0,0,0,0,0,0,0,58.5,56,16376,14294,2081,12.7122488,6.018,0,1599488
05/27/2026 14:20:49,40,60,0,48,53,44,44,44,44,63,12.144001,5.04,1.312,1.396,0.726,0.314,0.638,3.292,2.046,0,3.37600017,3.37600017,3.124,50,48,43,47,894,792,0,794,674,0,0,0,0,0,9.38,0,0,0,0,3.12,0,0,1.56,9.38,26.1637039,3050,99,4850,392,48.5,0.243557826,0.6625,2908,64,32.3333321,0.05757458,0.6625,2641,24,32.3333321,0.0121634295,0.6625,2664,27,32.3333321,0.0130450921,0.6625,2790,38,32.3333321,0.0353298225,0.6625,3174,203,32.3333321,0.179526031,0.6625,2581,16,32.3333321,0.009667376,0.6625,2788,25,32.3333321,0.0104445033,0.66875,50.1250076,44.3750038,99.99749,9.329048,27.5517159,25.2951584,5.11562729,9.765137,34.37745,38.5,0.25,0,55,0,85,0.416,1.01,16,16,16,32,48,30,295,160,130,0,0,0,16,38.25,0.25,0,55,0,85,0.416,1.01,16,16,16,32,48,30,295,160,130,0,0,0,16,512,-1,485.785156,485.480469,0.3046875,0.5,7618.451,7618.951,0,0,0,0,0,0,0,0,0,0,0,0,512,600,1200,3000,48,0.965000033,1.30500007,0,2,14,47,210,405,0,0,0,0,0,0,0,0,0.912,3.555,0.865,1773.582,72.85156,0,0,0,0,0,0,0,0,0,0,0,0,0,0,58.40625,54,16376,14294,2081,12.7122488,4.779,0,0
05/27/2026 14:20:51,40,60,0,48,53,44,44,44,44,63,12.144001,5.04,1.312,1.396,0.742000043,0.322000027,0.638,3.292,2.046,0,3.37600017,3.37600017,3.124,50,47.5,43,47,893,791,0,797,689,0,0,0,0,0,6.25,1.54,1.54,0,0,1.56,0,0,1.36,6.25,26.9843483,3428,128,4850,549,48.5,0.4294617,0.64375,4255,72,48.5,0.0595876947,0.65,2667,37,32.3333321,0.0307407659,0.65,2607,24,32.3333321,0.0262241066,0.65,2630,35,32.3333321,0.037922956,0.65,4850,244,48.5,0.2357799,0.65,2980,40,32.3333321,0.0353980362,0.65,2584,24,32.3333321,0.0250180475,0.65,50.2500076,44.3750038,99.99749,9.335915,27.54485,25.3137817,5.12011337,9.760651,34.4076,38.5,0.25,0,55,0,85,0.416,1.01,16,16,16,32,48,30,295,160,130,0,0,0,16,38.25,0.25,0,55,0,85,0.416,1.01,16,16,16,32,48,30,295,160,130,0,0,0,16,512,-1,485.785156,485.480469,0.3046875,0.5,7618.451,7618.951,0,0,0,0,0,0,0,0,0,0,0,0,512,600,1200,3000,47,0.650000036,1.30500007,0,0,11,47,210,405,0,0,0,0,0,0,0,0,1.93,4.723,0.865,1773.582,72.85156,0.006460591,0,0,0,0,0,0,0,0,0,0,0,0,0,58.625,54,16376,14294,2081,12.7122488,4.179,49152,0
05/27/2026 14:20:53,40,59,0,48,53,44,44,44,44,63,12.144001,5.04,1.31000006,1.39200008,0.766000032,0.314,0.638,3.292,2.046,0,3.37200022,3.37200022,3.12000012,50,47.5,43,47,896,786,0,797,674,0,0,0,0,0,7.81,0,0,0,0,1.56,0,0,1.17,7.81,26.277607,3120,89,4850,385,48.5,0.255662054,0.65,2659,55,32.3333321,0.0373218171,0.65,2545,21,32.3333321,0.0120343817,0.65,2525,20,32.3333321,0.0105344625,0.65,2578,28,32.3333321,0.0184010081,0.65,4568,167,48.5,0.132029042,0.65,2702,19,32.3333321,0.0190102868,0.65,2533,18,32.3333321,0.0101879481,0.65,50.3750076,45.3750038,99.99749,9.361538,27.5192261,25.383255,5.147312,9.733452,34.59037,38.5,0.25,0,55,0,85,0.416,1.01,16,16,16,32,48,30,295,160,130,0,0,0,16,38.25,0.25,0,55,0,85,0.416,1.01,16,16,16,32,48,30,295,160,130,0,0,0,16,512,-1,485.785156,485.480469,0.3046875,0.5,7618.451,7618.951,0,0,0,0,0,0,0,0,0,0,0,0,512,600,1200,3000,49,0.955000043,1.30500007,0,0,14,47,210,405,0,0,0,0,0,0,0,0,2.115,6.598,0.865,1773.582,72.85156,0,0,0,0,0,0,0,0,0,0,0,0,0,0,58.375,54,16376,14294,2081,12.7122488,6.924,0,49152
05/27/2026 14:20:55,40,59,0,48,53,44,44,44,44,63,12.144001,5.04,1.312,1.396,0.84800005,0.334000021,0.638,3.292,2.046,0,3.37600017,3.37200022,3.124,50,48,43,47,894,754,0,781,674,0,0,0,0,0,10.94,1.56,1.56,1.56,1.56,3.12,1.56,1.56,2.93,10.94,27.7493057,3261,120,3600,450,36,0.326774925,0.9625,3329,72,36,0.06586033,0.95625,3058,42,36,0.0329978466,0.95625,3056,51,32.3333321,0.0381636657,1.125,2853,42,32.3333321,0.0416219346,1.125,4850,262,48.5,0.2438329,1.125,2657,22,32.3333321,0.0258068033,1.125,2682,21,32.3333321,0.0262883287,1.125,50.3750076,45.3750038,99.99749,9.335018,27.5457458,25.31134,5.1230545,9.7577095,34.42736,38.5,0.25,0,55,0,85,0.416,1.01,16,16,16,32,48,30,295,160,130,0,0,0,16,38.25,0.25,0,55,0,85,0.416,1.01,16,16,16,32,48,30,295,160,130,0,0,0,16,512,-1,485.785156,485.480469,0.3046875,0.5,7618.451,7618.951,0,0,0,0,0,0,0,0,0,0,0,0,512,600,1200,3000,48,0.965000033,1.30500007,0,4,14,47,210,405,0,0,0,0,0,0,0,0,1.503,5.227,0.865,1773.582,72.85156,0.0106355138,0,0,0,0,0,0,0,0,0,0,0,0,0,58.34375,54,16376,14294,2081,12.7122488,5.597,0,1748992
05/27/2026 14:20:57,40,59,0,48,53,44,44,44,44,63,12.144001,5.04,1.312,1.396,0.638,0.30400002,0.638,3.292,2.046,0,3.37600017,3.37200022,3.124,50,47.5,43,47,901,782,0,795,674,0,0,0,0,0,3.17,0,0,0,0,3.17,0,1.56,0.99,3.17,26.809679,3242,101,4850,371,48.5,0.2604672,0.6375,2827,64,32.3333321,0.0647405759,0.6375,2629,26,32.3333321,0.0289919861,0.6375,2756,32,32.3333321,0.0415862873,0.6375,2650,33,32.3333321,0.0368533842,0.6375,4850,228,48.5,0.200682029,0.6375,2595,23,32.3333321,0.0269451253,0.64375,2780,29,32.3333321,0.0265743956,0.64375,50.3750076,45.3750038,99.99749,9.328949,27.551815,25.2948914,5.11551666,9.765247,34.37671,38.5,0.25,0,55,0,85,0.416,1.01,16,16,16,32,48,30,295,160,130,0,0,0,16,38.25,0.25,0,55,0,85,0.416,1.01,16,16,16,32,48,30,295,160,130,0,0,0,16,512,-1,485.785156,485.480469,0.3046875,0.5,7618.451,7618.951,0,0,0,0,0,0,0,0,0,0,0,0,512,600,1200,3000,47,0.710000038,1.30500007,0,1,15,47,210,405,0,0,0,0,0,0,0,0,1.414,3.418,0.865,1773.582,72.85156,0.006333486,0,0,0,0,0,0,0,0,0,0,0,0,0,58.46875,54,16376,14294,2081,12.7122488,4.485,0,0
05/27/2026 14:20:59,40,59,0,48,53,44,44,44,44,63,12.144001,5.04,1.31000006,1.39200008,0.722000062,0.322000027,0.638,3.292,2.046,0,3.37200022,3.37200022,3.12000012,50,48,43,47,900,751,0,792,690,0,0,0,0,0,4.69,0,0,0,0,0,0,0,0.59,4.69,26.6335545,3093,87,4850,400,48.5,0.2196782,0.575,2733,48,32.3333321,0.0350363441,0.575,2571,26,32.3333321,0.0119615728,0.575,2545,22,32.3333321,0.0115553467,0.575,2538,27,32.3333321,0.0197846852,0.575,4377,129,48.5,0.102482818,0.575,2467,18,32.3333321,0.0106302472,0.6375,2666,23,32.3333321,0.0111721614,0.6375,50.1250076,44.3750038,99.99749,9.329506,27.5512581,25.296402,5.116062,9.764702,34.38037,38.5,0.25,0,55,0,85,0.416,1.01,16,16,16,32,48,30,295,160,130,0,0,0,16,38.25,0.25,0,55,0,85,0.416,1.01,16,16,16,32,48,30,295,160,130,0,0,0,16,512,-1,485.785156,485.480469,0.3046875,0.5,7618.451,7618.951,0,0,0,0,0,0,0,0,0,0,0,0,512,600,1200,3000,48,0.415000021,1.30500007,0,0,11,47,210,405,0,0,0,0,0,0,0,0,1.75,5.052,0.865,1773.582,72.85156,0,0,0,0,0,0,0,0,0,0,0,0,0,0,58.34375,56,16376,14294,2081,12.7122488,5.562,0,1599488
05/27/2026 14:21:01,40,58,0,48,53,44,44,44,44,63,12.144001,5.04,1.312,1.396,0.788000047,0.31,0.638,3.292,2.046,0,3.37200022,3.37200022,3.124,50,47.5,43,47,902,773,0,779,673,0,0,0,0,0,14.06,4.76,1.59,0,3.17,3.12,1.59,3.17,3.93,14.06,27.2666759,3291,118,4850,493,48.5,0.368653029,0.65,2748,56,32.3333321,0.05969443,0.65,2656,26,32.3333321,0.0338237733,0.65,2819,36,32.3333321,0.037017338,0.65,2937,57,32.3333321,0.04647888,0.65,4802,225,48.5,0.250403047,0.65,2702,23,32.3333321,0.03201367,0.65,2814,31,32.3333321,0.0300199389,0.65,50.1250076,45.3750038,99.99748,9.330627,27.5501366,25.2994385,5.116005,9.764759,34.37999,38.5,0.25,0,55,0,85,0.416,1.01,16,16,16,32,48,30,295,160,130,0,0,0,16,38.25,0.25,0,55,0,85,0.416,1.01,16,16,16,32,48,30,295,160,130,0,0,0,16,512,-1,485.785156,485.480469,0.3046875,0.5,7618.451,7618.951,0,0,0,0,0,0,0,0,0,0,0,0,512,600,1200,3000,50,0.849000037,1.30500007,0,0,14,47,210,405,0,0,0,0,0,0,0,0,2.156,6.579,0.865,1773.582,72.85156,0.00500676269,0,0,0,0,0,0,0,0,0,0,0,0,0,58.34375,54,16376,14294,2081,12.7122488,5.854,0,99328
05/27/2026 14:21:03,40,58,0,48,53,44,44,44,44,63,12.144001,5.04,1.312,1.396,0.842000067,0.316,0.638,3.292,2.046,0,3.37200022,3.37200022,3.12000012,50,47.5,43,47,894,743,0,779,674,0,0,0,0,0,6.35,0,1.59,0,1.59,6.35,0,0,1.98,6.35,28.3256836,3376,115,4850,408,48.5,0.3253229,0.86875,3114,63,36,0.0606777221,0.6875,3086,43,36,0.03470131,0.6875,2940,27,36,0.0278045144,0.6875,3218,48,36,0.0464670621,0.6875,3600,279,36,0.2566377,0.6875,3125,25,36,0.03230181,0.6875,3077,29,36,0.0299039911,0.6875,50.3750076,44.0000038,99.9975,9.367168,27.5135956,25.3985214,5.150215,9.730549,34.6098862,38.5,0.25,0,55,0,85,0.416,1.01,16,16,16,32,48,30,295,160,130,0,0,0,16,38.25,0.25,0,55,0,85,0.416,1.01,16,16,16,32,48,30,295,160,130,0,0,0,16,512,-1,485.785156,485.480469,0.3046875,0.5,7618.451,7618.951,0,0,0,0,0,0,0,0,0,0,0,0,512,600,1200,3000,49,0.745000064,1.30500007,0,0,14,47,210,405,0,0,0,0,0,0,0,0,1.531,4.021,0.865,1773.582,72.85156,0.9614751,0,0,0,0,0,0,0,0,0,0,0,0,0,58.25,54,16376,14294,2081,12.7122488,5.226,0,0
05/27/2026 14:21:05,40,58,0,48,53,44,44,44,44,63,12.144001,5.04,1.31000006,1.396,0.688,0.312,0.638,3.292,2.046,0,3.37200022,3.37200022,3.12000012,50,47.5,43,47,900,741,0,782,690,0,0,0,0,0,12.5,1.56,1.56,0,4.69,7.69,0,0,3.5,12.5,26.0425911,3004,86,4850,360,48.5,0.166210383,0.65625,2683,45,32.3333321,0.0348279364,0.65625,3038,48,32.3333321,0.0265326668,0.65625,2633,23,32.3333321,0.022489123,0.65625,2679,36,32.3333321,0.02247208,0.6625,2991,134,32.3333321,0.138369471,0.6625,2490,19,32.3333321,0.009726721,0.6625,2665,22,32.3333321,0.009894423,0.6625,50.1250076,42.5000038,99.99748,9.330673,27.55009,25.2995682,5.117878,9.762886,34.39258,38.5,0.25,0,55,0,85,0.416,1.01,16,16,16,32,48,30,295,160,130,0,0,0,16,38.25,0.25,0,55,0,85,0.416,1.01,16,16,16,32,48,30,295,160,130,0,0,0,16,512,-1,485.785156,485.480469,0.3046875,0.5,7618.451,7618.951,0,0,0,0,0,0,0,0,0,0,0,0,512,600,1200,3000,48,0.63500005,1.30500007,0,1,14,47,210,405,0,0,0,0,0,0,0,0,1.243,3.729,0.865,1773.582,72.85156,0,0,0,0,0,0,0,0,0,0,0,0,0,0,58.28125,56,16376,14294,2081,12.7122488,4.834,0,1599488
05/27/2026 14:21:07,40,58,0,48,53,44,44,44,44,63,12.144001,5.04,1.312,1.396,0.8880001,0.322000027,0.638,3.292,2.046,0,3.37600017,3.37200022,3.124,50,48,43,47,896,769,0,792,690,0,0,0,0,0,9.38,3.12,0,1.56,1.56,6.25,0,0,2.73,9.38,27.6124973,3053,147,4850,694,48.5,0.557434559,0.64375,2862,68,32.3333321,0.0814285651,0.64375,2685,30,32.3333321,0.05392505,0.64375,2644,29,32.3333321,0.0312400758,0.64375,2836,49,32.3333321,0.0546123944,0.64375,3233,260,32.3333321,0.321738183,0.64375,2601,22,32.3333321,0.03008165,0.64375,2711,24,32.3333321,0.0300624054,0.65625,50.6250076,45.3750038,99.99749,9.363312,27.5174522,25.38807,5.14876175,9.732002,34.60012,38.5,0.25,0,55,0,85,0.416,1.01,16,16,16,32,48,30,295,160,130,0,0,0,16,38.25,0.25,0,55,0,85,0.416,1.01,16,16,16,32,48,30,295,160,130,0,0,0,16,512,-1,485.785156,485.480469,0.3046875,0.5,7618.451,7618.951,0,0,0,0,0,0,0,0,0,0,0,0,512,600,1200,3000,49,0.955000043,1.30500007,0,5,15,47,210,405,0,0,0,0,0,0,0,0,2.184,6.152,0.865,1773.582,72.85156,0.9711562,0,0,0,0,0,0,0,0,0,0,0,0,0,58.21875,54,16376,14294,2081,12.7122488,5.662,0,1649664
05/27/2026 14:21:09,40,58,0,48,53,44,44,44,44,63,12.144001,5.04,1.312,1.396,0.762,0.326,0.638,3.292,2.046,0,3.37600017,3.37200022,3.12000012,50,47.5,43,47,903,770,0,779,673,0,0,0,0,0,9.52,0,0,0,6.35,7.94,0,6.35,3.77,9.52,27.0303822,3906,208,3233,388,32.3333321,0.223600045,0.51875,2669,38,32.3333321,0.0291141924,0.51875,2873,43,32.3333321,0.0251052734,0.51875,3880,22,48.5,0.0127246529,0.60625,4850,350,48.5,0.255850971,0.60625,4850,387,48.5,0.322327375,0.60625,4043,21,48.5,0.0126350271,0.60625,4850,417,48.5,0.264252126,0.60625,50.5000076,43.5000038,99.99748,9.35054,27.5302238,25.3534317,5.14032364,9.74044,34.54341,38.5,0.25,0,55,0,85,0.416,1.01,16,16,16,32,48,30,295,160,130,0,0,0,16,38.25,0.25,0,55,0,85,0.416,1.01,16,16,16,32,48,30,295,160,130,0,0,0,16,512,-1,485.785156,485.480469,0.3046875,0.5,7618.451,7618.951,0,0,0,0,0,0,0,0,0,0,0,0,512,600,1200,3000,49,0.974000037,1.30500007,0,1,14,47,210,405,0,0,0,0,0,0,0,0,1.335,6.406,0.865,1773.582,72.85156,0,0,0,0,0,0,0,0,0,0,0,0,0,0,58.09375,54,16376,14294,2081,12.7122488,6.573,0,1499136
05/27/2026 14:21:11,40,58,0,49,53,45,45,45,45,65,12.144001,5.04,1.31000006,1.396,0.822,0.324,0.638,3.292,2.046,0,3.37200022,3.37200022,3.12000012,51,47.5,43,47,915,769,0,778,674,0,0,0,0,0,7.69,1.54,1.54,1.54,1.54,9.23,1.54,0,3.08,9.23,27.18139,3255,114,4850,405,48.5,0.2648748,0.64375,2825,59,32.3333321,0.0554298162,0.64375,2826,44,32.3333321,0.0376802422,0.64375,2666,25,32.3333321,0.03128894,0.64375,2778,44,32.3333321,0.0434894562,0.64375,4850,296,48.5,0.278600574,0.64375,2613,21,32.3333321,0.0281296056,0.64375,2630,22,32.3333321,0.0258858632,0.65,51.6250076,44.0000038,99.99749,9.334232,27.5465317,25.30922,5.100708,9.780056,34.27719,38.5,0.25,0,55,0,85,0.416,1.01,16,16,16,32,48,30,295,160,130,0,0,0,16,38.25,0.25,0,55,0,85,0.416,1.01,16,16,16,32,48,30,295,160,130,0,0,0,16,512,-1,485.785156,485.480469,0.3046875,0.5,7618.451,7618.951,0,0,0,0,0,0,0,0,0,0,0,0,512,600,1200,3000,48,0.695000052,1.30500007,0,0,13,47,210,405,0,0,0,0,0,0,0,0,1.517,3.561,0.865,1773.582,72.85156,0.006270482,0,0,0,0,0,0,0,0,0,0,0,0,0,58.15625,54,16376,14294,2081,12.7122488,3.749,0,1649664
05/27/2026 14:21:13,42,58,0,49,54,47,47,47,47,66,12.144001,5.04,1.31000006,1.396,0.802000046,0.324,0.638,3.292,2.046,0,3.37200022,3.37200022,3.12000012,52,47.5,43,47,925,741,0,780,695,0,0,0,0,0,3.08,0,0,0,0,4.62,0,0,0.96,4.62,27.2998428,3231,127,4850,423,48.5,0.335063577,0.6375,2848,71,32.3333321,0.07162307,0.6375,2782,39,32.3333321,0.03829427,0.6375,2658,33,32.3333321,0.03121807,0.6375,2870,47,32.3333321,0.04724186,0.6375,3233,362,32.3333321,0.354449332,0.6375,4006,20,48.5,0.0307984687,0.6375,2601,24,32.3333321,0.0261477269,0.6375,52.3750076,45.8750038,99.99748,9.385147,27.4956169,25.4472656,5.141384,9.73938,34.5505371,38.5,0.25,0,55,0,85,0.416,1.01,16,16,16,32,48,30,295,160,130,0,0,0,16,38.25,0.25,0,55,0,85,0.416,1.01,16,16,16,32,48,30,295,160,130,0,0,0,16,512,-1,485.785156,485.480469,0.3046875,0.5,7618.451,7618.951,0,0,0,0,0,0,0,0,0,0,0,0,512,600,1200,3000,47,0.675,1.30500007,0,0,12,47,210,405,0,0,0,0,0,0,0,0,1.964,4.735,0.865,1773.582,72.85156,0.00664179539,0,0,0,0,0,0,0,0,0,0,0,0,0,58.21875,56,16376,14294,2081,12.7122488,5.146,0,1649664
05/27/2026 14:21:15,42,58,0,50,55,47,47,47,47,66,12.144001,5.04,1.31000006,1.396,0.784000039,0.316,0.638,3.292,2.046,0,3.37200022,3.37200022,3.12000012,51,48,43,47,953,740,0,808,704,0,0,0,0,0,4.76,0,0,0,0,1.59,0,0,0.79,4.76,27.087944,3126,86,4850,380,48.5,0.198904425,0.65,2739,50,32.3333321,0.022858629,0.65,2639,27,32.3333321,0.0198048744,0.65,2563,25,32.3333321,0.009926004,0.65,2688,28,32.3333321,0.0338050574,0.65,4402,133,48.5,0.106503092,0.65,2558,20,32.3333321,0.009612972,0.65,2565,21,32.3333321,0.009581156,0.65,51.7500076,45.8750038,99.9975,9.41708,27.4636841,25.5338516,5.176697,9.704067,34.78784,38.5,0.25,0,55,0,85,0.416,1.01,16,16,16,32,48,30,295,160,130,0,0,0,16,38.25,0.25,0,55,0,85,0.416,1.01,16,16,16,32,48,30,295,160,130,0,0,0,16,512,-1,485.785156,485.480469,0.3046875,0.5,7618.451,7618.951,0,0,0,0,0,0,0,0,0,0,0,0,512,600,1200,3000,48,0.659000039,1.30500007,0,0,12,47,210,405,0,0,0,0,0,0,0,0,1.632,6.597,0.865,1773.582,72.85156,0,0,0,0,0,0,0,0,0,0,0,0,0,0,58.0625,54,16376,14294,2081,12.7122488,7.001,0,1549312
05/27/2026 14:21:17,41,58,0,50,55,45,45,45,45,65,12.144001,5.04,1.312,1.396,0.862000048,0.320000023,0.638,3.292,2.046,0,3.37200022,3.37200022,3.12000012,51,47.5,43,47,932,741,0,816,694,0,0,0,0,0,12.5,1.56,0,0,0,1.59,1.56,0,2.15,12.5,27.6341953,3506,119,3600,458,36,0.353099674,0.9625,3412,81,36,0.0801812261,0.95625,3094,30,36,0.0361835733,0.95625,3070,28,36,0.0360508561,0.95,4379,54,48.5,0.0492313765,1.0125,4850,242,48.5,0.2110716,1.0125,2864,29,32.3333321,0.03632462,1.0125,2778,32,32.3333321,0.030822264,1.0125,51.5000076,42.5000038,99.99749,9.39233,27.4884338,25.4667511,5.153057,9.727707,34.6289825,38.5,0.25,0,55,0,85,0.416,1.01,16,16,16,32,48,30,295,160,130,0,0,0,16,38.25,0.25,0,55,0,85,0.416,1.01,16,16,16,32,48,30,295,160,130,0,0,0,16,512,-1,485.785156,485.480469,0.3046875,0.5,7618.451,7618.951,0,0,0,0,0,0,0,0,0,0,0,0,512,600,1200,3000,49,0.784000039,1.30500007,0,1,15,47,210,405,0,0,0,0,0,0,0,0,1.446,5.465,0.865,1773.582,72.85156,0.951365,0,0,0,0,0,0,0,0,0,0,0,0,0,58.09375,54,16376,14294,2081,12.7122488,5.517,0,1599488
05/27/2026 14:21:19,41,58,0,50,55,45,45,45,45,65,12.144001,5.04,1.312,1.396,0.786,0.324,0.638,3.292,2.046,0,3.37200022,3.37200022,3.124,51,47.5,43,47,924,769,0,812,694,0,0,0,0,0,6.25,0,0,0,0,1.56,0,0,0.98,6.25,26.2498112,3124,77,4850,293,48.5,0.16440025,0.65,2694,47,32.3333321,0.0256279521,0.65,2513,22,32.3333321,0.012979418,0.65,2620,30,32.3333321,0.0162172448,0.65,2637,30,32.3333321,0.0170105621,0.65,4582,160,48.5,0.115504012,0.65,2469,15,32.3333321,0.009979314,0.65,2628,22,32.3333321,0.0106821219,0.65,50.8750076,43.5000038,99.99749,9.385647,27.4951172,25.4486237,5.14448166,9.736282,34.5713577,38.5,0.25,0,55,0,85,0.416,1.01,16,16,16,32,48,30,295,160,130,0,0,0,16,38.25,0.25,0,55,0,85,0.416,1.01,16,16,16,32,48,30,295,160,130,0,0,0,16,512,-1,485.785156,485.480469,0.3046875,0.5,7618.451,7618.951,0,0,0,0,0,0,0,0,0,0,0,0,512,600,1200,3000,48,0.61,1.30500007,0,1,13,47,210,405,0,0,0,0,0,0,0,0,1.038,3.376,0.865,1773.582,72.85156,0,0,0,0,0,0,0,0,0,0,0,0,0,0,58,54,16376,14294,2081,12.7122488,4.627,49152,1599488
05/27/2026 14:21:21,40,58,0,49,53,44,44,44,44,63,12.144001,5.04,1.312,1.396,0.732000053,0.31,0.638,3.292,2.046,0,3.37200022,3.37200022,3.124,50,47.5,43,47,913,770,0,798,711,0,0,0,0,0,14.06,1.56,0,0,0,1.56,0,0,2.15,14.06,27.494873,3294,140,4850,627,48.5,0.518642843,0.65,2975,73,32.3333321,0.08398162,0.65,2782,41,32.3333321,0.0402778424,0.65,2654,28,32.3333321,0.0260774065,0.65,2790,39,32.3333321,0.04739779,0.65,4850,262,48.5,0.307125568,0.65,2780,27,32.3333321,0.0295574851,0.65,2668,22,32.3333321,0.0256082583,0.65,50.8750076,44.8750038,99.99748,9.392555,27.4882088,25.4673538,5.148449,9.732315,34.5980148,38.5,0.25,0,55,0,85,0.416,1.01,16,16,16,32,48,30,295,160,130,0,0,0,16,38.25,0.25,0,55,0,85,0.416,1.01,16,16,16,32,48,30,295,160,130,0,0,0,16,512,-1,485.785156,485.480469,0.3046875,0.5,7618.451,7618.951,0,0,0,0,0,0,0,0,0,0,0,0,512,600,1200,3000,48,0.599000037,1.30500007,0,0,13,47,210,405,0,0,0,0,0,0,0,0,2.175,5.636,0.865,1773.582,72.85156,0.006419944,0,0,0,0,0,0,0,0,0,0,0,0,0,58,54,16376,14294,2081,12.7122488,4.921,0,1599488
05/27/2026 14:21:23,40,58,0,48,53,45,45,45,45,64,12.144001,5.04,1.31000006,1.39200008,0.690000057,0.306000024,0.638,3.292,2.046,0,3.37600017,3.37200022,3.12000012,50,47.5,43,47,918,743,0,792,680,0,0,0,0,0,4.69,0,0,0,0,0,0,0,0.59,4.69,26.19376,3153,90,4040,358,40.4,0.17136623,0.5375,2774,47,33.6666679,0.0334555469,0.5375,2682,29,33.6666679,0.0145393172,0.5375,2857,32,33.6666679,0.0278510265,0.5375,2684,33,33.6666679,0.0197716374,0.5375,4929,186,50.5,0.16125901,0.56875,2625,18,33.6666679,0.0101272305,0.56875,2632,15,33.6666679,0.009792194,0.56875,50.6250076,51.8750038,99.99749,9.415764,27.465,25.5302811,5.173786,9.706978,34.7682877,38.5,0.25,0,55,0,85,0.416,1.01,16,16,16,32,48,30,295,160,130,0,0,0,16,38.25,0.25,0,55,0,85,0.416,1.01,16,16,16,32,48,30,295,160,130,0,0,0,16,512,-1,485.785156,485.480469,0.3046875,0.5,7618.451,7618.951,0,0,0,0,0,0,0,0,0,0,0,0,512,600,1200,3000,48,0.594000041,1.30500007,0,0,13,47,210,405,0,0,0,0,0,0,0,0,1.748,6.377,0.865,1773.582,72.85156,0,0,0,0,0,0,0,0,0,0,0,0,0,0,57.96875,56,16376,14294,2081,12.7122488,6.773,49152,1549312
05/27/2026 14:21:25,40,58,0,48,53,44,44,44,44,63,12.144001,5.04,1.312,1.39200008,0.716,0.320000023,0.638,3.292,2.046,0,3.37600017,3.37200022,3.12000012,50,47.5,43,47,894,741,0,778,675,0,0,0,0,0,6.25,0,0,0,0,1.59,0,0,0.98,6.25,27.960968,3095,112,3233,428,32.3333321,0.308747947,0.65,2791,52,32.3333321,0.05391528,0.65,2722,36,32.3333321,0.037940383,0.65,2672,31,32.3333321,0.0345160328,0.65,3087,72,32.3333321,0.0449745245,0.65,4850,234,48.5,0.226360247,0.65,2781,25,32.3333321,0.0326279029,0.65,2624,19,32.3333321,0.0264209379,0.65,50.6250076,44.8750038,99.9975,9.38903,27.4917336,25.4578018,5.14965439,9.73111,34.6061172,38.5,0.25,0,55,0,85,0.416,1.01,16,16,16,32,48,30,295,160,130,0,0,0,16,38.25,0.25,0,55,0,85,0.416,1.01,16,16,16,32,48,30,295,160,130,0,0,0,16,512,-1,485.785156,485.480469,0.3046875,0.5,7618.451,7618.951,0,0,0,0,0,0,0,0,0,0,0,0,512,600,1200,3000,49,0.745000064,1.30500007,0,0,14,47,210,405,0,0,0,0,0,0,0,0,1.427,4.055,0.865,1773.582,72.85156,0.9458915,0,0,0,0,0,0,0,0,0,0,0,0,0,58.03125,54,16376,14294,2081,12.7122488,5.137,449536,0
05/27/2026 14:21:27,40,58,0,48,53,44,44,44,44,63,12.144001,5.04,1.31000006,1.39200008,0.782000065,0.320000023,0.638,3.292,2.046,0,3.37200022,3.37200022,3.12000012,50,47.5,43,47,907,740,0,793,674,0,0,0,0,0,7.81,0,0,0,0,3.12,0,0,1.37,7.81,26.7428684,3537,105,4850,443,48.5,0.302725881,0.64375,2784,61,32.3333321,0.05694661,0.65,2589,30,32.3333321,0.0298343021,0.65,2656,28,32.3333321,0.02757885,0.65,2712,34,32.3333321,0.0377855971,0.65,4696,191,48.5,0.156863511,0.65,3861,24,48.5,0.0300853178,0.65,4148,28,48.5,0.02936556,0.65,50.5000076,43.0000038,99.99749,9.38586,27.4949036,25.4492035,5.142685,9.738079,34.55928,38.5,0.25,0,55,0,85,0.416,1.01,16,16,16,32,48,30,295,160,130,0,0,0,16,38.25,0.25,0,55,0,85,0.416,1.01,16,16,16,32,48,30,295,160,130,0,0,0,16,512,-1,485.785156,485.480469,0.3046875,0.5,7618.451,7618.951,0,0,0,0,0,0,0,0,0,0,0,0,512,600,1200,3000,48,0.719000041,1.30500007,0,1,14,47,210,405,0,0,0,0,0,0,0,0,1.838,3.509,0.865,1773.582,72.85156,0.006294135,0,0,0,0,0,0,0,0,0,0,0,0,0,57.96875,54,16376,14294,2081,12.7122488,4.723,0,1649664
05/27/2026 14:21:29,40,58,0,48,53,44,44,44,44,63,12.144001,5.04,1.312,1.396,0.74,0.320000023,0.638,3.292,2.046,0,3.37600017,3.37200022,3.12000012,50,47.5,43,47,907,768,0,778,690,0,0,0,0,0,6.25,0,0,0,0,0,0,0,0.78,6.25,26.96266,2972,87,4850,379,48.5,0.227523088,0.64375,2646,44,32.3333321,0.0306777935,0.64375,2771,36,32.3333321,0.017949935,0.64375,2665,27,32.3333321,0.0246426445,0.64375,2608,26,32.3333321,0.01847217,0.64375,2907,135,32.3333321,0.124147572,0.6625,2642,24,32.3333321,0.0103559354,0.6625,2691,22,32.3333321,0.0101859123,0.6625,50.3750076,42.5000038,99.99749,9.384846,27.4959183,25.44645,5.14324951,9.7375145,34.5630722,38.5,0.25,0,55,0,85,0.416,1.01,16,16,16,32,48,30,295,160,130,0,0,0,16,38.25,0.25,0,55,0,85,0.416,1.01,16,16,16,32,48,30,295,160,130,0,0,0,16,512,-1,485.785156,485.480469,0.3046875,0.5,7618.451,7618.951,0,0,0,0,0,0,0,0,0,0,0,0,512,600,1200,3000,47,0.405000031,1.30500007,0,0,11,47,210,405,0,0,0,0,0,0,0,0,1.746,6.064,0.865,1773.582,72.85156,0,0,0,0,0,0,0,0,0,0,0,0,0,0,57.96875,56,16376,14294,2081,12.7122488,6.36,49152,1649664
05/27/2026 14:21:31,40,58,0,48,53,44,44,44,44,63,12.12,5.04,1.31000006,1.39200008,0.738000035,0.30400002,0.638,3.288,2.046,0,3.37200022,3.37200022,3.12000012,50,47.5,43,47,896,768,0,780,673,0,0,0,0,0,13.85,1.56,0,0,1.56,3.12,0,0,2.51,13.85,27.4388046,3001,111,4850,469,48.5,0.349425018,0.6625,2850,71,32.3333321,0.05980471,0.6625,2628,31,32.3333321,0.0319259353,0.66875,2695,32,32.3333321,0.0350015536,0.66875,2645,33,32.3333321,0.0332243666,0.66875,3127,202,32.3333321,0.178215742,0.66875,2589,26,32.3333321,0.02899225,0.66875,2622,21,32.3333321,0.0281639,0.66875,50.3750076,43.0000038,99.99749,9.389961,27.4908028,25.46032,5.147686,9.733078,34.5928879,38.5,0.25,0,55,0,85,0.416,1.01,16,16,16,32,48,30,295,160,130,0,0,0,16,38.25,0.25,0,55,0,85,0.416,1.01,16,16,16,32,48,30,295,160,130,0,0,0,16,512,-1,485.785156,485.480469,0.3046875,0.5,7618.451,7618.951,0,0,0,0,0,0,0,0,0,0,0,0,512,600,1200,3000,48,0.950000048,1.30500007,0,1,14,46,210,405,0,0,0,0,0,0,0,0,1.733,6.426,0.865,1773.582,72.85156,0.00451347139,0,0,0,0,0,0,0,0,0,0,0,0,0,58,54,16376,14294,2081,12.7122488,5.614,49152,149504
05/27/2026 14:21:33,40,58,0,48,53,44,44,44,44,63,12.12,5.04,1.31000006,1.39200008,0.74,0.312,0.638,3.288,2.046,0,3.37600017,3.37200022,3.12000012,50,47.5,43,47,896,768,0,778,690,0,0,0,0,0,3.12,0,0,0,0,1.56,0,0,0.59,3.12,26.7090473,3308,114,4850,390,48.5,0.275383025,0.64375,2814,62,32.3333321,0.0535175167,0.64375,2875,48,32.3333321,0.0321561843,0.64375,2807,30,32.3333321,0.0323628634,0.65,2787,38,32.3333321,0.0367135741,0.65,4850,291,48.5,0.260050625,0.65,2684,25,32.3333321,0.0276581589,0.65,2793,28,32.3333321,0.0253780037,0.65,50.5000076,43.0000038,99.9975,9.388863,27.4919014,25.4573441,5.14209747,9.738667,34.555336,38.5,0.25,0,55,0,85,0.416,1.01,16,16,16,32,48,30,295,160,130,0,0,0,16,38.25,0.25,0,55,0,85,0.416,1.01,16,16,16,32,48,30,295,160,130,0,0,0,16,512,-1,485.785156,485.480469,0.3046875,0.5,7618.451,7618.951,0,0,0,0,0,0,0,0,0,0,0,0,512,600,1200,3000,48,0.960000038,1.30500007,0,1,14,46,210,405,0,0,0,0,0,0,0,0,1.482,3.374,0.865,1773.582,72.85156,0.005033429,0,0,0,0,0,0,0,0,0,0,0,0,0,57.9375,54,16376,14294,2081,12.7122488,4.6,399360,0
05/27/2026 14:21:35,40,58,0,48,53,44,44,44,44,63,12.12,5.04,1.31000006,1.39200008,0.772,0.322000027,0.638,3.292,2.046,0,3.37200022,3.37200022,3.12000012,50,47.5,43,47,910,741,0,793,690,0,0,0,0,0,9.38,1.59,0,1.59,1.59,6.25,0,0,2.55,9.38,26.6548557,3114,91,4850,353,48.5,0.247335166,0.65,2643,41,32.3333321,0.0355681442,0.65,2526,27,32.3333321,0.0130119873,0.65,2509,21,32.3333321,0.0124024432,0.65,2554,30,32.3333321,0.01701695,0.65,4849,218,48.5,0.197028682,0.65,2493,18,32.3333321,0.0107143829,0.65,2484,18,32.3333321,0.0104231471,0.65,50.3750076,44.3750038,99.99749,9.413586,27.4671783,25.5243835,5.17532349,9.70544052,34.77861,38.5,0.25,0,55,0,85,0.416,1.01,16,16,16,32,48,30,295,160,130,0,0,0,16,38.25,0.25,0,55,0,85,0.416,1.01,16,16,16,32,48,30,295,160,130,0,0,0,16,512,-1,485.785156,485.480469,0.3046875,0.5,7618.451,7618.951,0,0,0,0,0,0,0,0,0,0,0,0,512,600,1200,3000,48,0.844000041,1.30500007,0,0,14,46,210,405,0,0,0,0,0,0,0,0,1.52,4.388,0.865,1773.582,72.85156,0,0,0,0,0,0,0,0,0,0,0,0,0,0,57.78125,54,16376,14294,2081,12.7122488,4.918,399360,0
05/27/2026 14:21:37,40,58,0,48,53,44,44,44,44,63,12.144001,5.04,1.312,1.396,0.836,0.322000027,0.638,3.288,2.046,0,3.37200022,3.37200022,3.12000012,50,47.5,43,47,896,740,0,794,691,0,0,0,0,0,12.7,0,0,0,0,4.76,0,0,2.18,12.7,27.6461945,3256,124,4850,488,48.5,0.3667435,0.65,2801,57,32.3333321,0.0628102049,0.65,2750,34,32.3333321,0.05105316,0.65,2723,28,32.3333321,0.0310277622,0.65,2806,44,32.3333321,0.04492249,0.65,4850,295,48.5,0.2804332,0.65,2612,21,32.3333321,0.0279142931,0.65,2653,23,32.3333321,0.0259204153,0.65,50.3750076,43.5000038,99.99749,9.389175,27.4915886,25.45819,5.151394,9.72937,34.6178055,38.5,0.25,0,55,0,85,0.416,1.01,16,16,16,32,48,30,295,160,130,0,0,0,16,38.25,0.25,0,55,0,85,0.416,1.01,16,16,16,32,48,30,295,160,130,0,0,0,16,512,-1,485.785156,485.480469,0.3046875,0.5,7618.451,7618.951,0,0,0,0,0,0,0,0,0,0,0,0,512,600,1200,3000,48,0.734,1.30500007,0,1,14,46,210,405,0,0,0,0,0,0,0,0,2.126,6.567,0.865,1773.582,72.85156,0.97314477,0,0,0,0,0,0,0,0,0,0,0,0,0,57.9375,54,16376,14294,2081,12.7122488,5.866,0,1449984
05/27/2026 14:21:39,40,58,0,48,53,44,44,44,44,63,12.144001,5.04,1.31000006,1.39200008,0.682000041,0.30400002,0.638,3.292,2.046,0,3.37200022,3.37200022,3.124,50,47.5,43,47,896,740,0,778,674,0,0,0,0,0,4.69,0,0,0,0,3.12,0,0,0.98,4.69,26.85731,3443,79,3600,291,36,0.151936829,0.9625,2926,41,36,0.0226831343,0.95625,2833,25,36,0.0102610579,0.95625,2937,24,36,0.0242438912,0.95,2872,30,36,0.0139659327,0.95625,4663,177,48.5,0.136243418,1.08125,3742,16,48.5,0.00983429,1.08125,3971,28,48.5,0.01212993,1.08125,50.2500076,43.0000038,99.99749,9.384487,27.4962769,25.44548,5.143341,9.737423,34.56369,38.5,0.25,0,55,0,85,0.416,1.01,16,16,16,32,48,30,295,160,130,0,0,0,16,38.25,0.25,0,55,0,85,0.416,1.01,16,16,16,32,48,30,295,160,130,0,0,0,16,512,-1,485.785156,485.480469,0.3046875,0.5,7618.451,7618.951,0,0,0,0,0,0,0,0,0,0,0,0,512,600,1200,3000,49,0.745000064,1.30500007,0,0,14,46,210,405,0,0,0,0,0,0,0,0,1.16,5.956,0.865,1773.582,72.85156,0,0,0,0,0,0,0,0,0,0,0,0,0,0,57.78125,54,16376,14294,2081,12.7122488,6.327,449536,49152
05/27/2026 14:21:41,40,58,0,48,53,44,44,44,44,63,12.144001,5.04,1.31000006,1.39200008,0.826000035,0.314,0.638,3.292,2.046,0,3.37200022,3.37200022,3.124,50,47.5,43,47,907,769,0,779,691,0,0,0,0,0,4.76,0,0,0,0,3.17,0,0,0.99,4.76,26.9643154,3466,112,4850,445,48.5,0.3137887,0.64375,4299,68,48.5,0.0606154948,0.64375,2786,41,32.3333321,0.0407821424,0.64375,2746,34,32.3333321,0.0340975337,0.64375,2900,47,32.3333321,0.0474775024,0.64375,4850,216,48.5,0.228350729,0.64375,2662,21,32.3333321,0.02593296,0.64375,2637,21,32.3333321,0.0258870889,0.64375,50.1250076,43.5000038,99.9975,9.389957,27.4908066,25.4603119,5.14866638,9.732098,34.599472,38.5,0.25,0,55,0,85,0.416,1.01,16,16,16,32,48,30,295,160,130,0,0,0,16,38.25,0.25,0,55,0,85,0.416,1.01,16,16,16,32,48,30,295,160,130,0,0,0,16,512,-1,485.785156,485.480469,0.3046875,0.5,7618.451,7618.951,0,0,0,0,0,0,0,0,0,0,0,0,512,600,1200,3000,49,0.75000006,1.30500007,0,0,14,46,210,405,0,0,0,0,0,0,0,0,1.561,3.459,0.865,1773.582,72.85156,0.00638495432,0,0,0,0,0,0,0,0,0,0,0,0,0,57.78125,54,16376,14294,2081,12.7122488,3.621,399360,49152
05/27/2026 14:21:43,40,58,0,48,53,44,44,44,44,63,12.144001,5.04,1.31000006,1.39200008,0.70600003,0.31,0.638,3.292,2.046,0,3.37600017,3.37200022,3.124,50,47.5,43,47,892,768,0,778,689,0,0,0,0,0,3.12,0,0,0,0,3.12,0,0,0.78,3.12,27.1239452,3285,86,4850,332,48.5,0.2216424,0.63125,2725,53,32.3333321,0.036883954,0.63125,2553,24,32.3333321,0.0136283487,0.63125,2647,24,33.6666679,0.0126774115,0.65,3242,32,40.4,0.0208944753,0.65,5019,193,50.5,0.149234176,0.5875,2608,17,33.6666679,0.0116879633,0.54375,2636,17,33.6666679,0.0115426229,0.5625,50.1250076,44.0000038,99.99749,9.333817,27.5469475,25.30809,5.1006546,9.780109,34.2768326,38.5,0.25,0,55,0,85,0.416,1.01,16,16,16,32,48,30,295,160,130,0,0,0,16,38.25,0.25,0,55,0,85,0.416,1.01,16,16,16,32,48,30,295,160,130,0,0,0,16,512,-1,485.785156,485.480469,0.3046875,0.5,7618.451,7618.951,0,0,0,0,0,0,0,0,0,0,0,0,512,600,1200,3000,48,0.68,1.30500007,0,0,13,46,210,405,0,0,0,0,0,0,0,0,1.697,4.797,0.865,1773.582,72.85156,0,0,0,0,0,0,0,0,0,0,0,0,0,0,57.6875,54,16376,14294,2081,12.7122488,5.375,449536,0
05/27/2026 14:21:45,40,58,0,48,53,44,44,44,44,63,12.144001,5.04,1.31000006,1.39200008,0.754,0.318000019,0.638,3.288,2.046,0,3.37200022,3.37200022,3.12000012,50,47.5,43,47,895,768,0,792,673,0,0,0,0,0,6.25,0,0,0,1.54,6.25,0,0,1.75,6.25,26.8526287,3073,120,4850,443,48.5,0.31571722,0.65625,2826,58,32.3333321,0.05024778,0.65625,2731,39,32.3333321,0.0328244977,0.65625,2622,25,32.3333321,0.0254678167,0.65625,2881,55,32.3333321,0.03685302,0.65625,3233,294,32.3333321,0.248417914,0.65625,2696,22,32.3333321,0.02536105,0.65625,2748,27,32.3333321,0.0247241184,0.65625,50.2500076,43.5000038,99.99749,9.333691,27.5470734,25.3077469,5.10240173,9.778362,34.2885742,38.5,0.25,0,55,0,85,0.416,1.01,16,16,16,32,48,30,295,160,130,0,0,0,16,38.25,0.25,0,55,0,85,0.416,1.01,16,16,16,32,48,30,295,160,130,0,0,0,16,512,-1,485.785156,485.480469,0.3046875,0.5,7618.451,7618.951,0,0,0,0,0,0,0,0,0,0,0,0,512,600,1200,3000,48,0.575000048,1.30500007,0,0,13,46,210,405,0,0,0,0,0,0,0,0,2.012,6.664,0.865,1773.582,72.85156,0.00500246976,0,0,0,0,0,0,0,0,0,0,0,0,0,57.71875,56,16376,14294,2081,12.7122488,5.753,449536,0
05/27/2026 14:21:47,40,58,0,48,53,44,44,44,44,63,12.144001,5.04,1.312,1.396,0.70600003,0.318000019,0.638,3.292,2.046,0,3.37200022,3.37200022,3.12000012,50,47.5,43,47,900,741,0,782,673,0,0,0,0,0,9.38,1.56,0,0,1.56,3.12,0,0,1.95,9.38,27.4188671,2963,78,3600,295,36,0.162180886,0.9625,2991,48,36,0.02348348,0.95625,2772,26,36,0.0123907048,0.95625,2722,20,36,0.0104334345,0.95,2958,38,36,0.020082118,0.95625,3400,160,36,0.1139849,0.95625,2655,15,36,0.0102993129,0.95,2604,20,32.3333321,0.0148915229,0.6875,50.2500076,45.3750038,99.99748,9.328953,27.5518112,25.294899,5.09726334,9.783501,34.2540436,38.5,0.25,0,55,0,85,0.416,1.01,16,16,16,32,48,30,295,160,130,0,0,0,16,38.25,0.25,0,55,0,85,0.416,1.01,16,16,16,32,48,30,295,160,130,0,0,0,16,512,-1,485.785156,485.480469,0.3046875,0.5,7618.451,7618.951,0,0,0,0,0,0,0,0,0,0,0,0,512,600,1200,3000,47,0.405000031,1.30500007,0,0,11,46,210,405,0,0,0,0,0,0,0,0,1.193,4.844,0.865,1773.582,72.85156,0,0,0,0,0,0,0,0,0,0,0,0,0,0,57.5625,56,16376,14294,2081,12.7122488,5.548,249856,0
05/27/2026 14:21:49,40,58,0,48,53,44,44,44,44,63,12.144001,5.04,1.312,1.396,0.866000056,0.322000027,0.638,3.292,2.046,0,3.37200022,3.37200022,3.12000012,50,47.5,43,47,904,741,0,794,690,0,0,0,0,0,17.19,4.69,3.12,4.69,1.56,12.5,3.12,4.69,6.45,17.19,27.6163826,3070,120,4850,440,48.5,0.335362852,0.65,2955,73,32.3333321,0.06568427,0.65,2696,28,32.3333321,0.0280896258,0.65,2673,33,32.3333321,0.03118793,0.65,2899,44,32.3333321,0.04346314,0.65,3233,297,32.3333321,0.328735381,0.65,2624,19,32.3333321,0.0272382051,0.65,2628,22,32.3333321,0.0257096868,0.65,50.3750076,44.8750038,99.99749,9.326653,27.5541115,25.2886658,5.09595871,9.784805,34.2452774,38.5,0.25,0,55,0,85,0.416,1.01,16,16,16,32,48,30,295,160,130,0,0,0,16,38.25,0.25,0,55,0,85,0.416,1.01,16,16,16,32,48,30,295,160,130,0,0,0,16,512,-1,485.785156,485.480469,0.3046875,0.5,7618.451,7618.951,0,0,0,0,0,0,0,0,0,0,0,0,512,600,1200,3000,49,0.965000033,1.30500007,0,0,15,46,210,405,0,0,0,0,0,0,0,0,1.741,3.412,0.865,1773.582,72.85156,0.00495816162,0,0,0,0,0,0,0,0,0,0,0,0,0,57.71875,54,16376,14294,2081,12.7122488,3.645,399360,0
05/27/2026 14:21:51,40,58,0,48,53,44,44,44,44,63,12.144001,5.04,1.312,1.396,0.724000037,0.31,0.638,3.292,2.046,0,3.37600017,3.37200022,3.12000012,50,48,43,47,908,740,0,793,690,0,0,0,0,0,15.62,6.25,4.69,4.69,7.81,14.06,1.56,1.56,7.03,15.62,26.9965878,3188,90,4850,351,48.5,0.207560316,0.65,2694,47,32.3333321,0.0333943,0.65,2575,24,32.3333321,0.0136788478,0.65,2563,23,32.3333321,0.0110967094,0.65,2610,32,32.3333321,0.0258380361,0.65,4819,195,48.5,0.157683015,0.65,2721,33,32.3333321,0.0135827186,0.65,2675,19,32.3333321,0.0109924786,0.65,50.2500076,44.3750038,99.99749,9.358704,27.52206,25.3755646,5.130394,9.75037,34.4766846,38.5,0.25,0,55,0,85,0.416,1.01,16,16,16,32,48,30,295,160,130,0,0,0,16,38.25,0.25,0,55,0,85,0.416,1.01,16,16,16,32,48,30,295,160,130,0,0,0,16,512,-1,485.785156,485.480469,0.3046875,0.5,7618.451,7618.951,0,0,0,0,0,0,0,0,0,0,0,0,512,600,1200,3000,49,0.880000055,1.30500007,0,2,15,46,210,405,0,0,0,0,0,0,0,0,1.735,6.4,0.865,1773.582,72.85156,0,0,0,0,0,0,0,0,0,0,0,0,0,0,57.53125,54,16376,14294,2081,12.7122488,6.752,399360,0
05/27/2026 14:21:53,40,58,0,48,53,44,44,44,44,63,12.144001,5.04,1.312,1.39200008,0.738000035,0.322000027,0.638,3.292,2.046,0,3.37200022,3.37200022,3.124,50,47.5,43,47,907,770,0,795,674,0,0,0,0,0,10.94,0,0,0,0,3.12,0,0,1.76,10.94,27.7588863,3106,116,3600,480,36,0.3405623,0.9625,3155,64,36,0.0465425625,0.95625,2855,25,36,0.0119564412,0.95625,2545,22,32.3333321,0.01048687,1.0875,2606,29,32.3333321,0.0141295437,1.0875,4850,265,48.5,0.222370312,1.0875,2650,21,32.3333321,0.010896747,1.0875,2586,20,32.3333321,0.0106247067,1.0875,50.3750076,43.5000038,99.99748,9.335243,27.54552,25.3119583,5.10986328,9.770901,34.3387146,38.5,0.25,0,55,0,85,0.416,1.01,16,16,16,32,48,30,295,160,130,0,0,0,16,38.25,0.25,0,55,0,85,0.416,1.01,16,16,16,32,48,30,295,160,130,0,0,0,16,512,-1,485.785156,485.480469,0.3046875,0.5,7618.451,7618.951,0,0,0,0,0,0,0,0,0,0,0,0,512,600,1200,3000,47,0.630000055,1.30500007,0,1,13,46,210,405,0,0,0,0,0,0,0,0,1.834,6.497,0.865,1773.582,72.85156,0.894811332,0,0,0,0,0,0,0,0,0,0,0,0,0,57.65625,54,16376,14294,2081,12.7122488,6.008,0,0
05/27/2026 14:21:55,40,58,0,48,53,44,44,44,44,63,12.144001,5.04,1.31000006,1.396,0.694,0.306000024,0.638,3.292,2.046,0,3.37200022,3.37200022,3.124,50,47.5,43,47,897,768,0,795,673,0,0,0,0,0,6.35,3.12,0,1.56,3.12,3.12,0,0,2.16,6.35,26.8901176,3302,123,4850,433,48.5,0.309224069,0.65,2951,79,32.3333321,0.06943544,0.65,2619,32,32.3333321,0.0316516459,0.65,2870,41,32.3333321,0.0447342321,0.65,2942,46,32.3333321,0.0561181642,0.65,4850,306,48.5,0.2810804,0.65,2648,22,32.3333321,0.0273983572,0.65,2682,22,32.3333321,0.0273218676,0.65,50.3750076,44.0000038,99.99749,9.336933,27.54383,25.3165436,5.10546875,9.775295,34.30918,38.5,0.25,0,55,0,85,0.416,1.01,16,16,16,32,48,30,295,160,130,0,0,0,16,38.25,0.25,0,55,0,85,0.416,1.01,16,16,16,32,48,30,295,160,130,0,0,0,16,512,-1,485.785156,485.480469,0.3046875,0.5,7618.451,7618.951,0,0,0,0,0,0,0,0,0,0,0,0,512,600,1200,3000,48,0.919,1.30500007,0,2,14,46,210,405,0,0,0,0,0,0,0,0,1.044,3.921,0.865,1773.582,72.85156,0,0,0,0,0,0,0,0,0,0,0,0,0,0,57.5,54,16376,14294,2081,12.7122488,3.996,449536,0
05/27/2026 14:21:57,40,58,0,48,53,44,44,44,44,63,12.144001,5.04,1.312,1.396,0.786,0.322000027,0.638,3.292,2.046,0,3.37200022,3.37200022,3.12000012,50,47.5,43,47,901,768,0,782,674,0,0,0,0,0,3.17,0,0,0,0,1.59,0,0,0.6,3.17,25.8870354,3676,86,4040,283,40.4,0.142385229,0.56875,3376,47,40.4,0.02884859,0.56875,2718,24,33.6666679,0.0111044971,0.54375,3541,29,40.4,0.0144776395,0.54375,3308,31,40.4,0.0137714138,0.54375,5012,209,50.25,0.191534355,0.50625,2709,18,33.5,0.009036524,0.50625,4704,47,49.5,0.02663344,0.51875,50.2500076,44.3750038,99.99749,9.366585,27.51418,25.3969345,5.136711,9.744053,34.5191345,38.5,0.25,0,55,0,85,0.416,1.01,16,16,16,32,48,30,295,160,130,0,0,0,16,38.25,0.25,0,55,0,85,0.416,1.01,16,16,16,32,48,30,295,160,130,0,0,0,16,512,-1,485.785156,485.480469,0.3046875,0.5,7618.451,7618.951,0,0,0,0,0,0,0,0,0,0,0,0,512,600,1200,3000,49,0.914000034,1.30500007,0,3,15,46,210,405,0,0,0,0,0,0,0,0,1.644,4.665,0.865,1773.582,72.85156,0,0,0,0,0,0,0,0,0,0,0,0,0,0,57.5,54,16376,14294,2081,12.7122488,4.684,399360,49152
05/27/2026 14:21:59,40,58,0,48,53,44,44,44,44,63,12.12,5.03,1.30800009,1.39200008,0.772,0.316,0.638,3.28400016,2.046,0,3.36800027,3.36800027,3.12000012,50,47.5,43,47,900,740,0,793,674,0,0,0,0,0,7.81,0,0,0,0,3.12,0,0,1.37,7.81,27.622263,3277,129,4850,473,48.5,0.349443167,0.65,2924,70,32.3333321,0.07051281,0.65,2918,52,32.3333321,0.0458086058,0.65,2618,30,32.3333321,0.027629694,0.65,2817,47,32.3333321,0.0624039732,0.65,4850,303,48.5,0.289396316,0.65,2583,26,32.3333321,0.0305765569,0.65,2654,28,32.3333321,0.0267004371,0.65,50.3750076,43.0000038,99.99748,9.334648,27.5461159,25.31034,5.10872269,9.772041,34.3310547,38.5,0.25,0,55,0,85,0.416,1.01,16,16,16,32,48,30,295,160,130,0,0,0,16,38.25,0.25,0,55,0,85,0.416,1.01,16,16,16,32,48,30,295,160,130,0,0,0,16,512,-1,485.785156,485.480469,0.3046875,0.5,7618.451,7618.951,0,0,0,0,0,0,0,0,0,0,0,0,512,600,1200,3000,48,0.42900002,1.30500007,0,0,11,46,210,405,0,0,0,0,0,0,0,0,2.145,6.632,0.865,1773.582,72.85156,0.9858164,0,0,0,0,0,0,0,0,0,0,0,0,0,57.59375,54,16376,14294,2081,12.7122488,5.921,399360,49152
05/27/2026 14:22:01,40,58,0,48,53,44,44,44,44,63,12.12,5.03,1.31000006,1.39200008,0.770000041,0.322000027,0.638,3.28400016,2.046,0,3.36800027,3.36800027,3.11600018,50,47.5,43,47,907,740,0,794,675,0,0,0,0,0,3.12,0,0,0,0,3.12,0,0,0.78,3.12,27.0663586,3166,85,3600,295,36,0.176509768,0.9625,2966,45,36,0.0290076919,0.95625,2541,25,32.3333321,0.0159685016,0.80625,3810,25,48.5,0.0113137625,1.09375,2558,31,32.3333321,0.0167828333,1.09375,4756,214,48.5,0.153013751,1.09375,2524,22,32.3333321,0.0100081293,1.09375,2572,25,32.3333321,0.0130144488,1.09375,50.3750076,45.8750038,99.99749,9.328365,27.5523987,25.2933121,5.099983,9.780781,34.2723236,38.5,0.25,0,55,0,85,0.416,1.01,16,16,16,32,48,30,295,160,130,0,0,0,16,38.25,0.25,0,55,0,85,0.416,1.01,16,16,16,32,48,30,295,160,130,0,0,0,16,512,-1,485.785156,485.480469,0.3046875,0.5,7618.451,7618.951,0,0,0,0,0,0,0,0,0,0,0,0,512,600,1200,3000,49,0.969000041,1.30500007,0,1,14,46,210,405,0,0,0,0,0,0,0,0,1.087,6.132,0.865,1773.582,72.85156,0,0,0,0,0,0,0,0,0,0,0,0,0,0,57.4375,54,16376,14294,2081,12.7122488,6.244,249856,0
05/27/2026 14:22:03,40,58,0,48,53,44,44,44,44,63,12.12,5.03,1.30800009,1.39200008,0.868000031,0.322000027,0.638,3.28400016,2.046,0,3.36800027,3.364,3.11600018,50,47,43,47,904,741,0,794,690,0,0,0,0,0,7.69,1.54,0,1.54,0,1.54,0,0,1.54,7.69,27.6745548,3289,145,4850,588,48.5,0.5161985,0.64375,3035,102,32.3333321,0.14223595,0.64375,2714,40,32.3333321,0.0359824523,0.64375,2771,33,32.3333321,0.0304805785,0.64375,2824,43,32.3333321,0.0556775331,0.64375,4850,305,48.5,0.355266362,0.64375,2605,22,32.3333321,0.0290786549,0.64375,2661,29,32.3333321,0.0280541219,0.65,50.2500076,42.0000038,99.99748,9.333305,27.5474586,25.3067017,5.10602951,9.7747345,34.31295,38.25,0.25,0,55,0,85,0.416,1.01,16,16,16,32,48,30,295,160,130,0,0,0,16,38.25,0.25,0,55,0,85,0.416,1.01,16,16,16,32,48,30,295,160,130,0,0,0,16,512,-1,485.785156,485.480469,0.3046875,0.5,7618.451,7618.951,0,0,0,0,0,0,0,0,0,0,0,0,512,600,1200,3000,50,1.0200001,1.30500007,0,9,15,46,210,405,0,0,0,0,0,0,0,0,1.377,3.456,0.865,1773.582,72.85156,0.006216492,0,0,0,0,0,0,0,0,0,0,0,0,0,57.46875,54,16376,14294,2081,12.7122488,3.58,149504,0
05/27/2026 14:22:05,40,58,0,48,53,44,44,44,44,63,12.12,5.03,1.30800009,1.39200008,0.79,0.314,0.638,3.28400016,2.046,0,3.36800027,3.36800027,3.11600018,50,47,43,47,896,768,0,781,691,0,0,0,0,0,9.38,3.08,3.08,1.54,1.54,4.69,3.08,1.54,3.49,9.38,26.7221165,3216,98,4850,398,48.5,0.247878388,0.65,2655,43,32.3333321,0.0332043171,0.63125,2609,29,32.3333321,0.0122354152,0.63125,2770,26,32.3333321,0.0277366843,0.63125,2749,37,32.3333321,0.0221229158,0.63125,4727,200,48.5,0.175784171,0.63125,2701,27,32.3333321,0.0114825536,0.63125,2670,23,32.3333321,0.0102058407,0.63125,50.2500076,45.3750038,99.9975,9.361397,27.5193672,25.3828735,5.12540054,9.755363,34.4431229,38.25,0.25,0,55,0,85,0.416,1.01,16,16,16,32,48,30,295,160,130,0,0,0,16,38.25,0.25,0,55,0,85,0.416,1.01,16,16,16,32,48,30,295,160,130,0,0,0,16,512,-1,485.785156,485.480469,0.3046875,0.5,7618.451,7618.951,0,0,0,0,0,0,0,0,0,0,0,0,512,600,1200,3000,48,0.729000032,1.30500007,0,0,14,46,210,405,0,0,0,0,0,0,0,0,1.766,5.764,0.865,1773.582,72.85156,0,0,0,0,0,0,0,0,0,0,0,0,0,0,57.4375,54,16376,14294,2081,12.7122488,5.42,399360,0
05/27/2026 14:22:07,40,58,0,48,53,44,44,44,44,63,12.12,5.03,1.30800009,1.39200008,0.802000046,0.318000019,0.638,3.28400016,2.046,0,3.36800027,3.36800027,3.11600018,50,47,43,47,894,768,0,794,690,0,0,0,0,0,9.38,1.56,0,0,0,3.12,0,0,1.76,9.38,27.3909454,3363,147,4040,505,40.4,0.373531461,0.54375,3118,96,33.6666679,0.08251451,0.54375,3031,46,33.6666679,0.0354132354,0.54375,2932,30,33.6666679,0.0337781981,0.54375,3056,54,33.6666679,0.0484108552,0.54375,5050,396,50.5,0.357792467,0.5625,2811,22,33.6666679,0.028156044,0.5625,2868,28,33.6666679,0.0250176452,0.5625,50.6250076,47.6250038,99.9975,9.332653,27.548111,25.30494,5.108509,9.772255,34.32962,38.25,0.25,0,55,0,85,0.416,1.01,16,16,16,32,48,30,295,160,130,0,0,0,16,38.25,0.25,0,55,0,85,0.416,1.01,16,16,16,32,48,30,295,160,130,0,0,0,16,512,-1,485.785156,485.480469,0.3046875,0.5,7618.451,7618.951,0,0,0,0,0,0,0,0,0,0,0,0,512,600,1200,3000,48,0.575000048,1.30500007,0,0,13,46,210,405,0,0,0,0,0,0,0,0,2.129,6.577,0.865,1773.582,72.85156,0.955183566,0,0,0,0,0,0,0,0,0,0,0,0,0,57.40625,56,16376,14294,2081,12.7122488,6.013,399360,0
05/27/2026 14:22:09,40,58,0,48,53,44,44,44,44,63,12.12,5.03,1.30800009,1.39200008,0.72,0.306000024,0.638,3.288,2.046,0,3.36800027,3.36800027,3.11600018,50,47,43,47,903,768,0,793,674,0,0,0,0,0,6.25,1.56,0,0,0,4.76,1.56,0,1.77,6.25,27.5671673,3402,87,3600,296,36,0.176867366,0.9625,2904,43,36,0.0276501011,0.95625,2814,24,36,0.01075616,0.95625,2514,23,32.3333321,0.0101092858,0.6625,3829,26,48.5,0.013719745,0.96875,4850,228,48.5,0.18234323,0.96875,4022,29,48.5,0.012634051,0.96875,2684,28,32.3333321,0.019079417,0.96875,50.6250076,44.8750038,99.99749,9.362362,27.5184021,25.3854828,5.13645172,9.744312,34.517395,38.25,0.25,0,55,0,85,0.416,1.01,16,16,16,32,48,30,295,160,130,0,0,0,16,38.25,0.25,0,55,0,85,0.416,1.01,16,16,16,32,48,30,295,160,130,0,0,0,16,512,-1,485.785156,485.480469,0.3046875,0.5,7618.451,7618.951,0,0,0,0,0,0,0,0,0,0,0,0,512,600,1200,3000,49,0.650000036,1.30500007,0,0,13,46,210,405,0,0,0,0,0,0,0,0,1.345,3.823,0.865,1773.582,72.85156,0,0,0,0,0,0,0,0,0,0,0,0,0,0,57.40625,54,16376,14294,2081,12.7122488,4.684,0,0
05/27/2026 14:22:11,40,58,0,48,53,44,44,44,44,63,12.12,5.03,1.30800009,1.39200008,0.844000041,0.334000021,0.638,3.28400016,2.046,0,3.36800027,3.36800027,3.11600018,50,47,43,47,894,741,0,794,689,0,0,0,0,0,4.76,1.59,0,0,0,4.76,0,1.59,1.59,4.76,27.4340725,3351,121,4850,439,48.5,0.3188869,0.65,2980,74,32.3333321,0.06426807,0.65,3036,66,32.3333321,0.051753927,0.65,2601,27,32.3333321,0.0315862522,0.65,2840,40,32.3333321,0.0415346436,0.65,4850,261,48.5,0.269797564,0.65,2709,25,32.3333321,0.0287648384,0.65,2941,39,32.3333321,0.0294939745,0.65,50.5000076,43.0000038,99.99748,9.333351,27.5474129,25.3068314,5.108967,9.771797,34.332695,38.25,0.25,0,55,0,85,0.416,1.01,16,16,16,32,48,30,295,160,130,0,0,0,16,38.25,0.25,0,55,0,85,0.416,1.01,16,16,16,32,48,30,295,160,130,0,0,0,16,512,-1,485.785156,485.480469,0.3046875,0.5,7618.451,7618.951,0,0,0,0,0,0,0,0,0,0,0,0,512,600,1200,3000,48,0.965000033,1.30500007,0,2,14,46,210,405,0,0,0,0,0,0,0,0,1.795,3.409,0.865,1773.582,72.85156,0.9629518,0,0,0,0,0,0,0,0,0,0,0,0,0,57.46875,54,16376,14294,2081,12.7122488,4.642,49152,0
05/27/2026 14:22:13,40,58,0,48,53,44,44,44,44,63,12.0960007,5.03,1.30800009,1.39200008,0.792000055,0.316,0.638,3.28400016,2.046,0,3.364,3.364,3.11600018,50,47,43,47,895,741,0,794,690,0,0,0,0,0,6.06,0,1.54,0,0,6.06,0,0,1.71,6.06,27.2781925,3124,94,4850,305,48.5,0.166749135,0.64375,2620,45,32.3333321,0.0263176728,0.64375,2646,33,32.3333321,0.0226746183,0.64375,2496,22,32.3333321,0.0137720881,0.64375,2514,29,32.3333321,0.0169570614,0.64375,4850,276,48.5,0.269032925,0.64375,2491,20,32.3333321,0.0113837523,0.64375,2526,20,32.3333321,0.0113933031,0.64375,50.5000076,44.8750038,99.99749,9.363373,27.5173912,25.38823,5.13259125,9.748173,34.4914474,38.25,0.25,0,55,0,85,0.416,1.01,16,16,16,32,48,30,295,160,130,0,0,0,16,38.25,0.25,0,55,0,85,0.416,1.01,16,16,16,32,48,30,295,160,130,0,0,0,16,512,-1,485.785156,485.480469,0.3046875,0.5,7618.451,7618.951,0,0,0,0,0,0,0,0,0,0,0,0,512,600,1200,3000,47,0.42900002,1.30500007,0,0,11,46,210,405,0,0,0,0,0,0,0,0,1.724,6.486,0.865,1773.582,72.85156,0,0,0,0,0,0,0,0,0,0,0,0,0,0,57.34375,54,16376,14294,2081,12.7122488,6.604,0,0
05/27/2026 14:22:15,40,58,0,48,53,44,44,44,44,63,12.12,5.03,1.30800009,1.39200008,0.70600003,0.318000019,0.638,3.28400016,2.046,0,3.364,3.364,3.11200023,50,47,43,47,901,740,0,782,673,0,0,0,0,0,9.38,1.56,1.56,0,0,1.56,0,0,1.76,9.38,27.7423248,3693,117,3600,446,36,0.354854017,0.91875,3435,85,36,0.07770163,0.91875,3112,36,36,0.03636937,0.91875,3079,35,36,0.0437439941,0.91875,3210,48,36,0.0432910025,0.91875,4814,228,48.5,0.209780917,0.91875,4006,23,48.5,0.0282214452,0.925,4285,34,48.5,0.0299277175,0.925,50.3750076,44.0000038,99.9975,9.334721,27.5460434,25.31054,5.11264038,9.768124,34.3573761,38.25,0.25,0,55,0,85,0.416,1.01,16,16,16,32,48,30,295,160,130,0,0,0,16,38.25,0.25,0,55,0,85,0.416,1.01,16,16,16,32,48,30,295,160,130,0,0,0,16,512,-1,485.785156,485.480469,0.3046875,0.5,7618.451,7618.951,0,0,0,0,0,0,0,0,0,0,0,0,512,600,1200,3000,49,0.969000041,1.30500007,0,1,14,46,210,405,0,0,0,0,0,0,0,0,1.899,6.453,0.865,1773.582,72.85156,0.894287765,0,0,0,0,0,0,0,0,0,0,0,0,0,57.34375,54,16376,14294,2081,12.7122488,6.186,0,0
05/27/2026 14:22:17,40,58,0,48,53,44,44,44,44,63,12.12,5.03,1.31000006,1.39200008,0.884000063,0.332000017,0.638,3.288,2.046,0,3.36800027,3.364,3.11600018,50,47,43,47,894,768,0,795,673,0,0,0,0,0,6.15,0,0,0,0,3.08,0,0,1.15,6.15,27.2956448,3145,124,4850,402,48.5,0.3194968,0.64375,2963,79,32.3333321,0.08347973,0.64375,2721,37,32.3333321,0.0354612134,0.64375,2675,32,32.3333321,0.03284369,0.64375,3034,61,32.3333321,0.05027284,0.64375,3233,317,32.3333321,0.3163745,0.64375,2918,33,32.3333321,0.03225229,0.64375,2766,28,32.3333321,0.0286586769,0.64375,50.5000076,43.5000038,99.99749,9.359859,27.5209045,25.3787079,5.12647629,9.754288,34.4503555,38.25,0.25,0,55,0,85,0.416,1.01,16,16,16,32,48,30,295,160,130,0,0,0,16,38.25,0.25,0,55,0,85,0.416,1.01,16,16,16,32,48,30,295,160,130,0,0,0,16,512,-1,485.785156,485.480469,0.3046875,0.5,7618.451,7618.951,0,0,0,0,0,0,0,0,0,0,0,0,512,600,1200,3000,49,0.745000064,1.30500007,0,0,14,46,210,405,0,0,0,0,0,0,0,0,1.493,3.445,0.865,1773.582,72.85156,0.948427439,0,0,0,0,0,0,0,0,0,0,0,0,0,57.3125,54,16376,14294,2081,12.7122488,4.85,0,0
05/27/2026 14:22:19,40,58,0,48,53,44,44,44,44,63,12.12,5.03,1.30800009,1.39200008,0.672000051,0.306000024,0.638,3.28400016,2.046,0,3.36800027,3.36800027,3.11600018,50,47,43,47,894,768,0,791,690,0,0,0,0,0,7.69,1.54,1.54,0,0,3.08,0,0,1.73,7.69,26.5557117,3098,119,4850,456,48.5,0.29059422,0.6625,2872,77,32.3333321,0.06332843,0.6625,2769,39,32.3333321,0.036144644,0.6625,2752,40,32.3333321,0.0372597724,0.6625,2941,62,32.3333321,0.0531704649,0.6625,3205,230,32.3333321,0.164823934,0.6625,2773,28,32.3333321,0.04395151,0.6625,2623,23,32.3333321,0.0194319859,0.6625,50.2500076,44.0000038,99.99749,9.359028,27.5217361,25.37645,5.12751,9.753254,34.4573059,38.25,0.25,0,55,0,85,0.416,1.01,16,16,16,32,48,30,295,160,130,0,0,0,16,38.25,0.25,0,55,0,85,0.416,1.01,16,16,16,32,48,30,295,160,130,0,0,0,16,512,-1,485.785156,485.480469,0.3046875,0.5,7618.451,7618.951,0,0,0,0,0,0,0,0,0,0,0,0,512,600,1200,3000,47,0.570000052,1.30500007,0,0,13,46,210,405,0,0,0,0,0,0,0,0,2.034,5.386,0.865,1773.582,72.85156,0.0111219194,0,0,0,0,0,0,0,0,0,0,0,0,0,57.375,54,16376,14294,2081,12.7122488,5.111,0,0
05/27/2026 14:22:21,40,58,0,48,53,44,44,44,44,63,12.12,5.03,1.30800009,1.39200008,0.656,0.30400002,0.638,3.288,2.046,0,3.364,3.36800027,3.11600018,50,47,43,47,902,768,0,792,690,0,0,0,0,0,10.94,0,0,0,0,3.12,0,0,1.76,10.94,27.2594242,3291,136,4850,544,48.5,0.4160723,0.64375,3000,85,32.3333321,0.0867241,0.64375,2682,46,32.3333321,0.0365849063,0.6625,2622,28,32.3333321,0.0320752822,0.6625,2933,59,32.3333321,0.06313731,0.6625,4850,272,48.5,0.253858179,0.6625,2749,28,32.3333321,0.0318034142,0.6625,2645,24,32.3333321,0.0311257634,0.6625,50.3750076,44.0000038,99.99748,9.366276,27.5144882,25.3961029,5.14034271,9.740421,34.54354,38.25,0.25,0,55,0,85,0.416,1.01,16,16,16,32,48,30,295,160,130,0,0,0,16,38.25,0.25,0,55,0,85,0.416,1.01,16,16,16,32,48,30,295,160,130,0,0,0,16,512,-1,485.785156,485.480469,0.3046875,0.5,7618.451,7618.951,0,0,0,0,0,0,0,0,0,0,0,0,512,600,1200,3000,47,0.405000031,1.30500007,0,0,11,46,210,405,0,0,0,0,0,0,0,0,2.046,6.603,0.865,1773.582,72.85156,0.968920648,0,0,0,0,0,0,0,0,0,0,0,0,0,57.3125,54,16376,14294,2081,12.7122488,5.974,0,0
05/27/2026 14:22:23,40,58,0,48,53,44,44,44,44,63,12.0960007,5.03,1.30800009,1.388,0.640000045,0.312,0.638,3.28400016,2.046,0,3.364,3.364,3.11600018,50,47,43,47,902,769,0,795,674,0,0,0,0,0,17.19,3.12,4.69,4.69,1.56,12.5,0,1.56,5.66,17.19,27.7338276,4110,90,4850,362,48.5,0.2208504,0.9625,3947,41,48.5,0.0237771943,0.9625,3804,26,48.5,0.0102559747,0.9625,3795,21,48.5,0.0123443119,0.9625,4223,33,48.5,0.01567952,0.9625,4716,205,48.5,0.154060766,0.9625,3784,19,48.5,0.009838141,0.9625,3760,17,48.5,0.009522719,0.9625,50.5000076,44.3750038,99.99749,9.367168,27.5135956,25.3985214,5.13225555,9.748508,34.4891968,38.25,0.25,0,55,0,85,0.416,1.01,16,16,16,32,48,30,295,160,130,0,0,0,16,38.25,0.25,0,55,0,85,0.416,1.01,16,16,16,32,48,30,295,160,130,0,0,0,16,512,-1,485.785156,485.480469,0.3046875,0.5,7618.451,7618.951,0,0,0,0,0,0,0,0,0,0,0,0,512,600,1200,3000,47,0.415000021,1.30500007,0,0,11,46,210,405,0,0,0,0,0,0,0,0,1.142,5.058,0.865,1773.582,72.85156,0,0,0,0,0,0,0,0,0,0,0,0,0,0,57.25,54,16376,14294,2081,12.7122488,5.558,0,0
05/27/2026 14:22:25,40,58,0,48,53,44,44,44,44,63,12.12,5.03,1.30800009,1.39200008,0.788000047,0.320000023,0.638,3.288,2.046,0,3.36800027,3.36800027,3.11600018,50,47,43,47,894,740,0,782,674,0,0,0,0,0,6.25,3.12,1.56,0,0,1.56,0,0,1.56,6.25,27.1377048,3406,117,4850,496,48.5,0.376779139,0.65,4513,82,48.5,0.07157628,0.65,2626,35,32.3333321,0.0304829385,0.65,2655,33,32.3333321,0.03870858,0.65,2684,37,32.3333321,0.0502585955,0.65,4712,205,48.5,0.238644421,0.65,2565,22,32.3333321,0.02697547,0.64375,2641,25,32.3333321,0.0307593588,0.64375,50.3750076,44.8750038,99.9975,9.337578,27.5431862,25.31829,5.112232,9.768532,34.3546371,38.25,0.25,0,55,0,85,0.416,1.01,16,16,16,32,48,30,295,160,130,0,0,0,16,38.25,0.25,0,55,0,85,0.416,1.01,16,16,16,32,48,30,295,160,130,0,0,0,16,512,-1,485.785156,485.480469,0.3046875,0.5,7618.451,7618.951,0,0,0,0,0,0,0,0,0,0,0,0,512,600,1200,3000,48,0.700000048,1.30500007,0,0,13,46,210,405,0,0,0,0,0,0,0,0,1.492,3.418,0.865,1773.582,72.85156,0.9600422,0,0,0,0,0,0,0,0,0,0,0,0,0,57.28125,54,16376,14294,2081,12.7122488,4.336,0,0
05/27/2026 14:22:27,40,58,0,48,53,44,44,44,44,63,12.12,5.03,1.30800009,1.39200008,0.688,0.312,0.638,3.28400016,2.046,0,3.36800027,3.36800027,3.11600018,50,47,43,47,903,741,0,791,673,0,0,0,0,0,3.12,1.56,0,0,0,1.56,0,0,0.78,3.12,26.7631836,3348,95,3992,271,40.4,0.151885077,0.55,3598,68,40.4,0.0525095426,0.55,2736,27,33.6666679,0.0124567561,0.55,2686,22,33.6666679,0.0108225774,0.55,3367,34,40.4,0.0285827052,0.55,5050,299,50.5,0.241257146,0.55,2700,24,33.6666679,0.01089144,0.55,2655,15,33.6666679,0.008623143,0.55,50.3750076,45.2500038,99.99749,9.367844,27.51292,25.4003525,5.14312744,9.737637,34.5622559,38.25,0.25,0,55,0,85,0.416,1.01,16,16,16,32,48,30,295,160,130,0,0,0,16,38.25,0.25,0,55,0,85,0.416,1.01,16,16,16,32,48,30,295,160,130,0,0,0,16,512,-1,485.785156,485.480469,0.3046875,0.5,7618.451,7618.951,0,0,0,0,0,0,0,0,0,0,0,0,512,600,1200,3000,47,0.615,1.30500007,0,1,13,46,210,405,0,0,0,0,0,0,0,0,1.757,5.753,0.865,1773.582,72.85156,0,0,0,0,0,0,0,0,0,0,0,0,0,0,57.1875,54,16376,14294,2081,12.7122488,5.744,49152,0
05/27/2026 14:22:29,40,58,0,48,53,44,44,44,44,63,12.12,5.03,1.30800009,1.39200008,0.72,0.312,0.638,3.28400016,2.046,0,3.36800027,3.36800027,3.11600018,50,47,43,47,902,740,0,780,674,0,0,0,0,0,7.81,1.56,0,0,0,3.12,0,0,1.56,7.81,27.0220337,3480,125,4000,426,40,0.330843031,0.50625,3900,111,40,0.09174677,0.50625,2857,42,33.3333321,0.03963351,0.50625,2723,26,33.3333321,0.0297488421,0.50625,3543,61,40,0.059329953,0.50625,5050,283,50.5,0.26802063,0.53125,2886,25,33.6666679,0.0287948884,0.53125,2883,29,33.6666679,0.0296933018,0.53125,50.2500076,54.2500038,99.99749,9.337933,27.5428314,25.3192444,5.11253738,9.768227,34.35669,38.25,0.25,0,55,0,85,0.416,1.01,16,16,16,32,48,30,295,160,130,0,0,0,16,38.25,0.25,0,55,0,85,0.416,1.01,16,16,16,32,48,30,295,160,130,0,0,0,16,512,-1,485.785156,485.480469,0.3046875,0.5,7618.451,7618.951,0,0,0,0,0,0,0,0,0,0,0,0,512,600,1200,3000,47,0.690000057,1.30500007,0,0,13,46,210,405,0,0,0,0,0,0,0,0,1.947,6.647,0.865,1773.582,72.85156,0.959517241,0,0,0,0,0,0,0,0,0,0,0,0,0,57.15625,54,16376,14294,2081,12.7122488,6.293,0,0
05/27/2026 14:22:31,40,58,0,48,53,44,44,44,44,63,12.12,5.03,1.30800009,1.39200008,0.770000041,0.316,0.638,3.28400016,2.046,0,3.36800027,3.36800027,3.11600018,50,47,43,47,904,768,0,778,674,0,0,0,0,0,12.31,1.54,0,0,1.56,4.69,0,0,2.51,12.31,27.3282547,3231,120,3600,412,36,0.321536362,0.79375,3236,79,36,0.0656556,0.79375,2982,31,36,0.0300814882,0.79375,2922,28,36,0.0258904062,0.79375,3162,44,36,0.04106686,0.79375,3600,302,36,0.295582026,0.79375,3071,27,36,0.028534675,0.79375,3277,36,36,0.0365111381,0.79375,50.2500076,44.3750038,99.99749,9.329769,27.5509949,25.2971115,5.10180664,9.778957,34.2845764,38.25,0.25,0,55,0,85,0.416,1.01,16,16,16,32,48,30,295,160,130,0,0,0,16,38.25,0.25,0,55,0,85,0.416,1.01,16,16,16,32,48,30,295,160,130,0,0,0,16,512,-1,485.785156,485.480469,0.3046875,0.5,7618.451,7618.951,0,0,0,0,0,0,0,0,0,0,0,0,512,600,1200,3000,47,0.405000031,1.30500007,0,0,11,46,210,405,0,0,0,0,0,0,0,0,1.466,4.364,0.865,1773.582,72.85156,0.00617478834,0,0,0,0,0,0,0,0,0,0,0,0,0,57.15625,54,16376,14294,2081,12.7122488,4.647,0,49152
05/27/2026 14:22:33,40,58,0,48,53,44,44,44,44,63,12.12,5.03,1.30800009,1.39200008,0.744,0.312,0.636000037,3.28400016,2.046,0,3.36800027,3.36800027,3.11600018,50,47,43,47,901,769,0,778,690,0,0,0,0,0,10.94,4.69,4.69,1.56,0,4.69,0,0,3.32,10.94,26.5098629,3267,106,4850,400,48.5,0.2700137,0.64375,2838,57,32.3333321,0.05617786,0.64375,2641,38,32.3333321,0.0283406079,0.64375,2656,28,32.3333321,0.0274861436,0.64375,2836,47,32.3333321,0.0393194668,0.64375,4850,221,48.5,0.204711363,0.64375,2776,31,32.3333321,0.0284106657,0.64375,2686,23,32.3333321,0.02738892,0.64375,50.3750076,44.8750038,99.99749,9.36059952,27.5201645,25.3807144,5.13435,9.746414,34.5032654,38.25,0.25,0,55,0,85,0.416,1.01,16,16,16,32,48,30,295,160,130,0,0,0,16,38.25,0.25,0,55,0,85,0.416,1.01,16,16,16,32,48,30,295,160,130,0,0,0,16,512,-1,485.785156,485.480469,0.3046875,0.5,7618.451,7618.951,0,0,0,0,0,0,0,0,0,0,0,0,512,600,1200,3000,48,0.965000033,1.30500007,0,4,14,46,210,405,0,0,0,0,0,0,0,0,1.701,3.442,0.865,1773.582,72.85156,0.960991263,0,0,0,0,0,0,0,0,0,0,0,0,0,57.1875,54,16376,14294,2081,12.7122488,4.66,0,0
05/27/2026 14:22:35,40,58,0,48,53,44,44,44,44,63,12.12,5.03,1.30800009,1.39200008,0.672000051,0.312,0.638,3.28400016,2.046,0,3.36800027,3.364,3.11600018,50,47,43,47,904,769,0,795,690,0,0,0,0,0,7.81,0,0,0,0,1.56,0,0,1.17,7.81,26.596302,3025,94,4850,341,48.5,0.198121414,0.65,2976,74,32.3333321,0.04633759,0.65,2605,27,32.3333321,0.0132348938,0.65,2590,23,32.3333321,0.014204531,0.65,2582,26,32.3333321,0.0207807031,0.65,3217,210,32.3333321,0.165992826,0.65,2560,19,32.3333321,0.009934591,0.65,2821,30,32.3333321,0.0116840256,0.65,50.2500076,44.8750038,99.9975,9.328785,27.55198,25.2944412,5.10215759,9.778606,34.2869339,38.25,0.25,0,55,0,85,0.416,1.01,16,16,16,32,48,30,295,160,130,0,0,0,16,38.25,0.25,0,55,0,85,0.416,1.01,16,16,16,32,48,30,295,160,130,0,0,0,16,512,-1,485.785156,485.480469,0.3046875,0.5,7618.451,7618.951,0,0,0,0,0,0,0,0,0,0,0,0,512,600,1200,3000,48,0.969000041,1.30500007,0,1,14,46,210,405,0,0,0,0,0,0,0,0,1.845,6.394,0.865,1773.582,72.85156,0,0,0,0,0,0,0,0,0,0,0,0,0,0,57.125,54,16376,14294,2081,12.7122488,6.382,0,0
05/27/2026 14:22:37,40,58,0,48,53,44,44,44,44,63,12.12,5.03,1.30800009,1.39200008,0.684,0.308000028,0.638,3.28400016,2.046,0,3.36800027,3.36800027,3.11600018,50,47,43,47,893,741,0,791,689,0,0,0,0,0,4.69,0,0,0,0,3.12,0,0,0.98,4.69,27.1423321,3432,124,5050,501,50.5,0.3869733,0.54375,2872,61,33.6666679,0.0603416,0.54375,2804,30,33.6666679,0.02967323,0.54375,2872,36,33.6666679,0.0271924455,0.54375,2862,42,33.6666679,0.0387514979,0.54375,3367,229,33.6666679,0.207892179,0.54375,2756,24,33.6666679,0.0287516043,0.54375,4877,68,50.5,0.05432718,0.56875,50.2500076,44.3750038,99.99749,9.332882,27.5478821,25.3055573,5.10366058,9.777103,34.2970352,38.25,0.25,0,55,0,85,0.416,1.01,16,16,16,32,48,30,295,160,130,0,0,0,16,38.25,0.25,0,55,0,85,0.416,1.01,16,16,16,32,48,30,295,160,130,0,0,0,16,512,-1,485.785156,485.480469,0.3046875,0.5,7618.451,7618.951,0,0,0,0,0,0,0,0,0,0,0,0,512,600,1200,3000,47,0.570000052,1.30500007,0,0,13,46,210,405,0,0,0,0,0,0,0,0,1.998,6.458,0.865,1773.582,72.85156,0.8935728,0,0,0,0,0,0,0,0,0,0,0,0,0,57.09375,54,16376,14294,2081,12.7122488,5.673,49152,0
05/27/2026 14:22:39,40,58,0,48,53,44,44,44,44,63,12.12,5.03,1.30800009,1.39200008,0.786,0.318000019,0.638,3.288,2.046,0,3.36800027,3.364,3.11600018,50,47,43,47,904,741,0,778,674,0,0,0,0,0,12.5,4.69,1.59,1.56,3.17,9.38,3.12,1.59,4.7,12.5,27.0028267,3224,105,4850,383,48.5,0.248583928,0.66875,2803,58,32.3333321,0.06258966,0.66875,2631,32,32.3333321,0.03517773,0.66875,2717,30,32.3333321,0.03906302,0.6625,2709,39,32.3333321,0.04089912,0.6625,4850,245,48.5,0.200609192,0.6625,2564,21,32.3333321,0.0268538129,0.6625,2671,30,32.3333321,0.0285853781,0.6625,50.2500076,44.3750038,99.99749,9.359108,27.521656,25.37667,5.12986755,9.750896,34.4731445,38.25,0.25,0,55,0,85,0.416,1.01,16,16,16,32,48,30,295,160,130,0,0,0,16,38.25,0.25,0,55,0,85,0.416,1.01,16,16,16,32,48,30,295,160,130,0,0,0,16,512,-1,485.785156,485.480469,0.3046875,0.5,7618.451,7618.951,0,0,0,0,0,0,0,0,0,0,0,0,512,600,1200,3000,47,0.62,1.30500007,0,1,14,46,210,405,0,0,0,0,0,0,0,0,1.282,3.536,0.865,1773.582,72.85156,0.9637982,0,0,0,0,0,0,0,0,0,0,0,0,0,57.15625,54,16376,14294,2081,12.7122488,4.359,49152,0
05/27/2026 14:22:41,40,58,0,48,53,44,44,44,44,63,12.12,5.03,1.31000006,1.39200008,0.764000058,0.306000024,0.638,3.28400016,2.046,0,3.36800027,3.364,3.11600018,50,47,43,47,902,741,0,782,690,0,0,0,0,0,9.38,3.12,4.62,6.15,4.62,6.25,1.54,3.08,4.84,9.38,26.5929146,3185,117,4850,369,48.5,0.22832492,0.6625,3127,99,32.3333321,0.08331083,0.6625,2993,51,32.3333321,0.04505632,0.6625,2849,43,32.3333321,0.0317741074,0.6625,2976,65,32.3333321,0.0565199,0.6625,3233,258,32.3333321,0.232980162,0.66875,2645,20,32.3333321,0.0215993971,0.66875,2806,28,32.3333321,0.0187033117,0.66875,50.1250076,44.8750038,99.99749,9.358833,27.52193,25.3759155,5.12143326,9.759331,34.4164658,38.25,0.25,0,55,0,85,0.416,1.01,16,16,16,32,48,30,295,160,130,0,0,0,16,38.25,0.25,0,55,0,85,0.416,1.01,16,16,16,32,48,30,295,160,130,0,0,0,16,512,-1,485.785156,485.480469,0.3046875,0.5,7618.451,7618.951,0,0,0,0,0,0,0,0,0,0,0,0,512,600,1200,3000,48,0.955000043,1.30500007,0,1,14,46,210,405,0,0,0,0,0,0,0,0,1.894,5.086,0.865,1773.582,72.85156,0.011100512,0,0,0,0,0,0,0,0,0,0,0,0,0,56.96875,54,16376,14294,2081,12.7122488,4.71,0,0
05/27/2026 14:22:43,40,58,0,48,53,44,44,44,44,63,12.12,5.03,1.30800009,1.39200008,0.668000042,0.302000016,0.638,3.28400016,2.046,0,3.36800027,3.364,3.11600018,50,47,43,47,894,769,0,782,673,0,0,0,0,0,15.62,10.94,4.69,4.62,10.77,10.94,3.08,1.54,7.77,15.62,27.0456371,3259,125,4850,473,48.5,0.336742163,0.6375,2964,81,32.3333321,0.0765680745,0.6375,2720,33,32.3333321,0.0517821349,0.6375,2605,27,32.3333321,0.02925622,0.6375,2715,43,32.3333321,0.04453978,0.6375,4850,296,48.5,0.273173928,0.6375,2634,23,32.3333321,0.02960586,0.6375,2736,26,32.3333321,0.0298350267,0.6375,50.1250076,44.8750038,99.9975,9.365669,27.5150948,25.394455,5.138649,9.742115,34.5321579,38.25,0.25,0,55,0,85,0.416,1.01,16,16,16,32,48,30,295,160,130,0,0,0,16,38.25,0.25,0,55,0,85,0.416,1.01,16,16,16,32,48,30,295,160,130,0,0,0,16,512,-1,485.785156,485.480469,0.3046875,0.5,7618.451,7618.951,0,0,0,0,0,0,0,0,0,0,0,0,512,600,1200,3000,47,0.625,1.30500007,0,1,14,46,210,405,0,0,0,0,0,0,0,0,2.078,6.461,0.865,1773.582,72.85156,0.972484231,0,0,0,0,0,0,0,0,0,0,0,0,0,57.0625,54,16376,14294,2081,12.7122488,5.912,49152,0
05/27/2026 14:22:45,40,58,0,48,53,44,44,44,44,63,12.0960007,5.03,1.30800009,1.39200008,0.714000046,0.312,0.638,3.28400016,2.046,0,3.364,3.364,3.11600018,50,46.5,43,47,904,769,0,794,674,0,0,0,0,0,14.06,4.69,6.15,3.08,3.08,6.25,3.12,4.62,5.63,14.06,26.7852325,2927,84,4850,311,48.5,0.224609524,0.65,2691,43,32.3333321,0.02621901,0.65,2576,27,32.3333321,0.0108492458,0.65,2536,24,32.3333321,0.0104273306,0.65,2539,23,32.3333321,0.0127629321,0.65,3177,197,32.3333321,0.217723265,0.65,2491,18,32.3333321,0.0103621986,0.65,2557,25,32.3333321,0.0107392808,0.65,50.1250076,44.3750038,99.99749,9.329727,27.5510368,25.2969971,5.1048584,9.775906,34.3050842,38.25,0.25,0,55,0,85,0.416,1.01,16,16,16,32,48,30,295,160,130,0,0,0,16,38.25,0.25,0,55,0,85,0.416,1.01,16,16,16,32,48,30,295,160,130,0,0,0,16,512,-1,485.785156,485.480469,0.3046875,0.5,7618.451,7618.951,0,0,0,0,0,0,0,0,0,0,0,0,512,600,1200,3000,48,0.405000031,1.30500007,0,0,11,46,210,405,0,0,0,0,0,0,0,0,1.031,6.115,0.865,1773.582,72.85156,0,0,0,0,0,0,0,0,0,0,0,0,0,0,57,54,16376,14294,2081,12.7122488,6.304,3149824,0
05/27/2026 14:22:47,40,57,0,48,53,44,44,44,44,63,12.0960007,5.03,1.30800009,1.388,0.694,0.30400002,0.638,3.28400016,2.046,0,3.364,3.364,3.11200023,50,46.5,43,47,896,764,0,778,673,0,0,0,0,0,13.85,7.69,0,0,6.15,6.15,1.54,0,4.42,13.85,26.83854,3065,123,4850,518,48.5,0.364480078,0.64375,2863,67,32.3333321,0.07106672,0.64375,2691,36,32.3333321,0.0386907049,0.64375,2623,27,32.3333321,0.0323590972,0.64375,2867,57,32.3333321,0.04959537,0.64375,3198,228,32.3333321,0.199085444,0.64375,2762,28,32.3333321,0.03946376,0.64375,2669,22,32.3333321,0.0289087929,0.64375,50.1250076,43.5000038,99.99748,9.337063,27.5437012,25.3168945,5.108368,9.772396,34.3286667,38.25,0.25,0,55,0,85,0.416,1.01,16,16,16,32,48,30,295,160,130,0,0,0,16,38.25,0.25,0,55,0,85,0.416,1.01,16,16,16,32,48,30,295,160,130,0,0,0,16,512,-1,485.785156,485.480469,0.3046875,0.5,7618.451,7618.951,0,0,0,0,0,0,0,0,0,0,0,0,512,600,1200,3000,49,0.969000041,1.30500007,0,2,14,46,210,405,0,0,0,0,0,0,0,0,1.244,3.397,0.865,1773.582,72.85156,0.006218472,0,0,0,0,0,0,0,0,0,0,0,0,0,56.96875,54,16376,14294,2081,12.7122488,3.572,49152,2099200
05/27/2026 14:22:49,40,56,0,48,53,44,44,44,44,63,12.0960007,5.03,1.30800009,1.388,0.794,0.316,0.638,3.28400016,2.046,0,3.364,3.364,3.11600018,49,46.5,43,47,900,751,0,781,690,0,0,0,0,0,1.56,0,0,0,0,1.56,0,0,0.39,1.56,26.40614,2950,96,4850,314,48.5,0.1752572,0.64375,2732,56,32.3333321,0.03181335,0.64375,2556,33,32.3333321,0.0149356276,0.64375,2538,21,32.3333321,0.0117280157,0.64375,2577,29,32.3333321,0.0230689161,0.64375,3233,277,32.3333321,0.264129072,0.64375,2603,22,32.3333321,0.0166999,0.64375,2511,18,32.3333321,0.009853404,0.64375,50.0000076,43.0000038,99.9975,9.335495,27.545269,25.312645,5.10675049,9.77401352,34.3177948,38.25,0.25,0,55,0,85,0.416,1.01,16,16,16,32,48,30,295,160,130,0,0,0,16,38.25,0.25,0,55,0,85,0.416,1.01,16,16,16,32,48,30,295,160,130,0,0,0,16,512,-1,485.785156,485.480469,0.3046875,0.5,7618.451,7618.951,0,0,0,0,0,0,0,0,0,0,0,0,512,600,1200,3000,48,0.405000031,1.30500007,0,0,11,46,210,405,0,0,0,0,0,0,0,0,1.583,4.309,0.865,1773.582,72.85156,0,0,0,0,0,0,0,0,0,0,0,0,0,0,56.875,54,16376,14294,2081,12.7122488,4.833,0,2099200
05/27/2026 14:22:51,40,56,0,48,53,44,44,44,44,63,12.12,5.03,1.31000006,1.39200008,0.816000044,0.316,0.638,3.28400016,2.046,0,3.36800027,3.36800027,3.11600018,50,47,43,47,890,717,0,778,674,0,0,0,0,0,7.81,0,0,0,0,9.38,0,0,2.15,9.38,27.1985054,3887,151,4850,511,48.5,0.433243752,0.65625,4296,72,48.5,0.0867339,0.65625,4455,65,48.5,0.05221227,0.65625,2675,28,32.3333321,0.03612738,0.65625,4411,56,48.5,0.0589426272,0.65625,4850,412,48.5,0.388578415,0.65625,2887,40,32.3333321,0.03193371,0.65625,2674,21,32.3333321,0.0309890173,0.65625,50.2500076,45.3750038,99.9975,9.338478,27.5422859,25.3207321,5.107151,9.773613,34.320488,38.25,0.25,0,55,0,85,0.416,1.01,16,16,16,32,48,30,295,160,130,0,0,0,16,38.25,0.25,0,55,0,85,0.416,1.01,16,16,16,32,48,30,295,160,130,0,0,0,16,512,-1,485.785156,485.480469,0.3046875,0.5,7618.451,7618.951,0,0,0,0,0,0,0,0,0,0,0,0,512,600,1200,3000,49,0.969000041,1.30500007,0,4,15,46,210,405,0,0,0,0,0,0,0,0,2.129,6.53,0.865,1773.582,72.85156,0.0051244325,0,0,0,0,0,0,0,0,0,0,0,0,0,56.90625,54,16376,14294,2081,12.7122488,5.618,49152,0
05/27/2026 14:22:53,40,57,0,48,53,44,44,44,44,63,12.12,5.03,1.30800009,1.39200008,0.738000035,0.312,0.638,3.28400016,2.046,0,3.36800027,3.36800027,3.11600018,50,46.5,43,47,893,748,0,781,674,0,0,0,0,0,4.62,0,0,0,0,0,0,0,0.58,4.62,27.7600975,3027,77,3600,269,36,0.14157027,0.9625,2955,42,36,0.0219552256,0.95625,2556,27,32.3333321,0.0112783266,1.125,2566,21,32.3333321,0.01035504,1.125,2563,28,32.3333321,0.0151444776,1.125,4739,189,48.5,0.14787437,1.125,2521,18,32.3333321,0.0108302357,1.125,2718,24,32.3333321,0.0111684147,1.125,50.5000076,43.0000038,99.99748,9.362736,27.5180283,25.3865051,5.135334,9.74543,34.50988,38.25,0.25,0,55,0,85,0.416,1.01,16,16,16,32,48,30,295,160,130,0,0,0,16,38.25,0.25,0,55,0,85,0.416,1.01,16,16,16,32,48,30,295,160,130,0,0,0,16,512,-1,485.785156,485.480469,0.3046875,0.5,7618.451,7618.951,0,0,0,0,0,0,0,0,0,0,0,0,512,600,1200,3000,50,0.965000033,1.30500007,0,0,14,46,210,405,0,0,0,0,0,0,0,0,0.982,4.058,0.865,1773.582,72.85156,0,0,0,0,0,0,0,0,0,0,0,0,0,0,56.84375,54,16376,14294,2081,12.7122488,5.106,0,0
05/27/2026 14:22:55,40,57,0,48,53,44,44,44,44,63,12.12,5.03,1.30800009,1.39200008,0.758,0.320000023,0.638,3.288,2.046,0,3.36800027,3.36800027,3.11600018,50,47,43,47,893,723,0,792,674,0,0,0,0,0,12.5,4.62,0,3.12,1.56,9.38,1.56,1.56,4.29,12.5,26.8924789,3342,121,4850,414,48.5,0.275074452,0.64375,2994,77,32.3333321,0.07122518,0.64375,2921,47,32.3333321,0.04134505,0.64375,2821,32,32.3333321,0.03606298,0.64375,2749,34,32.3333321,0.0413901545,0.64375,4850,304,48.5,0.251813382,0.64375,2853,36,32.3333321,0.03303068,0.64375,2695,25,32.3333321,0.0281157661,0.64375,50.2500076,44.8750038,99.9975,9.33770752,27.5430565,25.3186417,5.11185455,9.768909,34.3520966,38.25,0.25,0,55,0,85,0.416,1.01,16,16,16,32,48,30,295,160,130,0,0,0,16,38.25,0.25,0,55,0,85,0.416,1.01,16,16,16,32,48,30,295,160,130,0,0,0,16,512,-1,485.785156,485.480469,0.3046875,0.5,7618.451,7618.951,0,0,0,0,0,0,0,0,0,0,0,0,512,600,1200,3000,49,0.844000041,1.30500007,0,0,12,45,210,405,0,0,0,0,0,0,0,0,1.495,3.385,0.865,1773.582,72.85156,0.9615657,0,0,0,0,0,0,0,0,0,0,0,0,0,56.90625,54,16376,14294,2081,12.7122488,4.348,0,0
05/27/2026 14:22:57,40,57,0,48,53,44,44,44,44,63,12.12,5.03,1.30800009,1.39200008,0.702,0.31,0.638,3.28400016,2.046,0,3.364,3.364,3.11600018,50,47,43,47,893,754,0,778,690,0,0,0,0,0,4.62,0,0,0,0,3.08,0,0,0.96,4.62,26.51198,3194,86,4850,316,48.5,0.173115939,0.65,2673,46,32.3333321,0.0290022828,0.65,2575,25,32.3333321,0.01145788,0.65,2566,18,32.3333321,0.0098145185,0.65,2584,25,32.3333321,0.0148211056,0.65,4844,206,48.5,0.180571765,0.65,2883,34,32.3333321,0.0154749714,0.65,2575,19,32.3333321,0.0104031209,0.65,50.1250076,44.3750038,99.99749,9.331223,27.5495415,25.3010559,5.10454559,9.776218,34.30298,38.25,0.25,0,55,0,85,0.416,1.01,16,16,16,32,48,30,295,160,130,0,0,0,16,38.25,0.25,0,55,0,85,0.416,1.01,16,16,16,32,48,30,295,160,130,0,0,0,16,512,-1,485.785156,485.480469,0.3046875,0.5,7618.451,7618.951,0,0,0,0,0,0,0,0,0,0,0,0,512,600,1200,3000,50,0.745000064,1.30500007,0,0,14,45,210,405,0,0,0,0,0,0,0,0,1.709,5.464,0.865,1773.582,72.85156,0,0,0,0,0,0,0,0,0,0,0,0,0,0,56.78125,54,16376,14294,2081,12.7122488,5.793,0,0
05/27/2026 14:22:59,40,58,0,48,53,44,44,44,44,63,12.0960007,5.03,1.30800009,1.39200008,0.832,0.314,0.638,3.28400016,2.046,0,3.36800027,3.364,3.11200023,50,47,43,47,906,733,0,791,673,0,0,0,0,0,10.77,1.54,0,0,0,1.54,0,0,1.73,10.77,27.5958729,3370,134,4040,513,40.4,0.408597231,0.63125,3658,76,40.4,0.08490058,0.63125,3022,41,33.6666679,0.0399847776,0.63125,2785,31,33.6666679,0.031705562,0.63125,2943,47,33.6666679,0.0474602543,0.63125,4850,312,48.5,0.336553663,0.5375,2873,32,33.6666679,0.0325618461,0.5375,2787,22,33.6666679,0.0276369024,0.61875,50.2500076,45.3750038,99.99749,9.337166,27.5435982,25.31717,5.10858154,9.772182,34.3301,38.25,0.25,0,55,0,85,0.416,1.01,16,16,16,32,48,30,295,160,130,0,0,0,16,38.25,0.25,0,55,0,85,0.416,1.01,16,16,16,32,48,30,295,160,130,0,0,0,16,512,-1,485.785156,485.480469,0.3046875,0.5,7618.451,7618.951,0,0,0,0,0,0,0,0,0,0,0,0,512,600,1200,3000,49,0.75000006,1.30500007,0,0,14,45,210,405,0,0,0,0,0,0,0,0,1.941,6.564,0.865,1773.582,72.85156,0.006257817,0,0,0,0,0,0,0,0,0,0,0,0,0,56.9375,54,16376,14294,2081,12.7122488,5.595,0,0
05/27/2026 14:23:01,40,58,0,48,53,44,44,44,44,63,12.12,5.03,1.30800009,1.39200008,0.780000031,0.314,0.638,3.28400016,2.046,0,3.364,3.364,3.11200023,50,46.5,43,47,898,737,0,794,673,0,0,0,0,0,4.69,0,0,0,0,0,0,0,0.59,4.69,27.5158024,3111,91,3600,359,36,0.212677687,0.9625,2877,45,36,0.0258759875,0.95625,2891,29,36,0.0121086352,0.95625,2753,20,36,0.0102166748,0.95,2817,28,36,0.0174000375,0.95625,4786,199,48.5,0.146776035,0.95625,2693,28,32.3333321,0.0118031232,1,2473,19,32.3333321,0.0101730237,1,50.1250076,44.8750038,99.99749,9.370396,27.5103683,25.4072723,5.136059,9.744705,34.5147552,38.25,0.25,0,55,0,85,0.416,1.01,16,16,16,32,48,30,295,160,130,0,0,0,16,38.25,0.25,0,55,0,85,0.416,1.01,16,16,16,32,48,30,295,160,130,0,0,0,16,512,-1,485.785156,485.480469,0.3046875,0.5,7618.451,7618.951,0,0,0,0,0,0,0,0,0,0,0,0,512,600,1200,3000,47,0.405000031,1.30500007,0,0,11,45,210,405,0,0,0,0,0,0,0,0,0.941,3.467,0.865,1773.582,72.85156,0,0,0,0,0,0,0,0,0,0,0,0,0,0,56.8125,54,16376,14294,2081,12.7122488,4.528,0,0
05/27/2026 14:23:03,40,58,0,48,53,44,44,44,44,63,12.12,5.03,1.31000006,1.39200008,0.838000059,0.324,0.638,3.28400016,2.046,0,3.364,3.364,3.11600018,50,47,43,47,890,736,0,791,690,0,0,0,0,0,15.62,4.62,3.08,1.54,3.08,4.62,4.62,3.08,5.03,15.62,26.9465752,3254,116,4850,503,48.5,0.364276946,0.64375,2886,68,32.3333321,0.06113845,0.64375,2725,40,32.3333321,0.0358135737,0.64375,2640,30,32.3333321,0.0296822153,0.64375,2765,37,32.3333321,0.03678667,0.64375,4750,200,48.5,0.194416851,0.64375,2696,25,32.3333321,0.0290349014,0.64375,2718,25,32.3333321,0.0294451285,0.64375,50.1250076,43.5000038,99.99749,9.339088,27.5416756,25.3223877,5.109535,9.771229,34.33651,38.25,0.25,0,55,0,85,0.416,1.01,16,16,16,32,48,30,295,160,130,0,0,0,16,38.25,0.25,0,55,0,85,0.416,1.01,16,16,16,32,48,30,295,160,130,0,0,0,16,512,-1,485.785156,485.480469,0.3046875,0.5,7618.451,7618.951,0,0,0,0,0,0,0,0,0,0,0,0,512,600,1200,3000,47,0.570000052,1.30500007,0,0,11,45,210,405,0,0,0,0,0,0,0,0,1.792,3.541,0.865,1773.582,72.85156,0.9579219,0,0,0,0,0,0,0,0,0,0,0,0,0,56.84375,54,16376,14294,2081,12.7122488,4.887,0,0
05/27/2026 14:23:05,40,58,0,48,53,44,44,44,44,63,12.12,5.03,1.30800009,1.39200008,0.682000041,0.318000019,0.638,3.28400016,2.046,0,3.36800027,3.36800027,3.11600018,50,46.5,43,47,904,767,0,781,690,0,0,0,0,0,3.08,0,0,0,0,3.08,0,0,0.77,3.08,26.6810741,3182,89,4850,340,48.5,0.230255917,0.64375,2684,43,32.3333321,0.03152422,0.65,2532,26,32.3333321,0.0132203493,0.65,2532,22,32.3333321,0.0118535785,0.65,2740,34,32.3333321,0.0186325889,0.65,4824,201,48.5,0.227770656,0.65,2562,22,32.3333321,0.0120853484,0.65,2735,26,32.3333321,0.013086414,0.65,50.1250076,45.3750038,99.99749,9.333542,27.5472221,25.3073425,5.102623,9.778141,34.290062,38.25,0.25,0,55,0,85,0.416,1.01,16,16,16,32,48,30,295,160,130,0,0,0,16,38.25,0.25,0,55,0,85,0.416,1.01,16,16,16,32,48,30,295,160,130,0,0,0,16,512,-1,485.785156,485.480469,0.3046875,0.5,7618.451,7618.951,0,0,0,0,0,0,0,0,0,0,0,0,512,600,1200,3000,48,0.420000017,1.30500007,0,0,11,45,210,405,0,0,0,0,0,0,0,0,1.673,6.248,0.865,1773.582,72.85156,0,0,0,0,0,0,0,0,0,0,0,0,0,0,56.59375,54,16376,14294,2081,12.7122488,6.004,49152,0
05/27/2026 14:23:07,40,58,0,48,53,44,44,44,44,63,12.12,5.03,1.31000006,1.39200008,0.796000063,0.314,0.638,3.288,2.046,0,3.36800027,3.36800027,3.11600018,50,47,43,47,907,769,0,778,690,0,0,0,0,0,7.81,0,1.56,0,0,6.25,0,0,1.95,7.81,27.0377254,3293,146,3600,451,36,0.3327517,0.9625,3369,84,36,0.08520677,0.95625,3213,51,36,0.0411317,0.95625,3024,29,36,0.0301431213,0.95,3198,56,36,0.05583345,0.95625,3600,429,36,0.432539463,0.95625,3230,47,36,0.04232414,0.95,3109,25,36,0.0278940853,0.94375,50.1250076,42.5000038,99.99748,9.340218,27.5405464,25.3254471,5.107025,9.773739,34.31964,38.25,0.25,0,55,0,85,0.416,1.01,16,16,16,32,48,30,295,160,130,0,0,0,16,38.25,0.25,0,55,0,85,0.416,1.01,16,16,16,32,48,30,295,160,130,0,0,0,16,512,-1,485.785156,485.480469,0.3046875,0.5,7618.451,7618.951,0,0,0,0,0,0,0,0,0,0,0,0,512,600,1200,3000,48,1.05000007,1.30500007,0,7,14,45,210,405,0,0,0,0,0,0,0,0,1.513,6.108,0.865,1773.582,72.85156,0.006162753,0,0,0,0,0,0,0,0,0,0,0,0,0,56.6875,54,16376,14294,2081,12.7122488,4.924,0,0
05/27/2026 14:23:09,40,58,0,48,53,44,44,44,44,63,12.12,5.03,1.31000006,1.39200008,0.764000058,0.314,0.638,3.28400016,2.046,0,3.36800027,3.36800027,3.11600018,50,47,43,47,892,769,0,792,690,0,0,0,0,0,3.12,0,0,0,0,3.12,0,0,0.78,3.12,27.63219,2947,98,3233,389,32.3333321,0.2477538,0.6875,2796,63,32.3333321,0.0513446555,0.6875,2540,31,32.3333321,0.02779787,0.6875,2518,27,32.3333321,0.02085013,0.6875,2776,53,32.3333321,0.035348665,0.6875,4561,170,48.5,0.164120659,0.6875,2574,22,32.3333321,0.0192587078,0.6875,2578,27,32.3333321,0.0215343274,0.6875,50.6250076,45.3750038,99.99749,9.365303,27.515461,25.3934631,5.134468,9.746296,34.5040665,38.25,0.25,0,55,0,85,0.416,1.01,16,16,16,32,48,30,295,160,130,0,0,0,16,38.25,0.25,0,55,0,85,0.416,1.01,16,16,16,32,48,30,295,160,130,0,0,0,16,512,-1,485.785156,485.480469,0.3046875,0.5,7618.451,7618.951,0,0,0,0,0,0,0,0,0,0,0,0,512,600,1200,3000,49,0.955000043,1.30500007,0,0,15,45,210,405,0,0,0,0,0,0,0,0,1.331,3.379,0.865,1773.582,72.85156,0.9510588,0,0,0,0,0,0,0,0,0,0,0,0,0,56.75,54,16376,14294,2081,12.7122488,4.352,0,0
05/27/2026 14:23:11,40,58,0,48,53,44,44,44,44,63,12.12,5.03,1.30800009,1.39200008,0.738000035,0.308000028,0.638,3.28400016,2.046,0,3.36800027,3.36800027,3.11600018,50,47,43,47,908,738,0,795,691,0,0,0,0,0,4.69,0,0,0,0,1.56,0,0,0.78,4.69,26.242321,3307,85,4850,301,48.5,0.147233263,0.64375,3947,53,48.5,0.0322380923,0.64375,2546,26,32.3333321,0.0118181044,0.64375,2529,21,32.3333321,0.0106445644,0.64375,2559,28,32.3333321,0.0161116514,0.64375,4812,203,48.5,0.142469138,0.64375,2500,18,32.3333321,0.0104538053,0.64375,2712,28,32.3333321,0.0115007032,0.64375,50.2500076,43.0000038,99.99748,9.333977,27.5467873,25.3085251,5.1019783,9.778786,34.28573,38.25,0.25,0,55,0,85,0.416,1.01,16,16,16,32,48,30,295,160,130,0,0,0,16,38.25,0.25,0,55,0,85,0.416,1.01,16,16,16,32,48,30,295,160,130,0,0,0,16,512,-1,485.785156,485.480469,0.3046875,0.5,7618.451,7618.951,0,0,0,0,0,0,0,0,0,0,0,0,512,600,1200,3000,47,0.930000067,1.30500007,0,0,13,45,210,405,0,0,0,0,0,0,0,0,1.782,5.338,0.865,1773.582,72.85156,0,0,0,0,0,0,0,0,0,0,0,0,0,0,56.71875,54,16376,14294,2081,12.7122488,5.666,0,0
05/27/2026 14:23:13,40,58,0,48,53,44,44,44,44,63,12.12,5.03,1.30800009,1.39200008,0.770000041,0.314,0.638,3.28400016,2.046,0,3.36800027,3.364,3.11600018,50,47,43,47,904,739,0,793,673,0,0,0,0,0,6.15,1.54,0,0,0,4.62,0,0,1.54,6.15,27.2970123,3045,131,4850,459,48.5,0.3516414,0.66875,2828,64,32.3333321,0.06142627,0.66875,2676,34,32.3333321,0.0394915864,0.66875,2593,26,32.3333321,0.0295927785,0.66875,2755,39,32.3333321,0.0394519567,0.66875,3233,368,32.3333321,0.3539494,0.66875,2665,27,32.3333321,0.0305185057,0.66875,2763,30,32.3333321,0.0318173133,0.66875,50.3750076,43.0000038,99.99749,9.341042,27.5397224,25.3276825,5.110161,9.770603,34.3407135,38.25,0.25,0,55,0,85,0.416,1.01,16,16,16,32,48,30,295,160,130,0,0,0,16,38.25,0.25,0,55,0,85,0.416,1.01,16,16,16,32,48,30,295,160,130,0,0,0,16,512,-1,485.785156,485.480469,0.3046875,0.5,7618.451,7618.951,0,0,0,0,0,0,0,0,0,0,0,0,512,600,1200,3000,49,0.984,1.30500007,0,5,14,45,210,405,0,0,0,0,0,0,0,0,2.062,6.609,0.865,1773.582,72.85156,0.9602406,0,0,0,0,0,0,0,0,0,0,0,0,0,56.71875,54,16376,14294,2081,12.7122488,5.972,0,0
05/27/2026 14:23:15,40,58,0,48,53,44,44,44,44,63,12.12,5.03,1.30800009,1.39200008,0.67,0.308000028,0.638,3.28400016,2.046,0,3.36800027,3.364,3.11600018,50,47,43,47,893,740,0,778,674,0,0,0,0,0,4.62,1.54,0,0,0,1.54,0,0,0.96,4.62,28.14714,3058,78,3600,279,36,0.162801713,0.9625,2947,46,36,0.03009478,0.95625,2847,25,36,0.01001167,0.95625,2828,23,36,0.009762922,0.95,2972,36,36,0.0136961667,0.95625,3468,174,36,0.142354935,0.95625,2956,22,36,0.0106757116,0.95,2847,18,36,0.009404793,0.94375,50.5000076,45.3750038,99.99749,9.365822,27.5149422,25.3948746,5.13687134,9.743893,34.52021,38.25,0.25,0,55,0,85,0.416,1.01,16,16,16,32,48,30,295,160,130,0,0,0,16,38.25,0.25,0,55,0,85,0.416,1.01,16,16,16,32,48,30,295,160,130,0,0,0,16,512,-1,485.785156,485.480469,0.3046875,0.5,7618.451,7618.951,0,0,0,0,0,0,0,0,0,0,0,0,512,600,1200,3000,47,0.405000031,1.30500007,0,0,11,45,210,405,0,0,0,0,0,0,0,0,0.992,4.03,0.865,1773.582,72.85156,0,0,0,0,0,0,0,0,0,0,0,0,0,0,56.6875,54,16376,14294,2081,12.7122488,4.687,0,0
05/27/2026 14:23:17,40,57,0,48,53,44,44,44,44,63,12.0960007,5.03,1.30800009,1.388,0.768,0.316,0.638,3.28400016,2.046,0,3.364,3.364,3.11200023,50,46.5,43,47,892,738,0,794,674,0,0,0,0,0,6.25,0,0,0,0,1.56,0,0,0.98,6.25,26.5523834,3162,121,4850,430,48.5,0.296411157,0.65,2882,69,32.3333321,0.0577307567,0.65,2751,34,32.3333321,0.0318982229,0.65,2947,45,32.3333321,0.04346571,0.65,2927,49,32.3333321,0.04369645,0.65,3233,271,32.3333321,0.26108247,0.65,2945,38,32.3333321,0.03150291,0.65,2765,29,32.3333321,0.0284242518,0.65,50.2500076,44.0000038,99.99749,9.333866,27.5468979,25.3082275,5.10463333,9.776131,34.3035736,38.25,0.25,0,55,0,85,0.416,1.01,16,16,16,32,48,30,295,160,130,0,0,0,16,38.25,0.25,0,55,0,85,0.416,1.01,16,16,16,32,48,30,295,160,130,0,0,0,16,512,-1,485.785156,485.480469,0.3046875,0.5,7618.451,7618.951,0,0,0,0,0,0,0,0,0,0,0,0,512,600,1200,3000,48,0.745000064,1.30500007,0,0,14,45,210,405,0,0,0,0,0,0,0,0,1.35,3.392,0.865,1773.582,72.85156,0.9604879,0,0,0,0,0,0,0,0,0,0,0,0,0,56.78125,54,16376,14294,2081,12.7122488,4.19,0,0
05/27/2026 14:23:19,40,57,0,48,53,44,44,44,44,63,12.0960007,5.03,1.30800009,1.388,0.722000062,0.312,0.638,3.28400016,2.046,0,3.364,3.364,3.11200023,50,47,43,47,891,729,0,792,690,0,0,0,0,0,7.81,1.56,0,0,0,1.56,0,0,1.37,7.81,27.1259823,3294,122,4850,473,48.5,0.375501424,0.65,2937,70,32.3333321,0.0665549859,0.65,2798,46,32.3333321,0.0336896479,0.65,2631,27,32.3333321,0.0312747359,0.65,2808,40,32.3333321,0.0369991958,0.65,4850,260,48.5,0.2933224,0.65,2627,28,32.3333321,0.0283337533,0.65,2854,32,32.3333321,0.0349622071,0.65,50.3750076,42.5000038,99.99749,9.36558151,27.5151825,25.3942184,5.139805,9.740959,34.5399246,38.25,0.25,0,55,0,85,0.416,1.01,16,16,16,32,48,30,295,160,130,0,0,0,16,38.25,0.25,0,55,0,85,0.416,1.01,16,16,16,32,48,30,295,160,130,0,0,0,16,512,-1,485.785156,485.480469,0.3046875,0.5,7618.451,7618.951,0,0,0,0,0,0,0,0,0,0,0,0,512,600,1200,3000,49,0.784000039,1.30500007,0,0,13,45,210,405,0,0,0,0,0,0,0,0,2.163,6.024,0.865,1773.582,72.85156,0.991071343,0,0,0,0,0,0,0,0,0,0,0,0,0,56.59375,52,16376,14294,2081,12.7122488,6.137,0,0
05/27/2026 14:23:21,40,57,0,48,53,44,44,44,44,63,12.12,5.03,1.30800009,1.39200008,0.774000049,0.324,0.638,3.28400016,2.046,0,3.36800027,3.36800027,3.11600018,50,47,43,47,902,727,0,791,674,0,0,0,0,0,7.94,1.59,0,0,0,1.59,0,0,1.39,7.94,27.669838,3282,125,4850,465,48.5,0.3348066,0.65,3083,90,32.3333321,0.07963087,0.65,2655,39,32.3333321,0.03559852,0.65,2620,30,32.3333321,0.0310157575,0.65,2859,48,32.3333321,0.0412293561,0.65,4850,274,48.5,0.233669519,0.65,2758,30,32.3333321,0.04646212,0.65,2584,23,32.3333321,0.02848738,0.65,50.5000076,42.5000038,99.99748,9.335808,27.5449562,25.3134918,5.109974,9.77079,34.3394623,38.25,0.25,0,55,0,85,0.416,1.01,16,16,16,32,48,30,295,160,130,0,0,0,16,38.25,0.25,0,55,0,85,0.416,1.01,16,16,16,32,48,30,295,160,130,0,0,0,16,512,-1,485.785156,485.480469,0.3046875,0.5,7618.451,7618.951,0,0,0,0,0,0,0,0,0,0,0,0,512,600,1200,3000,47,0.61,1.30500007,0,0,13,45,210,405,0,0,0,0,0,0,0,0,1.934,6.448,0.865,1773.582,72.85156,0.9842634,0,0,0,0,0,0,0,0,0,0,0,0,0,56.59375,54,16376,14294,2081,12.7122488,6.093,0,0
05/27/2026 14:23:23,40,58,0,48,53,44,44,44,44,63,12.12,5.03,1.31000006,1.39200008,0.72,0.31,0.638,3.28400016,2.046,0,3.36800027,3.364,3.11600018,50,47,43,47,896,757,0,791,691,0,0,0,0,0,4.69,0,0,0,0,3.12,0,0,0.98,4.69,26.982914,3153,88,3600,320,36,0.166083485,0.9625,3161,62,36,0.0343080461,0.95625,3002,32,36,0.0130639719,0.95625,2854,24,36,0.0106144771,0.95,2582,28,32.3333321,0.015753001,1.1375,4735,188,48.5,0.1580289,1.1375,2728,27,32.3333321,0.0122159468,1.1375,2565,20,32.3333321,0.0104470532,1.1375,50.5000076,43.5000038,99.99749,9.363674,27.51709,25.3890457,5.13672638,9.744038,34.51924,38.25,0.25,0,55,0,85,0.416,1.01,16,16,16,32,48,30,295,160,130,0,0,0,16,38.25,0.25,0,55,0,85,0.416,1.01,16,16,16,32,48,30,295,160,130,0,0,0,16,512,-1,485.785156,485.480469,0.3046875,0.5,7618.451,7618.951,0,0,0,0,0,0,0,0,0,0,0,0,512,600,1200,3000,47,0.575000048,1.30500007,0,0,13,45,210,405,0,0,0,0,0,0,0,0,0.951,3.553,0.865,1773.582,72.85156,0,0,0,0,0,0,0,0,0,0,0,0,0,0,56.53125,54,16376,14294,2081,12.7122488,4.642,0,0
05/27/2026 14:23:25,40,58,0,48,53,44,44,44,44,63,12.12,5.03,1.30800009,1.39200008,0.752000034,0.324,0.638,3.28400016,2.046,0,3.36800027,3.364,3.11600018,50,47,43,47,894,765,0,778,690,0,0,0,0,0,12.5,4.69,1.56,1.56,1.56,7.69,0,3.12,4.09,12.5,27.0833549,3304,115,4850,434,48.5,0.300285667,0.65,2891,64,32.3333321,0.0597466,0.65,2959,51,32.3333321,0.0432458855,0.65,2654,29,32.3333321,0.03108289,0.65,2961,57,32.3333321,0.04733906,0.65,4850,240,48.5,0.213124618,0.65,2600,23,32.3333321,0.0295926165,0.65,2666,23,32.3333321,0.0280415118,0.65,50.2500076,43.5000038,99.9975,9.340443,27.5403214,25.32605,5.114498,9.766266,34.3698654,38.25,0.25,0,55,0,85,0.416,1.01,16,16,16,32,48,30,295,160,130,0,0,0,16,38.25,0.25,0,55,0,85,0.416,1.01,16,16,16,32,48,30,295,160,130,0,0,0,16,512,-1,485.785156,485.480469,0.3046875,0.5,7618.451,7618.951,0,0,0,0,0,0,0,0,0,0,0,0,512,600,1200,3000,48,0.62,1.30500007,0,1,14,45,210,405,0,0,0,0,0,0,0,0,1.801,3.476,0.865,1773.582,72.85156,0.958045244,0,0,0,0,0,0,0,0,0,0,0,0,0,56.53125,54,16376,14294,2081,12.7122488,4.724,0,0
05/27/2026 14:23:27,40,58,0,48,53,44,44,44,44,63,12.12,5.03,1.30800009,1.39200008,0.66200006,0.308000028,0.638,3.28400016,2.046,0,3.364,3.364,3.11600018,50,47,43,47,894,768,0,778,690,0,0,0,0,0,6.15,3.08,3.08,0,1.54,6.15,0,1.54,2.69,6.15,26.690733,3010,85,4850,318,48.5,0.182515189,0.6625,2710,41,32.3333321,0.0264014713,0.6625,2589,25,32.3333321,0.0105975568,0.6625,2572,20,32.3333321,0.00983884651,0.6625,2825,43,32.3333321,0.0162915085,0.6625,3141,190,32.3333321,0.17525816,0.6625,2565,18,32.3333321,0.009729944,0.6625,2824,27,32.3333321,0.015460385,0.6625,50.1250076,43.0000038,99.99748,9.336475,27.5442886,25.3152924,5.10870361,9.77206,34.330925,38.25,0.25,0,55,0,85,0.416,1.01,16,16,16,32,48,30,295,160,130,0,0,0,16,38.25,0.25,0,55,0,85,0.416,1.01,16,16,16,32,48,30,295,160,130,0,0,0,16,512,-1,485.785156,485.480469,0.3046875,0.5,7618.451,7618.951,0,0,0,0,0,0,0,0,0,0,0,0,512,600,1200,3000,48,0.719000041,1.30500007,0,0,14,45,210,405,0,0,0,0,0,0,0,0,1.812,6.258,0.865,1773.582,72.85156,0,0,0,0,0,0,0,0,0,0,0,0,0,0,56.4375,52,16376,14294,2081,12.7122488,6.224,0,0
05/27/2026 14:23:29,40,58,0,48,53,44,44,44,44,63,12.12,5.03,1.30800009,1.39200008,0.766000032,0.324,0.638,3.28400016,2.046,0,3.36800027,3.364,3.11600018,50,47,43,47,904,740,0,792,690,0,0,0,0,0,3.12,0,0,0,0,3.12,0,0,0.78,3.12,27.0404243,3248,120,4850,398,48.5,0.286261529,0.65,2873,63,32.3333321,0.05940673,0.65,2629,32,32.3333321,0.03138699,0.65,2728,39,32.3333321,0.0328615978,0.65,2766,48,32.3333321,0.0362894423,0.65,4850,329,48.5,0.311354876,0.65,2577,24,32.3333321,0.0250140782,0.65,2710,27,32.3333321,0.0258079562,0.65,50.2500076,44.8750038,99.9975,9.340584,27.54018,25.3264389,5.11135864,9.769405,34.3487625,38.25,0.25,0,55,0,85,0.416,1.01,16,16,16,32,48,30,295,160,130,0,0,0,16,38.25,0.25,0,55,0,85,0.416,1.01,16,16,16,32,48,30,295,160,130,0,0,0,16,512,-1,485.785156,485.480469,0.3046875,0.5,7618.451,7618.951,0,0,0,0,0,0,0,0,0,0,0,0,512,600,1200,3000,48,0.575000048,1.30500007,0,0,13,45,210,405,0,0,0,0,0,0,0,0,1.582,6.241,0.865,1773.582,72.85156,0.00620010076,0,0,0,0,0,0,0,0,0,0,0,0,0,56.46875,54,16376,14294,2081,12.7122488,5.087,49152,0
05/27/2026 14:23:31,40,57,0,48,53,44,44,44,44,63,12.12,5.03,1.30800009,1.39200008,0.758,0.312,0.638,3.28400016,2.046,0,3.364,3.364,3.11600018,50,47,43,47,902,734,0,782,674,0,0,0,0,0,6.15,0,0,0,0,3.08,0,0,1.15,6.15,27.0061321,2948,75,3600,264,36,0.142569482,0.9625,2892,41,36,0.0200905632,0.95625,2835,24,36,0.010307855,0.95625,2810,22,36,0.0100284871,0.95,2921,31,36,0.0198922828,0.95625,3527,183,36,0.125666216,0.95625,2479,16,32.3333321,0.009607086,1.0625,2521,18,32.3333321,0.009727174,1.0625,50.2500076,45.3750038,99.99748,9.337097,27.5436668,25.3169861,5.105858,9.774906,34.3118,38.25,0.25,0,55,0,85,0.416,1.01,16,16,16,32,48,30,295,160,130,0,0,0,16,38.25,0.25,0,55,0,85,0.416,1.01,16,16,16,32,48,30,295,160,130,0,0,0,16,512,-1,485.785156,485.480469,0.3046875,0.5,7618.451,7618.951,0,0,0,0,0,0,0,0,0,0,0,0,512,600,1200,3000,47,0.42900002,1.30500007,0,0,11,45,210,405,0,0,0,0,0,0,0,0,1.027,3.476,0.865,1773.582,72.85156,0,0,0,0,0,0,0,0,0,0,0,0,0,0,56.4375,54,16376,14294,2081,12.7122488,4.304,0,0
05/27/2026 14:23:33,40,57,0,48,53,44,44,44,44,63,12.12,5.03,1.30800009,1.39200008,0.85800004,0.336000025,0.638,3.28400016,2.046,0,3.36800027,3.364,3.11600018,50,46.5,43,47,900,733,0,782,690,0,0,0,0,0,4.69,0,0,0,0,0,0,0,0.59,4.69,27.0041218,3298,120,4850,437,48.5,0.375929832,0.65,2867,70,32.3333321,0.06212522,0.65,2965,57,32.3333321,0.05969192,0.65,2697,25,32.3333321,0.0305369142,0.65,2800,36,32.3333321,0.0506563634,0.65,4850,287,48.5,0.319571555,0.65,2700,27,32.3333321,0.0296851471,0.65,2659,25,32.3333321,0.029441826,0.65,50.2500076,42.5000038,99.9975,9.343357,27.5374069,25.3339539,5.11161041,9.769154,34.3504562,38.25,0.25,0,55,0,85,0.416,1.01,16,16,16,32,48,30,295,160,130,0,0,0,16,38.25,0.25,0,55,0,85,0.416,1.01,16,16,16,32,48,30,295,160,130,0,0,0,16,512,-1,485.785156,485.480469,0.3046875,0.5,7618.451,7618.951,0,0,0,0,0,0,0,0,0,0,0,0,512,600,1200,3000,47,0.924,1.30500007,0,0,12,45,210,405,0,0,0,0,0,0,0,0,1.958,4.077,0.865,1773.582,72.85156,0.00493752025,0,0,0,0,0,0,0,0,0,0,0,0,0,56.40625,54,16376,14294,2081,12.7122488,4.397,0,0
05/27/2026 14:23:35,40,57,0,48,53,44,44,44,44,63,12.12,5.03,1.30800009,1.39200008,0.744,0.318000019,0.638,3.28400016,2.046,0,3.364,3.364,3.11600018,50,46.5,43,47,899,755,0,778,673,0,0,0,0,0,3.12,0,0,0,0,0,0,0,0.39,3.12,27.1650639,2979,92,4850,319,48.5,0.1840086,0.65,2684,60,32.3333321,0.0353045128,0.65,2588,25,32.3333321,0.0121224485,0.65,2666,23,32.3333321,0.02659742,0.65,2603,27,32.3333321,0.0168275684,0.65,3233,247,32.3333321,0.226216763,0.65,2617,19,32.3333321,0.01012951,0.65,2592,19,32.3333321,0.01012951,0.65,50.3750076,44.8750038,99.99748,9.36531448,27.51545,25.3934937,5.136135,9.744629,34.5152664,38.25,0.25,0,55,0,85,0.416,1.01,16,16,16,32,48,30,295,160,130,0,0,0,16,38.25,0.25,0,55,0,85,0.416,1.01,16,16,16,32,48,30,295,160,130,0,0,0,16,512,-1,485.785156,485.480469,0.3046875,0.5,7618.451,7618.951,0,0,0,0,0,0,0,0,0,0,0,0,512,600,1200,3000,47,0.410000026,1.30500007,0,0,11,45,210,405,0,0,0,0,0,0,0,0,1.67,6.55,0.865,1773.582,72.85156,0,0,0,0,0,0,0,0,0,0,0,0,0,0,56.375,52,16376,14294,2081,12.7122488,6.065,0,49152
05/27/2026 14:23:37,40,58,0,48,53,44,44,44,44,63,12.12,5.04,1.31000006,1.39200008,0.768,0.324,0.638,3.292,2.046,0,3.37200022,3.37200022,3.12000012,50,47,43,47,894,759,0,793,673,0,0,0,0,0,9.38,0,0,0,1.56,7.81,0,0,2.34,9.38,27.5411243,3178,116,3600,462,36,0.32065326,0.9625,3070,57,36,0.057080742,0.95625,2892,29,36,0.0200069062,0.95625,2590,27,32.3333321,0.0187555309,1.1375,2954,52,32.3333321,0.03125492,1.1375,4850,243,48.5,0.24475728,1.1375,2542,20,32.3333321,0.0192117412,1.1375,2923,36,32.3333321,0.0224111825,1.1375,50.2500076,44.3750038,99.99749,9.342438,27.5383263,25.3314667,5.11235046,9.768414,34.35543,38.25,0.25,0,55,0,85,0.416,1.01,16,16,16,32,48,30,295,160,130,0,0,0,16,38.25,0.25,0,55,0,85,0.416,1.01,16,16,16,32,48,30,295,160,130,0,0,0,16,512,-1,485.785156,485.480469,0.3046875,0.5,7618.451,7618.951,0,0,0,0,0,0,0,0,0,0,0,0,512,600,1200,3000,49,0.965000033,1.30500007,0,1,14,45,210,405,0,0,0,0,0,0,0,0,1.406,4.891,0.865,1773.582,72.85156,0.951004565,0,0,0,0,0,0,0,0,0,0,0,0,0,56.34375,52,16376,14294,2081,12.7122488,4.734,0,0
05/27/2026 14:23:39,40,58,0,48,53,44,44,44,44,63,12.12,5.04,1.312,1.39200008,0.766000032,0.326,0.638,3.292,2.046,0,3.37200022,3.37200022,3.12000012,50,47,43,47,902,765,0,782,674,0,0,0,0,0,4.62,0,0,0,0,3.08,0,0,0.96,4.62,26.1379471,3215,88,4833,281,48.5,0.158647627,0.65,2853,66,32.3333321,0.0541055277,0.65,2615,24,32.3333321,0.0110981707,0.65,2584,23,32.3333321,0.0109451935,0.65,2641,32,32.3333321,0.0144464383,0.65,4850,234,48.5,0.209541857,0.65,2663,21,32.3333321,0.01049732,0.65,2678,22,32.3333321,0.01334548,0.65,50.1250076,42.0000038,99.9975,9.336472,27.5442924,25.3152924,5.106243,9.774521,34.3143845,38.25,0.25,0,55,0,85,0.416,1.01,16,16,16,32,48,30,295,160,130,0,0,0,16,38.25,0.25,0,55,0,85,0.416,1.01,16,16,16,32,48,30,295,160,130,0,0,0,16,512,-1,485.785156,485.480469,0.3046875,0.5,7618.451,7618.951,0,0,0,0,0,0,0,0,0,0,0,0,512,600,1200,3000,47,0.62,1.30500007,0,2,14,45,210,405,0,0,0,0,0,0,0,0,1.16,3.48,0.865,1773.582,72.85156,0,0,0,0,0,0,0,0,0,0,0,0,0,0,56.3125,52,16376,14294,2081,12.7122488,5.054,0,0
05/27/2026 14:23:41,40,58,0,48,53,44,44,44,44,63,12.144001,5.04,1.312,1.396,0.834000051,0.334000021,0.638,3.292,2.046,0,3.37200022,3.37200022,3.12000012,50,47.5,43,47,893,768,0,779,691,0,0,0,0,0,16.92,0,0,0,0,4.62,0,4.69,3.28,16.92,27.3286343,3267,118,4850,457,48.5,0.344393343,0.64375,2843,60,32.3333321,0.04641883,0.64375,2621,26,32.3333321,0.0248590857,0.64375,2556,22,32.3333321,0.0191726647,0.64375,2823,41,32.3333321,0.0362171344,0.64375,4850,265,48.5,0.264330328,0.64375,2627,24,32.3333321,0.0200876817,0.64375,2968,46,32.3333321,0.03699722,0.64375,50.1250076,44.8750038,99.9975,9.34170151,27.5390625,25.3294678,5.11034,9.770424,34.34192,38.25,0.25,0,55,0,85,0.416,1.01,16,16,16,32,48,30,295,160,130,0,0,0,16,38.25,0.25,0,55,0,85,0.416,1.01,16,16,16,32,48,30,295,160,130,0,0,0,16,512,-1,485.785156,485.480469,0.3046875,0.5,7618.451,7618.951,0,0,0,0,0,0,0,0,0,0,0,0,512,600,1200,3000,48,0.734,1.30500007,0,1,14,45,210,405,0,0,0,0,0,0,0,0,2.025,5.909,0.865,1773.582,72.85156,0.00654248567,0,0,0,0,0,0,0,0,0,0,0,0,0,56.375,54,16376,14294,2081,12.7122488,4.925,0,0
05/27/2026 14:23:43,40,58,0,48,53,44,44,44,44,63,12.144001,5.04,1.312,1.396,0.638,0.302000016,0.638,3.292,2.046,0,3.37200022,3.37200022,3.12000012,49,47.5,43,47,896,768,0,778,674,0,0,0,0,0,6.25,0,0,0,0,1.56,3.12,1.56,1.56,6.25,25.7503338,3138,86,4850,310,48.5,0.17059806,0.64375,2640,49,32.3333321,0.0435731262,0.64375,2522,28,32.3333321,0.0119008571,0.64375,2512,29,32.3333321,0.0121035045,0.64375,2550,36,32.3333321,0.01713801,0.64375,4685,188,48.5,0.159975037,0.65,2721,31,32.3333321,0.01960446,0.65,2626,20,32.3333321,0.0112242755,0.65,50.0000076,44.3750038,99.99749,9.33638,27.544384,25.31504,5.105007,9.775757,34.3060837,38.25,0.25,0,55,0,85,0.416,1.01,16,16,16,32,48,30,295,160,130,0,0,0,16,38.25,0.25,0,55,0,85,0.416,1.01,16,16,16,32,48,30,295,160,130,0,0,0,16,512,-1,485.785156,485.480469,0.3046875,0.5,7618.451,7618.951,0,0,0,0,0,0,0,0,0,0,0,0,512,600,1200,3000,47,0.405000031,1.30500007,0,0,11,45,210,405,0,0,0,0,0,0,0,0,1.565,6.577,0.865,1773.582,72.85156,0,0,0,0,0,0,0,0,0,0,0,0,0,0,56.28125,52,16376,14294,2081,12.7122488,6.397,0,0
05/27/2026 14:23:45,39,58,0,47,52,42,42,42,42,62,12.12,5.04,1.31000006,1.39200008,0.768,0.318000019,0.638,3.288,2.046,0,3.37200022,3.36800027,3.12000012,49,47.5,43,47,895,769,0,772,686,0,0,0,0,0,7.81,1.56,1.56,1.56,1.56,4.69,0,0,2.34,7.81,26.8417187,3301,119,3600,426,36,0.307487249,0.9625,3207,63,36,0.0676223,0.95625,2927,33,36,0.026874952,0.95625,3015,35,36,0.0294045061,0.95,3086,38,36,0.04611059,0.95625,3600,282,36,0.241355568,0.95625,2964,52,32.3333321,0.0434305556,0.91875,4006,25,48.5,0.0244249962,1,49.8750076,43.0000038,99.99748,9.342663,27.5381012,25.332077,5.110054,9.77071,34.3399963,38.25,0.25,0,55,0,85,0.416,1.01,16,16,16,32,48,30,295,160,130,0,0,0,16,38.25,0.25,0,55,0,85,0.416,1.01,16,16,16,32,48,30,295,160,130,0,0,0,16,512,-1,485.785156,485.480469,0.3046875,0.5,7618.451,7618.951,0,0,0,0,0,0,0,0,0,0,0,0,512,600,1200,3000,47,0.604000032,1.30500007,0,0,13,45,210,405,0,0,0,0,0,0,0,0,1.464,4.279,0.865,1773.582,72.85156,0.00636323728,0,0,0,0,0,0,0,0,0,0,0,0,0,56.25,54,16376,14294,2081,12.7122488,3.928,0,0
05/27/2026 14:23:47,39,58,0,47,52,43,43,43,43,62,12.12,5.04,1.31000006,1.39200008,0.836,0.326,0.638,3.292,2.046,0,3.37200022,3.37200022,3.12000012,50,47.5,43,47,881,741,0,764,679,0,0,0,0,0,10.77,3.12,1.56,1.56,0,6.15,0,4.69,3.48,10.77,26.12876,3162,88,4850,330,48.5,0.231891245,0.65,2585,43,32.3333321,0.0177114867,0.65,2648,30,32.3333321,0.0135458661,0.65,2517,22,32.3333321,0.0108359782,0.65,2602,35,32.3333321,0.0169540029,0.65,4759,188,48.5,0.178176686,0.65,2498,17,32.3333321,0.009869762,0.65,2836,38,32.3333321,0.0151481377,0.65,50.0000076,42.5000038,99.99748,9.364338,27.5164261,25.3908463,5.135372,9.745392,34.51014,38.25,0.25,0,55,0,85,0.416,1.01,16,16,16,32,48,30,295,160,130,0,0,0,16,38.25,0.25,0,55,0,85,0.416,1.01,16,16,16,32,48,30,295,160,130,0,0,0,16,512,-1,485.785156,485.480469,0.3046875,0.5,7618.451,7618.951,0,0,0,0,0,0,0,0,0,0,0,0,512,600,1200,3000,48,0.580000043,1.30500007,0,0,13,45,210,405,0,0,0,0,0,0,0,0,1.427,4,0.865,1773.582,72.85156,0,0,0,0,0,0,0,0,0,0,0,0,0,0,56.28125,54,16376,14294,2081,12.7122488,4.567,0,0
05/27/2026 14:23:49,40,58,0,47,52,44,44,44,44,63,12.144001,5.04,1.31000006,1.39200008,0.768,0.316,0.638,3.292,2.046,0,3.37200022,3.37200022,3.12000012,50,47,43,47,894,740,0,766,660,0,0,0,0,0,6.25,0,0,0,0,1.56,0,0,0.98,6.25,27.358675,3507,122,4850,463,48.5,0.368690759,0.65,4304,60,48.5,0.0595593974,0.65,2703,35,32.3333321,0.0339995362,0.65,2651,27,32.3333321,0.0319754779,0.65,2806,42,32.3333321,0.0381442681,0.65,4850,265,48.5,0.219638154,0.65,2955,41,32.3333321,0.0428958535,0.65,2938,46,32.3333321,0.032925494,0.65,50.1250076,44.0000038,99.99749,9.340168,27.540596,25.32531,5.10994339,9.770821,34.3392563,38.25,0.25,0,55,0,85,0.416,1.01,16,16,16,32,48,30,295,160,130,0,0,0,16,38.25,0.25,0,55,0,85,0.416,1.01,16,16,16,32,48,30,295,160,130,0,0,0,16,512,-1,485.785156,485.480469,0.3046875,0.5,7618.451,7618.951,0,0,0,0,0,0,0,0,0,0,0,0,512,600,1200,3000,48,0.724000037,1.30500007,0,0,13,45,210,405,0,0,0,0,0,0,0,0,2.067,6.458,0.865,1773.582,72.85156,0.9724001,0,0,0,0,0,0,0,0,0,0,0,0,0,56.40625,52,16376,14294,2081,12.7122488,6.464,0,0
05/27/2026 14:23:51,40,58,0,48,53,44,44,44,44,63,12.144001,5.04,1.312,1.39200008,0.748,0.320000023,0.638,3.292,2.046,0,3.37200022,3.37200022,3.12000012,50,47.5,43,47,907,740,0,768,661,0,0,0,0,0,12.5,1.54,0,1.56,1.56,10.94,1.56,0,3.71,12.5,26.0162258,3176,87,4850,309,48.5,0.166187465,0.64375,2620,44,32.3333321,0.0248862114,0.64375,2599,30,32.3333321,0.0135920281,0.64375,2582,24,32.3333321,0.0103488816,0.64375,2609,30,32.3333321,0.0192028861,0.64375,4773,204,48.5,0.163590312,0.64375,2609,23,32.3333321,0.0112655573,0.64375,2768,30,32.3333321,0.01298926,0.64375,50.0000076,44.3750038,99.99748,9.333286,27.5474777,25.3066483,5.105419,9.775345,34.3088531,38.25,0.25,0,55,0,85,0.416,1.01,16,16,16,32,48,30,295,160,130,0,0,0,16,38.25,0.25,0,55,0,85,0.416,1.01,16,16,16,32,48,30,295,160,130,0,0,0,16,512,-1,485.785156,485.480469,0.3046875,0.5,7618.451,7618.951,0,0,0,0,0,0,0,0,0,0,0,0,512,600,1200,3000,48,0.965000033,1.30500007,0,1,14,45,210,405,0,0,0,0,0,0,0,0,1.284,6.309,0.865,1773.582,72.85156,0,0,0,0,0,0,0,0,0,0,0,0,0,0,56.28125,52,16376,14294,2081,12.7122488,6.124,0,0
05/27/2026 14:23:53,40,58,0,48,53,44,44,44,44,63,12.12,5.04,1.31000006,1.39200008,0.79,0.318000019,0.638,3.288,2.046,0,3.37200022,3.37200022,3.12000012,50,47.5,43,47,894,768,0,791,686,0,0,0,0,0,9.38,0,0,0,0,7.81,0,1.59,2.35,9.38,27.5229187,3743,116,5050,432,50.5,0.293646961,0.64375,3682,68,40.4,0.06779962,0.64375,3362,33,40.4,0.03106158,0.64375,3333,31,40.4,0.0275049359,0.64375,3611,48,40.4,0.0438019149,0.64375,5021,247,50.5,0.2420948,0.5625,2775,25,33.6666679,0.0259917844,0.5625,3112,47,33.6666679,0.0406465754,0.56875,50.1250076,43.5000038,99.9975,9.341526,27.539238,25.3289948,5.10780334,9.772961,34.3248749,38.25,0.25,0,55,0,85,0.416,1.01,16,16,16,32,48,30,295,160,130,0,0,0,16,38.25,0.25,0,55,0,85,0.416,1.01,16,16,16,32,48,30,295,160,130,0,0,0,16,512,-1,485.785156,485.480469,0.3046875,0.5,7618.451,7618.951,0,0,0,0,0,0,0,0,0,0,0,0,512,600,1200,3000,48,0.979000032,1.30500007,0,3,14,45,210,405,0,0,0,0,0,0,0,0,1.449,3.444,0.865,1773.582,72.85156,0.00625915825,0,0,0,0,0,0,0,0,0,0,0,0,0,56.28125,54,16376,14294,2081,12.7122488,3.576,0,0
05/27/2026 14:23:55,40,58,0,48,53,44,44,44,44,63,12.144001,5.04,1.31000006,1.39200008,0.74,0.324,0.638,3.288,2.046,0,3.37200022,3.36800027,3.12000012,50,47.5,43,47,891,769,0,778,673,0,0,0,0,0,4.69,0,0,0,0,3.12,0,0,0.98,4.69,25.8337231,4084,82,4850,291,48.5,0.133379713,0.65,3913,47,48.5,0.0289515536,0.65,3787,30,48.5,0.0118861785,0.64375,3737,26,48.5,0.009879358,0.64375,3994,35,48.5,0.0246165413,0.64375,4680,179,48.5,0.127328,0.64375,3767,23,48.5,0.011665321,0.64375,3942,27,48.5,0.0109629584,0.64375,50.1250076,44.3750038,99.99749,9.36462,27.5161438,25.3916168,5.13731766,9.743446,34.5232162,38.25,0.25,0,55,0,85,0.416,1.01,16,16,16,32,48,30,295,160,130,0,0,0,16,38.25,0.25,0,55,0,85,0.416,1.01,16,16,16,32,48,30,295,160,130,0,0,0,16,512,-1,485.785156,485.480469,0.3046875,0.5,7618.451,7618.951,0,0,0,0,0,0,0,0,0,0,0,0,512,600,1200,3000,49,0.935000062,1.30500007,0,1,14,45,210,405,0,0,0,0,0,0,0,0,1.674,5.162,0.865,1773.582,72.85156,0,0,0,0,0,0,0,0,0,0,0,0,0,0,56.15625,54,16376,14294,2081,12.7122488,5.364,0,0
05/27/2026 14:23:57,40,58,0,48,53,44,44,44,44,63,12.144001,5.04,1.31000006,1.39200008,0.744,0.312,0.638,3.292,2.046,0,3.37200022,3.37200022,3.12000012,50,47.5,43,47,891,768,0,778,673,0,0,0,0,0,7.81,1.56,0,0,0,4.69,0,0,1.76,7.81,27.2843647,3311,137,4850,423,48.5,0.27046898,0.64375,4540,91,48.5,0.08149455,0.64375,2734,43,32.3333321,0.03483173,0.64375,2796,35,32.3333321,0.0301879235,0.64375,2914,49,32.3333321,0.0440024622,0.64375,3233,403,32.3333321,0.382465184,0.64375,2629,20,32.3333321,0.0257685557,0.64375,2795,33,32.3333321,0.0272615943,0.64375,50.3750076,44.3750038,99.99749,9.341713,27.5390511,25.3294983,5.110813,9.769951,34.3451,38.25,0.25,0,55,0,85,0.416,1.01,16,16,16,32,48,30,295,160,130,0,0,0,16,38.25,0.25,0,55,0,85,0.416,1.01,16,16,16,32,48,30,295,160,130,0,0,0,16,512,-1,485.785156,485.480469,0.3046875,0.5,7618.451,7618.951,0,0,0,0,0,0,0,0,0,0,0,0,512,600,1200,3000,48,0.5,1.30500007,0,0,11,45,210,405,0,0,0,0,0,0,0,0,2.077,6.583,0.865,1773.582,72.85156,0.96745497,0,0,0,0,0,0,0,0,0,0,0,0,0,56.25,52,16376,14294,2081,12.7122488,6.286,49152,0
05/27/2026 14:23:59,40,58,0,48,53,44,44,44,44,63,12.144001,5.04,1.31000006,1.39200008,0.69600004,0.30400002,0.638,3.292,2.046,0,3.37200022,3.37200022,3.12000012,50,47.5,43,47,894,741,0,794,673,0,0,0,0,0,3.17,0,0,0,0,0,0,0,0.4,3.17,27.9448128,2931,81,3233,325,32.3333321,0.162349656,0.91875,2755,53,32.3333321,0.0295483321,0.91875,2539,27,32.3333321,0.0142152254,0.91875,2569,26,32.3333321,0.0155152455,0.6875,2568,32,32.3333321,0.0154409772,0.6875,4445,135,48.5,0.116646677,0.6875,2470,17,32.3333321,0.0118434038,0.6875,2868,33,32.3333321,0.013402543,0.6875,50.6250076,45.3750038,99.99748,9.36544,27.5153236,25.39383,5.137699,9.743065,34.5257721,38.25,0.25,0,55,0,85,0.416,1.01,16,16,16,32,48,30,295,160,130,0,0,0,16,38.25,0.25,0,55,0,85,0.416,1.01,16,16,16,32,48,30,295,160,130,0,0,0,16,512,-1,485.785156,485.480469,0.3046875,0.5,7618.451,7618.951,0,0,0,0,0,0,0,0,0,0,0,0,512,600,1200,3000,47,0.555,1.30500007,0,0,11,45,210,405,0,0,0,0,0,0,0,0,1.042,3.612,0.865,1773.582,72.85156,0,0,0,0,0,0,0,0,0,0,0,0,0,0,56.125,52,16376,14294,2081,12.7122488,5.259,49152,0
05/27/2026 14:24:01,40,58,0,48,53,44,44,44,44,63,12.12,5.04,1.31000006,1.39200008,0.766000032,0.312,0.638,3.292,2.046,0,3.37200022,3.37200022,3.12000012,50,47,43,47,901,741,0,778,690,0,0,0,0,0,7.69,0,0,0,1.54,3.08,0,0,1.54,7.69,26.8677368,3452,114,4850,439,48.5,0.305746824,0.6375,4290,59,48.5,0.0631208643,0.6375,2683,32,32.3333321,0.0298444517,0.6375,2779,32,32.3333321,0.0314363241,0.6375,2752,40,32.3333321,0.04167492,0.6375,4850,258,48.5,0.245239139,0.6375,2635,24,32.3333321,0.02598876,0.6375,2777,27,32.3333321,0.02730663,0.6375,50.3750076,42.5000038,99.99749,9.341557,27.5392075,25.3290787,5.113266,9.767498,34.36158,38.25,0.25,0,55,0,85,0.416,1.01,16,16,16,32,48,30,295,160,130,0,0,0,16,38.25,0.25,0,55,0,85,0.416,1.01,16,16,16,32,48,30,295,160,130,0,0,0,16,512,-1,485.785156,485.480469,0.3046875,0.5,7618.451,7618.951,0,0,0,0,0,0,0,0,0,0,0,0,512,600,1200,3000,49,0.745000064,1.30500007,0,0,14,45,210,405,0,0,0,0,0,0,0,0,1.499,3.43,0.865,1773.582,72.85156,0.953956,0,0,0,0,0,0,0,0,0,0,0,0,0,56.09375,52,16376,14294,2081,12.7122488,4.363,0,0
05/27/2026 14:24:03,40,58,0,48,53,44,44,44,44,63,12.144001,5.04,1.31000006,1.39200008,0.694,0.324,0.638,3.292,2.046,0,3.37200022,3.37200022,3.12000012,50,47.5,43,47,892,740,0,779,673,0,0,0,0,0,3.08,0,0,0,0,4.62,0,0,0.96,4.62,26.31602,3195,97,4850,286,48.5,0.15928033,0.64375,2897,71,32.3333321,0.04843075,0.6625,2620,32,32.3333321,0.02042442,0.6625,2501,24,32.3333321,0.0109816585,0.6625,2712,35,32.3333321,0.04650663,0.6625,4850,283,48.5,0.230049178,0.6625,2485,18,32.3333321,0.0105439173,0.6625,2644,27,32.3333321,0.0114024933,0.6625,50.2500076,44.0000038,99.99749,9.343914,27.53685,25.3354645,5.116287,9.764477,34.38188,38.25,0.25,0,55,0,85,0.416,1.01,16,16,16,32,48,30,295,160,130,0,0,0,16,38.25,0.25,0,55,0,85,0.416,1.01,16,16,16,32,48,30,295,160,130,0,0,0,16,512,-1,485.785156,485.480469,0.3046875,0.5,7618.451,7618.951,0,0,0,0,0,0,0,0,0,0,0,0,512,600,1200,3000,47,0.61,1.30500007,0,0,13,45,210,405,0,0,0,0,0,0,0,0,1.839,5.398,0.865,1773.582,72.85156,0,0,0,0,0,0,0,0,0,0,0,0,0,0,56.03125,52,16376,14294,2081,12.7122488,5.375,49152,0
05/27/2026 14:24:05,40,58,0,48,53,44,44,44,44,63,12.144001,5.04,1.31000006,1.39200008,0.776,0.314,0.638,3.292,2.046,0,3.37200022,3.37200022,3.12000012,50,47.5,43,47,903,768,0,779,691,0,0,0,0,0,6.25,0,0,0,0,3.12,0,0,1.17,6.25,26.9871864,3432,128,4850,463,48.5,0.339909047,0.63125,3618,73,40.4,0.0898236,0.6375,3182,65,33.6666679,0.05984004,0.5875,2640,30,32.3333321,0.03337334,0.56875,2909,55,32.3333321,0.0721539855,0.56875,4850,288,48.5,0.2642826,0.56875,2701,24,33.6666679,0.0312849134,0.63125,2706,24,33.6666679,0.0319456458,0.63125,50.2500076,42.0000038,99.99748,9.342468,27.5382957,25.33155,5.11383057,9.766933,34.36537,38.25,0.25,0,55,0,85,0.416,1.01,16,16,16,32,48,30,295,160,130,0,0,0,16,38.25,0.25,0,55,0,85,0.416,1.01,16,16,16,32,48,30,295,160,130,0,0,0,16,512,-1,485.785156,485.480469,0.3046875,0.5,7618.451,7618.951,0,0,0,0,0,0,0,0,0,0,0,0,512,600,1200,3000,49,0.955000043,1.30500007,0,1,14,45,210,405,0,0,0,0,0,0,0,0,1.864,6.58,0.865,1773.582,72.85156,0.00643951353,0,0,0,0,0,0,0,0,0,0,0,0,0,56.1875,52,16376,14294,2081,12.7122488,5.528,0,0
05/27/2026 14:24:07,40,58,0,48,53,44,44,44,44,63,12.144001,5.04,1.31000006,1.39200008,0.786,0.316,0.638,3.292,2.046,0,3.37200022,3.37200022,3.12000012,50,47.5,43,47,901,768,0,794,690,0,0,0,0,0,6.25,0,0,0,0,4.69,0,0,1.37,6.25,27.86199,3138,108,3600,420,36,0.2978764,0.9625,3074,53,36,0.0370388143,0.95625,2923,29,36,0.0126131168,0.95625,2557,23,32.3333321,0.011962682,1.24375,2742,33,32.3333321,0.0301351771,1.24375,4850,259,48.5,0.267931879,1.24375,2556,18,32.3333321,0.01152547,1.24375,2800,27,32.3333321,0.0128060775,1.24375,50.3750076,43.0000038,99.99749,9.365875,27.5148888,25.39502,5.13750458,9.743259,34.5244675,38.25,0.25,0,55,0,85,0.416,1.01,16,16,16,32,48,30,295,160,130,0,0,0,16,38.25,0.25,0,55,0,85,0.416,1.01,16,16,16,32,48,30,295,160,130,0,0,0,16,512,-1,485.785156,485.480469,0.3046875,0.5,7618.451,7618.951,0,0,0,0,0,0,0,0,0,0,0,0,512,600,1200,3000,47,0.919,1.30500007,0,1,14,45,210,405,0,0,0,0,0,0,0,0,1.032,3.55,0.865,1773.582,72.85156,0,0,0,0,0,0,0,0,0,0,0,0,0,0,56.03125,52,16376,14294,2081,12.7122488,4.346,0,0
05/27/2026 14:24:09,40,58,0,48,53,44,44,44,44,63,12.144001,5.04,1.312,1.39200008,0.79,0.31,0.638,3.292,2.046,0,3.37200022,3.37200022,3.12000012,50,47.5,43,47,893,768,0,778,690,0,0,0,0,0,12.5,7.69,3.08,1.54,1.54,7.81,1.54,1.54,4.65,12.5,27.0296288,3301,113,4850,409,48.5,0.285788924,0.65,2868,68,32.3333321,0.08165615,0.65,2731,40,32.3333321,0.0401728079,0.65,2646,27,32.3333321,0.0324136354,0.65,2903,51,32.3333321,0.0618996546,0.65,4850,239,48.5,0.213891789,0.65,2941,49,32.3333321,0.0550606735,0.65,2622,24,32.3333321,0.0297602732,0.65,50.5000076,42.0000038,99.99749,9.342403,27.53836,25.3313751,5.11275864,9.768005,34.35817,38.25,0.25,0,55,0,85,0.416,1.01,16,16,16,32,48,30,295,160,130,0,0,0,16,38.25,0.25,0,55,0,85,0.416,1.01,16,16,16,32,48,30,295,160,130,0,0,0,16,512,-1,485.785156,485.480469,0.3046875,0.5,7618.451,7618.951,0,0,0,0,0,0,0,0,0,0,0,0,512,600,1200,3000,50,0.745000064,1.30500007,0,0,14,45,210,405,0,0,0,0,0,0,0,0,1.722,3.509,0.865,1773.582,72.85156,0.9577442,0,0,0,0,0,0,0,0,0,0,0,0,0,56.0625,52,16376,14294,2081,12.7122488,4.649,0,0
05/27/2026 14:24:11,40,58,0,48,53,44,44,44,44,63,12.144001,5.04,1.31000006,1.396,0.686000049,0.324,0.638,3.292,2.046,0,3.37200022,3.37200022,3.124,50,47.5,43,47,898,740,0,778,672,0,0,0,0,0,4.62,0,0,0,0,4.62,0,0,1.15,4.62,26.4849625,3354,85,4850,322,48.5,0.197074592,0.56875,3956,41,48.5,0.02740864,0.56875,2714,35,32.3333321,0.0174482074,0.56875,2649,25,32.3333321,0.0245744064,0.56875,2649,27,32.3333321,0.0207582172,0.56875,4678,189,48.5,0.145907655,0.56875,2728,24,32.3333321,0.0119597632,0.56875,2606,19,32.3333321,0.009500172,0.56875,50.2500076,43.5000038,99.99748,9.3377,27.5430641,25.3186188,5.107403,9.773361,34.32218,38.25,0.25,0,55,0,85,0.416,1.01,16,16,16,32,48,30,295,160,130,0,0,0,16,38.25,0.25,0,55,0,85,0.416,1.01,16,16,16,32,48,30,295,160,130,0,0,0,16,512,-1,485.785156,485.480469,0.3046875,0.5,7618.451,7618.951,0,0,0,0,0,0,0,0,0,0,0,0,512,600,1200,3000,49,0.61,1.30500007,0,0,12,45,210,405,0,0,0,0,0,0,0,0,1.825,6.203,0.865,1773.582,72.85156,0,0,0,0,0,0,0,0,0,0,0,0,0,0,55.96875,52,16376,14294,2081,12.7122488,5.93,0,0
05/27/2026 14:24:13,40,58,0,48,53,44,44,44,44,63,12.144001,5.04,1.31000006,1.39200008,0.744,0.322000027,0.638,3.288,2.046,0,3.37200022,3.37200022,3.12000012,50,47.5,43,47,901,740,0,780,690,0,0,0,0,0,10.94,6.25,1.56,1.56,3.12,10.94,3.12,3.12,5.08,10.94,26.65772,3318,121,4040,421,40.4,0.299997658,0.5375,2944,74,33.6666679,0.0540173,0.5375,2735,29,33.6666679,0.0344024226,0.5375,2763,27,33.6666679,0.0275373366,0.5375,3008,54,33.6666679,0.0515007749,0.5375,5050,291,50.5,0.2736331,0.50625,3146,46,33.6666679,0.04566411,0.50625,2856,28,33.6666679,0.0294643342,0.50625,50.1250076,51.8750038,99.99749,9.344353,27.5364113,25.3366547,5.113476,9.767288,34.36299,38.25,0.25,0,55,0,85,0.416,1.01,16,16,16,32,48,30,295,160,130,0,0,0,16,38.25,0.25,0,55,0,85,0.416,1.01,16,16,16,32,48,30,295,160,130,0,0,0,16,512,-1,485.785156,485.480469,0.3046875,0.5,7618.451,7618.951,0,0,0,0,0,0,0,0,0,0,0,0,512,600,1200,3000,47,0.570000052,1.30500007,0,0,12,45,210,405,0,0,0,0,0,0,0,0,1.619,6.339,0.865,1773.582,72.85156,0.00644629449,0,0,0,0,0,0,0,0,0,0,0,0,0,56.0625,52,16376,14294,2081,12.7122488,5.207,0,0
05/27/2026 14:24:15,40,58,0,48,53,44,44,44,44,63,12.144001,5.04,1.312,1.396,0.752000034,0.314,0.638,3.292,2.046,0,3.37200022,3.37200022,3.12000012,50,47.5,43,47,904,740,0,782,672,0,0,0,0,0,7.81,1.54,1.54,0,0,1.56,3.08,0,1.94,7.81,27.1399727,2871,80,3233,316,32.3333321,0.185066819,0.65,2576,44,32.3333321,0.027745001,0.65,2619,36,32.3333321,0.01795088,0.65,2416,20,32.3333321,0.0122576719,0.65,2506,30,32.3333321,0.0180141926,0.65,4446,140,48.5,0.09407077,0.65,2553,26,32.3333321,0.0106175849,0.65,2617,25,32.3333321,0.0184094384,0.65,50.2500076,45.3750038,99.99749,9.337532,27.543232,25.318161,5.1054306,9.775333,34.30893,38.25,0.25,0,55,0,85,0.416,1.01,16,16,16,32,48,30,295,160,130,0,0,0,16,38.25,0.25,0,55,0,85,0.416,1.01,16,16,16,32,48,30,295,160,130,0,0,0,16,512,-1,485.785156,485.480469,0.3046875,0.5,7618.451,7618.951,0,0,0,0,0,0,0,0,0,0,0,0,512,600,1200,3000,47,0.565,1.30500007,0,0,11,45,210,405,0,0,0,0,0,0,0,0,0.951,3.652,0.865,1773.582,72.85156,0,0,0,0,0,0,0,0,0,0,0,0,0,0,55.9375,54,16376,14294,2081,12.7122488,4.345,0,0
05/27/2026 14:24:17,40,58,0,48,53,44,44,44,44,63,12.144001,5.04,1.312,1.396,0.780000031,0.31,0.638,3.292,2.046,0,3.37600017,3.37200022,3.12000012,50,47.5,43,47,901,768,0,791,673,0,0,0,0,0,4.69,1.56,0,0,0,3.12,0,0,1.17,4.69,27.23827,3438,137,4850,435,48.5,0.3473594,0.625,4351,77,48.5,0.0658472255,0.625,2595,32,32.3333321,0.0343716443,0.625,2672,39,32.3333321,0.03884652,0.625,2804,47,32.3333321,0.0504882671,0.625,4850,411,48.5,0.401983649,0.625,2698,30,32.3333321,0.0262325034,0.625,2682,25,32.3333321,0.028320739,0.625,50.2500076,44.0000038,99.99748,9.345875,27.53489,25.3407822,5.112198,9.768566,34.3544,38.25,0.25,0,55,0,85,0.416,1.01,16,16,16,32,48,30,295,160,130,0,0,0,16,38.25,0.25,0,55,0,85,0.416,1.01,16,16,16,32,48,30,295,160,130,0,0,0,16,512,-1,485.785156,485.480469,0.3046875,0.5,7618.451,7618.951,0,0,0,0,0,0,0,0,0,0,0,0,512,600,1200,3000,49,0.799,1.30500007,0,2,14,45,210,405,0,0,0,0,0,0,0,0,1.987,5.059,0.865,1773.582,72.85156,0.00497099245,0,0,0,0,0,0,0,0,0,0,0,0,0,56,52,16376,14294,2081,12.7122488,4.334,0,0
05/27/2026 14:24:19,40,58,0,48,53,44,44,44,44,63,12.144001,5.04,1.312,1.396,0.714000046,0.314,0.638,3.292,2.046,0,3.37600017,3.37200022,3.124,50,47.5,43,47,892,768,0,779,673,0,0,0,0,0,3.08,0,0,0,0,1.54,0,0,0.58,3.08,27.0140686,3146,83,4850,319,48.5,0.186912313,0.64375,2708,47,32.3333321,0.0284996219,0.64375,3889,24,48.5,0.01203521,0.64375,2699,24,32.3333321,0.0111452695,0.64375,2613,27,32.3333321,0.0155436331,0.64375,3180,188,32.3333321,0.152454391,0.64375,2541,15,32.3333321,0.009818081,0.64375,2685,20,32.3333321,0.0102452133,0.64375,50.2500076,44.0000038,99.99749,9.370529,27.5102348,25.40763,5.1391716,9.741592,34.5356674,38.25,0.25,0,55,0,85,0.416,1.01,16,16,16,32,48,30,295,160,130,0,0,0,16,38.25,0.25,0,55,0,85,0.416,1.01,16,16,16,32,48,30,295,160,130,0,0,0,16,512,-1,485.785156,485.480469,0.3046875,0.5,7618.451,7618.951,0,0,0,0,0,0,0,0,0,0,0,0,512,600,1200,3000,47,0.630000055,1.30500007,0,2,13,45,210,405,0,0,0,0,0,0,0,0,2.248,6.645,0.865,1773.582,72.85156,0,0,0,0,0,0,0,0,0,0,0,0,0,0,55.96875,52,16376,14294,2081,12.7122488,6.28,0,0
05/27/2026 14:24:21,40,58,0,48,53,44,44,44,44,63,12.144001,5.04,1.312,1.396,0.828000069,0.318000019,0.638,3.292,2.046,0,3.37200022,3.37200022,3.124,50,47.5,43,47,903,768,0,778,689,0,0,0,0,0,7.81,0,0,0,0,0,0,0,0.98,7.81,27.8204689,3162,118,3600,450,36,0.335003942,0.9625,3055,58,36,0.0506057329,0.95625,3038,43,36,0.0363099873,0.95625,2758,35,32.3333321,0.0212151334,1.14375,2661,38,32.3333321,0.0353234969,1.14375,4850,274,48.5,0.227056012,1.14375,2702,23,32.3333321,0.0236228313,1.14375,2629,21,32.3333321,0.0200914275,1.14375,50.3750076,43.0000038,99.99748,9.346298,27.5344658,25.3419342,5.11883926,9.761925,34.3990326,38.25,0.25,0,55,0,85,0.416,1.01,16,16,16,32,48,30,295,160,130,0,0,0,16,38.25,0.25,0,55,0,85,0.416,1.01,16,16,16,32,48,30,295,160,130,0,0,0,16,512,-1,485.785156,485.480469,0.3046875,0.5,7618.451,7618.951,0,0,0,0,0,0,0,0,0,0,0,0,512,600,1200,3000,49,0.745000064,1.30500007,0,1,14,45,210,405,0,0,0,0,0,0,0,0,1.514,5.215,0.865,1773.582,72.85156,0.9451315,0,0,0,0,0,0,0,0,0,0,0,0,0,56,52,16376,14294,2081,12.7122488,5.091,0,0
05/27/2026 14:24:23,40,58,0,48,53,44,44,44,44,63,12.12,5.04,1.31000006,1.39200008,0.702,0.308000028,0.638,3.292,2.046,0,3.37200022,3.37200022,3.12000012,50,47,43,47,891,741,0,779,673,0,0,0,0,0,6.15,0,0,0,0,3.08,0,0,1.15,6.15,25.8817444,3102,80,4850,335,48.5,0.185953692,0.65,2635,42,32.3333321,0.0278968513,0.65,2569,34,32.3333321,0.0150038591,0.65,2558,23,32.3333321,0.0110597312,0.65,2595,29,32.3333321,0.022466965,0.65,4379,135,48.5,0.10459806,0.65,2532,21,32.3333321,0.009878999,0.65,2696,21,32.3333321,0.009757816,0.65,50.1250076,44.0000038,99.99749,9.33783,27.5429344,25.31897,5.1071167,9.773647,34.32026,38.25,0.25,0,55,0,85,0.416,1.01,16,16,16,32,48,30,295,160,130,0,0,0,16,38.25,0.25,0,55,0,85,0.416,1.01,16,16,16,32,48,30,295,160,130,0,0,0,16,512,-1,485.785156,485.480469,0.3046875,0.5,7618.451,7618.951,0,0,0,0,0,0,0,0,0,0,0,0,512,600,1200,3000,48,0.655000031,1.30500007,0,0,13,45,210,405,0,0,0,0,0,0,0,0,1.022,3.395,0.865,1773.582,72.85156,0,0,0,0,0,0,0,0,0,0,0,0,0,0,55.8125,52,16376,14294,2081,12.7122488,4.212,0,0
05/27/2026 14:24:25,40,58,0,48,53,44,44,44,44,63,12.144001,5.04,1.312,1.396,0.846,0.33,0.638,3.292,2.046,0,3.37600017,3.37200022,3.124,50,47.5,43,47,895,740,0,793,690,0,0,0,0,0,7.81,1.56,1.56,1.56,1.56,11.11,3.12,0,3.54,11.11,27.1639175,3099,122,4850,413,48.5,0.2866985,0.675,2923,65,32.3333321,0.05782283,0.675,2678,34,32.3333321,0.0308072455,0.675,2641,30,32.3333321,0.0278919786,0.675,2771,39,32.3333321,0.03725755,0.675,3233,323,32.3333321,0.267144859,0.675,3058,50,32.3333321,0.0510959476,0.675,2641,22,32.3333321,0.025448624,0.675,50.1250076,44.3750038,99.99749,9.344231,27.5365334,25.3363266,5.11330032,9.767464,34.3618164,38.25,0.25,0,55,0,85,0.416,1.01,16,16,16,32,48,30,295,160,130,0,0,0,16,38.25,0.25,0,55,0,85,0.416,1.01,16,16,16,32,48,30,295,160,130,0,0,0,16,512,-1,485.785156,485.480469,0.3046875,0.5,7618.451,7618.951,0,0,0,0,0,0,0,0,0,0,0,0,512,600,1200,3000,47,0.410000026,1.30500007,0,0,11,45,210,405,0,0,0,0,0,0,0,0,2.127,5.045,0.865,1773.582,72.85156,0.00653452752,0,0,0,0,0,0,0,0,0,0,0,0,0,55.84375,52,16376,14294,2081,12.7122488,4.949,49152,0
05/27/2026 14:24:27,40,58,0,48,53,44,44,44,44,63,12.144001,5.04,1.312,1.39200008,0.708,0.320000023,0.638,3.292,2.046,0,3.37600017,3.37200022,3.124,50,47.5,43,47,902,740,0,795,690,0,0,0,0,0,14.06,3.08,0,1.54,3.08,4.69,1.54,0,3.5,14.06,27.2464619,3160,91,4850,331,48.5,0.240874782,0.64375,2731,50,32.3333321,0.021619726,0.64375,2650,37,32.3333321,0.0160919931,0.64375,2526,20,32.3333321,0.0115165636,0.64375,2561,28,32.3333321,0.0160783045,0.64375,4850,219,48.5,0.217894837,0.64375,2500,19,32.3333321,0.010243576,0.64375,2615,21,32.3333321,0.0105353715,0.64375,50.1250076,43.0000038,99.99748,9.367302,27.5134621,25.39888,5.13995,9.740814,34.5409,38.25,0.25,0,55,0,85,0.416,1.01,16,16,16,32,48,30,295,160,130,0,0,0,16,38.25,0.25,0,55,0,85,0.416,1.01,16,16,16,32,48,30,295,160,130,0,0,0,16,512,-1,485.785156,485.480469,0.3046875,0.5,7618.451,7618.951,0,0,0,0,0,0,0,0,0,0,0,0,512,600,1200,3000,47,0.615,1.30500007,0,0,11,45,210,405,0,0,0,0,0,0,0,0,1.541,6.442,0.865,1773.582,72.85156,0,0,0,0,0,0,0,0,0,0,0,0,0,0,55.90625,52,16376,14294,2081,12.7122488,5.978,0,0
05/27/2026 14:24:29,40,58,0,48,53,44,44,44,44,63,12.144001,5.04,1.312,1.39200008,0.878,0.332000017,0.638,3.292,2.046,0,3.37600017,3.37600017,3.124,50,47.5,43,47,892,741,0,779,690,0,0,0,0,0,7.94,0,0,0,0,1.59,0,0,1.19,7.94,27.4152317,3233,131,3600,493,36,0.370545983,0.9625,3298,72,36,0.06341427,0.95625,3045,41,36,0.0351210535,0.95625,2779,29,32.3333321,0.0415522456,1.125,2858,49,32.3333321,0.0462018,1.125,4850,314,48.5,0.301452756,1.125,2683,23,32.3333321,0.0283339769,1.125,2752,28,32.3333321,0.0294498466,1.125,50.1250076,42.5000038,99.99748,9.343269,27.5374947,25.3337173,5.11016464,9.770599,34.340744,38.25,0.25,0,55,0,85,0.416,1.01,16,16,16,32,48,30,295,160,130,0,0,0,16,38.25,0.25,0,55,0,85,0.416,1.01,16,16,16,32,48,30,295,160,130,0,0,0,16,512,-1,485.785156,485.480469,0.3046875,0.5,7618.451,7618.951,0,0,0,0,0,0,0,0,0,0,0,0,512,600,1200,3000,47,0.405000031,1.30500007,0,0,11,45,210,405,0,0,0,0,0,0,0,0,1.272,4.07,0.865,1773.582,72.85156,0.952079654,0,0,0,0,0,0,0,0,0,0,0,0,0,55.84375,54,16376,14294,2081,12.7122488,4.32,49152,0
05/27/2026 14:24:31,40,58,0,48,53,44,44,44,44,63,12.144001,5.04,1.31000006,1.39200008,0.734,0.314,0.638,3.292,2.046,0,3.37600017,3.37200022,3.124,50,47.5,43,47,905,768,0,791,674,0,0,0,0,0,3.12,0,0,0,0,0,0,0,0.39,3.12,26.0984,3079,73,4850,275,48.5,0.166955709,0.6375,2623,50,32.3333321,0.0276782122,0.6375,2529,25,32.3333321,0.0106784953,0.6375,2504,18,32.3333321,0.0101327328,0.6375,2600,30,32.3333321,0.0278495327,0.65,4537,153,48.5,0.113461621,0.65,2465,15,32.3333321,0.0102093294,0.65,2523,20,32.3333321,0.0105455648,0.65,50.1250076,42.5000038,99.9975,9.365738,27.5150261,25.3946381,5.138695,9.742069,34.53247,38.25,0.25,0,55,0,85,0.416,1.01,16,16,16,32,48,30,295,160,130,0,0,0,16,38.25,0.25,0,55,0,85,0.416,1.01,16,16,16,32,48,30,295,160,130,0,0,0,16,512,-1,485.785156,485.480469,0.3046875,0.5,7618.451,7618.951,0,0,0,0,0,0,0,0,0,0,0,0,512,600,1200,3000,49,0.745000064,1.30500007,0,0,14,45,210,405,0,0,0,0,0,0,0,0,1.386,3.447,0.865,1773.582,72.85156,0,0,0,0,0,0,0,0,0,0,0,0,0,0,55.75,52,16376,14294,2081,12.7122488,4.356,0,0
05/27/2026 14:24:33,40,58,0,48,53,44,44,44,44,63,12.144001,5.04,1.312,1.39200008,0.748,0.326,0.638,3.292,2.046,0,3.37200022,3.37200022,3.12000012,50,47.5,43,47,899,768,0,794,690,0,0,0,0,0,7.94,1.59,1.59,1.59,1.59,3.17,1.59,1.59,2.58,7.94,27.4493771,3333,132,4850,495,48.5,0.400497556,0.65,2992,78,32.3333321,0.086100094,0.65,2732,26,32.3333321,0.0372124165,0.65,3012,58,32.3333321,0.0746316537,0.65,2761,40,32.3333321,0.0424379632,0.65,4850,312,48.5,0.338616341,0.6625,2726,25,32.3333321,0.0289822984,0.6625,2739,24,32.3333321,0.0289041772,0.6625,50.1250076,44.0000038,99.99748,9.366074,27.51469,25.3955536,5.13858032,9.742184,34.5316925,38.25,0.25,0,55,0,85,0.416,1.01,16,16,16,32,48,30,295,160,130,0,0,0,16,38.25,0.25,0,55,0,85,0.416,1.01,16,16,16,32,48,30,295,160,130,0,0,0,16,512,-1,485.785156,485.480469,0.3046875,0.5,7618.451,7618.951,0,0,0,0,0,0,0,0,0,0,0,0,512,600,1200,3000,47,0.575000048,1.30500007,0,0,12,45,210,405,0,0,0,0,0,0,0,0,2.061,6.345,0.865,1773.582,72.85156,0.9840314,0,0,0,0,0,0,0,0,0,0,0,0,0,55.78125,52,16376,14294,2081,12.7122488,6.181,0,0
05/27/2026 14:24:35,40,58,0,48,53,44,44,44,44,63,12.144001,5.04,1.312,1.396,0.744,0.316,0.638,3.292,2.046,0,3.37200022,3.37200022,3.12000012,50,47.5,43,47,892,768,0,795,691,0,0,0,0,0,6.25,0,0,0,0,1.56,0,0,0.98,6.25,25.9189758,3246,84,4850,324,48.5,0.1485915,0.65,2584,46,32.3333321,0.0227084886,0.65,2610,30,32.3333321,0.0170657728,0.65,2482,22,32.3333321,0.0107544148,0.65,3808,27,48.5,0.0139221856,0.6625,4702,185,48.5,0.141798928,0.6625,2470,21,32.3333321,0.009995589,0.6625,2460,18,32.3333321,0.009719842,0.6625,50.0000076,43.0000038,99.99749,9.33682251,27.5439415,25.316246,5.10952759,9.771236,34.3364563,38.25,0.25,0,55,0,85,0.416,1.01,16,16,16,32,48,30,295,160,130,0,0,0,16,38.25,0.25,0,55,0,85,0.416,1.01,16,16,16,32,48,30,295,160,130,0,0,0,16,512,-1,485.785156,485.480469,0.3046875,0.5,7618.451,7618.951,0,0,0,0,0,0,0,0,0,0,0,0,512,600,1200,3000,48,0.955000043,1.30500007,0,0,14,45,210,405,0,0,0,0,0,0,0,0,1.455,6.482,0.865,1773.582,72.85156,0,0,0,0,0,0,0,0,0,0,0,0,0,0,55.75,52,16376,14294,2081,12.7122488,6.317,0,0
05/27/2026 14:24:37,40,58,0,48,53,44,44,44,44,63,12.144001,5.04,1.312,1.396,0.794,0.318000019,0.638,3.292,2.046,0,3.37600017,3.37200022,3.124,50,47.5,43,47,904,740,0,783,691,0,0,0,0,0,9.23,0,0,0,0,6.15,0,0,1.92,9.23,27.2885971,3797,126,3600,483,36,0.3870221,0.9625,3091,60,36,0.0572814941,0.95625,2975,42,36,0.03389393,0.95625,3914,30,48.5,0.029309608,1.06875,4018,40,48.5,0.0392899029,1.06875,4850,306,48.5,0.2757822,1.06875,4037,26,48.5,0.0286345351,1.06875,3891,22,48.5,0.0263648164,1.06875,50.0000076,43.0000038,99.99748,9.344105,27.53666,25.3359833,5.110985,9.769779,34.3462524,38.25,0.25,0,55,0,85,0.416,1.01,16,16,16,32,48,30,295,160,130,0,0,0,16,38.25,0.25,0,55,0,85,0.416,1.01,16,16,16,32,48,30,295,160,130,0,0,0,16,512,-1,485.785156,485.480469,0.3046875,0.5,7618.451,7618.951,0,0,0,0,0,0,0,0,0,0,0,0,512,600,1200,3000,48,0.590000033,1.30500007,0,0,13,45,210,405,0,0,0,0,0,0,0,0,1.242,3.661,0.865,1773.582,72.85156,0.00627551833,0,0,0,0,0,0,0,0,0,0,0,0,0,55.75,52,16376,14294,2081,12.7122488,3.55,0,0
05/27/2026 14:24:39,41,58,0,49,54,45,45,45,45,65,12.12,5.04,1.312,1.39200008,0.72,0.306000024,0.638,3.292,2.046,0,3.37200022,3.37600017,3.124,50,47.5,43,47,920,740,0,797,695,0,0,0,0,0,4.69,0,0,0,0,1.56,0,0,0.78,4.69,26.0075455,2979,84,4850,289,48.5,0.116945736,0.6625,2673,49,32.3333321,0.030673543,0.6625,2753,40,32.3333321,0.0171388611,0.6625,2466,22,32.3333321,0.0115939481,0.6625,2504,29,32.3333321,0.0171129312,0.6625,3156,187,32.3333321,0.148874059,0.6625,2614,23,32.3333321,0.0121866418,0.6625,2818,32,32.3333321,0.0218040347,0.6625,50.7500076,44.3750038,99.99749,9.368568,27.5121956,25.40232,5.13949966,9.741264,34.5378723,38.25,0.25,0,55,0,85,0.416,1.01,16,16,16,32,48,30,295,160,130,0,0,0,16,38.25,0.25,0,55,0,85,0.416,1.01,16,16,16,32,48,30,295,160,130,0,0,0,16,512,-1,485.785156,485.480469,0.3046875,0.5,7618.451,7618.951,0,0,0,0,0,0,0,0,0,0,0,0,512,600,1200,3000,48,0.784000039,1.30500007,0,0,14,45,210,405,0,0,0,0,0,0,0,0,1.656,5.153,0.865,1773.582,72.85156,0,0,0,0,0,0,0,0,0,0,0,0,0,0,55.78125,52,16376,14294,2081,12.7122488,5.315,49152,0
05/27/2026 14:24:41,40,58,0,48,53,44,44,44,44,63,12.12,5.04,1.312,1.396,0.798000038,0.324,0.638,3.292,2.046,0,3.37200022,3.37200022,3.12000012,50,47.5,43,47,904,741,0,790,681,0,0,0,0,0,7.94,3.17,0,0,0,3.17,0,0,1.79,7.94,27.4610958,3283,136,4850,576,48.5,0.4350937,0.65,2878,77,32.3333321,0.0836646557,0.65,2932,64,32.3333321,0.06286561,0.65,2581,26,32.3333321,0.0362455621,0.65,2793,47,32.3333321,0.0463241749,0.65,4847,253,48.5,0.249688715,0.65,2616,21,32.3333321,0.0327947624,0.65,2767,27,32.3333321,0.0298474841,0.65,50.7500076,43.0000038,99.99749,9.34547,27.5352936,25.3396912,5.113781,9.766983,34.3650436,38.25,0.25,0,55,0,85,0.416,1.01,16,16,16,32,48,30,295,160,130,0,0,0,16,38.25,0.25,0,55,0,85,0.416,1.01,16,16,16,32,48,30,295,160,130,0,0,0,16,512,-1,485.785156,485.480469,0.3046875,0.5,7618.451,7618.951,0,0,0,0,0,0,0,0,0,0,0,0,512,600,1200,3000,48,0.745000064,1.30500007,0,0,14,44,210,405,0,0,0,0,0,0,0,0,2.015,6.665,0.865,1773.582,72.85156,0.9947603,0,0,0,0,0,0,0,0,0,0,0,0,0,55.75,52,16376,14294,2081,12.7122488,6.378,49152,0
05/27/2026 14:24:43,40,58,0,48,53,45,45,45,45,65,12.144001,5.04,1.312,1.396,0.828000069,0.322000027,0.638,3.292,2.046,0,3.37600017,3.37600017,3.124,51,47.5,43,47,890,768,0,780,677,0,0,0,0,0,10.77,0,0,0,0,6.25,0,0,2.13,10.77,29.56194,3137,104,3600,417,36,0.303973973,0.91875,2984,48,36,0.04103333,0.91875,2998,34,36,0.0307036825,0.91875,2897,22,36,0.01113706,0.91875,2981,40,36,0.0296537355,0.91875,3600,219,36,0.2219897,0.91875,2864,16,36,0.0107187536,0.91875,3175,32,36,0.0123734763,0.91875,51.7500076,43.5000038,99.99749,9.421364,27.4594,25.5454712,5.174694,9.70607,34.7743835,38.25,0.25,0,55,0,85,0.416,1.01,16,16,16,32,48,30,295,160,130,0,0,0,16,38.25,0.25,0,55,0,85,0.416,1.01,16,16,16,32,48,30,295,160,130,0,0,0,16,512,-1,485.785156,485.480469,0.3046875,0.5,7618.451,7618.951,0,0,0,0,0,0,0,0,0,0,0,0,512,600,1200,3000,48,0.625,1.30500007,0,2,14,44,210,405,0,0,0,0,0,0,0,0,1.017,5.665,0.865,1773.582,72.85156,0,0,0,0,0,0,0,0,0,0,0,0,0,0,55.625,52,16376,14294,2081,12.7122488,5.635,0,0
05/27/2026 14:24:45,41,58,0,49,54,45,45,45,45,65,12.144001,5.04,1.312,1.396,0.770000041,0.320000023,0.638,3.292,2.046,0,3.37600017,3.37600017,3.124,51,47.5,43,47,909,768,0,793,695,0,0,0,0,0,7.81,1.54,1.54,1.54,1.54,4.69,1.54,1.54,2.72,7.81,26.8184681,3255,116,4850,512,48.5,0.3680213,0.64375,2899,64,32.3333321,0.0619244874,0.64375,2673,31,32.3333321,0.033901263,0.64375,2705,35,32.3333321,0.040817894,0.64375,2852,41,32.3333321,0.0454796478,0.64375,4735,198,48.5,0.1925786,0.65,2662,24,32.3333321,0.0269840844,0.65,2663,24,32.3333321,0.02624001,0.65,51.2500076,42.0000038,99.99749,9.425655,27.4551086,25.557106,5.18058,9.700184,34.813942,38.25,0.25,0,55,0,85,0.416,1.01,16,16,16,32,48,30,295,160,130,0,0,0,16,38.25,0.25,0,55,0,85,0.416,1.01,16,16,16,32,48,30,295,160,130,0,0,0,16,512,-1,485.785156,485.480469,0.3046875,0.5,7618.451,7618.951,0,0,0,0,0,0,0,0,0,0,0,0,512,600,1200,3000,47,0.585000038,1.30500007,0,0,13,44,210,405,0,0,0,0,0,0,0,0,1.313,3.395,0.865,1773.582,72.85156,0.95616585,0,0,0,0,0,0,0,0,0,0,0,0,0,55.84375,52,16376,14294,2081,12.7122488,4.016,0,0
05/27/2026 14:24:47,41,58,0,50,55,45,45,45,45,65,12.144001,5.04,1.31000006,1.396,0.72,0.322000027,0.638,3.292,2.046,0,3.37200022,3.37200022,3.12000012,50,47.5,43,47,909,768,0,787,701,0,0,0,0,0,6.15,0,0,0,1.54,4.62,0,0,1.54,6.15,25.6697464,3246,88,3960,290,39.6,0.136912391,0.525,3245,46,39.6,0.02846978,0.525,2579,26,33,0.0164458416,0.525,2613,25,33,0.0136272777,0.525,3271,40,39.6,0.0280731022,0.525,4950,233,49.5,0.235074341,0.525,2583,19,33,0.009984926,0.525,2768,29,33,0.0112730674,0.525,50.7500076,54.7500038,99.99748,9.390358,27.490406,25.4614029,5.14899445,9.73177,34.6016846,38.25,0.25,0,55,0,85,0.416,1.01,16,16,16,32,48,30,295,160,130,0,0,0,16,38.25,0.25,0,55,0,85,0.416,1.01,16,16,16,32,48,30,295,160,130,0,0,0,16,512,-1,485.785156,485.480469,0.3046875,0.5,7618.451,7618.951,0,0,0,0,0,0,0,0,0,0,0,0,512,600,1200,3000,48,0.965000033,1.30500007,0,2,14,44,210,405,0,0,0,0,0,0,0,0,1.769,4.724,0.865,1773.582,72.85156,0,0,0,0,0,0,0,0,0,0,0,0,0,0,55.65625,52,16376,14294,2081,12.7122488,5.016,0,0
05/27/2026 14:24:49,40,58,0,49,54,44,44,44,44,63,12.144001,5.04,1.312,1.396,0.798000038,0.318000019,0.638,3.292,2.046,0,3.37600017,3.37200022,3.124,50,47.5,43,47,902,741,0,801,689,0,0,0,0,0,17.19,6.15,6.15,1.54,3.08,7.81,3.08,3.08,6.01,17.19,26.6322174,3868,128,4040,452,40.4,0.335267216,0.5625,4433,75,48.5,0.07365347,0.55625,2652,36,32.3333321,0.0293259062,0.55625,2637,28,32.3333321,0.0311076269,0.55625,4537,73,48.5,0.0699323341,0.55625,5050,278,50.5,0.235667422,0.54375,2957,35,33.6666679,0.0292703547,0.54375,4639,50,49.25,0.04846179,0.50625,50.5000076,44.3750038,99.99749,9.395878,27.4848862,25.4763641,5.154602,9.726162,34.6393661,38.25,0.25,0,55,0,85,0.416,1.01,16,16,16,32,48,30,295,160,130,0,0,0,16,38.25,0.25,0,55,0,85,0.416,1.01,16,16,16,32,48,30,295,160,130,0,0,0,16,512,-1,485.785156,485.480469,0.3046875,0.5,7618.451,7618.951,0,0,0,0,0,0,0,0,0,0,0,0,512,600,1200,3000,47,0.630000055,1.30500007,0,1,14,44,210,405,0,0,0,0,0,0,0,0,2.092,6.598,0.865,1773.582,72.85156,0.006281763,0,0,0,0,0,0,0,0,0,0,0,0,0,55.5625,52,16376,14294,2081,12.7122488,5.596,49152,0
05/27/2026 14:24:51,40,58,0,48,53,44,44,44,44,63,12.144001,5.04,1.312,1.396,0.704000056,0.322000027,0.638,3.292,2.046,0,3.37200022,3.37200022,3.124,50,47.5,43,47,892,740,0,789,689,0,0,0,0,0,4.69,0,0,0,0,1.56,0,0,0.78,4.69,27.9207878,3163,111,3600,400,36,0.284504652,0.91875,3173,79,36,0.0778311938,0.91875,2953,33,36,0.0333173722,0.91875,3011,34,36,0.0334566943,0.91875,3024,45,36,0.0487687178,0.91875,3600,238,36,0.21956262,0.91875,2989,29,36,0.0323422179,0.91875,2954,30,36,0.0291986745,0.91875,50.7500076,44.3750038,99.99749,9.42044449,27.46032,25.5429764,5.18176651,9.6989975,34.821907,38.25,0.25,0,55,0,85,0.416,1.01,16,16,16,32,48,30,295,160,130,0,0,0,16,38.25,0.25,0,55,0,85,0.416,1.01,16,16,16,32,48,30,295,160,130,0,0,0,16,512,-1,485.785156,485.480469,0.3046875,0.5,7618.451,7618.951,0,0,0,0,0,0,0,0,0,0,0,0,512,600,1200,3000,47,0.659000039,1.30500007,0,0,14,44,210,405,0,0,0,0,0,0,0,0,1.367,3.977,0.865,1773.582,72.85156,0.955323458,0,0,0,0,0,0,0,0,0,0,0,0,0,55.625,52,16376,14294,2081,12.7122488,4.348,49152,0
05/27/2026 14:24:53,40,58,0,48,53,44,44,44,44,63,12.144001,5.04,1.312,1.396,0.716,0.31,0.638,3.292,2.046,0,3.37600017,3.37200022,3.124,50,47.5,43,47,905,740,0,795,679,0,0,0,0,0,3.12,1.56,0,0,0,1.56,0,0,0.78,3.12,25.9148426,3175,92,4850,344,48.5,0.192788333,0.65,2991,71,32.3333321,0.0360946,0.65,2560,26,32.3333321,0.0113006085,0.65,2527,22,32.3333321,0.009560758,0.65,2587,27,32.3333321,0.0153051075,0.65,4713,199,48.5,0.156854585,0.65,2501,19,32.3333321,0.009453449,0.65,2674,28,32.3333321,0.0104417056,0.65,50.2500076,42.0000038,99.99749,9.39296,27.4878044,25.4684525,5.157383,9.723381,34.65805,38.25,0.25,0,55,0,85,0.416,1.01,16,16,16,32,48,30,295,160,130,0,0,0,16,38.25,0.25,0,55,0,85,0.416,1.01,16,16,16,32,48,30,295,160,130,0,0,0,16,512,-1,485.785156,485.480469,0.3046875,0.5,7618.451,7618.951,0,0,0,0,0,0,0,0,0,0,0,0,512,600,1200,3000,47,0.570000052,1.30500007,0,0,13,44,210,405,0,0,0,0,0,0,0,0,1.286,3.702,0.865,1773.582,72.85156,0,0,0,0,0,0,0,0,0,0,0,0,0,0,55.46875,52,16376,14294,2081,12.7122488,4.532,49152,0
05/27/2026 14:24:55,40,58,0,48,53,44,44,44,44,63,12.144001,5.04,1.312,1.396,0.810000062,0.318000019,0.638,3.292,2.046,0,3.37200022,3.37200022,3.12000012,50,47.5,43,47,890,768,0,794,691,0,0,0,0,0,10.94,3.12,0,1.59,1.59,6.25,0,0,2.94,10.94,27.0865612,3846,138,4850,471,48.5,0.402264863,0.65,2784,64,32.3333321,0.0802077055,0.65,2677,33,32.3333321,0.03502005,0.65,2786,39,32.3333321,0.03348032,0.65,4151,44,48.5,0.0450798,0.65,4850,371,48.5,0.379867524,0.65,3988,25,48.5,0.0321311839,0.65,4679,53,48.5,0.05559377,0.65,50.3750076,42.0000038,99.99749,9.396313,27.4844513,25.4775467,5.15526962,9.725494,34.6438522,38.25,0.25,0,55,0,85,0.416,1.01,16,16,16,32,48,30,295,160,130,0,0,0,16,38.25,0.25,0,55,0,85,0.416,1.01,16,16,16,32,48,30,295,160,130,0,0,0,16,512,-1,485.785156,485.480469,0.3046875,0.5,7618.451,7618.951,0,0,0,0,0,0,0,0,0,0,0,0,512,600,1200,3000,47,0.700000048,1.30500007,0,0,13,44,210,405,0,0,0,0,0,0,0,0,2.108,6.186,0.865,1773.582,72.85156,0.976449132,0,0,0,0,0,0,0,0,0,0,0,0,0,55.59375,52,16376,14294,2081,12.7122488,5.724,0,0
05/27/2026 14:24:57,40,58,0,48,53,44,44,44,44,63,12.12,5.04,1.31000006,1.39200008,0.766000032,0.308000028,0.638,3.292,2.046,0,3.37600017,3.37200022,3.124,50,47.5,43,47,897,768,0,781,690,0,0,0,0,0,4.76,0,0,0,0,1.59,0,0,0.79,4.76,27.6099968,3219,82,3600,274,36,0.151207983,0.9625,2920,46,36,0.0247409046,0.95625,2857,26,36,0.0115691582,0.95625,2880,28,36,0.009362995,0.95,2893,30,36,0.0169296227,0.95625,3543,209,36,0.141497448,0.95625,3050,27,36,0.0111441808,0.95,4008,20,48.5,0.009785347,0.94375,50.5000076,44.8750038,99.99749,9.418022,27.4627419,25.5364075,5.18087,9.699894,34.8158875,38.25,0.25,0,55,0,85,0.416,1.01,16,16,16,32,48,30,295,160,130,0,0,0,16,38,0.25,0,55,0,85,0.416,1.01,16,16,16,32,48,30,295,160,130,0,0,0,16,512,-1,485.785156,485.480469,0.3046875,0.5,7618.451,7618.951,0,0,0,0,0,0,0,0,0,0,0,0,512,600,1200,3000,47,0.625,1.30500007,0,1,14,44,210,405,0,0,0,0,0,0,0,0,1.446,5.941,0.865,1773.582,72.85156,0,0,0,0,0,0,0,0,0,0,0,0,0,0,55.4375,52,16376,14294,2081,12.7122488,5.779,0,0
05/27/2026 14:24:59,40,58,0,48,53,44,44,44,44,63,12.144001,5.04,1.31000006,1.39200008,0.732000053,0.320000023,0.638,3.292,2.046,0,3.37200022,3.37200022,3.12000012,50,47.5,43,47,891,768,0,792,691,0,0,0,0,0,10.94,0,0,0,0,3.12,0,0,1.76,10.94,26.8147259,3465,119,4850,486,48.5,0.337699145,0.64375,4299,60,48.5,0.0556012,0.64375,3039,63,32.3333321,0.057411965,0.64375,2693,35,32.3333321,0.0415854231,0.64375,2702,39,32.3333321,0.0361395925,0.64375,4850,226,48.5,0.2068182,0.64375,2626,22,32.3333321,0.0275767483,0.64375,2663,24,32.3333321,0.0258284975,0.64375,50.1250076,43.0000038,99.99748,9.394241,27.4865227,25.4719238,5.16012573,9.720638,34.6764832,38.25,0.25,0,55,0,85,0.416,1.01,16,16,16,32,48,30,295,160,130,0,0,0,16,38,0.25,0,55,0,85,0.416,1.01,16,16,16,32,48,30,295,160,130,0,0,0,16,512,-1,485.785156,485.480469,0.3046875,0.5,7618.451,7618.951,0,0,0,0,0,0,0,0,0,0,0,0,512,600,1200,3000,47,0.640000045,1.30500007,0,0,14,44,210,405,0,0,0,0,0,0,0,0,1.394,3.438,0.865,1773.582,72.85156,0.957776248,0,0,0,0,0,0,0,0,0,0,0,0,0,55.65625,52,16376,14294,2081,12.7122488,4.127,0,0
05/27/2026 14:25:01,40,58,0,48,53,44,44,44,44,63,12.144001,5.04,1.312,1.396,0.656,0.326,0.638,3.29600024,2.046,0,3.37600017,3.37600017,3.124,50,47.5,43,47,897,768,0,794,674,0,0,0,0,0,6.25,0,0,0,0,4.69,0,0,1.37,6.25,25.8411369,3111,82,4850,297,48.5,0.1547564,0.65,2615,39,32.3333321,0.0301747452,0.65,2568,25,32.3333321,0.0166006945,0.65,2508,21,32.3333321,0.0122928927,0.65,2701,35,32.3333321,0.0153470272,0.65,4701,205,48.5,0.172491491,0.65,2466,17,32.3333321,0.0138935754,0.65,2481,15,32.3333321,0.0115334624,0.65,50.0000076,42.5000038,99.99749,9.387753,27.4930115,25.45433,5.152828,9.727936,34.62744,38.25,0.25,0,55,0,85,0.416,1.01,16,16,16,32,48,30,295,160,130,0,0,0,16,38,0.25,0,55,0,85,0.416,1.01,16,16,16,32,48,30,295,160,130,0,0,0,16,512,-1,485.785156,485.480469,0.3046875,0.5,7618.451,7618.951,0,0,0,0,0,0,0,0,0,0,0,0,512,600,1200,3000,49,0.969000041,1.30500007,0,1,14,44,210,405,0,0,0,0,0,0,0,0,1.664,3.967,0.865,1773.582,72.85156,0,0,0,0,0,0,0,0,0,0,0,0,0,0,55.46875,52,16376,14294,2081,12.7122488,4.369,0,0
05/27/2026 14:25:03,40,58,0,48,53,44,44,44,44,63,12.144001,5.04,1.312,1.396,0.74,0.326,0.638,3.29600024,2.046,0,3.37600017,3.37600017,3.124,50,47.5,43,47,892,743,0,793,691,0,0,0,0,0,7.81,0,0,0,0,3.12,0,0,1.37,7.81,27.3676682,3349,125,4850,457,48.5,0.314162,0.65,2882,73,32.3333321,0.0684171543,0.65,2738,37,32.3333321,0.0312777348,0.65,2727,31,32.3333321,0.025473332,0.65,2777,41,32.3333321,0.04757994,0.65,4850,284,48.5,0.3022518,0.65,3143,51,32.3333321,0.0455281846,0.65,2825,28,32.3333321,0.0252370946,0.65,50.1250076,44.3750038,99.99749,9.420876,27.4598885,25.5441437,5.18668,9.694084,34.8549271,38.25,0.25,0,55,0,85,0.416,1.01,16,16,16,32,48,30,295,160,130,0,0,0,16,38,0.25,0,55,0,85,0.416,1.01,16,16,16,32,48,30,295,160,130,0,0,0,16,512,-1,485.785156,485.480469,0.3046875,0.5,7618.451,7618.951,0,0,0,0,0,0,0,0,0,0,0,0,512,600,1200,3000,48,0.780000031,1.30500007,0,0,14,44,210,405,0,0,0,0,0,0,0,0,2.081,6.612,0.865,1773.582,72.85156,0.9694883,0,0,0,0,0,0,0,0,0,0,0,0,0,55.5,52,16376,14294,2081,12.7122488,6.072,0,0
05/27/2026 14:25:05,40,58,0,48,53,44,44,44,44,63,12.144001,5.04,1.31000006,1.39200008,0.702,0.314,0.638,3.292,2.046,0,3.37600017,3.37200022,3.124,50,47.5,43,47,900,741,0,796,690,0,0,0,0,0,9.38,1.56,0,0,1.56,6.35,1.56,0,2.55,9.38,27.0653343,3022,96,3233,399,32.3333321,0.288717836,0.65,2867,59,32.3333321,0.05518275,0.65,2611,28,32.3333321,0.0277346484,0.65,2632,26,32.3333321,0.0257944558,0.65,2858,47,32.3333321,0.0405884571,0.65,4629,160,48.5,0.14078413,0.65,2647,25,32.3333321,0.0258564632,0.65,2696,23,32.3333321,0.024637768,0.65,50.1250076,45.3750038,99.99749,9.385784,27.49498,25.4489975,5.150669,9.730095,34.61293,38.25,0.25,0,55,0,85,0.416,1.01,16,16,16,32,48,30,295,160,130,0,0,0,16,38,0.25,0,55,0,85,0.416,1.01,16,16,16,32,48,30,295,160,130,0,0,0,16,512,-1,485.785156,485.480469,0.3046875,0.5,7618.451,7618.951,0,0,0,0,0,0,0,0,0,0,0,0,512,600,1200,3000,49,0.955000043,1.30500007,0,1,14,44,210,405,0,0,0,0,0,0,0,0,1.535,5.312,0.865,1773.582,72.85156,0.00639150338,0,0,0,0,0,0,0,0,0,0,0,0,0,55.5625,54,16376,14294,2081,12.7122488,4.919,0,0
05/27/2026 14:25:07,40,58,0,47,52,43,43,43,43,62,12.144001,5.04,1.312,1.396,0.694,0.308000028,0.638,3.292,2.046,0,3.37200022,3.37200022,3.124,50,48,43,47,891,768,0,778,690,0,0,0,0,0,4.69,0,0,0,0,4.69,0,0,1.17,4.69,26.41176,3182,116,4850,385,48.5,0.246676356,0.65,2677,48,32.3333321,0.02953404,0.65,2555,28,32.3333321,0.016414579,0.65,2543,23,32.3333321,0.0113459211,0.65,2758,44,32.3333321,0.0271108467,0.65,4850,357,48.5,0.303891182,0.65,2514,19,32.3333321,0.0122824609,0.65,2708,20,32.3333321,0.01972876,0.65,50.2500076,42.5000038,99.99749,9.393547,27.4872169,25.470047,5.15544128,9.725323,34.6450043,38.25,0.25,0,55,0,85,0.416,1.01,16,16,16,32,48,30,295,160,130,0,0,0,16,38,0.25,0,55,0,85,0.416,1.01,16,16,16,32,48,30,295,160,130,0,0,0,16,512,-1,485.785156,485.480469,0.3046875,0.5,7618.451,7618.951,0,0,0,0,0,0,0,0,0,0,0,0,512,600,1200,3000,47,0.700000048,1.30500007,0,0,13,44,210,405,0,0,0,0,0,0,0,0,1.111,3.383,0.865,1773.582,72.85156,0,0,0,0,0,0,0,0,0,0,0,0,0,0,55.4375,52,16376,14294,2081,12.7122488,3.969,0,0
05/27/2026 14:25:09,40,58,0,48,53,44,44,44,44,63,12.144001,5.04,1.312,1.39200008,0.786,0.318000019,0.638,3.292,2.046,0,3.37600017,3.37200022,3.124,50,47.5,43,47,904,771,0,791,672,0,0,0,0,0,10.94,1.56,0,3.17,4.76,7.81,3.17,1.59,4.13,10.94,27.2236633,3319,131,4850,499,48.5,0.402055264,0.64375,4535,106,48.5,0.109908827,0.64375,2884,43,32.3333321,0.05835812,0.64375,2720,33,32.3333321,0.03457858,0.64375,2749,50,32.3333321,0.0577423535,0.64375,3164,250,32.3333321,0.244616762,0.64375,2595,21,32.3333321,0.0261200685,0.64375,3053,44,32.3333321,0.04602696,0.64375,50.2500076,44.8750038,99.99749,9.392929,27.4878349,25.4683685,5.15514755,9.725616,34.64303,38.25,0.25,0,55,0,85,0.416,1.01,16,16,16,32,48,30,295,160,130,0,0,0,16,38,0.25,0,55,0,85,0.416,1.01,16,16,16,32,48,30,295,160,130,0,0,0,16,512,-1,485.785156,485.480469,0.3046875,0.5,7618.451,7618.951,0,0,0,0,0,0,0,0,0,0,0,0,512,600,1200,3000,49,0.745000064,1.30500007,0,0,14,44,210,405,0,0,0,0,0,0,0,0,2.121,4.598,0.865,1773.582,72.85156,0.00515567651,0,0,0,0,0,0,0,0,0,0,0,0,0,55.5,50,16376,14294,2081,12.7122488,4.577,0,0
05/27/2026 14:25:11,40,58,0,48,53,44,44,44,44,63,12.144001,5.04,1.312,1.396,0.734,0.31,0.638,3.292,2.046,0,3.37200022,3.37200022,3.124,50,48,43,47,891,769,0,789,686,0,0,0,0,0,6.25,0,0,0,0,1.56,0,0,0.98,6.25,26.79038,3323,118,4850,456,48.5,0.347576261,0.65,2777,57,32.3333321,0.05655768,0.65,2700,34,32.3333321,0.0306761283,0.65,3183,74,32.3333321,0.0688046739,0.65,2803,45,32.3333321,0.03984211,0.65,4850,229,48.5,0.213455558,0.65,2651,24,32.3333321,0.02699809,0.65,2767,28,32.3333321,0.0306803435,0.65,50.6250076,44.0000038,99.99748,9.424267,27.4564972,25.5533447,5.184353,9.696411,34.8392944,38.25,0.25,0,55,0,85,0.416,1.01,16,16,16,32,48,30,295,160,130,0,0,0,16,38,0.25,0,55,0,85,0.416,1.01,16,16,16,32,48,30,295,160,130,0,0,0,16,512,-1,485.785156,485.480469,0.3046875,0.5,7618.451,7618.951,0,0,0,0,0,0,0,0,0,0,0,0,512,600,1200,3000,49,1.05000007,1.30500007,0,10,15,44,210,405,0,0,0,0,0,0,0,0,1.964,6.641,0.865,1773.582,72.85156,0.951808155,0,0,0,0,0,0,0,0,0,0,0,0,0,55.4375,52,16376,14294,2081,12.7122488,6.185,0,49152
05/27/2026 14:25:13,40,58,0,48,53,44,44,44,44,63,12.144001,5.04,1.312,1.396,0.74,0.316,0.638,3.292,2.046,0,3.37200022,3.37200022,3.12000012,50,47.5,43,47,904,740,0,794,672,0,0,0,0,0,3.17,0,0,0,0,1.59,0,0,0.6,3.17,25.98717,3333,84,4850,309,48.5,0.15580298,0.65,3959,43,48.5,0.0278953277,0.65,2596,27,32.3333321,0.0132525973,0.65,2577,21,32.3333321,0.0100180805,0.65,2611,30,32.3333321,0.0185520016,0.65,4787,198,48.5,0.180162281,0.65,2694,23,32.3333321,0.0109168524,0.65,2589,22,32.3333321,0.009834445,0.65,50.3750076,43.0000038,99.99749,9.334301,27.546463,25.3094025,5.109482,9.771282,34.33615,38.25,0.25,0,55,0,85,0.416,1.01,16,16,16,32,48,30,295,160,130,0,0,0,16,38,0.25,0,55,0,85,0.416,1.01,16,16,16,32,48,30,295,160,130,0,0,0,16,512,-1,485.785156,485.480469,0.3046875,0.5,7618.451,7618.951,0,0,0,0,0,0,0,0,0,0,0,0,512,600,1200,3000,48,0.645000041,1.30500007,0,0,13,44,210,405,0,0,0,0,0,0,0,0,1.098,4.27,0.865,1773.582,72.85156,0,0,0,0,0,0,0,0,0,0,0,0,0,0,55.4375,52,16376,14294,2081,12.7122488,5.045,0,0
05/27/2026 14:25:15,40,58,0,48,53,44,44,44,44,63,12.144001,5.04,1.312,1.396,0.75000006,0.308000028,0.638,3.292,2.046,0,3.37600017,3.37200022,3.124,50,47.5,43,47,898,743,0,795,674,0,0,0,0,0,4.69,1.56,0,0,0,3.12,0,0,1.17,4.69,26.9602833,3302,119,4850,418,48.5,0.294345468,0.64375,2849,60,32.3333321,0.0753278062,0.64375,2822,41,32.3333321,0.03822026,0.64375,2728,28,32.3333321,0.03082482,0.64375,2861,50,32.3333321,0.0539616458,0.64375,4850,303,48.5,0.300067574,0.65,2714,26,32.3333321,0.029380722,0.65,2743,24,32.3333321,0.0391844623,0.65,50.3750076,43.5000038,99.9975,9.369034,27.51173,25.40358,5.14384842,9.736916,34.5671,38,0.25,0,55,0,85,0.416,1.01,16,16,16,32,48,30,295,160,130,0,0,0,16,38,0.25,0,55,0,85,0.416,1.01,16,16,16,32,48,30,295,160,130,0,0,0,16,512,-1,485.785156,485.480469,0.3046875,0.5,7618.451,7618.951,0,0,0,0,0,0,0,0,0,0,0,0,512,600,1200,3000,47,0.405000031,1.30500007,0,0,11,44,210,405,0,0,0,0,0,0,0,0,1.745,3.391,0.865,1773.582,72.85156,0.96052,0,0,0,0,0,0,0,0,0,0,0,0,0,55.34375,52,16376,14294,2081,12.7122488,4.071,0,0
05/27/2026 14:25:17,40,58,0,48,53,44,44,44,44,63,12.144001,5.04,1.312,1.396,0.732000053,0.306000024,0.638,3.292,2.046,0,3.37600017,3.37200022,3.124,50,47.5,43,47,895,769,0,780,690,0,0,0,0,0,3.12,0,0,0,0,1.56,0,0,0.59,3.12,26.4762955,2976,86,4850,250,48.5,0.117041625,0.56875,2558,40,32.3333321,0.0244654547,0.56875,2507,23,32.3333321,0.01228682,0.56875,2527,27,32.3333321,0.01102378,0.56875,2546,33,32.3333321,0.0184192844,0.56875,3233,253,32.3333321,0.196683377,0.56875,2520,22,32.3333321,0.009989336,0.56875,3070,39,32.3333321,0.0216306951,0.56875,50.1250076,45.7500038,99.99749,9.333607,27.5471573,25.307518,5.108658,9.772106,34.3306122,38,0.25,0,55,0,85,0.416,1.01,16,16,16,32,48,30,295,160,130,0,0,0,16,38,0.25,0,55,0,85,0.416,1.01,16,16,16,32,48,30,295,160,130,0,0,0,16,512,-1,485.785156,485.480469,0.3046875,0.5,7618.451,7618.951,0,0,0,0,0,0,0,0,0,0,0,0,512,600,1200,3000,49,0.965000033,1.30500007,0,1,14,44,210,405,0,0,0,0,0,0,0,0,1.703,5.741,0.865,1773.582,72.85156,0,0,0,0,0,0,0,0,0,0,0,0,0,0,55.3125,52,16376,14294,2081,12.7122488,5.513,0,0
05/27/2026 14:25:19,40,58,0,48,53,44,44,44,44,63,12.144001,5.04,1.312,1.396,0.808,0.314,0.638,3.292,2.046,0,3.37600017,3.37200022,3.124,50,47.5,43,47,899,769,0,792,690,0,0,0,0,0,6.25,0,0,0,0,4.69,0,0,1.37,6.25,26.9050484,3349,122,4850,411,48.5,0.2959362,0.875,2800,58,32.3333321,0.06822247,0.91875,2694,37,32.3333321,0.0334126353,0.91875,2663,33,32.3333321,0.0296982322,0.91875,3065,85,32.3333321,0.07805459,0.91875,5050,297,50.5,0.274180144,0.5625,2900,28,33.6666679,0.0297104754,0.575,2768,24,33.6666679,0.0257799644,0.575,50.1250076,42.0000038,99.99749,9.342197,27.5385666,25.33081,5.11232758,9.768436,34.355278,38,0.25,0,55,0,85,0.416,1.01,16,16,16,32,48,30,295,160,130,0,0,0,16,38,0.25,0,55,0,85,0.416,1.01,16,16,16,32,48,30,295,160,130,0,0,0,16,512,-1,485.785156,485.480469,0.3046875,0.5,7618.451,7618.951,0,0,0,0,0,0,0,0,0,0,0,0,512,600,1200,3000,48,0.599000037,1.30500007,0,0,13,44,210,405,0,0,0,0,0,0,0,0,1.666,6.576,0.865,1773.582,72.85156,0.00624274136,0,0,0,0,0,0,0,0,0,0,0,0,0,55.3125,52,16376,14294,2081,12.7122488,5.314,0,0
05/27/2026 14:25:21,40,58,0,48,53,44,44,44,44,63,12.144001,5.04,1.312,1.39200008,0.772,0.320000023,0.638,3.292,2.046,0,3.37600017,3.37200022,3.124,50,47.5,43,47,893,768,0,795,674,0,0,0,0,0,9.23,0,0,1.56,0,7.69,0,0,2.31,9.23,27.189291,3711,117,4850,421,48.5,0.3338332,0.64375,2828,67,32.3333321,0.06811067,0.64375,4118,39,48.5,0.0381821,0.64375,3128,64,32.3333321,0.0577428453,0.64375,4324,49,48.5,0.0491971374,0.64375,4850,238,48.5,0.2184359,0.64375,2828,30,32.3333321,0.0296368822,0.64375,2765,26,32.3333321,0.0254682451,0.64375,50.2500076,43.0000038,99.99748,9.363537,27.5172272,25.3886719,5.13510132,9.745663,34.508316,38,0.25,0,55,0,85,0.416,1.01,16,16,16,32,48,30,295,160,130,0,0,0,16,38,0.25,0,55,0,85,0.416,1.01,16,16,16,32,48,30,295,160,130,0,0,0,16,512,-1,485.785156,485.480469,0.3046875,0.5,7618.451,7618.951,0,0,0,0,0,0,0,0,0,0,0,0,512,600,1200,3000,49,0.745000064,1.30500007,0,0,14,44,210,405,0,0,0,0,0,0,0,0,1.355,3.488,0.865,1773.582,72.85156,0.9577916,0,0,0,0,0,0,0,0,0,0,0,0,0,55.34375,52,16376,14294,2081,12.7122488,4.237,0,0
05/27/2026 14:25:23,40,58,0,48,53,44,44,44,44,63,12.144001,5.04,1.312,1.39200008,0.744,0.31,0.638,3.292,2.046,0,3.37600017,3.37600017,3.124,50,47.5,43,47,898,767,0,794,690,0,0,0,0,0,14.06,3.17,3.17,3.17,4.76,9.38,3.12,0,5.11,14.06,26.4247913,3208,99,4850,353,48.5,0.255466551,0.65,2672,40,32.3333321,0.02696005,0.65,2650,29,32.3333321,0.0151172141,0.65,2637,24,32.3333321,0.0112807155,0.65,2726,34,32.3333321,0.01812863,0.65,4850,273,48.5,0.245074421,0.65,2561,16,32.3333321,0.0102162529,0.65,2720,21,32.3333321,0.0119633488,0.65,50.1250076,43.0000038,99.99749,9.338539,27.5422249,25.3208923,5.10631561,9.774448,34.3148727,38,0.25,0,55,0,85,0.416,1.01,16,16,16,32,48,30,295,160,130,0,0,0,16,38,0.25,0,55,0,85,0.416,1.01,16,16,16,32,48,30,295,160,130,0,0,0,16,512,-1,485.785156,485.480469,0.3046875,0.5,7618.451,7618.951,0,0,0,0,0,0,0,0,0,0,0,0,512,600,1200,3000,47,0.830000043,1.30500007,0,0,12,44,210,405,0,0,0,0,0,0,0,0,1.677,4.43,0.865,1773.582,72.85156,0,0,0,0,0,0,0,0,0,0,0,0,0,0,55.25,52,16376,14294,2081,12.7122488,4.676,0,1748992
05/27/2026 14:25:25,40,58,0,48,53,44,44,44,44,63,12.144001,5.04,1.312,1.396,0.772,0.314,0.638,3.292,2.046,0,3.37600017,3.37600017,3.124,50,47.5,43,47,894,740,0,795,690,0,0,0,0,0,9.38,3.17,0,0,0,6.35,0,3.17,2.76,9.38,27.17696,3141,122,4850,426,48.5,0.310925275,0.65,2982,84,32.3333321,0.07480839,0.65,2678,32,32.3333321,0.0318848453,0.65,2699,30,32.3333321,0.02896843,0.65,2774,35,32.3333321,0.0571021251,0.65,3233,278,32.3333321,0.2804124,0.65,2707,26,32.3333321,0.02927539,0.65,3204,67,32.3333321,0.06564079,0.65,50.2500076,44.8750038,99.99749,9.369034,27.51173,25.40358,5.139534,9.74123,34.53811,38,0.25,0,55,0,85,0.416,1.01,16,16,16,32,48,30,295,160,130,0,0,0,16,38,0.25,0,55,0,85,0.416,1.01,16,16,16,32,48,30,295,160,130,0,0,0,16,512,-1,485.785156,485.480469,0.3046875,0.5,7618.451,7618.951,0,0,0,0,0,0,0,0,0,0,0,0,512,600,1200,3000,48,0.965000033,1.30500007,0,1,14,44,210,405,0,0,0,0,0,0,0,0,2.025,6.492,0.865,1773.582,72.85156,0.977719843,0,0,0,0,0,0,0,0,0,0,0,0,0,55.28125,52,16376,14294,2081,12.7122488,6.097,49152,2049024
05/27/2026 14:25:27,40,58,0,48,53,44,44,44,44,63,12.144001,5.04,1.312,1.39200008,0.792000055,0.33,0.638,3.292,2.046,0,3.37600017,3.37200022,3.124,50,47.5,43,47,892,740,0,782,690,0,0,0,0,0,12.5,6.15,3.08,3.08,4.62,9.38,1.54,4.69,5.63,12.5,28.4357357,3096,105,3600,436,36,0.294840425,0.9625,2754,55,32.3333321,0.0533638261,1.125,2660,32,32.3333321,0.03425157,1.125,2798,35,32.3333321,0.03238549,1.125,2749,39,32.3333321,0.040406622,1.125,4748,188,48.5,0.171201363,1.125,2651,24,32.3333321,0.0287680924,1.125,2804,29,32.3333321,0.0292787142,1.125,50.6250076,53.5000038,99.99749,9.367275,27.5134888,25.3988113,5.13482666,9.745937,34.50647,38,0.25,0,55,0,85,0.416,1.01,16,16,16,32,48,30,295,160,130,0,0,0,16,38,0.25,0,55,0,85,0.416,1.01,16,16,16,32,48,30,295,160,130,0,0,0,16,512,-1,485.785156,485.480469,0.3046875,0.5,7618.451,7618.951,0,0,0,0,0,0,0,0,0,0,0,0,512,600,1200,3000,49,0.745000064,1.30500007,0,0,14,44,210,405,0,0,0,0,0,0,0,0,1.369,5.55,0.865,1773.582,72.85156,0.9505407,0,0,0,0,0,0,0,0,0,0,0,0,0,55.28125,52,16376,14294,2081,12.7122488,5.103,0,2099200
05/27/2026 14:25:29,40,58,0,48,53,44,44,44,44,63,12.144001,5.04,1.312,1.396,0.700000048,0.30400002,0.638,3.292,2.046,0,3.37600017,3.37200022,3.124,50,47.5,43,47,904,739,0,794,690,0,0,0,0,0,4.69,1.54,0,0,1.54,4.69,0,0,1.56,4.69,26.0443535,2986,86,4850,286,48.5,0.147465751,0.65,2583,42,32.3333321,0.0261468422,0.65,2542,26,32.3333321,0.0111492937,0.65,2732,28,32.3333321,0.013718701,0.65,2714,36,32.3333321,0.03413575,0.65,3206,214,32.3333321,0.160075992,0.65,2492,19,32.3333321,0.0114850681,0.6625,2769,37,32.3333321,0.0157444309,0.6625,50.1250076,42.0000038,99.99749,9.364063,27.5167,25.3900986,5.136078,9.744686,34.5148773,38,0.25,0,55,0,85,0.416,1.01,16,16,16,32,48,30,295,160,130,0,0,0,16,38,0.25,0,55,0,85,0.416,1.01,16,16,16,32,48,30,295,160,130,0,0,0,16,512,-1,485.785156,485.480469,0.3046875,0.5,7618.451,7618.951,0,0,0,0,0,0,0,0,0,0,0,0,512,600,1200,3000,48,0.659000039,1.30500007,0,0,11,44,210,405,0,0,0,0,0,0,0,0,1.052,3.352,0.865,1773.582,72.85156,0,0,0,0,0,0,0,0,0,0,0,0,0,0,55.25,52,16376,14294,2081,12.7122488,4.046,0,0
05/27/2026 14:25:31,40,58,0,48,53,44,44,44,44,63,12.144001,5.04,1.312,1.396,0.754,0.312,0.638,3.292,2.046,0,3.37200022,3.37200022,3.12000012,50,47.5,43,47,892,768,0,793,690,0,0,0,0,0,9.38,3.12,1.56,3.12,3.12,4.69,3.12,1.56,3.71,9.38,27.24272,3295,123,4850,494,48.5,0.339245319,0.65,3052,110,32.3333321,0.110967949,0.65,2707,32,32.3333321,0.0299638156,0.65,2644,34,32.3333321,0.0278191343,0.65,2761,38,32.3333321,0.0439736731,0.65,4782,217,48.5,0.222343251,0.65,2838,36,32.3333321,0.0331922062,0.65,2727,24,32.3333321,0.0260067414,0.65,50.2500076,43.0000038,99.9975,9.341209,27.5395546,25.3281326,5.11338043,9.767384,34.36235,38,0.25,0,55,0,85,0.416,1.01,16,16,16,32,48,30,295,160,130,0,0,0,16,38,0.25,0,55,0,85,0.416,1.01,16,16,16,32,48,30,295,160,130,0,0,0,16,512,-1,485.785156,485.480469,0.3046875,0.5,7618.451,7618.951,0,0,0,0,0,0,0,0,0,0,0,0,512,600,1200,3000,48,0.895000041,1.30500007,0,2,14,44,210,405,0,0,0,0,0,0,0,0,2.141,5.027,0.865,1773.582,72.85156,0.9732237,0,0,0,0,0,0,0,0,0,0,0,0,0,55.25,52,16376,14294,2081,12.7122488,5.284,49152,0
05/27/2026 14:25:33,40,58,0,48,53,44,44,44,44,63,12.144001,5.04,1.312,1.396,0.778000057,0.322000027,0.638,3.292,2.046,0,3.37600017,3.37200022,3.124,50,47.5,43,47,891,768,0,782,689,0,0,0,0,0,14.06,3.08,3.08,0,3.08,10.94,3.08,0,4.66,14.06,27.27531,3276,117,4850,459,48.5,0.3533771,0.64375,2777,57,32.3333321,0.053811837,0.64375,2721,37,32.3333321,0.03656465,0.64375,2645,28,32.3333321,0.0296079274,0.64375,3079,76,32.3333321,0.0661878,0.65,4850,227,48.5,0.235980511,0.65,2662,29,32.3333321,0.0294557028,0.65,2621,22,32.3333321,0.0281770043,0.65,50.5000076,44.3750038,99.99749,9.364658,27.5161057,25.391716,5.135601,9.745163,34.511673,38,0.25,0,55,0,85,0.416,1.01,16,16,16,32,48,30,295,160,130,0,0,0,16,38,0.25,0,55,0,85,0.416,1.01,16,16,16,32,48,30,295,160,130,0,0,0,16,512,-1,485.785156,485.480469,0.3046875,0.5,7618.451,7618.951,0,0,0,0,0,0,0,0,0,0,0,0,512,600,1200,3000,48,0.75000006,1.30500007,0,0,14,44,210,405,0,0,0,0,0,0,0,0,1.956,6.558,0.865,1773.582,72.85156,0.9484109,0,0,0,0,0,0,0,0,0,0,0,0,0,55.25,52,16376,14294,2081,12.7122488,6.142,0,0
05/27/2026 14:25:35,40,58,0,48,53,44,44,44,44,63,12.144001,5.04,1.312,1.39200008,0.754,0.308000028,0.638,3.292,2.046,0,3.37200022,3.37200022,3.12000012,50,47.5,43,47,888,768,0,781,673,0,0,0,0,0,4.69,1.56,0,0,1.54,6.25,0,0,1.75,6.25,28.34345,3067,80,3600,278,36,0.141631067,0.9625,2943,43,36,0.0207727589,1.15,2871,26,36,0.0133066075,1.15,2860,20,36,0.0105578257,1.15,3019,35,36,0.0152558088,1.15,3553,198,36,0.148160562,1.15,2854,18,36,0.009819139,1.15,2838,18,36,0.009608298,1.15,50.6250076,44.8750038,99.99749,9.335365,27.5453987,25.312294,5.105034,9.77573,34.30626,38,0.25,0,55,0,85,0.416,1.01,16,16,16,32,48,30,295,160,130,0,0,0,16,38,0.25,0,55,0,85,0.416,1.01,16,16,16,32,48,30,295,160,130,0,0,0,16,512,-1,485.785156,485.480469,0.3046875,0.5,7618.451,7618.951,0,0,0,0,0,0,0,0,0,0,0,0,512,600,1200,3000,47,0.590000033,1.30500007,0,0,13,44,210,405,0,0,0,0,0,0,0,0,0.939,3.835,0.865,1773.582,72.85156,0,0,0,0,0,0,0,0,0,0,0,0,0,0,55.125,52,16376,14294,2081,12.7122488,4.642,0,0
05/27/2026 14:25:37,40,58,0,48,53,44,44,44,44,63,12.144001,5.04,1.312,1.396,0.70600003,0.316,0.638,3.292,2.046,0,3.37600017,3.37600017,3.124,50,47.5,43,47,893,768,0,791,674,0,0,0,0,0,15.62,0,1.59,0,1.59,6.25,1.59,1.59,3.53,15.62,26.868494,3351,119,4850,452,48.5,0.368968636,0.65,2894,70,32.3333321,0.06437886,0.65,2708,33,32.3333321,0.03367486,0.65,2692,32,32.3333321,0.028544765,0.65,2778,41,32.3333321,0.03347578,0.65,4850,241,48.5,0.271377474,0.65,3176,53,32.3333321,0.05710553,0.65,2862,30,32.3333321,0.0276280623,0.65,50.2500076,44.8750038,99.9975,9.371037,27.5097275,25.4090118,5.141487,9.739277,34.55123,38,0.25,0,55,0,85,0.416,1.01,16,16,16,32,48,30,295,160,130,0,0,0,16,38,0.25,0,55,0,85,0.416,1.01,16,16,16,32,48,30,295,160,130,0,0,0,16,512,-1,485.785156,485.480469,0.3046875,0.5,7618.451,7618.951,0,0,0,0,0,0,0,0,0,0,0,0,512,600,1200,3000,47,0.825000048,1.30500007,0,0,12,44,210,405,0,0,0,0,0,0,0,0,1.491,3.368,0.865,1773.582,72.85156,0.9636731,0,0,0,0,0,0,0,0,0,0,0,0,0,55.15625,52,16376,14294,2081,12.7122488,4.026,49152,0
05/27/2026 14:25:39,40,58,0,48,53,44,44,44,44,63,12.144001,5.04,1.312,1.39200008,0.808,0.312,0.638,3.292,2.046,0,3.37200022,3.37200022,3.124,50,47.5,43,47,890,740,0,792,674,0,0,0,0,0,7.81,0,0,0,0,0,0,0,0.98,7.81,27.1770916,4202,86,4850,289,48.5,0.176120877,0.65,4145,50,48.5,0.03977023,0.65,3896,25,48.5,0.0112721082,0.65,3886,21,48.5,0.009944148,0.65,3917,35,48.5,0.0218856074,0.65,4799,220,48.5,0.169384986,0.65,4255,30,48.5,0.0132262548,0.65,3865,19,48.5,0.009581027,0.65,50.2500076,42.5000038,99.99748,9.364292,27.5164719,25.3907242,5.133095,9.747669,34.4948349,38,0.25,0,55,0,85,0.416,1.01,16,16,16,32,48,30,295,160,130,0,0,0,16,38,0.25,0,55,0,85,0.416,1.01,16,16,16,32,48,30,295,160,130,0,0,0,16,512,-1,485.785156,485.480469,0.3046875,0.5,7618.451,7618.951,0,0,0,0,0,0,0,0,0,0,0,0,512,600,1200,3000,48,0.62,1.30500007,0,2,14,44,210,405,0,0,0,0,0,0,0,0,1.809,6.333,0.865,1773.582,72.85156,0,0,0,0,0,0,0,0,0,0,0,0,0,0,55.03125,52,16376,14294,2081,12.7122488,6.148,0,0
05/27/2026 14:25:41,40,58,0,48,53,44,44,44,44,63,12.144001,5.04,1.312,1.39200008,0.74,0.31,0.638,3.292,2.046,0,3.37200022,3.37200022,3.12000012,50,47.5,43,47,902,740,0,779,690,0,0,0,0,0,6.25,0,0,0,0,3.12,0,0,1.17,6.25,27.4258575,3439,130,3600,430,36,0.2823108,0.9625,3164,55,36,0.06982852,0.95625,2702,32,32.3333321,0.0301782079,1.13125,2902,37,32.3333321,0.03519206,1.13125,2724,41,32.3333321,0.0343631245,1.13125,4850,351,48.5,0.314521044,1.13125,4386,36,48.5,0.03382343,0.75,3187,56,32.3333321,0.05603096,0.64375,50.1250076,42.5000038,99.99749,9.371361,27.5094032,25.4098816,5.145611,9.735153,34.57894,38,0.25,0,55,0,85,0.416,1.01,16,16,16,32,48,30,295,160,130,0,0,0,16,38,0.25,0,55,0,85,0.416,1.01,16,16,16,32,48,30,295,160,130,0,0,0,16,512,-1,485.785156,485.480469,0.3046875,0.5,7618.451,7618.951,0,0,0,0,0,0,0,0,0,0,0,0,512,600,1200,3000,48,0.719000041,1.30500007,0,1,14,44,210,405,0,0,0,0,0,0,0,0,1.793,6.411,0.865,1773.582,72.85156,0.9460661,0,0,0,0,0,0,0,0,0,0,0,0,0,55.1875,52,16376,14294,2081,12.7122488,5.755,0,0
05/27/2026 14:25:43,40,58,0,48,53,44,44,44,44,63,12.144001,5.04,1.31000006,1.39200008,0.756000042,0.306000024,0.638,3.292,2.046,0,3.37200022,3.37200022,3.12000012,50,47.5,43,47,898,740,0,782,674,0,0,0,0,0,3.12,0,0,0,0,1.56,0,0,0.59,3.12,26.3553734,3141,85,4850,348,48.5,0.220998853,0.65,2745,52,32.3333321,0.0341960229,0.65,2549,26,32.3333321,0.015792178,0.65,2509,25,32.3333321,0.0109662665,0.65,2611,31,32.3333321,0.0226218626,0.64375,4499,150,48.5,0.108905725,0.64375,2642,25,32.3333321,0.0133814793,0.64375,2726,26,32.3333321,0.0120219449,0.64375,50.2500076,41.5000038,99.99748,9.334858,27.5459061,25.3109131,5.106674,9.77409,34.3172836,38,0.25,0,55,0,85,0.416,1.01,16,16,16,32,48,30,295,160,130,0,0,0,16,38,0.25,0,55,0,85,0.416,1.01,16,16,16,32,48,30,295,160,130,0,0,0,16,512,-1,485.785156,485.480469,0.3046875,0.5,7618.451,7618.951,0,0,0,0,0,0,0,0,0,0,0,0,512,600,1200,3000,49,0.745000064,1.30500007,0,0,14,44,210,405,0,0,0,0,0,0,0,0,0.917,3.555,0.865,1773.582,72.85156,0,0,0,0,0,0,0,0,0,0,0,0,0,0,55.125,52,16376,14294,2081,12.7122488,4.519,0,0
05/27/2026 14:25:45,40,58,0,48,53,44,44,44,44,63,12.144001,5.04,1.312,1.396,0.780000031,0.324,0.638,3.292,2.046,0,3.37600017,3.37200022,3.12000012,50,47.5,43,47,888,768,0,779,690,0,0,0,0,0,7.94,1.59,1.59,1.59,1.59,3.17,1.59,1.59,2.58,7.94,27.4883137,3285,120,4850,479,48.5,0.366521746,0.64375,2793,56,32.3333321,0.0540156737,0.64375,2838,50,32.3333321,0.03831881,0.65,2649,24,32.3333321,0.0305563528,0.65,2747,42,32.3333321,0.0436064042,0.65,4850,249,48.5,0.230957,0.65,2745,28,32.3333321,0.02976135,0.65,2806,31,32.3333321,0.0315771922,0.65,50.3750076,44.3750038,99.9975,9.369526,27.5112381,25.4049149,5.14388275,9.736881,34.56733,38,0.25,0,55,0,85,0.416,1.01,16,16,16,32,48,30,295,160,130,0,0,0,16,38,0.25,0,55,0,85,0.416,1.01,16,16,16,32,48,30,295,160,130,0,0,0,16,512,-1,485.785156,485.480469,0.3046875,0.5,7618.451,7618.951,0,0,0,0,0,0,0,0,0,0,0,0,512,600,1200,3000,49,0.659000039,1.30500007,0,0,13,44,210,405,0,0,0,0,0,0,0,0,1.768,3.567,0.865,1773.582,72.85156,0.969575167,0,0,0,0,0,0,0,0,0,0,0,0,0,55.21875,52,16376,14294,2081,12.7122488,4.567,0,0
05/27/2026 14:25:47,40,58,0,48,53,44,44,44,44,63,12.144001,5.04,1.31000006,1.396,0.716,0.31,0.638,3.292,2.046,0,3.37600017,3.37200022,3.124,50,47.5,43,47,890,768,0,792,690,0,0,0,0,0,6.15,1.54,0,0,0,7.81,0,0,1.94,7.81,26.127594,3042,89,4850,259,48.5,0.122061789,0.6625,2966,76,32.3333321,0.04224565,0.6625,2735,36,32.3333321,0.0145945111,0.6625,2564,20,32.3333321,0.009581012,0.6625,2607,31,32.3333321,0.0144714806,0.6625,3233,241,32.3333321,0.193847224,0.6625,2552,21,32.3333321,0.0102233356,0.6625,2825,25,32.3333321,0.0113520231,0.6625,50.1250076,44.8750038,99.99749,9.334072,27.5466919,25.3087845,5.109909,9.770855,34.33902,38,0.25,0,55,0,85,0.416,1.01,16,16,16,32,48,30,295,160,130,0,0,0,16,38,0.25,0,55,0,85,0.416,1.01,16,16,16,32,48,30,295,160,130,0,0,0,16,512,-1,485.785156,485.480469,0.3046875,0.5,7618.451,7618.951,0,0,0,0,0,0,0,0,0,0,0,0,512,600,1200,3000,47,0.570000052,1.30500007,0,0,13,44,210,405,0,0,0,0,0,0,0,0,1.821,6.159,0.865,1773.582,72.85156,0,0,0,0,0,0,0,0,0,0,0,0,0,0,55.0625,52,16376,14294,2081,12.7122488,5.93,0,0
05/27/2026 14:25:49,40,58,0,48,53,44,44,44,44,63,12.144001,5.04,1.312,1.396,0.828000069,0.318000019,0.638,3.292,2.046,0,3.37200022,3.37200022,3.124,50,47.5,43,47,890,768,0,779,690,0,0,0,0,0,7.81,0,0,0,0,1.56,0,0,1.17,7.81,27.39384,3208,121,3600,460,36,0.319302142,0.9625,3161,64,36,0.06094795,0.95625,2827,43,32.3333321,0.043054007,0.9375,2707,29,32.3333321,0.0306774862,0.9375,2755,41,32.3333321,0.0374344252,0.9375,4850,264,48.5,0.2830139,0.9375,2820,30,32.3333321,0.0317492448,0.9375,2943,40,32.3333321,0.0358796343,0.9375,50.1250076,43.5000038,99.99749,9.33303452,27.54773,25.30597,5.108097,9.772667,34.3268433,38,0.25,0,55,0,85,0.416,1.01,16,16,16,32,48,30,295,160,130,0,0,0,16,38,0.25,0,55,0,85,0.416,1.01,16,16,16,32,48,30,295,160,130,0,0,0,16,512,-1,485.785156,485.480469,0.3046875,0.5,7618.451,7618.951,0,0,0,0,0,0,0,0,0,0,0,0,512,600,1200,3000,47,0.585000038,1.30500007,0,0,13,44,210,405,0,0,0,0,0,0,0,0,1.394,5.314,0.865,1773.582,72.85156,0.006372495,0,0,0,0,0,0,0,0,0,0,0,0,0,55.15625,52,16376,14294,2081,12.7122488,4.836,0,0
05/27/2026 14:25:51,40,58,0,48,53,44,44,44,44,63,12.144001,5.04,1.312,1.39200008,0.794,0.316,0.638,3.292,2.046,0,3.37600017,3.37600017,3.124,50,47.5,43,47,898,768,0,782,674,0,0,0,0,0,4.76,0,0,0,0,3.17,0,0,0.99,4.76,26.53385,3152,91,4850,339,48.5,0.237607375,0.64375,2658,51,32.3333321,0.0294912048,0.64375,2634,32,32.3333321,0.0135911973,0.64375,2477,24,32.3333321,0.0123021109,0.64375,2678,35,32.3333321,0.0221353676,0.64375,4774,201,48.5,0.179899886,0.64375,2495,20,32.3333321,0.0111908289,0.64375,2646,24,32.3333321,0.0166455135,0.64375,50.0000076,42.5000038,99.99748,9.332302,27.5484619,25.3039856,5.10701,9.773754,34.3195419,38,0.25,0,55,0,85,0.416,1.01,16,16,16,32,48,30,295,160,130,0,0,0,16,38,0.25,0,55,0,85,0.416,1.01,16,16,16,32,48,30,295,160,130,0,0,0,16,512,-1,485.785156,485.480469,0.3046875,0.5,7618.451,7618.951,0,0,0,0,0,0,0,0,0,0,0,0,512,600,1200,3000,47,0.630000055,1.30500007,0,2,14,44,210,405,0,0,0,0,0,0,0,0,0.947,3.414,0.865,1773.582,72.85156,0,0,0,0,0,0,0,0,0,0,0,0,0,0,55,52,16376,14294,2081,12.7122488,4.273,0,0
05/27/2026 14:25:53,40,58,0,48,53,44,44,44,44,63,12.144001,5.04,1.312,1.396,0.754,0.316,0.640000045,3.292,2.046,0,3.37600017,3.37200022,3.124,50,47.5,43,47,899,740,0,796,690,0,0,0,0,0,6.25,0,1.56,0,0,4.69,1.56,1.56,1.95,6.25,27.2185574,3279,141,4850,473,48.5,0.3502791,0.6375,3148,107,32.3333321,0.100289881,0.6375,4038,37,48.5,0.03586095,0.6375,2606,30,32.3333321,0.02990046,0.6375,2747,40,32.3333321,0.04311456,0.6375,3233,373,32.3333321,0.3123871,0.6375,2862,37,32.3333321,0.04517761,0.6375,2748,31,32.3333321,0.025243124,0.6375,50.2500076,45.3750038,99.9975,9.3395,27.5412636,25.323494,5.10807037,9.772694,34.3266678,38,0.25,0,55,0,85,0.416,1.01,16,16,16,32,48,30,295,160,130,0,0,0,16,38,0.25,0,55,0,85,0.416,1.01,16,16,16,32,48,30,295,160,130,0,0,0,16,512,-1,485.785156,485.480469,0.3046875,0.5,7618.451,7618.951,0,0,0,0,0,0,0,0,0,0,0,0,512,600,1200,3000,49,0.945000052,1.30500007,0,3,15,44,210,405,0,0,0,0,0,0,0,0,1.96,4.248,0.865,1773.582,72.85156,0.005005945,0,0,0,0,0,0,0,0,0,0,0,0,0,55.125,50,16376,14294,2081,12.7122488,4.424,0,0
05/27/2026 14:25:55,40,58,0,48,53,44,44,44,44,63,12.144001,5.04,1.312,1.396,0.664000034,0.312,0.638,3.292,2.046,0,3.37600017,3.37200022,3.12000012,50,47.5,43,47,900,740,0,793,674,0,0,0,0,0,3.17,0,0,0,0,0,0,0,0.4,3.17,25.6622124,3153,80,4850,276,48.5,0.126620859,0.65,2601,46,32.3333321,0.026398642,0.65,2631,28,32.3333321,0.02015128,0.65,2556,25,32.3333321,0.00958113,0.65,2582,31,32.3333321,0.01659699,0.65,4699,186,48.5,0.148754776,0.65,2726,25,32.3333321,0.0113820815,0.65,2581,20,32.3333321,0.0107334414,0.65625,50.0000076,44.0000038,99.9975,9.363655,27.5171089,25.3889923,5.135418,9.745346,34.5104446,38,0.25,0,55,0,85,0.416,1.01,16,16,16,32,48,30,295,160,130,0,0,0,16,38,0.25,0,55,0,85,0.416,1.01,16,16,16,32,48,30,295,160,130,0,0,0,16,512,-1,485.785156,485.480469,0.3046875,0.5,7618.451,7618.951,0,0,0,0,0,0,0,0,0,0,0,0,512,600,1200,3000,47,0.570000052,1.30500007,0,0,13,44,210,405,0,0,0,0,0,0,0,0,1.773,6.564,0.865,1773.582,72.85156,0,0,0,0,0,0,0,0,0,0,0,0,0,0,54.96875,52,16376,14294,2081,12.7122488,6.249,0,0
05/27/2026 14:25:57,40,58,0,48,53,44,44,44,44,63,12.144001,5.04,1.312,1.396,0.856000066,0.328,0.638,3.292,2.046,0,3.37600017,3.37200022,3.124,50,47.5,43,47,889,740,0,791,674,0,0,0,0,0,3.08,0,0,0,0,6.15,0,0,1.15,6.15,27.7506618,3142,148,4850,459,48.5,0.417009681,0.675,2943,77,32.3333321,0.07372539,0.675,2756,33,32.3333321,0.0390222333,0.675,2884,43,32.3333321,0.0285446215,0.675,2863,38,32.3333321,0.0438206866,0.675,3233,482,32.3333321,0.502915,0.675,2658,20,32.3333321,0.0254949145,0.675,2949,34,32.3333321,0.0274095871,0.675,50.2500076,44.3750038,99.99748,9.370525,27.5102386,25.4076233,5.14388275,9.736881,34.56733,38,0.25,0,55,0,85,0.416,1.01,16,16,16,32,48,30,295,160,130,0,0,0,16,38,0.25,0,55,0,85,0.416,1.01,16,16,16,32,48,30,295,160,130,0,0,0,16,512,-1,485.785156,485.480469,0.3046875,0.5,7618.451,7618.951,0,0,0,0,0,0,0,0,0,0,0,0,512,600,1200,3000,48,0.570000052,1.30500007,0,0,13,44,210,405,0,0,0,0,0,0,0,0,1.32,4.609,0.865,1773.582,72.85156,0.9469226,0,0,0,0,0,0,0,0,0,0,0,0,0,55.0625,52,16376,14294,2081,12.7122488,4.398,0,0
05/27/2026 14:25:59,40,58,0,48,53,44,44,44,44,63,12.144001,5.04,1.31000006,1.39200008,0.736000061,0.308000028,0.638,3.292,2.046,0,3.37200022,3.37200022,3.12000012,50,47.5,43,47,891,767,0,782,674,0,0,0,0,0,6.25,0,0,0,0,1.56,0,0,0.98,6.25,26.0642681,3237,94,4810,272,48.5,0.156811953,0.65,2974,71,32.3333321,0.065101,0.65,2838,47,32.3333321,0.02001583,0.65,2682,26,32.3333321,0.0337028466,0.65,2624,40,32.3333321,0.021788273,0.65,4850,250,48.5,0.248689488,0.65,2571,23,32.3333321,0.01146713,0.65,2549,20,32.3333321,0.009859588,0.65,50.5000076,44.0000038,99.99748,9.369431,27.5113335,25.4046555,5.142288,9.738476,34.55661,38,0.25,0,55,0,85,0.416,1.01,16,16,16,32,48,30,295,160,130,0,0,0,16,38,0.25,0,55,0,85,0.416,1.01,16,16,16,32,48,30,295,160,130,0,0,0,16,512,-1,485.785156,485.480469,0.3046875,0.5,7618.451,7618.951,0,0,0,0,0,0,0,0,0,0,0,0,512,600,1200,3000,48,0.745000064,1.30500007,0,0,14,44,210,405,0,0,0,0,0,0,0,0,1.595,3.48,0.865,1773.582,72.85156,0,0,0,0,0,0,0,0,0,0,0,0,0,0,55.03125,50,16376,14294,2081,12.7122488,4.37,49152,0
05/27/2026 14:26:01,40,58,0,48,53,44,44,44,44,63,12.144001,5.04,1.31000006,1.396,0.840000033,0.314,0.638,3.288,2.046,0,3.37200022,3.37200022,3.12000012,50,47.5,43,47,889,769,0,793,690,0,0,0,0,0,9.23,3.08,0,3.08,4.62,9.23,1.54,0,3.85,9.23,27.60479,3351,127,4040,453,40.4,0.334714681,0.63125,3655,66,40.4,0.0642551258,0.63125,2828,39,33.6666679,0.0362377949,0.63125,2848,33,33.6666679,0.03621663,0.63125,2819,36,33.6666679,0.03510937,0.63125,5050,344,50.5,0.292362779,0.5625,2761,21,33.6666679,0.0291745383,0.55625,2804,22,33.6666679,0.02903627,0.55625,50.5000076,44.8750038,99.9975,9.340382,27.5403824,25.32589,5.11206055,9.768703,34.3534775,38,0.25,0,55,0,85,0.416,1.01,16,16,16,32,48,30,295,160,130,0,0,0,16,38,0.25,0,55,0,85,0.416,1.01,16,16,16,32,48,30,295,160,130,0,0,0,16,512,-1,485.785156,485.480469,0.3046875,0.5,7618.451,7618.951,0,0,0,0,0,0,0,0,0,0,0,0,512,600,1200,3000,49,0.75000006,1.30500007,0,0,14,44,210,405,0,0,0,0,0,0,0,0,2.025,5.636,0.865,1773.582,72.85156,0.967909932,0,0,0,0,0,0,0,0,0,0,0,0,0,55.0625,52,16376,14294,2081,12.7122488,5.916,0,0
05/27/2026 14:26:03,40,58,0,48,53,44,44,44,44,63,12.144001,5.04,1.31000006,1.396,0.714000046,0.318000019,0.638,3.292,2.046,0,3.37600017,3.37200022,3.124,50,47.5,43,47,902,768,0,796,674,0,0,0,0,0,3.12,0,0,0,0,1.56,0,0,0.59,3.12,27.65055,3057,90,3600,302,36,0.1507419,0.9625,2961,51,36,0.0295182355,0.95625,2811,30,36,0.0128313843,0.95625,2969,31,36,0.0147856688,0.95,2855,33,36,0.0173123684,0.95625,3571,226,36,0.1760898,0.95625,2929,26,36,0.0142273121,0.95,2763,19,36,0.009959118,0.94375,50.6250076,43.0000038,99.99749,9.36092,27.5198441,25.3815765,5.136814,9.74395,34.51983,38,0.25,0,55,0,85,0.416,1.01,16,16,16,32,48,30,295,160,130,0,0,0,16,38,0.25,0,55,0,85,0.416,1.01,16,16,16,32,48,30,295,160,130,0,0,0,16,512,-1,485.785156,485.480469,0.3046875,0.5,7618.451,7618.951,0,0,0,0,0,0,0,0,0,0,0,0,512,600,1200,3000,47,0.405000031,1.30500007,0,0,11,44,210,405,0,0,0,0,0,0,0,0,1.827,6.132,0.865,1773.582,72.85156,0,0,0,0,0,0,0,0,0,0,0,0,0,0,54.90625,52,16376,14294,2081,12.7122488,6.215,0,0
05/27/2026 14:26:05,40,58,0,48,53,44,44,44,44,63,12.144001,5.04,1.312,1.39200008,0.792000055,0.312,0.638,3.292,2.046,0,3.37200022,3.37200022,3.12000012,50,47.5,43,47,892,741,0,791,674,0,0,0,0,0,4.62,0,0,0,1.54,4.62,0,0,1.35,4.62,27.0840263,3289,118,4850,391,48.5,0.3000686,0.65,2838,63,32.3333321,0.060955666,0.65,2711,34,32.3333321,0.034969382,0.65,2733,28,32.3333321,0.0366917029,0.65,2849,41,32.3333321,0.0394545272,0.65,4850,329,48.5,0.285642952,0.65,2788,32,32.3333321,0.0312917233,0.65,2696,23,32.3333321,0.0285555646,0.65,50.5000076,43.0000038,99.99748,9.338474,27.54229,25.3207169,5.11006927,9.770695,34.3401031,38,0.25,0,55,0,85,0.416,1.01,16,16,16,32,48,30,295,160,130,0,0,0,16,38,0.25,0,55,0,85,0.416,1.01,16,16,16,32,48,30,295,160,130,0,0,0,16,512,-1,485.785156,485.480469,0.3046875,0.5,7618.451,7618.951,0,0,0,0,0,0,0,0,0,0,0,0,512,600,1200,3000,47,0.820000052,1.30500007,0,0,12,44,210,405,0,0,0,0,0,0,0,0,1.412,3.55,0.865,1773.582,72.85156,0.946787059,0,0,0,0,0,0,0,0,0,0,0,0,0,55.03125,52,16376,14294,2081,12.7122488,4.028,0,0
05/27/2026 14:26:07,40,58,0,48,53,44,44,44,44,63,12.144001,5.04,1.31000006,1.396,0.8,0.314,0.640000045,3.292,2.046,0,3.37200022,3.37200022,3.12000012,50,47.5,43,47,900,740,0,782,674,0,0,0,0,0,6.15,0,0,0,0,3.08,0,0,1.15,6.15,27.3861656,3196,114,4850,364,48.5,0.231349781,0.64375,2758,61,32.3333321,0.0443532877,0.64375,2639,27,32.3333321,0.0184236728,0.64375,2564,20,32.3333321,0.0117712812,0.64375,2708,40,32.3333321,0.0300872121,0.64375,4850,358,48.5,0.316279322,0.64375,2605,19,32.3333321,0.0101184035,0.64375,2597,20,32.3333321,0.009936636,0.64375,50.6250076,42.0000038,99.9975,9.332069,27.5486946,25.3033524,5.10722351,9.7735405,34.3209763,38,0.25,0,55,0,85,0.416,1.01,16,16,16,32,48,30,295,160,130,0,0,0,16,38,0.25,0,55,0,85,0.416,1.01,16,16,16,32,48,30,295,160,130,0,0,0,16,512,-1,485.785156,485.480469,0.3046875,0.5,7618.451,7618.951,0,0,0,0,0,0,0,0,0,0,0,0,512,600,1200,3000,47,0.965000033,1.30500007,0,1,14,44,210,405,0,0,0,0,0,0,0,0,1.345,3.605,0.865,1773.582,72.85156,0,0,0,0,0,0,0,0,0,0,0,0,0,0,54.875,52,16376,14294,2081,12.7122488,4.267,0,0
05/27/2026 14:26:09,40,58,0,48,53,44,44,44,44,63,12.144001,5.04,1.31000006,1.396,0.792000055,0.320000023,0.640000045,3.292,2.046,0,3.37600017,3.37200022,3.124,50,47.5,43,47,887,740,0,794,691,0,0,0,0,0,14.06,4.62,0,0,1.54,10.77,0,0,3.87,14.06,27.18383,3336,140,4850,479,48.5,0.3737135,0.65,2813,64,32.3333321,0.0689755157,0.65,2793,40,32.3333321,0.0360738933,0.65,2769,31,32.3333321,0.0347963981,0.65,3136,82,32.3333321,0.0809631646,0.65,4850,376,48.5,0.314293236,0.65,2775,26,32.3333321,0.031120576,0.65,2698,25,32.3333321,0.0285824649,0.65,50.5000076,44.3750038,99.99749,9.368221,27.5125427,25.4013748,5.143036,9.737728,34.5616379,38,0.25,0,55,0,85,0.416,1.01,16,16,16,32,48,30,295,160,130,0,0,0,16,38,0.25,0,55,0,85,0.416,1.01,16,16,16,32,48,30,295,160,130,0,0,0,16,512,-1,485.785156,485.480469,0.3046875,0.5,7618.451,7618.951,0,0,0,0,0,0,0,0,0,0,0,0,512,600,1200,3000,48,0.710000038,1.30500007,0,0,13,44,210,405,0,0,0,0,0,0,0,0,2.08,6.483,0.865,1773.582,72.85156,0.968333066,0,0,0,0,0,0,0,0,0,0,0,0,0,55,52,16376,14294,2081,12.7122488,6.153,0,0
05/27/2026 14:26:11,40,58,0,48,53,44,44,44,44,63,12.144001,5.04,1.312,1.396,0.802000046,0.326,0.640000045,3.292,2.046,0,3.37600017,3.37200022,3.124,50,47.5,43,47,888,769,0,792,674,0,0,0,0,0,7.81,0,0,0,0,0,0,0,0.98,7.81,28.6167049,3220,124,3600,498,36,0.381870121,0.65,3091,57,36,0.06273021,0.65,3050,34,36,0.0331168771,0.65,3337,58,36,0.05950685,0.65,3179,44,36,0.06769007,0.65,3600,253,36,0.275197476,0.65,3024,27,36,0.02923094,0.65,2881,19,36,0.0273898579,0.65,50.7500076,44.3750038,99.9975,9.362793,27.517971,25.3866577,5.14051056,9.740253,34.54467,38,0.25,0,55,0,85,0.416,1.01,16,16,16,32,48,30,295,160,130,0,0,0,16,38,0.25,0,55,0,85,0.416,1.01,16,16,16,32,48,30,295,160,130,0,0,0,16,512,-1,485.785156,485.480469,0.3046875,0.5,7618.451,7618.951,0,0,0,0,0,0,0,0,0,0,0,0,512,600,1200,3000,49,0.965000033,1.30500007,0,1,14,44,210,405,0,0,0,0,0,0,0,0,1.541,5.835,0.865,1773.582,72.85156,0.95076704,0,0,0,0,0,0,0,0,0,0,0,0,0,54.875,52,16376,14294,2081,12.7122488,5.593,49152,0
05/27/2026 14:26:13,40,58,0,48,53,44,44,44,44,63,12.144001,5.04,1.31000006,1.39200008,0.804,0.31,0.638,3.292,2.046,0,3.37200022,3.37200022,3.124,50,47,43,47,890,769,0,795,674,0,0,0,0,0,4.69,0,0,0,0,0,0,0,0.59,4.69,26.471735,4071,109,4850,396,48.5,0.269072384,0.5625,4353,62,48.5,0.04567258,0.5625,3041,62,32.3333321,0.0425363965,0.5625,2721,30,32.3333321,0.02545485,0.5625,4233,35,48.5,0.0331028178,0.625,4850,229,48.5,0.2017355,0.625,4141,24,48.5,0.0238618832,0.625,4379,32,48.5,0.0264981389,0.625,50.6250076,42.5000038,99.99748,9.334835,27.545929,25.3108521,5.11041641,9.770348,34.34243,38,0.25,0,55,0,85,0.416,1.01,16,16,16,32,48,30,295,160,130,0,0,0,16,38,0.25,0,55,0,85,0.416,1.01,16,16,16,32,48,30,295,160,130,0,0,0,16,512,-1,485.785156,485.480469,0.3046875,0.5,7618.451,7618.951,0,0,0,0,0,0,0,0,0,0,0,0,512,600,1200,3000,49,0.75000006,1.30500007,0,0,14,44,210,405,0,0,0,0,0,0,0,0,1.43,3.448,0.865,1773.582,72.85156,0.957856655,0,0,0,0,0,0,0,0,0,0,0,0,0,54.9375,52,16376,14294,2081,12.7122488,4.028,0,0
05/27/2026 14:26:15,40,58,0,48,53,44,44,44,44,63,12.144001,5.04,1.312,1.39200008,0.862000048,0.314,0.640000045,3.292,2.046,0,3.37600017,3.37200022,3.124,50,47.5,43,47,899,769,0,792,692,0,0,0,0,0,3.12,0,0,0,0,1.56,0,0,0.59,3.12,27.237299,3455,102,4850,355,48.5,0.237080052,0.65,4362,72,48.5,0.0596938655,0.65,3169,61,32.3333321,0.04864287,0.65,2598,25,32.3333321,0.0111945933,0.65,2610,30,32.3333321,0.0243725348,0.65,4820,223,48.5,0.189033508,0.65,2555,20,32.3333321,0.0107232481,0.65,2677,31,32.3333321,0.0173948631,0.64375,50.5000076,42.5000038,99.99748,9.370274,27.51049,25.4069366,5.141407,9.739357,34.5506973,38,0.25,0,55,0,85,0.416,1.01,16,16,16,32,48,30,295,160,130,0,0,0,16,38,0.25,0,55,0,85,0.416,1.01,16,16,16,32,48,30,295,160,130,0,0,0,16,512,-1,485.785156,485.480469,0.3046875,0.5,7618.451,7618.951,0,0,0,0,0,0,0,0,0,0,0,0,512,600,1200,3000,47,0.565,1.30500007,0,0,13,44,210,405,0,0,0,0,0,0,0,0,1.696,5.062,0.865,1773.582,72.85156,0,0,0,0,0,0,0,0,0,0,0,0,0,0,54.625,52,16376,14294,2081,12.7122488,5.124,0,0
05/27/2026 14:26:17,40,58,0,48,53,44,44,44,44,63,12.144001,5.04,1.31000006,1.39200008,0.708,0.302000016,0.640000045,3.288,2.046,0,3.37200022,3.37200022,3.12000012,50,47,43,47,897,741,0,778,690,0,0,0,0,0,10.94,1.56,0,0,0,1.56,1.56,0,1.95,10.94,26.58449,3534,122,4850,432,48.5,0.325819939,0.64375,2931,67,32.3333321,0.06533233,0.64375,3079,59,32.3333321,0.0468605272,0.64375,2653,28,32.3333321,0.02783458,0.64375,4480,53,48.5,0.0469040237,0.64375,4850,284,48.5,0.2910345,0.65,2662,24,32.3333321,0.02990227,0.65,2764,27,32.3333321,0.029841058,0.65,50.2500076,43.0000038,99.99749,9.338589,27.5421753,25.32103,5.11560059,9.765163,34.3772736,38,0.25,0,55,0,85,0.416,1.01,16,16,16,32,48,30,295,160,130,0,0,0,16,38,0.25,0,55,0,85,0.416,1.01,16,16,16,32,48,30,295,160,130,0,0,0,16,512,-1,485.785156,485.480469,0.3046875,0.5,7618.451,7618.951,0,0,0,0,0,0,0,0,0,0,0,0,512,600,1200,3000,48,0.965000033,1.30500007,0,1,14,44,210,405,0,0,0,0,0,0,0,0,1.915,6.624,0.865,1773.582,72.85156,0.9367408,0,0,0,0,0,0,0,0,0,0,0,0,0,54.875,52,16376,14294,2081,12.7122488,5.825,0,0
05/27/2026 14:26:19,40,58,0,48,53,44,44,44,44,63,12.144001,5.04,1.312,1.396,0.68,0.318000019,0.640000045,3.292,2.046,0,3.37200022,3.37200022,3.12000012,50,47,43,47,895,740,0,796,690,0,0,0,0,0,3.17,0,0,0,0,1.59,0,0,0.6,3.17,26.1687889,3130,78,4850,335,48.5,0.21575968,0.64375,2645,40,32.3333321,0.0251478218,0.64375,2591,24,32.3333321,0.0106631694,0.64375,2567,18,32.3333321,0.0105140358,0.64375,2600,25,32.3333321,0.014562632,0.64375,4630,151,48.5,0.12045566,0.64375,2600,18,32.3333321,0.0103072869,0.65,2553,17,32.3333321,0.0100915888,0.65,50.2500076,42.0000038,99.99749,9.362816,27.5179482,25.3867188,5.13799667,9.742767,34.52777,38,0.25,0,55,0,85,0.416,1.01,16,16,16,32,48,30,295,160,130,0,0,0,16,38,0.25,0,55,0,85,0.416,1.01,16,16,16,32,48,30,295,160,130,0,0,0,16,512,-1,485.785156,485.480469,0.3046875,0.5,7618.451,7618.951,0,0,0,0,0,0,0,0,0,0,0,0,512,600,1200,3000,48,0.955000043,1.30500007,0,1,14,44,210,405,0,0,0,0,0,0,0,0,1.001,4.67,0.865,1773.582,72.85156,0,0,0,0,0,0,0,0,0,0,0,0,0,0,54.65625,50,16376,14294,2081,12.7122488,5.148,0,0
05/27/2026 14:26:21,40,58,0,48,53,44,44,44,44,63,12.144001,5.04,1.312,1.39200008,0.780000031,0.318000019,0.640000045,3.292,2.046,0,3.37600017,3.37200022,3.124,50,47.5,43,47,890,741,0,791,674,0,0,0,0,0,6.25,0,0,0,0,3.12,0,0,1.17,6.25,27.1218853,3576,126,4850,435,48.5,0.358008146,0.65,2929,68,32.3333321,0.07588183,0.65,2652,30,32.3333321,0.028784344,0.65,2612,26,32.3333321,0.0256569553,0.65,2794,39,32.3333321,0.05018515,0.65,4850,360,48.5,0.338440716,0.6625,3992,25,48.5,0.0247770026,0.6625,3925,25,48.5,0.0272226036,0.6625,50.5000076,44.3750038,99.9975,9.369339,27.511425,25.4044037,5.145321,9.735443,34.5769958,38,0.25,0,55,0,85,0.416,1.01,16,16,16,32,48,30,295,160,130,0,0,0,16,38,0.25,0,55,0,85,0.416,1.01,16,16,16,32,48,30,295,160,130,0,0,0,16,512,-1,485.785156,485.480469,0.3046875,0.5,7618.451,7618.951,0,0,0,0,0,0,0,0,0,0,0,0,512,600,1200,3000,47,0.655000031,1.30500007,0,0,11,44,210,405,0,0,0,0,0,0,0,0,1.452,3.374,0.865,1773.582,72.85156,0.9650843,0,0,0,0,0,0,0,0,0,0,0,0,0,54.84375,52,16376,14294,2081,12.7122488,4.104,0,0
05/27/2026 14:26:23,40,58,0,48,53,44,44,44,44,63,12.144001,5.04,1.312,1.39200008,0.722000062,0.308000028,0.640000045,3.292,2.046,0,3.37200022,3.37200022,3.12000012,50,47.5,43,47,904,740,0,796,690,0,0,0,0,0,7.81,1.59,0,0,0,3.17,0,1.56,1.77,7.81,26.94335,2942,88,4850,328,48.5,0.165507823,0.66875,2655,47,32.3333321,0.0345110632,0.66875,2573,24,32.3333321,0.0114367157,0.66875,2562,23,32.3333321,0.009882795,0.66875,2584,27,32.3333321,0.0138822375,0.66875,3233,221,32.3333321,0.172232777,0.66875,2541,17,32.3333321,0.00977286,0.66875,2534,19,32.3333321,0.0100918626,0.66875,50.6250076,42.5000038,99.99749,9.3647,27.5160637,25.3918228,5.13722229,9.743542,34.5225677,38,0.25,0,55,0,85,0.416,1.01,16,16,16,32,48,30,295,160,130,0,0,0,16,38,0.25,0,55,0,85,0.416,1.01,16,16,16,32,48,30,295,160,130,0,0,0,16,512,-1,485.785156,485.480469,0.3046875,0.5,7618.451,7618.951,0,0,0,0,0,0,0,0,0,0,0,0,512,600,1200,3000,47,0.405000031,1.30500007,0,0,11,44,210,405,0,0,0,0,0,0,0,0,1.78,6.194,0.865,1773.582,72.85156,0,0,0,0,0,0,0,0,0,0,0,0,0,0,54.6875,52,16376,14294,2081,12.7122488,5.94,0,0
05/27/2026 14:26:25,40,58,0,48,53,44,44,44,44,63,12.144001,5.04,1.312,1.396,0.794,0.318000019,0.638,3.292,2.046,0,3.37600017,3.37600017,3.124,50,47.5,43,47,888,769,0,780,674,0,0,0,0,0,3.17,1.56,1.56,0,0,4.76,0,1.56,1.58,4.76,27.8511562,3704,127,3233,453,32.3333321,0.36991632,0.86875,2801,64,32.3333321,0.0632741749,0.86875,2617,29,32.3333321,0.0315468647,0.86875,3933,24,48.5,0.0279531088,0.6875,4063,36,48.5,0.0418663472,0.6875,4850,355,48.5,0.3551115,0.6875,3974,28,48.5,0.0321027227,0.6875,4157,29,48.5,0.0307050254,0.6875,50.5000076,43.0000038,99.99749,9.340076,27.5406876,25.325058,5.11273956,9.768024,34.3580475,38,0.25,0,55,0,85,0.416,1.01,16,16,16,32,48,30,295,160,130,0,0,0,16,38,0.25,0,55,0,85,0.416,1.01,16,16,16,32,48,30,295,160,130,0,0,0,16,512,-1,485.785156,485.480469,0.3046875,0.5,7618.451,7618.951,0,0,0,0,0,0,0,0,0,0,0,0,512,600,1200,3000,48,0.955000043,1.30500007,0,1,14,44,210,405,0,0,0,0,0,0,0,0,1.825,6.656,0.865,1773.582,72.85156,0.9591245,0,0,0,0,0,0,0,0,0,0,0,0,0,54.78125,52,16376,14294,2081,12.7122488,5.9,0,0
05/27/2026 14:26:27,40,58,0,48,53,44,44,44,44,63,12.144001,5.04,1.312,1.396,0.708,0.308000028,0.638,3.292,2.046,0,3.37600017,3.37200022,3.124,50,47.5,43,47,900,768,0,776,674,0,0,0,0,0,4.62,0,0,0,0,1.54,0,0,0.77,4.62,26.17422,2939,79,4850,282,48.5,0.14790754,0.64375,2683,47,32.3333321,0.0302979425,0.64375,2533,22,32.3333321,0.009978905,0.64375,2521,22,32.3333321,0.0111748567,0.66875,2755,39,32.3333321,0.0255855359,0.66875,3160,183,32.3333321,0.124979548,0.66875,2508,18,32.3333321,0.009940731,0.66875,2504,17,32.3333321,0.009444446,0.66875,50.3750076,42.0000038,99.99749,9.362007,27.5187569,25.3845215,5.13818,9.742584,34.529007,38,0.25,0,55,0,85,0.416,1.01,16,16,16,32,48,30,295,160,130,0,0,0,16,38,0.25,0,55,0,85,0.416,1.01,16,16,16,32,48,30,295,160,130,0,0,0,16,512,-1,485.785156,485.480469,0.3046875,0.5,7618.451,7618.951,0,0,0,0,0,0,0,0,0,0,0,0,512,600,1200,3000,48,0.585000038,1.30500007,0,0,13,44,210,405,0,0,0,0,0,0,0,0,0.979,3.482,0.865,1773.582,72.85156,0,0,0,0,0,0,0,0,0,0,0,0,0,0,54.75,52,16376,14294,2081,12.7122488,4.129,0,0
05/27/2026 14:26:29,40,58,0,48,53,44,44,44,44,63,12.144001,5.04,1.312,1.396,0.806000054,0.328,0.640000045,3.292,2.046,0,3.37600017,3.37600017,3.124,50,47,43,47,890,768,0,792,674,0,0,0,0,0,6.06,1.54,0,0,0,3.03,0,0,1.33,6.06,27.1635227,3241,112,4850,368,48.5,0.229248926,0.65,2794,60,32.3333321,0.06050842,0.65,2657,26,32.3333321,0.025297476,0.65,2658,34,32.3333321,0.0221166685,0.65,2754,42,32.3333321,0.0442448929,0.65,4850,318,48.5,0.3071329,0.65,2754,29,32.3333321,0.0238778628,0.65,2610,19,32.3333321,0.0200575758,0.65,50.2500076,43.5000038,99.9975,9.342361,27.5384026,25.3312531,5.111553,9.769211,34.3500748,38,0.25,0,55,0,85,0.416,1.01,16,16,16,32,48,30,295,160,130,0,0,0,16,38,0.25,0,55,0,85,0.416,1.01,16,16,16,32,48,30,295,160,130,0,0,0,16,512,-1,485.785156,485.480469,0.3046875,0.5,7618.451,7618.951,0,0,0,0,0,0,0,0,0,0,0,0,512,600,1200,3000,47,0.930000067,1.30500007,0,2,14,44,210,405,0,0,0,0,0,0,0,0,1.633,3.491,0.865,1773.582,72.85156,0.9517111,0,0,0,0,0,0,0,0,0,0,0,0,0,54.75,52,16376,14294,2081,12.7122488,4.475,0,0
05/27/2026 14:26:31,40,58,0,48,53,44,44,44,44,63,12.144001,5.05,1.312,1.396,0.73,0.312,0.640000045,3.29600024,2.046,0,3.37600017,3.37600017,3.124,50,47.5,43,47,893,740,0,779,689,0,0,0,0,0,15.62,6.35,4.69,6.15,1.59,15.87,1.56,3.12,6.87,15.87,27.854744,3729,174,5000,451,50,0.344574839,0.49375,3309,178,33.3333321,0.205882311,0.49375,3019,63,33.3333321,0.0955012962,0.49375,4671,70,50,0.09448467,0.49375,3120,107,33.3333321,0.148392379,0.49375,3333,450,33.3333321,0.453719258,0.49375,2862,33,33.3333321,0.0585150756,0.49375,4521,44,50.5,0.06313663,0.5,50.2500076,52.8750038,99.99748,9.389423,27.49134,25.4588623,5.16075134,9.720013,34.680687,38,0.25,0,55,0,85,0.416,1.01,16,16,16,32,48,30,295,160,130,0,0,0,16,38,0.25,0,55,0,85,0.416,1.01,16,16,16,32,48,30,295,160,130,0,0,0,16,512,-1,485.785156,485.480469,0.3046875,0.5,7618.451,7618.951,0,0,0,0,0,0,0,0,0,0,0,0,512,600,1200,3000,47,0.604000032,1.30500007,0,0,13,44,210,405,0,0,0,0,0,0,0,0,1.704,6.491,0.865,1773.582,72.85156,0,0,0,0,0,0,0,0,0,0,0,0,0,0,54.6875,50,16376,14294,2081,12.7122488,6.229,0,0
05/27/2026 14:26:33,40,58,0,48,53,44,44,44,44,63,12.12,5.04,1.31000006,1.39200008,0.76000005,0.314,0.640000045,3.288,2.046,0,3.36800027,3.37200022,3.12000012,50,47,43,47,889,740,0,781,673,0,0,0,0,0,7.69,0,0,1.56,0,6.15,0,0,1.93,7.69,28.778389,3561,130,3600,413,36,0.3343094,0.9625,3235,64,36,0.0536651425,0.95625,3039,35,36,0.0289980583,0.95625,2854,45,32.3333321,0.0326417945,1,2750,38,32.3333321,0.0376520678,1,4850,399,48.5,0.403222173,1,4082,25,48.5,0.0272004846,0.7125,4078,24,48.5,0.025161963,0.7125,50.5000076,43.5000038,99.9975,9.39069,27.4900742,25.4623032,5.15864563,9.722118,34.6665344,38,0.25,0,55,0,85,0.416,1.01,16,16,16,32,48,30,295,160,130,0,0,0,16,38,0.25,0,55,0,85,0.416,1.01,16,16,16,32,48,30,295,160,130,0,0,0,16,512,-1,485.785156,485.480469,0.3046875,0.5,7618.451,7618.951,0,0,0,0,0,0,0,0,0,0,0,0,512,600,1200,3000,47,0.61,1.30500007,0,0,13,44,210,405,0,0,0,0,0,0,0,0,1.49,5.965,0.865,1773.582,72.85156,0.944641948,0,0,0,0,0,0,0,0,0,0,0,0,0,54.75,50,16376,14294,2081,12.7122488,5.471,0,0
05/27/2026 14:26:35,40,58,0,48,53,44,44,44,44,63,12.144001,5.04,1.312,1.39200008,0.746000051,0.318000019,0.640000045,3.292,2.046,0,3.37200022,3.37200022,3.12000012,50,47.5,43,47,899,740,0,779,673,0,0,0,0,0,9.38,1.56,0,1.56,1.56,9.38,0,1.56,3.12,9.38,26.039175,3224,91,4850,309,48.5,0.17867066,0.64375,2807,64,32.3333321,0.050684873,0.64375,2628,25,32.3333321,0.0132241305,0.64375,2604,24,32.3333321,0.009859572,0.64375,2900,43,32.3333321,0.0269694272,0.64375,4818,223,48.5,0.1633581,0.64375,2586,19,32.3333321,0.009431476,0.64375,2595,19,32.3333321,0.009309385,0.64375,50.5000076,43.0000038,99.9975,9.350178,27.5305862,25.3524551,5.120167,9.760597,34.40796,38,0.25,0,55,0,85,0.416,1.01,16,16,16,32,48,30,295,160,130,0,0,0,16,38,0.25,0,55,0,85,0.416,1.01,16,16,16,32,48,30,295,160,130,0,0,0,16,512,-1,485.785156,485.480469,0.3046875,0.5,7618.451,7618.951,0,0,0,0,0,0,0,0,0,0,0,0,512,600,1200,3000,47,0.405000031,1.30500007,0,0,11,44,210,405,0,0,0,0,0,0,0,0,0.979,3.367,0.865,1773.582,72.85156,0,0,0,0,0,0,0,0,0,0,0,0,0,0,54.59375,52,16376,14294,2081,12.7122488,4.229,0,0
05/27/2026 14:26:37,40,58,0,48,53,44,44,44,44,63,12.144001,5.04,1.312,1.39200008,0.724000037,0.312,0.640000045,3.292,2.046,0,3.37600017,3.37200022,3.12000012,50,47.5,43,47,894,769,0,792,690,0,0,0,0,0,4.69,1.56,1.54,3.08,1.54,10.94,1.54,1.54,3.3,10.94,27.4562016,3355,124,4850,425,48.5,0.30126217,0.64375,2907,70,32.3333321,0.06280218,0.64375,3222,72,32.3333321,0.07142995,0.64375,2695,33,32.3333321,0.0284137856,0.64375,2818,41,32.3333321,0.04804976,0.64375,4850,301,48.5,0.2766216,0.64375,2798,31,32.3333321,0.0298633482,0.64375,2699,23,32.3333321,0.0259916019,0.64375,50.3750076,43.5000038,99.9975,9.383633,27.4971313,25.443161,5.15797424,9.72279,34.6620255,38,0.25,0,55,0,85,0.416,1.01,16,16,16,32,48,30,295,160,130,0,0,0,16,38,0.25,0,55,0,85,0.416,1.01,16,16,16,32,48,30,295,160,130,0,0,0,16,512,-1,485.785156,485.480469,0.3046875,0.5,7618.451,7618.951,0,0,0,0,0,0,0,0,0,0,0,0,512,600,1200,3000,47,0.580000043,1.30500007,0,0,13,44,210,405,0,0,0,0,0,0,0,0,1.84,4.22,0.865,1773.582,72.85156,0.97191447,0,0,0,0,0,0,0,0,0,0,0,0,0,54.625,50,16376,14294,2081,12.7122488,5.052,0,0
05/27/2026 14:26:39,40,58,0,48,53,44,44,44,44,63,12.144001,5.04,1.31000006,1.39200008,0.718000054,0.306000024,0.640000045,3.292,2.046,0,3.37200022,3.37200022,3.12000012,50,47,43,47,894,769,0,780,690,0,0,0,0,0,3.17,0,0,0,0,0,0,0,0.4,3.17,26.2100887,3020,83,4850,333,48.5,0.219422832,0.65,2999,68,32.3333321,0.0360796452,0.65,2721,29,32.3333321,0.0118569424,0.65,2593,20,32.3333321,0.0101162251,0.65,2667,30,32.3333321,0.0189233851,0.65,3037,148,32.3333321,0.1251997,0.65,2604,18,32.3333321,0.0100554442,0.65,2685,20,32.3333321,0.0104721375,0.65,50.2500076,44.3750038,99.99749,9.349007,27.5317574,25.3492737,5.12394333,9.756821,34.4333344,38,0.25,0,55,0,85,0.416,1.01,16,16,16,32,48,30,295,160,130,0,0,0,16,38,0.25,0,55,0,85,0.416,1.01,16,16,16,32,48,30,295,160,130,0,0,0,16,512,-1,485.785156,485.480469,0.3046875,0.5,7618.451,7618.951,0,0,0,0,0,0,0,0,0,0,0,0,512,600,1200,3000,49,0.965000033,1.30500007,0,1,14,44,210,405,0,0,0,0,0,0,0,0,1.558,6.58,0.865,1773.582,72.85156,0,0,0,0,0,0,0,0,0,0,0,0,0,0,54.5,52,16376,14294,2081,12.7122488,6.224,0,0
05/27/2026 14:26:41,40,58,0,48,53,44,44,44,44,63,12.144001,5.04,1.31000006,1.396,0.856000066,0.318000019,0.640000045,3.292,2.046,0,3.37200022,3.37200022,3.12000012,50,47.5,43,47,891,768,0,777,673,0,0,0,0,0,4.76,1.56,0,0,0,3.17,0,1.56,1.38,4.76,27.0820217,3390,127,4850,479,48.5,0.36973083,0.65,3058,87,32.3333321,0.0629175752,0.65,2762,43,32.3333321,0.03944041,0.65,2811,33,32.3333321,0.0340422,0.65,2799,39,32.3333321,0.0452149734,0.65,4850,243,48.5,0.23297599,0.65,2842,26,32.3333321,0.0348222628,0.65,3147,64,32.3333321,0.0614206865,0.65,50.1250076,43.0000038,99.99748,9.354591,27.5261726,25.364418,5.127056,9.753708,34.4542542,38,0.25,0,55,0,85,0.416,1.01,16,16,16,32,48,30,295,160,130,0,0,0,16,38,0.25,0,55,0,85,0.416,1.01,16,16,16,32,48,30,295,160,130,0,0,0,16,512,-1,485.785156,485.480469,0.3046875,0.5,7618.451,7618.951,0,0,0,0,0,0,0,0,0,0,0,0,512,600,1200,3000,47,0.570000052,1.30500007,0,0,13,43,210,405,0,0,0,0,0,0,0,0,1.304,4.526,0.865,1773.582,72.85156,0.00635078968,0,0,0,0,0,0,0,0,0,0,0,0,0,54.65625,50,16376,14294,2081,12.7122488,4.357,49152,0
05/27/2026 14:26:43,40,58,0,48,53,44,44,44,44,63,12.144001,5.04,1.31000006,1.39200008,0.804,0.322000027,0.638,3.292,2.046,0,3.37200022,3.37200022,3.12000012,50,47,43,47,890,740,0,782,690,0,0,0,0,0,6.25,0,0,0,0,4.69,0,0,1.37,6.25,25.7543144,3153,80,4040,294,40.4,0.156740859,0.53125,2763,45,33.6666679,0.0291812886,0.53125,2675,25,33.6666679,0.0130591979,0.53125,2701,26,33.6666679,0.01022488,0.53125,2704,27,33.6666679,0.01984023,0.53125,5002,188,50.5,0.179135308,0.53125,2657,17,33.6666679,0.009391871,0.53125,2684,16,33.6666679,0.00986838248,0.53125,50.0000076,41.5000038,99.99748,9.347744,27.53302,25.3458557,5.11944962,9.761314,34.4031372,38,0.25,0,55,0,85,0.416,1.01,16,16,16,32,48,30,295,160,130,0,0,0,16,38,0.25,0,55,0,85,0.416,1.01,16,16,16,32,48,30,295,160,130,0,0,0,16,512,-1,485.785156,485.480469,0.3046875,0.5,7618.451,7618.951,0,0,0,0,0,0,0,0,0,0,0,0,512,600,1200,3000,48,0.955000043,1.30500007,0,1,14,44,210,405,0,0,0,0,0,0,0,0,1.14,3.376,0.865,1773.582,72.85156,0,0,0,0,0,0,0,0,0,0,0,0,0,0,54.53125,52,16376,14294,2081,12.7122488,4.09,49152,0
05/27/2026 14:26:45,40,58,0,48,53,44,44,44,44,63,12.144001,5.04,1.312,1.396,0.840000033,0.33,0.638,3.292,2.046,0,3.37600017,3.37600017,3.124,50,47.5,43,47,889,740,0,783,690,0,0,0,0,0,4.69,0,0,0,0,3.12,0,0,0.98,4.69,27.2910233,3128,142,4850,495,48.5,0.388951451,0.5625,2928,79,32.3333321,0.0846253559,0.5625,2819,56,32.3333321,0.0482565463,0.5625,2630,31,32.3333321,0.0398844443,0.5625,3217,103,32.3333321,0.100505725,0.5625,3233,318,32.3333321,0.3441922,0.5625,2621,25,32.3333321,0.0334704332,0.5625,2727,31,32.3333321,0.0306191519,0.5625,50.0000076,44.0000038,99.99748,9.335884,27.54488,25.31369,5.11010742,9.770657,34.3403549,38,0.25,0,55,0,85,0.416,1.01,16,16,16,32,48,30,295,160,130,0,0,0,16,38,0.25,0,55,0,85,0.416,1.01,16,16,16,32,48,30,295,160,130,0,0,0,16,512,-1,485.785156,485.480469,0.3046875,0.5,7618.451,7618.951,0,0,0,0,0,0,0,0,0,0,0,0,512,600,1200,3000,48,0.965000033,1.30500007,0,1,14,43,210,405,0,0,0,0,0,0,0,0,1.964,5.176,0.865,1773.582,72.85156,0.006514341,0,0,0,0,0,0,0,0,0,0,0,0,0,54.59375,50,16376,14294,2081,12.7122488,4.862,0,0
05/27/2026 14:26:47,40,58,0,48,53,44,44,44,44,63,12.144001,5.04,1.312,1.396,0.724000037,0.306000024,0.640000045,3.292,2.046,0,3.37600017,3.37200022,3.12000012,50,47.5,43,47,895,740,0,789,687,0,0,0,0,0,3.12,0,0,0,1.56,6.25,0,0,1.37,6.25,28.01389,3141,87,3600,257,36,0.13555257,0.9625,3211,59,36,0.0398162156,1.35,3010,31,36,0.0143296281,1.35,2663,24,33.6666679,0.0112820305,0.56875,3339,35,40.4,0.0155277951,0.56875,4040,253,40.4,0.205987081,0.56875,2661,21,33.6666679,0.00988678,0.56875,2602,18,33.6666679,0.0092116585,0.56875,50.3750076,45.3750038,99.99749,9.36639,27.5143738,25.3964081,5.14115524,9.739609,34.5490036,38,0.25,0,55,0,85,0.416,1.01,16,16,16,32,48,30,295,160,130,0,0,0,16,38,0.25,0,55,0,85,0.416,1.01,16,16,16,32,48,30,295,160,130,0,0,0,16,512,-1,485.785156,485.480469,0.3046875,0.5,7618.451,7618.951,0,0,0,0,0,0,0,0,0,0,0,0,512,600,1200,3000,47,0.575000048,1.30500007,0,0,13,43,210,405,0,0,0,0,0,0,0,0,1.38,6.261,0.865,1773.582,72.85156,0,0,0,0,0,0,0,0,0,0,0,0,0,0,54.5,52,16376,14294,2081,12.7122488,5.923,0,0
05/27/2026 14:26:49,40,58,0,48,53,44,44,44,44,63,12.144001,5.04,1.31000006,1.39200008,0.728000045,0.324,0.640000045,3.288,2.046,0,3.37200022,3.37200022,3.12000012,50,47,43,47,888,740,0,788,670,0,0,0,0,0,6.25,1.56,0,1.56,0,7.81,0,0,2.15,7.81,26.9572544,3334,114,4850,418,48.5,0.315236747,0.65,3007,94,32.3333321,0.08282123,0.65,2696,28,32.3333321,0.0268320236,0.65,2733,34,32.3333321,0.0289631933,0.65,2987,52,32.3333321,0.0474888943,0.65,4850,229,48.5,0.23267971,0.65,2658,23,32.3333321,0.02445404,0.65,2894,38,32.3333321,0.0281951036,0.65,50.3750076,42.5000038,99.99748,9.334919,27.545845,25.31108,5.11058426,9.77018,34.34356,38,0.25,0,55,0,85,0.416,1.01,16,16,16,32,48,30,295,160,130,0,0,0,16,38,0.25,0,55,0,85,0.416,1.01,16,16,16,32,48,30,295,160,130,0,0,0,16,512,-1,485.785156,485.480469,0.3046875,0.5,7618.451,7618.951,0,0,0,0,0,0,0,0,0,0,0,0,512,600,1200,3000,49,0.909000039,1.30500007,0,2,14,43,210,405,0,0,0,0,0,0,0,0,1.295,3.903,0.865,1773.582,72.85156,0.9618734,0,0,0,0,0,0,0,0,0,0,0,0,0,54.65625,50,16376,14294,2081,12.7122488,4.119,0,0
05/27/2026 14:26:51,40,58,0,48,53,44,44,44,44,63,12.144001,5.04,1.312,1.396,0.838000059,0.326,0.640000045,3.292,2.046,0,3.37200022,3.37200022,3.12000012,50,47,43,47,894,768,0,778,689,0,0,0,0,0,7.81,1.54,1.54,1.54,1.54,6.25,1.54,0,2.72,7.81,27.51951,3297,136,4040,437,40.4,0.319947839,0.61875,3028,72,33.6666679,0.07935382,0.61875,3491,46,40.4,0.0394620225,0.61875,2692,26,33.6666679,0.0324782729,0.61875,2815,50,33.6666679,0.0487634577,0.61875,5050,399,50.5,0.358831882,0.5625,2634,28,32.3333321,0.0319510624,0.5625,2626,26,32.3333321,0.0298818517,0.5625,50.5000076,43.5000038,99.99749,9.371498,27.5092659,25.4102631,5.14631653,9.73444748,34.5836868,38,0.25,0,55,0,85,0.416,1.01,16,16,16,32,48,30,295,160,130,0,0,0,16,38,0.25,0,55,0,85,0.416,1.01,16,16,16,32,48,30,295,160,130,0,0,0,16,512,-1,485.785156,485.480469,0.3046875,0.5,7618.451,7618.951,0,0,0,0,0,0,0,0,0,0,0,0,512,600,1200,3000,47,0.570000052,1.30500007,0,0,13,43,210,405,0,0,0,0,0,0,0,0,1.694,3.42,0.865,1773.582,72.85156,0.9595682,0,0,0,0,0,0,0,0,0,0,0,0,0,54.59375,50,16376,14294,2081,12.7122488,4.297,0,0
05/27/2026 14:26:53,40,58,0,48,53,44,44,44,44,63,12.144001,5.04,1.312,1.396,0.79,0.314,0.640000045,3.292,2.046,0,3.37200022,3.37200022,3.124,50,47.5,43,47,890,768,0,778,673,0,0,0,0,0,14.06,4.69,1.59,3.17,1.56,14.06,1.59,0,5.09,14.06,28.3749866,3596,210,4040,512,40.4,0.4696582,0.51875,3921,128,40.4,0.179619938,0.51875,3221,64,33.6666679,0.0592739657,0.51875,3025,52,33.6666679,0.04331603,0.51875,3653,77,40.4,0.09708076,0.51875,5050,772,50.5,0.725046337,0.55625,2906,33,33.6666679,0.0300996713,0.55625,2949,40,33.6666679,0.0372149274,0.55625,50.7500076,53.2500038,99.99749,9.381668,27.4990959,25.4378357,5.15912628,9.721638,34.66977,38,0.25,0,55,0,85,0.416,1.01,16,16,16,32,48,30,295,160,130,0,0,0,16,38,0.25,0,55,0,85,0.416,1.01,16,16,16,32,48,30,295,160,130,0,0,0,16,512,-1,485.785156,485.480469,0.3046875,0.5,7618.451,7618.951,0,0,0,0,0,0,0,0,0,0,0,0,512,600,1200,3000,49,0.935000062,1.30500007,0,3,14,43,210,405,0,0,0,0,0,0,0,0,2.037,6.932,0.865,1773.582,72.85156,0.9728631,0,0,0,0,0,0,0,0,0,0,0,0,0,54.59375,50,16376,14294,2081,12.7122488,6.232,0,0
05/27/2026 14:26:55,41,58,0,49,54,47,47,47,47,66,12.144001,5.04,1.312,1.396,0.826000035,0.316,0.640000045,3.292,2.046,0,3.37200022,3.37200022,3.12000012,54,47.5,43,47,914,768,0,780,673,0,0,0,0,0,7.81,1.56,1.56,0,1.56,1.56,1.56,1.56,2.15,7.81,32.4364624,3374,135,3600,440,36,0.332805365,0.9625,3449,100,36,0.09875964,0.95625,3319,72,36,0.06575479,0.95625,3199,52,36,0.06786081,0.95,3493,76,36,0.08543366,0.95625,3600,247,36,0.225639075,0.95625,3211,55,36,0.05309599,0.95,3125,35,36,0.0474044345,0.94375,55.2500076,42.5000038,99.99749,9.377098,27.5036659,25.4254379,5.15913,9.721634,34.6697922,38,0.25,0,55,0,85,0.416,1.01,16,16,16,32,48,30,295,160,130,0,0,0,16,38,0.25,0,55,0,85,0.416,1.01,16,16,16,32,48,30,295,160,130,0,0,0,16,512,-1,485.785156,485.480469,0.3046875,0.5,7618.451,7618.951,0,0,0,0,0,0,0,0,0,0,0,0,512,600,1200,3000,49,0.75000006,1.30500007,0,0,14,43,210,405,0,0,0,0,0,0,0,0,1.431,5.877,0.865,1773.582,72.85156,0.96963495,0,0,0,0,0,0,0,0,0,0,0,0,0,54.625,50,16376,14294,2081,12.7122488,5.349,0,0
05/27/2026 14:26:57,42,58,0,50,55,49,49,49,49,67,12.144001,5.04,1.312,1.396,0.736000061,0.318000019,0.640000045,3.292,2.046,0,3.37200022,3.37200022,3.12000012,53,47.5,43,47,943,740,0,804,678,0,0,0,0,0,7.69,1.56,0,0,0,7.69,0,0,2.12,7.69,27.0753975,3226,116,4850,382,48.5,0.25077346,0.65,2800,57,32.3333321,0.07371404,0.65,2601,26,32.3333321,0.0147549519,0.65,2821,36,32.3333321,0.01859367,0.65,2601,30,32.3333321,0.033407893,0.65,4850,343,48.5,0.322497725,0.65,2578,21,32.3333321,0.0114288684,0.65,2708,30,32.3333321,0.0123697715,0.65,53.0000076,44.8750038,99.99748,9.35347,27.5272942,25.3613739,5.13489151,9.7458725,34.5069046,38,0.25,0,55,0,85,0.416,1.01,16,16,16,32,48,30,295,160,130,0,0,0,16,38,0.25,0,55,0,85,0.416,1.01,16,16,16,32,48,30,295,160,130,0,0,0,16,512,-1,485.785156,485.480469,0.3046875,0.5,7618.451,7618.951,0,0,0,0,0,0,0,0,0,0,0,0,512,600,1200,3000,49,0.965000033,1.30500007,0,1,14,43,210,405,0,0,0,0,0,0,0,0,0.917,3.548,0.865,1773.582,72.85156,0,0,0,0,0,0,0,0,0,0,0,0,0,0,54.40625,50,16376,14294,2081,12.7122488,4.342,0,0
05/27/2026 14:26:59,42,58,0,51,55,47,47,47,47,66,12.144001,5.05,1.312,1.396,0.762,0.33,0.640000045,3.292,2.046,0,3.37600017,3.37200022,3.124,52,47,43,47,948,740,0,813,687,0,0,0,0,0,6.25,1.56,0,0,0,7.81,0,0,1.95,7.81,27.2645512,3372,157,4850,531,48.5,0.4406932,0.64375,3034,105,32.3333321,0.1268142,0.64375,2814,44,32.3333321,0.07253942,0.64375,3092,70,32.3333321,0.06446369,0.64375,2904,56,32.3333321,0.07734719,0.64375,4850,394,48.5,0.3950325,0.64375,2767,33,32.3333321,0.02999532,0.64375,2668,23,32.3333321,0.02542278,0.64375,52.1250076,45.8750038,99.99748,9.356388,27.5243759,25.3692932,5.13586044,9.744904,34.51342,38,0.25,0,55,0,85,0.416,1.01,16,16,16,32,48,30,295,160,130,0,0,0,16,38,0.25,0,55,0,85,0.416,1.01,16,16,16,32,48,30,295,160,130,0,0,0,16,512,-1,485.785156,485.480469,0.3046875,0.5,7618.451,7618.951,0,0,0,0,0,0,0,0,0,0,0,0,512,600,1200,3000,47,0.630000055,1.30500007,0,1,14,43,210,405,0,0,0,0,0,0,0,0,2.022,3.936,0.865,1773.582,72.85156,0.0120585393,0,0,0,0,0,0,0,0,0,0,0,0,0,54.4375,50,16376,14294,2081,12.7122488,4.197,0,0
05/27/2026 14:27:01,41,58,0,51,56,47,47,47,47,65,12.144001,5.04,1.31000006,1.396,0.742000043,0.30400002,0.640000045,3.292,2.046,0,3.37200022,3.37200022,3.124,51,47.5,43,47,944,740,0,799,712,0,0,0,0,0,4.62,0,0,0,0,4.62,0,0,1.15,4.62,26.4772758,2962,82,4850,285,48.5,0.179380208,0.65625,2722,49,32.3333321,0.0336959772,0.65625,2675,28,32.3333321,0.0166896861,0.65625,2543,22,32.3333321,0.009986165,0.65625,2594,33,32.3333321,0.01968615,0.65625,3168,203,32.3333321,0.178028986,0.65625,2615,20,32.3333321,0.01071109,0.65625,2528,15,32.3333321,0.00931057148,0.65625,51.6250076,44.3750038,99.99749,9.380863,27.4999,25.4356537,5.164608,9.716156,34.706604,38,0.25,0,55,0,85,0.416,1.01,16,16,16,32,48,30,295,160,130,0,0,0,16,38,0.25,0,55,0,85,0.416,1.01,16,16,16,32,48,30,295,160,130,0,0,0,16,512,-1,485.785156,485.480469,0.3046875,0.5,7618.451,7618.951,0,0,0,0,0,0,0,0,0,0,0,0,512,600,1200,3000,47,0.625,1.30500007,0,1,14,43,210,405,0,0,0,0,0,0,0,0,1.63,6.645,0.865,1773.582,72.85156,0,0,0,0,0,0,0,0,0,0,0,0,0,0,54.25,50,16376,14294,2081,12.7122488,6.235,0,0
05/27/2026 14:27:03,41,58,0,50,55,45,45,45,45,65,12.144001,5.04,1.312,1.396,0.804,0.314,0.640000045,3.292,2.046,0,3.37600017,3.37600017,3.12000012,51,47.5,43,47,915,769,0,810,724,0,0,0,0,0,9.52,0,0,0,0,1.59,0,0,1.39,9.52,27.132431,3233,139,4850,656,48.5,0.5325747,0.65,2859,90,32.3333321,0.110847704,0.65,2820,42,32.3333321,0.0332589373,0.65,2759,30,32.3333321,0.0145125845,0.65,2661,40,32.3333321,0.0294878446,0.65,4779,214,48.5,0.287475646,0.65,2534,16,32.3333321,0.0111350548,0.65,2599,21,32.3333321,0.0118753351,0.65,51.3750076,43.5000038,99.99748,9.388569,27.4921951,25.45655,5.16757965,9.713184,34.7265778,38,0.25,0,55,0,85,0.416,1.01,16,16,16,32,48,30,295,160,130,0,0,0,16,38,0.25,0,55,0,85,0.416,1.01,16,16,16,32,48,30,295,160,130,0,0,0,16,512,-1,485.785156,485.480469,0.3046875,0.5,7618.451,7618.951,0,0,0,0,0,0,0,0,0,0,0,0,512,600,1200,3000,49,0.75000006,1.30500007,0,0,14,43,210,405,0,0,0,0,0,0,0,0,1.358,5.161,0.865,1773.582,72.85156,0.971728563,0,0,0,0,0,0,0,0,0,0,0,0,0,54.46875,50,16376,14294,2081,12.7122488,4.809,0,0
05/27/2026 14:27:05,41,58,0,50,55,45,45,45,45,65,12.144001,5.04,1.312,1.396,0.746000051,0.314,0.640000045,3.292,2.046,0,3.37600017,3.37200022,3.124,51,47.5,43,47,916,768,0,801,720,0,0,0,0,0,9.38,0,0,0,1.56,3.12,1.56,1.56,2.15,9.38,27.6341629,3386,130,4850,491,48.5,0.397946149,0.64375,2899,60,32.3333321,0.0525162332,0.64375,2769,33,32.3333321,0.03097464,0.64375,2696,23,32.3333321,0.0283155,0.64375,3190,72,32.3333321,0.07776192,0.64375,4850,282,48.5,0.248949081,0.64375,2605,20,32.3333321,0.0268143639,0.64375,3233,60,32.3333321,0.0642262,0.64375,51.1250076,44.8750038,99.99748,9.35751,27.5232544,25.37233,5.140358,9.740406,34.54364,38,0.25,0,55,0,85,0.416,1.01,16,16,16,32,48,30,295,160,130,0,0,0,16,38,0.25,0,55,0,85,0.416,1.01,16,16,16,32,48,30,295,160,130,0,0,0,16,512,-1,485.785156,485.480469,0.3046875,0.5,7618.451,7618.951,0,0,0,0,0,0,0,0,0,0,0,0,512,600,1200,3000,47,0.515000045,1.30500007,0,0,11,43,210,405,0,0,0,0,0,0,0,0,1.063,3.377,0.865,1773.582,72.85156,0,0,0,0,0,0,0,0,0,0,0,0,0,0,54.28125,50,16376,14294,2081,12.7122488,3.179,0,0
05/27/2026 14:27:07,41,58,0,50,55,45,45,45,45,65,12.144001,5.04,1.312,1.39200008,0.836,0.324,0.640000045,3.292,2.046,0,3.37200022,3.37200022,3.12000012,51,47.5,43,47,907,769,0,811,715,0,0,0,0,0,9.23,1.54,0,0,0,9.23,0,0,2.5,9.23,27.9964733,3288,146,4850,471,48.5,0.3947963,0.64375,2929,75,32.3333321,0.0670477748,0.64375,2642,34,32.3333321,0.03139249,0.64375,2653,27,32.3333321,0.0304253567,0.64375,2766,37,32.3333321,0.0411745049,0.64375,4850,464,48.5,0.486872047,0.64375,2725,25,32.3333321,0.0294400547,0.64375,2892,35,32.3333321,0.0314904526,0.64375,51.3750076,44.8750038,99.99749,9.379154,27.50161,25.4310226,5.163372,9.717392,34.6982956,38,0.25,0,55,0,85,0.416,1.01,16,16,16,32,48,30,295,160,130,0,0,0,16,38,0.25,0,55,0,85,0.416,1.01,16,16,16,32,48,30,295,160,130,0,0,0,16,512,-1,485.785156,485.480469,0.3046875,0.5,7618.451,7618.951,0,0,0,0,0,0,0,0,0,0,0,0,512,600,1200,3000,49,0.930000067,1.30500007,0,1,14,43,210,405,0,0,0,0,0,0,0,0,2.188,5.589,0.865,1773.582,72.85156,0.9640799,0,0,0,0,0,0,0,0,0,0,0,0,0,54.46875,50,16376,14294,2081,12.7122488,5.668,49152,0
05/27/2026 14:27:09,41,58,0,50,55,45,45,45,45,65,12.144001,5.04,1.312,1.39200008,0.676000059,0.314,0.640000045,3.292,2.046,0,3.37600017,3.37200022,3.12000012,50,47.5,43,47,912,740,0,813,695,0,0,0,0,0,6.25,0,0,0,0,0,0,0,0.78,6.25,27.3765049,3003,83,3600,339,36,0.169854611,0.9625,2643,41,32.3333321,0.02089937,1.14375,2599,27,32.3333321,0.0113034919,1.14375,2558,25,32.3333321,0.009813044,1.14375,2625,28,32.3333321,0.011283448,1.14375,4594,151,48.5,0.123528831,1.14375,2537,17,32.3333321,0.009623441,1.14375,2869,34,32.3333321,0.0116004106,1.14375,51.2500076,44.8750038,99.9975,9.381245,27.49952,25.4366913,5.16320038,9.717564,34.6971436,38,0.25,0,55,0,85,0.416,1.01,16,16,16,32,48,30,295,160,130,0,0,0,16,38,0.25,0,55,0,85,0.416,1.01,16,16,16,32,48,30,295,160,130,0,0,0,16,512,-1,485.785156,485.480469,0.3046875,0.5,7618.451,7618.951,0,0,0,0,0,0,0,0,0,0,0,0,512,600,1200,3000,47,0.590000033,1.30500007,0,0,13,43,210,405,0,0,0,0,0,0,0,0,1.651,6.456,0.865,1773.582,72.85156,0,0,0,0,0,0,0,0,0,0,0,0,0,0,54.375,50,16376,14294,2081,12.7122488,6.427,0,0
05/27/2026 14:27:11,40,58,0,48,53,44,44,44,44,63,12.144001,5.04,1.312,1.396,0.8880001,0.334000021,0.640000045,3.292,2.046,0,3.37600017,3.37200022,3.12000012,50,47.5,43,47,901,740,0,804,707,0,0,0,0,0,6.35,0,0,0,0,6.35,0,0,1.59,6.35,27.5902271,3041,119,4850,449,48.5,0.3355865,0.66875,2884,64,32.3333321,0.0554427244,0.66875,2635,32,32.3333321,0.03217028,0.66875,2657,27,32.3333321,0.03144925,0.66875,2695,37,32.3333321,0.0381011069,0.66875,3233,290,32.3333321,0.2783001,0.66875,2670,26,32.3333321,0.0375560075,0.66875,2702,25,32.3333321,0.0309157521,0.66875,50.7500076,43.0000038,99.99749,9.351456,27.5293083,25.3559113,5.137623,9.743141,34.52526,38,0.25,0,55,0,85,0.416,1.01,16,16,16,32,48,30,295,160,130,0,0,0,16,38,0.25,0,55,0,85,0.416,1.01,16,16,16,32,48,30,295,160,130,0,0,0,16,512,-1,485.785156,485.480469,0.3046875,0.5,7618.451,7618.951,0,0,0,0,0,0,0,0,0,0,0,0,512,600,1200,3000,47,0.705000043,1.30500007,0,0,13,43,210,405,0,0,0,0,0,0,0,0,1.294,4.064,0.865,1773.582,72.85156,0.967760861,0,0,0,0,0,0,0,0,0,0,0,0,0,54.34375,50,16376,14294,2081,12.7122488,4.128,0,0
05/27/2026 14:27:13,40,58,0,48,53,44,44,44,44,63,12.144001,5.04,1.312,1.396,0.896,0.34,0.640000045,3.292,2.046,0,3.37200022,3.37200022,3.12000012,50,47.5,43,47,892,740,0,794,684,0,0,0,0,0,4.76,0,0,1.59,0,3.17,0,0,1.19,4.76,27.1084442,3421,120,4850,417,48.5,0.293846875,0.64375,3956,50,48.5,0.0348629244,0.64375,2620,30,32.3333321,0.0129896561,0.64375,3165,71,32.3333321,0.0523820035,0.64375,2669,33,32.3333321,0.03094557,0.64375,4850,320,48.5,0.3114918,0.64375,2532,17,32.3333321,0.0105379689,0.64375,2726,25,32.3333321,0.01213887,0.64375,50.7500076,44.3750038,99.99749,9.387276,27.4934883,25.4530411,5.17068863,9.710075,34.747467,38,0.25,0,55,0,85,0.416,1.01,16,16,16,32,48,30,295,160,130,0,0,0,16,38,0.25,0,55,0,85,0.416,1.01,16,16,16,32,48,30,295,160,130,0,0,0,16,512,-1,485.785156,485.480469,0.3046875,0.5,7618.451,7618.951,0,0,0,0,0,0,0,0,0,0,0,0,512,600,1200,3000,47,0.705000043,1.30500007,0,0,14,43,210,405,0,0,0,0,0,0,0,0,1.299,3.515,0.865,1773.582,72.85156,0,0,0,0,0,0,0,0,0,0,0,0,0,0,54.3125,50,16376,14294,2081,12.7122488,4.439,49152,0
05/27/2026 14:27:15,40,58,0,48,53,44,44,44,44,63,12.144001,5.04,1.312,1.39200008,0.784000039,0.312,0.640000045,3.292,2.046,0,3.37200022,3.37200022,3.124,50,47,43,47,886,769,0,796,675,0,0,0,0,0,9.52,0,1.56,0,0,6.35,0,0,2.18,9.52,26.7771473,3296,132,4040,459,40.4,0.3388451,0.5375,3096,83,33.6666679,0.0808174,0.5375,3102,55,33.6666679,0.04337925,0.5375,2837,38,33.6666679,0.0316954963,0.5375,2917,46,33.6666679,0.0579394326,0.5375,4975,323,49.75,0.269729853,0.50625,2720,24,33.1666679,0.02808142,0.50625,2678,24,33.1666679,0.02708671,0.50625,50.7500076,50.5000038,99.99749,9.358334,27.52243,25.3745651,5.14112473,9.739639,34.5487976,38,0.25,0,55,0,85,0.416,1.01,16,16,16,32,48,30,295,160,130,0,0,0,16,38,0.25,0,55,0,85,0.416,1.01,16,16,16,32,48,30,295,160,130,0,0,0,16,512,-1,485.785156,485.480469,0.3046875,0.5,7618.451,7618.951,0,0,0,0,0,0,0,0,0,0,0,0,512,600,1200,3000,49,0.930000067,1.30500007,0,4,15,43,210,405,0,0,0,0,0,0,0,0,2.154,6.25,0.865,1773.582,72.85156,0.9649865,0,0,0,0,0,0,0,0,0,0,0,0,0,54.40625,50,16376,14294,2081,12.7122488,6.095,0,49152
05/27/2026 14:27:17,40,58,0,48,53,44,44,44,44,63,12.12,5.04,1.31000006,1.39200008,0.700000048,0.306000024,0.640000045,3.288,2.046,0,3.37200022,3.36800027,3.12000012,50,47,43,47,890,768,0,781,674,0,0,0,0,0,4.69,0,0,0,0,3.12,0,0,0.98,4.69,27.3004227,3076,93,3233,330,32.3333321,0.196772754,0.925,2576,40,32.3333321,0.0317370519,0.925,2546,29,32.3333321,0.01580819,0.925,2465,21,32.3333321,0.0140433442,0.925,2533,30,32.3333321,0.02016296,0.925,4850,251,48.5,0.2069118,0.925,2436,19,32.3333321,0.0128578916,0.925,3971,23,48.5,0.0118919313,0.69375,50.6250076,42.0000038,99.9975,9.389595,27.491169,25.4593277,5.171383,9.709381,34.7521362,38,0.25,0,55,0,85,0.416,1.01,16,16,16,32,48,30,295,160,130,0,0,0,16,38,0.25,0,55,0,85,0.416,1.01,16,16,16,32,48,30,295,160,130,0,0,0,16,512,-1,485.785156,485.480469,0.3046875,0.5,7618.451,7618.951,0,0,0,0,0,0,0,0,0,0,0,0,512,600,1200,3000,47,0.565,1.30500007,0,0,13,43,210,405,0,0,0,0,0,0,0,0,1.335,6.308,0.865,1773.582,72.85156,0,0,0,0,0,0,0,0,0,0,0,0,0,0,54.25,50,16376,14294,2081,12.7122488,6.239,0,0
05/27/2026 14:27:19,40,58,0,48,53,44,44,44,44,63,12.144001,5.04,1.31000006,1.396,0.822,0.326,0.640000045,3.292,2.046,0,3.37600017,3.37600017,3.124,50,47.5,43,47,894,768,0,783,690,0,0,0,0,0,7.81,1.56,0,0,0,1.56,0,0,1.37,7.81,27.2348175,3133,122,4850,474,48.5,0.3461612,0.66875,3233,133,32.3333321,0.115916222,0.66875,2667,29,32.3333321,0.0318410881,0.66875,2786,37,32.3333321,0.03871882,0.66875,2856,43,32.3333321,0.04579723,0.66875,3208,201,32.3333321,0.216012567,0.66875,2650,22,32.3333321,0.0300276764,0.66875,2811,34,32.3333321,0.0303177256,0.66875,50.3750076,42.5000038,99.99749,9.358547,27.5222168,25.375145,5.144272,9.736492,34.5699463,38,0.25,0,55,0,85,0.416,1.01,16,16,16,32,48,30,295,160,130,0,0,0,16,38,0.25,0,55,0,85,0.416,1.01,16,16,16,32,48,30,295,160,130,0,0,0,16,512,-1,485.785156,485.480469,0.3046875,0.5,7618.451,7618.951,0,0,0,0,0,0,0,0,0,0,0,0,512,600,1200,3000,47,0.405000031,1.30500007,0,0,11,43,210,405,0,0,0,0,0,0,0,0,1.294,3.521,0.865,1773.582,72.85156,0.9628908,0,0,0,0,0,0,0,0,0,0,0,0,0,54.3125,50,16376,14294,2081,12.7122488,4.136,49152,0
05/27/2026 14:27:21,40,58,0,48,53,44,44,44,44,63,12.144001,5.04,1.31000006,1.39200008,0.638,0.308000028,0.638,3.292,2.046,0,3.37600017,3.37200022,3.124,50,47.5,43,47,887,740,0,795,690,0,0,0,0,0,4.69,0,0,0,0,1.56,0,0,0.78,4.69,27.0892429,3110,84,4850,374,48.5,0.222133681,0.65,2778,51,32.3333321,0.0319076,0.65,2711,31,32.3333321,0.0140964556,0.65,2519,25,32.3333321,0.0102124047,0.65,2617,28,32.3333321,0.0267029069,0.65,4449,128,48.5,0.105083883,0.65,2550,23,32.3333321,0.0111363092,0.65,2406,15,32.3333321,0.01192197,0.65,50.2500076,44.3750038,99.99749,9.380959,27.4998055,25.4359131,5.166195,9.714569,34.71727,38,0.25,0,55,0,85,0.416,1.01,16,16,16,32,48,30,295,160,130,0,0,0,16,38,0.25,0,55,0,85,0.416,1.01,16,16,16,32,48,30,295,160,130,0,0,0,16,512,-1,485.785156,485.480469,0.3046875,0.5,7618.451,7618.951,0,0,0,0,0,0,0,0,0,0,0,0,512,600,1200,3000,47,0.900000036,1.30500007,0,2,14,43,210,405,0,0,0,0,0,0,0,0,1.559,5.023,0.865,1773.582,72.85156,0,0,0,0,0,0,0,0,0,0,0,0,0,0,54.3125,50,16376,14294,2081,12.7122488,5.012,0,0
05/27/2026 14:27:23,40,58,0,48,53,44,44,44,44,63,12.144001,5.04,1.31000006,1.396,0.72,0.326,0.638,3.292,2.046,0,3.37200022,3.37200022,3.12000012,50,47.5,43,47,897,740,0,782,673,0,0,0,0,0,6.25,1.56,0,0,0,6.25,0,0,1.76,6.25,27.611166,3330,126,3600,476,36,0.348747164,0.9625,3264,71,36,0.06641824,0.95625,3086,42,36,0.0399958864,0.95625,3015,31,36,0.030217316,0.95,3032,39,36,0.0444614626,0.95625,3600,293,36,0.273761183,0.95625,3044,28,36,0.0293029733,0.95,3998,24,48.5,0.0269013382,0.975,50.1250076,42.0000038,99.99749,9.351795,27.5289688,25.3568344,5.136444,9.74432,34.51734,38,0.25,0,55,0,85,0.416,1.01,16,16,16,32,48,30,295,160,130,0,0,0,16,38,0.25,0,55,0,85,0.416,1.01,16,16,16,32,48,30,295,160,130,0,0,0,16,512,-1,485.785156,485.480469,0.3046875,0.5,7618.451,7618.951,0,0,0,0,0,0,0,0,0,0,0,0,512,600,1200,3000,49,0.955000043,1.30500007,0,0,14,43,210,405,0,0,0,0,0,0,0,0,2.002,6.698,0.865,1773.582,72.85156,0.8927708,0,0,0,0,0,0,0,0,0,0,0,0,0,54.375,50,16376,14294,2081,12.7122488,6.311,0,199680
05/27/2026 14:27:25,40,58,0,48,53,44,44,44,44,63,12.144001,5.04,1.31000006,1.396,0.736000061,0.328,0.640000045,3.292,2.046,0,3.37600017,3.37200022,3.124,50,47.5,43,47,890,740,0,780,674,0,0,0,0,0,6.15,1.56,0,0,0,3.08,0,0,1.35,6.15,26.2021847,3074,82,4850,326,48.5,0.166126892,0.65,2695,59,32.3333321,0.0255486257,0.65,2478,23,32.3333321,0.0115613956,0.65,2480,23,32.3333321,0.0104513746,0.65,2668,36,32.3333321,0.0166948941,0.65,4437,145,48.5,0.09086401,0.65,2573,23,32.3333321,0.0108558591,0.65,2409,17,32.3333321,0.0103988824,0.65,50.1250076,43.5000038,99.99748,9.379181,27.5015831,25.4310913,5.164242,9.716522,34.7041473,38,0.25,0,55,0,85,0.416,1.01,16,16,16,32,48,30,295,160,130,0,0,0,16,38,0.25,0,55,0,85,0.416,1.01,16,16,16,32,48,30,295,160,130,0,0,0,16,512,-1,485.785156,485.480469,0.3046875,0.5,7618.451,7618.951,0,0,0,0,0,0,0,0,0,0,0,0,512,600,1200,3000,47,0.580000043,1.30500007,0,0,13,43,210,405,0,0,0,0,0,0,0,0,1.184,5.039,0.865,1773.582,72.85156,0,0,0,0,0,0,0,0,0,0,0,0,0,0,54.1875,50,16376,14294,2081,12.7122488,5.288,49152,0
05/27/2026 14:27:27,40,58,0,48,53,44,44,44,44,63,12.144001,5.04,1.312,1.39200008,0.716,0.316,0.640000045,3.292,2.046,0,3.37600017,3.37200022,3.12000012,50,47.5,43,47,901,769,0,777,691,0,0,0,0,0,11.11,0,0,0,0,4.76,0,0,1.98,11.11,27.7595272,3511,154,4850,534,48.5,0.4583475,0.65,4319,82,48.5,0.0886776149,0.65,3189,97,32.3333321,0.09889301,0.65,2684,29,32.3333321,0.0372005738,0.65,2862,55,32.3333321,0.08109478,0.65,4850,385,48.5,0.399589837,0.65,2616,23,32.3333321,0.0315769836,0.65,2720,31,32.3333321,0.0314359255,0.65,50.3750076,42.5000038,99.99749,9.386433,27.4943314,25.4507523,5.16805267,9.712711,34.72975,38,0.25,0,55,0,85,0.416,1.01,16,16,16,32,48,30,295,160,130,0,0,0,16,38,0.25,0,55,0,85,0.416,1.01,16,16,16,32,48,30,295,160,130,0,0,0,16,512,-1,485.785156,485.480469,0.3046875,0.5,7618.451,7618.951,0,0,0,0,0,0,0,0,0,0,0,0,512,600,1200,3000,47,0.405000031,1.30500007,0,0,11,43,210,405,0,0,0,0,0,0,0,0,1.392,3.376,0.865,1773.582,72.85156,0.987770259,0,0,0,0,0,0,0,0,0,0,0,0,0,54.3125,50,16376,14294,2081,12.7122488,4.093,49152,0
05/27/2026 14:27:29,41,58,0,49,54,45,45,45,45,65,12.144001,5.04,1.312,1.396,0.74,0.326,0.640000045,3.288,2.046,0,3.37200022,3.37200022,3.12000012,51,47,43,47,905,768,0,792,693,0,0,0,0,0,12.5,0,0,0,0,7.81,0,1.54,2.73,12.5,26.8927231,3229,107,4850,454,48.5,0.329239666,0.65,2870,68,32.3333321,0.06146596,0.65,2646,34,32.3333321,0.03151439,0.65,2622,34,32.3333321,0.0294937175,0.65,2654,38,32.3333321,0.036328,0.65,4621,171,48.5,0.1812755,0.65,2733,25,32.3333321,0.028419869,0.65,2834,30,32.3333321,0.0289515089,0.65,51.2500076,43.0000038,99.99748,9.3843,27.4964638,25.44497,5.167946,9.712818,34.7290344,38,0.25,0,55,0,85,0.416,1.01,16,16,16,32,48,30,295,160,130,0,0,0,16,38,0.25,0,55,0,85,0.416,1.01,16,16,16,32,48,30,295,160,130,0,0,0,16,512,-1,485.785156,485.480469,0.3046875,0.5,7618.451,7618.951,0,0,0,0,0,0,0,0,0,0,0,0,512,600,1200,3000,49,0.745000064,1.30500007,0,0,15,43,210,405,0,0,0,0,0,0,0,0,2.063,5.562,0.865,1773.582,72.85156,0.9562879,0,0,0,0,0,0,0,0,0,0,0,0,0,54.34375,50,16376,14294,2081,12.7122488,6.023,0,0
05/27/2026 14:27:31,41,58,0,50,55,45,45,45,45,65,12.144001,5.04,1.312,1.396,0.690000057,0.324,0.638,3.292,2.046,0,3.37600017,3.37200022,3.124,50,47,43,47,906,768,0,789,700,0,0,0,0,0,6.25,0,0,0,0,0,0,0,0.78,6.25,27.696991,3214,84,3233,354,32.3333321,0.185627952,0.65,2695,49,32.3333321,0.0240551829,0.65,2569,28,32.3333321,0.0132904891,0.65,2555,27,32.3333321,0.0109169092,0.65,2614,30,32.3333321,0.0238809641,0.65,4521,148,48.5,0.106216729,0.65625,3735,17,48.5,0.0100507773,0.65625,3794,17,48.5,0.00947988,0.65625,51.1250076,43.5000038,99.99748,9.354912,27.5258522,25.3652878,5.13791275,9.742851,34.5272064,38,0.25,0,55,0,85,0.416,1.01,16,16,16,32,48,30,295,160,130,0,0,0,16,38,0.25,0,55,0,85,0.416,1.01,16,16,16,32,48,30,295,160,130,0,0,0,16,512,-1,485.785156,485.480469,0.3046875,0.5,7618.451,7618.951,0,0,0,0,0,0,0,0,0,0,0,0,512,600,1200,3000,47,0.405000031,1.30500007,0,0,11,43,210,405,0,0,0,0,0,0,0,0,1.721,6.548,0.865,1773.582,72.85156,0,0,0,0,0,0,0,0,0,0,0,0,0,0,54.3125,50,16376,14294,2081,12.7122488,6.361,0,0
05/27/2026 14:27:33,40,58,0,49,54,44,44,44,44,63,12.144001,5.04,1.312,1.39200008,0.724000037,0.312,0.640000045,3.292,2.046,0,3.37600017,3.37200022,3.124,50,47.5,43,47,908,741,0,811,689,0,0,0,0,0,15.38,1.56,3.12,1.56,1.56,4.62,1.56,0,3.67,15.38,26.6382389,3302,125,4850,466,48.5,0.3332901,0.65,2918,80,32.3333321,0.07157318,0.65,2673,31,32.3333321,0.0378273129,0.65,2717,32,32.3333321,0.030765,0.65,2722,37,32.3333321,0.0457313731,0.65,4850,285,48.5,0.2732658,0.65,2752,28,32.3333321,0.0252690073,0.65,2937,44,32.3333321,0.0443648547,0.65,50.6250076,44.8750038,99.99749,9.34767151,27.5330925,25.3456573,5.13124847,9.749516,34.48243,38,0.25,0,55,0,85,0.416,1.01,16,16,16,32,48,30,295,160,130,0,0,0,16,38,0.25,0,55,0,85,0.416,1.01,16,16,16,32,48,30,295,160,130,0,0,0,16,512,-1,485.785156,485.480469,0.3046875,0.5,7618.451,7618.951,0,0,0,0,0,0,0,0,0,0,0,0,512,600,1200,3000,49,0.745000064,1.30500007,0,0,14,43,210,405,0,0,0,0,0,0,0,0,1.477,4.23,0.865,1773.582,72.85156,0.954975843,0,0,0,0,0,0,0,0,0,0,0,0,0,54.3125,50,16376,14294,2081,12.7122488,3.967,0,0
05/27/2026 14:27:35,40,58,0,48,53,44,44,44,44,63,12.144001,5.04,1.312,1.396,0.756000042,0.308000028,0.640000045,3.29600024,2.046,0,3.37600017,3.37200022,3.124,50,47.5,43,47,896,740,0,787,703,0,0,0,0,0,13.85,4.62,1.54,3.08,3.08,9.23,1.54,1.54,4.81,13.85,27.1963139,2968,84,4850,344,48.5,0.202076927,0.65,2645,50,32.3333321,0.0348958336,0.65,2737,31,32.3333321,0.0120510217,0.65,2591,24,32.3333321,0.011529726,0.65,2714,32,32.3333321,0.0249249227,0.65,3035,160,32.3333321,0.130621925,0.65625,2553,15,32.3333321,0.0106295208,0.65625,2620,19,32.3333321,0.0102767376,0.65625,50.5000076,44.8750038,99.99749,9.375515,27.505249,25.42115,5.1613884,9.719376,34.684967,38,0.25,0,55,0,85,0.416,1.01,16,16,16,32,48,30,295,160,130,0,0,0,16,38,0.25,0,55,0,85,0.416,1.01,16,16,16,32,48,30,295,160,130,0,0,0,16,512,-1,485.785156,485.480469,0.3046875,0.5,7618.451,7618.951,0,0,0,0,0,0,0,0,0,0,0,0,512,600,1200,3000,47,0.935000062,1.30500007,0,3,14,43,210,405,0,0,0,0,0,0,0,0,1.217,3.78,0.865,1773.582,72.85156,0,0,0,0,0,0,0,0,0,0,0,0,0,0,54.125,52,16376,14294,2081,12.7122488,4.243,0,0
05/27/2026 14:27:37,40,58,0,48,53,44,44,44,44,63,12.144001,5.04,1.312,1.39200008,0.864,0.334000021,0.640000045,3.292,2.046,0,3.37600017,3.37600017,3.124,50,47.5,43,47,888,740,0,793,693,0,0,0,0,0,9.23,1.54,0,0,0,6.15,0,0,2.12,9.23,27.2201214,3438,142,4850,461,48.5,0.376857251,0.6375,3005,76,32.3333321,0.06274782,0.6375,2725,41,32.3333321,0.0340566635,0.6375,2684,32,32.3333321,0.03326956,0.6375,4052,40,48.5,0.0376613848,0.64375,4850,425,48.5,0.37115413,0.64375,2655,29,32.3333321,0.026947394,0.64375,2681,31,32.3333321,0.0280428734,0.64375,50.8750076,43.0000038,99.99749,9.345474,27.53529,25.3396988,5.133114,9.74765,34.4949646,38,0.25,0,55,0,85,0.416,1.01,16,16,16,32,48,30,295,160,130,0,0,0,16,38,0.25,0,55,0,85,0.416,1.01,16,16,16,32,48,30,295,160,130,0,0,0,16,512,-1,485.785156,485.480469,0.3046875,0.5,7618.451,7618.951,0,0,0,0,0,0,0,0,0,0,0,0,512,600,1200,3000,48,0.969000041,1.30500007,0,0,14,43,210,405,0,0,0,0,0,0,0,0,2.11,6.226,0.865,1773.582,72.85156,0.946711838,0,0,0,0,0,0,0,0,0,0,0,0,0,54.21875,50,16376,14294,2081,12.7122488,6.093,0,0
05/27/2026 14:27:39,40,58,0,48,53,44,44,44,44,63,12.144001,5.04,1.312,1.39200008,0.73,0.31,0.640000045,3.29600024,2.046,0,3.37600017,3.37200022,3.124,50,47,43,47,892,768,0,778,690,0,0,0,0,0,7.81,0,0,0,0,6.25,0,0,1.76,7.81,28.0181179,3270,119,3600,425,36,0.275844634,0.9625,3367,71,36,0.06658891,0.95625,3034,29,36,0.0307751168,0.95625,3029,28,36,0.0284291077,0.95,3164,44,36,0.0449358933,0.95,3600,295,36,0.270264,0.95625,3125,32,36,0.0302300043,0.95,3240,25,36,0.0290541966,0.94375,50.8750076,42.5000038,99.99749,9.379101,27.5016632,25.4308777,5.16518,9.715584,34.71045,38,0.25,0,55,0,85,0.416,1.01,16,16,16,32,48,30,295,160,130,0,0,0,16,38,0.25,0,55,0,85,0.416,1.01,16,16,16,32,48,30,295,160,130,0,0,0,16,512,-1,485.785156,485.480469,0.3046875,0.5,7618.451,7618.951,0,0,0,0,0,0,0,0,0,0,0,0,512,600,1200,3000,49,0.930000067,1.30500007,0,1,14,43,210,405,0,0,0,0,0,0,0,0,1.584,6.344,0.865,1773.582,72.85156,0.9504759,0,0,0,0,0,0,0,0,0,0,0,0,0,54.25,50,16376,14294,2081,12.7122488,5.628,0,0
05/27/2026 14:27:41,40,58,0,48,53,44,44,44,44,63,12.144001,5.04,1.31000006,1.39200008,0.722000062,0.326,0.640000045,3.292,2.046,0,3.37200022,3.37200022,3.12000012,50,47.5,42.5,47,890,769,0,791,689,0,0,0,0,0,6.25,0,1.56,0,0,3.12,0,0,1.37,6.25,26.3072071,3183,102,4850,368,48.5,0.219448209,0.65,2841,70,32.3333321,0.06511571,0.65,2607,33,32.3333321,0.0142985415,0.65,2508,23,32.3333321,0.0127984667,0.65,2638,32,32.3333321,0.0203213114,0.65,4850,246,48.5,0.2522809,0.65,2610,18,32.3333321,0.0122933425,0.65,2558,25,32.3333321,0.0113749942,0.65,50.6250076,44.3750038,99.99749,9.35247,27.5282936,25.3586655,5.14022827,9.740536,34.54277,38,0.25,0,55,0,85,0.416,1.01,16,16,16,32,48,30,295,160,130,0,0,0,16,38,0.25,0,55,0,85,0.416,1.01,16,16,16,32,48,30,295,160,130,0,0,0,16,512,-1,485.785156,485.480469,0.3046875,0.5,7618.451,7618.951,0,0,0,0,0,0,0,0,0,0,0,0,512,600,1200,3000,47,0.585000038,1.30500007,0,0,13,43,210,405,0,0,0,0,0,0,0,0,0.952,3.403,0.865,1773.582,72.85156,0,0,0,0,0,0,0,0,0,0,0,0,0,0,54.09375,50,16376,14294,2081,12.7122488,4.182,0,0
05/27/2026 14:27:43,40,58,0,48,53,44,44,44,44,63,12.144001,5.04,1.312,1.396,0.812000036,0.322000027,0.640000045,3.292,2.046,0,3.37600017,3.37200022,3.124,50,47.5,43,47,891,769,0,796,673,0,0,0,0,0,9.23,1.56,0,0,0,4.62,0,0,1.93,9.23,27.2761345,3347,129,4850,435,48.5,0.294157982,0.63125,3205,127,32.3333321,0.117187135,0.63125,2677,32,32.3333321,0.03301695,0.63125,2647,32,32.3333321,0.0285020731,0.63125,2959,68,32.3333321,0.07569327,0.63125,4850,294,48.5,0.272890747,0.63125,2737,22,33.6666679,0.0281536728,0.65,2853,23,33.6666679,0.0279674418,0.65,50.6250076,42.0000038,99.99749,9.354198,27.5265656,25.3633575,5.13950729,9.741257,34.5379257,38,0.25,0,55,0,85,0.416,1.01,16,16,16,32,48,30,295,160,130,0,0,0,16,38,0.25,0,55,0,85,0.416,1.01,16,16,16,32,48,30,295,160,130,0,0,0,16,512,-1,485.785156,485.480469,0.3046875,0.5,7618.451,7618.951,0,0,0,0,0,0,0,0,0,0,0,0,512,600,1200,3000,47,0.405000031,1.30500007,0,0,11,43,210,405,0,0,0,0,0,0,0,0,1.968,3.759,0.865,1773.582,72.85156,1.03449261,0,0,0,0,0,0,0,0,0,0,0,0,0,54.21875,50,16376,14294,2081,12.7122488,4.77,0,0
05/27/2026 14:27:45,40,58,0,48,53,44,44,44,44,63,12.144001,5.04,1.31000006,1.396,0.832,0.312,0.640000045,3.292,2.046,0,3.37200022,3.37200022,3.124,50,47.5,43,47,888,741,0,794,690,0,0,0,0,0,3.08,0,0,0,0,1.54,0,0,0.58,3.08,26.8480415,3244,112,4850,427,48.5,0.293889016,0.65625,2819,75,32.3333321,0.06761661,0.65625,2595,36,32.3333321,0.0341924056,0.65625,2681,36,32.3333321,0.0290225074,0.65625,2739,46,32.3333321,0.0461043268,0.65625,4950,225,49.5,0.178727388,0.50625,2688,25,33,0.027470937,0.50625,2626,24,33,0.0261706263,0.50625,50.5000076,44.0000038,99.99748,9.37612152,27.5046425,25.42279,5.161167,9.719597,34.68348,38,0.25,0,55,0,85,0.416,1.01,16,16,16,32,48,30,295,160,130,0,0,0,16,38,0.25,0,55,0,85,0.416,1.01,16,16,16,32,48,30,295,160,130,0,0,0,16,512,-1,485.785156,485.480469,0.3046875,0.5,7618.451,7618.951,0,0,0,0,0,0,0,0,0,0,0,0,512,600,1200,3000,47,0.56,1.30500007,0,0,13,43,210,405,0,0,0,0,0,0,0,0,2.112,6.514,0.865,1773.582,72.85156,0.9308457,0,0,0,0,0,0,0,0,0,0,0,0,0,54.21875,50,16376,14294,2081,12.7122488,6.21,0,0
05/27/2026 14:27:47,40,58,0,48,53,44,44,44,44,63,12.144001,5.04,1.312,1.396,0.726,0.316,0.640000045,3.292,2.046,0,3.37600017,3.37200022,3.124,50,47.5,43,47,890,741,0,794,673,0,0,0,0,0,3.12,0,0,0,0,0,0,0,0.39,3.12,27.88958,3095,89,3600,381,36,0.2333213,0.9625,3143,63,36,0.0375940837,0.95625,2824,21,36,0.0120192617,0.95625,2896,24,36,0.0108071212,0.95,2555,25,32.3333321,0.0130993249,1.00625,4537,166,48.5,0.141650587,1.00625,2521,17,32.3333321,0.009980477,1.00625,2684,18,32.3333321,0.0104035335,1.00625,50.6250076,44.3750038,99.99749,9.346798,27.5339661,25.3432922,5.13306046,9.747704,34.4946,38,0.25,0,55,0,85,0.416,1.01,16,16,16,32,48,30,295,160,130,0,0,0,16,38,0.25,0,55,0,85,0.416,1.01,16,16,16,32,48,30,295,160,130,0,0,0,16,512,-1,485.785156,485.480469,0.3046875,0.5,7618.451,7618.951,0,0,0,0,0,0,0,0,0,0,0,0,512,600,1200,3000,47,0.405000031,1.30500007,0,0,11,43,210,405,0,0,0,0,0,0,0,0,1.094,4.597,0.865,1773.582,72.85156,0,0,0,0,0,0,0,0,0,0,0,0,0,0,54.09375,50,16376,14294,2081,12.7122488,5.133,0,0
05/27/2026 14:27:49,40,58,0,48,53,44,44,44,44,63,12.144001,5.04,1.31000006,1.396,0.724000037,0.306000024,0.640000045,3.292,2.046,0,3.37600017,3.37200022,3.124,50,47.5,42.5,47,896,741,0,782,674,0,0,0,0,0,9.23,0,0,0,0,4.62,0,1.56,1.93,9.23,27.1645031,3352,130,4850,460,48.5,0.375417322,0.64375,2889,66,32.3333321,0.0708729252,0.64375,2855,45,32.3333321,0.04367966,0.64375,2709,27,32.3333321,0.0331022367,0.64375,2749,35,32.3333321,0.04486384,0.64375,4850,310,48.5,0.2942674,0.64375,2685,23,32.3333321,0.0307832621,0.64375,3233,70,32.3333321,0.0761169642,0.65,50.3750076,42.5000038,99.99749,9.353546,27.5272179,25.3615875,5.13499451,9.7457695,34.5076,38,0.25,0,55,0,85,0.416,1.01,16,16,16,32,48,30,295,160,130,0,0,0,16,38,0.25,0,55,0,85,0.416,1.01,16,16,16,32,48,30,295,160,130,0,0,0,16,512,-1,485.785156,485.480469,0.3046875,0.5,7618.451,7618.951,0,0,0,0,0,0,0,0,0,0,0,0,512,600,1200,3000,47,0.715000033,1.30500007,0,1,14,43,210,405,0,0,0,0,0,0,0,0,1.348,3.324,0.865,1773.582,72.85156,0.955009162,0,0,0,0,0,0,0,0,0,0,0,0,0,54.1875,50,16376,14294,2081,12.7122488,3.679,0,0
05/27/2026 14:27:51,40,58,0,48,53,44,44,44,44,63,12.144001,5.04,1.312,1.396,0.68,0.314,0.640000045,3.292,2.046,0,3.37600017,3.37600017,3.124,50,47.5,42.5,47,897,769,0,792,674,0,0,0,0,0,3.08,0,0,0,0,3.08,0,0,0.77,3.08,27.0593987,2976,90,4850,405,48.5,0.253287345,0.6625,2776,55,32.3333321,0.0361547545,0.6625,2604,27,32.3333321,0.01665465,0.6625,2687,29,32.3333321,0.0147353411,0.6625,2624,26,32.3333321,0.0174904782,0.6625,3006,145,32.3333321,0.1251394,0.6625,2704,19,32.3333321,0.0256286934,0.6625,2555,17,32.3333321,0.0101308357,0.66875,50.3750076,44.0000038,99.99749,9.345394,27.53537,25.3394775,5.130951,9.749813,34.480423,38,0.25,0,55,0,85,0.416,1.01,16,16,16,32,48,30,295,160,130,0,0,0,16,38,0.25,0,55,0,85,0.416,1.01,16,16,16,32,48,30,295,160,130,0,0,0,16,512,-1,485.785156,485.480469,0.3046875,0.5,7618.451,7618.951,0,0,0,0,0,0,0,0,0,0,0,0,512,600,1200,3000,47,0.599000037,1.30500007,0,1,13,43,210,405,0,0,0,0,0,0,0,0,2.154,6.003,0.865,1773.582,72.85156,0,0,0,0,0,0,0,0,0,0,0,0,0,0,54.0625,50,16376,14294,2081,12.7122488,5.667,0,0
05/27/2026 14:27:53,40,58,0,48,53,44,44,44,44,63,12.144001,5.04,1.312,1.396,0.802000046,0.322000027,0.640000045,3.292,2.046,0,3.37200022,3.37200022,3.124,50,47.5,42.5,47,890,768,0,794,690,0,0,0,0,0,10.94,1.56,0,0,0,1.56,0,1.56,1.95,10.94,27.8574276,3137,123,3233,477,32.3333321,0.375621,1.01875,2952,84,32.3333321,0.07452511,0.69375,2636,29,32.3333321,0.03140118,0.69375,2621,25,32.3333321,0.0306012537,0.69375,2789,37,32.3333321,0.0416699573,0.69375,4811,222,48.5,0.192870229,0.69375,2818,42,32.3333321,0.0344203375,0.69375,3233,71,32.3333321,0.0781308562,0.69375,50.3750076,44.0000038,99.99749,9.384457,27.4963074,25.4453964,5.16879654,9.711967,34.73475,38,0.25,0,55,0,85,0.416,1.01,16,16,16,32,48,30,295,160,130,0,0,0,16,38,0.25,0,55,0,85,0.416,1.01,16,16,16,32,48,30,295,160,130,0,0,0,16,512,-1,485.785156,485.480469,0.3046875,0.5,7618.451,7618.951,0,0,0,0,0,0,0,0,0,0,0,0,512,600,1200,3000,47,0.669,1.30500007,0,3,14,43,210,405,0,0,0,0,0,0,0,0,1.994,6.576,0.865,1773.582,72.85156,0.939568758,0,0,0,0,0,0,0,0,0,0,0,0,0,54.125,50,16376,14294,2081,12.7122488,5.738,0,0
05/27/2026 14:27:55,40,58,0,48,53,44,44,44,44,63,12.144001,5.05,1.312,1.396,0.756000042,0.306000024,0.640000045,3.292,2.046,0,3.37600017,3.37200022,3.124,50,47.5,42.5,47,886,769,0,792,673,0,0,0,0,0,6.15,0,0,0,0,3.08,0,0,1.15,6.15,25.7225475,3257,81,4850,303,48.5,0.146355554,0.6625,4024,50,48.5,0.0211929921,0.6625,2529,23,32.3333321,0.0128561081,0.6625,2478,21,32.3333321,0.0112149036,0.6625,2521,28,32.3333321,0.0146644739,0.6625,4678,187,48.5,0.173101574,0.6625,2470,19,32.3333321,0.0104094967,0.6625,2506,19,32.3333321,0.009756054,0.6625,50.3750076,44.3750038,99.9975,9.345566,27.5351982,25.33995,5.131546,9.749218,34.48443,38,0.25,0,55,0,85,0.416,1.01,16,16,16,32,48,30,295,160,130,0,0,0,16,38,0.25,0,55,0,85,0.416,1.01,16,16,16,32,48,30,295,160,130,0,0,0,16,512,-1,485.785156,485.480469,0.3046875,0.5,7618.451,7618.951,0,0,0,0,0,0,0,0,0,0,0,0,512,600,1200,3000,48,0.745000064,1.30500007,0,0,14,43,210,405,0,0,0,0,0,0,0,0,0.959,3.933,0.865,1773.582,72.85156,0,0,0,0,0,0,0,0,0,0,0,0,0,0,53.96875,50,16376,14294,2081,12.7122488,4.511,0,0
05/27/2026 14:27:57,40,58,0,48,53,44,44,44,44,63,12.144001,5.04,1.312,1.396,0.868000031,0.318000019,0.640000045,3.292,2.046,0,3.37600017,3.37200022,3.124,50,47.5,42.5,47,900,740,0,795,690,0,0,0,0,0,9.23,0,1.54,0,0,3.08,1.54,0,1.92,9.23,27.6649284,3430,132,4040,465,40.4,0.32319954,0.6375,3140,86,33.6666679,0.08446946,0.6375,3354,31,40.4,0.0344186127,0.6375,2857,33,33.6666679,0.0320645459,0.6375,3321,79,33.6666679,0.0837617,0.6375,5050,316,50.5,0.32869947,0.6375,2818,27,33.6666679,0.0295883324,0.5875,2864,23,33.6666679,0.029190056,0.58125,50.3750076,44.8750038,99.99748,9.384956,27.4958076,25.4467468,5.168003,9.712761,34.7294159,38,0.25,0,55,0,85,0.416,1.01,16,16,16,32,48,30,295,160,130,0,0,0,16,38,0.25,0,55,0,85,0.416,1.01,16,16,16,32,48,30,295,160,130,0,0,0,16,512,-1,485.785156,485.480469,0.3046875,0.5,7618.451,7618.951,0,0,0,0,0,0,0,0,0,0,0,0,512,600,1200,3000,49,0.75000006,1.30500007,0,0,14,43,210,405,0,0,0,0,0,0,0,0,1.518,3.421,0.865,1773.582,72.85156,0.966575146,0,0,0,0,0,0,0,0,0,0,0,0,0,54.09375,50,16376,14294,2081,12.7122488,4.223,0,0
05/27/2026 14:27:59,40,58,0,48,53,44,44,44,44,63,12.144001,5.04,1.312,1.396,0.728000045,0.31,0.640000045,3.292,2.046,0,3.37200022,3.37200022,3.124,50,47.5,43,47,886,740,0,782,691,0,0,0,0,0,4.76,0,0,0,0,0,0,0,0.6,4.76,26.9980488,3370,88,4850,341,48.5,0.196153551,0.66875,4299,63,48.5,0.0434522331,0.66875,2585,25,32.3333321,0.017271284,0.66875,2568,25,32.3333321,0.0146194482,0.66875,2625,29,32.3333321,0.0213675331,0.66875,4702,178,48.5,0.14475134,0.66875,2815,28,32.3333321,0.01958336,0.66875,2512,16,32.3333321,0.0127581442,0.66875,50.5000076,44.3750038,99.99748,9.379238,27.5015259,25.4312439,5.163597,9.717167,34.6998138,38,0.25,0,55,0,85,0.416,1.01,16,16,16,32,48,30,295,160,130,0,0,0,16,38,0.25,0,55,0,85,0.416,1.01,16,16,16,32,48,30,295,160,130,0,0,0,16,512,-1,485.785156,485.480469,0.3046875,0.5,7618.451,7618.951,0,0,0,0,0,0,0,0,0,0,0,0,512,600,1200,3000,47,0.570000052,1.30500007,0,0,13,43,210,405,0,0,0,0,0,0,0,0,1.928,6.48,0.865,1773.582,72.85156,0,0,0,0,0,0,0,0,0,0,0,0,0,0,53.9375,50,16376,14294,2081,12.7122488,6.192,0,0
05/27/2026 14:28:01,40,58,0,48,53,44,44,44,44,63,12.144001,5.04,1.312,1.396,0.758,0.30400002,0.640000045,3.292,2.046,0,3.37600017,3.37200022,3.124,50,47.5,43,47,888,740,0,790,690,0,0,0,0,0,14.06,6.25,3.12,1.56,1.59,6.25,3.17,1.59,4.7,14.06,28.2965889,3498,125,4850,434,48.5,0.342469931,1.01875,4850,144,48.5,0.132909834,1.01875,2800,42,32.3333321,0.0401616544,1.01875,2585,24,32.3333321,0.0305029042,1.01875,2706,41,32.3333321,0.0427463874,1.01875,4850,272,48.5,0.3086114,1.01875,2678,21,32.3333321,0.0308354422,1.01875,2662,24,32.3333321,0.03174361,1.01875,50.6250076,44.8750038,99.99749,9.35397,27.5267944,25.3627319,5.138687,9.742077,34.5324173,38,0.25,0,55,0,85,0.416,1.01,16,16,16,32,48,30,295,160,130,0,0,0,16,38,0.25,0,55,0,85,0.416,1.01,16,16,16,32,48,30,295,160,130,0,0,0,16,512,-1,485.785156,485.480469,0.3046875,0.5,7618.451,7618.951,0,0,0,0,0,0,0,0,0,0,0,0,512,600,1200,3000,49,0.74,1.30500007,0,0,14,43,210,405,0,0,0,0,0,0,0,0,1.785,6.353,0.865,1773.582,72.85156,0.952196956,0,0,0,0,0,0,0,0,0,0,0,0,0,53.96875,50,16376,14294,2081,12.7122488,5.586,0,0
05/27/2026 14:28:03,40,58,0,48,53,44,44,44,44,63,12.144001,5.04,1.312,1.396,0.806000054,0.31,0.640000045,3.292,2.046,0,3.37600017,3.37200022,3.124,50,47,42.5,47,886,768,0,782,674,0,0,0,0,0,21.54,12.5,9.38,9.38,7.81,18.46,6.35,6.25,11.46,21.54,26.0000172,3098,81,4850,343,48.5,0.203505427,0.65,2688,52,32.3333321,0.0283048,0.65,2563,26,32.3333321,0.0130719477,0.65,2521,22,32.3333321,0.0124632427,0.65,2696,35,32.3333321,0.02723316,0.65,4463,139,48.5,0.09122906,0.65,2502,17,32.3333321,0.00910922,0.65,2500,17,32.3333321,0.008744242,0.65,50.3750076,44.3750038,99.99749,9.378651,27.5021133,25.42965,5.163597,9.717167,34.6998138,38,0.25,0,55,0,85,0.416,1.01,16,16,16,32,48,30,295,160,130,0,0,0,16,38,0.25,0,55,0,85,0.416,1.01,16,16,16,32,48,30,295,160,130,0,0,0,16,512,-1,485.785156,485.480469,0.3046875,0.5,7618.451,7618.951,0,0,0,0,0,0,0,0,0,0,0,0,512,600,1200,3000,47,0.695000052,1.30500007,0,0,14,43,210,405,0,0,0,0,0,0,0,0,0.985,3.405,0.865,1773.582,72.85156,0,0,0,0,0,0,0,0,0,0,0,0,0,0,53.9375,50,16376,14294,2081,12.7122488,3.995,49152,0
05/27/2026 14:28:05,40,58,0,48,53,44,44,44,44,63,12.144001,5.04,1.312,1.396,0.688,0.316,0.640000045,3.29600024,2.046,0,3.37600017,3.37200022,3.124,50,47,42.5,47,898,768,0,779,690,0,0,0,0,0,9.38,0,0,0,0,1.56,0,0,1.37,9.38,27.02775,3948,109,4850,449,48.5,0.2861776,0.65,4259,61,48.5,0.0631444156,0.65,3948,30,48.5,0.0309939627,0.65,4056,25,48.5,0.0294888616,0.65,4186,36,48.5,0.03756372,0.65,4850,222,48.5,0.180977613,0.65,2752,24,32.3333321,0.0337274224,0.63125,2679,26,32.3333321,0.028350139,0.63125,50.3750076,42.5000038,99.99748,9.348202,27.5325623,25.3470917,5.134941,9.745823,34.50724,38,0.25,0,55,0,85,0.416,1.01,16,16,16,32,48,30,295,160,130,0,0,0,16,38,0.25,0,55,0,85,0.416,1.01,16,16,16,32,48,30,295,160,130,0,0,0,16,512,-1,485.785156,485.480469,0.3046875,0.5,7618.451,7618.951,0,0,0,0,0,0,0,0,0,0,0,0,512,600,1200,3000,48,0.965000033,1.30500007,0,0,14,43,210,405,0,0,0,0,0,0,0,0,1.821,3.856,0.865,1773.582,72.85156,0.9706405,0,0,0,0,0,0,0,0,0,0,0,0,0,54,50,16376,14294,2081,12.7122488,4.723,3149824,0
05/27/2026 14:28:07,40,58,0,48,53,44,44,44,44,63,12.144001,5.04,1.312,1.39200008,0.654000044,0.3,0.640000045,3.292,2.046,0,3.37200022,3.37200022,3.124,50,47.5,42.5,47,894,768,0,782,691,0,0,0,0,0,7.94,0,0,0,0,3.17,0,0,1.39,7.94,26.5117321,3173,115,4850,448,48.5,0.303162932,0.65,2763,56,32.3333321,0.0331760868,0.65,2552,26,32.3333321,0.0127600338,0.65,2676,30,32.3333321,0.0288658459,0.65,2612,35,32.3333321,0.0209033862,0.65,4850,293,48.5,0.273645729,0.65,2549,18,32.3333321,0.0106372265,0.65,2535,16,32.3333321,0.009926016,0.65,50.3750076,44.8750038,99.99748,9.352512,27.5282516,25.35878,5.1329155,9.74784851,34.49363,38,0.25,0,55,0,85,0.416,1.01,16,16,16,32,48,30,295,160,130,0,0,0,16,38,0.25,0,55,0,85,0.416,1.01,16,16,16,32,48,30,295,160,130,0,0,0,16,512,-1,485.785156,485.480469,0.3046875,0.5,7618.451,7618.951,0,0,0,0,0,0,0,0,0,0,0,0,512,600,1200,3000,47,0.61,1.30500007,0,1,13,43,210,405,0,0,0,0,0,0,0,0,1.906,6.433,0.865,1773.582,72.85156,0,0,0,0,0,0,0,0,0,0,0,0,0,0,53.96875,50,16376,14294,2081,12.7122488,6.059,0,0
05/27/2026 14:28:09,40,58,0,48,53,44,44,44,44,63,12.144001,5.04,1.312,1.396,0.816000044,0.320000023,0.640000045,3.292,2.046,0,3.37600017,3.37200022,3.124,50,47,42.5,47,890,767,0,797,691,0,0,0,0,0,13.85,1.54,0,0,0,3.08,0,0,2.31,13.85,27.4017429,3301,149,4850,629,48.5,0.506226,0.64375,2836,72,32.3333321,0.07113767,0.64375,2755,42,32.3333321,0.0369080566,0.64375,2768,34,32.3333321,0.03164301,0.64375,2853,54,32.3333321,0.05955838,0.64375,4850,311,48.5,0.3153447,0.64375,2778,26,32.3333321,0.0300050136,0.64375,2721,25,32.3333321,0.0303227678,0.64375,50.5000076,45.3750038,99.9975,9.356422,27.5243416,25.3693848,5.13725662,9.743507,34.5228043,38,0.25,0,55,0,85,0.416,1.01,16,16,16,32,48,30,295,160,130,0,0,0,16,38,0.25,0,55,0,85,0.416,1.01,16,16,16,32,48,30,295,160,130,0,0,0,16,512,-1,485.785156,485.480469,0.3046875,0.5,7618.451,7618.951,0,0,0,0,0,0,0,0,0,0,0,0,512,600,1200,3000,47,0.580000043,1.30500007,0,0,13,43,210,405,0,0,0,0,0,0,0,0,1.382,5.935,0.865,1773.582,72.85156,0.00635576854,0,0,0,0,0,0,0,0,0,0,0,0,0,53.96875,50,16376,14294,2081,12.7122488,4.732,3099648,0
05/27/2026 14:28:11,41,58,0,48,53,44,44,44,44,63,12.144001,5.04,1.312,1.396,0.748,0.318000019,0.640000045,3.292,2.046,0,3.37600017,3.37600017,3.124,50,47.5,42.5,47,902,740,0,781,675,0,0,0,0,0,4.69,1.56,0,0,1.56,4.69,1.56,0,1.76,4.69,26.25321,3278,92,4850,275,48.5,0.155190781,0.64375,2886,63,32.3333321,0.0588324778,0.64375,2564,31,32.3333321,0.0131970635,0.64375,2558,24,32.3333321,0.0114755156,0.64375,3233,91,32.3333321,0.07171617,0.64375,4756,200,48.5,0.170929119,0.64375,2835,35,32.3333321,0.0191218872,0.64375,2539,18,32.3333321,0.0126517331,0.64375,50.5000076,44.8750038,99.99748,9.38623,27.4945335,25.4502029,5.168129,9.712635,34.73027,38,0.25,0,55,0,85,0.416,1.01,16,16,16,32,48,30,295,160,130,0,0,0,16,38,0.25,0,55,0,85,0.416,1.01,16,16,16,32,48,30,295,160,130,0,0,0,16,512,-1,485.785156,485.480469,0.3046875,0.5,7618.451,7618.951,0,0,0,0,0,0,0,0,0,0,0,0,512,600,1200,3000,47,0.575000048,1.30500007,0,0,12,43,210,405,0,0,0,0,0,0,0,0,1.479,3.362,0.865,1773.582,72.85156,0,0,0,0,0,0,0,0,0,0,0,0,0,0,53.875,50,16376,14294,2081,12.7122488,4.18,0,2099200
05/27/2026 14:28:13,40,58,0,48,53,44,44,44,44,64,12.144001,5.04,1.312,1.396,0.818,0.318000019,0.640000045,3.292,2.046,0,3.37600017,3.37200022,3.124,51,47.5,42.5,47,894,740,0,780,692,0,0,0,0,0,20,6.25,1.56,1.56,4.69,10.77,0,1.56,5.8,20,28.6853085,3491,281,4850,939,48.5,0.868052,0.65,3102,192,32.3333321,0.22828266,0.65,3023,106,32.3333321,0.151461557,0.65,3006,70,32.3333321,0.09504405,0.65,2954,113,32.3333321,0.166469321,0.65,4850,649,48.5,0.682161331,0.65,2911,60,32.3333321,0.0559100732,0.65,3233,119,32.3333321,0.124767415,0.65,51.7500076,42.5000038,99.99749,9.410114,27.47065,25.5149689,5.18201065,9.698753,34.8235474,38,0.25,0,55,0,85,0.416,1.01,16,16,16,32,48,30,295,160,130,0,0,0,16,38,0.25,0,55,0,85,0.416,1.01,16,16,16,32,48,30,295,160,130,0,0,0,16,512,-1,485.785156,485.480469,0.3046875,0.5,7618.451,7618.951,0,0,0,0,0,0,0,0,0,0,0,0,512,600,1200,3000,48,0.935000062,1.30500007,0,1,14,43,210,405,0,0,0,0,0,0,0,0,1.985,5.021,0.865,1773.582,72.85156,0.968570054,0,0,0,0,0,0,0,0,0,0,0,0,0,53.9375,50,16376,14294,2081,12.7122488,5.346,0,2099200
05/27/2026 14:28:15,41,58,0,49,54,45,45,45,45,65,12.144001,5.04,1.312,1.39200008,0.70600003,0.320000023,0.640000045,3.292,2.046,0,3.37200022,3.37200022,3.12000012,51,47,42.5,47,904,740,0,780,691,0,0,0,0,0,6.25,0,0,0,0,3.17,0,0,1.18,6.25,30.3018684,3062,88,3600,343,36,0.208687812,1.24375,2968,46,36,0.0303451829,1.24375,2830,25,36,0.0118702324,1.24375,2800,25,36,0.0114337187,1.24375,3029,39,36,0.0184526984,1.24375,3453,178,36,0.198079363,1.24375,2883,25,36,0.0119222188,1.24375,2937,26,36,0.0118442457,1.24375,51.8750076,44.0000038,99.99748,9.400719,27.4800453,25.4894867,5.16085434,9.71991,34.68138,38,0.25,0,55,0,85,0.416,1.01,16,16,16,32,48,30,295,160,130,0,0,0,16,38,0.25,0,55,0,85,0.416,1.01,16,16,16,32,48,30,295,160,130,0,0,0,16,512,-1,485.785156,485.480469,0.3046875,0.5,7618.451,7618.951,0,0,0,0,0,0,0,0,0,0,0,0,512,600,1200,3000,48,0.965000033,1.30500007,0,1,14,43,210,405,0,0,0,0,0,0,0,0,1.506,6.559,0.865,1773.582,72.85156,0,0,0,0,0,0,0,0,0,0,0,0,0,0,53.71875,50,16376,14294,2081,12.7122488,6.181,49152,2099200
05/27/2026 14:28:17,41,58,0,50,55,45,45,45,45,65,12.144001,5.04,1.312,1.396,0.802000046,0.314,0.640000045,3.292,2.046,0,3.37200022,3.37200022,3.12000012,51,47,42.5,47,913,768,0,800,680,0,0,0,0,0,6.25,0,0,0,0,6.25,0,0,1.56,6.25,26.7532177,3289,119,4850,455,48.5,0.3179605,0.65,2863,59,32.3333321,0.05612143,0.65,2730,32,32.3333321,0.0300868135,0.65,2873,36,32.3333321,0.0451628454,0.65,2756,38,32.3333321,0.04001474,0.65,4850,287,48.5,0.286784977,0.65,2698,22,32.3333321,0.0276404582,0.65,2693,24,32.3333321,0.0271077417,0.65,51.1250076,43.0000038,99.99749,9.406212,27.4745522,25.50438,5.170101,9.710663,34.7435226,38,0.25,0,55,0,85,0.416,1.01,16,16,16,32,48,30,295,160,130,0,0,0,16,38,0.25,0,55,0,85,0.416,1.01,16,16,16,32,48,30,295,160,130,0,0,0,16,512,-1,485.785156,485.480469,0.3046875,0.5,7618.451,7618.951,0,0,0,0,0,0,0,0,0,0,0,0,512,600,1200,3000,48,0.729000032,1.30500007,0,0,14,43,210,405,0,0,0,0,0,0,0,0,1.254,4.738,0.865,1773.582,72.85156,0.00737568224,0,0,0,0,0,0,0,0,0,0,0,0,0,53.9375,50,16376,14294,2081,12.7122488,3.986,0,0
05/27/2026 14:28:19,41,58,0,50,55,45,45,45,45,65,12.144001,5.04,1.312,1.39200008,0.764000058,0.31,0.640000045,3.292,2.046,0,3.37600017,3.37200022,3.124,51,47,42.5,47,913,769,0,795,705,0,0,0,0,0,6.25,0,0,0,0,6.25,0,0,1.56,6.25,27.2649956,3264,90,4040,351,40.4,0.190500349,0.5625,3041,62,33.6666679,0.04441419,0.5625,2725,26,33.6666679,0.0117043713,0.5625,2719,24,33.6666679,0.0103201522,0.5625,3304,30,40.4,0.02433498,0.5625,4947,195,50.5,0.193573,0.5625,2642,15,33.6666679,0.009601583,0.5625,2693,17,33.6666679,0.009569753,0.5625,51.0000076,43.0000038,99.9975,9.397411,27.4833527,25.4805222,5.160038,9.720726,34.6758957,38,0.25,0,55,0,85,0.416,1.01,16,16,16,32,48,30,295,160,130,0,0,0,16,38,0.25,0,55,0,85,0.416,1.01,16,16,16,32,48,30,295,160,130,0,0,0,16,512,-1,485.785156,485.480469,0.3046875,0.5,7618.451,7618.951,0,0,0,0,0,0,0,0,0,0,0,0,512,600,1200,3000,47,0.74,1.30500007,0,1,14,43,210,405,0,0,0,0,0,0,0,0,1.2,3.423,0.865,1773.582,72.85156,0,0,0,0,0,0,0,0,0,0,0,0,0,0,53.78125,50,16376,14294,2081,12.7122488,3.971,0,0
05/27/2026 14:28:21,41,58,0,50,55,45,45,45,45,65,12.144001,5.04,1.31000006,1.39200008,0.702,0.314,0.640000045,3.292,2.046,0,3.37200022,3.37200022,3.12000012,50,47,42.5,47,908,769,0,799,694,0,0,0,0,0,18.75,13.85,6.25,4.69,7.81,17.19,6.25,4.69,9.93,18.75,27.2077122,3110,124,4850,469,48.5,0.3667832,0.6625,3014,80,32.3333321,0.0722058639,0.6625,2765,33,32.3333321,0.0330428444,0.6625,2673,26,32.3333321,0.02823749,0.6625,2762,30,32.3333321,0.03899883,0.6625,3233,308,32.3333321,0.291780472,0.6625,2842,26,32.3333321,0.0301049687,0.6625,2741,22,32.3333321,0.0268108081,0.6625,50.7500076,43.5000038,99.99748,9.435608,27.4451561,25.5840912,5.19491959,9.685844,34.9103,38,0.25,0,55,0,85,0.416,1.01,16,16,16,32,48,30,295,160,130,0,0,0,16,38,0.25,0,55,0,85,0.416,1.01,16,16,16,32,48,30,295,160,130,0,0,0,16,512,-1,485.785156,485.480469,0.3046875,0.5,7618.451,7618.951,0,0,0,0,0,0,0,0,0,0,0,0,512,600,1200,3000,48,0.965000033,1.30500007,0,0,14,43,210,405,0,0,0,0,0,0,0,0,2.001,6.038,0.865,1773.582,72.85156,0.9619245,0,0,0,0,0,0,0,0,0,0,0,0,0,53.875,50,16376,14294,2081,12.7122488,6.029,0,0
05/27/2026 14:28:23,40,58,0,49,54,44,44,44,44,65,12.144001,5.04,1.31000006,1.396,0.654000044,0.326,0.640000045,3.292,2.046,0,3.37600017,3.37600017,3.12000012,50,47.5,42.5,47,919,741,0,802,694,0,0,0,0,0,12.5,4.62,1.56,1.56,1.56,6.25,1.56,1.56,3.9,12.5,28.5330334,3142,78,3600,297,36,0.182206973,0.9625,3142,49,36,0.0249804724,0.95625,2952,28,36,0.0119334431,0.95625,2939,26,36,0.0103436178,0.95,3070,36,36,0.0156740267,0.95625,3380,142,36,0.149322972,0.95625,2865,18,36,0.0104804439,0.95,3185,29,36,0.0156768262,0.94375,51.0000076,44.8750038,99.99748,9.428814,27.45195,25.5656662,5.192005,9.688759,34.8907166,38,0.25,0,55,0,85,0.416,1.01,16,16,16,32,48,30,295,160,130,0,0,0,16,38,0.25,0,55,0,85,0.416,1.01,16,16,16,32,48,30,295,160,130,0,0,0,16,512,-1,485.785156,485.480469,0.3046875,0.5,7618.451,7618.951,0,0,0,0,0,0,0,0,0,0,0,0,512,600,1200,3000,47,0.565,1.30500007,0,0,13,43,210,405,0,0,0,0,0,0,0,0,1.2,5.964,0.865,1773.582,72.85156,0,0,0,0,0,0,0,0,0,0,0,0,0,0,53.8125,50,16376,14294,2081,12.7122488,5.754,49152,0
05/27/2026 14:28:25,40,58,0,48,53,44,44,44,44,63,12.144001,5.04,1.312,1.396,0.762,0.314,0.640000045,3.292,2.046,0,3.37600017,3.37200022,3.12000012,50,47.5,42.5,47,897,740,0,807,704,0,0,0,0,0,6.15,0,0,0,0,0,0,0,0.77,6.15,26.6992378,4313,106,4850,412,48.5,0.26545006,0.66875,4185,65,48.5,0.0506831668,0.66875,4610,51,48.5,0.0430140048,0.66875,3951,27,48.5,0.0302219614,0.66875,4193,56,48.5,0.0480914637,0.66875,4719,187,48.5,0.16890578,0.66875,3998,26,48.5,0.0282343179,0.66875,3995,22,48.5,0.0281282309,0.66875,50.5000076,43.0000038,99.99748,9.396282,27.4844818,25.4774628,5.1740303,9.706734,34.769928,38,0.25,0,55,0,85,0.416,1.01,16,16,16,32,48,30,295,160,130,0,0,0,16,38,0.25,0,55,0,85,0.416,1.01,16,16,16,32,48,30,295,160,130,0,0,0,16,512,-1,485.785156,485.480469,0.3046875,0.5,7618.451,7618.951,0,0,0,0,0,0,0,0,0,0,0,0,512,600,1200,3000,47,0.405000031,1.30500007,0,0,11,43,210,405,0,0,0,0,0,0,0,0,1.221,3.476,0.865,1773.582,72.85156,0.954048336,0,0,0,0,0,0,0,0,0,0,0,0,0,53.875,50,16376,14294,2081,12.7122488,4.26,0,0
05/27/2026 14:28:27,40,58,0,48,53,44,44,44,44,63,12.144001,5.04,1.31000006,1.396,0.718000054,0.316,0.640000045,3.292,2.046,0,3.37200022,3.37200022,3.12000012,50,47,42.5,47,894,741,0,784,695,0,0,0,0,0,6.35,0,0,0,0,1.59,0,0,0.99,6.35,26.4910774,3004,89,4850,358,48.5,0.205103174,0.66875,2788,54,32.3333321,0.0337093771,0.66875,2602,23,32.3333321,0.0110435355,0.66875,2716,29,32.3333321,0.0163461827,0.66875,2617,33,32.3333321,0.0206697732,0.66875,3054,169,32.3333321,0.129052177,0.66875,2720,26,32.3333321,0.0113514783,0.66875,2681,21,32.3333321,0.009678464,0.66875,50.2500076,43.0000038,99.99749,9.395187,27.4855766,25.4744949,5.17425156,9.706512,34.7714081,38,0.25,0,55,0,85,0.416,1.01,16,16,16,32,48,30,295,160,130,0,0,0,16,38,0.25,0,55,0,85,0.416,1.01,16,16,16,32,48,30,295,160,130,0,0,0,16,512,-1,485.785156,485.480469,0.3046875,0.5,7618.451,7618.951,0,0,0,0,0,0,0,0,0,0,0,0,512,600,1200,3000,47,0.405000031,1.30500007,0,0,11,43,210,405,0,0,0,0,0,0,0,0,1.503,3.505,0.865,1773.582,72.85156,0,0,0,0,0,0,0,0,0,0,0,0,0,0,53.875,50,16376,14294,2081,12.7122488,3.911,0,0
05/27/2026 14:28:29,40,58,0,48,53,44,44,44,44,63,12.144001,5.04,1.31000006,1.39200008,0.684,0.306000024,0.640000045,3.292,2.046,0,3.37200022,3.37200022,3.12000012,50,47,42.5,47,894,768,0,794,691,0,0,0,0,0,10.77,1.54,0,0,0,3.08,0,0,1.92,10.77,27.2314739,3219,120,4850,568,48.5,0.473436475,0.65,2795,49,32.3333321,0.0483055227,0.65,2641,27,32.3333321,0.0235780552,0.65,2723,33,32.3333321,0.0245996658,0.65,2724,31,32.3333321,0.0281679034,0.65,4830,209,48.5,0.234111011,0.65,2612,24,32.3333321,0.0218808055,0.65,2578,16,32.3333321,0.0195672158,0.65,50.3750076,44.3750038,99.99748,9.397259,27.4835052,25.48011,5.17032242,9.710442,34.7450027,38,0.25,0,55,0,85,0.416,1.01,16,16,16,32,48,30,295,160,130,0,0,0,16,38,0.25,0,55,0,85,0.416,1.01,16,16,16,32,48,30,295,160,130,0,0,0,16,512,-1,485.785156,485.480469,0.3046875,0.5,7618.451,7618.951,0,0,0,0,0,0,0,0,0,0,0,0,512,600,1200,3000,47,0.950000048,1.30500007,0,1,14,43,210,405,0,0,0,0,0,0,0,0,1.986,6.358,0.865,1773.582,72.85156,0.00591670675,0,0,0,0,0,0,0,0,0,0,0,0,0,53.8125,50,16376,14294,2081,12.7122488,5.39,0,49152
05/27/2026 14:28:31,40,58,0,48,53,44,44,44,44,63,12.144001,5.04,1.312,1.39200008,0.788000047,0.320000023,0.640000045,3.292,2.046,0,3.37200022,3.37200022,3.12000012,50,47,42.5,47,888,768,0,778,691,0,0,0,0,0,3.17,0,0,0,0,3.17,0,0,0.79,3.17,26.5772057,2964,92,4850,319,48.5,0.217824772,0.6625,2714,53,32.3333321,0.0356342159,0.6625,2609,28,32.3333321,0.01413001,0.6625,2540,20,32.3333321,0.01136787,0.6625,2575,28,32.3333321,0.0149975568,0.6625,3233,251,32.3333321,0.231530339,0.6625,2654,24,32.3333321,0.0108055277,0.6625,2533,17,32.3333321,0.0103428131,0.6625,50.3750076,42.0000038,99.99749,9.398987,27.4817772,25.4847946,5.1745224,9.706242,34.77323,38,0.25,0,55,0,85,0.416,1.01,16,16,16,32,48,30,295,160,130,0,0,0,16,38,0.25,0,55,0,85,0.416,1.01,16,16,16,32,48,30,295,160,130,0,0,0,16,512,-1,485.785156,485.480469,0.3046875,0.5,7618.451,7618.951,0,0,0,0,0,0,0,0,0,0,0,0,512,600,1200,3000,47,0.625,1.30500007,0,1,13,43,210,405,0,0,0,0,0,0,0,0,0.974,6.024,0.865,1773.582,72.85156,0,0,0,0,0,0,0,0,0,0,0,0,0,0,53.6875,50,16376,14294,2081,12.7122488,6.034,0,0
05/27/2026 14:28:33,40,58,0,48,53,44,44,44,44,63,12.144001,5.04,1.31000006,1.396,0.694,0.316,0.640000045,3.292,2.046,0,3.37200022,3.37200022,3.124,50,47,42.5,47,886,768,0,779,691,0,0,0,0,0,3.12,0,0,0,0,3.12,0,0,0.78,3.12,27.0386677,3528,119,4850,419,48.5,0.295142055,0.64375,4182,56,48.5,0.0677668,0.64375,2684,33,32.3333321,0.03334145,0.64375,2897,41,32.3333321,0.0381055735,0.64375,2888,45,32.3333321,0.0442977473,0.64375,4850,261,48.5,0.210009322,0.64375,2642,22,32.3333321,0.02871282,0.64375,3233,75,32.3333321,0.0759773552,0.64375,50.3750076,42.5000038,99.99749,9.403667,27.4770966,25.4974823,5.17851639,9.702248,34.80007,38,0.25,0,55,0,85,0.416,1.01,16,16,16,32,48,30,295,160,130,0,0,0,16,38,0.25,0,55,0,85,0.416,1.01,16,16,16,32,48,30,295,160,130,0,0,0,16,512,-1,485.785156,485.480469,0.3046875,0.5,7618.451,7618.951,0,0,0,0,0,0,0,0,0,0,0,0,512,600,1200,3000,48,0.895000041,1.30500007,0,4,14,43,210,405,0,0,0,0,0,0,0,0,1.282,3.371,0.865,1773.582,72.85156,0.00504947873,0,0,0,0,0,0,0,0,0,0,0,0,0,53.84375,50,16376,14294,2081,12.7122488,3.38,0,49152
05/27/2026 14:28:35,40,58,0,48,53,44,44,44,44,63,12.144001,5.04,1.312,1.39200008,0.778000057,0.314,0.640000045,3.292,2.046,0,3.37200022,3.37200022,3.12000012,50,47,42.5,47,894,768,0,778,689,0,0,0,0,0,4.69,0,0,0,0,0,0,0,0.59,4.69,26.7338753,3122,83,4850,364,48.5,0.206680417,0.65,2640,44,32.3333321,0.027601717,0.65,2564,21,32.3333321,0.0119839385,0.65,2561,24,32.3333321,0.0114340531,0.65,2576,23,32.3333321,0.0154409148,0.65,4577,152,48.5,0.102769412,0.65,2519,16,32.3333321,0.009987076,0.65,2686,21,32.3333321,0.0109310756,0.65,50.1250076,42.0000038,99.9975,9.398937,27.4818268,25.4846649,5.1723175,9.7084465,34.7584152,38,0.25,0,55,0,85,0.416,1.01,16,16,16,32,48,30,295,160,130,0,0,0,16,38,0.25,0,55,0,85,0.416,1.01,16,16,16,32,48,30,295,160,130,0,0,0,16,512,-1,485.785156,485.480469,0.3046875,0.5,7618.451,7618.951,0,0,0,0,0,0,0,0,0,0,0,0,512,600,1200,3000,49,0.844000041,1.30500007,0,0,14,43,210,405,0,0,0,0,0,0,0,0,1.718,4.417,0.865,1773.582,72.85156,0,0,0,0,0,0,0,0,0,0,0,0,0,0,53.71875,50,16376,14294,2081,12.7122488,4.583,0,0
05/27/2026 14:28:37,40,58,0,48,53,44,44,44,44,63,12.144001,5.04,1.31000006,1.39200008,0.692000031,0.320000023,0.640000045,3.29600024,2.046,0,3.37200022,3.37200022,3.12000012,50,47,42.5,47,893,741,0,782,673,0,0,0,0,0,6.25,0,0,0,0,4.69,0,0,1.37,6.25,27.6583,3752,120,3600,454,36,0.2911357,0.9625,3128,58,36,0.0536627881,0.95625,2936,30,36,0.029951673,0.95625,3122,35,36,0.036947906,0.95,4241,37,48.5,0.04056877,0.975,4850,296,48.5,0.3066401,0.975,4164,26,48.5,0.0274569318,0.975,3971,25,48.5,0.0234461986,0.975,50.1250076,43.0000038,99.99749,9.404453,27.47631,25.4996185,5.179493,9.701271,34.806633,38,0.25,0,55,0,85,0.416,1.01,16,16,16,32,48,30,295,160,130,0,0,0,16,38,0.25,0,55,0,85,0.416,1.01,16,16,16,32,48,30,295,160,130,0,0,0,16,512,-1,485.785156,485.480469,0.3046875,0.5,7618.451,7618.951,0,0,0,0,0,0,0,0,0,0,0,0,512,600,1200,3000,48,0.965000033,1.30500007,0,2,15,43,210,405,0,0,0,0,0,0,0,0,1.961,6.558,0.865,1773.582,72.85156,0.00494575,0,0,0,0,0,0,0,0,0,0,0,0,0,53.8125,50,16376,14294,2081,12.7122488,5.447,0,0
05/27/2026 14:28:39,40,58,0,48,53,44,44,44,44,63,12.144001,5.04,1.31000006,1.396,0.712,0.322000027,0.640000045,3.292,2.046,0,3.37200022,3.37200022,3.12000012,50,47.5,42.5,47,895,741,0,794,673,0,0,0,0,0,3.12,0,0,0,0,1.56,0,0,0.59,3.12,25.8223324,3126,79,4850,321,48.5,0.16134569,0.64375,2605,38,32.3333321,0.0242140926,0.64375,2644,30,32.3333321,0.01229825,0.64375,2526,25,32.3333321,0.009943839,0.64375,2537,27,32.3333321,0.0150385033,0.64375,4449,142,48.5,0.104474,0.64375,2922,35,32.3333321,0.0130808176,0.64375,2478,17,32.3333321,0.0109535148,0.65,50.1250076,43.5000038,99.99749,9.426975,27.4537888,25.5606842,5.19920731,9.681557,34.9391174,38,0.25,0,55,0,85,0.416,1.01,16,16,16,32,48,30,295,160,130,0,0,0,16,37.75,0.25,0,55,0,85,0.416,1.01,16,16,16,32,48,30,295,160,130,0,0,0,16,512,-1,485.785156,485.480469,0.3046875,0.5,7618.451,7618.951,0,0,0,0,0,0,0,0,0,0,0,0,512,600,1200,3000,49,0.969000041,1.30500007,0,1,15,43,210,405,0,0,0,0,0,0,0,0,0.848,3.826,0.865,1773.582,72.85156,0,0,0,0,0,0,0,0,0,0,0,0,0,0,53.6875,50,16376,14294,2081,12.7122488,4.487,0,0
05/27/2026 14:28:41,40,58,0,48,53,44,44,44,44,63,12.144001,5.04,1.312,1.396,0.782000065,0.308000028,0.640000045,3.292,2.046,0,3.37600017,3.37200022,3.124,50,47.5,42.5,47,889,740,0,782,673,0,0,0,0,0,9.38,1.56,0,0,0,1.56,0,0,1.56,9.38,27.2812,3132,120,4850,461,48.5,0.3783528,0.66875,3173,103,32.3333321,0.112011217,0.66875,2687,30,32.3333321,0.0329372026,0.66875,2698,28,32.3333321,0.0328734927,0.66875,2859,48,32.3333321,0.0475885868,0.66875,3233,233,32.3333321,0.224663824,0.66875,2903,34,32.3333321,0.0330742225,0.66875,2657,20,32.3333321,0.0265427586,0.66875,50.0000076,43.0000038,99.99748,9.403374,27.47739,25.4966888,5.1727066,9.708057,34.7610321,38,0.25,0,55,0,85,0.416,1.01,16,16,16,32,48,30,295,160,130,0,0,0,16,38,0.25,0,55,0,85,0.416,1.01,16,16,16,32,48,30,295,160,130,0,0,0,16,512,-1,485.785156,485.480469,0.3046875,0.5,7618.451,7618.951,0,0,0,0,0,0,0,0,0,0,0,0,512,600,1200,3000,49,0.745000064,1.30500007,0,0,14,43,210,405,0,0,0,0,0,0,0,0,1.405,3.361,0.865,1773.582,72.85156,0.9726539,0,0,0,0,0,0,0,0,0,0,0,0,0,53.6875,50,16376,14294,2081,12.7122488,3.694,0,0
05/27/2026 14:28:43,40,58,0,48,53,44,44,44,44,63,12.144001,5.04,1.312,1.396,0.734,0.308000028,0.640000045,3.292,2.046,0,3.37600017,3.37600017,3.124,50,47.5,42.5,47,890,768,0,793,674,0,0,0,0,0,7.81,0,0,0,0,4.76,0,0,1.57,7.81,26.7268543,3159,99,4850,405,48.5,0.2912427,0.6625,2708,49,32.3333321,0.0411791876,0.6625,2586,32,32.3333321,0.0191566739,0.6625,2559,24,32.3333321,0.01670462,0.6625,2618,34,32.3333321,0.025363436,0.6625,4807,203,48.5,0.223749951,0.6625,2481,17,32.3333321,0.0150344055,0.6625,2660,27,32.3333321,0.0184752159,0.6625,50.2500076,43.5000038,99.99748,9.370106,27.5106583,25.4064789,5.161278,9.719486,34.684227,38,0.25,0,55,0,85,0.416,1.01,16,16,16,32,48,30,295,160,130,0,0,0,16,38,0.25,0,55,0,85,0.416,1.01,16,16,16,32,48,30,295,160,130,0,0,0,16,512,-1,485.785156,485.480469,0.3046875,0.5,7618.451,7618.951,0,0,0,0,0,0,0,0,0,0,0,0,512,600,1200,3000,48,0.965000033,1.30500007,0,1,14,43,210,405,0,0,0,0,0,0,0,0,1.732,6.317,0.865,1773.582,72.85156,0,0,0,0,0,0,0,0,0,0,0,0,0,0,53.625,50,16376,14294,2081,12.7122488,5.984,49152,0
05/27/2026 14:28:45,40,58,0,48,53,44,44,44,44,63,12.144001,5.04,1.312,1.396,0.820000052,0.316,0.640000045,3.292,2.046,0,3.37200022,3.37200022,3.124,50,47.5,42.5,47,889,768,0,793,673,0,0,0,0,0,12.31,3.12,1.56,0,0,4.62,0,3.12,3.09,12.31,28.0775661,3232,118,3600,410,36,0.2878948,1.35,3156,55,36,0.0549535453,1.35,3200,44,36,0.0470023081,1.35,3018,32,36,0.0362156332,1.35,3232,54,36,0.0528897345,1.35,3600,294,36,0.2994232,1.35,2926,23,36,0.0269404277,1.35,3120,29,36,0.0263247322,1.35,50.5000076,42.5000038,99.99748,9.369431,27.5113335,25.4046555,5.15551,9.725254,34.64547,38,0.25,0,55,0,85,0.416,1.01,16,16,16,32,48,30,295,160,130,0,0,0,16,37.75,0.25,0,55,0,85,0.416,1.01,16,16,16,32,48,30,295,160,130,0,0,0,16,512,-1,485.785156,485.480469,0.3046875,0.5,7618.451,7618.951,0,0,0,0,0,0,0,0,0,0,0,0,512,600,1200,3000,47,0.5,1.30500007,0,0,11,43,210,405,0,0,0,0,0,0,0,0,1.732,6.459,0.865,1773.582,72.85156,0.945090353,0,0,0,0,0,0,0,0,0,0,0,0,0,53.6875,50,16376,14294,2081,12.7122488,5.958,0,0
05/27/2026 14:28:47,40,58,0,48,53,44,44,44,44,63,12.144001,5.04,1.312,1.396,0.798000038,0.31,0.640000045,3.292,2.046,0,3.37600017,3.37600017,3.124,50,47.5,42.5,47,894,768,0,795,691,0,0,0,0,0,15.62,3.12,1.56,1.56,1.56,10.94,1.56,0,4.49,15.62,26.2755013,3151,86,4850,344,48.5,0.192764372,0.64375,2718,50,32.3333321,0.0274244621,0.64375,2571,23,32.3333321,0.0116683608,0.64375,2579,19,32.3333321,0.0110998517,0.64375,2638,33,32.3333321,0.0226198174,0.64375,4807,188,48.5,0.184603944,0.64375,2524,19,32.3333321,0.0112260189,0.64375,2521,14,32.3333321,0.0111345025,0.65,50.2500076,41.5000038,99.99748,9.339603,27.54116,25.3237839,5.12727356,9.75349,34.45571,38,0.25,0,55,0,85,0.416,1.01,16,16,16,32,48,30,295,160,130,0,0,0,16,38,0.25,0,55,0,85,0.416,1.01,16,16,16,32,48,30,295,160,130,0,0,0,16,512,-1,485.785156,485.480469,0.3046875,0.5,7618.451,7618.951,0,0,0,0,0,0,0,0,0,0,0,0,512,600,1200,3000,48,0.950000048,1.30500007,0,1,14,43,210,405,0,0,0,0,0,0,0,0,0.853,3.438,0.865,1773.582,72.85156,0,0,0,0,0,0,0,0,0,0,0,0,0,0,53.625,50,16376,14294,2081,12.7122488,4.309,0,0
05/27/2026 14:28:49,40,58,0,48,53,44,44,44,44,63,12.144001,5.04,1.312,1.396,0.774000049,0.314,0.640000045,3.292,2.046,0,3.37600017,3.37200022,3.124,50,47.5,42.5,47,888,741,0,782,691,0,0,0,0,0,12.5,3.12,1.56,1.56,1.56,6.25,1.56,1.56,3.71,12.5,27.3404961,3268,124,4850,472,48.5,0.346853644,0.6375,2832,69,32.3333321,0.06315967,0.6375,2661,32,32.3333321,0.03125586,0.6375,2637,26,32.3333321,0.0256936848,0.6375,2951,52,32.3333321,0.0479309931,0.6375,4850,295,48.5,0.2804811,0.6375,2690,22,32.3333321,0.02705973,0.6375,2674,21,32.3333321,0.02499273,0.6375,50.3750076,44.8750038,99.9975,9.373787,27.5069771,25.4164658,5.161438,9.719326,34.6853027,38,0.25,0,55,0,85,0.416,1.01,16,16,16,32,48,30,295,160,130,0,0,0,16,38,0.25,0,55,0,85,0.416,1.01,16,16,16,32,48,30,295,160,130,0,0,0,16,512,-1,485.785156,485.480469,0.3046875,0.5,7618.451,7618.951,0,0,0,0,0,0,0,0,0,0,0,0,512,600,1200,3000,49,0.870000064,1.30500007,0,1,14,43,210,405,0,0,0,0,0,0,0,0,1.649,3.532,0.865,1773.582,72.85156,0.971628249,0,0,0,0,0,0,0,0,0,0,0,0,0,53.71875,50,16376,14294,2081,12.7122488,4.26,0,0
05/27/2026 14:28:51,40,58,0,48,53,44,44,44,44,63,12.144001,5.04,1.31000006,1.396,0.784000039,0.31,0.640000045,3.292,2.046,0,3.37600017,3.37600017,3.124,50,47,42.5,47,898,740,0,792,690,0,0,0,0,0,9.23,1.54,1.54,3.08,3.08,6.15,1.54,1.54,3.46,9.23,26.51175,3000,79,4850,293,48.5,0.160927132,0.675,2685,40,32.3333321,0.0283691864,0.675,2601,24,32.3333321,0.0111872088,0.675,2767,33,32.3333321,0.0126880649,0.675,2599,28,32.3333321,0.0157162417,0.675,3152,175,32.3333321,0.175082952,0.675,2799,26,32.3333321,0.012133453,0.675,2547,15,32.3333321,0.009848976,0.675,50.1250076,44.0000038,99.9975,9.337135,27.5436287,25.3170929,5.122326,9.758438,34.4224625,38,0.25,0,55,0,85,0.416,1.01,16,16,16,32,48,30,295,160,130,0,0,0,16,37.75,0.25,0,55,0,85,0.416,1.01,16,16,16,32,48,30,295,160,130,0,0,0,16,512,-1,485.785156,485.480469,0.3046875,0.5,7618.451,7618.951,0,0,0,0,0,0,0,0,0,0,0,0,512,600,1200,3000,47,0.599000037,1.30500007,0,0,13,43,210,405,0,0,0,0,0,0,0,0,1.661,6.245,0.865,1773.582,72.85156,0,0,0,0,0,0,0,0,0,0,0,0,0,0,53.65625,50,16376,14294,2081,12.7122488,5.681,0,0
05/27/2026 14:28:53,40,58,0,48,53,44,44,44,44,63,12.144001,5.04,1.312,1.396,0.704000056,0.308000028,0.640000045,3.292,2.046,0,3.37200022,3.37200022,3.12000012,50,47,42.5,47,888,740,0,795,673,0,0,0,0,0,7.81,0,0,0,0,4.69,0,0,1.56,7.81,27.1401653,3274,133,4850,539,48.5,0.3941705,0.65,2931,76,32.3333321,0.06900767,0.65,2906,43,32.3333321,0.0325341,0.65,2617,24,32.3333321,0.0270921215,0.65,2756,43,32.3333321,0.04549521,0.65,4850,298,48.5,0.286089569,0.65,2637,21,32.3333321,0.0259132087,0.65,2649,23,32.3333321,0.0256493874,0.65,50.2500076,43.0000038,99.99749,9.345219,27.5355453,25.3390045,5.133568,9.747196,34.4980164,38,0.25,0,55,0,85,0.416,1.01,16,16,16,32,48,30,295,160,130,0,0,0,16,37.75,0.25,0,55,0,85,0.416,1.01,16,16,16,32,48,30,295,160,130,0,0,0,16,512,-1,485.785156,485.480469,0.3046875,0.5,7618.451,7618.951,0,0,0,0,0,0,0,0,0,0,0,0,512,600,1200,3000,48,1.03000009,1.30500007,0,6,14,43,210,405,0,0,0,0,0,0,0,0,1.498,5.256,0.865,1773.582,72.85156,0.006405417,0,0,0,0,0,0,0,0,0,0,0,0,0,53.59375,50,16376,14294,2081,12.7122488,4.849,49152,0
05/27/2026 14:28:55,40,58,0,48,53,44,44,44,44,63,12.144001,5.04,1.312,1.396,0.804,0.324,0.640000045,3.292,2.046,0,3.37600017,3.37200022,3.124,50,47.5,42.5,47,897,769,0,794,690,0,0,0,0,0,7.69,3.08,0,3.08,1.54,10.77,0,0,3.27,10.77,26.78376,3408,132,4850,385,48.5,0.274198562,0.64375,3108,106,32.3333321,0.116007671,0.64375,2890,49,32.3333321,0.0419408828,0.64375,3233,86,32.3333321,0.09912581,0.64375,3050,68,32.3333321,0.06778027,0.64375,4850,308,48.5,0.264592975,0.64375,2692,32,32.3333321,0.0242342874,0.64375,2592,22,32.3333321,0.02150793,0.64375,50.5000076,44.8750038,99.9975,9.37505,27.5057144,25.4198837,5.151432,9.729332,34.6180573,38,0.25,0,55,0,85,0.416,1.01,16,16,16,32,48,30,295,160,130,0,0,0,16,38,0.25,0,55,0,85,0.416,1.01,16,16,16,32,48,30,295,160,130,0,0,0,16,512,-1,485.785156,485.480469,0.3046875,0.5,7618.451,7618.951,0,0,0,0,0,0,0,0,0,0,0,0,512,600,1200,3000,47,0.570000052,1.30500007,0,0,13,43,210,405,0,0,0,0,5,1,0,5,1.451,3.508,0.865,1773.582,72.85156,0.9657122,0,0,0,0,0,0,0,0,0,0,0,0,0,53.78125,50,16376,14294,2081,12.7122488,4.029,0,0
05/27/2026 14:28:57,40,58,0,48,53,44,44,44,44,63,12.144001,5.04,1.312,1.396,0.90200007,0.320000023,0.640000045,3.292,2.046,0,3.37600017,3.37200022,3.124,50,47,42.5,47,888,768,0,794,673,0,0,0,0,0,3.12,0,0,0,0,0,0,0,0.39,3.12,27.48458,3380,137,4850,551,48.5,0.444086164,0.65,3018,85,32.3333321,0.0885948539,0.65,2819,39,32.3333321,0.03928816,0.65,2774,34,32.3333321,0.0420937166,0.65,2802,45,32.3333321,0.0522309,0.65,4850,259,48.5,0.28428,0.65,2690,21,32.3333321,0.03297253,0.65,3233,61,32.3333321,0.0698042,0.65,50.5000076,45.3750038,99.99749,9.375187,27.5055771,25.4202652,5.16259766,9.718166,34.6930923,38,0.25,0,55,0,85,0.416,1.01,16,16,16,32,48,30,295,160,130,0,0,0,16,37.75,0.25,0,55,0,85,0.416,1.01,16,16,16,32,48,30,295,160,130,0,0,0,16,512,-1,485.785156,485.480469,0.3046875,0.5,7618.451,7618.951,0,0,0,0,0,0,0,0,0,0,0,0,512,600,1200,3000,48,0.969000041,1.30500007,0,2,14,43,210,405,0,0,0,0,0,0,0,0,1.865,4.926,0.865,1773.582,72.85156,0.971095562,0,0,0,0,0,0,0,0,0,0,0,0,0,53.59375,50,16376,14294,2081,12.7122488,4.947,0,0
05/27/2026 14:28:59,40,58,0,48,53,44,44,44,44,63,12.144001,5.04,1.312,1.396,0.73,0.312,0.640000045,3.292,2.046,0,3.37600017,3.37200022,3.124,50,47.5,42.5,47,890,769,0,781,673,0,0,0,0,0,4.76,0,0,0,0,0,0,0,0.6,4.76,27.6736279,2940,83,3233,322,32.3333321,0.204762176,0.65,2791,49,32.3333321,0.02741522,0.65,2750,36,32.3333321,0.0148030007,0.65,2515,23,32.3333321,0.0132816238,0.65,2694,33,32.3333321,0.0248551164,0.65,4556,163,48.5,0.09937478,0.65,2506,19,32.3333321,0.0118031343,0.65,2479,17,32.3333321,0.0109502627,0.65,50.7500076,45.8750038,99.99749,9.336948,27.5438156,25.3165817,5.12441635,9.756348,34.4365158,38,0.25,0,55,0,85,0.416,1.01,16,16,16,32,48,30,295,160,130,0,0,0,16,37.75,0.25,0,55,0,85,0.416,1.01,16,16,16,32,48,30,295,160,130,0,0,0,16,512,-1,485.785156,485.480469,0.3046875,0.5,7618.451,7618.951,0,0,0,0,0,0,0,0,0,0,0,0,512,600,1200,3000,48,0.930000067,1.30500007,0,2,14,43,210,405,0,0,0,0,0,0,0,0,1.899,6.492,0.865,1773.582,72.85156,0,0,0,0,0,0,0,0,0,0,0,0,0,0,53.46875,50,16376,14294,2081,12.7122488,6.047,0,0
05/27/2026 14:29:01,40,58,0,48,53,44,44,44,44,63,12.144001,5.04,1.312,1.396,0.816000044,0.318000019,0.640000045,3.292,2.046,0,3.37200022,3.37200022,3.12000012,50,47.5,42.5,47,888,768,0,795,673,0,0,0,0,0,9.23,0,0,0,0,9.23,0,0,2.31,9.23,27.3829117,3274,134,4850,460,48.5,0.371740073,0.65,2778,52,32.3333321,0.05587574,0.65,2753,35,32.3333321,0.0327778,0.65,2699,30,32.3333321,0.0271223113,0.65,2834,43,32.3333321,0.0378923081,0.65,4850,411,48.5,0.419018447,0.65,2724,21,32.3333321,0.0196607821,0.65,2703,21,32.3333321,0.0196455885,0.65,50.6250076,43.5000038,99.9975,9.368313,27.5124512,25.4016266,5.15664673,9.724117,34.6531067,38,0.25,0,55,0,85,0.416,1.01,16,16,16,32,48,30,295,160,130,0,0,0,16,37.75,0.25,0,55,0,85,0.416,1.01,16,16,16,32,48,30,295,160,130,0,0,0,16,512,-1,485.785156,485.480469,0.3046875,0.5,7618.451,7618.951,0,0,0,0,0,0,0,0,0,0,0,0,512,600,1200,3000,49,0.965000033,1.30500007,0,3,14,43,210,405,0,0,0,0,0,0,0,0,1.306,4.724,0.865,1773.582,72.85156,0.9579072,0,0,0,0,0,0,0,0,0,0,0,0,0,53.5625,50,16376,14294,2081,12.7122488,4.604,0,0
05/27/2026 14:29:03,40,58,0,49,53,45,45,45,45,65,12.144001,5.05,1.312,1.396,0.70600003,0.306000024,0.640000045,3.292,2.046,0,3.37600017,3.37600017,3.124,50,47.5,42.5,47,900,740,0,797,689,0,0,0,0,0,6.25,0,0,0,0,3.12,0,0,1.17,6.25,27.0406647,3143,87,4850,334,48.5,0.182647511,0.64375,2705,51,32.3333321,0.0340866037,0.64375,2542,26,32.3333321,0.01239645,0.64375,2699,33,32.3333321,0.0115946895,0.64375,2635,36,32.3333321,0.0198127348,0.64375,4685,182,48.5,0.161841631,0.64375,2514,18,32.3333321,0.009692594,0.65,2511,17,32.3333321,0.009746156,0.65,50.7500076,44.3750038,99.9975,9.367809,27.5129547,25.40026,5.15628052,9.72448349,34.6506424,38,0.25,0,55,0,85,0.416,1.01,16,16,16,32,48,30,295,160,130,0,0,0,16,37.75,0.25,0,55,0,85,0.416,1.01,16,16,16,32,48,30,295,160,130,0,0,0,16,512,-1,485.785156,485.480469,0.3046875,0.5,7618.451,7618.951,0,0,0,0,0,0,0,0,0,0,0,0,512,600,1200,3000,47,0.68,1.30500007,0,0,13,43,210,405,0,0,0,0,0,0,0,0,1.497,3.456,0.865,1773.582,72.85156,0,0,0,0,0,0,0,0,0,0,0,0,0,0,53.59375,50,16376,14294,2081,12.7122488,4.097,49152,0
05/27/2026 14:29:05,40,58,0,48,53,44,44,44,44,63,12.144001,5.04,1.312,1.396,0.738000035,0.30400002,0.640000045,3.292,2.046,0,3.37600017,3.37200022,3.124,50,47.5,42.5,47,892,741,0,778,676,0,0,0,0,0,6.15,1.54,0,0,3.03,4.62,0,0,1.92,6.15,27.1546135,3335,125,4850,425,48.5,0.3084479,0.65,2923,67,32.3333321,0.0610168353,0.65,3065,49,32.3333321,0.043789085,0.65,2754,33,32.3333321,0.030531399,0.65,2795,41,32.3333321,0.03882351,0.65,4850,330,48.5,0.344507575,0.65,2764,31,32.3333321,0.0293446276,0.65,2677,22,32.3333321,0.0269778352,0.65,50.7500076,44.3750038,99.99749,9.375011,27.5057526,25.4197845,5.16717529,9.713589,34.7238541,38,0.25,0,55,0,85,0.416,1.01,16,16,16,32,48,30,295,160,130,0,0,0,16,37.75,0.25,0,55,0,85,0.416,1.01,16,16,16,32,48,30,295,160,130,0,0,0,16,512,-1,485.785156,485.480469,0.3046875,0.5,7618.451,7618.951,0,0,0,0,0,0,0,0,0,0,0,0,512,600,1200,3000,49,0.955000043,1.30500007,0,1,14,43,210,405,0,0,0,0,0,0,0,0,1.931,5.911,0.865,1773.582,72.85156,0.943985641,0,0,0,0,0,0,0,0,0,0,0,0,0,53.65625,50,16376,14294,2081,12.7122488,4.958,0,0
05/27/2026 14:29:07,40,58,0,48,53,44,44,44,44,63,12.144001,5.04,1.312,1.396,0.734,0.318000019,0.640000045,3.292,2.046,0,3.37600017,3.37600017,3.124,51,47,42.5,47,899,741,0,780,675,0,0,0,0,0,7.94,0,1.56,0,0,11.11,0,0,2.58,11.11,27.9600925,3159,141,3600,483,36,0.415170044,0.9625,3281,71,36,0.06580601,0.95625,2687,33,32.3333321,0.03228362,1.14375,2692,29,32.3333321,0.0313143,1.14375,2852,52,32.3333321,0.05855311,1.14375,4850,411,48.5,0.375879526,1.14375,2642,26,32.3333321,0.0286266357,1.14375,2670,22,32.3333321,0.02789526,1.14375,50.7500076,45.3750038,99.99748,9.344181,27.5365829,25.3361969,5.13182449,9.74893951,34.4862976,38,0.25,0,55,0,85,0.416,1.01,16,16,16,32,48,30,295,160,130,0,0,0,16,37.75,0.25,0,55,0,85,0.416,1.01,16,16,16,32,48,30,295,160,130,0,0,0,16,512,-1,485.785156,485.480469,0.3046875,0.5,7618.451,7618.951,0,0,0,0,0,0,0,0,0,0,0,0,512,600,1200,3000,48,0.585000038,1.30500007,0,0,13,43,210,405,0,0,0,0,0,0,0,0,1.767,6.332,0.865,1773.582,72.85156,0.0063358224,0,0,0,0,0,0,0,0,0,0,0,0,0,53.6875,50,16376,14294,2081,12.7122488,5.814,0,49152
05/27/2026 14:29:09,40,58,0,49,53,45,45,45,45,65,12.144001,5.04,1.312,1.39200008,0.690000057,0.316,0.640000045,3.292,2.046,0,3.37600017,3.37200022,3.124,50,47.5,42.5,47,904,768,0,792,674,0,0,0,0,0,13.85,7.81,3.12,3.12,6.25,12.31,3.12,4.69,6.78,13.85,26.07921,3110,81,4850,328,48.5,0.165991738,0.65625,2581,43,32.3333321,0.02514566,0.65625,2679,31,32.3333321,0.0136759533,0.65625,2529,23,32.3333321,0.0110804057,0.65625,2529,25,32.3333321,0.0164536443,0.65625,4583,159,48.5,0.107525475,0.65625,2503,19,32.3333321,0.01162322,0.65625,2623,22,32.3333321,0.0111223059,0.65625,50.7500076,44.0000038,99.99749,9.369019,27.5117455,25.4035339,5.15478134,9.725983,34.64057,38,0.25,0,55,0,85,0.416,1.01,16,16,16,32,48,30,295,160,130,0,0,0,16,37.75,0.25,0,55,0,85,0.416,1.01,16,16,16,32,48,30,295,160,130,0,0,0,16,512,-1,485.785156,485.480469,0.3046875,0.5,7618.451,7618.951,0,0,0,0,0,0,0,0,0,0,0,0,512,600,1200,3000,48,0.580000043,1.30500007,0,0,12,43,210,405,0,0,0,0,0,0,0,0,1.019,3.545,0.865,1773.582,72.85156,0,0,0,0,0,0,0,0,0,0,0,0,0,0,53.5,50,16376,14294,2081,12.7122488,4.169,0,0
05/27/2026 14:29:11,40,58,0,48,53,44,44,44,44,63,12.144001,5.04,1.312,1.396,0.904000044,0.334000021,0.640000045,3.292,2.046,0,3.37200022,3.37200022,3.12000012,50,47.5,42.5,47,890,768,0,792,674,0,0,0,0,0,18.75,9.52,4.76,4.76,3.17,10.94,3.17,4.76,7.48,18.75,27.0157948,3271,113,4850,472,48.5,0.343087882,0.64375,2681,47,32.3333321,0.04655351,0.64375,2653,27,32.3333321,0.016624039,0.64375,3233,77,32.3333321,0.05995555,0.64375,2840,40,32.3333321,0.0255779289,0.65,4748,203,48.5,0.225209787,0.65,2522,17,32.3333321,0.01040169,0.65,2642,21,32.3333321,0.0106187155,0.65,50.6250076,44.0000038,99.9975,9.375858,27.5049057,25.4220886,5.16134262,9.719421,34.68466,38,0.25,0,55,0,85,0.416,1.01,16,16,16,32,48,30,295,160,130,0,0,0,16,37.75,0.25,0,55,0,85,0.416,1.01,16,16,16,32,48,30,295,160,130,0,0,0,16,512,-1,485.785156,485.480469,0.3046875,0.5,7618.451,7618.951,0,0,0,0,0,0,0,0,0,0,0,0,512,600,1200,3000,47,0.74,1.30500007,0,0,14,43,210,405,0,0,0,0,0,0,0,0,1.669,3.494,0.865,1773.582,72.85156,0.9751778,0,0,0,0,0,0,0,0,0,0,0,0,0,53.5625,50,16376,14294,2081,12.7122488,4.641,0,0
05/27/2026 14:29:13,40,58,0,48,53,44,44,44,44,63,12.144001,5.04,1.312,1.396,0.690000057,0.302000016,0.640000045,3.292,2.046,0,3.37600017,3.37600017,3.124,50,47.5,42.5,47,898,769,0,780,690,0,0,0,0,0,9.52,3.12,3.12,1.56,0,3.17,0,0,2.56,9.52,27.1316261,3605,93,3600,361,36,0.2506553,0.69375,3169,55,36,0.0436945744,0.69375,3405,48,36,0.03443017,0.69375,2887,23,36,0.0221426282,0.69375,3091,39,36,0.0282455832,0.69375,4656,175,48.5,0.144052476,0.8,3870,18,48.5,0.02103301,0.8,4163,23,48.5,0.02000045,0.8,50.5000076,42.0000038,99.99748,9.338486,27.5422783,25.3207474,5.132473,9.748291,34.490654,38,0.25,0,55,0,85,0.416,1.01,16,16,16,32,48,30,295,160,130,0,0,0,16,37.75,0.25,0,55,0,85,0.416,1.01,16,16,16,32,48,30,295,160,130,0,0,0,16,512,-1,485.785156,485.480469,0.3046875,0.5,7618.451,7618.951,0,0,0,0,0,0,0,0,0,0,0,0,512,600,1200,3000,48,0.895000041,1.30500007,0,2,14,42,210,405,0,0,0,0,0,0,0,0,1.914,6.562,0.865,1773.582,72.85156,0.0117622893,0,0,0,0.00204820931,0,0,0,0,0,0,0,0,0,53.5625,52,16376,14294,2081,12.7122488,5.31,0,0
05/27/2026 14:29:15,40,58,0,48,53,44,44,44,44,63,12.144001,5.04,1.312,1.396,0.780000031,0.308000028,0.640000045,3.292,2.046,0,3.37600017,3.37200022,3.124,50,47.5,42.5,47,895,741,0,778,673,0,0,0,0,0,6.25,0,0,0,0,1.56,0,1.56,1.17,6.25,26.9556026,3260,108,4850,460,48.5,0.307065219,0.64375,2876,62,32.3333321,0.0556836948,0.64375,2722,34,32.3333321,0.035316065,0.64375,2704,31,32.3333321,0.0287856385,0.65,2884,44,32.3333321,0.04244017,0.65,4805,191,48.5,0.208517015,0.65,2650,23,32.3333321,0.0244776867,0.65,2591,20,32.3333321,0.02495784,0.65,50.3750076,44.3750038,99.9975,9.339817,27.540947,25.3243561,5.13241959,9.748344,34.4902954,38,0.25,0,55,0,85,0.416,1.01,16,16,16,32,48,30,295,160,130,0,0,0,16,37.75,0.25,0,55,0,85,0.416,1.01,16,16,16,32,48,30,295,160,130,0,0,0,16,512,-1,485.785156,485.480469,0.3046875,0.5,7618.451,7618.951,0,0,0,0,0,0,0,0,0,0,0,0,512,600,1200,3000,49,0.75000006,1.30500007,0,0,14,42,210,405,0,0,0,0,0,0,0,0,1.485,5.742,0.865,1773.582,72.85156,0.00640390767,0,0,0,0,0,0,0,0,0,0,0,0,0,53.53125,50,16376,14294,2081,12.7122488,5.011,0,0
05/27/2026 14:29:17,40,58,0,48,53,44,44,44,44,63,12.144001,5.04,1.312,1.39200008,0.67,0.31,0.640000045,3.29600024,2.046,0,3.37600017,3.37200022,3.124,50,47.5,42.5,47,895,741,0,778,690,0,0,0,0,0,3.12,0,0,0,0,3.12,0,0,0.78,3.12,26.1386719,3164,84,4850,301,48.5,0.182338282,0.65,2599,41,32.3333321,0.02202683,0.65,2544,24,32.3333321,0.0108915512,0.65,2529,24,32.3333321,0.0124870371,0.65,2585,26,32.3333321,0.01781637,0.65,4809,206,48.5,0.15583609,0.65,2784,29,32.3333321,0.023378592,0.65,2612,17,32.3333321,0.0146304043,0.65,50.2500076,43.0000038,99.99749,9.337116,27.5436478,25.31704,5.130886,9.749878,34.47999,38,0.25,0,55,0,85,0.416,1.01,16,16,16,32,48,30,295,160,130,0,0,0,16,37.75,0.25,0,55,0,85,0.416,1.01,16,16,16,32,48,30,295,160,130,0,0,0,16,512,-1,485.785156,485.480469,0.3046875,0.5,7618.451,7618.951,0,0,0,0,0,0,0,0,0,0,0,0,512,600,1200,3000,47,0.565,1.30500007,0,0,13,43,210,405,0,0,0,0,0,0,0,0,1.004,3.421,0.865,1773.582,72.85156,0,0,0,0,0,0,0,0,0,0,0,0,0,0,53.46875,50,16376,14294,2081,12.7122488,4.138,0,0
05/27/2026 14:29:19,40,58,0,48,53,44,44,44,44,63,12.144001,5.04,1.312,1.396,0.710000038,0.30400002,0.640000045,3.292,2.046,0,3.37600017,3.37200022,3.124,50,47.5,42.5,47,887,741,0,794,690,0,0,0,0,0,20.31,7.81,4.69,3.12,6.25,9.38,1.56,0,6.64,20.31,27.0989532,3294,125,4850,513,48.5,0.364269733,0.64375,3183,107,32.3333321,0.1095937,0.64375,2771,40,32.3333321,0.03314163,0.64375,2629,32,32.3333321,0.0296546724,0.64375,2876,57,32.3333321,0.04788726,0.64375,4842,202,48.5,0.1960232,0.64375,2592,24,32.3333321,0.02857049,0.64375,2613,22,32.3333321,0.02771536,0.64375,50.2500076,43.5000038,99.99749,9.346519,27.5342445,25.34253,5.135891,9.744873,34.5136261,38,0.25,0,55,0,85,0.416,1.01,16,16,16,32,48,30,295,160,130,0,0,0,16,37.75,0.25,0,55,0,85,0.416,1.01,16,16,16,32,48,30,295,160,130,0,0,0,16,512,-1,485.785156,485.480469,0.3046875,0.5,7618.451,7618.951,0,0,0,0,0,0,0,0,0,0,0,0,512,600,1200,3000,48,0.51000005,1.30500007,0,0,11,42,210,405,0,0,0,0,0,0,0,0,1.873,4.112,0.865,1773.582,72.85156,0.004977512,0,0,0,0,0,0,0,0,0,0,0,0,0,53.4375,50,16376,14294,2081,12.7122488,4.158,0,0
05/27/2026 14:29:21,40,58,0,48,53,44,44,44,44,63,12.144001,5.04,1.312,1.396,0.774000049,0.31,0.640000045,3.292,2.046,0,3.37200022,3.37200022,3.12000012,50,47,42.5,47,887,768,0,779,690,0,0,0,0,0,3.12,0,0,0,0,1.56,0,0,0.59,3.12,26.88534,3000,80,3600,327,36,0.163362145,0.9625,2661,42,32.3333321,0.0239924528,0.80625,2573,21,32.3333321,0.0101020848,1.15,2606,23,32.3333321,0.009961395,1.15,2608,27,32.3333321,0.0117944116,1.15,4645,157,48.5,0.120272949,1.15,2536,17,32.3333321,0.008742665,1.15,2773,25,32.3333321,0.0108448388,1.15,50.5000076,44.8750038,99.99748,9.338524,27.54224,25.3208466,5.13010025,9.750664,34.47471,38,0.25,0,55,0,85,0.416,1.01,16,16,16,32,48,30,295,160,130,0,0,0,16,37.75,0.25,0,55,0,85,0.416,1.01,16,16,16,32,48,30,295,160,130,0,0,0,16,512,-1,485.785156,485.480469,0.3046875,0.5,7618.451,7618.951,0,0,0,0,0,0,0,0,0,0,0,0,512,600,1200,3000,48,0.969000041,1.30500007,0,2,14,42,210,405,0,0,0,0,0,0,0,0,1.655,6.509,0.865,1773.582,72.85156,0,0,0,0,0,0,0,0,0,0,0,0,0,0,53.4375,50,16376,14294,2081,12.7122488,6.023,0,0
05/27/2026 14:29:23,40,58,0,48,53,44,44,44,44,63,12.144001,5.04,1.312,1.396,0.726,0.31,0.640000045,3.292,2.046,0,3.37600017,3.37600017,3.124,50,47.5,42.5,47,900,768,0,781,673,0,0,0,0,0,7.81,1.54,0,0,0,6.15,0,0,1.94,7.81,26.6434631,3238,119,4850,478,48.5,0.325182557,0.65,2861,65,32.3333321,0.0534994937,0.65,2733,35,32.3333321,0.0294056963,0.65,2626,26,32.3333321,0.0282924678,0.65,2734,39,32.3333321,0.0380127653,0.65,4850,257,48.5,0.239975587,0.65,2615,24,32.3333321,0.0265901815,0.65,2631,27,32.3333321,0.0265901815,0.65,50.1250076,44.0000038,99.9975,9.345238,27.5355263,25.33905,5.133602,9.747162,34.4982452,38,0.25,0,55,0,85,0.416,1.01,16,16,16,32,48,30,295,160,130,0,0,0,16,37.75,0.25,0,55,0,85,0.416,1.01,16,16,16,32,48,30,295,160,130,0,0,0,16,512,-1,485.785156,485.480469,0.3046875,0.5,7618.451,7618.951,0,0,0,0,0,0,0,0,0,0,0,0,512,600,1200,3000,47,0.565,1.30500007,0,0,13,42,210,405,0,0,0,0,0,0,0,0,1.253,4.45,0.865,1773.582,72.85156,0.00493754866,0,0,0,0,0,0,0,0,0,0,0,0,0,53.46875,50,16376,14294,2081,12.7122488,4.343,0,0
05/27/2026 14:29:25,40,58,0,48,53,44,44,44,44,63,12.144001,5.04,1.312,1.39200008,0.816000044,0.312,0.640000045,3.29600024,2.046,0,3.37600017,3.37600017,3.124,50,47.5,42.5,47,888,769,0,791,690,0,0,0,0,0,6.35,0,0,1.56,3.12,4.76,3.08,1.54,2.55,6.35,26.7500744,3185,90,4850,346,48.5,0.231905386,0.65,2678,50,32.3333321,0.0316270031,0.65,2639,32,32.3333321,0.01360117,0.65,2575,24,32.3333321,0.0110834809,0.65,2639,28,32.3333321,0.0232859254,0.65,4754,201,48.5,0.203304917,0.65,2782,23,32.3333321,0.0103711942,0.65,2561,18,32.3333321,0.009869785,0.65,50.1250076,44.8750038,99.99748,9.338852,27.5419121,25.3217468,5.129822,9.750942,34.47284,38,0.25,0,55,0,85,0.416,1.01,16,16,16,32,48,30,295,160,130,0,0,0,16,37.75,0.25,0,55,0,85,0.416,1.01,16,16,16,32,48,30,295,160,130,0,0,0,16,512,-1,485.785156,485.480469,0.3046875,0.5,7618.451,7618.951,0,0,0,0,0,0,0,0,0,0,0,0,512,600,1200,3000,47,0.575000048,1.30500007,0,0,13,42,210,405,0,0,0,0,0,0,0,0,1.12,3.333,0.865,1773.582,72.85156,0,0,0,0,0,0,0,0,0,0,0,0,0,0,53.34375,50,16376,14294,2081,12.7122488,3.831,49152,0
05/27/2026 14:29:27,40,58,0,48,53,44,44,44,44,63,12.144001,5.04,1.312,1.396,0.870000064,0.322000027,0.640000045,3.292,2.046,0,3.37600017,3.37200022,3.124,50,47.5,42.5,47,892,741,0,791,674,0,0,0,0,0,4.62,0,0,0,0,0,0,0,0.58,4.62,27.1088161,3758,132,4000,488,40,0.382753551,0.50625,5050,155,50.5,0.1482689,0.51875,2860,43,33.5,0.0359120443,0.5375,2817,27,33.5,0.0300416276,0.5375,3635,43,40.2,0.0464937128,0.5375,5025,257,50.25,0.247097656,0.5375,3332,22,40.4,0.0268362127,0.5375,3347,21,40.4,0.0258729383,0.55,50.1250076,53.2500038,99.99749,9.343994,27.53677,25.3356857,5.133774,9.74699,34.4993973,38,0.25,0,55,0,85,0.416,1.01,16,16,16,32,48,30,295,160,130,0,0,0,16,37.75,0.25,0,55,0,85,0.416,1.01,16,16,16,32,48,30,295,160,130,0,0,0,16,512,-1,485.785156,485.480469,0.3046875,0.5,7618.451,7618.951,0,0,0,0,0,0,0,0,0,0,0,0,512,600,1200,3000,47,0.405000031,1.30500007,0,0,11,42,210,405,0,0,0,0,0,0,0,0,2.114,5.15,0.865,1773.582,72.85156,0.00495169871,0,0,0,0,0,0,0,0,0,0,0,0,0,53.5,50,16376,14294,2081,12.7122488,4.882,0,0
05/27/2026 14:29:29,40,58,0,48,53,44,44,44,44,63,12.144001,5.04,1.312,1.396,0.714000046,0.308000028,0.640000045,3.29600024,2.046,0,3.37600017,3.37600017,3.124,50,47.5,42.5,47,888,741,0,778,673,0,0,0,0,0,4.69,1.56,0,0,0,1.56,0,0,0.98,4.69,28.0468712,2944,76,3600,267,36,0.150336087,0.8125,2691,51,32.3333321,0.0247109178,0.925,2486,20,32.3333321,0.0119096041,0.925,2514,21,32.3333321,0.0104435747,0.925,2515,27,32.3333321,0.0141010927,0.925,4714,180,48.5,0.140572622,0.925,2532,22,32.3333321,0.009651743,0.925,2499,19,32.3333321,0.0101451548,0.925,50.6250076,45.3750038,99.99748,9.367416,27.5133476,25.3991928,5.157959,9.722805,34.66192,38,0.25,0,55,0,85,0.416,1.01,16,16,16,32,48,30,295,160,130,0,0,0,16,37.75,0.25,0,55,0,85,0.416,1.01,16,16,16,32,48,30,295,160,130,0,0,0,16,512,-1,485.785156,485.480469,0.3046875,0.5,7618.451,7618.951,0,0,0,0,0,0,0,0,0,0,0,0,512,600,1200,3000,47,0.625,1.30500007,0,1,14,42,210,405,0,0,0,0,0,0,0,0,1.495,6.27,0.865,1773.582,72.85156,0,0,0,0,0,0,0,0,0,0,0,0,0,0,53.40625,50,16376,14294,2081,12.7122488,6.34,0,0
05/27/2026 14:29:31,40,58,0,48,53,44,44,44,44,63,12.144001,5.04,1.312,1.396,0.812000036,0.312,0.640000045,3.292,2.046,0,3.37200022,3.37200022,3.12000012,51,47.5,42.5,47,894,741,0,780,674,0,0,0,0,0,6.25,3.12,1.56,1.56,3.12,10.94,0,0,3.32,10.94,28.4431973,3512,213,4850,640,48.5,0.611759543,0.64375,4581,134,48.5,0.182073832,0.64375,2760,49,32.3333321,0.0692420155,0.64375,2681,36,32.3333321,0.0619996823,0.64375,2843,77,32.3333321,0.10922309,0.64375,4850,707,48.5,0.7338634,0.64375,2783,35,32.3333321,0.0541631766,0.64375,2745,29,32.3333321,0.0493962057,0.64375,51.5000076,42.5000038,99.99748,9.350056,27.5307083,25.35212,5.13534927,9.745415,34.50998,38,0.25,0,55,0,85,0.416,1.01,16,16,16,32,48,30,295,160,130,0,0,0,16,37.75,0.25,0,55,0,85,0.416,1.01,16,16,16,32,48,30,295,160,130,0,0,0,16,512,-1,485.785156,485.480469,0.3046875,0.5,7618.451,7618.951,0,0,0,0,0,0,0,0,0,0,0,0,512,600,1200,3000,49,0.75000006,1.30500007,0,0,14,42,210,405,0,0,0,0,0,0,0,0,1.269,3.553,0.865,1773.582,72.85156,0.963950336,0,0,0,0,0,0,0,0,0,0,0,0,0,53.4375,50,16376,14294,2081,12.7122488,4.379,49152,0
05/27/2026 14:29:33,41,58,0,49,53,45,45,45,45,65,12.144001,5.04,1.31000006,1.39200008,0.826000035,0.316,0.640000045,3.292,2.046,0,3.37200022,3.37200022,3.12000012,51,47,42.5,47,902,768,0,793,689,0,0,0,0,0,17.19,17.19,7.81,6.25,9.38,20.31,9.38,6.25,11.72,20.31,27.8653755,3438,124,4850,485,48.5,0.357591242,0.6625,4276,65,48.5,0.0618771426,0.6625,2851,48,32.3333321,0.0293492079,0.6625,2641,23,32.3333321,0.02153438,0.6625,2698,37,32.3333321,0.0334934,0.6625,4850,293,48.5,0.271393061,0.6625,2627,21,32.3333321,0.0187566224,0.6625,2708,21,32.3333321,0.0200358331,0.6625,51.6250076,44.0000038,99.9975,9.3731,27.5076637,25.4146042,5.15913773,9.721626,34.6698456,38,0.25,0,55,0,85,0.416,1.01,16,16,16,32,48,30,295,160,130,0,0,0,16,37.75,0.25,0,55,0,85,0.416,1.01,16,16,16,32,48,30,295,160,130,0,0,0,16,512,-1,485.785156,485.480469,0.3046875,0.5,7618.451,7618.951,0,0,0,0,0,0,0,0,0,0,0,0,512,600,1200,3000,48,0.914000034,1.30500007,0,3,15,42,210,405,0,0,0,0,0,0,0,0,1.768,3.458,0.865,1773.582,72.85156,0.961333454,0,0,0,0,0,0,0,0,0,0,0,0,0,53.4375,50,16376,14294,2081,12.7122488,4.659,0,0
05/27/2026 14:29:35,41,58,0,49,54,45,45,45,45,65,12.144001,5.04,1.31000006,1.396,0.798000038,0.31,0.640000045,3.292,2.046,0,3.37200022,3.37200022,3.12000012,51,47.5,42.5,47,906,767,0,797,676,0,0,0,0,0,9.38,3.08,1.54,0,0,7.81,1.54,0,2.92,9.38,28.3196487,3075,90,3600,276,36,0.154470026,0.9625,3031,51,36,0.04138529,0.95625,2970,31,36,0.02289335,0.95625,2870,23,36,0.0100045744,0.95,2885,28,36,0.0150454268,0.95625,3600,280,36,0.248302147,0.95625,2829,18,36,0.009483105,0.95,2818,17,36,0.009272703,0.94375,51.7500076,44.8750038,99.99749,9.331955,27.54881,25.30304,5.119713,9.761051,34.4049072,38,0.25,0,55,0,85,0.416,1.01,16,16,16,32,48,30,295,160,130,0,0,0,16,37.75,0.25,0,55,0,85,0.416,1.01,16,16,16,32,48,30,295,160,130,0,0,0,16,512,-1,485.785156,485.480469,0.3046875,0.5,7618.451,7618.951,0,0,0,0,0,0,0,0,0,0,0,0,512,600,1200,3000,47,0.555,1.30500007,0,0,11,42,210,405,0,0,0,0,0,0,0,0,1.662,6.562,0.865,1773.582,72.85156,0,0,0,0,0,0,0,0,0,0,0,0,0,0,53.40625,50,16376,14294,2081,12.7122488,6.351,0,0
05/27/2026 14:29:37,41,58,0,50,55,45,45,45,45,65,12.144001,5.04,1.312,1.396,0.804,0.318000019,0.640000045,3.292,2.046,0,3.37200022,3.37200022,3.124,51,47,42.5,47,906,768,0,796,689,0,0,0,0,0,4.69,0,0,0,0,1.56,0,0,0.78,4.69,27.07287,3273,123,4850,430,48.5,0.2926899,0.65,2961,80,32.3333321,0.0743830055,0.65,2698,37,32.3333321,0.0355698466,0.65,2703,31,32.3333321,0.0310925152,0.65,2758,37,32.3333321,0.0419610552,0.65,4850,319,48.5,0.3112213,0.65,2718,29,32.3333321,0.0285314377,0.65,2648,22,32.3333321,0.026430402,0.65,51.1250076,44.0000038,99.99749,9.370514,27.51025,25.4075928,5.16064835,9.720116,34.6799927,38,0.25,0,55,0,85,0.416,1.01,16,16,16,32,48,30,295,160,130,0,0,0,16,37.75,0.25,0,55,0,85,0.416,1.01,16,16,16,32,48,30,295,160,130,0,0,0,16,512,-1,485.785156,485.480469,0.3046875,0.5,7618.451,7618.951,0,0,0,0,0,0,0,0,0,0,0,0,512,600,1200,3000,48,0.960000038,1.30500007,0,1,14,42,210,405,0,0,0,0,0,0,0,0,1.672,6.108,0.865,1773.582,72.85156,0.9700486,0,0,0,0,0,0,0,0,0,0,0,0,0,53.40625,50,16376,14294,2081,12.7122488,5.342,0,0
05/27/2026 14:29:39,41,58,0,50,55,45,45,45,45,65,12.144001,5.04,1.312,1.396,0.79,0.318000019,0.640000045,3.292,2.046,0,3.37200022,3.37200022,3.124,51,47,42.5,47,904,741,0,802,710,0,0,0,0,0,4.69,0,0,0,0,6.25,0,0,1.37,6.25,26.8518963,3189,101,4850,347,48.5,0.248168513,0.65,2862,55,32.3333321,0.0527773649,0.65,2578,27,32.3333321,0.0136807505,0.65,2583,19,32.3333321,0.0119955568,0.65,2639,29,32.3333321,0.0221220739,0.65,4850,301,48.5,0.2919072,0.65,2549,13,32.3333321,0.0111223171,0.65,2602,16,32.3333321,0.0112755168,0.65,51.0000076,44.0000038,99.99749,9.371296,27.5094681,25.4097137,5.15933228,9.721432,34.67115,38,0.25,0,55,0,85,0.416,1.01,16,16,16,32,48,30,295,160,130,0,0,0,16,37.75,0.25,0,55,0,85,0.416,1.01,16,16,16,32,48,30,295,160,130,0,0,0,16,512,-1,485.785156,485.480469,0.3046875,0.5,7618.451,7618.951,0,0,0,0,0,0,0,0,0,0,0,0,512,600,1200,3000,47,0.410000026,1.30500007,0,0,11,42,210,405,0,0,0,0,0,0,0,0,1.414,3.388,0.865,1773.582,72.85156,0,0,0,0,0,0,0,0,0,0,0,0,0,0,53.28125,48,16376,14294,2081,12.7122488,4.033,0,0
05/27/2026 14:29:41,41,58,0,50,55,45,45,45,45,65,12.12,5.04,1.31000006,1.39200008,0.900000036,0.324,0.640000045,3.288,2.046,0,3.37200022,3.37200022,3.12000012,51,47,42.5,47,904,740,0,800,711,0,0,0,0,0,12.7,3.17,4.84,1.61,3.23,14.29,0,0,4.98,14.29,27.367691,3287,142,4850,461,48.5,0.352718651,0.65,2825,58,32.3333321,0.05714402,0.65,2786,46,32.3333321,0.03971025,0.65,2720,27,32.3333321,0.0372872427,0.65,2823,43,32.3333321,0.0400852524,0.65,4850,444,48.5,0.433320045,0.65,2771,31,32.3333321,0.0307785328,0.65,2673,24,32.3333321,0.0273075,0.65,51.5000076,43.5000038,99.99749,9.365189,27.5155754,25.39315,5.15633774,9.724426,34.65103,38,0.25,0,55,0,85,0.416,1.01,16,16,16,32,48,30,295,160,130,0,0,0,16,37.75,0.25,0,55,0,85,0.416,1.01,16,16,16,32,48,30,295,160,130,0,0,0,16,512,-1,485.785156,485.480469,0.3046875,0.5,7618.451,7618.951,0,0,0,0,0,0,0,0,0,0,0,0,512,600,1200,3000,48,0.655000031,1.30500007,0,0,14,42,210,405,0,0,0,0,0,0,0,0,1.843,4.218,0.865,1773.582,72.85156,0.967796147,0,0,0,0,0,0,0,0,0,0,0,0,0,53.40625,50,16376,14294,2081,12.7122488,5.029,0,0
05/27/2026 14:29:43,41,58,0,50,55,45,45,45,45,65,12.144001,5.04,1.312,1.39200008,0.780000031,0.324,0.640000045,3.292,2.046,0,3.37200022,3.37200022,3.12000012,51,47,42.5,47,905,741,0,800,695,0,0,0,0,0,3.12,0,0,0,0,1.56,0,0,0.59,3.12,27.86525,3410,82,3233,350,32.3333321,0.189939335,1.05625,2708,51,32.3333321,0.0288111083,1.05625,2567,21,32.3333321,0.0110260127,1.05625,2552,20,32.3333321,0.009696336,1.05625,3886,28,48.5,0.0132102864,0.7,4503,152,48.5,0.114816278,0.7,3816,15,48.5,0.009441086,0.7,4014,22,48.5,0.00950141251,0.7,51.5000076,43.5000038,99.99748,9.336807,27.5439568,25.3161926,5.125534,9.75523,34.4440231,38,0.25,0,55,0,85,0.416,1.01,16,16,16,32,48,30,295,160,130,0,0,0,16,37.75,0.25,0,55,0,85,0.416,1.01,16,16,16,32,48,30,295,160,130,0,0,0,16,512,-1,485.785156,485.480469,0.3046875,0.5,7618.451,7618.951,0,0,0,0,0,0,0,0,0,0,0,0,512,600,1200,3000,49,0.745000064,1.30500007,0,0,14,42,210,405,0,0,0,0,0,0,0,0,1.571,6.565,0.865,1773.582,72.85156,0,0,0,0,0,0,0,0,0,0,0,0,0,0,53.3125,50,16376,14294,2081,12.7122488,6.068,0,0
05/27/2026 14:29:45,41,58,0,50,55,45,45,45,45,65,12.144001,5.04,1.312,1.39200008,0.726,0.308000028,0.640000045,3.292,2.046,0,3.37200022,3.37200022,3.12000012,51,47,42.5,47,912,769,0,804,712,0,0,0,0,0,17.19,7.81,9.38,4.69,4.69,12.5,7.81,4.69,8.59,17.19,27.0360012,3110,120,4850,477,48.5,0.3623319,0.6625,2813,65,32.3333321,0.0535492823,0.6625,2752,35,32.3333321,0.0321113244,0.6625,2637,29,32.3333321,0.0297251549,0.6625,2775,38,32.3333321,0.0359339,0.6625,3188,194,32.3333321,0.179816708,0.65,3233,101,32.3333321,0.09441986,0.65,2636,23,32.3333321,0.0280703567,0.65,50.8750076,44.0000038,99.99749,9.367462,27.5133018,25.3993225,5.15705872,9.723705,34.65587,38,0.25,0,55,0,85,0.416,1.01,16,16,16,32,48,30,295,160,130,0,0,0,16,37.75,0.25,0,55,0,85,0.416,1.01,16,16,16,32,48,30,295,160,130,0,0,0,16,512,-1,485.785156,485.480469,0.3046875,0.5,7618.451,7618.951,0,0,0,0,0,0,0,0,0,0,0,0,512,600,1200,3000,48,0.974000037,1.30500007,0,3,14,42,210,405,0,0,0,0,0,0,0,0,1.485,5.376,0.865,1773.582,72.85156,0.957671642,0,0,0,0,0,0,0,0,0,0,0,0,0,53.28125,50,16376,14294,2081,12.7122488,4.659,0,0
05/27/2026 14:29:47,40,58,0,49,54,44,44,44,44,64,12.144001,5.04,1.312,1.39200008,0.79,0.314,0.640000045,3.292,2.046,0,3.37600017,3.37200022,3.124,50,47,42.5,47,894,768,0,815,694,0,0,0,0,0,4.69,0,0,0,0,1.56,0,0,0.78,4.69,26.81492,3139,91,4850,372,48.5,0.192288026,0.65,2621,44,32.3333321,0.0304458626,0.65,2651,30,32.3333321,0.0144538945,0.65,2507,19,32.3333321,0.0109670879,0.65,2654,34,32.3333321,0.03381347,0.65,4792,193,48.5,0.158578843,0.65,2532,17,32.3333321,0.0106727509,0.65,2504,17,32.3333321,0.010610288,0.65,50.7500076,44.8750038,99.99749,9.339069,27.5416946,25.3223343,5.12762833,9.753136,34.4581,38,0.25,0,55,0,85,0.416,1.01,16,16,16,32,48,30,295,160,130,0,0,0,16,37.75,0.25,0,55,0,85,0.416,1.01,16,16,16,32,48,30,295,160,130,0,0,0,16,512,-1,485.785156,485.480469,0.3046875,0.5,7618.451,7618.951,0,0,0,0,0,0,0,0,0,0,0,0,512,600,1200,3000,47,0.645000041,1.30500007,0,0,14,42,210,405,0,0,0,0,0,0,0,0,0.921,3.356,0.865,1773.582,72.85156,0,0,0,0,0,0,0,0,0,0,0,0,0,0,53.28125,50,16376,14294,2081,12.7122488,3.948,0,0
05/27/2026 14:29:49,40,58,0,48,53,44,44,44,44,63,12.144001,5.04,1.312,1.396,0.692000031,0.314,0.640000045,3.292,2.046,0,3.37600017,3.37200022,3.12000012,51,47,42.5,47,890,769,0,800,703,0,0,0,0,0,4.76,0,0,0,0,6.35,0,0,1.39,6.35,27.1876373,3916,159,5050,537,50.5,0.4274075,0.55625,3598,64,40.4,0.07138187,0.55625,3476,36,40.4,0.0307162963,0.55625,3322,26,40.4,0.0281261317,0.55625,3470,36,40.4,0.0376792662,0.55625,4040,437,40.4,0.42395997,0.55625,3320,24,40.4,0.026494354,0.55625,5050,110,50.5,0.09970704,0.50625,50.6250076,43.0000038,99.9975,9.346825,27.53394,25.3433533,5.12957,9.751194,34.4711456,38,0.25,0,55,0,85,0.416,1.01,16,16,16,32,48,30,295,160,130,0,0,0,16,37.75,0.25,0,55,0,85,0.416,1.01,16,16,16,32,48,30,295,160,130,0,0,0,16,512,-1,485.785156,485.480469,0.3046875,0.5,7618.451,7618.951,0,0,0,0,0,0,0,0,0,0,0,0,512,600,1200,3000,47,0.580000043,1.30500007,0,0,13,42,210,405,0,0,0,0,0,0,0,0,1.989,4.991,0.865,1773.582,72.85156,0.006284084,0,0,0,0,0,0,0,0,0,0,0,0,0,53.375,50,16376,14294,2081,12.7122488,4.732,49152,0
05/27/2026 14:29:51,41,58,0,49,53,45,45,45,45,65,12.144001,5.04,1.312,1.396,0.770000041,0.320000023,0.640000045,3.292,2.046,0,3.37600017,3.37200022,3.124,51,47,42.5,47,903,768,0,780,680,0,0,0,0,0,3.12,0,0,0,0,0,0,0,0.39,3.12,26.21232,3163,78,4850,276,48.5,0.12936,0.65,2685,55,32.3333321,0.0245117582,0.65,2712,30,32.3333321,0.0186995361,0.65,2653,27,32.3333321,0.0259438548,0.65,2571,31,32.3333321,0.01649345,0.65,4749,171,48.5,0.14574793,0.65,2560,20,32.3333321,0.0102997795,0.65,2522,18,32.3333321,0.009690619,0.65,50.8750076,42.5000038,99.9975,9.37274551,27.5080185,25.4136429,5.15691376,9.72385,34.6549,38,0.25,0,55,0,85,0.416,1.01,16,16,16,32,48,30,295,160,130,0,0,0,16,37.75,0.25,0,55,0,85,0.416,1.01,16,16,16,32,48,30,295,160,130,0,0,0,16,512,-1,485.785156,485.480469,0.3046875,0.5,7618.451,7618.951,0,0,0,0,0,0,0,0,0,0,0,0,512,600,1200,3000,47,0.604000032,1.30500007,0,0,13,42,210,405,0,0,0,0,0,0,0,0,1.6,6.291,0.865,1773.582,72.85156,0,0,0,0,0,0,0,0,0,0,0,0,0,0,53.34375,50,16376,14294,2081,12.7122488,5.81,0,0
05/27/2026 14:29:53,40,58,0,49,53,44,44,44,44,64,12.144001,5.04,1.312,1.396,0.824000061,0.324,0.640000045,3.292,2.046,0,3.37600017,3.37200022,3.124,50,47.5,42.5,47,907,740,0,793,696,0,0,0,0,0,12.5,1.56,0,0,0,3.12,0,0,2.15,12.5,27.351326,3296,134,4850,527,48.5,0.4133235,0.65,2967,79,32.3333321,0.07311768,0.65,2800,37,32.3333321,0.0351533778,0.65,2676,28,32.3333321,0.0305115487,0.65,2870,49,32.3333321,0.0469232947,0.65,4850,304,48.5,0.330273062,0.65,2670,19,32.3333321,0.0258572455,0.65,2682,25,32.3333321,0.0262679178,0.65,50.8750076,42.0000038,99.9975,9.34547,27.5352936,25.3396912,5.13443375,9.74633,34.50383,38,0.25,0,55,0,85,0.416,1.01,16,16,16,32,48,30,295,160,130,0,0,0,16,37.75,0.25,0,55,0,85,0.416,1.01,16,16,16,32,48,30,295,160,130,0,0,0,16,512,-1,485.785156,485.480469,0.3046875,0.5,7618.451,7618.951,0,0,0,0,0,0,0,0,0,0,0,0,512,600,1200,3000,47,0.405000031,1.30500007,0,0,11,42,210,405,0,0,0,0,0,0,0,0,1.312,3.812,0.865,1773.582,72.85156,0.9580817,0,0,0,0,0,0,0,0,0,0,0,0,0,53.25,48,16376,14294,2081,12.7122488,4.11,0,0
05/27/2026 14:29:55,40,58,0,48,53,44,44,44,44,64,12.144001,5.04,1.312,1.396,0.690000057,0.31,0.640000045,3.29600024,2.046,0,3.37600017,3.37200022,3.124,51,47.5,42.5,46.5,897,740,0,794,695,0,0,0,0,0,7.69,0,0,0,0,0,0,0,0.96,7.69,26.8955956,3130,85,4850,351,48.5,0.188200146,0.65,2585,43,32.3333321,0.02472971,0.65,2517,25,32.3333321,0.0130439578,0.65,2765,35,32.3333321,0.0293553043,0.65,2561,29,32.3333321,0.0173832458,0.65,4553,152,48.5,0.11668542,0.65,2552,22,32.3333321,0.0104747061,0.65,2657,26,32.3333321,0.0124501986,0.65,50.8750076,42.5000038,99.99749,9.338013,27.5427513,25.3194656,5.122944,9.75782,34.42662,38,0.25,0,55,0,85,0.416,1.01,16,16,16,32,48,30,295,160,130,0,0,0,16,37.75,0.25,0,55,0,85,0.416,1.01,16,16,16,32,48,30,295,160,130,0,0,0,16,512,-1,485.785156,485.480469,0.3046875,0.5,7618.451,7618.951,0,0,0,0,0,0,0,0,0,0,0,0,512,600,1200,3000,47,0.715000033,1.30500007,0,0,14,42,210,405,0,0,0,0,0,0,0,0,1.165,3.383,0.865,1773.582,72.85156,0,0,0,0,0,0,0,0,0,0,0,0,0,0,53.1875,48,16376,14294,2081,12.7122488,3.977,0,0
05/27/2026 14:29:57,40,58,0,48,53,44,44,44,44,63,12.144001,5.04,1.312,1.396,0.684,0.308000028,0.640000045,3.292,2.046,0,3.37600017,3.37200022,3.124,50,47.5,42.5,46.5,900,741,0,796,674,0,0,0,0,0,6.25,0,0,0,1.56,1.56,1.56,0,1.37,6.25,27.6973076,3355,126,4850,420,48.5,0.295778781,0.66875,2767,57,32.3333321,0.0538616963,0.66875,2757,39,32.3333321,0.0314532965,0.66875,2817,39,32.3333321,0.0298753865,0.66875,3233,129,32.3333321,0.11763528,0.66875,4850,277,48.5,0.282738745,0.66875,2800,21,32.3333321,0.0264646038,0.66875,2765,29,32.3333321,0.0273580719,0.66875,50.6250076,44.8750038,99.99748,9.346619,27.5341454,25.342804,5.13143158,9.749332,34.4836578,38,0.25,0,55,0,85,0.416,1.01,16,16,16,32,48,30,295,160,130,0,0,0,16,37.75,0.25,0,55,0,85,0.416,1.01,16,16,16,32,48,30,295,160,130,0,0,0,16,512,-1,485.785156,485.480469,0.3046875,0.5,7618.451,7618.951,0,0,0,0,0,0,0,0,0,0,0,0,512,600,1200,3000,48,0.960000038,1.30500007,0,7,15,42,210,405,0,0,0,0,0,0,0,0,2.058,5.876,0.865,1773.582,72.85156,0.00635344628,0,0,0,0,0,0,0,0,0,0,0,0,0,53.3125,48,16376,14294,2081,12.7122488,5.143,0,0
05/27/2026 14:29:59,40,58,0,49,53,44,44,44,44,64,12.144001,5.04,1.31000006,1.39200008,0.724000037,0.322000027,0.640000045,3.292,2.046,0,3.37200022,3.37200022,3.12000012,51,47,42.5,47,900,769,0,780,677,0,0,0,0,0,12.5,0,0,0,0,3.12,0,1.59,2.15,12.5,27.7301159,3224,141,4850,550,48.5,0.458629,0.65,2858,71,32.3333321,0.07289896,0.65,2649,35,32.3333321,0.03501737,0.65,2706,38,32.3333321,0.0323206559,0.65,2669,39,32.3333321,0.04508893,0.65,4850,352,48.5,0.404431224,0.65,2593,21,32.3333321,0.0304077417,0.65,2613,22,32.3333321,0.0364794247,0.65,51.5000076,44.0000038,99.99748,9.366928,27.5138359,25.3978729,5.153038,9.727726,34.6288528,38,0.25,0,55,0,85,0.416,1.01,16,16,16,32,48,30,295,160,130,0,0,0,16,37.75,0.25,0,55,0,85,0.416,1.01,16,16,16,32,48,30,295,160,130,0,0,0,16,512,-1,485.785156,485.480469,0.3046875,0.5,7618.451,7618.951,0,0,0,0,0,0,0,0,0,0,0,0,512,600,1200,3000,47,0.415000021,1.30500007,0,0,11,42,210,405,0,0,0,0,0,0,0,0,1.711,6.085,0.865,1773.582,72.85156,0.970385253,0,0,0,0,0,0,0,0,0,0,0,0,0,53.28125,48,16376,14294,2081,12.7122488,5.901,0,0
05/27/2026 14:30:01,41,58,0,49,54,45,45,45,45,65,12.144001,5.04,1.312,1.396,0.716,0.312,0.640000045,3.292,2.046,0,3.37600017,3.37200022,3.12000012,51,47.5,42.5,47,904,769,0,799,679,0,0,0,0,0,9.38,3.12,1.54,0,3.12,3.12,0,1.54,2.73,9.38,26.2514877,3135,85,4850,332,48.5,0.175708041,0.65,2610,41,32.3333321,0.02433866,0.65,2576,24,32.3333321,0.0111323446,0.65,2533,20,32.3333321,0.00973467249,0.65,2579,29,32.3333321,0.0172437765,0.65,4765,192,48.5,0.1754082,0.65,2558,20,32.3333321,0.00983541,0.65,2611,21,32.3333321,0.0147768622,0.65,51.1250076,43.0000038,99.99749,9.341824,27.53894,25.3297958,5.1310463,9.749718,34.4810638,38,0.25,0,55,0,85,0.416,1.01,16,16,16,32,48,30,295,160,130,0,0,0,16,37.75,0.25,0,55,0,85,0.416,1.01,16,16,16,32,48,30,295,160,130,0,0,0,16,512,-1,485.785156,485.480469,0.3046875,0.5,7618.451,7618.951,0,0,0,0,0,0,0,0,0,0,0,0,512,600,1200,3000,48,0.965000033,1.30500007,0,1,14,42,210,405,0,0,0,0,0,0,0,0,1,3.341,0.865,1773.582,72.85156,0,0,0,0,0,0,0,0,0,0,0,0,0,0,53.1875,50,16376,14294,2081,12.7122488,3.988,0,0
05/27/2026 14:30:03,41,58,0,50,55,45,45,45,45,64,12.144001,5.04,1.312,1.396,0.726,0.314,0.640000045,3.292,2.046,0,3.37600017,3.37200022,3.124,51,47.5,42.5,47,904,769,0,790,698,0,0,0,0,0,6.35,0,0,0,0,0,0,1.59,0.99,6.35,27.3427525,3316,132,4850,506,48.5,0.374458641,0.64375,2753,66,32.3333321,0.0634914,0.64375,2653,35,32.3333321,0.0357245356,0.64375,2637,35,32.3333321,0.0333390757,0.64375,2799,50,32.3333321,0.05167328,0.65,4850,222,48.5,0.222188428,0.65,2757,26,32.3333321,0.03146387,0.65,3233,112,32.3333321,0.1176999,0.65,51.0000076,42.5000038,99.9975,9.375389,27.5053749,25.4208069,5.166046,9.714718,34.71627,38,0.25,0,55,0,85,0.416,1.01,16,16,16,32,48,30,295,160,130,0,0,0,16,37.75,0.25,0,55,0,85,0.416,1.01,16,16,16,32,48,30,295,160,130,0,0,0,16,512,-1,485.785156,485.480469,0.3046875,0.5,7618.451,7618.951,0,0,0,0,0,0,0,0,0,0,0,0,512,600,1200,3000,47,0.63500005,1.30500007,0,0,13,42,210,405,0,0,0,0,0,0,0,0,1.856,3.941,0.865,1773.582,72.85156,0.9602292,0,0,0,0,0,0,0,0,0,0,0,0,0,53.21875,50,16376,14294,2081,12.7122488,4.767,0,0
05/27/2026 14:30:05,41,58,0,50,55,45,45,45,45,65,12.144001,5.04,1.312,1.396,0.742000043,0.31,0.640000045,3.292,2.046,0,3.37600017,3.37600017,3.124,51,47.5,42.5,47,919,741,0,810,691,0,0,0,0,0,7.81,0,0,0,0,6.25,0,0,1.76,7.81,28.0261421,3049,93,3600,312,36,0.202035069,0.9625,2999,53,36,0.0288255587,0.95625,2569,25,32.3333321,0.0107135242,1.15,2555,23,32.3333321,0.009624003,1.15,2588,28,32.3333321,0.0127994772,1.15,4850,260,48.5,0.209404871,1.15,2641,25,32.3333321,0.009831248,1.15,2587,21,32.3333321,0.0103445211,1.15,51.2500076,52.3750038,99.9975,9.371883,27.50888,25.4113,5.15716934,9.723595,34.6566162,38,0.25,0,55,0,85,0.416,1.01,16,16,16,32,48,30,295,160,130,0,0,0,16,37.75,0.25,0,55,0,85,0.416,1.01,16,16,16,32,48,30,295,160,130,0,0,0,16,512,-1,485.785156,485.480469,0.3046875,0.5,7618.451,7618.951,0,0,0,0,0,0,0,0,0,0,0,0,512,600,1200,3000,47,0.575000048,1.30500007,0,0,13,42,210,405,0,0,0,0,0,0,0,0,1.716,6.589,0.865,1773.582,72.85156,0,0,0,0,0,0,0,0,0,0,0,0,0,0,53.1875,50,16376,14294,2081,12.7122488,6.114,0,0
05/27/2026 14:30:07,40,58,0,49,54,45,45,45,45,64,12.144001,5.04,1.312,1.396,0.880000055,0.320000023,0.640000045,3.292,2.046,0,3.37600017,3.37600017,3.124,51,47,42.5,47,897,741,0,813,712,0,0,0,0,0,7.81,0,0,0,0,3.12,1.56,0,1.56,7.81,28.08495,3493,146,4850,589,48.5,0.5078361,0.64375,4295,81,48.5,0.0717632547,0.64375,2573,30,32.3333321,0.0236623958,0.64375,2665,25,32.3333321,0.0243227575,0.64375,2907,60,32.3333321,0.0599404424,0.64375,4850,258,48.5,0.32311216,0.64375,3233,105,32.3333321,0.1001132,0.64375,2572,17,32.3333321,0.0202905424,0.64375,51.3750076,44.8750038,99.99749,9.378727,27.502037,25.429863,5.163555,9.717209,34.69953,38,0.25,0,55,0,85,0.416,1.01,16,16,16,32,48,30,295,160,130,0,0,0,16,37.75,0.25,0,55,0,85,0.416,1.01,16,16,16,32,48,30,295,160,130,0,0,0,16,512,-1,485.785156,485.480469,0.3046875,0.5,7618.451,7618.951,0,0,0,0,0,0,0,0,0,0,0,0,512,600,1200,3000,49,0.585000038,1.30500007,0,0,12,42,210,405,0,0,0,0,0,0,0,0,1.422,5.309,0.865,1773.582,72.85156,0.958651662,0,0,0,0,0,0,0,0,0,0,0,0,0,53.15625,50,16376,14294,2081,12.7122488,5.136,0,0
05/27/2026 14:30:09,41,58,0,49,54,45,45,45,45,65,12.144001,5.04,1.312,1.396,0.746000051,0.322000027,0.640000045,3.292,2.046,0,3.37200022,3.37200022,3.124,51,47,42.5,47,916,741,0,809,689,0,0,0,0,0,6.25,0,0,0,0,1.56,0,0,0.98,6.25,26.73533,2919,90,4850,379,48.5,0.206392527,0.6625,2810,62,32.3333321,0.0338156372,0.6625,2543,26,32.3333321,0.0129491305,0.6625,2527,25,32.3333321,0.0123024443,0.6625,2560,30,32.3333321,0.0192928184,0.6625,3043,158,32.3333321,0.12735647,0.6625,2492,18,32.3333321,0.0119449673,0.6625,2526,19,32.3333321,0.0115750581,0.6625,51.0000076,43.5000038,99.99749,9.342823,27.537941,25.3325043,5.13318634,9.747578,34.4954529,38,0.25,0,55,0,85,0.416,1.01,16,16,16,32,48,30,295,160,130,0,0,0,16,37.75,0.25,0,55,0,85,0.416,1.01,16,16,16,32,48,30,295,160,130,0,0,0,16,512,-1,485.785156,485.480469,0.3046875,0.5,7618.451,7618.951,0,0,0,0,0,0,0,0,0,0,0,0,512,600,1200,3000,47,0.669,1.30500007,0,0,11,42,210,405,0,0,0,0,0,0,0,0,1.036,3.373,0.865,1773.582,72.85156,0,0,0,0,0,0,0,0,0,0,0,0,0,0,53.125,48,16376,14294,2081,12.7122488,4.057,0,0
05/27/2026 14:30:11,41,58,0,49,54,44,44,44,44,64,12.144001,5.04,1.31000006,1.396,0.718000054,0.306000024,0.640000045,3.292,2.046,0,3.37600017,3.37200022,3.124,51,47.5,42.5,47,916,769,0,808,706,0,0,0,0,0,10.94,0,0,0,0,3.12,3.12,0,2.15,10.94,27.3137188,3292,125,3600,463,36,0.325804651,0.9625,3133,56,36,0.04988296,0.95625,3136,41,36,0.03690797,0.95625,2917,29,36,0.0299696587,0.95,3269,51,36,0.0519278459,0.95625,3561,219,36,0.20983611,0.95625,3600,111,36,0.113756038,0.95,3118,31,36,0.03245867,0.94375,50.8750076,44.3750038,99.99748,9.349514,27.53125,25.3506546,5.138363,9.742401,34.5302353,38,0.25,0,55,0,85,0.416,1.01,16,16,16,32,48,30,295,160,130,0,0,0,16,37.75,0.25,0,55,0,85,0.416,1.01,16,16,16,32,48,30,295,160,130,0,0,0,16,512,-1,485.785156,485.480469,0.3046875,0.5,7618.451,7618.951,0,0,0,0,0,0,0,0,0,0,0,0,512,600,1200,3000,47,0.909000039,1.30500007,0,3,15,42,210,405,0,0,0,0,0,0,0,0,2.108,4.717,0.865,1773.582,72.85156,0.006223332,0,0,0,0,0,0,0,0,0,0,0,0,0,53.125,50,16376,14294,2081,12.7122488,4.603,49152,0
05/27/2026 14:30:13,40,58,0,49,54,44,44,44,44,64,12.144001,5.04,1.312,1.396,0.746000051,0.324,0.640000045,3.292,2.046,0,3.37600017,3.37200022,3.124,51,47.5,42.5,47,898,769,0,802,692,0,0,0,0,0,4.69,1.56,0,0,0,0,0,0,0.78,4.69,26.34346,3097,79,4850,331,48.5,0.1845106,0.66875,2676,42,32.3333321,0.021122735,0.66875,2507,23,32.3333321,0.0106836408,0.66875,2508,23,32.3333321,0.0129555268,0.66875,2523,26,32.3333321,0.01190091,0.66875,4450,137,48.5,0.107765958,0.6625,2744,31,32.3333321,0.0135561218,0.6625,2517,19,32.3333321,0.010483373,0.6625,50.8750076,44.3750038,99.99749,9.340836,27.5399284,25.3271179,5.13105774,9.749706,34.48114,38,0.25,0,55,0,85,0.416,1.01,16,16,16,32,48,30,295,160,130,0,0,0,16,37.75,0.25,0,55,0,85,0.416,1.01,16,16,16,32,48,30,295,160,130,0,0,0,16,512,-1,485.785156,485.480469,0.3046875,0.5,7618.451,7618.951,0,0,0,0,0,0,0,0,0,0,0,0,512,600,1200,3000,49,0.780000031,1.30500007,0,1,14,42,210,405,0,0,0,0,0,0,0,0,1.869,6.538,0.865,1773.582,72.85156,0,0,0,0,0,0,0,0,0,0,0,0,0,0,53,50,16376,14294,2081,12.7122488,6.16,0,0
05/27/2026 14:30:15,40,58,0,49,54,45,45,45,45,64,12.144001,5.04,1.312,1.396,0.904000044,0.320000023,0.640000045,3.292,2.046,0,3.37600017,3.37600017,3.124,51,47,42.5,47,909,768,0,808,704,0,0,0,0,0,10.77,0,0,0,0,4.62,0,1.56,2.12,10.77,27.3165073,3407,124,4850,452,48.5,0.302940071,0.66875,2944,62,32.3333321,0.0615297034,0.66875,2749,32,32.3333321,0.0350052863,0.66875,2756,28,32.3333321,0.03613851,0.66875,2735,39,32.3333321,0.03456727,0.66875,4850,237,48.5,0.240765765,0.66875,3136,49,32.3333321,0.05163148,0.66875,3233,91,32.3333321,0.09765482,0.66875,51.0000076,44.3750038,99.9975,9.349667,27.5310974,25.351059,5.1336174,9.747147,34.4983444,38,0.25,0,55,0,85,0.416,1.01,16,16,16,32,48,30,295,160,130,0,0,0,16,37.75,0.25,0,55,0,85,0.416,1.01,16,16,16,32,48,30,295,160,130,0,0,0,16,512,-1,485.785156,485.480469,0.3046875,0.5,7618.451,7618.951,0,0,0,0,0,0,0,0,0,0,0,0,512,600,1200,3000,47,0.695000052,1.30500007,0,0,12,42,210,405,0,0,0,0,0,0,0,0,1.366,4.548,0.865,1773.582,72.85156,0.006577467,0,0,0,0,0,0,0,0,0,0,0,0,0,53.1875,48,16376,14294,2081,12.7122488,3.841,0,0
05/27/2026 14:30:17,41,58,0,49,54,45,45,45,45,65,12.144001,5.04,1.312,1.396,0.668000042,0.302000016,0.640000045,3.292,2.046,0,3.37600017,3.37200022,3.124,51,47.5,42.5,47,912,741,0,791,701,0,0,0,0,0,4.69,0,0,0,0,1.56,0,0,0.78,4.69,26.985857,2918,88,4850,352,48.5,0.202575222,0.64375,2617,43,32.3333321,0.0272715222,0.64375,2578,28,32.3333321,0.014424229,0.64375,2559,25,32.3333321,0.0120947547,0.6625,2637,39,32.3333321,0.0174479187,0.6625,3088,177,32.3333321,0.1454456,0.6625,2521,20,32.3333321,0.0120330472,0.6625,2496,16,32.3333321,0.0100583928,0.6625,51.1250076,44.3750038,99.9975,9.372898,27.5078659,25.4140549,5.16233826,9.718426,34.6913528,38,0.25,0,55,0,85,0.416,1.01,16,16,16,32,48,30,295,160,130,0,0,0,16,37.75,0.25,0,55,0,85,0.416,1.01,16,16,16,32,48,30,295,160,130,0,0,0,16,512,-1,485.785156,485.480469,0.3046875,0.5,7618.451,7618.951,0,0,0,0,0,0,0,0,0,0,0,0,512,600,1200,3000,47,0.405000031,1.30500007,0,0,11,42,210,405,0,0,0,0,0,0,0,0,1.393,3.65,0.865,1773.582,72.85156,0,0,0,0,0,0,0,0,0,0,0,0,0,0,53.125,48,16376,14294,2081,12.7122488,4.182,0,0
05/27/2026 14:30:19,41,58,0,50,55,45,45,45,45,65,12.144001,5.04,1.312,1.396,0.758,0.322000027,0.640000045,3.292,2.046,0,3.37600017,3.37600017,3.124,51,47,42.5,47,910,741,0,798,690,0,0,0,0,0,7.81,1.54,0,0,0,6.25,0,0,1.95,7.81,28.07216,3977,170,5050,517,50.5,0.426016957,0.55,3808,89,40.4,0.08177878,0.55,3600,43,40.4,0.0361474939,0.55,3399,32,40.4,0.0298313219,0.55,3487,35,40.4,0.0397355556,0.55,4040,504,40.4,0.5177632,0.55,3381,22,40.4,0.0260208584,0.55,5050,117,50.5,0.125955224,0.4875,51.0000076,43.5000038,99.99749,9.350201,27.5305634,25.3525085,5.1395874,9.741177,34.53846,38,0.25,0,55,0,85,0.416,1.01,16,16,16,32,48,30,295,160,130,0,0,0,16,37.75,0.25,0,55,0,85,0.416,1.01,16,16,16,32,48,30,295,160,130,0,0,0,16,512,-1,485.785156,485.480469,0.3046875,0.5,7618.451,7618.951,0,0,0,0,0,0,0,0,0,0,0,0,512,600,1200,3000,47,0.405000031,1.30500007,0,0,11,42,210,405,0,0,0,0,0,0,0,0,2.055,6.145,0.865,1773.582,72.85156,0.9167356,0,0,0,0,0,0,0,0,0,0,0,0,0,53.15625,48,16376,14294,2081,12.7122488,6.013,0,0
05/27/2026 14:30:21,42,58,0,51,55,47,47,47,47,66,12.144001,5.04,1.312,1.396,0.676000059,0.30400002,0.642,3.292,2.046,0,3.37600017,3.37200022,3.12000012,51,47,42.5,47,933,741,0,807,715,0,0,0,0,0,6.25,1.56,0,0,0,1.56,0,0,1.17,6.25,26.1653728,3282,82,4850,359,48.5,0.2689593,0.64375,3929,40,48.5,0.0282324553,0.64375,2657,22,32.3333321,0.0113877524,0.64375,2560,19,32.3333321,0.0106828064,0.64375,2581,27,32.3333321,0.0199442953,0.64375,4558,152,48.5,0.152050018,0.64375,2532,14,32.3333321,0.009943909,0.64375,2593,21,32.3333321,0.009821522,0.64375,51.6250076,41.5000038,99.99748,9.37331,27.5074539,25.4151764,5.162842,9.717922,34.6947327,38,0.25,0,55,0,85,0.416,1.01,16,16,16,32,48,30,295,160,130,0,0,0,16,37.75,0.25,0,55,0,85,0.416,1.01,16,16,16,32,48,30,295,160,130,0,0,0,16,512,-1,485.785156,485.480469,0.3046875,0.5,7618.451,7618.951,0,0,0,0,0,0,0,0,0,0,0,0,512,600,1200,3000,47,0.525000036,1.30500007,0,0,12,42,210,405,0,0,0,0,0,0,0,0,1.494,5.842,0.865,1773.582,72.85156,0,0,0,0,0,0,0,0,0,0,0,0,0,0,53.03125,48,16376,14294,2081,12.7122488,5.77,0,0
05/27/2026 14:30:23,41,58,0,50,55,45,45,45,45,65,12.144001,5.04,1.312,1.396,0.690000057,0.318000019,0.642,3.292,2.046,0,3.37600017,3.37600017,3.124,51,47.5,42.5,46.5,938,769,0,810,719,0,0,0,0,0,9.38,1.56,0,0,0,7.81,1.56,1.56,2.73,9.38,27.5541248,3209,150,4850,451,48.5,0.348064244,0.65,3060,119,32.3333321,0.104521155,0.65,2779,45,32.3333321,0.03297256,0.65,2584,27,32.3333321,0.026720738,0.65,2701,40,32.3333321,0.0467574336,0.65,3233,370,32.3333321,0.3688431,0.65,3233,69,32.3333321,0.07644746,0.65,3233,80,32.3333321,0.0855524,0.65,51.5000076,44.3750038,99.99749,9.3405,27.5402641,25.32621,5.1312294,9.749535,34.4823,38,0.25,0,55,0,85,0.416,1.01,16,16,16,32,48,30,295,160,130,0,0,0,16,37.75,0.25,0,55,0,85,0.416,1.01,16,16,16,32,48,30,295,160,130,0,0,0,16,512,-1,485.785156,485.480469,0.3046875,0.5,7618.451,7618.951,0,0,0,0,0,0,0,0,0,0,0,0,512,600,1200,3000,47,0.585000038,1.30500007,0,0,11,42,210,405,0,0,0,0,0,0,0,0,1.384,3.423,0.865,1773.582,72.85156,0.9749572,0,0,0,0,0,0,0,0,0,0,0,0,0,53.09375,48,16376,14294,2081,12.7122488,3.976,0,0
05/27/2026 14:30:25,41,58,0,50,55,47,47,47,47,66,12.144001,5.04,1.312,1.396,0.746000051,0.318000019,0.642,3.292,2.046,0,3.37600017,3.37600017,3.124,52,47.5,42.5,47,919,769,0,803,714,0,0,0,0,0,3.12,0,0,0,0,4.69,0,0,0.98,4.69,26.0365963,2953,78,4850,276,48.5,0.1436953,0.65,2672,49,32.3333321,0.0396821834,0.65,2546,22,32.3333321,0.0125304125,0.65,2560,24,32.3333321,0.009447413,0.65,2593,31,32.3333321,0.01779845,0.65,3174,188,32.3333321,0.20120053,0.65,2539,19,32.3333321,0.0104933977,0.65,2689,18,32.3333321,0.0120285917,0.65,51.7500076,43.5000038,99.99749,9.375675,27.5050888,25.4215851,5.163452,9.717312,34.6988373,38,0.25,0,55,0,85,0.416,1.01,16,16,16,32,48,30,295,160,130,0,0,0,16,37.75,0.25,0,55,0,85,0.416,1.01,16,16,16,32,48,30,295,160,130,0,0,0,16,512,-1,485.785156,485.480469,0.3046875,0.5,7618.451,7618.951,0,0,0,0,0,0,0,0,0,0,0,0,512,600,1200,3000,47,0.630000055,1.30500007,0,1,13,42,210,405,0,0,0,0,0,0,0,0,1.402,4.635,0.865,1773.582,72.85156,0,0,0,0,0,0,0,0,0,0,0,0,0,0,53.03125,48,16376,14294,2081,12.7122488,4.719,49152,0
05/27/2026 14:30:27,41,58,0,50,55,45,45,45,45,65,12.144001,5.04,1.312,1.396,0.74,0.31,0.642,3.292,2.046,0,3.37600017,3.37200022,3.124,51,47.5,42.5,46.5,917,741,0,803,699,0,0,0,0,0,10.94,1.56,0,0,0,7.81,0,1.56,2.73,10.94,27.6594982,3908,142,4850,502,48.5,0.368770868,0.66875,3099,97,32.3333321,0.09367166,0.66875,2788,44,32.3333321,0.0459077172,0.66875,2657,30,32.3333321,0.0300765149,0.66875,4253,50,48.5,0.05634626,0.6625,4850,298,48.5,0.2719761,0.6375,3920,22,48.5,0.0255414266,0.6375,4850,97,48.5,0.08834581,0.6375,51.6250076,42.5000038,99.99748,9.351482,27.5292816,25.3559875,5.134136,9.746628,34.50183,38,0.25,0,55,0,85,0.416,1.01,16,16,16,32,48,30,295,160,130,0,0,0,16,37.75,0.25,0,55,0,85,0.416,1.01,16,16,16,32,48,30,295,160,130,0,0,0,16,512,-1,485.785156,485.480469,0.3046875,0.5,7618.451,7618.951,0,0,0,0,0,0,0,0,0,0,0,0,512,600,1200,3000,48,0.965000033,1.30500007,0,1,14,42,210,405,0,0,0,0,0,0,0,0,2,6.561,0.865,1773.582,72.85156,0.95043993,0,0,0,0,0,0,0,0,0,0,0,0,0,53.125,48,16376,14294,2081,12.7122488,6.224,3099648,0
05/27/2026 14:30:29,41,58,0,50,55,46,46,46,46,65,12.144001,5.04,1.312,1.396,0.784000039,0.31,0.642,3.292,2.046,0,3.37600017,3.37600017,3.124,51,47,42.5,47,919,741,0,799,697,0,0,0,0,0,4.69,0,0,0,0,0,0,0,0.59,4.69,26.1976528,3165,78,4850,307,48.5,0.185268611,0.65,2683,44,32.3333321,0.0282455962,0.65,2575,24,32.3333321,0.011238398,0.65,2574,22,32.3333321,0.010661291,0.65,2803,34,32.3333321,0.02646394,0.65,4579,150,48.5,0.103210889,0.65,2702,22,32.3333321,0.0115675237,0.65,2555,20,32.3333321,0.0100778826,0.65,51.6250076,44.3750038,99.99748,9.37367249,27.5070915,25.416153,5.159546,9.721218,34.6725845,38,0.25,0,55,0,85,0.416,1.01,16,16,16,32,48,30,295,160,130,0,0,0,16,37.75,0.25,0,55,0,85,0.416,1.01,16,16,16,32,48,30,295,160,130,0,0,0,16,512,-1,485.785156,485.480469,0.3046875,0.5,7618.451,7618.951,0,0,0,0,0,0,0,0,0,0,0,0,512,600,1200,3000,47,0.405000031,1.30500007,0,0,11,42,210,405,0,0,0,0,0,0,0,0,1.055,4.633,0.865,1773.582,72.85156,0,0,0,0,0,0,0,0,0,0,0,0,0,0,53,50,16376,14294,2081,12.7122488,4.952,0,2099200
05/27/2026 14:30:31,41,58,0,50,55,45,45,45,45,65,12.144001,5.04,1.312,1.396,0.73,0.31,0.642,3.292,2.046,0,3.37600017,3.37200022,3.124,51,47.5,42.5,47,911,741,0,800,712,0,0,0,0,0,4.69,0,0,0,0,1.56,0,1.56,0.98,4.69,27.4731922,3476,145,4850,526,48.5,0.3784689,0.63125,3052,88,33.6666679,0.09720046,0.64375,2890,43,33.6666679,0.0372971334,0.64375,2907,39,33.6666679,0.0386060774,0.64375,2996,57,33.6666679,0.0773903,0.64375,5050,248,50.5,0.2450667,0.64375,2699,24,33.6666679,0.0279511847,0.5875,3367,133,33.6666679,0.148575321,0.5875,51.3750076,42.5000038,99.9975,9.350716,27.5300484,25.3539124,5.13194656,9.748817,34.48712,38,0.25,0,55,0,85,0.416,1.01,16,16,16,32,48,30,295,160,130,0,0,0,16,37.75,0.25,0,55,0,85,0.416,1.01,16,16,16,32,48,30,295,160,130,0,0,0,16,512,-1,485.785156,485.480469,0.3046875,0.5,7618.451,7618.951,0,0,0,0,0,0,0,0,0,0,0,0,512,600,1200,3000,47,0.405000031,1.30500007,0,0,11,42,210,405,0,0,0,0,0,0,0,0,1.253,3.329,0.865,1773.582,72.85156,0.9687897,0,0,0,0,0,0,0,0,0,0,0,0,0,52.96875,48,16376,14294,2081,12.7122488,3.829,0,0
05/27/2026 14:30:33,42,58,0,50,55,46,46,46,46,65,12.144001,5.04,1.312,1.396,0.770000041,0.314,0.642,3.292,2.046,0,3.37600017,3.37200022,3.124,51,47,42.5,46.5,926,769,0,802,712,0,0,0,0,0,18.46,3.12,4.69,3.12,1.56,12.31,1.56,6.25,6.39,18.46,28.8028431,3316,260,3600,661,36,0.6506661,0.65,3320,167,36,0.228841886,0.65,3053,81,36,0.127616122,0.65,3016,68,36,0.121153325,0.65,3261,128,36,0.181568325,0.65,3600,701,36,0.797423959,0.65,3075,68,36,0.114604428,0.65,3600,205,36,0.261398852,0.65,52.1250076,45.8750038,99.99748,9.381992,27.4987717,25.4387131,5.168106,9.712658,34.73011,38,0.25,0,55,0,85,0.416,1.01,16,16,16,32,48,30,295,160,130,0,0,0,16,37.75,0.25,0,55,0,85,0.416,1.01,16,16,16,32,48,30,295,160,130,0,0,0,16,512,-1,485.785156,485.480469,0.3046875,0.5,7618.451,7618.951,0,0,0,0,0,0,0,0,0,0,0,0,512,600,1200,3000,49,0.955000043,1.30500007,0,1,14,42,210,405,0,0,0,0,0,0,0,0,1.879,5.092,0.865,1773.582,72.85156,0.9486751,0,0,0,0,0,0,0,0,0,0,0,0,0,53.0625,48,16376,14294,2081,12.7122488,5.587,0,0
05/27/2026 14:30:35,42,58,0,51,55,48,48,48,48,67,12.144001,5.04,1.312,1.396,0.780000031,0.308000028,0.642,3.292,2.046,0,3.37600017,3.37200022,3.124,53,47.5,42.5,46.5,944,769,0,802,698,0,0,0,0,0,7.81,4.76,1.59,0,3.17,7.81,0,0,3.14,7.81,26.14545,3171,76,4850,272,48.5,0.1686985,0.64375,2623,41,32.3333321,0.02183031,0.64375,2613,27,32.3333321,0.0107957758,0.64375,2675,25,32.3333321,0.0143854674,0.64375,2676,31,32.3333321,0.0144787645,0.64375,4684,175,48.5,0.118962146,0.64375,2664,17,32.3333321,0.0148781547,0.64375,2582,20,32.3333321,0.0101582063,0.64375,53.1250076,42.5000038,99.99749,9.34626,27.5345039,25.3418274,5.132736,9.748028,34.492424,38,0.25,0,55,0,85,0.416,1.01,16,16,16,32,48,30,295,160,130,0,0,0,16,37.75,0.25,0,55,0,85,0.416,1.01,16,16,16,32,48,30,295,160,130,0,0,0,16,512,-1,485.785156,485.480469,0.3046875,0.5,7618.451,7618.951,0,0,0,0,0,0,0,0,0,0,0,0,512,600,1200,3000,47,0.405000031,1.30500007,0,0,11,42,210,405,0,0,0,0,0,0,0,0,1.478,6.5,0.865,1773.582,72.85156,0,0,0,0,0,0,0,0,0,0,0,0,0,0,52.96875,48,16376,14294,2081,12.7122488,6.32,0,0
05/27/2026 14:30:37,43,58,0,51,56,47,47,47,47,66,12.144001,5.04,1.31000006,1.396,0.802000046,0.326,0.642,3.292,2.046,0,3.37200022,3.37200022,3.12000012,52,47,42.5,47,948,768,0,809,720,0,0,0,0,0,10.94,0,0,0,0,7.81,0,3.12,2.73,10.94,27.408041,3317,128,4850,451,48.5,0.3354978,0.65,2755,54,32.3333321,0.06724279,0.65,2682,34,32.3333321,0.0335071124,0.65,2767,34,32.3333321,0.0304939318,0.65,2768,37,32.3333321,0.0394669324,0.65,4850,251,48.5,0.275628716,0.65,2630,23,32.3333321,0.0264306068,0.65,3233,138,32.3333321,0.15458779,0.65,52.5000076,44.3750038,99.99749,9.385258,27.4955063,25.44757,5.169819,9.710945,34.7416229,38,0.25,0,55,0,85,0.416,1.01,16,16,16,32,48,30,295,160,130,0,0,0,16,37.75,0.25,0,55,0,85,0.416,1.01,16,16,16,32,48,30,295,160,130,0,0,0,16,512,-1,485.785156,485.480469,0.3046875,0.5,7618.451,7618.951,0,0,0,0,0,0,0,0,0,0,0,0,512,600,1200,3000,47,0.405000031,1.30500007,0,0,11,42,210,405,0,0,0,0,0,0,0,0,1.315,4.279,0.865,1773.582,72.72656,0.961073637,0,0,0,0,0,0,0,0,0,0,0,0,0,52.96875,50,16376,14294,2081,12.7122488,4.238,0,0
05/27/2026 14:30:39,42,58,0,51,56,47,47,47,47,66,12.12,5.04,1.31000006,1.39200008,0.682000041,0.326,0.642,3.288,2.046,0,3.36800027,3.37200022,3.12000012,52,47,42.5,46.5,950,769,0,824,728,0,0,0,0,0,4.69,0,0,0,0,6.15,0,0,1.36,6.15,26.63904,3187,102,4850,325,48.5,0.2286271,0.65,2734,54,32.3333321,0.0327845551,0.65,2585,28,32.3333321,0.0141453855,0.65,2579,24,32.3333321,0.0112576261,0.65,2625,32,32.3333321,0.0190715622,0.65,4850,312,48.5,0.287324071,0.65,2717,23,32.3333321,0.0113927927,0.65,2558,17,32.3333321,0.009321376,0.65,52.0000076,43.5000038,99.99748,9.347374,27.53339,25.3448486,5.131912,9.748852,34.4868851,38,0.25,0,55,0,85,0.416,1.01,16,16,16,32,48,30,295,160,130,0,0,0,16,37.75,0.25,0,55,0,85,0.416,1.01,16,16,16,32,48,30,295,160,130,0,0,0,16,512,-1,485.785156,485.480469,0.3046875,0.5,7618.451,7618.951,0,0,0,0,0,0,0,0,0,0,0,0,512,600,1200,3000,48,0.700000048,1.30500007,0,0,13,42,210,405,0,0,0,0,0,0,0,0,1.173,3.368,0.865,1773.582,72.72656,0,0,0,0,0,0,0,0,0,0,0,0,0,0,52.90625,48,16376,14294,2081,12.7122488,4.078,0,0
05/27/2026 14:30:41,41,58,0,51,56,45,45,45,45,65,12.12,5.04,1.31000006,1.39200008,0.834000051,0.318000019,0.642,3.288,2.046,0,3.37200022,3.37200022,3.12000012,51,47,42.5,46.5,923,741,0,814,714,0,0,0,0,0,14.29,9.38,4.69,3.12,6.25,15.87,4.69,4.69,7.87,15.87,27.376976,3777,147,3600,478,36,0.406938732,1.35,3218,77,36,0.09113442,1.35,3559,84,36,0.08722372,1.35,3068,34,36,0.0440555736,1.35,3174,55,36,0.0426536649,1.35,4850,326,48.5,0.373404,0.96875,3897,23,48.5,0.0288336743,0.96875,4850,97,48.5,0.102775425,0.96875,51.6250076,44.3750038,99.99748,9.352436,27.5283279,25.3585739,5.136898,9.743866,34.5203934,38,0.25,0,55,0,85,0.416,1.01,16,16,16,32,48,30,295,160,130,0,0,0,16,37.75,0.25,0,55,0,85,0.416,1.01,16,16,16,32,48,30,295,160,130,0,0,0,16,512,-1,485.785156,485.480469,0.3046875,0.5,7618.451,7618.951,0,0,0,0,0,0,0,0,0,0,0,0,512,600,1200,3000,49,0.965000033,1.30500007,0,0,14,42,210,405,0,0,0,0,0,0,0,0,1.999,5.488,0.865,1773.582,72.72656,0.006164595,0,0,0,0,0,0,0,0,0,0,0,0,0,52.90625,48,16376,14294,2081,12.7122488,5.052,0,0
05/27/2026 14:30:43,41,58,0,50,55,47,47,47,47,66,12.144001,5.04,1.312,1.39200008,0.74,0.312,0.642,3.292,2.046,0,3.37200022,3.37200022,3.12000012,52,47,42.5,46.5,923,742,0,828,714,0,0,0,0,0,10.77,1.54,0,0,0,1.54,0,1.56,1.93,10.77,26.1176338,3094,80,4850,333,48.5,0.180922717,0.65,2633,44,32.3333321,0.0293536019,0.65,2557,26,32.3333321,0.0118204458,0.65,2575,24,32.3333321,0.0109435152,0.65,2559,29,32.3333321,0.0138577381,0.65,4568,151,48.5,0.111575283,0.65,2487,16,32.3333321,0.009972108,0.65,2527,18,32.3333321,0.0107083889,0.65,51.8750076,42.5000038,99.99749,9.372032,27.5087318,25.411705,5.15766144,9.723103,34.6599274,38,0.25,0,55,0,85,0.416,1.01,16,16,16,32,48,30,295,160,130,0,0,0,16,37.75,0.25,0,55,0,85,0.416,1.01,16,16,16,32,48,30,295,160,130,0,0,0,16,512,-1,485.785156,485.480469,0.3046875,0.5,7618.451,7618.951,0,0,0,0,0,0,0,0,0,0,0,0,512,600,1200,3000,49,0.854000032,1.30500007,0,0,14,42,210,405,0,0,0,0,0,0,0,0,1.282,5.933,0.865,1773.582,72.72656,0,0,0,0,0,0,0,0,0,0,0,0,0,0,53.03125,48,16376,14294,2081,12.7122488,5.853,0,0
05/27/2026 14:30:45,41,58,0,50,55,45,45,45,45,65,12.144001,5.04,1.312,1.39200008,0.766000032,0.306000024,0.642,3.292,2.046,0,3.37200022,3.37200022,3.12000012,51,47,42.5,46.5,923,769,0,802,726,0,0,0,0,0,6.25,0,0,0,0,3.12,0,1.56,1.37,6.25,27.6069736,3377,166,4040,540,40.4,0.44592452,0.5625,4040,124,40.4,0.135539278,0.5625,2823,41,33.6666679,0.03772886,0.5625,2812,28,33.6666679,0.0307702683,0.5625,2936,51,33.6666679,0.05002069,0.5625,4040,402,40.4,0.4299256,0.56875,2955,36,33.6666679,0.0378583074,0.575,3367,106,33.6666679,0.114917636,0.575,51.6250076,44.3750038,99.99748,9.351788,27.5289764,25.3568115,5.134365,9.746399,34.5033722,38,0.25,0,55,0,85,0.416,1.01,16,16,16,32,48,30,295,160,130,0,0,0,16,37.75,0.25,0,55,0,85,0.416,1.01,16,16,16,32,48,30,295,160,130,0,0,0,16,512,-1,485.785156,485.480469,0.3046875,0.5,7618.451,7618.951,0,0,0,0,0,0,0,0,0,0,0,0,512,600,1200,3000,47,0.685000062,1.30500007,0,0,13,42,210,405,0,0,0,0,0,0,0,0,1.312,3.444,0.865,1773.582,72.72656,0.9708322,0,0,0,0,0,0,0,0,0,0,0,0,0,53.03125,48,16376,14294,2081,12.7122488,4.078,0,0
05/27/2026 14:30:47,41,58,0,50,55,47,47,47,47,66,12.12,5.03,1.31000006,1.39200008,0.692000031,0.31,0.642,3.292,2.046,0,3.37200022,3.37200022,3.12000012,52,47,42.5,47,933,769,0,802,719,0,0,0,0,0,11.11,1.59,1.59,0,1.59,4.76,1.59,1.59,2.98,11.11,25.54187,3319,79,4850,286,48.5,0.140820429,0.64375,3990,42,48.5,0.027983252,0.64375,2561,25,32.3333321,0.009945855,0.64375,2565,22,32.3333321,0.009235091,0.64375,2628,29,32.3333321,0.015982898,0.64375,4701,186,48.5,0.1398887,0.64375,2566,18,32.3333321,0.009542072,0.64375,2691,23,32.3333321,0.0104021151,0.64375,51.8750076,42.5000038,99.99749,9.373074,27.50769,25.4145355,5.16106033,9.719704,34.68277,38,0.25,0,55,0,85,0.416,1.01,16,16,16,32,48,30,295,160,130,0,0,0,16,37.75,0.25,0,55,0,85,0.416,1.01,16,16,16,32,48,30,295,160,130,0,0,0,16,512,-1,485.785156,485.480469,0.3046875,0.5,7618.451,7618.951,0,0,0,0,0,0,0,0,0,0,0,0,512,600,1200,3000,47,0.405000031,1.30500007,0,0,11,42,210,405,0,0,0,0,0,0,0,0,1.5,4.356,0.865,1773.582,72.72656,0,0,0,0,0,0,0,0,0,0,0,0,0,0,52.90625,48,16376,14294,2081,12.7122488,4.571,0,0
05/27/2026 14:30:49,41,58,0,50,55,45,45,45,45,65,12.144001,5.04,1.31000006,1.39200008,0.864,0.316,0.642,3.292,2.046,0,3.37600017,3.37200022,3.12000012,52,47,42.5,46.5,928,769,0,805,720,0,0,0,0,0,14.06,3.12,0,0,1.56,7.81,1.56,1.56,3.71,14.06,27.3549442,3354,149,4850,505,48.5,0.4247414,0.64375,2873,66,32.3333321,0.06834743,0.64375,2674,32,32.3333321,0.0327829272,0.64375,2653,23,32.3333321,0.0278241467,0.64375,2777,39,32.3333321,0.047599066,0.64375,4850,391,48.5,0.36555776,0.64375,2925,40,32.3333321,0.02978524,0.64375,3233,97,32.3333321,0.108932368,0.64375,51.8750076,44.8750038,99.99749,9.351307,27.5294571,25.3555069,5.138069,9.742695,34.52826,38,0.25,0,55,0,85,0.416,1.01,16,16,16,32,48,30,295,160,130,0,0,0,16,37.75,0.25,0,55,0,85,0.416,1.01,16,16,16,32,48,30,295,160,130,0,0,0,16,512,-1,485.785156,485.480469,0.3046875,0.5,7618.451,7618.951,0,0,0,0,0,0,0,0,0,0,0,0,512,600,1200,3000,47,0.405000031,1.30500007,0,0,11,42,210,405,0,0,0,0,0,0,0,0,1.926,6.547,0.865,1773.582,72.72656,0.9625292,0,0,0,0,0,0,0,0,0,0,0,0,0,52.9375,48,16376,14294,2081,12.7122488,6.306,0,0
05/27/2026 14:30:51,42,58,0,50,55,47,47,47,47,66,12.144001,5.04,1.31000006,1.396,0.752000034,0.31,0.642,3.292,2.046,0,3.37200022,3.37200022,3.124,52,47,42.5,46.5,932,741,0,814,702,0,0,0,0,0,3.17,0,1.59,0,0,3.17,0,1.59,1.19,3.17,26.766777,3213,106,4660,277,48.5,0.187433332,0.5875,2592,47,32.3333321,0.0378346778,0.5875,2565,27,32.3333321,0.0148751726,0.5875,2525,22,32.3333321,0.0103894183,0.5875,2621,30,32.3333321,0.02108667,0.5875,4850,316,48.5,0.28639394,0.5875,2659,23,32.3333321,0.0115728453,0.5875,3233,102,32.3333321,0.105733924,0.5875,52.3750076,43.0000038,99.99749,9.372673,27.508091,25.4134445,5.162094,9.71867,34.6897125,38,0.25,0,55,0,85,0.416,1.01,16,16,16,32,48,30,295,160,130,0,0,0,16,37.75,0.25,0,55,0,85,0.416,1.01,16,16,16,32,48,30,295,160,130,0,0,0,16,512,-1,485.785156,485.480469,0.3046875,0.5,7618.451,7618.951,0,0,0,0,0,0,0,0,0,0,0,0,512,600,1200,3000,47,0.405000031,1.30500007,0,0,11,42,210,405,0,0,0,0,0,0,0,0,0.956,4.753,0.865,1773.582,72.72656,0,0,0,0,0,0,0,0,0,0,0,0,0,0,52.96875,48,16376,14294,2081,12.7122488,5.141,49152,0
05/27/2026 14:30:53,42,58,0,51,56,47,47,47,47,65,12.144001,5.04,1.31000006,1.396,0.742000043,0.326,0.642,3.292,2.046,0,3.37200022,3.37200022,3.12000012,52,47,42.5,46.5,947,742,0,805,701,0,0,0,0,0,4.69,0,1.56,0,0,4.69,0,1.56,1.56,4.69,27.6404724,3405,155,3980,490,39.8,0.385510325,0.475,3154,84,33.1666679,0.08081864,0.475,3129,59,33.1666679,0.061802756,0.475,2769,28,33.1666679,0.0285215471,0.475,3031,54,33.1666679,0.0500975139,0.475,3367,350,33.6666679,0.353839666,0.5,2760,22,33.6666679,0.0266735,0.5,5050,154,50.5,0.162129208,0.50625,52.1250076,55.0000038,99.99748,9.348774,27.53199,25.3486481,5.138336,9.742428,34.5300522,38,0.25,0,55,0,85,0.416,1.01,16,16,16,32,48,30,295,160,130,0,0,0,16,37.75,0.25,0,55,0,85,0.416,1.01,16,16,16,32,48,30,295,160,130,0,0,0,16,512,-1,485.785156,485.480469,0.3046875,0.5,7618.451,7618.951,0,0,0,0,0,0,0,0,0,0,0,0,512,600,1200,3000,47,0.705000043,1.30500007,0,0,14,42,210,405,0,0,0,0,0,0,0,0,1.265,3.379,0.865,1773.582,72.72656,0.9658398,0,0,0,0,0,0,0,0,0,0,0,0,0,52.96875,48,16376,14294,2081,12.7122488,3.693,49152,0
05/27/2026 14:30:55,42,58,0,51,56,47,47,47,47,66,12.144001,5.04,1.312,1.39200008,0.742000043,0.312,0.642,3.292,2.046,0,3.37600017,3.37200022,3.12000012,52,47,42.5,46.5,946,741,0,809,707,0,0,0,0,0,4.62,0,0,0,0,0,0,0,0.58,4.62,28.0821686,3136,86,3600,342,36,0.252232522,0.9625,2985,50,36,0.0293532964,0.95625,2954,29,36,0.0194644574,0.95625,2905,21,36,0.0108285025,0.95,2942,26,36,0.0156908873,0.95625,3496,162,36,0.15859431,0.95625,3053,24,36,0.0113257589,0.95,3157,31,36,0.0179649256,0.94375,52.6250076,43.5000038,99.99749,9.374405,27.50636,25.4181366,5.15922165,9.721542,34.67041,38,0.25,0,55,0,85,0.416,1.01,16,16,16,32,48,30,295,160,130,0,0,0,16,37.75,0.25,0,55,0,85,0.416,1.01,16,16,16,32,48,30,295,160,130,0,0,0,16,512,-1,485.785156,485.480469,0.3046875,0.5,7618.451,7618.951,0,0,0,0,0,0,0,0,0,0,0,0,512,600,1200,3000,48,0.405000031,1.30500007,0,0,11,42,210,405,0,0,0,0,0,0,0,0,1.724,5.445,0.865,1773.582,72.72656,0,0,0,0,0,0,0,0,0,0,0,0,0,0,52.90625,50,16376,14294,2081,12.7122488,5.324,0,0
05/27/2026 14:30:57,41,58,0,50,56,47,47,47,47,65,12.144001,5.04,1.31000006,1.39200008,0.732000053,0.314,0.642,3.292,2.046,0,3.37200022,3.37200022,3.12000012,52,47,42.5,46.5,933,769,0,827,732,0,0,0,0,0,7.94,0,0,0,0,1.56,0,1.59,1.39,7.94,27.4234314,3452,154,4040,422,40.4,0.34839344,0.56875,3124,82,33.6666679,0.069740206,0.56875,2856,38,33.6666679,0.0248511955,0.56875,3367,76,33.6666679,0.06949799,0.56875,2997,46,33.6666679,0.03627601,0.56875,5050,439,50.5,0.442865759,0.56875,2815,24,33.6666679,0.02204804,0.56875,3367,109,33.6666679,0.117702372,0.56875,52.0000076,42.5000038,99.99749,9.351219,27.5295448,25.35527,5.14060974,9.740154,34.5453339,38,0.25,0,55,0,85,0.416,1.01,16,16,16,32,48,30,295,160,130,0,0,0,16,37.75,0.25,0,55,0,85,0.416,1.01,16,16,16,32,48,30,295,160,130,0,0,0,16,512,-1,485.785156,485.480469,0.3046875,0.5,7618.451,7618.951,0,0,0,0,0,0,0,0,0,0,0,0,512,600,1200,3000,48,0.820000052,1.30500007,0,0,12,42,210,405,0,0,0,0,0,0,0,0,1.898,6.641,0.865,1773.582,72.72656,0.9684585,0,0,0,0,0,0,0,0,0,0,0,0,0,52.90625,50,16376,14294,2081,12.7122488,6.231,0,0
05/27/2026 14:30:59,42,58,0,51,56,47,47,47,47,66,12.144001,5.04,1.31000006,1.39200008,0.736000061,0.312,0.642,3.292,2.046,0,3.37200022,3.37200022,3.12000012,52,47.5,42.5,46.5,942,769,0,801,733,0,0,0,0,0,4.69,0,0,0,0,3.12,0,1.56,1.17,4.69,27.38538,3027,113,4850,360,48.5,0.26283142,0.64375,2614,45,32.3333321,0.0356922038,0.64375,2656,36,32.3333321,0.0177767817,0.64375,2597,27,32.3333321,0.0140363723,0.64375,2543,27,32.3333321,0.01974504,0.64375,3233,287,32.3333321,0.260702252,0.64375,2493,16,32.3333321,0.0109574972,0.64375,3233,105,32.3333321,0.114383683,0.64375,52.2500076,41.5000038,99.9975,9.373005,27.50776,25.4143448,5.159382,9.721382,34.6714859,38,0.25,0,55,0,85,0.416,1.01,16,16,16,32,48,30,295,160,130,0,0,0,16,37.75,0.25,0,55,0,85,0.416,1.01,16,16,16,32,48,30,295,160,130,0,0,0,16,512,-1,485.785156,485.480469,0.3046875,0.5,7618.451,7618.951,0,0,0,0,0,0,0,0,0,0,0,0,512,600,1200,3000,47,0.62,1.30500007,0,0,13,42,210,405,0,0,0,0,0,0,0,0,1.181,3.861,0.865,1773.582,72.72656,0,0,0,0,0,0,0,0,0,0,0,0,0,0,52.9375,48,16376,14294,2081,12.7122488,4.724,0,0
05/27/2026 14:31:01,42,58,0,51,55,47,47,47,47,65,12.144001,5.04,1.31000006,1.39200008,0.846,0.320000023,0.642,3.292,2.046,0,3.37200022,3.37200022,3.12000012,52,47,42.5,46.5,953,741,0,809,716,0,0,0,0,0,10.94,1.56,1.56,0,0,4.69,0,3.12,2.73,10.94,27.7279415,3496,178,4975,524,49.75,0.39269197,0.48125,2874,72,33.6666679,0.06584168,0.5,3029,59,33.6666679,0.046661187,0.5,2734,26,33.6666679,0.0272845384,0.5,3046,67,33.6666679,0.0437072664,0.5,3367,416,33.6666679,0.417785943,0.5,2889,42,33.6666679,0.02860173,0.5,5050,219,50.5,0.236110508,0.50625,52.3750076,53.5000038,99.9975,9.350071,27.5306931,25.3521576,5.13775635,9.743008,34.52616,38,0.25,0,55,0,85,0.416,1.01,16,16,16,32,48,30,295,160,130,0,0,0,16,37.75,0.25,0,55,0,85,0.416,1.01,16,16,16,32,48,30,295,160,130,0,0,0,16,512,-1,485.785156,485.480469,0.3046875,0.5,7618.451,7618.951,0,0,0,0,0,0,0,0,0,0,0,0,512,600,1200,3000,48,0.655000031,1.30500007,0,0,13,42,210,405,0,0,0,0,0,0,0,0,1.474,3.418,0.865,1773.582,72.72656,0.9651544,0,0,0,0,0,0,0,0,0,0,0,0,0,52.90625,48,16376,14294,2081,12.7122488,3.715,0,0
05/27/2026 14:31:03,42,58,0,51,56,50,50,51,51,69,12.144001,5.04,1.312,1.396,0.676000059,0.30400002,0.642,3.292,2.046,0,3.37200022,3.37200022,3.12000012,54,47,42.5,47,945,741,0,814,716,0,0,0,0,0,3.12,0,0,0,0,1.56,0,0,0.59,3.12,30.9509449,3141,85,3600,266,36,0.144181967,0.9625,3058,53,36,0.0462749228,0.95625,2840,24,36,0.0149673484,0.95625,2778,24,36,0.0125797354,0.95,2869,31,36,0.021614546,0.95625,3600,240,36,0.190563023,0.95625,3691,18,48.5,0.0109478086,1.06875,2689,26,32.3333321,0.01182781,1.06875,54.7500076,45.3750038,99.99749,9.343403,27.5373611,25.3340836,5.12957,9.751194,34.4711456,38,0.25,0,55,0,85,0.416,1.01,16,16,16,32,48,30,295,160,130,0,0,0,16,37.75,0.25,0,55,0,85,0.416,1.01,16,16,16,32,48,30,295,160,130,0,0,0,16,512,-1,485.785156,485.480469,0.3046875,0.5,7618.451,7618.951,0,0,0,0,0,0,0,0,0,0,0,0,512,600,1200,3000,47,0.42900002,1.30500007,0,0,11,42,210,405,0,0,0,0,0,0,0,0,1.772,6.358,0.865,1773.582,72.72656,0,0,0,0,0,0,0,0,0,0,0,0,0,0,52.84375,50,16376,14294,2081,12.7122488,6.009,0,0
05/27/2026 14:31:05,43,58,0,52,57,49,49,49,49,67,12.144001,5.04,1.31000006,1.39200008,0.84800005,0.332000017,0.642,3.292,2.046,0,3.37200022,3.37200022,3.12000012,53,47,42.5,46.5,956,740,0,826,730,0,0,0,0,0,6.25,0,0,0,0,4.69,0,3.12,1.76,6.25,27.7112961,3303,151,4850,513,48.5,0.3964814,0.65,2819,55,32.3333321,0.07308179,0.65,2670,30,32.3333321,0.0346064679,0.65,2592,23,32.3333321,0.02913124,0.65,2798,46,32.3333321,0.0468897633,0.65,4850,338,48.5,0.347923279,0.65,2612,20,32.3333321,0.0280291811,0.65,3233,182,32.3333321,0.201572254,0.65,53.3750076,42.0000038,99.99749,9.383148,27.4976158,25.4418488,5.16727448,9.71349,34.7245255,38,0.25,0,55,0,85,0.416,1.01,16,16,16,32,48,30,295,160,130,0,0,0,16,37.75,0.25,0,55,0,85,0.416,1.01,16,16,16,32,48,30,295,160,130,0,0,0,16,512,-1,485.785156,485.480469,0.3046875,0.5,7618.451,7618.951,0,0,0,0,0,0,0,0,0,0,0,0,512,600,1200,3000,49,0.984,1.30500007,0,0,15,42,210,405,0,0,0,0,0,0,0,0,1.764,6.564,0.865,1773.582,72.72656,0.0105221448,0,0,0,0,0,0,0,0,0,0,0,0,0,52.9375,48,16376,14294,2081,12.7122488,5.871,0,0
05/27/2026 14:31:07,43,58,0,53,57,49,49,49,49,67,12.144001,5.04,1.31000006,1.396,0.816000044,0.31,0.642,3.292,2.046,0,3.37200022,3.36800027,3.12000012,53,47,42.5,46.5,970,769,0,828,722,0,0,0,0,0,9.23,4.62,1.56,3.17,3.12,12.5,0,3.12,4.67,12.5,26.5945454,3296,135,4850,328,48.5,0.198868841,0.65,2882,70,32.3333321,0.0502423123,0.65,2577,25,32.3333321,0.0184622612,0.65,2559,21,32.3333321,0.01290684,0.65,2663,32,32.3333321,0.0243890844,0.65,4850,464,48.5,0.4392316,0.65,2754,22,32.3333321,0.0145361377,0.65,3233,119,32.3333321,0.125199661,0.65,53.5000076,43.5000038,99.99749,9.375908,27.5048561,25.4222183,5.161457,9.719307,34.6854324,38,0.25,0,55,0,85,0.416,1.01,16,16,16,32,48,30,295,160,130,0,0,0,16,37.75,0.25,0,55,0,85,0.416,1.01,16,16,16,32,48,30,295,160,130,0,0,0,16,512,-1,485.785156,485.480469,0.3046875,0.5,7618.451,7618.951,0,0,0,0,0,0,0,0,0,0,0,0,512,600,1200,3000,49,1.09,1.30500007,0,10,14,42,210,405,0,0,0,0,0,0,0,0,0.86,3.441,0.865,1773.582,72.72656,0,0,0,0,0,0,0,0,0,0,0,0,0,0,52.875,48,16376,14294,2081,12.7122488,4.137,0,0
05/27/2026 14:31:09,43,58,0,53,57,49,49,49,49,67,12.144001,5.04,1.31000006,1.396,0.828000069,0.320000023,0.642,3.292,2.046,0,3.37200022,3.37200022,3.12000012,53,47,42.5,46.5,970,769,0,834,748,0,0,0,0,0,12.5,4.69,1.54,0,0,7.81,1.54,1.54,3.7,12.5,28.4495087,3673,183,4850,618,48.5,0.5417813,0.65,4667,78,50.5,0.08776504,0.63125,3030,37,33.6666679,0.0350786671,0.63125,2865,26,33.6666679,0.030627368,0.63125,2864,37,33.6666679,0.03847444,0.63125,4975,519,49.75,0.579627156,0.51875,2813,21,33.1666679,0.0307373814,0.51875,3317,128,33.1666679,0.134696111,0.51875,53.0000076,44.3750038,99.9975,9.355179,27.5255852,25.3660126,5.13744736,9.743317,34.524086,38,0.25,0,55,0,85,0.416,1.01,16,16,16,32,48,30,295,160,130,0,0,0,16,37.75,0.25,0,55,0,85,0.416,1.01,16,16,16,32,48,30,295,160,130,0,0,0,16,512,-1,485.785156,485.480469,0.3046875,0.5,7618.451,7618.951,0,0,0,0,0,0,0,0,0,0,0,0,512,600,1200,3000,48,0.585000038,1.30500007,0,0,13,42,210,405,0,0,0,0,0,0,0,0,1.799,3.715,0.865,1773.582,72.72656,0.9505837,0,0,0,0,0,0,0,0,0,0,0,0,0,52.8125,48,16376,14294,2081,12.7122488,4.02,0,0
05/27/2026 14:31:11,43,58,0,53,57,49,49,49,49,67,12.144001,5.04,1.31000006,1.39200008,0.732000053,0.314,0.642,3.292,2.046,0,3.37600017,3.37200022,3.12000012,53,47,42.5,46.5,970,769,0,844,750,0,0,0,0,0,3.12,0,0,0,0,4.69,0,0,0.98,4.69,28.5367489,3077,95,3594,321,36,0.160411522,0.65,2964,44,36,0.0340766646,0.65,2844,24,36,0.010972566,0.65,2838,25,36,0.0103073409,0.65,3018,35,36,0.0159349982,0.65,3600,274,36,0.24749659,0.65,2806,18,36,0.010155635,0.65,2954,20,36,0.0363646969,0.65,53.6250076,45.3750038,99.9975,9.371452,27.5093117,25.4101334,5.15953064,9.721233,34.6724854,38,0.25,0,55,0,85,0.416,1.01,16,16,16,32,48,30,295,160,130,0,0,0,16,37.75,0.25,0,55,0,85,0.416,1.01,16,16,16,32,48,30,295,160,130,0,0,0,16,512,-1,485.785156,485.480469,0.3046875,0.5,7618.451,7618.951,0,0,0,0,0,0,0,0,0,0,0,0,512,600,1200,3000,49,1.05500007,1.30500007,0,8,14,42,210,405,0,0,0,0,0,0,0,0,1.733,6.55,0.865,1773.582,72.72656,0,0,0,0,0,0,0,0,0,0,0,0,0,0,52.8125,48,16376,14294,2081,12.7122488,6.065,0,0
05/27/2026 14:31:13,42,58,0,52,57,47,47,47,47,66,12.144001,5.04,1.312,1.396,0.828000069,0.33,0.642,3.292,2.046,0,3.37200022,3.37200022,3.12000012,52,47,42.5,46.5,950,741,0,849,732,0,0,0,0,0,7.81,0,1.56,0,0,6.25,0,1.56,2.15,7.81,27.6209621,3202,154,4850,445,48.5,0.350111,0.675,2914,64,32.3333321,0.06110579,0.675,3216,85,32.3333321,0.0803606,0.675,2640,27,32.3333321,0.0282419417,0.675,2747,42,32.3333321,0.0421804562,0.675,3233,439,32.3333321,0.432005048,0.675,2787,31,32.3333321,0.0336530581,0.675,3233,95,32.3333321,0.105337426,0.675,52.5000076,43.5000038,99.9975,9.350838,27.5299263,25.35424,5.1350174,9.745747,34.50775,38,0.25,0,55,0,85,0.416,1.01,16,16,16,32,48,30,295,160,130,0,0,0,16,37.75,0.25,0,55,0,85,0.416,1.01,16,16,16,32,48,30,295,160,130,0,0,0,16,512,-1,485.785156,485.480469,0.3046875,0.5,7618.451,7618.951,0,0,0,0,0,0,0,0,0,0,0,0,512,600,1200,3000,48,0.974000037,1.30500007,0,2,15,42,210,405,0,0,0,0,0,0,0,0,1.409,5.623,0.865,1773.582,72.72656,0.9612363,0,0,0,0,0,0,0,0,0,0,0,0,0,52.875,48,16376,14294,2081,12.7122488,5.217,0,0
05/27/2026 14:31:15,42,58,0,52,57,49,49,49,49,67,12.144001,5.04,1.312,1.39200008,0.70600003,0.3,0.642,3.292,2.046,0,3.37200022,3.37200022,3.12000012,53,47.5,42.5,46.5,936,742,0,829,728,0,0,0,0,0,4.69,0,0,0,0,4.69,0,3.12,1.56,4.69,27.64284,3182,108,4850,337,48.5,0.222586334,0.55,2652,45,32.3333321,0.038754832,0.55,2552,27,32.3333321,0.0114356,0.55,2744,42,32.3333321,0.018696757,0.55,2628,31,32.3333321,0.0206955876,0.55,4850,342,48.5,0.32675305,0.55,2620,24,32.3333321,0.01258992,0.55,2556,20,32.3333321,0.0112871444,0.55,53.1250076,42.5000038,99.99749,9.370491,27.510273,25.4075317,5.16358566,9.717178,34.6997375,38,0.25,0,55,0,85,0.416,1.01,16,16,16,32,48,30,295,160,130,0,0,0,16,37.75,0.25,0,55,0,85,0.416,1.01,16,16,16,32,48,30,295,160,130,0,0,0,16,512,-1,485.785156,485.480469,0.3046875,0.5,7618.451,7618.951,0,0,0,0,0,0,0,0,0,0,0,0,512,600,1200,3000,49,1.04500008,1.30500007,0,6,14,42,210,405,0,0,0,0,0,0,0,0,0.863,3.373,0.865,1773.582,72.72656,0,0,0,0,0,0,0,0,0,0,0,0,0,0,52.84375,50,16376,14294,2081,12.7122488,3.986,0,0
05/27/2026 14:31:17,42,58,0,52,56,48,48,48,48,66,12.144001,5.04,1.31000006,1.396,0.678000033,0.320000023,0.642,3.292,2.046,0,3.37200022,3.37200022,3.124,53,47,42.5,46.5,963,742,0,832,727,0,0,0,0,0,10.94,3.12,1.56,1.56,1.56,12.5,1.56,4.69,4.69,12.5,28.166769,3998,273,4850,672,48.5,0.619570136,1.06875,3083,194,32.3333321,0.266795248,1.06875,2989,116,32.3333321,0.173772842,1.06875,2903,86,32.3333321,0.13611047,1.06875,4250,115,48.5,0.167259,0.69375,4850,747,48.5,0.838123739,0.69375,4211,76,48.5,0.121102951,0.69375,4850,177,48.5,0.22976853,0.69375,52.6250076,44.3750038,99.99749,9.353298,27.5274658,25.3609085,5.14839554,9.732368,34.5976563,38,0.25,0,55,0,85,0.416,1.01,16,16,16,32,48,30,295,160,130,0,0,0,16,37.75,0.25,0,55,0,85,0.416,1.01,16,16,16,32,48,30,295,160,130,0,0,0,16,512,-1,485.785156,485.480469,0.3046875,0.5,7618.451,7618.951,0,0,0,0,0,0,0,0,0,0,0,0,512,600,1200,3000,49,0.745000064,1.30500007,0,0,14,42,210,405,0,0,0,0,0,0,0,0,1.857,4.942,0.865,1773.582,72.72656,0.9521938,0,0,0,0,0,0,0,0,0,0,0,0,0,52.8125,50,16376,14294,2081,12.7122488,4.469,49152,0
05/27/2026 14:31:19,44,58,0,53,57,51,51,51,51,69,12.12,5.03,1.31000006,1.39200008,0.732000053,0.312,0.642,3.288,2.046,0,3.37200022,3.37200022,3.12000012,54,47,42.5,46.5,955,769,0,822,723,0,0,0,0,0,10.77,1.54,0,0,1.54,7.69,0,3.08,3.08,10.77,29.2808285,3155,178,3233,490,32.3333321,0.452012837,0.78125,3064,98,32.3333321,0.112277851,0.78125,2641,30,32.3333321,0.0393106379,0.78125,2632,29,32.3333321,0.0329423733,0.78125,2885,52,32.3333321,0.0435958244,0.6875,4850,556,48.5,0.595061064,0.6875,2701,23,32.3333321,0.03217863,0.6875,3233,143,32.3333321,0.148921087,0.6875,54.7500076,45.3750038,99.99749,9.378307,27.5024567,25.4287262,5.16745758,9.713306,34.7257538,38,0.25,0,55,0,85,0.416,1.01,16,16,16,32,48,30,295,160,130,0,0,0,16,37.75,0.25,0,55,0,85,0.416,1.01,16,16,16,32,48,30,295,160,130,0,0,0,16,512,-1,485.785156,485.480469,0.3046875,0.5,7618.451,7618.951,0,0,0,0,0,0,0,0,0,0,0,0,512,600,1200,3000,49,0.965000033,1.30500007,0,1,14,42,210,405,0,0,0,0,0,0,0,0,1.975,6.644,0.865,1773.582,72.72656,0.937345564,0,0,0,0,0,0,0,0,0,0,0,0,0,52.875,48,16376,14294,2081,12.7122488,6.36,0,49152
05/27/2026 14:31:21,44,58,0,53,58,51,51,51,51,69,12.12,5.04,1.31000006,1.39200008,0.736000061,0.316,0.642,3.288,2.046,0,3.37200022,3.36800027,3.12000012,53,47,42.5,46.5,973,741,0,838,749,0,0,0,0,0,3.12,0,0,0,0,0,0,0,0.39,3.12,25.863966,3304,93,4040,324,40.4,0.1540982,0.5625,3810,68,40.4,0.0455562957,0.5625,2765,30,33.6666679,0.0136000281,0.54375,2654,24,33.6666679,0.0119285164,0.54375,2788,30,33.6666679,0.0214316975,0.54375,5050,226,50.5,0.189563453,0.56875,2651,20,33.6666679,0.009653751,0.56875,2674,23,33.6666679,0.0137351332,0.56875,53.6250076,44.0000038,99.99748,9.339275,27.5414886,25.3228912,5.1394043,9.74136,34.53723,38,0.25,0,55,0,85,0.416,1.01,16,16,16,32,48,30,295,160,130,0,0,0,16,37.75,0.25,0,55,0,85,0.416,1.01,16,16,16,32,48,30,295,160,130,0,0,0,16,512,-1,485.785156,485.480469,0.3046875,0.5,7618.451,7618.951,0,0,0,0,0,0,0,0,0,0,0,0,512,600,1200,3000,47,0.664000034,1.30500007,0,3,14,42,210,405,0,0,0,0,0,0,0,0,0.991,4.127,0.865,1773.582,72.72656,0,0,0,0,0,0,0,0,0,0,0,0,0,0,52.75,48,16376,14294,2081,12.7122488,4.63,0,0
05/27/2026 14:31:23,43,58,0,53,57,49,49,49,49,67,12.144001,5.04,1.31000006,1.39200008,0.864,0.324,0.642,3.292,2.046,0,3.37200022,3.37200022,3.12000012,53,47,42.5,46.5,980,742,0,858,755,0,0,0,0,0,7.81,0,0,0,0,3.12,0,3.12,1.76,7.81,27.7618523,3213,155,4850,486,48.5,0.377488732,0.63125,2888,83,32.3333321,0.06552541,0.63125,2680,30,32.3333321,0.0274848714,0.63125,3233,75,32.3333321,0.06872721,0.64375,2951,49,32.3333321,0.047051467,0.64375,3233,352,32.3333321,0.348399758,0.64375,2635,26,32.3333321,0.0217990745,0.64375,3233,139,32.3333321,0.139736071,0.64375,53.1250076,42.5000038,99.99748,9.378742,27.5020218,25.4299011,5.175934,9.70483,34.7827148,38,0.25,0,55,0,85,0.416,1.01,16,16,16,32,48,30,295,160,130,0,0,0,16,37.75,0.25,0,55,0,85,0.416,1.01,16,16,16,32,48,30,295,160,130,0,0,0,16,512,-1,485.785156,485.480469,0.3046875,0.5,7618.451,7618.951,0,0,0,0,0,0,0,0,0,0,0,0,512,600,1200,3000,48,0.565,1.30500007,0,0,13,42,210,405,0,0,0,0,0,0,0,0,1.395,3.42,0.865,1773.582,72.72656,0.971333563,0,0,0,0,0,0,0,0,0,0,0,0,0,52.75,48,16376,14294,2081,12.7122488,3.849,0,0
05/27/2026 14:31:25,43,58,0,53,58,50,50,50,50,68,12.144001,5.04,1.31000006,1.39200008,0.688,0.308000028,0.640000045,3.292,2.046,0,3.37200022,3.37200022,3.12000012,53,47,42.5,46.5,956,742,0,840,737,0,0,0,0,0,4.69,0,1.56,0,0,6.25,0,3.12,1.95,6.25,28.4375362,3900,114,3439,269,36,0.196952641,1.3375,2967,47,36,0.02927654,1.3375,3735,25,48.5,0.0145882741,0.9625,3826,28,48.5,0.0113775432,0.9625,3740,25,48.5,0.0164107867,0.9625,4850,350,48.5,0.325719446,0.9625,3789,22,48.5,0.0160470679,0.9625,4850,142,48.5,0.165654749,0.9625,53.6250076,52.3750038,99.99748,9.369354,27.51141,25.40445,5.17215347,9.708611,34.75731,38,0.25,0,55,0,85,0.416,1.01,16,16,16,32,48,30,295,160,130,0,0,0,16,37.75,0.25,0,55,0,85,0.416,1.01,16,16,16,32,48,30,295,160,130,0,0,0,16,512,-1,485.785156,485.480469,0.3046875,0.5,7618.451,7618.951,0,0,0,0,0,0,0,0,0,0,0,0,512,600,1200,3000,49,0.854000032,1.30500007,0,0,14,42,210,405,0,0,0,0,0,0,0,0,1.946,6.28,0.865,1773.582,72.72656,0,0,0,0,0,0,0,0,0,0,0,0,0,0,52.6875,48,16376,14294,2081,12.7122488,5.792,0,0
05/27/2026 14:31:27,43,58,0,53,57,49,49,49,49,67,12.144001,5.04,1.31000006,1.39200008,0.90200007,0.320000023,0.642,3.292,2.046,0,3.37200022,3.37200022,3.12000012,53,47,42.5,46.5,956,770,0,854,756,0,0,0,0,0,9.23,0,0,0,0,6.15,0,1.56,2.12,9.23,27.2760372,3289,148,4850,458,48.5,0.333651274,0.64375,2797,66,32.3333321,0.04660632,0.64375,2626,27,32.3333321,0.0237908661,0.64375,2557,26,32.3333321,0.0219178312,0.64375,2783,42,32.3333321,0.03531545,0.64375,4850,412,48.5,0.3546177,0.64375,2617,21,32.3333321,0.0207867157,0.64375,3233,131,32.3333321,0.142693609,0.64375,53.0000076,42.5000038,99.99749,9.37907,27.5016937,25.4307938,5.18003845,9.700726,34.8102951,38,0.25,0,55,0,85,0.416,1.01,16,16,16,32,48,30,295,160,130,0,0,0,16,37.75,0.25,0,55,0,85,0.416,1.01,16,16,16,32,48,30,295,160,130,0,0,0,16,512,-1,485.785156,485.480469,0.3046875,0.5,7618.451,7618.951,0,0,0,0,0,0,0,0,0,0,0,0,512,600,1200,3000,48,0.880000055,1.30500007,0,1,14,42,210,405,0,0,0,0,0,0,0,0,1.848,6.488,0.865,1773.582,72.72656,0.94927603,0,0,0,0,0,0,0,0,0,0,0,0,0,52.71875,48,16376,14294,2081,12.7122488,5.712,49152,0
05/27/2026 14:31:29,43,58,0,53,57,49,49,50,50,68,12.144001,5.04,1.312,1.396,0.682000041,0.3,0.642,3.292,2.046,0,3.37200022,3.37200022,3.124,53,47,42.5,46.5,957,770,0,837,734,0,0,0,0,0,10.94,1.56,0,0,1.56,15.62,0,1.56,3.91,15.62,28.4267254,3275,252,4850,565,48.5,0.528618336,0.6625,3233,247,32.3333321,0.313864738,0.6625,2855,94,32.3333321,0.141803026,0.65,2861,87,32.3333321,0.13200438,0.65,3065,157,32.3333321,0.224125966,0.65,3233,599,32.3333321,0.682336,0.65,2871,78,32.3333321,0.116880417,0.65,3233,185,32.3333321,0.229020357,0.65,53.7500076,44.3750038,99.99748,9.378723,27.50204,25.4298477,5.17517471,9.705589,34.77761,38,0.25,0,55,0,85,0.416,1.01,16,16,16,32,48,30,295,160,130,0,0,0,16,37.75,0.25,0,55,0,85,0.416,1.01,16,16,16,32,48,30,295,160,130,0,0,0,16,512,-1,485.785156,485.480469,0.3046875,0.5,7618.451,7618.951,0,0,0,0,0,0,0,0,0,0,0,0,512,600,1200,3000,49,1.03000009,1.30500007,0,20,15,42,210,405,0,0,0,0,0,0,0,0,1.501,3.453,0.865,1773.582,72.72656,0,0,0,0,0,0,0,0,0,0,0,0,0,0,52.6875,48,16376,14294,2081,12.7122488,4.076,0,0
05/27/2026 14:31:31,44,58,0,53,58,49,49,50,50,68,12.12,5.03,1.31000006,1.39200008,0.872000039,0.322000027,0.642,3.288,2.046,0,3.36800027,3.36800027,3.12000012,54,47,42.5,46.5,953,741,0,836,732,0,0,0,0,0,14.06,4.69,0,1.56,1.56,12.5,0,3.12,4.69,14.06,29.06593,3482,261,4850,712,48.5,0.6743298,0.65,3233,208,32.3333321,0.271371782,0.65,2706,41,32.3333321,0.04028569,0.65,3233,84,32.3333321,0.08164659,0.65,2904,88,32.3333321,0.1317716,0.65,4850,792,48.5,0.8779001,0.65,2850,27,32.3333321,0.0277518742,0.65,3233,137,32.3333321,0.149869308,0.65,54.0000076,42.0000038,99.99749,9.38559,27.4951744,25.4484711,5.186142,9.694622,34.85131,38,0.25,0,55,0,85,0.416,1.01,16,16,16,32,48,30,295,160,130,0,0,0,16,37.75,0.25,0,55,0,85,0.416,1.01,16,16,16,32,48,30,295,160,130,0,0,0,16,512,-1,485.785156,485.480469,0.3046875,0.5,7618.451,7618.951,0,0,0,0,0,0,0,0,0,0,0,0,512,600,1200,3000,48,1.079,1.30500007,0,8,14,42,210,405,0,0,0,0,0,0,0,0,1.628,3.539,0.865,1773.582,72.72656,0.941106737,0,0,0,0,0,0,0,0,0,0,0,0,0,52.71875,48,16376,14294,2081,12.7122488,3.803,0,0
05/27/2026 14:31:33,44,58,0,54,58,51,51,51,51,69,12.144001,5.04,1.312,1.39200008,0.804,0.314,0.642,3.292,2.046,0,3.37200022,3.37200022,3.12000012,53,47,42.5,46.5,972,741,0,849,754,0,0,0,0,0,4.69,1.56,0,0,0,6.25,0,3.12,1.95,6.25,28.3659534,3130,114,3510,294,36,0.19750087,0.9625,3291,72,36,0.04468284,0.95625,2529,26,32.3333321,0.01479903,0.79375,2493,20,32.3333321,0.0118986629,1.125,2650,34,32.3333321,0.0197608173,1.125,4850,327,48.5,0.287981957,1.125,2486,18,32.3333321,0.0111432606,1.125,3233,120,32.3333321,0.119708918,1.125,54.0000076,51.3750038,99.99749,9.34478,27.535984,25.3378143,5.14693069,9.733833,34.5878143,38,0.25,0,55,0,85,0.416,1.01,16,16,16,32,48,30,295,160,130,0,0,0,16,37.75,0.25,0,55,0,85,0.416,1.01,16,16,16,32,48,30,295,160,130,0,0,0,16,512,-1,485.785156,485.480469,0.3046875,0.5,7618.451,7618.951,0,0,0,0,0,0,0,0,0,0,0,0,512,600,1200,3000,47,0.669,1.30500007,0,0,11,42,210,405,0,0,0,0,0,0,0,0,1.592,6.568,0.865,1773.582,72.72656,0,0,0,0,0,0,0,0,0,0,0,0,0,0,52.71875,48,16376,14294,2081,12.7122488,6.048,0,0
05/27/2026 14:31:35,43,58,0,53,58,49,49,49,49,67,12.144001,5.04,1.31000006,1.396,0.876000047,0.326,0.642,3.292,2.046,0,3.37200022,3.37200022,3.124,53,47,42.5,46.5,966,741,0,853,759,0,0,0,0,0,12.5,0,3.12,1.56,0,9.38,3.12,3.12,4.1,12.5,27.44961,3203,151,4850,450,48.5,0.374613851,0.6625,2779,64,32.3333321,0.0616887324,0.6625,2826,35,32.3333321,0.0321950577,0.6625,2734,30,32.3333321,0.0283804759,0.6625,2735,41,32.3333321,0.0396317057,0.6625,3233,364,32.3333321,0.346121967,0.6625,3233,83,32.3333321,0.08526914,0.6625,3233,143,32.3333321,0.161163852,0.6625,53.1250076,43.0000038,99.9975,9.378483,27.5022812,25.4292,5.181244,9.69952,34.8183975,38,0.25,0,55,0,85,0.416,1.01,16,16,16,32,48,30,295,160,130,0,0,0,16,37.75,0.25,0,55,0,85,0.416,1.01,16,16,16,32,48,30,295,160,130,0,0,0,16,512,-1,485.785156,485.480469,0.3046875,0.5,7618.451,7618.951,0,0,0,0,0,0,0,0,0,0,0,0,512,600,1200,3000,49,1.079,1.30500007,0,8,14,42,210,405,0,0,0,0,0,0,0,0,1.461,5.967,0.865,1773.582,72.72656,0.950091064,0,0,0,0,0,0,0,0,0,0,0,0,0,52.75,48,16376,14294,2081,12.7122488,5.525,0,0
05/27/2026 14:31:37,43,58,0,53,57,49,49,49,49,67,12.144001,5.04,1.31000006,1.39200008,0.768,0.31,0.642,3.292,2.046,0,3.37200022,3.37200022,3.124,53,47,42.5,46.5,954,769,0,842,757,0,0,0,0,0,9.23,1.54,0,0,0,6.15,0,3.12,2.51,9.23,27.4608955,3259,130,4850,402,48.5,0.31647557,0.6375,2792,63,32.3333321,0.05397806,0.6375,2523,25,32.3333321,0.01407856,0.6375,2578,30,32.3333321,0.0159837436,0.6375,2556,30,32.3333321,0.0201740116,0.6375,4850,336,48.5,0.338708639,0.6375,2689,27,32.3333321,0.0138932168,0.6375,3233,126,32.3333321,0.12723726,0.6375,53.1250076,42.0000038,99.99749,9.372231,27.5085335,25.4122467,5.176014,9.70475,34.7832565,38,0.25,0,55,0,85,0.416,1.01,16,16,16,32,48,30,295,160,130,0,0,0,16,37.75,0.25,0,55,0,85,0.416,1.01,16,16,16,32,48,30,295,160,130,0,0,0,16,512,-1,485.785156,485.480469,0.3046875,0.5,7618.451,7618.951,0,0,0,0,0,0,0,0,0,0,0,0,512,600,1200,3000,47,0.594000041,1.30500007,0,0,13,42,210,405,0,0,0,0,0,0,0,0,1.415,3.385,0.865,1773.582,72.72656,0,0,0,0,0,0,0,0,0,0,0,0,0,0,52.6875,48,16376,14294,2081,12.7122488,3.994,0,0
05/27/2026 14:31:39,42,58,0,52,56,48,48,48,48,66,12.144001,5.04,1.312,1.396,0.700000048,0.316,0.642,3.292,2.046,0,3.37200022,3.37200022,3.12000012,52,47,42.5,46.5,953,769,0,848,733,0,0,0,0,0,7.81,0,0,0,0,10.94,3.08,4.62,3.31,10.94,27.8152046,3935,156,4850,518,48.5,0.394532531,0.6875,2936,76,32.3333321,0.07313675,0.6875,2921,45,32.3333321,0.03652156,0.6875,2688,26,32.3333321,0.0266519468,0.6875,4086,33,48.5,0.0394469947,0.65,4850,361,48.5,0.350916058,0.65,4301,28,48.5,0.03388448,0.65,4850,163,48.5,0.169181556,0.65,52.6250076,44.0000038,99.99748,9.339241,27.541523,25.3227921,5.144062,9.736702,34.5685349,38,0.25,0,55,0,85,0.416,1.01,16,16,16,32,48,30,295,160,130,0,0,0,16,37.75,0.25,0,55,0,85,0.416,1.01,16,16,16,32,48,30,295,160,130,0,0,0,16,512,-1,485.785156,485.480469,0.3046875,0.5,7618.451,7618.951,0,0,0,0,0,0,0,0,0,0,0,0,512,600,1200,3000,49,1.04000008,1.30500007,0,0,14,42,210,405,0,0,0,0,0,0,0,0,1.872,4.815,0.865,1773.582,72.72656,0.937936664,0,0,0,0,0,0,0,0,0,0,0,0,0,52.6875,48,16376,14294,2081,12.7122488,4.469,0,0
05/27/2026 14:31:41,43,58,0,52,57,49,49,49,49,67,12.144001,5.04,1.312,1.396,0.72,0.306000024,0.642,3.292,2.046,0,3.37200022,3.37200022,3.12000012,53,47,42.5,46.5,960,741,0,823,726,0,0,0,0,0,3.17,0,0,0,0,4.76,0,1.59,1.19,4.76,26.27669,3186,93,4754,277,48.5,0.194363341,0.65,2742,52,32.3333321,0.0300194677,0.65,2564,24,32.3333321,0.0123654921,0.65,2589,21,32.3333321,0.009895897,0.65,2587,31,32.3333321,0.0156598818,0.65,4850,285,48.5,0.2659094,0.65,2542,18,32.3333321,0.0107213017,0.65,2864,34,32.3333321,0.02344689,0.65,53.3750076,42.0000038,99.99748,9.360569,27.520195,25.3806229,5.166153,9.714611,34.7169876,38,0.25,0,55,0,85,0.416,1.01,16,16,16,32,48,30,295,160,130,0,0,0,16,37.75,0.25,0,55,0,85,0.416,1.01,16,16,16,32,48,30,295,160,130,0,0,0,16,512,-1,485.785156,485.480469,0.3046875,0.5,7618.451,7618.951,0,0,0,0,0,0,0,0,0,0,0,0,512,600,1200,3000,47,0.895000041,1.30500007,0,2,14,42,210,405,0,0,0,0,0,0,0,0,1.993,6.58,0.865,1773.582,72.72656,0,0,0,0,0,0,0,0,0,0,0,0,0,0,52.625,48,16376,14294,2081,12.7122488,6.074,0,0
05/27/2026 14:31:43,43,58,0,53,57,49,49,49,49,67,12.12,5.04,1.31000006,1.39200008,0.94600004,0.33,0.642,3.288,2.046,0,3.37200022,3.37200022,3.12000012,53,47,42.5,46.5,956,741,0,826,743,0,0,0,0,0,20.63,3.12,3.12,0,3.12,17.46,3.12,6.25,7.11,20.63,28.9514217,3343,314,4850,822,48.5,0.7706011,0.6625,3198,204,32.3333321,0.2744511,0.6625,2961,84,32.3333321,0.115003079,0.6625,2890,56,32.3333321,0.09034656,0.6625,3233,130,32.3333321,0.159119442,0.6625,3233,889,32.3333321,0.9187141,0.6625,3149,76,32.3333321,0.09481595,0.6625,3233,247,32.3333321,0.269555062,0.6625,53.6250076,43.0000038,99.99749,9.404583,27.476181,25.49997,5.19384,9.686924,34.9030457,38,0.25,0,55,0,85,0.416,1.01,16,16,16,32,48,30,295,160,130,0,0,0,16,37.75,0.25,0,55,0,85,0.416,1.01,16,16,16,32,48,30,295,160,130,0,0,0,16,512,-1,485.785156,485.480469,0.3046875,0.5,7618.451,7618.951,0,0,0,0,0,0,0,0,0,0,0,0,512,600,1200,3000,49,1.05500007,1.30500007,0,10,15,42,210,405,0,0,0,0,0,0,0,0,1.25,4.861,0.865,1773.582,72.72656,0.974031031,0,0,0,0,0,0,0,0,0,0,0,0,0,52.75,48,16376,14294,2081,12.7122488,4.762,0,0
05/27/2026 14:31:45,43,58,0,53,58,51,51,51,51,69,12.144001,5.04,1.31000006,1.396,0.814,0.326,0.642,3.292,2.046,0,3.37200022,3.36800027,3.12000012,54,47,42.5,46.5,957,741,0,836,729,0,0,0,0,0,9.38,0,0,0,0,9.38,0,6.25,3.12,9.38,28.4318447,3356,229,4850,729,48.5,0.670547247,0.6625,3016,102,32.3333321,0.105442621,0.6625,2695,36,32.3333321,0.0320420936,0.6625,2695,38,32.3333321,0.0316450037,0.6625,2814,46,32.3333321,0.043892,0.6625,4850,578,48.5,0.607323468,0.6625,2698,29,32.3333321,0.03359709,0.6625,3233,273,32.3333321,0.3153464,0.6625,55.6250076,45.3750038,99.99749,9.436134,27.44463,25.5855179,5.214821,9.665943,35.0440445,38,0.25,0,55,0,85,0.416,1.01,16,16,16,32,48,30,295,160,130,0,0,0,16,37.75,0.25,0,55,0,85,0.416,1.01,16,16,16,32,48,30,295,160,130,0,0,0,16,512,-1,485.785156,485.480469,0.3046875,0.5,7618.451,7618.951,0,0,0,0,0,0,0,0,0,0,0,0,512,600,1200,3000,49,0.919,1.30500007,0,2,14,42,210,405,0,0,0,0,0,0,0,0,1.376,3.418,0.865,1773.582,72.72656,0.9524836,0,0,0,0,0,0,0,0,0,0,0,0,0,52.875,48,16376,14294,2081,12.7122488,4.064,0,0
05/27/2026 14:31:47,44,58,0,54,58,53,53,53,53,70,12.144001,5.04,1.312,1.39200008,0.85,0.314,0.642,3.292,2.046,0,3.37200022,3.37200022,3.12000012,54,47,42.5,46.5,977,769,0,851,735,0,0,0,0,0,4.69,0,1.56,0,0,3.12,0,0,1.17,4.69,28.6854839,3564,124,3233,438,32.3333321,0.353379339,0.925,2859,73,32.3333321,0.07341989,0.925,2663,30,32.3333321,0.0314019956,0.925,2619,28,32.3333321,0.0291472729,0.925,4098,48,48.5,0.04790773,0.69375,4850,315,48.5,0.304159075,0.69375,4010,23,48.5,0.0279526841,0.69375,4181,35,48.5,0.0286307819,0.69375,55.3750076,42.5000038,99.99749,9.388058,27.4927063,25.455162,5.176487,9.704277,34.78643,38,0.25,0,55,0,85,0.416,1.01,16,16,16,32,48,30,295,160,130,0,0,0,16,37.75,0.25,0,55,0,85,0.416,1.01,16,16,16,32,48,30,295,160,130,0,0,0,16,512,-1,485.785156,485.480469,0.3046875,0.5,7618.451,7618.951,0,0,0,0,0,0,0,0,0,0,0,0,512,600,1200,3000,47,0.494000018,1.30500007,0,0,11,42,210,405,0,0,0,0,0,0,0,0,2.047,5.486,0.865,1773.582,72.72656,0.949563563,0,0,0,0,0,0,0,0,0,0,0,0,0,52.65625,48,16376,14294,2081,12.7122488,5.565,0,0
05/27/2026 14:31:49,44,58,0,54,59,51,51,51,51,69,12.144001,5.04,1.31000006,1.396,0.8,0.326,0.642,3.292,2.046,0,3.37200022,3.37200022,3.12000012,54,47,42.5,46.5,989,770,0,847,763,0,0,0,0,0,4.69,1.56,0,0,0,0,0,0,0.78,4.69,26.3161411,3184,85,4850,345,48.5,0.205607012,0.66875,3106,79,32.3333321,0.0434462652,0.66875,2610,25,32.3333321,0.0108768214,0.66875,2690,26,32.3333321,0.0223932788,0.66875,2616,25,32.3333321,0.0179833826,0.66875,4511,147,48.5,0.100136481,0.66875,2573,20,32.3333321,0.01005178,0.66875,2515,16,32.3333321,0.009517923,0.66875,54.2500076,43.5000038,99.9975,9.394356,27.4864082,25.4722366,5.18606949,9.69469452,34.8508224,38,0.25,0,55,0,85,0.416,1.01,16,16,16,32,48,30,295,160,130,0,0,0,16,37.75,0.25,0,55,0,85,0.416,1.01,16,16,16,32,48,30,295,160,130,0,0,0,16,512,-1,485.785156,485.480469,0.3046875,0.5,7618.451,7618.951,0,0,0,0,0,0,0,0,0,0,0,0,512,600,1200,3000,48,0.965000033,1.30500007,0,1,14,42,210,405,0,0,0,0,0,0,0,0,1.415,6.392,0.865,1773.582,72.72656,0,0,0,0,0,0,0,0,0,0,0,0,0,0,52.59375,48,16376,14294,2081,12.7122488,6.22,0,0
05/27/2026 14:31:51,44,58,0,53,59,51,51,51,51,68,12.144001,5.04,1.31000006,1.396,0.718000054,0.316,0.642,3.292,2.046,0,3.37200022,3.37200022,3.12000012,53,47,42.5,46.5,983,770,0,849,750,0,0,0,0,0,9.38,0,0,0,0,4.69,0,1.56,1.95,9.38,27.8490124,3583,166,4850,484,48.5,0.380158454,0.63125,4485,109,48.5,0.103860751,0.63125,2633,32,32.3333321,0.0410159566,0.63125,2641,31,32.3333321,0.03389077,0.63125,2777,49,32.3333321,0.0519936234,0.63125,5050,414,50.5,0.4115261,0.6375,2862,45,33.6666679,0.03419915,0.5875,3367,160,33.6666679,0.178686947,0.5875,53.5000076,42.5000038,99.99748,9.4345665,27.4461975,25.5812683,5.22092056,9.659843,35.08503,38,0.25,0,55,0,85,0.416,1.01,16,16,16,32,48,30,295,160,130,0,0,0,16,37.75,0.25,0,55,0,85,0.416,1.01,16,16,16,32,48,30,295,160,130,0,0,0,16,512,-1,485.785156,485.480469,0.3046875,0.5,7618.451,7618.951,0,0,0,0,0,0,0,0,0,0,0,0,512,600,1200,3000,48,0.715000033,1.30500007,0,0,14,42,210,405,0,0,0,0,0,0,0,0,1.251,4.02,0.865,1773.582,72.72656,0.9713884,0,0,0,0,0,0,0,0,0,0,0,0,0,52.625,48,16376,14294,2081,12.7122488,4.005,0,0
05/27/2026 14:31:53,43,58,0,53,58,51,51,51,51,68,12.144001,5.04,1.312,1.396,0.764000058,0.314,0.642,3.292,2.046,0,3.37200022,3.37200022,3.12000012,53,47,42.5,46.5,959,742,0,863,769,0,0,0,0,0,3.17,0,0,0,0,1.59,0,0,0.6,3.17,28.7729111,3007,100,3600,331,36,0.2276345,0.9625,3026,59,36,0.0355407074,0.95625,2751,24,36,0.0112466738,0.95625,2467,24,32.3333321,0.0115176132,1.0125,2544,31,32.3333321,0.0125351688,1.0125,4850,302,48.5,0.2661853,1.0125,2397,16,32.3333321,0.01018387,1.0125,2421,17,32.3333321,0.0110151246,1.0125,54.1250076,56.8750038,99.99749,9.395763,27.485,25.476059,5.1882515,9.69251251,34.8654938,38,0.25,0,55,0,85,0.416,1.01,16,16,16,32,48,30,295,160,130,0,0,0,16,37.75,0.25,0,55,0,85,0.416,1.01,16,16,16,32,48,30,295,160,130,0,0,0,16,512,-1,485.785156,485.480469,0.3046875,0.5,7618.451,7618.951,0,0,0,0,0,0,0,0,0,0,0,0,512,600,1200,3000,47,0.405000031,1.30500007,0,0,11,42,210,405,0,0,0,0,0,0,0,0,1.348,3.505,0.865,1773.582,72.72656,0,0,0,0,0,0,0,0,0,0,0,0,0,0,52.625,48,16376,14294,2081,12.7122488,4.21,0,0
05/27/2026 14:31:55,43,58,0,53,58,49,49,49,49,67,12.144001,5.04,1.312,1.396,0.830000043,0.328,0.642,3.292,2.046,0,3.37600017,3.37200022,3.12000012,54,47,42.5,46.5,959,741,0,847,767,0,0,0,0,0,12.5,0,1.56,0,0,7.81,0,6.25,3.52,12.5,29.104166,4123,263,5050,790,50.5,0.7367589,0.525,4810,157,50.5,0.2235255,0.525,4888,123,50.5,0.136885583,0.525,3344,40,40.4,0.062699914,0.525,3647,72,40.4,0.111909725,0.525,5050,574,50.5,0.6771214,0.5375,2826,31,33.6666679,0.0607247576,0.5375,3367,316,33.6666679,0.359522849,0.5375,54.7500076,46.2500038,99.99749,9.44157,27.4391937,25.6002579,5.223778,9.656986,35.1042328,38,0.25,0,55,0,85,0.416,1.01,16,16,16,32,48,30,295,160,130,0,0,0,16,37.75,0.25,0,55,0,85,0.416,1.01,16,16,16,32,48,30,295,160,130,0,0,0,16,512,-1,485.785156,485.480469,0.3046875,0.5,7618.451,7618.951,0,0,0,0,0,0,0,0,0,0,0,0,512,600,1200,3000,48,0.955000043,1.30500007,0,1,14,42,210,405,0,0,0,0,0,0,0,0,1.958,6.491,0.865,1773.582,72.72656,0.958334446,0,0,0,0,0,0,0,0,0,0,0,0,0,52.75,48,16376,14294,2081,12.7122488,5.867,0,0
05/27/2026 14:31:57,44,58,0,53,58,51,51,51,51,69,12.144001,5.04,1.312,1.396,0.758,0.31,0.642,3.292,2.046,0,3.37200022,3.37200022,3.124,54,47,42.5,46.5,963,769,0,854,740,0,0,0,0,0,4.69,0,0,0,0,4.69,0,0,1.17,4.69,26.2214756,3110,86,4850,318,48.5,0.177562326,0.6375,2651,43,32.3333321,0.0414682,0.6375,2587,27,32.3333321,0.0154137658,0.6375,2502,23,32.3333321,0.0110249622,0.6375,2567,30,32.3333321,0.0223822854,0.6375,4813,214,48.5,0.150544986,0.6375,2465,16,32.3333321,0.00948334,0.6375,2448,17,32.3333321,0.009743993,0.6375,54.3750076,42.5000038,99.99749,9.394192,27.4865723,25.4717941,5.182968,9.697796,34.8299866,38,0.25,0,55,0,85,0.416,1.01,16,16,16,32,48,30,295,160,130,0,0,0,16,37.75,0.25,0,55,0,85,0.416,1.01,16,16,16,32,48,30,295,160,130,0,0,0,16,512,-1,485.785156,485.480469,0.3046875,0.5,7618.451,7618.951,0,0,0,0,0,0,0,0,0,0,0,0,512,600,1200,3000,47,0.630000055,1.30500007,0,1,14,42,210,405,0,0,0,0,0,0,0,0,1.215,5.848,0.865,1773.582,72.72656,0,0,0,0,0,0,0,0,0,0,0,0,0,0,52.46875,48,16376,14294,2081,12.7122488,5.613,0,0
05/27/2026 14:31:59,44,58,0,53,58,51,51,51,51,68,12.144001,5.04,1.312,1.396,0.816000044,0.316,0.642,3.292,2.046,0,3.37200022,3.37200022,3.12000012,53,47,42.5,46.5,987,769,0,860,763,0,0,0,0,0,14.06,1.56,0,1.56,1.56,9.38,0,3.12,3.91,14.06,27.8063126,3464,162,4850,528,48.5,0.408631,0.6375,2832,69,32.3333321,0.0780928954,0.6375,2716,37,32.3333321,0.0372849256,0.6375,2572,30,32.3333321,0.0295622814,0.6375,4062,49,48.5,0.0514101647,0.6375,4850,380,48.5,0.383993328,0.6375,2601,26,32.3333321,0.030139545,0.6375,3233,178,32.3333321,0.188859344,0.6375,53.6250076,42.5000038,99.9975,9.433189,27.4475746,25.57753,5.220951,9.659813,35.0852356,38,0.25,0,55,0,85,0.416,1.01,16,16,16,32,48,30,295,160,130,0,0,0,16,37.75,0.25,0,55,0,85,0.416,1.01,16,16,16,32,48,30,295,160,130,0,0,0,16,512,-1,485.785156,485.480469,0.3046875,0.5,7618.451,7618.951,0,0,0,0,0,0,0,0,0,0,0,0,512,600,1200,3000,47,0.575000048,1.30500007,0,0,12,42,210,405,0,0,0,0,0,0,0,0,1.222,3.438,0.865,1773.582,72.72656,0.973899066,0,0,0,0,0,0,0,0,0,0,0,0,0,52.6875,48,16376,14294,2081,12.7122488,3.851,0,0
05/27/2026 14:32:01,43,58,0,53,58,51,51,51,51,68,12.144001,5.04,1.312,1.396,0.770000041,0.316,0.642,3.292,2.046,0,3.37600017,3.37200022,3.124,53,47,42.5,46.5,956,769,0,842,747,0,0,0,0,0,9.23,0,0,0,0,4.62,0,3.12,2.12,9.23,28.97893,3300,139,3600,372,36,0.2993747,0.9625,3085,62,36,0.0615643524,0.95625,2814,24,36,0.01256538,0.95625,2813,28,36,0.0116485283,0.95,2813,25,36,0.0240936652,0.95625,3600,436,36,0.4403547,0.95625,2825,25,36,0.01198069,0.95,4850,143,48.5,0.145381168,0.9125,53.7500076,46.2500038,99.9975,9.42654,27.4542236,25.5595016,5.21645355,9.66431,35.0550156,38,0.25,0,55,0,85,0.416,1.01,16,16,16,32,48,30,295,160,130,0,0,0,16,37.75,0.25,0,55,0,85,0.416,1.01,16,16,16,32,48,30,295,160,130,0,0,0,16,512,-1,485.785156,485.480469,0.3046875,0.5,7618.451,7618.951,0,0,0,0,0,0,0,0,0,0,0,0,512,600,1200,3000,48,0.965000033,1.30500007,0,1,15,42,210,405,0,0,0,0,0,0,0,0,2.064,5.189,0.865,1773.582,72.72656,0,0,0,0,0,0,0,0,0,0,0,0,0,0,52.53125,48,16376,14294,2081,12.7122488,5.046,0,0
05/27/2026 14:32:03,43,58,0,53,58,49,49,49,49,67,12.144001,5.04,1.31000006,1.396,0.728000045,0.312,0.642,3.292,2.046,0,3.37200022,3.37600017,3.124,53,47,42.5,46.5,955,741,0,853,764,0,0,0,0,0,10.94,0,0,0,0,3.12,0,3.12,2.15,10.94,27.69157,3295,166,4850,696,48.5,0.616997242,0.64375,2936,90,32.3333321,0.108103484,0.65,2603,32,32.3333321,0.0174928959,0.65,2716,24,32.3333321,0.0264667179,0.65,2651,29,32.3333321,0.0311067868,0.65,4850,267,48.5,0.3376109,0.65,2521,17,32.3333321,0.0116307028,0.65,3233,177,32.3333321,0.176429525,0.65,53.3750076,42.5000038,99.99748,9.431747,27.4490166,25.5736237,5.221653,9.659111,35.08995,38,0.25,0,55,0,85,0.416,1.01,16,16,16,32,48,30,295,160,130,0,0,0,16,37.75,0.25,0,55,0,85,0.416,1.01,16,16,16,32,48,30,295,160,130,0,0,0,16,512,-1,485.785156,485.480469,0.3046875,0.5,7618.451,7618.951,0,0,0,0,0,0,0,0,0,0,0,0,512,600,1200,3000,48,0.75000006,1.30500007,0,0,14,42,210,405,0,0,0,0,0,0,0,0,2.011,6.68,0.865,1773.582,72.72656,0.950034559,0,0,0,0,0,0,0,0,0,0,0,0,0,52.65625,48,16376,14294,2081,12.7122488,5.751,49152,0
05/27/2026 14:32:05,42,58,0,52,57,49,49,49,49,67,12.144001,5.04,1.312,1.396,0.748,0.31,0.642,3.292,2.046,0,3.37600017,3.37200022,3.124,52,47.5,42.5,46.5,955,741,0,855,743,0,0,0,0,0,7.69,1.56,0,0,4.69,4.62,0,3.12,2.71,7.69,26.91559,3369,142,4850,333,48.5,0.191560313,0.64375,3067,89,32.3333321,0.0771072954,0.64375,2631,31,32.3333321,0.0226584841,0.64375,2600,25,32.3333321,0.0185066871,0.64375,3217,97,32.3333321,0.09114302,0.64375,4850,371,48.5,0.362051427,0.64375,2502,17,32.3333321,0.01521612,0.64375,3233,173,32.3333321,0.167869151,0.64375,52.7500076,43.5000038,99.99749,9.401169,27.4795952,25.490715,5.189926,9.690838,34.8767471,38,0.25,0,55,0,85,0.416,1.01,16,16,16,32,48,30,295,160,130,0,0,0,16,37.75,0.25,0,55,0,85,0.416,1.01,16,16,16,32,48,30,295,160,130,0,0,0,16,512,-1,485.785156,485.480469,0.3046875,0.5,7618.451,7618.951,0,0,0,0,0,0,0,0,0,0,0,0,512,600,1200,3000,47,0.590000033,1.30500007,0,0,13,42,210,405,0,0,0,0,0,0,0,0,0.96,5.655,0.865,1773.582,72.72656,0,0,0,0,0,0,0,0,0,0,0,0,0,0,52.46875,48,16376,14294,2081,12.7122488,5.47,0,0
05/27/2026 14:32:07,42,58,0,52,56,48,48,48,48,66,12.144001,5.04,1.312,1.39200008,0.784000039,0.312,0.642,3.292,2.046,0,3.37600017,3.37200022,3.124,53,47,42.5,46.5,951,742,0,834,750,0,0,0,0,0,10.94,0,0,0,0,9.38,0,4.69,3.12,10.94,27.7288647,3343,193,4850,614,48.5,0.4808972,0.64375,2911,76,32.3333321,0.0792477,0.64375,2815,48,32.3333321,0.0416027233,0.65,2637,32,32.3333321,0.03281034,0.65,2803,45,32.3333321,0.0548963435,0.65,4850,473,48.5,0.4875024,0.65,2643,23,32.3333321,0.0292832423,0.65,3233,236,32.3333321,0.280059636,0.65,52.8750076,44.8750038,99.9975,9.393768,27.4869957,25.47065,5.18252563,9.698238,34.82701,38,0.25,0,55,0,85,0.416,1.01,16,16,16,32,48,30,295,160,130,0,0,0,16,37.75,0.25,0,55,0,85,0.416,1.01,16,16,16,32,48,30,295,160,130,0,0,0,16,512,-1,485.785156,485.480469,0.3046875,0.5,7618.451,7618.951,0,0,0,0,0,0,0,0,0,0,0,0,512,600,1200,3000,47,0.935000062,1.30500007,0,5,15,42,210,405,0,0,0,0,0,0,0,0,1.241,3.383,0.865,1773.582,72.57031,0.00633210735,0,0,0,0,0,0,0,0,0,0,0,0,0,52.59375,50,16376,14294,2081,12.7122488,3.894,0,0
05/27/2026 14:32:09,43,58,0,53,57,49,49,49,49,67,12.144001,5.04,1.312,1.396,0.73,0.312,0.642,3.292,2.046,0,3.37600017,3.37600017,3.124,53,47.5,42.5,46.5,950,769,0,822,741,0,0,0,0,0,4.69,0,0,0,0,6.25,0,1.56,1.56,6.25,28.6398449,3785,94,3542,263,36,0.15024747,0.66875,3069,46,36,0.02777507,0.66875,2936,30,36,0.0120499218,0.66875,3954,23,48.5,0.0118239857,0.81875,4118,35,48.5,0.0201884974,0.81875,4850,312,48.5,0.277013183,0.81875,3890,21,48.5,0.0114009809,0.81875,3922,19,48.5,0.0109840808,0.81875,53.6250076,55.8750038,99.99749,9.42174149,27.4590225,25.5464859,5.2127,9.668064,35.0297852,38,0.25,0,55,0,85,0.416,1.01,16,16,16,32,48,30,295,160,130,0,0,0,16,37.75,0.25,0,55,0,85,0.416,1.01,16,16,16,32,48,30,295,160,130,0,0,0,16,512,-1,485.785156,485.480469,0.3046875,0.5,7618.451,7618.951,0,0,0,0,0,0,0,0,0,0,0,0,512,600,1200,3000,47,0.615,1.30500007,0,0,14,42,210,405,0,0,0,0,0,0,0,0,1.64,6.126,0.865,1773.582,72.57031,0,0,0,0,0,0,0,0,0,0,0,0,0,0,52.53125,48,16376,14294,2081,12.7122488,5.669,49152,0
05/27/2026 14:32:11,43,58,0,53,57,49,49,49,49,67,12.144001,5.04,1.312,1.396,0.764000058,0.316,0.642,3.29600024,2.046,0,3.37600017,3.37600017,3.124,53,47.5,42.5,46.5,956,770,0,831,727,0,0,0,0,0,12.5,0,0,0,0,3.12,0,4.69,2.54,12.5,27.7026787,3531,164,4850,514,48.5,0.413005739,0.6375,4441,74,48.5,0.07679524,0.6375,2731,34,32.3333321,0.04116921,0.6375,2626,29,32.3333321,0.031232873,0.6375,2847,45,32.3333321,0.0505543835,0.6375,4850,366,48.5,0.348894447,0.6375,2672,25,32.3333321,0.0291522872,0.6375,3233,229,32.3333321,0.281066775,0.6375,53.0000076,43.5000038,99.99749,9.403927,27.4768372,25.4981918,5.18967438,9.69109,34.8750534,38,0.25,0,55,0,85,0.416,1.01,16,16,16,32,48,30,295,160,130,0,0,0,16,37.75,0.25,0,55,0,85,0.416,1.01,16,16,16,32,48,30,295,160,130,0,0,0,16,512,-1,485.785156,485.480469,0.3046875,0.5,7618.451,7618.951,0,0,0,0,0,0,0,0,0,0,0,0,512,600,1200,3000,47,0.410000026,1.30500007,0,0,11,42,210,405,0,0,0,0,0,0,0,0,1.755,6.614,0.865,1773.582,72.57031,0.964946449,0,0,0,0,0,0,0,0,0,0,0,0,0,52.59375,48,16376,14294,2081,12.7122488,5.901,0,0
05/27/2026 14:32:13,43,58,0,53,57,50,50,50,50,68,12.144001,5.04,1.312,1.396,0.814,0.308000028,0.642,3.292,2.046,0,3.37600017,3.37600017,3.124,54,47.5,42.5,46.5,956,741,0,851,731,0,0,0,0,0,20.31,4.69,3.12,1.56,6.25,9.38,1.56,9.38,7.03,20.31,29.1818314,3490,312,4850,944,48.5,0.9532235,0.63125,3233,258,32.3333321,0.336702228,0.63125,2896,115,32.3333321,0.185039684,0.63125,2889,96,32.3333321,0.146387577,0.63125,3119,180,32.3333321,0.243249223,0.63125,4850,526,48.5,0.641277254,0.63125,2848,86,32.3333321,0.127873331,0.65625,3233,289,32.3333321,0.370691478,0.65625,54.8750076,45.3750038,99.99749,9.382885,27.497879,25.44114,5.17860031,9.702164,34.8006363,38,0.25,0,55,0,85,0.416,1.01,16,16,16,32,48,30,295,160,130,0,0,0,16,37.75,0.25,0,55,0,85,0.416,1.01,16,16,16,32,48,30,295,160,130,0,0,0,16,512,-1,485.785156,485.480469,0.3046875,0.5,7618.451,7618.951,0,0,0,0,0,0,0,0,0,0,0,0,512,600,1200,3000,47,0.965000033,1.30500007,0,1,14,42,210,405,0,0,0,0,0,0,0,0,1.27,3.727,0.865,1773.582,72.57031,1.03033185,0,0,0,0,0,0,0,0,0,0,0,0,0,52.625,48,16376,14294,2081,12.7122488,4.368,0,0
05/27/2026 14:32:15,44,58,0,53,58,51,51,51,51,69,12.144001,5.04,1.31000006,1.39200008,0.756000042,0.31,0.642,3.292,2.046,0,3.37200022,3.37200022,3.12000012,54,47,42.5,46.5,970,742,0,852,731,0,0,0,0,0,6.25,0,1.54,0,0,3.12,0,0,1.36,6.25,26.374424,3031,96,4850,310,48.5,0.194980308,0.66875,2704,55,32.3333321,0.0488175638,0.66875,3019,53,32.3333321,0.0268122721,0.66875,2603,32,32.3333321,0.0135358479,0.66875,2606,32,32.3333321,0.0141755808,0.66875,3233,241,32.3333321,0.20782195,0.66875,2503,18,32.3333321,0.009852639,0.66875,2730,26,32.3333321,0.0121165458,0.66875,54.0000076,43.5000038,99.99749,9.33836,27.5424042,25.3204041,5.139717,9.741047,34.5393372,38,0.25,0,55,0,85,0.416,1.01,16,16,16,32,48,30,295,160,130,0,0,0,16,37.75,0.25,0,55,0,85,0.416,1.01,16,16,16,32,48,30,295,160,130,0,0,0,16,512,-1,485.785156,485.480469,0.3046875,0.5,7618.451,7618.951,0,0,0,0,0,0,0,0,0,0,0,0,512,600,1200,3000,48,0.950000048,1.30500007,0,1,14,42,210,405,0,0,0,0,0,0,0,0,1.293,3.759,0.865,1773.582,72.57031,0,0,0,0,0,0,0,0,0,0,0,0,0,0,52.53125,48,16376,14294,2081,12.7122488,4.15,0,0
05/27/2026 14:32:17,44,58,0,53,58,50,50,50,50,68,12.144001,5.04,1.312,1.396,0.73,0.306000024,0.642,3.292,2.046,0,3.37600017,3.37600017,3.124,53,47.5,42.5,46.5,974,742,0,841,757,0,0,0,0,0,7.81,0,0,0,0,4.69,0,3.12,1.95,7.81,27.49475,3108,165,3233,611,32.3333321,0.520516038,0.8,2819,61,32.3333321,0.06919729,0.8,2921,34,33.6666679,0.0370890647,0.64375,2731,25,33.6666679,0.0322119966,0.64375,2868,40,33.6666679,0.0438018478,0.64375,4040,315,40.4,0.3517512,0.64375,2888,30,33.6666679,0.03345654,0.64375,3367,201,33.6666679,0.215439782,0.64375,53.2500076,49.5000038,99.99749,9.373188,27.507576,25.41484,5.17449951,9.7062645,34.77308,38,0.25,0,55,0,85,0.416,1.01,16,16,16,32,48,30,295,160,130,0,0,0,16,37.75,0.25,0,55,0,85,0.416,1.01,16,16,16,32,48,30,295,160,130,0,0,0,16,512,-1,485.785156,485.480469,0.3046875,0.5,7618.451,7618.951,0,0,0,0,0,0,0,0,0,0,0,0,512,600,1200,3000,49,0.935000062,1.30500007,0,4,14,42,210,405,0,0,0,0,0,0,0,0,1.976,6.256,0.865,1773.582,72.57031,0.9456643,0,0,0,0,0,0,0,0,0,0,0,0,0,52.59375,50,16376,14294,2081,12.7122488,5.925,0,0
05/27/2026 14:32:19,44,58,0,53,58,51,51,51,51,68,12.144001,5.04,1.312,1.396,0.772,0.316,0.642,3.292,2.046,0,3.37600017,3.37200022,3.124,53,47,42.5,46.5,982,770,0,854,738,0,0,0,0,0,4.62,1.54,0,0,1.54,3.08,0,3.08,1.73,4.62,26.88657,3321,128,4850,439,48.5,0.3356209,0.65,2830,67,32.3333321,0.06536987,0.65,2604,33,32.3333321,0.01399795,0.65,2609,28,32.3333321,0.0150545044,0.65,3203,91,32.3333321,0.0825907961,0.65,4625,182,48.5,0.162454188,0.65,2614,25,32.3333321,0.0142976474,0.65,3233,163,32.3333321,0.171259627,0.65,53.6250076,44.3750038,99.9975,9.36425,27.5165138,25.39061,5.16770935,9.713055,34.7274475,38,0.25,0,55,0,85,0.416,1.01,16,16,16,32,48,30,295,160,130,0,0,0,16,37.75,0.25,0,55,0,85,0.416,1.01,16,16,16,32,48,30,295,160,130,0,0,0,16,512,-1,485.785156,485.480469,0.3046875,0.5,7618.451,7618.951,0,0,0,0,0,0,0,0,0,0,0,0,512,600,1200,3000,48,0.955000043,1.30500007,0,1,14,42,210,405,0,0,0,0,0,0,0,0,1.122,5.55,0.865,1773.582,72.57031,0,0,0,0,0,0,0,0,0,0,0,0,0,0,52.5,48,16376,14294,2081,12.7122488,5.471,0,0
05/27/2026 14:32:21,43,58,0,53,57,49,49,49,49,67,12.144001,5.04,1.312,1.396,0.718000054,0.314,0.642,3.29600024,2.046,0,3.37600017,3.37600017,3.124,53,47.5,42.5,46.5,967,769,0,835,734,0,0,0,0,0,7.81,0,0,0,0,1.56,0,4.69,1.76,7.81,27.8061466,3292,164,4850,615,48.5,0.508458,0.65,2791,65,32.3333321,0.067314066,0.65,2624,30,32.3333321,0.0334024653,0.65,2708,32,32.3333321,0.0329241864,0.65,2724,41,32.3333321,0.04984535,0.65,4850,272,48.5,0.270432621,0.65,2557,20,32.3333321,0.0287588444,0.65,3233,235,32.3333321,0.29115054,0.65,53.3750076,43.5000038,99.99749,9.375462,27.5053024,25.4210052,5.17730331,9.703461,34.7919159,38,0.25,0,55,0,85,0.416,1.01,16,16,16,32,48,30,295,160,130,0,0,0,16,37.75,0.25,0,55,0,85,0.416,1.01,16,16,16,32,48,30,295,160,130,0,0,0,16,512,-1,485.785156,485.480469,0.3046875,0.5,7618.451,7618.951,0,0,0,0,0,0,0,0,0,0,0,0,512,600,1200,3000,48,0.745000064,1.30500007,0,0,14,42,210,405,0,0,0,0,0,0,0,0,1.244,3.4,0.865,1773.582,72.57031,0.9617685,0,0,0,0,0,0,0,0,0,0,0,0,0,52.5625,48,16376,14294,2081,12.7122488,3.817,0,0
05/27/2026 14:32:23,43,58,0,53,58,50,50,50,50,68,12.144001,5.04,1.312,1.39200008,0.698,0.312,0.642,3.292,2.046,0,3.37200022,3.37200022,3.124,53,47.5,42.5,46.5,958,770,0,854,733,0,0,0,0,0,9.23,0,0,0,0,4.62,0,3.12,2.12,9.23,28.619873,3595,110,3233,391,32.3333321,0.279437631,1.075,2738,48,32.3333321,0.02180213,1.075,2570,28,32.3333321,0.0119098648,0.69375,2590,26,32.3333321,0.0104041928,0.69375,4098,34,48.5,0.0175779033,0.69375,4850,247,48.5,0.224569753,0.69375,3830,17,48.5,0.009661826,0.69375,4850,85,48.5,0.07922263,0.69375,53.7500076,54.0000038,99.99749,9.333572,27.5471916,25.3074265,5.13853073,9.742233,34.5313644,38,0.25,0,55,0,85,0.416,1.01,16,16,16,32,48,30,295,160,130,0,0,0,16,37.75,0.25,0,55,0,85,0.416,1.01,16,16,16,32,48,30,295,160,130,0,0,0,16,512,-1,485.785156,485.480469,0.3046875,0.5,7618.451,7618.951,0,0,0,0,0,0,0,0,0,0,0,0,512,600,1200,3000,47,0.420000017,1.30500007,0,0,11,42,210,405,0,0,0,0,0,0,0,0,1.616,4.288,0.865,1773.582,72.57031,0,0,0,0,0,0,0,0,0,0,0,0,0,0,52.53125,48,16376,14294,2081,12.7122488,4.618,0,0
05/27/2026 14:32:25,43,58,0,53,57,49,49,49,49,67,12.144001,5.04,1.312,1.396,0.872000039,0.318000019,0.642,3.292,2.046,0,3.37600017,3.37200022,3.124,53,47,42.5,46.5,966,741,0,848,750,0,0,0,0,0,10.77,0,1.54,1.54,0,6.15,0,3.08,2.88,10.77,27.2973442,3958,178,5050,630,50.5,0.5270239,0.53125,3582,72,40.4,0.09626495,0.5625,3392,34,40.4,0.0436219126,0.5625,3389,30,40.4,0.03761277,0.5625,3653,62,40.4,0.06810399,0.5625,4040,330,40.4,0.351524085,0.5625,3511,29,40.4,0.0318869278,0.5625,5050,235,50.5,0.258592576,0.5,53.0000076,42.5000038,99.99748,9.377361,27.5034027,25.4261551,5.177841,9.702923,34.7955322,38,0.25,0,55,0,85,0.416,1.01,16,16,16,32,48,30,295,160,130,0,0,0,16,37.75,0.25,0,55,0,85,0.416,1.01,16,16,16,32,48,30,295,160,130,0,0,0,16,512,-1,485.785156,485.480469,0.3046875,0.5,7618.451,7618.951,0,0,0,0,0,0,0,0,0,0,0,0,512,600,1200,3000,48,0.950000048,1.30500007,0,3,14,42,210,405,0,0,0,0,0,0,0,0,2.021,6.708,0.865,1773.582,72.57031,0.9251946,0,0,0,0,0,0,0,0,0,0,0,0,0,52.5,48,16376,14294,2081,12.7122488,6.484,0,0
05/27/2026 14:32:27,43,58,0,53,58,51,51,52,52,69,12.144001,5.04,1.312,1.396,0.692000031,0.312,0.642,3.292,2.046,0,3.37600017,3.37200022,3.124,54,47,42.5,46.5,971,741,0,831,751,0,0,0,0,0,15.62,3.12,0,0,1.56,6.25,0,1.56,3.52,15.62,28.2243252,3363,220,4850,719,48.5,0.6997815,0.65,3002,159,32.3333321,0.233671531,0.65,2962,110,32.3333321,0.158221915,0.65,2803,84,32.3333321,0.128626674,0.65,2892,112,32.3333321,0.175912082,0.65,4850,434,48.5,0.468530536,0.65,2771,79,32.3333321,0.117244832,0.65,2771,67,32.3333321,0.1355981,0.65,54.6250076,42.5000038,99.99748,9.376976,27.503788,25.42511,5.17686462,9.703899,34.78897,38,0.25,0,55,0,85,0.416,1.01,16,16,16,32,48,30,295,160,130,0,0,0,16,37.75,0.25,0,55,0,85,0.416,1.01,16,16,16,32,48,30,295,160,130,0,0,0,16,512,-1,485.785156,485.480469,0.3046875,0.5,7618.451,7618.951,0,0,0,0,0,0,0,0,0,0,0,0,512,600,1200,3000,47,0.565,1.30500007,0,0,13,42,210,405,0,0,0,0,0,0,0,0,0.849,4.655,0.865,1773.582,72.57031,0,0,0,0,0,0,0,0,0,0,0,0,0,0,52.5625,48,16376,14294,2081,12.7122488,5.017,0,0
05/27/2026 14:32:29,44,58,0,54,58,51,51,51,51,69,12.144001,5.04,1.312,1.39200008,0.784000039,0.308000028,0.642,3.29600024,2.046,0,3.37600017,3.37600017,3.124,54,47.5,42.5,46.5,989,770,0,854,754,0,0,0,0,0,15.38,3.08,0,0,0,9.23,0,6.06,4.22,15.38,27.7056885,3430,203,4040,665,40.4,0.58491534,0.5,3167,118,33.6666679,0.09087286,0.5,2822,38,33.6666679,0.03618831,0.5,2798,26,33.6666679,0.03030107,0.5,2787,41,33.6666679,0.04195416,0.5,4040,309,40.4,0.3290329,0.5,2740,19,33.6666679,0.02505111,0.5,5050,406,50.5,0.463167369,0.49375,54.1250076,55.0000038,99.99749,9.351215,27.5295486,25.3552628,5.14998245,9.730782,34.6083221,38,0.25,0,55,0,85,0.416,1.01,16,16,16,32,48,30,295,160,130,0,0,0,16,37.75,0.25,0,55,0,85,0.416,1.01,16,16,16,32,48,30,295,160,130,0,0,0,16,512,-1,485.785156,485.480469,0.3046875,0.5,7618.451,7618.951,0,0,0,0,0,0,0,0,0,0,0,0,512,600,1200,3000,46,0.570000052,1.30500007,0,0,12,42,210,405,0,0,0,0,0,0,0,0,1.379,3.42,0.865,1773.582,72.57031,0.9329295,0,0,0,0,0,0,0,0,0,0,0,0,0,52.5,48,16376,14294,2081,12.7122488,3.893,0,0
05/27/2026 14:32:31,44,58,0,54,59,51,51,51,51,69,12.144001,5.04,1.312,1.396,0.806000054,0.326,0.642,3.288,2.046,0,3.37200022,3.37200022,3.12000012,54,47,42.5,46.5,974,769,0,847,746,0,0,0,0,0,6.25,0,0,1.56,0,3.12,0,0,1.37,6.25,29.1474876,3016,77,3600,306,36,0.1828679,0.7125,3093,54,36,0.0321368538,0.7125,2807,26,36,0.0107072573,0.7125,2785,22,36,0.0103555564,0.7125,2845,27,36,0.0162579212,0.7125,3386,147,36,0.111737363,0.7125,2837,20,36,0.0101140281,0.7125,2776,17,36,0.00964606553,0.7125,55.0000076,45.3750038,99.99749,9.370808,27.5099564,25.4083862,5.17071533,9.710049,34.7476425,38,0.25,0,55,0,85,0.416,1.01,16,16,16,32,48,30,295,160,130,0,0,0,16,37.75,0.25,0,55,0,85,0.416,1.01,16,16,16,32,48,30,295,160,130,0,0,0,16,512,-1,485.785156,485.480469,0.3046875,0.5,7618.451,7618.951,0,0,0,0,0,0,0,0,0,0,0,0,512,600,1200,3000,47,0.715000033,1.30500007,0,0,13,42,210,405,0,0,0,0,0,0,0,0,1.781,5.967,0.865,1773.582,72.57031,0,0,0,0,0,0,0,0,0,0,0,0,0,0,52.46875,50,16376,14294,2081,12.7122488,5.459,0,0
05/27/2026 14:32:33,44,58,0,53,58,49,49,50,50,68,12.144001,5.04,1.31000006,1.39200008,0.792000055,0.318000019,0.642,3.288,2.046,0,3.37200022,3.36800027,3.12000012,53,47,42.5,46.5,972,769,0,844,768,0,0,0,0,0,14.06,1.56,0,1.56,0,6.25,1.56,3.12,3.52,14.06,27.56707,3478,170,4850,684,48.5,0.544745743,0.64375,2826,74,32.3333321,0.07315391,0.64375,2683,35,32.3333321,0.03253144,0.64375,2612,29,32.3333321,0.0321664326,0.64375,4008,38,48.5,0.0440842472,0.64375,4850,271,48.5,0.2344515,0.64375,2759,29,32.3333321,0.03372058,0.64375,3233,199,32.3333321,0.223503888,0.64375,53.3750076,42.0000038,99.99749,9.34919,27.5315742,25.34977,5.15278244,9.727982,34.6271362,38,0.25,0,55,0,85,0.416,1.01,16,16,16,32,48,30,295,160,130,0,0,0,16,37.75,0.25,0,55,0,85,0.416,1.01,16,16,16,32,48,30,295,160,130,0,0,0,16,512,-1,485.785156,485.480469,0.3046875,0.5,7618.451,7618.951,0,0,0,0,0,0,0,0,0,0,0,0,512,600,1200,3000,47,0.590000033,1.30500007,0,0,13,42,210,405,0,0,0,0,0,0,0,0,1.892,6.638,0.865,1773.582,72.57031,0.958363652,0,0,0,0,0,0,0,0,0,0,0,0,0,52.53125,50,16376,14294,2081,12.7122488,6.219,49152,0
05/27/2026 14:32:35,44,58,0,53,58,50,50,51,51,68,12.144001,5.04,1.312,1.396,0.718000054,0.31,0.642,3.292,2.046,0,3.37200022,3.37200022,3.12000012,53,47,42.5,46.5,972,741,0,844,748,0,0,0,0,0,6.15,0,0,0,0,9.23,0,4.62,2.5,9.23,26.5661354,3300,129,4850,336,48.5,0.238277048,0.65,2855,61,32.3333321,0.0406627879,0.65,2588,25,32.3333321,0.0157946665,0.65,2610,27,32.3333321,0.0155541273,0.65,2817,38,32.3333321,0.02690705,0.65625,4850,355,48.5,0.336593062,0.65625,2595,19,32.3333321,0.0115487333,0.65625,3233,173,32.3333321,0.2030969,0.65625,53.3750076,41.0000038,99.99749,9.333099,27.5476646,25.3061447,5.13728333,9.743481,34.52298,38,0.25,0,55,0,85,0.416,1.01,16,16,16,32,48,30,295,160,130,0,0,0,16,37.75,0.25,0,55,0,85,0.416,1.01,16,16,16,32,48,30,295,160,130,0,0,0,16,512,-1,485.785156,485.480469,0.3046875,0.5,7618.451,7618.951,0,0,0,0,0,0,0,0,0,0,0,0,512,600,1200,3000,49,0.930000067,1.30500007,0,1,14,42,210,405,0,0,0,0,0,0,0,0,0.91,4.241,0.865,1773.582,72.57031,0,0,0,0,0,0,0,0,0,0,0,0,0,0,52.375,48,16376,14294,2081,12.7122488,4.594,0,0
05/27/2026 14:32:37,43,58,0,53,58,49,49,49,49,67,12.144001,5.04,1.312,1.39200008,0.728000045,0.322000027,0.642,3.292,2.046,0,3.37200022,3.37200022,3.12000012,53,47,42.5,46.5,969,742,0,845,747,0,0,0,0,0,10.77,0,0,0,1.56,7.69,0,3.12,2.89,10.77,27.5323353,3405,174,4850,542,48.5,0.461141169,0.6375,2908,81,32.3333321,0.102976553,0.6375,2673,31,32.3333321,0.0318542868,0.6375,2688,28,32.3333321,0.030331187,0.6375,3233,101,32.3333321,0.118994839,0.6375,4850,395,48.5,0.4108971,0.6375,2803,41,32.3333321,0.03907087,0.6375,3233,172,32.3333321,0.221166015,0.6375,52.8750076,43.5000038,99.99749,9.375874,27.50489,25.4221268,5.17402649,9.70673752,34.7698975,38,0.25,0,55,0,85,0.416,1.01,16,16,16,32,48,30,295,160,130,0,0,0,16,37.75,0.25,0,55,0,85,0.416,1.01,16,16,16,32,48,30,295,160,130,0,0,0,16,512,-1,485.785156,485.480469,0.3046875,0.5,7618.451,7618.951,0,0,0,0,0,0,0,0,0,0,0,0,512,600,1200,3000,47,0.570000052,1.30500007,0,0,13,42,210,405,0,0,0,0,0,0,0,0,1.609,3.412,0.865,1773.582,72.57031,0.959412,0,0,0,0,0,0,0,0,0,0,0,0,0,52.34375,48,16376,14294,2081,12.7122488,4.019,49152,0
05/27/2026 14:32:39,43,58,0,53,57,50,50,50,50,68,12.144001,5.04,1.312,1.396,0.994,0.308000028,0.642,3.292,2.046,0,3.37200022,3.37200022,3.124,53,47,42.5,46.5,954,742,0,849,754,0,0,0,0,0,20.31,6.25,3.12,4.69,1.56,17.46,1.56,4.76,7.47,20.31,29.2304287,3248,178,3600,568,36,0.458880037,0.91875,3223,64,36,0.0611347556,0.925,2904,29,36,0.028624827,0.925,3107,43,36,0.0310969036,0.925,3005,39,36,0.0413569324,0.925,3600,482,36,0.48081705,0.925,2942,21,36,0.02677906,0.925,3600,177,36,0.219290674,0.925,53.5000076,54.5000038,99.99749,9.374882,27.5058823,25.4194336,5.17061234,9.710152,34.7469559,38,0.25,0,55,0,85,0.416,1.01,16,16,16,32,48,30,295,160,130,0,0,0,16,37.75,0.25,0,55,0,85,0.416,1.01,16,16,16,32,48,30,295,160,130,0,0,0,16,512,-1,485.785156,485.480469,0.3046875,0.5,7618.451,7618.951,0,0,0,0,0,0,0,0,0,0,0,0,512,600,1200,3000,48,0.75000006,1.30500007,0,0,14,42,210,405,0,0,0,0,0,0,0,0,2.06,6.424,0.865,1773.582,72.57031,0.9863826,0,0,0,0,0,0,0,0,0,0,0,0,0,52.40625,48,16376,14294,2081,12.7122488,5.96,49152,0
05/27/2026 14:32:41,43,58,0,53,58,51,51,51,51,68,12.144001,5.04,1.31000006,1.39200008,0.694,0.308000028,0.642,3.292,2.046,0,3.37600017,3.37600017,3.124,53,47,42.5,46.5,958,769,0,837,753,0,0,0,0,0,9.38,1.56,0,0,0,6.35,0,0,2.16,9.38,25.4877167,3351,80,4850,285,48.5,0.138702944,0.65,4480,67,48.5,0.03891995,0.65,2604,27,32.3333321,0.0119800717,0.65,2595,22,32.3333321,0.010005204,0.65,2599,27,32.3333321,0.0122506469,0.65,4513,170,48.5,0.133397639,0.65,2591,21,32.3333321,0.009867729,0.64375,2579,18,32.3333321,0.009571784,0.64375,53.3750076,42.0000038,99.99749,9.337227,27.5435371,25.317337,5.140045,9.740719,34.5415421,38,0.25,0,55,0,85,0.416,1.01,16,16,16,32,48,30,295,160,130,0,0,0,16,37.75,0.25,0,55,0,85,0.416,1.01,16,16,16,32,48,30,295,160,130,0,0,0,16,512,-1,485.785156,485.480469,0.3046875,0.5,7618.451,7618.951,0,0,0,0,0,0,0,0,0,0,0,0,512,600,1200,3000,47,0.415000021,1.30500007,0,0,11,42,210,405,0,0,0,0,0,0,0,0,1.335,6.226,0.865,1773.582,72.57031,0,0,0,0,0,0,0,0,0,0,0,0,0,0,52.34375,48,16376,14294,2081,12.7122488,5.859,0,0
05/27/2026 14:32:43,42,58,0,53,57,49,49,49,49,67,12.144001,5.04,1.312,1.396,0.766000032,0.314,0.642,3.292,2.046,0,3.37600017,3.37200022,3.124,54,47,42.5,46.5,949,769,0,851,753,0,0,0,0,0,25,14.06,7.69,6.15,6.15,25,4.62,10.77,12.43,25,28.6727943,3473,295,4850,826,48.5,0.80294317,0.6375,2972,178,32.3333321,0.244726822,0.6375,2947,101,32.3333321,0.16863744,0.6375,2851,81,32.3333321,0.128768429,0.6375,3174,191,32.3333321,0.2674888,0.6375,4850,641,48.5,0.7760889,0.6375,2910,89,32.3333321,0.135862932,0.6375,3233,254,32.3333321,0.3292727,0.6375,54.0000076,44.3750038,99.99749,9.383026,27.4977379,25.44152,5.179119,9.701645,34.8041229,38,0.25,0,55,0,85,0.416,1.01,16,16,16,32,48,30,295,160,130,0,0,0,16,37.75,0.25,0,55,0,85,0.416,1.01,16,16,16,32,48,30,295,160,130,0,0,0,16,512,-1,485.785156,485.480469,0.3046875,0.5,7618.451,7618.951,0,0,0,0,0,0,0,0,0,0,0,0,512,600,1200,3000,49,0.965000033,1.30500007,0,0,14,42,210,405,0,0,0,0,0,0,0,0,1.229,3.385,0.865,1773.582,72.57031,0.9713651,0,0,0,0,0,0,0,0,0,0,0,0,0,52.4375,48,16376,14294,2081,12.7122488,4.205,49152,0
05/27/2026 14:32:45,44,58,0,53,58,51,51,51,51,69,12.144001,5.04,1.312,1.396,0.664000034,0.318000019,0.642,3.292,2.046,0,3.37600017,3.37200022,3.124,54,47,42.5,46.5,960,742,0,848,733,0,0,0,0,0,7.81,1.56,0,1.56,1.56,11.11,0,1.59,3.15,11.11,26.41534,3089,115,4833,311,48.5,0.2348566,0.65625,2774,54,32.3333321,0.0356939323,0.65625,2699,34,32.3333321,0.0151840365,0.65625,2672,25,32.3333321,0.0114661343,0.65625,2726,39,32.3333321,0.0178712867,0.65625,3233,333,32.3333321,0.290937632,0.65625,2539,17,32.3333321,0.0118105086,0.65625,3233,110,32.3333321,0.125744477,0.65625,53.8750076,44.0000038,99.99749,9.361359,27.5194054,25.3827744,5.16391373,9.71685,34.7019348,38,0.25,0,55,0,85,0.416,1.01,16,16,16,32,48,30,295,160,130,0,0,0,16,37.75,0.25,0,55,0,85,0.416,1.01,16,16,16,32,48,30,295,160,130,0,0,0,16,512,-1,485.785156,485.480469,0.3046875,0.5,7618.451,7618.951,0,0,0,0,0,0,0,0,0,0,0,0,512,600,1200,3000,48,0.965000033,1.30500007,0,1,14,42,210,405,0,0,0,0,0,0,0,0,1.918,4.923,0.865,1773.582,72.57031,0,0,0,0,0,0,0,0,0,0,0,0,0,0,52.375,48,16376,14294,2081,12.7122488,4.718,0,0
05/27/2026 14:32:47,44,58,0,53,58,50,50,50,50,68,12.144001,5.04,1.312,1.396,0.672000051,0.308000028,0.642,3.292,2.046,0,3.37600017,3.37200022,3.124,53,47,42.5,46.5,984,742,0,843,736,0,0,0,0,0,17.19,6.15,3.08,1.54,3.08,14.06,3.08,6.15,6.79,17.19,27.4113064,3694,190,4000,630,40,0.5125536,0.49375,3828,92,40,0.0902645662,0.49375,2812,27,33.3333321,0.0282876119,0.49375,2764,27,33.3333321,0.0266324859,0.49375,3114,52,33.3333321,0.04510971,0.49375,4000,279,40,0.3451841,0.49375,3980,132,39.8,0.1328314,0.49375,5050,281,50.5,0.311136663,0.50625,53.1250076,42.0000038,99.99749,9.344078,27.5366859,25.335907,5.14365,9.737114,34.5657654,38,0.25,0,55,0,85,0.416,1.01,16,16,16,32,48,30,295,160,130,0,0,0,16,37.75,0.25,0,55,0,85,0.416,1.01,16,16,16,32,48,30,295,160,130,0,0,0,16,512,-1,485.785156,485.480469,0.3046875,0.5,7618.451,7618.951,0,0,0,0,0,0,0,0,0,0,0,0,512,600,1200,3000,47,0.405000031,1.30500007,0,0,11,42,210,405,0,0,0,0,0,0,0,0,1.98,6.503,0.865,1773.582,72.57031,0.9340475,0,0,0,0,0,0,0,0,0,0,0,0,0,52.4375,48,16376,14294,2081,12.7122488,5.87,0,0
05/27/2026 14:32:49,44,58,0,53,58,51,51,51,51,68,12.144001,5.04,1.312,1.39200008,0.69600004,0.306000024,0.642,3.292,2.046,0,3.37200022,3.37200022,3.12000012,53,47,42.5,46.5,981,742,0,857,755,0,0,0,0,0,4.69,0,0,0,0,4.69,0,0,1.17,4.69,26.3661461,3159,98,4733,290,48.5,0.172131658,0.64375,2624,40,32.3333321,0.0181664862,0.64375,2596,28,32.3333321,0.01171441,0.64375,2578,25,32.3333321,0.0106456466,0.65,2607,30,32.3333321,0.01252065,0.65,4850,331,48.5,0.281386763,0.65,2559,16,32.3333321,0.009852056,0.65,2726,28,32.3333321,0.0178432781,0.65,53.5000076,41.5000038,99.99748,9.363819,27.5169449,25.3894348,5.166691,9.714073,34.7205963,38,0.25,0,55,0,85,0.416,1.01,16,16,16,32,48,30,295,160,130,0,0,0,16,37.75,0.25,0,55,0,85,0.416,1.01,16,16,16,32,48,30,295,160,130,0,0,0,16,512,-1,485.785156,485.480469,0.3046875,0.5,7618.451,7618.951,0,0,0,0,0,0,0,0,0,0,0,0,512,600,1200,3000,47,0.405000031,1.30500007,0,0,11,42,210,405,0,0,0,0,0,0,0,0,1.463,4.439,0.865,1773.582,72.57031,0,0,0,0,0,0,0,0,0,0,0,0,0,0,52.28125,48,16376,14294,2081,12.7122488,4.863,0,0
05/27/2026 14:32:51,43,58,0,53,57,49,49,49,49,67,12.144001,5.04,1.312,1.396,0.780000031,0.312,0.642,3.292,2.046,0,3.37600017,3.37200022,3.12000012,53,47,42.5,46.5,959,769,0,837,752,0,0,0,0,0,21.88,6.25,0,1.56,3.12,17.19,1.56,6.25,7.23,21.88,28.407959,3269,317,4850,923,48.5,0.8586262,0.64375,3112,229,32.3333321,0.3519789,0.64375,2770,47,32.3333321,0.07515201,0.64375,3233,85,32.3333321,0.09933976,0.64375,2902,73,32.3333321,0.152819157,0.64375,3233,936,32.3333321,0.960883558,0.64375,2817,35,32.3333321,0.0417351052,0.64375,3233,209,32.3333321,0.237680808,0.64375,53.3750076,43.0000038,99.99749,9.351162,27.5296021,25.3551178,5.15533066,9.725433,34.6442642,38,0.25,0,55,0,85,0.416,1.01,16,16,16,32,48,30,295,160,130,0,0,0,16,37.75,0.25,0,55,0,85,0.416,1.01,16,16,16,32,48,30,295,160,130,0,0,0,16,512,-1,485.785156,485.480469,0.3046875,0.5,7618.451,7618.951,0,0,0,0,0,0,0,0,0,0,0,0,512,600,1200,3000,49,0.745000064,1.30500007,0,0,14,42,210,405,0,0,0,0,0,0,0,0,1.228,3.374,0.865,1773.582,72.57031,0.959655941,0,0,0,0,0,0,0,0,0,0,0,0,0,52.46875,48,16376,14294,2081,12.7122488,3.585,0,0
05/27/2026 14:32:53,43,58,0,53,58,51,51,52,52,69,12.144001,5.04,1.312,1.396,0.648,0.302000016,0.642,3.292,2.046,0,3.37600017,3.37600017,3.124,54,47,42.5,46.5,966,769,0,849,751,0,0,0,0,0,14.06,3.17,0,0,1.59,6.35,0,3.17,3.54,14.06,29.3583679,3822,154,3600,515,36,0.3940837,0.9625,3447,92,36,0.07817311,0.95625,3093,40,36,0.036956206,0.95625,3096,39,36,0.03239334,0.95,3418,77,36,0.0704676,0.95625,4848,238,48.5,0.284725964,0.95625,4228,42,48.5,0.02620277,0.675,4850,189,48.5,0.237057254,0.675,54.3750076,52.6250038,99.99749,9.37722,27.5035439,25.4257736,5.174801,9.705963,34.7751,38,0.25,0,55,0,85,0.416,1.01,16,16,16,32,48,30,295,160,130,0,0,0,16,37.75,0.25,0,55,0,85,0.416,1.01,16,16,16,32,48,30,295,160,130,0,0,0,16,512,-1,485.785156,485.480469,0.3046875,0.5,7618.451,7618.951,0,0,0,0,0,0,0,0,0,0,0,0,512,600,1200,3000,47,0.715000033,1.30500007,0,0,13,42,210,405,0,0,0,0,0,0,0,0,2.6,6.294,0.865,1773.582,72.57031,0.910726666,0,0,0,0,0,0,0,0,0,0,0,0,0,52.4375,48,16376,14294,2081,12.7122488,5.15,99328,0
05/27/2026 14:32:55,44,58,0,53,58,49,49,49,49,67,12.144001,5.04,1.312,1.396,0.8,0.328,0.642,3.29600024,2.046,0,3.37600017,3.37200022,3.124,54,47,42.5,46.5,986,742,0,849,732,0,0,0,0,0,10.94,1.56,1.56,1.56,0,9.38,0,6.25,3.91,10.94,27.65951,3373,171,4850,551,48.5,0.426142931,0.65,2857,74,32.3333321,0.0696389154,0.65,2948,54,32.3333321,0.0443627946,0.65,2692,29,32.3333321,0.0429734,0.65,2926,62,32.3333321,0.0548974052,0.65,4850,355,48.5,0.382057935,0.65,2628,21,32.3333321,0.026212154,0.65,3233,224,32.3333321,0.246677533,0.65,53.7500076,43.0000038,99.99749,9.352131,27.5286331,25.35775,5.15706253,9.72370148,34.6559,38,0.25,0,55,0,85,0.416,1.01,16,16,16,32,48,30,295,160,130,0,0,0,16,37.75,0.25,0,55,0,85,0.416,1.01,16,16,16,32,48,30,295,160,130,0,0,0,16,512,-1,485.785156,485.480469,0.3046875,0.5,7618.451,7618.951,0,0,0,0,0,0,0,0,0,0,0,0,512,600,1200,3000,47,0.615,1.30500007,0,1,13,41,210,405,0,0,0,0,0,0,0,0,1.837,6.53,0.865,1773.582,72.57031,0.960718155,0,0,0,0,0,0,0,0,0,0,0,0,0,52.28125,48,16376,14294,2081,12.7122488,5.741,0,0
05/27/2026 14:32:57,44,58,0,53,58,52,52,52,52,69,12.144001,5.04,1.312,1.396,0.68,0.308000028,0.642,3.292,2.046,0,3.37600017,3.37600017,3.124,55,47,42.5,46.5,988,741,0,841,736,0,0,0,0,0,12.5,6.25,1.56,4.69,3.12,12.5,1.56,6.25,6.05,12.5,29.3886261,3396,279,4850,668,48.5,0.673553765,0.65,2929,153,32.3333321,0.263509333,0.65,2847,92,32.3333321,0.149722248,0.65,2834,88,32.3333321,0.140365,0.65,2851,100,32.3333321,0.182643816,0.65,4850,797,48.5,0.9079957,0.65,2778,67,32.3333321,0.121442452,0.65,3233,269,32.3333321,0.3588002,0.65,55.2500076,44.0000038,99.99749,9.347652,27.5331116,25.3456039,5.14662552,9.73413849,34.585762,38,0.25,0,55,0,85,0.416,1.01,16,16,16,32,48,30,295,160,130,0,0,0,16,37.75,0.25,0,55,0,85,0.416,1.01,16,16,16,32,48,30,295,160,130,0,0,0,16,512,-1,485.785156,485.480469,0.3046875,0.5,7618.451,7618.951,0,0,0,0,0,0,0,0,0,0,0,0,512,600,1200,3000,47,0.630000055,1.30500007,0,1,14,41,210,405,0,0,0,0,0,0,0,0,0.916,4.338,0.865,1773.582,72.57031,0,0,0,0,0,0,0,0,0,0,0,0,0,0,52.25,48,16376,14294,2081,12.7122488,4.615,0,0
05/27/2026 14:32:59,45,58,0,54,59,53,53,53,53,69,12.144001,5.04,1.312,1.396,0.810000062,0.320000023,0.642,3.292,2.046,0,3.37600017,3.37600017,3.124,54,47,42.5,46.5,990,741,0,865,764,0,0,0,0,0,7.81,0,0,1.56,0,7.81,0,6.25,2.93,7.81,27.5039768,3153,171,4850,421,48.5,0.307507664,0.65,2860,71,32.3333321,0.06991008,0.65,2717,36,32.3333321,0.0436459035,0.65,2831,37,32.3333321,0.0478336848,0.65,2832,43,32.3333321,0.0551013164,0.65,3233,468,32.3333321,0.469236225,0.65,2667,22,32.3333321,0.0292983353,0.65,3233,272,32.3333321,0.3180389,0.65,54.3750076,42.5000038,99.99748,9.355789,27.5249748,25.3676682,5.15145874,9.729305,34.61824,38,0.25,0,55,0,85,0.416,1.01,16,16,16,32,48,30,295,160,130,0,0,0,16,37.75,0.25,0,55,0,85,0.416,1.01,16,16,16,32,48,30,295,160,130,0,0,0,16,512,-1,485.785156,485.480469,0.3046875,0.5,7618.451,7618.951,0,0,0,0,0,0,0,0,0,0,0,0,512,600,1200,3000,47,0.745000064,1.30500007,0,0,14,41,210,405,0,0,0,0,0,0,0,0,1.486,3.333,0.865,1773.582,72.57031,0.00631514238,0,0,0,0,0,0,0,0,0,0,0,0,0,52.375,48,16376,14294,2081,12.7122488,3.343,0,1799168
05/27/2026 14:33:01,44,58,0,54,59,53,53,53,53,69,12.144001,5.04,1.312,1.396,0.714000046,0.302000016,0.642,3.29600024,2.046,0,3.37600017,3.37600017,3.124,54,47.5,42.5,46.5,974,770,0,866,752,0,0,0,0,0,10.77,4.69,0,0,3.12,7.69,0,1.56,3.48,10.77,28.8427944,3346,152,3600,397,36,0.308960229,0.9625,3489,155,36,0.148872077,0.95625,3029,39,36,0.05034474,0.95625,2925,27,36,0.0253774114,0.95,3287,67,36,0.0822337344,0.95,3600,492,36,0.459367752,0.95625,2971,26,36,0.013323498,0.95,3863,17,48.5,0.0105573144,0.99375,54.8750076,61.6250038,99.99748,9.37822,27.5025444,25.42849,5.17369843,9.707066,34.7676926,38,0.25,0,55,0,85,0.416,1.01,16,16,16,32,48,30,295,160,130,0,0,0,16,37.75,0.25,0,55,0,85,0.416,1.01,16,16,16,32,48,30,295,160,130,0,0,0,16,512,-1,485.785156,485.480469,0.3046875,0.5,7618.451,7618.951,0,0,0,0,0,0,0,0,0,0,0,0,512,600,1200,3000,49,1.0200001,1.30500007,0,9,15,41,210,405,0,0,0,0,0,0,0,0,1.725,6.355,0.865,1773.582,72.57031,0,0,0,0,0,0,0,0,0,0,0,0,0,0,52.34375,48,16376,14294,2081,12.7122488,5.807,3149824,0
05/27/2026 14:33:03,44,58,0,54,59,51,51,51,51,68,12.144001,5.04,1.312,1.396,0.990000069,0.324,0.642,3.292,2.046,0,3.37600017,3.37600017,3.124,54,47,42.5,46.5,975,770,0,867,755,0,0,0,0,0,15.38,0,0,0,1.56,7.81,0,9.23,4.25,15.38,28.1108437,3297,182,4850,491,48.5,0.410848439,0.6375,2793,60,32.3333321,0.07293515,0.6375,2722,36,32.3333321,0.0358285829,0.6375,3981,24,48.5,0.0290889926,0.6375,2788,42,32.3333321,0.04176823,0.6375,3233,500,32.3333321,0.496440947,0.6375,2779,28,32.3333321,0.03646814,0.6375,3233,272,32.3333321,0.3191,0.6375,55.1250076,44.3750038,99.99748,9.341156,27.539608,25.3279953,5.144905,9.735859,34.5742035,38,0.25,0,55,0,85,0.416,1.01,16,16,16,32,48,30,295,160,130,0,0,0,16,37.75,0.25,0,55,0,85,0.416,1.01,16,16,16,32,48,30,295,160,130,0,0,0,16,512,-1,485.785156,485.480469,0.3046875,0.5,7618.451,7618.951,0,0,0,0,0,0,0,0,0,0,0,0,512,600,1200,3000,47,0.965000033,1.30500007,0,1,14,41,210,405,0,0,0,0,0,0,0,0,1.524,6.305,0.865,1773.582,72.57031,0.9488736,0,0,0,0,0,0,0,0,0,0,0,0,0,52.34375,48,16376,14294,2081,12.7122488,5.398,49152,1748992
05/27/2026 14:33:05,45,58,0,54,59,52,52,52,52,69,12.144001,5.04,1.312,1.396,0.648,0.308000028,0.642,3.292,2.046,0,3.37600017,3.37600017,3.12000012,54,47,42.5,46.5,995,770,0,848,773,0,0,0,0,0,4.76,0,0,0,0,3.17,0,0,0.99,4.76,26.0641842,3189,82,4850,297,48.5,0.161504388,0.65,2640,41,32.3333321,0.0247820672,0.65,2571,23,32.3333321,0.0115721086,0.65,2580,20,32.3333321,0.0102689667,0.65,2705,33,32.3333321,0.02087442,0.65,4799,197,48.5,0.1431367,0.65,2575,17,32.3333321,0.009886272,0.65,2795,26,32.3333321,0.0115543893,0.65,54.3750076,41.5000038,99.99749,9.37125,27.5095139,25.409584,5.174488,9.706276,34.7730026,38.25,0.25,0,55,0,85,0.416,1.01,16,16,16,32,48,30,295,160,130,0,0,0,16,37.75,0.25,0,55,0,85,0.416,1.01,16,16,16,32,48,30,295,160,130,0,0,0,16,512,-1,485.785156,485.480469,0.3046875,0.5,7618.451,7618.951,0,0,0,0,0,0,0,0,0,0,0,0,512,600,1200,3000,48,0.965000033,1.30500007,0,4,14,41,210,405,0,0,0,0,0,0,0,0,0.845,3.403,0.865,1773.582,72.57031,0,0,0,0,0,0,0,0,0,0,0,0,0,0,52.21875,48,16376,14294,2081,12.7122488,3.944,0,2149376
05/27/2026 14:33:07,44,58,0,54,59,51,51,51,51,68,12.144001,5.04,1.312,1.396,0.74,0.324,0.642,3.292,2.046,0,3.37200022,3.37200022,3.124,54,47.5,42.5,46.5,986,742,0,852,771,0,0,0,0,0,6.25,0,0,0,0,12.5,0,4.69,2.93,12.5,27.87572,3131,210,4850,482,48.5,0.420373619,0.63125,2909,90,32.3333321,0.09145603,0.63125,2620,32,32.3333321,0.0371807739,0.63125,2690,39,32.3333321,0.03162732,0.63125,2772,52,32.3333321,0.07910639,0.6625,3233,714,32.3333321,0.7103065,0.6625,2738,28,32.3333321,0.0357498527,0.6625,3233,245,32.3333321,0.2748434,0.6625,54.2500076,43.5000038,99.99749,9.387039,27.4937248,25.4524,5.178993,9.701771,34.8032761,38,0.25,0,55,0,85,0.416,1.01,16,16,16,32,48,30,295,160,130,0,0,0,16,37.75,0.25,0,55,0,85,0.416,1.01,16,16,16,32,48,30,295,160,130,0,0,0,16,512,-1,485.785156,485.480469,0.3046875,0.5,7618.451,7618.951,0,0,0,0,0,0,0,0,0,0,0,0,512,600,1200,3000,48,0.835000038,1.30500007,0,0,14,41,210,405,0,0,0,0,0,0,0,0,1.679,3.67,0.865,1773.582,72.57031,0.9717137,0,0,0,0,0,0,0,0,0,0,0,0,0,52.3125,48,16376,14294,2081,12.7122488,4.423,49152,349184
05/27/2026 14:33:09,44,58,0,54,59,52,52,53,53,69,12.144001,5.04,1.312,1.396,0.818,0.322000027,0.642,3.292,2.046,0,3.37600017,3.37600017,3.124,54,47,42.5,46.5,986,742,0,853,771,0,0,0,0,0,4.84,0,0,0,0,0,0,0,0.6,4.84,29.8777332,3076,82,3600,326,36,0.18784453,0.69375,2955,44,36,0.0275139082,0.69375,2869,28,36,0.0124838762,0.69375,2890,25,36,0.0106475586,0.69375,2908,28,36,0.0166979562,0.69375,3392,156,36,0.140488356,0.69375,2868,19,36,0.009669677,0.69375,3128,28,36,0.0182889737,0.69375,55.5000076,45.3750038,99.99749,9.37352,27.5072441,25.415741,5.17515564,9.705608,34.77749,38,0.25,0,55,0,85,0.416,1.01,16,16,16,32,48,30,295,160,130,0,0,0,16,37.75,0.25,0,55,0,85,0.416,1.01,16,16,16,32,48,30,295,160,130,0,0,0,16,512,-1,485.785156,485.480469,0.3046875,0.5,7618.451,7618.951,0,0,0,0,0,0,0,0,0,0,0,0,512,600,1200,3000,47,0.570000052,1.30500007,0,0,12,41,210,405,0,0,0,0,0,0,0,0,2.027,6.509,0.865,1773.582,72.57031,0,0,0,0,0,0,0,0,0,0,0,0,0,0,52.25,48,16376,14294,2081,12.7122488,5.968,0,0
05/27/2026 14:33:11,44,58,0,54,59,51,51,51,51,69,12.144001,5.04,1.312,1.396,0.8,0.328,0.644000053,3.292,2.046,0,3.37600017,3.37200022,3.124,54,47,42.5,46.5,977,770,0,850,752,0,0,0,0,0,4.69,1.56,0,0,0,9.38,0,4.69,2.54,9.38,28.37998,3150,176,4850,595,48.5,0.5018187,0.6625,3070,91,32.3333321,0.08043061,0.6625,2630,29,32.3333321,0.0298731457,0.6625,2861,38,32.3333321,0.0314965174,0.6625,2780,43,32.3333321,0.044271972,0.6625,3233,355,32.3333321,0.408565074,0.6625,2547,16,32.3333321,0.0221027266,0.6625,3233,242,32.3333321,0.250125349,0.6625,54.0000076,43.0000038,99.99749,9.355743,27.52502,25.3675461,5.157009,9.723755,34.65554,38.25,0.25,0,55,0,85,0.416,1.01,16,16,16,32,48,30,295,160,130,0,0,0,16,37.75,0.25,0,55,0,85,0.416,1.01,16,16,16,32,48,30,295,160,130,0,0,0,16,512,-1,485.785156,485.480469,0.3046875,0.5,7618.451,7618.951,0,0,0,0,0,0,0,0,0,0,0,0,512,600,1200,3000,47,0.675,1.30500007,0,0,12,41,210,405,0,0,0,0,0,0,0,0,1.283,5.547,0.865,1773.582,72.57031,0.960456431,0,0,0,0,0,0,0,0,0,0,0,0,0,52.28125,48,16376,14294,2081,12.7122488,4.843,0,0
05/27/2026 14:33:13,44,58,0,54,59,52,52,52,52,69,12.144001,5.04,1.312,1.396,0.728000045,0.314,0.644000053,3.292,2.046,0,3.37600017,3.37200022,3.12000012,55,47,42.5,46.5,986,770,0,867,753,0,0,0,0,0,21.88,9.38,4.76,3.17,6.35,14.06,3.17,4.76,8.44,21.88,29.4474487,3322,337,4850,774,48.5,0.736295,0.65,3233,281,32.3333321,0.3550396,0.65,3003,156,32.3333321,0.244445965,0.65,2899,108,32.3333321,0.18349576,0.65,3233,275,32.3333321,0.35897997,0.65,3233,820,32.3333321,0.8755457,0.65,2896,108,32.3333321,0.17406705,0.65,3233,171,32.3333321,0.229117036,0.65,55.3750076,41.5000038,99.99749,9.396744,27.48402,25.478714,5.185318,9.695446,34.84578,38.25,0.25,0,55,0,85,0.416,1.01,16,16,16,32,48,30,295,160,130,0,0,0,16,37.75,0.25,0,55,0,85,0.416,1.01,16,16,16,32,48,30,295,160,130,0,0,0,16,512,-1,485.785156,485.480469,0.3046875,0.5,7618.451,7618.951,0,0,0,0,0,0,0,0,0,0,0,0,512,600,1200,3000,47,0.410000026,1.30500007,0,0,11,41,210,405,0,0,0,0,0,0,0,0,1.151,4.141,0.865,1773.582,72.57031,1.0212636,0,0,0,0,0,0,0,0,0,0,0,0,0,52.34375,48,16376,14294,2081,12.7122488,4.077,49152,0
05/27/2026 14:33:15,44,58,0,55,60,51,51,51,51,69,12.144001,5.04,1.312,1.396,0.732000053,0.318000019,0.642,3.292,2.046,0,3.37600017,3.37600017,3.124,54,47,42.5,46.5,1000,770,0,850,771,0,0,0,0,0,7.69,1.54,0,0,0,9.23,0,4.62,2.88,9.23,27.5954037,3386,179,4850,427,48.5,0.368888766,0.63125,2985,102,32.3333321,0.101419628,0.63125,2778,33,32.3333321,0.0352881439,0.63125,2885,41,32.3333321,0.0435278639,0.63125,2721,38,32.3333321,0.0433356725,0.63125,4850,521,48.5,0.495105326,0.63125,2787,33,32.3333321,0.0314635448,0.5875,3233,239,32.3333321,0.255609423,0.5875,54.5000076,44.8750038,99.99749,9.360729,27.5200348,25.3810654,5.16132736,9.719437,34.6845627,38.25,0.25,0,55,0,85,0.416,1.01,16,16,16,32,48,30,295,160,130,0,0,0,16,37.75,0.25,0,55,0,85,0.416,1.01,16,16,16,32,48,30,295,160,130,0,0,0,16,512,-1,485.785156,485.480469,0.3046875,0.5,7618.451,7618.951,0,0,0,0,0,0,0,0,0,0,0,0,512,600,1200,3000,47,0.825000048,1.30500007,0,0,12,41,210,405,0,0,0,0,0,0,0,0,1.907,4.732,0.865,1773.582,72.57031,0.9419012,0,0,0,0,0,0,0,0,0,0,0,0,0,52.34375,48,16376,14294,2081,12.7122488,4.582,0,0
05/27/2026 14:33:17,44,58,0,55,60,53,53,53,53,70,12.144001,5.04,1.312,1.396,0.8,0.308000028,0.642,3.292,2.046,0,3.37200022,3.37200022,3.12000012,55,47,42.5,46.5,990,742,0,853,775,0,0,0,0,0,1.56,0,0,0,0,6.25,0,3.12,1.37,6.25,29.22558,3267,104,3575,301,36,0.19713369,0.9625,2902,41,36,0.02618579,0.95625,2844,27,36,0.0122030871,0.95,2821,22,36,0.0115749864,0.95,2831,25,36,0.0144454995,0.95,4850,377,48.5,0.3884567,1.04375,3792,19,48.5,0.0115346508,1.04375,2522,18,32.3333321,0.040324904,1.04375,55.0000076,58.3750038,99.99749,9.380096,27.5006676,25.4335785,5.18133545,9.699429,34.8190155,38.25,0.25,0,55,0,85,0.416,1.01,16,16,16,32,48,30,295,160,130,0,0,0,16,37.75,0.25,0,55,0,85,0.416,1.01,16,16,16,32,48,30,295,160,130,0,0,0,16,512,-1,485.785156,485.480469,0.3046875,0.5,7618.451,7618.951,0,0,0,0,0,0,0,0,0,0,0,0,512,600,1200,3000,48,0.930000067,1.30500007,0,2,14,41,210,405,0,0,0,0,0,0,0,0,1.618,6.506,0.865,1773.582,72.57031,0,0,0,0,0,0,0,0,0,0,0,0,0,0,52.1875,48,16376,14294,2081,12.7122488,6.217,0,0
05/27/2026 14:33:19,44,58,0,54,59,51,51,51,51,69,12.144001,5.04,1.312,1.396,0.766000032,0.320000023,0.642,3.292,2.046,0,3.37600017,3.37600017,3.124,54,47.5,42.5,46.5,989,741,0,873,761,0,0,0,0,0,9.23,0,0,0,0,6.15,0,4.62,2.5,9.23,28.02925,3563,175,4850,487,48.5,0.4412816,0.65,2807,61,32.3333321,0.0622700527,0.65,4507,64,48.5,0.05477673,0.65,2678,26,32.3333321,0.0276052989,0.65,2774,41,32.3333321,0.04009162,0.65,4850,446,48.5,0.449928761,0.65,2804,29,32.3333321,0.0356887951,0.65,3233,247,32.3333321,0.291285366,0.65,54.2500076,42.5000038,99.99749,9.390091,27.4906731,25.46067,5.19183731,9.688927,34.8895874,38.25,0.25,0,55,0,85,0.416,1.01,16,16,16,32,48,30,295,160,130,0,0,0,16,37.75,0.25,0,55,0,85,0.416,1.01,16,16,16,32,48,30,295,160,130,0,0,0,16,512,-1,485.785156,485.480469,0.3046875,0.5,7618.451,7618.951,0,0,0,0,0,0,0,0,0,0,0,0,512,600,1200,3000,47,0.61,1.30500007,0,0,13,41,210,405,0,0,0,0,0,0,0,0,1.265,4.198,0.865,1773.582,72.57031,0.948354065,0,0,0,0,0,0,0,0,0,0,0,0,0,52.28125,48,16376,14294,2081,12.7122488,4.471,0,0
05/27/2026 14:33:21,44,58,0,54,59,53,53,54,54,71,12.144001,5.05,1.312,1.396,0.74,0.31,0.642,3.29600024,2.046,0,3.37600017,3.37600017,3.124,55,47.5,42.5,46.5,988,769,0,869,757,0,0,0,0,0,6.25,1.59,0,0,1.56,11.11,0,4.69,3.15,11.11,27.5231266,3238,160,4850,321,48.5,0.277757317,0.65625,3030,86,32.3333321,0.09468029,0.6375,3083,56,32.3333321,0.0493953861,0.6375,2785,47,32.3333321,0.0365281738,0.6375,3048,56,32.3333321,0.0541902781,0.6375,3233,449,32.3333321,0.439678431,0.6375,2644,20,32.3333321,0.0238753445,0.6375,3233,241,32.3333321,0.306364417,0.6375,55.5000076,42.0000038,99.9975,9.381771,27.4989929,25.43811,5.18222046,9.698544,34.82496,38.25,0.25,0,55,0,85,0.416,1.01,16,16,16,32,48,30,295,160,130,0,0,0,16,37.5,0.25,0,55,0,85,0.416,1.01,16,16,16,32,48,30,295,160,130,0,0,0,16,512,-1,485.785156,485.480469,0.3046875,0.5,7618.451,7618.951,0,0,0,0,0,0,0,0,0,0,0,0,512,600,1200,3000,47,0.405000031,1.30500007,0,0,11,41,210,405,0,0,0,0,0,0,0,0,2.478,5.158,0.865,1773.582,72.57031,0.9805852,0,0,0,0,0,0,0,0,0,0,0,0,0,52.28125,48,16376,14294,2081,12.7122488,4.024,0,49152
05/27/2026 14:33:23,44,58,0,55,60,51,51,51,51,69,12.144001,5.04,1.312,1.396,0.72,0.31,0.642,3.292,2.046,0,3.37200022,3.37200022,3.12000012,55,47,42.5,46.5,989,770,0,870,775,0,0,0,0,0,12.31,3.12,1.56,3.12,1.56,10.77,4.62,7.69,5.59,12.31,27.8687019,3514,221,3940,482,39.4,0.3975168,0.5125,2952,73,32.8333321,0.06428205,0.5125,2825,45,32.8333321,0.0418924578,0.5125,3283,99,32.8333321,0.109358236,0.5125,2772,35,32.8333321,0.0485616,0.5125,3940,489,39.4,0.5135189,0.5125,3350,83,33.5,0.08332519,0.51875,5050,465,50.5,0.5496125,0.49375,55.0000076,56.3750038,99.99749,9.356159,27.5246048,25.3686676,5.155491,9.725273,34.6453323,38.25,0.25,0,55,0,85,0.416,1.01,16,16,16,32,48,30,295,160,130,0,0,0,16,37.5,0.25,0,55,0,85,0.416,1.01,16,16,16,32,48,30,295,160,130,0,0,0,16,512,-1,485.785156,485.480469,0.3046875,0.5,7618.451,7618.951,0,0,0,0,0,0,0,0,0,0,0,0,512,600,1200,3000,48,0.74,1.30500007,0,2,15,41,210,405,0,0,0,0,0,0,0,0,1.909,6.161,0.865,1773.582,72.57031,0.9489287,0,0,0,0,0,0,0,0,0,0,0,0,0,52.28125,48,16376,14294,2081,12.7122488,5.608,49152,0
05/27/2026 14:33:25,45,58,0,55,60,54,54,55,55,72,12.144001,5.04,1.312,1.396,0.708,0.308000028,0.644000053,3.292,2.046,0,3.37200022,3.37200022,3.124,57,47.5,42.5,46.5,1007,742,0,862,780,0,0,0,0,0,6.25,3.12,0,0,1.56,15.62,0,0,3.32,15.62,30.06182,3390,219,4666,348,48.5,0.334722757,0.65625,3233,217,32.3333321,0.293091625,0.65625,2894,115,32.3333321,0.176581755,0.65625,3009,86,32.3333321,0.179500118,0.65625,2943,137,32.3333321,0.212497234,0.65625,4850,727,48.5,0.832004249,0.65625,2745,59,32.3333321,0.118756443,0.65625,2777,66,32.3333321,0.115376763,0.65625,56.5000076,45.3750038,99.99748,9.382381,27.4983826,25.4397659,5.185238,9.695526,34.8452377,38.25,0.25,0,55,0,85,0.416,1.01,16,16,16,32,48,30,295,160,130,0,0,0,16,37.5,0.25,0,55,0,85,0.416,1.01,16,16,16,32,48,30,295,160,130,0,0,0,16,512,-1,485.785156,485.480469,0.3046875,0.5,7618.451,7618.951,0,0,0,0,0,0,0,0,0,0,0,0,512,600,1200,3000,47,0.700000048,1.30500007,0,0,13,41,210,405,0,0,0,0,0,0,0,0,1.4,5.944,0.865,1773.582,72.57031,0,0,0,0,0,0,0,0,0,0,0,0,0,0,52.09375,48,16376,14294,2081,12.7122488,5.679,49152,0
05/27/2026 14:33:27,45,58,0,55,60,53,53,53,53,70,12.144001,5.04,1.312,1.396,0.824000061,0.314,0.642,3.292,2.046,0,3.37200022,3.37600017,3.124,55,47,42.5,46.5,1026,741,0,858,781,0,0,0,0,0,7.81,1.56,1.56,1.56,1.56,9.38,0,4.69,3.52,9.38,27.2121983,3538,168,4850,417,48.5,0.333857566,0.6375,4273,74,48.5,0.0568482168,0.6375,2569,29,32.3333321,0.0285840072,0.6375,3233,79,32.3333321,0.07895935,0.6375,2731,45,32.3333321,0.0494860634,0.6375,4850,426,48.5,0.349339366,0.6375,2562,24,32.3333321,0.0209235363,0.6375,3233,250,32.3333321,0.261262685,0.6375,55.1250076,42.0000038,99.99749,9.35537,27.5253944,25.3665237,5.15269852,9.72806549,34.62657,38.25,0.25,0,55,0,85,0.416,1.01,16,16,16,32,48,30,295,160,130,0,0,0,16,37.5,0.25,0,55,0,85,0.416,1.01,16,16,16,32,48,30,295,160,130,0,0,0,16,512,-1,485.785156,485.480469,0.3046875,0.5,7618.451,7618.951,0,0,0,0,0,0,0,0,0,0,0,0,512,600,1200,3000,47,0.68,1.30500007,0,0,11,41,210,405,0,0,0,0,0,0,0,0,1.244,3.432,0.865,1773.582,72.57031,0.959161162,0,0,0,0,0,0,0,0,0,0,0,0,0,52.25,48,16376,14294,2081,12.7122488,3.92,0,0
05/27/2026 14:33:29,45,58,0,55,60,54,54,54,54,71,12.144001,5.04,1.312,1.39200008,0.74,0.318000019,0.642,3.292,2.046,0,3.37200022,3.37200022,3.12000012,56,47,42.5,46.5,1004,742,0,877,785,0,0,0,0,0,12.5,3.08,1.54,1.54,1.54,17.19,3.08,6.15,5.83,17.19,28.44185,3623,189,4850,467,48.5,0.39335674,0.64375,3019,100,32.3333321,0.114397854,0.64375,2935,47,32.3333321,0.0499943942,0.64375,2808,37,32.3333321,0.04218733,0.64375,4549,65,48.5,0.06507457,0.64375,4850,524,48.5,0.5534788,0.64375,2741,28,32.3333321,0.0265970267,0.64375,3233,247,32.3333321,0.309322655,0.64375,55.8750076,44.3750038,99.9975,9.379738,27.5010262,25.4326019,5.18327332,9.697491,34.83204,38.25,0.25,0,55,0,85,0.416,1.01,16,16,16,32,48,30,295,160,130,0,0,0,16,37.5,0.25,0,55,0,85,0.416,1.01,16,16,16,32,48,30,295,160,130,0,0,0,16,512,-1,485.785156,485.480469,0.3046875,0.5,7618.451,7618.951,0,0,0,0,0,0,0,0,0,0,0,0,512,600,1200,3000,48,0.950000048,1.30500007,0,1,14,41,210,405,0,0,0,0,0,0,0,0,1.42,5.877,0.865,1773.582,72.57031,0.978113055,0,0,0,0,0,0,0,0,0,0,0,0,0,52.21875,48,16376,14294,2081,12.7122488,4.19,0,0
05/27/2026 14:33:31,45,58,0,55,60,52,52,51,51,69,12.144001,5.04,1.312,1.396,0.784000039,0.314,0.642,3.292,2.046,0,3.37600017,3.37600017,3.124,55,47,42.5,46.5,1025,769,0,869,792,0,0,0,0,0,11.11,0,0,0,0,4.76,1.59,4.76,2.78,11.11,28.6053181,3406,194,4850,592,48.5,0.4822284,0.65,2973,87,32.3333321,0.100505285,0.65,2686,40,32.3333321,0.043058306,0.65,2685,28,32.3333321,0.0352754071,0.65,2748,52,32.3333321,0.0695056245,0.65,4850,436,48.5,0.4925111,0.65,3225,88,32.3333321,0.09261313,0.65,3233,225,32.3333321,0.2785319,0.65,54.7500076,44.3750038,99.99749,9.358505,27.5222588,25.37503,5.164791,9.715973,34.7078323,38,0.25,0,55,0,85,0.416,1.01,16,16,16,32,48,30,295,160,130,0,0,0,16,37.5,0.25,0,55,0,85,0.416,1.01,16,16,16,32,48,30,295,160,130,0,0,0,16,512,-1,485.785156,485.480469,0.3046875,0.5,7618.451,7618.951,0,0,0,0,0,0,0,0,0,0,0,0,512,600,1200,3000,46,0.405000031,1.30500007,0,0,11,41,210,405,0,0,0,0,0,0,0,0,2.072,6.57,0.865,1773.582,72.57031,0.9265706,0,0,0,0,0,0,0,0,0,0,0,0,0,52.21875,48,16376,14294,2081,12.7122488,5.89,99328,0
05/27/2026 14:33:33,45,58,0,55,60,54,54,54,54,71,12.144001,5.04,1.31000006,1.396,0.67,0.316,0.642,3.292,2.046,0,3.37200022,3.37200022,3.12000012,56,47,42.5,46.5,1008,770,0,883,773,0,0,0,0,0,6.15,1.56,0,0,0,6.15,0,4.69,2.32,6.15,26.8135052,3202,101,4850,288,48.5,0.179738581,0.65,2742,49,32.3333321,0.0302094426,0.65,2634,25,32.3333321,0.0128148766,0.65,2571,19,32.3333321,0.01151064,0.65,2754,33,32.3333321,0.07672614,0.65,4850,362,48.5,0.329294652,0.65,2563,17,32.3333321,0.0102743879,0.65,2652,18,32.3333321,0.0447551534,0.65,55.5000076,41.5000038,99.99749,9.373013,27.5077515,25.4143677,5.177658,9.703106,34.7943039,38.25,0.25,0,55,0,85,0.416,1.01,16,16,16,32,48,30,295,160,130,0,0,0,16,37.5,0.25,0,55,0,85,0.416,1.01,16,16,16,32,48,30,295,160,130,0,0,0,16,512,-1,485.785156,485.480469,0.3046875,0.5,7618.451,7618.951,0,0,0,0,0,0,0,0,0,0,0,0,512,600,1200,3000,47,0.405000031,1.30500007,0,0,11,41,210,405,0,0,0,0,0,0,0,0,1.069,4.874,0.865,1773.582,72.57031,0,0,0,0,0,0,0,0,0,0,0,0,0,0,52.15625,48,16376,14294,2081,12.7122488,5.113,0,0
05/27/2026 14:33:35,45,58,0,55,60,52,52,51,51,69,12.144001,5.04,1.312,1.396,0.786,0.308000028,0.644000053,3.292,2.046,0,3.37600017,3.37600017,3.124,55,47,42.5,46.5,1002,742,0,860,770,0,0,0,0,0,15.62,0,0,0,1.59,10.94,0,3.17,3.92,15.62,27.628231,3372,169,4850,488,48.5,0.411952764,0.65,2839,64,32.3333321,0.05730291,0.65,2759,30,32.3333321,0.03234581,0.65,2702,26,32.3333321,0.03006588,0.65,2923,53,32.3333321,0.0447962247,0.65,4850,431,48.5,0.4078556,0.65,2819,23,32.3333321,0.0296698753,0.65,3233,235,32.3333321,0.273787349,0.65,54.6250076,42.5000038,99.99748,9.354042,27.526722,25.36293,5.1520195,9.72874451,34.62201,38.25,0.25,0,55,0,85,0.416,1.01,16,16,16,32,48,30,295,160,130,0,0,0,16,37.5,0.25,0,55,0,85,0.416,1.01,16,16,16,32,48,30,295,160,130,0,0,0,16,512,-1,485.785156,485.480469,0.3046875,0.5,7618.451,7618.951,0,0,0,0,0,0,0,0,0,0,0,0,512,600,1200,3000,48,0.950000048,1.30500007,0,1,14,41,210,405,0,0,0,0,0,0,0,0,1.256,3.38,0.865,1773.582,72.57031,0.9655967,0,0,0,0,0,0,0,0,0,0,0,0,0,52.15625,48,16376,14294,2081,12.7122488,3.811,0,0
05/27/2026 14:33:37,45,58,0,55,60,53,53,53,53,70,12.144001,5.04,1.312,1.396,0.798000038,0.31,0.642,3.292,2.046,0,3.37600017,3.37600017,3.124,55,47,42.5,46.5,994,742,0,877,782,0,0,0,0,0,10.94,1.56,0,0,3.12,6.15,0,3.17,3.12,10.94,27.9295826,3196,120,4845,346,48.5,0.272813976,0.5375,2635,44,32.3333321,0.03724761,0.5375,2545,24,32.3333321,0.0119603,0.5375,2696,30,32.3333321,0.0132418824,0.5375,2844,45,32.3333321,0.0256184842,0.5375,4850,426,48.5,0.419534028,0.5375,2512,17,32.3333321,0.0102702631,0.5375,2638,29,32.3333321,0.0485171936,0.5375,54.7500076,42.5000038,99.99748,9.372761,27.5080032,25.413681,5.17762375,9.70314,34.794075,38.25,0.25,0,55,0,85,0.416,1.01,16,16,16,32,48,30,295,160,130,0,0,0,16,37.5,0.25,0,55,0,85,0.416,1.01,16,16,16,32,48,30,295,160,130,0,0,0,16,512,-1,485.785156,485.480469,0.3046875,0.5,7618.451,7618.951,0,0,0,0,0,0,0,0,0,0,0,0,512,600,1200,3000,49,0.784000039,1.30500007,0,1,14,41,210,405,0,0,0,0,0,0,0,0,1.995,5.768,0.865,1773.582,72.57031,0,0,0,0,0,0,0,0,0,0,0,0,0,0,52.0625,48,16376,14294,2081,12.7122488,5.338,0,0
05/27/2026 14:33:39,44,58,0,55,60,50,50,50,50,68,12.144001,5.04,1.312,1.396,0.758,0.308000028,0.642,3.292,2.046,0,3.37600017,3.37200022,3.124,54,47,42.5,46.5,984,741,0,863,766,0,0,0,0,0,14.29,1.59,3.17,1.59,3.17,15.87,1.59,1.59,5.36,15.87,27.3952942,4498,301,3600,718,36,0.7001671,0.9625,4668,206,48.5,0.256838948,0.99375,4825,186,48.5,0.2354839,0.99375,4242,85,48.5,0.139567018,0.99375,4850,210,48.5,0.3005943,0.99375,4850,776,48.5,0.8720683,0.99375,4712,147,48.5,0.210377842,0.63125,4237,83,48.5,0.1321433,0.63125,53.7500076,41.5000038,99.9975,9.36203,27.518734,25.38459,5.157089,9.723675,34.6560745,38.25,0.25,0,55,0,85,0.416,1.01,16,16,16,32,48,30,295,160,130,0,0,0,16,37.5,0.25,0,55,0,85,0.416,1.01,16,16,16,32,48,30,295,160,130,0,0,0,16,512,-1,485.785156,485.480469,0.3046875,0.5,7618.451,7618.951,0,0,0,0,0,0,0,0,0,0,0,0,512,600,1200,3000,46,0.405000031,1.30500007,0,0,11,41,210,405,0,0,0,0,0,0,0,0,1.895,6.636,0.865,1773.582,72.57031,0.956554949,0,0,0,0,0,0,0,0,0,0,0,0,0,52.21875,48,16376,14294,2081,12.7122488,5.65,0,0
05/27/2026 14:33:41,44,58,0,55,60,53,53,53,53,70,12.144001,5.04,1.312,1.396,0.710000038,0.302000016,0.642,3.292,2.046,0,3.37600017,3.37200022,3.124,55,47,42.5,46.5,989,770,0,854,761,0,0,0,0,0,3.12,0,0,0,0,4.69,0,3.12,1.37,4.69,26.94547,3237,126,4705,291,48.5,0.24117215,0.64375,2734,58,32.3333321,0.0281526856,0.64375,2527,22,32.3333321,0.012718033,0.64375,2525,20,32.3333321,0.01127231,0.64375,2817,42,32.3333321,0.0225901958,0.64375,4850,320,48.5,0.29906565,0.64375,2506,16,32.3333321,0.0108258175,0.64375,3233,236,32.3333321,0.2664374,0.64375,54.6250076,42.5000038,99.99749,9.369583,27.51118,25.4050674,5.17263031,9.708134,34.7605133,38.25,0.25,0,55,0,85,0.416,1.01,16,16,16,32,48,30,295,160,130,0,0,0,16,37.5,0.25,0,55,0,85,0.416,1.01,16,16,16,32,48,30,295,160,130,0,0,0,16,512,-1,485.785156,485.480469,0.3046875,0.5,7618.451,7618.951,0,0,0,0,0,0,0,0,0,0,0,0,512,600,1200,3000,46,0.865000069,1.30500007,0,0,12,41,210,405,0,0,0,0,0,0,0,0,0.9,4.415,0.865,1773.582,72.57031,0,0,0,0,0,0,0,0,0,0,0,0,0,0,52.125,48,16376,14294,2081,12.7122488,4.773,0,0
05/27/2026 14:33:43,44,58,0,54,59,50,50,50,50,68,12.144001,5.04,1.312,1.396,0.788000047,0.318000019,0.642,3.292,2.046,0,3.37600017,3.37200022,3.124,54,47,42.5,46.5,994,769,0,853,758,0,0,0,0,0,6.35,0,1.59,1.59,0,9.52,0,4.76,2.98,9.52,28.0683174,3392,182,4850,454,48.5,0.375527143,0.64375,2871,65,32.3333321,0.0640166849,0.64375,2628,30,32.3333321,0.0327487364,0.64375,3233,105,32.3333321,0.09908792,0.64375,2722,47,32.3333321,0.0460443534,0.64375,4850,471,48.5,0.4530316,0.64375,2745,36,32.3333321,0.03215665,0.64375,3233,246,32.3333321,0.3068396,0.64375,54.0000076,43.0000038,99.99749,9.380146,27.500618,25.4337082,5.18334961,9.697414,34.83255,38.25,0.25,0,55,0,85,0.416,1.01,16,16,16,32,48,30,295,160,130,0,0,0,16,37.5,0.25,0,55,0,85,0.416,1.01,16,16,16,32,48,30,295,160,130,0,0,0,16,512,-1,485.785156,485.480469,0.3046875,0.5,7618.451,7618.951,0,0,0,0,0,0,0,0,0,0,0,0,512,600,1200,3000,47,0.435000032,1.30500007,0,0,11,41,210,405,0,0,0,0,0,0,0,0,1.452,3.392,0.865,1773.582,72.57031,0.9881436,0,0,0,0,0,0,0,0,0,0,0,0,0,52.125,48,16376,14294,2081,12.7122488,3.775,0,0
05/27/2026 14:33:45,44,58,0,54,59,52,52,52,52,69,12.144001,5.05,1.312,1.396,0.734,0.306000024,0.642,3.292,2.046,0,3.37600017,3.37600017,3.124,54,47.5,42.5,46.5,973,769,0,869,758,0,0,0,0,0,3.12,0,0,0,0,6.25,0,4.69,1.76,6.25,26.6897488,2966,102,4733,266,48.5,0.170827389,0.64375,2788,57,32.3333321,0.0383595824,0.64375,2561,27,32.3333321,0.0185320824,0.64375,2527,22,32.3333321,0.0117394,0.64375,2650,33,32.3333321,0.0247863159,0.64375,3233,366,32.3333321,0.377086967,0.64375,2546,18,32.3333321,0.0104682865,0.65625,2691,30,32.3333321,0.014001416,0.65625,54.3750076,42.0000038,99.99748,9.368134,27.51263,25.4011383,5.1738205,9.70694351,34.7685165,38.25,0.25,0,55,0,85,0.416,1.01,16,16,16,32,48,30,295,160,130,0,0,0,16,37.5,0.25,0,55,0,85,0.416,1.01,16,16,16,32,48,30,295,160,130,0,0,0,16,512,-1,485.785156,485.480469,0.3046875,0.5,7618.451,7618.951,0,0,0,0,0,0,0,0,0,0,0,0,512,600,1200,3000,47,0.62,1.30500007,0,2,14,41,210,405,0,0,0,0,0,0,0,0,2.078,6.339,0.865,1773.582,72.57031,0,0,0,0,0,0,0,0,0,0,0,0,0,0,52.0625,48,16376,14294,2081,12.7122488,5.71,49152,0
05/27/2026 14:33:47,44,58,0,54,59,49,49,49,49,67,12.144001,5.04,1.312,1.396,0.772,0.312,0.644000053,3.292,2.046,0,3.37600017,3.37200022,3.124,54,47,42.5,46.5,975,742,0,862,754,0,0,0,0,0,14.29,4.69,1.59,0,4.69,15.87,0,0,5.14,15.87,27.31615,3323,170,3600,479,36,0.399677962,0.9625,2827,62,32.3333321,0.05678626,1.14375,2677,29,32.3333321,0.0316514969,1.14375,2856,35,32.3333321,0.049709633,1.14375,2772,43,32.3333321,0.0378982164,1.14375,5050,657,50.5,0.6752774,0.6375,3362,23,40.4,0.0279046539,0.6375,3440,30,40.4,0.0301643237,0.6375,53.5000076,43.0000038,99.99749,9.352062,27.5287018,25.35756,5.15185165,9.728912,34.62088,38.25,0.25,0,55,0,85,0.416,1.01,16,16,16,32,48,30,295,160,130,0,0,0,16,37.5,0.25,0,55,0,85,0.416,1.01,16,16,16,32,48,30,295,160,130,0,0,0,16,512,-1,485.785156,485.480469,0.3046875,0.5,7618.451,7618.951,0,0,0,0,0,0,0,0,0,0,0,0,512,600,1200,3000,48,0.849000037,1.30500007,0,0,14,41,210,405,0,0,0,0,0,0,0,0,1.679,6.505,0.865,1773.582,72.57031,0.9545838,0,0,0,0,0,0,0,0,0,0,0,0,0,52.125,48,16376,14294,2081,12.7122488,5.81,49152,0
05/27/2026 14:33:49,44,58,0,54,59,52,52,52,52,69,12.144001,5.04,1.312,1.396,0.654000044,0.312,0.644000053,3.292,2.046,0,3.37600017,3.37200022,3.124,54,47.5,42.5,46.5,995,742,0,859,749,0,0,0,0,0,7.81,7.69,3.08,4.62,0,10.77,0,3.12,4.64,10.77,26.6556759,3168,99,4734,258,48.5,0.2037333,0.65,3012,80,32.3333321,0.0520393141,0.65,2525,23,32.3333321,0.0162214283,0.65,2597,25,32.3333321,0.0144407628,0.65,2592,26,32.3333321,0.0256568715,0.65,4850,345,48.5,0.305100948,0.65,2512,20,32.3333321,0.0118540507,0.65,2525,17,32.3333321,0.0463833325,0.65,54.2500076,42.0000038,99.9975,9.36879349,27.51197,25.4029312,5.17370224,9.707062,34.7677155,38.25,0.25,0,55,0,85,0.416,1.01,16,16,16,32,48,30,295,160,130,0,0,0,16,37.5,0.25,0,55,0,85,0.416,1.01,16,16,16,32,48,30,295,160,130,0,0,0,16,512,-1,485.785156,485.480469,0.3046875,0.5,7618.451,7618.951,0,0,0,0,0,0,0,0,0,0,0,0,512,600,1200,3000,47,0.405000031,1.30500007,0,0,11,41,210,405,0,0,0,0,0,0,0,0,1.408,3.418,0.865,1773.582,72.57031,0,0,0,0,0,0,0,0,0,0,0,0,0,0,52.0625,48,16376,14294,2081,12.7122488,4.036,0,0
05/27/2026 14:33:51,44,58,0,54,59,49,49,49,49,67,12.144001,5.04,1.312,1.396,0.732000053,0.308000028,0.644000053,3.292,2.046,0,3.37200022,3.37200022,3.12000012,54,47,42.5,46.5,979,769,0,847,770,0,0,0,0,0,4.69,0,0,0,0,4.69,1.56,4.69,1.95,4.69,27.7213554,3823,195,4850,532,48.5,0.46723637,0.63125,4433,94,48.5,0.09954025,0.63125,2764,39,32.3333321,0.0391514674,0.63125,2701,28,32.3333321,0.0448912866,0.63125,4253,60,48.5,0.06734466,0.6375,4850,483,48.5,0.496440321,0.6375,3367,76,33.6666679,0.07992122,0.5875,3367,251,33.6666679,0.2815743,0.5875,53.7500076,44.3750038,99.9975,9.336655,27.54411,25.3157883,5.14123535,9.739529,34.5495377,38.25,0.25,0,55,0,85,0.416,1.01,16,16,16,32,48,30,295,160,130,0,0,0,16,37.5,0.25,0,55,0,85,0.416,1.01,16,16,16,32,48,30,295,160,130,0,0,0,16,512,-1,485.785156,485.480469,0.3046875,0.5,7618.451,7618.951,0,0,0,0,0,0,0,0,0,0,0,0,512,600,1200,3000,48,0.784000039,1.30500007,0,0,14,41,210,405,0,0,0,0,0,0,0,0,1.719,3.588,0.865,1773.582,72.57031,0.971467137,0,0,0,0,0,0,0,0,0,0,0,0,0,52.15625,48,16376,14294,2081,12.7122488,3.739,0,0
05/27/2026 14:33:53,44,58,0,54,59,52,52,52,52,69,12.144001,5.04,1.312,1.39200008,0.764000058,0.326,0.642,3.292,2.046,0,3.37200022,3.37200022,3.12000012,54,47,42.5,46.5,986,770,0,850,752,0,0,0,0,0,11.11,3.17,0,0,0,6.35,0,7.94,3.57,11.11,29.5023117,3649,241,5050,605,50.5,0.577302754,0.5625,4824,134,50.5,0.154725,0.53125,2874,56,33.5,0.06107005,0.50625,2763,37,33.5,0.05440675,0.50625,2930,72,33.5,0.08726476,0.50625,3350,655,33.5,0.7051176,0.50625,3362,50,40.4,0.06232194,0.51875,4040,319,40.4,0.425518155,0.51875,54.8750076,56.8750038,99.99749,9.382313,27.4984512,25.4395828,5.180298,9.700466,34.8120422,38,0.25,0,55,0,85,0.416,1.01,16,16,16,32,48,30,295,160,130,0,0,0,16,37.5,0.25,0,55,0,85,0.416,1.01,16,16,16,32,48,30,295,160,130,0,0,0,16,512,-1,485.785156,485.480469,0.3046875,0.5,7618.451,7618.951,0,0,0,0,0,0,0,0,0,0,0,0,512,600,1200,3000,49,1.03500009,1.30500007,0,16,15,41,210,405,0,0,0,0,0,0,0,0,2.023,6.486,0.865,1773.582,72.57031,0.9697611,0,0,0,0,0,0,0,0,0,0,0,0,0,52.21875,48,16376,14294,2081,12.7122488,5.961,0,0
05/27/2026 14:33:55,45,58,0,55,60,53,53,54,54,71,12.144001,5.04,1.312,1.396,0.884000063,0.318000019,0.644000053,3.292,2.046,0,3.37600017,3.37200022,3.124,55,47,42.5,46.5,989,769,0,863,752,0,0,0,0,0,6.25,0,0,0,0,4.69,1.56,0,1.56,6.25,27.2144642,3363,130,4850,426,48.5,0.341303,0.6625,3078,103,32.3333321,0.08330994,0.6625,2681,34,32.3333321,0.0314618237,0.6625,2645,30,32.3333321,0.0279996581,0.6625,2772,47,32.3333321,0.0424864367,0.6625,4850,282,48.5,0.252530247,0.6625,3233,90,32.3333321,0.09469622,0.6625,2794,31,32.3333321,0.0294079743,0.6625,55.1250076,44.0000038,99.99749,9.373714,27.50705,25.4162674,5.174198,9.706566,34.77105,38.25,0.25,0,55,0,85,0.416,1.01,16,16,16,32,48,30,295,160,130,0,0,0,16,37.5,0.25,0,55,0,85,0.416,1.01,16,16,16,32,48,30,295,160,130,0,0,0,16,512,-1,485.785156,485.480469,0.3046875,0.5,7618.451,7618.951,0,0,0,0,0,0,0,0,0,0,0,0,512,600,1200,3000,49,0.955000043,1.30500007,0,0,14,41,210,405,0,0,0,0,0,0,0,0,1.35,5.745,0.865,1773.582,72.57031,0.959660649,0,0,0,0,0,0,0,0,0,0,0,0,0,52.1875,48,16376,14294,2081,12.7122488,5.478,0,0
05/27/2026 14:33:57,45,58,0,55,60,52,52,53,53,69,12.144001,5.04,1.312,1.396,0.754,0.308000028,0.644000053,3.292,2.046,0,3.37600017,3.37600017,3.124,54,47.5,42.5,46.5,999,741,0,873,759,0,0,0,0,0,4.69,0,0,0,0,1.56,0,0,0.78,4.69,26.0768261,3284,77,4850,322,48.5,0.180196881,0.65,3946,40,48.5,0.018289458,0.65,2571,24,32.3333321,0.011827182,0.64375,2661,29,32.3333321,0.0107343327,0.64375,2596,27,32.3333321,0.0116174417,0.64375,4508,138,48.5,0.1323296,0.64375,2570,19,32.3333321,0.009756101,0.64375,2566,19,32.3333321,0.0100019239,0.64375,54.1250076,42.5000038,99.99748,9.367813,27.51295,25.4002686,5.168358,9.712406,34.7318039,38.25,0.25,0,55,0,85,0.416,1.01,16,16,16,32,48,30,295,160,130,0,0,0,16,37.5,0.25,0,55,0,85,0.416,1.01,16,16,16,32,48,30,295,160,130,0,0,0,16,512,-1,485.785156,485.480469,0.3046875,0.5,7618.451,7618.951,0,0,0,0,0,0,0,0,0,0,0,0,512,600,1200,3000,48,0.965000033,1.30500007,0,2,15,41,210,405,0,0,0,0,0,0,0,0,0.921,3.409,0.865,1773.582,72.57031,0,0,0,0,0,0,0,0,0,0,0,0,0,0,52.09375,48,16376,14294,2081,12.7122488,4.045,0,0
05/27/2026 14:33:59,43,58,0,54,59,49,49,49,49,67,12.144001,5.04,1.312,1.396,0.806000054,0.314,0.644000053,3.292,2.046,0,3.37600017,3.37600017,3.124,54,47,42.5,46.5,966,741,0,858,780,0,0,0,0,0,14.06,3.12,1.56,0,0,6.25,1.56,4.69,3.91,14.06,28.1561317,3154,197,4850,681,48.5,0.606927454,0.64375,2921,84,32.3333321,0.0916422457,0.65625,2673,37,32.3333321,0.0409081355,0.65625,2735,28,32.3333321,0.03115929,0.65625,2906,59,32.3333321,0.0558399148,0.65625,3233,407,32.3333321,0.4721082,0.65625,2684,27,32.3333321,0.03350971,0.65625,3233,251,32.3333321,0.281118274,0.65625,53.8750076,44.8750038,99.99748,9.351112,27.5296516,25.3549881,5.157913,9.722851,34.6616135,38.25,0.25,0,55,0,85,0.416,1.01,16,16,16,32,48,30,295,160,130,0,0,0,16,37.5,0.25,0,55,0,85,0.416,1.01,16,16,16,32,48,30,295,160,130,0,0,0,16,512,-1,485.785156,485.480469,0.3046875,0.5,7618.451,7618.951,0,0,0,0,0,0,0,0,0,0,0,0,512,600,1200,3000,48,0.979000032,1.30500007,0,2,15,41,210,405,0,0,0,0,0,0,0,0,1.945,4.514,0.865,1773.582,72.57031,0.9758697,0,0,0,0,0,0,0,0,0,0,0,0,0,52.15625,48,16376,14294,2081,12.7122488,5.054,0,0
05/27/2026 14:34:01,44,58,0,54,59,52,52,52,52,69,12.144001,5.05,1.312,1.396,0.672000051,0.306000024,0.644000053,3.29600024,2.046,0,3.37600017,3.37600017,3.124,54,47.5,42.5,46.5,986,770,0,849,754,0,0,0,0,0,7.81,1.56,0,0,0,1.56,0,4.69,1.95,7.81,28.7844315,3132,119,3600,422,36,0.32545352,0.9625,3069,54,36,0.0286378674,0.95625,2842,28,36,0.0144165456,0.95,2652,32,32.3333321,0.012070735,1.11875,2537,28,32.3333321,0.0170463435,1.11875,4635,184,48.5,0.154273912,1.11875,2490,18,32.3333321,0.009770832,1.11875,3233,185,32.3333321,0.1958577,1.11875,54.3750076,52.6250038,99.99749,9.364498,27.5162659,25.3912811,5.17074966,9.710014,34.74788,38.25,0.25,0,55,0,85,0.416,1.01,16,16,16,32,48,30,295,160,130,0,0,0,16,37.5,0.25,0,55,0,85,0.416,1.01,16,16,16,32,48,30,295,160,130,0,0,0,16,512,-1,485.785156,485.480469,0.3046875,0.5,7618.451,7618.951,0,0,0,0,0,0,0,0,0,0,0,0,512,600,1200,3000,49,1.0250001,1.30500007,0,8,14,41,210,405,0,0,0,0,0,0,0,0,2.069,6.544,0.865,1773.582,72.57031,0,0,0,0,0,0,0,0,0,0,0,0,0,0,52.09375,48,16376,14294,2081,12.7122488,6.028,49152,0
05/27/2026 14:34:03,44,58,0,54,59,49,49,49,49,67,12.144001,5.04,1.312,1.396,0.756000042,0.314,0.644000053,3.292,2.046,0,3.37600017,3.37200022,3.124,54,47,42.5,46.5,973,770,0,864,769,0,0,0,0,0,9.38,0,0,0,0,4.69,0,4.69,2.34,9.38,27.3769321,3344,175,4850,669,48.5,0.5357853,0.65,2831,69,32.3333321,0.0605640523,0.65,2722,33,32.3333321,0.0312445723,0.65,2774,33,32.3333321,0.0298588146,0.65,2777,44,32.3333321,0.04032971,0.65,4840,254,48.5,0.256332636,0.65,2729,28,32.3333321,0.02725961,0.65,3233,270,32.3333321,0.328056753,0.65,53.8750076,44.3750038,99.99749,9.346672,27.5340919,25.3429489,5.154091,9.726673,34.6359329,38.25,0.25,0,55,0,85,0.416,1.01,16,16,16,32,48,30,295,160,130,0,0,0,16,37.5,0.25,0,55,0,85,0.416,1.01,16,16,16,32,48,30,295,160,130,0,0,0,16,512,-1,485.785156,485.480469,0.3046875,0.5,7618.451,7618.951,0,0,0,0,0,0,0,0,0,0,0,0,512,600,1200,3000,47,0.56,1.30500007,0,0,13,41,210,405,0,0,0,0,0,0,0,0,1.187,4.589,0.865,1773.582,72.57031,0.9622312,0,0,0,0,0,0,0,0,0,0,0,0,0,52.09375,48,16376,14294,2081,12.7122488,4.703,0,0
05/27/2026 14:34:05,44,58,0,54,59,52,52,52,52,69,12.144001,5.04,1.312,1.396,0.746000051,0.308000028,0.642,3.292,2.046,0,3.37200022,3.37200022,3.124,54,47,42.5,46.5,991,770,0,851,770,0,0,0,0,0,10.94,0,0,0,0,6.25,1.56,4.69,2.93,10.94,27.8651123,3383,114,4711,282,48.5,0.179182261,0.675,2721,51,32.3333321,0.0309137274,0.675,2596,30,32.3333321,0.0164759979,0.675,2556,21,32.3333321,0.01085532,0.675,2610,27,32.3333321,0.0229381435,0.675,3233,368,32.3333321,0.34934777,0.675,3789,16,48.5,0.0100421868,0.6625,4850,115,48.5,0.113848448,0.6625,54.2500076,44.0000038,99.99748,9.366276,27.5144882,25.3961029,5.173538,9.707226,34.7666168,38,0.25,0,55,0,85,0.416,1.01,16,16,16,32,48,30,295,160,130,0,0,0,16,37.5,0.25,0,55,0,85,0.416,1.01,16,16,16,32,48,30,295,160,130,0,0,0,16,512,-1,485.785156,485.480469,0.3046875,0.5,7618.451,7618.951,0,0,0,0,0,0,0,0,0,0,0,0,512,600,1200,3000,48,0.844000041,1.30500007,0,0,14,41,210,405,0,0,0,0,0,0,0,0,0.965,3.348,0.865,1773.582,72.57031,0,0,0,0,0,0,0,0,0,0,0,0,0,0,51.96875,48,16376,14294,2081,12.7122488,3.89,0,0
05/27/2026 14:34:07,44,58,0,54,59,49,49,49,49,67,12.144001,5.04,1.312,1.396,0.796000063,0.31,0.644000053,3.292,2.046,0,3.37600017,3.37600017,3.12000012,54,47,42.5,46.5,986,742,0,848,771,0,0,0,0,0,14.06,9.38,3.12,1.56,1.56,15.62,1.56,3.12,6.25,15.62,28.1051044,3102,202,4850,633,48.5,0.5142241,0.6625,3127,138,32.3333321,0.1431066,0.6625,2688,33,32.3333321,0.0405176729,0.6625,2703,29,32.3333321,0.03326263,0.6625,2703,44,32.3333321,0.05200884,0.6625,3233,680,32.3333321,0.7065038,0.6625,2813,30,32.3333321,0.0299462881,0.6625,2699,26,32.3333321,0.02984019,0.6625,53.7500076,44.0000038,99.99749,9.377304,27.50346,25.4260025,5.17910767,9.701656,34.8040466,38,0.25,0,55,0,85,0.416,1.01,16,16,16,32,48,30,295,160,130,0,0,0,16,37.5,0.25,0,55,0,85,0.416,1.01,16,16,16,32,48,30,295,160,130,0,0,0,16,512,-1,485.785156,485.480469,0.3046875,0.5,7618.451,7618.951,0,0,0,0,0,0,0,0,0,0,0,0,512,600,1200,3000,48,1.064,1.30500007,0,7,14,41,210,405,0,0,0,0,0,0,0,0,2.092,6.085,0.865,1773.582,72.57031,0.9604311,0,0,0,0,0,0,0,0,0,0,0,0,0,52.09375,48,16376,14294,2081,12.7122488,5.945,0,0
05/27/2026 14:34:09,44,58,0,53,58,50,50,51,51,69,12.144001,5.04,1.312,1.396,0.786,0.318000019,0.644000053,3.292,2.046,0,3.37200022,3.37200022,3.12000012,54,47,42.5,46.5,970,742,0,846,767,0,0,0,0,0,15.62,0,0,1.56,3.12,10.94,1.56,6.25,4.88,15.62,28.26758,3018,105,3600,390,36,0.273516059,0.9625,3291,72,36,0.05805787,0.95625,2917,28,36,0.0130475592,0.95,2811,20,36,0.0121425269,0.95,2942,38,36,0.0199710615,0.95,3600,259,36,0.266644984,0.95625,2460,14,32.3333321,0.0114901941,1.01875,2520,21,32.3333321,0.0123802191,1.01875,54.1250076,55.2500038,99.99749,9.371353,27.50941,25.4098663,5.17630768,9.704456,34.7852325,38,0.25,0,55,0,85,0.416,1.01,16,16,16,32,48,30,295,160,130,0,0,0,16,37.5,0.25,0,55,0,85,0.416,1.01,16,16,16,32,48,30,295,160,130,0,0,0,16,512,-1,485.785156,485.480469,0.3046875,0.5,7618.451,7618.951,0,0,0,0,0,0,0,0,0,0,0,0,512,600,1200,3000,48,0.745000064,1.30500007,0,0,14,41,210,405,0,0,0,0,0,0,0,0,1.972,6.217,0.865,1773.582,72.57031,0,0,0,0,0,0,0,0,0,0,0,0,0,0,52,48,16376,14294,2081,12.7122488,6.017,99328,0
05/27/2026 14:34:11,44,58,0,54,59,50,50,49,49,67,12.144001,5.04,1.312,1.396,0.818,0.320000023,0.644000053,3.292,2.046,0,3.37600017,3.37600017,3.124,55,47,42.5,46.5,971,769,0,864,750,0,0,0,0,0,20,4.69,3.12,3.12,4.69,12.31,1.56,9.38,7.36,20,29.4195518,3407,303,4850,885,48.5,0.8985377,0.65,2938,158,32.3333321,0.243206576,0.65,2773,90,32.3333321,0.1471874,0.65,2920,110,32.3333321,0.163490176,0.65,2875,117,32.3333321,0.190956652,0.65,4850,655,48.5,0.737121,0.65,2817,94,32.3333321,0.146970645,0.65,3233,316,32.3333321,0.386048973,0.65,54.8750076,41.5000038,99.9975,9.358433,27.5223312,25.3748322,5.15258026,9.728184,34.62578,38.25,0.25,0,55,0,85,0.416,1.01,16,16,16,32,48,30,295,160,130,0,0,0,16,37.5,0.25,0,55,0,85,0.416,1.01,16,16,16,32,48,30,295,160,130,0,0,0,16,512,-1,485.785156,485.480469,0.3046875,0.5,7618.451,7618.951,0,0,0,0,0,0,0,0,0,0,0,0,512,600,1200,3000,48,1.079,1.30500007,0,8,14,41,210,405,0,0,0,0,0,0,0,0,1.238,3.797,0.865,1773.582,72.57031,0.9598464,0,0,0,0,0,0,0,0,0,0,0,0,0,52.03125,48,16376,14294,2081,12.7122488,4.43,0,0
05/27/2026 14:34:13,44,58,0,54,59,53,53,53,53,70,12.144001,5.04,1.312,1.396,0.784000039,0.308000028,0.644000053,3.292,2.046,0,3.37600017,3.37600017,3.124,56,47,42.5,46.5,1000,769,0,866,770,0,0,0,0,0,15.38,3.17,0,0,0,6.25,0,6.25,3.88,15.38,28.480999,3458,187,4850,606,48.5,0.5579034,0.65,3182,119,32.3333321,0.126328811,0.65,2886,38,32.3333321,0.0356292278,0.65,2826,36,32.3333321,0.0329752453,0.65,2985,64,32.3333321,0.0660429,0.65,4850,306,48.5,0.3763377,0.65,2850,36,32.3333321,0.0314987041,0.65,3233,289,32.3333321,0.345996827,0.65,55.5000076,42.0000038,99.99749,9.376247,27.5045166,25.4231415,5.179016,9.701748,34.80343,38.25,0.25,0,55,0,85,0.416,1.01,16,16,16,32,48,30,295,160,130,0,0,0,16,37.5,0.25,0,55,0,85,0.416,1.01,16,16,16,32,48,30,295,160,130,0,0,0,16,512,-1,485.785156,485.480469,0.3046875,0.5,7618.451,7618.951,0,0,0,0,0,0,0,0,0,0,0,0,512,600,1200,3000,48,0.75000006,1.30500007,0,0,14,41,210,405,0,0,0,0,0,0,0,0,1.586,5.006,0.865,1773.582,72.57031,0.9885209,0,0,0,0,0,0,0,0,0,0,0,0,0,52.125,48,16376,14294,2081,12.7122488,4.443,0,0
05/27/2026 14:34:16,44,58,0,54,59,51,51,51,51,69,12.144001,5.04,1.312,1.396,0.758,0.308000028,0.644000053,3.292,2.046,0,3.37600017,3.37600017,3.124,55,47,42.5,46.5,996,770,0,849,771,0,0,0,0,0,17.19,1.54,1.54,0,0,7.69,1.54,6.15,4.46,17.19,26.9245987,3196,182,3600,652,36,0.543529868,0.9625,2969,85,32.3333321,0.08847636,1.14375,2678,37,32.3333321,0.0341970325,1.14375,2591,33,32.3333321,0.03163534,1.14375,2831,43,32.3333321,0.043622613,1.14375,4850,293,48.5,0.2988773,1.14375,2815,33,32.3333321,0.0320037827,1.14375,3233,282,32.3333321,0.299298555,1.14375,54.5000076,42.0000038,99.99749,9.354168,27.5265961,25.363266,5.15675354,9.72401,34.6538239,38.25,0.25,0,55,0,85,0.416,1.01,16,16,16,32,48,30,295,160,130,0,0,0,16,37.5,0.25,0,55,0,85,0.416,1.01,16,16,16,32,48,30,295,160,130,0,0,0,16,512,-1,485.785156,485.480469,0.3046875,0.5,7618.451,7618.951,0,0,0,0,0,0,0,0,0,0,0,0,512,600,1200,3000,48,1.04500008,1.30500007,0,3,14,41,210,405,0,0,0,0,0,0,0,0,1.899,6.392,0.865,1773.582,72.57031,0.8892823,0,0,0,0,0,0,0,0,0,0,0,0,0,52.15625,48,16376,14294,2081,12.7122488,5.548,49152,149504
05/27/2026 14:34:17,45,58,0,54,59,52,52,53,53,70,12.144001,5.04,1.312,1.39200008,0.682000041,0.30400002,0.644000053,3.292,2.046,0,3.37200022,3.37200022,3.12000012,55,47,42.5,46.5,989,742,0,849,753,0,0,0,0,0,15.87,9.38,4.76,6.35,6.35,12.7,3.17,6.45,8.13,15.87,26.6179352,3046,109,4658,272,48.5,0.175661415,0.675,2829,57,32.3333321,0.02894456,0.675,2585,23,32.3333321,0.0115771946,0.675,2546,22,32.3333321,0.0109063676,0.675,2622,30,32.3333321,0.0136674736,0.675,3233,337,32.3333321,0.31432122,0.675,2665,23,32.3333321,0.0111978175,0.675,3233,107,32.3333321,0.134275824,0.675,54.7500076,42.0000038,99.99749,9.375095,27.5056686,25.4200134,5.178261,9.702503,34.7983551,38.25,0.25,0,55,0,85,0.416,1.01,16,16,16,32,48,30,295,160,130,0,0,0,16,37.5,0.25,0,55,0,85,0.416,1.01,16,16,16,32,48,30,295,160,130,0,0,0,16,512,-1,485.785156,485.480469,0.3046875,0.5,7618.451,7618.951,0,0,0,0,0,0,0,0,0,0,0,0,512,600,1200,3000,47,0.405000031,1.30500007,0,0,11,41,210,405,0,0,0,0,0,0,0,0,1.225,5.618,0.865,1773.582,72.57031,0,0,0,0,0,0,0,0,0,0,0,0,0,0,51.96875,48,16376,14294,2081,12.7122488,5.806,0,0
05/27/2026 14:34:19,44,58,0,54,59,50,50,50,50,68,12.144001,5.04,1.312,1.396,0.784000039,0.306000024,0.644000053,3.292,2.046,0,3.37600017,3.37200022,3.12000012,54,47,42.5,46.5,994,742,0,859,779,0,0,0,0,0,12.5,4.62,3.08,3.08,4.62,10.94,3.08,7.69,6.2,12.5,27.9791031,3641,192,4850,612,48.5,0.5073589,0.63125,3035,94,32.3333321,0.07889039,0.63125,2922,41,32.3333321,0.04192383,0.63125,4129,31,48.5,0.034370143,0.63125,2991,67,32.3333321,0.0520512834,0.63125,4850,348,48.5,0.33348766,0.63125,2985,32,33.6666679,0.03010602,0.575,3367,308,33.6666679,0.3742679,0.58125,54.3750076,43.0000038,99.9975,9.369968,27.5107956,25.4061127,5.171528,9.709236,34.7531128,38.25,0.25,0,55,0,85,0.416,1.01,16,16,16,32,48,30,295,160,130,0,0,0,16,37.5,0.25,0,55,0,85,0.416,1.01,16,16,16,32,48,30,295,160,130,0,0,0,16,512,-1,485.785156,485.480469,0.3046875,0.5,7618.451,7618.951,0,0,0,0,0,0,0,0,0,0,0,0,512,600,1200,3000,48,0.974000037,1.30500007,0,6,15,41,210,405,0,0,0,0,0,0,0,0,1.182,3.391,0.865,1773.582,72.57031,0.962554,0,0,0,0,0,0,0,0,0,0,0,0,0,52.0625,48,16376,14294,2081,12.7122488,3.862,0,0
05/27/2026 14:34:21,44,58,0,54,59,51,51,51,51,69,12.12,5.04,1.31000006,1.39200008,0.72,0.30400002,0.644000053,3.288,2.046,0,3.37200022,3.37200022,3.12000012,55,47,42.5,46.5,977,770,0,852,756,0,0,0,0,0,9.38,0,0,0,0,4.69,0,4.69,2.34,9.38,28.0202084,3197,122,4850,448,48.5,0.328163177,0.65,2642,45,32.3333321,0.02900061,0.65,2493,21,32.3333321,0.0129458718,0.65,2523,21,32.3333321,0.0128221363,0.65,2609,35,32.3333321,0.0204413775,0.65,4732,198,48.5,0.183619872,0.65,2495,20,32.3333321,0.0103362072,0.65,3233,192,32.3333321,0.225387111,0.65,54.6250076,41.5000038,99.99748,9.373463,27.5073013,25.41558,5.17371368,9.70705,34.7678,38.25,0.25,0,55,0,85,0.416,1.01,16,16,16,32,48,30,295,160,130,0,0,0,16,37.5,0.25,0,55,0,85,0.416,1.01,16,16,16,32,48,30,295,160,130,0,0,0,16,512,-1,485.785156,485.480469,0.3046875,0.5,7618.451,7618.951,0,0,0,0,0,0,0,0,0,0,0,0,512,600,1200,3000,47,0.405000031,1.30500007,0,0,11,41,210,405,0,0,0,0,0,0,0,0,2.025,5.324,0.865,1773.582,72.57031,0,0,0,0,0,0,0,0,0,0,0,0,0,0,52,48,16376,14294,2081,12.7122488,4.964,0,0
05/27/2026 14:34:23,44,58,0,54,59,50,50,50,50,68,12.144001,5.04,1.312,1.396,0.782000065,0.320000023,0.644000053,3.292,2.046,0,3.37600017,3.37600017,3.12000012,54,47,42.5,46.5,994,770,0,847,753,0,0,0,0,0,12.5,3.12,1.59,1.59,1.59,9.38,0,6.35,4.51,12.5,27.7807388,3746,177,3600,553,36,0.424828053,0.9625,3539,134,36,0.131967738,0.95625,3027,38,36,0.0390009731,0.95625,2987,34,36,0.0283527263,0.95,3157,58,36,0.05476696,0.95625,4850,295,48.5,0.270203769,0.99375,3958,23,48.5,0.0274691228,0.99375,4850,284,48.5,0.348157972,0.99375,53.7500076,42.0000038,99.99749,9.350681,27.5300827,25.3538132,5.146778,9.733986,34.586792,38.25,0.25,0,55,0,85,0.416,1.01,16,16,16,32,48,30,295,160,130,0,0,0,16,37.5,0.25,0,55,0,85,0.416,1.01,16,16,16,32,48,30,295,160,130,0,0,0,16,512,-1,485.785156,485.480469,0.3046875,0.5,7618.451,7618.951,0,0,0,0,0,0,0,0,0,0,0,0,512,600,1200,3000,47,0.410000026,1.30500007,0,0,11,41,210,405,0,0,0,0,0,0,0,0,1.9,6.598,0.865,1773.582,72.57031,0.9485843,0,0,0,0,0,0,0,0,0,0,0,0,0,52.0625,48,16376,14294,2081,12.7122488,5.906,49152,0
05/27/2026 14:34:25,44,58,0,54,59,53,53,53,53,70,12.144001,5.04,1.312,1.396,0.738000035,0.306000024,0.644000053,3.292,2.046,0,3.37200022,3.37200022,3.124,56,47,42.5,46.5,974,770,0,865,771,0,0,0,0,0,7.81,1.54,0,0,4.69,14.06,0,4.69,4.1,14.06,28.1203022,3193,241,4850,540,48.5,0.5142163,0.66875,2941,145,32.3333321,0.212543741,0.66875,2848,89,32.3333321,0.136718288,0.66875,2782,76,32.3333321,0.122640088,0.66875,2868,115,32.3333321,0.169897154,0.66875,3233,699,32.3333321,0.79085964,0.66875,2788,73,32.3333321,0.116963156,0.66875,3233,190,32.3333321,0.2732563,0.66875,55.8750076,41.0000038,99.99749,9.379101,27.5016632,25.4308777,5.18229675,9.698467,34.8254776,38.25,0.25,0,55,0,85,0.416,1.01,16,16,16,32,48,30,295,160,130,0,0,0,16,37.5,0.25,0,55,0,85,0.416,1.01,16,16,16,32,48,30,295,160,130,0,0,0,16,512,-1,485.785156,485.480469,0.3046875,0.5,7618.451,7618.951,0,0,0,0,0,0,0,0,0,0,0,0,512,600,1200,3000,47,0.570000052,1.30500007,0,0,12,41,210,405,0,0,0,0,0,0,0,0,1.186,3.98,0.865,1773.582,72.57031,0,0,0,0,0,0,0,0,0,0,0,0,0,0,51.9375,48,16376,14294,2081,12.7122488,4.886,0,0
05/27/2026 14:34:27,45,58,0,55,60,53,53,53,53,70,12.144001,5.04,1.312,1.396,0.95600003,0.324,0.644000053,3.292,2.046,0,3.37200022,3.37200022,3.12000012,56,47,42.5,46.5,996,742,0,850,772,0,0,0,0,0,20,6.15,0,0,3.08,35.38,0,4.62,8.65,35.38,31.252634,3779,604,4040,1271,40.4,1.38683748,0.5625,3366,422,33.6666679,0.7572846,0.5625,3190,149,33.6666679,0.3483878,0.5625,3229,107,33.6666679,0.182166338,0.5625,3303,239,33.6666679,0.5140474,0.5625,5050,2224,50.5,2.341542,0.5625,3002,65,33.6666679,0.111553341,0.5625,5050,352,50.5,0.4157553,0.50625,56.0000076,45.5000038,99.99749,9.368221,27.5125427,25.4013748,5.162464,9.7183,34.6922,38.25,0.25,0,55,0,85,0.416,1.01,16,16,16,32,48,30,295,160,130,0,0,0,16,37.5,0.25,0,55,0,85,0.416,1.01,16,16,16,32,48,30,295,160,130,0,0,0,16,512,-1,485.785156,485.480469,0.3046875,0.5,7618.451,7618.951,0,0,0,0,0,0,0,0,0,0,0,0,512,600,1200,3000,48,0.955000043,1.30500007,0,1,14,41,210,405,0,0,0,0,0,0,0,0,1.351,3.359,0.865,1773.582,72.57031,0.946688533,0,0,0,0,0,0,0,0,0,0,0,0,0,52,48,16376,14294,2081,12.7122488,3.569,49152,0
05/27/2026 14:34:29,46,58,0,56,61,54,54,54,54,71,12.144001,5.04,1.312,1.396,0.692000031,0.306000024,0.644000053,3.292,2.046,0,3.37200022,3.37200022,3.124,55,47,42.5,46.5,1016,742,0,874,763,0,0,0,0,0,4.69,3.12,1.56,0,0,3.12,3.12,3.12,2.34,4.69,27.8279572,3199,88,4850,291,48.5,0.150507152,0.64375,2661,44,32.3333321,0.031640444,0.64375,2675,31,32.3333321,0.0125025837,0.64375,2799,31,32.3333321,0.0114154322,0.65,2614,30,32.3333321,0.0130868517,0.65,4850,244,48.5,0.201120213,0.65,2580,19,32.3333321,0.009818975,0.65,2561,18,32.3333321,0.009680895,0.65,55.5000076,41.5000038,99.99749,9.372276,27.5084877,25.4123688,5.17765427,9.70311,34.7942734,38.25,0.25,0,55,0,85,0.416,1.01,16,16,16,32,48,30,295,160,130,0,0,0,16,37.5,0.25,0,55,0,85,0.416,1.01,16,16,16,32,48,30,295,160,130,0,0,0,16,512,-1,485.785156,485.480469,0.3046875,0.5,7618.451,7618.951,0,0,0,0,0,0,0,0,0,0,0,0,512,600,1200,3000,47,0.625,1.30500007,0,1,14,41,210,405,0,0,0,0,0,0,0,0,1.71,5.685,0.865,1773.582,72.57031,0,0,0,0,0,0,0,0,0,0,0,0,0,0,51.9375,48,16376,14294,2081,12.7122488,5.323,99328,0
05/27/2026 14:34:31,45,58,0,55,60,52,52,52,52,69,12.144001,5.04,1.312,1.39200008,0.804,0.324,0.644000053,3.292,2.046,0,3.37200022,3.37200022,3.12000012,55,47,42.5,46.5,1020,770,0,869,772,0,0,0,0,0,16.92,0,1.56,0,1.56,6.25,0,6.25,4.07,16.92,27.4301472,4035,175,4850,445,48.5,0.376693249,0.7,2851,70,32.3333321,0.0621648058,0.7,2781,46,32.3333321,0.03768882,0.7,3929,31,48.5,0.0299061518,0.66875,4230,45,48.5,0.04810294,0.66875,4850,463,48.5,0.452935636,0.66875,3941,21,48.5,0.0272538345,0.66875,4850,281,48.5,0.35097,0.66875,54.5000076,43.5000038,99.9975,9.382961,27.4978027,25.4413452,5.18405151,9.69671249,34.837265,38.25,0.25,0,55,0,85,0.416,1.01,16,16,16,32,48,30,295,160,130,0,0,0,16,37.5,0.25,0,55,0,85,0.416,1.01,16,16,16,32,48,30,295,160,130,0,0,0,16,512,-1,485.785156,485.480469,0.3046875,0.5,7618.451,7618.951,0,0,0,0,0,0,0,0,0,0,0,0,512,600,1200,3000,47,0.410000026,1.30500007,0,0,11,41,210,405,0,0,0,0,0,0,0,0,1.757,6.544,0.865,1773.582,72.57031,0.944187045,0,0,0,0,0,0,0,0,0,0,0,0,0,51.96875,48,16376,14294,2081,12.7122488,5.886,49152,0
05/27/2026 14:34:33,45,58,0,55,60,53,53,53,53,70,12.144001,5.04,1.312,1.396,0.756000042,0.316,0.644000053,3.292,2.046,0,3.37600017,3.37600017,3.124,55,47,42.5,46.5,998,769,0,879,791,0,0,0,0,0,7.94,3.12,0,0,0,9.52,0,3.17,2.97,9.52,27.2936153,3059,120,4799,296,48.5,0.237285212,0.675,2885,64,32.3333321,0.0391444042,0.675,2627,29,32.3333321,0.0167324338,0.675,2597,25,32.3333321,0.01687183,0.675,2628,30,32.3333321,0.0156149054,0.675,3233,438,32.3333321,0.4625227,0.675,2467,14,32.3333321,0.0110682119,0.675,3233,64,32.3333321,0.0652843341,0.675,54.8750076,43.5000038,99.99748,9.37264252,27.5081215,25.41336,5.17707825,9.703686,34.7904053,38.25,0.25,0,55,0,85,0.416,1.01,16,16,16,32,48,30,295,160,130,0,0,0,16,37.5,0.25,0,55,0,85,0.416,1.01,16,16,16,32,48,30,295,160,130,0,0,0,16,512,-1,485.785156,485.480469,0.3046875,0.5,7618.451,7618.951,0,0,0,0,0,0,0,0,0,0,0,0,512,600,1200,3000,48,0.745000064,1.30500007,0,0,14,41,210,405,0,0,0,0,0,0,0,0,1.322,3.438,0.865,1773.582,72.57031,0,0,0,0,0,0,0,0,0,0,0,0,0,0,51.9375,48,16376,14294,2081,12.7122488,4.202,49152,0
05/27/2026 14:34:35,44,58,0,54,59,51,51,51,51,69,12.144001,5.04,1.312,1.396,0.69600004,0.316,0.644000053,3.292,2.046,0,3.37200022,3.37200022,3.124,54,47,42.5,46.5,983,770,0,860,786,0,0,0,0,0,12.31,1.54,0,1.54,1.54,7.69,0,6.15,3.85,12.31,27.6758823,3637,188,4850,469,48.5,0.42444706,0.65,4696,93,48.5,0.08534709,0.65,2824,45,32.3333321,0.0515431836,0.65,3233,77,32.3333321,0.07203352,0.64375,2733,39,32.3333321,0.0457711369,0.64375,4850,466,48.5,0.420320868,0.64375,2675,27,32.3333321,0.0247696079,0.64375,3233,292,32.3333321,0.359564424,0.64375,54.5000076,44.0000038,99.99749,9.353607,27.5271568,25.3617554,5.15897751,9.7217865,34.66877,38.25,0.25,0,55,0,85,0.416,1.01,16,16,16,32,48,30,295,160,130,0,0,0,16,37.5,0.25,0,55,0,85,0.416,1.01,16,16,16,32,48,30,295,160,130,0,0,0,16,512,-1,485.785156,485.480469,0.3046875,0.5,7618.451,7618.951,0,0,0,0,0,0,0,0,0,0,0,0,512,600,1200,3000,47,0.930000067,1.30500007,0,5,15,41,210,405,0,0,0,0,0,0,0,0,1.653,3.418,0.865,1773.582,72.57031,0.9667637,0,0,0,0,0,0,0,0,0,0,0,0,0,52.0625,48,16376,14294,2081,12.7122488,4.112,49152,0
05/27/2026 14:34:37,45,58,0,54,59,51,51,51,51,70,12.144001,5.04,1.312,1.396,0.722000062,0.308000028,0.644000053,3.292,2.046,0,3.37200022,3.37200022,3.124,54,47,42.5,46.5,1004,742,0,852,759,0,0,0,0,0,3.12,0,0,0,0,3.12,0,4.69,1.37,4.69,26.93284,3268,126,4732,311,48.5,0.233057961,0.64375,2720,56,32.3333321,0.0361589268,0.64375,2646,29,32.3333321,0.0127771674,0.64375,2580,21,32.3333321,0.01259806,0.64375,2729,36,32.3333321,0.0234943312,0.65,4850,320,48.5,0.340713322,0.65,2654,20,32.3333321,0.0108047454,0.65,3233,216,32.3333321,0.261255354,0.65,54.8750076,44.3750038,99.99749,9.373238,27.5075264,25.414978,5.178837,9.701927,34.8022232,38.25,0.25,0,55,0,85,0.416,1.01,16,16,16,32,48,30,295,160,130,0,0,0,16,37.5,0.25,0,55,0,85,0.416,1.01,16,16,16,32,48,30,295,160,130,0,0,0,16,512,-1,485.785156,485.480469,0.3046875,0.5,7618.451,7618.951,0,0,0,0,0,0,0,0,0,0,0,0,512,600,1200,3000,48,0.734,1.30500007,0,1,14,41,210,405,0,0,0,0,0,0,0,0,2.09,6.591,0.865,1773.582,72.57031,0,0,0,0,0,0,0,0,0,0,0,0,0,0,51.90625,48,16376,14294,2081,12.7122488,6.26,99328,0
05/27/2026 14:34:39,44,58,0,54,59,51,51,51,51,69,12.144001,5.04,1.312,1.396,0.810000062,0.312,0.644000053,3.292,2.046,0,3.37600017,3.37200022,3.124,54,47,42.5,46.5,986,742,0,867,757,0,0,0,0,0,6.15,1.54,0,0,1.54,1.54,0,0,1.35,6.15,28.9660778,3281,131,3600,443,36,0.3258906,0.79375,3179,63,36,0.0613367669,0.79375,3076,38,36,0.03603498,0.79375,2672,30,32.3333321,0.0320211835,0.79375,3233,107,32.3333321,0.09800213,0.91875,4850,301,48.5,0.274096459,0.91875,2684,27,32.3333321,0.0309063736,0.91875,2957,37,32.3333321,0.036989484,0.91875,55.3750076,47.6250038,99.99749,9.340847,27.539917,25.3271484,5.14722443,9.73354,34.58979,38.25,0.25,0,55,0,85,0.416,1.01,16,16,16,32,48,30,295,160,130,0,0,0,16,37.5,0.25,0,55,0,85,0.416,1.01,16,16,16,32,48,30,295,160,130,0,0,0,16,512,-1,485.785156,485.480469,0.3046875,0.5,7618.451,7618.951,0,0,0,0,0,0,0,0,0,0,0,0,512,600,1200,3000,49,0.965000033,1.30500007,0,1,14,41,210,405,0,0,0,0,0,0,0,0,1.473,5.991,0.865,1773.582,72.57031,0.936779737,0,0,0,0,0,0,0,0,0,0,0,0,0,52,48,16376,14294,2081,12.7122488,5.413,49152,49152
05/27/2026 14:34:41,45,58,0,54,59,53,53,53,53,70,12.144001,5.04,1.312,1.396,0.870000064,0.318000019,0.644000053,3.292,2.046,0,3.37600017,3.37200022,3.124,56,47,42.5,46.5,1001,770,0,868,755,0,0,0,0,0,6.35,4.76,4.76,3.17,4.76,17.46,1.59,1.59,5.56,17.46,28.6738586,3413,265,4850,428,48.5,0.440648437,0.65,3233,270,32.3333321,0.344912052,0.65,2929,122,32.3333321,0.18256399,0.65,2938,110,32.3333321,0.17931439,0.65,2924,138,32.3333321,0.21377939,0.65,4850,901,48.5,0.956238866,0.65,2820,85,32.3333321,0.150361881,0.65,2759,65,32.3333321,0.132793933,0.65,56.8750076,43.0000038,99.9975,9.37664,27.5041237,25.424202,5.180256,9.700508,34.81176,38.25,0.25,0,55,0,85,0.416,1.01,16,16,16,32,48,30,295,160,130,0,0,0,16,37.5,0.25,0,55,0,85,0.416,1.01,16,16,16,32,48,30,295,160,130,0,0,0,16,512,-1,485.785156,485.480469,0.3046875,0.5,7618.451,7618.951,0,0,0,0,0,0,0,0,0,0,0,0,512,600,1200,3000,48,0.919,1.30500007,0,4,14,41,210,405,0,0,0,0,0,0,0,0,1.205,4.088,0.865,1773.582,72.57031,0.9866571,0,0,0,0,0,0,0,0,0,0,0,0,0,51.9375,48,16376,14294,2081,12.7122488,4.323,49152,49152
05/27/2026 14:34:43,45,58,0,55,60,54,54,54,54,71,12.144001,5.04,1.312,1.396,0.804,0.308000028,0.644000053,3.292,2.046,0,3.37200022,3.37200022,3.12000012,55,47.5,42.5,46.5,1013,770,0,859,758,0,0,0,0,0,9.52,3.12,1.56,1.56,3.12,9.52,1.56,7.81,4.72,9.52,27.4213219,3300,191,4850,453,48.5,0.368790537,0.65,2830,74,32.3333321,0.08478149,0.65,2570,30,32.3333321,0.03508733,0.65,2794,37,32.3333321,0.03454225,0.65,2717,44,32.3333321,0.042097155,0.65,4850,494,48.5,0.5181067,0.65,2554,21,32.3333321,0.02633559,0.65,3233,373,32.3333321,0.4200395,0.65,55.6250076,44.0000038,99.99749,9.38820648,27.4925575,25.4555588,5.18466568,9.696098,34.8413925,38.25,0.25,0,55,0,85,0.416,1.01,16,16,16,32,48,30,295,160,130,0,0,0,16,37.5,0.25,0,55,0,85,0.416,1.01,16,16,16,32,48,30,295,160,130,0,0,0,16,512,-1,485.785156,485.480469,0.3046875,0.5,7618.451,7618.951,0,0,0,0,0,0,0,0,0,0,0,0,512,600,1200,3000,47,0.435000032,1.30500007,0,0,11,41,210,405,0,0,0,0,0,0,0,0,1.794,4.23,0.865,1773.582,72.57031,0.975311935,0,0,0,0,0,0,0,0,0,0,0,0,0,51.90625,48,16376,14294,2081,12.7122488,4.484,0,49152
05/27/2026 14:34:45,46,58,0,56,61,55,55,55,55,72,12.144001,5.04,1.31000006,1.39200008,0.73,0.31,0.644000053,3.292,2.046,0,3.37200022,3.37200022,3.12000012,56,47,42.5,46.5,1015,769,0,872,779,0,0,0,0,0,6.35,1.59,0,0,1.59,11.11,0,1.59,2.78,11.11,30.1672554,3345,144,4850,360,48.5,0.3045308,0.65,3096,89,32.3333321,0.08214839,0.65,2865,46,32.3333321,0.0446409062,0.65,2729,33,32.3333321,0.0336002931,0.65,2976,62,32.3333321,0.0547616631,0.65,4850,508,48.5,0.484516025,0.65,2634,25,32.3333321,0.0259043016,0.65,2758,27,32.3333321,0.0573575757,0.65,57.2500076,62.1250038,99.99748,9.378113,27.5026512,25.4281921,5.181797,9.698967,34.822113,38.25,0.25,0,55,0,85,0.416,1.01,16,16,16,32,48,30,295,160,130,0,0,0,16,37.5,0.25,0,55,0,85,0.416,1.01,16,16,16,32,48,30,295,160,130,0,0,0,16,512,-1,485.785156,485.480469,0.3046875,0.5,7618.451,7618.951,0,0,0,0,0,0,0,0,0,0,0,0,512,600,1200,3000,46,0.625,1.30500007,0,0,13,41,210,405,0,0,0,0,5,1,0,5,2.719,6.511,0.865,1773.582,72.57031,0.994608641,0,0,0,0,0,0,0,0,0,0,0,0,0,51.9375,48,16376,14294,2081,12.7122488,6.105,99328,49152
05/27/2026 14:34:47,46,58,0,56,61,53,53,53,53,70,12.144001,5.04,1.312,1.396,0.772,0.31,0.644000053,3.292,2.046,0,3.37600017,3.37200022,3.124,55,47,42.5,46.5,1022,742,0,883,773,0,0,0,0,0,9.38,0,1.56,0,1.56,7.81,0,6.25,3.32,9.38,28.4146824,3369,194,4850,500,48.5,0.4486975,0.65,2841,78,32.3333321,0.07757164,0.65,2682,37,32.3333321,0.03175946,0.65,2652,28,32.3333321,0.02678451,0.65,3233,115,32.3333321,0.115744606,0.65,4850,460,48.5,0.502996445,0.65,2611,20,32.3333321,0.0259934273,0.65,3233,313,32.3333321,0.388622284,0.65,55.5000076,43.0000038,99.99748,9.388943,27.4918213,25.4575577,5.18691635,9.693848,34.85652,38.25,0.25,0,55,0,85,0.416,1.01,16,16,16,32,48,30,295,160,130,0,0,0,16,37.5,0.25,0,55,0,85,0.416,1.01,16,16,16,32,48,30,295,160,130,0,0,0,16,512,-1,485.785156,485.480469,0.3046875,0.5,7618.451,7618.951,0,0,0,0,0,0,0,0,0,0,0,0,512,600,1200,3000,48,0.965000033,1.30500007,0,2,14,41,210,405,0,0,0,0,0,0,0,0,1.267,4.753,0.865,1773.582,72.57031,0.95885694,0,0,0,0,0,0,0,0,0,0,0,0,0,51.9375,48,16376,14294,2081,12.7122488,4.625,99328,0
05/27/2026 14:34:49,46,58,0,56,61,55,55,55,55,72,12.144001,5.04,1.312,1.396,0.86,0.318000019,0.644000053,3.292,2.046,0,3.37600017,3.37200022,3.12000012,56,47,42.5,46.5,1024,742,0,890,777,0,0,0,0,0,14.06,1.59,0,0,1.56,6.25,0,4.76,3.53,14.06,27.6880436,3429,140,4850,333,48.5,0.295609474,0.64375,3042,92,32.3333321,0.09100947,0.64375,2937,53,32.3333321,0.04590824,0.64375,2736,32,32.3333321,0.03282594,0.64375,2907,55,32.3333321,0.0507855,0.64375,4850,442,48.5,0.432897478,0.64375,2880,40,32.3333321,0.03438186,0.64375,3233,71,32.3333321,0.07486054,0.64375,56.2500076,41.5000038,99.99749,9.37336349,27.5074,25.4153214,5.178795,9.701969,34.80194,38.25,0.25,0,55,0,85,0.416,1.01,16,16,16,32,48,30,295,160,130,0,0,0,16,37.5,0.25,0,55,0,85,0.416,1.01,16,16,16,32,48,30,295,160,130,0,0,0,16,512,-1,485.785156,485.480469,0.3046875,0.5,7618.451,7618.951,0,0,0,0,0,0,0,0,0,0,0,0,512,600,1200,3000,47,0.625,1.30500007,0,1,13,41,210,405,0,0,0,0,0,0,0,0,1.229,3.5,0.865,1773.582,72.57031,1.01593018,0,0,0,0,0,0,0,0,0,0,0,0,0,51.96875,48,16376,14294,2081,12.7122488,4.103,0,49152
05/27/2026 14:34:51,46,58,0,56,61,53,53,53,53,71,12.144001,5.04,1.312,1.396,0.772,0.31,0.644000053,3.292,2.046,0,3.37600017,3.37200022,3.124,55,47,42.5,46.5,1030,770,0,877,781,0,0,0,0,0,4.69,0,0,0,0,6.25,0,4.76,1.96,6.25,27.7043171,3356,187,4850,438,48.5,0.3683966,0.65,2914,75,32.3333321,0.08651481,0.65,2767,30,32.3333321,0.0334906019,0.65,2832,32,32.3333321,0.0459203236,0.65,2744,32,32.3333321,0.0378304124,0.65,4850,562,48.5,0.571315169,0.65,2657,20,32.3333321,0.0285316631,0.65,3233,309,32.3333321,0.374088675,0.65,55.3750076,44.0000038,99.99749,9.355186,27.5255775,25.3660278,5.15286636,9.727898,34.6277,38,0.25,0,55,0,85,0.416,1.01,16,16,16,32,48,30,295,160,130,0,0,0,16,37.5,0.25,0,55,0,85,0.416,1.01,16,16,16,32,48,30,295,160,130,0,0,0,16,512,-1,485.785156,485.480469,0.3046875,0.5,7618.451,7618.951,0,0,0,0,0,0,0,0,0,0,0,0,512,600,1200,3000,48,0.955000043,1.30500007,0,1,14,41,210,405,0,0,0,0,0,0,0,0,1.906,5.465,0.865,1773.582,72.57031,0.9733095,0,0,0,0,0,0,0,0,0,0,0,0,0,51.9375,48,16376,14294,2081,12.7122488,5.173,49152,0
05/27/2026 14:34:53,46,58,0,55,60,53,53,53,53,70,12.144001,5.04,1.312,1.396,0.678000033,0.3,0.644000053,3.292,2.046,0,3.37200022,3.37200022,3.12000012,55,47,42.5,46.5,1025,770,0,876,800,0,0,0,0,0,3.12,0,0,0,0,7.81,0,6.25,2.15,7.81,28.5941982,3815,122,3155,315,32.3333321,0.2680392,0.65625,2734,56,32.3333321,0.021582298,0.65625,3799,29,48.5,0.0222751014,0.65625,3694,23,48.5,0.01394046,0.65625,3802,28,48.5,0.0196899939,0.65625,4850,355,48.5,0.3184552,0.65625,3638,17,48.5,0.0142075568,0.65625,4850,151,48.5,0.16124469,0.65625,55.5000076,44.3750038,99.99749,9.378395,27.5023689,25.4289627,5.18240738,9.698357,34.8262177,38.25,0.25,0,55,0,85,0.416,1.01,16,16,16,32,48,30,295,160,130,0,0,0,16,37.5,0.25,0,55,0,85,0.416,1.01,16,16,16,32,48,30,295,160,130,0,0,0,16,512,-1,485.785156,485.480469,0.3046875,0.5,7618.451,7618.951,0,0,0,0,0,0,0,0,0,0,0,0,512,600,1200,3000,47,0.640000045,1.30500007,0,2,14,41,210,405,0,0,0,0,0,0,0,0,1.455,6.426,0.865,1773.582,72.57031,0,0,0,0,0,0,0,0,0,0,0,0,0,0,51.875,48,16376,14294,2081,12.7122488,5.959,0,0
05/27/2026 14:34:55,45,58,0,55,60,51,51,51,51,69,12.144001,5.04,1.312,1.396,0.898000062,0.318000019,0.644000053,3.292,2.046,0,3.37600017,3.37200022,3.12000012,56,47,42,46.5,1009,743,0,882,773,0,0,0,0,0,13.85,6.15,3.08,1.54,1.54,18.46,3.08,7.69,6.92,18.46,30.315239,3421,331,4850,668,48.5,0.696288049,0.6375,3193,265,32.3333321,0.344263852,0.6375,2848,110,32.3333321,0.184391469,0.6375,2793,76,32.3333321,0.160623074,0.6375,2855,112,32.3333321,0.19588837,0.6375,4850,1009,48.5,1.173186,0.6375,2747,56,32.3333321,0.128434524,0.6375,3233,349,32.3333321,0.486077368,0.6375,56.2500076,44.0000038,99.99749,9.389477,27.4912872,25.4590073,5.18711472,9.693649,34.85785,38.25,0.25,0,55,0,85,0.416,1.01,16,16,16,32,48,30,295,160,130,0,0,0,16,37.5,0.25,0,55,0,85,0.416,1.01,16,16,16,32,48,30,295,160,130,0,0,0,16,512,-1,485.785156,485.480469,0.3046875,0.5,7618.451,7618.951,0,0,0,0,0,0,0,0,0,0,0,0,512,600,1200,3000,47,0.715000033,1.30500007,0,0,13,41,210,405,0,0,0,0,0,0,0,0,1.274,3.552,0.865,1773.582,72.57031,0.9524337,0,0,0,0,0,0,0,0,0,0,0,0,0,51.96875,48,16376,14294,2081,12.7122488,4.296,0,49152
05/27/2026 14:34:57,46,58,0,55,60,54,54,54,54,71,12.144001,5.04,1.312,1.396,0.718000054,0.316,0.644000053,3.292,2.046,0,3.37200022,3.37200022,3.124,56,47,42.5,46.5,1020,742,0,876,786,0,0,0,0,0,3.12,0,0,0,0,4.69,0,7.81,1.95,7.81,27.7732925,3218,105,4850,313,48.5,0.212908387,0.65,2622,38,32.3333321,0.0272377469,0.65,2825,31,32.3333321,0.0169357732,0.65,2673,30,32.3333321,0.0127761094,0.65,2614,28,32.3333321,0.0159323812,0.65,4850,353,48.5,0.301510453,0.65,2538,19,32.3333321,0.009592971,0.65,2769,28,32.3333321,0.0466433428,0.65,56.1250076,41.5000038,99.9975,9.371071,27.5096931,25.4091034,5.17525864,9.705505,34.7781754,38.25,0.25,0,55,0,85,0.416,1.01,16,16,16,32,48,30,295,160,130,0,0,0,16,37.5,0.25,0,55,0,85,0.416,1.01,16,16,16,32,48,30,295,160,130,0,0,0,16,512,-1,485.785156,485.480469,0.3046875,0.5,7618.451,7618.951,0,0,0,0,0,0,0,0,0,0,0,0,512,600,1200,3000,49,0.844000041,1.30500007,0,0,14,41,210,405,0,0,0,0,0,0,0,0,1.528,3.703,0.865,1773.582,72.57031,0,0,0,0,0,0,0,0,0,0,0,0,0,0,51.96875,48,16376,14294,2081,12.7122488,4.192,49152,0
05/27/2026 14:35:00,46,58,0,55,60,53,53,53,53,70,12.12,5.04,1.31000006,1.39200008,0.770000041,0.308000028,0.644000053,3.288,2.046,0,3.36800027,3.36800027,3.12000012,55,47,42,46.5,1038,770,0,869,770,0,0,0,0,0,3.12,0,0,0,0,7.81,0,6.25,2.15,7.81,27.8332653,3269,176,4850,424,48.5,0.341062933,0.6625,2775,68,32.3333321,0.06285436,0.6625,4006,33,48.5,0.0254853852,0.6625,2658,24,32.3333321,0.0244167875,0.6625,2798,47,32.3333321,0.04067269,0.6625,3233,461,32.3333321,0.4948587,0.6625,2601,19,32.3333321,0.020573793,0.6625,3233,335,32.3333321,0.389816761,0.6625,55.2500076,42.5000038,99.99749,9.352085,27.5286789,25.35762,5.150551,9.730213,34.6121445,38.25,0.25,0,55,0,85,0.416,1.01,16,16,16,32,48,30,295,160,130,0,0,0,16,37.5,0.25,0,55,0,85,0.416,1.01,16,16,16,32,48,30,295,160,130,0,0,0,16,512,-1,485.785156,485.480469,0.3046875,0.5,7618.451,7618.951,0,0,0,0,0,0,0,0,0,0,0,0,512,600,1200,3000,47,0.650000036,1.30500007,0,0,13,41,210,405,0,0,0,0,0,0,0,0,1.878,6.242,0.865,1773.582,72.57031,0.9115448,0,0,0,0,0,0,0,0,0,0,0,0,0,51.90625,48,16376,14294,2081,12.7122488,5.264,49152,0
05/27/2026 14:35:01,46,58,0,55,60,53,53,53,53,71,12.144001,5.04,1.312,1.39200008,0.692000031,0.308000028,0.644000053,3.292,2.046,0,3.37200022,3.37200022,3.12000012,55,47,42,46.5,1023,770,0,868,788,0,0,0,0,0,4.69,0,0,0,0,3.12,1.56,6.25,1.95,6.25,27.1690788,3269,145,4744,316,48.5,0.285119355,0.65,2783,49,32.3333321,0.030508671,0.65,2594,22,32.3333321,0.0130314957,0.65,2644,23,32.3333321,0.0111563895,0.65,2698,30,32.3333321,0.0166520346,0.65,4850,379,48.5,0.419615984,0.65,2604,27,32.3333321,0.0126621444,0.65,3233,311,32.3333321,0.3844507,0.65,55.5000076,41.5000038,99.9975,9.376495,27.5042686,25.4238129,5.18106842,9.699696,34.8172226,38.25,0.25,0,55,0,85,0.416,1.01,16,16,16,32,48,30,295,160,130,0,0,0,16,37.5,0.25,0,55,0,85,0.416,1.01,16,16,16,32,48,30,295,160,130,0,0,0,16,512,-1,485.785156,485.480469,0.3046875,0.5,7618.451,7618.951,0,0,0,0,0,0,0,0,0,0,0,0,512,600,1200,3000,48,0.825000048,1.30500007,0,0,13,41,210,405,0,0,0,0,0,0,0,0,1.09,5.403,0.865,1773.582,72.57031,0,0,0,0,0,0,0,0,0,0,0,0,0,0,51.78125,48,16376,14294,2081,12.7122488,5.478,49152,49152
05/27/2026 14:35:03,45,58,0,55,60,52,52,52,52,69,12.144001,5.04,1.312,1.39200008,0.714000046,0.30400002,0.644000053,3.292,2.046,0,3.37600017,3.37200022,3.124,55,47,42,46.5,1010,742,0,865,768,0,0,0,0,0,9.23,0,0,0,1.56,16.92,0,9.23,4.62,16.92,27.9916382,3420,196,4040,475,40.4,0.378394336,0.4875,2966,65,33.6666679,0.07068632,0.4875,2792,32,33.6666679,0.0340375267,0.4875,2784,27,33.6666679,0.0293171927,0.4875,2912,40,33.6666679,0.0425880365,0.4875,4040,532,40.4,0.56892097,0.4875,2775,22,33.6666679,0.0305458866,0.4875,5050,373,50.5,0.44623372,0.51875,55.0000076,53.5000038,99.99748,9.384972,27.4957924,25.4467926,5.178707,9.702057,34.8013535,38.25,0.25,0,55,0,85,0.416,1.01,16,16,16,32,48,30,295,160,130,0,0,0,16,37.5,0.25,0,55,0,85,0.416,1.01,16,16,16,32,48,30,295,160,130,0,0,0,16,512,-1,485.785156,485.480469,0.3046875,0.5,7618.451,7618.951,0,0,0,0,0,0,0,0,0,0,0,0,512,600,1200,3000,47,0.405000031,1.30500007,0,0,11,41,210,405,0,0,0,0,0,0,0,0,1.261,3.305,0.865,1773.582,72.57031,0.958505,0,0,0,0,0,0,0,0,0,0,0,0,0,51.90625,48,16376,14294,2081,12.7122488,3.643,0,49152
05/27/2026 14:35:05,45,58,0,55,60,53,53,53,53,71,12.144001,5.04,1.312,1.396,0.716,0.306000024,0.644000053,3.292,2.046,0,3.37600017,3.37200022,3.124,55,47,42,46.5,998,742,0,878,768,0,0,0,0,0,4.69,0,0,0,0,7.69,0,1.59,1.75,7.69,28.0056133,3157,107,4694,273,48.5,0.172621161,0.65,2914,67,32.3333321,0.0408900529,0.65,2578,25,32.3333321,0.0151118767,0.64375,2546,21,32.3333321,0.0137549229,0.64375,2599,31,32.3333321,0.020960331,0.64375,4850,406,48.5,0.34033528,0.64375,2535,16,32.3333321,0.0102626905,0.64375,2542,17,32.3333321,0.0349624529,0.64375,55.3750076,43.5000038,99.99749,9.344563,27.5362015,25.3372269,5.147808,9.732956,34.59371,38.25,0.25,0,55,0,85,0.416,1.01,16,16,16,32,48,30,295,160,130,0,0,0,16,37.5,0.25,0,55,0,85,0.416,1.01,16,16,16,32,48,30,295,160,130,0,0,0,16,512,-1,485.785156,485.480469,0.3046875,0.5,7618.451,7618.951,0,0,0,0,0,0,0,0,0,0,0,0,512,600,1200,3000,47,0.405000031,1.30500007,0,0,11,41,210,405,0,0,0,0,0,0,0,0,1.784,4.717,0.865,1773.582,72.57031,0,0,0,0,0,0,0,0,0,0,0,0,0,0,51.90625,48,16376,14294,2081,12.7122488,4.468,0,49152
05/27/2026 14:35:07,44,58,0,55,60,51,51,51,51,69,12.12,5.04,1.31000006,1.39200008,0.964000046,0.324,0.644000053,3.292,2.046,0,3.37200022,3.37200022,3.12000012,55,47,42,46.5,1003,742,0,860,768,0,0,0,0,0,21.88,1.54,3.08,4.62,1.54,25,0,7.69,8.17,25,27.4099159,4087,210,3600,488,36,0.445027173,0.9625,3170,71,36,0.07062895,0.95625,4016,31,48.5,0.0294465013,1.06875,3987,28,48.5,0.0203109588,1.06875,4184,39,48.5,0.0499901026,1.06875,4850,688,48.5,0.6813131,1.06875,4042,23,48.5,0.0216699187,1.06875,4850,310,48.5,0.344788462,1.06875,54.3750076,43.5000038,99.99749,9.385586,27.4951782,25.4484558,5.187416,9.693348,34.85988,38.25,0.25,0,55,0,85,0.416,1.01,16,16,16,32,48,30,295,160,130,0,0,0,16,37.5,0.25,0,55,0,85,0.416,1.01,16,16,16,32,48,30,295,160,130,0,0,0,16,512,-1,485.785156,485.480469,0.3046875,0.5,7618.451,7618.951,0,0,0,0,0,0,0,0,0,0,0,0,512,600,1200,3000,48,0.950000048,1.30500007,0,1,14,41,210,405,0,0,0,0,0,0,0,0,1.836,6.541,0.865,1773.582,72.57031,0.9492479,0,0,0,0,0,0,0,0,0,0,0,0,0,51.96875,48,16376,14294,2081,12.7122488,5.59,0,49152
05/27/2026 14:35:09,45,58,0,55,60,53,53,53,53,70,12.144001,5.04,1.312,1.396,0.72,0.312,0.644000053,3.292,2.046,0,3.37200022,3.37200022,3.124,55,47,42,46.5,999,770,0,879,784,0,0,0,0,0,3.17,1.59,0,0,0,6.35,0,6.35,2.18,6.35,26.9732552,3043,148,4787,309,48.5,0.259345323,0.65,2667,49,32.3333321,0.0339711644,0.65,2604,24,32.3333321,0.0128747141,0.65,2537,23,32.3333321,0.0108381519,0.65,2587,28,32.3333321,0.0129194474,0.65,3233,398,32.3333321,0.388314545,0.65,2695,32,32.3333321,0.01969197,0.6625,3233,318,32.3333321,0.370863646,0.6625,55.0000076,41.0000038,99.99749,9.379307,27.5014572,25.4314346,5.182293,9.698471,34.8254471,38.25,0.25,0,55,0,85,0.416,1.01,16,16,16,32,48,30,295,160,130,0,0,0,16,37.5,0.25,0,55,0,85,0.416,1.01,16,16,16,32,48,30,295,160,130,0,0,0,16,512,-1,485.785156,485.480469,0.3046875,0.5,7618.451,7618.951,0,0,0,0,0,0,0,0,0,0,0,0,512,600,1200,3000,47,0.965000033,1.30500007,0,2,14,41,210,405,0,0,0,0,0,0,0,0,1.349,4.279,0.865,1773.582,72.57031,0,0,0,0,0,0,0,0,0,0,0,0,0,0,51.78125,48,16376,14294,2081,12.7122488,4.788,99328,0
05/27/2026 14:35:11,44,58,0,55,60,51,51,51,51,69,12.144001,5.04,1.312,1.396,0.738000035,0.318000019,0.644000053,3.292,2.046,0,3.37200022,3.37200022,3.12000012,55,47,42,46.5,991,770,0,863,766,0,0,0,0,0,15.62,4.69,1.56,1.56,1.56,17.19,1.56,7.81,6.45,17.19,28.6147442,3637,333,4850,801,48.5,0.7699693,0.6375,4713,219,48.5,0.299344838,0.6375,2895,112,32.3333321,0.171233177,0.6375,2816,97,32.3333321,0.161989957,0.6375,2827,111,32.3333321,0.197689489,0.6375,4850,824,48.5,0.937214434,0.6375,2911,115,32.3333321,0.17420797,0.6375,3233,383,32.3333321,0.507579565,0.64375,55.6250076,41.0000038,99.99749,9.363831,27.5169334,25.389473,5.16675568,9.714008,34.72104,38.25,0.25,0,55,0,85,0.416,1.01,16,16,16,32,48,30,295,160,130,0,0,0,16,37.5,0.25,0,55,0,85,0.416,1.01,16,16,16,32,48,30,295,160,130,0,0,0,16,512,-1,485.785156,485.480469,0.3046875,0.5,7618.451,7618.951,0,0,0,0,0,0,0,0,0,0,0,0,512,600,1200,3000,47,0.62,1.30500007,0,1,14,41,210,405,0,0,0,0,0,0,0,0,1.377,3.379,0.865,1773.582,72.57031,0.973277748,0,0,0,0,0,0,0,0,0,0,0,0,0,51.84375,48,16376,14294,2081,12.7122488,3.494,99328,0
05/27/2026 14:35:13,45,58,0,55,60,54,54,54,54,71,12.144001,5.04,1.312,1.396,0.652,0.302000016,0.644000053,3.292,2.046,0,3.37600017,3.37200022,3.124,55,47,42,46.5,1002,742,0,864,786,0,0,0,0,0,4.69,0,0,0,0,4.69,0,6.25,1.95,6.25,27.0103683,3294,138,3859,269,40.4,0.203970924,0.55,2940,53,33.6666679,0.0352277458,0.55,2832,33,33.6666679,0.0164181739,0.55,2714,24,33.6666679,0.0131801451,0.55,2728,29,33.6666679,0.020142667,0.55,5050,410,50.5,0.396195918,0.525,2894,31,33.3333321,0.01473079,0.50625,3333,252,33.3333321,0.313548952,0.50625,55.8750076,51.3750038,99.99748,9.376247,27.5045166,25.4231415,5.1789093,9.701855,34.80271,38.25,0.25,0,55,0,85,0.416,1.01,16,16,16,32,48,30,295,160,130,0,0,0,16,37.5,0.25,0,55,0,85,0.416,1.01,16,16,16,32,48,30,295,160,130,0,0,0,16,512,-1,485.785156,485.480469,0.3046875,0.5,7618.451,7618.951,0,0,0,0,0,0,0,0,0,0,0,0,512,600,1200,3000,47,0.575000048,1.30500007,0,0,13,41,210,405,0,0,0,0,0,0,0,0,2.118,5.891,0.865,1773.582,72.57031,0,0,0,0,0,0,0,0,0,0,0,0,0,0,51.78125,48,16376,14294,2081,12.7122488,5.363,49152,0
05/27/2026 14:35:15,45,58,0,55,60,53,53,53,53,70,12.144001,5.04,1.312,1.396,0.736000061,0.308000028,0.644000053,3.292,2.046,0,3.37200022,3.37200022,3.124,55,47,42,46.5,1009,742,0,879,786,0,0,0,0,0,12.5,0,0,1.56,0,4.69,0,10.77,3.69,12.5,30.2970371,3404,245,3367,626,33.6666679,0.5096821,0.49375,3029,96,33.6666679,0.100166127,0.49375,2856,46,33.6666679,0.0433842465,0.49375,3367,82,33.6666679,0.07987398,0.49375,2870,42,33.6666679,0.0512895174,0.49375,3367,456,33.6666679,0.498213053,0.49375,3373,37,40.4,0.03583906,0.475,5000,572,50,0.664346337,0.525,55.2500076,43.8750038,99.99749,9.420059,27.4607048,25.5419312,5.210293,9.670471,35.01361,38.25,0.25,0,55,0,85,0.416,1.01,16,16,16,32,48,30,295,160,130,0,0,0,16,37.5,0.25,0,55,0,85,0.416,1.01,16,16,16,32,48,30,295,160,130,0,0,0,16,512,-1,485.785156,485.480469,0.3046875,0.5,7618.451,7618.951,0,0,0,0,0,0,0,0,0,0,0,0,512,600,1200,3000,47,0.570000052,1.30500007,0,0,13,41,210,405,0,0,0,0,0,0,0,0,1.788,6.483,0.865,1773.582,72.57031,0.934181,0,0,0,0,0,0,0,0,0,0,0,0,0,51.84375,48,16376,14294,2081,12.7122488,5.731,0,49152
05/27/2026 14:35:17,45,58,0,55,60,53,53,53,53,71,12.144001,5.04,1.31000006,1.39200008,0.66,0.30400002,0.644000053,3.292,2.046,0,3.37200022,3.37200022,3.12000012,55,47,42,46.5,1018,769,0,862,787,0,0,0,0,0,6.25,0,0,0,1.56,4.69,0,0,1.56,6.25,25.98365,2990,87,4850,302,48.5,0.1805126,0.64375,2673,50,32.3333321,0.0313065574,0.64375,2587,25,32.3333321,0.01014049,0.64375,2580,24,32.3333321,0.010307312,0.64375,2735,40,32.3333321,0.0175789837,0.64375,3207,212,32.3333321,0.158674,0.64375,2672,23,32.3333321,0.0114640463,0.64375,2612,20,32.3333321,0.0178658441,0.64375,55.2500076,42.0000038,99.9975,9.403576,27.4771881,25.4972382,5.19679642,9.683968,34.9229126,38.25,0.25,0,55,0,85,0.416,1.01,16,16,16,32,48,30,295,160,130,0,0,0,16,37.5,0.25,0,55,0,85,0.416,1.01,16,16,16,32,48,30,295,160,130,0,0,0,16,512,-1,485.785156,485.480469,0.3046875,0.5,7618.451,7618.951,0,0,0,0,0,0,0,0,0,0,0,0,512,600,1200,3000,47,0.570000052,1.30500007,0,0,13,41,210,405,0,0,0,0,0,0,0,0,0.935,3.512,0.865,1773.582,72.57031,0,0,0,0,0,0,0,0,0,0,0,0,0,0,51.75,48,16376,14294,2081,12.7122488,4.085,99328,0
05/27/2026 14:35:19,45,58,0,55,60,51,51,51,51,69,12.144001,5.04,1.312,1.396,0.758,0.308000028,0.644000053,3.292,2.046,0,3.37600017,3.37600017,3.12000012,54,47,42,46.5,994,770,0,873,771,0,0,0,0,0,11.11,7.81,4.69,3.12,6.25,17.46,4.69,7.81,7.87,17.46,27.7637157,3393,194,4850,447,48.5,0.3921984,0.65,4341,68,48.5,0.09797567,0.65,2737,38,32.3333321,0.0390346274,0.65,2669,30,32.3333321,0.0317973457,0.65,2848,48,32.3333321,0.0505162,0.65,3233,504,32.3333321,0.4717955,0.65,3233,77,32.3333321,0.08160601,0.65,3233,341,32.3333321,0.410396039,0.65,54.7500076,43.5000038,99.99748,9.446476,27.434288,25.6135635,5.23319244,9.647572,35.1674957,38.25,0.25,0,55,0,85,0.416,1.01,16,16,16,32,48,30,295,160,130,0,0,0,16,37.5,0.25,0,55,0,85,0.416,1.01,16,16,16,32,48,30,295,160,130,0,0,0,16,512,-1,485.785156,485.480469,0.3046875,0.5,7618.451,7618.951,0,0,0,0,0,0,0,0,0,0,0,0,512,600,1200,3000,47,0.68,1.30500007,0,1,14,41,210,405,0,0,0,0,0,0,0,0,1.587,3.345,0.865,1773.582,72.57031,0.9805671,0,0,0,0,0,0,0,0,0,0,0,0,0,51.78125,48,16376,14294,2081,12.7122488,3.508,49152,0
05/27/2026 14:35:21,44,58,0,55,60,53,53,53,53,70,12.144001,5.04,1.312,1.396,0.738000035,0.318000019,0.644000053,3.292,2.046,0,3.37200022,3.37200022,3.124,55,47,42,46.5,996,770,0,876,765,0,0,0,0,0,3.12,0,0,0,0,3.12,0,6.25,1.56,6.25,28.84106,3219,130,3585,347,36,0.2803554,0.9625,2941,41,36,0.036580503,0.95625,2842,23,36,0.0118529852,0.95,2816,20,36,0.0109022465,0.95,2891,32,36,0.0209924635,0.95,4850,303,48.5,0.3573531,1.09375,2596,23,32.3333321,0.0154135209,1.09375,3233,254,32.3333321,0.2990005,1.09375,55.2500076,52.3750038,99.99748,9.434673,27.44609,25.58155,5.227806,9.652958,35.1313,38.25,0.25,0,55,0,85,0.416,1.01,16,16,16,32,48,30,295,160,130,0,0,0,16,37.5,0.25,0,55,0,85,0.416,1.01,16,16,16,32,48,30,295,160,130,0,0,0,16,512,-1,485.785156,485.480469,0.3046875,0.5,7618.451,7618.951,0,0,0,0,0,0,0,0,0,0,0,0,512,600,1200,3000,47,0.625,1.30500007,0,0,13,41,210,405,0,0,0,0,0,0,0,0,2.19,6.383,0.865,1773.582,72.57031,0,0,0,0,0,0,0,0,0,0,0,0,0,0,51.875,48,16376,14294,2081,12.7122488,6.017,49152,0
05/27/2026 14:35:23,44,58,0,55,60,51,51,51,51,69,12.144001,5.04,1.31000006,1.39200008,0.842000067,0.328,0.644000053,3.292,2.046,0,3.37200022,3.37200022,3.12000012,54,46.5,42,46.5,986,742,0,863,765,0,0,0,0,0,9.23,1.54,0,0,0,7.69,0,6.15,3.08,9.23,27.7790737,3313,184,4850,424,48.5,0.32133618,0.64375,3085,114,32.3333321,0.105029762,0.64375,2611,35,32.3333321,0.02747422,0.64375,2586,26,32.3333321,0.0220284536,0.64375,2632,34,32.3333321,0.034248624,0.64375,4850,479,48.5,0.481603026,0.64375,2654,25,32.3333321,0.0213354416,0.64375,3233,332,32.3333321,0.373013884,0.64375,54.6250076,42.0000038,99.99749,9.446594,27.43417,25.6138763,5.23570251,9.64506149,35.1843643,38.25,0.25,0,55,0,85,0.416,1.01,16,16,16,32,48,30,295,160,130,0,0,0,16,37.5,0.25,0,55,0,85,0.416,1.01,16,16,16,32,48,30,295,160,130,0,0,0,16,512,-1,485.785156,485.480469,0.3046875,0.5,7618.451,7618.951,0,0,0,0,0,0,0,0,0,0,0,0,512,600,1200,3000,48,0.950000048,1.30500007,0,3,14,41,210,405,0,0,0,0,0,0,0,0,1.558,6.173,0.865,1773.582,72.57031,0.9553609,0,0,0,0,0,0,0,0,0,0,0,0,0,51.78125,48,16376,14294,2081,12.7122488,5.438,0,0
05/27/2026 14:35:25,45,58,0,55,60,53,53,53,53,70,12.144001,5.04,1.312,1.396,0.722000062,0.312,0.644000053,3.292,2.046,0,3.37600017,3.37200022,3.124,55,47,42,46.5,1001,741,0,859,764,0,0,0,0,0,12.7,6.35,3.17,3.17,6.35,12.7,4.76,9.52,7.34,12.7,27.6041183,4083,175,4800,341,48.5,0.307203382,0.65,4267,61,48.5,0.04705121,0.65,3987,29,48.5,0.021643864,0.65,4062,31,48.5,0.0136253424,0.65,4850,86,48.5,0.0642864257,0.65,4850,496,48.5,0.521811843,0.64375,2618,16,32.3333321,0.0111144483,0.64375,3233,339,32.3333321,0.385387748,0.64375,55.0000076,43.0000038,99.99749,9.438942,27.4418221,25.593132,5.2302475,9.65051651,35.1477127,38.25,0.25,0,55,0,85,0.416,1.01,16,16,16,32,48,30,295,160,130,0,0,0,16,37.5,0.25,0,55,0,85,0.416,1.01,16,16,16,32,48,30,295,160,130,0,0,0,16,512,-1,485.785156,485.480469,0.3046875,0.5,7618.451,7618.951,0,0,0,0,0,0,0,0,0,0,0,0,512,600,1200,3000,47,0.494000018,1.30500007,0,0,11,41,210,405,0,0,0,0,0,0,0,0,1.312,3.355,0.865,1773.582,72.57031,0,0,0,0,0,0,0,0,0,0,0,0,0,0,51.75,46,16376,14294,2081,12.7122488,3.928,99328,0
05/27/2026 14:35:27,44,58,0,55,60,51,51,51,51,69,12.144001,5.04,1.312,1.396,0.748,0.318000019,0.644000053,3.292,2.046,0,3.37600017,3.37600017,3.124,55,47,42,46.5,997,742,0,877,762,0,0,0,0,0,18.75,4.76,4.76,4.69,6.25,20.31,3.12,7.81,8.81,20.31,30.37152,3471,344,4850,901,48.5,0.931611955,0.65625,3096,224,32.3333321,0.34109503,0.65625,3011,138,32.3333321,0.191067681,0.65625,2837,102,32.3333321,0.182884082,0.65625,3008,162,32.3333321,0.256735235,0.65625,4850,755,48.5,0.8449135,0.65625,2881,95,32.3333321,0.168123037,0.65625,3233,378,32.3333321,0.5168678,0.65625,55.5000076,44.3750038,99.99749,9.454506,27.4262581,25.63533,5.236107,9.644657,35.187088,38.25,0.25,0,55,0,85,0.416,1.01,16,16,16,32,48,30,295,160,130,0,0,0,16,37.5,0.25,0,55,0,85,0.416,1.01,16,16,16,32,48,30,295,160,130,0,0,0,16,512,-1,485.785156,485.480469,0.3046875,0.5,7618.451,7618.951,0,0,0,0,0,0,0,0,0,0,0,0,512,600,1200,3000,47,0.930000067,1.30500007,0,2,14,41,210,405,0,0,0,0,0,0,0,0,1.765,3.83,0.865,1773.582,72.57031,0.9639029,0,0,0,0,0,0,0,0,0,0,0,0,0,51.84375,48,16376,14294,2081,12.7122488,3.907,0,0
05/27/2026 14:35:29,45,58,0,55,60,55,55,55,55,73,12.144001,5.04,1.31000006,1.396,0.752000034,0.314,0.644000053,3.292,2.046,0,3.37200022,3.37200022,3.124,56,46.5,42,46.5,1009,769,0,859,781,0,0,0,0,0,15.38,1.56,0,0,3.12,10.94,0,1.59,4.07,15.38,30.5688515,3407,143,4807,341,48.5,0.2328333,0.68125,3114,86,32.3333321,0.0769773,0.68125,2879,46,32.3333321,0.04016354,0.68125,2686,30,32.3333321,0.0278795231,0.68125,2948,65,32.3333321,0.0564386658,0.68125,4850,438,48.5,0.41678828,0.68125,2739,27,32.3333321,0.0272301082,0.68125,3233,112,32.3333321,0.145025432,0.68125,57.2500076,60.7500038,99.99749,9.440517,27.4402466,25.5974045,5.23296356,9.6478,35.1659622,38.25,0.25,0,55,0,85,0.416,1.01,16,16,16,32,48,30,295,160,130,0,0,0,16,37.5,0.25,0,55,0,85,0.416,1.01,16,16,16,32,48,30,295,160,130,0,0,0,16,512,-1,485.785156,485.480469,0.3046875,0.5,7618.451,7618.951,0,0,0,0,0,0,0,0,0,0,0,0,512,600,1200,3000,48,0.784000039,1.30500007,0,0,14,41,210,405,0,0,0,0,2,0,0,1,2.176,6.652,0.865,1773.582,72.57031,0.975904644,0,0,0,0,0,0,0,0,0,0,0,0,0,51.6875,46,16376,14294,2081,12.7122488,6.165,49152,49152
05/27/2026 14:35:31,46,58,0,56,61,53,53,53,53,71,12.144001,5.04,1.312,1.396,0.776,0.320000023,0.644000053,3.292,2.046,0,3.37600017,3.37200022,3.124,55,47,42,46.5,1022,767,0,882,769,0,0,0,0,0,14.29,6.25,4.69,4.76,6.35,17.46,6.35,11.11,8.91,17.46,28.3892574,3334,195,4850,584,48.5,0.466535062,0.65,2846,63,32.3333321,0.06513782,0.65,2655,33,32.3333321,0.0337670781,0.65,2665,27,32.3333321,0.0302860942,0.65,2844,42,32.3333321,0.0419251546,0.65,4850,417,48.5,0.47014752,0.65,2732,31,32.3333321,0.0337180346,0.65,3233,361,32.3333321,0.437078238,0.65,55.6250076,41.0000038,99.99749,9.421787,27.4589767,25.5466156,5.207073,9.673691,34.9919739,38.25,0.25,0,55,0,85,0.416,1.01,16,16,16,32,48,30,295,160,130,0,0,0,16,37.5,0.25,0,55,0,85,0.416,1.01,16,16,16,32,48,30,295,160,130,0,0,0,16,512,-1,485.785156,485.480469,0.3046875,0.5,7618.451,7618.951,0,0,0,0,0,0,0,0,0,0,0,0,512,600,1200,3000,47,0.965000033,1.30500007,0,1,14,41,210,405,0,0,0,0,0,0,0,0,1.217,5.155,0.865,1773.582,72.57031,0.9650996,0,0,0,0,0,0,0,0,0,0,0,0,0,51.84375,48,16376,14294,2081,12.7122488,4.857,3200000,0
05/27/2026 14:35:33,46,58,0,56,61,54,54,54,54,71,12.144001,5.04,1.31000006,1.39200008,0.652,0.3,0.644000053,3.292,2.046,0,3.37200022,3.37200022,3.124,56,47,42,46.5,1023,769,0,873,774,0,0,0,0,0,6.35,0,0,0,0,4.76,0,4.76,1.98,6.35,27.8776455,3283,118,4753,316,48.5,0.212721,0.675,2724,55,32.3333321,0.0468029939,0.675,2616,29,32.3333321,0.0162514728,0.675,2641,23,32.3333321,0.0123486221,0.675,2809,39,32.3333321,0.02588371,0.675,4850,358,48.5,0.297288,0.6625,2635,23,32.3333321,0.012941855,0.6625,3233,101,32.3333321,0.137524053,0.6625,55.8750076,42.0000038,99.99749,9.443218,27.4375458,25.6047211,5.234249,9.646515,35.1746,38.25,0.25,0,55,0,85,0.416,1.01,16,16,16,32,48,30,295,160,130,0,0,0,16,37.5,0.25,0,55,0,85,0.416,1.01,16,16,16,32,48,30,295,160,130,0,0,0,16,512,-1,485.785156,485.480469,0.3046875,0.5,7618.451,7618.951,0,0,0,0,0,0,0,0,0,0,0,0,512,600,1200,3000,48,0.950000048,1.30500007,0,1,14,41,210,405,0,0,0,0,0,0,0,0,1.244,3.38,0.865,1773.582,72.57031,0,0,0,0,0,0,0,0,0,0,0,0,0,0,51.71875,48,16376,14294,2081,12.7122488,3.92,3249152,0
05/27/2026 14:35:35,46,58,0,56,61,53,53,53,53,70,12.144001,5.04,1.31000006,1.39200008,0.752000034,0.308000028,0.644000053,3.292,2.046,0,3.37200022,3.37200022,3.124,55,47,42,46.5,1043,742,0,892,797,0,0,0,0,0,13.85,1.56,1.56,1.56,1.56,9.23,1.56,7.81,4.84,13.85,27.6261463,3656,199,3600,682,36,0.6678083,0.6875,3184,68,36,0.06465034,0.6875,2931,31,36,0.034216933,0.6875,2980,26,36,0.0295175482,0.6875,4234,41,48.5,0.0527742542,0.81875,4850,316,48.5,0.329777479,0.81875,4103,39,48.5,0.03605415,0.81875,3367,391,33.6666679,0.4540238,0.51875,54.8750076,42.0000038,99.9975,9.438019,27.4427452,25.59063,5.231251,9.649513,35.15445,38.25,0.25,0,55,0,85,0.416,1.01,16,16,16,32,48,30,295,160,130,0,0,0,16,37.5,0.25,0,55,0,85,0.416,1.01,16,16,16,32,48,30,295,160,130,0,0,0,16,512,-1,485.785156,485.480469,0.3046875,0.5,7618.451,7618.951,0,0,0,0,0,0,0,0,0,0,0,0,512,600,1200,3000,48,0.950000048,1.30500007,0,4,15,41,210,405,0,0,0,0,0,0,0,0,1.934,5.17,0.865,1773.582,72.57031,0.941438437,0,0,0,0,0,0,0,0,0,0,0,0,0,51.71875,48,16376,14294,2081,12.7122488,4.431,49152,0
05/27/2026 14:35:37,46,58,0,56,61,55,55,55,55,72,12.144001,5.04,1.312,1.396,0.702,0.314,0.644000053,3.292,2.046,0,3.37600017,3.37600017,3.124,56,47,42,46.5,1024,742,0,890,797,0,0,0,0,0,7.94,0,0,0,0,4.76,0,4.76,2.18,7.94,27.2043247,3407,165,4850,467,48.5,0.35555315,0.575,2947,89,32.3333321,0.07651591,0.575,2960,54,32.3333321,0.0445716046,0.575,2827,43,32.3333321,0.0350974463,0.575,3004,65,32.3333321,0.0523847081,0.575,4850,366,48.5,0.340762079,0.575,2588,24,32.3333321,0.0319291428,0.575,3233,211,32.3333321,0.263808131,0.575,56.3750076,44.0000038,99.9975,9.441032,27.4397316,25.5988,5.223446,9.657318,35.1019974,38.25,0.25,0,55,0,85,0.416,1.01,16,16,16,32,48,30,295,160,130,0,0,0,16,37.5,0.25,0,55,0,85,0.416,1.01,16,16,16,32,48,30,295,160,130,0,0,0,16,512,-1,485.785156,485.480469,0.3046875,0.5,7618.451,7618.951,0,0,0,0,0,0,0,0,0,0,0,0,512,600,1200,3000,46,0.710000038,1.30500007,0,0,13,41,210,405,0,0,0,0,0,0,0,0,2.066,6.292,0.865,1773.582,72.57031,0.9799199,0,0,0,0,0,0,0,0,0,0,0,0,0,51.78125,48,16376,14294,2081,12.7122488,5.999,0,2099200
05/27/2026 14:35:39,47,58,0,56,61,53,53,53,53,71,12.144001,5.04,1.312,1.39200008,0.810000062,0.324,0.644000053,3.292,2.046,0,3.37200022,3.37200022,3.124,55,47,42,46.5,1043,770,0,888,778,0,0,0,0,0,7.81,0,0,0,0,6.25,0,6.25,2.54,7.81,28.2706928,3328,198,4850,688,48.5,0.5611555,0.64375,2859,82,32.3333321,0.0832300261,0.65,2716,32,32.3333321,0.03603226,0.65,2703,30,32.3333321,0.03879404,0.65,2748,37,32.3333321,0.0431840941,0.65,4850,281,48.5,0.256802827,0.65,2668,32,32.3333321,0.036553286,0.65,3233,405,32.3333321,0.4867471,0.65,55.6250076,44.3750038,99.99749,9.450047,27.4307175,25.6232376,5.23711,9.643654,35.1938248,38.25,0.25,0,55,0,85,0.416,1.01,16,16,16,32,48,30,295,160,130,0,0,0,16,37.5,0.25,0,55,0,85,0.416,1.01,16,16,16,32,48,30,295,160,130,0,0,0,16,512,-1,485.785156,485.480469,0.3046875,0.5,7618.451,7618.951,0,0,0,0,0,0,0,0,0,0,0,0,512,600,1200,3000,48,0.729000032,1.30500007,0,1,14,41,210,405,0,0,0,0,0,0,0,0,1.167,4.102,0.865,1773.582,72.57031,0.959363759,0,0,0,0,0,0,0,0,0,0,0,0,0,51.84375,48,16376,14294,2081,12.7122488,4.277,0,2199552
05/27/2026 14:35:41,47,58,0,56,62,55,55,55,55,73,12.144001,5.04,1.31000006,1.396,0.704000056,0.318000019,0.644000053,3.292,2.046,0,3.37200022,3.37200022,3.12000012,56,47,42,46.5,1041,770,0,879,780,0,0,0,0,0,4.69,0,0,0,0,9.38,0,0,1.76,9.38,28.919426,3043,105,4850,320,48.5,0.2269247,0.6625,2777,51,32.3333321,0.0341265649,0.6625,2587,21,32.3333321,0.0102040591,0.6625,2575,17,32.3333321,0.009608505,0.6625,2817,31,32.3333321,0.0142883714,0.6625,3233,353,32.3333321,0.300995022,0.6625,2698,22,32.3333321,0.009715477,0.6625,2807,26,32.3333321,0.0305475537,0.6625,56.7500076,43.0000038,99.99749,9.4086,27.4721642,25.5108643,5.20196533,9.678799,34.95765,38.25,0.25,0,55,0,85,0.416,1.01,16,16,16,32,48,30,295,160,130,0,0,0,16,37.5,0.25,0,55,0,85,0.416,1.01,16,16,16,32,48,30,295,160,130,0,0,0,16,512,-1,485.785156,485.480469,0.3046875,0.5,7618.451,7618.951,0,0,0,0,0,0,0,0,0,0,0,0,512,600,1200,3000,48,0.784000039,1.30500007,0,0,14,41,210,405,0,0,0,0,0,0,0,0,1.558,3.573,0.865,1773.582,72.57031,0,0,0,0,0,0,0,0,0,0,0,0,0,0,51.6875,48,16376,14294,2081,12.7122488,3.926,49152,2099200
05/27/2026 14:35:43,47,58,0,56,62,53,53,53,53,71,12.144001,5.04,1.31000006,1.39200008,0.724000037,0.312,0.644000053,3.292,2.046,0,3.37200022,3.37200022,3.12000012,55,47,42,46.5,1040,766,0,900,805,0,0,0,0,0,15.38,3.08,0,0,0,6.15,0,7.81,4.05,15.38,27.8003254,4451,212,4850,663,48.5,0.576479852,0.925,4367,90,48.5,0.104893968,0.925,4165,40,48.5,0.03593394,0.76875,4057,25,48.5,0.0307459962,0.76875,4460,70,48.5,0.07420613,0.76875,4850,442,48.5,0.397924334,0.76875,4010,20,48.5,0.0303721111,0.76875,4850,342,48.5,0.4131223,0.76875,55.5000076,41.5000038,99.99748,9.449749,27.431015,25.6224289,5.23623657,9.644527,35.1879578,38.25,0.25,0,55,0,85,0.416,1.01,16,16,16,32,48,30,295,160,130,0,0,0,16,37.5,0.25,0,55,0,85,0.416,1.01,16,16,16,32,48,30,295,160,130,0,0,0,16,512,-1,485.785156,485.480469,0.3046875,0.5,7618.451,7618.951,0,0,0,0,0,0,0,0,0,0,0,0,512,600,1200,3000,47,0.914000034,1.30500007,0,3,14,41,210,405,0,0,0,0,0,0,0,0,1.923,5.977,0.865,1773.582,72.57031,0.9488229,0,0,0,0,0,0,0,0,0,0,0,0,0,51.71875,48,16376,14294,2081,12.7122488,5.022,99328,2049024
05/27/2026 14:35:45,46,58,0,56,61,55,55,55,55,73,12.144001,5.04,1.31000006,1.39200008,0.742000043,0.306000024,0.644000053,3.292,2.046,0,3.37200022,3.37200022,3.12000012,57,47,42,46.5,1038,768,0,892,803,0,0,0,0,0,9.38,0,0,0,0,9.38,0,4.76,2.94,9.38,27.1984863,3658,165,4040,473,40.4,0.389980853,0.56875,3833,101,40.4,0.0881814063,0.56875,3599,55,40.4,0.041135028,0.56875,2864,34,33.6666679,0.0307940748,0.56875,3659,52,40.4,0.0564863533,0.56875,5050,289,50.5,0.30378598,0.56875,2850,32,33.6666679,0.0282126255,0.56875,3367,282,33.6666679,0.347155362,0.56875,56.8750076,44.0000038,99.99748,9.380772,27.4999924,25.4354019,5.18388,9.696884,34.836113,38.25,0.25,0,55,0,85,0.416,1.01,16,16,16,32,48,30,295,160,130,0,0,0,16,37.5,0.25,0,55,0,85,0.416,1.01,16,16,16,32,48,30,295,160,130,0,0,0,16,512,-1,485.785156,485.480469,0.3046875,0.5,7618.451,7618.951,0,0,0,0,0,0,0,0,0,0,0,0,512,600,1200,3000,48,0.955000043,1.30500007,0,1,14,41,210,405,0,0,0,0,0,0,0,0,1.84,5.198,0.865,1773.582,72.57031,0.9733281,0,0,0,0,0,0,0,0,0,0,0,0,0,51.5625,48,16376,14294,2081,12.7122488,5.699,49152,2099200
05/27/2026 14:35:47,47,58,0,56,62,54,54,54,54,71,12.144001,5.04,1.312,1.396,0.738000035,0.30400002,0.644000053,3.292,2.046,0,3.37600017,3.37200022,3.124,56,46.5,42,46.5,1042,739,0,893,800,0,0,0,0,0,7.81,0,0,0,0,3.12,0,6.25,2.15,7.81,27.72528,3496,198,4850,608,48.5,0.4866478,0.6375,4439,90,48.5,0.0886352,0.6375,2596,29,32.3333321,0.0352449454,0.6375,2611,24,32.3333321,0.0331382453,0.6375,2814,48,32.3333321,0.04846949,0.6375,4850,399,48.5,0.394952536,0.6375,2575,21,32.3333321,0.0312314518,0.6375,3233,363,32.3333321,0.4196486,0.6375,56.0000076,44.3750038,99.99748,9.358513,27.5222511,25.3750534,5.1636467,9.717117,34.70014,38.25,0.25,0,55,0,85,0.416,1.01,16,16,16,32,48,30,295,160,130,0,0,0,16,37.5,0.25,0,55,0,85,0.416,1.01,16,16,16,32,48,30,295,160,130,0,0,0,16,512,-1,485.785156,485.480469,0.3046875,0.5,7618.451,7618.951,0,0,0,0,0,0,0,0,0,0,0,0,512,600,1200,3000,48,0.965000033,1.30500007,0,1,14,41,210,405,0,0,0,0,0,0,0,0,1.232,3.367,0.865,1773.582,72.57031,1.03621292,0,0,0,0,0,0,0,0,0,0,0,0,0,51.6875,48,16376,14294,2081,12.7122488,3.86,0,49152
05/27/2026 14:35:49,47,58,0,56,62,54,54,54,54,71,12.144001,5.04,1.31000006,1.396,0.724000037,0.312,0.644000053,3.292,2.046,0,3.37200022,3.37200022,3.12000012,56,46.5,42,46.5,1053,742,0,901,784,0,0,0,0,0,12.31,0,0,0,0,3.08,1.56,7.81,3.09,12.31,27.73867,3264,150,4850,483,48.5,0.456819236,0.65,2696,51,32.3333321,0.04994058,0.65,2617,22,32.3333321,0.0145254,0.65,2625,24,32.3333321,0.0120295472,0.65,2639,27,32.3333321,0.0211185664,0.65,4850,210,48.5,0.294776827,0.65,2599,22,32.3333321,0.013975665,0.65,3233,359,32.3333321,0.4219133,0.65,56.0000076,44.3750038,99.99748,9.381989,27.4987755,25.4387054,5.1874733,9.693291,34.86026,38.25,0.25,0,55,0,85,0.416,1.01,16,16,16,32,48,30,295,160,130,0,0,0,16,37.5,0.25,0,55,0,85,0.416,1.01,16,16,16,32,48,30,295,160,130,0,0,0,16,512,-1,485.785156,485.480469,0.3046875,0.5,7618.451,7618.951,0,0,0,0,0,0,0,0,0,0,0,0,512,600,1200,3000,46,0.405000031,1.30500007,0,0,11,41,210,405,0,0,0,0,0,0,0,0,1.911,4.462,0.865,1773.582,72.57031,0,0,0,0,0,0,0,0,0,0,0,0,0,0,51.625,48,16376,14294,2081,12.7122488,4.32,0,2099200
05/27/2026 14:35:51,45,57,0,56,61,53,53,53,53,70,12.144001,5.04,1.312,1.396,0.782000065,0.320000023,0.644000053,3.292,2.046,0,3.37200022,3.37200022,3.12000012,55,46.5,42,46.5,1020,734,0,885,808,0,0,0,0,0,15.38,0,0,1.56,0,1.56,0,7.81,3.29,15.38,27.2998524,3351,186,3600,587,36,0.475019366,0.9625,3178,66,36,0.06305341,0.95625,3041,33,36,0.0346523263,0.95,3600,83,36,0.0850617662,0.95,3046,41,36,0.0381915271,0.95,3600,288,36,0.28088817,0.95625,3142,27,36,0.0341365859,0.95,3600,365,36,0.44946757,0.94375,54.8750076,41.5000038,99.99748,9.359646,27.5211182,25.37812,5.15866852,9.72209549,34.6666946,38.25,0.25,0,55,0,85,0.416,1.01,16,16,16,32,48,30,295,160,130,0,0,0,16,37.5,0.25,0,55,0,85,0.416,1.01,16,16,16,32,48,30,295,160,130,0,0,0,16,512,-1,485.785156,485.480469,0.3046875,0.5,7618.451,7618.951,0,0,0,0,0,0,0,0,0,0,0,0,512,600,1200,3000,48,0.974000037,1.30500007,0,3,14,41,210,405,0,0,0,0,0,0,0,0,1.969,6.606,0.865,1773.582,72.57031,0.9485465,0,0,0,0,0,0,0,0,0,0,0,0,0,51.6875,48,16376,14294,2081,12.7122488,5.637,0,49152
05/27/2026 14:35:53,46,57,0,56,61,55,55,55,55,73,12.144001,5.04,1.312,1.39200008,0.700000048,0.302000016,0.644000053,3.292,2.046,0,3.37200022,3.37200022,3.12000012,58,47,42,46.5,1016,729,0,877,782,0,0,0,0,0,17.19,7.69,3.08,3.08,0,21.88,3.12,10.94,8.37,21.88,29.8249855,3399,315,4850,633,48.5,0.6937045,0.65,3034,183,32.3333321,0.241822809,0.65,2864,101,32.3333321,0.1499326,0.65,2775,71,32.3333321,0.124433227,0.65,2855,106,32.3333321,0.17889668,0.65,4850,988,48.5,1.17512786,0.65,2734,55,32.3333321,0.107135952,0.65,3233,384,32.3333321,0.508703768,0.65,58.1250076,41.0000038,99.9975,9.392658,27.4881058,25.4676361,5.189926,9.690838,34.8767471,38.25,0.25,0,55,0,85,0.416,1.01,16,16,16,32,48,30,295,160,130,0,0,0,16,37.5,0.25,0,55,0,85,0.416,1.01,16,16,16,32,48,30,295,160,130,0,0,0,16,512,-1,485.785156,485.480469,0.3046875,0.5,7618.451,7618.951,0,0,0,0,0,0,0,0,0,0,0,0,512,600,1200,3000,48,0.75000006,1.30500007,0,0,14,41,210,405,0,0,0,0,0,0,0,0,1.687,3.918,0.865,1773.582,72.57031,0,0,0,0,0,0,0,0,0,0,0,0,0,0,51.71875,48,16376,14294,2081,12.7122488,5.341,18049024,0
05/27/2026 14:35:55,47,58,0,57,62,56,56,56,56,73,12.144001,5.04,1.312,1.39200008,0.744,0.320000023,0.644000053,3.292,2.046,0,3.37200022,3.37200022,3.12000012,56,47,42,46.5,1038,735,0,892,802,0,0,0,0,0,6.25,0,0,0,0,7.81,0,6.25,2.54,7.81,27.7033329,3168,198,4850,519,48.5,0.426842958,0.64375,2886,61,32.3333321,0.06738329,0.64375,2763,35,32.3333321,0.0324443765,0.64375,2702,29,32.3333321,0.02712018,0.6625,2879,52,32.3333321,0.06535843,0.6625,3233,491,32.3333321,0.46769914,0.6625,2800,34,32.3333321,0.031047564,0.6625,3233,361,32.3333321,0.4414388,0.6625,56.6250076,43.0000038,99.99748,9.354317,27.5264473,25.36367,5.15647125,9.724293,34.6519241,38.25,0.25,0,55,0,85,0.416,1.01,16,16,16,32,48,30,295,160,130,0,0,0,16,37.5,0.25,0,55,0,85,0.416,1.01,16,16,16,32,48,30,295,160,130,0,0,0,16,512,-1,485.785156,485.480469,0.3046875,0.5,7618.451,7618.951,0,0,0,0,0,0,0,0,0,0,0,0,512,600,1200,3000,46,0.960000038,1.30500007,0,1,14,41,210,405,0,0,0,0,0,0,0,0,1.265,3.411,0.865,1773.582,72.57031,0.990182638,0,0,0,0,0,0,0,0,0,0,0,0,0,51.78125,48,16376,14294,2081,12.7122488,3.776,0,0
05/27/2026 14:35:57,47,57,0,57,62,56,56,56,56,73,12.12,5.03,1.31000006,1.39200008,0.618000031,0.302000016,0.644000053,3.28400016,2.046,0,3.36800027,3.36800027,3.11600018,57,46.5,42,46.5,1048,734,0,895,785,0,0,0,0,0,3.17,0,0,0,0,4.76,0,6.35,1.79,6.35,28.9694042,3250,102,3513,260,36,0.176584139,0.9625,3069,53,36,0.0257293079,0.95625,2930,23,36,0.012834169,0.95,2904,20,36,0.0121330153,0.95,2977,29,36,0.0213268474,0.95,3600,381,36,0.394592375,0.95625,3048,24,36,0.0136948824,0.95,3958,26,48.5,0.01765646,0.99375,56.8750076,50.7500038,99.99749,9.3768425,27.5039215,25.4247513,5.181885,9.698879,34.82271,38.25,0.25,0,55,0,85,0.416,1.01,16,16,16,32,48,30,295,160,130,0,0,0,16,37.5,0.25,0,55,0,85,0.416,1.01,16,16,16,32,48,30,295,160,130,0,0,0,16,512,-1,485.785156,485.480469,0.3046875,0.5,7618.451,7618.951,0,0,0,0,0,0,0,0,0,0,0,0,512,600,1200,3000,47,0.960000038,1.30500007,0,2,14,41,210,405,0,0,0,0,0,0,0,0,2.08,5.65,0.865,1773.582,72.57031,0,0,0,0,0,0,0,0,0,0,0,0,0,0,51.6875,48,16376,14294,2081,12.7122488,5.057,99328,0
05/27/2026 14:35:59,47,56,0,57,62,54,54,54,54,71,12.0960007,5.02000046,1.30800009,1.388,0.8,0.318000019,0.644000053,3.28000021,2.046,0,3.364,3.364,3.11200023,56,46.5,42,46.5,1067,749,0,894,814,0,0,0,0,0,6.25,1.56,3.12,0,0,9.38,0,7.81,3.52,9.38,28.4515934,3388,195,4850,495,48.5,0.4020947,0.64375,2815,65,32.3333321,0.0623439364,0.64375,3233,85,32.3333321,0.08534654,0.64375,2687,27,32.3333321,0.0321943648,0.64375,2712,33,32.3333321,0.0369059779,0.64375,4850,456,48.5,0.5430102,0.64375,2726,21,32.3333321,0.0286194533,0.64375,3233,375,32.3333321,0.476131916,0.64375,56.0000076,41.5000038,99.99749,9.355026,27.5257378,25.3656,5.15759659,9.723167,34.6594849,38.25,0.25,0,55,0,85,0.416,1.01,16,16,16,32,48,30,295,160,130,0,0,0,16,37.5,0.25,0,55,0,85,0.416,1.01,16,16,16,32,48,30,295,160,130,0,0,0,16,512,-1,485.785156,485.480469,0.3046875,0.5,7618.451,7618.951,0,0,0,0,0,0,0,0,0,0,0,0,512,600,1200,3000,47,0.965000033,1.30500007,0,2,14,41,210,405,0,0,0,0,0,0,0,0,1.862,6.594,0.865,1773.582,72.57031,0.9624246,0,0,0,0,0,0,0,0,0,0,0,0,0,51.71875,48,16376,14294,2081,12.7122488,5.654,49152,0
05/27/2026 14:36:01,47,56,0,57,62,56,56,56,56,73,12.12,5.03,1.30800009,1.39200008,0.666,0.312,0.644000053,3.28400016,2.046,0,3.364,3.364,3.11200023,57,46,42,46.5,1058,715,0,898,811,0,0,0,0,0,6.25,0,0,0,0,6.25,0,9.38,2.73,9.38,27.5937176,3912,167,4850,360,48.5,0.292103559,0.64375,4310,66,48.5,0.0527072027,0.64375,3778,26,48.5,0.0168565325,0.64375,3940,30,48.5,0.0169007275,0.64375,3845,28,48.5,0.021856362,0.64375,4850,444,48.5,0.459733844,0.64375,2488,21,32.3333321,0.0142581193,0.64375,3233,358,32.3333321,0.421624631,0.64375,57.1250076,44.3750038,99.99749,9.380207,27.5005569,25.433876,5.18573,9.695034,34.84855,38.25,0.25,0,55,0,85,0.416,1.01,16,16,16,32,48,30,295,160,130,0,0,0,16,37.5,0.25,0,55,0,85,0.416,1.01,16,16,16,32,48,30,295,160,130,0,0,0,16,512,-1,485.785156,485.480469,0.3046875,0.5,7618.451,7618.951,0,0,0,0,0,0,0,0,0,0,0,0,512,600,1200,3000,47,0.63500005,1.30500007,0,1,14,41,210,405,0,0,0,0,0,0,0,0,1.423,3.365,0.865,1773.582,72.57031,0,0,0,0,0,0,0,0,0,0,0,0,0,0,51.59375,48,16376,14294,2081,12.7122488,4.38,18149376,49152
05/27/2026 14:36:03,47,56,0,56,62,54,54,54,54,71,12.12,5.03,1.31000006,1.39200008,0.742000043,0.312,0.644000053,3.28400016,2.046,0,3.36800027,3.36800027,3.11600018,56,46,42,46.5,1069,715,0,903,791,0,0,0,0,0,6.25,1.54,0,3.08,3.08,7.81,0,4.62,3.3,7.81,27.9512329,3453,205,4850,631,48.5,0.5207365,0.65,3008,89,32.3333321,0.08747429,0.65,2783,37,32.3333321,0.0404792875,0.65,3233,85,32.3333321,0.093912974,0.65,2904,55,32.3333321,0.0673979148,0.65,4850,334,48.5,0.342706949,0.65,2765,30,32.3333321,0.0327732041,0.65,3233,378,32.3333321,0.450641185,0.65,55.8750076,44.0000038,99.99749,9.346226,27.5345383,25.3417358,5.154663,9.726101,34.63977,38.25,0.25,0,55,0,85,0.416,1.01,16,16,16,32,48,30,295,160,130,0,0,0,16,37.5,0.25,0,55,0,85,0.416,1.01,16,16,16,32,48,30,295,160,130,0,0,0,16,512,-1,485.785156,485.480469,0.3046875,0.5,7618.451,7618.951,0,0,0,0,0,0,0,0,0,0,0,0,512,600,1200,3000,46,0.664000034,1.30500007,0,0,14,41,210,405,0,0,0,0,0,0,0,0,1.388,3.411,0.865,1773.582,72.57031,0.985959768,0,0,0,0,0,0,0,0,0,0,0,0,0,51.625,48,16376,14294,2081,12.7122488,3.807,0,49152
05/27/2026 14:36:05,47,56,0,57,62,55,55,55,55,72,12.12,5.03,1.30800009,1.39200008,0.628,0.30400002,0.644000053,3.28400016,2.046,0,3.36800027,3.36800027,3.11600018,56,46,42,46.5,1041,742,0,889,791,0,0,0,0,0,1.56,0,0,0,0,6.25,0,9.38,2.15,9.38,29.032526,3167,144,3506,272,36,0.215657741,0.875,3031,45,36,0.0232186262,0.875,2834,22,36,0.0115941772,0.875,2839,20,36,0.0111400969,0.875,2992,36,36,0.0171642248,0.875,3600,370,36,0.357890755,0.875,2931,27,36,0.01586253,0.875,3600,363,36,0.432195634,0.875,56.1250076,52.6250038,99.99748,9.38039,27.5003738,25.4343719,5.18429565,9.696468,34.8389053,38.25,0.25,0,55,0,85,0.416,1.01,16,16,16,32,48,30,295,160,130,0,0,0,16,37.5,0.25,0,55,0,85,0.416,1.01,16,16,16,32,48,30,295,160,130,0,0,0,16,512,-1,485.785156,485.480469,0.3046875,0.5,7618.451,7618.951,0,0,0,0,0,0,0,0,0,0,0,0,512,600,1200,3000,48,0.965000033,1.30500007,0,1,14,41,210,405,0,0,0,0,0,0,0,0,2.189,6.392,0.865,1773.582,72.57031,0,0,0,0,0,0,0,0,0,0,0,0,0,0,51.5625,48,16376,14294,2081,12.7122488,5.591,0,0
05/27/2026 14:36:07,47,56,0,56,61,53,53,53,53,71,12.12,5.03,1.31000006,1.39200008,0.744,0.324,0.644000053,3.28400016,2.046,0,3.36800027,3.364,3.11600018,55,46.5,42,46.5,1038,715,0,881,809,0,0,0,0,0,15.62,1.54,0,0,3.08,17.19,1.54,7.69,5.83,17.19,28.670763,3381,224,4850,481,48.5,0.428218275,0.6625,4367,85,48.5,0.0756870061,0.6625,2636,32,32.3333321,0.0346245579,0.6625,2657,28,32.3333321,0.0332762077,0.6625,2837,42,32.3333321,0.0431593,0.6625,3233,658,32.3333321,0.658061266,0.6625,3233,74,32.3333321,0.0807133242,0.6625,3233,392,32.3333321,0.4704547,0.64375,55.6250076,42.0000038,99.99749,9.355949,27.5248146,25.368103,5.15852356,9.72224,34.6657181,38.25,0.25,0,55,0,85,0.416,1.01,16,16,16,32,48,30,295,160,130,0,0,0,16,37.5,0.25,0,55,0,85,0.416,1.01,16,16,16,32,48,30,295,160,130,0,0,0,16,512,-1,485.785156,485.480469,0.3046875,0.5,7618.451,7618.951,0,0,0,0,0,0,0,0,0,0,0,0,512,600,1200,3000,47,0.42900002,1.30500007,0,0,11,41,210,405,0,0,0,0,0,0,0,0,1.585,6.391,0.865,1773.582,72.57031,0.9593998,0,0,0,0,0,0,0,0,0,0,0,0,0,51.59375,48,16376,14294,2081,12.7122488,5.61,49152,0
05/27/2026 14:36:09,46,56,0,56,62,55,55,55,55,73,12.12,5.03,1.30800009,1.39200008,0.736000061,0.314,0.644000053,3.28400016,2.046,0,3.36800027,3.36800027,3.11600018,57,46,42,46.5,1039,714,0,881,784,0,0,0,0,0,7.81,3.12,0,4.69,1.56,10.94,0,7.94,4.51,10.94,29.7292423,3290,142,4736,288,48.5,0.2042946,0.65,3041,93,32.3333321,0.08633989,0.65,2601,25,32.3333321,0.023603268,0.65,2544,23,32.3333321,0.0139134321,0.65,2785,40,32.3333321,0.0312572867,0.65,4850,429,48.5,0.4445286,0.65,2531,16,32.3333321,0.0123848151,0.65,3233,220,32.3333321,0.257745028,0.65,57.2500076,43.0000038,99.99749,9.380367,27.5003967,25.43431,5.188507,9.692257,34.86721,38.25,0.25,0,55,0,85,0.416,1.01,16,16,16,32,48,30,295,160,130,0,0,0,16,37.25,0.25,0,55,0,85,0.416,1.01,16,16,16,32,48,30,295,160,130,0,0,0,16,512,-1,485.785156,485.480469,0.3046875,0.5,7618.451,7618.951,0,0,0,0,0,0,0,0,0,0,0,0,512,600,1200,3000,46,0.950000048,1.30500007,0,1,14,41,210,405,0,0,0,0,0,0,0,0,1.252,3.348,0.865,1773.582,72.57031,0,0,0,0,0,0,0,0,0,0,0,0,0,0,51.625,48,16376,14294,2081,12.7122488,4.188,1.7258496E+09,2099200
05/27/2026 14:36:12,47,56,0,57,62,55,55,55,55,72,12.12,5.03,1.30800009,1.39200008,0.768,0.314,0.644000053,3.28400016,2.046,0,3.364,3.364,3.11200023,57,46,42,46.5,1053,742,0,898,806,0,0,0,0,0,6.25,1.54,1.54,0,0,9.23,0,10.77,3.67,10.77,28.146162,3138,196,4850,469,48.5,0.3808508,0.66875,2807,59,32.3333321,0.0813077763,0.66875,2735,40,32.3333321,0.0336294435,0.66875,2648,28,32.3333321,0.0297768787,0.66875,2808,48,32.3333321,0.05339971,0.66875,3233,467,32.3333321,0.5053858,0.66875,2787,28,32.3333321,0.0332686268,0.66875,3233,427,32.3333321,0.5260327,0.66875,56.7500076,44.0000038,99.99749,9.361542,27.5192223,25.38327,5.148731,9.732033,34.5999146,38.25,0.25,0,55,0,85,0.416,1.01,16,16,16,32,48,30,295,160,130,0,0,0,16,37.25,0.25,0,55,0,85,0.416,1.01,16,16,16,32,48,30,295,160,130,0,0,0,16,512,-1,485.785156,485.480469,0.3046875,0.5,7618.451,7618.951,0,0,0,0,0,0,0,0,0,0,0,0,512,600,1200,3000,46,0.410000026,1.30500007,0,0,11,41,210,405,0,0,0,0,0,0,0,0,1.69,3.574,0.865,1773.582,72.57031,0.9207969,0,0,0,0,0,0,0,0,0,0,0,0,0,51.59375,48,16376,14294,2081,12.7122488,4.066,49152,0
05/27/2026 14:36:13,48,56,0,57,62,56,56,56,56,73,12.12,5.03,1.30800009,1.39200008,0.774000049,0.314,0.644000053,3.28400016,2.046,0,3.364,3.364,3.11600018,56,46.5,42,46.5,1057,742,0,905,792,0,0,0,0,0,4.62,0,0,0,0,9.23,0,7.81,2.71,9.23,27.2560768,3267,142,4709,294,48.5,0.227582946,0.65,2699,52,32.3333321,0.03073267,0.65,2701,36,32.3333321,0.016330976,0.65,2535,23,32.3333321,0.01091736,0.65,2702,34,32.3333321,0.02311012,0.65,4850,427,48.5,0.4392702,0.6625,2710,27,32.3333321,0.0119798193,0.6625,3233,239,32.3333321,0.3066633,0.6625,56.5000076,41.5000038,99.99749,9.379898,27.5008659,25.4330368,5.172943,9.707821,34.76262,38.25,0.25,0,55,0,85,0.416,1.01,16,16,16,32,48,30,295,160,130,0,0,0,16,37.25,0.25,0,55,0,85,0.416,1.01,16,16,16,32,48,30,295,160,130,0,0,0,16,512,-1,485.785156,485.480469,0.3046875,0.5,7618.451,7618.951,0,0,0,0,0,0,0,0,0,0,0,0,512,600,1200,3000,47,0.719000041,1.30500007,0,0,14,41,210,405,0,0,0,0,0,0,0,0,2.011,6.544,0.865,1773.582,72.57031,0,0,0,0,0,0,0,0,0,0,0,0,0,0,51.59375,46,16376,14294,2081,12.7122488,5.926,0,0
05/27/2026 14:36:15,47,56,0,56,62,53,53,53,53,71,12.12,5.03,1.30800009,1.388,0.684,0.30400002,0.644000053,3.28400016,2.046,0,3.364,3.364,3.11200023,56,46,42,46.5,1055,715,0,906,814,0,0,0,0,0,9.23,4.62,1.52,1.52,4.62,16.92,1.52,6.06,5.75,16.92,27.5048962,3276,176,4850,333,48.5,0.259572685,0.6625,2838,77,32.3333321,0.04938278,0.6625,2595,27,32.3333321,0.0165514555,0.6625,2595,22,32.3333321,0.014172121,0.6625,2726,38,32.3333321,0.0268177222,0.6625,4850,520,48.5,0.5176094,0.6625,2522,16,32.3333321,0.0115732886,0.6625,3233,379,32.3333321,0.449349761,0.6625,55.7500076,43.5000038,99.99749,9.355682,27.5250816,25.3673782,5.144764,9.736,34.57325,38.25,0.25,0,55,0,85,0.416,1.01,16,16,16,32,48,30,295,160,130,0,0,0,16,37.25,0.25,0,55,0,85,0.416,1.01,16,16,16,32,48,30,295,160,130,0,0,0,16,512,-1,485.785156,485.480469,0.3046875,0.5,7618.451,7618.951,0,0,0,0,0,0,0,0,0,0,0,0,512,600,1200,3000,46,0.615,1.30500007,0,0,13,41,210,405,0,0,0,0,0,0,0,0,1.352,5.808,0.865,1773.582,72.57031,0.951713741,0,0,0,0,0,0,0,0,0,0,0,0,0,51.65625,48,16376,14294,2081,12.7122488,5.351,49152,0
05/27/2026 14:36:17,46,56,0,56,61,53,53,53,53,70,12.12,5.03,1.30800009,1.39200008,0.75000006,0.30400002,0.644000053,3.288,2.046,0,3.36800027,3.364,3.11600018,55,46,42,46.5,1033,714,0,901,810,0,0,0,0,0,3.12,1.56,0,0,0,12.5,0,6.25,2.93,12.5,27.1529064,3019,174,4850,353,48.5,0.257241875,0.65,2630,38,32.3333321,0.033093553,0.65,2566,25,32.3333321,0.0149668567,0.65,2542,20,32.3333321,0.0115141524,0.65,2572,27,32.3333321,0.0127626751,0.65,3233,531,32.3333321,0.5007346,0.65,2525,17,32.3333321,0.0113331461,0.65,3233,384,32.3333321,0.4583149,0.65,55.2500076,42.0000038,99.99749,9.354126,27.526638,25.36316,5.14505768,9.735706,34.5752258,38.25,0.25,0,55,0,85,0.416,1.01,16,16,16,32,48,30,295,160,130,0,0,0,16,37.25,0.25,0,55,0,85,0.416,1.01,16,16,16,32,48,30,295,160,130,0,0,0,16,512,-1,485.785156,485.480469,0.3046875,0.5,7618.451,7618.951,0,0,0,0,0,0,0,0,0,0,0,0,512,600,1200,3000,47,0.835000038,1.30500007,0,0,12,41,210,405,0,0,0,0,0,0,0,0,0.928,3.398,0.865,1773.582,72.57031,0,0,0,0,0,0,0,0,0,0,0,0,0,0,51.59375,48,16376,14294,2081,12.7122488,3.124,0,49152
05/27/2026 14:36:19,45,56,0,55,60,52,52,52,52,69,12.12,5.03,1.30800009,1.39200008,0.724000037,0.30400002,0.644000053,3.28400016,2.046,0,3.36800027,3.36800027,3.11600018,55,46.5,42,46.5,1019,741,0,875,801,0,0,0,0,0,4.69,0,0,0,0,9.38,0,6.25,2.54,9.38,26.4551258,3624,174,3233,337,32.3333321,0.2525122,0.65,2641,45,32.3333321,0.0249099638,0.65,2620,27,32.3333321,0.0124597475,0.65,2569,21,32.3333321,0.0110452352,0.65,4031,33,48.5,0.0155293075,0.65625,4850,524,48.5,0.50949055,0.65625,4194,25,48.5,0.0122370338,0.65625,4850,377,48.5,0.462586939,0.65625,54.2500076,42.0000038,99.99749,9.363983,27.51678,25.3898849,5.14462662,9.736137,34.5723267,38.25,0.25,0,55,0,85,0.416,1.01,16,16,16,32,48,30,295,160,130,0,0,0,16,37.25,0.25,0,55,0,85,0.416,1.01,16,16,16,32,48,30,295,160,130,0,0,0,16,512,-1,485.785156,485.480469,0.3046875,0.5,7618.451,7618.951,0,0,0,0,0,0,0,0,0,0,0,0,512,600,1200,3000,47,0.565,1.30500007,0,0,13,41,210,405,0,0,0,0,0,0,0,0,1.633,4.103,0.865,1773.582,72.57031,0,0,0,0,0,0,0,0,0,0,0,0,0,0,51.46875,48,16376,14294,2081,12.7122488,3.297,0,0
05/27/2026 14:36:21,45,56,0,54,59,51,51,51,51,69,12.12,5.03,1.30800009,1.39200008,0.736000061,0.306000024,0.644000053,3.28400016,2.046,0,3.36800027,3.364,3.11600018,54,46.5,42,46.5,1005,714,0,864,771,0,0,0,0,0,7.69,0,1.56,0,0,9.23,0,7.81,3.29,9.23,27.8805332,3365,168,4850,335,48.5,0.247743338,0.65,2761,60,32.3333321,0.03626031,0.65,3233,74,32.3333321,0.06698888,0.65,2536,19,32.3333321,0.0146032507,0.65,2616,29,32.3333321,0.0218531061,0.65,4850,424,48.5,0.42574048,0.65,2839,23,32.3333321,0.012827538,0.65,3233,384,32.3333321,0.4522619,0.65,54.7500076,42.5000038,99.99748,9.365711,27.5150528,25.39457,5.144493,9.736271,34.571434,38.25,0.25,0,55,0,85,0.416,1.01,16,16,16,32,48,30,295,160,130,0,0,0,16,37.25,0.25,0,55,0,85,0.416,1.01,16,16,16,32,48,30,295,160,130,0,0,0,16,512,-1,485.785156,485.480469,0.3046875,0.5,7618.451,7618.951,0,0,0,0,0,0,0,0,0,0,0,0,512,600,1200,3000,47,0.695000052,1.30500007,0,0,13,41,210,405,0,0,0,0,0,0,0,0,1.567,6.541,0.865,1773.582,72.57031,0,0,0,0,0,0,0,0,0,0,0,0,0,0,51.5,46,16376,14294,2081,12.7122488,4.905,0,0
05/27/2026 14:36:23,44,56,0,53,58,50,50,50,50,68,12.12,5.03,1.30800009,1.39200008,0.702,0.322000027,0.644000053,3.28400016,2.046,0,3.36800027,3.36800027,3.11600018,54,46.5,42,46.5,974,714,0,850,778,0,0,0,0,0,6.35,0,0,0,6.35,7.94,0,0,2.58,7.94,26.9752045,3148,179,4850,347,48.5,0.228084609,0.66875,2835,59,32.3333321,0.04022365,0.66875,2625,24,32.3333321,0.0145970415,0.66875,2619,23,32.3333321,0.0153310988,0.66875,3233,343,32.3333321,0.3464984,0.66875,3233,545,32.3333321,0.5514742,0.66875,2557,15,32.3333321,0.0132894814,0.66875,3233,75,32.3333321,0.06583603,0.66875,54.0000076,42.5000038,99.99749,9.364422,27.5163422,25.3910751,5.14331436,9.73745,34.5635071,38.25,0.25,0,55,0,85,0.416,1.01,16,16,16,32,48,30,295,160,130,0,0,0,16,37.25,0.25,0,55,0,85,0.416,1.01,16,16,16,32,48,30,295,160,130,0,0,0,16,512,-1,485.785156,485.480469,0.3046875,0.5,7618.451,7618.951,0,0,0,0,0,0,0,0,0,0,0,0,512,600,1200,3000,46,0.410000026,1.30500007,0,0,11,41,210,405,0,0,0,0,0,0,0,0,0.817,5.255,0.865,1773.582,72.57031,0,0,0,0,0,0,0,0,0,0,0,0,0,0,51.46875,48,16376,14294,2081,12.7122488,4.623,99328,0
05/27/2026 14:36:25,44,56,0,53,58,50,50,50,50,68,12.12,5.03,1.30800009,1.39200008,0.762,0.314,0.644000053,3.28400016,2.046,0,3.36800027,3.364,3.11600018,54,46.5,42,46.5,979,741,0,842,750,0,0,0,0,0,10.94,4.69,1.56,1.56,3.12,17.19,0,7.81,5.86,17.19,27.4490051,3286,189,4850,511,48.5,0.437010139,0.65,2873,64,32.3333321,0.0622107722,0.65,2595,25,32.3333321,0.0126989931,0.65,2610,20,32.3333321,0.0120319808,0.65,2716,32,32.3333321,0.02849272,0.65,4850,451,48.5,0.4786003,0.65,2559,14,32.3333321,0.0117997034,0.65,3233,393,32.3333321,0.475317448,0.65,54.1250076,41.0000038,99.9975,9.364674,27.51609,25.3917542,5.144329,9.736435,34.5703278,38.25,0.25,0,55,0,85,0.416,1.01,16,16,16,32,48,30,295,160,130,0,0,0,16,37.25,0.25,0,55,0,85,0.416,1.01,16,16,16,32,48,30,295,160,130,0,0,0,16,512,-1,485.785156,485.480469,0.3046875,0.5,7618.451,7618.951,0,0,0,0,0,0,0,0,0,0,0,0,512,600,1200,3000,47,0.575000048,1.30500007,0,0,13,41,210,405,0,0,0,0,0,0,0,0,0.965,3.359,0.865,1773.582,72.57031,0,0,0,0,0,0,0,0,0,0,0,0,0,0,51.5,48,16376,14294,2081,12.7122488,3.11,0,0
05/27/2026 14:36:27,44,56,0,53,58,50,50,50,50,68,12.12,5.03,1.30800009,1.39200008,0.724000037,0.306000024,0.644000053,3.28400016,2.046,0,3.36800027,3.364,3.11600018,55,46.5,42,46.5,974,741,0,838,765,0,0,0,0,0,25,10.77,12.31,6.15,7.69,21.88,6.15,10.77,12.59,25,26.5968533,3631,306,3600,904,36,0.9157663,0.9625,3215,142,36,0.219126791,0.95625,3228,133,36,0.207650661,0.95,3168,92,36,0.145937115,0.95,3170,119,36,0.179865822,0.95,3600,526,36,0.579337,0.95625,4220,89,48.5,0.134109974,0.95,4850,442,48.5,0.559479833,1,53.2500076,42.5000038,99.9975,9.374004,27.50676,25.4170532,5.153454,9.72731,34.6316452,38.25,0.25,0,55,0,85,0.416,1.01,16,16,16,32,48,30,295,160,130,0,0,0,16,37.25,0.25,0,55,0,85,0.416,1.01,16,16,16,32,48,30,295,160,130,0,0,0,16,512,-1,485.785156,485.480469,0.3046875,0.5,7618.451,7618.951,0,0,0,0,0,0,0,0,0,0,0,0,512,600,1200,3000,47,0.594000041,1.30500007,0,0,13,41,210,405,0,0,0,0,0,0,0,0,1.735,5.165,0.865,1773.582,72.57031,0,0,0,0,0,0,0,0,0,0,0,0,0,0,51.46875,48,16376,14294,2081,12.7122488,3.689,0,0
05/27/2026 14:36:29,45,56,0,53,58,52,52,52,52,69,12.12,5.03,1.30800009,1.39200008,0.682000041,0.308000028,0.644000053,3.28400016,2.046,0,3.364,3.364,3.11600018,54,46,42,46.5,979,714,0,847,757,0,0,0,0,0,7.81,0,0,0,0,1.56,0,7.81,2.15,7.81,27.31324,3310,170,4850,524,48.5,0.385856569,0.6625,2746,52,32.3333321,0.0298064426,0.6625,3233,74,32.3333321,0.06333869,0.6625,2524,20,32.3333321,0.0112793846,0.6625,2566,29,32.3333321,0.013017742,0.6625,4850,256,48.5,0.215553135,0.6625,2479,14,32.3333321,0.01096471,0.6625,3233,391,32.3333321,0.442347,0.6625,54.6250076,42.5000038,99.99748,9.367695,27.51307,25.3999481,5.14730072,9.733463,34.5903,38.25,0.25,0,55,0,85,0.416,1.01,16,16,16,32,48,30,295,160,130,0,0,0,16,37.25,0.25,0,55,0,85,0.416,1.01,16,16,16,32,48,30,295,160,130,0,0,0,16,512,-1,485.785156,485.480469,0.3046875,0.5,7618.451,7618.951,0,0,0,0,0,0,0,0,0,0,0,0,512,600,1200,3000,46,0.685000062,1.30500007,0,0,13,41,210,405,0,0,0,0,0,0,0,0,1.447,6.559,0.865,1773.582,72.57031,0,0,0,0,0,0,0,0,0,0,0,0,0,0,51.46875,48,16376,14294,2081,12.7122488,5.117,0,49152
05/27/2026 14:36:31,44,56,0,54,59,50,50,50,50,68,12.12,5.03,1.30800009,1.39200008,0.830000043,0.322000027,0.644000053,3.288,2.046,0,3.36800027,3.364,3.11600018,54,46,42,46.5,1006,714,0,842,763,0,0,0,0,0,12.5,1.56,1.56,0,1.56,3.12,0,7.81,3.52,12.5,27.5535564,3330,221,4850,742,48.5,0.66086483,0.65,2888,99,32.3333321,0.116660327,0.65,2646,33,32.3333321,0.04201192,0.65,2780,42,32.3333321,0.04355517,0.65,2691,39,32.3333321,0.0646088943,0.65,4850,337,48.5,0.366538018,0.65,2704,32,32.3333321,0.0416686237,0.65,3233,446,32.3333321,0.5217189,0.65,54.5000076,44.0000038,99.99748,9.366718,27.5140457,25.3973,5.14605331,9.734711,34.5819168,38.25,0.25,0,55,0,85,0.416,1.01,16,16,16,32,48,30,295,160,130,0,0,0,16,37.25,0.25,0,55,0,85,0.416,1.01,16,16,16,32,48,30,295,160,130,0,0,0,16,512,-1,485.785156,485.480469,0.3046875,0.5,7618.451,7618.951,0,0,0,0,0,0,0,0,0,0,0,0,512,600,1200,3000,47,0.435000032,1.30500007,0,0,11,41,210,405,0,0,0,0,0,0,0,0,1.134,3.379,0.865,1773.582,72.57031,0.0169752911,0,0,0,0,0,0,0,0,0,0,0,0,0,51.59375,46,16376,14294,2081,12.7122488,3.508,49152,49152
05/27/2026 14:36:34,45,56,0,55,60,54,54,54,54,71,12.12,5.03,1.31000006,1.39200008,0.840000033,0.318000019,0.644000053,3.28400016,2.046,0,3.36800027,3.36800027,3.11600018,56,46.5,42,46.5,990,741,0,852,753,0,0,0,0,0,7.94,0,0,0,0,7.94,0,14.29,3.77,14.29,28.8878727,3586,193,4040,451,40.4,0.375263572,0.475,3563,73,40.4,0.07594996,0.475,3299,32,40.4,0.0433104336,0.51875,3312,25,40.4,0.03691124,0.51875,3318,46,40.4,0.0541273057,0.51875,5050,460,50.5,0.491488725,0.525,2740,22,33.6666679,0.0318598561,0.525,3367,432,33.6666679,0.5229957,0.525,57.7500076,62.6250038,99.99748,9.364967,27.5157967,25.3925552,5.14322662,9.737537,34.56292,38.25,0.25,0,55,0,85,0.416,1.01,16,16,16,32,48,30,295,160,130,0,0,0,16,37.25,0.25,0,55,0,85,0.416,1.01,16,16,16,32,48,30,295,160,130,0,0,0,16,512,-1,485.785156,485.480469,0.3046875,0.5,7618.451,7618.951,0,0,0,0,0,0,0,0,0,0,0,0,512,600,1200,3000,48,1.05500007,1.30500007,0,6,14,41,210,405,0,0,0,0,0,0,0,0,1.472,3.465,0.865,1773.582,72.57031,0,0,0,0,0,0,0,0,0,0,0,0,0,0,51.4375,46,16376,14294,2081,12.7122488,3.092,49152,0
05/27/2026 14:36:35,46,56,0,55,60,57,57,57,57,74,12.12,5.03,1.30800009,1.39200008,0.816000044,0.31,0.644000053,3.28400016,2.046,0,3.36800027,3.36800027,3.11600018,57,46.5,42,46.5,1025,742,0,874,759,0,0,0,0,0,4.69,0,0,0,1.59,3.12,0,0,1.17,4.69,26.093689,3172,83,4850,277,48.5,0.163061291,0.64375,2615,40,32.3333321,0.0247557387,0.64375,2554,28,32.3333321,0.0107218381,0.64375,2547,21,32.3333321,0.0115677854,0.65,2575,30,32.3333321,0.0166973,0.65,4817,210,48.5,0.154619455,0.65,2690,22,32.3333321,0.0143719427,0.65,2727,34,32.3333321,0.014048459,0.65,57.3750076,41.0000038,99.9975,9.38533,27.4954338,25.4477615,5.17019653,9.710567,34.7441559,38.25,0.25,0,55,0,85,0.416,1.01,16,16,16,32,48,30,295,160,130,0,0,0,16,37.25,0.25,0,55,0,85,0.416,1.01,16,16,16,32,48,30,295,160,130,0,0,0,16,512,-1,485.785156,485.480469,0.3046875,0.5,7618.451,7618.951,0,0,0,0,0,0,0,0,0,0,0,0,512,600,1200,3000,48,0.745000064,1.30500007,0,0,14,41,210,405,0,0,0,0,0,0,0,0,1.718,6.409,0.865,1773.582,72.57031,0,0,0,0,0,0,0,0,0,0,0,0,0,0,51.4375,48,16376,14294,2081,12.7122488,5.04,0,0
05/27/2026 14:36:37,47,56,0,56,61,55,55,55,55,72,12.12,5.03,1.30800009,1.39200008,0.844000041,0.328,0.644000053,3.28400016,2.046,0,3.36800027,3.36800027,3.11600018,56,46.5,42,46.5,1038,715,0,877,763,0,0,0,0,0,7.81,0,0,0,3.08,10.94,0,6.15,3.5,10.94,27.7987175,3408,192,4850,613,48.5,0.5120705,0.65,2913,75,32.3333321,0.0785963,0.65,2835,39,32.3333321,0.0350492932,0.65,2682,27,32.3333321,0.0265108086,0.65,3233,89,32.3333321,0.09651868,0.65,4850,261,48.5,0.286197543,0.65,2672,19,32.3333321,0.025608832,0.65,3233,413,32.3333321,0.501336157,0.65,56.2500076,41.5000038,99.99748,9.393658,27.4871063,25.4703445,5.18087,9.699894,34.8158875,38.25,0.25,0,55,0,85,0.416,1.01,16,16,16,32,48,30,295,160,130,0,0,0,16,37.25,0.25,0,55,0,85,0.416,1.01,16,16,16,32,48,30,295,160,130,0,0,0,16,512,-1,485.785156,485.480469,0.3046875,0.5,7618.451,7618.951,0,0,0,0,0,0,0,0,0,0,0,0,512,600,1200,3000,46,0.604000032,1.30500007,0,1,13,41,210,405,0,0,0,0,0,0,0,0,1.489,5.988,0.865,1773.582,72.57031,0.9535191,0,0,0,0,0,0,0,0,0,0,0,0,0,51.46875,46,16376,14294,2081,12.7122488,5.533,0,0
05/27/2026 14:36:39,47,56,0,57,62,57,57,57,57,75,12.12,5.03,1.31000006,1.39200008,0.724000037,0.322000027,0.644000053,3.28400016,2.046,0,3.364,3.364,3.11600018,58,46,42,46.5,1055,715,0,877,797,0,0,0,0,0,15.38,1.56,1.56,0,1.56,21.54,0,7.81,6.18,21.54,30.14367,3381,307,4850,662,48.5,0.6679809,0.64375,3008,181,32.3333321,0.282173365,0.64375,2802,84,32.3333321,0.14204739,0.64375,2740,75,32.3333321,0.146535844,0.64375,2820,109,32.3333321,0.18686454,0.64375,4850,989,48.5,1.15400255,0.64375,2743,65,32.3333321,0.132397562,0.64375,3233,290,32.3333321,0.407095015,0.64375,58.2500076,42.0000038,99.99749,9.399345,27.4814186,25.4857635,5.180008,9.700756,34.8100967,38.25,0.25,0,55,0,85,0.416,1.01,16,16,16,32,48,30,295,160,130,0,0,0,16,37.25,0.25,0,55,0,85,0.416,1.01,16,16,16,32,48,30,295,160,130,0,0,0,16,512,-1,485.785156,485.480469,0.3046875,0.5,7618.451,7618.951,0,0,0,0,0,0,0,0,0,0,0,0,512,600,1200,3000,49,1.04000008,1.30500007,0,13,14,41,210,405,0,0,0,0,0,0,0,0,1.327,3.379,0.865,1773.582,72.57031,0,0,0,0,0,0,0,0,0,0,0,0,0,0,51.4375,48,16376,14294,2081,12.7122488,3.811,18049024,49152
05/27/2026 14:36:41,49,56,0,58,63,56,56,56,56,73,12.12,5.03,1.31000006,1.39200008,0.842000067,0.316,0.644000053,3.28400016,2.046,0,3.36800027,3.364,3.11200023,57,46.5,42,46.5,1083,743,0,903,789,0,0,0,0,0,9.38,3.12,0,0,1.56,14.06,0,7.81,4.49,14.06,27.5821342,3370,208,3600,424,36,0.3465066,0.8,3447,100,36,0.0736196563,0.8,3063,36,36,0.0328470841,0.8,3031,29,36,0.0272477511,0.8,3560,110,36,0.0994716138,0.8,3600,532,36,0.5455274,0.8,3058,31,36,0.0351899564,0.8,3600,401,36,0.4775974,0.8,56.8750076,41.5000038,99.9975,9.353001,27.5277634,25.3601074,5.14120865,9.739555,34.5493546,38.25,0.25,0,55,0,85,0.416,1.01,16,16,16,32,48,30,295,160,130,0,0,0,16,37.25,0.25,0,55,0,85,0.416,1.01,16,16,16,32,48,30,295,160,130,0,0,0,16,512,-1,485.785156,485.480469,0.3046875,0.5,7618.451,7618.951,0,0,0,0,0,0,0,0,0,0,0,0,512,600,1200,3000,47,1.0250001,1.30500007,0,6,14,41,210,405,0,0,0,0,0,0,0,0,1.807,4.636,0.865,1773.582,72.57031,0.970121,0,0,0,0,0,0,0,0,0,0,0,0,0,51.5625,48,16376,14294,2081,12.7122488,4.525,99328,0
05/27/2026 14:36:43,49,56,0,58,63,56,56,56,56,73,12.12,5.03,1.30800009,1.39200008,0.688,0.302000016,0.644000053,3.288,2.046,0,3.36800027,3.36800027,3.11600018,57,46.5,42,46.5,1077,715,0,901,801,0,0,0,0,0,15.62,4.62,1.56,1.54,3.08,6.25,1.54,7.69,5.24,15.62,27.0879478,3276,155,4850,365,48.5,0.280635566,0.65,2711,47,32.3333321,0.026669275,0.65,2658,25,32.3333321,0.0129545163,0.65,2627,22,32.3333321,0.0115404669,0.65,2662,38,32.3333321,0.0229529534,0.65,4850,316,48.5,0.366624445,0.65,2615,22,32.3333321,0.02208485,0.65,3233,402,32.3333321,0.48519817,0.65,56.8750076,41.5000038,99.99749,9.386147,27.4946175,25.4499817,5.17118073,9.709583,34.75078,38.25,0.25,0,55,0,85,0.416,1.01,16,16,16,32,48,30,295,160,130,0,0,0,16,37.25,0.25,0,55,0,85,0.416,1.01,16,16,16,32,48,30,295,160,130,0,0,0,16,512,-1,485.785156,485.480469,0.3046875,0.5,7618.451,7618.951,0,0,0,0,0,0,0,0,0,0,0,0,512,600,1200,3000,48,1.05500007,1.30500007,0,7,14,41,210,405,0,0,0,0,0,0,0,0,1.991,6.583,0.865,1773.582,72.57031,0,0,0,0,0,0,0,0,0,0,0,0,0,0,51.5625,48,16376,14294,2081,12.7122488,6.001,49152,0
05/27/2026 14:36:45,47,56,0,57,63,55,55,55,55,71,12.12,5.03,1.30800009,1.39200008,0.734,0.314,0.644000053,3.28400016,2.046,0,3.36800027,3.364,3.11600018,56,46,42,46.5,1076,715,0,913,825,0,0,0,0,0,3.17,0,0,0,0,6.35,0,7.94,2.18,7.94,28.3024616,3383,221,4850,527,48.5,0.492565483,0.65,3180,124,32.3333321,0.130814984,0.65,2799,36,32.3333321,0.0352915861,0.65,2661,31,32.3333321,0.0310223084,0.65,2804,52,32.3333321,0.0560151041,0.65,4850,554,48.5,0.59411,0.65,2688,25,32.3333321,0.030678656,0.65,3233,422,32.3333321,0.5210373,0.65,56.0000076,43.0000038,99.99748,9.362125,27.5186386,25.38485,5.14614868,9.734615,34.5825577,38.25,0.25,0,55,0,85,0.416,1.01,16,16,16,32,48,30,295,160,130,0,0,0,16,37.25,0.25,0,55,0,85,0.416,1.01,16,16,16,32,48,30,295,160,130,0,0,0,16,512,-1,485.785156,485.480469,0.3046875,0.5,7618.451,7618.951,0,0,0,0,0,0,0,0,0,0,0,0,512,600,1200,3000,48,1.08400011,1.30500007,0,8,14,41,210,405,0,0,0,0,0,0,0,0,1.227,4.895,0.865,1773.582,72.57031,0.9841471,0,0,0,0,0,0,0,0,0,0,0,0,0,51.5,48,16376,14294,2081,12.7122488,4.76,99328,0
05/27/2026 14:36:47,47,56,0,57,63,55,55,55,55,73,12.12,5.03,1.30800009,1.39200008,0.746000051,0.306000024,0.644000053,3.28400016,2.046,0,3.36800027,3.36800027,3.11600018,56,46,42,46.5,1059,743,0,906,802,0,0,0,0,0,9.23,0,0,0,0,6.15,0,4.69,2.51,9.23,27.1394653,3224,114,4826,286,48.5,0.200560421,0.65,2745,47,32.3333321,0.0282047577,0.65,2539,26,32.3333321,0.012812064,0.65,2486,20,32.3333321,0.01093658,0.65,2633,34,32.3333321,0.0154416617,0.65,4850,386,48.5,0.341658145,0.65,2479,17,32.3333321,0.01070905,0.65,3233,94,32.3333321,0.137134209,0.65,56.6250076,43.5000038,99.99749,9.382042,27.4987221,25.4388428,5.17102432,9.70974,34.7497177,38.25,0.25,0,55,0,85,0.416,1.01,16,16,16,32,48,30,295,160,130,0,0,0,16,37.25,0.25,0,55,0,85,0.416,1.01,16,16,16,32,48,30,295,160,130,0,0,0,16,512,-1,485.785156,485.480469,0.3046875,0.5,7618.451,7618.951,0,0,0,0,0,0,0,0,0,0,0,0,512,600,1200,3000,47,0.570000052,1.30500007,0,0,13,41,210,405,0,0,0,0,0,0,0,0,0.889,3.364,0.865,1773.582,72.57031,0,0,0,0,0,0,0,0,0,0,0,0,0,0,51.40625,46,16376,14294,2081,12.7122488,3.823,0,0
05/27/2026 14:36:50,47,56,0,56,62,53,53,53,53,71,12.12,5.03,1.30800009,1.39200008,0.784000039,0.31,0.644000053,3.28400016,2.046,0,3.36800027,3.364,3.11600018,56,46,42,46.5,1046,742,0,891,802,0,0,0,0,0,9.52,1.56,1.56,1.56,0,12.7,0,7.81,4.34,12.7,27.4483433,3813,216,5050,519,50.5,0.460829258,0.54375,3048,82,33.6666679,0.0687876642,0.54375,3328,37,40.4,0.0368591249,0.5625,3225,24,40.4,0.0331768841,0.5625,3531,57,40.4,0.07163992,0.5625,4040,531,40.4,0.5450261,0.5625,3229,23,40.4,0.03059104,0.5625,5050,457,50.5,0.544084668,0.50625,55.3750076,41.5000038,99.99749,9.395508,27.4852562,25.4753571,5.174629,9.706135,34.77395,38.25,0.25,0,55,0,85,0.416,1.01,16,16,16,32,48,30,295,160,130,0,0,0,16,37.25,0.25,0,55,0,85,0.416,1.01,16,16,16,32,48,30,295,160,130,0,0,0,16,512,-1,485.785156,485.480469,0.3046875,0.5,7618.451,7618.951,0,0,0,0,0,0,0,0,0,0,0,0,512,600,1200,3000,48,1.08400011,1.30500007,0,8,14,41,210,405,0,0,0,0,0,0,0,0,2.02,5.598,0.865,1773.582,72.57031,0.936102331,0,0,0,0,0,0,0,0,0,0,0,0,0,51.4375,48,16376,14294,2081,12.7122488,5.245,0,0
05/27/2026 14:36:52,47,56,0,57,62,57,57,57,57,73,12.12,5.03,1.30800009,1.39200008,1.036,0.312,0.646,3.28400016,2.046,0,3.36800027,3.364,3.11600018,57,46.5,42,46.5,1042,715,0,898,792,0,0,0,0,0,6.25,1.56,0,0,0,9.38,0,15.62,4.1,15.62,29.6717,4448,291,5025,602,50.25,0.558472931,0.5375,4925,159,50.25,0.170262814,0.5375,4691,60,50.25,0.06466385,0.5,4849,55,50.5,0.06900644,0.5125,3089,93,33.6666679,0.09234001,0.5125,5000,720,50,0.724522,0.51875,2983,60,33.3333321,0.06735389,0.51875,5025,576,50.25,0.6759047,0.5,58.6250076,52.6250038,99.99749,9.398315,27.4824486,25.4829712,5.1768,9.703964,34.7885361,38.25,0.25,0,55,0,85,0.416,1.01,16,16,16,32,48,30,295,160,130,0,0,0,16,37.25,0.25,0,55,0,85,0.416,1.01,16,16,16,32,48,30,295,160,130,0,0,0,16,512,-1,485.785156,485.480469,0.3046875,0.5,7618.451,7618.951,0,0,0,0,0,0,0,0,0,0,0,0,512,600,1200,3000,46,0.405000031,1.30500007,0,0,11,41,210,405,0,0,0,0,0,0,0,0,2.199,5.686,0.865,1773.582,72.57031,0.99927783,0,0,0,0,0,0,0,0,0,0,0,0,0,51.53125,46,16376,14294,2081,12.7122488,5.817,49152,0
05/27/2026 14:36:53,48,56,0,58,63,58,58,58,58,75,12.12,5.03,1.31000006,1.39200008,0.708,0.308000028,0.644000053,3.288,2.046,0,3.36800027,3.36800027,3.11600018,58,46.5,42,46.5,1064,715,0,904,794,0,0,0,0,0,6.35,1.56,0,1.56,1.56,3.12,1.56,0,1.97,6.35,29.5229874,3381,128,4850,417,48.5,0.30512777,0.65,3082,104,32.3333321,0.08898776,0.65,2950,50,32.3333321,0.0395868048,0.65,2779,40,32.3333321,0.03274382,0.65,3100,81,32.3333321,0.0738517,0.65,4850,280,48.5,0.23821561,0.65,2847,32,32.3333321,0.0297056958,0.65,2593,21,32.3333321,0.0204099286,0.65,58.2500076,42.5000038,99.99749,9.388073,27.492691,25.4552,5.17518234,9.705582,34.7776642,38.25,0.25,0,55,0,85,0.416,1.01,16,16,16,32,48,30,295,160,130,0,0,0,16,37.25,0.25,0,55,0,85,0.416,1.01,16,16,16,32,48,30,295,160,130,0,0,0,16,512,-1,485.785156,485.480469,0.3046875,0.5,7618.451,7618.951,0,0,0,0,0,0,0,0,0,0,0,0,512,600,1200,3000,48,0.965000033,1.30500007,0,3,14,41,210,405,0,0,0,0,6,1,0,5,1.234,3.415,0.865,1773.582,72.57031,0.00507383747,0,0,0,0,0,0,0,0,0,0,0,0,0,51.46875,48,16376,14294,2081,12.7122488,5.052,0,49152
05/27/2026 14:36:56,48,56,0,58,63,56,56,56,56,73,12.12,5.03,1.30800009,1.39200008,0.734,0.318000019,0.644000053,3.28400016,2.046,0,3.36800027,3.36800027,3.11600018,58,46.5,42,46.5,1085,742,0,893,800,0,0,0,0,0,7.94,0,0,0,0,6.35,0,7.81,2.76,7.94,28.6797562,3449,212,3600,506,36,0.391511738,0.925,3147,76,36,0.08627635,0.925,3242,61,36,0.04129557,0.925,2937,31,36,0.0313773528,0.925,3155,52,36,0.0613142662,0.925,3600,510,36,0.5171571,0.925,3064,31,36,0.0307858679,0.925,4850,425,48.5,0.51786983,0.925,58.0000076,44.0000038,99.99749,9.364319,27.5164452,25.3907928,5.15031433,9.73045,34.61055,38.25,0.25,0,55,0,85,0.416,1.01,16,16,16,32,48,30,295,160,130,0,0,0,16,37.25,0.25,0,55,0,85,0.416,1.01,16,16,16,32,48,30,295,160,130,0,0,0,16,512,-1,485.785156,485.480469,0.3046875,0.5,7618.451,7618.951,0,0,0,0,0,0,0,0,0,0,0,0,512,600,1200,3000,46,0.585000038,1.30500007,0,0,13,41,210,405,0,0,0,0,0,0,0,0,1.564,3.424,0.865,1773.582,72.57031,0.899244368,0,0,0,0,0,0,0,0,0,0,0,0,0,51.5,48,16376,14294,2081,12.7122488,3.696,49152,199680
05/27/2026 14:36:57,48,56,0,58,63,56,56,56,56,73,12.12,5.03,1.30800009,1.388,0.658000052,0.308000028,0.644000053,3.28400016,2.046,0,3.364,3.364,3.11200023,56,46,42,46.5,1084,715,0,897,825,0,0,0,0,0,3.17,0,0,0,0,0,0,0,0.4,3.17,25.5524178,3128,79,4850,273,48.5,0.1308448,0.64375,2619,42,32.3333321,0.0254295859,0.64375,2553,25,32.3333321,0.0110133,0.65,2530,22,32.3333321,0.0104612345,0.65,2553,28,32.3333321,0.0127327284,0.65,4850,204,48.5,0.157060817,0.65,2502,19,32.3333321,0.009141515,0.65,2569,19,32.3333321,0.009450872,0.65,56.0000076,41.5000038,99.99749,9.39246,27.4883041,25.4671021,5.178978,9.701786,34.8031769,38.25,0.25,0,55,0,85,0.416,1.01,16,16,16,32,48,30,295,160,130,0,0,0,16,37.25,0.25,0,55,0,85,0.416,1.01,16,16,16,32,48,30,295,160,130,0,0,0,16,512,-1,485.785156,485.480469,0.3046875,0.5,7618.451,7618.951,0,0,0,0,0,0,0,0,0,0,0,0,512,600,1200,3000,46,0.599000037,1.30500007,0,0,13,41,210,405,0,0,0,0,0,0,0,0,1.575,6.321,0.865,1773.582,72.57031,0,0,0,0,0,0,0,0,0,0,0,0,0,0,51.40625,48,16376,14294,2081,12.7122488,5.698,0,49152
05/27/2026 14:37:00,47,56,0,56,62,53,53,53,53,70,12.12,5.03,1.30800009,1.39200008,0.772,0.312,0.644000053,3.28400016,2.046,0,3.36800027,3.36800027,3.11600018,56,46.5,42,46.5,1064,715,0,915,806,0,0,0,0,0,9.38,0,0,0,0,4.69,0,7.81,2.73,9.38,28.7501,3444,220,4040,470,40.4,0.424485654,0.63125,3563,73,40.4,0.07688015,0.63125,3109,63,33.6666679,0.046405904,0.63125,2759,25,33.6666679,0.0221442562,0.63125,3000,47,33.6666679,0.0468260124,0.56875,5050,631,50.5,0.7048579,0.56875,2798,32,32.3333321,0.0249266047,0.55625,3233,422,32.3333321,0.497710347,0.55625,55.6250076,44.0000038,99.99748,9.372265,27.5085,25.4123383,5.15883255,9.721931,34.6677933,38.25,0.25,0,55,0,85,0.416,1.01,16,16,16,32,48,30,295,160,130,0,0,0,16,37.25,0.25,0,55,0,85,0.416,1.01,16,16,16,32,48,30,295,160,130,0,0,0,16,512,-1,485.785156,485.480469,0.3046875,0.5,7618.451,7618.951,0,0,0,0,0,0,0,0,0,0,0,0,512,600,1200,3000,49,1.04500008,1.30500007,0,6,14,41,210,405,0,0,0,0,0,0,0,0,1.433,6.286,0.865,1773.582,72.57031,0.9579198,0,0,0,0,0,0,0,0,0,0,0,0,0,51.53125,48,16376,14294,2081,12.7122488,5.368,49152,0
05/27/2026 14:37:02,47,56,0,56,61,54,54,54,54,71,12.12,5.03,1.30800009,1.39200008,0.788000047,0.31,0.644000053,3.28400016,2.046,0,3.36800027,3.364,3.11200023,56,46.5,42,46.5,1048,741,0,887,793,0,0,0,0,0,4.69,0,0,0,0,4.69,0,7.81,2.15,7.81,28.423315,3242,116,4850,308,48.5,0.243905038,0.65,2881,59,32.3333321,0.04873485,0.65,2769,34,32.3333321,0.0243674256,0.65,2737,28,32.3333321,0.0177416168,0.65,2634,33,32.3333321,0.0287354738,0.65,4850,426,48.5,0.394720078,0.65,2588,18,32.3333321,0.0120270122,0.65,2625,25,32.3333321,0.0543880835,0.65,55.8750076,42.0000038,99.99749,9.390823,27.48994,25.4626541,5.17801666,9.702747,34.7967148,38.25,0.25,0,55,0,85,0.416,1.01,16,16,16,32,48,30,295,160,130,0,0,0,16,37.25,0.25,0,55,0,85,0.416,1.01,16,16,16,32,48,30,295,160,130,0,0,0,16,512,-1,485.785156,485.480469,0.3046875,0.5,7618.451,7618.951,0,0,0,0,0,0,0,0,0,0,0,0,512,600,1200,3000,47,0.410000026,1.30500007,0,0,11,41,210,405,0,0,0,0,0,0,0,0,1.206,3.391,0.865,1773.582,72.57031,0,0,0,0,0,0,0,0,0,0,0,0,0,0,51.4375,48,16376,14294,2081,12.7122488,3.87,49152,0
05/27/2026 14:37:04,46,56,0,56,61,53,53,53,53,70,12.12,5.03,1.30800009,1.39200008,0.732000053,0.306000024,0.644000053,3.288,2.046,0,3.36800027,3.36800027,3.11600018,55,46,42,46.5,1033,741,0,882,785,0,0,0,0,0,9.38,3.08,0,1.54,1.54,10.94,0,9.23,4.46,10.94,27.42609,3690,244,4040,595,40.4,0.513389647,0.525,3352,151,33.6666679,0.206062064,0.525,2995,55,33.6666679,0.04576838,0.525,2806,28,33.6666679,0.0300090183,0.525,2951,39,33.6666679,0.05990399,0.525,5050,590,50.5,0.6260226,0.525,3278,31,40.4,0.0314576,0.53125,5050,464,50.5,0.5496193,0.50625,54.7500076,42.0000038,99.99749,9.368546,27.5122185,25.4022522,5.1586,9.722164,34.66623,38.25,0.25,0,55,0,85,0.416,1.01,16,16,16,32,48,30,295,160,130,0,0,0,16,37.25,0.25,0,55,0,85,0.416,1.01,16,16,16,32,48,30,295,160,130,0,0,0,16,512,-1,485.785156,485.480469,0.3046875,0.5,7618.451,7618.951,0,0,0,0,0,0,0,0,0,0,0,0,512,600,1200,3000,48,0.940000057,1.30500007,0,5,14,41,210,405,0,0,0,0,0,0,0,0,1.866,4.206,0.865,1773.582,72.57031,0.930984139,0,0,0,0,0,0,0,0,0,0,0,0,0,51.40625,48,16376,14294,2081,12.7122488,3.934,0,0
05/27/2026 14:37:06,46,56,0,56,61,55,55,55,55,73,12.12,5.03,1.30800009,1.39200008,0.688,0.302000016,0.644000053,3.28400016,2.046,0,3.36800027,3.364,3.11600018,57,46,42,46.5,1028,715,0,873,801,0,0,0,0,0,3.12,0,0,0,0,4.69,0,4.69,1.56,4.69,27.30259,3976,139,3900,348,39,0.2763128,0.51875,4553,84,48.75,0.06592566,0.51875,4438,52,49.25,0.034251906,0.575,4550,49,50.5,0.03863465,0.55625,3022,51,33.6666679,0.04527117,0.54375,5050,386,50.5,0.415314466,0.54375,2925,32,33.6666679,0.03187734,0.54375,3367,113,33.6666679,0.134524763,0.54375,56.6250076,56.6250038,99.99748,9.389256,27.4915085,25.4584045,5.17653656,9.704227,34.7867661,38,0.25,0,55,0,85,0.416,1.01,16,16,16,32,48,30,295,160,130,0,0,0,16,37.25,0.25,0,55,0,85,0.416,1.01,16,16,16,32,48,30,295,160,130,0,0,0,16,512,-1,485.785156,485.480469,0.3046875,0.5,7618.451,7618.951,0,0,0,0,0,0,0,0,0,0,0,0,512,600,1200,3000,48,0.974000037,1.30500007,0,4,14,41,210,405,0,0,0,0,0,0,0,0,1.729,6.533,0.865,1773.582,72.57031,0.9787659,0,0,0,0,0,0,0,0,0,0,0,0,0,51.375,48,16376,14294,2081,12.7122488,6.172,0,0
05/27/2026 14:37:08,47,56,0,56,62,54,54,54,54,71,12.0960007,5.03,1.30800009,1.39200008,0.708,0.302000016,0.644000053,3.28400016,2.046,0,3.36800027,3.36800027,3.11600018,57,46.5,42,46.5,1048,715,0,890,779,0,0,0,0,0,12.5,3.12,3.12,1.56,1.56,17.19,3.12,7.81,6.25,17.19,30.3001556,3466,369,4850,828,48.5,0.8692029,0.65,3113,217,32.3333321,0.3228616,0.65,2838,110,32.3333321,0.184352785,0.65,3079,140,32.3333321,0.209960908,0.65,2847,126,32.3333321,0.221840784,0.65,4850,937,48.5,1.0132525,0.65,2919,107,32.3333321,0.176419333,0.65,3233,485,32.3333321,0.645105243,0.65,57.0000076,42.5000038,99.99749,9.374226,27.5065384,25.4176559,5.16214371,9.71862,34.69004,38.25,0.25,0,55,0,85,0.416,1.01,16,16,16,32,48,30,295,160,130,0,0,0,16,37.25,0.25,0,55,0,85,0.416,1.01,16,16,16,32,48,30,295,160,130,0,0,0,16,512,-1,485.785156,485.480469,0.3046875,0.5,7618.451,7618.951,0,0,0,0,0,0,0,0,0,0,0,0,512,600,1200,3000,48,1.09,1.30500007,0,8,14,41,210,405,0,0,0,0,0,0,0,0,1.246,4.776,0.865,1773.582,72.57031,0.9743736,0,0,0,0,0,0,0,0,0,0,0,0,0,51.53125,48,16376,14294,2081,12.7122488,4.648,49152,49152
05/27/2026 14:37:10,47,56,0,57,62,57,57,57,57,73,12.12,5.03,1.30800009,1.39200008,0.716,0.31,0.644000053,3.288,2.046,0,3.36800027,3.364,3.11600018,57,46,42,46.5,1054,742,0,880,784,0,0,0,0,0,4.55,1.52,0,0,0,4.55,0,4.55,1.89,4.55,28.3509274,3274,121,4850,315,48.5,0.243359521,0.65,3094,104,32.3333321,0.096094504,0.65,2599,31,32.3333321,0.02331542,0.65,2584,24,32.3333321,0.0179429967,0.65,2780,54,32.3333321,0.053469833,0.65,4850,390,48.5,0.35883,0.65,2679,26,32.3333321,0.0133637171,0.65,2758,21,32.3333321,0.0483529866,0.65,56.7500076,42.5000038,99.9975,9.383335,27.4974289,25.4423523,5.172497,9.708267,34.75962,38,0.25,0,55,0,85,0.416,1.01,16,16,16,32,48,30,295,160,130,0,0,0,16,37.25,0.25,0,55,0,85,0.416,1.01,16,16,16,32,48,30,295,160,130,0,0,0,16,512,-1,485.785156,485.480469,0.3046875,0.5,7618.451,7618.951,0,0,0,0,0,0,0,0,0,0,0,0,512,600,1200,3000,47,0.955000043,1.30500007,0,1,15,41,210,405,0,0,0,0,0,0,0,0,1.325,3.409,0.865,1773.582,72.57031,0,0,0,0,0,0,0,0,0,0,0,0,0,0,51.53125,48,16376,14294,2081,12.7122488,4.069,0,0
05/27/2026 14:37:12,47,56,0,57,62,54,54,54,54,71,12.12,5.03,1.31000006,1.39200008,0.786,0.320000023,0.644000053,3.28400016,2.046,0,3.36800027,3.36800027,3.11600018,56,46.5,42,46.5,1073,715,0,904,814,0,0,0,0,0,11.11,0,0,0,0,1.59,0,9.52,2.78,11.11,27.8146687,3542,195,3600,634,36,0.503704965,0.9625,3158,65,36,0.0517420247,0.95625,3009,41,36,0.0315436758,0.95,2970,24,36,0.0214583781,0.95,3071,42,36,0.036952354,0.95,3597,240,36,0.24063997,0.95625,4080,23,48.5,0.02147833,1.01875,4850,493,48.5,0.592560053,1.01875,55.6250076,42.5000038,99.99748,9.364067,27.5166969,25.3901138,5.14682,9.733944,34.5870667,38.25,0.25,0,55,0,85,0.416,1.01,16,16,16,32,48,30,295,160,130,0,0,0,16,37.25,0.25,0,55,0,85,0.416,1.01,16,16,16,32,48,30,295,160,130,0,0,0,16,512,-1,485.785156,485.480469,0.3046875,0.5,7618.451,7618.951,0,0,0,0,0,0,0,0,0,0,0,0,512,600,1200,3000,48,1.04000008,1.30500007,0,6,14,41,210,405,0,0,0,0,0,0,0,0,1.947,5.286,0.865,1773.582,72.57031,0.9638966,0,0,0,0,0,0,0,0,0,0,0,0,0,51.46875,48,16376,14294,2081,12.7122488,5.322,0,0
05/27/2026 14:37:14,47,56,0,57,62,56,56,56,56,73,12.12,5.03,1.30800009,1.39200008,0.66,0.298,0.644000053,3.288,2.046,0,3.36800027,3.36800027,3.11600018,57,46.5,42,46.5,1055,715,0,902,812,0,0,0,0,0,6.25,0,0,0,0,1.56,0,9.38,2.15,9.38,27.4306774,3065,161,4850,466,48.5,0.365596443,0.63125,2776,58,32.3333321,0.05262165,0.63125,2623,34,32.3333321,0.0149173327,0.63125,2510,23,32.3333321,0.0125759169,0.64375,2804,50,32.3333321,0.0276885629,0.64375,3133,201,32.3333321,0.154638872,0.64375,2590,25,32.3333321,0.0147804255,0.64375,3233,434,32.3333321,0.5076581,0.64375,56.5000076,43.5000038,99.99748,9.389263,27.4915,25.4584274,5.179306,9.701458,34.8053741,38.25,0.25,0,55,0,85,0.416,1.01,16,16,16,32,48,30,295,160,130,0,0,0,16,37.25,0.25,0,55,0,85,0.416,1.01,16,16,16,32,48,30,295,160,130,0,0,0,16,512,-1,485.785156,485.480469,0.3046875,0.5,7618.451,7618.951,0,0,0,0,0,0,0,0,0,0,0,0,512,600,1200,3000,46,0.565,1.30500007,0,0,11,41,210,405,0,0,0,0,0,0,0,0,2.063,6.315,0.865,1773.582,72.57031,0,0,0,0,0,0,0,0,0,0,0,0,0,0,51.40625,46,16376,14294,2081,12.7122488,5.909,49152,0
05/27/2026 14:37:16,47,56,0,56,62,54,54,54,54,71,12.12,5.03,1.31000006,1.39200008,0.820000052,0.314,0.646,3.288,2.046,0,3.36800027,3.36800027,3.11600018,56,46,42,46.5,1052,742,0,898,808,0,0,0,0,0,16.92,4.69,4.69,3.12,3.12,7.81,3.12,10.94,6.8,16.92,27.8940926,3243,211,4850,634,48.5,0.483693719,0.64375,3130,99,32.3333321,0.103626676,0.64375,3233,90,32.3333321,0.08157484,0.64375,2660,27,32.3333321,0.0268376768,0.64375,2860,43,32.3333321,0.0516286753,0.64375,3233,328,32.3333321,0.309261769,0.64375,2743,27,32.3333321,0.0262551345,0.64375,3233,440,32.3333321,0.503920257,0.64375,55.7500076,41.5000038,99.99748,9.36628,27.5144844,25.39611,5.150814,9.72995,34.6139069,38.25,0.25,0,55,0,85,0.416,1.01,16,16,16,32,48,30,295,160,130,0,0,0,16,37.25,0.25,0,55,0,85,0.416,1.01,16,16,16,32,48,30,295,160,130,0,0,0,16,512,-1,485.785156,485.480469,0.3046875,0.5,7618.451,7618.951,0,0,0,0,0,0,0,0,0,0,0,0,512,600,1200,3000,48,0.955000043,1.30500007,0,5,14,41,210,405,0,0,0,0,0,0,0,0,1.207,3.679,0.865,1773.582,72.57031,0.9691665,0,0,0,0,0,0,0,0,0,0,0,0,0,51.46875,48,16376,14294,2081,12.7122488,4.246,0,0
05/27/2026 14:37:18,47,56,0,57,62,56,56,56,56,74,12.12,5.03,1.30800009,1.39200008,0.708,0.312,0.644000053,3.28400016,2.046,0,3.36800027,3.364,3.11600018,57,46,42,46.5,1071,742,0,901,788,0,0,0,0,0,7.81,0,0,0,0,0,1.54,7.81,2.15,7.81,27.4179249,3052,129,4850,466,48.5,0.36033985,0.65,2754,46,32.3333321,0.03139676,0.6625,2621,25,32.3333321,0.01240347,0.6625,2582,23,32.3333321,0.0116881784,0.6625,2597,27,32.3333321,0.01391012,0.6625,3227,212,32.3333321,0.243807584,0.6625,2549,17,32.3333321,0.0109728631,0.6625,3233,215,32.3333321,0.279876351,0.6625,57.3750076,44.0000038,99.99749,9.39016,27.4906044,25.4608536,5.179035,9.701729,34.80356,38,0.25,0,55,0,85,0.416,1.01,16,16,16,32,48,30,295,160,130,0,0,0,16,37.25,0.25,0,55,0,85,0.416,1.01,16,16,16,32,48,30,295,160,130,0,0,0,16,512,-1,485.785156,485.480469,0.3046875,0.5,7618.451,7618.951,0,0,0,0,0,0,0,0,0,0,0,0,512,600,1200,3000,48,0.955000043,1.30500007,0,1,14,41,210,405,0,0,0,0,0,0,0,0,1.222,5.179,0.865,1773.582,72.57031,0.9708663,0,0,0,0,0,0,0,0,0,0,0,0,0,51.375,46,16376,14294,2081,12.7122488,3.862,0,0
05/27/2026 14:37:20,48,56,0,57,62,54,54,54,54,71,12.12,5.03,1.30800009,1.39200008,0.840000033,0.314,0.644000053,3.28400016,2.046,0,3.36800027,3.364,3.11600018,56,46,42,46.5,1082,715,0,891,811,0,0,0,0,0,12.5,0,0,0,0,0,0,9.38,2.73,12.5,27.0827885,3112,205,4850,692,48.5,0.5795538,0.6625,2904,74,32.3333321,0.07758909,0.6625,2565,28,32.3333321,0.0266863089,0.6625,2709,35,32.3333321,0.0478024669,0.6625,2797,39,32.3333321,0.0409815237,0.6625,3233,297,32.3333321,0.288512945,0.6625,2607,21,32.3333321,0.0252367835,0.6625,3233,455,32.3333321,0.546967745,0.6625,56.0000076,41.0000038,99.99748,9.360382,27.5203819,25.38012,5.147331,9.733433,34.5905075,38,0.25,0,55,0,85,0.416,1.01,16,16,16,32,48,30,295,160,130,0,0,0,16,37.25,0.25,0,55,0,85,0.416,1.01,16,16,16,32,48,30,295,160,130,0,0,0,16,512,-1,485.785156,485.480469,0.3046875,0.5,7618.451,7618.951,0,0,0,0,0,0,0,0,0,0,0,0,512,600,1200,3000,48,0.974000037,1.30500007,0,2,15,41,210,405,0,0,0,0,0,0,0,0,1.924,6.439,0.865,1773.582,72.57031,0.949499667,0,0,0,0,0,0,0,0,0,0,0,0,0,51.5,48,16376,14294,2081,12.7122488,5.679,0,0
05/27/2026 14:37:22,48,56,0,57,62,56,56,56,56,73,12.12,5.03,1.31000006,1.39200008,0.744,0.312,0.644000053,3.288,2.046,0,3.36800027,3.364,3.11600018,58,46.5,42,46.5,1079,742,0,902,789,0,0,0,0,0,12.31,1.54,0,0,3.08,13.85,0,9.23,5,13.85,29.3943729,3195,314,4850,615,48.5,0.5867179,0.6625,2912,162,32.3333321,0.230636269,0.6625,2729,89,32.3333321,0.127984,0.65625,2750,87,32.3333321,0.133569345,0.65625,3043,158,32.3333321,0.215882659,0.65625,3233,835,32.3333321,0.9471015,0.65625,2808,88,32.3333321,0.1377583,0.65625,3233,482,32.3333321,0.634652257,0.65625,57.8750076,44.0000038,99.99749,9.402191,27.4785728,25.4934845,5.182575,9.698189,34.8273468,38,0.25,0,55,0,85,0.416,1.01,16,16,16,32,48,30,295,160,130,0,0,0,16,37.25,0.25,0,55,0,85,0.416,1.01,16,16,16,32,48,30,295,160,130,0,0,0,16,512,-1,485.785156,485.480469,0.3046875,0.5,7618.451,7618.951,0,0,0,0,0,0,0,0,0,0,0,0,512,600,1200,3000,48,0.974000037,1.30500007,0,3,15,41,210,405,0,0,0,0,0,0,0,0,1.782,5.538,0.865,1773.582,72.57031,0,0,0,0,0,0,0,0,0,0,0,0,0,0,51.4375,46,16376,14294,2081,12.7122488,5.522,0,0
05/27/2026 14:37:24,48,56,0,57,62,55,55,55,55,72,12.12,5.03,1.31000006,1.39200008,0.756000042,0.30400002,0.644000053,3.288,2.046,0,3.36800027,3.36800027,3.12000012,57,46.5,42,46.5,1068,742,0,906,793,0,0,0,0,0,15.87,3.12,1.56,1.56,4.69,17.46,1.56,7.81,6.71,17.46,28.4203644,3438,297,4850,886,48.5,0.828417957,0.65,2983,134,32.3333321,0.19956401,0.65,2863,67,32.3333321,0.0991747156,0.65,2858,58,32.3333321,0.08385344,0.65,2969,93,32.3333321,0.125534356,0.65,4850,614,48.5,0.6240455,0.65,2899,59,32.3333321,0.08816841,0.65,3233,462,32.3333321,0.5608962,0.65,57.1250076,42.0000038,99.99749,9.372559,27.5082054,25.4131317,5.153557,9.727207,34.63234,38.25,0.25,0,55,0,85,0.416,1.01,16,16,16,32,48,30,295,160,130,0,0,0,16,37,0.25,0,55,0,85,0.416,1.01,16,16,16,32,48,30,295,160,130,0,0,0,16,512,-1,485.785156,485.480469,0.3046875,0.5,7618.451,7618.951,0,0,0,0,0,0,0,0,0,0,0,0,512,600,1200,3000,49,1.04000008,1.30500007,0,10,14,41,210,405,0,0,0,0,0,0,0,0,1.218,3.403,0.865,1773.582,72.57031,0.981050432,0,0,0,0,0,0,0,0,0,0,0,0,0,51.46875,46,16376,14294,2081,12.7122488,3.69,49152,0
05/27/2026 14:37:26,49,56,0,58,63,56,56,56,56,73,12.12,5.03,1.30800009,1.39200008,0.698,0.308000028,0.644000053,3.288,2.046,0,3.36800027,3.36800027,3.11600018,57,46.5,42,46.5,1070,715,0,894,798,0,0,0,0,0,10.94,1.56,0,0,0,3.12,0,7.81,2.93,10.94,29.3771687,3531,165,3600,495,36,0.396898985,0.9625,2967,46,36,0.0231235623,0.95625,2658,30,32.3333321,0.0159504153,0.83125,2588,20,32.3333321,0.0109867183,0.83125,2886,42,32.3333321,0.01605793,0.83125,4850,229,48.5,0.245778337,0.75,3849,19,48.5,0.0109329205,0.75,4850,438,48.5,0.5199696,0.75,57.3750076,52.2500038,99.99748,9.393394,27.48737,25.4696274,5.18388748,9.696877,34.8361664,38.25,0.25,0,55,0,85,0.416,1.01,16,16,16,32,48,30,295,160,130,0,0,0,16,37,0.25,0,55,0,85,0.416,1.01,16,16,16,32,48,30,295,160,130,0,0,0,16,512,-1,485.785156,485.480469,0.3046875,0.5,7618.451,7618.951,0,0,0,0,0,0,0,0,0,0,0,0,512,600,1200,3000,48,0.745000064,1.30500007,0,1,14,41,210,405,0,0,0,0,0,0,0,0,1.749,5.062,0.865,1773.582,72.57031,0,0,0,0,0,0,0,0,0,0,0,0,0,0,51.40625,46,16376,14294,2081,12.7122488,4.679,49152,0
05/27/2026 14:37:28,48,56,0,57,63,54,54,54,54,71,12.12,5.03,1.31000006,1.39200008,0.748,0.308000028,0.644000053,3.288,2.046,0,3.36800027,3.364,3.11600018,56,46,42,46.5,1071,715,0,900,820,0,0,0,0,0,17.19,3.12,1.56,1.56,1.56,14.06,3.17,0,5.28,17.19,28.53881,4058,239,5050,807,50.5,0.6943994,0.53125,5050,156,50.5,0.1600017,0.53125,3427,35,40.4,0.0346482,0.53125,3414,35,40.4,0.0371897668,0.56875,3592,54,40.4,0.0622415319,0.56875,5050,685,50.5,0.7075195,0.51875,3367,97,33.6666679,0.114716463,0.51875,3517,43,40.4,0.0435314775,0.51875,55.6250076,44.3750038,99.99749,9.3703,27.5104637,25.4070129,5.153282,9.727482,34.6304932,38.25,0.25,0,55,0,85,0.416,1.01,16,16,16,32,48,30,295,160,130,0,0,0,16,37,0.25,0,55,0,85,0.416,1.01,16,16,16,32,48,30,295,160,130,0,0,0,16,512,-1,485.785156,485.480469,0.3046875,0.5,7618.451,7618.951,0,0,0,0,0,0,0,0,0,0,0,0,512,600,1200,3000,47,0.700000048,1.30500007,0,0,13,41,210,405,0,0,0,0,0,0,0,0,1.915,6.545,0.865,1773.582,72.57031,0.946584165,0,0,0,0,0,0,0,0,0,0,0,0,0,51.5,48,16376,14294,2081,12.7122488,5.768,0,0
05/27/2026 14:37:30,48,56,0,57,63,56,56,56,56,74,12.12,5.03,1.30800009,1.39200008,0.76000005,0.316,0.646,3.28400016,2.046,0,3.36800027,3.364,3.11600018,58,46,42,46.5,1071,742,0,896,801,0,0,0,0,0,12.5,0,0,0,0,1.56,1.54,6.25,2.73,12.5,27.1631031,3266,147,4850,504,48.5,0.422836572,0.65,2710,42,32.3333321,0.03631502,0.65,2591,20,32.3333321,0.0145647181,0.65,2584,20,32.3333321,0.0123373121,0.65,2598,23,32.3333321,0.0162766669,0.65,4850,244,48.5,0.1914192,0.65,2709,27,32.3333321,0.0160182249,0.65,3233,296,32.3333321,0.3661868,0.65,57.5000076,41.0000038,99.9975,9.381989,27.4987755,25.4387054,5.17258835,9.708176,34.76023,38,0.25,0,55,0,85,0.416,1.01,16,16,16,32,48,30,295,160,130,0,0,0,16,37,0.25,0,55,0,85,0.416,1.01,16,16,16,32,48,30,295,160,130,0,0,0,16,512,-1,485.785156,485.480469,0.3046875,0.5,7618.451,7618.951,0,0,0,0,0,0,0,0,0,0,0,0,512,600,1200,3000,47,0.625,1.30500007,0,0,13,41,210,405,0,0,0,0,0,0,0,0,0.994,3.609,0.865,1773.582,72.57031,0,0,0,0,0,0,0,0,0,0,0,0,0,0,51.3125,48,16376,14294,2081,12.7122488,5.003,18049024,49152
05/27/2026 14:37:32,48,56,0,57,63,55,55,55,55,72,12.12,5.03,1.31000006,1.39200008,0.874,0.328,0.644000053,3.28400016,2.046,0,3.36800027,3.36800027,3.11600018,56,46,42,46.5,1067,742,0,895,801,0,0,0,0,0,7.81,1.56,0,0,0,3.12,0,9.38,2.73,9.38,27.6426182,3376,209,4850,638,48.5,0.5339636,0.65625,3223,135,32.3333321,0.130405217,0.66875,2728,40,32.3333321,0.0282208677,0.66875,2630,24,32.3333321,0.0216773488,0.66875,2841,44,32.3333321,0.03549317,0.66875,4850,300,48.5,0.336479574,0.66875,2650,18,32.3333321,0.0203215647,0.66875,3233,470,32.3333321,0.540253162,0.66875,56.2500076,44.0000038,99.99748,9.36219,27.5185738,25.385025,5.152397,9.728367,34.62455,38.25,0.25,0,55,0,85,0.416,1.01,16,16,16,32,48,30,295,160,130,0,0,0,16,37,0.25,0,55,0,85,0.416,1.01,16,16,16,32,48,30,295,160,130,0,0,0,16,512,-1,485.785156,485.480469,0.3046875,0.5,7618.451,7618.951,0,0,0,0,0,0,0,0,0,0,0,0,512,600,1200,3000,46,0.625,1.30500007,0,1,13,41,210,405,0,0,0,0,0,0,0,0,1.24,3.364,0.865,1773.582,72.57031,0.9981216,0,0,0,0,0,0,0,0,0,0,0,0,0,51.40625,48,16376,14294,2081,12.7122488,3.67,49152,0
05/27/2026 14:37:34,48,56,0,57,62,55,55,55,55,72,12.12,5.03,1.30800009,1.39200008,0.668000042,0.3,0.644000053,3.28400016,2.046,0,3.364,3.364,3.11200023,57,46,42,46.5,1072,715,0,903,799,0,0,0,0,0,17.19,1.56,1.56,1.56,0,3.12,0,9.38,4.3,17.19,29.0973148,3039,168,4850,582,48.5,0.5351397,0.66875,2650,43,32.3333321,0.0300154369,0.66875,2658,31,32.3333321,0.0159268659,0.66875,2577,19,32.3333321,0.0118283723,0.66875,2610,24,32.3333321,0.0130617851,0.66875,3140,178,32.3333321,0.18555218,0.66875,2596,17,32.3333321,0.01162532,0.66875,3233,453,32.3333321,0.5450596,0.66875,56.3750076,55.2500038,99.99749,9.38435,27.4964142,25.4451065,5.174202,9.706562,34.77108,38,0.25,0,55,0,85,0.416,1.01,16,16,16,32,48,30,295,160,130,0,0,0,16,37,0.25,0,55,0,85,0.416,1.01,16,16,16,32,48,30,295,160,130,0,0,0,16,512,-1,485.785156,485.480469,0.3046875,0.5,7618.451,7618.951,0,0,0,0,0,0,0,0,0,0,0,0,512,600,1200,3000,46,0.405000031,1.30500007,0,0,11,41,210,405,0,0,0,0,0,0,0,0,2.117,5.812,0.865,1773.582,72.57031,0,0,0,0,0,0,0,0,0,0,0,0,0,0,51.34375,46,16376,14294,2081,12.7122488,5.054,0,0
05/27/2026 14:37:36,48,56,0,56,62,53,53,53,53,70,12.12,5.03,1.31000006,1.39200008,0.844000041,0.326,0.644000053,3.28400016,2.046,0,3.364,3.364,3.11600018,56,46,42,46.5,1073,742,0,900,816,0,0,0,0,0,9.38,0,0,0,0,3.12,0,7.81,2.54,9.38,28.25943,3320,204,4850,579,48.5,0.4627126,0.6375,2792,69,32.3333321,0.0566509,0.6375,2717,33,32.3333321,0.0298435651,0.6375,2697,33,32.3333321,0.03315443,0.6375,2744,44,32.3333321,0.0464436673,0.6375,4850,398,48.5,0.3575447,0.6375,2673,26,32.3333321,0.0291876327,0.6375,3233,452,32.3333321,0.544784963,0.6375,55.8750076,41.5000038,99.9975,9.360455,27.52031,25.3803177,5.14528656,9.735477,34.576767,38.25,0.25,0,55,0,85,0.416,1.01,16,16,16,32,48,30,295,160,130,0,0,0,16,37,0.25,0,55,0,85,0.416,1.01,16,16,16,32,48,30,295,160,130,0,0,0,16,512,-1,485.785156,485.480469,0.3046875,0.5,7618.451,7618.951,0,0,0,0,0,0,0,0,0,0,0,0,512,600,1200,3000,47,0.435000032,1.30500007,0,0,11,41,210,405,0,0,0,0,0,0,0,0,1.806,6.488,0.865,1773.582,72.57031,0.9621626,0,0,0,0,0,0,0,0,0,0,0,0,0,51.375,46,16376,14294,2081,12.7122488,5.804,0,0
05/27/2026 14:37:38,47,56,0,56,62,56,56,56,56,73,12.12,5.03,1.30800009,1.39200008,0.764000058,0.318000019,0.644000053,3.28400016,2.046,0,3.36800027,3.36800027,3.11600018,58,46,42,46.5,1050,742,0,897,794,0,0,0,0,0,6.35,1.56,0,0,0,6.25,0,7.94,2.76,7.94,29.5246658,3282,148,4850,347,48.5,0.287136227,0.65,2795,66,32.3333321,0.03868926,0.65,2624,26,32.3333321,0.0155991651,0.65,2611,21,32.3333321,0.012289728,0.65,2635,30,32.3333321,0.0207595,0.65,4850,427,48.5,0.40908426,0.65,2658,22,32.3333321,0.015163864,0.65,3233,247,32.3333321,0.315540731,0.65,57.6250076,42.0000038,99.9975,9.38446,27.4963036,25.4454041,5.176449,9.704315,34.78618,38,0.25,0,55,0,85,0.416,1.01,16,16,16,32,48,30,295,160,130,0,0,0,16,37,0.25,0,55,0,85,0.416,1.01,16,16,16,32,48,30,295,160,130,0,0,0,16,512,-1,485.785156,485.480469,0.3046875,0.5,7618.451,7618.951,0,0,0,0,0,0,0,0,0,0,0,0,512,600,1200,3000,47,0.955000043,1.30500007,0,1,14,41,210,405,0,0,0,0,0,0,0,0,1.669,3.474,0.865,1773.582,72.57031,0,0,0,0,0,0,0,0,0,0,0,0,0,0,51.34375,46,16376,14294,2081,12.7122488,4.101,49152,0
05/27/2026 14:37:40,48,56,0,56,62,55,55,55,55,72,12.12,5.03,1.30800009,1.39200008,0.742000043,0.308000028,0.644000053,3.288,2.046,0,3.364,3.36800027,3.11600018,57,46,42,46.5,1058,715,0,882,809,0,0,0,0,0,7.69,0,0,0,0,7.69,0,10.77,3.27,10.77,28.541275,3337,204,4040,443,40.4,0.367935836,0.63125,2977,66,33.6666679,0.06766602,0.63125,2754,28,33.6666679,0.0330504626,0.63125,2796,29,33.6666679,0.04260556,0.63125,2903,40,33.6666679,0.0387969054,0.63125,5050,497,50.5,0.5035613,0.63125,2811,21,33.6666679,0.0305898543,0.55625,3367,504,33.6666679,0.6196104,0.55625,56.7500076,44.3750038,99.99749,9.358627,27.5221367,25.3753662,5.14203262,9.738731,34.5548935,38,0.25,0,55,0,85,0.416,1.01,16,16,16,32,48,30,295,160,130,0,0,0,16,37,0.25,0,55,0,85,0.416,1.01,16,16,16,32,48,30,295,160,130,0,0,0,16,512,-1,485.785156,485.480469,0.3046875,0.5,7618.451,7618.951,0,0,0,0,0,0,0,0,0,0,0,0,512,600,1200,3000,48,0.950000048,1.30500007,0,3,14,41,210,405,0,0,0,0,0,0,0,0,1.578,3.359,0.865,1773.582,72.57031,0.9347551,0,0,0,0,0,0,0,0,0,0,0,0,0,51.34375,48,16376,14294,2081,12.7122488,3.529,0,0
05/27/2026 14:37:42,48,56,0,57,62,57,57,57,57,73,12.12,5.03,1.30800009,1.39200008,0.798000038,0.312,0.644000053,3.288,2.046,0,3.36800027,3.364,3.11600018,57,46.5,42,46.5,1071,715,0,884,787,0,0,0,0,0,9.38,0,0,0,0,4.69,0,4.69,2.34,9.38,27.3994961,3236,128,4850,356,48.5,0.29236877,0.64375,2662,40,32.3333321,0.03428733,0.64375,2556,20,32.3333321,0.0127562946,0.64375,2545,18,32.3333321,0.0121896742,0.64375,2683,28,32.3333321,0.0516796373,0.64375,4850,375,48.5,0.3766259,0.64375,2509,15,32.3333321,0.0112072481,0.64375,3233,172,32.3333321,0.23718898,0.64375,56.8750076,42.0000038,99.99748,9.382648,27.4981155,25.4404984,5.17297,9.707794,34.7627945,38,0.25,0,55,0,85,0.416,1.01,16,16,16,32,48,30,295,160,130,0,0,0,16,37,0.25,0,55,0,85,0.416,1.01,16,16,16,32,48,30,295,160,130,0,0,0,16,512,-1,485.785156,485.480469,0.3046875,0.5,7618.451,7618.951,0,0,0,0,0,0,0,0,0,0,0,0,512,600,1200,3000,48,0.919,1.30500007,0,2,14,41,210,405,0,0,0,0,0,0,0,0,1.726,6.252,0.865,1773.582,72.57031,0,0,0,0,0,0,0,0,0,0,0,0,0,0,51.1875,48,16376,14294,2081,12.7122488,5.765,49152,0
05/27/2026 14:37:44,48,56,0,57,62,53,53,53,53,71,12.12,5.03,1.30800009,1.39200008,0.772,0.306000024,0.644000053,3.28400016,2.046,0,3.36800027,3.364,3.11600018,56,46,42,46.5,1066,742,0,887,794,0,0,0,0,0,6.25,0,0,0,0,7.81,0,9.38,2.93,9.38,28.1183414,3533,218,4040,484,40.4,0.402147651,0.55,3007,68,33.6666679,0.0594369657,0.55,2906,42,33.6666679,0.0340606868,0.55,2721,25,33.6666679,0.0272150319,0.55,2775,36,33.6666679,0.0349895172,0.55,5050,563,50.5,0.590456665,0.55,2718,22,33.6666679,0.0262578949,0.55,5050,500,50.5,0.596638858,0.5125,56.3750076,53.7500038,99.99749,9.390785,27.4899788,25.4625549,5.173481,9.707283,34.7662354,38,0.25,0,55,0,85,0.416,1.01,16,16,16,32,48,30,295,160,130,0,0,0,16,37,0.25,0,55,0,85,0.416,1.01,16,16,16,32,48,30,295,160,130,0,0,0,16,512,-1,485.785156,485.480469,0.3046875,0.5,7618.451,7618.951,0,0,0,0,0,0,0,0,0,0,0,0,512,600,1200,3000,47,0.965000033,1.30500007,0,3,15,41,210,405,0,0,0,0,0,0,0,0,1.539,6.189,0.865,1773.582,72.57031,0.948576331,0,0,0,0,0,0,0,0,0,0,0,0,0,51.28125,46,16376,14294,2081,12.7122488,5.558,0,0
05/27/2026 14:37:46,48,56,0,57,62,56,56,56,56,73,12.12,5.03,1.30800009,1.388,0.674,0.308000028,0.644000053,3.28400016,2.046,0,3.36800027,3.36800027,3.11600018,57,46,42,46.5,1074,742,0,902,794,0,0,0,0,0,4.76,0,0,0,0,6.35,0,4.76,1.98,6.35,27.9108047,3165,113,4850,351,48.5,0.2230447,0.65,2679,45,32.3333321,0.0303085558,0.65,2522,25,32.3333321,0.0116198435,0.65,2487,18,32.3333321,0.0102279643,0.65,2528,27,32.3333321,0.0171221439,0.65,4850,377,48.5,0.364767283,0.65,2632,20,32.3333321,0.0104357591,0.65,2769,38,32.3333321,0.05477652,0.65,56.6250076,40.5000038,99.99748,9.382366,27.4983978,25.4397278,5.17419052,9.70657349,34.7710037,38,0.25,0,55,0,85,0.416,1.01,16,16,16,32,48,30,295,160,130,0,0,0,16,37,0.25,0,55,0,85,0.416,1.01,16,16,16,32,48,30,295,160,130,0,0,0,16,512,-1,485.785156,485.480469,0.3046875,0.5,7618.451,7618.951,0,0,0,0,0,0,0,0,0,0,0,0,512,600,1200,3000,46,0.700000048,1.30500007,0,0,13,41,210,405,0,0,0,0,0,0,0,0,1.203,3.314,0.865,1773.582,72.57031,0,0,0,0,0,0,0,0,0,0,0,0,0,0,51.21875,46,16376,14294,2081,12.7122488,3.848,0,0
05/27/2026 14:37:48,48,56,0,56,62,54,54,54,54,70,12.12,5.03,1.30800009,1.39200008,0.886000037,0.320000023,0.644000053,3.288,2.046,0,3.36800027,3.364,3.11600018,56,46,42,46.5,1070,715,0,905,811,0,0,0,0,0,12.31,0,3.08,0,0,12.31,0,1.54,3.65,12.31,27.9139576,3179,196,4850,454,48.5,0.362913549,0.65,2756,59,32.3333321,0.05243092,0.65,3233,97,32.3333321,0.0746847,0.6625,2561,20,32.3333321,0.0120559894,0.6625,2796,39,32.3333321,0.0241714418,0.6625,3233,781,32.3333321,0.8336918,0.6625,2770,23,32.3333321,0.0128735965,0.6625,3233,99,32.3333321,0.0974439159,0.6625,55.3750076,43.5000038,99.9975,9.35004,27.5307236,25.3520813,5.141739,9.739025,34.5529251,38,0.25,0,55,0,85,0.416,1.01,16,16,16,32,48,30,295,160,130,0,0,0,16,37,0.25,0,55,0,85,0.416,1.01,16,16,16,32,48,30,295,160,130,0,0,0,16,512,-1,485.785156,485.480469,0.3046875,0.5,7618.451,7618.951,0,0,0,0,0,0,0,0,0,0,0,0,512,600,1200,3000,48,0.965000033,1.30500007,0,0,14,41,210,405,0,0,0,0,0,0,0,0,1.731,3.505,0.865,1773.582,72.57031,0.9367428,0,0,0,0,0,0,0,0,0,0,0,0,0,51.3125,48,16376,14294,2081,12.7122488,4.077,0,0
05/27/2026 14:37:50,47,56,0,55,60,52,52,52,52,69,12.12,5.03,1.31000006,1.39200008,0.70600003,0.322000027,0.644000053,3.28400016,2.046,0,3.36800027,3.36800027,3.11600018,56,46.5,42,46.5,1045,742,0,883,787,0,0,0,0,0,12.5,4.69,1.56,3.12,0,21.88,0,3.12,5.86,21.88,29.828392,3687,360,4975,995,49.75,0.934327543,0.475,3317,237,33.1666679,0.257570416,0.475,3289,86,33.1666679,0.08225592,0.475,3317,106,33.1666679,0.1120575,0.475,2779,37,33.1666679,0.04549141,0.475,3980,987,39.8,1.07155323,0.475,2786,28,33.6666679,0.0289984364,0.5,5050,408,50.5,0.4938663,0.49375,55.7500076,52.1250038,99.99749,9.363762,27.5170021,25.3892822,5.15603638,9.724728,34.6490021,38,0.25,0,55,0,85,0.416,1.01,16,16,16,32,48,30,295,160,130,0,0,0,16,37,0.25,0,55,0,85,0.416,1.01,16,16,16,32,48,30,295,160,130,0,0,0,16,512,-1,485.785156,485.480469,0.3046875,0.5,7618.451,7618.951,0,0,0,0,0,0,0,0,0,0,0,0,512,600,1200,3000,47,0.969000041,1.30500007,0,1,14,41,210,405,0,0,0,0,0,0,0,0,1.701,6.279,0.865,1773.582,72.57031,0,0,0,0,0,0,0,0,0,0,0,0,0,0,51.21875,46,16376,14294,2081,12.7122488,5.133,49152,0
05/27/2026 14:37:52,47,56,0,56,61,55,55,55,55,72,12.12,5.03,1.30800009,1.39200008,0.820000052,0.312,0.646,3.28400016,2.046,0,3.36800027,3.36800027,3.11600018,58,46,42,46.5,1048,742,0,873,797,0,0,0,0,0,9.38,1.54,0,1.54,0,12.5,0,4.69,3.7,12.5,26.8060932,3166,104,4829,337,48.5,0.217647165,0.65,2635,45,32.3333321,0.0311731044,0.65,2543,27,32.3333321,0.0128910607,0.65,2704,32,32.3333321,0.0159751624,0.65,2545,28,32.3333321,0.01789648,0.65,4850,317,48.5,0.296608478,0.65,2503,18,32.3333321,0.0113200033,0.65,2718,32,32.3333321,0.04944895,0.65,57.5000076,42.0000038,99.99749,9.382874,27.49789,25.4411011,5.17502975,9.705734,34.77664,38,0.25,0,55,0,85,0.416,1.01,16,16,16,32,48,30,295,160,130,0,0,0,16,37,0.25,0,55,0,85,0.416,1.01,16,16,16,32,48,30,295,160,130,0,0,0,16,512,-1,485.785156,485.480469,0.3046875,0.5,7618.451,7618.951,0,0,0,0,0,0,0,0,0,0,0,0,512,600,1200,3000,47,0.615,1.30500007,0,0,13,41,210,405,0,0,0,0,0,0,0,0,1.376,4.205,0.865,1773.582,72.57031,0,0,0,0,0,0,0,0,0,0,0,0,0,0,51.28125,46,16376,14294,2081,12.7122488,5.151,0,0
05/27/2026 14:37:54,47,56,0,56,62,54,54,54,54,71,12.12,5.03,1.30800009,1.39200008,0.76000005,0.31,0.646,3.288,2.046,0,3.36800027,3.36800027,3.11600018,57,46,42,46.5,1053,715,0,891,799,0,0,0,0,0,9.38,0,0,0,0,3.12,0,9.23,2.72,9.38,27.83559,3387,215,4850,670,48.5,0.5619927,0.64375,2950,85,32.3333321,0.06673788,0.64375,2716,32,32.3333321,0.03577003,0.64375,2751,29,32.3333321,0.0417997874,0.64375,2815,49,32.3333321,0.04479625,0.64375,4850,351,48.5,0.3900289,0.64375,2930,34,32.3333321,0.031177884,0.64375,3233,470,32.3333321,0.5701231,0.64375,56.5000076,44.0000038,99.99748,9.364571,27.5161934,25.3914719,5.15484238,9.725922,34.640976,38,0.25,0,55,0,85,0.416,1.01,16,16,16,32,48,30,295,160,130,0,0,0,16,37,0.25,0,55,0,85,0.416,1.01,16,16,16,32,48,30,295,160,130,0,0,0,16,512,-1,485.785156,485.480469,0.3046875,0.5,7618.451,7618.951,0,0,0,0,0,0,0,0,0,0,0,0,512,600,1200,3000,47,0.405000031,1.30500007,0,0,11,41,210,405,0,0,0,0,0,0,0,0,1.314,3.327,0.865,1773.582,72.57031,0.9703996,0,0,0,0,0,0,0,0,0,0,0,0,0,51.25,46,16376,14294,2081,12.7122488,3.891,0,0
05/27/2026 14:37:56,47,56,0,56,62,55,55,55,55,72,12.12,5.03,1.30800009,1.39200008,0.844000041,0.312,0.644000053,3.28400016,2.046,0,3.36800027,3.36800027,3.11600018,57,46,42,46.5,1051,715,0,897,804,0,0,0,0,0,7.94,0,0,0,0,0,0,6.35,1.79,7.94,29.3900375,3174,116,3600,472,36,0.35927245,0.9625,2997,50,36,0.0308340527,0.95625,3106,35,36,0.0179013573,0.95,2867,21,36,0.012348162,1.35,2908,33,36,0.0152976615,1.35,3477,188,36,0.219564527,1.35,2833,19,36,0.0105428342,1.35,3600,106,36,0.1265292,1.35,56.7500076,60.7500038,99.9975,9.386307,27.4944572,25.4504089,5.17762375,9.70314,34.794075,38,0.25,0,55,0,85,0.416,1.01,16,16,16,32,48,30,295,160,130,0,0,0,16,37,0.25,0,55,0,85,0.416,1.01,16,16,16,32,48,30,295,160,130,0,0,0,16,512,-1,485.785156,485.480469,0.3046875,0.5,7618.451,7618.951,0,0,0,0,0,0,0,0,0,0,0,0,512,600,1200,3000,46,0.580000043,1.30500007,0,0,12,41,210,405,0,0,0,0,0,0,0,0,2.039,5.721,0.865,1773.582,72.57031,0,0,0,0,0,0,0,0,0,0,0,0,0,0,51.1875,46,16376,14294,2081,12.7122488,4.917,0,0
05/27/2026 14:37:58,47,56,0,56,61,53,53,53,53,70,12.12,5.03,1.31000006,1.39200008,0.864,0.316,0.644000053,3.288,2.046,0,3.36800027,3.364,3.11600018,55,46.5,42,46.5,1033,742,0,895,805,0,0,0,0,0,20.31,3.12,0,0,1.59,7.81,0,3.17,4.5,20.31,28.3931866,3606,214,4850,757,48.5,0.6513083,0.65,4850,152,48.5,0.157407835,0.65,2876,40,32.3333321,0.0419559628,0.65,2693,27,32.3333321,0.04300064,0.65,2765,46,32.3333321,0.0546149574,0.65,4850,423,48.5,0.441313446,0.65,2727,32,32.3333321,0.0331991352,0.65,3233,234,32.3333321,0.25841862,0.65,55.2500076,42.0000038,99.99749,9.348671,27.532093,25.3483658,5.141617,9.739147,34.5521,38,0.25,0,55,0,85,0.416,1.01,16,16,16,32,48,30,295,160,130,0,0,0,16,37,0.25,0,55,0,85,0.416,1.01,16,16,16,32,48,30,295,160,130,0,0,0,16,512,-1,485.785156,485.480469,0.3046875,0.5,7618.451,7618.951,0,0,0,0,0,0,0,0,0,0,0,0,512,600,1200,3000,47,0.51000005,1.30500007,0,0,11,40,210,405,0,0,0,0,0,0,0,0,1.893,6.556,0.865,1773.582,72.57031,0.9675744,0,0,0,0,0,0,0,0,0,0,0,0,0,51.28125,46,16376,14294,2081,12.7122488,5.524,0,0
05/27/2026 14:38:00,46,56,0,56,61,54,54,54,54,71,12.0960007,5.03,1.30800009,1.388,0.756000042,0.308000028,0.644000053,3.28400016,2.046,0,3.36800027,3.36800027,3.11600018,57,46,42,46.5,1023,742,0,879,784,0,0,0,0,0,4.62,1.54,0,0,0,6.15,0,9.23,2.69,9.23,28.9511375,3850,160,4040,330,40.4,0.267532349,0.50625,4594,78,50.5,0.0804546,0.50625,4348,35,50.5,0.025586769,0.50625,3396,28,40.4,0.0187555,0.50625,3326,34,40.4,0.0280086976,0.50625,5050,403,50.5,0.393843621,0.55,2683,20,33.6666679,0.0174943153,0.55,3367,355,33.6666679,0.4458357,0.55,56.8750076,44.0000038,99.99749,9.38335,27.4974136,25.4423981,5.17306137,9.707703,34.7634125,38,0.25,0,55,0,85,0.416,1.01,16,16,16,32,48,30,295,160,130,0,0,0,16,37,0.25,0,55,0,85,0.416,1.01,16,16,16,32,48,30,295,160,130,0,0,0,16,512,-1,485.785156,485.480469,0.3046875,0.5,7618.451,7618.951,0,0,0,0,0,0,0,0,0,0,0,0,512,600,1200,3000,46,0.700000048,1.30500007,0,0,13,41,210,405,0,0,0,0,0,0,0,0,0.944,3.998,0.865,1773.582,72.57031,0,0,0,0,0,0,0,0,0,0,0,0,0,0,51.25,46,16376,14294,2081,12.7122488,4.627,1.72589978E+09,1999872
05/27/2026 14:38:02,47,56,0,56,62,53,53,53,53,71,12.12,5.03,1.30800009,1.39200008,0.854000032,0.316,0.646,3.28400016,2.046,0,3.36800027,3.36800027,3.11600018,57,46,42,46.5,1049,714,0,879,802,0,0,0,0,0,10.94,0,0,0,0,1.56,0,10.94,2.93,10.94,28.615778,3343,213,4850,666,48.5,0.5492351,0.64375,3082,100,32.3333321,0.0838327,0.64375,2701,33,32.3333321,0.039557226,0.64375,2629,27,32.3333321,0.03097544,0.64375,2767,53,32.3333321,0.0492874421,0.64375,4850,266,48.5,0.339304,0.64375,2635,21,32.3333321,0.0294994,0.64375,3233,541,32.3333321,0.6543296,0.64375,56.3750076,41.5000038,99.99749,9.363735,27.5170288,25.3892136,5.155899,9.724865,34.64808,38,0.25,0,55,0,85,0.416,1.01,16,16,16,32,48,30,295,160,130,0,0,0,16,37,0.25,0,55,0,85,0.416,1.01,16,16,16,32,48,30,295,160,130,0,0,0,16,512,-1,485.785156,485.480469,0.3046875,0.5,7618.451,7618.951,0,0,0,0,0,0,0,0,0,0,0,0,512,600,1200,3000,46,0.650000036,1.30500007,0,0,13,41,210,405,0,0,0,0,0,0,0,0,1.429,3.356,0.865,1773.582,72.57031,0.945834041,0,0,0,0,0,0,0,0,0,0,0,0,0,51.28125,48,16376,14294,2081,12.7122488,3.791,0,0
05/27/2026 14:38:04,47,56,0,57,62,56,56,56,56,73,12.12,5.03,1.30800009,1.39200008,0.764000058,0.308000028,0.646,3.28400016,2.046,0,3.36800027,3.36800027,3.11600018,57,46,42,46.5,1051,741,0,880,784,0,0,0,0,0,9.38,1.56,0,1.56,0,0,0,4.76,2.16,9.38,28.9314022,3716,143,4850,489,48.5,0.344290584,1.025,3233,134,32.3333321,0.114647448,1.025,2575,28,32.3333321,0.0168837979,1.025,3233,93,32.3333321,0.08573756,1.025,2682,38,32.3333321,0.0230068285,1.025,4514,150,48.5,0.165382415,1.025,3793,18,48.5,0.0101393731,0.69375,4850,195,48.5,0.241868272,0.69375,56.7500076,51.1250038,99.99749,9.356907,27.5238571,25.370697,5.147728,9.733036,34.59317,38,0.25,0,55,0,85,0.416,1.01,16,16,16,32,48,30,295,160,130,0,0,0,16,37,0.25,0,55,0,85,0.416,1.01,16,16,16,32,48,30,295,160,130,0,0,0,16,512,-1,485.785156,485.480469,0.3046875,0.5,7618.451,7618.951,0,0,0,0,0,0,0,0,0,0,0,0,512,600,1200,3000,47,0.580000043,1.30500007,0,0,13,41,210,405,0,0,0,0,0,0,0,0,1.959,6.42,0.865,1773.582,72.57031,0,0,0,0,0,0,0,0,0,0,0,0,0,0,51.125,48,16376,14294,2081,12.7122488,5.638,3149824,0
05/27/2026 14:38:06,47,56,0,57,62,54,54,54,54,70,12.12,5.03,1.30800009,1.39200008,0.864,0.328,0.646,3.28400016,2.046,0,3.36800027,3.364,3.11600018,57,46.5,42,46.5,1048,741,0,886,807,0,0,0,0,0,12.7,3.17,1.59,3.17,1.59,15.87,1.59,11.11,6.35,15.87,30.5782871,3450,362,4850,832,48.5,0.8683911,0.65,2968,177,32.3333321,0.260818541,0.65,2898,105,32.3333321,0.171052113,0.65,3084,151,32.3333321,0.211620659,0.65,2913,127,32.3333321,0.208497226,0.65,4850,868,48.5,1.0142808,0.65,2801,71,32.3333321,0.137279361,0.65,3233,569,32.3333321,0.7326999,0.65,57.1250076,43.0000038,99.99749,9.400036,27.4807281,25.48764,5.19104767,9.689716,34.884285,38,0.25,0,55,0,85,0.416,1.01,16,16,16,32,48,30,295,160,130,0,0,0,16,37,0.25,0,55,0,85,0.416,1.01,16,16,16,32,48,30,295,160,130,0,0,0,16,512,-1,485.785156,485.480469,0.3046875,0.5,7618.451,7618.951,0,0,0,0,0,0,0,0,0,0,0,0,512,600,1200,3000,47,0.405000031,1.30500007,0,0,11,40,210,405,0,0,0,0,0,0,0,0,1.493,6.421,0.865,1773.582,72.57031,0.9728065,0,0,0,0,0,0,0,0,0,0,0,0,0,51.28125,46,16376,14294,2081,12.7122488,5.717,0,2099200
05/27/2026 14:38:08,48,56,0,57,62,56,56,56,56,73,12.12,5.03,1.30800009,1.39200008,0.728000045,0.30400002,0.644000053,3.28400016,2.046,0,3.36800027,3.364,3.11600018,58,46,42,46.5,1066,714,0,892,790,0,0,0,0,0,10.94,0,0,0,0,1.56,0,7.81,2.54,10.94,28.5215874,3279,144,4850,640,48.5,0.515786469,0.65,2979,69,32.3333321,0.0441669524,0.65,2617,27,32.3333321,0.0158877261,0.65,2568,23,32.3333321,0.011544507,0.65,2682,34,32.3333321,0.02658038,0.65,4780,207,48.5,0.186449,0.65,2523,16,32.3333321,0.0115284678,0.65,3233,137,32.3333321,0.170682073,0.65,57.3750076,42.0000038,99.9975,9.380974,27.49979,25.4359512,5.170685,9.710079,34.7474442,38,0.25,0,55,0,85,0.416,1.01,16,16,16,32,48,30,295,160,130,0,0,0,16,37,0.25,0,55,0,85,0.416,1.01,16,16,16,32,48,30,295,160,130,0,0,0,16,512,-1,485.785156,485.480469,0.3046875,0.5,7618.451,7618.951,0,0,0,0,0,0,0,0,0,0,0,0,512,600,1200,3000,47,0.969000041,1.30500007,0,2,14,40,210,405,0,0,0,0,0,0,0,0,1.172,3.35,0.865,1773.582,72.57031,0,0,0,0,0,0,0,0,0,0,0,0,0,0,51.15625,48,16376,14294,2081,12.7122488,4.106,0,2199552
05/27/2026 14:38:10,48,56,0,57,62,55,55,55,55,72,12.0960007,5.03,1.30800009,1.39200008,0.786,0.31,0.646,3.28400016,2.046,0,3.364,3.364,3.11200023,57,46,42,46.5,1077,714,0,892,795,0,0,0,0,0,7.81,3.12,3.12,1.56,3.12,4.69,3.12,10.94,4.69,10.94,27.8014755,4267,214,3600,484,36,0.412501663,0.9625,3328,82,36,0.07255847,0.95625,4850,93,48.5,0.08825693,0.95,4043,27,48.5,0.0257541239,0.93125,4282,40,48.5,0.0380746573,0.93125,4850,461,48.5,0.480339259,0.93125,4331,37,48.5,0.02544625,0.93125,4850,484,48.5,0.6033645,0.93125,56.1250076,42.5000038,99.99749,9.362175,27.518589,25.38498,5.150852,9.729912,34.6141663,38,0.25,0,55,0,85,0.416,1.01,16,16,16,32,48,30,295,160,130,0,0,0,16,37,0.25,0,55,0,85,0.416,1.01,16,16,16,32,48,30,295,160,130,0,0,0,16,512,-1,485.785156,485.480469,0.3046875,0.5,7618.451,7618.951,0,0,0,0,0,0,0,0,0,0,0,0,512,600,1200,3000,46,0.900000036,1.30500007,0,2,14,40,210,405,0,0,0,0,0,0,0,0,1.723,3.847,0.865,1773.582,72.57031,0.9442814,0,0,0,0,0,0,0,0,0,0,0,0,0,51.3125,46,16376,14294,2081,12.7122488,3.75,0,2049024
05/27/2026 14:38:12,48,56,0,57,62,56,56,56,56,72,12.12,5.03,1.30800009,1.39200008,0.770000041,0.308000028,0.646,3.28400016,2.046,0,3.364,3.364,3.11600018,57,46,42,46.5,1072,742,0,912,818,0,0,0,0,0,3.12,0,0,0,0,3.12,0,10.94,2.15,10.94,27.2604733,3258,164,4829,297,48.5,0.221377283,0.64375,2668,54,32.3333321,0.0317081623,0.64375,2631,29,32.3333321,0.014342525,0.64375,2643,27,32.3333321,0.0141268354,0.64375,2681,38,32.3333321,0.0296873786,0.64375,4850,364,48.5,0.396503419,0.64375,2527,16,32.3333321,0.0102878716,0.64375,3233,488,32.3333321,0.582212,0.64375,57.1250076,41.0000038,99.99749,9.387043,27.493721,25.4524078,5.17787552,9.70288849,34.79577,38,0.25,0,55,0,85,0.416,1.01,16,16,16,32,48,30,295,160,130,0,0,0,16,37,0.25,0,55,0,85,0.416,1.01,16,16,16,32,48,30,295,160,130,0,0,0,16,512,-1,485.785156,485.480469,0.3046875,0.5,7618.451,7618.951,0,0,0,0,0,0,0,0,0,0,0,0,512,600,1200,3000,46,0.405000031,1.30500007,0,0,11,40,210,405,0,0,0,0,0,0,0,0,1.599,6.539,0.865,1773.582,72.57031,0,0,0,0,0,0,0,0,0,0,0,0,0,0,51.125,46,16376,14294,2081,12.7122488,6.116,0,0
05/27/2026 14:38:14,48,56,0,57,62,55,55,55,55,71,12.12,5.03,1.30800009,1.39200008,0.836,0.322000027,0.646,3.288,2.046,0,3.36800027,3.36800027,3.11600018,57,46.5,42,46.5,1073,741,0,893,797,0,0,0,0,0,7.69,0,0,1.54,0,4.62,1.54,9.23,3.08,9.23,28.7280273,3490,213,4040,482,40.4,0.4000053,0.63125,3066,73,33.6666679,0.07049569,0.63125,2907,44,33.6666679,0.0384185538,0.63125,3367,91,33.6666679,0.08741218,0.63125,3091,55,33.6666679,0.04922512,0.63125,5050,447,50.5,0.476512343,0.63125,3029,25,33.6666679,0.0326183364,0.55625,3367,487,33.6666679,0.5928536,0.55625,56.5000076,42.5000038,99.99748,9.392605,27.48816,25.4674911,5.18084335,9.699921,34.8157043,38,0.25,0,55,0,85,0.416,1.01,16,16,16,32,48,30,295,160,130,0,0,0,16,37,0.25,0,55,0,85,0.416,1.01,16,16,16,32,48,30,295,160,130,0,0,0,16,512,-1,485.785156,485.480469,0.3046875,0.5,7618.451,7618.951,0,0,0,0,0,0,0,0,0,0,0,0,512,600,1200,3000,48,0.965000033,1.30500007,0,1,14,40,210,405,0,0,0,0,0,0,0,0,1.279,5.542,0.865,1773.582,72.57031,0.9430813,0,0,0,0,0,0,0,0,0,0,0,0,0,51.25,46,16376,14294,2081,12.7122488,5.164,0,349184
05/27/2026 14:38:16,48,56,0,57,62,56,56,56,56,72,12.12,5.03,1.30800009,1.388,0.756000042,0.30400002,0.646,3.28400016,2.046,0,3.364,3.364,3.11200023,57,46,42,46.5,1065,714,0,888,795,0,0,0,0,0,7.69,0,0,0,0,6.15,0,7.69,2.69,7.69,28.3070087,3253,134,4850,400,48.5,0.3023109,0.65,2701,50,32.3333321,0.043002367,0.65,2578,26,32.3333321,0.0153796216,0.65,2583,22,32.3333321,0.0111500146,0.65,2728,38,32.3333321,0.0249164049,0.65,4850,334,48.5,0.354244947,0.65,2502,18,32.3333321,0.0106006982,0.65,3233,185,32.3333321,0.19995825,0.65,57.0000076,42.0000038,99.9975,9.383972,27.4967918,25.4440842,5.17802429,9.70274,34.79676,38,0.25,0,55,0,85,0.416,1.01,16,16,16,32,48,30,295,160,130,0,0,0,16,37,0.25,0,55,0,85,0.416,1.01,16,16,16,32,48,30,295,160,130,0,0,0,16,512,-1,485.785156,485.480469,0.3046875,0.5,7618.451,7618.951,0,0,0,0,0,0,0,0,0,0,0,0,512,600,1200,3000,48,0.965000033,1.30500007,0,1,14,40,210,405,0,0,0,0,0,0,0,0,1.426,3.427,0.865,1773.582,72.57031,0,0,0,0,0,0,0,0,0,0,0,0,0,0,51.1875,46,16376,14294,2081,12.7122488,3.98,49152,449536
05/27/2026 14:38:18,48,56,0,56,62,55,55,55,55,71,12.12,5.03,1.31000006,1.39200008,0.876000047,0.324,0.644000053,3.288,2.046,0,3.36800027,3.36800027,3.11600018,56,46.5,42,46.5,1064,714,0,888,791,0,0,0,0,0,9.23,6.06,0,0,1.52,12.31,0,7.58,4.59,12.31,27.2844868,3471,220,3367,435,33.6666679,0.3571343,0.54375,3143,93,33.6666679,0.09108183,0.54375,2746,32,33.6666679,0.034178026,0.54375,2769,27,33.6666679,0.0326143242,0.54375,2917,47,33.6666679,0.0486832075,0.54375,5050,586,50.5,0.5668159,0.54375,2727,21,33.6666679,0.0266797021,0.5625,5050,520,50.5,0.6024959,0.51875,55.6250076,42.0000038,99.9975,9.358013,27.52275,25.3736954,5.151619,9.729145,34.6193161,38,0.25,0,55,0,85,0.416,1.01,16,16,16,32,48,30,295,160,130,0,0,0,16,37,0.25,0,55,0,85,0.416,1.01,16,16,16,32,48,30,295,160,130,0,0,0,16,512,-1,485.785156,485.480469,0.3046875,0.5,7618.451,7618.951,0,0,0,0,0,0,0,0,0,0,0,0,512,600,1200,3000,47,0.75000006,1.30500007,0,0,14,40,210,405,0,0,0,0,0,0,0,0,1.874,4.715,0.865,1773.582,72.57031,0.9273446,0,0,0,0,0,0,0,0,0,0,0,0,0,51.21875,48,16376,14294,2081,12.7122488,5.079,399360,1849344
05/27/2026 14:38:20,47,56,0,57,62,55,55,55,55,72,12.12,5.03,1.31000006,1.39200008,0.70600003,0.302000016,0.646,3.288,2.046,0,3.36800027,3.36800027,3.11600018,56,46,42,46.5,1063,741,0,884,788,0,0,0,0,0,6.35,1.56,0,0,0,3.12,0,7.81,2.36,7.81,27.13816,3002,104,4850,318,48.5,0.260658771,0.64375,2752,54,32.3333321,0.030502988,0.64375,2630,27,32.3333321,0.0151216611,0.64375,2677,25,32.3333321,0.016494561,0.64375,2700,34,32.3333321,0.0313097425,0.64375,3233,336,32.3333321,0.296870351,0.64375,2551,15,32.3333321,0.0118314018,0.64375,2625,19,32.3333321,0.0442917645,0.64375,56.3750076,41.5000038,99.99749,9.3816185,27.4991455,25.4376984,5.17692947,9.703835,34.7894058,38,0.25,0,55,0,85,0.416,1.01,16,16,16,32,48,30,295,160,130,0,0,0,16,37,0.25,0,55,0,85,0.416,1.01,16,16,16,32,48,30,295,160,130,0,0,0,16,512,-1,485.785156,485.480469,0.3046875,0.5,7618.451,7618.951,0,0,0,0,0,0,0,0,0,0,0,0,512,600,1200,3000,47,0.734,1.30500007,0,0,14,40,210,405,0,0,0,0,0,0,0,0,1.831,6.474,0.865,1773.582,72.57031,0,0,0,0,0,0,0,0,0,0,0,0,0,0,51.25,48,16376,14294,2081,12.7122488,5.957,0,1748992
05/27/2026 14:38:22,46,56,0,56,62,53,53,53,53,70,12.12,5.03,1.30800009,1.39200008,0.802000046,0.326,0.644000053,3.28400016,2.046,0,3.36800027,3.364,3.11600018,57,46,42,46.5,1034,741,0,901,811,0,0,0,0,0,32.31,4.69,3.12,3.08,3.08,15.38,3.12,12.5,9.66,32.31,30.9489784,3412,363,4850,1123,48.5,1.17837048,0.64375,3041,186,32.3333321,0.28651607,0.64375,2762,89,32.3333321,0.15710853,0.64375,2915,110,32.3333321,0.184153423,0.64375,2853,126,32.3333321,0.214259624,0.64375,4850,627,48.5,0.7993077,0.64375,2789,93,32.3333321,0.163902968,0.65,3233,548,32.3333321,0.7287842,0.65,57.0000076,43.0000038,99.99748,9.364559,27.5162048,25.3914413,5.15922546,9.721539,34.670433,38,0.25,0,55,0,85,0.416,1.01,16,16,16,32,48,30,295,160,130,0,0,0,16,37,0.25,0,55,0,85,0.416,1.01,16,16,16,32,48,30,295,160,130,0,0,0,16,512,-1,485.785156,485.480469,0.3046875,0.5,7618.451,7618.951,0,0,0,0,0,0,0,0,0,0,0,0,512,600,1200,3000,48,0.955000043,1.30500007,0,1,14,40,210,405,0,0,0,0,0,0,0,0,1.402,4.211,0.865,1773.582,72.57031,0.980179965,0,0,0,0,0,0,0,0,0,0,0,0,0,51.21875,46,16376,14294,2081,12.7122488,4.473,0,1449984
05/27/2026 14:38:24,47,56,0,57,62,57,57,57,57,73,12.12,5.03,1.30800009,1.39200008,0.66,0.296,0.644000053,3.288,2.046,0,3.36800027,3.36800027,3.11600018,57,46.5,42,46.5,1039,715,0,886,808,0,0,0,0,0,9.38,1.56,0,0,0,3.12,0,9.38,2.93,9.38,28.4361153,3426,161,4850,572,48.5,0.457977682,0.64375,4037,54,48.5,0.05006165,0.64375,2672,28,32.3333321,0.0149382483,0.64375,2656,31,32.3333321,0.0125925727,0.64375,2615,25,32.3333321,0.0189505871,0.64375,4691,192,48.5,0.149616748,0.64375,2658,25,32.3333321,0.011886091,0.64375,3233,362,32.3333321,0.444854558,0.64375,57.1250076,42.5000038,99.99749,9.382591,27.4981728,25.4403381,5.173912,9.706852,34.7691269,38,0.25,0,55,0,85,0.416,1.01,16,16,16,32,48,30,295,160,130,0,0,0,16,37,0.25,0,55,0,85,0.416,1.01,16,16,16,32,48,30,295,160,130,0,0,0,16,512,-1,485.785156,485.480469,0.3046875,0.5,7618.451,7618.951,0,0,0,0,0,0,0,0,0,0,0,0,512,600,1200,3000,47,0.965000033,1.30500007,0,1,14,40,210,405,0,0,0,0,0,0,0,0,1.181,3.361,0.865,1773.582,72.57031,0,0,0,0,0,0,0,0,0,0,0,0,0,0,51.125,48,16376,14294,2081,12.7122488,3.899,49152,1649664
05/27/2026 14:38:26,48,56,0,57,62,56,56,56,56,73,12.12,5.03,1.31000006,1.39200008,0.776,0.314,0.646,3.288,2.046,0,3.36800027,3.36800027,3.11600018,56,46.5,42,46.5,1058,714,0,892,793,0,0,0,0,0,9.38,1.54,1.54,1.54,0,9.38,1.54,1.54,3.31,9.38,29.3627167,3022,120,3233,458,32.3333321,0.295431435,0.85625,2860,72,32.3333321,0.07039035,0.85625,3960,38,48.5,0.03158445,0.85625,2819,35,32.3333321,0.04827042,0.85625,2697,43,32.3333321,0.0381304622,0.85625,3233,261,32.3333321,0.2726773,0.85625,2640,26,32.3333321,0.026285423,0.85625,2736,27,32.3333321,0.0338753,0.85625,57.7500076,44.8750038,99.99749,9.377186,27.5035782,25.4256821,5.170868,9.709896,34.7486725,38,0.25,0,55,0,85,0.416,1.01,16,16,16,32,48,30,295,160,130,0,0,0,16,37,0.25,0,55,0,85,0.416,1.01,16,16,16,32,48,30,295,160,130,0,0,0,16,512,-1,485.785156,485.480469,0.3046875,0.5,7618.451,7618.951,0,0,0,0,0,0,0,0,0,0,0,0,512,600,1200,3000,47,0.565,1.30500007,0,0,13,40,210,405,0,0,0,0,0,0,0,0,1.84,6.086,0.865,1773.582,72.57031,0.010729325,0,0,0,0,0,0,0,0,0,0,0,0,0,51.15625,46,16376,14294,2081,12.7122488,4.636,399360,0
05/27/2026 14:38:28,48,56,0,57,62,56,56,56,56,73,12.12,5.03,1.31000006,1.39200008,0.832,0.328,0.644000053,3.288,2.046,0,3.36800027,3.36800027,3.11600018,57,46.5,42,46.5,1061,742,0,894,815,0,0,0,0,0,10.77,1.56,1.56,0,1.56,7.69,0,3.12,3.28,10.77,27.0577488,3371,135,4850,435,48.5,0.3384838,0.64375,3101,86,32.3333321,0.0761314258,0.64375,2836,48,32.3333321,0.0379514024,0.64375,2907,45,32.3333321,0.0411826037,0.64375,3013,65,32.3333321,0.05875389,0.64375,4850,343,48.5,0.323688,0.64375,2763,31,32.3333321,0.03019332,0.64375,2645,25,32.3333321,0.0553561263,0.64375,57.6250076,43.0000038,99.99748,9.37824249,27.5025215,25.4285431,5.172699,9.708065,34.76098,38,0.25,0,55,0,85,0.416,1.01,16,16,16,32,48,30,295,160,130,0,0,0,16,37,0.25,0,55,0,85,0.416,1.01,16,16,16,32,48,30,295,160,130,0,0,0,16,512,-1,485.785156,485.480469,0.3046875,0.5,7618.451,7618.951,0,0,0,0,0,0,0,0,0,0,0,0,512,600,1200,3000,46,0.914000034,1.30500007,0,4,14,40,210,405,0,0,0,0,0,0,0,0,1.761,5.909,0.865,1773.582,72.57031,1.00035048,0,0,0,0,0,0,0,0,0,0,0,0,0,51.1875,48,16376,14294,2081,12.7122488,5.877,0,1599488
05/27/2026 14:38:30,48,56,0,57,62,56,56,56,56,72,12.12,5.03,1.31000006,1.39200008,0.804,0.326,0.644000053,3.28400016,2.046,0,3.36800027,3.36800027,3.11600018,57,46,42,46.5,1075,741,0,910,793,0,0,0,0,0,20.63,0,0,0,0,6.35,1.59,12.7,5.16,20.63,28.16038,3357,228,4850,748,48.5,0.611866832,0.6375,3087,94,32.3333321,0.08489922,0.6375,2708,33,32.3333321,0.03799837,0.6375,2683,40,32.3333321,0.0380681679,0.6375,2753,46,32.3333321,0.0511449,0.65,4850,271,48.5,0.312741548,0.65,2692,22,32.3333321,0.0330832377,0.65,3233,574,32.3333321,0.703287065,0.65,56.8750076,41.5000038,99.99749,9.361763,27.519001,25.3838654,5.15547943,9.725285,34.6452637,38,0.25,0,55,0,85,0.416,1.01,16,16,16,32,48,30,295,160,130,0,0,0,16,37,0.25,0,55,0,85,0.416,1.01,16,16,16,32,48,30,295,160,130,0,0,0,16,512,-1,485.785156,485.480469,0.3046875,0.5,7618.451,7618.951,0,0,0,0,0,0,0,0,0,0,0,0,512,600,1200,3000,48,0.835000038,1.30500007,0,0,14,40,210,405,0,0,0,0,0,0,0,0,1.141,3.465,0.865,1773.582,72.57031,0.9760597,0,0,0,0,0,0,0,0,0,0,0,0,0,51.1875,48,16376,14294,2081,12.7122488,3.65,0,1748992
05/27/2026 14:38:32,49,56,0,58,63,57,57,58,58,73,12.12,5.03,1.30800009,1.39200008,0.746000051,0.318000019,0.646,3.28400016,2.046,0,3.36800027,3.36800027,3.11600018,57,46,42,46.5,1077,715,0,896,815,0,0,0,0,0,10.77,3.12,0,0,1.54,9.23,1.54,7.81,4.25,10.77,27.5743828,3264,160,4040,506,40.4,0.404544622,0.51875,2863,49,33.6666679,0.0386468843,0.51875,2691,23,33.6666679,0.0189126283,0.51875,2707,22,33.6666679,0.0142263137,0.51875,2800,33,33.6666679,0.0272810478,0.51875,4930,175,50.5,0.158659309,0.5625,2714,20,33.6666679,0.0138473492,0.5625,3367,449,33.6666679,0.545336246,0.5625,57.5000076,50.5000038,99.99748,9.386173,27.49459,25.45005,5.17926025,9.701504,34.80507,38,0.25,0,55,0,85,0.416,1.01,16,16,16,32,48,30,295,160,130,0,0,0,16,37,0.25,0,55,0,85,0.416,1.01,16,16,16,32,48,30,295,160,130,0,0,0,16,512,-1,485.785156,485.480469,0.3046875,0.5,7618.451,7618.951,0,0,0,0,0,0,0,0,0,0,0,0,512,600,1200,3000,48,0.965000033,1.30500007,0,1,14,40,210,405,0,0,0,0,0,0,0,0,1.906,4.538,0.865,1773.582,72.57031,0,0,0,0,0,0,0,0,0,0,0,0,0,0,51.15625,46,16376,14294,2081,12.7122488,4.098,49152,1499136
05/27/2026 14:38:34,48,56,0,58,63,56,56,56,56,72,12.12,5.03,1.30800009,1.39200008,0.776,0.308000028,0.646,3.28400016,2.046,0,3.364,3.364,3.11200023,56,46,42,46.5,1067,742,0,899,824,0,0,0,0,0,16.92,1.56,3.12,0,3.08,4.69,1.56,10.94,5.23,16.92,27.7080574,3649,216,3233,653,32.3333321,0.535409153,0.6875,2955,73,32.3333321,0.0647183,0.6875,3221,89,32.3333321,0.08789221,0.6875,3083,55,32.3333321,0.0466489755,0.6875,4268,47,48.5,0.05299505,0.6875,3233,267,32.3333321,0.232810438,0.6875,4352,38,48.5,0.03566157,0.64375,4850,504,48.5,0.6018041,0.64375,56.1250076,41.5000038,99.99749,9.362652,27.5181122,25.3862686,5.15647125,9.724293,34.6519241,38,0.25,0,55,0,85,0.416,1.01,16,16,16,32,48,30,295,160,130,0,0,0,16,37,0.25,0,55,0,85,0.416,1.01,16,16,16,32,48,30,295,160,130,0,0,0,16,512,-1,485.785156,485.480469,0.3046875,0.5,7618.451,7618.951,0,0,0,0,0,0,0,0,0,0,0,0,512,600,1200,3000,47,0.410000026,1.30500007,0,0,11,40,210,405,0,0,0,0,0,0,0,0,1.87,6.511,0.865,1773.582,72.57031,0.947956,0,0,0,0,0,0,0,0,0,0,0,0,0,51.28125,46,16376,14294,2081,12.7122488,5.577,49152,1699840
05/27/2026 14:38:36,48,56,0,57,63,56,56,56,56,72,12.12,5.03,1.30800009,1.39200008,0.778000057,0.324,0.646,3.28400016,2.046,0,3.36800027,3.36800027,3.11600018,57,46,42,46.5,1058,742,0,911,803,0,0,0,0,0,6.15,0,0,0,0,6.15,0,7.94,2.53,7.94,27.7074585,3203,110,3966,342,40,0.209907562,0.56875,3300,49,40,0.027090244,0.56875,2659,28,33.3333321,0.0149825327,0.56875,2572,22,33.3333321,0.0137504665,0.56875,2649,29,33.3333321,0.0244528186,0.56875,5025,370,50.25,0.337132215,0.58125,2590,18,33.5,0.0127136391,0.58125,2860,25,33.5,0.058481656,0.58125,57.2500076,54.2500038,99.99748,9.386509,27.4942551,25.4509583,5.180294,9.70047,34.81202,38,0.25,0,55,0,85,0.416,1.01,16,16,16,32,48,30,295,160,130,0,0,0,16,37,0.25,0,55,0,85,0.416,1.01,16,16,16,32,48,30,295,160,130,0,0,0,16,512,-1,485.785156,485.480469,0.3046875,0.5,7618.451,7618.951,0,0,0,0,0,0,0,0,0,0,0,0,512,600,1200,3000,47,0.935000062,1.30500007,0,2,14,40,210,405,0,0,0,0,0,0,0,0,0.997,5.303,0.865,1773.582,72.57031,0,0,0,0,0,0,0,0,0,0,0,0,0,0,51.0625,48,16376,14294,2081,12.7122488,5.276,0,1499136
05/27/2026 14:38:38,48,56,0,56,62,55,55,55,55,72,12.12,5.03,1.31000006,1.39200008,0.806000054,0.322000027,0.646,3.28400016,2.046,0,3.36800027,3.36800027,3.11600018,58,46,42,46.5,1064,714,0,888,800,0,0,0,0,0,17.19,4.69,3.12,3.12,3.12,18.75,3.12,15.62,8.59,18.75,29.245203,3491,375,4040,827,40.4,0.7969855,0.6375,3816,184,40.4,0.270660043,0.6375,2936,111,33.6666679,0.176349521,0.6375,2906,90,33.6666679,0.158153668,0.6375,2956,129,33.6666679,0.211259335,0.6375,5050,935,50.5,1.09511292,0.6375,2854,80,33.6666679,0.151283175,0.6375,3367,644,33.6666679,0.8242353,0.6375,58.6250076,41.0000038,99.99749,9.401123,27.479641,25.4905853,5.18549347,9.695271,34.846962,38,0.25,0,55,0,85,0.416,1.01,16,16,16,32,48,30,295,160,130,0,0,0,16,37,0.25,0,55,0,85,0.416,1.01,16,16,16,32,48,30,295,160,130,0,0,0,16,512,-1,485.785156,485.480469,0.3046875,0.5,7618.451,7618.951,0,0,0,0,0,0,0,0,0,0,0,0,512,600,1200,3000,47,0.974000037,1.30500007,0,2,14,40,210,405,0,0,0,0,0,0,0,0,1.426,3.362,0.865,1773.582,72.57031,0.9726796,0,0,0,0,0,0,0,0,0,0,0,0,0,51.09375,48,16376,14294,2081,12.7122488,3.517,0,1499136
05/27/2026 14:38:40,49,56,0,57,63,58,58,59,59,76,12.12,5.03,1.30800009,1.39200008,0.700000048,0.302000016,0.646,3.28400016,2.046,0,3.364,3.364,3.11600018,59,46,42,46.5,1068,714,0,885,798,0,0,0,0,0,7.69,1.54,1.54,3.08,1.54,10.77,0,6.15,4.04,10.77,31.1614628,2921,106,3600,325,36,0.228720054,0.9625,3125,57,36,0.092795074,0.95625,2900,24,36,0.0134632736,0.95,2588,24,32.3333321,0.0118249906,0.875,2688,34,32.3333321,0.0221343413,0.875,3233,343,32.3333321,0.323296428,0.875,2538,14,32.3333321,0.0101893,0.875,2695,24,32.3333321,0.04254978,0.875,60.2500076,54.2500038,99.99749,9.384796,27.4959679,25.44632,5.178936,9.701828,34.802887,38,0.25,0,55,0,85,0.416,1.01,16,16,16,32,48,30,295,160,130,0,0,0,16,37,0.25,0,55,0,85,0.416,1.01,16,16,16,32,48,30,295,160,130,0,0,0,16,512,-1,485.785156,485.480469,0.3046875,0.5,7618.451,7618.951,0,0,0,0,0,0,0,0,0,0,0,0,512,600,1200,3000,46,0.630000055,1.30500007,0,1,13,40,210,405,0,0,0,0,0,0,0,0,2.012,5.45,0.865,1773.582,72.57031,0,0,0,0,0,0,0,0,0,0,0,0,0,0,51.125,46,16376,14294,2081,12.7122488,4.667,31449088,49152
05/27/2026 14:38:42,49,56,0,58,64,58,58,58,58,74,12.12,5.03,1.30800009,1.39200008,0.814,0.316,0.646,3.28400016,2.046,0,3.36800027,3.36800027,3.11600018,58,46.5,42,46.5,1098,742,0,909,824,0,0,0,0,0,12.31,4.69,0,1.56,0,9.23,0,9.38,4.65,12.31,28.45706,3349,220,4850,553,48.5,0.4857256,0.64375,3233,122,32.3333321,0.131270051,0.64375,2659,25,32.3333321,0.0195314251,0.64375,2627,23,32.3333321,0.0221455581,0.65,2689,32,32.3333321,0.02691853,0.65,4850,460,48.5,0.476825118,0.65,2654,18,32.3333321,0.0193481073,0.65,3233,523,32.3333321,0.6350818,0.65,57.8750076,41.0000038,99.99748,9.362202,27.5185623,25.3850555,5.15762329,9.723141,34.659668,38,0.25,0,55,0,85,0.416,1.01,16,16,16,32,48,30,295,160,130,0,0,0,16,37,0.25,0,55,0,85,0.416,1.01,16,16,16,32,48,30,295,160,130,0,0,0,16,512,-1,485.785156,485.480469,0.3046875,0.5,7618.451,7618.951,0,0,0,0,0,0,0,0,0,0,0,0,512,600,1200,3000,47,0.62,1.30500007,0,0,13,40,210,405,0,0,0,0,0,0,0,0,1.803,6.535,0.865,1773.582,72.57031,0.9617816,0,0,0,0,0,0,0,0,0,0,0,0,0,51.15625,46,16376,14294,2081,12.7122488,5.805,0,1549312
05/27/2026 14:38:44,49,56,0,58,64,56,56,56,56,73,12.12,5.03,1.30800009,1.39200008,0.90200007,0.326,0.646,3.288,2.046,0,3.36800027,3.36800027,3.11600018,56,46.5,42,46.5,1105,742,0,917,809,0,0,0,0,0,12.5,4.69,4.62,4.69,3.08,15.62,1.54,1.54,6.03,15.62,26.9885864,4228,147,4850,443,48.5,0.352446765,0.6375,4273,71,48.5,0.08372808,0.6375,3818,25,48.5,0.0144005567,0.6375,3941,26,48.5,0.0115190651,0.6375,4185,45,48.5,0.03656384,0.6375,4850,522,48.5,0.543242037,0.6375,3750,16,48.5,0.01032925,0.6375,4161,30,48.5,0.0146389855,0.6375,56.5000076,41.5000038,99.99749,9.386288,27.4944763,25.4503555,5.178051,9.702713,34.7969437,38,0.25,0,55,0,85,0.416,1.01,16,16,16,32,48,30,295,160,130,0,0,0,16,37,0.25,0,55,0,85,0.416,1.01,16,16,16,32,48,30,295,160,130,0,0,0,16,512,-1,485.785156,485.480469,0.3046875,0.5,7618.451,7618.951,0,0,0,0,0,0,0,0,0,0,0,0,512,600,1200,3000,47,0.815000057,1.30500007,0,0,14,40,210,405,0,0,0,0,0,0,0,0,1.48,3.718,0.865,1773.582,72.57031,0,0,0,0,0,0,0,0,0,0,0,0,0,0,51.1875,48,16376,14294,2081,12.7122488,4.597,0,1549312
05/27/2026 14:38:46,48,56,0,57,63,54,54,54,54,71,12.12,5.03,1.30800009,1.39200008,0.814,0.322000027,0.646,3.28400016,2.046,0,3.364,3.364,3.11600018,56,46,42,46.5,1079,715,0,898,829,0,0,0,0,0,9.38,4.69,3.12,3.12,1.56,10.94,1.56,12.5,5.86,12.5,29.40398,3532,283,4850,610,48.5,0.547382,0.675,3143,146,32.3333321,0.178191155,0.675,2874,70,32.3333321,0.08386542,0.675,3233,84,32.3333321,0.09679143,0.675,2872,79,32.3333321,0.08695424,0.675,5000,730,50,0.7137551,0.50625,2955,29,33.3333321,0.03749109,0.50625,3333,518,33.3333321,0.6022782,0.50625,56.2500076,42.5000038,99.99748,9.420872,27.4598923,25.544136,5.20533371,9.67543,34.9802856,38,0.25,0,55,0,85,0.416,1.01,16,16,16,32,48,30,295,160,130,0,0,0,16,37,0.25,0,55,0,85,0.416,1.01,16,16,16,32,48,30,295,160,130,0,0,0,16,512,-1,485.785156,485.480469,0.3046875,0.5,7618.451,7618.951,0,0,0,0,0,0,0,0,0,0,0,0,512,600,1200,3000,47,0.965000033,1.30500007,0,1,14,40,210,405,0,0,0,0,0,0,0,0,1.49,3.358,0.865,1773.582,72.57031,0.9532912,0,0,0,0,0,0,0,0,0,0,0,0,0,51.0625,46,16376,14294,2081,12.7122488,3.541,0,1449984
05/27/2026 14:38:48,47,56,0,57,62,55,55,55,55,72,12.12,5.03,1.30800009,1.39200008,0.84800005,0.324,0.646,3.288,2.046,0,3.36800027,3.364,3.11200023,56,46,42,46.5,1066,742,0,910,804,0,0,0,0,0,6.25,0,0,0,0,4.69,0,10.94,2.73,10.94,29.0988064,3165,145,3599,343,36,0.27260375,0.9625,3021,47,36,0.03257396,0.95625,2892,26,36,0.0119628692,0.95,2586,20,32.3333321,0.0114807384,1.09375,2587,25,32.3333321,0.0141927237,1.15,4850,366,48.5,0.4096002,1.15,2550,18,32.3333321,0.0109986076,1.15,3233,312,32.3333321,0.382696629,1.15,56.1250076,50.0000038,99.9975,9.441555,27.439209,25.6002121,5.2242775,9.65648651,35.10759,38,0.25,0,55,0,85,0.416,1.01,16,16,16,32,48,30,295,160,130,0,0,0,16,37,0.25,0,55,0,85,0.416,1.01,16,16,16,32,48,30,295,160,130,0,0,0,16,512,-1,485.785156,485.480469,0.3046875,0.5,7618.451,7618.951,0,0,0,0,0,0,0,0,0,0,0,0,512,600,1200,3000,46,0.570000052,1.30500007,0,0,12,40,210,405,0,0,0,0,0,0,0,0,1.675,6.055,0.865,1773.582,72.57031,0,0,0,0,0,0,0,0,0,0,0,0,0,0,51.09375,46,16376,14294,2081,12.7122488,5.531,0,1748992
05/27/2026 14:38:50,47,56,0,56,62,54,54,54,54,71,12.12,5.03,1.30800009,1.39200008,0.744,0.31,0.646,3.28400016,2.046,0,3.36800027,3.364,3.11600018,56,46,42,46.5,1044,742,0,907,821,0,0,0,0,0,6.25,0,0,0,0,6.25,0,10.94,2.93,10.94,28.1959324,3954,210,4850,462,48.5,0.38678506,0.64375,4174,60,48.5,0.0504701,0.64375,2734,34,32.3333321,0.0347134322,0.64375,3233,90,32.3333321,0.08431248,0.64375,2775,47,32.3333321,0.0485899225,0.64375,4850,432,48.5,0.427087873,0.64375,4166,26,48.5,0.0273574051,0.64375,4850,533,48.5,0.6427846,0.64375,56.3750076,41.5000038,99.9974747,9.45237,27.4283943,25.62954,5.230629,9.650135,35.1502762,38,0.25,0,55,0,85,0.416,1.01,16,16,16,32,48,30,295,160,130,0,0,0,16,37,0.25,0,55,0,85,0.416,1.01,16,16,16,32,48,30,295,160,130,0,0,0,16,512,-1,485.785156,485.480469,0.3046875,0.5,7618.451,7618.951,0,0,0,0,0,0,0,0,0,0,0,0,512,600,1200,3000,47,0.405000031,1.30500007,0,0,11,40,210,405,0,0,0,0,0,0,0,0,1.612,6.303,0.865,1773.582,72.57031,0.960356236,0,0,0,0,0,0,0,0,0,0,0,0,0,51.09375,46,16376,14294,2081,12.7122488,5.614,0,1748992
05/27/2026 14:38:52,48,56,0,57,62,57,57,57,57,74,12.12,5.03,1.30800009,1.39200008,0.714000046,0.302000016,0.646,3.28400016,2.046,0,3.36800027,3.364,3.11600018,59,46.5,42,46.5,1051,715,0,884,814,0,0,0,0,0,3.12,0,0,0,0,9.38,0,9.38,2.73,9.38,30.4028912,3273,153,4762,350,48.5,0.2882225,0.65,2841,60,32.3333321,0.05476798,0.65,2619,29,32.3333321,0.0147992382,0.65,2683,32,32.3333321,0.0160492249,0.65,2612,31,32.3333321,0.025917124,0.65,4850,386,48.5,0.346049875,0.65,2586,25,32.3333321,0.0186708122,0.65,3233,308,32.3333321,0.391039371,0.65,59.2500076,41.0000038,99.99748,9.442543,27.438221,25.6028976,5.22631454,9.654449,35.1212769,38,0.25,0,55,0,85,0.416,1.01,16,16,16,32,48,30,295,160,130,0,0,0,16,37,0.25,0,55,0,85,0.416,1.01,16,16,16,32,48,30,295,160,130,0,0,0,16,512,-1,485.785156,485.480469,0.3046875,0.5,7618.451,7618.951,0,0,0,0,0,0,0,0,0,0,0,0,512,600,1200,3000,48,0.590000033,1.30500007,0,0,13,40,210,405,0,0,0,0,0,0,0,0,1.357,3.367,0.865,1773.582,72.57031,0,0,0,0,0,0,0,0,0,0,0,0,0,0,51.15625,48,16376,14294,2081,12.7122488,4.109,0,187949056
05/27/2026 14:38:54,49,56,0,58,63,57,57,58,58,74,12.12,5.03,1.30800009,1.39200008,0.694,0.306000024,0.646,3.28400016,2.046,0,3.364,3.364,3.11600018,58,46,42,46.5,1083,714,0,910,816,0,0,0,0,0,10.94,4.76,0,3.17,1.59,14.06,0,11.11,5.7,14.06,27.4227085,3352,230,3600,477,36,0.384650528,0.6875,3151,75,36,0.0763566345,0.6875,2947,34,36,0.035885755,0.6875,2999,28,36,0.031136306,0.6875,3322,58,36,0.0548632443,0.6875,3600,552,36,0.5410269,0.6875,3600,72,36,0.07863166,0.6875,3600,546,36,0.664741457,0.6875,57.6250076,42.5000038,99.99749,9.423065,27.4576988,25.550087,5.20708466,9.673679,34.99205,38,0.25,0,55,0,85,0.416,1.01,16,16,16,32,48,30,295,160,130,0,0,0,16,37,0.25,0,55,0,85,0.416,1.01,16,16,16,32,48,30,295,160,130,0,0,0,16,512,-1,485.785156,485.480469,0.3046875,0.5,7618.451,7618.951,0,0,0,0,0,0,0,0,0,0,0,0,512,600,1200,3000,48,0.965000033,1.30500007,0,0,14,40,210,405,0,0,0,0,0,0,0,0,1.683,3.777,0.865,1773.582,72.57031,0.955851853,0,0,0,0,0,0,0,0,0,0,0,0,0,51.1875,48,16376,14294,2081,12.7122488,3.982,0,1649664
05/27/2026 14:38:56,49,56,0,58,63,56,56,57,57,73,12.12,5.03,1.31000006,1.39200008,0.774000049,0.316,0.646,3.288,2.046,0,3.36800027,3.364,3.11600018,58,46,42,46.5,1083,742,0,900,822,0,0,0,0,0,9.38,3.08,1.54,1.54,0,14.06,0,21.54,6.39,21.54,29.6280231,4353,303,4850,486,48.5,0.443846673,0.65625,4426,75,48.5,0.0751845539,0.65625,3979,29,48.5,0.0207142681,0.65625,3953,30,48.5,0.0145644629,0.65625,4034,44,48.5,0.0305146948,0.65625,4850,662,48.5,0.687858462,0.65625,3881,20,48.5,0.0149541078,0.65625,4850,1080,48.5,1.3107276,0.65625,58.6250076,41.0000038,99.99749,9.405823,27.4749413,25.5033264,5.19126129,9.689503,34.88572,38,0.25,0,55,0,85,0.416,1.01,16,16,16,32,48,30,295,160,130,0,0,0,16,37,0.25,0,55,0,85,0.416,1.01,16,16,16,32,48,30,295,160,130,0,0,0,16,512,-1,485.785156,485.480469,0.3046875,0.5,7618.451,7618.951,0,0,0,0,0,0,0,0,0,0,0,0,512,600,1200,3000,46,0.570000052,1.30500007,0,0,12,40,210,405,0,0,0,0,0,0,0,0,1.716,6.176,0.865,1773.582,72.57031,0,0,0,0,0,0,0,0,0,0,0,0,0,0,51,46,16376,14294,2081,12.7122488,5.784,0,1499136
05/27/2026 14:38:58,49,56,0,58,64,58,58,58,58,74,12.12,5.03,1.30800009,1.39200008,0.766000032,0.308000028,0.646,3.288,2.046,0,3.36800027,3.36800027,3.11600018,57,46.5,42,46.5,1088,742,0,917,806,0,0,0,0,0,10.94,1.59,0,0,1.59,14.06,3.17,9.52,5.11,14.06,28.24411,3334,214,4850,444,48.5,0.392628223,0.65,2918,73,32.3333321,0.05555612,0.65,2669,29,32.3333321,0.02138658,0.65,2726,26,32.3333321,0.0223791171,0.65,2726,35,32.3333321,0.0267124623,0.65,4850,494,48.5,0.538106859,0.65,2697,32,32.3333321,0.02978937,0.65,3233,583,32.3333321,0.6947842,0.65,57.5000076,41.5000038,99.99749,9.417561,27.4632034,25.5351563,5.197281,9.683483,34.92617,38,0.25,0,55,0,85,0.416,1.01,16,16,16,32,48,30,295,160,130,0,0,0,16,37,0.25,0,55,0,85,0.416,1.01,16,16,16,32,48,30,295,160,130,0,0,0,16,512,-1,485.785156,485.480469,0.3046875,0.5,7618.451,7618.951,0,0,0,0,0,0,0,0,0,0,0,0,512,600,1200,3000,47,0.924,1.30500007,0,2,14,40,210,405,0,0,0,0,0,0,0,0,1.298,6.005,0.865,1773.582,72.57031,0.006378261,0,0,0,0,0,0,0,0,0,0,0,0,0,51,46,16376,14294,2081,12.7122488,4.816,0,1599488
05/27/2026 14:39:00,49,56,0,58,64,58,58,58,58,73,12.12,5.03,1.31000006,1.39200008,0.824000061,0.318000019,0.646,3.288,2.046,0,3.36800027,3.36800027,3.11600018,57,46.5,42,46.5,1091,715,0,920,829,0,0,0,0,0,3.12,1.56,0,0,1.56,6.25,0,10.94,2.93,10.94,28.495203,3202,172,4847,333,48.5,0.2571986,0.65,2978,64,32.3333321,0.05636595,0.65,2869,40,32.3333321,0.0341284238,0.65,2817,30,32.3333321,0.02401344,0.65,2882,51,32.3333321,0.0385223143,0.65,3233,360,32.3333321,0.419726282,0.65,2760,26,32.3333321,0.0198485758,0.65,3233,470,32.3333321,0.571289063,0.65,57.7500076,42.0000038,99.99749,9.441509,27.4392548,25.60009,5.22586441,9.6549,35.118248,38,0.25,0,55,0,85,0.416,1.01,16,16,16,32,48,30,295,160,130,0,0,0,16,37,0.25,0,55,0,85,0.416,1.01,16,16,16,32,48,30,295,160,130,0,0,0,16,512,-1,485.785156,485.480469,0.3046875,0.5,7618.451,7618.951,0,0,0,0,0,0,0,0,0,0,0,0,512,600,1200,3000,48,0.840000033,1.30500007,0,0,14,40,210,405,0,0,0,0,0,0,0,0,0.872,3.345,0.865,1773.582,72.57031,0,0,0,0,0,0,0,0,0,0,0,0,0,0,51.03125,46,16376,14294,2081,12.7122488,3.792,0,1699840
05/27/2026 14:39:02,48,56,0,58,63,56,56,56,56,72,12.12,5.03,1.31000006,1.39200008,0.834000051,0.312,0.646,3.28400016,2.046,0,3.36800027,3.36800027,3.11200023,57,46.5,42,46.5,1085,741,0,904,811,0,0,0,0,0,6.35,0,0,0,0,6.35,0,12.7,3.17,12.7,27.9667625,3798,212,3600,424,36,0.336648852,0.9625,3236,69,36,0.0622226074,0.95625,3250,49,36,0.04478685,0.95,3046,33,36,0.0310600474,0.95,3568,93,36,0.09648454,0.95,4850,459,48.5,0.457820535,1.00625,3988,22,48.5,0.0286845211,1.00625,4850,544,48.5,0.6546378,1.00625,56.3750076,42.5000038,99.9975,9.448368,27.4323959,25.61869,5.22744751,9.6533165,35.12889,38,0.25,0,55,0,85,0.416,1.01,16,16,16,32,48,30,295,160,130,0,0,0,16,37,0.25,0,55,0,85,0.416,1.01,16,16,16,32,48,30,295,160,130,0,0,0,16,512,-1,485.785156,485.480469,0.3046875,0.5,7618.451,7618.951,0,0,0,0,0,0,0,0,0,0,0,0,512,600,1200,3000,47,0.965000033,1.30500007,0,4,14,40,210,405,0,0,0,0,0,0,0,0,1.872,4.715,0.865,1773.582,72.57031,0.0104902126,0,0,0,0,0,0,0,0,0,0,0,0,0,51,46,16376,14294,2081,12.7122488,3.905,0,1549312
05/27/2026 14:39:04,49,56,0,58,64,59,59,59,59,75,12.12,5.03,1.31000006,1.39200008,0.8,0.312,0.646,3.288,2.046,0,3.36800027,3.36800027,3.11600018,58,46.5,42,46.5,1074,742,0,903,829,0,0,0,0,0,9.23,0,0,1.56,0,7.69,0,10.94,3.68,10.94,27.4769726,3243,165,4780,317,48.5,0.243735567,0.65,2666,56,32.3333321,0.0332207531,0.65,2579,23,32.3333321,0.0132152215,0.65,2591,22,32.3333321,0.0118652638,0.65,2684,34,32.3333321,0.0196885485,0.65,4850,396,48.5,0.353038669,0.65,2561,18,32.3333321,0.0114945639,0.65,3233,454,32.3333321,0.545130849,0.65,58.5000076,42.5000038,99.99748,9.442829,27.4379349,25.6036682,5.22596741,9.654797,35.1189423,38,0.25,0,55,0,85,0.416,1.01,16,16,16,32,48,30,295,160,130,0,0,0,16,37,0.25,0,55,0,85,0.416,1.01,16,16,16,32,48,30,295,160,130,0,0,0,16,512,-1,485.785156,485.480469,0.3046875,0.5,7618.451,7618.951,0,0,0,0,0,0,0,0,0,0,0,0,512,600,1200,3000,47,0.580000043,1.30500007,0,0,13,40,210,405,0,0,0,0,0,0,0,0,2.058,6.488,0.865,1773.582,72.57031,0,0,0,0,0,0,0,0,0,0,0,0,0,0,51,46,16376,14294,2081,12.7122488,5.977,0,187799552
05/27/2026 14:39:06,49,56,0,58,63,57,57,58,58,73,12.12,5.03,1.31000006,1.39200008,0.746000051,0.308000028,0.644000053,3.28400016,2.046,0,3.36800027,3.36800027,3.11600018,59,46.5,42,46.5,1090,715,0,919,810,0,0,0,0,0,25,3.12,4.69,4.69,6.25,15.62,3.12,12.5,9.38,25,29.10075,3625,380,4850,1147,48.5,1.21099126,0.65,4482,180,48.5,0.2845739,0.65,2989,153,32.3333321,0.221365452,0.65,2851,102,32.3333321,0.188762292,0.64375,2944,129,32.3333321,0.2223578,0.64375,4850,600,48.5,0.7201401,0.64375,2800,80,32.3333321,0.148495123,0.64375,3233,652,32.3333321,0.8430426,0.64375,58.7500076,42.5000038,99.99749,9.426201,27.4545631,25.5585861,5.2088356,9.671928,35.0038147,38,0.25,0,55,0,85,0.416,1.01,16,16,16,32,48,30,295,160,130,0,0,0,16,37,0.25,0,55,0,85,0.416,1.01,16,16,16,32,48,30,295,160,130,0,0,0,16,512,-1,485.785156,485.480469,0.3046875,0.5,7618.451,7618.951,0,0,0,0,0,0,0,0,0,0,0,0,512,600,1200,3000,47,0.565,1.30500007,0,0,13,40,210,405,0,0,0,0,0,0,0,0,1.181,4.529,0.865,1773.582,72.57031,0.0107828313,0,0,0,0,0,0,0,0,0,0,0,0,0,51,46,16376,14294,2081,12.7122488,4.814,0,1549312
05/27/2026 14:39:08,50,56,0,58,64,58,58,58,58,74,12.12,5.03,1.31000006,1.39200008,0.886000037,0.316,0.646,3.28400016,2.046,0,3.36800027,3.36800027,3.11600018,58,46.5,42,46.5,1110,715,0,922,832,0,0,0,0,0,14.06,3.08,0,0,0,3.12,0,12.31,4.07,14.06,27.8251781,3283,191,4850,563,48.5,0.493039638,0.65,2792,67,32.3333321,0.04795905,0.65,2675,33,32.3333321,0.0181950238,0.65,2570,22,32.3333321,0.0121321613,0.65,2685,49,32.3333321,0.0351202823,0.65,4838,251,48.5,0.241153181,0.65,2622,21,32.3333321,0.0156194763,0.65,3233,519,32.3333321,0.614393234,0.65,57.8750076,43.0000038,99.99749,9.445869,27.4348946,25.6119156,5.22816467,9.652599,35.1337128,38,0.25,0,55,0,85,0.416,1.01,16,16,16,32,48,30,295,160,130,0,0,0,16,37,0.25,0,55,0,85,0.416,1.01,16,16,16,32,48,30,295,160,130,0,0,0,16,512,-1,485.785156,485.480469,0.3046875,0.5,7618.451,7618.951,0,0,0,0,0,0,0,0,0,0,0,0,512,600,1200,3000,48,0.969000041,1.30500007,0,0,14,40,210,405,0,0,0,0,0,0,0,0,1.567,3.467,0.865,1773.582,72.57031,0,0,0,0,0,0,0,0,0,0,0,0,0,0,51,46,16376,14294,2081,12.7122488,3.868,449536,0
05/27/2026 14:39:10,49,56,0,58,64,56,56,56,56,73,12.12,5.03,1.31000006,1.39200008,0.802000046,0.322000027,0.644000053,3.288,2.046,0,3.36800027,3.36800027,3.11600018,57,46,42,46.5,1104,742,0,921,833,0,0,0,0,0,23.44,3.08,1.54,1.54,3.08,15.62,4.62,6.15,7.38,23.44,28.5720539,3221,216,4850,519,48.5,0.417943329,0.66875,2956,74,32.3333321,0.0602302365,0.66875,2700,33,32.3333321,0.0294377748,0.66875,2686,25,32.3333321,0.0276261512,0.66875,2879,45,32.3333321,0.048204314,0.66875,3233,416,32.3333321,0.399098277,0.66875,3233,79,32.3333321,0.08078457,0.66875,3233,537,32.3333321,0.6448459,0.6625,56.8750076,43.5000038,99.99748,9.421318,27.459446,25.5453415,5.206463,9.674301,34.9878769,38,0.25,0,55,0,85,0.416,1.01,16,16,16,32,48,30,295,160,130,0,0,0,16,37,0.25,0,55,0,85,0.416,1.01,16,16,16,32,48,30,295,160,130,0,0,0,16,512,-1,485.785156,485.480469,0.3046875,0.5,7618.451,7618.951,0,0,0,0,0,0,0,0,0,0,0,0,512,600,1200,3000,48,0.969000041,1.30500007,0,2,14,40,210,405,0,0,0,0,0,0,0,0,1.962,5.955,0.865,1773.582,72.57031,0.0104928426,0,0,0,0,0,0,0,0,0,0,0,0,0,51.125,46,16376,14294,2081,12.7122488,4.916,0,1549312
05/27/2026 14:39:12,49,56,0,58,64,57,57,58,58,73,12.0960007,5.03,1.30800009,1.388,0.752000034,0.324,0.646,3.28400016,2.046,0,3.36800027,3.364,3.11600018,57,46,42,46.5,1093,715,0,900,808,0,0,0,0,0,7.94,1.56,0,0,0,4.76,0,10.94,3.15,10.94,28.2497215,3463,208,4040,510,40.4,0.478301316,0.55,3689,97,40.4,0.08643482,0.55,2694,21,33.6666679,0.01418827,0.55,2663,20,33.6666679,0.01217673,0.55,3383,39,40.4,0.0265339,0.55,5050,417,50.5,0.426493,0.56875,2821,26,33.6666679,0.019036714,0.56875,3367,532,33.6666679,0.6206644,0.56875,57.2500076,45.2500038,99.99748,9.449398,27.431366,25.6214752,5.232361,9.648403,35.16191,38,0.25,0,55,0,85,0.416,1.01,16,16,16,32,48,30,295,160,130,0,0,0,16,37,0.25,0,55,0,85,0.416,1.01,16,16,16,32,48,30,295,160,130,0,0,0,16,512,-1,485.785156,485.480469,0.3046875,0.5,7618.451,7618.951,0,0,0,0,0,0,0,0,0,0,0,0,512,600,1200,3000,48,1.05000007,1.30500007,0,7,14,40,210,405,0,0,0,0,0,0,0,0,1.506,6.38,0.865,1773.582,72.57031,0,0,0,0,0,0,0,0,0,0,0,0,0,0,51.0625,46,16376,14294,2081,12.7122488,5.941,0,0
05/27/2026 14:39:14,48,56,0,58,63,56,56,56,56,72,12.12,5.03,1.30800009,1.39200008,0.792000055,0.320000023,0.646,3.288,2.046,0,3.364,3.36800027,3.11600018,56,46,42,46.5,1078,715,0,899,831,0,0,0,0,0,17.19,3.08,0,1.54,0,9.38,0,7.69,4.86,17.19,28.2453136,4413,231,4850,767,48.5,0.6223907,0.63125,4332,84,48.5,0.0667128861,0.63125,4171,34,48.5,0.0308976211,0.63125,3945,25,48.5,0.0267068036,0.6375,4107,38,48.5,0.0425813533,0.6375,4850,487,48.5,0.5087327,0.6375,4197,23,48.5,0.0267562121,0.6375,4850,392,48.5,0.4757313,0.6375,56.2500076,41.5000038,99.99748,9.450699,27.4300652,25.6250076,5.228554,9.65221,35.13633,38,0.25,0,55,0,85,0.416,1.01,16,16,16,32,48,30,295,160,130,0,0,0,16,37,0.25,0,55,0,85,0.416,1.01,16,16,16,32,48,30,295,160,130,0,0,0,16,512,-1,485.785156,485.480469,0.3046875,0.5,7618.451,7618.951,0,0,0,0,0,0,0,0,0,0,0,0,512,600,1200,3000,47,0.960000038,1.30500007,0,1,14,40,210,405,0,0,0,0,0,0,0,0,1.28,3.538,0.865,1773.582,72.57031,0.9731661,0,0,0,0,0,0,0,0,0,0,0,0,0,51.0625,48,16376,14294,2081,12.7122488,4.178,0,1549312
05/27/2026 14:39:16,48,56,0,57,62,56,56,56,56,72,12.12,5.03,1.30800009,1.39200008,0.66,0.31,0.646,3.28400016,2.046,0,3.36800027,3.364,3.11600018,57,46,42,46.5,1059,742,0,908,803,0,0,0,0,0,12.5,0,3.12,4.62,3.08,6.15,0,9.23,4.84,12.5,29.1097565,3112,172,3600,463,36,0.41053018,0.9625,2670,47,32.3333321,0.0422487967,0.88125,2604,26,32.3333321,0.0148910917,1.15,2598,30,32.3333321,0.0118979076,1.15,2859,45,32.3333321,0.03808827,1.15,4775,215,48.5,0.19145903,1.15,2555,18,32.3333321,0.01099578,1.15,3233,530,32.3333321,0.6275203,1.15,56.7500076,49.3750038,99.99749,9.390961,27.4898033,25.4630356,5.18275833,9.698006,34.8285751,38,0.25,0,55,0,85,0.416,1.01,16,16,16,32,48,30,295,160,130,0,0,0,16,37,0.25,0,55,0,85,0.416,1.01,16,16,16,32,48,30,295,160,130,0,0,0,16,512,-1,485.785156,485.480469,0.3046875,0.5,7618.451,7618.951,0,0,0,0,0,0,0,0,0,0,0,0,512,600,1200,3000,48,1.095,1.30500007,0,8,14,40,210,405,0,0,0,0,0,0,0,0,1.841,4.106,0.865,1773.582,72.57031,0,0,0,0,0,0,0,0,0,0,0,0,0,0,50.96875,46,16376,14294,2081,12.7122488,4.06,0,1599488
05/27/2026 14:39:18,48,56,0,56,62,55,55,55,55,71,12.12,5.03,1.30800009,1.39200008,0.842000067,0.324,0.646,3.28400016,2.046,0,3.36800027,3.364,3.11600018,56,46,42,46.5,1074,742,0,889,797,0,0,0,0,0,20.31,4.69,4.69,3.12,4.69,12.5,0,15.62,8.2,20.31,28.4917355,3372,222,4850,788,48.5,0.635001242,0.65,2821,64,32.3333321,0.06303299,0.65,2978,50,32.3333321,0.0444543622,0.65,2700,30,32.3333321,0.0332028456,0.65,2758,38,32.3333321,0.04575074,0.65,4850,232,48.5,0.244034469,0.65,2788,28,32.3333321,0.03369046,0.65,3233,550,32.3333321,0.6654451,0.65,56.5000076,44.3750038,99.99749,9.367271,27.5134926,25.3987961,5.15995026,9.720814,34.67531,38,0.25,0,55,0,85,0.416,1.01,16,16,16,32,48,30,295,160,130,0,0,0,16,37,0.25,0,55,0,85,0.416,1.01,16,16,16,32,48,30,295,160,130,0,0,0,16,512,-1,485.785156,485.480469,0.3046875,0.5,7618.451,7618.951,0,0,0,0,0,0,0,0,0,0,0,0,512,600,1200,3000,46,0.63500005,1.30500007,0,1,13,40,210,405,0,0,0,0,0,0,0,0,2.019,6.379,0.865,1773.582,72.57031,0.9626095,0,0,0,0,0,0,0,0,0,0,0,0,0,51.0625,46,16376,14294,2081,12.7122488,5.621,0,1699840
05/27/2026 14:39:20,48,56,0,57,62,57,57,57,57,73,12.12,5.03,1.30800009,1.39200008,0.700000048,0.31,0.646,3.28400016,2.046,0,3.36800027,3.364,3.11600018,57,46,42,46.5,1080,715,0,887,814,0,0,0,0,0,15.62,6.25,4.62,4.62,4.69,10.94,1.54,12.31,7.57,15.62,28.5228119,3270,178,4850,538,48.5,0.452927381,0.65,2911,68,32.3333321,0.0598000772,0.65,2579,26,32.3333321,0.0205275156,0.65,2579,23,32.3333321,0.0115925027,0.65,2767,37,32.3333321,0.0240306128,0.65,4603,158,48.5,0.140478387,0.65,2642,24,32.3333321,0.0153900469,0.65,3233,552,32.3333321,0.6666434,0.65,57.2500076,41.5000038,99.9975,9.392273,27.4884911,25.46659,5.184643,9.696121,34.84124,38,0.25,0,55,0,85,0.416,1.01,16,16,16,32,48,30,295,160,130,0,0,0,16,36.75,0.25,0,55,0,85,0.416,1.01,16,16,16,32,48,30,295,160,130,0,0,0,16,512,-1,485.785156,485.480469,0.3046875,0.5,7618.451,7618.951,0,0,0,0,0,0,0,0,0,0,0,0,512,600,1200,3000,47,1.074,1.30500007,0,8,14,40,210,405,0,0,0,0,0,0,0,0,1.801,5.047,0.865,1773.582,72.57031,0,0,0,0,0,0,0,0,0,0,0,0,0,0,51.0625,46,16376,14294,2081,12.7122488,5.484,0,1649664
05/27/2026 14:39:22,48,56,0,57,62,55,55,56,56,72,12.12,5.03,1.30800009,1.39200008,0.894000053,0.316,0.646,3.28400016,2.046,0,3.36800027,3.364,3.11600018,58,46,42,46.5,1082,715,0,907,816,0,0,0,0,0,16.92,3.08,1.54,3.08,3.08,18.46,3.08,12.31,7.69,18.46,30.6610661,3422,390,4850,892,48.5,0.920339167,0.65,3027,205,32.3333321,0.2928722,0.65,2787,100,32.3333321,0.162061289,0.65,2798,97,32.3333321,0.166782677,0.65,3031,158,32.3333321,0.2618239,0.65,4850,943,48.5,1.09109116,0.65,2804,98,32.3333321,0.166559011,0.65,3233,627,32.3333321,0.8172065,0.65,58.0000076,42.5000038,99.99748,9.375019,27.5057449,25.4198074,5.16840363,9.71236,34.7321167,38,0.25,0,55,0,85,0.416,1.01,16,16,16,32,48,30,295,160,130,0,0,0,16,36.75,0.25,0,55,0,85,0.416,1.01,16,16,16,32,48,30,295,160,130,0,0,0,16,512,-1,485.785156,485.480469,0.3046875,0.5,7618.451,7618.951,0,0,0,0,0,0,0,0,0,0,0,0,512,600,1200,3000,48,1.03500009,1.30500007,0,7,14,40,210,405,0,0,0,0,0,0,0,0,1.257,3.324,0.865,1773.582,72.57031,0.949196,0,0,0,0,0,0,0,0,0,0,0,0,0,51.03125,46,16376,14294,2081,12.7122488,3.678,0,1699840
05/27/2026 14:39:24,49,56,0,58,63,58,58,59,59,75,12.12,5.03,1.30800009,1.39200008,0.788000047,0.316,0.646,3.28400016,2.046,0,3.36800027,3.36800027,3.11600018,58,46,42,46.5,1076,742,0,906,814,0,0,0,0,0,9.52,0,0,0,0,0,0,12.7,2.78,12.7,28.7757912,3120,175,3600,452,36,0.386346936,0.9625,3121,65,36,0.04884741,0.95625,2561,34,32.3333321,0.0159016829,1.125,2530,24,32.3333321,0.0128341513,1.125,2619,38,32.3333321,0.0231106076,1.125,4820,221,48.5,0.253952444,1.125,2478,18,32.3333321,0.012405023,1.125,3233,546,32.3333321,0.6503508,1.125,58.0000076,51.1250038,99.99748,9.389721,27.4910431,25.459671,5.179447,9.701317,34.80632,38,0.25,0,55,0,85,0.416,1.01,16,16,16,32,48,30,295,160,130,0,0,0,16,36.75,0.25,0,55,0,85,0.416,1.01,16,16,16,32,48,30,295,160,130,0,0,0,16,512,-1,485.785156,485.480469,0.3046875,0.5,7618.451,7618.951,0,0,0,0,0,0,0,0,0,0,0,0,512,600,1200,3000,48,1.08400011,1.30500007,0,8,14,40,210,405,0,0,0,0,0,0,0,0,1.512,4.758,0.865,1773.582,72.57031,0,0,0,0,0,0,0,0,0,0,0,0,0,0,51.03125,46,16376,14294,2081,12.7122488,4.576,0,1699840
05/27/2026 14:39:26,49,56,0,58,63,57,57,57,57,73,12.12,5.03,1.30800009,1.39200008,0.66200006,0.302000016,0.646,3.28400016,2.046,0,3.364,3.364,3.11600018,57,46,42,46.5,1091,715,0,915,821,0,0,0,0,0,15.62,0,0,0,1.59,12.5,1.59,12.7,5.5,15.62,28.2446918,3355,226,4850,759,48.5,0.6165255,0.65,2833,59,32.3333321,0.0556821227,0.65,2680,35,32.3333321,0.0332902633,0.65,2809,37,32.3333321,0.03559721,0.65,2812,38,32.3333321,0.04092915,0.65,4850,286,48.5,0.3191516,0.65,2774,32,32.3333321,0.0316592529,0.65,3233,566,32.3333321,0.6787254,0.65,57.0000076,42.0000038,99.99749,9.395351,27.4854126,25.4749374,5.18013763,9.700626,34.8109665,38,0.25,0,55,0,85,0.416,1.01,16,16,16,32,48,30,295,160,130,0,0,0,16,36.75,0.25,0,55,0,85,0.416,1.01,16,16,16,32,48,30,295,160,130,0,0,0,16,512,-1,485.785156,485.480469,0.3046875,0.5,7618.451,7618.951,0,0,0,0,0,0,0,0,0,0,0,0,512,600,1200,3000,47,1.05000007,1.30500007,0,7,14,40,210,405,0,0,0,0,0,0,0,0,1.889,6.608,0.865,1773.582,72.57031,0.0108964154,0,0,0,0,0,0,0,0,0,0,0,0,0,50.96875,46,16376,14294,2081,12.7122488,5.602,49152,0
05/27/2026 14:39:28,49,56,0,58,64,58,58,58,58,73,12.12,5.03,1.30800009,1.39200008,0.632,0.3,0.646,3.28400016,2.046,0,3.36800027,3.36800027,3.11600018,57,46,42,46.5,1108,715,0,903,807,0,0,0,0,0,6.35,0,0,0,0,6.35,0,11.11,2.98,11.11,27.997551,3239,163,4709,324,48.5,0.2475906,0.65,2711,59,32.3333321,0.04883145,0.65,2534,27,32.3333321,0.0235027689,0.65,2612,38,32.3333321,0.01807185,0.65,2576,36,32.3333321,0.03405617,0.65,4850,377,48.5,0.4120641,0.65,2690,33,32.3333321,0.0233007483,0.65,3233,411,32.3333321,0.48604247,0.65,57.1250076,42.5000038,99.99749,9.383717,27.4970474,25.44339,5.176594,9.70417,34.7871552,38,0.25,0,55,0,85,0.416,1.01,16,16,16,32,48,30,295,160,130,0,0,0,16,36.75,0.25,0,55,0,85,0.416,1.01,16,16,16,32,48,30,295,160,130,0,0,0,16,512,-1,485.785156,485.480469,0.3046875,0.5,7618.451,7618.951,0,0,0,0,0,0,0,0,0,0,0,0,512,600,1200,3000,48,1.04500008,1.30500007,0,7,14,40,210,405,0,0,0,0,0,0,0,0,1.527,4.027,0.865,1773.582,72.57031,0,0,0,0,0,0,0,0,0,0,0,0,0,0,51,46,16376,14294,2081,12.7122488,4.872,0,0
