,/lpc/nct6687dr/0/control/0,/lpc/nct6687dr/0/control/1,/lpc/nct6687dr/0/control/2,/lpc/nct6687dr/0/control/10,/lpc/nct6687dr/0/control/11,/lpc/nct6687dr/0/control/12,/lpc/nct6687dr/0/control/13,/lpc/nct6687dr/0/control/14,/lpc/nct6687dr/0/control/15,/lpc/nct6687dr/0/control/3,/lpc/nct6687dr/0/voltage/0,/lpc/nct6687dr/0/voltage/1,/lpc/nct6687dr/0/voltage/2,/lpc/nct6687dr/0/voltage/3,/lpc/nct6687dr/0/voltage/4,/lpc/nct6687dr/0/voltage/5,/lpc/nct6687dr/0/voltage/6,/lpc/nct6687dr/0/voltage/8,/lpc/nct6687dr/0/voltage/9,/lpc/nct6687dr/0/voltage/10,/lpc/nct6687dr/0/voltage/11,/lpc/nct6687dr/0/voltage/12,/lpc/nct6687dr/0/voltage/13,/lpc/nct6687dr/0/temperature/0,/lpc/nct6687dr/0/temperature/1,/lpc/nct6687dr/0/temperature/2,/lpc/nct6687dr/0/temperature/3,/lpc/nct6687dr/0/fan/0,/lpc/nct6687dr/0/fan/1,/lpc/nct6687dr/0/fan/2,/lpc/nct6687dr/0/fan/10,/lpc/nct6687dr/0/fan/11,/lpc/nct6687dr/0/fan/12,/lpc/nct6687dr/0/fan/13,/lpc/nct6687dr/0/fan/14,/lpc/nct6687dr/0/fan/15,/lpc/nct6687dr/0/fan/3,/amdcpu/0/load/2,/amdcpu/0/load/3,/amdcpu/0/load/4,/amdcpu/0/load/5,/amdcpu/0/load/6,/amdcpu/0/load/7,/amdcpu/0/load/8,/amdcpu/0/load/9,/amdcpu/0/load/0,/amdcpu/0/load/1,/amdcpu/0/power/0,/amdcpu/0/clock/1,/amdcpu/0/clock/2,/amdcpu/0/clock/3,/amdcpu/0/clock/4,/amdcpu/0/factor/0,/amdcpu/0/power/1,/amdcpu/0/voltage/2,/amdcpu/0/clock/5,/amdcpu/0/clock/6,/amdcpu/0/factor/1,/amdcpu/0/power/2,/amdcpu/0/voltage/3,/amdcpu/0/clock/7,/amdcpu/0/clock/8,/amdcpu/0/factor/2,/amdcpu/0/power/3,/amdcpu/0/voltage/4,/amdcpu/0/clock/9,/amdcpu/0/clock/10,/amdcpu/0/factor/3,/amdcpu/0/power/4,/amdcpu/0/voltage/5,/amdcpu/0/clock/11,/amdcpu/0/clock/12,/amdcpu/0/factor/4,/amdcpu/0/power/5,/amdcpu/0/voltage/6,/amdcpu/0/clock/13,/amdcpu/0/clock/14,/amdcpu/0/factor/5,/amdcpu/0/power/6,/amdcpu/0/voltage/7,/amdcpu/0/clock/15,/amdcpu/0/clock/16,/amdcpu/0/factor/6,/amdcpu/0/power/7,/amdcpu/0/voltage/8,/amdcpu/0/clock/17,/amdcpu/0/clock/18,/amdcpu/0/factor/7,/amdcpu/0/power/8,/amdcpu/0/voltage/9,/amdcpu/0/temperature/2,/amdcpu/0/temperature/3,/amdcpu/0/clock/0,/vram/data/2,/vram/data/3,/vram/load/1,/ram/data/0,/ram/data/1,/ram/load/0,/memory/dimm/1/temperature/0,/memory/dimm/1/temperature/1,/memory/dimm/1/temperature/2,/memory/dimm/1/temperature/3,/memory/dimm/1/temperature/4,/memory/dimm/1/temperature/5,/memory/dimm/1/timing/20,/memory/dimm/1/timing/21,/memory/dimm/1/timing/22,/memory/dimm/1/timing/23,/memory/dimm/1/timing/24,/memory/dimm/1/timing/25,/memory/dimm/1/timing/26,/memory/dimm/1/timing/27,/memory/dimm/1/timing/28,/memory/dimm/1/timing/29,/memory/dimm/1/timing/30,/memory/dimm/1/timing/31,/memory/dimm/1/timing/32,/memory/dimm/1/timing/33,/memory/dimm/1/data/50,/memory/dimm/3/temperature/0,/memory/dimm/3/temperature/1,/memory/dimm/3/temperature/2,/memory/dimm/3/temperature/3,/memory/dimm/3/temperature/4,/memory/dimm/3/temperature/5,/memory/dimm/3/timing/20,/memory/dimm/3/timing/21,/memory/dimm/3/timing/22,/memory/dimm/3/timing/23,/memory/dimm/3/timing/24,/memory/dimm/3/timing/25,/memory/dimm/3/timing/26,/memory/dimm/3/timing/27,/memory/dimm/3/timing/28,/memory/dimm/3/timing/29,/memory/dimm/3/timing/30,/memory/dimm/3/timing/31,/memory/dimm/3/timing/32,/memory/dimm/3/timing/33,/memory/dimm/3/data/50,/gpu-amd/0/smalldata/2,/gpu-amd/0/factor/0,/gpu-amd/0/smalldata/5,/gpu-amd/0/smalldata/4,/gpu-amd/0/smalldata/3,/gpu-amd/0/smalldata/6,/gpu-amd/0/smalldata/7,/gpu-amd/0/smalldata/8,/gpu-amd/0/load/2,/gpu-amd/0/load/5,/gpu-amd/0/load/3,/gpu-amd/0/load/4,/gpu-amd/0/load/9,/gpu-amd/0/load/8,/gpu-amd/0/load/7,/gpu-amd/0/load/6,/gpu-amd/0/load/12,/gpu-amd/0/load/11,/gpu-amd/0/load/10,/gpu-amd/0/smalldata/0,/gpu-amd/0/smalldata/1,/gpu-amd/0/clock/0,/gpu-amd/0/clock/1,/gpu-amd/0/clock/2,/gpu-amd/0/temperature/4,/gpu-amd/0/voltage/0,/gpu-amd/0/voltage/2,/gpu-amd/0/load/0,/gpu-amd/0/power/0,/gpu-amd/0/power/2,/gpu-nvidia/0/temperature/0,/gpu-nvidia/0/clock/0,/gpu-nvidia/0/clock/4,/gpu-nvidia/0/fan/1,/gpu-nvidia/0/fan/2,/gpu-nvidia/0/control/1,/gpu-nvidia/0/control/2,/gpu-nvidia/0/load/0,/gpu-nvidia/0/load/1,/gpu-nvidia/0/load/2,/gpu-nvidia/0/load/3,/gpu-nvidia/0/load/4,/gpu-nvidia/0/load/5,/gpu-nvidia/0/voltage/0,/gpu-nvidia/0/smalldata/3,/gpu-nvidia/0/smalldata/4,/gpu-nvidia/0/load/7,/gpu-nvidia/0/load/15,/gpu-nvidia/0/load/17,/gpu-nvidia/0/load/8,/gpu-nvidia/0/load/9,/gpu-nvidia/0/load/16,/gpu-nvidia/0/load/18,/gpu-nvidia/0/load/19,/gpu-nvidia/0/load/14,/gpu-nvidia/0/load/20,/gpu-nvidia/0/load/10,/gpu-nvidia/0/load/11,/gpu-nvidia/0/load/12,/gpu-nvidia/0/load/13,/gpu-nvidia/0/temperature/2,/gpu-nvidia/0/temperature/3,/gpu-nvidia/0/smalldata/2,/gpu-nvidia/0/smalldata/0,/gpu-nvidia/0/smalldata/1,/gpu-nvidia/0/load/3,/gpu-nvidia/0/power/0,/gpu-nvidia/0/throughput/0,/gpu-nvidia/0/throughput/1
Time,"CPU Fan","Pump Fan","Chipset Fan","System Fan #1","System Fan #2","System Fan #3","System Fan #4","System Fan #5","System Fan #6","EZ-Connect Fan","+12V","+5V","CPU Northbridge/SoC","DIMM","Vcore","Chipset","CPU System Agent","+3.3V","VREF","+1.8V","+3V Standby","AVSB","CMOS Battery","CPU Core","System","VRM MOS","Chipset","CPU Fan","Pump Fan #1","Chipset Fan","System Fan #1","System Fan #2","System Fan #3","System Fan #4","System Fan #5","System Fan #6","EZ-Connect Fan","CPU Core #1","CPU Core #2","CPU Core #3","CPU Core #4","CPU Core #5","CPU Core #6","CPU Core #7","CPU Core #8","CPU Total","CPU Core Max","Package","Cores (Average)","Cores (Average Effective)","Core #1","Core #1 (Effective)","Core #1","Core #1 (SMU)","Core #1 VID","Core #2","Core #2 (Effective)","Core #2","Core #2 (SMU)","Core #2 VID","Core #3","Core #3 (Effective)","Core #3","Core #3 (SMU)","Core #3 VID","Core #4","Core #4 (Effective)","Core #4","Core #4 (SMU)","Core #4 VID","Core #5","Core #5 (Effective)","Core #5","Core #5 (SMU)","Core #5 VID","Core #6","Core #6 (Effective)","Core #6","Core #6 (SMU)","Core #6 VID","Core #7","Core #7 (Effective)","Core #7","Core #7 (SMU)","Core #7 VID","Core #8","Core #8 (Effective)","Core #8","Core #8 (SMU)","Core #8 VID","Core (Tctl/Tdie)","CCD1 (Tdie)","Bus Speed","Memory Used","Memory Available","Memory","Memory Used","Memory Available","Memory","DIMM #1","Temperature Sensor Resolution","Thermal Sensor Low Limit","Thermal Sensor High Limit","Thermal Sensor Critical Low Limit","Thermal Sensor Critical High Limit","tCKAVGmin (Minimum Cycle Time)","tCKAVGmax (Maximum Cycle Time)","tAA (CAS Latency Time)","tRCD (RAS to CAS Delay Time)","tRP (Row Precharge Delay Time)","tRAS (Active to Precharge Delay Time)","tRC (Active to Active/Refresh Delay Time)","tWR (Write Recovery Time)","tRFC1 (Normal Refresh Recovery Time)","tRFC2 (Fine Granularity Refresh Recovery Time)","tRFCsb (Same Bank Refresh Recovery Time)","tRFC1_dlr (Normal Refresh Recovery Time 3DS)","tRFC2_dlr (Fine Granularity Refresh Recovery Time 3DS)","tRFCsb_dlr (Same Bank Refresh Recovery Time 3DS)","Capacity","DIMM #3","Temperature Sensor Resolution","Thermal Sensor Low Limit","Thermal Sensor High Limit","Thermal Sensor Critical Low Limit","Thermal Sensor Critical High Limit","tCKAVGmin (Minimum Cycle Time)","tCKAVGmax (Maximum Cycle Time)","tAA (CAS Latency Time)","tRCD (RAS to CAS Delay Time)","tRP (Row Precharge Delay Time)","tRAS (Active to Precharge Delay Time)","tRC (Active to Active/Refresh Delay Time)","tWR (Write Recovery Time)","tRFC1 (Normal Refresh Recovery Time)","tRFC2 (Fine Granularity Refresh Recovery Time)","tRFCsb (Same Bank Refresh Recovery Time)","tRFC1_dlr (Normal Refresh Recovery Time 3DS)","tRFC2_dlr (Fine Granularity Refresh Recovery Time 3DS)","tRFCsb_dlr (Same Bank Refresh Recovery Time 3DS)","Capacity","GPU Memory Total","Fullscreen FPS","D3D Dedicated Memory Total","D3D Dedicated Memory Free","D3D Dedicated Memory Used","D3D Shared Memory Used","D3D Shared Memory Free","D3D Shared Memory Total","D3D 3D","D3D Copy","D3D Compute 0","D3D Compute 1","D3D Timer 0","D3D Security 1","D3D High Priority Compute","D3D High Priority 3D","D3D Video JPEG 0","D3D Video Decode 1","D3D Video Codec 0","GPU Memory Used","GPU Memory Free","GPU Core","GPU SoC","GPU Memory","GPU VR SoC","GPU Core","GPU SoC","GPU Core","GPU Core","GPU SoC","GPU Core","GPU Core","GPU Memory","GPU Fan 1","GPU Fan 2","GPU Fan 1","GPU Fan 2","GPU Core","GPU Memory Controller","GPU Video Engine","GPU Bus","GPU Power","GPU Board Power","GPU Core Voltage","D3D Dedicated Memory Used","D3D Shared Memory Used","D3D 3D","D3D Overlay","D3D Video Decode","D3D Copy","D3D Copy","D3D Security","D3D Video Encode","D3D Video Encode","D3D Optical Flow Accelerator 0","D3D VR","D3D Copy","D3D Copy","D3D Copy","D3D Copy","GPU Hot Spot","GPU Memory Junction","GPU Memory Total","GPU Memory Free","GPU Memory Used","GPU Memory","GPU Package","GPU PCIe Rx","GPU PCIe Tx"
05/28/2026 00:39:22,57,64,0,64,69,78,78,78,78,92,12.12,5.04,1.312,1.396,1.064,0.354,0.616000056,3.292,2.046,0,3.37600017,3.37600017,3.12000012,76,50.5,50.5,48.5,1255,821,0,954,902,0,0,0,0,0,38.24,17.65,4.41,1.47,14.71,75,1.47,1.47,19.3,75,41.5001335,3575,835,5025,1848,50.25,2.416719,0.5125,3895,395,40.2,1.06936169,0.5125,3017,142,33.5,0.31023103,0.5125,3056,104,33.5,0.2661338,0.5125,2981,213,33.5,0.423231125,0.5125,5050,3915,50.5,4.823251,0.5125,2808,38,33.6666679,0.124513991,0.50625,2766,28,33.6666679,0.062315587,0.50625,76.50001,56.3750038,99.99748,30.3505859,6.530178,82.29381,10.6275139,4.25325,71.4178,45,0.25,0,55,0,85,0.416,1.01,16,16,16,32,48,30,295,160,130,0,0,0,16,44.25,0.25,0,55,0,85,0.416,1.01,16,16,16,32,48,30,295,160,130,0,0,0,16,512,-1,485.785156,485.480469,0.3046875,0.5,7618.451,7618.951,0,0,0,0,0,0,0,0,0,0,0,0,512,600,1200,3000,57,1.04500008,1.30500007,0,8,16,45,2670,10451.9824,1049,1058,30,30,0,1,0,0,16.333,17.752,0.975,13068.8125,769.851563,8.310027,0,0,0,0,0,0,0,0,0,3.117263,0,0,0,56.03125,56,16376,3009,13366,81.62393,47.585,0,0
05/28/2026 00:39:24,58,64,0,65,70,82,82,82,82,93,12.144001,5.04,1.312,1.396,1.06800008,0.346000016,0.616000056,3.292,2.046,0,3.37200022,3.37200022,3.12000012,73,50.5,50.5,49,1294,820,0,979,892,0,0,0,0,0,59.38,33.85,16.92,12.31,29.23,90.62,15.38,15.38,34.13,90.62,41.13528,4163,1542,5050,2805,50.5,2.835119,0.5875,4040,1447,40.4,2.11345029,0.5875,4040,559,40.4,1.103632,0.5875,4040,626,40.4,1.03174055,0.5875,4040,1260,40.4,1.66576517,0.5875,4040,4361,40.4,3.80628443,0.5875,4016,424,40.4,0.7980801,0.53125,4040,858,40.4,1.11974156,0.53125,74.87501,55.6250038,99.99748,31.165329,5.715435,84.50294,10.8611565,4.01960754,72.9879,45,0.25,0,55,0,85,0.416,1.01,16,16,16,32,48,30,295,160,130,0,0,0,16,44.25,0.25,0,55,0,85,0.416,1.01,16,16,16,32,48,30,295,160,130,0,0,0,16,512,-1,485.785156,485.480469,0.3046875,0.5,7618.451,7618.951,0,0,0,0,0,0,0,0,0,0,0,0,512,600,1200,3000,57,1.064,1.30500007,0,19,17,47,2670,10451.9824,1010,1017,30,30,16,4,0,3,16.828,19.077,0.975,13576.6836,678.0664,7.541391,0,0,0,1.66130114,0,0,0,0,0,8.506345,0,0,0,56.0625,56,16376,2501,13874,84.72758,49.34,0,267099136
05/28/2026 00:39:26,59,64,0,65,71,82,82,82,82,91,12.0960007,5.04,1.31000006,1.39200008,1.044,0.34800002,0.616000056,3.288,2.046,0,3.37200022,3.37200022,3.124,70,50.5,50.5,49,1302,821,0,967,925,0,0,0,0,0,41.54,20,9.23,4.62,12.31,56.92,4.62,3.08,19.04,56.92,41.26706,4062,1028,4040,1992,40.4,2.15040326,0.51875,4040,1093,40.4,1.73655736,0.51875,3879,536,40.4,1.254219,0.51875,3827,398,40.4,1.071093,0.51875,3972,760,40.4,1.49427593,0.525,5050,2825,50.5,2.65777183,0.525,3832,330,40.4,0.9949733,0.525,3855,292,40.4,0.97339344,0.525,69.62501,64.625,99.99749,31.20177,5.678993,84.6017456,10.699688,4.181076,71.90282,45,0.25,0,55,0,85,0.416,1.01,16,16,16,32,48,30,295,160,130,0,0,0,16,44.5,0.25,0,55,0,85,0.416,1.01,16,16,16,32,48,30,295,160,130,0,0,0,16,512,-1,485.785156,485.480469,0.3046875,0.5,7618.451,7618.951,0,0,0,0,0,0,0,0,0,0,0,0,512,600,1200,3000,57,1.069,1.30500007,0,18,17,58,2835,10451.9824,991,993,30,30,99,43,0,1,80.208,53.395,1.09,13891.3242,652.980469,94.20853,0,0,0,0.0171589442,0,0,0,0,0,0.03652843,0,0,0,64.75,60,16376,2186,14189,86.65062,214.388,754699264,140999680
05/28/2026 00:39:28,60,64,0,66,72,78,78,78,78,87,12.0960007,5.04,1.31000006,1.396,1.06000006,0.344,0.616000056,3.288,2.046,0,3.37600017,3.37200022,3.124,67,50.5,50.5,49,1324,820,0,990,905,0,0,0,0,0,48.44,29.69,12.5,15.62,21.88,59.38,7.81,6.25,25.2,59.38,43.4343948,3781,1295,4850,2452,48.5,2.639958,0.625,3233,1415,32.3333321,2.15061545,0.625,3154,793,32.3333321,1.59389627,0.625,3174,720,32.3333321,1.49943876,0.625,4824,1044,48.5,1.83184683,0.6375,4850,2992,48.5,2.85734367,0.6375,3061,489,32.3333321,1.26572692,0.6375,3099,453,32.3333321,1.21956086,0.6375,66.87501,56.1250038,99.99749,31.0241966,5.85656738,84.12027,10.7170753,4.16368866,72.01965,45,0.25,0,55,0,85,0.416,1.01,16,16,16,32,48,30,295,160,130,0,0,0,16,44.5,0.25,0,55,0,85,0.416,1.01,16,16,16,32,48,30,295,160,130,0,0,0,16,512,-1,485.785156,485.480469,0.3046875,0.5,7618.451,7618.951,0,0,0,0,0,0,0,0,0,0,0,0,512,600,1200,3000,57,0.979000032,1.30500007,0,6,16,58,2835,10451.9824,992,989,30,30,98,43,0,2,85.933,87.133,1.09,13906.4961,653.5117,95.04792,0,0,0,0.0160464626,0,0,0,0,0,0,0,0,0,68,62,16376,2170,14205,86.74327,246.041,8.896993E+08,192449536
05/28/2026 00:39:30,61,64,0,67,73,74,74,74,74,84,12.0960007,5.04,1.312,1.396,1.05800009,0.344,0.614,3.28400016,2.046,0,3.37600017,3.37200022,3.12000012,65,50,50.5,49,1348,851,0,986,943,0,0,0,0,0,54.69,34.38,12.5,4.69,10.94,57.81,6.25,7.81,23.63,57.81,44.0251045,4271,1325,5050,2500,50.5,2.72305536,0.53125,5050,1529,50.5,2.26871753,0.53125,4826,759,50,1.58798075,0.51875,3228,639,33.6666679,1.44684637,0.51875,3996,990,40.4,1.82166541,0.51875,5050,3323,50.5,3.14521027,0.50625,3122,423,33.6666679,1.21686816,0.50625,3848,435,40.4,1.22212958,0.525,65.37501,55.6250038,99.99748,30.9904289,5.890335,84.02871,10.7129822,4.167782,71.99215,45,0.25,0,55,0,85,0.416,1.01,16,16,16,32,48,30,295,160,130,0,0,0,16,44.5,0.25,0,55,0,85,0.416,1.01,16,16,16,32,48,30,295,160,130,0,0,0,16,512,-1,485.785156,485.480469,0.3046875,0.5,7618.451,7618.951,0,0,0,0,0,0,0,0,0,0,0,0,512,600,1200,3000,57,1.069,1.30500007,0,14,17,58,2835,10451.9824,998,996,31,31,98,42,0,2,86.085,86.244,1.09,13906.4961,653.5117,93.46545,0,0,0,0.0108104646,0,0,0,0,0,0,0,0,0,69.65625,62,16376,2170,14205,86.74327,244.035,7.288996E+08,322599936
05/28/2026 00:39:32,62,64,0,67,73,70,70,70,70,82,12.0960007,5.04,1.312,1.396,1.07600009,0.34800002,0.614,3.288,2.046,0,3.37600017,3.37200022,3.12000012,64,50,50.5,48.5,1354,851,0,992,930,0,0,0,0,0,44.44,31.75,26.98,12.7,23.81,61.9,9.52,11.11,27.78,61.9,44.0363464,4144,1448,4040,2437,40.4,2.758234,0.55625,4040,1523,40.4,2.30390382,0.53125,4040,1146,40.4,1.93583941,0.53125,3958,775,40.4,1.62007618,0.53125,4040,1201,40.4,1.99096954,0.53125,5050,3132,50.5,2.97085571,0.53125,3949,711,40.4,1.495776,0.53125,4039,657,40.4,1.43012381,0.53125,64.75001,58.2500038,99.99749,30.9574738,5.92329025,83.93935,10.6558723,4.22489166,71.60837,45,0.25,0,55,0,85,0.416,1.01,16,16,16,32,48,30,295,160,130,0,0,0,16,44.5,0.25,0,55,0,85,0.416,1.01,16,16,16,32,48,30,295,160,130,0,0,0,16,512,-1,485.785156,485.480469,0.3046875,0.5,7618.451,7618.951,0,0,0,0,0,0,0,0,0,0,0,0,512,600,1200,3000,56,1.069,1.30500007,0,8,16,59,2835,10451.9824,1021,1018,33,33,98,44,0,2,85.789,86.196,1.09,13906.4961,653.5117,94.0552139,0,0,0,0.02553767,0,0,0,0,0,0,0,0,0,68.5,62,16376,2170,14205,86.74327,244.617,7.674491E+08,284149760
05/28/2026 00:39:34,60,64,0,67,73,68,68,68,68,82,12.0720005,5.03,1.30800009,1.39200008,1.056,0.354,0.614,3.28400016,2.046,0,3.36800027,3.36800027,3.11600018,64,50,50.5,49,1337,851,0,1015,962,0,0,0,0,0,49.21,26.98,15.87,3.17,12.7,50.79,9.52,9.52,22.22,50.79,43.1829033,4564,1284,4040,2347,40.4,2.58187318,0.51875,5050,1517,50.5,2.22014284,0.51875,4921,796,50.5,1.60827816,0.51875,4786,591,50.5,1.39147234,0.51875,5050,1055,50.5,1.835935,0.51875,5050,3060,50.5,2.95412922,0.51875,3790,471,40.4,1.25112069,0.51875,3824,437,40.4,1.21056843,0.525,63.8750076,62.2500038,99.99749,30.9886971,5.892067,84.02401,10.6904411,4.190323,71.8406754,45,0.25,0,55,0,85,0.416,1.01,16,16,16,32,48,30,295,160,130,0,0,0,16,44.5,0.25,0,55,0,85,0.416,1.01,16,16,16,32,48,30,295,160,130,0,0,0,16,512,-1,485.785156,485.480469,0.3046875,0.5,7618.451,7618.951,0,0,0,0,0,0,0,0,0,0,0,0,512,600,1200,3000,57,1.069,1.30500007,0,12,17,60,2835,10451.9824,1059,1057,34,34,99,43,0,2,85.867,86.972,1.09,13906.4961,653.5117,93.9357147,0,0,0,0.0248850826,0,0,0,0,0,0,0,0,0,71.59375,64,16376,2170,14205,86.74327,244.903,6.929992E+08,241699840
05/28/2026 00:39:36,60,64,0,67,73,68,68,68,68,82,12.0720005,5.03,1.31000006,1.39200008,1.056,0.352000028,0.616000056,3.28000021,2.046,0,3.36800027,3.36800027,3.11600018,64,50,50.5,49,1324,820,0,1008,965,0,0,0,0,0,80.95,28.57,12.7,7.94,28.57,46.03,11.11,7.94,27.98,80.95,45.2076836,4324,1498,5050,3773,50.5,3.48630977,0.5125,5050,1566,50.5,2.27086735,0.5125,5050,959,50.5,1.68446827,0.5125,3959,759,40.4,1.47662842,0.5125,4013,1090,40.4,1.83380353,0.5125,5050,2729,50.5,2.86062479,0.5125,3213,621,33.6666679,1.30185783,0.5125,3211,490,33.6666679,1.19484925,0.5125,64.12501,58.2500038,99.99748,30.9593964,5.92136765,83.9445648,10.6771545,4.20360947,71.75139,45,0.25,0,55,0,85,0.416,1.01,16,16,16,32,48,30,295,160,130,0,0,0,16,44.5,0.25,0,55,0,85,0.416,1.01,16,16,16,32,48,30,295,160,130,0,0,0,16,512,-1,485.785156,485.480469,0.3046875,0.5,7618.451,7618.951,0,0,0,0,0,0,0,0,0,0,0,0,512,600,1200,3000,57,1.069,1.30500007,0,11,16,58,2835,10451.9824,1101,1099,36,36,94,36,0,2,82.687,84.205,1.09,13906.4961,653.7422,90.09334,0,0,0,0.0237079188,0,0,0,0,0,0.0105785,0,0,0,69.84375,64,16376,2170,14205,86.74327,234.081,7.08949E+08,2.035497E+08
05/28/2026 00:39:38,60,64,0,67,73,68,68,68,68,82,12.0720005,5.03,1.31000006,1.39200008,1.072,0.344,0.614,3.28000021,2.046,0,3.36800027,3.36800027,3.11600018,64,49.5,50.5,49,1327,819,0,1010,965,0,0,0,0,0,69.23,30.77,16.92,10.77,16.92,61.54,7.69,7.69,27.69,69.23,45.63277,4744,1538,5025,3620,50.25,3.3772974,0.525,5050,1703,50.5,2.41893315,0.525,5050,955,50.5,1.73493373,0.525,4972,720,50.5,1.432973,0.525,5050,1112,50.5,1.89102018,0.53125,5050,3083,50.5,3.1510303,0.53125,3890,611,40.4,1.29305,0.53125,3865,496,40.4,1.1911484,0.53125,64.25001,59.3750038,99.99749,30.9605026,5.92026138,83.94756,10.68021,4.200554,71.77192,45,0.25,0,55,0,85,0.416,1.01,16,16,16,32,48,30,295,160,130,0,0,0,16,44.5,0.25,0,55,0,85,0.416,1.01,16,16,16,32,48,30,295,160,130,0,0,0,16,512,-1,485.785156,485.480469,0.3046875,0.5,7618.451,7618.951,0,0,0,0,0,0,0,0,0,0,0,0,512,600,1200,3000,57,1.06000006,1.30500007,0,11,16,59,2835,10451.9824,1141,1138,36,36,94,38,0,2,83.002,76.867,1.09,13907.3125,653.7422,88.19307,0,0,0,0.0389405563,0,0,0,0,0,0.0902992338,0,0,0,70.53125,64,16376,2170,14205,86.74861,236.41,7.095992E+08,193799168
05/28/2026 00:39:40,60,62,0,67,73,68,68,68,68,82,12.0720005,5.02000046,1.30800009,1.39200008,1.06800008,0.346000016,0.616000056,3.28000021,2.046,0,3.364,3.364,3.11600018,64,49.5,50.5,49,1324,807,0,1014,964,0,0,0,0,0,72.31,26.15,23.08,13.85,27.69,56.92,9.23,10.77,30,72.31,45.2394638,4493,1499,5050,3586,50.5,3.38317037,0.5125,5050,1672,50.5,2.33372569,0.5125,4040,906,40.4,1.67962968,0.5125,3930,729,40.4,1.44546008,0.5125,5050,1119,50.5,1.88449407,0.5125,5050,2941,50.5,3.0081358,0.51875,3842,536,40.4,1.22599256,0.51875,3931,500,40.4,1.1765095,0.51875,64.25001,60.3750038,99.99749,30.9594536,5.92131042,83.94472,10.6811943,4.1995697,71.7785339,45,0.25,0,55,0,85,0.416,1.01,16,16,16,32,48,30,295,160,130,0,0,0,16,44.5,0.25,0,55,0,85,0.416,1.01,16,16,16,32,48,30,295,160,130,0,0,0,16,512,-1,485.785156,485.480469,0.3046875,0.5,7618.451,7618.951,0,0,0,0,0,0,0,0,0,0,0,0,512,600,1200,3000,57,1.064,1.30500007,0,11,17,60,2835,10451.9824,1167,1164,37,37,94,39,0,2,84.466,88.923,1.09,13907.4414,654.0664,87.06513,0,0,0,0.0258887559,0,0,0,0,0,0,0,0,0,71.6875,64,16376,2169,14206,86.74899,240.137,2.556498E+08,396849152
05/28/2026 00:39:42,60,62,0,67,73,68,68,68,68,82,12.048,5.02000046,1.30800009,1.388,1.06800008,0.350000024,0.616000056,3.28000021,2.046,0,3.364,3.364,3.11600018,64,49.5,51,48.5,1325,798,0,1013,963,0,0,0,0,0,68.25,28.57,11.11,12.7,11.11,61.9,6.35,11.11,26.39,68.25,44.8143044,4455,1471,5025,3204,50.25,3.12562251,0.51875,5025,1568,50.25,2.22624683,0.51875,3982,906,40,1.65789115,0.51875,3945,778,40,1.47062182,0.51875,4981,1059,50,1.8065685,0.51875,5000,3177,50,3.160448,0.51875,3863,622,40,1.302219,0.51875,3821,455,40,1.17651892,0.51875,64.25001,58.0000038,99.9975,30.98999,5.890774,84.02752,10.6933746,4.18738937,71.86038,45,0.25,0,55,0,85,0.416,1.01,16,16,16,32,48,30,295,160,130,0,0,0,16,44.5,0.25,0,55,0,85,0.416,1.01,16,16,16,32,48,30,295,160,130,0,0,0,16,512,-1,485.785156,485.480469,0.3046875,0.5,7618.451,7618.951,0,0,0,0,0,0,0,0,0,0,0,0,512,600,1200,3000,56,1.05000007,1.30500007,0,14,16,60,2835,10451.9824,1188,1185,38,38,94,40,0,2,86.576,88.465,1.09,13907.4414,654.0664,88.53701,0,0,0,0.0161403976,0,0,0,0,0,0,0,0,0,74.375,66,16376,2169,14206,86.74899,244.834,7.899996E+08,190799872
05/28/2026 00:39:44,60,62,0,67,73,68,68,68,68,82,12.0720005,5.03,1.30800009,1.39200008,1.06800008,0.350000024,0.616000056,3.28400016,2.046,0,3.364,3.364,3.11200023,64,49.5,51,48.5,1321,796,0,1013,963,0,0,0,0,0,66.13,25.81,20.97,11.29,20.97,53.23,9.68,9.68,27.22,66.13,45.7831039,4540,1570,4975,3378,49.75,3.28186464,0.55625,4950,1753,49.5,2.41473055,0.55625,4950,1041,49.5,1.81677711,0.55625,3858,775,39.6,1.55357862,0.55625,4943,1230,49.5,1.98346126,0.55625,4975,3080,49.75,3.12766743,0.54375,3803,695,39.8,1.42082536,0.54375,3869,608,39.8,1.35091746,0.54375,64.50001,60.3750038,99.99749,30.9593811,5.921383,83.94452,10.6839256,4.19683838,71.79689,45,0.25,0,55,0,85,0.416,1.01,16,16,16,32,48,30,295,160,130,0,0,0,16,44.5,0.25,0,55,0,85,0.416,1.01,16,16,16,32,48,30,295,160,130,0,0,0,16,512,-1,485.785156,485.480469,0.3046875,0.5,7618.451,7618.951,0,0,0,0,0,0,0,0,0,0,0,0,512,600,1200,3000,57,1.069,1.30500007,0,12,17,61,2835,10451.9824,1218,1219,40,40,94,42,0,2,85.171,80.754,1.09,13907.4414,654.0664,89.9642639,0,0,0,0.0209229849,0,0,0,0,0,0,0,0,0,72.78125,66,16376,2169,14206,86.74899,248.333,6.569994E+08,265499648
05/28/2026 00:39:46,60,62,0,67,73,68,68,68,68,82,12.0720005,5.03,1.31000006,1.39200008,1.064,0.354,0.616000056,3.28400016,2.046,0,3.36800027,3.36800027,3.11600018,64,49.5,51,48.5,1336,796,0,990,962,0,0,0,0,0,69.84,31.75,21.88,18.75,26.98,57.14,17.19,7.81,31.42,69.84,46.3845749,4436,1657,4975,3677,49.75,3.44861627,0.54375,4975,1790,49.75,2.50607276,0.54375,3923,1113,39.8,1.88829291,0.54375,3890,950,39.8,1.72742462,0.54375,4965,1373,49.75,2.08398,0.55,5025,2863,50.25,3.077459,0.54375,3846,813,40.2,1.59426427,0.54375,3886,675,40.2,1.45648026,0.54375,64.50001,56.1250038,99.99749,30.9901,5.890663,84.02782,10.6937943,4.18696976,71.863205,45,0.25,0,55,0,85,0.416,1.01,16,16,16,32,48,30,295,160,130,0,0,0,16,44.5,0.25,0,55,0,85,0.416,1.01,16,16,16,32,48,30,295,160,130,0,0,0,16,512,-1,485.785156,485.480469,0.3046875,0.5,7618.451,7618.951,0,0,0,0,0,0,0,0,0,0,0,0,512,600,1200,3000,56,1.069,1.30500007,0,10,16,62,2835,10451.9824,1259,1262,41,41,93,54,0,1,85.811,85.406,1.09,13907.4414,654.0664,87.0933762,0,0,0,0.03273609,0,0,0,0,0,0,0,0,0,72.0625,68,16376,2169,14206,86.74899,242.373,6.589E+08,1.805998E+08
05/28/2026 00:39:48,60,62,0,67,73,68,68,68,68,82,12.0720005,5.03,1.31000006,1.39200008,1.0660001,0.356,0.616000056,3.28000021,2.046,0,3.36800027,3.36800027,3.11600018,64,49.5,51,48.5,1337,796,0,996,963,0,0,0,0,0,73.85,36.92,10.77,9.23,24.62,56.92,7.69,12.31,29.04,73.85,46.1509781,4527,1675,4975,3441,49.75,3.334037,0.54375,4975,2112,49.75,2.74455857,0.54375,4922,1055,49.75,1.90839911,0.54375,3849,926,39.8,1.72242737,0.54375,4937,1370,49.75,2.10099721,0.54375,4975,2967,49.75,3.126106,0.55625,3762,830,39.8,1.58457863,0.55625,3818,700,39.8,1.47338915,0.55625,64.37501,59.8750038,99.99748,30.9598465,5.92091751,83.9457855,10.6850548,4.195709,71.8044739,45,0.25,0,55,0,85,0.416,1.01,16,16,16,32,48,30,295,160,130,0,0,0,16,44.5,0.25,0,55,0,85,0.416,1.01,16,16,16,32,48,30,295,160,130,0,0,0,16,512,-1,485.785156,485.480469,0.3046875,0.5,7618.451,7618.951,0,0,0,0,0,0,0,0,0,0,0,0,512,600,1200,3000,57,1.069,1.30500007,0,18,16,61,2835,10451.9824,1286,1292,41,41,93,56,0,1,88.734,87.734,1.09,13907.4414,654.0664,87.90277,0,0,0,0.0168225765,0,0,0,0,0,0,0,0,0,72.375,68,16376,2169,14206,86.74899,249.632,650749952,198649856
05/28/2026 00:39:50,60,62,0,67,73,68,68,68,68,82,12.0720005,5.03,1.30800009,1.39200008,1.0660001,0.36,0.616000056,3.28000021,2.046,0,3.36800027,3.36800027,3.11600018,64,49.5,51,48.5,1324,796,0,994,962,0,0,0,0,0,63.08,42.19,27.69,21.54,32.31,70.31,17.19,18.75,36.63,70.31,46.4472542,3985,1695,5050,3440,50.5,3.36074185,0.51875,4040,2050,40.4,2.64395428,0.51875,4015,986,40.4,1.87498391,0.51875,3311,1033,33.6666679,1.83032453,0.51875,4031,1456,40.4,2.177053,0.51875,5000,2993,50,3.13790727,0.50625,3174,794,33.3333321,1.56517529,0.50625,3262,806,33.3333321,1.56365168,0.50625,64.25001,56.1250038,99.9975,30.9911041,5.88966,84.03053,10.6960564,4.18470764,71.87841,45,0.25,0,55,0,85,0.416,1.01,16,16,16,32,48,30,295,160,130,0,0,0,16,44.5,0.25,0,55,0,85,0.416,1.01,16,16,16,32,48,30,295,160,130,0,0,0,16,512,-1,485.785156,485.480469,0.3046875,0.5,7618.451,7618.951,0,0,0,0,0,0,0,0,0,0,0,0,512,600,1200,3000,57,1.079,1.30500007,0,10,16,61,2835,10451.9824,1305,1310,41,41,93,56,0,1,86.574,88.082,1.09,13907.4414,654.0664,87.45415,0,0,0,0.0121375518,0,0,0,0,0,0,0,0,0,73.75,68,16376,2169,14206,86.74899,252.108,683099136,102599680
05/28/2026 00:39:52,60,62,0,67,73,68,68,68,68,82,12.048,5.02000046,1.30800009,1.39200008,1.07,0.346000016,0.616000056,3.28400016,2.046,0,3.364,3.364,3.11200023,64,49.5,51,48.5,1323,796,0,991,962,0,0,0,0,0,65.08,38.1,19.05,17.46,20.63,49.21,17.46,15.87,30.36,65.08,46.7864037,4125,1693,5050,3437,50.5,3.311666,0.51875,4040,2052,40.4,2.681274,0.51875,4033,1045,40.4,1.94872022,0.51875,3985,976,40.4,1.76493025,0.51875,4040,1500,40.4,2.22386527,0.51875,4040,2946,40.4,3.13922024,0.51875,3882,829,40.4,1.605135,0.51875,3931,758,40.4,1.54059422,0.51875,64.25001,56.6250038,99.99749,30.99065,5.890114,84.0293045,10.6977654,4.18299866,71.88989,45,0.25,0,55,0,85,0.416,1.01,16,16,16,32,48,30,295,160,130,0,0,0,16,44.5,0.25,0,55,0,85,0.416,1.01,16,16,16,32,48,30,295,160,130,0,0,0,16,512,-1,485.785156,485.480469,0.3046875,0.5,7618.451,7618.951,0,0,0,0,0,0,0,0,0,0,0,0,512,600,1200,3000,57,1.06000006,1.30500007,0,19,17,60,2835,10451.9824,1319,1322,41,41,93,55,0,1,86.428,89.237,1.09,13907.4414,654.0664,87.925705,0,0,0,0.0136350794,0,0,0,0,0,0,0,0,0,72.25,70,16376,2169,14206,86.74899,250,5.508997E+08,176199680
05/28/2026 00:39:54,60,62,0,67,73,68,68,68,68,82,12.048,5.02000046,1.30800009,1.39200008,1.06800008,0.34800002,0.616000056,3.28000021,2.046,0,3.36800027,3.364,3.11600018,64,49.5,51,48.5,1336,827,0,1008,960,0,0,0,0,0,70.31,53.12,31.25,20.31,43.75,48.44,20.31,15.62,37.89,70.31,46.5152779,3828,1733,5050,3458,50.5,3.40985775,0.50625,4040,2166,40.4,2.80525565,0.50625,3367,1201,33.6666679,2.02674985,0.50625,3282,944,33.6666679,1.76960576,0.50625,3367,1553,33.6666679,2.28020549,0.50625,5025,2896,50.25,3.21781564,0.51875,3211,903,33.5,1.66537559,0.51875,3285,741,33.5,1.54204762,0.51875,64.25001,57.1250038,99.99749,30.9620819,5.918682,83.95184,10.6843452,4.196419,71.79971,45,0.25,0,55,0,85,0.416,1.01,16,16,16,32,48,30,295,160,130,0,0,0,16,44.5,0.25,0,55,0,85,0.416,1.01,16,16,16,32,48,30,295,160,130,0,0,0,16,512,-1,485.785156,485.480469,0.3046875,0.5,7618.451,7618.951,0,0,0,0,0,0,0,0,0,0,0,0,512,600,1200,3000,57,1.069,1.30500007,0,10,16,61,2835,10451.9824,1326,1327,42,42,93,56,0,1,88.694,83.131,1.09,13907.4414,654.0664,87.46037,0,0,0,0.0118902987,0,0,0,0,0,0,0,0,0,70.5625,68,16376,2169,14206,86.74899,250.752,4.586496E+08,368099328
05/28/2026 00:39:56,60,62,0,67,73,68,68,68,68,82,12.0720005,5.02000046,1.30800009,1.39200008,1.062,0.354,0.616000056,3.28400016,2.046,0,3.36800027,3.364,3.11600018,64,49.5,51,48.5,1333,826,0,988,936,0,0,0,0,0,54.69,29.69,15.62,18.75,34.38,51.56,17.19,15.62,29.69,54.69,46.23754,3962,1698,5050,3333,50.5,3.2473557,0.50625,5050,2065,50.5,2.68641162,0.50625,3367,1178,33.6666679,1.97836387,0.50625,3311,979,33.6666679,1.75106466,0.51875,3367,1473,33.6666679,2.1877625,0.51875,5050,2949,50.5,3.216948,0.51875,3222,880,33.6666679,1.61532342,0.51875,3281,728,33.6666679,1.51320732,0.51875,64.37501,57.1250038,99.99749,30.9893036,5.89146042,84.02566,10.6999283,4.18083572,71.90443,45,0.25,0,55,0,85,0.416,1.01,16,16,16,32,48,30,295,160,130,0,0,0,16,44.5,0.25,0,55,0,85,0.416,1.01,16,16,16,32,48,30,295,160,130,0,0,0,16,512,-1,485.785156,485.480469,0.3046875,0.5,7618.451,7618.951,0,0,0,0,0,0,0,0,0,0,0,0,512,600,1200,3000,57,1.06000006,1.30500007,0,22,17,62,2835,10451.9824,1331,1333,42,42,93,54,0,1,90.414,91.052,1.09,13907.4414,654.0664,87.82401,0,0,0,0.0120890122,0,0,0,0,0,0,0,0,0,73.75,68,16376,2169,14206,86.74899,250.041,4.403497E+08,166449152
05/28/2026 00:39:58,60,62,0,67,73,68,68,68,68,82,12.0720005,5.03,1.31000006,1.39200008,1.06800008,0.350000024,0.616000056,3.28000021,2.046,0,3.36800027,3.36800027,3.11600018,64,49.5,51,48.5,1327,826,0,993,937,0,0,0,0,0,67.19,31.25,21.88,23.44,23.44,54.69,7.81,6.25,29.49,67.19,46.26921,4494,1674,5050,3436,50.5,3.36745358,0.51875,5050,1870,50.5,2.59146738,0.51875,4026,1134,40.4,1.93149877,0.51875,4000,1034,40.4,1.78826749,0.51875,5050,1413,50.5,2.12847829,0.50625,5050,3067,50.5,3.24739385,0.50625,3869,818,40.4,1.56981134,0.50625,3860,619,40.4,1.4185859,0.49375,64.62501,62.7500038,99.99748,30.9907227,5.89004135,84.0295,10.7005844,4.1801796,71.90884,45,0.25,0,55,0,85,0.416,1.01,16,16,16,32,48,30,295,160,130,0,0,0,16,44.5,0.25,0,55,0,85,0.416,1.01,16,16,16,32,48,30,295,160,130,0,0,0,16,512,-1,485.785156,485.480469,0.3046875,0.5,7618.451,7618.951,0,0,0,0,0,0,0,0,0,0,0,0,512,600,1200,3000,57,1.074,1.30500007,0,18,16,62,2835,10451.9824,1340,1340,43,43,93,55,0,1,88.811,90.035,1.09,13907.4414,654.0664,88.5011444,0,0,0,0.0308238734,0,0,0,0,0,0,0,0,0,72,70,16376,2169,14206,86.74899,259.227,6.113997E+08,131249152
05/28/2026 00:40:00,60,62,0,67,73,68,68,68,68,82,12.0720005,5.03,1.31000006,1.39200008,1.06800008,0.344,0.616000056,3.28400016,2.046,0,3.36800027,3.36800027,3.11600018,64,49.5,51,48.5,1327,825,0,991,936,0,0,0,0,0,76.56,45.31,23.44,14.29,23.44,54.69,17.19,15.62,33.82,76.56,46.754055,4338,1652,5025,3528,50.25,3.42834973,0.525,4020,2010,40.2,2.57967639,0.525,4020,1179,40.2,1.96597791,0.525,4871,848,50.25,1.6319747,0.525,4020,1356,40.2,2.09816885,0.525,5050,2931,50.5,3.11716819,0.50625,3826,729,40.4,1.49194384,0.50625,3870,637,40.4,1.41770756,0.50625,64.87501,58.0000038,99.99749,30.9933243,5.88743973,84.03656,10.7044411,4.176323,71.93475,45,0.25,0,55,0,85,0.416,1.01,16,16,16,32,48,30,295,160,130,0,0,0,16,44.5,0.25,0,55,0,85,0.416,1.01,16,16,16,32,48,30,295,160,130,0,0,0,16,512,-1,485.785156,485.480469,0.3046875,0.5,7618.451,7618.951,0,0,0,0,0,0,0,0,0,0,0,0,512,600,1200,3000,57,1.069,1.30500007,0,13,17,61,2835,10451.9824,1360,1362,44,44,93,56,0,2,93.105,96.192,1.09,13907.4414,653.835938,89.03153,0,0,0,0.0117333122,0,0,0,0,0,0.00849722,0,0,0,74.40625,70,16376,2169,14206,86.74899,261.747,6.944E+08,217449472
05/28/2026 00:40:02,60,62,0,67,73,68,68,68,68,82,12.048,5.02000046,1.30800009,1.39200008,1.0660001,0.344,0.616000056,3.28000021,2.046,0,3.364,3.364,3.11600018,64,49.5,51,48.5,1339,826,0,993,959,0,0,0,0,0,63.08,36.92,25.76,16.67,23.08,67.69,24.24,13.64,33.88,67.69,46.3768768,4276,1652,4950,3402,49.5,3.369647,0.54375,4950,1839,49.5,2.57678533,0.54375,3951,1127,39.6,1.922646,0.54375,3854,890,39.6,1.69022048,0.54375,3960,1372,39.6,2.12065578,0.54375,4950,3177,49.5,3.301306,0.54375,3752,763,39.6,1.53456271,0.54375,3845,649,40.4,1.43279088,0.5375,64.87501,57.1250038,99.99749,30.9608459,5.919918,83.948494,10.68438,4.19638443,71.79994,45,0.25,0,55,0,85,0.416,1.01,16,16,16,32,48,30,295,160,130,0,0,0,16,44.5,0.25,0,55,0,85,0.416,1.01,16,16,16,32,48,30,295,160,130,0,0,0,16,512,-1,485.785156,485.480469,0.3046875,0.5,7618.451,7618.951,0,0,0,0,0,0,0,0,0,0,0,0,512,600,1200,3000,56,1.05000007,1.30500007,0,10,16,62,2835,10451.9824,1385,1386,45,45,94,55,0,1,91.32,90.971,1.09,13907.4414,654.0664,88.8668442,0,0,0,0.0116386237,0,0,0,0,0,0,0,0,0,74.375,70,16376,2169,14206,86.74899,261.979,372849664,148199424
05/28/2026 00:40:04,60,62,0,67,73,69,69,69,69,83,12.048,5.03,1.30800009,1.39200008,1.062,0.344,0.616000056,3.28000021,2.046,0,3.364,3.364,3.11600018,65,49.5,51,48.5,1323,826,0,1008,959,0,0,0,0,0,70.77,58.46,20,15.38,32.31,61.54,20,15.38,36.73,70.77,46.54041,4451,1687,5025,3593,50.25,3.544283,0.50625,5000,2066,50,2.64242578,0.50625,5000,1148,50,1.93126106,0.50625,3890,932,40,1.69089866,0.50625,4000,1481,40,2.20537448,0.50625,5000,2820,50,3.03108215,0.50625,3795,748,40,1.5102973,0.50625,3900,710,40,1.47765422,0.50625,65.00001,56.1250038,99.99749,30.9613266,5.91943741,83.9498,10.6844711,4.196293,71.80055,45,0.25,0,55,0,85,0.416,1.01,16,16,16,32,48,30,295,160,130,0,0,0,16,44.5,0.25,0,55,0,85,0.416,1.01,16,16,16,32,48,30,295,160,130,0,0,0,16,512,-1,485.785156,485.480469,0.3046875,0.5,7618.451,7618.951,0,0,0,0,0,0,0,0,0,0,0,0,512,600,1200,3000,58,1.05500007,1.30500007,0,5,16,63,2835,10451.9824,1409,1409,45,45,94,54,0,2,93.994,94.196,1.09,13907.4414,654.0664,88.6316757,0,0,0,0.0118590072,0,0,0,0,0,0,0,0,0,74.21875,70,16376,2169,14206,86.74899,263.847,7.020493E+08,125099008
05/28/2026 00:40:06,61,62,0,68,74,70,70,70,70,83,12.0720005,5.03,1.30800009,1.39200008,1.0660001,0.350000024,0.616000056,3.28400016,2.046,0,3.36800027,3.36800027,3.11600018,65,49.5,51,48.5,1362,827,0,995,960,0,0,0,0,0,76.56,26.56,17.19,12.5,23.44,53.12,9.38,7.81,28.32,76.56,45.8210258,4638,1582,4925,3565,49.25,3.3047,0.55625,4925,1760,49.25,2.41949248,0.55625,4859,971,49.25,1.74662018,0.55625,4837,817,49.25,1.5682447,0.55625,4925,1292,49.25,2.00875735,0.55625,5000,3015,50,3.11852169,0.55625,3786,662,40,1.38093388,0.55625,3844,571,40,1.30940628,0.55625,65.00001,57.5000038,99.99748,30.9623184,5.91844559,83.9524841,10.6846237,4.19614029,71.80158,45,0.25,0,55,0,85,0.416,1.01,16,16,16,32,48,30,295,160,130,0,0,0,16,44.5,0.25,0,55,0,85,0.416,1.01,16,16,16,32,48,30,295,160,130,0,0,0,16,512,-1,485.785156,485.480469,0.3046875,0.5,7618.451,7618.951,0,0,0,0,0,0,0,0,0,0,0,0,512,600,1200,3000,57,1.05500007,1.30500007,0,9,16,63,2820,10451.9824,1430,1424,46,46,94,45,0,2,88.191,88.029,1.085,13907.3281,585.2422,92.4995956,0,0,0,0.008770996,0,0,0,0,0,0.273462832,0,0,0,74.875,70,16376,2169,14206,86.74899,267.008,635449344,138599424
05/28/2026 00:40:08,62,62,0,68,75,70,70,70,70,83,12.0720005,5.03,1.30800009,1.39200008,1.07,0.354,0.616000056,3.28400016,2.046,0,3.36800027,3.36800027,3.11600018,65,50,51,48.5,1359,826,0,1004,962,0,0,0,0,0,68.75,29.69,18.75,4.69,17.19,53.12,10.94,12.5,26.95,68.75,45.19854,4566,1479,5025,3437,50.25,3.2733047,0.53125,5025,1535,50.25,2.24186277,0.53125,3970,893,40.2,1.64323556,0.53125,3901,703,40.2,1.43970752,0.53125,3968,1062,40.2,1.82003784,0.53125,5025,3115,50.25,3.14909649,0.50625,4800,587,50.25,1.25861228,0.50625,4811,502,50.25,1.20979929,0.50625,65.00001,59.3750038,99.99749,30.9907074,5.89005661,84.0294647,10.7048569,4.175907,71.9375458,45,0.25,0,55,0,85,0.416,1.01,16,16,16,32,48,30,295,160,130,0,0,0,16,44.5,0.25,0,55,0,85,0.416,1.01,16,16,16,32,48,30,295,160,130,0,0,0,16,512,-1,485.785156,485.480469,0.3046875,0.5,7618.451,7618.951,0,0,0,0,0,0,0,0,0,0,0,0,512,600,1200,3000,57,1.05500007,1.30500007,0,16,16,63,2820,10451.9824,1441,1438,46,46,95,44,0,2,88.72,80.432,1.085,13907.3281,585.2422,89.11968,0,0,0,0.0073515675,0,0,0,0,0,0,0,0,0,75.5,68,16376,2169,14206,86.74899,252.53,2.60595E+09,1.558999E+08
05/28/2026 00:40:10,61,62,0,68,75,69,69,69,69,82,12.048,5.02000046,1.30800009,1.39200008,1.064,0.34800002,0.616000056,3.28400016,2.046,0,3.36800027,3.36800027,3.11600018,64,49.5,51,48.5,1346,827,0,1018,974,0,0,0,0,0,64.62,27.69,12.31,10.77,18.46,60,12.31,4.62,26.35,64.62,45.17314,3976,1483,4040,3518,40.4,3.28369927,0.51875,5050,1493,50.5,2.23907,0.51875,4040,915,40.4,1.66555846,0.51875,3310,719,33.6666679,1.443368,0.51875,4017,1100,40.4,1.82957935,0.50625,5000,3047,50,3.107757,0.5125,3174,598,33.3333321,1.28199875,0.5125,3180,474,33.3333321,1.18309617,0.5125,64.87501,61.2500038,99.99748,30.960434,5.92033,83.94737,10.6835938,4.19717026,71.79466,45,0.25,0,55,0,85,0.416,1.01,16,16,16,32,48,30,295,160,130,0,0,0,16,44.5,0.25,0,55,0,85,0.416,1.01,16,16,16,32,48,30,295,160,130,0,0,0,16,512,-1,485.785156,485.480469,0.3046875,0.5,7618.451,7618.951,0,0,0,0,0,0,0,0,0,0,0,0,512,600,1200,3000,57,1.064,1.30500007,0,15,16,64,2820,10451.9824,1447,1444,47,46,94,44,0,2,90.457,88.713,1.085,13907.3281,585.2422,90.68626,0,0,0,0.008099755,0,0,0,0,0,0,0,0,0,75.4375,68,16376,2169,14206,86.74899,255.401,614649856,273249280
05/28/2026 00:40:12,61,62,0,67,74,70,70,70,70,83,12.048,5.02000046,1.30800009,1.388,1.0660001,0.352000028,0.616000056,3.28000021,2.046,0,3.36800027,3.364,3.11600018,64,49.5,51,48.5,1339,827,0,998,949,0,0,0,0,0,76.19,23.81,19.05,12.7,22.22,57.14,9.52,14.29,29.37,76.19,45.3091621,4554,1465,4975,3511,49.75,3.33573318,0.51875,4975,1600,49.75,2.23786378,0.51875,3980,906,39.8,1.63183439,0.51875,4850,683,50,1.394966,0.51875,4957,1075,50,1.82449484,0.51875,5025,2847,50.25,2.91408539,0.51875,3837,618,40.2,1.287809,0.51875,3836,480,40,1.18033242,0.51875,64.87501,58.0000038,99.99749,30.990696,5.890068,84.02943,10.704258,4.176506,71.9335251,45,0.25,0,55,0,85,0.416,1.01,16,16,16,32,48,30,295,160,130,0,0,0,16,44.5,0.25,0,55,0,85,0.416,1.01,16,16,16,32,48,30,295,160,130,0,0,0,16,512,-1,485.785156,485.480469,0.3046875,0.5,7618.451,7618.951,0,0,0,0,0,0,0,0,0,0,0,0,512,600,1200,3000,57,1.064,1.30500007,0,12,17,64,2820,10451.9824,1460,1455,47,47,94,44,0,2,90.898,90.594,1.085,13907.3281,585.2422,88.7993851,0,0,0,0.00668081641,0,0,0,0,0,0,0,0,0,77.28125,70,16376,2169,14206,86.74899,258.52,727899136,162049024
05/28/2026 00:40:14,60,62,0,67,73,68,68,68,68,82,12.0720005,5.02000046,1.30800009,1.39200008,1.062,0.352000028,0.616000056,3.28000021,2.046,0,3.36800027,3.364,3.11600018,64,50,51,48.5,1328,827,0,1006,943,0,0,0,0,0,67.69,38.46,18.46,15.38,13.85,47.69,12.31,6.15,27.5,67.69,45.66888,3864,1492,5050,3422,50.5,3.18966341,0.525,4040,1670,40.4,2.24988341,0.525,3361,911,33.6666679,1.64821494,0.525,3345,842,33.6666679,1.53027284,0.525,3357,1115,33.6666679,1.84547615,0.525,4040,2851,40.4,2.96736073,0.53125,3838,622,40.4,1.30512977,0.53125,3879,505,40.4,1.202365,0.53125,65.00001,62.7500038,99.99749,30.9591675,5.92159653,83.94394,10.6837158,4.197048,71.79548,45,0.25,0,55,0,85,0.416,1.01,16,16,16,32,48,30,295,160,130,0,0,0,16,44.5,0.25,0,55,0,85,0.416,1.01,16,16,16,32,48,30,295,160,130,0,0,0,16,512,-1,485.785156,485.480469,0.3046875,0.5,7618.451,7618.951,0,0,0,0,0,0,0,0,0,0,0,0,512,600,1200,3000,57,1.064,1.30500007,0,22,17,62,2820,10451.9824,1471,1471,47,47,94,38,0,1,88.375,96.209,1.085,13907.3281,585.2422,91.4572449,0,0,0,0.00716873538,0,0,0,0,0,0,0,0,0,74.0625,68,16376,2169,14206,86.74899,253.322,9.235999E+08,200599552
05/28/2026 00:40:16,60,62,0,67,73,68,68,68,68,82,12.0720005,5.03,1.30800009,1.39200008,1.06800008,0.350000024,0.616000056,3.28000021,2.046,0,3.36800027,3.364,3.11600018,64,49.5,51,48.5,1321,798,0,1004,937,0,0,0,0,0,71.88,35.94,18.75,14.06,18.75,64.06,18.75,10.94,31.64,71.88,45.2953224,4457,1486,5025,3276,50.25,3.15565658,0.53125,5025,1574,50.25,2.293069,0.53125,4993,876,50.25,1.63355815,0.53125,3940,727,40.2,1.45390594,0.53125,4006,1073,40.2,1.82927573,0.53125,5025,3289,50.25,3.27037263,0.53125,3811,618,40.2,1.29931915,0.53125,3833,456,40.2,1.18040669,0.53125,64.75001,58.5000038,99.99748,30.9608421,5.919922,83.94849,10.6842766,4.19648743,71.79925,45,0.25,0,55,0,85,0.416,1.01,16,16,16,32,48,30,295,160,130,0,0,0,16,44.5,0.25,0,55,0,85,0.416,1.01,16,16,16,32,48,30,295,160,130,0,0,0,16,512,-1,485.785156,485.480469,0.3046875,0.5,7618.451,7618.951,0,0,0,0,0,0,0,0,0,0,0,0,512,600,1200,3000,57,1.06000006,1.30500007,0,15,17,62,2820,10451.9824,1480,1480,47,47,93,38,0,1,89.168,90.2,1.085,13907.3281,585.0117,88.2754745,0,0,0,0.007922166,0,0,0,0,0,0.009357048,0,0,0,77.0625,68,16376,2169,14206,86.74899,253.251,6.173491E+08,159849472
05/28/2026 00:40:18,60,62,0,67,73,68,68,68,68,82,12.0720005,5.02000046,1.30800009,1.39200008,1.064,0.346000016,0.616000056,3.28000021,2.046,0,3.36800027,3.364,3.11600018,64,49.5,51,48.5,1325,797,0,986,935,0,0,0,0,0,76.56,42.19,12.5,7.81,14.06,43.75,9.38,6.25,26.56,76.56,45.2899666,4482,1486,5050,3616,50.5,3.34282184,0.51875,5050,1638,50.5,2.316205,0.51875,4040,897,40.4,1.63957512,0.51875,3962,741,40.4,1.45769227,0.51875,5049,1109,50.5,1.86446428,0.50625,5050,2813,50.5,2.95477057,0.50625,3838,625,40.4,1.3195647,0.50625,3817,453,40.4,1.18360937,0.50625,64.62501,66,99.99749,30.9620323,5.91873169,83.95171,10.684391,4.196373,71.80002,45,0.25,0,55,0,85,0.416,1.01,16,16,16,32,48,30,295,160,130,0,0,0,16,44.5,0.25,0,55,0,85,0.416,1.01,16,16,16,32,48,30,295,160,130,0,0,0,16,512,-1,485.785156,485.480469,0.3046875,0.5,7618.451,7618.951,0,0,0,0,0,0,0,0,0,0,0,0,512,600,1200,3000,57,1.069,1.30500007,0,12,16,64,2820,10451.9824,1488,1486,47,47,93,37,0,1,89.154,83.322,1.085,13907.3281,585.0117,90.10958,0,0,0,0.00760678062,0,0,0,0,0,0,0,0,0,75.5625,68,16376,2169,14206,86.74899,254.895,5.878999E+08,175899648
05/28/2026 00:40:20,60,62,0,67,73,68,68,68,68,82,12.0720005,5.03,1.30800009,1.39200008,1.064,0.344,0.616000056,3.28000021,2.046,0,3.36800027,3.364,3.11600018,64,50,51,48.5,1325,796,0,986,933,0,0,0,0,0,71.88,29.69,20.31,9.38,17.19,59.38,6.25,6.25,27.54,71.88,45.6403236,4202,1507,5025,3677,50.25,3.35069346,0.51875,4000,1611,40,2.29112029,0.51875,4000,914,40,1.68188155,0.51875,3869,690,40,1.40868044,0.51875,4000,1142,40,1.8675952,0.51875,5050,2914,50.5,3.02295947,0.525,3805,591,40.4,1.27678871,0.525,3864,520,40.4,1.226888,0.525,64.75001,57.1250038,99.99748,30.9004288,5.980335,83.7846756,10.62273,4.25803375,71.38565,45,0.25,0,55,0,85,0.416,1.01,16,16,16,32,48,30,295,160,130,0,0,0,16,44.5,0.25,0,55,0,85,0.416,1.01,16,16,16,32,48,30,295,160,130,0,0,0,16,512,-1,485.785156,485.480469,0.3046875,0.5,7618.451,7618.951,0,0,0,0,0,0,0,0,0,0,0,0,512,600,1200,3000,57,1.069,1.30500007,0,16,17,63,2820,10451.9824,1493,1489,47,47,94,37,0,1,87.148,87.558,1.085,13907.3281,585.0117,89.37934,0,0,0,0.0076583866,0,0,0,0,0,0,0,0,0,77.0625,68,16376,2169,14206,86.74899,246.406,6.83349E+08,236199936
05/28/2026 00:40:22,60,62,0,67,73,68,68,68,68,82,12.048,5.03,1.30800009,1.39200008,1.07,0.352000028,0.616000056,3.27600026,2.046,0,3.36800027,3.36800027,3.11600018,65,49.5,51,48.5,1334,796,0,986,957,0,0,0,0,0,70.77,30.77,15.38,12.31,29.23,60,6.15,7.69,29.04,70.77,46.1922951,4043,1534,3960,3252,39.6,3.10416818,0.51875,4950,1578,49.5,2.273726,0.51875,3955,913,39.6,1.65061581,0.51875,3944,810,39.6,1.49535465,0.51875,3960,1192,39.6,1.885811,0.51875,5050,3283,50.5,3.31038475,0.51875,3234,647,33.6666679,1.32194853,0.51875,3291,597,33.6666679,1.27849746,0.51875,64.75001,57.5000038,99.99749,30.8999672,5.980797,83.7834244,10.6228752,4.257889,71.38663,45,0.25,0,55,0,85,0.416,1.01,16,16,16,32,48,30,295,160,130,0,0,0,16,44.5,0.25,0,55,0,85,0.416,1.01,16,16,16,32,48,30,295,160,130,0,0,0,16,512,-1,485.785156,485.480469,0.3046875,0.5,7618.451,7618.951,0,0,0,0,0,0,0,0,0,0,0,0,512,600,1200,3000,57,1.069,1.30500007,0,11,16,63,2820,10451.9824,1495,1495,47,47,93,36,0,3,86.87,76.989,1.085,13907.3281,585.0117,89.09762,0,0,0,0.00772413565,0,0,0,0,0,0,0,0,0,75.3125,68,16376,2169,14206,86.74899,248.215,2.07094989E+09,503499776
05/28/2026 00:40:24,61,62,0,67,74,70,70,70,70,83,12.0720005,5.03,1.30800009,1.39200008,1.06000006,0.34800002,0.616000056,3.27600026,2.046,0,3.36800027,3.364,3.11600018,65,49.5,51,48.5,1334,798,0,1004,932,0,0,0,0,0,55.56,38.1,14.29,15.87,25.4,73.02,22.22,19.05,32.94,73.02,47.4411125,3989,1703,4040,3248,40.4,3.05660152,0.5125,4040,1631,40.4,2.2453,0.5125,3367,1055,33.6666679,1.7437129,0.5125,4040,1048,40.4,1.6523484,0.5125,3367,1219,33.6666679,1.909048,0.5125,5050,3431,50.5,3.36169386,0.51875,3965,893,40.4,1.49666727,0.51875,4040,1097,40.4,1.68647313,0.51875,65.75001,63.2500038,99.99749,30.8709831,6.009781,83.704834,10.5941582,4.286606,71.19364,45,0.25,0,55,0,85,0.416,1.01,16,16,16,32,48,30,295,160,130,0,0,0,16,44.5,0.25,0,55,0,85,0.416,1.01,16,16,16,32,48,30,295,160,130,0,0,0,16,512,-1,485.785156,485.480469,0.3046875,0.5,7618.451,7618.951,0,0,0,0,0,0,0,0,0,0,0,0,512,600,1200,3000,57,1.079,1.30500007,0,18,17,63,2820,10451.9824,1498,1502,47,47,92,33,0,6,81.105,77.881,1.085,13907.3281,585.0117,88.0617752,0,0,0,0.006824581,0,0,0,0,0,0,0,0,0,75,66,16376,2169,14206,86.74899,240.936,2.64364954E+09,1.07985E+09
05/28/2026 00:40:26,62,63,0,68,75,70,70,70,70,83,12.048,5.02000046,1.30800009,1.39200008,1.064,0.344,0.616000056,3.28000021,2.046,0,3.36800027,3.36800027,3.11600018,65,50,51,48.5,1352,833,0,998,936,0,0,0,0,0,56.92,29.23,20,23.08,26.15,66.15,15.38,15.38,31.54,66.15,47.1790962,4319,1650,4925,3349,49.25,3.103751,0.55,4925,1665,49.25,2.31152272,0.55,3960,1065,39.6,1.755133,0.55,4975,1011,49.75,1.62736678,0.55,3980,1247,39.8,1.919064,0.55,3980,3332,39.8,3.311948,0.55,3885,804,39.8,1.43089664,0.55,3924,727,39.8,1.35958564,0.55,66.00001,56.6250038,99.99749,30.9010887,5.97967529,83.78647,10.6228828,4.257881,71.38667,45,0.25,0,55,0,85,0.416,1.01,16,16,16,32,48,30,295,160,130,0,0,0,16,44.5,0.25,0,55,0,85,0.416,1.01,16,16,16,32,48,30,295,160,130,0,0,0,16,512,-1,485.785156,485.480469,0.3046875,0.5,7618.451,7618.951,0,0,0,0,0,0,0,0,0,0,0,0,512,600,1200,3000,58,1.06000006,1.30500007,0,12,17,63,2820,10451.9824,1495,1498,47,47,91,33,0,5,84.338,76.219,1.085,13907.3281,585.0117,90.02867,0,0,0,0.00664737727,0,0,0,0,0,0,0,0,0,76.59375,68,16376,2169,14206,86.74899,237.136,2.12209971E+09,1.04145E+09
05/28/2026 00:40:28,63,63,0,69,75,72,72,72,72,85,12.0720005,5.03,1.31000006,1.39200008,1.05800009,0.34800002,0.616000056,3.28000021,2.046,0,3.36800027,3.36800027,3.11600018,65,50,51,48.5,1368,837,0,998,942,0,0,0,0,0,78.12,30.77,18.75,23.08,21.88,53.85,17.19,15.62,32.41,78.12,46.957634,4190,1548,5050,3373,50.5,3.13890028,0.53125,5050,1639,50.5,2.292738,0.5125,4040,955,40.4,1.686352,0.5125,4040,900,40.4,1.542768,0.5125,4040,1088,40.4,1.82948446,0.5125,4950,3021,49.5,3.11762333,0.51875,3144,738,33,1.339235,0.51875,3205,669,33,1.29477906,0.51875,66.00001,57.1250038,99.99749,30.8714027,6.00936127,83.70597,10.5934677,4.2872963,71.189,45,0.25,0,55,0,85,0.416,1.01,16,16,16,32,48,30,295,160,130,0,0,0,16,44.5,0.25,0,55,0,85,0.416,1.01,16,16,16,32,48,30,295,160,130,0,0,0,16,512,-1,485.785156,485.480469,0.3046875,0.5,7618.451,7618.951,0,0,0,0,0,0,0,0,0,0,0,0,512,600,1200,3000,58,1.069,1.30500007,0,14,16,62,2820,10451.9824,1499,1495,48,47,95,35,0,3,86.396,82.571,1.085,13907.3281,585.0117,89.10078,0,0,0,0.006290328,0,0,0,0,0,0,0,0,0,73.5,68,16376,2169,14206,86.74899,244.769,1.65784986E+09,4.771492E+08
05/28/2026 00:40:30,62,64,0,68,75,70,70,70,70,83,12.0720005,5.03,1.31000006,1.39200008,1.064,0.34800002,0.616000056,3.28000021,2.046,0,3.36800027,3.36800027,3.11600018,65,49.5,51,48.5,1360,814,0,1031,981,0,0,0,0,0,78.12,39.06,18.75,14.06,21.88,65.62,14.06,14.06,33.2,78.12,46.0185471,4487,1592,5025,3509,50.25,3.31315446,0.50625,5025,1758,50.25,2.42187476,0.50625,4020,1026,40.2,1.75746369,0.50625,4977,827,50.25,1.52033055,0.50625,4020,1179,40.2,1.91012275,0.50625,5000,3084,50,3.21038556,0.51875,3831,652,40,1.3580184,0.51875,4000,698,40,1.40657091,0.51875,65.75001,59.8750038,99.9975,30.92751,5.9532547,83.85811,10.6386147,4.24214935,71.49239,45,0.25,0,55,0,85,0.416,1.01,16,16,16,32,48,30,295,160,130,0,0,0,16,44.5,0.25,0,55,0,85,0.416,1.01,16,16,16,32,48,30,295,160,130,0,0,0,16,512,-1,485.785156,485.480469,0.3046875,0.5,7618.451,7618.951,0,0,0,0,0,0,0,0,0,0,0,0,512,600,1200,3000,58,1.069,1.30500007,0,13,16,64,2820,10451.9824,1499,1495,48,47,92,36,0,1,86.816,81.931,1.085,13907.3281,585.0117,89.098175,0,0,0,0.007488355,0,0,0,0,0,0,0,0,0,75.71875,68,16376,2169,14206,86.74899,249.357,437949440,1.590999E+08
05/28/2026 00:40:32,62,64,0,68,75,70,70,70,70,83,12.0720005,5.03,1.30600011,1.39200008,1.05800009,0.358,0.616000056,3.28000021,2.046,0,3.364,3.364,3.11600018,65,50,51,48.5,1355,819,0,1016,952,0,0,0,0,0,76.92,32.31,13.85,13.85,23.08,47.69,6.15,3.08,27.12,76.92,45.2528267,4464,1504,5025,3469,50.25,3.228501,0.51875,5025,1636,50.25,2.27657747,0.51875,5025,997,50.25,1.72875929,0.51875,3968,764,40.2,1.49395239,0.51875,4020,1165,40.2,1.87013876,0.525,5025,2873,50.25,3.00982738,0.525,3772,581,40.2,1.27873361,0.525,3856,543,40.2,1.270511,0.525,65.50001,61.2500038,99.99748,30.9585037,5.92226028,83.94215,10.6730881,4.207676,71.72406,45,0.25,0,55,0,85,0.416,1.01,16,16,16,32,48,30,295,160,130,0,0,0,16,44.5,0.25,0,55,0,85,0.416,1.01,16,16,16,32,48,30,295,160,130,0,0,0,16,512,-1,485.785156,485.480469,0.3046875,0.5,7618.451,7618.951,0,0,0,0,0,0,0,0,0,0,0,0,512,600,1200,3000,57,1.05000007,1.30500007,0,11,16,62,2820,10451.9824,1502,1499,48,48,92,36,0,1,84.772,82.539,1.085,13712.1172,542.347656,88.52615,0,0,0,0.009501601,0,0,0,0,0,0.01815612,0,0,0,73.625,68,16376,2364,14011,85.55856,244.235,5.056E+08,222849024
05/28/2026 00:40:34,62,64,0,68,75,70,70,70,70,83,12.0720005,5.02000046,1.30800009,1.39200008,1.064,0.34800002,0.616000056,3.28000021,2.046,0,3.364,3.364,3.11600018,65,49.5,51,48.5,1366,823,0,1019,976,0,0,0,0,0,64.06,26.56,10.94,17.19,20.31,56.25,9.38,10.94,26.95,64.06,45.21235,3704,1511,3960,3526,39.6,3.29862237,0.5875,3960,1674,39.6,2.30191,0.5875,3221,918,33,1.6718061,0.5875,3938,864,39.6,1.59222615,0.5875,3261,1171,33,1.894511,0.5875,4975,2697,49.75,2.94834375,0.56875,3158,699,33.1666679,1.39297318,0.56875,3158,536,33.1666679,1.29616,0.56875,65.37501,56.6250038,99.99748,30.73143,6.149334,83.32645,10.6747742,4.20599,71.73539,45,0.25,0,55,0,85,0.416,1.01,16,16,16,32,48,30,295,160,130,0,0,0,16,44.5,0.25,0,55,0,85,0.416,1.01,16,16,16,32,48,30,295,160,130,0,0,0,16,512,-1,485.785156,485.480469,0.3046875,0.5,7618.451,7618.951,0,0,0,0,0,0,0,0,0,0,0,0,512,600,1200,3000,57,1.05000007,1.30500007,0,14,16,63,2820,10451.9824,1505,1502,48,48,94,37,0,1,84.323,87.621,1.085,13712.1172,542.347656,87.78543,0,0,0,0.0157209113,0,0,0,0,0,0,0,0,0,70.78125,68,16376,2364,14011,85.55856,239.787,5.259991E+08,182299648
05/28/2026 00:40:36,62,63,0,68,75,70,70,70,70,83,12.0720005,5.03,1.31000006,1.39200008,1.0660001,0.350000024,0.616000056,3.288,2.046,0,3.36800027,3.36800027,3.11600018,65,50,51,48.5,1368,844,0,1019,951,0,0,0,0,0,70.77,32.31,18.46,12.31,20,47.69,15.38,10.77,28.46,70.77,45.5975533,4499,1495,3920,3687,39.2,3.43846846,0.53125,4950,1678,49.5,2.33978081,0.53125,4907,871,49.5,1.6257782,0.53125,4821,761,49.5,1.46875763,0.53125,4930,1094,49.5,1.81535947,0.53125,4950,2786,49.5,2.9534595,0.53125,3743,586,39.6,1.29352283,0.53125,3771,495,39.4,1.21855628,0.55625,65.37501,58.2500038,99.99748,30.7032356,6.17752838,83.25,10.6471367,4.23362732,71.54967,45,0.25,0,55,0,85,0.416,1.01,16,16,16,32,48,30,295,160,130,0,0,0,16,44.5,0.25,0,55,0,85,0.416,1.01,16,16,16,32,48,30,295,160,130,0,0,0,16,512,-1,485.785156,485.480469,0.3046875,0.5,7618.451,7618.951,0,0,0,0,0,0,0,0,0,0,0,0,512,600,1200,3000,58,1.069,1.30500007,0,17,16,61,2820,10451.9824,1504,1500,48,48,92,39,0,1,84.024,91.712,1.085,13713.4922,542.347656,88.82296,0,0,0,0.0119768642,0,0,0,0,0,0,0,0,0,76.28125,68,16376,2363,14012,85.56696,241.164,4.148992E+08,159499264
05/28/2026 00:40:38,62,63,0,68,75,70,70,70,70,83,12.0720005,5.03,1.30800009,1.39200008,1.0660001,0.36,0.616000056,3.28000021,2.046,0,3.36800027,3.364,3.11600018,65,50,51,48.5,1359,807,0,1020,951,0,0,0,0,0,76.56,43.75,21.54,16.92,26.15,56.25,15.38,10.77,33.42,76.56,45.2067947,3931,1497,4000,3523,40,3.29757786,0.54375,4000,1597,40,2.29509521,0.54375,4912,891,50,1.644894,0.54375,4787,780,49.5,1.50594187,0.54375,3329,1114,33.6666679,1.849925,0.53125,4040,2968,40.4,3.09285784,0.53125,3162,580,33.6666679,1.30225348,0.53125,3215,520,33.6666679,1.266473,0.53125,65.37501,56.6250038,99.99749,30.7125854,6.16817856,83.27535,10.6523247,4.22843933,71.5845261,45,0.25,0,55,0,85,0.416,1.01,16,16,16,32,48,30,295,160,130,0,0,0,16,44.5,0.25,0,55,0,85,0.416,1.01,16,16,16,32,48,30,295,160,130,0,0,0,16,512,-1,485.785156,485.480469,0.3046875,0.5,7618.451,7618.951,0,0,0,0,0,0,0,0,0,0,0,0,512,600,1200,3000,57,1.05000007,1.30500007,0,6,16,63,2820,10451.9824,1501,1501,48,48,93,40,0,1,88.443,92.059,1.085,13713.4922,542.347656,87.9528351,0,0,0,0.0148260565,0,0,0,0,0,0,0,0,0,72.25,68,16376,2363,14012,85.56696,244.667,480399360,196049920
05/28/2026 00:40:40,62,64,0,68,75,70,70,70,70,83,12.0720005,5.03,1.30800009,1.39200008,1.064,0.34800002,0.616000056,3.28000021,2.046,0,3.364,3.364,3.11600018,65,50,51,48.5,1365,845,0,1004,976,0,0,0,0,0,75,34.38,25,23.44,25.4,63.49,18.75,7.81,34.16,75,46.06576,4453,1629,4975,3617,49.75,3.38189721,0.55,5000,1748,50,2.49590921,0.53125,4000,1105,40,1.90820587,0.53125,3983,844,40,1.64426076,0.53125,5000,1315,50,2.072074,0.53125,5025,3065,50.25,3.1926837,0.54375,3810,766,40.2,1.50153625,0.54375,3833,571,40.2,1.33327162,0.54375,65.37501,65.125,99.99748,30.70634,6.174423,83.25842,10.673481,4.207283,71.7267,45,0.25,0,55,0,85,0.416,1.01,16,16,16,32,48,30,295,160,130,0,0,0,16,44.5,0.25,0,55,0,85,0.416,1.01,16,16,16,32,48,30,295,160,130,0,0,0,16,512,-1,485.785156,485.480469,0.3046875,0.5,7618.451,7618.951,0,0,0,0,0,0,0,0,0,0,0,0,512,600,1200,3000,58,1.069,1.30500007,0,5,16,62,2820,10451.9824,1503,1498,48,48,90,39,0,1,82.845,89.472,1.085,13473.6953,542.347656,85.1459045,0,0,0,0.0277619548,0,0,0,0,0,0.443764925,0,0,0,73.4375,68,16376,2603,13772,84.10329,230.689,2.15445E+09,1.414994E+08
05/28/2026 00:40:42,62,64,0,68,75,70,70,70,70,83,12.048,5.02000046,1.30800009,1.39200008,1.06800008,0.346000016,0.616000056,3.28400016,2.046,0,3.364,3.364,3.11200023,65,49.5,51,48.5,1379,852,0,1003,952,0,0,0,0,0,75.38,33.85,21.54,20,30.77,69.23,12.31,12.31,34.42,75.38,46.5619965,4538,1540,5050,3492,50.5,3.3807528,0.54375,5050,1680,50.5,2.43329883,0.54375,4014,990,40.4,1.77715385,0.54375,3882,769,40.4,1.54334891,0.54375,4960,1178,49.75,1.96330619,0.55,4875,3016,48.75,3.08752513,0.5875,4685,636,49.75,1.39384222,0.59375,3788,559,39.8,1.3500886,0.59375,65.50001,63.2500038,99.99749,30.7214661,6.159298,83.29943,10.6886215,4.19214249,71.8284454,45.25,0.25,0,55,0,85,0.416,1.01,16,16,16,32,48,30,295,160,130,0,0,0,16,44.5,0.25,0,55,0,85,0.416,1.01,16,16,16,32,48,30,295,160,130,0,0,0,16,512,-1,485.785156,485.480469,0.3046875,0.5,7618.451,7618.951,0,0,0,0,0,0,0,0,0,0,0,0,512,600,1200,3000,57,1.06000006,1.30500007,0,11,16,62,2820,10451.9824,1503,1497,48,48,91,40,0,1,82.771,81.633,1.085,13473.6953,542.347656,86.07223,0,0,0,0.0134627838,0,0,0,0,0,0,0,0,0,72.96875,68,16376,2603,13772,84.10329,235.704,489149440,141199360
05/28/2026 00:40:44,62,64,0,68,75,70,70,70,70,83,12.0720005,5.03,1.31000006,1.39200008,1.0660001,0.346000016,0.616000056,3.28400016,2.046,0,3.36800027,3.364,3.11600018,65,50,51,49,1355,848,0,1003,976,0,0,0,0,0,68.75,26.56,17.19,15.62,26.56,54.69,15.62,10.94,29.49,68.75,46.0972443,4034,1535,5050,3633,50.5,3.491456,0.525,4040,1684,40.4,2.41125941,0.525,3981,975,40.4,1.762691,0.525,3920,838,40.4,1.61677539,0.525,3954,1145,40,1.93069267,0.50625,5000,2840,50,2.968371,0.53125,3152,627,33.3333321,1.3871702,0.53125,3179,539,33.3333321,1.32429969,0.53125,65.50001,62.2500038,99.99749,30.3881,6.49266434,82.39552,10.6387939,4.24197,71.4936,45.25,0.25,0,55,0,85,0.416,1.01,16,16,16,32,48,30,295,160,130,0,0,0,16,44.5,0.25,0,55,0,85,0.416,1.01,16,16,16,32,48,30,295,160,130,0,0,0,16,512,-1,485.785156,485.480469,0.3046875,0.5,7618.451,7618.951,0,0,0,0,0,0,0,0,0,0,0,0,512,600,1200,3000,57,1.069,1.30500007,0,11,16,62,2835,10451.9824,1503,1501,48,48,90,41,0,1,83.211,87.146,1.09,13473.832,542.347656,86.1720047,0,0,0,0.0127281481,0,0,0,0,0,0,0,0,0,75.0625,68,16376,2603,13772,84.10412,223.821,6.459996E+08,135949312
05/28/2026 00:40:46,62,64,0,68,75,70,70,70,70,83,12.048,5.02000046,1.30800009,1.39200008,1.062,0.346000016,0.614,3.28000021,2.046,0,3.364,3.364,3.11200023,65,49.5,51,48.5,1354,820,0,1004,952,0,0,0,0,0,66.15,20,15.38,13.85,16.92,56.92,13.85,16.92,27.5,66.15,45.8654861,4552,1562,5000,3384,50,3.31656885,0.50625,5000,1860,50,2.50064421,0.50625,4932,988,50,1.77195847,0.50625,3856,754,40,1.53353071,0.50625,4970,1158,50,1.99878585,0.50625,5025,3123,50.25,3.14770365,0.50625,3794,656,40.2,1.41365111,0.50625,3836,571,40.2,1.34873271,0.50625,65.50001,61.7500038,99.99749,30.3801727,6.50059128,82.37403,10.6315842,4.24918,71.44515,45.25,0.25,0,55,0,85,0.416,1.01,16,16,16,32,48,30,295,160,130,0,0,0,16,44.5,0.25,0,55,0,85,0.416,1.01,16,16,16,32,48,30,295,160,130,0,0,0,16,512,-1,485.785156,485.480469,0.3046875,0.5,7618.451,7618.951,0,0,0,0,0,0,0,0,0,0,0,0,512,600,1200,3000,57,1.04000008,1.30500007,0,12,16,61,2835,10451.9824,1503,1500,48,48,90,41,0,1,82.256,85.828,1.09,13473.832,542.347656,85.5956039,0,0,0,0.0127428947,0,0,0,0,0,0,0,0,0,73.09375,68,16376,2603,13772,84.10412,235.604,6.252493E+08,1.372498E+08
05/28/2026 00:40:48,62,63,0,68,75,70,70,70,70,83,12.048,5.02000046,1.30800009,1.39200008,1.06800008,0.356,0.616000056,3.28000021,2.046,0,3.36800027,3.36800027,3.11600018,65,50,51,48.5,1355,815,0,1002,952,0,0,0,0,0,71.88,28.12,23.44,15.62,15.62,59.38,10.94,10.94,29.49,71.88,46.3030167,4426,1566,5025,3608,50.25,3.46547532,0.53125,5025,1785,50.25,2.48547459,0.53125,3951,967,40.2,1.77291918,0.53125,3881,807,40.2,1.5719732,0.53125,3996,1154,40.2,1.97730744,0.53125,5000,3007,50,3.11091352,0.53125,3768,660,40,1.42311156,0.53125,4758,540,50,1.32373333,0.53125,65.62501,56.6250038,99.9975,30.3513985,6.52936554,82.29601,10.6050491,4.275715,71.26683,45.25,0.25,0,55,0,85,0.416,1.01,16,16,16,32,48,30,295,160,130,0,0,0,16,44.5,0.25,0,55,0,85,0.416,1.01,16,16,16,32,48,30,295,160,130,0,0,0,16,512,-1,485.785156,485.480469,0.3046875,0.5,7618.451,7618.951,0,0,0,0,0,0,0,0,0,0,0,0,512,600,1200,3000,57,1.064,1.30500007,0,12,16,60,2835,10451.9824,1505,1504,48,48,91,42,0,1,83.63,79.831,1.09,13473.832,542.347656,85.89495,0,0,0,0.0130578727,0,0,0,0,0,0,0,0,0,72.25,68,16376,2603,13772,84.10412,235.729,6.889994E+08,323099648
05/28/2026 00:40:50,62,64,0,68,75,70,70,70,70,83,12.0720005,5.03,1.31000006,1.39200008,1.06800008,0.350000024,0.616000056,3.28400016,2.046,0,3.36800027,3.36800027,3.11600018,65,50,51,49,1354,847,0,1019,975,0,0,0,0,0,73.44,37.5,21.88,26.56,20.31,60.94,17.19,15.62,34.18,73.44,46.77263,4452,1618,5000,3549,50,3.42397237,0.53125,5000,1691,50,2.45656753,0.53125,4000,1097,40,1.88116264,0.53125,4941,956,50,1.71961987,0.53125,4000,1275,40,2.00570416,0.53125,5000,2978,50,3.11568117,0.53125,3825,727,40.2,1.51954353,0.53125,3854,668,40.2,1.43147349,0.53125,65.62501,59.0000038,99.9975,30.379364,6.5014,82.37184,10.6373749,4.243389,71.48406,45.25,0.25,0,55,0,85,0.416,1.01,16,16,16,32,48,30,295,160,130,0,0,0,16,44.5,0.25,0,55,0,85,0.416,1.01,16,16,16,32,48,30,295,160,130,0,0,0,16,512,-1,485.785156,485.480469,0.3046875,0.5,7618.451,7618.951,0,0,0,0,0,0,0,0,0,0,0,0,512,600,1200,3000,57,1.079,1.30500007,0,12,16,60,2835,10451.9824,1507,1506,48,48,92,42,0,3,82.267,74.9,1.09,13473.832,542.347656,86.61602,0,0,0,0.00930026,0,0,0,0,0,0,0,0,0,71.78125,68,16376,2603,13772,84.10412,233.361,1.10434918E+09,446949376
05/28/2026 00:40:52,62,64,0,68,75,70,70,70,70,83,12.0720005,5.03,1.30800009,1.39200008,1.0660001,0.362000018,0.614,3.28400016,2.046,0,3.36800027,3.36800027,3.11600018,65,50,51,48.5,1371,853,0,1004,951,0,0,0,0,0,72.31,47.69,27.69,23.08,33.85,58.46,13.85,20,37.12,72.31,46.8776627,4499,1702,5000,3628,50,3.48568678,0.5375,5000,1924,50,2.569357,0.5375,5000,1121,50,1.87783039,0.5375,3298,960,33.3333321,1.73947346,0.5375,5000,1364,50,2.09175587,0.5375,5000,3082,50,3.255968,0.53125,3835,811,40,1.55366182,0.53125,3862,729,40,1.48841155,0.53125,65.87501,63.2500038,99.99749,30.3500977,6.53066635,82.29249,10.6091385,4.27162552,71.29431,45.25,0.25,0,55,0,85,0.416,1.01,16,16,16,32,48,30,295,160,130,0,0,0,16,44.5,0.25,0,55,0,85,0.416,1.01,16,16,16,32,48,30,295,160,130,0,0,0,16,512,-1,485.785156,485.480469,0.3046875,0.5,7618.451,7618.951,0,0,0,0,0,0,0,0,0,0,0,0,512,600,1200,3000,57,1.064,1.30500007,0,13,17,61,2835,10451.9824,1503,1502,48,48,92,41,0,4,81.658,83.85,1.09,13473.832,542.347656,87.5128555,0,0,0,0.0189611483,0,0,0,0,0,0,0,0,0,73.84375,68,16376,2603,13772,84.10412,230.999,1.35724954E+09,8.02049E+08
05/28/2026 00:40:54,62,64,0,69,75,72,72,72,72,85,12.0720005,5.03,1.30800009,1.39200008,1.06000006,0.358,0.616000056,3.28400016,2.046,0,3.36800027,3.36800027,3.11600018,66,50,51,49,1355,854,0,1000,977,0,0,0,0,0,57.14,26.98,20.63,15.87,25.4,63.49,19.05,11.11,29.96,63.49,46.714447,3771,1686,3980,3318,39.8,3.19784141,0.55,3980,1916,39.8,2.46830988,0.55,3317,1142,33.1666679,1.83466351,0.55,3317,973,33.1666679,1.65052366,0.55,3980,1246,39.8,1.91243088,0.55,5025,3298,50.25,3.30892134,0.53125,3273,853,33.5,1.51239383,0.53125,3295,745,33.5,1.41554642,0.53125,66.12501,59.8750038,99.99748,30.3810844,6.49967957,82.3765,10.63707,4.24369431,71.48201,45.25,0.25,0,55,0,85,0.416,1.01,16,16,16,32,48,30,295,160,130,0,0,0,16,44.5,0.25,0,55,0,85,0.416,1.01,16,16,16,32,48,30,295,160,130,0,0,0,16,512,-1,485.785156,485.480469,0.3046875,0.5,7618.451,7618.951,0,0,0,0,0,0,0,0,0,0,0,0,512,600,1200,3000,58,1.05500007,1.30500007,0,35,18,61,2835,10451.9824,1502,1502,48,48,94,44,0,5,92.436,83.728,1.09,13473.832,542.347656,88.33719,0,0,0,0.007383207,0,0,0,0,0,0,0,0,0,74.71875,68,16376,2603,13772,84.10412,236.289,2.23459942E+09,6.712996E+08
05/28/2026 00:40:56,63,64,0,69,76,72,72,72,72,85,12.0720005,5.03,1.31000006,1.39200008,1.0660001,0.356,0.616000056,3.288,2.046,0,3.36800027,3.36800027,3.11600018,66,50,51,48.5,1372,854,0,1005,956,0,0,0,0,0,65.62,31.25,17.19,12.5,14.06,65.62,12.5,17.19,29.49,65.62,45.65768,4970,1578,5000,3367,50,3.10362935,0.525,5000,1631,50,2.21311,0.525,5025,984,50.25,1.62628627,0.50625,4938,833,50.25,1.44958138,0.50625,5020,1073,50.25,1.7674191,0.50625,5025,3366,50.25,3.315413,0.50625,4849,681,50.25,1.30184484,0.50625,4902,690,50.25,1.26358426,0.50625,66.00001,59.8750038,99.99748,30.3507652,6.529999,82.2943,10.6087265,4.27203751,71.29155,45.25,0.25,0,55,0,85,0.416,1.01,16,16,16,32,48,30,295,160,130,0,0,0,16,44.5,0.25,0,55,0,85,0.416,1.01,16,16,16,32,48,30,295,160,130,0,0,0,16,512,-1,485.785156,485.480469,0.3046875,0.5,7618.451,7618.951,0,0,0,0,0,0,0,0,0,0,0,0,512,600,1200,3000,58,1.069,1.30500007,0,12,16,64,2820,10451.9824,1505,1504,48,48,95,44,0,4,96.317,97.216,1.085,13473.832,542.347656,90.9679642,0,0,0,0.006354286,0,0,0,0,0,0,0,0,0,78.09375,68,16376,2603,13772,84.10412,256.354,1.567149E+09,7.08949E+08
05/28/2026 00:40:58,63,64,0,69,76,70,70,70,70,83,12.0720005,5.03,1.31000006,1.39200008,1.064,0.34800002,0.614,3.28000021,2.046,0,3.36800027,3.36800027,3.11600018,65,50,51,49,1385,854,0,1008,960,0,0,0,0,0,75,29.69,10.94,10.94,18.75,60.94,6.25,4.69,27.15,75,45.78898,4098,1475,5050,3589,50.5,3.34725571,0.53125,4040,1523,40.4,2.22922421,0.53125,4020,891,40.4,1.59900594,0.53125,3986,752,40.4,1.43702137,0.525,3991,956,40.4,1.71300352,0.525,4040,2899,40.4,2.99105835,0.525,3812,641,40,1.288256,0.525,3849,546,40,1.19989753,0.53125,65.87501,59.0000038,99.99749,30.3801575,6.50060654,82.37399,10.6410255,4.23973846,71.5086,45.25,0.25,0,55,0,85,0.416,1.01,16,16,16,32,48,30,295,160,130,0,0,0,16,44.5,0.25,0,55,0,85,0.416,1.01,16,16,16,32,48,30,295,160,130,0,0,0,16,512,-1,485.785156,485.480469,0.3046875,0.5,7618.451,7618.951,0,0,0,0,0,0,0,0,0,0,0,0,512,600,1200,3000,58,1.069,1.30500007,0,13,17,65,2820,10451.9824,1504,1499,48,48,91,45,0,2,98.875,93.822,1.085,13473.832,542.347656,88.82892,0,0,0,0.008432406,0,0,0,0,0,0,0,0,0,75.5625,68,16376,2603,13772,84.10412,272.525,396299264,2.73749E+08
05/28/2026 00:41:00,62,64,0,68,75,70,70,70,70,83,12.0720005,5.03,1.30800009,1.39200008,1.064,0.346000016,0.614,3.28400016,2.046,0,3.36800027,3.36800027,3.11600018,65,50,51,49,1369,854,0,1012,962,0,0,0,0,0,73.44,32.81,17.19,9.38,17.19,54.69,9.38,7.81,27.73,73.44,44.6463432,3998,1444,4020,3605,40.2,3.38157225,0.53125,5025,1535,50.25,2.21919274,0.53125,4873,751,50.25,1.509988,0.53125,3255,648,33.6666679,1.34462225,0.50625,3345,1065,33.6666679,1.77347243,0.50625,5050,2945,50.5,3.0689764,0.50625,3196,527,33.6666679,1.21091342,0.50625,3216,476,33.6666679,1.16435218,0.50625,65.62501,59.3750038,99.99749,30.2993622,6.581402,82.15492,10.5647736,4.31599045,70.99618,45.25,0.25,0,55,0,85,0.416,1.01,16,16,16,32,48,30,295,160,130,0,0,0,16,44.5,0.25,0,55,0,85,0.416,1.01,16,16,16,32,48,30,295,160,130,0,0,0,16,512,-1,485.785156,485.480469,0.3046875,0.5,7618.451,7618.951,0,0,0,0,0,0,0,0,0,0,0,0,512,600,1200,3000,58,1.079,1.30500007,0,11,17,65,2820,10451.9824,1508,1505,49,49,93,48,0,1,100.83,108.674,1.085,13473.832,542.347656,88.69266,0,0,0,0.0131629091,0,0,0,0,0,0,0,0,0,80.84375,70,16376,2603,13772,84.10412,278.377,528099328,105999360
05/28/2026 00:41:02,62,64,0,68,75,70,70,70,70,83,12.0720005,5.03,1.31000006,1.39200008,1.07,0.346000016,0.614,3.28400016,2.046,0,3.36800027,3.36800027,3.11600018,65,50,51,48.5,1354,855,0,1019,954,0,0,0,0,0,77.42,20.97,9.68,20.97,14.52,58.06,8.06,3.23,26.61,77.42,44.94848,4036,1442,5025,3251,50.25,3.11966777,0.5375,4020,1444,40.2,2.15763235,0.5375,3254,806,33.5,1.57081437,0.5375,3308,786,33.6666679,1.479578,0.53125,3989,981,40.4,1.73025918,0.53125,5050,3265,50.5,3.28051138,0.51875,3805,549,40.4,1.23252058,0.51875,3836,452,40.4,1.14926219,0.51875,65.50001,58.5000038,99.99748,30.2953644,6.58539963,82.14408,10.5592041,4.32156,70.95875,45.25,0.25,0,55,0,85,0.416,1.01,16,16,16,32,48,30,295,160,130,0,0,0,16,44.5,0.25,0,55,0,85,0.416,1.01,16,16,16,32,48,30,295,160,130,0,0,0,16,512,-1,485.785156,485.480469,0.3046875,0.5,7618.451,7618.951,0,0,0,0,0,0,0,0,0,0,0,0,512,600,1200,3000,57,1.064,1.30500007,0,12,16,65,2820,10451.9824,1521,1523,49,49,93,46,0,1,96.358,92.079,1.085,13473.832,542.5781,88.37274,0,0,0,0.00850134,0,0,0,0,0,0,0,0,0,76.8125,68,16376,2603,13772,84.10412,278.499,5.885E+08,9.594982E+07
05/28/2026 00:41:04,62,64,0,68,75,70,70,70,70,83,12.048,5.02000046,1.30800009,1.39200008,1.06800008,0.352000028,0.616000056,3.27600026,2.046,0,3.364,3.364,3.11600018,65,50,51,49,1352,854,0,1019,977,0,0,0,0,0,63.49,31.75,7.94,12.7,22.22,62.5,14.29,9.52,28.05,63.49,45.2889137,3831,1426,4040,3106,40.4,3.00614023,0.51875,4020,1365,40.2,2.14193487,0.53125,3265,763,33.5,1.54454482,0.51875,3899,700,40.2,1.42147875,0.51875,3974,1053,40.2,1.80411243,0.51875,5050,3418,50.5,3.41929245,0.51875,3189,540,33.6666679,1.23096168,0.51875,3212,461,33.6666679,1.16501951,0.51875,65.50001,61.2500038,99.99749,30.32571,6.55505371,82.2263641,10.5914078,4.289356,71.17516,45.25,0.25,0,55,0,85,0.416,1.01,16,16,16,32,48,30,295,160,130,0,0,0,16,44.5,0.25,0,55,0,85,0.416,1.01,16,16,16,32,48,30,295,160,130,0,0,0,16,512,-1,485.785156,485.480469,0.3046875,0.5,7618.451,7618.951,0,0,0,0,0,0,0,0,0,0,0,0,512,600,1200,3000,58,1.079,1.30500007,0,11,16,65,2820,10451.9824,1534,1539,50,50,93,46,0,1,96.718,102.384,1.085,13473.832,542.5781,89.28459,0,0,0,0.007426355,0,0,0,0,0,0,0,0,0,78,70,16376,2603,13772,84.10412,279.829,5.576499E+08,133199872
05/28/2026 00:41:06,62,63,0,68,75,70,70,70,70,83,12.0720005,5.03,1.30800009,1.39200008,1.07,0.352000028,0.616000056,3.28400016,2.046,0,3.36800027,3.36800027,3.11200023,65,50,51,49,1359,819,0,1001,951,0,0,0,0,0,75,29.69,21.54,16.92,17.19,60.94,12.31,6.15,29.97,75,45.4316063,3886,1449,5050,3531,50.5,3.37995243,0.51875,4040,1494,40.4,2.21837234,0.51875,3294,831,33.6666679,1.56730819,0.51875,3276,679,33.6666679,1.38640285,0.51875,3343,1041,33.6666679,1.80673981,0.51875,5050,3037,50.5,3.16760468,0.53125,3814,527,40.4,1.224746,0.53125,3221,452,33.6666679,1.156077,0.53125,65.62501,58.5000038,99.99749,30.29591,6.584854,82.14556,10.5625229,4.318241,70.98106,45.25,0.25,0,55,0,85,0.416,1.01,16,16,16,32,48,30,295,160,130,0,0,0,16,44.5,0.25,0,55,0,85,0.416,1.01,16,16,16,32,48,30,295,160,130,0,0,0,16,512,-1,485.785156,485.480469,0.3046875,0.5,7618.451,7618.951,0,0,0,0,0,0,0,0,0,0,0,0,512,600,1200,3000,58,1.074,1.30500007,0,12,16,66,2820,10451.9824,1549,1552,50,50,92,46,0,1,96.325,99.21,1.085,13473.832,542.5781,88.83558,0,0,0,0.00736233732,0,0,0,0,0,0,0,0,0,75.75,70,16376,2603,13772,84.10412,278.192,398949376,125349888
05/28/2026 00:41:08,62,64,0,68,75,70,70,70,70,83,12.0720005,5.03,1.30800009,1.39200008,1.064,0.362000018,0.614,3.28400016,2.046,0,3.36800027,3.36800027,3.11600018,65,50,51,48.5,1369,816,0,998,975,0,0,0,0,0,68.75,35.94,15.62,18.75,23.44,57.81,9.38,0,28.71,68.75,45.44126,4036,1484,5050,3358,50.5,3.2769444,0.50625,4040,1630,40.4,2.34662414,0.50625,3295,865,33.6666679,1.6426152,0.50625,3244,682,33.6666679,1.40487373,0.50625,3982,1073,40.4,1.84219408,0.50625,5050,3284,50.5,3.37292361,0.51875,3799,531,40.4,1.245053,0.51875,3832,453,40.4,1.18452179,0.51875,65.75001,57.1250038,99.99749,30.3257866,6.55497742,82.22657,10.5868759,4.293888,71.14471,45.25,0.25,0,55,0,85,0.416,1.01,16,16,16,32,48,30,295,160,130,0,0,0,16,44.5,0.25,0,55,0,85,0.416,1.01,16,16,16,32,48,30,295,160,130,0,0,0,16,512,-1,485.785156,485.480469,0.3046875,0.5,7618.451,7618.951,0,0,0,0,0,0,0,0,0,0,0,0,512,600,1200,3000,57,1.06000006,1.30500007,0,11,16,63,2820,10451.9824,1561,1566,50,50,92,47,0,1,99.997,96.136,1.085,13473.832,542.5781,88.59426,0,0,0,0.0181461666,0,0,0,0,0,0,0,0,0,76.6875,70,16376,2603,13772,84.10412,275.756,635099136,125399040
05/28/2026 00:41:10,62,64,0,68,75,70,70,70,70,83,12.048,5.02000046,1.30800009,1.39200008,1.064,0.34800002,0.614,3.28000021,2.046,0,3.36800027,3.36800027,3.11600018,65,49.5,51,48.5,1374,823,0,1002,975,0,0,0,0,0,60.94,28.12,12.5,12.31,20.31,60.94,10.77,10.77,27.08,60.94,45.4861946,3879,1482,4000,3386,40,3.29263949,0.50625,5000,1594,50,2.31022048,0.50625,3972,860,40,1.6271131,0.50625,3269,748,33.3333321,1.44040692,0.50625,3273,1019,33.3333321,1.80077863,0.50625,5050,3214,50.5,3.28994155,0.51875,3202,556,33.6666679,1.25941837,0.51875,3263,481,33.6666679,1.19378066,0.51875,65.87501,59.0000038,99.9975,30.3251076,6.55565643,82.2247238,10.5891953,4.29156876,71.16029,45.25,0.25,0,55,0,85,0.416,1.01,16,16,16,32,48,30,295,160,130,0,0,0,16,44.5,0.25,0,55,0,85,0.416,1.01,16,16,16,32,48,30,295,160,130,0,0,0,16,512,-1,485.785156,485.480469,0.3046875,0.5,7618.451,7618.951,0,0,0,0,0,0,0,0,0,0,0,0,512,600,1200,3000,57,1.06000006,1.30500007,0,23,17,64,2820,10451.9824,1569,1570,50,50,92,47,0,1,98.039,89.459,1.085,13473.832,542.5781,88.3256149,0,0,0,0.0121788178,0,0,0,0,0,0,0,0,0,74.375,70,16376,2603,13772,84.10412,277.324,7.101E+08,9.444966E+07
05/28/2026 00:41:12,62,64,0,68,75,70,70,70,70,83,12.0720005,5.03,1.30800009,1.39200008,1.06800008,0.346000016,0.614,3.28400016,2.046,0,3.36800027,3.36800027,3.11600018,65,50,51,48.5,1352,819,0,1016,950,0,0,0,0,0,63.49,28.57,14.29,12.7,17.46,66.67,4.76,9.52,27.18,66.67,45.30476,4328,1433,5000,3313,50,3.16987824,0.54375,5050,1431,50.5,2.17321134,0.525,3970,778,40.4,1.553489,0.525,3892,658,40.4,1.360437,0.525,3989,998,40.4,1.74350142,0.525,5050,3266,50.5,3.33586812,0.525,3805,562,40.4,1.24916172,0.525,3870,461,40.4,1.18528247,0.525,65.87501,57.0000038,99.9975,30.2973557,6.58340836,82.14948,10.560421,4.320343,70.96693,45.25,0.25,0,55,0,85,0.416,1.01,16,16,16,32,48,30,295,160,130,0,0,0,16,44.5,0.25,0,55,0,85,0.416,1.01,16,16,16,32,48,30,295,160,130,0,0,0,16,512,-1,485.785156,485.480469,0.3046875,0.5,7618.451,7618.951,0,0,0,0,0,0,0,0,0,0,0,0,512,600,1200,3000,58,1.05500007,1.30500007,0,5,16,63,2820,10451.9824,1573,1578,50,50,92,47,0,1,98.657,96.697,1.085,13473.832,542.5781,88.90011,0,0,0,0.007051368,0,0,0,0,0,0,0,0,0,78.59375,70,16376,2603,13772,84.10412,277.655,3.928996E+08,1.656494E+08
05/28/2026 00:41:14,62,64,0,68,75,70,70,70,70,83,12.0720005,5.03,1.30800009,1.39200008,1.0660001,0.356,0.614,3.28400016,2.046,0,3.36800027,3.36800027,3.11600018,65,50,51,49,1360,854,0,997,975,0,0,0,0,0,67.69,29.69,13.85,12.31,21.54,59.38,9.23,4.62,27.29,67.69,44.7180252,4082,1439,4040,3638,40.4,3.3530302,0.51875,4040,1360,40.4,2.11822033,0.51875,4020,840,40.2,1.60882533,0.51875,3868,630,40.2,1.33136737,0.525,4002,1049,40.2,1.7815218,0.525,5025,2986,50.25,3.129927,0.525,3834,578,40.2,1.24609208,0.525,3827,430,40.2,1.152598,0.525,65.87501,62.7500038,99.99748,30.3251381,6.555626,82.22481,10.5847893,4.29597473,71.1306839,45.25,0.25,0,55,0,85,0.416,1.01,16,16,16,32,48,30,295,160,130,0,0,0,16,44.5,0.25,0,55,0,85,0.416,1.01,16,16,16,32,48,30,295,160,130,0,0,0,16,512,-1,485.785156,485.480469,0.3046875,0.5,7618.451,7618.951,0,0,0,0,0,0,0,0,0,0,0,0,512,600,1200,3000,58,1.06000006,1.30500007,0,22,17,64,2820,10451.9824,1578,1588,50,50,92,46,0,1,95.234,96.92,1.085,13473.832,542.5781,88.33927,0,0,0,0.0126365293,0,0,0,0,0,0,0,0,0,78.78125,70,16376,2603,13772,84.10412,275.721,376399872,181049344
05/28/2026 00:41:16,62,64,0,68,75,70,70,70,70,83,12.048,5.02000046,1.30800009,1.39200008,1.0660001,0.352000028,0.614,3.28000021,2.046,0,3.364,3.364,3.11600018,65,50,51,49,1352,855,0,1002,951,0,0,0,0,0,65.62,28.12,10.77,9.23,16.92,65.62,7.69,6.25,26.28,65.62,44.8898239,3833,1385,4040,3300,40.4,3.12818146,0.51875,4040,1360,40.4,2.08796167,0.51875,3329,788,33.6666679,1.51862717,0.51875,3250,615,33.6666679,1.277292,0.51875,3309,896,33.6666679,1.66349125,0.51875,5050,3191,50.5,3.21808982,0.51875,3808,501,40.4,1.13503063,0.51875,3839,428,40.4,1.080328,0.51875,65.75001,62.2500038,99.99749,30.3899345,6.49082947,82.4005,10.5830917,4.29767227,71.11928,45.25,0.25,0,55,0,85,0.416,1.01,16,16,16,32,48,30,295,160,130,0,0,0,16,44.5,0.25,0,55,0,85,0.416,1.01,16,16,16,32,48,30,295,160,130,0,0,0,16,512,-1,485.785156,485.480469,0.3046875,0.5,7618.451,7618.951,0,0,0,0,0,0,0,0,0,0,0,0,512,600,1200,3000,58,1.079,1.30500007,0,15,17,66,2820,10451.9824,1582,1583,51,51,92,44,0,1,99.166,102.191,1.085,13537.5859,542.5781,89.2410049,0,0,0,0.008340767,0,0,0,0,0,0,0,0,0,78.40625,70,16376,2539,13836,84.49341,280.178,315599872,1.620992E+08
05/28/2026 00:41:18,62,64,0,68,75,70,70,70,70,83,12.0720005,5.02000046,1.30800009,1.39200008,1.06800008,0.352000028,0.614,3.28000021,2.046,0,3.36800027,3.36800027,3.11600018,65,50,51,49,1365,855,0,1014,951,0,0,0,0,0,65.62,29.69,15.62,12.5,18.75,71.88,7.81,9.38,28.91,71.88,44.4380951,4350,1400,5025,3126,50.25,3.0379703,0.51875,5025,1454,50.25,2.168125,0.51875,3924,789,40,1.51332831,0.525,4852,647,50,1.321189,0.525,3943,893,40,1.73762679,0.525,5025,3346,50.25,3.44443059,0.51875,3777,494,40,1.15189493,0.51875,3228,449,33.6666679,1.12484467,0.525,65.75001,56.6250038,99.9975,30.35944,6.521324,82.31782,10.55336,4.327404,70.91948,45.25,0.25,0,55,0,85,0.416,1.01,16,16,16,32,48,30,295,160,130,0,0,0,16,44.5,0.25,0,55,0,85,0.416,1.01,16,16,16,32,48,30,295,160,130,0,0,0,16,512,-1,485.785156,485.480469,0.3046875,0.5,7618.451,7618.951,0,0,0,0,0,0,0,0,0,0,0,0,512,600,1200,3000,58,1.079,1.30500007,0,15,16,65,2820,10451.9824,1586,1585,51,51,92,45,0,1,98.512,92.078,1.085,13537.5859,542.347656,89.82765,0,0,0,0.00856459,0,0,0,0,0,0,0,0,0,76.78125,70,16376,2539,13836,84.49341,280.771,3.343493E+08,164649984
05/28/2026 00:41:20,62,64,0,68,75,71,71,71,71,85,12.048,5.03,1.30800009,1.39200008,1.05800009,0.346000016,0.614,3.28400016,2.046,0,3.364,3.364,3.11600018,66,50,51,49,1365,855,0,1016,975,0,0,0,0,0,73.85,24.62,18.46,6.15,9.23,61.54,10.77,4.62,26.15,73.85,44.2620163,4012,1394,5050,3515,50.5,3.29175138,0.525,5050,1445,50.5,2.110903,0.525,3994,809,40.4,1.49889517,0.525,3225,581,33.6666679,1.25177574,0.525,3312,860,33.6666679,1.67965353,0.525,5050,3017,50.5,3.1081636,0.525,3202,524,33.6666679,1.14575219,0.525,3217,403,33.6666679,1.06760049,0.525,66.00001,61.7500038,99.99749,30.3578987,6.5228653,82.31364,10.5602646,4.32049942,70.96588,45.25,0.25,0,55,0,85,0.416,1.01,16,16,16,32,48,30,295,160,130,0,0,0,16,44.5,0.25,0,55,0,85,0.416,1.01,16,16,16,32,48,30,295,160,130,0,0,0,16,512,-1,485.785156,485.480469,0.3046875,0.5,7618.451,7618.951,0,0,0,0,0,0,0,0,0,0,0,0,512,600,1200,3000,58,1.069,1.30500007,0,17,16,65,2820,10451.9824,1589,1588,51,51,93,45,0,1,100.816,95.232,1.085,13537.5859,542.347656,89.25808,0,0,0,0.008721574,0,0,0,0,0,0,0,0,0,80.03125,70,16376,2539,13836,84.49341,280.933,3.53749E+08,1.236992E+08
05/28/2026 00:41:22,63,64,0,69,76,72,72,72,72,85,12.048,5.03,1.30800009,1.39200008,1.06800008,0.362000018,0.614,3.28400016,2.046,0,3.364,3.364,3.11600018,66,50,51,49,1365,855,0,1003,975,0,0,0,0,0,61.54,26.15,18.46,12.31,23.08,66.15,13.85,6.15,28.46,66.15,44.46844,4327,1404,5025,3401,50.25,3.23902631,0.51875,5025,1341,50.25,2.07079673,0.51875,3966,792,40.2,1.51433253,0.51875,3950,649,40.2,1.307469,0.51875,3965,956,40.2,1.69618332,0.51875,5025,3184,50.25,3.18554044,0.51875,3800,493,40.2,1.15317583,0.51875,3862,420,40.2,1.09577668,0.51875,66.00001,61.2500038,99.99749,30.3581238,6.52264,82.31425,10.5599632,4.320801,70.96385,45.25,0.25,0,55,0,85,0.416,1.01,16,16,16,32,48,30,295,160,130,0,0,0,16,44.5,0.25,0,55,0,85,0.416,1.01,16,16,16,32,48,30,295,160,130,0,0,0,16,512,-1,485.785156,485.480469,0.3046875,0.5,7618.451,7618.951,0,0,0,0,0,0,0,0,0,0,0,0,512,600,1200,3000,58,1.069,1.30500007,0,7,16,66,2820,10451.9824,1594,1599,52,52,92,45,0,1,98.336,94.021,1.085,13537.5859,542.347656,89.1352158,0,0,0,0.008923979,0,0,0,0,0,0,0,0,0,79.90625,70,16376,2539,13836,84.49341,280.146,467099648,9.494938E+07
05/28/2026 00:41:24,63,64,0,69,76,72,72,72,72,84,12.048,5.03,1.30800009,1.39200008,1.062,0.352000028,0.614,3.28400016,2.046,0,3.36800027,3.364,3.11600018,65,50,51,49,1380,855,0,1030,987,0,0,0,0,0,75,29.69,14.29,17.46,15.87,48.44,7.94,4.76,26.68,75,44.69943,3623,1431,3960,3847,39.6,3.54598951,0.55625,3960,1500,39.6,2.18123341,0.55625,3291,840,33,1.55123389,0.55625,3249,705,33,1.36206853,0.55625,3260,950,33,1.69367087,0.55625,4950,2631,49.5,2.80972767,0.55625,3117,535,33,1.17445457,0.55625,3195,437,33.5,1.10092735,0.54375,65.87501,60.8750038,99.99749,30.3866348,6.494129,82.3915558,10.5904846,4.29027939,71.16896,45.25,0.25,0,55,0,85,0.416,1.01,16,16,16,32,48,30,295,160,130,0,0,0,16,44.5,0.25,0,55,0,85,0.416,1.01,16,16,16,32,48,30,295,160,130,0,0,0,16,512,-1,485.785156,485.480469,0.3046875,0.5,7618.451,7618.951,0,0,0,0,0,0,0,0,0,0,0,0,512,600,1200,3000,58,1.064,1.30500007,0,20,17,66,2820,10451.9824,1607,1612,52,52,92,45,0,1,97.602,106.626,1.085,13537.5859,542.347656,89.08226,0,0,0,0.0126094595,0,0,0,0,0,0,0,0,0,80.28125,70,16376,2539,13836,84.49341,282.804,496849920,122349568
05/28/2026 00:41:26,62,64,0,69,75,70,70,70,70,83,12.0720005,5.02000046,1.30800009,1.39200008,1.06800008,0.34800002,0.614,3.27600026,2.046,0,3.36800027,3.364,3.11600018,65,50,51,49,1380,855,0,1006,964,0,0,0,0,0,80,24.62,10.77,13.85,16.92,52.31,7.69,9.23,26.92,80,44.7436256,4206,1365,5025,3644,50.25,3.47006416,0.525,5025,1278,50.25,2.031799,0.525,3978,766,40.4,1.47128892,0.51875,3969,705,40.4,1.362673,0.51875,3965,868,40.4,1.636289,0.51875,4040,2734,40.4,2.85725951,0.51875,3787,467,40.4,1.11166978,0.51875,3863,457,40.4,1.11813986,0.51875,65.87501,58.5000038,99.99749,30.3549271,6.525837,82.30558,10.5529709,4.327793,70.91686,45.25,0.25,0,55,0,85,0.416,1.01,16,16,16,32,48,30,295,160,130,0,0,0,16,44.5,0.25,0,55,0,85,0.416,1.01,16,16,16,32,48,30,295,160,130,0,0,0,16,512,-1,485.785156,485.480469,0.3046875,0.5,7618.451,7618.951,0,0,0,0,0,0,0,0,0,0,0,0,512,600,1200,3000,58,1.069,1.30500007,0,11,16,64,2820,10451.9824,1619,1617,52,52,92,45,0,1,99.123,94.024,1.085,13537.5859,542.347656,88.94744,0,0,0,0.008815722,0,0,0,0,0,0,0,0,0,78.6875,70,16376,2539,13836,84.49341,280.253,2.9905E+08,148899840
05/28/2026 00:41:28,62,64,0,68,75,70,70,70,70,83,12.0720005,5.03,1.30800009,1.39200008,1.062,0.358,0.614,3.28400016,2.046,0,3.36800027,3.36800027,3.11600018,65,50,51,49,1355,855,0,1023,959,0,0,0,0,0,68.75,31.25,21.54,18.46,15.38,64.06,13.85,12.31,30.7,68.75,44.0768929,4285,1374,4900,3462,49,3.24283862,0.51875,4900,1350,49,2.07936072,0.51875,4861,757,49.5,1.457186,0.54375,3217,660,33,1.32097375,0.54375,3851,866,39.6,1.61021817,0.54375,4975,2968,49.75,3.072787,0.55,3759,500,39.8,1.15041792,0.55,3816,427,39.8,1.09185731,0.55,65.75001,61.2500038,99.9975,30.3559723,6.52479172,82.30841,10.5527763,4.32798767,70.91556,45.25,0.25,0,55,0,85,0.416,1.01,16,16,16,32,48,30,295,160,130,0,0,0,16,44.5,0.25,0,55,0,85,0.416,1.01,16,16,16,32,48,30,295,160,130,0,0,0,16,512,-1,485.785156,485.480469,0.3046875,0.5,7618.451,7618.951,0,0,0,0,0,0,0,0,0,0,0,0,512,600,1200,3000,58,1.05000007,1.30500007,0,12,16,66,2820,10451.9824,1624,1625,52,52,92,47,0,1,95.333,106.223,1.085,13537.5859,542.347656,89.117424,0,0,0,0.00771167735,0,0,0,0,0,0,0,0,0,78.6875,70,16376,2539,13836,84.49341,281.482,552249344,9.334989E+07
05/28/2026 00:41:30,62,64,0,68,75,70,70,70,70,83,12.048,5.02000046,1.30800009,1.39200008,1.064,0.36,0.614,3.28400016,2.046,0,3.36800027,3.364,3.11200023,65,50,51,49,1354,855,0,1018,979,0,0,0,0,0,71.43,31.75,12.7,3.17,11.11,53.97,7.94,7.94,25,71.43,44.9963722,4745,1431,5050,3831,50.5,3.59275,0.5125,5050,1460,50.5,2.22571039,0.5125,4917,847,50.5,1.56808722,0.5125,4923,746,50.5,1.43991828,0.525,5037,1003,50.5,1.76514578,0.525,5050,2628,50.5,2.80084133,0.525,4729,486,50.5,1.201647,0.525,3206,447,33.6666679,1.14742541,0.525,65.75001,57.0000038,99.99749,30.3574944,6.52326965,82.3125458,10.5545464,4.32621765,70.92745,45.25,0.25,0,55,0,85,0.416,1.01,16,16,16,32,48,30,295,160,130,0,0,0,16,44.5,0.25,0,55,0,85,0.416,1.01,16,16,16,32,48,30,295,160,130,0,0,0,16,512,-1,485.785156,485.480469,0.3046875,0.5,7618.451,7618.951,0,0,0,0,0,0,0,0,0,0,0,0,512,600,1200,3000,58,1.05500007,1.30500007,0,9,16,65,2820,10451.9824,1630,1631,52,52,94,47,0,1,98.615,88.259,1.085,13537.5859,542.347656,88.68046,0,0,0,0.007824425,0,0,0,0,0,0,0,0,0,78.9375,70,16376,2539,13836,84.49341,277.368,3.24949E+08,1.87349E+08
05/28/2026 00:41:32,62,64,0,68,75,70,70,70,70,83,12.0720005,5.03,1.30800009,1.39200008,1.062,0.354,0.614,3.28000021,2.046,0,3.36800027,3.36800027,3.11600018,65,50,51,49,1366,855,0,1016,975,0,0,0,0,0,67.69,35.38,18.46,16.92,20,60,7.69,4.62,28.85,67.69,45.7967033,3841,1418,5050,3798,50.5,3.560637,0.525,4040,1548,40.4,2.25043869,0.525,3324,818,33.6666679,1.54742253,0.525,3248,626,33.6666679,1.35028219,0.525,4001,1028,40.4,1.78380668,0.525,4040,2558,40.4,2.73979354,0.525,3817,523,40.4,1.21975493,0.525,3210,447,33.6666679,1.15514672,0.525,65.87501,62.2500038,99.99748,30.3544731,6.526291,82.30435,10.5543785,4.3263855,70.92632,45.25,0.25,0,55,0,85,0.416,1.01,16,16,16,32,48,30,295,160,130,0,0,0,16,44.5,0.25,0,55,0,85,0.416,1.01,16,16,16,32,48,30,295,160,130,0,0,0,16,512,-1,485.785156,485.480469,0.3046875,0.5,7618.451,7618.951,0,0,0,0,0,0,0,0,0,0,0,0,512,600,1200,3000,58,1.064,1.30500007,0,29,17,65,2820,10451.9824,1636,1636,52,52,93,47,0,1,96.477,86.512,1.085,13537.5859,542.347656,88.31076,0,0,0,0.00761980237,0,0,0,0,0,0,0,0,0,77.375,70,16376,2539,13836,84.49341,277.533,2.957998E+08,128849920
05/28/2026 00:41:34,62,64,0,68,75,70,70,71,71,84,12.048,5.02000046,1.30800009,1.39200008,1.06000006,0.346000016,0.614,3.28400016,2.046,0,3.36800027,3.364,3.11600018,65,50,51,49,1369,855,0,997,951,0,0,0,0,0,82.54,30.16,14.29,12.7,17.46,50.79,12.7,9.52,28.77,82.54,45.20834,4189,1425,4900,3850,49,3.57050371,0.53125,3920,1464,39.2,2.18014932,0.53125,3795,762,39.2,1.52169967,0.53125,3784,677,39.2,1.39233828,0.53125,3840,1030,39.2,1.78856349,0.53125,4900,2625,49,2.83652258,0.53125,3703,560,39.2,1.24998081,0.53125,4671,430,49.5,1.15319431,0.525,65.87501,58.0000038,99.99749,30.3869171,6.493847,82.39232,10.5803986,4.30036545,71.10118,45.25,0.25,0,55,0,85,0.416,1.01,16,16,16,32,48,30,295,160,130,0,0,0,16,44.5,0.25,0,55,0,85,0.416,1.01,16,16,16,32,48,30,295,160,130,0,0,0,16,512,-1,485.785156,485.480469,0.3046875,0.5,7618.451,7618.951,0,0,0,0,0,0,0,0,0,0,0,0,512,600,1200,3000,57,1.069,1.30500007,0,15,17,66,2820,10451.9824,1639,1640,52,52,94,47,0,1,97.225,95.554,1.085,13537.5859,542.347656,88.42969,0,0,0,0.009495338,0,0,0,0,0,0,0,0,0,79.5625,70,16376,2539,13836,84.49341,277.786,445399040,115749888
05/28/2026 00:41:36,62,64,0,68,75,70,70,70,70,83,12.0720005,5.02000046,1.31000006,1.396,1.0660001,0.346000016,0.614,3.288,2.046,0,3.37200022,3.37200022,3.11600018,65,50,51,49,1351,855,0,998,974,0,0,0,0,0,62.5,29.69,18.75,9.38,18.75,60.94,10.94,7.81,27.34,62.5,45.00617,4399,1435,5000,3574,50,3.34743381,0.51875,4975,1486,49.75,2.19316816,0.51875,4895,829,49.75,1.57701361,0.51875,3846,635,39.8,1.32587647,0.51875,3941,1053,39.8,1.78036845,0.51875,4975,2856,49.75,3.02596,0.51875,3767,597,39.8,1.26260161,0.51875,3790,451,39.8,1.15702164,0.51875,65.87501,57.7500038,99.9975,30.3574028,6.523361,82.312294,10.5538712,4.326893,70.92291,45.25,0.25,0,55,0,85,0.416,1.01,16,16,16,32,48,30,295,160,130,0,0,0,16,44.5,0.25,0,55,0,85,0.416,1.01,16,16,16,32,48,30,295,160,130,0,0,0,16,512,-1,485.785156,485.480469,0.3046875,0.5,7618.451,7618.951,0,0,0,0,0,0,0,0,0,0,0,0,512,600,1200,3000,58,1.04000008,1.30500007,0,17,17,64,2820,10451.9824,1642,1641,52,52,92,46,0,1,97.105,88.86,1.085,13537.582,539.34375,88.40672,0,0,0,0.00738834264,0,0,0,0,0,0.08168447,0,0,0,79.5625,70,16376,2539,13836,84.49341,276.932,5.438495E+08,8.954982E+07
05/28/2026 00:41:38,62,64,0,69,75,70,70,71,71,84,12.0720005,5.04,1.312,1.396,1.07,0.352000028,0.614,3.288,2.046,0,3.37200022,3.37200022,3.12000012,65,50,51,49,1363,855,0,999,949,0,0,0,0,0,69.84,25.4,15.87,9.52,14.29,65.08,6.35,9.52,26.98,69.84,45.1061172,4243,1413,5025,3387,50.25,3.25931549,0.53125,4950,1416,49.5,2.15146351,0.51875,3899,817,39.6,1.54087186,0.51875,4772,661,49.5,1.3552171,0.51875,3885,940,39.6,1.701359,0.51875,3940,3141,39.4,3.15684772,0.525,3708,519,39.4,1.20447457,0.525,3764,422,39.4,1.1179353,0.525,66.00001,63.2500038,99.99748,30.38689,6.4938736,82.39225,10.5849419,4.295822,71.1317139,45.25,0.25,0,55,0,85,0.416,1.01,16,16,16,32,48,30,295,160,130,0,0,0,16,44.5,0.25,0,55,0,85,0.416,1.01,16,16,16,32,48,30,295,160,130,0,0,0,16,512,-1,485.785156,485.480469,0.3046875,0.5,7618.451,7618.951,0,0,0,0,0,0,0,0,0,0,0,0,512,600,1200,3000,57,1.06000006,1.30500007,0,12,16,66,2820,10451.9824,1639,1641,52,52,93,47,0,1,97.896,94.494,1.085,13537.582,539.34375,88.02829,0,0,0,0.008837281,0,0,0,0,0,0,0,0,0,79.65625,70,16376,2539,13836,84.49341,277.878,3.7265E+08,160499712
05/28/2026 00:41:40,63,64,0,69,76,72,72,72,72,85,12.0720005,5.03,1.31000006,1.39200008,1.064,0.350000024,0.614,3.28400016,2.046,0,3.37200022,3.36800027,3.12000012,66,50.5,51,49,1362,855,0,1000,949,0,0,0,0,0,72.31,36.92,18.46,21.54,27.69,60,13.85,10.77,32.69,72.31,45.4599,3772,1428,4040,3627,40.4,3.42191076,0.50625,4040,1491,40.4,2.204112,0.50625,3367,890,33.6666679,1.6354562,0.50625,3304,738,33.6666679,1.44585454,0.50625,3958,942,40.4,1.707295,0.50625,5050,2750,50.5,2.90303969,0.51875,3186,513,33.6666679,1.22364473,0.51875,3233,472,33.6666679,1.18361223,0.51875,66.12501,60.3750038,99.9975,30.3591728,6.521591,82.31709,10.5567131,4.324051,70.94201,45.25,0.25,0,55,0,85,0.416,1.01,16,16,16,32,48,30,295,160,130,0,0,0,16,44.5,0.25,0,55,0,85,0.416,1.01,16,16,16,32,48,30,295,160,130,0,0,0,16,512,-1,485.785156,485.480469,0.3046875,0.5,7618.451,7618.951,0,0,0,0,0,0,0,0,0,0,0,0,512,600,1200,3000,58,1.064,1.30500007,0,11,16,65,2820,10451.9824,1642,1642,53,53,92,46,0,1,98.609,93.484,1.085,13537.582,539.34375,88.69053,0,0,0,0.008205299,0,0,0,0,0,0,0,0,0,76.09375,70,16376,2539,13836,84.49341,279.07,334499840,124649472
05/28/2026 00:41:42,63,64,0,70,76,72,72,72,72,85,12.0720005,5.03,1.31000006,1.39200008,1.064,0.356,0.614,3.288,2.046,0,3.37200022,3.37200022,3.12000012,66,50.5,51,49,1382,855,0,1025,982,0,0,0,0,0,65.62,25,7.81,9.38,18.75,64.06,10.94,10.94,26.56,65.62,44.8550224,4224,1422,4950,3499,49.5,3.31799841,0.525,3960,1397,39.6,2.13559246,0.525,4825,827,49.5,1.568531,0.525,4763,700,49.5,1.40775037,0.525,3867,968,39.6,1.711551,0.525,3960,3015,39.6,3.106614,0.525,3703,515,39.6,1.19854617,0.525,3768,459,39.6,1.15413964,0.525,66.12501,57.5000038,99.99748,30.35857,6.522194,82.31546,10.5553665,4.32539749,70.93296,45.25,0.25,0,55,0,85,0.416,1.01,16,16,16,32,48,30,295,160,130,0,0,0,16,44.5,0.25,0,55,0,85,0.416,1.01,16,16,16,32,48,30,295,160,130,0,0,0,16,512,-1,485.785156,485.480469,0.3046875,0.5,7618.451,7618.951,0,0,0,0,0,0,0,0,0,0,0,0,512,600,1200,3000,58,1.08400011,1.30500007,0,13,16,66,2820,10451.9824,1647,1645,53,53,92,46,0,1,98.476,102.282,1.085,13537.582,539.34375,88.6648254,0,0,0,0.007454147,0,0,0,0,0,0,0,0,0,81.03125,70,16376,2539,13836,84.49341,277.898,389549056,130799616
05/28/2026 00:41:44,63,64,0,70,76,72,72,72,72,85,12.0960007,5.04,1.312,1.39200008,1.072,0.346000016,0.614,3.28400016,2.046,0,3.37600017,3.37200022,3.12000012,66,50.5,51,49,1400,855,0,1035,992,0,0,0,0,0,76.92,16.92,10.77,9.23,16.92,58.46,9.23,4.62,25.38,76.92,44.9871941,4668,1452,5050,3433,50.5,3.27032614,0.50625,5025,1511,50.25,2.24781966,0.50625,4921,807,50.25,1.57365918,0.50625,3850,656,40.2,1.38565958,0.50625,4947,1036,50.25,1.79922533,0.50625,5000,3143,50,3.26946759,0.51875,4759,579,50,1.2745043,0.51875,3792,448,40,1.17267489,0.51875,66.37501,57.5000038,99.99749,30.3569069,6.523857,82.31094,10.5533981,4.327366,70.91974,45.25,0.25,0,55,0,85,0.416,1.01,16,16,16,32,48,30,295,160,130,0,0,0,16,44.5,0.25,0,55,0,85,0.416,1.01,16,16,16,32,48,30,295,160,130,0,0,0,16,512,-1,485.785156,485.480469,0.3046875,0.5,7618.451,7618.951,0,0,0,0,0,0,0,0,0,0,0,0,512,600,1200,3000,58,1.069,1.30500007,0,12,16,66,2820,10451.9824,1641,1641,53,53,94,47,0,1,99.618,100.574,1.085,13537.582,539.34375,88.16542,0,0,0,0.01024385,0,0,0,0,0,0,0,0,0,75.34375,70,16376,2539,13836,84.49341,276.899,3.448494E+08,147749888
05/28/2026 00:41:46,63,64,0,70,76,72,72,72,72,85,12.0960007,5.04,1.31000006,1.39200008,1.072,0.34800002,0.614,3.288,2.046,0,3.37200022,3.37200022,3.12000012,66,50.5,51,49,1385,855,0,1020,995,0,0,0,0,0,75,35.38,20,10.77,23.08,56.25,4.62,12.31,29.68,75,44.9737968,3971,1450,4975,3544,49.75,3.35460663,0.53125,4975,1533,49.75,2.28853965,0.53125,3246,849,33.1666679,1.619934,0.53125,3192,628,33.1666679,1.37761009,0.53125,3266,1077,33.1666679,1.80936074,0.53125,5050,2963,50.5,3.17644715,0.51875,3165,526,33.6666679,1.23015249,0.51875,3896,483,40.4,1.22005761,0.51875,66.50001,60.8750038,99.99748,30.3541641,6.5266,82.30351,10.5518265,4.32893753,70.90917,45.25,0.25,0,55,0,85,0.416,1.01,16,16,16,32,48,30,295,160,130,0,0,0,16,44.5,0.25,0,55,0,85,0.416,1.01,16,16,16,32,48,30,295,160,130,0,0,0,16,512,-1,485.785156,485.480469,0.3046875,0.5,7618.451,7618.951,0,0,0,0,0,0,0,0,0,0,0,0,512,600,1200,3000,58,1.05000007,1.30500007,0,8,16,64,2820,10451.9824,1643,1641,53,53,91,46,0,1,100.929,102.889,1.085,13537.582,539.34375,88.0286255,0,0,0,0.007960447,0,0,0,0,0,0,0,0,0,79.3125,70,16376,2539,13836,84.49341,279.242,221899776,164299776
05/28/2026 00:41:48,63,64,0,70,76,72,72,72,72,85,12.0960007,5.04,1.312,1.396,1.06000006,0.36,0.614,3.288,2.046,0,3.37600017,3.37200022,3.12000012,66,50.5,51,49,1385,854,0,1034,995,0,0,0,0,0,67.19,29.69,18.75,14.06,17.19,56.25,15.62,12.5,28.91,67.19,44.9277878,4061,1443,5000,3499,50,3.29976845,0.5375,4000,1512,40,2.247516,0.5375,4948,871,50,1.61584771,0.5375,3244,668,33.3333321,1.41643929,0.5375,3956,1054,40,1.79475117,0.5375,5000,2913,50,3.09195352,0.5375,3167,568,33.3333321,1.29497623,0.5375,3170,461,33.3333321,1.19309306,0.5375,66.37501,57.5000038,99.99748,30.3857384,6.49502563,82.38912,10.5832787,4.29748535,71.12053,45.25,0.25,0,55,0,85,0.416,1.01,16,16,16,32,48,30,295,160,130,0,0,0,16,44.5,0.25,0,55,0,85,0.416,1.01,16,16,16,32,48,30,295,160,130,0,0,0,16,512,-1,485.785156,485.480469,0.3046875,0.5,7618.451,7618.951,0,0,0,0,0,0,0,0,0,0,0,0,512,600,1200,3000,59,1.069,1.30500007,0,10,16,65,2820,10451.9824,1643,1643,53,53,91,46,0,1,97.605,92.512,1.085,13537.582,539.34375,88.03597,0,0,0,0.007377079,0,0,0,0,0,0,0,0,0,78.90625,70,16376,2539,13836,84.49341,279.672,537649152,101049344
05/28/2026 00:41:50,63,64,0,70,76,72,72,72,72,85,12.0960007,5.03,1.31000006,1.39200008,1.07,0.362000018,0.614,3.288,2.046,0,3.37600017,3.37200022,3.12000012,66,51,51,49,1393,858,0,1033,969,0,0,0,0,0,62.5,26.56,12.5,9.38,10.94,60.94,10.94,3.12,24.61,62.5,44.6607666,3676,1436,4040,3505,40.4,3.27904272,0.53125,4040,1531,40.4,2.25170875,0.53125,3331,906,33.6666679,1.64548051,0.53125,3213,669,33.6666679,1.3946507,0.53125,3310,936,33.6666679,1.706908,0.53125,5050,2948,50.5,3.12222576,0.51875,3170,518,33.6666679,1.19763947,0.51875,3257,477,33.6666679,1.18111861,0.51875,66.37501,62.2500038,99.99748,30.3568,6.523964,82.31066,10.5553513,4.32541275,70.93286,45.25,0.25,0,55,0,85,0.416,1.01,16,16,16,32,48,30,295,160,130,0,0,0,16,44.5,0.25,0,55,0,85,0.416,1.01,16,16,16,32,48,30,295,160,130,0,0,0,16,512,-1,485.785156,485.480469,0.3046875,0.5,7618.451,7618.951,0,0,0,0,0,0,0,0,0,0,0,0,512,600,1200,3000,58,1.06000006,1.30500007,0,11,16,66,2820,10451.9824,1646,1643,53,53,92,47,0,1,98.739,88.568,1.085,13538.16,539.34375,89.1428146,0,0,0,0.00747694355,0,0,0,0,0,0.01837077,0,0,0,76.625,70,16376,2538,13837,84.49694,276.757,2.739497E+08,104199168
05/28/2026 00:41:52,63,65,0,70,76,72,72,72,72,85,12.0720005,5.03,1.312,1.396,1.06800008,0.350000024,0.614,3.288,2.046,0,3.37600017,3.37200022,3.12000012,66,50.5,51,49,1387,863,0,1019,969,0,0,0,0,0,71.88,37.5,15.62,14.06,18.75,60.94,6.25,12.5,29.69,71.88,45.06636,3761,1471,4975,3497,49.75,3.31287169,0.51875,3980,1653,39.8,2.3360796,0.51875,3256,857,33.1666679,1.62069774,0.51875,3204,691,33.1666679,1.43196917,0.51875,3253,995,33.1666679,1.77252126,0.53125,5050,3051,50.5,3.175201,0.51875,3162,529,33.6666679,1.24569952,0.51875,3211,496,33.6666679,1.22350729,0.51875,66.37501,60.3750038,99.99749,30.3600426,6.52072144,82.31945,10.5561333,4.32463074,70.93811,45.25,0.25,0,55,0,85,0.416,1.01,16,16,16,32,48,30,295,160,130,0,0,0,16,44.5,0.25,0,55,0,85,0.416,1.01,16,16,16,32,48,30,295,160,130,0,0,0,16,512,-1,485.785156,485.480469,0.3046875,0.5,7618.451,7618.951,0,0,0,0,0,0,0,0,0,0,0,0,512,600,1200,3000,58,1.04500008,1.30500007,0,12,16,66,2820,10451.9824,1647,1645,53,53,93,47,0,1,99.249,101.372,1.085,13538.16,539.34375,88.4028549,0,0,0,0.007444527,0,0,0,0,0,0,0,0,0,77.96875,70,16376,2538,13837,84.49694,277.952,3.501998E+08,108199936
05/28/2026 00:41:54,63,65,0,70,76,72,72,72,72,85,12.0960007,5.03,1.312,1.396,1.0660001,0.354,0.612000048,3.288,2.046,0,3.37600017,3.37200022,3.12000012,66,51,51,49,1387,834,0,1016,995,0,0,0,0,0,72.31,27.69,16.92,10.77,12.31,63.08,9.23,7.69,27.5,72.31,45.7912178,3766,1457,5050,3621,50.5,3.28483367,0.53125,4040,1517,40.4,2.22811913,0.525,3947,794,40.4,1.56241107,0.525,3297,682,33.6666679,1.40598357,0.525,3330,1044,33.6666679,1.781878,0.525,3367,2890,33.6666679,3.032304,0.525,3198,616,33.6666679,1.29108536,0.525,3897,495,40.4,1.1848768,0.525,66.37501,59.0000038,99.99748,30.3877983,6.4929657,82.39471,10.58683,4.293934,71.1444,45.25,0.25,0,55,0,85,0.416,1.01,16,16,16,32,48,30,295,160,130,0,0,0,16,44.5,0.25,0,55,0,85,0.416,1.01,16,16,16,32,48,30,295,160,130,0,0,0,16,512,-1,485.785156,485.480469,0.3046875,0.5,7618.451,7618.951,0,0,0,0,0,0,0,0,0,0,0,0,512,600,1200,3000,58,1.06000006,1.30500007,0,18,16,63,2820,10451.9824,1649,1647,53,53,92,47,0,1,98.591,96.689,1.085,13538.16,539.34375,90.25691,0,0,0,0.008344747,0,0,0,0,0,0,0,0,0,76.84375,70,16376,2538,13837,84.49694,278.759,342349824,154149888
05/28/2026 00:41:56,63,65,0,70,76,72,72,72,72,85,12.0960007,5.03,1.312,1.396,1.074,0.362000018,0.612000048,3.288,2.046,0,3.37600017,3.37200022,3.124,66,51,51,49,1398,837,0,1035,994,0,0,0,0,0,64.06,21.88,14.06,9.38,10.94,68.75,9.38,4.69,25.39,68.75,44.9983444,4659,1434,5000,3192,50,3.08349276,0.51875,5000,1434,50,2.162936,0.51875,4961,831,50,1.60130441,0.51875,4906,703,50,1.40832877,0.51875,4917,1046,50,1.77999687,0.51875,4950,3242,49.5,3.373717,0.51875,3740,533,39.6,1.22369039,0.51875,3801,493,39.6,1.19463611,0.51875,66.37501,60.8750038,99.9974747,30.3582916,6.52247238,82.3147049,10.5569534,4.32381058,70.94363,45.25,0.25,0,55,0,85,0.416,1.01,16,16,16,32,48,30,295,160,130,0,0,0,16,44.5,0.25,0,55,0,85,0.416,1.01,16,16,16,32,48,30,295,160,130,0,0,0,16,512,-1,485.785156,485.480469,0.3046875,0.5,7618.451,7618.951,0,0,0,0,0,0,0,0,0,0,0,0,512,600,1200,3000,58,1.06000006,1.30500007,0,10,16,66,2820,10451.9824,1650,1652,53,53,92,46,0,1,96.038,99.398,1.085,13538.16,539.34375,88.03526,0,0,0,0.007626194,0,0,0,0,0,0,0,0,0,80.40625,72,16376,2538,13837,84.49694,278.611,533199872,8.704922E+07
05/28/2026 00:41:58,63,66,0,70,76,72,72,72,72,85,12.0720005,5.04,1.31000006,1.396,1.064,0.350000024,0.614,3.288,2.046,0,3.37200022,3.37200022,3.12000012,66,50.5,51,49,1393,846,0,1016,994,0,0,0,0,0,62.5,25,25,14.06,10.94,75,9.38,9.38,28.91,75,45.157692,4699,1454,5025,3140,50.25,3.04914451,0.53125,5025,1519,50.25,2.28436065,0.5375,5025,927,50.25,1.6814189,0.51875,4889,735,50.25,1.4563688,0.51875,4915,976,50.25,1.75081563,0.51875,5050,3315,50.5,3.34537625,0.51875,3801,523,40.4,1.23158443,0.51875,3864,497,40.4,1.19657445,0.51875,66.37501,61.2500038,99.99749,30.3575783,6.52318573,82.31277,10.5557327,4.32503128,70.9354248,45.25,0.25,0,55,0,85,0.416,1.01,16,16,16,32,48,30,295,160,130,0,0,0,16,44.5,0.25,0,55,0,85,0.416,1.01,16,16,16,32,48,30,295,160,130,0,0,0,16,512,-1,485.785156,485.480469,0.3046875,0.5,7618.451,7618.951,0,0,0,0,0,0,0,0,0,0,0,0,512,600,1200,3000,58,1.05000007,1.30500007,0,10,16,65,2820,10451.9824,1652,1652,53,53,92,45,0,1,97.237,97.976,1.085,13538.16,539.34375,88.10103,0,0,0,0.008749297,0,0,0,0,0,0,0,0,0,79.6875,70,16376,2538,13837,84.49694,278.638,4.461998E+08,117099520
05/28/2026 00:42:00,63,65,0,70,76,72,72,72,72,85,12.0960007,5.03,1.31000006,1.396,1.064,0.346000016,0.612000048,3.288,2.046,0,3.37200022,3.37200022,3.12000012,66,51,51,49,1382,877,0,1035,969,0,0,0,0,0,80.95,41.27,19.05,14.06,23.81,60.32,12.5,10.94,32.86,80.95,45.72984,4298,1518,4000,3734,40,3.47997379,0.5375,5000,1807,50,2.47151351,0.5375,3973,987,39.8,1.77090681,0.51875,4783,709,49.75,1.45876038,0.51875,3980,1209,39.8,1.9156276,0.51875,5000,2556,50,2.90618777,0.51875,3806,607,40,1.32503533,0.51875,3842,531,40,1.27136981,0.51875,66.37501,59.8750038,99.99749,30.394783,6.485981,82.41365,10.5918846,4.28887939,71.17837,45.25,0.25,0,55,0,85,0.416,1.01,16,16,16,32,48,30,295,160,130,0,0,0,16,44.5,0.25,0,55,0,85,0.416,1.01,16,16,16,32,48,30,295,160,130,0,0,0,16,512,-1,485.785156,485.480469,0.3046875,0.5,7618.451,7618.951,0,0,0,0,0,0,0,0,0,0,0,0,512,600,1200,3000,58,1.064,1.30500007,0,10,16,64,2820,10451.9824,1649,1648,53,53,91,46,0,1,99.918,94.731,1.085,13538.16,539.34375,88.3315353,0,0,0,0.00722543569,0,0,0,0,0,0,0,0,0,80.03125,70,16376,2538,13837,84.49694,279.213,3.667497E+08,121249792
05/28/2026 00:42:02,63,65,0,70,76,72,72,72,72,85,12.0720005,5.03,1.31000006,1.396,1.06000006,0.34800002,0.612000048,3.28400016,2.046,0,3.37200022,3.37200022,3.12000012,66,51,51,49,1385,840,0,1040,970,0,0,0,0,0,75,28.12,17.19,10.94,12.5,53.12,10.94,9.38,27.15,75,45.74256,4435,1447,5050,3456,50.5,3.25471258,0.51875,5050,1587,50.5,2.26187873,0.51875,4914,878,50,1.611877,0.51875,3905,730,40,1.43131292,0.51875,3963,1002,40,1.829237,0.51875,5000,2911,50,3.0939815,0.51875,3740,515,39.8,1.23369932,0.53125,3857,499,40.2,1.22879446,0.5125,66.25001,60.3750038,99.99749,30.3615265,6.51923752,82.32347,10.56115,4.31961441,70.9718246,45.25,0.25,0,55,0,85,0.416,1.01,16,16,16,32,48,30,295,160,130,0,0,0,16,44.5,0.25,0,55,0,85,0.416,1.01,16,16,16,32,48,30,295,160,130,0,0,0,16,512,-1,485.785156,485.480469,0.3046875,0.5,7618.451,7618.951,0,0,0,0,0,0,0,0,0,0,0,0,512,600,1200,3000,58,1.06000006,1.30500007,0,9,16,67,2820,10451.9824,1649,1649,53,53,91,45,0,1,97.008,110.509,1.085,13538.16,539.5742,87.42079,0,0,0,0.00889073,0,0,0,0,0,0,0,0,0,80.5,70,16376,2538,13837,84.49694,281.694,3.50549E+08,1.579991E+08
05/28/2026 00:42:04,63,65,0,70,76,72,72,72,72,85,12.0960007,5.03,1.312,1.396,1.0660001,0.352000028,0.612000048,3.292,2.046,0,3.37200022,3.37200022,3.12000012,66,50.5,51,49,1379,872,0,1018,996,0,0,0,0,0,81.25,25,21.88,20.31,23.44,54.69,10.94,10.94,31.05,81.25,45.2325821,3906,1474,4000,3899,40,3.60454726,0.525,4000,1553,40,2.256623,0.525,3937,951,40,1.68973339,0.525,3258,798,33.3333321,1.51046467,0.525,3987,1029,40,1.88209784,0.525,5050,2511,50.5,2.78135538,0.51875,3180,588,33.6666679,1.29289746,0.51875,3840,461,40.4,1.21778679,0.51875,66.12501,59.0000038,99.99748,30.3651085,6.51565552,82.33319,10.5630646,4.31769943,70.9846954,45.25,0.25,0,55,0,85,0.416,1.01,16,16,16,32,48,30,295,160,130,0,0,0,16,44.5,0.25,0,55,0,85,0.416,1.01,16,16,16,32,48,30,295,160,130,0,0,0,16,512,-1,485.785156,485.480469,0.3046875,0.5,7618.451,7618.951,0,0,0,0,0,0,0,0,0,0,0,0,512,600,1200,3000,58,1.064,1.30500007,0,9,16,65,2820,10451.9824,1652,1653,53,53,92,46,0,1,98.024,100.041,1.085,13538.16,539.5742,88.70235,0,0,0,0.007498891,0,0,0,0,0,0,0,0,0,78.34375,70,16376,2538,13837,84.49694,280.289,728749056,8.984986E+07
05/28/2026 00:42:06,63,65,0,70,76,72,72,72,72,85,12.0720005,5.04,1.31000006,1.39200008,1.07,0.356,0.612000048,3.28400016,2.046,0,3.37200022,3.37200022,3.12000012,66,51,51,49,1403,837,0,1039,995,0,0,0,0,0,82.54,42.86,9.52,11.11,22.22,53.97,9.52,1.59,29.17,82.54,45.5446739,3981,1469,4975,3659,49.75,3.488426,0.54375,4975,1675,49.75,2.35063934,0.54375,3272,896,33.1666679,1.63727391,0.53125,3238,801,33.1666679,1.50619733,0.53125,3927,1029,39.8,1.84910381,0.53125,5050,2668,50.5,2.863698,0.51875,3188,551,33.6666679,1.26209271,0.51875,3223,472,33.6666679,1.1935513,0.51875,66.25001,57.5000038,99.99749,30.3902168,6.490547,82.40127,10.5886955,4.29206848,71.15694,45.25,0.25,0,55,0,85,0.416,1.01,16,16,16,32,48,30,295,160,130,0,0,0,16,44.5,0.25,0,55,0,85,0.416,1.01,16,16,16,32,48,30,295,160,130,0,0,0,16,512,-1,485.785156,485.480469,0.3046875,0.5,7618.451,7618.951,0,0,0,0,0,0,0,0,0,0,0,0,512,600,1200,3000,58,1.064,1.30500007,0,13,16,64,2820,10451.9824,1653,1653,53,53,90,45,0,1,98.072,103.552,1.085,13538.16,539.5742,88.36136,0,0,0,0.007591653,0,0,0,0,0,0,0,0,0,77.125,70,16376,2538,13837,84.49694,279.688,495749120,9.93495E+07
05/28/2026 00:42:08,63,65,0,70,76,72,72,72,72,85,12.0720005,5.04,1.31000006,1.39200008,1.064,0.356,0.612000048,3.28400016,2.046,0,3.37200022,3.36800027,3.12000012,66,50.5,51,49,1380,874,0,1021,995,0,0,0,0,0,79.69,28.12,18.75,15.62,23.44,57.81,18.75,14.06,32.03,79.69,45.51968,3846,1505,5025,3732,50.25,3.4222455,0.53125,3350,1568,33.5,2.29814339,0.53125,3350,969,33.5,1.74433088,0.53125,3876,680,40.2,1.43259573,0.53125,4015,1111,40.2,1.90631008,0.53125,4040,2841,40.4,2.996458,0.5375,3202,589,33.6666679,1.30489612,0.5375,3913,551,40.4,1.2710638,0.5375,66.12501,61.2500038,99.99749,30.3613167,6.51944733,82.32291,10.5585213,4.32224274,70.95416,45.25,0.25,0,55,0,85,0.416,1.01,16,16,16,32,48,30,295,160,130,0,0,0,16,44.5,0.25,0,55,0,85,0.416,1.01,16,16,16,32,48,30,295,160,130,0,0,0,16,512,-1,485.785156,485.480469,0.3046875,0.5,7618.451,7618.951,0,0,0,0,0,0,0,0,0,0,0,0,512,600,1200,3000,58,1.069,1.30500007,0,15,16,65,2820,10451.9824,1653,1654,53,53,92,45,0,1,100.213,99.623,1.085,13538.16,539.5742,91.21696,0,0,0,0.008182212,0,0,0,0,0,0,0,0,0,82.0625,70,16376,2538,13837,84.49694,282.902,3.683492E+08,105699328
05/28/2026 00:42:10,63,66,0,70,76,72,72,72,72,85,12.0960007,5.03,1.31000006,1.39200008,1.062,0.34800002,0.612000048,3.288,2.046,0,3.37200022,3.37200022,3.12000012,66,51,51,49,1374,878,0,1040,970,0,0,0,0,0,78.12,29.69,26.56,17.19,21.88,54.69,14.06,12.5,31.84,78.12,44.79274,3985,1458,4020,3827,40.2,3.59375739,0.525,4020,1510,40.2,2.230355,0.525,3982,840,40.2,1.606983,0.525,3219,686,33.5,1.41356623,0.525,3968,1014,40.2,1.80637872,0.525,5025,2700,50.25,2.880459,0.525,3817,578,40.2,1.27442682,0.525,3828,506,40.2,1.21375573,0.525,66.37501,61.7500038,99.99749,30.3925133,6.48825073,82.40749,10.5870361,4.293728,71.14578,45.25,0.25,0,55,0,85,0.416,1.01,16,16,16,32,48,30,295,160,130,0,0,0,16,44.5,0.25,0,55,0,85,0.416,1.01,16,16,16,32,48,30,295,160,130,0,0,0,16,512,-1,485.785156,485.480469,0.3046875,0.5,7618.451,7618.951,0,0,0,0,0,0,0,0,0,0,0,0,512,600,1200,3000,58,1.064,1.30500007,0,11,16,65,2820,10451.9824,1654,1656,53,53,92,46,0,1,101.115,98.506,1.085,13538.16,539.5742,88.33808,0,0,0,0.007685664,0,0,0,0,0,0,0,0,0,77.375,70,16376,2538,13837,84.49694,281.995,4.427991E+08,139649024
