,/lpc/nct6687dr/0/control/0,/lpc/nct6687dr/0/control/1,/lpc/nct6687dr/0/control/2,/lpc/nct6687dr/0/control/10,/lpc/nct6687dr/0/control/11,/lpc/nct6687dr/0/control/12,/lpc/nct6687dr/0/control/13,/lpc/nct6687dr/0/control/14,/lpc/nct6687dr/0/control/15,/lpc/nct6687dr/0/control/3,/lpc/nct6687dr/0/voltage/0,/lpc/nct6687dr/0/voltage/1,/lpc/nct6687dr/0/voltage/2,/lpc/nct6687dr/0/voltage/3,/lpc/nct6687dr/0/voltage/4,/lpc/nct6687dr/0/voltage/5,/lpc/nct6687dr/0/voltage/6,/lpc/nct6687dr/0/voltage/8,/lpc/nct6687dr/0/voltage/9,/lpc/nct6687dr/0/voltage/10,/lpc/nct6687dr/0/voltage/11,/lpc/nct6687dr/0/voltage/12,/lpc/nct6687dr/0/voltage/13,/lpc/nct6687dr/0/temperature/0,/lpc/nct6687dr/0/temperature/1,/lpc/nct6687dr/0/temperature/2,/lpc/nct6687dr/0/temperature/3,/lpc/nct6687dr/0/fan/0,/lpc/nct6687dr/0/fan/1,/lpc/nct6687dr/0/fan/2,/lpc/nct6687dr/0/fan/10,/lpc/nct6687dr/0/fan/11,/lpc/nct6687dr/0/fan/12,/lpc/nct6687dr/0/fan/13,/lpc/nct6687dr/0/fan/14,/lpc/nct6687dr/0/fan/15,/lpc/nct6687dr/0/fan/3,/amdcpu/0/load/2,/amdcpu/0/load/3,/amdcpu/0/load/4,/amdcpu/0/load/5,/amdcpu/0/load/6,/amdcpu/0/load/7,/amdcpu/0/load/8,/amdcpu/0/load/9,/amdcpu/0/load/0,/amdcpu/0/load/1,/amdcpu/0/power/0,/amdcpu/0/clock/1,/amdcpu/0/clock/2,/amdcpu/0/clock/3,/amdcpu/0/clock/4,/amdcpu/0/factor/0,/amdcpu/0/power/1,/amdcpu/0/voltage/2,/amdcpu/0/clock/5,/amdcpu/0/clock/6,/amdcpu/0/factor/1,/amdcpu/0/power/2,/amdcpu/0/voltage/3,/amdcpu/0/clock/7,/amdcpu/0/clock/8,/amdcpu/0/factor/2,/amdcpu/0/power/3,/amdcpu/0/voltage/4,/amdcpu/0/clock/9,/amdcpu/0/clock/10,/amdcpu/0/factor/3,/amdcpu/0/power/4,/amdcpu/0/voltage/5,/amdcpu/0/clock/11,/amdcpu/0/clock/12,/amdcpu/0/factor/4,/amdcpu/0/power/5,/amdcpu/0/voltage/6,/amdcpu/0/clock/13,/amdcpu/0/clock/14,/amdcpu/0/factor/5,/amdcpu/0/power/6,/amdcpu/0/voltage/7,/amdcpu/0/clock/15,/amdcpu/0/clock/16,/amdcpu/0/factor/6,/amdcpu/0/power/7,/amdcpu/0/voltage/8,/amdcpu/0/clock/17,/amdcpu/0/clock/18,/amdcpu/0/factor/7,/amdcpu/0/power/8,/amdcpu/0/voltage/9,/amdcpu/0/temperature/2,/amdcpu/0/temperature/3,/amdcpu/0/clock/0,/vram/data/2,/vram/data/3,/vram/load/1,/ram/data/0,/ram/data/1,/ram/load/0,/memory/dimm/1/temperature/0,/memory/dimm/1/temperature/1,/memory/dimm/1/temperature/2,/memory/dimm/1/temperature/3,/memory/dimm/1/temperature/4,/memory/dimm/1/temperature/5,/memory/dimm/1/timing/20,/memory/dimm/1/timing/21,/memory/dimm/1/timing/22,/memory/dimm/1/timing/23,/memory/dimm/1/timing/24,/memory/dimm/1/timing/25,/memory/dimm/1/timing/26,/memory/dimm/1/timing/27,/memory/dimm/1/timing/28,/memory/dimm/1/timing/29,/memory/dimm/1/timing/30,/memory/dimm/1/timing/31,/memory/dimm/1/timing/32,/memory/dimm/1/timing/33,/memory/dimm/1/data/50,/memory/dimm/3/temperature/0,/memory/dimm/3/temperature/1,/memory/dimm/3/temperature/2,/memory/dimm/3/temperature/3,/memory/dimm/3/temperature/4,/memory/dimm/3/temperature/5,/memory/dimm/3/timing/20,/memory/dimm/3/timing/21,/memory/dimm/3/timing/22,/memory/dimm/3/timing/23,/memory/dimm/3/timing/24,/memory/dimm/3/timing/25,/memory/dimm/3/timing/26,/memory/dimm/3/timing/27,/memory/dimm/3/timing/28,/memory/dimm/3/timing/29,/memory/dimm/3/timing/30,/memory/dimm/3/timing/31,/memory/dimm/3/timing/32,/memory/dimm/3/timing/33,/memory/dimm/3/data/50,/gpu-amd/0/smalldata/2,/gpu-amd/0/factor/0,/gpu-amd/0/smalldata/5,/gpu-amd/0/smalldata/4,/gpu-amd/0/smalldata/3,/gpu-amd/0/smalldata/6,/gpu-amd/0/smalldata/7,/gpu-amd/0/smalldata/8,/gpu-amd/0/load/2,/gpu-amd/0/load/5,/gpu-amd/0/load/3,/gpu-amd/0/load/4,/gpu-amd/0/load/9,/gpu-amd/0/load/8,/gpu-amd/0/load/7,/gpu-amd/0/load/6,/gpu-amd/0/load/12,/gpu-amd/0/load/11,/gpu-amd/0/load/10,/gpu-amd/0/smalldata/0,/gpu-amd/0/smalldata/1,/gpu-amd/0/clock/0,/gpu-amd/0/clock/1,/gpu-amd/0/clock/2,/gpu-amd/0/temperature/4,/gpu-amd/0/voltage/0,/gpu-amd/0/voltage/2,/gpu-amd/0/load/0,/gpu-amd/0/power/0,/gpu-amd/0/power/2,/gpu-nvidia/0/temperature/0,/gpu-nvidia/0/clock/0,/gpu-nvidia/0/clock/4,/gpu-nvidia/0/fan/1,/gpu-nvidia/0/fan/2,/gpu-nvidia/0/control/1,/gpu-nvidia/0/control/2,/gpu-nvidia/0/load/0,/gpu-nvidia/0/load/1,/gpu-nvidia/0/load/2,/gpu-nvidia/0/load/3,/gpu-nvidia/0/load/4,/gpu-nvidia/0/load/5,/gpu-nvidia/0/voltage/0,/gpu-nvidia/0/smalldata/3,/gpu-nvidia/0/smalldata/4,/gpu-nvidia/0/load/7,/gpu-nvidia/0/load/15,/gpu-nvidia/0/load/17,/gpu-nvidia/0/load/8,/gpu-nvidia/0/load/9,/gpu-nvidia/0/load/16,/gpu-nvidia/0/load/18,/gpu-nvidia/0/load/19,/gpu-nvidia/0/load/14,/gpu-nvidia/0/load/20,/gpu-nvidia/0/load/10,/gpu-nvidia/0/load/11,/gpu-nvidia/0/load/12,/gpu-nvidia/0/load/13,/gpu-nvidia/0/temperature/2,/gpu-nvidia/0/temperature/3,/gpu-nvidia/0/smalldata/2,/gpu-nvidia/0/smalldata/0,/gpu-nvidia/0/smalldata/1,/gpu-nvidia/0/load/3,/gpu-nvidia/0/power/0,/gpu-nvidia/0/throughput/0,/gpu-nvidia/0/throughput/1
Time,"CPU Fan","Pump Fan","Chipset Fan","System Fan #1","System Fan #2","System Fan #3","System Fan #4","System Fan #5","System Fan #6","EZ-Connect Fan","+12V","+5V","CPU Northbridge/SoC","DIMM","Vcore","Chipset","CPU System Agent","+3.3V","VREF","+1.8V","+3V Standby","AVSB","CMOS Battery","CPU Core","System","VRM MOS","Chipset","CPU Fan","Pump Fan #1","Chipset Fan","System Fan #1","System Fan #2","System Fan #3","System Fan #4","System Fan #5","System Fan #6","EZ-Connect Fan","CPU Core #1","CPU Core #2","CPU Core #3","CPU Core #4","CPU Core #5","CPU Core #6","CPU Core #7","CPU Core #8","CPU Total","CPU Core Max","Package","Cores (Average)","Cores (Average Effective)","Core #1","Core #1 (Effective)","Core #1","Core #1 (SMU)","Core #1 VID","Core #2","Core #2 (Effective)","Core #2","Core #2 (SMU)","Core #2 VID","Core #3","Core #3 (Effective)","Core #3","Core #3 (SMU)","Core #3 VID","Core #4","Core #4 (Effective)","Core #4","Core #4 (SMU)","Core #4 VID","Core #5","Core #5 (Effective)","Core #5","Core #5 (SMU)","Core #5 VID","Core #6","Core #6 (Effective)","Core #6","Core #6 (SMU)","Core #6 VID","Core #7","Core #7 (Effective)","Core #7","Core #7 (SMU)","Core #7 VID","Core #8","Core #8 (Effective)","Core #8","Core #8 (SMU)","Core #8 VID","Core (Tctl/Tdie)","CCD1 (Tdie)","Bus Speed","Memory Used","Memory Available","Memory","Memory Used","Memory Available","Memory","DIMM #1","Temperature Sensor Resolution","Thermal Sensor Low Limit","Thermal Sensor High Limit","Thermal Sensor Critical Low Limit","Thermal Sensor Critical High Limit","tCKAVGmin (Minimum Cycle Time)","tCKAVGmax (Maximum Cycle Time)","tAA (CAS Latency Time)","tRCD (RAS to CAS Delay Time)","tRP (Row Precharge Delay Time)","tRAS (Active to Precharge Delay Time)","tRC (Active to Active/Refresh Delay Time)","tWR (Write Recovery Time)","tRFC1 (Normal Refresh Recovery Time)","tRFC2 (Fine Granularity Refresh Recovery Time)","tRFCsb (Same Bank Refresh Recovery Time)","tRFC1_dlr (Normal Refresh Recovery Time 3DS)","tRFC2_dlr (Fine Granularity Refresh Recovery Time 3DS)","tRFCsb_dlr (Same Bank Refresh Recovery Time 3DS)","Capacity","DIMM #3","Temperature Sensor Resolution","Thermal Sensor Low Limit","Thermal Sensor High Limit","Thermal Sensor Critical Low Limit","Thermal Sensor Critical High Limit","tCKAVGmin (Minimum Cycle Time)","tCKAVGmax (Maximum Cycle Time)","tAA (CAS Latency Time)","tRCD (RAS to CAS Delay Time)","tRP (Row Precharge Delay Time)","tRAS (Active to Precharge Delay Time)","tRC (Active to Active/Refresh Delay Time)","tWR (Write Recovery Time)","tRFC1 (Normal Refresh Recovery Time)","tRFC2 (Fine Granularity Refresh Recovery Time)","tRFCsb (Same Bank Refresh Recovery Time)","tRFC1_dlr (Normal Refresh Recovery Time 3DS)","tRFC2_dlr (Fine Granularity Refresh Recovery Time 3DS)","tRFCsb_dlr (Same Bank Refresh Recovery Time 3DS)","Capacity","GPU Memory Total","Fullscreen FPS","D3D Dedicated Memory Total","D3D Dedicated Memory Free","D3D Dedicated Memory Used","D3D Shared Memory Used","D3D Shared Memory Free","D3D Shared Memory Total","D3D 3D","D3D Copy","D3D Compute 0","D3D Compute 1","D3D Timer 0","D3D Security 1","D3D High Priority Compute","D3D High Priority 3D","D3D Video JPEG 0","D3D Video Decode 1","D3D Video Codec 0","GPU Memory Used","GPU Memory Free","GPU Core","GPU SoC","GPU Memory","GPU VR SoC","GPU Core","GPU SoC","GPU Core","GPU Core","GPU SoC","GPU Core","GPU Core","GPU Memory","GPU Fan 1","GPU Fan 2","GPU Fan 1","GPU Fan 2","GPU Core","GPU Memory Controller","GPU Video Engine","GPU Bus","GPU Power","GPU Board Power","GPU Core Voltage","D3D Dedicated Memory Used","D3D Shared Memory Used","D3D 3D","D3D Overlay","D3D Video Decode","D3D Copy","D3D Copy","D3D Security","D3D Video Encode","D3D Video Encode","D3D Optical Flow Accelerator 0","D3D VR","D3D Copy","D3D Copy","D3D Copy","D3D Copy","GPU Hot Spot","GPU Memory Junction","GPU Memory Total","GPU Memory Free","GPU Memory Used","GPU Memory","GPU Package","GPU PCIe Rx","GPU PCIe Tx"
05/27/2026 13:14:21,44,54,0,53,58,49,49,49,49,68,12.12,5.04,1.312,1.396,1.056,0.328,0.674,3.292,2.046,0,3.37200022,3.37200022,3.124,53,45,45,45,971,709,0,821,728,0,0,0,0,0,21.21,12.12,3.03,0,9.09,30.3,1.54,1.54,9.85,30.3,34.8093567,4394,545,5050,1255,50.5,1.31463158,0.525,5050,469,50.5,0.6975473,0.525,4040,193,40.4,0.304254025,0.525,4011,149,40.4,0.2567533,0.525,4040,278,40.4,0.458116651,0.525,5050,1835,50.5,1.8620981,0.55,4004,103,40.4,0.197452679,0.56875,3909,79,40.4,0.165258318,0.56875,55.5000076,50.5000038,99.99749,25.4586525,11.4221115,69.0296249,10.4402733,4.44049072,70.15952,39.25,0.25,0,55,0,85,0.416,1.01,16,16,16,32,48,30,295,160,130,0,0,0,16,39,0.25,0,55,0,85,0.416,1.01,16,16,16,32,48,30,295,160,130,0,0,0,16,512,-1,485.785156,485.480469,0.3046875,0.5,7618.451,7618.951,0,0,0,0,0,0,0,0,0,0,0,0,512,600,1200,3000,52,1.04500008,1.30500007,0,6,16,37,2670,10451.9824,1001,1000,30,30,4,2,1,1,15.332,17.656,0.975,11407.0078,387.140625,4.501517,0,0,0,0.108459741,0,0.6664317,0.6693587,0,0,0.311980546,0,0,0,47.25,44,16376,4667,11708,71.49814,50.751,2.1882327E+09,60399616
05/27/2026 13:14:23,44,54,0,53,58,51,51,52,52,70,12.12,5.04,1.312,1.396,1.06000006,0.322000027,0.674,3.292,2.046,0,3.37600017,3.37200022,3.124,67,45,45,45,986,709,0,836,746,0,0,0,0,0,40,18.46,1.54,4.62,15.38,87.69,6.15,3.12,22.12,87.69,43.12489,3439,1058,3367,1806,33.6666679,2.175851,0.51875,3264,779,33.6666679,1.32639837,0.51875,3115,371,33.6666679,0.7294424,0.51875,3140,245,33.6666679,0.6189618,0.51875,3151,536,33.6666679,0.9373263,0.51875,5050,4464,50.5,5.47807169,0.525,3196,161,33.6666679,0.4099305,0.525,3226,99,33.6666679,0.202231556,0.525,63.3750076,65.125,99.99749,27.35635,9.524414,74.17512,10.6925125,4.1882515,71.8546,39.25,0.25,0,55,0,85,0.416,1.01,16,16,16,32,48,30,295,160,130,0,0,0,16,39,0.25,0,55,0,85,0.416,1.01,16,16,16,32,48,30,295,160,130,0,0,0,16,512,-1,485.785156,485.480469,0.3046875,0.5,7618.451,7618.951,0,0,0,0,0,0,0,0,0,0,0,0,512,600,1200,3000,52,1.05500007,1.30500007,0,6,16,37,2670,10451.9824,999,1001,30,30,15,1,0,1,15.952,18.245,0.975,12983.2422,456.835938,14.7595367,0,0,0,0.0396286473,0,0.246857271,0.244876862,0,0,9.35231,0,0,0,47.0625,44,16376,3093,13282,81.11141,46.195,0,0
05/27/2026 13:14:25,45,54,0,54,58,55,55,56,56,74,12.12,5.04,1.312,1.396,1.05800009,0.328,0.672000051,3.292,2.046,0,3.37600017,3.37200022,3.124,67,45,45,44.5,1003,683,0,844,750,0,0,0,0,0,56.92,15.38,4.62,3.08,16.92,60,0,7.69,20.58,60,42.6836624,4292,1204,5050,2825,50.5,2.74118042,0.50625,5050,1140,50.5,1.52872682,0.55,4040,476,40.4,0.818630636,0.55,4040,288,40.4,0.5090208,0.55,4040,828,40.4,1.16714215,0.55,4040,3401,40.4,3.05284953,0.55,4040,212,40.4,0.3879084,0.55,4040,461,40.4,0.5328585,0.55,67.25001,49.7500038,99.99749,26.6513176,10.2294464,72.2634659,10.6305962,4.250168,71.43851,39.25,0.25,0,55,0,85,0.416,1.01,16,16,16,32,48,30,295,160,130,0,0,0,16,39,0.25,0,55,0,85,0.416,1.01,16,16,16,32,48,30,295,160,130,0,0,0,16,512,-1,485.785156,485.480469,0.3046875,0.5,7618.451,7618.951,0,0,0,0,0,0,0,0,0,0,0,0,512,600,1200,3000,52,1.064,1.30500007,0,13,16,37,2670,10451.9824,1000,998,30,30,20,4,1,6,22.081,29.596,0.975,12350.0117,431.148438,7.465704,0,0,0,1.56093216,0,0.393147618,0.396634,0,0,8.196286,0,0,0,47.375,44,16376,3725,12650,77.24934,46.6,1899520,8.144998E+07
05/27/2026 13:14:27,46,54,0,55,59,59,59,60,60,78,12.12,5.04,1.312,1.39200008,0.992000043,0.33,0.674,3.292,2.046,0,3.37200022,3.37200022,3.12000012,64,45,45,44.5,1016,683,0,830,736,0,0,0,0,0,28.12,3.08,3.08,1.54,1.54,23.44,1.54,3.08,8.18,28.12,36.3271828,4094,563,4040,1468,40.4,1.560609,0.5375,4040,542,40.4,0.854745269,0.54375,3947,255,40.4,0.442700624,0.54375,3893,188,40.4,0.365086347,0.54375,3991,354,40.4,0.567484,0.54375,5050,1314,50.5,1.6143496,0.50625,3750,148,40.4,0.302518249,0.5375,4040,234,40.4,0.376264721,0.5375,63.7500076,56.6250038,99.99749,26.7151184,10.1656456,72.4364548,10.6728745,4.20788956,71.7226257,39.25,0.25,0,55,0,85,0.416,1.01,16,16,16,32,48,30,295,160,130,0,0,0,16,39,0.25,0,55,0,85,0.416,1.01,16,16,16,32,48,30,295,160,130,0,0,0,16,512,-1,485.785156,485.480469,0.3046875,0.5,7618.451,7618.951,0,0,0,0,0,0,0,0,0,0,0,0,512,600,1200,3000,52,0.969000041,1.30500007,0,2,15,38,2670,10451.9824,1002,999,30,30,14,5,1,0,21.227,19.636,0.975,12350.0117,431.4297,13.382102,0,0,0,0.00295458222,0,0.7643787,0.785606861,0,0,0.00910752453,0,0,0,47.75,44,16376,3725,12650,77.24934,67.684,0,1249280
05/27/2026 13:14:29,47,54,0,55,60,63,63,64,64,80,12.144001,5.04,1.312,1.396,1.0480001,0.320000023,0.674,3.292,2.046,0,3.37600017,3.37600017,3.124,62,45,45,44.5,1048,709,0,863,769,0,0,0,0,0,67.19,7.81,0,1.56,1.56,43.75,0,9.38,16.41,67.19,38.57907,4853,807,5050,3369,50.5,2.684423,0.50625,5000,419,50,0.6020303,0.49375,4979,134,50.25,0.183125451,0.50625,4975,126,49.75,0.157677069,0.50625,4975,203,49.75,0.271878242,0.50625,5025,1445,50.25,1.554343,0.51875,3793,74,40.2,0.119993486,0.51875,5025,683,50.25,0.6187262,0.51875,62.1250076,59.0000038,99.99749,26.8571777,10.0235863,72.82164,10.6069527,4.27381134,71.2796249,39.25,0.25,0,55,0,85,0.416,1.01,16,16,16,32,48,30,295,160,130,0,0,0,16,39,0.25,0,55,0,85,0.416,1.01,16,16,16,32,48,30,295,160,130,0,0,0,16,512,-1,485.785156,485.480469,0.3046875,0.5,7618.451,7618.951,0,0,0,0,0,0,0,0,0,0,0,0,512,600,1200,3000,53,1.04500008,1.30500007,0,12,16,37,2670,10451.9824,999,999,30,30,0,1,0,0,15.71,17.491,0.975,12304.73,419.734375,0,0,0,0,0.05380451,0,0.2515093,0.2508382,0,0,0.8121913,0,0,0,47.09375,44,16376,3770,12605,76.97321,44.671,49152,1.554944E+07
05/27/2026 13:14:31,48,54,0,56,61,67,67,67,67,82,12.144001,5.04,1.312,1.396,0.986000061,0.328,0.674,3.292,2.046,0,3.37600017,3.37200022,3.124,65,45,45,44.5,1067,710,0,876,780,0,0,0,0,0,26.98,12.7,3.23,4.84,6.35,9.52,3.23,3.23,8.76,26.98,49.0717621,3619,315,3233,1065,32.3333321,1.11514711,0.83125,3154,279,32.3333321,0.5016827,0.83125,3009,131,32.3333321,0.242239237,0.83125,2945,90,32.3333321,0.191112146,0.83125,3046,187,32.3333321,0.318747818,0.83125,4850,654,48.5,0.9602487,0.83125,4359,60,48.5,0.168280214,0.6875,4357,55,48.5,0.1546677,0.6875,67.00001,50.2500038,99.99749,25.755043,11.125721,69.83327,10.0419769,4.838787,67.48294,39.25,0.25,0,55,0,85,0.416,1.01,16,16,16,32,48,30,295,160,130,0,0,0,16,39,0.25,0,55,0,85,0.416,1.01,16,16,16,32,48,30,295,160,130,0,0,0,16,512,-1,485.785156,485.480469,0.3046875,0.5,7618.451,7618.951,0,0,0,0,0,0,0,0,0,0,0,0,512,600,1200,3000,52,0.945000052,1.30500007,0,2,16,37,2670,10451.9824,1001,1000,30,30,6,3,1,0,17.869,18.539,0.975,11376.5234,385.699219,5.690244,0,0,0,0.00369893457,0,0.783309042,0.7247625,0,0,0,0,0,0,47.3125,44,16376,4698,11677,71.3085,53.561,749568,5549056
05/27/2026 13:14:33,49,54,0,57,62,67,67,67,67,81,12.144001,5.04,1.312,1.396,0.990000069,0.324,0.674,3.292,2.046,0,3.37200022,3.37200022,3.12000012,62,45,45,44.5,1103,683,0,870,792,0,0,0,0,0,20.31,9.38,0,1.56,1.56,12.5,0,0,5.66,20.31,34.197464,4045,343,4040,1105,40.4,1.17737377,0.55625,4040,331,40.4,0.5673332,0.55625,3860,127,40.4,0.264757544,0.55625,3934,111,40.4,0.2364282,0.55625,3850,199,40.4,0.33704567,0.55625,5050,753,50.5,1.04861188,0.55625,3811,67,40.4,0.186185449,0.55625,3775,50,40.4,0.167097315,0.55625,61.8750076,50.5000038,99.99748,25.5832024,11.2975616,69.36733,10.050415,4.830349,67.53964,39.5,0.25,0,55,0,85,0.416,1.01,16,16,16,32,48,30,295,160,130,0,0,0,16,39,0.25,0,55,0,85,0.416,1.01,16,16,16,32,48,30,295,160,130,0,0,0,16,512,-1,485.785156,485.480469,0.3046875,0.5,7618.451,7618.951,0,0,0,0,0,0,0,0,0,0,0,0,512,600,1200,3000,52,0.935000062,1.30500007,0,3,15,37,2670,10451.9824,1001,1001,30,30,6,3,1,0,18.199,20.3,0.975,11376.5234,389.2461,5.793083,0,0,0,0.00287705171,0,0.7369148,0.725196838,0,0,0.06263581,0,0,0,47.3125,44,16376,4698,11677,71.3085,54.15,177899520,249856
05/27/2026 13:14:35,50,54,0,58,62,63,63,63,63,77,12.144001,5.04,1.312,1.396,0.984,0.322000027,0.672000051,3.292,2.046,0,3.37600017,3.37200022,3.124,59,45,45,44.5,1118,683,0,889,782,0,0,0,0,0,22.22,11.11,1.59,1.59,3.17,11.11,0,0,6.35,22.22,33.8398056,3570,327,4850,1027,48.5,1.0841521,0.64375,3233,321,32.3333321,0.507883847,0.64375,3103,132,32.3333321,0.242762879,0.64375,3129,106,32.3333321,0.211538613,0.64375,3169,178,32.3333321,0.322511941,0.64375,4850,707,48.5,0.9872264,0.64375,3142,83,32.3333321,0.192141011,0.64375,3082,65,32.3333321,0.156768933,0.64375,59.5000076,48.7500038,99.9975,25.5493011,11.3314629,69.27541,10.0381966,4.84256744,67.4575348,39.25,0.25,0,55,0,85,0.416,1.01,16,16,16,32,48,30,295,160,130,0,0,0,16,39,0.25,0,55,0,85,0.416,1.01,16,16,16,32,48,30,295,160,130,0,0,0,16,512,-1,485.785156,485.480469,0.3046875,0.5,7618.451,7618.951,0,0,0,0,0,0,0,0,0,0,0,0,512,600,1200,3000,52,0.955000043,1.30500007,0,0,16,37,2670,10451.9824,1000,1000,30,30,6,3,1,0,17.961,18.45,0.975,11376.5234,389.3047,5.76467133,0,0,0,0.00298520364,0,0.719868064,0.713738859,0,0,0,0,0,0,47.375,44,16376,4698,11677,71.3085,54.107,161799168,299008
05/27/2026 13:14:37,51,54,0,58,63,59,59,59,59,75,12.144001,5.04,1.312,1.39200008,0.986000061,0.318000019,0.672000051,3.292,2.046,0,3.37200022,3.37200022,3.124,58,45,45,44.5,1147,683,0,895,807,0,0,0,0,0,21.54,3.08,1.54,1.54,4.62,7.69,0,1.54,5.19,21.54,33.69771,4126,315,4850,1064,48.5,1.10830867,0.65,4823,297,48.5,0.4520645,0.65,4689,142,48.5,0.242552072,0.65,3051,95,32.3333321,0.197150916,0.65,4652,185,48.5,0.298080951,0.65,4850,602,48.5,0.9022273,0.65,3008,70,32.3333321,0.1765785,0.65,3084,65,32.3333321,0.161666155,0.65,57.8750076,49.2500038,99.99749,25.5619888,11.3187752,69.3098145,10.0484085,4.8323555,67.52616,39.5,0.25,0,55,0,85,0.416,1.01,16,16,16,32,48,30,295,160,130,0,0,0,16,39,0.25,0,55,0,85,0.416,1.01,16,16,16,32,48,30,295,160,130,0,0,0,16,512,-1,485.785156,485.480469,0.3046875,0.5,7618.451,7618.951,0,0,0,0,0,0,0,0,0,0,0,0,512,600,1200,3000,52,1.04500008,1.30500007,0,8,16,37,2670,10451.9824,1000,999,30,30,6,3,1,0,17.541,17.658,0.975,11376.5234,389.3047,5.739603,0,0,0,0.00285679265,0,0.719644845,0.712092638,0,0,0,0,0,0,47.3125,44,16376,4698,11677,71.3085,52.285,849920,4.404941E+07
05/27/2026 13:14:39,50,54,0,58,63,56,56,56,56,73,12.144001,5.04,1.312,1.396,0.978000045,0.314,0.674,3.292,2.046,0,3.37600017,3.37200022,3.124,56,45,45,44.5,1125,709,0,900,800,0,0,0,0,0,26.56,4.69,3.08,0,3.08,17.19,0,0,6.82,26.56,34.42628,3867,312,5050,1037,50.5,1.07973862,0.55625,4040,320,40.4,0.4474212,0.55625,3728,128,40.4,0.225222468,0.55625,3672,93,40.4,0.197919145,0.55625,3746,178,40.4,0.2916396,0.55625,4040,622,40.4,0.92647177,0.55625,3657,68,40.4,0.178418756,0.55625,3000,51,33.6666679,0.159890488,0.54375,57.2500076,48.7500038,99.99749,25.5314789,11.3492851,69.22709,10.0364914,4.84427261,67.4460754,39.25,0.25,0,55,0,85,0.416,1.01,16,16,16,32,48,30,295,160,130,0,0,0,16,39,0.25,0,55,0,85,0.416,1.01,16,16,16,32,48,30,295,160,130,0,0,0,16,512,-1,485.785156,485.480469,0.3046875,0.5,7618.451,7618.951,0,0,0,0,0,0,0,0,0,0,0,0,512,600,1200,3000,52,0.969000041,1.30500007,0,2,15,37,2670,10451.9824,1000,1001,30,30,6,3,1,0,17.98,23.494,0.975,11376.5234,389.3047,6.064845,0,0,0,0.00269510341,0,0.7545506,0.754168332,0,0,0,0,0,0,47.28125,44,16376,4698,11677,71.3085,52.772,849920,43899904
05/27/2026 13:14:41,49,54,0,57,62,54,54,54,54,71,12.144001,5.04,1.312,1.396,0.98,0.326,0.674,3.292,2.046,0,3.37600017,3.37200022,3.124,55,45,45,44.5,1098,709,0,892,827,0,0,0,0,0,13.85,4.62,3.08,1.54,4.62,9.23,1.54,0,4.81,13.85,33.7207642,4097,308,4850,1010,48.5,1.079858,0.64375,4850,279,48.5,0.475969374,0.64375,4583,128,48.5,0.252472937,0.64375,3025,91,32.3333321,0.205506846,0.64375,4607,180,48.5,0.3049325,0.64375,4850,649,48.5,0.945403934,0.64375,3016,67,32.3333321,0.179473266,0.64375,2994,59,32.3333321,0.1565788,0.64375,55.7500076,48.7500038,99.99748,25.56395,11.3168144,69.31513,10.0513,4.829464,67.54559,39.25,0.25,0,55,0,85,0.416,1.01,16,16,16,32,48,30,295,160,130,0,0,0,16,39,0.25,0,55,0,85,0.416,1.01,16,16,16,32,48,30,295,160,130,0,0,0,16,512,-1,485.785156,485.480469,0.3046875,0.5,7618.451,7618.951,0,0,0,0,0,0,0,0,0,0,0,0,512,600,1200,3000,52,0.965000033,1.30500007,0,2,15,37,2670,10451.9824,999,1000,30,30,6,3,1,0,19.52,23.973,0.975,11376.5234,389.3047,5.76026869,0,0,0,0.00211768039,0,0.7209415,0.71355927,0,0,0,0,0,0,47.3125,44,16376,4698,11677,71.3085,54.046,162599936,249856
05/27/2026 13:14:43,48,54,0,56,61,53,53,53,53,70,12.144001,5.04,1.312,1.396,1,0.322000027,0.674,3.292,2.046,0,3.37600017,3.37200022,3.124,55,45,45,44.5,1079,683,0,892,797,0,0,0,0,0,25.4,9.52,3.17,3.17,1.59,9.52,3.17,1.59,7.14,25.4,34.4534721,4386,408,5050,1344,50.5,1.36244762,0.53125,5050,395,50.5,0.6328073,0.53125,4040,194,40.4,0.3229946,0.5375,3993,129,40.4,0.261551827,0.5375,4040,240,40.4,0.4044669,0.5375,5050,777,50.5,1.08068645,0.51875,3935,100,40.4,0.2307913,0.51875,3927,82,40.4,0.206589326,0.51875,55.5000076,51.0000038,99.99749,25.56158,11.3191833,69.30871,10.052124,4.82864,67.55113,39.25,0.25,0,55,0,85,0.416,1.01,16,16,16,32,48,30,295,160,130,0,0,0,16,39,0.25,0,55,0,85,0.416,1.01,16,16,16,32,48,30,295,160,130,0,0,0,16,512,-1,485.785156,485.480469,0.3046875,0.5,7618.451,7618.951,0,0,0,0,0,0,0,0,0,0,0,0,512,600,1200,3000,52,0.965000033,1.30500007,0,2,16,37,2670,10451.9824,1000,1000,30,30,7,3,1,1,18.972,23.051,0.975,11376.5234,389.3047,6.00665426,0,0,0,0.00220748736,0,0.7333314,0.734728754,0,0,0,0,0,0,47.28125,44,16376,4698,11677,71.3085,53.114,49152,43749376
05/27/2026 13:14:45,47,54,0,55,60,53,53,53,53,70,12.144001,5.04,1.312,1.396,0.978000045,0.322000027,0.674,3.292,2.046,0,3.37600017,3.37600017,3.124,55,45.5,45,44.5,1057,683,0,876,804,0,0,0,0,0,23.08,6.15,4.62,3.08,4.62,6.15,0,1.54,6.15,23.08,33.7613335,4024,311,4850,1108,48.5,1.095529,0.64375,4723,267,48.5,0.4396952,0.64375,3651,125,38.8,0.228855267,0.64375,3547,86,38.8,0.197093785,0.64375,3629,174,38.8,0.2919392,0.64375,4850,611,48.5,0.9304086,0.64375,3499,66,38.8,0.172704965,0.64375,3443,51,38.8,0.1554163,0.64375,55.0000076,48.7500038,99.99748,25.5623741,11.31839,69.31086,10.0528564,4.82790756,67.5560455,39.25,0.25,0,55,0,85,0.416,1.01,16,16,16,32,48,30,295,160,130,0,0,0,16,39,0.25,0,55,0,85,0.416,1.01,16,16,16,32,48,30,295,160,130,0,0,0,16,512,-1,485.785156,485.480469,0.3046875,0.5,7618.451,7618.951,0,0,0,0,0,0,0,0,0,0,0,0,512,600,1200,3000,52,0.960000038,1.30500007,0,3,16,37,2670,10451.9824,1001,1000,30,30,6,3,1,0,18.912,22.916,0.975,11376.5234,389.3047,5.747247,0,0,0,0.00227425364,0,0.7230736,0.716121733,0,0,0,0,0,0,47.34375,44,16376,4698,11677,71.3085,52.117,149504,43899904
05/27/2026 13:14:47,46,54,0,54,60,51,51,51,51,69,12.144001,5.04,1.312,1.396,0.982000053,0.314,0.674,3.292,2.046,0,3.37600017,3.37200022,3.124,54,45,45,44.5,1043,709,0,858,777,0,0,0,0,0,17.46,1.59,3.12,1.56,0,6.35,0,0,3.76,17.46,34.13222,3707,275,3233,953,32.3333321,0.964083,0.65,3230,250,32.3333321,0.390481323,0.65,3091,125,32.3333321,0.223895311,0.65,3084,76,32.3333321,0.179604053,0.65,3098,158,32.3333321,0.2675581,0.65,4850,530,48.5,0.8546118,0.65,4594,62,48.5,0.157907322,0.65,4478,48,48.5,0.139577314,0.65,54.7500076,48.7500038,99.9975,25.532444,11.34832,69.2297058,10.0243492,4.856415,67.36448,39.25,0.25,0,55,0,85,0.416,1.01,16,16,16,32,48,30,295,160,130,0,0,0,16,39,0.25,0,55,0,85,0.416,1.01,16,16,16,32,48,30,295,160,130,0,0,0,16,512,-1,485.785156,485.480469,0.3046875,0.5,7618.451,7618.951,0,0,0,0,0,0,0,0,0,0,0,0,512,600,1200,3000,52,0.859,1.30500007,0,1,15,37,2670,10451.9824,999,999,30,30,6,3,1,0,19.487,20.065,0.975,11376.5234,389.3047,5.66617441,0,0,0,0.0036971583,0,0.7143557,0.7027445,0,0,0,0,0,0,47.21875,44,16376,4698,11677,71.3085,53.4,162199552,249856
05/27/2026 13:14:49,45,54,0,54,59,51,51,51,51,69,12.144001,5.04,1.312,1.396,0.984,0.322000027,0.674,3.292,2.046,0,3.37600017,3.37600017,3.124,54,45.5,45,44.5,1007,709,0,844,781,0,0,0,0,0,15.38,7.69,1.54,0,3.08,13.85,3.08,0,5.58,15.38,33.6746521,3863,316,4040,1056,40.4,1.08791947,0.61875,5050,324,50.5,0.490564644,0.54375,3875,128,40.4,0.230794311,0.54375,3786,96,40.4,0.192058757,0.54375,3883,175,40.4,0.302576154,0.54375,4040,623,40.4,0.9247279,0.53125,3134,70,33.6666679,0.173738018,0.53125,3096,54,33.6666679,0.15477106,0.53125,54.2500076,48.7500038,99.99748,25.5315514,11.3492126,69.22728,10.0360756,4.84468842,67.44328,39.25,0.25,0,55,0,85,0.416,1.01,16,16,16,32,48,30,295,160,130,0,0,0,16,39,0.25,0,55,0,85,0.416,1.01,16,16,16,32,48,30,295,160,130,0,0,0,16,512,-1,485.785156,485.480469,0.3046875,0.5,7618.451,7618.951,0,0,0,0,0,0,0,0,0,0,0,0,512,600,1200,3000,52,0.969000041,1.30500007,0,4,15,37,2670,10451.9824,1001,1001,30,30,6,3,1,0,19.237,19.342,0.975,11376.5234,389.3047,5.727848,0,0,0,0.00222015381,0,0.723601639,0.7131649,0,0,0,0,0,0,47.1875,46,16376,4698,11677,71.3085,54.058,162249728,299008
05/27/2026 13:14:51,44,54,0,54,59,51,51,51,51,69,12.144001,5.04,1.312,1.39200008,0.988000035,0.324,0.674,3.292,2.046,0,3.37200022,3.37200022,3.12000012,54,45,45,44.5,978,709,0,856,754,0,0,0,0,0,20,4.62,3.08,1.54,3.08,6.15,0,0,4.81,20,34.0351067,3512,304,4850,1088,48.5,1.10270119,0.64375,3233,278,32.3333321,0.438985229,0.64375,3066,122,32.3333321,0.236869335,0.64375,3038,103,32.3333321,0.206596091,0.64375,3022,163,32.3333321,0.2893413,0.64375,4850,549,48.5,0.8867998,0.64375,2993,72,32.3333321,0.172671646,0.64375,3044,60,32.3333321,0.1743305,0.64375,54.1250076,48.7500038,99.99749,25.561,11.3197632,69.30714,10.0541725,4.82659149,67.5648956,39.25,0.25,0,55,0,85,0.416,1.01,16,16,16,32,48,30,295,160,130,0,0,0,16,39,0.25,0,55,0,85,0.416,1.01,16,16,16,32,48,30,295,160,130,0,0,0,16,512,-1,485.785156,485.480469,0.3046875,0.5,7618.451,7618.951,0,0,0,0,0,0,0,0,0,0,0,0,512,600,1200,3000,52,0.974000037,1.30500007,0,2,15,37,2670,10451.9824,999,1000,30,30,6,3,1,0,18.771,17.9,0.975,11376.5234,389.3047,5.777499,0,0,0,0.00301647536,0,0.7238442,0.720488131,0,0,0,0,0,0,47.34375,44,16376,4698,11677,71.3085,52.42,161799168,249856
05/27/2026 13:14:53,44,54,0,54,59,51,51,51,51,69,12.144001,5.04,1.31000006,1.396,0.986000061,0.318000019,0.674,3.292,2.046,0,3.37200022,3.37200022,3.12000012,54,45,45,44.5,988,683,0,844,770,0,0,0,0,0,23.08,12.31,4.62,0,1.54,13.85,0,1.54,7.12,23.08,33.7672272,3699,309,4850,1056,48.5,1.07944536,0.64375,4699,261,48.5,0.4164138,0.64375,2982,122,32.3333321,0.238428563,0.64375,2958,91,32.3333321,0.18957898,0.64375,3025,180,32.3333321,0.298376918,0.64375,5050,639,50.5,0.9240357,0.55,3015,63,33.6666679,0.170954183,0.55,3015,60,33.6666679,0.154795974,0.55,54.0000076,48.7500038,99.99748,25.5313339,11.34943,69.2267,10.0370636,4.84370041,67.44992,39.25,0.25,0,55,0,85,0.416,1.01,16,16,16,32,48,30,295,160,130,0,0,0,16,39,0.25,0,55,0,85,0.416,1.01,16,16,16,32,48,30,295,160,130,0,0,0,16,512,-1,485.785156,485.480469,0.3046875,0.5,7618.451,7618.951,0,0,0,0,0,0,0,0,0,0,0,0,512,600,1200,3000,53,0.974000037,1.30500007,0,4,16,37,2670,10451.9824,1003,1001,30,30,6,3,1,0,18.952,23.155,0.975,11376.5234,389.3047,5.64160156,0,0,0,0.002925783,0,0.749097943,0.7025877,0,0,0,0,0,0,47.25,44,16376,4698,11677,71.3085,51.925,899072,4.529971E+07
05/27/2026 13:14:55,44,54,0,54,59,51,51,51,51,69,12.12,5.04,1.312,1.396,0.990000069,0.318000019,0.674,3.292,2.046,0,3.37600017,3.37200022,3.124,54,45,45,44.5,977,683,0,859,751,0,0,0,0,0,18.75,6.25,3.12,0,4.69,7.81,1.56,0,5.27,18.75,34.4554443,4175,360,5050,1208,50.5,1.20882082,0.55625,4040,324,40.4,0.5245698,0.55625,3968,157,40.4,0.279015571,0.55625,3914,111,40.4,0.236237615,0.55625,3861,223,40.4,0.348006934,0.55625,5050,710,50.5,1.01632762,0.55625,3776,79,40.4,0.19246307,0.55625,3743,67,40.4,0.1751888,0.55,54.1250076,48.7500038,99.99749,25.5616989,11.3190651,69.30903,10.0551224,4.82564163,67.57127,39.25,0.25,0,55,0,85,0.416,1.01,16,16,16,32,48,30,295,160,130,0,0,0,16,39,0.25,0,55,0,85,0.416,1.01,16,16,16,32,48,30,295,160,130,0,0,0,16,512,-1,485.785156,485.480469,0.3046875,0.5,7618.451,7618.951,0,0,0,0,0,0,0,0,0,0,0,0,512,600,1200,3000,52,0.965000033,1.30500007,0,0,15,37,2670,10451.9824,999,1000,30,30,6,3,1,0,19.509,22.924,0.975,11376.5234,389.3047,5.912623,0,0,0,0.0027807157,0,0.7162075,0.759570837,0,0,0,0,0,0,47.28125,46,16376,4698,11677,71.3085,53.657,899072,45249536
05/27/2026 13:14:57,44,54,0,54,59,51,51,51,51,69,12.144001,5.04,1.312,1.396,0.998,0.316,0.674,3.292,2.046,0,3.37200022,3.37200022,3.124,54,45,45,44.5,976,708,0,840,751,0,0,0,0,0,21.88,4.69,4.69,3.12,6.25,14.06,1.56,3.17,7.43,21.88,35.1004562,3682,428,4850,1371,48.5,1.40668678,0.6625,4831,377,48.5,0.662642658,0.6625,3059,168,32.3333321,0.321373433,0.6625,2973,125,32.3333321,0.272703648,0.6625,3026,209,32.3333321,0.394202381,0.6625,4850,1004,48.5,1.35515952,0.6625,2936,90,32.3333321,0.239666238,0.6625,2929,80,32.3333321,0.2089866,0.6625,55.3750076,48.7500038,99.99749,25.4735565,11.4072075,69.07004,9.9885025,4.89226151,67.12359,39.25,0.25,0,55,0,85,0.416,1.01,16,16,16,32,48,30,295,160,130,0,0,0,16,39,0.25,0,55,0,85,0.416,1.01,16,16,16,32,48,30,295,160,130,0,0,0,16,512,-1,485.785156,485.480469,0.3046875,0.5,7618.451,7618.951,0,0,0,0,0,0,0,0,0,0,0,0,512,600,1200,3000,52,1.05000007,1.30500007,0,9,15,37,2670,10451.9824,1001,1000,30,30,6,3,1,0,19.215,18.682,0.975,11376.5234,389.3047,5.64739752,0,0,0,0.00229332084,0,0.73016727,0.7298769,0,0,0,0,0,0,47.25,44,16376,4698,11677,71.3085,53.671,899072,45449216
05/27/2026 13:14:59,45,54,0,54,59,53,53,53,53,70,12.12,5.04,1.31000006,1.39200008,0.984,0.322000027,0.674,3.288,2.046,0,3.37200022,3.37200022,3.124,55,45,45,45,1000,709,0,857,751,0,0,0,0,0,26.56,10.94,3.17,3.17,3.12,18.75,1.59,1.59,8.61,26.56,34.506115,3538,338,4850,1179,48.5,1.19396091,0.65,3233,296,32.3333321,0.51393646,0.65,3090,124,32.3333321,0.229506508,0.65,3076,92,32.3333321,0.197975516,0.65,3089,162,32.3333321,0.32234773,0.65,4850,736,48.5,1.06351185,0.65,3063,63,32.3333321,0.174490049,0.65,3057,50,32.3333321,0.153514892,0.65,56.0000076,48.7500038,99.99748,25.5038948,11.3768692,69.1523,10.0185738,4.86219025,67.32567,39.25,0.25,0,55,0,85,0.416,1.01,16,16,16,32,48,30,295,160,130,0,0,0,16,39,0.25,0,55,0,85,0.416,1.01,16,16,16,32,48,30,295,160,130,0,0,0,16,512,-1,485.785156,485.480469,0.3046875,0.5,7618.451,7618.951,0,0,0,0,0,0,0,0,0,0,0,0,512,600,1200,3000,52,0.974000037,1.30500007,0,2,15,37,2670,10451.9824,1000,1001,30,30,6,3,1,0,18.793,19.547,0.975,11376.5234,389.3047,5.511399,0,0,0,0.00372662838,0,0.6893552,0.6865729,0,0,0,0,0,0,47.25,46,16376,4698,11677,71.3085,52.303,849920,45049856
05/27/2026 13:15:01,45,54,0,55,60,53,53,53,53,70,12.12,5.04,1.31000006,1.396,0.996000051,0.322000027,0.674,3.288,2.046,0,3.37200022,3.37200022,3.12000012,55,45,45,44.5,1010,683,0,856,755,0,0,0,0,0,21.54,7.81,4.69,6.25,1.56,12.31,3.12,1.56,7.36,21.54,34.154335,3936,343,5050,1199,50.5,1.19709551,0.55625,4040,323,40.4,0.5387358,0.55625,3704,123,40.4,0.252776384,0.55625,3662,97,40.4,0.217356175,0.55625,3806,202,40.4,0.3222655,0.55625,4040,673,40.4,0.9714211,0.55625,3592,67,40.4,0.181560576,0.55625,3596,61,40.4,0.16857177,0.55625,55.6250076,48.7500038,99.99749,25.4722176,11.4085464,69.06641,9.98938751,4.8913765,67.12953,39.25,0.25,0,55,0,85,0.416,1.01,16,16,16,32,48,30,295,160,130,0,0,0,16,39,0.25,0,55,0,85,0.416,1.01,16,16,16,32,48,30,295,160,130,0,0,0,16,512,-1,485.785156,485.480469,0.3046875,0.5,7618.451,7618.951,0,0,0,0,0,0,0,0,0,0,0,0,512,600,1200,3000,52,0.935000062,1.30500007,0,3,16,37,2670,10451.9824,1000,1000,30,30,6,3,1,0,19.2,21.303,0.975,11376.5234,389.535156,5.863843,0,0,0,0.00281995838,0,0.754707336,0.7530468,0,0,0.00914767,0,0,0,47.25,44,16376,4698,11677,71.3085,52.552,899072,45249536
05/27/2026 13:15:03,45,54,0,55,60,54,54,54,54,71,12.144001,5.04,1.312,1.396,0.98,0.328,0.672000051,3.292,2.046,0,3.37200022,3.37200022,3.12000012,56,45,45,44.5,1008,683,0,853,781,0,0,0,0,0,29.69,4.69,4.76,1.59,9.38,17.19,0,0,8.41,29.69,34.5564346,3892,374,4850,1310,48.5,1.34858191,0.625,3199,310,32.3333321,0.581034839,0.625,4594,128,48.5,0.278063834,0.625,3051,109,32.3333321,0.237294033,0.625,4601,207,48.5,0.398330867,0.625,4850,801,48.5,1.15618193,0.625,2995,62,32.3333321,0.198429257,0.625,2992,63,32.3333321,0.177497372,0.625,56.3750076,48.7500038,99.99749,25.5036316,11.3771324,69.15158,10.0172768,4.86348724,67.3169556,39.25,0.25,0,55,0,85,0.416,1.01,16,16,16,32,48,30,295,160,130,0,0,0,16,39,0.25,0,55,0,85,0.416,1.01,16,16,16,32,48,30,295,160,130,0,0,0,16,512,-1,485.785156,485.480469,0.3046875,0.5,7618.451,7618.951,0,0,0,0,0,0,0,0,0,0,0,0,512,600,1200,3000,52,1.03500009,1.30500007,0,5,15,37,2670,10451.9824,1000,999,30,30,6,3,1,0,19.397,20.789,0.975,11376.5234,389.652344,5.494758,0,0,0,0.00296060322,0,0.6895376,0.6885474,0,0,0,0,0,0,47.15625,44,16376,4698,11677,71.3085,53.836,899072,45449216
05/27/2026 13:15:05,46,54,0,56,61,56,56,56,56,73,12.144001,5.05,1.312,1.396,0.998,0.318000019,0.674,3.292,2.046,0,3.37200022,3.37200022,3.124,57,45,45,44.5,1016,683,0,856,769,0,0,0,0,0,21.88,6.25,3.12,1.56,1.56,18.75,0,3.12,7.03,21.88,35.191555,3972,433,4850,1560,48.5,1.53692722,0.6375,3880,378,38.8,0.704707444,0.6375,3679,153,38.8,0.3123687,0.6375,3599,101,38.8,0.258200347,0.6375,3730,205,38.8,0.406094551,0.6375,4850,935,48.5,1.30668128,0.6375,3640,77,38.8,0.219543591,0.6375,3547,54,38.8,0.191360176,0.6375,57.3750076,48.7500038,99.99749,25.4734344,11.40733,69.0697,9.99102,4.889744,67.1405,39.25,0.25,0,55,0,85,0.416,1.01,16,16,16,32,48,30,295,160,130,0,0,0,16,39,0.25,0,55,0,85,0.416,1.01,16,16,16,32,48,30,295,160,130,0,0,0,16,512,-1,485.785156,485.480469,0.3046875,0.5,7618.451,7618.951,0,0,0,0,0,0,0,0,0,0,0,0,512,600,1200,3000,52,1.05000007,1.30500007,0,23,16,37,2670,10451.9824,999,1000,30,30,6,3,1,0,18.77,17.477,0.975,11376.5234,389.652344,5.693981,0,0,0,0.00353961973,0,0.7430285,0.73312366,0,0,0,0,0,0,47.28125,44,16376,4698,11677,71.3085,53.049,899072,45449216
05/27/2026 13:15:07,47,54,0,57,62,56,56,56,56,73,12.144001,5.04,1.312,1.39200008,1.006,0.316,0.674,3.292,2.046,0,3.37200022,3.37200022,3.12000012,57,45,45,44.5,1045,709,0,874,773,0,0,0,0,0,32.31,9.23,4.69,4.69,7.81,18.46,3.12,0,10.04,32.31,35.635128,3872,457,4850,1454,48.5,1.48558533,0.64375,4850,406,48.5,0.7371179,0.64375,3055,182,32.3333321,0.3390795,0.64375,2960,114,32.3333321,0.272033632,0.64375,4588,230,48.5,0.4239692,0.64375,4850,1119,48.5,1.4265182,0.64375,2916,90,32.3333321,0.239330217,0.64375,2905,60,32.3333321,0.205096,0.64375,57.7500076,49.7500038,99.99749,25.5033188,11.3774452,69.1507339,10.0164719,4.864292,67.31154,39.25,0.25,0,55,0,85,0.416,1.01,16,16,16,32,48,30,295,160,130,0,0,0,16,39,0.25,0,55,0,85,0.416,1.01,16,16,16,32,48,30,295,160,130,0,0,0,16,512,-1,485.785156,485.480469,0.3046875,0.5,7618.451,7618.951,0,0,0,0,0,0,0,0,0,0,0,0,512,600,1200,3000,52,0.965000033,1.30500007,0,2,15,37,2670,10451.9824,1000,998,30,30,6,3,1,0,18.657,17.724,0.975,11376.5234,389.652344,5.76809931,0,0,0,0.0028199912,0,0.703861654,0.6976942,0,0,0,0,0,0,47.34375,44,16376,4698,11677,71.3085,51.871,949248,4.554957E+07
05/27/2026 13:15:09,48,54,0,58,63,56,56,56,56,73,12.144001,5.04,1.312,1.396,0.988000035,0.328,0.674,3.292,2.046,0,3.37600017,3.37200022,3.124,57,45,45,44.5,1067,709,0,896,788,0,0,0,0,0,20.31,3.12,0,0,1.56,15.62,1.56,0,5.27,20.31,35.3370667,4300,357,4850,1126,48.5,1.20838034,0.64375,4850,331,48.5,0.5345032,0.64375,3880,171,38.8,0.283855736,0.64375,3748,96,38.8,0.222028628,0.64375,4742,194,48.5,0.342557162,0.64375,4850,791,48.5,1.11218631,0.64375,3714,77,38.8,0.1952242,0.64375,3768,70,38.8,0.177537531,0.64375,57.7500076,49.2500038,99.99749,25.4721336,11.40863,69.06618,9.989597,4.89116669,67.13094,39.25,0.25,0,55,0,85,0.416,1.01,16,16,16,32,48,30,295,160,130,0,0,0,16,39,0.25,0,55,0,85,0.416,1.01,16,16,16,32,48,30,295,160,130,0,0,0,16,512,-1,485.785156,485.480469,0.3046875,0.5,7618.451,7618.951,0,0,0,0,0,0,0,0,0,0,0,0,512,600,1200,3000,52,0.965000033,1.30500007,0,2,15,37,2670,10451.9824,1001,999,30,30,6,3,1,0,19.362,23.505,0.975,11376.5234,389.652344,5.751387,0,0,0,0.00285765319,0,0.7333078,0.722906351,0,0,0,0,0,0,47.21875,44,16376,4698,11677,71.3085,52.955,449536,43649024
05/27/2026 13:15:11,48,54,0,58,63,56,56,56,56,72,12.12,5.04,1.312,1.396,0.986000061,0.318000019,0.674,3.292,2.046,0,3.37200022,3.37200022,3.124,56,45,45,44.5,1084,682,0,901,799,0,0,0,0,0,28.12,3.12,3.12,0,1.56,10.94,0,0,5.86,28.12,33.8117332,4331,330,5050,1196,50.5,1.16473365,0.56875,4987,293,50.5,0.5036177,0.56875,3780,134,40.4,0.243125275,0.56875,3744,104,40.4,0.2110406,0.5375,4755,195,50.5,0.3087344,0.5375,5050,596,50.5,0.9257905,0.5375,3675,69,40.4,0.183663115,0.5375,3608,49,40.4,0.1575494,0.5375,56.3750076,49.2500038,99.99749,25.5041771,11.3765869,69.15306,10.0196266,4.86113739,67.33275,39.25,0.25,0,55,0,85,0.416,1.01,16,16,16,32,48,30,295,160,130,0,0,0,16,39,0.25,0,55,0,85,0.416,1.01,16,16,16,32,48,30,295,160,130,0,0,0,16,512,-1,485.785156,485.480469,0.3046875,0.5,7618.451,7618.951,0,0,0,0,0,0,0,0,0,0,0,0,512,600,1200,3000,51,1.04500008,1.30500007,0,8,16,37,2670,10451.9824,1000,1002,30,30,6,3,1,0,18.675,23.568,0.975,11376.5234,389.652344,5.75620651,0,0,0,0.002902277,0,0.723517656,0.7217163,0,0,0,0,0,0,47.21875,44,16376,4698,11677,71.3085,53.907,849920,45249536
05/27/2026 13:15:13,47,54,0,57,62,55,55,55,55,72,12.12,5.04,1.312,1.39200008,0.986000061,0.332000017,0.674,3.292,2.046,0,3.37200022,3.37200022,3.12000012,56,45,45,44.5,1063,682,0,879,802,0,0,0,0,0,22.22,7.94,3.17,1.59,3.17,17.46,1.59,0,7.14,22.22,34.53907,4050,391,4040,1231,40.4,1.26520467,0.55,4040,338,40.4,0.632580757,0.55,3932,149,40.4,0.2842507,0.55,3889,103,40.4,0.221501514,0.55,3847,190,40.4,0.361567527,0.55,5050,985,50.5,1.29740191,0.55,3808,71,40.4,0.191540331,0.55,3798,64,40.4,0.187408134,0.525,56.8750076,49.2500038,99.99749,25.4722443,11.40852,69.06648,9.990353,4.89041138,67.13602,39.25,0.25,0,55,0,85,0.416,1.01,16,16,16,32,48,30,295,160,130,0,0,0,16,39,0.25,0,55,0,85,0.416,1.01,16,16,16,32,48,30,295,160,130,0,0,0,16,512,-1,485.785156,485.480469,0.3046875,0.5,7618.451,7618.951,0,0,0,0,0,0,0,0,0,0,0,0,512,600,1200,3000,52,0.969000041,1.30500007,0,7,16,37,2670,10451.9824,1000,1001,30,30,6,3,1,0,18.09,23.591,0.975,11376.5234,389.652344,5.884128,0,0,0,0.00291955983,0,0.7457944,0.7446817,0,0,0,0,0,0,47.1875,44,16376,4698,11677,71.3085,52.652,899072,4.529971E+07
05/27/2026 13:15:15,47,54,0,56,62,56,56,56,56,73,12.12,5.04,1.312,1.396,0.9760001,0.324,0.674,3.292,2.046,0,3.37200022,3.37200022,3.12000012,56,45,45,44.5,1057,683,0,892,819,0,0,0,0,0,19.05,6.25,3.12,3.12,6.25,18.75,1.56,0,7.26,19.05,34.3758125,4073,368,5050,986,50.5,1.13109,0.55625,4020,315,40.4,0.565328538,0.55625,4840,128,50.5,0.266113371,0.55625,3841,102,40.4,0.225312,0.55625,3857,205,40.4,0.369577855,0.55625,4850,1079,48.5,1.2882812,0.55,3076,66,32.3333321,0.198209256,0.55,3052,61,32.3333321,0.177975938,0.55,56.8750076,48.7500038,99.99749,25.4707565,11.4100075,69.06244,9.988079,4.892685,67.12074,39.25,0.25,0,55,0,85,0.416,1.01,16,16,16,32,48,30,295,160,130,0,0,0,16,39,0.25,0,55,0,85,0.416,1.01,16,16,16,32,48,30,295,160,130,0,0,0,16,512,-1,485.785156,485.480469,0.3046875,0.5,7618.451,7618.951,0,0,0,0,0,0,0,0,0,0,0,0,512,600,1200,3000,52,0.969000041,1.30500007,0,2,15,37,2670,10451.9824,1001,1000,30,30,6,3,1,0,18.395,23.665,0.975,11376.5234,389.652344,5.841365,0,0,0,0.00373887224,0,0.752982557,0.7452819,0,0,0,0,0,0,47.28125,44,16376,4698,11677,71.3085,51.996,99328,4.529971E+07
05/27/2026 13:15:17,47,54,0,56,62,54,54,54,54,71,12.12,5.04,1.312,1.396,0.984,0.314,0.674,3.288,2.046,0,3.37200022,3.37200022,3.124,56,45,45,44.5,1052,709,0,889,795,0,0,0,0,0,18.46,4.62,1.54,1.54,1.54,20,3.08,0,6.35,20,35.11991,3529,373,4850,875,48.5,1.09527338,0.6625,3231,322,32.3333321,0.565344632,0.6625,3081,136,32.3333321,0.291142941,0.6625,3066,107,32.3333321,0.254163921,0.6625,3119,222,32.3333321,0.391956985,0.6625,4850,1179,48.5,1.3439064,0.6625,3033,80,32.3333321,0.222686067,0.6625,3004,66,32.3333321,0.199868277,0.6625,56.8750076,49.2500038,99.99749,25.5027962,11.3779678,69.1493149,10.0187378,4.862026,67.32677,39.25,0.25,0,55,0,85,0.416,1.01,16,16,16,32,48,30,295,160,130,0,0,0,16,39,0.25,0,55,0,85,0.416,1.01,16,16,16,32,48,30,295,160,130,0,0,0,16,512,-1,485.785156,485.480469,0.3046875,0.5,7618.451,7618.951,0,0,0,0,0,0,0,0,0,0,0,0,512,600,1200,3000,52,0.969000041,1.30500007,0,4,16,37,2670,10451.9824,1000,999,30,30,6,3,1,0,18.292,21.153,0.975,11376.5234,389.421875,5.654364,0,0,0,0.00209835242,0,0.7253338,0.714273334,0,0,0.0109035885,0,0,0,47.25,44,16376,4698,11677,71.3085,53.604,161599488,249856
05/27/2026 13:15:19,47,54,0,56,62,54,54,54,54,71,12.12,5.04,1.31000006,1.396,0.97,0.314,0.674,3.292,2.046,0,3.37200022,3.37200022,3.12000012,56,45,45,44.5,1047,709,0,889,809,0,0,0,0,0,20.31,3.12,3.12,3.12,3.12,9.38,0,1.56,5.47,20.31,33.8837128,4012,318,4040,879,40.4,1.02051818,0.53125,4040,316,40.4,0.497040242,0.53125,4892,148,50.5,0.2670837,0.53125,3793,94,40.4,0.20602496,0.53125,3893,198,40.4,0.331468463,0.53125,4040,773,40.4,0.9872893,0.53125,3761,65,40.4,0.1735696,0.53125,3635,68,38.8,0.184706852,0.53125,56.1250076,48.7500038,99.99748,25.4739571,11.4068069,69.07112,9.989738,4.89102554,67.1319,39.25,0.25,0,55,0,85,0.416,1.01,16,16,16,32,48,30,295,160,130,0,0,0,16,39,0.25,0,55,0,85,0.416,1.01,16,16,16,32,48,30,295,160,130,0,0,0,16,512,-1,485.785156,485.480469,0.3046875,0.5,7618.451,7618.951,0,0,0,0,0,0,0,0,0,0,0,0,512,600,1200,3000,51,0.969000041,1.30500007,0,4,16,37,2670,10451.9824,1001,1001,30,30,6,3,1,0,18.441,23.811,0.975,11376.5234,389.421875,5.84114742,0,0,0,0.00227094628,0,0.7390004,0.7339212,0,0,0,0,0,0,47.21875,46,16376,4698,11677,71.3085,53.436,899072,4.529971E+07
05/27/2026 13:15:21,46,54,0,56,61,53,53,53,53,70,12.12,5.04,1.31000006,1.39200008,0.974000037,0.316,0.674,3.288,2.046,0,3.37200022,3.37200022,3.12000012,55,45,45,44.5,1046,682,0,886,807,0,0,0,0,0,17.19,4.69,1.56,3.12,1.56,7.81,3.12,0,4.88,17.19,34.0512276,4269,328,4040,1090,40.4,1.0837183,0.625,4040,306,40.4,0.4551217,0.625,4841,133,50.5,0.255541176,0.625,3817,91,40.4,0.209813416,0.625,4800,180,50.5,0.306502551,0.625,5050,692,50.5,0.971375167,0.625,3809,76,40.4,0.191378579,0.625,3753,52,40.4,0.161086082,0.625,55.5000076,48.3750038,99.99748,25.50428,11.3764839,69.1533356,10.0177879,4.862976,67.32039,39.25,0.25,0,55,0,85,0.416,1.01,16,16,16,32,48,30,295,160,130,0,0,0,16,39,0.25,0,55,0,85,0.416,1.01,16,16,16,32,48,30,295,160,130,0,0,0,16,512,-1,485.785156,485.480469,0.3046875,0.5,7618.451,7618.951,0,0,0,0,0,0,0,0,0,0,0,0,512,600,1200,3000,52,0.965000033,1.30500007,0,1,16,37,2670,10451.9824,1000,999,30,30,7,3,1,0,17.705,23.437,0.975,11376.5234,389.421875,5.812115,0,0,0,0.00301882857,0,0.73948,0.741158247,0,0,0,0,0,0,47.25,44,16376,4698,11677,71.3085,51.882,849920,4.509901E+07
05/27/2026 13:15:23,45,54,0,55,60,53,53,53,53,70,12.144001,5.04,1.312,1.39200008,0.98,0.324,0.674,3.292,2.046,0,3.37200022,3.37200022,3.12000012,55,45,45,44.5,1023,683,0,863,778,0,0,0,0,0,20,6.15,6.15,1.54,4.62,13.85,0,0,6.54,20,34.4271965,3434,316,3600,937,36,1.03556013,0.65,3521,291,36,0.469447076,0.65,3420,153,36,0.2702129,0.65,3345,97,36,0.217046633,0.65,3389,170,36,0.3099182,0.65,3600,748,36,0.978373647,0.65,3286,70,36,0.189861149,0.65,3310,59,36,0.16934824,0.65,55.2500076,48.7500038,99.99749,25.474144,11.40662,69.0716248,9.987812,4.892952,67.11894,39.25,0.25,0,55,0,85,0.416,1.01,16,16,16,32,48,30,295,160,130,0,0,0,16,39,0.25,0,55,0,85,0.416,1.01,16,16,16,32,48,30,295,160,130,0,0,0,16,512,-1,485.785156,485.480469,0.3046875,0.5,7618.451,7618.951,0,0,0,0,0,0,0,0,0,0,0,0,512,600,1200,3000,52,0.965000033,1.30500007,0,4,16,37,2670,10451.9824,1000,1000,30,30,6,3,1,0,17.884,23.361,0.975,11376.5234,389.421875,5.539721,0,0,0,0.00295192725,0,0.724890649,0.7111084,0,0,0,0,0,0,47.1875,46,16376,4698,11677,71.3085,52.223,0,45249536
05/27/2026 13:15:25,45,54,0,55,60,53,53,53,53,70,12.144001,5.04,1.312,1.396,0.994,0.316,0.674,3.292,2.046,0,3.37200022,3.37200022,3.12000012,56,45,45,44.5,997,683,0,858,791,0,0,0,0,0,23.08,9.23,3.08,3.08,1.54,21.54,1.54,0,7.88,23.08,34.6482239,4148,433,5050,1303,50.5,1.43695688,0.5375,5050,418,50.5,0.6569986,0.51875,4908,175,50.5,0.330598921,0.4875,3190,151,33.6666679,0.307166964,0.53125,3814,206,40.4,0.411742628,0.53125,5050,1048,50.5,1.31064439,0.53125,3050,83,33.6666679,0.242159054,0.53125,3072,80,33.6666679,0.226151347,0.53125,55.7500076,48.7500038,99.99749,25.5028229,11.3779411,69.14939,10.0148811,4.865883,67.30086,39.25,0.25,0,55,0,85,0.416,1.01,16,16,16,32,48,30,295,160,130,0,0,0,16,39,0.25,0,55,0,85,0.416,1.01,16,16,16,32,48,30,295,160,130,0,0,0,16,512,-1,485.785156,485.480469,0.3046875,0.5,7618.451,7618.951,0,0,0,0,0,0,0,0,0,0,0,0,512,600,1200,3000,52,1.069,1.30500007,0,12,16,37,2670,10451.9824,1001,999,30,30,7,3,1,0,19.595,20.447,0.975,11376.5234,389.421875,5.71797037,0,0,0,0.00363512267,0,0.7238754,0.7171981,0,0,0,0,0,0,47.1875,44,16376,4698,11677,71.3085,53.766,160449536,249856
05/27/2026 13:15:27,46,54,0,56,61,56,56,56,56,73,12.12,5.04,1.312,1.396,0.996000051,0.328,0.674,3.292,2.046,0,3.37600017,3.37200022,3.12000012,57,45,45,44.5,1010,709,0,870,788,0,0,0,0,0,26.56,7.81,0,1.56,1.56,21.88,0,0,7.42,26.56,35.056,3963,418,4040,1263,40.4,1.41248059,0.5375,5012,380,50.5,0.669056833,0.5375,3806,163,40.4,0.33050403,0.525,3705,103,40.4,0.2609041,0.525,3800,184,40.4,0.398052871,0.525,4040,1117,40.4,1.35023737,0.525,3669,73,40.4,0.219385073,0.525,3630,60,40.4,0.19909361,0.525,57.3750076,48.7500038,99.99748,25.4743729,11.4063911,69.07225,9.98710251,4.8936615,67.11418,39.25,0.25,0,55,0,85,0.416,1.01,16,16,16,32,48,30,295,160,130,0,0,0,16,39,0.25,0,55,0,85,0.416,1.01,16,16,16,32,48,30,295,160,130,0,0,0,16,512,-1,485.785156,485.480469,0.3046875,0.5,7618.451,7618.951,0,0,0,0,0,0,0,0,0,0,0,0,512,600,1200,3000,52,0.974000037,1.30500007,0,1,15,37,2670,10451.9824,1000,1002,30,30,6,3,1,0,17.724,23.344,0.975,11376.5234,389.421875,5.84543037,0,0,0,0.002230364,0,0.7520464,0.7356164,0,0,0,0,0,0,47.15625,44,16376,4698,11677,71.3085,53.199,899072,235849728
05/27/2026 13:15:29,47,54,0,56,62,56,56,56,56,72,12.144001,5.04,1.312,1.396,0.982000053,0.322000027,0.674,3.292,2.046,0,3.37600017,3.37200022,3.124,56,45,45,44.5,1044,709,0,857,770,0,0,0,0,0,14.06,3.12,3.12,0,1.56,12.5,0,0,4.3,14.06,34.2747345,3496,324,4850,931,48.5,1.05339313,0.61875,3207,301,32.3333321,0.471684545,0.61875,3063,134,32.3333321,0.24702628,0.61875,3028,92,32.3333321,0.210967332,0.61875,3051,179,32.3333321,0.300920665,0.61875,4850,837,48.5,1.0615114,0.61875,2970,68,32.3333321,0.184547916,0.61875,2945,50,32.3333321,0.160798371,0.61875,56.5000076,48.7500038,99.99749,25.50164,11.3791237,69.14618,10.0147972,4.865967,67.30029,39.25,0.25,0,55,0,85,0.416,1.01,16,16,16,32,48,30,295,160,130,0,0,0,16,39,0.25,0,55,0,85,0.416,1.01,16,16,16,32,48,30,295,160,130,0,0,0,16,512,-1,485.785156,485.480469,0.3046875,0.5,7618.451,7618.951,0,0,0,0,0,0,0,0,0,0,0,0,512,600,1200,3000,52,0.955000043,1.30500007,0,2,16,37,2670,10451.9824,1001,1001,30,30,5,3,1,0,17.628,23.258,0.975,11376.5234,389.421875,5.88877,0,0,0,0.00299083465,0,0.7410149,0.73449403,0,0,0,0,0,0,47.28125,44,16376,4698,11677,71.3085,52.031,1449984,44399616
05/27/2026 13:15:31,47,54,0,56,62,54,54,54,54,71,12.144001,5.04,1.312,1.39200008,0.986000061,0.328,0.674,3.292,2.046,0,3.37200022,3.37200022,3.124,55,45,45,44.5,1054,683,0,882,783,0,0,0,0,0,15.87,7.81,3.12,0,1.56,18.75,0,1.56,6.09,18.75,34.7447929,3959,344,4850,943,48.5,1.1194874,0.64375,3871,311,38.8,0.572491765,0.64375,3629,137,38.8,0.2574982,0.64375,3590,83,38.8,0.2063997,0.64375,3708,194,38.8,0.372276127,0.64375,4850,958,48.5,1.10540223,0.64375,3586,61,38.8,0.1842008,0.64375,3586,61,38.8,0.161287755,0.64375,56.2500076,49.2500038,99.99749,25.4995041,11.38126,69.14039,10.0133553,4.86740875,67.2906,39.25,0.25,0,55,0,85,0.416,1.01,16,16,16,32,48,30,295,160,130,0,0,0,16,39,0.25,0,55,0,85,0.416,1.01,16,16,16,32,48,30,295,160,130,0,0,0,16,512,-1,485.785156,485.480469,0.3046875,0.5,7618.451,7618.951,0,0,0,0,0,0,0,0,0,0,0,0,512,600,1200,3000,52,0.955000043,1.30500007,0,2,16,37,2670,10451.9824,999,1000,30,30,5,3,1,0,18.145,23.9,0.975,11376.5234,389.421875,5.72181654,0,0,0,0.00361459632,0,0.7301485,0.7243532,0,0,0,0,0,0,47.125,46,16376,4698,11677,71.3085,52.564,149504,4.48E+07
05/27/2026 13:15:33,46,54,0,56,61,54,54,54,54,71,12.12,5.04,1.312,1.396,1,0.316,0.674,3.288,2.046,0,3.37200022,3.37200022,3.12000012,56,45,45,44.5,1037,683,0,869,787,0,0,0,0,0,23.44,9.38,4.69,1.56,4.69,18.75,1.56,1.56,8.2,23.44,34.5521774,3808,394,4040,1238,40.4,1.39019907,0.53125,3974,330,40.4,0.630355,0.53125,3721,144,40.4,0.2921871,0.53125,3686,104,40.4,0.249255419,0.53125,3767,201,40.4,0.3835826,0.53125,4040,1011,40.4,1.19896734,0.54375,3630,68,40.4,0.204925314,0.54375,3605,55,40.4,0.188967526,0.54375,56.3750076,49.2500038,99.99748,25.5017929,11.3789711,69.1466,10.0102386,4.87052536,67.26965,39.25,0.25,0,55,0,85,0.416,1.01,16,16,16,32,48,30,295,160,130,0,0,0,16,39,0.25,0,55,0,85,0.416,1.01,16,16,16,32,48,30,295,160,130,0,0,0,16,512,-1,485.785156,485.480469,0.3046875,0.5,7618.451,7618.951,0,0,0,0,0,0,0,0,0,0,0,0,512,600,1200,3000,52,1.03500009,1.30500007,0,11,16,37,2670,10451.9824,1001,1001,30,30,7,3,1,0,18.167,23.713,0.975,11376.5234,389.421875,5.58239174,0,0,0,0.00303469552,0,0.739126861,0.7330178,0,0,0,0,0,0,47.25,44,16376,4698,11677,71.3085,53.884,158799872,199680
05/27/2026 13:15:35,47,54,0,56,62,54,54,54,54,71,12.144001,5.04,1.312,1.396,0.988000035,0.314,0.674,3.292,2.046,0,3.37200022,3.37200022,3.124,56,45,45,44.5,1054,709,0,884,807,0,0,0,0,0,20.31,7.81,1.56,0,1.56,12.5,0,1.56,5.66,20.31,33.9005623,4000,326,4040,929,40.4,1.04389894,0.54375,4040,307,40.4,0.5060063,0.54375,3974,153,40.4,0.2627364,0.54375,3839,78,40.4,0.199577734,0.54375,3893,188,40.4,0.325449884,0.54375,4825,817,48.25,1.043823,0.55625,3649,69,38.6,0.190002963,0.55625,3738,68,38.6,0.174230576,0.55625,56.5000076,48.7500038,99.99748,25.4697723,11.4109917,69.05978,9.984833,4.89593124,67.09892,39.25,0.25,0,55,0,85,0.416,1.01,16,16,16,32,48,30,295,160,130,0,0,0,16,39,0.25,0,55,0,85,0.416,1.01,16,16,16,32,48,30,295,160,130,0,0,0,16,512,-1,485.785156,485.480469,0.3046875,0.5,7618.451,7618.951,0,0,0,0,0,0,0,0,0,0,0,0,512,600,1200,3000,51,0.974000037,1.30500007,0,1,15,37,2670,10451.9824,1000,1002,30,30,6,3,2,0,17.511,23.088,0.975,11376.5234,389.421875,5.72370768,0,0,0,0.003982176,0,0.7411825,0.7343458,0,0,0,0,0,0,47.09375,44,16376,4698,11677,71.3085,52.441,4749312,4.484915E+07
05/27/2026 13:15:37,47,54,0,56,62,54,54,54,54,71,12.12,5.04,1.312,1.396,0.98,0.332000017,0.674,3.292,2.046,0,3.37600017,3.37200022,3.124,55,45,45,44.5,1059,709,0,888,787,0,0,0,0,0,18.75,10.94,1.56,0,0,12.5,1.56,0,5.66,18.75,34.15313,3286,326,4850,834,48.5,1.00130022,0.625,3233,301,32.3333321,0.5310944,0.625,2995,126,32.3333321,0.2268978,0.625,3001,99,32.3333321,0.210149229,0.625,3062,174,32.3333321,0.305396169,0.625,3233,939,32.3333321,1.08245921,0.625,2976,71,32.3333321,0.178297713,0.625,2935,68,32.3333321,0.170638591,0.625,55.6250076,49.2500038,99.99749,25.4992218,11.3815422,69.1396255,10.0139885,4.86677551,67.29485,39.25,0.25,0,55,0,85,0.416,1.01,16,16,16,32,48,30,295,160,130,0,0,0,16,39,0.25,0,55,0,85,0.416,1.01,16,16,16,32,48,30,295,160,130,0,0,0,16,512,-1,485.785156,485.480469,0.3046875,0.5,7618.451,7618.951,0,0,0,0,0,0,0,0,0,0,0,0,512,600,1200,3000,52,0.960000038,1.30500007,0,5,16,38,2670,10451.9824,998,998,30,30,6,3,1,0,17.613,23.268,0.975,11376.5234,387.574219,5.765281,0,0,0,0.00302379113,0,0.736091554,0.7266372,0,0,0,0,0,0,47.15625,44,16376,4698,11677,71.3085,51.835,4299776,234049536
05/27/2026 13:15:39,45,54,0,55,60,53,53,53,53,70,12.144001,5.04,1.312,1.396,0.9760001,0.314,0.674,3.292,2.046,0,3.37600017,3.37200022,3.124,55,45,45,44.5,1031,709,0,889,808,0,0,0,0,0,20.63,9.52,0,0,6.35,15.87,1.59,3.17,7.14,20.63,33.8851624,4546,293,4850,810,48.5,0.953124762,0.65,4602,254,48.5,0.4208196,0.65,4618,129,48.5,0.216690466,0.65,4377,72,48.5,0.171666592,0.65,4438,157,48.5,0.27270925,0.65,4850,813,48.5,0.987821162,0.65,4364,64,48.5,0.15636763,0.65,4269,48,48.5,0.138834015,0.65,55.2500076,49.2500038,99.99749,25.4702263,11.4105377,69.0610046,9.986271,4.894493,67.10859,39.25,0.25,0,55,0,85,0.416,1.01,16,16,16,32,48,30,295,160,130,0,0,0,16,39,0.25,0,55,0,85,0.416,1.01,16,16,16,32,48,30,295,160,130,0,0,0,16,512,-1,485.785156,485.480469,0.3046875,0.5,7618.451,7618.951,0,0,0,0,0,0,0,0,0,0,0,0,512,600,1200,3000,52,1.03500009,1.30500007,0,8,16,38,2670,10451.9824,1000,1000,30,30,6,3,1,0,19.709,20.376,0.975,11376.5234,387.574219,5.511148,0,0,0,0.00222371845,0,0.715714037,0.710061669,0,0,0,0,0,0,47.15625,44,16376,4698,11677,71.3085,53.283,1.601495E+08,299008
05/27/2026 13:15:41,45,54,0,55,60,54,54,54,54,71,12.144001,5.04,1.312,1.396,1.00400007,0.324,0.674,3.292,2.046,0,3.37200022,3.37200022,3.124,56,45,45,44.5,1028,709,0,865,777,0,0,0,0,0,34.38,15.62,4.69,1.56,6.25,25,6.25,1.56,11.91,34.38,34.5708122,3708,383,4040,1095,40.4,1.25113356,0.5375,4975,311,50.5,0.590785742,0.5625,3185,147,33.6666679,0.286215,0.5625,3105,86,33.6666679,0.2215809,0.5625,3134,195,33.6666679,0.3501625,0.5625,5050,1093,50.5,1.31010532,0.55,3106,87,33.6666679,0.216206834,0.55,3070,48,33.6666679,0.177841455,0.55,56.5000076,48.7500038,99.99748,25.4984589,11.3823051,69.13756,10.01059,4.87017441,67.27201,39.25,0.25,0,55,0,85,0.416,1.01,16,16,16,32,48,30,295,160,130,0,0,0,16,39,0.25,0,55,0,85,0.416,1.01,16,16,16,32,48,30,295,160,130,0,0,0,16,512,-1,485.785156,485.480469,0.3046875,0.5,7618.451,7618.951,0,0,0,0,0,0,0,0,0,0,0,0,512,600,1200,3000,52,0.979000032,1.30500007,0,4,16,38,2670,10451.9824,1001,1001,30,30,6,3,1,0,18.127,19.562,0.975,11376.5234,387.574219,5.48104334,0,0,0,0.003771795,0,0.7321352,0.7241648,0,0,0,0,0,0,47.21875,44,16376,4698,11677,71.3085,53.753,160449536,249856
05/27/2026 13:15:43,46,54,0,56,61,56,56,56,56,73,12.144001,5.04,1.312,1.39200008,0.998,0.316,0.674,3.292,2.046,0,3.37600017,3.37200022,3.124,57,45,45,44.5,1034,683,0,874,773,0,0,0,0,0,20.31,4.69,0,0,1.56,21.88,0,0,6.05,21.88,35.534668,3985,434,4040,1194,40.4,1.37351274,0.53125,4030,368,40.4,0.6685391,0.53125,3865,158,40.4,0.309468061,0.53125,3756,110,40.4,0.254095137,0.53125,3831,206,40.4,0.412520677,0.53125,5050,1302,50.5,1.5211916,0.53125,3648,70,40.4,0.218895763,0.53125,3660,66,40.4,0.203292459,0.53125,57.6250076,57.1250038,99.99749,25.4980965,11.3826675,69.13657,10.0105972,4.870167,67.2720642,39.25,0.25,0,55,0,85,0.416,1.01,16,16,16,32,48,30,295,160,130,0,0,0,16,39,0.25,0,55,0,85,0.416,1.01,16,16,16,32,48,30,295,160,130,0,0,0,16,512,-1,485.785156,485.480469,0.3046875,0.5,7618.451,7618.951,0,0,0,0,0,0,0,0,0,0,0,0,512,600,1200,3000,52,0.965000033,1.30500007,0,2,16,38,2670,10451.9824,1000,1001,30,30,6,3,1,0,17.624,22.952,0.975,11376.5234,387.574219,5.406178,0,0,0,0.002965244,0,0.7580768,0.7433521,0,0,0,0,0,0,47.15625,44,16376,4698,11677,71.3085,52.174,1099776,4.444979E+07
05/27/2026 13:15:45,47,54,0,56,62,56,56,56,56,73,12.12,5.04,1.31000006,1.39200008,0.996000051,0.322000027,0.674,3.292,2.046,0,3.37200022,3.36800027,3.12000012,57,45,45,44.5,1071,683,0,882,778,0,0,0,0,0,15.38,7.69,4.62,4.62,4.62,24.62,0,0,7.69,24.62,34.5182228,3859,378,4850,1041,48.5,1.22250545,0.63125,4782,321,48.5,0.5680982,0.63125,3004,151,32.3333321,0.278234333,0.63125,2941,93,32.3333321,0.228789881,0.63125,4567,187,48.5,0.357167453,0.64375,4850,1098,48.5,1.28235757,0.64375,2928,63,32.3333321,0.2013342,0.64375,2951,70,32.3333321,0.184538737,0.64375,57.5000076,48.7500038,99.99749,25.49984,11.3809242,69.1413,10.0127525,4.86801147,67.2865448,39.25,0.25,0,55,0,85,0.416,1.01,16,16,16,32,48,30,295,160,130,0,0,0,16,39,0.25,0,55,0,85,0.416,1.01,16,16,16,32,48,30,295,160,130,0,0,0,16,512,-1,485.785156,485.480469,0.3046875,0.5,7618.451,7618.951,0,0,0,0,0,0,0,0,0,0,0,0,512,600,1200,3000,52,0.969000041,1.30500007,0,2,15,38,2670,10451.9824,1000,1000,30,30,6,3,1,0,17.922,23.282,0.975,11376.5234,387.574219,5.49009657,0,0,0,0.003087799,0,0.73452884,0.727549,0,0,0,0,0,0,47.09375,44,16376,4698,11677,71.3085,52.102,1849344,43649024
05/27/2026 13:15:47,48,54,0,57,62,56,56,56,56,73,12.144001,5.04,1.312,1.396,1,0.318000019,0.674,3.292,2.046,0,3.37600017,3.37600017,3.124,57,45,45,44.5,1079,708,0,884,787,0,0,0,0,0,20,7.69,1.54,1.54,3.08,10.77,3.08,0,5.96,20,34.6428833,4222,411,4850,1256,48.5,1.39457119,0.6625,4832,378,48.5,0.6746101,0.6625,4481,153,48.5,0.2992639,0.6625,4410,101,48.5,0.250752568,0.6625,4501,199,48.5,0.394659817,0.6625,4850,1071,48.5,1.35091054,0.6625,2930,77,32.3333321,0.214188561,0.6625,2926,55,32.3333321,0.1952974,0.6625,57.2500076,48.7500038,99.99748,25.4684181,11.4123459,69.0561,9.984917,4.89584732,67.09949,39.25,0.25,0,55,0,85,0.416,1.01,16,16,16,32,48,30,295,160,130,0,0,0,16,39,0.25,0,55,0,85,0.416,1.01,16,16,16,32,48,30,295,160,130,0,0,0,16,512,-1,485.785156,485.480469,0.3046875,0.5,7618.451,7618.951,0,0,0,0,0,0,0,0,0,0,0,0,512,600,1200,3000,52,0.989,1.30500007,0,10,16,38,2670,10451.9824,1000,999,30,30,6,3,1,0,19.482,20.977,0.975,11376.5234,387.574219,5.44702053,0,0,0,0.00206542155,0,0.72154,0.7165364,0,0,0,0,0,0,47.25,46,16376,4698,11677,71.3085,53.565,157449216,299008
05/27/2026 13:15:49,48,54,0,58,63,56,56,56,56,73,12.144001,5.04,1.312,1.396,1,0.322000027,0.674,3.292,2.046,0,3.37600017,3.37200022,3.124,57,45,45,44.5,1083,709,0,897,813,0,0,0,0,0,23.44,4.69,4.69,1.56,6.25,15.62,0,1.56,7.23,23.44,34.3481064,4327,378,5050,1121,50.5,1.24512327,0.50625,5050,349,50.5,0.663357854,0.50625,3857,142,40.4,0.2687098,0.50625,3886,102,40.4,0.231402129,0.50625,3957,199,40.4,0.353440464,0.50625,5050,968,50.5,1.16552579,0.55,3875,79,40.4,0.208964661,0.55,3894,63,40.4,0.180833638,0.55,57.0000076,48.3750038,99.99748,25.4961319,11.3846321,69.13124,10.0095673,4.87119675,67.2651443,39.25,0.25,0,55,0,85,0.416,1.01,16,16,16,32,48,30,295,160,130,0,0,0,16,39,0.25,0,55,0,85,0.416,1.01,16,16,16,32,48,30,295,160,130,0,0,0,16,512,-1,485.785156,485.480469,0.3046875,0.5,7618.451,7618.951,0,0,0,0,0,0,0,0,0,0,0,0,512,600,1200,3000,52,0.969000041,1.30500007,0,0,15,38,2670,10451.9824,1000,1002,30,30,6,3,1,0,19.02,18.065,0.975,11376.5234,387.574219,5.43711853,0,0,0,0.002997644,0,0.7305786,0.7194246,0,0,0,0,0,0,47.21875,44,16376,4698,11677,71.3085,53.227,157349888,299008
05/27/2026 13:15:51,48,54,0,57,63,54,54,54,54,71,12.144001,5.04,1.312,1.39200008,0.982000053,0.314,0.674,3.292,2.046,0,3.37600017,3.37600017,3.124,56,45.5,45,44.5,1084,709,0,888,825,0,0,0,0,0,17.46,3.17,4.76,1.59,3.17,17.46,1.59,1.59,6.35,17.46,34.05135,4157,330,5050,892,50.5,1.03983879,0.53125,4970,306,50.5,0.5091748,0.53125,3838,140,40.4,0.234387219,0.53125,3606,76,40.4,0.180942968,0.53125,4698,189,50.5,0.3089523,0.53125,5050,923,50.5,1.10095561,0.5625,3027,57,33.6666679,0.157625362,0.5625,3016,56,33.6666679,0.139005885,0.5625,56.0000076,48.7500038,99.99749,25.4648857,11.4158783,69.046524,9.983593,4.897171,67.09059,39.25,0.25,0,55,0,85,0.416,1.01,16,16,16,32,48,30,295,160,130,0,0,0,16,39,0.25,0,55,0,85,0.416,1.01,16,16,16,32,48,30,295,160,130,0,0,0,16,512,-1,485.785156,485.480469,0.3046875,0.5,7618.451,7618.951,0,0,0,0,0,0,0,0,0,0,0,0,512,600,1200,3000,52,0.965000033,1.30500007,0,0,15,37,2670,10451.9824,1000,1000,30,30,6,3,1,0,17.401,22.891,0.975,11376.5234,387.574219,5.560138,0,0,0,0.00304303924,0,0.740146,0.724910557,0,0,0,0,0,0,47.15625,46,16376,4698,11677,71.3085,51.505,899072,18849792
05/27/2026 13:15:53,47,54,0,56,62,53,53,53,53,70,12.144001,5.04,1.312,1.396,0.986000061,0.33,0.674,3.292,2.046,0,3.37600017,3.37200022,3.124,55,45,45,44.5,1049,683,0,878,821,0,0,0,0,0,21.88,9.38,1.56,0,3.12,20.31,0,3.12,7.42,21.88,33.6157761,4066,301,4040,874,40.4,1.01899111,0.54375,4040,288,40.4,0.464061648,0.54375,3904,133,40.4,0.239797726,0.54375,3915,83,40.4,0.198332518,0.54375,3907,169,40.4,0.29963243,0.54375,5050,745,50.5,0.9545718,0.54375,3837,65,40.4,0.171795383,0.54375,3833,54,40.4,0.1597122,0.54375,55.2500076,48.3750038,99.99749,25.4969635,11.3838005,69.1335,10.0111084,4.86965561,67.2755,39.25,0.25,0,55,0,85,0.416,1.01,16,16,16,32,48,30,295,160,130,0,0,0,16,39,0.25,0,55,0,85,0.416,1.01,16,16,16,32,48,30,295,160,130,0,0,0,16,512,-1,485.785156,485.480469,0.3046875,0.5,7618.451,7618.951,0,0,0,0,0,0,0,0,0,0,0,0,512,600,1200,3000,52,0.965000033,1.30500007,0,1,15,37,2670,10451.9824,998,997,30,30,6,3,1,0,19.381,21.774,0.975,11376.7148,387.574219,5.283518,0,0,0,0.00383241987,0,0.6998861,0.6934668,0,0,0,0,0,0,47.125,44,16376,4698,11677,71.30965,53.175,849920,17349632
05/27/2026 13:15:55,45,54,0,55,60,53,53,53,53,70,12.144001,5.04,1.312,1.39200008,0.984,0.324,0.674,3.292,2.046,0,3.37600017,3.37600017,3.124,54,45,45,44.5,1025,683,0,867,806,0,0,0,0,0,15.62,6.25,0,0,6.25,17.19,1.56,0,5.86,17.19,33.9085236,4063,351,4040,964,40.4,1.08077621,0.5375,3910,317,40.4,0.5194483,0.5375,4699,145,50.5,0.2587502,0.5375,3677,96,40.4,0.199339449,0.5375,3775,212,40.4,0.34838587,0.5375,5050,943,50.5,1.09664893,0.54375,3669,69,40.4,0.178810552,0.54375,3683,61,40.4,0.1627812,0.54375,54.8750076,48.7500038,99.9974747,25.4952927,11.3854713,69.12897,10.0112534,4.86951065,67.276474,39.25,0.25,0,55,0,85,0.416,1.01,16,16,16,32,48,30,295,160,130,0,0,0,16,39,0.25,0,55,0,85,0.416,1.01,16,16,16,32,48,30,295,160,130,0,0,0,16,512,-1,485.785156,485.480469,0.3046875,0.5,7618.451,7618.951,0,0,0,0,0,0,0,0,0,0,0,0,512,600,1200,3000,52,1.05500007,1.30500007,0,6,16,37,2670,10451.9824,1000,1000,30,30,6,3,1,0,18.066,23.588,0.975,11376.7148,387.574219,5.421004,0,0,0,0.00337431324,0,0.736029565,0.724518955,0,0,0,0,0,0,47.15625,44,16376,4698,11677,71.30965,53.567,849920,19049472
05/27/2026 13:15:57,44,54,0,54,59,51,51,51,51,69,12.144001,5.04,1.312,1.396,0.984,0.314,0.674,3.292,2.046,0,3.37600017,3.37200022,3.124,54,45,45,44.5,1004,709,0,876,773,0,0,0,0,0,17.46,4.76,1.59,1.59,1.59,14.29,1.59,1.59,5.56,17.46,33.7366753,3711,317,4040,868,40.4,1.02540636,0.625,4040,320,40.4,0.522040069,0.56875,3187,119,33.6666679,0.246746689,0.56875,3198,99,33.6666679,0.216426447,0.56875,3912,202,40.4,0.3389184,0.56875,5050,818,50.5,1.03697264,0.56875,3137,58,33.6666679,0.179092944,0.56875,3125,53,33.6666679,0.162781045,0.56875,54.6250076,48.7500038,99.9975,25.4966011,11.3841629,69.13252,10.0128365,4.86792755,67.28711,39.25,0.25,0,55,0,85,0.416,1.01,16,16,16,32,48,30,295,160,130,0,0,0,16,39,0.25,0,55,0,85,0.416,1.01,16,16,16,32,48,30,295,160,130,0,0,0,16,512,-1,485.785156,485.480469,0.3046875,0.5,7618.451,7618.951,0,0,0,0,0,0,0,0,0,0,0,0,512,600,1200,3000,52,0.969000041,1.30500007,0,2,15,37,2670,10451.9824,1002,1003,30,30,6,3,1,0,17.531,22.782,0.975,11376.7148,387.574219,5.44873476,0,0,0,0.00313902,0,0.7383438,0.726492,0,0,0,0,0,0,47.125,44,16376,4698,11677,71.30965,52.467,849920,1.854976E+07
05/27/2026 13:15:59,44,54,0,54,59,51,51,51,51,69,12.144001,5.04,1.312,1.396,0.986000061,0.320000023,0.674,3.292,2.046,0,3.37600017,3.37600017,3.124,54,45,45,44.5,989,709,0,861,766,0,0,0,0,0,15.38,10.77,1.54,0,4.62,21.54,0,0,6.73,21.54,34.32556,3854,316,4850,843,48.5,1.0027262,0.54375,4817,292,48.5,0.510802,0.54375,3060,148,32.3333321,0.26333943,0.54375,2955,93,32.3333321,0.210931838,0.54375,4497,173,48.5,0.3014165,0.54375,4850,873,48.5,1.06776488,0.54375,2923,55,32.3333321,0.177845985,0.54375,2880,47,32.3333321,0.16079016,0.54375,54.5000076,48.7500038,99.99749,25.467865,11.412899,69.0546,9.986477,4.894287,67.10997,39.25,0.25,0,55,0,85,0.416,1.01,16,16,16,32,48,30,295,160,130,0,0,0,16,39,0.25,0,55,0,85,0.416,1.01,16,16,16,32,48,30,295,160,130,0,0,0,16,512,-1,485.785156,485.480469,0.3046875,0.5,7618.451,7618.951,0,0,0,0,0,0,0,0,0,0,0,0,512,600,1200,3000,52,0.784000039,1.30500007,0,0,15,37,2670,10451.9824,999,997,30,30,6,3,1,0,17.614,22.908,0.975,11376.7148,388.464844,5.354759,0,0,0,0.00383291952,0,0.7291678,0.7236392,0,0,0.01843213,0,0,0,47.15625,44,16376,4698,11677,71.30965,51.759,899072,1.959936E+07
05/27/2026 13:16:01,44,54,0,54,59,51,51,51,51,69,12.144001,5.04,1.312,1.396,0.9760001,0.316,0.674,3.292,2.046,0,3.37200022,3.37200022,3.124,54,45,45,44.5,976,709,0,839,773,0,0,0,0,0,18.46,4.62,1.54,0,1.54,13.85,0,1.54,5.19,18.46,34.2093773,4341,329,3233,865,32.3333321,1.041375,0.65,3233,302,32.3333321,0.524278343,0.65,4717,142,48.5,0.259390175,0.65,4677,98,48.5,0.2181476,0.65,4747,204,48.5,0.3368392,0.65,4850,907,48.5,1.0732528,0.65,4665,62,48.5,0.1823878,0.65,4605,49,48.5,0.168606922,0.65,54.3750076,48.7500038,99.99749,25.4986458,11.3821182,69.13806,10.0146561,4.866108,67.29935,39.25,0.25,0,55,0,85,0.416,1.01,16,16,16,32,48,30,295,160,130,0,0,0,16,39,0.25,0,55,0,85,0.416,1.01,16,16,16,32,48,30,295,160,130,0,0,0,16,512,-1,485.785156,485.480469,0.3046875,0.5,7618.451,7618.951,0,0,0,0,0,0,0,0,0,0,0,0,512,600,1200,3000,52,1.03000009,1.30500007,0,10,16,37,2670,10451.9824,1002,1000,30,30,6,3,1,0,19.455,20.214,0.975,11376.7148,388.6953,5.19277,0,0,0,0.00379243353,0,0.7128993,0.7044836,0,0,0.009510406,0,0,0,47.15625,44,16376,4698,11677,71.30965,52.949,1899520,18899968
05/27/2026 13:16:03,44,54,0,54,59,51,51,51,51,69,12.12,5.04,1.312,1.396,0.996000051,0.318000019,0.674,3.292,2.046,0,3.37600017,3.37200022,3.12000012,54,45,45,44.5,994,683,0,838,770,0,0,0,0,0,21.88,1.56,0,1.56,3.12,12.5,0,0,5.08,21.88,34.30889,3551,360,4040,1191,40.4,1.270492,0.54375,4932,310,50.5,0.53490454,0.53125,3153,141,33.6666679,0.2578308,0.53125,3082,86,33.6666679,0.207652465,0.53125,3142,173,33.6666679,0.340335429,0.53125,4040,866,40.4,1.08338153,0.53125,3051,62,33.6666679,0.179789186,0.53125,2965,49,33.6666679,0.160668537,0.53125,54.6250076,48.7500038,99.99749,25.46796,11.4128036,69.05486,9.986256,4.89450836,67.10849,39.25,0.25,0,55,0,85,0.416,1.01,16,16,16,32,48,30,295,160,130,0,0,0,16,39,0.25,0,55,0,85,0.416,1.01,16,16,16,32,48,30,295,160,130,0,0,0,16,512,-1,485.785156,485.480469,0.3046875,0.5,7618.451,7618.951,0,0,0,0,0,0,0,0,0,0,0,0,512,600,1200,3000,52,0.969000041,1.30500007,0,8,16,37,2670,10451.9824,1001,1000,30,30,6,3,1,0,17.955,23.244,0.975,11376.7148,389.3203,5.46603727,0,0,0,0.00225375919,0,0.7327923,0.726091146,0,0,0.0289182365,0,0,0,47.125,46,16376,4698,11677,71.30965,53.533,849920,21349376
05/27/2026 13:16:05,44,54,0,54,59,51,51,51,51,69,12.12,5.04,1.31000006,1.396,0.966,0.316,0.674,3.292,2.046,0,3.37200022,3.37200022,3.124,54,45,45,44.5,990,683,0,854,751,0,0,0,0,0,15.62,4.69,1.56,1.56,1.56,10.94,0,0,4.49,15.62,33.4016571,4002,286,4040,1000,40.4,1.011644,0.51875,3961,243,40.4,0.3999309,0.51875,3864,126,40.4,0.216815948,0.51875,3798,80,40.4,0.164729789,0.51875,3821,171,40.4,0.269070923,0.56875,5050,562,50.5,0.872757256,0.56875,3764,58,40.4,0.146015137,0.56875,3718,44,40.4,0.129193828,0.56875,54.5000076,48.7500038,99.99748,25.4968071,11.3839569,69.13307,10.015789,4.864975,67.30695,39.25,0.25,0,55,0,85,0.416,1.01,16,16,16,32,48,30,295,160,130,0,0,0,16,39,0.25,0,55,0,85,0.416,1.01,16,16,16,32,48,30,295,160,130,0,0,0,16,512,-1,485.785156,485.480469,0.3046875,0.5,7618.451,7618.951,0,0,0,0,0,0,0,0,0,0,0,0,512,600,1200,3000,52,0.974000037,1.30500007,0,2,16,37,2670,10451.9824,1001,1002,30,30,6,3,1,0,17.434,22.611,0.975,11376.7148,389.3203,5.42014647,0,0,0,0.00294982456,0,0.73172766,0.7268247,0,0,0,0,0,0,47.09375,44,16376,4698,11677,71.30965,51.735,899072,21449728
05/27/2026 13:16:07,44,54,0,54,59,51,51,51,51,69,12.144001,5.04,1.312,1.39200008,0.990000069,0.316,0.674,3.292,2.046,0,3.37200022,3.37200022,3.124,54,45,45,44.5,977,709,0,842,751,0,0,0,0,0,25,3.12,3.12,1.56,3.12,14.06,0,3.12,6.64,25,34.15388,4098,360,5050,1242,50.5,1.26759553,0.5125,4040,351,40.4,0.587088048,0.5125,4792,143,50.5,0.254261881,0.5125,3763,87,40.4,0.2007306,0.5125,4818,216,50.5,0.350928932,0.5125,4040,715,40.4,1.03762174,0.525,3126,66,33.6666679,0.17389518,0.525,3158,63,33.6666679,0.163080156,0.525,54.6250076,52.8750038,99.9975,25.475544,11.40522,69.0754242,9.988674,4.89209,67.12474,39.25,0.25,0,55,0,85,0.416,1.01,16,16,16,32,48,30,295,160,130,0,0,0,16,39,0.25,0,55,0,85,0.416,1.01,16,16,16,32,48,30,295,160,130,0,0,0,16,512,-1,485.785156,485.480469,0.3046875,0.5,7618.451,7618.951,0,0,0,0,0,0,0,0,0,0,0,0,512,600,1200,3000,52,0.969000041,1.30500007,0,2,15,37,2670,10451.9824,999,999,30,30,6,3,1,0,17.758,20.617,0.975,11379.6016,391.101563,5.37698126,0,0,0,0.003031589,0,0.7388939,0.7367474,0,0,0.00897269,0,0,0,47.1875,44,16376,4695,11680,71.3272,51.806,899072,19649536
05/27/2026 13:16:09,45,54,0,55,60,53,53,53,53,70,12.144001,5.04,1.312,1.396,0.9760001,0.318000019,0.674,3.292,2.046,0,3.37600017,3.37200022,3.124,54,45,45,44.5,1006,709,0,840,770,0,0,0,0,0,20.63,1.59,0,0,3.17,19.05,0,0,5.56,20.63,35.13697,4113,310,4850,1005,48.5,1.04869163,0.6375,4850,283,48.5,0.456432581,0.6375,3742,133,38.8,0.231809944,0.6375,3670,96,38.8,0.19536981,0.6375,3712,174,38.8,0.2869432,0.6375,4850,664,48.5,0.9582475,0.6375,3655,66,38.8,0.168268591,0.6375,3578,57,38.8,0.157800451,0.6375,55.0000076,48.7500038,99.99749,25.4522743,11.42849,69.01233,9.965393,4.915371,66.96829,39.25,0.25,0,55,0,85,0.416,1.01,16,16,16,32,48,30,295,160,130,0,0,0,16,39,0.25,0,55,0,85,0.416,1.01,16,16,16,32,48,30,295,160,130,0,0,0,16,512,-1,485.785156,485.480469,0.3046875,0.5,7618.451,7618.951,0,0,0,0,0,0,0,0,0,0,0,0,512,600,1200,3000,52,0.974000037,1.30500007,0,3,16,37,2670,10451.9824,1000,1000,30,30,6,3,1,0,19.561,23.733,0.975,11379.6016,391.101563,5.205317,0,0,0,0.00293310313,0,0.726538658,0.721283138,0,0,0,0,0,0,47.09375,46,16376,4695,11680,71.3272,53.274,9.174938E+07,799744
05/27/2026 13:16:11,44,54,0,54,59,51,51,51,51,69,12.144001,5.04,1.312,1.396,0.98,0.320000023,0.674,3.292,2.046,0,3.37600017,3.37200022,3.124,54,45,45,44.5,997,683,0,849,775,0,0,0,0,0,17.19,3.12,0,1.56,1.56,7.81,0,0,3.91,17.19,33.73673,3948,320,4850,1138,48.5,1.14839888,0.64375,4850,296,48.5,0.491788417,0.64375,3177,137,32.3333321,0.249857664,0.64375,3087,88,32.3333321,0.199420556,0.64375,4635,180,48.5,0.319480658,0.64375,4850,597,48.5,0.937247753,0.64375,3084,67,32.3333321,0.1779829,0.64375,3054,53,32.3333321,0.160881445,0.64375,54.6250076,48.7500038,99.99748,25.4225922,11.4581718,68.93185,9.937901,4.94286346,66.78354,39.25,0.25,0,55,0,85,0.416,1.01,16,16,16,32,48,30,295,160,130,0,0,0,16,39,0.25,0,55,0,85,0.416,1.01,16,16,16,32,48,30,295,160,130,0,0,0,16,512,-1,485.785156,485.480469,0.3046875,0.5,7618.451,7618.951,0,0,0,0,0,0,0,0,0,0,0,0,512,600,1200,3000,52,0.965000033,1.30500007,0,4,15,37,2670,10451.9824,1001,1001,30,30,6,3,1,0,19.034,20.158,0.975,11379.6016,391.101563,5.359718,0,0,0,0.00293155923,0,0.726677656,0.7210539,0,0,0,0,0,0,47.125,46,16376,4695,11680,71.3272,52.975,449536,22249472
05/27/2026 13:16:13,44,54,0,54,59,51,51,51,51,69,12.144001,5.04,1.312,1.396,0.984,0.322000027,0.674,3.29600024,2.046,0,3.37600017,3.37200022,3.124,54,45,45,44.5,991,683,0,844,770,0,0,0,0,0,20.63,4.76,3.17,1.59,1.59,11.11,0,0,5.36,20.63,33.70943,4046,318,4850,1108,48.5,1.13960147,0.54375,4040,340,40.4,0.5307117,0.6125,3755,126,40.4,0.231670856,0.6125,3727,80,40.4,0.1900609,0.6125,3740,185,40.4,0.311659247,0.6125,5050,593,50.5,0.9373992,0.5625,3628,62,40.4,0.164795816,0.5625,3576,50,40.4,0.148500711,0.5625,54.2500076,48.7500038,99.99749,25.4524879,11.4282761,69.01291,9.967403,4.9133606,66.9818,39.25,0.25,0,55,0,85,0.416,1.01,16,16,16,32,48,30,295,160,130,0,0,0,16,39,0.25,0,55,0,85,0.416,1.01,16,16,16,32,48,30,295,160,130,0,0,0,16,512,-1,485.785156,485.480469,0.3046875,0.5,7618.451,7618.951,0,0,0,0,0,0,0,0,0,0,0,0,512,600,1200,3000,52,0.969000041,1.30500007,0,2,15,37,2670,10451.9824,1000,1001,30,30,6,3,1,0,17.445,17.682,0.975,11379.6016,391.101563,5.27737427,0,0,0,0.00292812847,0,0.719667733,0.7196998,0,0,0,0,0,0,47.09375,46,16376,4695,11680,71.3272,51.497,899072,2.24E+07
05/27/2026 13:16:15,44,54,0,54,59,51,51,51,51,69,12.12,5.04,1.312,1.396,0.982000053,0.314,0.674,3.292,2.046,0,3.37600017,3.37200022,3.124,54,45,45,44.5,995,683,0,859,749,0,0,0,0,0,20.31,7.81,3.12,3.12,1.56,12.5,1.56,6.25,7.03,20.31,34.5895767,4119,420,5050,1180,50.5,1.20184493,0.55,3977,291,40.4,0.513449,0.5,3946,183,40.4,0.289929569,0.525,3655,93,40.4,0.22057192,0.525,3195,188,33.6666679,0.324259967,0.51875,4040,697,40.4,1.036968,0.51875,4040,201,40.4,0.286596358,0.51875,5050,530,50.5,0.537948966,0.50625,54.2500076,52.3750038,99.99749,25.4224777,11.4582863,68.93153,9.916557,4.9642067,66.64011,39.25,0.25,0,55,0,85,0.416,1.01,16,16,16,32,48,30,295,160,130,0,0,0,16,39,0.25,0,55,0,85,0.416,1.01,16,16,16,32,48,30,295,160,130,0,0,0,16,512,-1,485.785156,485.480469,0.3046875,0.5,7618.451,7618.951,0,0,0,0,0,0,0,0,0,0,0,0,512,600,1200,3000,52,1.074,1.30500007,0,13,16,37,2670,10451.9824,1000,1000,30,30,6,3,1,0,19.366,23.881,0.975,11379.6016,391.101563,5.474741,0,0,0,0.00280773034,0,0.7638359,0.7543467,0,0,0,0,0,0,47.125,44,16376,4695,11680,71.3272,53.05,999424,21549056
05/27/2026 13:16:17,44,54,0,54,59,51,51,51,51,69,12.12,5.04,1.312,1.396,0.990000069,0.326,0.674,3.292,2.046,0,3.37600017,3.37200022,3.124,54,45,45,44.5,979,709,0,844,768,0,0,0,0,0,32.81,9.38,4.69,1.56,3.12,14.06,1.56,1.56,8.59,32.81,34.8923225,3617,336,4850,1130,48.5,1.14192927,0.64375,4706,296,48.5,0.5179942,0.64375,2967,125,32.3333321,0.245915711,0.64375,2882,91,32.3333321,0.203830257,0.64375,2983,175,32.3333321,0.320251167,0.64375,4850,751,48.5,1.03408444,0.64375,2876,63,32.3333321,0.1740541,0.64375,2819,53,32.3333321,0.152749,0.64375,54.3750076,48.7500038,99.99749,25.4229317,11.4578323,68.93277,9.935524,4.94524,66.76756,39.25,0.25,0,55,0,85,0.416,1.01,16,16,16,32,48,30,295,160,130,0,0,0,16,39,0.25,0,55,0,85,0.416,1.01,16,16,16,32,48,30,295,160,130,0,0,0,16,512,-1,485.785156,485.480469,0.3046875,0.5,7618.451,7618.951,0,0,0,0,0,0,0,0,0,0,0,0,512,600,1200,3000,52,0.935000062,1.30500007,0,2,15,37,2670,10451.9824,999,998,30,30,6,3,1,0,19.418,20.236,0.975,11379.6016,390.8711,5.25276041,0,0,0,0.00199464336,0,0.7438546,0.7399144,0,0,0.0074578044,0,0,0,47.15625,44,16376,4695,11680,71.3272,53.648,8.859955E+07,249856
05/27/2026 13:16:19,44,54,0,54,59,51,51,51,51,69,12.12,5.04,1.312,1.396,0.982000053,0.318000019,0.674,3.292,2.046,0,3.37600017,3.37600017,3.124,54,45,45,44.5,981,709,0,840,768,0,0,0,0,0,23.44,4.69,3.12,4.69,7.81,15.62,1.56,6.25,8.4,23.44,33.6415024,4064,309,4850,1150,48.5,1.14621615,0.58125,4784,277,48.5,0.4910873,0.58125,4581,126,48.5,0.253775477,0.58125,2993,87,32.3333321,0.197914958,0.58125,4516,165,48.5,0.311253369,0.58125,4850,558,48.5,0.891586244,0.58125,2982,61,32.3333321,0.169353083,0.58125,2960,51,32.3333321,0.152323082,0.58125,54.2500076,48.7500038,99.99749,25.4526062,11.4281578,69.01323,9.947407,4.93335724,66.84742,39.25,0.25,0,55,0,85,0.416,1.01,16,16,16,32,48,30,295,160,130,0,0,0,16,39,0.25,0,55,0,85,0.416,1.01,16,16,16,32,48,30,295,160,130,0,0,0,16,512,-1,485.785156,485.480469,0.3046875,0.5,7618.451,7618.951,0,0,0,0,0,0,0,0,0,0,0,0,512,600,1200,3000,52,1.04000008,1.30500007,0,19,16,37,2670,10451.9824,1001,1000,30,30,6,3,1,0,18.795,23.281,0.975,11379.6016,390.8711,5.06397,0,0,0,0.00290144957,0,0.740279853,0.7320958,0,0,0,0,0,0,47.09375,44,16376,4695,11680,71.3272,52.416,6.656E+08,136599552
05/27/2026 13:16:21,44,54,0,54,59,51,51,51,51,69,12.144001,5.04,1.312,1.396,0.978000045,0.326,0.674,3.292,2.046,0,3.37600017,3.37200022,3.124,54,45,45,44.5,985,683,0,841,768,0,0,0,0,0,21.54,6.15,0,0,0,10.77,0,0,4.81,21.54,34.25177,3600,360,4040,1114,40.4,1.14578962,0.5625,4040,335,40.4,0.529536664,0.54375,3357,175,33.6666679,0.2910075,0.54375,3367,116,33.6666679,0.245645165,0.54375,3309,215,33.6666679,0.357778579,0.54375,4040,768,40.4,1.05595493,0.53125,3351,88,33.6666679,0.210520163,0.53125,3299,69,33.6666679,0.185627267,0.51875,54.1250076,48.7500038,99.9975,25.4529533,11.4278107,69.0141754,9.948711,4.93205261,66.8561859,39.25,0.25,0,55,0,85,0.416,1.01,16,16,16,32,48,30,295,160,130,0,0,0,16,39,0.25,0,55,0,85,0.416,1.01,16,16,16,32,48,30,295,160,130,0,0,0,16,512,-1,485.785156,485.480469,0.3046875,0.5,7618.451,7618.951,0,0,0,0,0,0,0,0,0,0,0,0,512,600,1200,3000,51,1.05000007,1.30500007,0,13,16,37,2670,10451.9824,1000,1000,30,30,6,3,1,0,18.823,22.784,0.975,11379.6016,390.8711,5.213982,0,0,0,0.00284153176,0,0.7252165,0.7183213,0,0,0,0,0,0,47.0625,44,16376,4695,11680,71.3272,51.404,10799104,18599936
05/27/2026 13:16:23,44,54,0,54,59,51,51,51,51,69,12.12,5.04,1.312,1.396,0.984,0.316,0.674,3.292,2.046,0,3.37600017,3.37200022,3.12000012,54,45,45,44.5,981,683,0,855,748,0,0,0,0,0,21.88,9.38,4.69,4.69,3.12,20.31,0,0,8.01,21.88,34.1263771,3702,336,4850,1133,48.5,1.13603187,0.64375,4850,314,48.5,0.494548857,0.64375,3093,146,32.3333321,0.269225061,0.64375,3013,105,32.3333321,0.213807777,0.64375,3048,196,32.3333321,0.331772745,0.64375,4850,667,48.5,0.977924943,0.64375,2986,71,32.3333321,0.192813665,0.64375,2927,58,32.3333321,0.161830291,0.64375,54.1250076,48.7500038,99.99749,25.4542351,11.4265289,69.01765,9.946239,4.93452454,66.83958,39.25,0.25,0,55,0,85,0.416,1.01,16,16,16,32,48,30,295,160,130,0,0,0,16,39,0.25,0,55,0,85,0.416,1.01,16,16,16,32,48,30,295,160,130,0,0,0,16,512,-1,485.785156,485.480469,0.3046875,0.5,7618.451,7618.951,0,0,0,0,0,0,0,0,0,0,0,0,512,600,1200,3000,52,0.969000041,1.30500007,0,5,16,37,2670,10451.9824,1000,999,30,30,6,3,1,1,19.418,20.37,0.975,11379.6016,390.8711,5.147662,0,0,0,0.00286721159,0,0.7114794,0.7127418,0,0,0,0,0,0,47.1875,44,16376,4695,11680,71.3272,52.478,8.699904E+07,249856
05/27/2026 13:16:25,44,54,0,54,59,51,51,51,51,69,12.144001,5.04,1.312,1.39200008,0.988000035,0.326,0.674,3.292,2.046,0,3.37600017,3.37600017,3.12000012,54,45,45,44.5,985,709,0,839,768,0,0,0,0,0,25,3.12,4.69,3.12,4.69,17.19,1.56,0,7.42,25,34.4426842,4243,380,5050,1219,50.5,1.23206234,0.53125,4040,394,40.4,0.648885131,0.53125,4038,182,40.4,0.3072007,0.53125,3938,119,40.4,0.259907424,0.53125,4003,239,40.4,0.391582251,0.53125,5050,739,50.5,1.07114327,0.53125,3936,86,40.4,0.211883038,0.53125,3886,66,40.4,0.1863401,0.53125,54.1250076,48.7500038,99.99748,25.4539146,11.4268494,69.01678,9.947613,4.93315125,66.8488,39.25,0.25,0,55,0,85,0.416,1.01,16,16,16,32,48,30,295,160,130,0,0,0,16,39,0.25,0,55,0,85,0.416,1.01,16,16,16,32,48,30,295,160,130,0,0,0,16,512,-1,485.785156,485.480469,0.3046875,0.5,7618.451,7618.951,0,0,0,0,0,0,0,0,0,0,0,0,512,600,1200,3000,52,0.969000041,1.30500007,0,2,15,37,2670,10451.9824,1001,1000,30,30,6,3,1,0,19.173,23.719,0.975,11379.6016,390.8711,5.46063471,0,0,0,0.002837747,0,0.752922237,0.754471,0,0,0,0,0,0,47.09375,44,16376,4695,11680,71.3272,53.318,99328,22949888
05/27/2026 13:16:27,43,54,0,53,58,50,50,50,50,68,12.144001,5.04,1.312,1.396,0.978000045,0.314,0.674,3.292,2.046,0,3.37600017,3.37200022,3.124,53,45,45,44.5,975,709,0,855,749,0,0,0,0,0,21.88,3.12,1.56,1.56,4.69,12.5,0,0,5.66,21.88,33.8693,3802,325,3940,1057,39.4,1.06821764,0.51875,3940,294,39.4,0.4930328,0.51875,3846,146,39.4,0.257863373,0.51875,3750,94,39.4,0.207119778,0.51875,3758,197,39.4,0.31087634,0.51875,4975,691,49.75,0.9799479,0.5375,3112,65,33.1666679,0.174569651,0.5375,3097,55,33.1666679,0.152578413,0.5375,53.8750076,59.3750038,99.99748,25.4507141,11.43005,69.0081,9.948212,4.93255234,66.85283,39.25,0.25,0,55,0,85,0.416,1.01,16,16,16,32,48,30,295,160,130,0,0,0,16,39,0.25,0,55,0,85,0.416,1.01,16,16,16,32,48,30,295,160,130,0,0,0,16,512,-1,485.785156,485.480469,0.3046875,0.5,7618.451,7618.951,0,0,0,0,0,0,0,0,0,0,0,0,512,600,1200,3000,52,0.965000033,1.30500007,0,0,15,37,2670,10451.9824,1000,999,30,30,6,3,1,0,18.696,22.919,0.975,11379.6016,390.8711,5.56262875,0,0,0,0.00312172621,0,0.718145669,0.7174916,0,0,0,0,0,0,47.03125,44,16376,4695,11680,71.3272,52.161,9.50999E+07,299008
05/27/2026 13:16:29,43,54,0,53,58,51,51,51,51,69,12.144001,5.04,1.312,1.39200008,0.98,0.314,0.674,3.292,2.046,0,3.37200022,3.37200022,3.12000012,54,45,45,44.5,971,708,0,841,749,0,0,0,0,0,20.63,11.11,3.17,4.76,7.94,17.46,4.76,1.59,8.93,20.63,33.8450241,3627,310,4850,1146,48.5,1.1354717,0.64375,3110,241,32.3333321,0.412749,0.64375,2989,126,32.3333321,0.2332226,0.64375,4485,95,48.5,0.192600653,0.64375,2998,164,32.3333321,0.289017558,0.64375,3233,590,32.3333321,0.9038659,0.64375,4468,65,48.5,0.16732268,0.64375,2886,55,32.3333321,0.1498955,0.64375,54.0000076,48.7500038,99.9975,25.4553566,11.4254074,69.02068,9.949455,4.93130875,66.86119,39.25,0.25,0,55,0,85,0.416,1.01,16,16,16,32,48,30,295,160,130,0,0,0,16,39,0.25,0,55,0,85,0.416,1.01,16,16,16,32,48,30,295,160,130,0,0,0,16,512,-1,485.785156,485.480469,0.3046875,0.5,7618.451,7618.951,0,0,0,0,0,0,0,0,0,0,0,0,512,600,1200,3000,52,0.950000048,1.30500007,0,3,15,37,2670,10451.9824,999,1000,30,30,6,3,1,0,19.147,23.394,0.975,11379.98,390.8711,5.57189274,0,0,0,0.00288625131,0,0.73998183,0.736820161,0,0,0,0,0,0,47.0625,44,16376,4695,11680,71.32949,51.722,49152,22949888
05/27/2026 13:16:31,44,54,0,53,58,51,51,51,51,69,12.144001,5.04,1.312,1.396,0.982000053,0.332000017,0.674,3.292,2.046,0,3.37600017,3.37200022,3.124,53,45,45,44.5,979,683,0,846,745,0,0,0,0,0,17.19,6.25,1.56,3.12,1.56,12.5,0,0,5.27,17.19,34.4178238,3526,301,3600,968,36,1.02925384,0.6375,3600,273,36,0.461854935,0.6375,3503,137,36,0.243173,0.6375,3513,103,36,0.19799827,0.6375,3525,187,36,0.320876539,0.6375,3600,629,36,0.937201858,0.6375,3439,60,36,0.165832043,0.6375,3425,51,36,0.150345728,0.6375,54.0000076,48.7500038,99.9975,25.4541435,11.4266205,69.017395,9.950268,4.930496,66.8666458,39.25,0.25,0,55,0,85,0.416,1.01,16,16,16,32,48,30,295,160,130,0,0,0,16,39,0.25,0,55,0,85,0.416,1.01,16,16,16,32,48,30,295,160,130,0,0,0,16,512,-1,485.785156,485.480469,0.3046875,0.5,7618.451,7618.951,0,0,0,0,0,0,0,0,0,0,0,0,512,600,1200,3000,52,0.965000033,1.30500007,0,0,15,37,2670,10451.9824,1001,998,30,30,6,3,1,0,19.459,20.436,0.975,11379.98,390.8711,5.40507936,0,0,0,0.002960586,0,0.720313549,0.713639855,0,0,0,0,0,0,47.09375,44,16376,4695,11680,71.32949,53.364,9.479987E+07,249856
05/27/2026 13:16:33,44,54,0,54,59,51,51,51,51,69,12.12,5.04,1.312,1.396,0.990000069,0.328,0.674,3.292,2.046,0,3.37600017,3.37200022,3.124,54,45,45,44.5,980,683,0,835,762,0,0,0,0,0,26.56,6.25,4.69,1.56,1.56,14.06,0,0,6.84,26.56,33.8801727,3623,318,4850,1056,48.5,1.0931505,0.64375,4712,279,48.5,0.4787292,0.64375,2982,126,32.3333321,0.245765448,0.64375,2893,83,32.3333321,0.195779264,0.64375,2974,169,32.3333321,0.309896082,0.64375,4850,723,48.5,0.977324665,0.64375,2863,59,32.3333321,0.177591369,0.64375,2858,49,32.3333321,0.156656981,0.64375,54.0000076,48.7500038,99.99749,25.4229813,11.4577827,68.9329,9.93433,4.946434,66.7595444,39.25,0.25,0,55,0,85,0.416,1.01,16,16,16,32,48,30,295,160,130,0,0,0,16,39,0.25,0,55,0,85,0.416,1.01,16,16,16,32,48,30,295,160,130,0,0,0,16,512,-1,485.785156,485.480469,0.3046875,0.5,7618.451,7618.951,0,0,0,0,0,0,0,0,0,0,0,0,512,600,1200,3000,52,0.969000041,1.30500007,0,1,15,37,2670,10451.9824,1000,1001,30,30,6,3,1,0,19.015,18.665,0.975,11379.98,390.8711,5.51517534,0,0,0,0.0030514414,0,0.7276838,0.7230716,0,0,0,0,0,0,47.09375,44,16376,4695,11680,71.32949,53.186,9.534976E+07,249856
05/27/2026 13:16:35,44,54,0,54,59,51,51,51,51,69,12.144001,5.04,1.312,1.39200008,0.992000043,0.322000027,0.674,3.292,2.046,0,3.37600017,3.37200022,3.124,54,45,45,44.5,985,709,0,841,747,0,0,0,0,0,17.19,6.15,0,0,0,9.23,0,0,4.07,17.19,33.6099167,3721,315,4850,1079,48.5,1.09534276,0.64375,4841,291,48.5,0.441271424,0.64375,3101,124,32.3333321,0.239152148,0.64375,3024,87,32.3333321,0.182513654,0.64375,3070,190,32.3333321,0.3038035,0.64375,4850,618,48.5,0.9482758,0.64375,3026,74,32.3333321,0.1737391,0.64375,3003,60,32.3333321,0.159373835,0.64375,54.1250076,48.7500038,99.99749,25.45325,11.4275131,69.01498,9.953083,4.927681,66.88556,39.25,0.25,0,55,0,85,0.416,1.01,16,16,16,32,48,30,295,160,130,0,0,0,16,39,0.25,0,55,0,85,0.416,1.01,16,16,16,32,48,30,295,160,130,0,0,0,16,512,-1,485.785156,485.480469,0.3046875,0.5,7618.451,7618.951,0,0,0,0,0,0,0,0,0,0,0,0,512,600,1200,3000,52,0.989,1.30500007,0,3,15,37,2670,10451.9824,1001,1000,30,30,6,3,1,0,18.762,17.723,0.975,11379.98,390.8711,5.57100868,0,0,0,0.0036477535,0,0.7331075,0.7278733,0,0,0,0,0,0,47.1875,44,16376,4695,11680,71.32949,51.691,9299968,2.044928E+07
05/27/2026 13:16:37,44,54,0,55,60,53,53,53,53,70,12.144001,5.04,1.312,1.396,0.982000053,0.328,0.674,3.292,2.046,0,3.37200022,3.37200022,3.12000012,57,45,45,44.5,978,709,0,859,769,0,0,0,0,0,30.16,4.69,3.12,1.56,3.12,14.29,1.56,1.56,7.51,30.16,36.85178,3947,436,4975,1557,49.75,1.62550616,0.5375,3980,388,39.8,0.6193076,0.5375,3763,137,39.8,0.273789525,0.5375,3820,106,39.8,0.222561479,0.5375,3837,234,39.8,0.412241578,0.5375,5000,938,50,1.29006875,0.525,3116,75,33.1666679,0.177445889,0.525,3086,55,33.1666679,0.149553,0.5375,58.0000076,55.6250038,99.99749,25.49165,11.3891144,69.1190948,9.989082,4.89168167,67.12749,39.25,0.25,0,55,0,85,0.416,1.01,16,16,16,32,48,30,295,160,130,0,0,0,16,39,0.25,0,55,0,85,0.416,1.01,16,16,16,32,48,30,295,160,130,0,0,0,16,512,-1,485.785156,485.480469,0.3046875,0.5,7618.451,7618.951,0,0,0,0,0,0,0,0,0,0,0,0,512,600,1200,3000,52,0.969000041,1.30500007,0,4,16,37,2670,10451.9824,1000,1000,30,30,6,3,1,0,19.221,19.492,0.975,11379.98,390.8711,5.54155,0,0,0,0.00297124917,0,0.7341495,0.7246736,0,0,0,0,0,0,47.03125,46,16376,4695,11680,71.32949,51.942,9.484902E+07,249856
05/27/2026 13:16:39,45,54,0,55,60,57,57,57,57,74,12.144001,5.04,1.312,1.396,0.986000061,0.314,0.674,3.292,2.046,0,3.37600017,3.37200022,3.124,57,45,45,44.5,1005,683,0,845,752,0,0,0,0,0,20.31,6.25,0,3.12,1.56,10.94,0,0,5.27,20.31,35.008625,4011,331,4040,1052,40.4,1.147987,0.55,3334,297,33.6666679,0.533611357,0.55,3165,136,33.6666679,0.2619152,0.55,3131,92,33.6666679,0.211759627,0.55,4552,178,48.5,0.33425498,0.5625,4850,744,48.5,0.99452126,0.5625,4481,73,48.5,0.188671187,0.5625,4533,76,48.5,0.178212062,0.5625,58.5000076,49.2500038,99.99748,25.47359,11.4071732,69.07013,9.983791,4.89697266,67.09193,39.25,0.25,0,55,0,85,0.416,1.01,16,16,16,32,48,30,295,160,130,0,0,0,16,39,0.25,0,55,0,85,0.416,1.01,16,16,16,32,48,30,295,160,130,0,0,0,16,512,-1,485.785156,485.480469,0.3046875,0.5,7618.451,7618.951,0,0,0,0,0,0,0,0,0,0,0,0,512,600,1200,3000,52,0.969000041,1.30500007,0,3,15,37,2670,10451.9824,999,999,30,30,6,3,1,0,19.387,20.024,0.975,11379.98,390.8711,5.443238,0,0,0,0.00273454632,0,0.71887964,0.710676,0,0,0,0,0,0,47.15625,44,16376,4695,11680,71.32949,53.686,9.469952E+07,349184
05/27/2026 13:16:41,46,54,0,56,61,55,55,55,55,72,12.144001,5.04,1.312,1.396,0.998,0.324,0.674,3.292,2.046,0,3.37600017,3.37600017,3.124,56,45,45,44.5,1036,683,0,858,784,0,0,0,0,0,15.87,1.59,1.59,0,3.12,9.38,1.56,0,4.14,15.87,33.9023361,4714,306,4850,1042,48.5,1.09673357,0.6625,4850,281,48.5,0.446055,0.6625,4670,130,48.5,0.253307819,0.6625,4634,94,48.5,0.217755035,0.6625,4670,170,48.5,0.287421942,0.6625,4850,610,48.5,0.910934746,0.6625,4649,74,48.5,0.1839776,0.6625,4541,51,48.5,0.1568883,0.6625,56.5000076,48.7500038,99.99749,25.47147,11.4092941,69.06438,9.982685,4.898079,67.08449,39.25,0.25,0,55,0,85,0.416,1.01,16,16,16,32,48,30,295,160,130,0,0,0,16,39,0.25,0,55,0,85,0.416,1.01,16,16,16,32,48,30,295,160,130,0,0,0,16,512,-1,485.785156,485.480469,0.3046875,0.5,7618.451,7618.951,0,0,0,0,0,0,0,0,0,0,0,0,512,600,1200,3000,52,0.974000037,1.30500007,0,6,16,37,2670,10451.9824,999,1000,30,30,6,3,1,0,18.809,17.941,0.975,11379.98,390.8711,5.44768429,0,0,0,0.00299046515,0,0.7375812,0.728338838,0,0,0,0,0,0,47.09375,46,16376,4695,11680,71.32949,52.422,9.409946E+07,249856
05/27/2026 13:16:43,47,54,0,56,62,54,54,54,54,71,12.144001,5.04,1.312,1.396,0.988000035,0.314,0.674,3.292,2.046,0,3.37600017,3.37200022,3.124,55,45,45,44.5,1049,683,0,886,777,0,0,0,0,0,13.85,6.15,3.08,1.54,3.08,10.77,1.54,0,5,13.85,34.1575546,3449,323,4850,1018,48.5,1.09904814,0.64375,3178,300,32.3333321,0.5108306,0.64375,2994,126,32.3333321,0.245438248,0.64375,2937,90,32.3333321,0.206798226,0.64375,3018,181,32.3333321,0.3239406,0.64375,4850,760,48.5,0.996445656,0.64375,2859,55,32.3333321,0.170538843,0.64375,2906,51,32.3333321,0.15054369,0.64375,55.7500076,49.2500038,99.99749,25.46915,11.4116135,69.05809,9.98082,4.89994431,67.07196,39.25,0.25,0,55,0,85,0.416,1.01,16,16,16,32,48,30,295,160,130,0,0,0,16,39,0.25,0,55,0,85,0.416,1.01,16,16,16,32,48,30,295,160,130,0,0,0,16,512,-1,485.785156,485.480469,0.3046875,0.5,7618.451,7618.951,0,0,0,0,0,0,0,0,0,0,0,0,512,600,1200,3000,52,0.965000033,1.30500007,0,2,15,37,2670,10451.9824,1000,1001,30,30,6,3,1,0,18.987,17.483,0.975,11379.98,390.8711,5.50873232,0,0,0,0.002740847,0,0.723513544,0.7255442,0,0,0,0,0,0,47.125,44,16376,4695,11680,71.32949,51.594,9.414963E+07,249856
05/27/2026 13:16:45,46,54,0,56,61,53,53,53,53,70,12.144001,5.04,1.312,1.396,0.984,0.316,0.674,3.292,2.046,0,3.37600017,3.37200022,3.124,55,45,45,44.5,1030,708,0,871,798,0,0,0,0,0,18.75,6.25,1.54,0,1.54,12.5,0,0,5.07,18.75,33.7703552,4247,296,4850,1020,48.5,1.06336844,0.64375,4850,266,48.5,0.467008054,0.65,3728,113,38.8,0.20885779,0.65,3699,76,38.8,0.1803387,0.65,4665,166,48.5,0.278692663,0.65,4850,625,48.5,0.90862304,0.65,3674,58,38.8,0.151188225,0.65,3658,48,38.8,0.135126978,0.65,55.1250076,48.7500038,99.99749,25.4394379,11.4413261,68.97752,9.955116,4.92564774,66.89923,39.25,0.25,0,55,0,85,0.416,1.01,16,16,16,32,48,30,295,160,130,0,0,0,16,39,0.25,0,55,0,85,0.416,1.01,16,16,16,32,48,30,295,160,130,0,0,0,16,512,-1,485.785156,485.480469,0.3046875,0.5,7618.451,7618.951,0,0,0,0,0,0,0,0,0,0,0,0,512,600,1200,3000,52,0.849000037,1.30500007,0,1,15,37,2670,10451.9824,1000,999,30,30,6,3,1,0,19.546,20.447,0.975,11379.98,390.8711,5.491171,0,0,0,0.00372392242,0,0.7368825,0.7314227,0,0,0,0,0,0,47.09375,44,16376,4695,11680,71.32949,53.05,9.284915E+07,249856
05/27/2026 13:16:47,45,54,0,55,60,52,52,52,52,69,12.144001,5.04,1.312,1.396,0.994,0.320000023,0.674,3.292,2.046,0,3.37600017,3.37600017,3.124,54,45,45,44.5,1013,709,0,879,775,0,0,0,0,0,15.87,4.76,0,3.17,1.59,11.11,0,1.59,4.76,15.87,34.5729065,3874,317,4850,1116,48.5,1.14966238,0.64375,3880,291,38.8,0.49232024,0.64375,3763,138,38.8,0.2585139,0.64375,3688,98,38.8,0.210196957,0.64375,3722,188,38.8,0.302163839,0.64375,3880,592,38.8,0.916649044,0.64375,3612,63,38.8,0.176887557,0.64375,3595,53,38.8,0.159760058,0.64375,55.0000076,49.2500038,99.99748,25.4686089,11.4121552,69.05662,9.979229,4.901535,67.061264,39.25,0.25,0,55,0,85,0.416,1.01,16,16,16,32,48,30,295,160,130,0,0,0,16,39,0.25,0,55,0,85,0.416,1.01,16,16,16,32,48,30,295,160,130,0,0,0,16,512,-1,485.785156,485.480469,0.3046875,0.5,7618.451,7618.951,0,0,0,0,0,0,0,0,0,0,0,0,512,600,1200,3000,52,0.955000043,1.30500007,0,1,15,37,2670,10451.9824,999,999,30,30,6,3,1,0,19.226,19.323,0.975,11379.98,390.8711,5.42369843,0,0,0,0.002820046,0,0.722681761,0.7192717,0,0,0,0,0,0,46.96875,44,16376,4695,11680,71.32949,53.703,9.289933E+07,899072
05/27/2026 13:16:49,44,54,0,54,59,51,51,51,51,69,12.144001,5.04,1.312,1.39200008,0.990000069,0.316,0.674,3.292,2.046,0,3.37600017,3.37600017,3.124,54,45,45,44.5,986,683,0,857,768,0,0,0,0,0,14.06,4.69,3.08,1.54,4.62,12.5,0,0,5.06,14.06,33.7287178,4005,310,4850,1066,48.5,1.11488867,0.6375,4743,271,48.5,0.436884135,0.6375,3620,127,38.8,0.237502187,0.6375,3494,88,38.8,0.194174081,0.6375,3618,183,38.8,0.306324542,0.6375,4850,639,48.5,0.91590035,0.6375,3474,64,38.8,0.17406936,0.6375,3391,43,38.8,0.148014978,0.6375,54.5000076,48.7500038,99.99749,25.4678535,11.41291,69.05457,9.978569,4.902195,67.05684,39.25,0.25,0,55,0,85,0.416,1.01,16,16,16,32,48,30,295,160,130,0,0,0,16,39,0.25,0,55,0,85,0.416,1.01,16,16,16,32,48,30,295,160,130,0,0,0,16,512,-1,485.785156,485.480469,0.3046875,0.5,7618.451,7618.951,0,0,0,0,0,0,0,0,0,0,0,0,512,600,1200,3000,52,0.974000037,1.30500007,0,5,16,37,2670,10451.9824,1000,1001,30,30,6,3,1,0,18.841,16.888,0.975,11379.98,390.8711,5.43110943,0,0,0,0.00239979778,0,0.726047933,0.7131465,0,0,0,0,0,0,47.15625,44,16376,4695,11680,71.32949,52.205,9.269965E+07,299008
05/27/2026 13:16:51,44,54,0,54,59,51,51,51,51,69,12.144001,5.04,1.312,1.396,0.982000053,0.318000019,0.674,3.292,2.046,0,3.37600017,3.37600017,3.124,54,45,45,44.5,986,683,0,842,773,0,0,0,0,0,18.75,4.69,1.56,0,4.69,15.62,0,1.56,5.86,18.75,34.140976,3641,310,4850,1032,48.5,1.08262062,0.625,4765,288,48.5,0.448917061,0.625,3005,119,32.3333321,0.239219859,0.625,2936,91,32.3333321,0.197280422,0.625,3003,182,32.3333321,0.306486458,0.625,4850,662,48.5,0.959224,0.625,2863,58,32.3333321,0.171552211,0.625,2856,52,32.3333321,0.1551713,0.625,54.3750076,48.7500038,99.99748,25.4397278,11.4410362,68.97831,9.954735,4.926029,66.89667,39.25,0.25,0,55,0,85,0.416,1.01,16,16,16,32,48,30,295,160,130,0,0,0,16,39,0.25,0,55,0,85,0.416,1.01,16,16,16,32,48,30,295,160,130,0,0,0,16,512,-1,485.785156,485.480469,0.3046875,0.5,7618.451,7618.951,0,0,0,0,0,0,0,0,0,0,0,0,512,600,1200,3000,52,0.969000041,1.30500007,0,2,15,37,2670,10451.9824,1001,998,30,30,6,3,1,0,19.062,19.109,0.975,11379.98,390.8711,5.476163,0,0,0,0.002879495,0,0.730947137,0.724834561,0,0,0,0,0,0,47.0625,44,16376,4695,11680,71.32949,51.57,9.144934E+07,2349056
05/27/2026 13:16:53,44,54,0,54,59,51,51,51,51,69,12.144001,5.04,1.312,1.396,0.98,0.324,0.674,3.288,2.046,0,3.37600017,3.37200022,3.124,54,45,45,44.5,980,683,0,843,768,0,0,0,0,0,9.38,1.56,4.62,1.54,0,15.62,3.08,4.62,5.05,15.62,33.46192,4051,284,4850,789,48.5,0.971009,0.64375,4710,244,48.5,0.425409555,0.64375,4549,121,48.5,0.212802708,0.64375,2979,71,32.3333321,0.172502026,0.64375,4559,156,48.5,0.268244416,0.64375,4850,781,48.5,0.955646157,0.64375,2971,56,32.3333321,0.1468753,0.64375,2937,57,32.3333321,0.137625024,0.64375,54.2500076,48.7500038,99.99749,25.4682617,11.4125023,69.05568,9.980289,4.90047455,67.06839,39.25,0.25,0,55,0,85,0.416,1.01,16,16,16,32,48,30,295,160,130,0,0,0,16,39,0.25,0,55,0,85,0.416,1.01,16,16,16,32,48,30,295,160,130,0,0,0,16,512,-1,485.785156,485.480469,0.3046875,0.5,7618.451,7618.951,0,0,0,0,0,0,0,0,0,0,0,0,512,600,1200,3000,52,0.950000048,1.30500007,0,3,15,37,2670,10451.9824,1001,1001,30,30,6,3,1,0,19.641,22.638,0.975,11379.98,390.8711,5.484226,0,0,0,0.00348263117,0,0.734324157,0.7271507,0,0,0,0,0,0,47.0625,44,16376,4695,11680,71.32949,54.115,6649856,19299328
05/27/2026 13:16:55,44,54,0,54,59,51,51,51,51,69,12.144001,5.04,1.312,1.396,0.988000035,0.316,0.674,3.292,2.046,0,3.37600017,3.37200022,3.124,54,45,45,44.5,986,709,0,857,750,0,0,0,0,0,17.19,4.69,0,0,3.12,18.75,3.12,7.81,6.84,18.75,34.75034,3797,398,4040,933,40.4,1.10427523,0.49375,4040,370,40.4,0.583176,0.49375,3249,127,33.6666679,0.2599907,0.525,3327,129,33.6666679,0.238114789,0.525,3265,180,33.6666679,0.347917438,0.525,4040,861,40.4,1.07846141,0.525,3367,237,33.6666679,0.312841177,0.525,5050,351,50.5,0.4003121,0.5125,54.1250076,49.7500038,99.9974747,25.43972,11.4410439,68.97829,9.932716,4.94804764,66.7487,39.25,0.25,0,55,0,85,0.416,1.01,16,16,16,32,48,30,295,160,130,0,0,0,16,39,0.25,0,55,0,85,0.416,1.01,16,16,16,32,48,30,295,160,130,0,0,0,16,512,-1,485.785156,485.480469,0.3046875,0.5,7618.451,7618.951,0,0,0,0,0,0,0,0,0,0,0,0,512,600,1200,3000,52,0.965000033,1.30500007,0,2,16,37,2670,10451.9824,1001,1001,30,30,6,3,1,0,19.185,18.641,0.975,11379.98,390.8711,5.39235,0,0,0,0.00300034764,0,0.723809063,0.71428144,0,0,0,0,0,0,47.09375,44,16376,4695,11680,71.32949,53.629,9.18999E+07,0
05/27/2026 13:16:57,44,54,0,54,59,51,51,51,51,69,12.144001,5.04,1.312,1.396,0.972000062,0.318000019,0.674,3.292,2.046,0,3.37600017,3.37600017,3.124,54,45,45,44.5,992,709,0,839,768,0,0,0,0,0,10.77,3.08,1.54,0,1.54,12.31,0,0,3.65,12.31,33.92659,4364,315,4850,900,48.5,1.041386,0.6375,4850,302,48.5,0.512418,0.6375,4681,127,48.5,0.255037636,0.6375,3708,78,38.8,0.198194355,0.6375,4639,176,48.5,0.321187556,0.6375,4850,813,48.5,1.006988,0.6375,3685,69,38.8,0.18496494,0.6375,3647,54,38.8,0.1590145,0.64375,54.1250076,48.7500038,99.99748,25.445816,11.434948,68.99482,9.953331,4.927433,66.88724,39.25,0.25,0,55,0,85,0.416,1.01,16,16,16,32,48,30,295,160,130,0,0,0,16,39,0.25,0,55,0,85,0.416,1.01,16,16,16,32,48,30,295,160,130,0,0,0,16,512,-1,485.785156,485.480469,0.3046875,0.5,7618.451,7618.951,0,0,0,0,0,0,0,0,0,0,0,0,512,600,1200,3000,52,0.984,1.30500007,0,4,15,37,2670,10451.9824,1000,1000,30,30,6,3,1,0,18.983,17.467,0.975,11379.98,390.8711,5.50507069,0,0,0,0.00213185372,0,0.746247947,0.735241652,0,0,0,0,0,0,47.125,44,16376,4695,11680,71.32949,51.947,9.159987E+07,249856
05/27/2026 13:16:59,44,54,0,54,59,51,51,51,51,69,12.144001,5.04,1.312,1.396,0.966,0.326,0.676000059,3.292,2.046,0,3.37200022,3.37200022,3.124,54,45,45,44.5,976,683,0,844,768,0,0,0,0,0,18.75,7.81,0,3.12,1.56,14.06,1.56,0,5.86,18.75,33.97668,4122,282,4850,782,48.5,0.9489998,0.6375,4842,275,48.5,0.410545617,0.6375,3778,120,38.8,0.227140293,0.6375,3686,72,38.8,0.168068647,0.6375,3740,172,38.8,0.276601374,0.6375,4850,729,48.5,0.9167944,0.6375,3659,64,38.8,0.154558167,0.6375,3568,46,38.8,0.139670312,0.6375,54.0000076,48.7500038,99.9975,25.443512,11.437252,68.98857,9.953384,4.92737961,66.88759,39.25,0.25,0,55,0,85,0.416,1.01,16,16,16,32,48,30,295,160,130,0,0,0,16,39,0.25,0,55,0,85,0.416,1.01,16,16,16,32,48,30,295,160,130,0,0,0,16,512,-1,485.785156,485.480469,0.3046875,0.5,7618.451,7618.951,0,0,0,0,0,0,0,0,0,0,0,0,512,600,1200,3000,52,0.960000038,1.30500007,0,0,15,37,2670,10451.9824,999,999,30,30,6,3,1,0,19.433,20.091,0.975,11379.98,390.8711,5.611319,0,0,0,0.00242401869,0,0.752297759,0.7401371,0,0,0,0,0,0,47.0625,44,16376,4695,11680,71.32949,52.614,9.434931E+07,299008
05/27/2026 13:17:01,44,54,0,54,59,51,51,51,51,69,12.144001,5.04,1.312,1.396,0.9760001,0.326,0.674,3.292,2.046,0,3.37600017,3.37600017,3.124,53,45,45,44.5,983,683,0,843,768,0,0,0,0,0,15.87,6.35,0,3.17,1.59,15.87,0,0,5.36,15.87,34.1761932,3875,321,4850,864,48.5,1.01399469,0.68125,3188,295,32.3333321,0.500424445,0.6625,3090,141,32.3333321,0.254782051,0.6625,3034,92,32.3333321,0.193577081,0.6625,3034,177,32.3333321,0.314616054,0.6625,4850,883,48.5,1.04042351,0.6625,4497,66,48.5,0.174512416,0.65625,4455,50,48.5,0.146902308,0.65625,54.0000076,48.7500038,99.99749,25.446476,11.434288,68.9966049,9.953678,4.927086,66.8895645,39.25,0.25,0,55,0,85,0.416,1.01,16,16,16,32,48,30,295,160,130,0,0,0,16,39,0.25,0,55,0,85,0.416,1.01,16,16,16,32,48,30,295,160,130,0,0,0,16,512,-1,485.785156,485.480469,0.3046875,0.5,7618.451,7618.951,0,0,0,0,0,0,0,0,0,0,0,0,512,600,1200,3000,52,0.820000052,1.30500007,0,0,15,37,2670,10451.9824,1001,999,30,30,6,3,1,0,19.368,20.53,0.975,11379.98,391.101563,5.49664736,0,0,0,0.00299628638,0,0.7335309,0.722814143,0,0,0.0102173369,0,0,0,47.09375,44,16376,4695,11680,71.32949,53.858,8.309965E+07,299008
05/27/2026 13:17:03,43,54,0,53,58,49,49,49,49,67,12.144001,5.04,1.312,1.396,0.984,0.328,0.674,3.292,2.046,0,3.37600017,3.37200022,3.124,53,45,45,44.5,968,709,0,846,742,0,0,0,0,0,20.63,4.76,3.12,1.56,1.59,20.63,1.56,0,6.73,20.63,34.0352478,3830,339,4850,923,48.5,1.11210954,0.65,4716,321,48.5,0.5687247,0.65,2939,115,32.3333321,0.22357133,0.65,2920,69,32.3333321,0.175703809,0.65,4523,189,48.5,0.3348883,0.65,4850,997,48.5,1.1805532,0.65,2976,56,32.3333321,0.161551,0.64375,2870,41,32.3333321,0.131032571,0.64375,53.8750076,48.7500038,99.99749,25.4750443,11.40572,69.0740662,9.9634285,4.91733551,66.9550858,39.25,0.25,0,55,0,85,0.416,1.01,16,16,16,32,48,30,295,160,130,0,0,0,16,39,0.25,0,55,0,85,0.416,1.01,16,16,16,32,48,30,295,160,130,0,0,0,16,512,-1,485.785156,485.480469,0.3046875,0.5,7618.451,7618.951,0,0,0,0,0,0,0,0,0,0,0,0,512,600,1200,3000,52,0.955000043,1.30500007,0,1,16,37,2670,10451.9824,1000,999,30,30,6,3,1,0,18.967,18.282,0.975,11380.4023,391.101563,6.07697439,0,0,0,0.00451493,0,0.759765148,0.7477488,0,0,0,0,0,0,47.15625,44,16376,4694,11681,71.33208,53.216,9.82999E+07,299008
05/27/2026 13:17:05,43,54,0,53,58,51,51,51,51,69,12.12,5.04,1.31000006,1.39200008,0.984,0.322000027,0.676000059,3.288,2.046,0,3.37200022,3.37200022,3.12000012,54,45,45,44.5,967,709,0,841,733,0,0,0,0,0,14.06,4.69,4.62,3.08,4.69,18.75,1.54,0,6.43,18.75,33.8067627,4090,310,4850,849,48.5,0.9990284,0.6375,3845,281,38.8,0.429007947,0.6375,4557,127,48.5,0.247153446,0.6375,3739,98,38.8,0.214912057,0.6375,3640,158,38.8,0.297947645,0.6375,4850,837,48.5,1.00152588,0.6375,3597,68,38.8,0.173757389,0.6375,3646,62,38.8,0.158808574,0.6375,54.2500076,49.2500038,99.99749,25.4455986,11.4351654,68.9942245,9.953312,4.927452,66.8871,39.25,0.25,0,55,0,85,0.416,1.01,16,16,16,32,48,30,295,160,130,0,0,0,16,39,0.25,0,55,0,85,0.416,1.01,16,16,16,32,48,30,295,160,130,0,0,0,16,512,-1,485.785156,485.480469,0.3046875,0.5,7618.451,7618.951,0,0,0,0,0,0,0,0,0,0,0,0,512,600,1200,3000,52,0.989,1.30500007,0,2,15,37,2670,10451.9824,1000,1000,30,30,6,3,1,0,18.306,17.441,0.975,11380.4023,391.101563,5.84065676,0,0,0,0.00400798535,0,0.7214969,0.7164274,0,0,0,0,0,0,47.0625,44,16376,4694,11681,71.33208,52.197,8.564941E+07,3449856
05/27/2026 13:17:07,44,54,0,54,58,51,51,51,51,69,12.144001,5.04,1.31000006,1.396,0.984,0.314,0.674,3.292,2.046,0,3.37200022,3.37200022,3.12000012,54,45,45,44.5,989,709,0,846,732,0,0,0,0,0,15.87,4.76,0,1.59,3.17,12.7,1.59,1.59,5.16,15.87,34.5169678,4126,326,4850,822,48.5,1.01434541,0.625,4850,342,48.5,0.5848311,0.625,4696,135,48.5,0.269240052,0.625,3039,88,32.3333321,0.20720619,0.625,4661,173,48.5,0.3271997,0.625,4850,923,48.5,1.10423076,0.625,3032,67,32.3333321,0.17984198,0.625,3027,57,32.3333321,0.165324748,0.625,54.3750076,49.2500038,99.9975,25.4757843,11.40498,69.07608,9.9688,4.91196442,66.99118,39.25,0.25,0,55,0,85,0.416,1.01,16,16,16,32,48,30,295,160,130,0,0,0,16,39,0.25,0,55,0,85,0.416,1.01,16,16,16,32,48,30,295,160,130,0,0,0,16,512,-1,485.785156,485.480469,0.3046875,0.5,7618.451,7618.951,0,0,0,0,0,0,0,0,0,0,0,0,512,600,1200,3000,52,0.955000043,1.30500007,0,4,15,37,2670,10451.9824,1001,999,30,30,6,3,1,0,18.853,20.35,0.975,11380.2539,285.1211,5.69962358,0,0,0,0.00153530727,0,0.7000285,0.6909497,0,0,0,0,0,0,47.0625,44,16376,4694,11681,71.3343658,53.107,8.379904E+07,1199104
05/27/2026 13:17:09,44,54,0,54,59,51,51,51,51,69,12.144001,5.04,1.312,1.396,0.98,0.316,0.674,3.292,2.046,0,3.37200022,3.37200022,3.12000012,54,45,45,44.5,980,683,0,850,754,0,0,0,0,0,10.94,4.69,0,1.56,4.69,12.5,1.56,0,4.49,12.5,34.1122742,3839,287,4850,763,48.5,0.941936851,0.6375,3781,242,38.8,0.39593485,0.6375,3771,151,38.8,0.234009489,0.6375,3641,85,38.8,0.1822471,0.6375,3673,169,38.8,0.271213263,0.6375,3880,770,38.8,0.9525126,0.6375,3615,69,38.8,0.1626495,0.6375,3504,50,38.8,0.139612138,0.6375,54.1250076,49.2500038,99.99748,25.4464378,11.4343262,68.9965057,9.953167,4.927597,66.88612,39.25,0.25,0,55,0,85,0.416,1.01,16,16,16,32,48,30,295,160,130,0,0,0,16,39,0.25,0,55,0,85,0.416,1.01,16,16,16,32,48,30,295,160,130,0,0,0,16,512,-1,485.785156,485.480469,0.3046875,0.5,7618.451,7618.951,0,0,0,0,0,0,0,0,0,0,0,0,512,600,1200,3000,52,0.955000043,1.30500007,0,3,16,37,2670,10451.9824,999,1001,30,30,6,3,1,0,18.683,19.541,0.975,11380.2539,285.1211,5.827913,0,0,0,0.00302852574,0,0.7311118,0.7134652,0,0,0,0,0,0,47.0625,44,16376,4694,11681,71.3343658,53.917,899072,21699584
05/27/2026 13:17:11,44,54,0,54,59,51,51,51,51,69,12.144001,5.04,1.312,1.39200008,0.982000053,0.318000019,0.674,3.288,2.046,0,3.37200022,3.37200022,3.124,54,45,45,44.5,986,683,0,842,746,0,0,0,0,0,26.56,3.12,3.12,0,1.56,21.88,0,0,7.03,26.56,34.08324,3873,343,4850,1019,48.5,1.15008366,0.65,4040,351,40.4,0.597225666,0.65,3816,131,40.4,0.243553713,0.64375,3167,84,33.6666679,0.192854285,0.64375,3823,168,40.4,0.3357496,0.64375,5050,885,50.5,1.07317626,0.55,3151,63,33.6666679,0.163328767,0.54375,3089,44,33.6666679,0.142873108,0.54375,54.0000076,49.2500038,99.99748,25.4764023,11.4043617,69.07775,9.971516,4.90924835,67.00943,39.25,0.25,0,55,0,85,0.416,1.01,16,16,16,32,48,30,295,160,130,0,0,0,16,39,0.25,0,55,0,85,0.416,1.01,16,16,16,32,48,30,295,160,130,0,0,0,16,512,-1,485.785156,485.480469,0.3046875,0.5,7618.451,7618.951,0,0,0,0,0,0,0,0,0,0,0,0,512,600,1200,3000,52,1.04000008,1.30500007,0,16,16,37,2670,10451.9824,1000,1001,30,30,6,3,1,0,18.18,23.414,0.975,11380.2539,285.1211,5.86737537,0,0,0,0.00306100585,0,0.81733793,0.7997421,0,0,0,0,0,0,47.09375,44,16376,4694,11681,71.3343658,52.194,899072,20749312
05/27/2026 13:17:13,44,54,0,54,59,51,51,51,51,69,12.144001,5.04,1.312,1.396,0.978000045,0.314,0.674,3.292,2.046,0,3.37200022,3.37200022,3.12000012,54,45,45,44.5,980,708,0,858,748,0,0,0,0,0,18.75,3.12,1.56,1.56,0,12.7,1.56,1.56,5.1,18.75,33.6483231,4376,301,4850,862,48.5,1.03196228,0.55,4850,304,48.5,0.478955477,0.55,4579,101,48.5,0.2072705,0.55,3633,83,38.8,0.18245922,0.55,4544,148,48.5,0.281214833,0.55,5050,806,50.5,0.9835947,0.56875,3725,51,40.4,0.14682202,0.5375,3779,50,40.4,0.127844289,0.5375,54.0000076,48.7500038,99.99748,25.443943,11.436821,68.98974,9.95113,4.929634,66.87244,39.25,0.25,0,55,0,85,0.416,1.01,16,16,16,32,48,30,295,160,130,0,0,0,16,39,0.25,0,55,0,85,0.416,1.01,16,16,16,32,48,30,295,160,130,0,0,0,16,512,-1,485.785156,485.480469,0.3046875,0.5,7618.451,7618.951,0,0,0,0,0,0,0,0,0,0,0,0,512,600,1200,3000,53,0.965000033,1.30500007,0,12,16,37,2670,10451.9824,999,1001,30,30,5,3,1,0,18.472,23.254,0.975,11380.2539,285.1211,4.765275,0,0,0,0.0038196235,0,0.7729862,0.747671,0,0,0,0,0,0,47.125,44,16376,4694,11681,71.3343658,52.097,849920,1.854976E+07
05/27/2026 13:17:15,44,54,0,54,59,51,51,51,51,69,12.144001,5.04,1.312,1.396,0.988000035,0.320000023,0.674,3.292,2.046,0,3.37200022,3.37200022,3.124,54,45,45,44.5,978,709,0,856,768,0,0,0,0,0,21.88,7.81,3.12,3.12,4.69,18.75,0,0,7.42,21.88,33.9561768,3705,324,4850,857,48.5,1.02784824,0.64375,4850,318,48.5,0.527462065,0.64375,3062,130,32.3333321,0.250626057,0.64375,3016,82,32.3333321,0.199736968,0.64375,3052,179,32.3333321,0.321493477,0.64375,4850,917,48.5,1.0627948,0.64375,2995,63,32.3333321,0.169661224,0.64375,2963,44,32.3333321,0.1428018,0.64375,54.0000076,48.7500038,99.9975,25.4481773,11.4325867,69.00122,9.951969,4.928795,66.87808,39.25,0.25,0,55,0,85,0.416,1.01,16,16,16,32,48,30,295,160,130,0,0,0,16,39,0.25,0,55,0,85,0.416,1.01,16,16,16,32,48,30,295,160,130,0,0,0,16,512,-1,485.785156,485.480469,0.3046875,0.5,7618.451,7618.951,0,0,0,0,0,0,0,0,0,0,0,0,512,600,1200,3000,52,0.974000037,1.30500007,0,2,16,37,2670,10451.9824,1000,1000,30,30,5,3,1,0,18.589,23.939,0.975,11380.6328,285.1211,4.57382059,0,0,0,0.00149906543,0,0.74658525,0.7312907,0,0,0.0193359181,0,0,0,47.125,44,16376,4693,11682,71.3366547,53.808,7.55497E+07,649216
05/27/2026 13:17:17,44,54,0,54,59,51,51,51,51,69,12.144001,5.04,1.312,1.396,0.972000062,0.320000023,0.676000059,3.292,2.046,0,3.37200022,3.37200022,3.124,54,45,45,44.5,991,709,0,843,748,0,0,0,0,0,16.92,7.69,3.08,3.08,1.54,15.38,1.54,1.54,6.35,16.92,34.55958,4063,290,4850,781,48.5,0.95101583,0.65,4762,251,48.5,0.435584,0.65,4549,113,48.5,0.219827712,0.65,2980,80,32.3333321,0.1823198,0.65,4598,168,48.5,0.294813722,0.65,4850,825,48.5,0.981633663,0.65,2973,56,32.3333321,0.1546549,0.65,2941,44,32.3333321,0.1327318,0.65,54.1250076,49.2500038,99.99749,25.4743118,11.4064522,69.07208,9.972771,4.90799332,67.01787,39.25,0.25,0,55,0,85,0.416,1.01,16,16,16,32,48,30,295,160,130,0,0,0,16,39,0.25,0,55,0,85,0.416,1.01,16,16,16,32,48,30,295,160,130,0,0,0,16,512,-1,485.785156,485.480469,0.3046875,0.5,7618.451,7618.951,0,0,0,0,0,0,0,0,0,0,0,0,512,600,1200,3000,52,0.965000033,1.30500007,0,2,16,37,2670,10451.9824,1000,1000,30,30,5,3,1,0,19.243,18.714,0.975,11380.6328,284.890625,4.59220028,0,0,0,0.002884726,0,0.7157739,0.70549643,0,0,0.00491870241,0,0,0,47.125,44,16376,4693,11682,71.3366547,53.243,7.579955E+07,299008
05/27/2026 13:17:19,44,54,0,54,59,51,51,51,51,69,12.144001,5.04,1.312,1.396,0.984,0.320000023,0.674,3.292,2.046,0,3.37600017,3.37200022,3.124,54,45,45,44.5,979,684,0,838,768,0,0,0,0,0,18.75,7.81,1.59,0,3.12,18.75,1.59,0,6.45,18.75,33.705616,3762,308,4040,816,40.4,1.01611519,0.5375,3868,289,40.4,0.439336479,0.5375,3814,147,40.4,0.247030854,0.5375,3683,79,40.4,0.192029387,0.5375,3690,163,40.4,0.304150134,0.5375,5050,874,50.5,1.03211355,0.55625,2985,50,33.6666679,0.161796749,0.55,2965,49,33.6666679,0.133749351,0.55,54.1250076,48.7500038,99.99748,25.4416847,11.4390793,68.98361,9.950222,4.930542,66.86633,39.25,0.25,0,55,0,85,0.416,1.01,16,16,16,32,48,30,295,160,130,0,0,0,16,39,0.25,0,55,0,85,0.416,1.01,16,16,16,32,48,30,295,160,130,0,0,0,16,512,-1,485.785156,485.480469,0.3046875,0.5,7618.451,7618.951,0,0,0,0,0,0,0,0,0,0,0,0,512,600,1200,3000,52,1.05000007,1.30500007,0,15,16,37,2670,10451.9824,1000,1002,30,30,5,3,1,0,18.872,17.458,0.975,11380.6328,284.890625,4.67779255,0,0,0,0.00209102966,0,0.7272203,0.7176912,0,0,0,0,0,0,47.0625,46,16376,4693,11682,71.3366547,51.818,7.579955E+07,249856
05/27/2026 13:17:21,44,54,0,54,59,51,51,51,51,69,12.144001,5.04,1.312,1.396,0.974000037,0.326,0.674,3.292,2.046,0,3.37600017,3.37200022,3.124,54,45,45,44.5,991,684,0,840,767,0,0,0,0,0,16.92,7.69,0,0,1.54,12.31,1.54,0,5,16.92,34.183567,4044,298,4850,810,48.5,0.9835843,0.63125,3880,281,38.8,0.490860283,0.63125,3763,110,38.8,0.218799621,0.63125,3793,92,38.8,0.196112677,0.63125,3798,183,38.8,0.302330226,0.63125,4850,810,48.5,0.9912521,0.63125,3711,53,38.8,0.154347375,0.63125,3706,42,38.8,0.133776858,0.63125,54.0000076,49.2500038,99.99749,25.47332,11.407444,69.0694,9.974087,4.90667725,67.02671,39.25,0.25,0,55,0,85,0.416,1.01,16,16,16,32,48,30,295,160,130,0,0,0,16,39,0.25,0,55,0,85,0.416,1.01,16,16,16,32,48,30,295,160,130,0,0,0,16,512,-1,485.785156,485.480469,0.3046875,0.5,7618.451,7618.951,0,0,0,0,0,0,0,0,0,0,0,0,512,600,1200,3000,52,0.974000037,1.30500007,0,2,15,37,2670,10451.9824,1001,999,30,30,5,3,1,0,19.265,19.477,0.975,11380.6328,284.890625,4.471161,0,0,0,0.00285386667,0,0.7305001,0.7187154,0,0,0,0,0,0,47.03125,44,16376,4693,11682,71.3366547,52.658,7.654912E+07,249856
05/27/2026 13:17:23,44,54,0,54,59,51,51,51,51,69,12.144001,5.04,1.312,1.396,0.978000045,0.316,0.674,3.292,2.046,0,3.37600017,3.37200022,3.124,54,45,45,44.5,980,709,0,858,768,0,0,0,0,0,17.46,7.94,1.59,0,4.76,17.46,0,1.56,6.35,17.46,34.0751457,4110,308,4850,824,48.5,1.00621784,0.575,4850,321,48.5,0.493555427,0.575,3682,122,38.8,0.2326345,0.575,3620,82,38.8,0.189900935,0.575,3719,173,38.8,0.311774164,0.575,4850,827,48.5,0.9852251,0.575,3631,61,38.8,0.16954717,0.575,3675,56,38.8,0.147011533,0.575,54.1250076,49.2500038,99.9975,25.4738388,11.4069252,69.0708,9.974686,4.90607834,67.03073,39.25,0.25,0,55,0,85,0.416,1.01,16,16,16,32,48,30,295,160,130,0,0,0,16,39,0.25,0,55,0,85,0.416,1.01,16,16,16,32,48,30,295,160,130,0,0,0,16,512,-1,485.785156,485.480469,0.3046875,0.5,7618.451,7618.951,0,0,0,0,0,0,0,0,0,0,0,0,512,600,1200,3000,52,0.969000041,1.30500007,0,2,15,37,2670,10451.9824,1000,1001,30,30,5,3,1,0,18.375,24.109,0.975,11380.6328,284.890625,4.62095928,0,0,0,0.00225770473,0,0.748189032,0.73754406,0,0,0,0,0,0,47.0625,46,16376,4693,11682,71.3366547,53.928,899072,18499584
05/27/2026 13:17:25,44,54,0,54,59,51,51,51,51,69,12.144001,5.04,1.312,1.396,0.982000053,0.318000019,0.676000059,3.292,2.046,0,3.37600017,3.37200022,3.124,54,45,45,44.5,979,708,0,840,749,0,0,0,0,0,12.5,3.12,1.56,1.56,1.56,20.31,0,0,5.08,20.31,34.2099838,3337,276,3600,790,36,0.9748338,0.65625,3460,237,36,0.39504528,0.65625,3411,124,36,0.214999989,0.65625,3276,58,36,0.154018119,0.65625,3300,152,36,0.254833817,0.65625,3600,775,36,0.9323564,0.65625,3045,42,33.6666679,0.136540115,0.6625,3004,33,33.6666679,0.114476189,0.6375,54.0000076,48.7500038,99.99749,25.4435158,11.4372482,68.98858,9.95335,4.927414,66.88736,39.25,0.25,0,55,0,85,0.416,1.01,16,16,16,32,48,30,295,160,130,0,0,0,16,39,0.25,0,55,0,85,0.416,1.01,16,16,16,32,48,30,295,160,130,0,0,0,16,512,-1,485.785156,485.480469,0.3046875,0.5,7618.451,7618.951,0,0,0,0,0,0,0,0,0,0,0,0,512,600,1200,3000,52,1.06000006,1.30500007,0,16,16,37,2670,10451.9824,1001,1001,30,30,5,3,1,0,19.053,17.855,0.975,11380.6328,284.890625,4.423298,0,0,0,0.00359631376,0,0.7312768,0.7128605,0,0,0,0,0,0,47.09375,44,16376,4693,11682,71.3366547,52.891,7.654912E+07,249856
05/27/2026 13:17:27,44,54,0,54,59,51,51,51,51,69,12.144001,5.04,1.312,1.396,0.982000053,0.326,0.676000059,3.29600024,2.046,0,3.37600017,3.37600017,3.124,54,45,45,44.5,991,683,0,858,768,0,0,0,0,0,10.94,6.25,3.12,4.69,1.56,17.19,0,1.56,5.66,17.19,33.64757,4072,306,4850,836,48.5,1.017151,0.64375,4798,270,48.5,0.444714338,0.64375,3662,120,38.8,0.233136043,0.64375,3642,77,38.8,0.194479212,0.64375,3684,165,38.8,0.2887081,0.64375,4850,879,48.5,1.03774345,0.64375,3548,58,38.8,0.160618111,0.64375,3546,46,38.8,0.12752308,0.64375,54.1250076,48.7500038,99.99748,25.4740753,11.4066887,69.07144,9.975346,4.9054184,67.03517,39.25,0.25,0,55,0,85,0.416,1.01,16,16,16,32,48,30,295,160,130,0,0,0,16,39,0.25,0,55,0,85,0.416,1.01,16,16,16,32,48,30,295,160,130,0,0,0,16,512,-1,485.785156,485.480469,0.3046875,0.5,7618.451,7618.951,0,0,0,0,0,0,0,0,0,0,0,0,512,600,1200,3000,52,0.965000033,1.30500007,0,2,15,37,2670,10451.9824,999,1001,30,30,5,3,1,0,19.004,18.177,0.975,11380.6328,284.890625,4.51704454,0,0,0,0.00370709854,0,0.740013242,0.7253556,0,0,0,0,0,0,47.125,44,16376,4693,11682,71.3366547,51.962,7.664947E+07,299008
05/27/2026 13:17:29,44,54,0,54,59,51,51,51,51,69,12.12,5.04,1.312,1.396,0.984,0.318000019,0.676000059,3.292,2.046,0,3.37600017,3.37200022,3.124,54,45,45,44.5,981,683,0,856,748,0,0,0,0,0,15.62,3.12,3.12,0,4.69,14.06,0,0,5.08,15.62,33.9497833,3657,276,4850,784,48.5,0.938016534,0.64375,4680,248,48.5,0.380820572,0.64375,2941,103,32.3333321,0.1900149,0.64375,2977,62,32.3333321,0.157275066,0.64375,3061,165,32.3333321,0.266361415,0.64375,4850,757,48.5,0.9288347,0.64375,2962,47,32.3333321,0.139909387,0.64375,2938,40,32.3333321,0.112590715,0.64375,54.0000076,49.2500038,99.99748,25.47268,11.4080849,69.06766,9.971844,4.90892029,67.01164,39.25,0.25,0,55,0,85,0.416,1.01,16,16,16,32,48,30,295,160,130,0,0,0,16,39,0.25,0,55,0,85,0.416,1.01,16,16,16,32,48,30,295,160,130,0,0,0,16,512,-1,485.785156,485.480469,0.3046875,0.5,7618.451,7618.951,0,0,0,0,0,0,0,0,0,0,0,0,512,600,1200,3000,52,0.960000038,1.30500007,0,1,16,37,2670,10451.9824,1001,1001,30,30,5,3,1,0,18.105,23.642,0.975,11380.6328,284.890625,4.555833,0,0,0,0.00382463727,0,0.74726516,0.73052603,0,0,0,0,0,0,47.03125,44,16376,4693,11682,71.3366547,53.098,7.654912E+07,299008
05/27/2026 13:17:31,44,54,0,54,59,51,51,51,51,69,12.144001,5.04,1.312,1.396,0.986000061,0.316,0.676000059,3.292,2.046,0,3.37600017,3.37200022,3.124,54,45,45,44.5,989,683,0,854,748,0,0,0,0,0,10.77,4.62,1.54,0,1.54,13.85,0,1.54,4.23,13.85,33.6303558,4240,286,4850,835,48.5,0.985729754,0.6375,4832,271,48.5,0.4333408,0.6375,3694,109,38.8,0.218870237,0.6375,3742,77,38.8,0.1719953,0.6375,4682,156,48.5,0.2903353,0.6375,4850,741,48.5,0.943827033,0.6375,3656,55,38.8,0.152407572,0.6375,3617,42,38.8,0.125075161,0.6375,54.0000076,48.7500038,99.99749,25.47433,11.4064331,69.0721359,9.970699,4.9100647,67.00395,39.25,0.25,0,55,0,85,0.416,1.01,16,16,16,32,48,30,295,160,130,0,0,0,16,39,0.25,0,55,0,85,0.416,1.01,16,16,16,32,48,30,295,160,130,0,0,0,16,512,-1,485.785156,485.480469,0.3046875,0.5,7618.451,7618.951,0,0,0,0,0,0,0,0,0,0,0,0,512,600,1200,3000,52,1.05500007,1.30500007,0,8,16,37,2670,10451.9824,1001,1000,30,30,5,3,1,0,19.481,23.375,0.975,11380.6328,284.890625,4.629156,0,0,0,0.003426047,0,0.7366284,0.7302954,0,0,0,0,0,0,47.09375,44,16376,4693,11682,71.3366547,53.891,899072,18499584
05/27/2026 13:17:33,43,54,0,53,58,49,49,49,49,67,12.12,5.04,1.312,1.396,0.978000045,0.322000027,0.674,3.292,2.046,0,3.37600017,3.37200022,3.124,53,45,45,44.5,977,709,0,839,748,0,0,0,0,0,14.06,7.94,3.17,1.59,3.17,14.06,1.59,1.59,5.9,14.06,33.39935,3436,266,4850,737,48.5,0.911778748,0.65,3137,256,32.3333321,0.365773,0.65,3010,101,32.3333321,0.209629774,0.65,2991,64,32.3333321,0.158984989,0.65,2982,152,32.3333321,0.2604435,0.65,3233,734,32.3333321,0.8991177,0.65,2938,42,32.3333321,0.134945229,0.65,4348,40,48.5,0.116158888,0.65,53.8750076,48.7500038,99.99749,25.444458,11.436306,68.9911346,9.951195,4.92956924,66.87288,39.25,0.25,0,55,0,85,0.416,1.01,16,16,16,32,48,30,295,160,130,0,0,0,16,39,0.25,0,55,0,85,0.416,1.01,16,16,16,32,48,30,295,160,130,0,0,0,16,512,-1,485.785156,485.480469,0.3046875,0.5,7618.451,7618.951,0,0,0,0,0,0,0,0,0,0,0,0,512,600,1200,3000,52,0.974000037,1.30500007,0,2,16,37,2670,10451.9824,999,999,30,30,5,3,1,0,17.591,18.155,0.975,11380.6328,284.890625,4.726258,0,0,0,0.00225272053,0,0.7352517,0.725154757,0,0,0,0,0,0,47.03125,44,16376,4693,11682,71.3366547,52.376,7.674982E+07,149504
05/27/2026 13:17:35,43,54,0,53,58,51,51,51,51,69,12.144001,5.04,1.312,1.396,0.982000053,0.33,0.676000059,3.292,2.046,0,3.37600017,3.37600017,3.124,54,45,45,44.5,965,709,0,842,759,0,0,0,0,0,12.7,4.69,4.69,3.12,4.69,4.76,1.56,1.56,4.72,12.7,33.73948,4007,294,4850,847,48.5,1.01356232,0.65625,3879,267,38.8,0.4453037,0.65625,3698,122,38.8,0.2263137,0.65625,3748,92,38.8,0.186554432,0.65625,3721,156,38.8,0.2756489,0.65625,4850,764,48.5,0.951939344,0.65,3684,63,38.8,0.153827742,0.65,3623,44,38.8,0.131259188,0.65,54.0000076,48.7500038,99.99748,25.4432259,11.4375381,68.98779,9.949997,4.930767,66.86482,39.25,0.25,0,55,0,85,0.416,1.01,16,16,16,32,48,30,295,160,130,0,0,0,16,39,0.25,0,55,0,85,0.416,1.01,16,16,16,32,48,30,295,160,130,0,0,0,16,512,-1,485.785156,485.480469,0.3046875,0.5,7618.451,7618.951,0,0,0,0,0,0,0,0,0,0,0,0,512,600,1200,3000,52,0.955000043,1.30500007,0,2,16,37,2670,10451.9824,1000,1001,30,30,5,3,1,0,17.731,22.774,0.975,11380.6328,284.890625,4.634041,0,0,0,0.00158723432,0,0.7360347,0.727204442,0,0,0,0,0,0,47,44,16376,4693,11682,71.3366547,51.993,13149184,1.6E+07
05/27/2026 13:17:37,44,54,0,53,58,51,51,51,51,69,12.12,5.04,1.312,1.39200008,0.98,0.324,0.676000059,3.292,2.046,0,3.37600017,3.37200022,3.124,54,45,45,44.5,983,683,0,843,756,0,0,0,0,0,10.94,4.69,1.56,3.12,1.56,14.06,0,0,4.49,14.06,33.98583,4093,309,4850,896,48.5,1.04310691,0.64375,4832,297,48.5,0.448955953,0.64375,3728,132,38.8,0.248975649,0.64375,3621,88,38.8,0.192180589,0.64375,3668,183,38.8,0.321252048,0.64375,4850,755,48.5,0.9598858,0.64375,3621,63,38.8,0.189739347,0.64375,3575,55,38.8,0.153092027,0.64375,54.1250076,49.2500038,99.99749,25.43763,11.4431343,68.97262,9.945095,4.935669,66.83189,39.25,0.25,0,55,0,85,0.416,1.01,16,16,16,32,48,30,295,160,130,0,0,0,16,39,0.25,0,55,0,85,0.416,1.01,16,16,16,32,48,30,295,160,130,0,0,0,16,512,-1,485.785156,485.480469,0.3046875,0.5,7618.451,7618.951,0,0,0,0,0,0,0,0,0,0,0,0,512,600,1200,3000,52,0.969000041,1.30500007,0,4,15,37,2670,10451.9824,1000,1001,30,30,5,3,1,0,19.673,20.655,0.975,11380.6328,284.890625,4.566247,0,0,0,0.00221202918,0,0.739822268,0.7301725,0,0,0,0,0,0,47.1875,44,16376,4693,11682,71.3366547,53.879,7.654912E+07,2599936
05/27/2026 13:17:39,44,54,0,54,59,51,51,51,51,69,12.144001,5.04,1.312,1.396,0.986000061,0.314,0.676000059,3.292,2.046,0,3.37600017,3.37600017,3.124,54,45,45,44.5,981,683,0,846,741,0,0,0,0,0,13.85,3.08,0,0,1.54,7.69,0,0,3.27,13.85,34.3996925,4178,264,4850,735,48.5,0.908154964,0.6625,4666,241,48.5,0.373255521,0.6625,2964,89,32.3333321,0.192198068,0.6625,2953,66,32.3333321,0.157259792,0.6625,4462,137,48.5,0.254657567,0.64375,4850,763,48.5,0.9341898,0.64375,4338,45,48.5,0.144737855,0.64375,4343,34,48.5,0.111135855,0.64375,54.0000076,49.2500038,99.99749,25.4608459,11.4199181,69.03557,9.9655,4.915264,66.96901,39.25,0.25,0,55,0,85,0.416,1.01,16,16,16,32,48,30,295,160,130,0,0,0,16,39,0.25,0,55,0,85,0.416,1.01,16,16,16,32,48,30,295,160,130,0,0,0,16,512,-1,485.785156,485.480469,0.3046875,0.5,7618.451,7618.951,0,0,0,0,0,0,0,0,0,0,0,0,512,600,1200,3000,52,0.969000041,1.30500007,0,2,16,37,2670,10451.9824,1000,1000,30,30,5,3,1,0,19.23,18.777,0.975,11380.6328,284.890625,4.63939142,0,0,0,0.0014840957,0,0.717358768,0.707609,0,0,0,0,0,0,47.0625,44,16376,4693,11682,71.3366547,53.346,7.669965E+07,2549760
05/27/2026 13:17:41,44,54,0,54,59,51,51,51,51,69,12.144001,5.04,1.312,1.396,0.982000053,0.320000023,0.676000059,3.292,2.046,0,3.37600017,3.37200022,3.124,54,45,45,44.5,989,709,0,838,765,0,0,0,0,0,18.75,6.25,1.59,3.17,3.17,14.06,3.17,1.59,6.47,18.75,33.7003021,4272,294,4850,836,48.5,1.01889062,0.63125,4830,282,48.5,0.433698952,0.63125,4483,108,48.5,0.21919404,0.63125,4436,71,48.5,0.18007195,0.63125,3649,148,38.8,0.2820836,0.63125,4850,806,48.5,0.9792475,0.63125,3528,52,38.8,0.158097371,0.63125,3553,45,38.8,0.139586031,0.63125,54.0000076,49.2500038,99.99749,25.4622154,11.4185486,69.03928,9.957691,4.923073,66.9165344,39,0.25,0,55,0,85,0.416,1.01,16,16,16,32,48,30,295,160,130,0,0,0,16,39,0.25,0,55,0,85,0.416,1.01,16,16,16,32,48,30,295,160,130,0,0,0,16,512,-1,485.785156,485.480469,0.3046875,0.5,7618.451,7618.951,0,0,0,0,0,0,0,0,0,0,0,0,512,600,1200,3000,52,0.974000037,1.30500007,0,0,15,37,2670,10451.9824,1000,999,30,30,5,3,1,0,18.753,17.382,0.975,11380.6328,284.890625,4.50026226,0,0,0,0.00459951349,0,0.7406321,0.7223747,0,0,0,0,0,0,47,46,16376,4693,11682,71.3366547,51.823,7.65993E+07,249856
05/27/2026 13:17:43,44,54,0,54,59,51,51,51,51,69,12.144001,5.04,1.312,1.396,0.990000069,0.320000023,0.676000059,3.292,2.046,0,3.37200022,3.37600017,3.124,54,45,45,44.5,981,710,0,854,767,0,0,0,0,0,15.38,6.15,1.54,0,0,10.77,1.54,0,4.42,15.38,33.7023,4085,292,4850,972,48.5,1.05365431,0.65625,4846,260,48.5,0.435291529,0.65625,4613,114,48.5,0.223716885,0.65625,2997,79,32.3333321,0.189981684,0.65625,4604,163,48.5,0.30168134,0.65625,4850,644,48.5,0.882963538,0.65625,2965,53,32.3333321,0.159292832,0.65625,2957,48,32.3333321,0.139797464,0.65625,54.0000076,49.2500038,99.99749,25.4622154,11.4185486,69.03928,9.959473,4.92129135,66.9285,39,0.25,0,55,0,85,0.416,1.01,16,16,16,32,48,30,295,160,130,0,0,0,16,39,0.25,0,55,0,85,0.416,1.01,16,16,16,32,48,30,295,160,130,0,0,0,16,512,-1,485.785156,485.480469,0.3046875,0.5,7618.451,7618.951,0,0,0,0,0,0,0,0,0,0,0,0,512,600,1200,3000,52,0.784000039,1.30500007,0,1,16,37,2670,10451.9824,1001,999,30,30,5,3,1,0,19.306,19.63,0.975,11380.6328,284.890625,4.576476,0,0,0,0.00214476231,0,0.7217721,0.713759,0,0,0,0,0,0,47.0625,44,16376,4693,11682,71.3366547,52.425,7.664947E+07,249856
05/27/2026 13:17:45,44,54,0,54,59,51,51,51,51,69,12.144001,5.04,1.312,1.396,0.986000061,0.322000027,0.676000059,3.292,2.046,0,3.37600017,3.37200022,3.124,54,45,45,44.5,977,709,0,842,749,0,0,0,0,0,24.62,7.69,4.69,1.56,1.56,15.38,3.08,0,7.32,24.62,34.0644264,4027,278,4850,873,48.5,0.994784951,0.64375,4671,233,48.5,0.404119521,0.64375,3701,127,38.8,0.218667611,0.64375,3481,74,38.8,0.170044422,0.64375,3569,144,38.8,0.245078117,0.64375,4850,675,48.5,0.907840848,0.64375,3503,53,38.8,0.142130539,0.64375,3592,45,38.8,0.136303917,0.64375,54.0000076,48.7500038,99.99748,25.4325562,11.4482079,68.95886,9.937775,4.94298935,66.78269,39.25,0.25,0,55,0,85,0.416,1.01,16,16,16,32,48,30,295,160,130,0,0,0,16,39,0.25,0,55,0,85,0.416,1.01,16,16,16,32,48,30,295,160,130,0,0,0,16,512,-1,485.785156,485.480469,0.3046875,0.5,7618.451,7618.951,0,0,0,0,0,0,0,0,0,0,0,0,512,600,1200,3000,52,0.955000043,1.30500007,0,5,16,37,2670,10451.9824,1000,1002,30,30,5,3,1,0,19.621,20.482,0.975,11380.6328,284.890625,4.591175,0,0,0,0.0030586978,0,0.7372657,0.731746137,0,0,0,0,0,0,47.09375,46,16376,4693,11682,71.3366547,53.916,0,299008
05/27/2026 13:17:47,44,54,0,54,59,51,51,51,51,69,12.144001,5.04,1.312,1.396,0.984,0.318000019,0.676000059,3.292,2.046,0,3.37200022,3.37200022,3.124,54,45,45,44.5,982,683,0,859,768,0,0,0,0,0,21.88,6.25,3.12,1.56,3.12,4.69,1.56,1.56,5.47,21.88,34.4206772,3876,306,4850,1083,48.5,1.12629342,0.65,3880,305,38.8,0.485057533,0.65,3716,135,38.8,0.2525344,0.65,3696,91,38.8,0.20628953,0.65,3720,180,38.8,0.299791127,0.65,3880,544,38.8,0.8795434,0.65,3637,55,38.8,0.167535678,0.65,3629,53,38.8,0.149110228,0.65,54.0000076,48.7500038,99.99748,25.4336853,11.4470787,68.96193,9.938095,4.942669,66.78484,39,0.25,0,55,0,85,0.416,1.01,16,16,16,32,48,30,295,160,130,0,0,0,16,39,0.25,0,55,0,85,0.416,1.01,16,16,16,32,48,30,295,160,130,0,0,0,16,512,-1,485.785156,485.480469,0.3046875,0.5,7618.451,7618.951,0,0,0,0,0,0,0,0,0,0,0,0,512,600,1200,3000,52,0.965000033,1.30500007,0,6,16,37,2670,10451.9824,999,999,30,30,5,3,1,0,19.082,22.344,0.975,11380.6328,284.890625,4.536412,0,0,0,0.00148524437,0,0.7210267,0.71500653,0,0,0,0,0,0,47.125,44,16376,4693,11682,71.3366547,53.065,899072,18299904
05/27/2026 13:17:49,44,54,0,54,59,51,51,51,51,69,12.144001,5.04,1.312,1.396,0.978000045,0.312,0.676000059,3.292,2.046,0,3.37200022,3.37200022,3.124,54,45,45,44.5,987,684,0,844,768,0,0,0,0,0,18.46,0,1.56,1.56,0,9.23,3.12,1.56,4.44,18.46,33.64614,3278,293,4850,1052,48.5,1.09824359,0.6375,3162,257,32.3333321,0.435667127,0.6375,3060,117,32.3333321,0.224394172,0.6375,2971,74,32.3333321,0.180348679,0.6375,3054,163,32.3333321,0.283106357,0.6375,3233,577,32.3333321,0.8484554,0.6375,2924,54,32.3333321,0.160606235,0.6375,2968,48,32.3333321,0.1389547,0.6375,54.1250076,48.7500038,99.99749,25.4628487,11.4179153,69.041,9.955303,4.925461,66.90048,39,0.25,0,55,0,85,0.416,1.01,16,16,16,32,48,30,295,160,130,0,0,0,16,39,0.25,0,55,0,85,0.416,1.01,16,16,16,32,48,30,295,160,130,0,0,0,16,512,-1,485.785156,485.480469,0.3046875,0.5,7618.451,7618.951,0,0,0,0,0,0,0,0,0,0,0,0,512,600,1200,3000,52,0.969000041,1.30500007,0,0,15,37,2670,10451.9824,1001,1002,30,30,5,3,1,0,19.048,17.674,0.975,11380.6328,284.890625,4.53735352,0,0,0,0.00372365955,0,0.7282684,0.7182095,0,0,0,0,0,0,47.0625,46,16376,4693,11682,71.3366547,52.217,0,249856
05/27/2026 13:17:51,44,54,0,54,59,51,51,51,51,69,12.144001,5.04,1.312,1.396,0.978000045,0.318000019,0.676000059,3.292,2.046,0,3.37200022,3.37200022,3.124,54,45,45,44.5,992,709,0,854,748,0,0,0,0,0,22.22,3.17,1.59,0,3.17,12.7,0,0,5.36,22.22,33.91873,3817,312,4850,929,48.5,1.05021179,0.64375,3822,284,38.8,0.4367763,0.64375,3720,134,38.8,0.2454483,0.64375,3638,89,38.8,0.183746532,0.64375,3666,196,38.8,0.326451182,0.64375,3880,757,38.8,0.963652551,0.64375,3497,59,38.8,0.15097934,0.64375,3463,44,38.8,0.122879378,0.64375,54.0000076,49.2500038,99.99748,25.4613914,11.4193726,69.03705,9.960533,4.920231,66.93563,39,0.25,0,55,0,85,0.416,1.01,16,16,16,32,48,30,295,160,130,0,0,0,16,39,0.25,0,55,0,85,0.416,1.01,16,16,16,32,48,30,295,160,130,0,0,0,16,512,-1,485.785156,485.480469,0.3046875,0.5,7618.451,7618.951,0,0,0,0,0,0,0,0,0,0,0,0,512,600,1200,3000,53,1.05500007,1.30500007,0,8,16,37,2670,10451.9824,1000,999,30,30,5,3,1,0,19.405,20.089,0.975,11380.6328,284.890625,4.684162,0,0,0,0.00308814878,0,0.732235551,0.7275334,0,0,0,0,0,0,47.03125,44,16376,4693,11682,71.3366547,53.31,7.55497E+07,99328
05/27/2026 13:17:53,44,54,0,54,59,51,51,51,51,69,12.144001,5.05,1.312,1.396,0.984,0.318000019,0.676000059,3.292,2.046,0,3.37600017,3.37600017,3.124,54,45,45,44.5,988,709,0,841,748,0,0,0,0,0,25.4,6.35,1.59,3.17,4.76,17.46,3.17,1.59,7.94,25.4,33.984417,4285,316,4850,1057,48.5,1.1454438,0.65625,4850,318,48.5,0.5312968,0.65625,3738,132,38.8,0.238335148,0.65625,3740,89,38.8,0.204972863,0.64375,4714,175,48.5,0.3119112,0.64375,4850,636,48.5,0.92286396,0.64375,3722,64,38.8,0.172474712,0.64375,3818,55,38.8,0.150377214,0.64375,54.0000076,48.7500038,99.99748,25.4613647,11.4193993,69.03698,9.962078,4.918686,66.9460144,39,0.25,0,55,0,85,0.416,1.01,16,16,16,32,48,30,295,160,130,0,0,0,16,39,0.25,0,55,0,85,0.416,1.01,16,16,16,32,48,30,295,160,130,0,0,0,16,512,-1,485.785156,485.480469,0.3046875,0.5,7618.451,7618.951,0,0,0,0,0,0,0,0,0,0,0,0,512,600,1200,3000,52,0.969000041,1.30500007,0,0,16,37,2670,10451.9824,1000,999,30,30,5,3,1,0,19.471,19.665,0.975,11380.6328,284.890625,4.501899,0,0,0,0.00373462238,0,0.7220038,0.7151802,0,0,0,0,0,0,47.0625,44,16376,4693,11682,71.3366547,53.675,899072,1.80992E+07
05/27/2026 13:17:55,44,54,0,54,59,51,51,51,51,69,12.144001,5.04,1.312,1.396,0.984,0.324,0.676000059,3.292,2.046,0,3.37600017,3.37200022,3.124,54,45,45,44.5,977,683,0,843,767,0,0,0,0,0,17.46,1.59,1.59,1.59,1.59,9.52,1.59,1.59,4.56,17.46,34.6781425,4655,282,4850,1042,48.5,1.06760931,0.6625,4804,268,48.5,0.460404634,0.6625,4594,119,48.5,0.211943373,0.6625,4484,72,48.5,0.1675482,0.6625,4605,173,48.5,0.291627049,0.6625,4850,490,48.5,0.8144278,0.6625,4471,47,48.5,0.14277795,0.6625,4583,47,48.5,0.119161233,0.6625,54.1250076,48.7500038,99.9975,25.4303818,11.4503822,68.95297,9.933071,4.947693,66.75108,39,0.25,0,55,0,85,0.416,1.01,16,16,16,32,48,30,295,160,130,0,0,0,16,39,0.25,0,55,0,85,0.416,1.01,16,16,16,32,48,30,295,160,130,0,0,0,16,512,-1,485.785156,485.480469,0.3046875,0.5,7618.451,7618.951,0,0,0,0,0,0,0,0,0,0,0,0,512,600,1200,3000,52,0.969000041,1.30500007,0,1,16,37,2670,10451.9824,1000,1001,30,30,5,3,1,0,18.842,17.514,0.975,11380.6328,284.890625,4.47774267,0,0,0,0.002209329,0,0.718390167,0.7160913,0,0,0,0,0,0,47,44,16376,4693,11682,71.3366547,52.035,899072,17999872
05/27/2026 13:17:57,44,54,0,54,59,51,51,51,51,69,12.12,5.04,1.312,1.396,0.98,0.322000027,0.674,3.292,2.046,0,3.37200022,3.37200022,3.124,54,45,45,44.5,979,683,0,855,749,0,0,0,0,0,28.12,10.94,0,3.17,4.69,15.62,0,3.12,8.21,28.12,34.8226929,3556,395,4850,1133,48.5,1.19887924,0.49375,3233,432,32.3333321,0.6607665,0.49375,3144,182,32.3333321,0.331364483,0.49375,3039,111,32.3333321,0.267492533,0.49375,3149,266,32.3333321,0.425209939,0.49375,4850,832,48.5,1.12259054,0.49375,2987,80,32.3333321,0.2141834,0.49375,3196,125,32.3333321,0.224972382,0.49375,54.5000076,52.3750038,99.99749,25.4855042,11.39526,69.10243,9.977531,4.90323257,67.0498657,39,0.25,0,55,0,85,0.416,1.01,16,16,16,32,48,30,295,160,130,0,0,0,16,39,0.25,0,55,0,85,0.416,1.01,16,16,16,32,48,30,295,160,130,0,0,0,16,512,-1,485.785156,485.480469,0.3046875,0.5,7618.451,7618.951,0,0,0,0,0,0,0,0,0,0,0,0,512,600,1200,3000,52,0.965000033,1.30500007,0,2,16,37,2670,10451.9824,1000,999,30,30,5,3,1,0,18.912,18.729,0.975,11380.6328,284.890625,4.53273439,0,0,0,0.0028951983,0,0.7242218,0.727308,0,0,0,0,0,0,47.03125,44,16376,4693,11682,71.3366547,51.826,849920,17949696
05/27/2026 13:17:59,45,54,0,55,60,53,53,53,53,70,12.144001,5.04,1.312,1.396,0.9760001,0.326,0.676000059,3.29600024,2.046,0,3.37600017,3.37600017,3.124,55,45,45,44.5,997,683,0,855,768,0,0,0,0,0,15.38,6.15,3.08,1.54,4.62,13.85,0,0,5.58,15.38,34.6498756,3936,311,4040,1109,40.4,1.1163137,0.54375,3984,293,40.4,0.474051744,0.54375,3733,132,40.4,0.242950186,0.54375,3673,84,40.4,0.194129556,0.54375,3760,182,40.4,0.299826682,0.54375,5050,572,50.5,0.8638128,0.54375,3679,64,40.4,0.165909171,0.54375,3568,49,40.4,0.146000072,0.54375,55.0000076,49.2500038,99.99748,25.51683,11.3639336,69.18737,10.0021667,4.87859726,67.21541,39,0.25,0,55,0,85,0.416,1.01,16,16,16,32,48,30,295,160,130,0,0,0,16,39,0.25,0,55,0,85,0.416,1.01,16,16,16,32,48,30,295,160,130,0,0,0,16,512,-1,485.785156,485.480469,0.3046875,0.5,7618.451,7618.951,0,0,0,0,0,0,0,0,0,0,0,0,512,600,1200,3000,53,0.965000033,1.30500007,0,4,15,37,2670,10451.9824,999,1001,30,30,5,3,1,0,19.465,24.377,0.975,11380.6328,284.890625,4.500474,0,0,0,0.002859196,0,0.7256978,0.7151477,0,0,0,0,0,0,47.09375,46,16376,4693,11682,71.3366547,53.242,799744,18049024
05/27/2026 13:18:01,45,54,0,55,60,53,53,53,53,70,12.144001,5.04,1.312,1.396,0.982000053,0.320000023,0.676000059,3.29600024,2.046,0,3.37600017,3.37600017,3.124,54,45,45,44.5,1000,709,0,867,756,0,0,0,0,0,21.88,7.81,1.56,0,3.12,12.5,0,1.56,6.05,21.88,34.73194,4202,344,5050,1094,50.5,1.16690862,0.55625,4040,361,40.4,0.602306366,0.55625,3922,137,40.4,0.2692186,0.55625,3915,102,40.4,0.224081591,0.55625,3892,201,40.4,0.3564056,0.55625,5050,726,50.5,0.99187535,0.55625,3883,68,40.4,0.177955523,0.55625,3866,66,40.4,0.166910991,0.55625,55.0000076,49.2500038,99.99749,25.4929466,11.3878174,69.12261,9.982395,4.898369,67.08255,39,0.25,0,55,0,85,0.416,1.01,16,16,16,32,48,30,295,160,130,0,0,0,16,39,0.25,0,55,0,85,0.416,1.01,16,16,16,32,48,30,295,160,130,0,0,0,16,512,-1,485.785156,485.480469,0.3046875,0.5,7618.451,7618.951,0,0,0,0,0,0,0,0,0,0,0,0,512,600,1200,3000,53,0.965000033,1.30500007,0,0,15,37,2670,10451.9824,999,999,30,30,5,3,1,0,19.277,23.245,0.975,11380.6328,285.1211,4.71505356,0,0,0,0.00305435085,0,0.710171,0.7570076,0,0,0.009123769,0,0,0,47.0625,46,16376,4693,11682,71.3366547,53.38,7.614976E+07,399360
05/27/2026 13:18:03,44,54,0,54,59,51,51,51,51,69,12.144001,5.04,1.312,1.396,0.972000062,0.322000027,0.674,3.292,2.046,0,3.37600017,3.37600017,3.124,54,45,45,44.5,999,709,0,868,762,0,0,0,0,0,26.56,7.81,3.12,1.56,7.81,18.75,1.56,0,8.4,26.56,34.02518,3868,325,4850,1106,48.5,1.1829139,0.6375,4758,295,48.5,0.543667853,0.6375,3083,140,32.3333321,0.260988,0.6375,2985,86,32.3333321,0.204616666,0.6375,4564,189,48.5,0.3433042,0.6375,4850,685,48.5,0.9711327,0.6375,2949,58,32.3333321,0.173092619,0.6375,2908,44,32.3333321,0.145958766,0.6375,54.6250076,48.7500038,99.99749,25.5208817,11.3598824,69.19835,10.0068512,4.873913,67.24689,39,0.25,0,55,0,85,0.416,1.01,16,16,16,32,48,30,295,160,130,0,0,0,16,39,0.25,0,55,0,85,0.416,1.01,16,16,16,32,48,30,295,160,130,0,0,0,16,512,-1,485.785156,485.480469,0.3046875,0.5,7618.451,7618.951,0,0,0,0,0,0,0,0,0,0,0,0,512,600,1200,3000,52,0.960000038,1.30500007,0,1,15,37,2670,10451.9824,1000,1000,30,30,6,3,1,0,18.94,17.07,0.975,11380.6328,285.1211,4.994353,0,0,0,0.003042436,0,0.7733473,0.7635916,0,0,0,0,0,0,47.03125,44,16376,4693,11682,71.3366547,51.745,899072,19049472
05/27/2026 13:18:05,44,54,0,54,59,51,51,51,51,69,12.144001,5.04,1.312,1.396,0.974000037,0.324,0.676000059,3.292,2.046,0,3.37600017,3.37600017,3.124,54,45,45,44.5,977,683,0,860,755,0,0,0,0,0,22.22,3.17,1.56,1.59,4.69,10.94,0,0,5.52,22.22,33.5125961,4274,279,4850,1024,48.5,1.0514977,0.64375,4769,281,48.5,0.4402967,0.64375,4386,107,48.5,0.205880821,0.64375,3526,68,38.8,0.162626877,0.64375,4454,148,48.5,0.263409942,0.64375,5050,509,50.5,0.8179912,0.525,3585,56,40.4,0.147181273,0.525,3573,42,40.4,0.12750414,0.525,54.6250076,49.2500038,99.99749,25.5181084,11.3626556,69.190834,10.0063095,4.8744545,67.2432556,39,0.25,0,55,0,85,0.416,1.01,16,16,16,32,48,30,295,160,130,0,0,0,16,39,0.25,0,55,0,85,0.416,1.01,16,16,16,32,48,30,295,160,130,0,0,0,16,512,-1,485.785156,485.480469,0.3046875,0.5,7618.451,7618.951,0,0,0,0,0,0,0,0,0,0,0,0,512,600,1200,3000,52,1.03500009,1.30500007,0,6,16,37,2670,10451.9824,1001,1000,30,30,6,3,1,0,19.302,23.476,0.975,11380.6328,285.1211,5.051326,0,0,0,0.00307366648,0,0.730931938,0.7268671,0,0,0,0,0,0,47.0625,44,16376,4693,11682,71.3366547,52.685,899072,18999296
05/27/2026 13:18:07,44,54,0,54,59,51,51,51,51,69,12.144001,5.04,1.312,1.396,0.984,0.324,0.676000059,3.29600024,2.046,0,3.37600017,3.37200022,3.12000012,54,45,45,44.5,982,683,0,838,769,0,0,0,0,0,22.22,6.35,4.76,1.59,3.17,17.46,0,0,6.94,22.22,34.5424538,4057,371,4850,1294,48.5,1.30977547,0.64375,3880,352,38.8,0.61812073,0.64375,3846,155,38.8,0.277220458,0.64375,3753,98,38.8,0.2275842,0.64375,3787,200,38.8,0.35480094,0.64375,4850,740,48.5,1.04035556,0.65,3744,66,38.8,0.188570783,0.65,3744,62,38.8,0.170509055,0.65,54.7500076,48.7500038,99.99749,25.4924965,11.3882675,69.12139,9.984306,4.89645767,67.09539,39,0.25,0,55,0,85,0.416,1.01,16,16,16,32,48,30,295,160,130,0,0,0,16,39,0.25,0,55,0,85,0.416,1.01,16,16,16,32,48,30,295,160,130,0,0,0,16,512,-1,485.785156,485.480469,0.3046875,0.5,7618.451,7618.951,0,0,0,0,0,0,0,0,0,0,0,0,512,600,1200,3000,52,0.965000033,1.30500007,0,4,15,37,2670,10451.9824,999,999,30,30,6,3,1,0,19.755,20.452,0.975,11380.6328,285.2461,5.747695,0,0,0,0.00308290357,0,0.731239855,0.72225064,0,0,0.008937307,0,0,0,46.96875,44,16376,4693,11682,71.3366547,54.105,799744,749568
05/27/2026 13:18:09,44,54,0,54,59,51,51,51,51,69,12.144001,5.05,1.312,1.396,0.978000045,0.332000017,0.676000059,3.308,2.046,0,3.37600017,3.37600017,3.124,54,45.5,45,44.5,991,710,0,841,768,0,0,0,0,0,25,6.25,3.12,4.69,9.38,20.31,1.56,0,8.79,25,34.71273,4295,302,5050,1013,50.5,1.10624576,0.525,4001,265,40.4,0.539052,0.525,3815,110,40.4,0.22573562,0.525,3810,84,40.4,0.182283312,0.525,3850,175,40.4,0.30071038,0.525,4850,657,48.5,0.91539824,0.5625,4498,56,48.5,0.150610611,0.5625,4488,52,48.5,0.119118214,0.5625,54.6250076,49.2500038,99.99749,25.5207214,11.3600426,69.19792,10.0037384,4.8770256,67.22597,39,0.25,0,55,0,85,0.416,1.01,16,16,16,32,48,30,295,160,130,0,0,0,16,39,0.25,0,55,0,85,0.416,1.01,16,16,16,32,48,30,295,160,130,0,0,0,16,512,-1,485.785156,485.480469,0.3046875,0.5,7618.451,7618.951,0,0,0,0,0,0,0,0,0,0,0,0,512,600,1200,3000,52,0.974000037,1.30500007,0,0,15,37,2670,10451.9824,999,1001,30,30,5,3,1,0,19.127,23.14,0.975,11380.8008,285.4336,4.34913254,0,0,0,0.0121509461,0,0.7613247,0.796349764,0,0,0.09147673,0,0,0,47.0625,44,16376,4693,11682,71.3376541,53.003,1899520,14949376
05/27/2026 13:18:11,44,54,0,54,59,51,51,51,51,69,12.144001,5.04,1.312,1.396,0.9760001,0.314,0.676000059,3.292,2.046,0,3.37600017,3.37600017,3.124,54,45.5,45,44.5,992,709,0,854,768,0,0,0,0,0,18.75,7.81,1.56,0,4.69,14.06,0,0,5.86,18.75,33.640892,3561,296,4040,1032,40.4,1.079978,0.56875,4002,270,40.4,0.440217167,0.56875,3172,113,33.6666679,0.212614387,0.56875,3009,70,33.6666679,0.170993567,0.56875,3226,181,33.6666679,0.289765537,0.56875,5050,603,50.5,0.8710876,0.56875,3051,56,33.6666679,0.150269434,0.55625,2939,42,33.6666679,0.121564053,0.55625,54.3750076,49.2500038,99.99748,25.4922829,11.3884811,69.12081,9.984962,4.89580154,67.09979,39,0.25,0,55,0,85,0.416,1.01,16,16,16,32,48,30,295,160,130,0,0,0,16,39,0.25,0,55,0,85,0.416,1.01,16,16,16,32,48,30,295,160,130,0,0,0,16,512,-1,485.785156,485.480469,0.3046875,0.5,7618.451,7618.951,0,0,0,0,0,0,0,0,0,0,0,0,512,600,1200,3000,52,0.784000039,1.30500007,0,1,15,37,2670,10451.9824,1001,1001,30,30,5,3,1,0,18.953,23.262,0.975,11380.8008,285.4336,3.96813822,0,0,0,0.00371252559,0,0.7396154,0.733173668,0,0,0,0,0,0,47.0625,44,16376,4693,11682,71.3376541,51.9,899072,1.874944E+07
05/27/2026 13:18:13,44,54,0,54,59,51,51,51,51,69,12.144001,5.04,1.312,1.396,0.982000053,0.33,0.676000059,3.292,2.046,0,3.37600017,3.37600017,3.124,54,45,45,44.5,994,710,0,842,749,0,0,0,0,0,23.44,9.38,1.56,0,1.56,17.19,0,1.56,6.84,23.44,33.7650871,3663,314,5050,1011,50.5,1.10334826,0.5625,4040,300,40.4,0.5851904,0.5625,3288,126,33.6666679,0.2289531,0.5625,3225,81,33.6666679,0.185478672,0.5625,3253,177,33.6666679,0.308008581,0.5625,4040,703,40.4,0.985587835,0.5625,3189,61,33.6666679,0.162164316,0.5625,3220,51,33.6666679,0.14166902,0.5625,54.1250076,48.7500038,99.99748,25.490448,11.390316,69.11584,9.979931,4.900833,67.06598,39,0.25,0,55,0,85,0.416,1.01,16,16,16,32,48,30,295,160,130,0,0,0,16,39,0.25,0,55,0,85,0.416,1.01,16,16,16,32,48,30,295,160,130,0,0,0,16,512,-1,485.785156,485.480469,0.3046875,0.5,7618.451,7618.951,0,0,0,0,0,0,0,0,0,0,0,0,512,600,1200,3000,52,0.969000041,1.30500007,0,2,16,37,2670,10451.9824,1000,999,30,30,6,3,1,0,19.519,24,0.975,11380.8008,285.449219,6.040321,0,0,0,0.003083997,0,0.804256439,0.793587446,0,0,0,0,0,0,47,44,16376,4693,11682,71.3376541,53.266,49152,21249024
05/27/2026 13:18:15,44,54,0,54,59,51,51,51,51,69,12.144001,5.04,1.312,1.396,0.984,0.316,0.676000059,3.29600024,2.046,0,3.37600017,3.37600017,3.124,54,45,45,44.5,980,683,0,857,767,0,0,0,0,0,25,4.62,3.08,1.54,3.08,6.25,0,0,5.44,25,33.9640579,3740,327,4850,1085,48.5,1.15728414,0.6375,3233,313,32.3333321,0.5981898,0.6375,3099,124,32.3333321,0.2437855,0.6375,3123,92,32.3333321,0.193628237,0.6375,4639,164,48.5,0.32535547,0.64375,4850,722,48.5,1.01035821,0.64375,3076,65,32.3333321,0.173398659,0.64375,3052,52,32.3333321,0.154805616,0.64375,54.1250076,48.7500038,99.99749,25.4930115,11.3877525,69.12279,9.982216,4.898548,67.0813446,39,0.25,0,55,0,85,0.416,1.01,16,16,16,32,48,30,295,160,130,0,0,0,16,39,0.25,0,55,0,85,0.416,1.01,16,16,16,32,48,30,295,160,130,0,0,0,16,512,-1,485.785156,485.480469,0.3046875,0.5,7618.451,7618.951,0,0,0,0,0,0,0,0,0,0,0,0,512,600,1200,3000,52,1.04500008,1.30500007,0,15,16,37,2670,10451.9824,1000,1000,30,30,6,3,1,0,19.687,20.118,0.975,11380.8008,285.449219,7.96373653,0,0,0,0.00298919319,0,0.764002,0.754577637,0,0,0,0,0,0,47.0625,44,16376,4693,11682,71.3376541,54.141,9.79497E+07,299008
05/27/2026 13:18:17,44,54,0,54,59,51,51,51,51,69,12.144001,5.04,1.312,1.396,0.978000045,0.318000019,0.674,3.292,2.046,0,3.37600017,3.37600017,3.124,54,45,45,44.5,995,684,0,857,748,0,0,0,0,0,20.31,6.35,3.17,1.59,4.76,12.5,1.59,0,6.28,20.31,34.65252,3675,306,4850,1118,48.5,1.13556862,0.6375,4773,271,48.5,0.498557478,0.6375,3049,123,32.3333321,0.221210942,0.6375,2973,78,32.3333321,0.174872935,0.6375,3054,162,32.3333321,0.29480657,0.6375,4850,589,48.5,0.890219569,0.6375,2930,59,32.3333321,0.154066265,0.6375,2919,47,32.3333321,0.135727927,0.6375,54.1250076,49.7500038,99.99748,25.5215721,11.3591919,69.2002258,10.0040817,4.87668228,67.22829,39,0.25,0,55,0,85,0.416,1.01,16,16,16,32,48,30,295,160,130,0,0,0,16,39,0.25,0,55,0,85,0.416,1.01,16,16,16,32,48,30,295,160,130,0,0,0,16,512,-1,485.785156,485.480469,0.3046875,0.5,7618.451,7618.951,0,0,0,0,0,0,0,0,0,0,0,0,512,600,1200,3000,52,0.965000033,1.30500007,0,2,16,37,2670,10451.9824,1000,1000,30,30,6,3,1,0,19.016,17.627,0.975,11380.8008,285.21875,5.86311054,0,0,0,0.0035230983,0,0.732347965,0.731663167,0,0,0.00838596653,0,0,0,47,44,16376,4693,11682,71.3376541,52.704,101449728,249856
05/27/2026 13:18:19,44,54,0,54,59,51,51,51,51,69,12.144001,5.04,1.312,1.396,0.982000053,0.316,0.676000059,3.29600024,2.046,0,3.37600017,3.37600017,3.124,54,45,45,44.5,986,709,0,852,768,0,0,0,0,0,19.05,6.35,6.35,3.17,6.35,15.87,1.59,0,7.34,19.05,34.1643524,3713,350,4850,1219,48.5,1.23086786,0.6375,4850,350,48.5,0.6089484,0.6375,3059,139,32.3333321,0.251721621,0.6375,3031,99,32.3333321,0.199514627,0.6375,3045,195,32.3333321,0.341904342,0.6375,4850,659,48.5,0.993915439,0.6375,3010,71,32.3333321,0.18582125,0.6375,3012,66,32.3333321,0.167686343,0.6375,54.1250076,48.7500038,99.99749,25.4931412,11.3876228,69.12314,9.977589,4.90317535,67.05025,39,0.25,0,55,0,85,0.416,1.01,16,16,16,32,48,30,295,160,130,0,0,0,16,39,0.25,0,55,0,85,0.416,1.01,16,16,16,32,48,30,295,160,130,0,0,0,16,512,-1,485.785156,485.480469,0.3046875,0.5,7618.451,7618.951,0,0,0,0,0,0,0,0,0,0,0,0,512,600,1200,3000,52,0.960000038,1.30500007,0,2,16,37,2670,10451.9824,1000,1001,30,30,6,3,1,0,19.111,23.378,0.975,11380.8008,285.21875,5.44376945,0,0,0,0.00297125336,0,0.7650323,0.758566,0,0,0,0,0,0,47.03125,44,16376,4693,11682,71.3376541,52.267,899072,22199296
05/27/2026 13:18:21,44,54,0,54,59,51,51,51,51,69,12.144001,5.04,1.312,1.396,0.994,0.316,0.676000059,3.292,2.046,0,3.37600017,3.37600017,3.124,54,45,45,44.5,981,709,0,842,768,0,0,0,0,0,17.46,9.52,0,0,3.17,14.29,0,0,5.56,17.46,34.1625443,3644,316,4850,1090,48.5,1.15876162,0.64375,4846,324,48.5,0.537334144,0.64375,2951,112,32.3333321,0.210280091,0.64375,2902,75,32.3333321,0.168932363,0.64375,2986,164,32.3333321,0.286622733,0.64375,4850,677,48.5,0.9646976,0.64375,2887,53,32.3333321,0.1517378,0.64375,2878,37,32.3333321,0.1171312,0.64375,54.1250076,48.7500038,99.9975,25.4925156,11.3882484,69.1214447,9.981213,4.89955139,67.0746,39,0.25,0,55,0,85,0.416,1.01,16,16,16,32,48,30,295,160,130,0,0,0,16,39,0.25,0,55,0,85,0.416,1.01,16,16,16,32,48,30,295,160,130,0,0,0,16,512,-1,485.785156,485.480469,0.3046875,0.5,7618.451,7618.951,0,0,0,0,0,0,0,0,0,0,0,0,512,600,1200,3000,52,0.965000033,1.30500007,0,2,15,37,2670,10451.9824,1000,999,30,30,6,3,1,0,19.712,20.45,0.975,11380.8008,285.21875,4.82682943,0,0,0,0.00286776619,0,0.765345335,0.7568752,0,0,0,0,0,0,47.0625,46,16376,4693,11682,71.3376541,54.154,7.924941E+07,249856
05/27/2026 13:18:23,44,54,0,54,59,51,51,51,51,69,12.144001,5.04,1.312,1.396,0.98,0.328,0.676000059,3.29600024,2.046,0,3.37600017,3.37600017,3.124,54,45,45,44.5,992,683,0,839,768,0,0,0,0,0,19.05,1.56,1.56,0,4.69,11.11,0,0,4.75,19.05,34.1630859,3768,315,4850,1023,48.5,1.09625328,0.6375,3233,289,32.3333321,0.486689568,0.6375,3139,142,32.3333321,0.251613915,0.6375,3135,88,32.3333321,0.188458085,0.6375,4720,163,48.5,0.2994665,0.6375,4850,699,48.5,0.9758485,0.6375,3135,66,32.3333321,0.179520577,0.6375,3082,51,32.3333321,0.150066525,0.6375,54.1250076,49.2500038,99.99748,25.5221176,11.3586464,69.2017059,10.0088158,4.87194824,67.26009,39,0.25,0,55,0,85,0.416,1.01,16,16,16,32,48,30,295,160,130,0,0,0,16,39,0.25,0,55,0,85,0.416,1.01,16,16,16,32,48,30,295,160,130,0,0,0,16,512,-1,485.785156,485.480469,0.3046875,0.5,7618.451,7618.951,0,0,0,0,0,0,0,0,0,0,0,0,512,600,1200,3000,52,1.064,1.30500007,0,16,16,37,2670,10451.9824,1001,1001,30,30,5,3,1,0,19.352,19.138,0.975,11380.8008,285.21875,4.99360657,0,0,0,0.00295102736,0,0.749214947,0.737705946,0,0,0,0,0,0,47,44,16376,4693,11682,71.3376541,53.981,8.054989E+07,299008
05/27/2026 13:18:25,44,54,0,54,59,51,51,51,51,69,12.144001,5.05,1.312,1.396,0.988000035,0.320000023,0.676000059,3.29600024,2.046,0,3.37600017,3.37600017,3.124,54,45,45,44.5,981,683,0,840,748,0,0,0,0,0,25.4,6.35,1.59,1.59,3.17,12.7,0,0,6.35,25.4,34.1528549,3898,333,4850,1164,48.5,1.20251644,0.64375,3880,324,38.8,0.6099224,0.64375,3728,131,38.8,0.250812173,0.64375,3731,86,38.8,0.196488529,0.64375,3781,184,38.8,0.310360134,0.64375,3880,664,38.8,0.9713106,0.64375,3687,60,38.8,0.1696684,0.64375,3646,50,38.8,0.151945248,0.64375,54.1250076,49.2500038,99.99749,25.4900551,11.3907089,69.11477,9.978474,4.90229034,67.05619,39,0.25,0,55,0,85,0.416,1.01,16,16,16,32,48,30,295,160,130,0,0,0,16,39,0.25,0,55,0,85,0.416,1.01,16,16,16,32,48,30,295,160,130,0,0,0,16,512,-1,485.785156,485.480469,0.3046875,0.5,7618.451,7618.951,0,0,0,0,0,0,0,0,0,0,0,0,512,600,1200,3000,52,0.965000033,1.30500007,0,2,16,37,2670,10451.9824,1002,999,30,30,6,3,1,0,17.685,17.718,0.975,11380.8008,285.21875,4.78753233,0,0,0,0.002948988,0,0.7579596,0.75321734,0,0,0,0,0,0,47,46,16376,4693,11682,71.3376541,52.752,9.289933E+07,249856
05/27/2026 13:18:27,44,54,0,54,59,51,51,51,51,69,12.144001,5.04,1.312,1.39200008,0.990000069,0.322000027,0.676000059,3.292,2.046,0,3.37200022,3.37200022,3.124,54,45,45,44.5,991,683,0,840,768,0,0,0,0,0,23.81,1.59,3.17,0,1.59,11.11,0,4.76,5.75,23.81,33.9440765,3500,316,4850,1073,48.5,1.12317681,0.65,3224,299,32.3333321,0.5242079,0.65,3034,110,32.3333321,0.24092041,0.65,3092,89,32.3333321,0.192136377,0.65,3029,165,32.3333321,0.303311378,0.65,4850,683,48.5,0.9721396,0.65,2998,62,32.3333321,0.176643014,0.65,2924,47,32.3333321,0.1460119,0.65,54.0000076,49.2500038,99.99748,25.4643974,11.4163666,69.0452,9.96727,4.913494,66.980896,39,0.25,0,55,0,85,0.416,1.01,16,16,16,32,48,30,295,160,130,0,0,0,16,39,0.25,0,55,0,85,0.416,1.01,16,16,16,32,48,30,295,160,130,0,0,0,16,512,-1,485.785156,485.480469,0.3046875,0.5,7618.451,7618.951,0,0,0,0,0,0,0,0,0,0,0,0,512,600,1200,3000,52,0.969000041,1.30500007,0,4,16,37,2670,10451.9824,999,999,30,30,7,3,1,0,19.391,19.268,0.975,11380.8008,285.21875,6.21448469,0,0,0,0.00293870759,0,0.777379334,0.7669013,0,0,0,0,0,0,46.90625,44,16376,4693,11682,71.3376541,53.22,100999168,249856
05/27/2026 13:18:29,44,54,0,54,59,51,51,51,51,69,12.12,5.04,1.312,1.39200008,1.00200009,0.314,0.676000059,3.292,2.046,0,3.37600017,3.37200022,3.12000012,54,45,45,44.5,981,709,0,843,749,0,0,0,0,0,21.88,4.69,3.12,3.12,4.69,17.19,3.12,0,7.23,21.88,34.0378647,3657,328,4850,1137,48.5,1.1892699,0.6375,4744,290,48.5,0.517190039,0.6375,3004,133,32.3333321,0.262784719,0.6375,2933,89,32.3333321,0.209226519,0.6375,2996,178,32.3333321,0.326889724,0.6375,4850,693,48.5,0.986515,0.6375,2929,54,32.3333321,0.173724562,0.6375,2947,54,32.3333321,0.155363053,0.6375,54.1250076,48.7500038,99.99749,25.4629059,11.4178581,69.04115,9.964172,4.91659164,66.96008,39,0.25,0,55,0,85,0.416,1.01,16,16,16,32,48,30,295,160,130,0,0,0,16,39,0.25,0,55,0,85,0.416,1.01,16,16,16,32,48,30,295,160,130,0,0,0,16,512,-1,485.785156,485.480469,0.3046875,0.5,7618.451,7618.951,0,0,0,0,0,0,0,0,0,0,0,0,512,600,1200,3000,52,0.974000037,1.30500007,0,2,15,37,2670,10451.9824,1001,1001,30,30,6,3,1,0,19.622,20.279,0.975,11380.8047,285.34375,5.85519028,0,0,0,0.002294153,0,0.74322015,0.730650365,0,0,0,0,0,0,47.03125,44,16376,4693,11682,71.3376541,54.328,9.944986E+07,299008
05/27/2026 13:18:31,44,54,0,54,59,51,51,51,51,69,12.144001,5.04,1.312,1.396,1.014,0.324,0.676000059,3.292,2.046,0,3.37600017,3.37600017,3.124,54,45,45,44.5,985,708,0,857,749,0,0,0,0,0,15.38,6.15,4.55,1.52,3.08,20,1.52,15.15,8.42,20,35.2095528,4398,468,4850,1032,48.5,1.19409621,0.625,4841,353,48.5,0.6292538,0.625,4850,261,48.5,0.3313644,0.625,4481,95,48.5,0.219716027,0.625,4842,259,48.5,0.382998556,0.625,4850,918,48.5,1.10700524,0.625,3233,149,32.3333321,0.257478774,0.6375,3233,675,32.3333321,0.600427747,0.6375,54.2500076,49.2500038,99.9975,25.4347534,11.4460106,68.96482,9.915646,4.96511841,66.63399,39,0.25,0,55,0,85,0.416,1.01,16,16,16,32,48,30,295,160,130,0,0,0,16,39,0.25,0,55,0,85,0.416,1.01,16,16,16,32,48,30,295,160,130,0,0,0,16,512,-1,485.785156,485.480469,0.3046875,0.5,7618.451,7618.951,0,0,0,0,0,0,0,0,0,0,0,0,512,600,1200,3000,52,0.974000037,1.30500007,0,2,16,37,2670,10451.9824,1000,1000,30,30,7,3,1,0,17.957,18.477,0.975,11380.8047,285.34375,5.803337,0,0,0,0.002825647,0,0.7212193,0.717871845,0,0,0,0,0,0,47,44,16376,4693,11682,71.3376541,53.726,1.057495E+08,249856
05/27/2026 13:18:33,44,54,0,54,59,51,51,51,51,69,12.12,5.04,1.312,1.39200008,0.986000061,0.320000023,0.676000059,3.292,2.046,0,3.37200022,3.37600017,3.124,54,45,45,44.5,988,683,0,854,749,0,0,0,0,0,21.88,6.15,1.54,1.54,3.08,10.94,3.08,1.54,6.22,21.88,34.71332,3919,317,4850,885,48.5,1.04784393,0.64375,3880,290,38.8,0.475504458,0.64375,3762,137,38.8,0.2548598,0.64375,3734,89,38.8,0.204146743,0.64375,3833,190,38.8,0.3185484,0.64375,3880,811,38.8,0.9953245,0.64375,3717,68,38.8,0.181718,0.64375,3699,65,38.8,0.162299827,0.64375,54.3750076,48.7500038,99.9975,25.462925,11.4178391,69.04121,9.947311,4.93345261,66.84678,39,0.25,0,55,0,85,0.416,1.01,16,16,16,32,48,30,295,160,130,0,0,0,16,39,0.25,0,55,0,85,0.416,1.01,16,16,16,32,48,30,295,160,130,0,0,0,16,512,-1,485.785156,485.480469,0.3046875,0.5,7618.451,7618.951,0,0,0,0,0,0,0,0,0,0,0,0,512,600,1200,3000,52,0.979000032,1.30500007,0,4,15,37,2670,10451.9824,1000,1000,30,30,7,3,1,0,17.744,18.124,0.975,11380.8047,285.34375,8.880375,0,0,0,0.002819996,0,0.723733246,0.71259135,0,0,0,0,0,0,46.90625,44,16376,4693,11682,71.3376541,52.664,899072,22949888
05/27/2026 13:18:35,44,54,0,54,59,51,51,51,51,69,12.144001,5.04,1.312,1.396,0.974000037,0.316,0.676000059,3.292,2.046,0,3.37600017,3.37600017,3.124,54,45,45,44.5,979,683,0,839,768,0,0,0,0,0,12.7,4.69,4.76,1.59,4.69,17.46,0,0,5.74,17.46,33.4916763,3262,283,4850,754,48.5,0.943061054,0.6625,3096,248,32.3333321,0.405018,0.6625,3057,116,32.3333321,0.207678363,0.6625,3010,76,32.3333321,0.166859508,0.6625,2995,163,32.3333321,0.276572615,0.65,3233,796,32.3333321,0.9671694,0.65,2924,64,32.3333321,0.1534422,0.65,2928,50,32.3333321,0.137404978,0.65,54.2500076,49.2500038,99.99749,25.4331245,11.4476395,68.9604,9.936016,4.944748,66.770874,39,0.25,0,55,0,85,0.416,1.01,16,16,16,32,48,30,295,160,130,0,0,0,16,39,0.25,0,55,0,85,0.416,1.01,16,16,16,32,48,30,295,160,130,0,0,0,16,512,-1,485.785156,485.480469,0.3046875,0.5,7618.451,7618.951,0,0,0,0,0,0,0,0,0,0,0,0,512,600,1200,3000,52,0.969000041,1.30500007,0,1,16,37,2670,10451.9824,1001,1001,30,30,7,3,1,0,18.086,19.911,0.975,11380.8047,285.34375,11.8452215,0,0,0,0.00315188384,0,0.7374806,0.7236886,0,0,0,0,0,0,47,42,16376,4693,11682,71.3376541,53.419,105299968,249856
05/27/2026 13:18:37,44,54,0,54,59,51,51,51,51,69,12.144001,5.04,1.312,1.396,0.982000053,0.322000027,0.676000059,3.292,2.046,0,3.37600017,3.37200022,3.124,54,45,45,44.5,993,683,0,854,748,0,0,0,0,0,15.87,6.35,3.23,3.17,3.17,12.7,1.59,1.61,5.96,15.87,34.28343,4707,333,4850,888,48.5,1.09390748,0.64375,4850,306,48.5,0.510949433,0.64375,4622,128,48.5,0.27426973,0.64375,4623,91,48.5,0.215634927,0.64375,4685,187,48.5,0.3413256,0.64375,4850,926,48.5,1.05995762,0.64375,4577,73,48.5,0.195824385,0.64375,4596,66,48.5,0.1749202,0.64375,54.2500076,49.2500038,99.9975,25.4638672,11.4168968,69.04376,9.949055,4.93170929,66.85849,39,0.25,0,55,0,85,0.416,1.01,16,16,16,32,48,30,295,160,130,0,0,0,16,39,0.25,0,55,0,85,0.416,1.01,16,16,16,32,48,30,295,160,130,0,0,0,16,512,-1,485.785156,485.480469,0.3046875,0.5,7618.451,7618.951,0,0,0,0,0,0,0,0,0,0,0,0,512,600,1200,3000,53,0.825000048,1.30500007,0,0,15,37,2670,10451.9824,999,999,30,30,7,3,1,0,18.112,20.089,0.975,11380.8008,282.1797,9.12472,0,0,0,0.00152637647,0,0.711936831,0.739278436,0,0,0,0,0,0,47.03125,44,16376,4693,11682,71.3376541,54.208,120899584,249856
05/27/2026 13:18:39,44,54,0,54,59,51,51,51,51,69,12.144001,5.05,1.312,1.396,0.986000061,0.328,0.676000059,3.292,2.046,0,3.37600017,3.37600017,3.124,54,45,45,44.5,977,709,0,857,767,0,0,0,0,0,13.85,3.08,1.54,3.08,4.62,13.85,0,0,5,13.85,34.29566,3480,348,4850,978,48.5,1.164887,0.64375,3203,330,32.3333321,0.6222058,0.64375,3036,133,32.3333321,0.256681472,0.64375,2964,83,32.3333321,0.204777151,0.64375,3045,189,32.3333321,0.3457784,0.64375,4850,953,48.5,1.13062477,0.64375,2921,63,32.3333321,0.18273209,0.64375,2973,59,32.3333321,0.159297973,0.64375,54.2500076,48.7500038,99.99749,25.46754,11.4132233,69.05373,9.952717,4.928047,66.8831,39,0.25,0,55,0,85,0.416,1.01,16,16,16,32,48,30,295,160,130,0,0,0,16,39,0.25,0,55,0,85,0.416,1.01,16,16,16,32,48,30,295,160,130,0,0,0,16,512,-1,485.785156,485.480469,0.3046875,0.5,7618.451,7618.951,0,0,0,0,0,0,0,0,0,0,0,0,512,600,1200,3000,52,0.965000033,1.30500007,0,3,15,37,2670,10451.9824,999,1000,30,30,6,3,1,0,17.501,17.664,0.975,11380.8008,282.1797,5.684074,0,0,0,0.00302344351,0,0.7601548,0.7496761,0,0,0,0,0,0,47.125,44,16376,4693,11682,71.3376541,52.995,899072,21499904
05/27/2026 13:18:41,44,54,0,54,59,51,51,51,51,69,12.144001,5.04,1.312,1.396,0.996000051,0.324,0.676000059,3.292,2.046,0,3.37600017,3.37600017,3.124,54,45,45,44.5,986,709,0,852,767,0,0,0,0,0,22.22,4.69,4.69,0,7.81,20.31,1.56,0,7.66,22.22,34.3688545,4091,389,4040,1216,40.4,1.29895175,0.65,4040,364,40.4,0.5832121,0.65,4032,181,40.4,0.29745242,0.65,3883,100,40.4,0.226826578,0.65,3985,230,40.4,0.360353768,0.65,5050,881,50.5,1.090335,0.5375,3851,75,40.4,0.198433831,0.5375,3846,66,40.4,0.180364162,0.5375,54.3750076,48.7500038,99.99749,25.4664383,11.4143257,69.0507355,9.952911,4.92785263,66.8844147,39,0.25,0,55,0,85,0.416,1.01,16,16,16,32,48,30,295,160,130,0,0,0,16,39,0.25,0,55,0,85,0.416,1.01,16,16,16,32,48,30,295,160,130,0,0,0,16,512,-1,485.785156,485.480469,0.3046875,0.5,7618.451,7618.951,0,0,0,0,0,0,0,0,0,0,0,0,512,600,1200,3000,53,0.969000041,1.30500007,0,2,15,37,2670,10451.9824,999,1000,30,30,6,3,1,0,17.667,23.711,0.975,11380.8008,282.824219,5.531186,0,0,0,0.00362208183,0,0.739300549,0.774779141,0,0,0.0370323248,0,0,0,47.03125,44,16376,4693,11682,71.3376541,52.217,899072,21049344
05/27/2026 13:18:43,44,54,0,54,59,51,51,51,51,69,12.144001,5.04,1.312,1.396,0.990000069,0.324,0.676000059,3.292,2.046,0,3.37600017,3.37600017,3.124,54,45,45,44.5,986,683,0,839,768,0,0,0,0,0,12.7,7.94,0,0,0,20.63,1.56,0,5.35,20.63,34.04034,3910,332,4850,818,48.5,1.0349828,0.64375,4850,355,48.5,0.5567604,0.64375,3099,146,32.3333321,0.265034884,0.64375,3112,100,32.3333321,0.216627926,0.64375,4636,204,48.5,0.3424549,0.64375,4850,912,48.5,1.05821955,0.64375,2936,67,32.3333321,0.180257514,0.64375,2946,53,32.3333321,0.158336,0.64375,54.2500076,49.2500038,99.9975,25.4653435,11.4154205,69.04777,9.952564,4.9282,66.88208,39,0.25,0,55,0,85,0.416,1.01,16,16,16,32,48,30,295,160,130,0,0,0,16,39,0.25,0,55,0,85,0.416,1.01,16,16,16,32,48,30,295,160,130,0,0,0,16,512,-1,485.785156,485.480469,0.3046875,0.5,7618.451,7618.951,0,0,0,0,0,0,0,0,0,0,0,0,512,600,1200,3000,52,0.974000037,1.30500007,0,0,15,37,2670,10451.9824,1001,998,30,30,6,3,1,0,18.399,20.729,0.975,11380.8008,282.824219,5.445233,0,0,0,0.00317819463,0,0.6930576,0.7262275,0,0,0,0,0,0,47,44,16376,4693,11682,71.3376541,53.841,899072,21599232
05/27/2026 13:18:45,44,54,0,54,59,51,51,51,51,69,12.144001,5.04,1.312,1.396,0.978000045,0.324,0.676000059,3.292,2.046,0,3.37600017,3.37600017,3.124,54,45,45,44.5,979,683,0,858,749,0,0,0,0,0,14.29,4.76,6.25,0,6.25,12.7,0,0,5.53,14.29,34.20053,4128,340,4850,1013,48.5,1.16139364,0.64375,4850,341,48.5,0.5471246,0.64375,3729,125,38.8,0.2670843,0.64375,3723,85,38.8,0.206114665,0.64375,3779,192,38.8,0.331040174,0.64375,4850,847,48.5,1.0336374,0.64375,3650,62,38.8,0.17970486,0.64375,3595,54,38.8,0.154679313,0.64375,54.2500076,49.2500038,99.99748,25.4371452,11.4436188,68.97131,9.941036,4.939728,66.80461,39,0.25,0,55,0,85,0.416,1.01,16,16,16,32,48,30,295,160,130,0,0,0,16,39,0.25,0,55,0,85,0.416,1.01,16,16,16,32,48,30,295,160,130,0,0,0,16,512,-1,485.785156,485.480469,0.3046875,0.5,7618.451,7618.951,0,0,0,0,0,0,0,0,0,0,0,0,512,600,1200,3000,52,0.969000041,1.30500007,0,8,16,37,2670,10451.9824,1001,1000,30,30,6,3,1,0,18.039,19.298,0.975,11380.8008,282.824219,5.189007,0,0,0,0.00231498666,0,0.7279868,0.7167688,0,0,0,0,0,0,47.03125,44,16376,4693,11682,71.3376541,53.989,899072,20599808
05/27/2026 13:18:47,44,54,0,54,59,51,51,51,51,69,12.144001,5.04,1.312,1.396,0.982000053,0.314,0.676000059,3.29600024,2.046,0,3.37600017,3.37600017,3.124,54,45,45,44.5,987,710,0,842,768,0,0,0,0,0,14.06,6.25,3.12,1.56,4.69,23.44,1.56,1.56,7.03,23.44,33.89211,4089,326,4040,890,40.4,1.04418266,0.55625,4993,324,50.5,0.521250665,0.55625,3794,150,40.4,0.254369855,0.55625,3700,90,40.4,0.1987823,0.55625,3788,188,40.4,0.335433781,0.55625,5050,850,50.5,1.02594566,0.55625,3684,66,40.4,0.171325,0.55625,3663,48,40.4,0.1476526,0.55625,54.1250076,48.7500038,99.99749,25.4648285,11.4159355,69.04637,9.957687,4.92307663,66.9165039,39,0.25,0,55,0,85,0.416,1.01,16,16,16,32,48,30,295,160,130,0,0,0,16,39,0.25,0,55,0,85,0.416,1.01,16,16,16,32,48,30,295,160,130,0,0,0,16,512,-1,485.785156,485.480469,0.3046875,0.5,7618.451,7618.951,0,0,0,0,0,0,0,0,0,0,0,0,512,600,1200,3000,52,0.955000043,1.30500007,0,3,16,37,2670,10451.9824,1001,1000,30,30,6,3,1,0,17.7,17.7,0.975,11381.1758,282.824219,5.32283068,0,0,0,0.00296141417,0,0.7032448,0.6934501,0,0,0.01852561,0,0,0,46.90625,44,16376,4693,11682,71.33994,52.738,23349248,249856
05/27/2026 13:18:49,44,54,0,54,59,51,51,51,51,69,12.144001,5.04,1.312,1.396,0.982000053,0.328,0.676000059,3.292,2.046,0,3.37600017,3.37600017,3.124,54,45,45,44.5,988,709,0,843,749,0,0,0,0,0,15.62,6.25,3.12,3.12,6.25,18.75,1.59,1.59,7.04,18.75,33.9189453,4017,322,4040,831,40.4,1.03937781,0.575,4039,300,40.4,0.491178751,0.575,3858,136,40.4,0.2538267,0.575,3835,86,40.4,0.205321282,0.575,3884,207,40.4,0.323936045,0.5625,5025,902,50.25,1.07674015,0.50625,3734,62,40.2,0.186209828,0.50625,3719,54,40.2,0.172490388,0.50625,54.2500076,49.2500038,99.99749,25.4381523,11.4426117,68.97404,9.930199,4.95056534,66.73178,39,0.25,0,55,0,85,0.416,1.01,16,16,16,32,48,30,295,160,130,0,0,0,16,39,0.25,0,55,0,85,0.416,1.01,16,16,16,32,48,30,295,160,130,0,0,0,16,512,-1,485.785156,485.480469,0.3046875,0.5,7618.451,7618.951,0,0,0,0,0,0,0,0,0,0,0,0,512,600,1200,3000,52,0.955000043,1.30500007,0,4,16,37,2670,10451.9824,1000,1001,30,30,6,3,1,0,17.949,23.361,0.975,11381.1758,282.824219,5.47223949,0,0,0,0.003015173,0,0.7318584,0.720616341,0,0,0,0,0,0,47.0625,44,16376,4693,11682,71.33994,52.83,49152,20699136
05/27/2026 13:18:51,44,54,0,54,59,51,51,51,51,69,12.144001,5.04,1.312,1.396,0.990000069,0.324,0.676000059,3.292,2.046,0,3.37600017,3.37600017,3.124,54,45,45,44.5,991,709,0,839,749,0,0,0,0,0,11.11,3.17,0,0,3.17,15.87,0,0,4.17,15.87,33.52413,4317,286,5050,679,50.5,0.8980842,0.54375,5050,272,50.5,0.443032354,0.54375,3904,113,40.4,0.206945166,0.54375,3853,70,40.4,0.168934509,0.54375,3937,166,40.4,0.2843959,0.54375,5050,879,50.5,1.01945019,0.54375,3857,58,40.4,0.1516592,0.54375,3833,49,40.4,0.138116285,0.54375,54.2500076,48.7500038,99.99749,25.4354286,11.4453354,68.96665,9.937233,4.943531,66.77905,39,0.25,0,55,0,85,0.416,1.01,16,16,16,32,48,30,295,160,130,0,0,0,16,39,0.25,0,55,0,85,0.416,1.01,16,16,16,32,48,30,295,160,130,0,0,0,16,512,-1,485.785156,485.480469,0.3046875,0.5,7618.451,7618.951,0,0,0,0,0,0,0,0,0,0,0,0,512,600,1200,3000,52,0.965000033,1.30500007,0,2,15,37,2670,10451.9824,1000,1000,30,30,6,3,1,0,18.348,24.424,0.975,11381.1758,282.824219,5.62929153,0,0,0,0.00301884534,0,0.738047361,0.7215242,0,0,0,0,0,0,46.875,44,16376,4693,11682,71.33994,54.344,2299904,20149248
05/27/2026 13:18:53,44,54,0,54,59,51,51,51,51,69,12.144001,5.05,1.312,1.396,0.982000053,0.320000023,0.676000059,3.29600024,2.046,0,3.37600017,3.37600017,3.124,54,45,45,44.5,993,684,0,856,749,0,0,0,0,0,18.75,4.69,1.56,1.56,3.12,21.88,1.54,1.54,6.83,21.88,34.35076,4039,318,4850,834,48.5,1.03191686,0.625,4708,300,48.5,0.4998285,0.625,3571,119,38.8,0.240211666,0.625,3562,89,38.8,0.193174958,0.625,3652,180,38.8,0.307222456,0.625,4850,919,48.5,1.08245945,0.64375,3544,55,38.8,0.168895468,0.64375,3572,50,38.8,0.150843456,0.64375,54.2500076,48.7500038,99.99749,25.4662514,11.4145126,69.0502243,9.961708,4.919056,66.94353,39,0.25,0,55,0,85,0.416,1.01,16,16,16,32,48,30,295,160,130,0,0,0,16,39,0.25,0,55,0,85,0.416,1.01,16,16,16,32,48,30,295,160,130,0,0,0,16,512,-1,485.785156,485.480469,0.3046875,0.5,7618.451,7618.951,0,0,0,0,0,0,0,0,0,0,0,0,512,600,1200,3000,52,1.06000006,1.30500007,0,16,16,37,2670,10451.9824,1000,1000,30,30,6,3,1,0,17.845,23.145,0.975,11381.1758,282.824219,5.31532049,0,0,0,0.00290935487,0,0.740919054,0.7271776,0,0,0,0,0,0,47,44,16376,4693,11682,71.33994,53.647,1399808,2.004992E+07
05/27/2026 13:18:55,44,54,0,54,59,51,51,51,51,69,12.144001,5.05,1.312,1.396,0.9760001,0.326,0.676000059,3.29600024,2.046,0,3.37600017,3.37600017,3.124,54,45.5,45,44.5,981,683,0,839,768,0,0,0,0,0,21.54,4.62,6.15,3.08,1.54,13.85,1.54,1.54,6.73,21.54,34.28004,3844,308,4850,900,48.5,1.04382741,0.68125,4835,323,48.5,0.503468752,0.68125,3048,117,32.3333321,0.23680307,0.68125,2923,81,32.3333321,0.1864577,0.68125,4506,163,48.5,0.308545232,0.68125,4850,782,48.5,0.9828886,0.68125,2889,52,32.3333321,0.1670987,0.68125,2848,44,32.3333321,0.139873236,0.68125,54.3750076,49.2500038,99.99748,25.433876,11.446888,68.96244,9.938686,4.94207764,66.78882,39,0.25,0,55,0,85,0.416,1.01,16,16,16,32,48,30,295,160,130,0,0,0,16,39,0.25,0,55,0,85,0.416,1.01,16,16,16,32,48,30,295,160,130,0,0,0,16,512,-1,485.785156,485.480469,0.3046875,0.5,7618.451,7618.951,0,0,0,0,0,0,0,0,0,0,0,0,512,600,1200,3000,53,0.984,1.30500007,0,2,16,37,2670,10451.9824,1001,1003,30,30,6,3,1,0,17.632,17.658,0.975,11381.1758,282.824219,5.052654,0,0,0,0.00361544546,0,0.744722843,0.7298386,0,0,0,0,0,0,46.84375,44,16376,4693,11682,71.33994,52.283,8.564941E+07,749568
05/27/2026 13:18:57,44,54,0,54,59,51,51,51,51,69,12.144001,5.04,1.312,1.396,0.982000053,0.316,0.676000059,3.29600024,2.046,0,3.37600017,3.37600017,3.124,54,45,45,44.5,987,709,0,857,748,0,0,0,0,0,20.31,9.38,3.12,0,6.25,14.06,0,0,6.64,20.31,33.68613,3743,304,4850,820,48.5,1.00380766,0.55,4850,325,48.5,0.5271052,0.55,3086,112,32.3333321,0.249238208,0.55,3092,90,32.3333321,0.200315192,0.55,3098,187,32.3333321,0.325083584,0.55,4850,784,48.5,0.9729673,0.55,3068,63,32.3333321,0.178898737,0.55,3053,48,32.3333321,0.15129973,0.55,54.2500076,48.7500038,99.99749,25.4329033,11.4478607,68.95981,9.936752,4.94401169,66.77582,39,0.25,0,55,0,85,0.416,1.01,16,16,16,32,48,30,295,160,130,0,0,0,16,39,0.25,0,55,0,85,0.416,1.01,16,16,16,32,48,30,295,160,130,0,0,0,16,512,-1,485.785156,485.480469,0.3046875,0.5,7618.451,7618.951,0,0,0,0,0,0,0,0,0,0,0,0,512,600,1200,3000,52,0.969000041,1.30500007,0,2,16,37,2670,10451.9824,1001,999,30,30,6,3,1,0,18.85,23.681,0.975,11381.1758,282.824219,5.282863,0,0,0,0.00151566579,0,0.746026635,0.740113556,0,0,0,0,0,0,46.875,44,16376,4693,11682,71.33994,53.22,249856,19899392
05/27/2026 13:18:59,44,54,0,54,59,51,51,51,51,69,12.144001,5.04,1.312,1.396,0.978000045,0.324,0.676000059,3.292,2.046,0,3.37600017,3.37200022,3.124,54,45,45,44.5,980,709,0,839,768,0,0,0,0,0,12.7,6.35,1.59,1.59,3.17,19.05,1.59,3.23,6.16,19.05,33.630558,3927,301,4040,756,40.4,0.9602022,0.55,3951,294,40.4,0.543807566,0.55,3728,109,40.4,0.2038235,0.55,3652,74,40.4,0.173979461,0.55,3734,156,40.4,0.295720279,0.55,5050,917,50.5,1.04251671,0.55,3606,52,40.4,0.149699315,0.55,3654,48,40.4,0.136871472,0.5375,54.2500076,49.2500038,99.99749,25.4309616,11.4498024,68.9545441,9.935719,4.94504547,66.7688751,39,0.25,0,55,0,85,0.416,1.01,16,16,16,32,48,30,295,160,130,0,0,0,16,39,0.25,0,55,0,85,0.416,1.01,16,16,16,32,48,30,295,160,130,0,0,0,16,512,-1,485.785156,485.480469,0.3046875,0.5,7618.451,7618.951,0,0,0,0,0,0,0,0,0,0,0,0,512,600,1200,3000,53,0.974000037,1.30500007,0,2,15,37,2670,10451.9824,1000,999,30,30,6,3,1,0,18.593,24.156,0.975,11381.1758,282.824219,5.322653,0,0,0,0.00392397027,0,0.7443104,0.7336914,0,0,0,0,0,0,47,44,16376,4693,11682,71.33994,54.384,899072,2.044928E+07
05/27/2026 13:19:01,44,54,0,54,59,51,51,51,51,69,12.144001,5.04,1.312,1.396,0.986000061,0.33,0.676000059,3.292,2.046,0,3.37600017,3.37200022,3.124,54,45,45,44.5,977,683,0,855,768,0,0,0,0,0,14.29,4.76,6.35,1.59,3.17,15.87,1.59,1.59,6.15,15.87,34.4037361,4085,358,4040,1037,40.4,1.1855855,0.55625,5050,329,50.5,0.587749362,0.55625,3952,140,40.4,0.260069668,0.55625,3889,97,40.4,0.219596788,0.55625,3955,193,40.4,0.354506373,0.55625,4040,943,40.4,1.10262585,0.55625,3878,67,40.4,0.186637864,0.55,3878,61,40.4,0.172324091,0.55,54.2500076,49.2500038,99.99749,25.430603,11.450161,68.95357,9.936684,4.94408035,66.77536,39,0.25,0,55,0,85,0.416,1.01,16,16,16,32,48,30,295,160,130,0,0,0,16,39,0.25,0,55,0,85,0.416,1.01,16,16,16,32,48,30,295,160,130,0,0,0,16,512,-1,485.785156,485.480469,0.3046875,0.5,7618.451,7618.951,0,0,0,0,0,0,0,0,0,0,0,0,512,600,1200,3000,52,1.06000006,1.30500007,0,14,16,37,2670,10451.9824,1000,1000,30,30,6,3,1,0,17.853,23.04,0.975,11381.2773,283.523438,5.71576262,0,0,0,0.00504824426,0,0.746946752,0.744646549,0,0,0.0447115675,0,0,0,46.96875,44,16376,4693,11682,71.34054,53.159,899072,23349248
05/27/2026 13:19:03,44,54,0,54,59,51,51,51,51,69,12.144001,5.04,1.312,1.396,0.98,0.326,0.676000059,3.292,2.046,0,3.37600017,3.37600017,3.124,54,45,45,44.5,989,683,0,843,768,0,0,0,0,0,21.54,4.62,1.56,0,4.69,13.85,1.56,0,5.98,21.54,35.09048,4068,325,4850,881,48.5,1.08649707,0.65,4847,323,48.5,0.539236,0.65,3696,150,38.8,0.268391967,0.65,3585,85,38.8,0.209051475,0.65,3638,178,38.8,0.32383883,0.65,4850,875,48.5,1.0484525,0.65,3552,59,38.8,0.171125889,0.65,3529,49,38.8,0.152088463,0.65,54.5000076,49.5000038,99.99749,25.4602432,11.4205208,69.0339355,9.962978,4.91778564,66.95206,39,0.25,0,55,0,85,0.416,1.01,16,16,16,32,48,30,295,160,130,0,0,0,16,39,0.25,0,55,0,85,0.416,1.01,16,16,16,32,48,30,295,160,130,0,0,0,16,512,-1,485.785156,485.480469,0.3046875,0.5,7618.451,7618.951,0,0,0,0,0,0,0,0,0,0,0,0,512,600,1200,3000,53,0.989,1.30500007,0,4,16,37,2670,10451.9824,1001,1001,30,30,6,3,1,0,18.292,17.818,0.975,11381.6563,284.738281,5.31745529,0,0,0,0.00279789628,0,0.710373163,0.7084917,0,0,0.0213790461,0,0,0,46.96875,44,16376,4692,11683,71.34283,52.636,8.479949E+07,249856
05/27/2026 13:19:05,44,54,0,54,59,51,51,51,51,69,12.144001,5.04,1.312,1.396,0.978000045,0.316,0.676000059,3.292,2.046,0,3.37200022,3.37600017,3.124,54,45,45,44.5,981,709,0,857,749,0,0,0,0,0,10.94,7.81,3.12,0,4.69,14.06,1.56,0,5.27,14.06,33.4469337,4465,282,4850,734,48.5,0.920885563,0.55,4850,284,48.5,0.41347757,0.55,4574,112,48.5,0.208696947,0.55,4531,73,48.5,0.168800056,0.55,4603,180,48.5,0.277464241,0.55,4850,778,48.5,0.939249933,0.55,3733,50,40.4,0.145232677,0.60625,3729,42,40.4,0.130684912,0.60625,54.5000076,48.7500038,99.99748,25.4629517,11.4178123,69.04128,9.962391,4.918373,66.94811,39,0.25,0,55,0,85,0.416,1.01,16,16,16,32,48,30,295,160,130,0,0,0,16,39,0.25,0,55,0,85,0.416,1.01,16,16,16,32,48,30,295,160,130,0,0,0,16,512,-1,485.785156,485.480469,0.3046875,0.5,7618.451,7618.951,0,0,0,0,0,0,0,0,0,0,0,0,512,600,1200,3000,53,0.974000037,1.30500007,0,2,16,37,2670,10451.9824,1000,999,30,30,6,3,1,0,19.624,24.412,0.975,11381.6563,284.738281,5.400718,0,0,0,0.0021745048,0,0.735393465,0.724981844,0,0,0,0,0,0,47,44,16376,4692,11683,71.34283,53.827,899072,18899968
05/27/2026 13:19:07,44,54,0,54,59,51,51,51,51,69,12.144001,5.05,1.314,1.396,0.992000043,0.316,0.676000059,3.292,2.046,0,3.37600017,3.37600017,3.124,54,45,44.5,44.5,988,709,0,844,768,0,0,0,0,0,22.22,9.52,3.17,1.59,3.17,19.05,0,0,7.34,22.22,34.26104,3954,350,4850,950,48.5,1.124389,0.54375,4850,339,48.5,0.60851413,0.54375,3115,130,32.3333321,0.2653853,0.54375,3102,93,32.3333321,0.204916388,0.54375,4678,179,48.5,0.355319023,0.54375,4850,969,48.5,1.11849618,0.54375,3098,74,32.3333321,0.18118906,0.54375,3090,66,32.3333321,0.167397365,0.54375,54.5000076,48.7500038,99.9975,25.4325142,11.44825,68.9587555,9.9296,4.95116425,66.72775,39,0.25,0,55,0,85,0.416,1.01,16,16,16,32,48,30,295,160,130,0,0,0,16,39,0.25,0,55,0,85,0.416,1.01,16,16,16,32,48,30,295,160,130,0,0,0,16,512,-1,485.785156,485.480469,0.3046875,0.5,7618.451,7618.951,0,0,0,0,0,0,0,0,0,0,0,0,512,600,1200,3000,52,1.05000007,1.30500007,0,5,15,37,2670,10451.9824,1000,1001,30,30,6,3,1,0,19.498,23.741,0.975,11381.6563,284.738281,5.465853,0,0,0,0.002383651,0,0.768471658,0.761832237,0,0,0,0,0,0,47,44,16376,4692,11683,71.34283,54.217,899072,21499904
05/27/2026 13:19:09,44,54,0,54,59,51,51,51,51,69,12.144001,5.04,1.312,1.396,0.98,0.320000023,0.676000059,3.292,2.046,0,3.37600017,3.37600017,3.124,54,45,45,44.5,981,709,0,855,748,0,0,0,0,0,15.62,6.15,0,1.56,3.08,9.38,0,0,4.47,15.62,33.67707,3888,314,4850,895,48.5,1.07259786,0.625,4850,317,48.5,0.577972,0.625,3030,119,32.3333321,0.22473304,0.625,2964,77,32.3333321,0.181050181,0.625,4622,186,48.5,0.321645349,0.625,4850,819,48.5,1.0232358,0.625,2972,56,32.3333321,0.156841129,0.625,2963,40,32.3333321,0.134718016,0.625,54.2500076,48.7500038,99.99748,25.4629135,11.4178505,69.0411758,9.966919,4.913845,66.9785461,39,0.25,0,55,0,85,0.416,1.01,16,16,16,32,48,30,295,160,130,0,0,0,16,39,0.25,0,55,0,85,0.416,1.01,16,16,16,32,48,30,295,160,130,0,0,0,16,512,-1,485.785156,485.480469,0.3046875,0.5,7618.451,7618.951,0,0,0,0,0,0,0,0,0,0,0,0,512,600,1200,3000,53,0.984,1.30500007,0,4,16,37,2670,10451.9824,1001,1000,30,30,6,3,1,0,18.971,17.355,0.975,11381.6563,284.738281,5.539906,0,0,0,0.00234548422,0,0.753744364,0.751065254,0,0,0,0,0,0,46.90625,44,16376,4692,11683,71.34283,52.5,8.089907E+07,749568
05/27/2026 13:19:11,44,54,0,54,59,51,51,51,51,69,12.144001,5.05,1.312,1.396,0.986000061,0.324,0.676000059,3.292,2.046,0,3.37600017,3.37200022,3.124,54,45,45,44.5,977,682,0,840,748,0,0,0,0,0,23.08,3.08,0,0,1.56,13.85,1.56,1.56,5.59,23.08,34.1427269,4150,346,4850,957,48.5,1.12076306,0.63125,4850,339,48.5,0.6067748,0.63125,4667,126,48.5,0.258852,0.63125,3082,84,32.3333321,0.201776028,0.63125,4709,197,48.5,0.3326944,0.63125,4850,949,48.5,1.115022,0.63125,3110,70,32.3333321,0.177684739,0.63125,3080,47,32.3333321,0.1507305,0.63125,54.2500076,49.2500038,99.99749,25.4358749,11.4448891,68.967865,9.948452,4.932312,66.85445,39,0.25,0,55,0,85,0.416,1.01,16,16,16,32,48,30,295,160,130,0,0,0,16,39,0.25,0,55,0,85,0.416,1.01,16,16,16,32,48,30,295,160,130,0,0,0,16,512,-1,485.785156,485.480469,0.3046875,0.5,7618.451,7618.951,0,0,0,0,0,0,0,0,0,0,0,0,512,600,1200,3000,53,0.969000041,1.30500007,0,0,16,37,2670,10451.9824,1000,999,30,30,5,3,1,0,19.12,23.364,0.975,11381.6563,284.738281,4.2204423,0,0,0,0.003162112,0,0.758717358,0.750847042,0,0,0,0,0,0,46.8125,46,16376,4692,11683,71.34283,52.203,1049600,1.939968E+07
05/27/2026 13:19:13,44,54,0,54,59,51,51,51,51,69,12.144001,5.04,1.312,1.396,0.986000061,0.33,0.676000059,3.292,2.046,0,3.37600017,3.37600017,3.124,54,45,45,44.5,989,683,0,839,749,0,0,0,0,0,13.85,4.62,1.56,3.12,3.12,16.92,1.56,0,5.59,16.92,33.90204,3715,312,5050,830,50.5,1.03529346,0.525,4017,307,40.4,0.5121259,0.525,3726,113,40.4,0.2379906,0.525,3061,90,33.6666679,0.207275242,0.525,3807,184,40.4,0.3249056,0.525,4040,866,40.4,1.03299057,0.54375,3053,61,33.6666679,0.173601225,0.54375,2963,49,33.6666679,0.156443939,0.54375,54.3750076,49.2500038,99.99749,25.4652634,11.4155006,69.04755,9.965763,4.915001,66.97078,39,0.25,0,55,0,85,0.416,1.01,16,16,16,32,48,30,295,160,130,0,0,0,16,39,0.25,0,55,0,85,0.416,1.01,16,16,16,32,48,30,295,160,130,0,0,0,16,512,-1,485.785156,485.480469,0.3046875,0.5,7618.451,7618.951,0,0,0,0,0,0,0,0,0,0,0,0,512,600,1200,3000,52,0.965000033,1.30500007,0,3,16,37,2670,10451.9824,1000,1001,30,30,7,3,1,0,19.641,24.261,0.975,11381.6563,284.738281,6.244738,0,0,0,0.00224884343,0,0.7678851,0.7527828,0,0,0,0,0,0,46.84375,44,16376,4692,11683,71.34283,54.118,899072,20749312
05/27/2026 13:19:15,44,54,0,54,59,51,51,51,51,69,12.144001,5.04,1.312,1.396,0.982000053,0.316,0.676000059,3.29600024,2.046,0,3.37600017,3.37600017,3.124,54,45,45,44.5,981,709,0,852,768,0,0,0,0,0,15.62,7.81,3.08,4.62,3.08,15.62,0,1.54,6.42,15.62,34.3445435,3811,332,4850,921,48.5,1.097175,0.65,3814,306,38.8,0.5630277,0.65,3624,112,38.8,0.228845686,0.65,3595,80,38.8,0.187967762,0.65,3631,172,38.8,0.299264461,0.65,3880,957,38.8,1.10398042,0.65,3573,54,38.8,0.154709339,0.65,3518,58,38.8,0.1375194,0.65,54.2500076,49.2500038,99.99749,25.4314957,11.4492683,68.955986,9.937908,4.942856,66.7835846,39,0.25,0,55,0,85,0.416,1.01,16,16,16,32,48,30,295,160,130,0,0,0,16,39,0.25,0,55,0,85,0.416,1.01,16,16,16,32,48,30,295,160,130,0,0,0,16,512,-1,485.785156,485.480469,0.3046875,0.5,7618.451,7618.951,0,0,0,0,0,0,0,0,0,0,0,0,512,600,1200,3000,51,0.969000041,1.30500007,0,2,15,37,2670,10451.9824,1000,998,30,30,6,3,1,0,19.378,18.862,0.975,11381.6563,284.738281,5.860902,0,0,0,0.00375705957,0,0.778366,0.7657451,0,0,0,0,0,0,46.90625,44,16376,4692,11683,71.34283,53.755,8.949965E+07,899072
05/27/2026 13:19:17,44,54,0,54,59,51,51,51,51,69,12.144001,5.05,1.312,1.396,0.98,0.314,0.676000059,3.292,2.046,0,3.37600017,3.37200022,3.124,54,45,45,44.5,987,709,0,841,749,0,0,0,0,0,14.06,4.69,1.54,0,1.56,12.5,1.54,0,4.49,14.06,34.4393,3963,318,4850,864,48.5,1.05430913,0.65,3880,309,38.8,0.5395023,0.6375,3710,137,38.8,0.2547671,0.6375,3595,83,38.8,0.2025218,0.6375,3691,172,38.8,0.325864524,0.6375,4850,864,48.5,1.04322314,0.6375,3590,61,38.8,0.173244625,0.6375,3541,57,38.8,0.163210154,0.6375,54.2500076,48.7500038,99.99748,25.437088,11.443676,68.97115,9.948685,4.93207932,66.856,39,0.25,0,55,0,85,0.416,1.01,16,16,16,32,48,30,295,160,130,0,0,0,16,39,0.25,0,55,0,85,0.416,1.01,16,16,16,32,48,30,295,160,130,0,0,0,16,512,-1,485.785156,485.480469,0.3046875,0.5,7618.451,7618.951,0,0,0,0,0,0,0,0,0,0,0,0,512,600,1200,3000,52,0.974000037,1.30500007,0,2,15,37,2670,10451.9824,999,1001,30,30,6,3,1,0,18.977,17.102,0.975,11381.6563,284.5078,5.86051559,0,0,0,0.00309270364,0,0.7352657,0.725071549,0,0,0.007633265,0,0,0,46.96875,44,16376,4692,11683,71.34283,52.243,19149824,15399936
05/27/2026 13:19:19,44,54,0,54,59,51,51,51,51,69,12.144001,5.04,1.312,1.396,0.982000053,0.314,0.676000059,3.292,2.046,0,3.37600017,3.37600017,3.124,54,45,45,44.5,979,709,0,839,768,0,0,0,0,0,12.5,3.12,3.12,3.12,3.12,15.62,0,0,5.08,15.62,33.53624,4399,302,4850,830,48.5,1.03179634,0.64375,4810,285,48.5,0.513587952,0.64375,4550,122,48.5,0.2273764,0.64375,3604,84,38.8,0.183421016,0.64375,4576,178,48.5,0.302140057,0.64375,4850,815,48.5,1.0085876,0.64375,3585,61,38.8,0.156458065,0.64375,4370,43,48.5,0.130361453,0.64375,54.1250076,48.7500038,99.99749,25.43238,11.4483833,68.95839,9.944126,4.936638,66.82538,39,0.25,0,55,0,85,0.416,1.01,16,16,16,32,48,30,295,160,130,0,0,0,16,39,0.25,0,55,0,85,0.416,1.01,16,16,16,32,48,30,295,160,130,0,0,0,16,512,-1,485.785156,485.480469,0.3046875,0.5,7618.451,7618.951,0,0,0,0,0,0,0,0,0,0,0,0,512,600,1200,3000,52,1.05000007,1.30500007,0,13,16,37,2670,10451.9824,1001,999,30,30,6,3,1,0,19.508,19.983,0.975,11381.6563,284.5078,5.442558,0,0,0,0.00217136974,0,0.769292355,0.7559554,0,0,0,0,0,0,47.03125,44,16376,4692,11683,71.34283,53.008,16649216,1.534976E+07
05/27/2026 13:19:21,44,54,0,54,59,51,51,51,51,69,12.144001,5.05,1.312,1.396,0.984,0.326,0.676000059,3.292,2.046,0,3.37600017,3.37600017,3.124,54,45,45,44.5,981,683,0,858,768,0,0,0,0,0,23.44,3.08,1.56,1.56,6.15,10.94,0,1.56,6.04,23.44,34.15347,3632,348,5050,1201,50.5,1.24520838,0.575,4024,329,40.4,0.5822303,0.575,3181,147,33.6666679,0.273250759,0.575,3187,106,33.6666679,0.2257951,0.575,3222,202,33.6666679,0.377772,0.575,4040,668,40.4,0.9838825,0.575,3159,75,33.6666679,0.199325934,0.575,3189,55,33.6666679,0.176572815,0.575,54.2500076,49.2500038,99.99749,25.4357414,11.4450226,68.9675,9.946651,4.93411255,66.84235,39,0.25,0,55,0,85,0.416,1.01,16,16,16,32,48,30,295,160,130,0,0,0,16,39,0.25,0,55,0,85,0.416,1.01,16,16,16,32,48,30,295,160,130,0,0,0,16,512,-1,485.785156,485.480469,0.3046875,0.5,7618.451,7618.951,0,0,0,0,0,0,0,0,0,0,0,0,512,600,1200,3000,52,0.969000041,1.30500007,0,4,16,37,2670,10451.9824,1000,1000,30,30,6,3,1,0,19.757,21.177,0.975,11382.1055,285.625,5.812782,0,0,0,0.00222350936,0,0.72952044,0.726718664,0,0,0.029374253,0,0,0,46.96875,44,16376,4692,11683,71.3455048,54.381,2049024,2.56E+07
05/27/2026 13:19:23,44,54,0,54,59,51,51,51,51,69,12.144001,5.04,1.312,1.396,0.98,0.318000019,0.676000059,3.29600024,2.046,0,3.37600017,3.37600017,3.124,54,45,45,44.5,990,683,0,852,767,0,0,0,0,0,26.56,6.35,3.12,3.12,6.35,18.75,1.56,3.12,8.62,26.56,34.104866,3770,343,5050,1083,50.5,1.17401385,0.575,3975,304,40.4,0.523614466,0.575,3750,134,40.4,0.267383844,0.575,3629,109,38.8,0.238781422,0.575,3018,211,32.3333321,0.3463073,0.58125,4850,780,48.5,1.042387,0.58125,2966,69,32.3333321,0.1956535,0.58125,2923,54,32.3333321,0.174615487,0.58125,54.3750076,49.2500038,99.99748,25.4332657,11.4474983,68.9607849,9.940838,4.939926,66.8032761,39,0.25,0,55,0,85,0.416,1.01,16,16,16,32,48,30,295,160,130,0,0,0,16,39,0.25,0,55,0,85,0.416,1.01,16,16,16,32,48,30,295,160,130,0,0,0,16,512,-1,485.785156,485.480469,0.3046875,0.5,7618.451,7618.951,0,0,0,0,0,0,0,0,0,0,0,0,512,600,1200,3000,52,0.789000034,1.30500007,0,1,16,37,2670,10451.9824,1000,1000,30,30,6,3,1,0,19.137,18.256,0.975,11382.1055,285.8711,5.92838669,0,0,0,0.00216841162,0,0.742113531,0.737118065,0,0,0,0,0,0,47.03125,44,16376,4692,11683,71.3455048,53.077,99328,24399872
05/27/2026 13:19:25,44,54,0,54,59,51,51,51,51,69,12.144001,5.05,1.312,1.396,0.988000035,0.326,0.676000059,3.292,2.046,0,3.37600017,3.37600017,3.124,54,45,44.5,44.5,981,709,0,838,749,0,0,0,0,0,17.19,10.94,1.54,1.54,0,18.75,1.54,0,6.44,18.75,34.5962944,3483,324,4850,1074,48.5,1.16204691,0.64375,3191,301,32.3333321,0.5462382,0.64375,3017,132,32.3333321,0.2579131,0.64375,3008,100,32.3333321,0.218143627,0.64375,3009,178,32.3333321,0.317351282,0.64375,4850,665,48.5,0.9638551,0.64375,2986,78,32.3333321,0.198951751,0.64375,2953,62,32.3333321,0.173620865,0.64375,54.5000076,49.2500038,99.99749,25.4684143,11.41235,69.05609,9.973038,4.90772629,67.01966,39,0.25,0,55,0,85,0.416,1.01,16,16,16,32,48,30,295,160,130,0,0,0,16,39,0.25,0,55,0,85,0.416,1.01,16,16,16,32,48,30,295,160,130,0,0,0,16,512,-1,485.785156,485.480469,0.3046875,0.5,7618.451,7618.951,0,0,0,0,0,0,0,0,0,0,0,0,512,600,1200,3000,52,0.955000043,1.30500007,0,4,16,37,2670,10451.9824,1000,1000,30,30,6,3,2,0,19.008,18.48,0.975,11382.1055,285.8711,5.68221331,0,0,0,0.00207022578,0,0.719921,0.7155364,0,0,0,0,0,0,46.84375,44,16376,4692,11683,71.3455048,52.247,107348992,299008
05/27/2026 13:19:27,44,54,0,54,59,51,51,51,51,69,12.144001,5.05,1.312,1.396,0.990000069,0.33,0.676000059,3.292,2.046,0,3.37600017,3.37600017,3.124,54,45,45,44.5,988,709,0,854,768,0,0,0,0,0,20.31,0,1.59,1.59,0,7.81,1.59,0,4.11,20.31,33.47417,3604,287,5050,1064,50.5,1.06898272,0.56875,3968,263,40.4,0.409543365,0.56875,3067,102,33.6666679,0.2137189,0.56875,3012,88,33.6666679,0.180466577,0.56875,3695,152,40.4,0.272429347,0.56875,4040,526,40.4,0.8633155,0.56875,3005,56,33.6666679,0.152364269,0.56875,2998,47,33.6666679,0.134392947,0.56875,54.2500076,49.2500038,99.99749,25.435112,11.445652,68.9658,9.947552,4.93321228,66.84839,39,0.25,0,55,0,85,0.416,1.01,16,16,16,32,48,30,295,160,130,0,0,0,16,39,0.25,0,55,0,85,0.416,1.01,16,16,16,32,48,30,295,160,130,0,0,0,16,512,-1,485.785156,485.480469,0.3046875,0.5,7618.451,7618.951,0,0,0,0,0,0,0,0,0,0,0,0,512,600,1200,3000,52,0.965000033,1.30500007,0,1,16,37,2670,10451.9824,1000,1001,30,30,6,3,1,0,19.663,22.529,0.975,11382.1055,285.8711,5.81172562,0,0,0,0.00294191134,0,0.7365861,0.7252013,0,0,0,0,0,0,46.90625,44,16376,4692,11683,71.3455048,53.238,249856,19549184
05/27/2026 13:19:29,44,54,0,54,59,51,51,51,51,69,12.144001,5.04,1.312,1.396,0.990000069,0.320000023,0.676000059,3.29600024,2.046,0,3.37600017,3.37600017,3.124,54,45.5,45,44.5,981,683,0,857,749,0,0,0,0,0,13.85,0,1.54,0,4.62,12.31,0,0,4.04,13.85,34.2015572,4218,352,4850,1075,48.5,1.16509545,0.65,3880,344,38.8,0.628183961,0.65,3689,129,38.8,0.2568959,0.65,4542,87,48.5,0.214291066,0.61875,4633,194,48.5,0.342844576,0.61875,4850,853,48.5,1.12007761,0.61875,3644,67,38.8,0.18364574,0.61875,3659,67,38.8,0.170509875,0.61875,54.3750076,48.7500038,99.99749,25.4658775,11.4148865,69.04921,9.97197,4.9087944,67.01248,39,0.25,0,55,0,85,0.416,1.01,16,16,16,32,48,30,295,160,130,0,0,0,16,39,0.25,0,55,0,85,0.416,1.01,16,16,16,32,48,30,295,160,130,0,0,0,16,512,-1,485.785156,485.480469,0.3046875,0.5,7618.451,7618.951,0,0,0,0,0,0,0,0,0,0,0,0,512,600,1200,3000,52,0.974000037,1.30500007,0,2,16,37,2670,10451.9824,1000,999,30,30,7,3,1,0,19.504,19.436,0.975,11382.1055,285.8711,6.050319,0,0,0,0.00327176484,0,0.772983551,0.770580053,0,0,0,0,0,0,47.03125,44,16376,4692,11683,71.3455048,54.08,9.789952E+07,249856
05/27/2026 13:19:31,45,54,0,55,60,53,53,54,54,71,12.144001,5.04,1.312,1.39200008,0.984,0.316,0.676000059,3.292,2.046,0,3.37200022,3.37200022,3.12000012,58,45,45,44.5,1008,683,0,855,749,0,0,0,0,0,20.31,6.25,0,0,1.56,10.94,0,1.56,5.08,20.31,33.9797249,4199,333,4850,1018,48.5,1.07607079,0.5625,4850,299,48.5,0.5016519,0.5625,4678,121,48.5,0.251322567,0.5625,3105,86,32.3333321,0.209804773,0.5625,4721,191,48.5,0.341479033,0.5625,5000,824,50,1.09257877,0.54375,3206,69,33.3333321,0.18879436,0.54375,3181,59,33.3333321,0.166935354,0.54375,58.1250076,49.7500038,99.99749,25.468483,11.412281,69.0562744,9.853832,5.026932,66.21859,39,0.25,0,55,0,85,0.416,1.01,16,16,16,32,48,30,295,160,130,0,0,0,16,39,0.25,0,55,0,85,0.416,1.01,16,16,16,32,48,30,295,160,130,0,0,0,16,512,-1,485.785156,485.480469,0.3046875,0.5,7618.451,7618.951,0,0,0,0,0,0,0,0,0,0,0,0,512,600,1200,3000,52,0.965000033,1.30500007,0,2,16,38,2670,10451.9824,1001,1001,30,30,7,3,1,0,19.18,20.032,0.975,11382.1055,285.8711,11.4000568,0,0,0,0.002990365,0,0.7229332,0.715452254,0,0,0,0,0,0,46.90625,44,16376,4692,11683,71.3455048,52.55,1.012992E+08,249856
05/27/2026 13:19:33,46,54,0,55,60,56,56,56,56,73,12.144001,5.04,1.312,1.396,0.98,0.318000019,0.676000059,3.292,2.046,0,3.37200022,3.37200022,3.124,57,45,45,44.5,1031,683,0,854,756,0,0,0,0,0,10.77,4.69,1.56,3.12,3.12,9.23,1.56,0,4.26,10.77,34.8947334,3436,325,4850,1016,48.5,1.09391332,0.64375,3161,311,32.3333321,0.51767683,0.64375,2947,114,32.3333321,0.240673527,0.64375,2915,88,32.3333321,0.202048764,0.64375,3006,183,32.3333321,0.335232943,0.64375,4850,775,48.5,1.05314362,0.64375,2871,60,32.3333321,0.1770379,0.64375,2892,55,32.3333321,0.154305682,0.64375,57.6250076,49.2500038,99.99748,25.4658623,11.4149017,69.04917,9.852131,5.028633,66.20715,39,0.25,0,55,0,85,0.416,1.01,16,16,16,32,48,30,295,160,130,0,0,0,16,39,0.25,0,55,0,85,0.416,1.01,16,16,16,32,48,30,295,160,130,0,0,0,16,512,-1,485.785156,485.480469,0.3046875,0.5,7618.451,7618.951,0,0,0,0,0,0,0,0,0,0,0,0,512,600,1200,3000,52,0.965000033,1.30500007,0,1,16,37,2670,10451.9824,1000,998,30,30,7,3,1,0,19.365,20.786,0.975,11382.1055,285.8711,11.14299,0,0,0,0.00210369914,0,0.7173909,0.707717836,0,0,0,0,0,0,47,44,16376,4692,11683,71.3455048,52.679,1399808,21599232
05/27/2026 13:19:35,47,54,0,56,61,54,54,54,54,71,12.144001,5.04,1.312,1.39200008,0.990000069,0.324,0.676000059,3.292,2.046,0,3.37600017,3.37200022,3.124,56,45,44.5,44.5,1058,683,0,857,765,0,0,0,0,0,14.06,1.56,3.08,0,1.54,15.62,0,0,4.48,15.62,33.9543381,4173,330,4850,1119,48.5,1.17560458,0.65,4850,296,48.5,0.5022745,0.65,3767,132,38.8,0.257023752,0.65,3815,100,38.8,0.2154904,0.65,3760,178,38.8,0.310026646,0.65,4850,674,48.5,0.9662355,0.65,3749,81,38.8,0.1894219,0.65,3743,64,38.8,0.166179016,0.65,56.3750076,49.2500038,99.99749,25.46133,11.4194336,69.03688,9.853024,5.02774048,66.21316,39,0.25,0,55,0,85,0.416,1.01,16,16,16,32,48,30,295,160,130,0,0,0,16,39,0.25,0,55,0,85,0.416,1.01,16,16,16,32,48,30,295,160,130,0,0,0,16,512,-1,485.785156,485.480469,0.3046875,0.5,7618.451,7618.951,0,0,0,0,0,0,0,0,0,0,0,0,512,600,1200,3000,53,0.979000032,1.30500007,0,4,15,37,2670,10451.9824,999,999,30,30,7,3,1,0,19.755,22.894,0.975,11382.1055,285.8711,6.16221857,0,0,0,0.002925647,0,0.7212516,0.720813751,0,0,0,0,0,0,46.90625,44,16376,4692,11683,71.3455048,54.12,4099072,1.979904E+07
05/27/2026 13:19:37,47,54,0,56,62,53,53,53,53,71,12.12,5.04,1.312,1.39200008,0.988000035,0.320000023,0.676000059,3.292,2.046,0,3.37200022,3.37200022,3.124,55,45,45,44.5,1047,709,0,882,773,0,0,0,0,0,21.88,12.5,6.25,4.69,6.25,18.75,4.69,4.69,9.96,21.88,34.3615837,3579,335,5050,1148,50.5,1.16539133,0.55,4040,329,40.4,0.5282147,0.55,3136,126,33.6666679,0.246261746,0.55,3111,98,33.6666679,0.206748113,0.55,3185,189,33.6666679,0.328819752,0.55,4040,653,40.4,0.9691126,0.55,3062,74,33.6666679,0.188265428,0.55,3006,66,33.6666679,0.168846339,0.575,55.7500076,49.2500038,99.99749,25.4356956,11.4450684,68.96738,9.831657,5.0491066,66.06958,39,0.25,0,55,0,85,0.416,1.01,16,16,16,32,48,30,295,160,130,0,0,0,16,39,0.25,0,55,0,85,0.416,1.01,16,16,16,32,48,30,295,160,130,0,0,0,16,512,-1,485.785156,485.480469,0.3046875,0.5,7618.451,7618.951,0,0,0,0,0,0,0,0,0,0,0,0,512,600,1200,3000,52,0.965000033,1.30500007,0,2,16,37,2670,10451.9824,1000,1000,30,30,7,3,1,0,19.39,21.192,0.975,11382.1055,285.8711,6.17959166,0,0,0,0.00305839186,0,0.7674149,0.759608,0,0,0,0,0,0,46.875,44,16376,4692,11683,71.3455048,53.831,949248,21199872
05/27/2026 13:19:39,45,54,0,55,60,53,53,53,53,70,12.144001,5.04,1.312,1.39200008,0.984,0.33,0.676000059,3.292,2.046,0,3.37200022,3.37200022,3.12000012,55,45,45,44.5,1048,709,0,867,780,0,0,0,0,0,23.81,6.35,1.59,1.59,3.17,12.7,1.59,3.17,6.75,23.81,34.63068,3959,312,4850,1115,48.5,1.128042,0.64375,3880,282,38.8,0.5013342,0.65,3664,112,38.8,0.226660922,0.65,3609,74,38.8,0.185603827,0.65,3670,167,38.8,0.299976081,0.65,4850,646,48.5,0.9569345,0.65,3551,54,38.8,0.158442289,0.65,3596,46,38.8,0.143602386,0.65,55.6250076,49.2500038,99.99749,25.4636612,11.4171028,69.0432053,9.853897,5.026867,66.2190247,39,0.25,0,55,0,85,0.416,1.01,16,16,16,32,48,30,295,160,130,0,0,0,16,39,0.25,0,55,0,85,0.416,1.01,16,16,16,32,48,30,295,160,130,0,0,0,16,512,-1,485.785156,485.480469,0.3046875,0.5,7618.451,7618.951,0,0,0,0,0,0,0,0,0,0,0,0,512,600,1200,3000,52,0.969000041,1.30500007,0,4,16,37,2670,10451.9824,999,1001,30,30,6,3,1,0,19.015,17.206,0.975,11382.1055,285.8711,8.799203,0,0,0,0.00200203829,0,0.7339473,0.732804656,0,0,0,0,0,0,46.90625,44,16376,4692,11683,71.3455048,52.302,9.089946E+07,249856
05/27/2026 13:19:41,45,54,0,55,60,53,53,53,53,70,12.144001,5.04,1.312,1.396,0.984,0.33,0.676000059,3.292,2.046,0,3.37600017,3.37600017,3.124,55,45,45,44.5,1012,683,0,879,796,0,0,0,0,0,28.57,11.11,4.69,3.12,3.17,15.87,3.12,3.12,9.1,28.57,34.07742,4430,331,4850,1092,48.5,1.12041736,0.6375,4850,342,48.5,0.5227277,0.6375,4565,130,48.5,0.260181338,0.6375,2970,85,32.3333321,0.2063848,0.6375,4600,207,48.5,0.339244634,0.6375,4850,666,48.5,0.980178058,0.64375,4351,71,48.5,0.181148008,0.64375,4400,56,48.5,0.16676335,0.64375,55.2500076,49.2500038,99.99749,25.437397,11.443367,68.97199,9.83542252,5.04534149,66.09488,39,0.25,0,55,0,85,0.416,1.01,16,16,16,32,48,30,295,160,130,0,0,0,16,39,0.25,0,55,0,85,0.416,1.01,16,16,16,32,48,30,295,160,130,0,0,0,16,512,-1,485.785156,485.480469,0.3046875,0.5,7618.451,7618.951,0,0,0,0,0,0,0,0,0,0,0,0,512,600,1200,3000,52,0.955000043,1.30500007,0,2,16,37,2670,10451.9824,1001,1000,30,30,6,3,1,0,19.432,19.774,0.975,11382.1055,285.8711,5.863036,0,0,0,0.00351017178,0,0.709937155,0.706456363,0,0,0,0,0,0,46.8125,44,16376,4692,11683,71.3455048,53.151,9.074995E+07,249856
05/27/2026 13:19:43,45,54,0,55,60,53,53,53,53,70,12.144001,5.04,1.312,1.396,0.982000053,0.316,0.676000059,3.292,2.046,0,3.37600017,3.37600017,3.124,55,45,45,44.5,1010,683,0,855,786,0,0,0,0,0,15.62,6.15,0,0,1.54,12.31,0,0,4.45,15.62,33.8883934,3536,323,4850,1009,48.5,1.071765,0.64375,3233,324,32.3333321,0.5209322,0.64375,3064,133,32.3333321,0.268591255,0.64375,3029,100,32.3333321,0.211112,0.64375,3090,183,32.3333321,0.333055168,0.64375,4850,695,48.5,0.9944597,0.64375,3114,83,32.3333321,0.196979344,0.64375,3055,54,32.3333321,0.167624608,0.64375,55.0000076,48.7500038,99.99749,25.4365234,11.4442406,68.96962,9.824913,5.055851,66.0242538,39,0.25,0,55,0,85,0.416,1.01,16,16,16,32,48,30,295,160,130,0,0,0,16,39,0.25,0,55,0,85,0.416,1.01,16,16,16,32,48,30,295,160,130,0,0,0,16,512,-1,485.785156,485.480469,0.3046875,0.5,7618.451,7618.951,0,0,0,0,0,0,0,0,0,0,0,0,512,600,1200,3000,52,0.965000033,1.30500007,0,1,16,37,2670,10451.9824,999,1000,30,30,6,3,1,0,19.739,24.218,0.975,11382.1055,285.8711,5.8742733,0,0,0,0.00299179135,0,0.7198824,0.7155731,0,0,0,0,0,0,46.875,44,16376,4692,11683,71.3455048,54.458,102649856,749568
05/27/2026 13:19:45,44,54,0,54,59,51,51,51,51,69,12.144001,5.04,1.312,1.396,0.990000069,0.318000019,0.676000059,3.29600024,2.046,0,3.37600017,3.37600017,3.124,54,45,45,44.5,1003,709,0,856,784,0,0,0,0,0,22.22,1.59,0,0,0,20.63,0,0,5.56,22.22,34.05774,4026,316,4040,953,40.4,1.05950224,0.55,4032,297,40.4,0.542666554,0.55,3817,122,40.4,0.220538631,0.55,3817,75,40.4,0.18138957,0.55,3892,172,40.4,0.279479027,0.55,5050,803,50.5,1.05199134,0.55,3785,58,40.4,0.15473786,0.55,3771,46,40.4,0.1320661,0.55,54.6250076,49.2500038,99.99748,25.467289,11.413475,69.05304,9.855667,5.025097,66.23092,39,0.25,0,55,0,85,0.416,1.01,16,16,16,32,48,30,295,160,130,0,0,0,16,39,0.25,0,55,0,85,0.416,1.01,16,16,16,32,48,30,295,160,130,0,0,0,16,512,-1,485.785156,485.480469,0.3046875,0.5,7618.451,7618.951,0,0,0,0,0,0,0,0,0,0,0,0,512,600,1200,3000,52,0.849000037,1.30500007,0,2,15,37,2670,10451.9824,1001,999,30,30,6,3,1,0,19.18,23.179,0.975,11382.1055,285.8711,5.89216232,0,0,0,0.00230382616,0,0.753675938,0.749048,0,0,0,0,0,0,47.03125,44,16376,4692,11683,71.3455048,53.247,949248,19299328
05/27/2026 13:19:47,44,54,0,54,59,51,51,51,51,69,12.144001,5.04,1.312,1.396,0.982000053,0.316,0.676000059,3.292,2.046,0,3.37600017,3.37600017,3.124,54,45,45,44.5,980,709,0,848,756,0,0,0,0,0,18.75,4.62,1.54,0,1.54,10.94,0,0,4.67,18.75,34.7641258,3501,322,3233,1088,32.3333321,1.12956381,0.64375,4826,292,48.5,0.5305488,0.64375,3066,119,32.3333321,0.2306734,0.64375,2995,79,32.3333321,0.199301228,0.64375,3086,175,32.3333321,0.322492242,0.64375,4850,726,48.5,1.00439048,0.64375,2995,53,32.3333321,0.163513809,0.64375,2960,43,32.3333321,0.136917278,0.64375,54.6250076,49.2500038,99.99749,25.468544,11.41222,69.05644,9.856689,5.02407455,66.23779,39,0.25,0,55,0,85,0.416,1.01,16,16,16,32,48,30,295,160,130,0,0,0,16,39,0.25,0,55,0,85,0.416,1.01,16,16,16,32,48,30,295,160,130,0,0,0,16,512,-1,485.785156,485.480469,0.3046875,0.5,7618.451,7618.951,0,0,0,0,0,0,0,0,0,0,0,0,512,600,1200,3000,52,0.974000037,1.30500007,0,1,15,37,2670,10451.9824,1001,1001,30,30,5,3,1,0,17.919,18.386,0.975,11382.1055,285.8711,4.928263,0,0,0,0.00345466053,0,0.7613775,0.7605069,0,0,0,0,0,0,46.90625,44,16376,4692,11683,71.3455048,52.381,7.534899E+07,499712
05/27/2026 13:19:49,44,54,0,54,59,51,51,51,51,69,12.144001,5.04,1.312,1.396,0.984,0.318000019,0.676000059,3.292,2.046,0,3.37600017,3.37600017,3.124,54,45,45,44.5,990,683,0,855,753,0,0,0,0,0,17.19,6.25,3.12,0,3.12,4.69,1.56,0,4.49,17.19,33.620285,4033,309,4040,1071,40.4,1.0965873,0.54375,5050,292,50.5,0.5431902,0.54375,3905,127,40.4,0.23842223,0.54375,3830,88,40.4,0.18838957,0.54375,3853,177,40.4,0.301593423,0.54375,4040,613,40.4,0.936212957,0.54375,3767,56,40.4,0.158077925,0.54375,3777,46,40.4,0.1379932,0.54375,54.3750076,49.2500038,99.9975,25.4365578,11.4442062,68.96971,9.828819,5.05194473,66.05051,39,0.25,0,55,0,85,0.416,1.01,16,16,16,32,48,30,295,160,130,0,0,0,16,39,0.25,0,55,0,85,0.416,1.01,16,16,16,32,48,30,295,160,130,0,0,0,16,512,-1,485.785156,485.480469,0.3046875,0.5,7618.451,7618.951,0,0,0,0,0,0,0,0,0,0,0,0,512,600,1200,3000,52,0.854000032,1.30500007,0,0,15,37,2670,10451.9824,1000,1000,30,30,6,3,1,0,19.662,24.502,0.975,11382.1055,285.8711,5.101902,0,0,0,0.00297803525,0,0.7796775,0.766629934,0,0,0,0,0,0,46.96875,44,16376,4692,11683,71.3455048,53.514,899072,2.004992E+07
05/27/2026 13:19:51,44,54,0,54,59,51,51,51,51,69,12.144001,5.04,1.312,1.396,0.9760001,0.318000019,0.676000059,3.29600024,2.046,0,3.37600017,3.37600017,3.124,54,45,44.5,44.5,980,683,0,842,749,0,0,0,0,0,15.87,6.35,0,0,3.17,9.52,0,0,4.37,15.87,33.7436752,3923,321,5050,1000,50.5,1.0664407,0.525,4032,315,40.4,0.5047401,0.525,3731,116,40.4,0.24766922,0.525,3698,91,40.4,0.204696685,0.525,3764,182,40.4,0.332590073,0.525,5050,743,50.5,1.031517,0.525,3021,66,33.6666679,0.174011111,0.5625,3040,53,33.6666679,0.154511034,0.5625,54.2500076,50.5000038,99.99749,25.4379921,11.4427719,68.9736,9.83379,5.046974,66.08391,39,0.25,0,55,0,85,0.416,1.01,16,16,16,32,48,30,295,160,130,0,0,0,16,39,0.25,0,55,0,85,0.416,1.01,16,16,16,32,48,30,295,160,130,0,0,0,16,512,-1,485.785156,485.480469,0.3046875,0.5,7618.451,7618.951,0,0,0,0,0,0,0,0,0,0,0,0,512,600,1200,3000,53,0.825000048,1.30500007,0,0,15,37,2670,10451.9824,1000,1000,30,30,6,3,1,0,19.525,23.791,0.975,11382.1055,285.8711,6.067534,0,0,0,0.00300603453,0,0.7483002,0.7413772,0,0,0,0,0,0,46.875,44,16376,4692,11683,71.3455048,54.246,149504,20749312
05/27/2026 13:19:53,44,54,0,54,59,51,51,51,51,69,12.144001,5.04,1.312,1.396,0.978000045,0.318000019,0.676000059,3.292,2.046,0,3.37600017,3.37200022,3.124,54,45,45,44.5,975,683,0,860,749,0,0,0,0,0,21.54,7.69,1.56,3.12,3.08,10.77,0,1.56,6.17,21.54,34.10044,4043,302,4850,1010,48.5,1.0732882,0.54375,4693,264,48.5,0.489021659,0.54375,3620,109,38.8,0.2099855,0.54375,3612,78,38.8,0.179987565,0.54375,3607,158,38.8,0.27303043,0.54375,4850,697,48.5,0.979798853,0.54375,3588,51,38.8,0.151913971,0.54375,3524,48,38.8,0.122178733,0.54375,54.2500076,49.2500038,99.99748,25.4657974,11.4149666,69.048996,9.853607,5.027157,66.21708,39,0.25,0,55,0,85,0.416,1.01,16,16,16,32,48,30,295,160,130,0,0,0,16,39,0.25,0,55,0,85,0.416,1.01,16,16,16,32,48,30,295,160,130,0,0,0,16,512,-1,485.785156,485.480469,0.3046875,0.5,7618.451,7618.951,0,0,0,0,0,0,0,0,0,0,0,0,512,600,1200,3000,52,0.965000033,1.30500007,0,0,15,37,2670,10451.9824,1000,1001,30,30,6,3,1,0,18.909,23.136,0.975,11382.1055,285.8711,4.8693223,0,0,0,0.00146853016,0,0.762622952,0.7520698,0,0,0,0,0,0,47,44,16376,4692,11683,71.3455048,52.506,899072,17149952
05/27/2026 13:19:55,44,54,0,54,59,51,51,51,51,69,12.144001,5.04,1.312,1.396,0.986000061,0.318000019,0.676000059,3.29600024,2.046,0,3.37600017,3.37600017,3.124,54,45,45,44.5,990,709,0,839,749,0,0,0,0,0,20.63,7.94,3.17,3.17,3.17,12.7,1.59,0,6.55,20.63,34.2387238,4407,347,4850,1072,48.5,1.13750231,0.64375,3880,311,38.8,0.528082967,0.64375,3758,133,38.8,0.249328762,0.64375,3743,96,38.8,0.209967509,0.64375,4780,208,48.5,0.3331568,0.65,4850,826,48.5,1.0828563,0.61875,4678,70,48.5,0.175497711,0.61875,4714,60,48.5,0.1631256,0.61875,54.2500076,49.2500038,99.99749,25.4404221,11.4403419,68.9801941,9.826359,5.054405,66.0339661,39,0.25,0,55,0,85,0.416,1.01,16,16,16,32,48,30,295,160,130,0,0,0,16,39,0.25,0,55,0,85,0.416,1.01,16,16,16,32,48,30,295,160,130,0,0,0,16,512,-1,485.785156,485.480469,0.3046875,0.5,7618.451,7618.951,0,0,0,0,0,0,0,0,0,0,0,0,512,600,1200,3000,52,0.965000033,1.30500007,0,1,15,37,2670,10451.9824,1000,998,30,30,6,3,1,0,19.215,23.218,0.975,11382.48,285.8711,5.051553,0,0,0,0.00383101054,0,0.7225906,0.7218704,0,0,0.017644655,0,0,0,46.90625,44,16376,4692,11683,71.34779,52.242,0,17549312
05/27/2026 13:19:57,44,54,0,54,59,51,51,51,51,69,12.144001,5.04,1.312,1.396,0.988000035,0.316,0.676000059,3.292,2.046,0,3.37600017,3.37600017,3.124,54,45,45,44.5,979,709,0,843,768,0,0,0,0,0,23.08,6.15,1.56,0,0,7.69,0,1.56,5.01,23.08,33.45296,4024,283,4040,1044,40.4,1.0769943,0.56875,3913,261,40.4,0.4308771,0.56875,4681,98,50.5,0.213668153,0.56875,3666,70,40.4,0.171438172,0.56875,3672,146,40.4,0.277753323,0.56875,5050,554,50.5,0.8844946,0.56875,3546,47,40.4,0.1486062,0.56875,3625,44,40.4,0.12620157,0.56875,54.1250076,49.2500038,99.99749,25.4692535,11.41151,69.0583649,9.854584,5.02618027,66.22364,39,0.25,0,55,0,85,0.416,1.01,16,16,16,32,48,30,295,160,130,0,0,0,16,39,0.25,0,55,0,85,0.416,1.01,16,16,16,32,48,30,295,160,130,0,0,0,16,512,-1,485.785156,485.480469,0.3046875,0.5,7618.451,7618.951,0,0,0,0,0,0,0,0,0,0,0,0,512,600,1200,3000,52,0.989,1.30500007,0,8,16,37,2670,10451.9824,999,1000,30,30,6,3,1,0,19.628,24.432,0.975,11382.48,285.8711,5.10039759,0,0,0,0.00221047131,0,0.7279852,0.7212338,0,0,0,0,0,0,46.84375,44,16376,4692,11683,71.34779,53.858,149504,17399808
05/27/2026 13:19:59,44,54,0,54,59,51,51,51,51,69,12.144001,5.05,1.312,1.396,0.984,0.318000019,0.676000059,3.292,2.046,0,3.37600017,3.37600017,3.124,54,45.5,45,44.5,990,683,0,854,748,0,0,0,0,0,30.16,4.76,3.17,0,1.59,14.29,0,0,6.75,30.16,34.1588326,4175,314,4850,1140,48.5,1.14295316,0.61875,4834,270,48.5,0.471855283,0.61875,4768,137,48.5,0.23793681,0.61875,3159,94,32.3333321,0.1844724,0.61875,4739,173,48.5,0.302587479,0.61875,4850,593,48.5,0.9079487,0.61875,3104,55,32.3333321,0.156979963,0.61875,3097,48,32.3333321,0.141015112,0.61875,54.2500076,49.2500038,99.99749,25.4707527,11.4100113,69.06243,9.85825348,5.02251053,66.24831,39,0.25,0,55,0,85,0.416,1.01,16,16,16,32,48,30,295,160,130,0,0,0,16,39,0.25,0,55,0,85,0.416,1.01,16,16,16,32,48,30,295,160,130,0,0,0,16,512,-1,485.785156,485.480469,0.3046875,0.5,7618.451,7618.951,0,0,0,0,0,0,0,0,0,0,0,0,512,600,1200,3000,52,0.974000037,1.30500007,0,6,16,37,2670,10451.9824,1001,1000,30,30,6,3,1,0,19.214,23.365,0.975,11382.48,285.8711,5.16244,0,0,0,0.00299493177,0,0.7447431,0.732743,0,0,0,0,0,0,46.96875,44,16376,4692,11683,71.34779,53.385,4299776,17299456
05/27/2026 13:20:01,44,54,0,54,59,51,51,51,51,69,12.144001,5.04,1.312,1.396,0.98,0.316,0.676000059,3.29600024,2.046,0,3.37200022,3.37200022,3.124,54,45,44.5,44.5,980,683,0,857,767,0,0,0,0,0,20,3.08,0,0,1.54,9.23,1.54,0,4.42,20,33.62704,3629,318,4850,1176,48.5,1.17707539,0.65,4731,292,48.5,0.572335,0.65,2974,111,32.3333321,0.236952722,0.65,2938,80,32.3333321,0.176751629,0.65,2956,162,32.3333321,0.299959153,0.65,4850,628,48.5,0.942594469,0.65,2913,53,32.3333321,0.161178187,0.65,2818,44,32.3333321,0.1328215,0.65,54.2500076,49.2500038,99.99749,25.4672012,11.4135628,69.0528,9.859116,5.02164841,66.25409,39,0.25,0,55,0,85,0.416,1.01,16,16,16,32,48,30,295,160,130,0,0,0,16,39,0.25,0,55,0,85,0.416,1.01,16,16,16,32,48,30,295,160,130,0,0,0,16,512,-1,485.785156,485.480469,0.3046875,0.5,7618.451,7618.951,0,0,0,0,0,0,0,0,0,0,0,0,512,600,1200,3000,52,0.969000041,1.30500007,0,2,15,37,2670,10451.9824,1000,1001,30,30,7,3,1,0,18.909,23.202,0.975,11382.48,286.101563,5.4018054,0,0,0,0.00225716177,0,0.7679819,0.761021435,0,0,0.007964699,0,0,0,47,44,16376,4692,11683,71.34779,51.962,1.6E+07,1.769984E+07
05/27/2026 13:20:03,44,54,0,54,59,51,51,51,51,69,12.144001,5.05,1.312,1.396,0.9760001,0.316,0.676000059,3.29600024,2.046,0,3.37600017,3.37600017,3.124,54,45.5,45,44.5,980,683,0,856,768,0,0,0,0,0,18.75,7.69,3.08,0,1.54,12.5,0,0,5.44,18.75,34.7778778,3871,323,4850,1153,48.5,1.18590069,0.65,4754,279,48.5,0.5354708,0.65,3054,140,32.3333321,0.259644,0.65,2962,88,32.3333321,0.211605668,0.65,4578,179,48.5,0.344367266,0.65,4850,627,48.5,0.9706355,0.65,2911,59,32.3333321,0.178430274,0.65,3010,62,32.3333321,0.161017686,0.65,54.3750076,49.2500038,99.99748,25.46856,11.4122047,69.05649,9.855217,5.025547,66.2279,39,0.25,0,55,0,85,0.416,1.01,16,16,16,32,48,30,295,160,130,0,0,0,16,39,0.25,0,55,0,85,0.416,1.01,16,16,16,32,48,30,295,160,130,0,0,0,16,512,-1,485.785156,485.480469,0.3046875,0.5,7618.451,7618.951,0,0,0,0,0,0,0,0,0,0,0,0,512,600,1200,3000,52,0.965000033,1.30500007,0,2,15,37,2670,10451.9824,999,1000,30,30,6,3,1,0,19.326,19.489,0.975,11382.48,286.101563,5.549207,0,0,0,0.00343033276,0,0.7573467,0.755892038,0,0,0,0,0,0,46.96875,44,16376,4692,11683,71.34779,52.555,9.159987E+07,299008
05/27/2026 13:20:05,44,54,0,54,59,51,51,51,51,69,12.144001,5.05,1.312,1.396,0.98,0.316,0.676000059,3.29600024,2.046,0,3.37600017,3.37600017,3.124,54,45,44.5,44.5,989,709,0,844,767,0,0,0,0,0,15.38,3.08,0,1.54,1.54,9.23,0,0,3.85,15.38,33.5386162,4111,290,4850,988,48.5,1.04265487,0.65,4850,276,48.5,0.483495653,0.65,3757,117,38.8,0.219324484,0.65,3679,86,38.8,0.187734857,0.65,3700,156,38.8,0.277913034,0.65,4850,601,48.5,0.9006,0.65,3619,51,38.8,0.153599858,0.65,3586,42,38.8,0.12646459,0.65,54.5000076,49.2500038,99.9975,25.43711,11.4436531,68.9712143,9.828293,5.052471,66.04697,39,0.25,0,55,0,85,0.416,1.01,16,16,16,32,48,30,295,160,130,0,0,0,16,39,0.25,0,55,0,85,0.416,1.01,16,16,16,32,48,30,295,160,130,0,0,0,16,512,-1,485.785156,485.480469,0.3046875,0.5,7618.451,7618.951,0,0,0,0,0,0,0,0,0,0,0,0,512,600,1200,3000,52,1.05000007,1.30500007,0,5,15,37,2670,10451.9824,1001,1001,30,30,6,3,1,0,19.559,24.315,0.975,11382.48,286.101563,5.34367466,0,0,0,0.00222524372,0,0.7424466,0.7409764,0,0,0,0,0,0,46.90625,44,16376,4692,11683,71.34779,54.218,8.814899E+07,2649088
05/27/2026 13:20:07,44,54,0,54,59,51,51,51,51,69,12.144001,5.04,1.312,1.396,0.984,0.326,0.676000059,3.292,2.046,0,3.37600017,3.37600017,3.124,54,45,45,44.5,992,709,0,858,749,0,0,0,0,0,20,6.15,1.54,0,3.08,15.38,1.54,0,5.96,20,34.2933578,3690,326,4850,1070,48.5,1.13715124,0.64375,4844,338,48.5,0.5448104,0.64375,2987,121,32.3333321,0.232143521,0.64375,2944,85,32.3333321,0.203787431,0.64375,3064,191,32.3333321,0.340380251,0.64375,4850,686,48.5,0.9904739,0.64375,2983,67,32.3333321,0.179547787,0.64375,2997,54,32.3333321,0.153609529,0.64375,54.3750076,49.2500038,99.99748,25.47004,11.4107246,69.0605,9.860104,5.0206604,66.2607346,39,0.25,0,55,0,85,0.416,1.01,16,16,16,32,48,30,295,160,130,0,0,0,16,39,0.25,0,55,0,85,0.416,1.01,16,16,16,32,48,30,295,160,130,0,0,0,16,512,-1,485.785156,485.480469,0.3046875,0.5,7618.451,7618.951,0,0,0,0,0,0,0,0,0,0,0,0,512,600,1200,3000,52,0.965000033,1.30500007,0,7,16,37,2670,10451.9824,1000,998,30,30,6,3,1,0,18.965,22.842,0.975,11382.48,285.988281,5.446979,0,0,0,0.00303718122,0,0.733263731,0.723129749,0,0,0.0101439841,0,0,0,47.03125,44,16376,4692,11683,71.34779,52.885,8.664986E+07,1099776
05/27/2026 13:20:09,44,54,0,54,59,51,51,51,51,69,12.12,5.04,1.312,1.39200008,0.98,0.316,0.676000059,3.292,2.046,0,3.37200022,3.37200022,3.12000012,54,45,44.5,44.5,980,683,0,840,768,0,0,0,0,0,20.31,4.69,1.56,3.08,3.12,12.5,1.56,1.56,6.05,20.31,34.08172,3956,350,5050,1225,50.5,1.261208,0.58125,4016,336,40.4,0.599269569,0.58125,3766,137,40.4,0.260128438,0.58125,3754,94,40.4,0.2159264,0.58125,3788,196,40.4,0.334985763,0.58125,4040,692,40.4,1.01848888,0.58125,3658,71,40.4,0.188528433,0.58125,3572,49,40.4,0.166594848,0.58125,54.3750076,49.2500038,99.99748,25.43843,11.4423332,68.97479,9.826019,5.05474472,66.0316849,39,0.25,0,55,0,85,0.416,1.01,16,16,16,32,48,30,295,160,130,0,0,0,16,39,0.25,0,55,0,85,0.416,1.01,16,16,16,32,48,30,295,160,130,0,0,0,16,512,-1,485.785156,485.480469,0.3046875,0.5,7618.451,7618.951,0,0,0,0,0,0,0,0,0,0,0,0,512,600,1200,3000,52,0.974000037,1.30500007,0,1,15,37,2670,10451.9824,1000,1001,30,30,6,3,2,0,18.942,18.173,0.975,11382.48,285.988281,5.439428,0,0,0,0.00220770226,0,0.7389189,0.7373239,0,0,0,0,0,0,46.90625,44,16376,4692,11683,71.34779,51.951,9.57993E+07,3399680
05/27/2026 13:20:11,44,54,0,54,59,51,51,51,51,69,12.12,5.04,1.31000006,1.39200008,0.988000035,0.322000027,0.676000059,3.292,2.046,0,3.37200022,3.37200022,3.12000012,54,45,45,44.5,984,683,0,859,750,0,0,0,0,0,12.7,3.17,1.59,0,3.17,15.87,0,0,4.56,15.87,34.0672035,3974,360,4040,913,40.4,1.130096,0.5625,4023,365,40.4,0.6625184,0.5625,3731,133,40.4,0.250275135,0.5625,3774,100,40.4,0.209063143,0.5625,3764,200,40.4,0.3314209,0.5625,5050,1052,50.5,1.190759,0.5625,3715,59,40.4,0.175089419,0.5625,3691,59,40.4,0.154914632,0.5625,54.3750076,49.2500038,99.99749,25.4701424,11.4106216,69.0607758,9.859364,5.02140045,66.25576,39,0.25,0,55,0,85,0.416,1.01,16,16,16,32,48,30,295,160,130,0,0,0,16,39,0.25,0,55,0,85,0.416,1.01,16,16,16,32,48,30,295,160,130,0,0,0,16,512,-1,485.785156,485.480469,0.3046875,0.5,7618.451,7618.951,0,0,0,0,0,0,0,0,0,0,0,0,512,600,1200,3000,52,1.069,1.30500007,0,14,16,37,2670,10451.9824,1000,1001,30,30,6,3,1,0,19.649,23.876,0.975,11382.48,285.988281,5.967403,0,0,0,0.00298755686,0,0.7795404,0.7741103,0,0,0,0,0,0,47.03125,44,16376,4692,11683,71.34779,53.228,899072,18699264
05/27/2026 13:20:13,44,54,0,54,59,51,51,51,51,69,12.12,5.04,1.31000006,1.39200008,0.996000051,0.33,0.676000059,3.292,2.046,0,3.37200022,3.37200022,3.12000012,54,45,45,44.5,978,710,0,841,749,0,0,0,0,0,21.88,4.69,1.54,0,4.62,17.19,0,0,6.24,21.88,34.1648445,3803,345,4850,962,48.5,1.12803316,0.6625,3813,307,38.8,0.5341378,0.64375,3658,145,38.8,0.2630699,0.64375,3551,87,38.8,0.213021934,0.64375,3654,185,38.8,0.315480918,0.64375,3880,955,38.8,1.1261549,0.64375,3464,61,38.8,0.177288547,0.64375,3551,59,38.8,0.16842714,0.64375,54.5000076,49.2500038,99.99749,25.4352531,11.4455109,68.96618,9.827526,5.053238,66.04181,39,0.25,0,55,0,85,0.416,1.01,16,16,16,32,48,30,295,160,130,0,0,0,16,39,0.25,0,55,0,85,0.416,1.01,16,16,16,32,48,30,295,160,130,0,0,0,16,512,-1,485.785156,485.480469,0.3046875,0.5,7618.451,7618.951,0,0,0,0,0,0,0,0,0,0,0,0,512,600,1200,3000,52,0.784000039,1.30500007,0,1,16,37,2670,10451.9824,1001,1000,30,30,6,3,1,0,19.582,20.379,0.975,11382.8555,285.988281,5.48179531,0,0,0,0.00222366676,0,0.7286281,0.718939245,0,0,0.0189805832,0,0,0,46.875,44,16376,4691,11684,71.35008,54.154,8.434995E+07,799744
05/27/2026 13:20:15,44,53,0,54,59,51,51,51,51,69,12.12,5.03,1.31000006,1.39200008,0.992000043,0.314,0.676000059,3.292,2.046,0,3.37200022,3.37200022,3.12000012,54,45,44.5,44.5,987,708,0,854,748,0,0,0,0,0,24.62,4.62,1.54,1.54,0,16.92,0,0,6.15,24.62,34.4521179,4087,366,4040,1057,40.4,1.19694948,0.55625,4040,390,40.4,0.6757325,0.55625,3943,132,40.4,0.261707783,0.55625,3900,99,40.4,0.219781026,0.55625,3933,195,40.4,0.3454229,0.55625,5050,935,50.5,1.14060855,0.55625,3880,64,40.4,0.194850311,0.55625,3913,60,40.4,0.169026777,0.55625,54.3750076,50.5000038,99.99749,25.433403,11.447361,68.96116,9.831398,5.049366,66.06783,39,0.25,0,55,0,85,0.416,1.01,16,16,16,32,48,30,295,160,130,0,0,0,16,39,0.25,0,55,0,85,0.416,1.01,16,16,16,32,48,30,295,160,130,0,0,0,16,512,-1,485.785156,485.480469,0.3046875,0.5,7618.451,7618.951,0,0,0,0,0,0,0,0,0,0,0,0,512,600,1200,3000,52,0.965000033,1.30500007,0,0,15,37,2670,10451.9824,1001,1001,30,30,7,3,1,0,19.027,17.911,0.975,11382.8555,285.988281,6.003706,0,0,0,0.00297498261,0,0.7896569,0.7766514,0,0,0,0,0,0,47,44,16376,4691,11684,71.35008,52.462,13799424,16249856
05/27/2026 13:20:17,44,54,0,54,59,51,51,51,51,69,12.144001,5.04,1.312,1.39200008,0.990000069,0.316,0.676000059,3.292,2.046,0,3.37200022,3.37200022,3.12000012,54,45,45,44.5,977,707,0,838,768,0,0,0,0,0,15.87,6.35,1.59,1.56,3.17,19.05,1.56,0,6.14,19.05,34.5884056,3669,315,4850,750,48.5,0.972331345,0.675,3179,313,32.3333321,0.5248199,0.675,3033,118,32.3333321,0.254590452,0.675,3002,88,32.3333321,0.207209826,0.65,4571,189,48.5,0.3214526,0.65,4850,967,48.5,1.13833094,0.65,2943,53,32.3333321,0.172582656,0.65,2925,44,32.3333321,0.1503202,0.65,54.5000076,49.2500038,99.99748,25.4645119,11.4162521,69.04551,9.856159,5.024605,66.23423,39,0.25,0,55,0,85,0.416,1.01,16,16,16,32,48,30,295,160,130,0,0,0,16,39,0.25,0,55,0,85,0.416,1.01,16,16,16,32,48,30,295,160,130,0,0,0,16,512,-1,485.785156,485.480469,0.3046875,0.5,7618.451,7618.951,0,0,0,0,0,0,0,0,0,0,0,0,512,600,1200,3000,53,0.974000037,1.30500007,0,5,15,37,2670,10451.9824,1000,998,30,30,5,3,1,0,19,18.132,0.975,11382.8555,285.7578,4.87654161,0,0,0,0.00248758169,0,0.7272357,0.717588961,0,0,0.007864283,0,0,0,47,44,16376,4691,11684,71.35008,51.911,9.089946E+07,299008
05/27/2026 13:20:19,44,54,0,54,59,51,51,51,51,69,12.144001,5.04,1.312,1.396,0.988000035,0.314,0.676000059,3.292,2.046,0,3.37200022,3.37200022,3.124,54,45,44.5,44.5,984,683,0,853,748,0,0,0,0,0,15.62,3.17,3.12,3.12,7.94,10.94,0,1.56,5.69,15.62,33.499218,3932,297,4850,847,48.5,1.0161953,0.625,3795,267,38.8,0.437659025,0.64375,3627,123,38.8,0.246068433,0.64375,3607,82,38.8,0.204184771,0.64375,3666,167,38.8,0.299888253,0.64375,4850,780,48.5,0.9902112,0.64375,3541,57,38.8,0.1755227,0.64375,3523,54,38.8,0.159975082,0.64375,54.5000076,49.2500038,99.99749,25.4650269,11.4157372,69.0469055,9.856659,5.024105,66.23759,39,0.25,0,55,0,85,0.416,1.01,16,16,16,32,48,30,295,160,130,0,0,0,16,39,0.25,0,55,0,85,0.416,1.01,16,16,16,32,48,30,295,160,130,0,0,0,16,512,-1,485.785156,485.480469,0.3046875,0.5,7618.451,7618.951,0,0,0,0,0,0,0,0,0,0,0,0,512,600,1200,3000,52,0.969000041,1.30500007,0,2,15,37,2670,10451.9824,1000,1001,30,30,6,3,1,0,19.586,24.314,0.975,11383.23,285.7578,5.006019,0,0,0,0.00312583148,0,0.7376862,0.7282687,0,0,0,0,0,0,47.03125,44,16376,4691,11684,71.35237,53.649,899072,16899072
05/27/2026 13:20:21,44,54,0,54,59,51,51,51,51,69,12.144001,5.04,1.312,1.396,0.986000061,0.316,0.676000059,3.292,2.046,0,3.37200022,3.37200022,3.124,54,45,45,44.5,977,683,0,840,768,0,0,0,0,0,12.5,3.12,1.59,4.76,0,14.06,0,0,4.5,14.06,33.6146545,4305,300,4850,958,48.5,1.036112,0.625,4750,260,48.5,0.452615321,0.625,4710,152,48.5,0.250150859,0.625,3578,82,38.8,0.193790033,0.625,4583,166,48.5,0.306664675,0.625,4850,661,48.5,0.925731063,0.625,3535,63,38.8,0.17258589,0.625,3584,54,38.8,0.164095044,0.64375,54.5000076,48.7500038,99.99748,25.4358063,11.4449577,68.96768,9.833351,5.047413,66.0809555,39,0.25,0,55,0,85,0.416,1.01,16,16,16,32,48,30,295,160,130,0,0,0,16,39,0.25,0,55,0,85,0.416,1.01,16,16,16,32,48,30,295,160,130,0,0,0,16,512,-1,485.785156,485.480469,0.3046875,0.5,7618.451,7618.951,0,0,0,0,0,0,0,0,0,0,0,0,512,600,1200,3000,52,0.784000039,1.30500007,0,0,16,37,2670,10451.9824,999,1000,30,30,6,3,1,0,19.2,23.379,0.975,11383.23,285.7578,4.988653,0,0,0,0.00233845762,0,0.732850552,0.721690238,0,0,0,0,0,0,46.96875,44,16376,4691,11684,71.35237,53.614,849920,17099776
05/27/2026 13:20:23,44,53,0,54,59,51,51,51,51,69,12.144001,5.04,1.312,1.39200008,0.988000035,0.314,0.676000059,3.292,2.046,0,3.37600017,3.37200022,3.12000012,54,44.5,45,44.5,977,708,0,858,768,0,0,0,0,0,15.62,6.25,0,1.56,1.56,7.81,0,0,4.1,15.62,33.7240448,4077,317,5050,896,50.5,1.02988088,0.54375,3900,270,40.4,0.4515047,0.54375,3739,142,40.4,0.242160574,0.54375,3740,101,40.4,0.206016973,0.54375,3747,178,40.4,0.3044977,0.54375,5050,809,50.5,1.04688346,0.53125,3687,82,40.4,0.176832274,0.53125,3700,58,40.4,0.157469928,0.53125,54.5000076,48.7500038,99.99749,25.43969,11.4410744,68.97821,9.837082,5.043682,66.1060257,39,0.25,0,55,0,85,0.416,1.01,16,16,16,32,48,30,295,160,130,0,0,0,16,39,0.25,0,55,0,85,0.416,1.01,16,16,16,32,48,30,295,160,130,0,0,0,16,512,-1,485.785156,485.480469,0.3046875,0.5,7618.451,7618.951,0,0,0,0,0,0,0,0,0,0,0,0,512,600,1200,3000,53,0.965000033,1.30500007,0,0,15,37,2670,10451.9824,1000,999,30,30,6,3,1,0,18.876,22.885,0.975,11383.23,285.7578,5.18940353,0,0,0,0.00230154279,0,0.748556256,0.735774457,0,0,0,0,0,0,46.90625,44,16376,4691,11684,71.35237,52.039,849920,17349632
05/27/2026 13:20:25,44,53,0,54,59,51,51,51,51,69,12.144001,5.04,1.312,1.396,0.982000053,0.324,0.676000059,3.292,2.046,0,3.37200022,3.37200022,3.12000012,54,45,45,44.5,990,701,0,839,768,0,0,0,0,0,21.88,3.12,3.12,0,3.12,9.38,0,0,5.08,21.88,33.694313,3672,274,4850,810,48.5,0.9415534,0.6875,4768,250,48.5,0.40644,0.6875,3022,107,32.3333321,0.2101735,0.64375,2989,68,32.3333321,0.164150432,0.64375,2992,142,32.3333321,0.2640986,0.64375,4850,719,48.5,0.9559384,0.64375,2951,51,32.3333321,0.144432664,0.64375,2951,45,32.3333321,0.124670081,0.64375,54.3750076,48.7500038,99.99748,25.44022,11.4405441,68.9796448,9.831547,5.049217,66.06883,39,0.25,0,55,0,85,0.416,1.01,16,16,16,32,48,30,295,160,130,0,0,0,16,39,0.25,0,55,0,85,0.416,1.01,16,16,16,32,48,30,295,160,130,0,0,0,16,512,-1,485.785156,485.480469,0.3046875,0.5,7618.451,7618.951,0,0,0,0,0,0,0,0,0,0,0,0,512,600,1200,3000,53,0.969000041,1.30500007,0,4,16,37,2670,10451.9824,1000,1000,30,30,6,3,1,0,19.472,19.877,0.975,11383.23,285.7578,4.95034647,0,0,0,0.00146916055,0,0.7172148,0.709065855,0,0,0,0,0,0,47.09375,44,16376,4691,11684,71.35237,52.683,7.709901E+07,299008
05/27/2026 13:20:27,44,54,0,54,59,51,51,51,51,69,12.144001,5.04,1.31000006,1.396,0.996000051,0.316,0.676000059,3.292,2.046,0,3.37600017,3.37200022,3.12000012,54,45,45,44.5,991,706,0,856,749,0,0,0,0,0,18.75,6.25,0,1.56,0,18.75,1.56,1.56,6.05,18.75,33.8915939,4074,338,4850,942,48.5,1.08895946,0.6375,3859,317,38.8,0.547582448,0.6375,4572,116,48.5,0.242771968,0.6375,3632,88,38.8,0.208573788,0.6375,3710,191,38.8,0.339801461,0.6375,4850,931,48.5,1.1220752,0.64375,3588,57,38.8,0.174421355,0.64375,3528,58,38.8,0.158747837,0.64375,54.2500076,49.2500038,99.99748,25.4406471,11.4401169,68.9808044,9.838821,5.0419426,66.1177139,39,0.25,0,55,0,85,0.416,1.01,16,16,16,32,48,30,295,160,130,0,0,0,16,39,0.25,0,55,0,85,0.416,1.01,16,16,16,32,48,30,295,160,130,0,0,0,16,512,-1,485.785156,485.480469,0.3046875,0.5,7618.451,7618.951,0,0,0,0,0,0,0,0,0,0,0,0,512,600,1200,3000,52,0.965000033,1.30500007,0,0,15,37,2670,10451.9824,1000,1000,30,30,6,3,1,0,19.767,20.176,0.975,11383.23,285.7578,5.1034255,0,0,0,0.002308139,0,0.7601072,0.7472476,0,0,0,0,0,0,47.03125,44,16376,4691,11684,71.35237,54.075,8.899994E+07,249856
05/27/2026 13:20:29,44,54,0,54,59,51,51,51,51,69,12.144001,5.04,1.312,1.39200008,1,0.320000023,0.676000059,3.292,2.046,0,3.37200022,3.37200022,3.124,54,45,45,44.5,980,709,0,856,768,0,0,0,0,0,15.62,3.12,0,1.56,3.12,15.62,0,1.56,5.08,15.62,33.93801,3682,329,4850,941,48.5,1.09212351,0.65,3202,298,32.3333321,0.5425221,0.65,4602,140,48.5,0.244686827,0.65,2970,85,32.3333321,0.201099321,0.65,3078,185,32.3333321,0.350648761,0.65,4850,855,48.5,1.06645513,0.65,2966,67,32.3333321,0.176938176,0.65,2941,58,32.3333321,0.151833117,0.65,54.3750076,49.2500038,99.9975,25.4367867,11.4439774,68.97034,9.834099,5.046665,66.08598,39,0.25,0,55,0,85,0.416,1.01,16,16,16,32,48,30,295,160,130,0,0,0,16,39,0.25,0,55,0,85,0.416,1.01,16,16,16,32,48,30,295,160,130,0,0,0,16,512,-1,485.785156,485.480469,0.3046875,0.5,7618.451,7618.951,0,0,0,0,0,0,0,0,0,0,0,0,512,600,1200,3000,53,0.965000033,1.30500007,0,2,15,37,2670,10451.9824,1000,999,30,30,6,3,1,0,19.256,18.041,0.975,11383.23,285.7578,5.495492,0,0,0,0.00294482824,0,0.798800051,0.7861558,0,0,0,0,0,0,47,44,16376,4691,11684,71.35237,53.46,7.729971E+07,249856
05/27/2026 13:20:31,44,54,0,54,59,51,51,51,51,69,12.144001,5.04,1.312,1.396,0.988000035,0.322000027,0.676000059,3.292,2.046,0,3.37600017,3.37200022,3.124,54,45,45,44.5,982,709,0,856,749,0,0,0,0,0,12.5,3.12,1.56,1.54,6.25,15.62,1.54,0,5.27,15.62,33.8756,3661,316,4850,906,48.5,1.05061769,0.63125,4721,274,48.5,0.5057212,0.63125,3032,143,32.3333321,0.2558148,0.63125,2940,75,32.3333321,0.193403065,0.64375,3029,186,32.3333321,0.3323638,0.64375,4850,835,48.5,1.04967117,0.64375,2913,60,32.3333321,0.169097915,0.64375,2950,47,32.3333321,0.151296526,0.64375,54.5000076,49.2500038,99.99749,25.4412079,11.4395561,68.98232,9.837219,5.043545,66.10695,39,0.25,0,55,0,85,0.416,1.01,16,16,16,32,48,30,295,160,130,0,0,0,16,39,0.25,0,55,0,85,0.416,1.01,16,16,16,32,48,30,295,160,130,0,0,0,16,512,-1,485.785156,485.480469,0.3046875,0.5,7618.451,7618.951,0,0,0,0,0,0,0,0,0,0,0,0,512,600,1200,3000,53,0.974000037,1.30500007,0,2,15,37,2670,10451.9824,1000,1000,30,30,6,3,1,0,18.992,17.414,0.975,11383.23,285.7578,5.30158138,0,0,0,0.00308320532,0,0.7720126,0.7496093,0,0,0,0,0,0,46.96875,44,16376,4691,11684,71.35237,52.315,8.65495E+07,299008
05/27/2026 13:20:33,44,53,0,54,59,51,51,51,51,69,12.12,5.04,1.31000006,1.39200008,1.006,0.318000019,0.676000059,3.288,2.046,0,3.37200022,3.37200022,3.12000012,54,45,44.5,44.5,977,682,0,844,749,0,0,0,0,0,16.92,4.62,4.69,1.56,6.25,23.08,1.56,0,7.33,23.08,34.4196434,3808,332,4850,995,48.5,1.13506579,0.78125,3699,277,38.8,0.507743359,0.78125,3534,109,38.8,0.224152848,0.78125,2941,77,33.2,0.188750833,0.78125,3823,182,41.5,0.3135564,0.66875,4150,908,41.5,1.09517121,0.66875,3795,68,41.5,0.184032455,0.66875,3668,44,41.5,0.138432816,0.66875,54.6250076,49.7500038,99.9975,25.43578,11.4449844,68.9676056,9.8326,5.04816437,66.0759048,39,0.25,0,55,0,85,0.416,1.01,16,16,16,32,48,30,295,160,130,0,0,0,16,39,0.25,0,55,0,85,0.416,1.01,16,16,16,32,48,30,295,160,130,0,0,0,16,512,-1,485.785156,485.480469,0.3046875,0.5,7618.451,7618.951,0,0,0,0,0,0,0,0,0,0,0,0,512,600,1200,3000,52,0.965000033,1.30500007,0,7,16,37,2670,10451.9824,1000,1000,30,30,6,3,1,0,18.192,20.1,0.975,11383.23,285.7578,4.93741846,0,0,0,0.00282788486,0,0.7216605,0.7139722,0,0,0,0,0,0,47,44,16376,4691,11684,71.35237,53.221,749568,99328
05/27/2026 13:20:35,44,53,0,54,59,51,51,51,51,69,12.12,5.04,1.31000006,1.39200008,1,0.322000027,0.676000059,3.288,2.046,0,3.37200022,3.37200022,3.12000012,54,44.5,44.5,44.5,988,679,0,843,749,0,0,0,0,0,20,4.62,1.56,3.12,3.08,16.92,1.56,3.12,6.75,20,33.74534,4017,313,4850,949,48.5,1.06024551,0.64375,3880,280,38.8,0.490575135,0.64375,3781,128,38.8,0.2571996,0.64375,3730,94,38.8,0.203731909,0.64375,3749,190,38.8,0.3358856,0.64375,4850,762,48.5,1.00536835,0.64375,3669,56,38.8,0.1677382,0.64375,3624,45,38.8,0.141201377,0.64375,54.5000076,48.7500038,99.99748,25.4656677,11.4150963,69.048645,9.855202,5.02556229,66.2278,39,0.25,0,55,0,85,0.416,1.01,16,16,16,32,48,30,295,160,130,0,0,0,16,39,0.25,0,55,0,85,0.416,1.01,16,16,16,32,48,30,295,160,130,0,0,0,16,512,-1,485.785156,485.480469,0.3046875,0.5,7618.451,7618.951,0,0,0,0,0,0,0,0,0,0,0,0,512,600,1200,3000,52,0.969000041,1.30500007,0,5,16,37,2670,10451.9824,1001,1000,30,30,6,3,1,0,18.251,20.036,0.975,11383.23,285.7578,5.011511,0,0,0,0.0021166075,0,0.725797653,0.7196267,0,0,0,0,0,0,46.90625,44,16376,4691,11684,71.35237,54.205,8.084992E+07,249856
05/27/2026 13:20:37,44,53,0,54,59,51,51,51,51,69,12.144001,5.04,1.31000006,1.39200008,0.986000061,0.318000019,0.676000059,3.292,2.046,0,3.37200022,3.37200022,3.12000012,54,45,45,44.5,981,673,0,855,768,0,0,0,0,0,12.7,0,1.56,0,1.56,11.11,1.56,1.56,3.76,12.7,34.1279335,4044,335,4850,950,48.5,1.12278914,0.64375,3858,300,38.8,0.560898,0.64375,3627,133,38.8,0.259366632,0.64375,3582,83,38.8,0.20416607,0.64375,4548,171,48.5,0.328518659,0.64375,4850,934,48.5,1.12510157,0.64375,3526,62,38.8,0.185062379,0.64375,3515,47,38.8,0.1505029,0.64375,54.5000076,48.7500038,99.99749,25.4394646,11.4412994,68.9776,9.837727,5.04303741,66.11036,39,0.25,0,55,0,85,0.416,1.01,16,16,16,32,48,30,295,160,130,0,0,0,16,38.75,0.25,0,55,0,85,0.416,1.01,16,16,16,32,48,30,295,160,130,0,0,0,16,512,-1,485.785156,485.480469,0.3046875,0.5,7618.451,7618.951,0,0,0,0,0,0,0,0,0,0,0,0,512,600,1200,3000,52,0.965000033,1.30500007,0,1,15,37,2670,10451.9824,998,1001,30,30,6,3,1,0,17.664,17.645,0.975,11383.23,285.7578,5.04024935,0,0,0,0.001483254,0,0.741413653,0.7347898,0,0,0,0,0,0,46.90625,44,16376,4691,11684,71.35237,52.586,8.044954E+07,299008
05/27/2026 13:20:39,44,53,0,54,59,51,51,51,51,69,12.12,5.04,1.312,1.396,0.988000035,0.320000023,0.676000059,3.292,2.046,0,3.37200022,3.37200022,3.12000012,54,44.5,44.5,44.5,978,668,0,838,749,0,0,0,0,0,19.05,12.7,1.59,1.59,4.76,22.22,1.59,0,7.94,22.22,33.8748474,4088,325,4850,870,48.5,1.05838358,0.6375,4850,320,48.5,0.499537051,0.6375,3683,133,38.8,0.234349564,0.6375,3597,76,38.8,0.175378054,0.6375,3722,175,38.8,0.308886021,0.6375,4850,930,48.5,1.1270045,0.6375,3551,49,38.8,0.1505633,0.6375,3604,45,38.8,0.139485016,0.6375,54.6250076,49.2500038,99.99749,25.4407387,11.4400253,68.98105,9.836353,5.04441071,66.1011353,39,0.25,0,55,0,85,0.416,1.01,16,16,16,32,48,30,295,160,130,0,0,0,16,39,0.25,0,55,0,85,0.416,1.01,16,16,16,32,48,30,295,160,130,0,0,0,16,512,-1,485.785156,485.480469,0.3046875,0.5,7618.451,7618.951,0,0,0,0,0,0,0,0,0,0,0,0,512,600,1200,3000,52,0.989,1.30500007,0,7,16,37,2670,10451.9824,1001,1001,30,30,6,3,1,0,17.722,17.945,0.975,11383.6055,285.7578,5.08590651,0,0,0,0.00372765842,0,0.73991,0.7247475,0,0,0,0,0,0,46.90625,44,16376,4690,11685,71.35466,51.962,8.039936E+07,185149440
05/27/2026 13:20:41,44,53,0,54,59,51,51,51,51,69,12.12,5.04,1.31000006,1.39200008,0.996000051,0.318000019,0.678000033,3.288,2.046,0,3.36800027,3.36800027,3.12000012,54,44.5,44.5,44.5,993,695,0,844,767,0,0,0,0,0,16.92,9.23,0,1.54,3.08,10.77,0,0,5.19,16.92,34.2582359,3460,302,4850,783,48.5,0.9680685,0.65,3195,307,32.3333321,0.4512257,0.65,3058,130,32.3333321,0.241435781,0.65,2934,82,32.3333321,0.1847922,0.65,3007,186,32.3333321,0.313328415,0.65,4850,821,48.5,1.01108778,0.65,2893,62,32.3333321,0.162999332,0.65,2894,47,32.3333321,0.148286909,0.65,54.5000076,48.7500038,99.99748,25.4697037,11.41106,69.0595856,9.85598,5.024784,66.2330246,39,0.25,0,55,0,85,0.416,1.01,16,16,16,32,48,30,295,160,130,0,0,0,16,39,0.25,0,55,0,85,0.416,1.01,16,16,16,32,48,30,295,160,130,0,0,0,16,512,-1,485.785156,485.480469,0.3046875,0.5,7618.451,7618.951,0,0,0,0,0,0,0,0,0,0,0,0,512,600,1200,3000,53,0.965000033,1.30500007,0,2,15,37,2670,10451.9824,999,999,30,30,6,3,1,0,18.387,20.374,0.975,11383.6055,285.7578,4.91896725,0,0,0,0.00213939068,0,0.761203051,0.702296555,0,0,0,0,0,0,46.875,44,16376,4690,11685,71.35466,53.857,899072,14299136
05/27/2026 13:20:43,44,53,0,54,59,51,51,51,51,69,12.12,5.04,1.31000006,1.39200008,0.994,0.318000019,0.676000059,3.288,2.046,0,3.37200022,3.37200022,3.12000012,54,44.5,45,44.5,980,693,0,837,768,0,0,0,0,0,17.46,3.17,0,0,3.17,12.7,0,0,4.56,17.46,34.07172,3557,340,4850,915,48.5,1.08848989,0.64375,3233,321,32.3333321,0.5430417,0.64375,3121,130,32.3333321,0.257978916,0.64375,3083,79,32.3333321,0.1936643,0.64375,3130,190,32.3333321,0.3206075,0.64375,4850,968,48.5,1.15093458,0.64375,3144,68,32.3333321,0.1744588,0.64375,3047,48,32.3333321,0.150274634,0.64375,54.6250076,49.2500038,99.99749,25.4331856,11.4475784,68.96057,9.830566,5.0501976,66.06224,39,0.25,0,55,0,85,0.416,1.01,16,16,16,32,48,30,295,160,130,0,0,0,16,39,0.25,0,55,0,85,0.416,1.01,16,16,16,32,48,30,295,160,130,0,0,0,16,512,-1,485.785156,485.480469,0.3046875,0.5,7618.451,7618.951,0,0,0,0,0,0,0,0,0,0,0,0,512,600,1200,3000,53,0.969000041,1.30500007,0,2,15,37,2670,10451.9824,1000,1000,30,30,5,3,1,0,17.953,19.132,0.975,11383.6055,285.7578,4.985982,0,0,0,0.00384730916,0,0.7520334,0.741375446,0,0,0,0,0,0,46.96875,44,16376,4690,11685,71.35466,53.866,7.244902E+07,299008
05/27/2026 13:20:45,44,53,0,54,59,51,51,51,51,69,12.12,5.04,1.312,1.39200008,0.988000035,0.318000019,0.676000059,3.292,2.046,0,3.37200022,3.37200022,3.12000012,54,45,44.5,44.5,989,667,0,853,767,0,0,0,0,0,7.58,1.52,0,1.52,0,9.09,0,0,2.46,9.09,33.96965,3528,277,4850,680,48.5,0.9051129,0.64375,3151,255,32.3333321,0.426465154,0.64375,3008,98,32.3333321,0.207252681,0.64375,2959,66,32.3333321,0.164511144,0.64375,3043,154,32.3333321,0.273928851,0.64375,5050,865,50.5,0.9990226,0.54375,3074,50,33.6666679,0.1444777,0.54375,3086,46,33.6666679,0.130490646,0.54375,54.3750076,49.2500038,99.99748,25.4648552,11.4159088,69.04645,9.852581,5.028183,66.21018,39,0.25,0,55,0,85,0.416,1.01,16,16,16,32,48,30,295,160,130,0,0,0,16,39,0.25,0,55,0,85,0.416,1.01,16,16,16,32,48,30,295,160,130,0,0,0,16,512,-1,485.785156,485.480469,0.3046875,0.5,7618.451,7618.951,0,0,0,0,0,0,0,0,0,0,0,0,512,600,1200,3000,52,0.965000033,1.30500007,0,1,15,37,2670,10451.9824,1001,1000,30,30,5,3,1,0,17.661,23.636,0.975,11383.6055,285.7578,4.381089,0,0,0,0.00291671278,0,0.7716915,0.756165147,0,0,0,0,0,0,47,44,16376,4690,11685,71.35466,52.015,899072,15949824
05/27/2026 13:20:47,44,53,0,54,59,51,51,51,51,69,12.12,5.04,1.312,1.39200008,0.982000053,0.314,0.676000059,3.292,2.046,0,3.37200022,3.37200022,3.12000012,54,44.5,44.5,44.5,982,696,0,841,749,0,0,0,0,0,15.62,7.81,0,0,1.59,7.81,0,0,4.1,15.62,33.73448,3745,302,4850,869,48.5,1.01232529,0.6625,4850,283,48.5,0.4274211,0.6625,3099,119,32.3333321,0.22216627,0.6625,3163,104,32.3333321,0.191579267,0.6625,3103,185,32.3333321,0.2878984,0.6625,4850,754,48.5,0.9913993,0.6625,3019,55,32.3333321,0.16559644,0.6625,3024,47,32.3333321,0.14668867,0.6625,54.3750076,49.2500038,99.9975,25.4388618,11.4419022,68.97597,9.8316,5.049164,66.06919,39,0.25,0,55,0,85,0.416,1.01,16,16,16,32,48,30,295,160,130,0,0,0,16,38.75,0.25,0,55,0,85,0.416,1.01,16,16,16,32,48,30,295,160,130,0,0,0,16,512,-1,485.785156,485.480469,0.3046875,0.5,7618.451,7618.951,0,0,0,0,0,0,0,0,0,0,0,0,512,600,1200,3000,52,1,1.30500007,0,10,16,37,2670,10451.9824,998,1000,30,30,5,3,1,0,17.858,18.897,0.975,11383.6055,285.7578,4.366313,0,0,0,0.00294761639,0,0.705046833,0.734446168,0,0,0,0,0,0,47.09375,44,16376,4690,11685,71.35466,52.135,6.784922E+07,249856
05/27/2026 13:20:49,44,53,0,54,59,51,51,51,51,69,12.12,5.04,1.31000006,1.39200008,0.984,0.316,0.676000059,3.288,2.046,0,3.37200022,3.36800027,3.12000012,54,44.5,44.5,44.5,979,701,0,855,768,0,0,0,0,0,13.85,1.56,0,0,3.12,12.31,0,0,3.86,13.85,33.3728371,4015,271,4850,733,48.5,0.8846056,0.64375,4736,247,48.5,0.403375417,0.64375,3590,103,38.8,0.20118463,0.64375,3555,68,38.8,0.163575888,0.64375,3570,149,38.8,0.253885627,0.64375,4850,772,48.5,0.954899,0.64375,3504,57,38.8,0.14212656,0.64375,3465,41,38.8,0.127567858,0.64375,54.3750076,49.2500038,99.99748,25.4655952,11.4151688,69.04845,9.852833,5.027931,66.2118759,39,0.25,0,55,0,85,0.416,1.01,16,16,16,32,48,30,295,160,130,0,0,0,16,39,0.25,0,55,0,85,0.416,1.01,16,16,16,32,48,30,295,160,130,0,0,0,16,512,-1,485.785156,485.480469,0.3046875,0.5,7618.451,7618.951,0,0,0,0,0,0,0,0,0,0,0,0,512,600,1200,3000,52,0.969000041,1.30500007,0,5,16,37,2670,10451.9824,1000,1000,30,30,5,3,1,0,18.212,20.248,0.975,11383.6055,285.7578,4.18459463,0,0,0,0.0014993638,0,0.7271415,0.719214857,0,0,0,0,0,0,46.96875,44,16376,4690,11685,71.35466,53.627,849920,15649792
05/27/2026 13:20:51,44,53,0,54,59,51,51,51,51,69,12.12,5.04,1.31000006,1.39200008,0.986000061,0.316,0.678000033,3.288,2.046,0,3.37200022,3.36800027,3.12000012,54,44.5,44.5,44.5,979,696,0,855,749,0,0,0,0,0,20,9.23,4.62,3.08,6.15,16.92,3.08,1.54,8.08,20,33.931797,3239,329,4040,921,40.4,1.10503256,0.5625,3921,322,40.4,0.538244069,0.5625,2949,131,32.3333321,0.251892537,0.55625,2938,78,32.3333321,0.201928511,0.55625,2990,170,32.3333321,0.314865679,0.55625,3233,897,32.3333321,1.09740639,0.55625,2934,65,32.3333321,0.182277113,0.55625,2906,51,32.3333321,0.1481892,0.55625,54.3750076,49.2500038,99.99749,25.4392014,11.4415627,68.97688,9.828167,5.052597,66.04612,39,0.25,0,55,0,85,0.416,1.01,16,16,16,32,48,30,295,160,130,0,0,0,16,39,0.25,0,55,0,85,0.416,1.01,16,16,16,32,48,30,295,160,130,0,0,0,16,512,-1,485.785156,485.480469,0.3046875,0.5,7618.451,7618.951,0,0,0,0,0,0,0,0,0,0,0,0,512,600,1200,3000,53,0.969000041,1.30500007,0,3,16,37,2670,10451.9824,1000,1001,30,30,5,3,1,0,17.739,23,0.975,11383.6055,285.7578,4.23440027,0,0,0,0.00229914626,0,0.7207674,0.720160246,0,0,0,0,0,0,46.90625,44,16376,4690,11685,71.35466,53.069,849920,15649792
05/27/2026 13:20:53,44,53,0,54,59,51,51,51,51,69,12.12,5.04,1.31000006,1.39200008,0.986000061,0.316,0.678000033,3.288,2.046,0,3.36800027,3.36800027,3.11600018,54,44.5,44.5,44.5,989,668,0,836,749,0,0,0,0,0,24.62,7.69,1.54,0,4.62,16.92,0,1.54,7.12,24.62,34.193367,4394,308,4850,860,48.5,1.0440197,0.61875,4850,306,48.5,0.5744664,0.61875,4689,119,48.5,0.2208195,0.61875,3684,77,38.8,0.177783668,0.61875,4758,163,48.5,0.287807822,0.61875,4850,832,48.5,1.03140831,0.61875,3689,54,38.8,0.153710216,0.61875,3783,52,38.8,0.140010118,0.61875,54.3750076,49.2500038,99.99748,25.46447,11.4162941,69.0453949,9.853252,5.0275116,66.21469,39,0.25,0,55,0,85,0.416,1.01,16,16,16,32,48,30,295,160,130,0,0,0,16,39,0.25,0,55,0,85,0.416,1.01,16,16,16,32,48,30,295,160,130,0,0,0,16,512,-1,485.785156,485.480469,0.3046875,0.5,7618.451,7618.951,0,0,0,0,0,0,0,0,0,0,0,0,512,600,1200,3000,53,0.969000041,1.30500007,0,0,15,37,2670,10451.9824,1000,1001,30,30,5,3,1,0,17.583,17.823,0.975,11383.6055,285.7578,4.221116,0,0,0,0.00305230217,0,0.756098866,0.7493699,0,0,0,0,0,0,47.0625,44,16376,4690,11685,71.35466,51.884,7.064986E+07,149504
05/27/2026 13:20:55,44,53,0,54,59,51,51,51,51,69,12.12,5.03,1.31000006,1.39200008,0.986000061,0.318000019,0.676000059,3.288,2.046,0,3.36800027,3.36800027,3.12000012,54,44.5,45,44.5,979,667,0,836,749,0,0,0,0,0,14.06,3.12,0,0,3.12,17.19,0,1.56,4.88,17.19,34.7409248,3691,344,4850,951,48.5,1.1230334,0.64375,4801,319,48.5,0.6169313,0.64375,3029,135,32.3333321,0.258143634,0.64375,3015,78,32.3333321,0.198149532,0.64375,3068,217,32.3333321,0.3497644,0.64375,4850,950,48.5,1.12612677,0.64375,2990,61,32.3333321,0.1777944,0.64375,2927,44,32.3333321,0.152490035,0.64375,54.3750076,49.2500038,99.99749,25.4381065,11.4426575,68.9739151,9.827255,5.05350876,66.03999,39,0.25,0,55,0,85,0.416,1.01,16,16,16,32,48,30,295,160,130,0,0,0,16,39,0.25,0,55,0,85,0.416,1.01,16,16,16,32,48,30,295,160,130,0,0,0,16,512,-1,485.785156,485.480469,0.3046875,0.5,7618.451,7618.951,0,0,0,0,0,0,0,0,0,0,0,0,512,600,1200,3000,52,0.969000041,1.30500007,0,3,16,37,2670,10451.9824,1000,1000,30,30,6,3,1,0,18.9,19.77,0.975,11383.6055,285.7578,5.59037733,0,0,0,0.00285927,0,0.7567073,0.743153,0,0,0,0,0,0,47,44,16376,4690,11685,71.35466,53.287,8.969933E+07,249856
05/27/2026 13:20:57,44,53,0,54,59,51,51,51,51,69,12.144001,5.04,1.312,1.396,0.984,0.328,0.676000059,3.292,2.046,0,3.37200022,3.37200022,3.124,54,45,44.5,44.5,995,692,0,852,768,0,0,0,0,0,17.19,6.25,4.69,1.56,4.69,20.31,1.56,3.12,7.42,20.31,33.9283447,3836,322,4850,911,48.5,1.08708525,0.64375,4776,305,48.5,0.563899338,0.64375,3004,135,32.3333321,0.247912467,0.64375,2919,82,32.3333321,0.203918144,0.64375,4513,179,48.5,0.315239161,0.64375,4850,864,48.5,1.08720744,0.64375,2901,53,32.3333321,0.17616038,0.64375,2877,50,32.3333321,0.152126014,0.64375,54.2500076,49.2500038,99.99749,25.43328,11.4474831,68.96083,9.833893,5.046871,66.0845947,39,0.25,0,55,0,85,0.416,1.01,16,16,16,32,48,30,295,160,130,0,0,0,16,39,0.25,0,55,0,85,0.416,1.01,16,16,16,32,48,30,295,160,130,0,0,0,16,512,-1,485.785156,485.480469,0.3046875,0.5,7618.451,7618.951,0,0,0,0,0,0,0,0,0,0,0,0,512,600,1200,3000,52,1.03000009,1.30500007,0,15,16,37,2670,10451.9824,1000,1001,30,30,6,3,1,0,18.999,19.909,0.975,11383.6055,285.7578,5.78827667,0,0,0,0.00299319415,0,0.7769591,0.7682999,0,0,0,0,0,0,47,44,16376,4690,11685,71.35466,54.284,9.609933E+07,249856
05/27/2026 13:20:59,44,53,0,54,59,51,51,51,51,69,12.144001,5.04,1.312,1.396,0.97,0.320000023,0.678000033,3.292,2.046,0,3.37200022,3.37200022,3.12000012,54,45,44.5,44.5,980,670,0,837,749,0,0,0,0,0,12.5,4.69,3.08,3.08,4.62,9.38,0,0,4.67,12.5,33.5804634,3511,292,4850,962,48.5,1.025834,0.64375,3233,260,32.3333321,0.45099926,0.64375,3032,99,32.3333321,0.207071289,0.64375,3020,81,32.3333321,0.180466652,0.64375,3101,170,32.3333321,0.2852811,0.64375,4850,664,48.5,0.934174061,0.64375,2988,58,32.3333321,0.155133218,0.64375,3012,42,32.3333321,0.134388074,0.64375,54.3750076,49.2500038,99.99749,25.4390678,11.4416962,68.97652,9.833103,5.047661,66.0792847,39,0.25,0,55,0,85,0.416,1.01,16,16,16,32,48,30,295,160,130,0,0,0,16,39,0.25,0,55,0,85,0.416,1.01,16,16,16,32,48,30,295,160,130,0,0,0,16,512,-1,485.785156,485.480469,0.3046875,0.5,7618.451,7618.951,0,0,0,0,0,0,0,0,0,0,0,0,512,600,1200,3000,53,0.965000033,1.30500007,0,2,15,37,2670,10451.9824,1000,999,30,30,6,3,1,0,18.28,17.212,0.975,11383.6055,285.7578,5.918448,0,0,0,0.0029228616,0,0.7232447,0.7170126,0,0,0,0,0,0,46.96875,44,16376,4690,11685,71.35466,52.674,9.684992E+07,299008
05/27/2026 13:21:01,44,54,0,54,59,51,51,51,51,69,12.12,5.04,1.312,1.39200008,0.974000037,0.318000019,0.676000059,3.292,2.046,0,3.37600017,3.37200022,3.124,54,45,44.5,44.5,981,677,0,840,767,0,0,0,0,0,18.46,9.38,3.12,3.12,1.56,20,0,0,6.96,20,34.0554,4006,326,4850,1104,48.5,1.126431,0.6625,3846,311,38.8,0.479635358,0.6625,3555,126,38.8,0.242170855,0.6625,3519,86,38.8,0.202603668,0.6625,4556,173,48.5,0.294348776,0.6625,4850,696,48.5,1.00304341,0.6625,3454,62,38.8,0.178701371,0.6625,3417,53,38.8,0.157259658,0.6625,54.3750076,49.2500038,99.9975,25.4395676,11.4411964,68.9778748,9.839317,5.04144669,66.12105,39,0.25,0,55,0,85,0.416,1.01,16,16,16,32,48,30,295,160,130,0,0,0,16,39,0.25,0,55,0,85,0.416,1.01,16,16,16,32,48,30,295,160,130,0,0,0,16,512,-1,485.785156,485.480469,0.3046875,0.5,7618.451,7618.951,0,0,0,0,0,0,0,0,0,0,0,0,512,600,1200,3000,52,0.974000037,1.30500007,0,2,15,37,2670,10451.9824,1000,1001,30,30,6,3,1,0,18.543,18.455,0.975,11383.6055,285.988281,6.00052643,0,0,0,0.00295370724,0,0.7243314,0.726601958,0,0,0,0,0,0,47.03125,44,16376,4690,11685,71.35466,52.117,9.694925E+07,249856
05/27/2026 13:21:03,44,54,0,54,59,51,51,51,51,69,12.144001,5.04,1.312,1.396,0.984,0.33,0.676000059,3.292,2.046,0,3.37600017,3.37600017,3.124,54,45,44.5,44.5,982,682,0,854,767,0,0,0,0,0,21.54,4.62,0,1.54,1.54,9.23,0,0,4.81,21.54,34.7807732,4285,307,4850,1109,48.5,1.15575445,0.65,4850,300,48.5,0.4712762,0.65,3585,119,38.8,0.24278903,0.65,3676,110,38.8,0.215973035,0.65,4552,169,48.5,0.305255383,0.65,4850,534,48.5,0.862998247,0.65,3515,66,38.8,0.177641064,0.65,4401,49,48.5,0.155473173,0.6375,54.5000076,49.2500038,99.99748,25.46584,11.4149246,69.04911,9.851738,5.029026,66.20451,39,0.25,0,55,0,85,0.416,1.01,16,16,16,32,48,30,295,160,130,0,0,0,16,39,0.25,0,55,0,85,0.416,1.01,16,16,16,32,48,30,295,160,130,0,0,0,16,512,-1,485.785156,485.480469,0.3046875,0.5,7618.451,7618.951,0,0,0,0,0,0,0,0,0,0,0,0,512,600,1200,3000,53,0.969000041,1.30500007,0,4,16,37,2670,10451.9824,998,1001,30,30,6,3,1,0,19.429,24.123,0.975,11383.6055,285.988281,5.86941957,0,0,0,0.002775495,0,0.7102433,0.704018,0,0,0,0,0,0,46.96875,44,16376,4690,11685,71.35466,54.043,899072,2.089984E+07
05/27/2026 13:21:05,44,54,0,54,59,51,51,51,51,69,12.144001,5.04,1.312,1.396,0.98,0.33,0.676000059,3.292,2.046,0,3.37600017,3.37200022,3.124,54,45,44.5,44.5,995,709,0,854,766,0,0,0,0,0,21.54,6.15,1.54,1.54,1.54,12.31,0,1.54,5.77,21.54,33.8858643,4198,334,4850,1159,48.5,1.21991587,0.64375,4834,296,48.5,0.5496548,0.64375,3654,121,38.8,0.23267594,0.64375,3607,88,38.8,0.1955523,0.64375,4587,174,48.5,0.312421918,0.64375,4850,717,48.5,1.01404965,0.64375,3563,58,38.8,0.1700032,0.64375,3641,58,38.8,0.167314634,0.64375,54.7500076,49.2500038,99.99749,25.4366837,11.44408,68.9700546,9.820675,5.060089,65.99577,39,0.25,0,55,0,85,0.416,1.01,16,16,16,32,48,30,295,160,130,0,0,0,16,39,0.25,0,55,0,85,0.416,1.01,16,16,16,32,48,30,295,160,130,0,0,0,16,512,-1,485.785156,485.480469,0.3046875,0.5,7618.451,7618.951,0,0,0,0,0,0,0,0,0,0,0,0,512,600,1200,3000,52,1.05000007,1.30500007,0,15,16,37,2670,10451.9824,998,999,30,30,7,3,1,0,19.316,19.271,0.975,11383.6055,286.113281,5.951263,0,0,0,0.004579196,0,0.7201782,0.712433338,0,0,0,0,0,0,47,44,16376,4690,11685,71.35466,54.185,9.699942E+07,249856
05/27/2026 13:21:07,44,53,0,54,59,51,51,51,51,69,12.144001,5.04,1.312,1.396,0.982000053,0.328,0.676000059,3.292,2.046,0,3.37600017,3.37200022,3.124,54,45,45,44.5,981,706,0,838,748,0,0,0,0,0,21.88,7.81,0,4.69,3.12,14.06,1.56,1.56,6.84,21.88,34.2160339,3786,364,4040,1105,40.4,1.138641,0.5125,4040,329,40.4,0.4920039,0.5125,3875,165,40.4,0.2809334,0.5125,3155,108,33.6666679,0.219333664,0.5125,3870,211,40.4,0.342098564,0.5125,5050,837,50.5,1.09633279,0.5125,3129,83,33.6666679,0.188673,0.5125,3128,77,33.6666679,0.17462635,0.5125,54.6250076,52.3750038,99.99748,25.4689484,11.4118156,69.05754,9.852219,5.02854538,66.20775,39,0.25,0,55,0,85,0.416,1.01,16,16,16,32,48,30,295,160,130,0,0,0,16,39,0.25,0,55,0,85,0.416,1.01,16,16,16,32,48,30,295,160,130,0,0,0,16,512,-1,485.785156,485.480469,0.3046875,0.5,7618.451,7618.951,0,0,0,0,0,0,0,0,0,0,0,0,512,600,1200,3000,52,0.969000041,1.30500007,0,2,16,37,2670,10451.9824,998,1000,30,30,6,3,1,0,19.013,17,0.975,11383.6055,286.113281,6.1702466,0,0,0,0.00150002632,0,0.724236131,0.7172892,0,0,0,0,0,0,46.96875,44,16376,4690,11685,71.35466,52.487,9.854976E+07,149504
05/27/2026 13:21:09,44,54,0,54,59,51,51,51,51,69,12.144001,5.04,1.312,1.396,0.978000045,0.322000027,0.676000059,3.292,2.046,0,3.37600017,3.37200022,3.12000012,54,45,44.5,44.5,996,707,0,855,767,0,0,0,0,0,20.63,3.17,4.76,1.56,4.76,6.35,0,0,5.16,20.63,33.92123,4467,326,4850,1120,48.5,1.14557123,0.64375,4850,328,48.5,0.5245754,0.64375,4669,125,48.5,0.246339276,0.64375,3735,90,38.8,0.207398459,0.64375,4758,188,48.5,0.3301028,0.64375,5050,627,50.5,0.958059967,0.55,3948,70,40.4,0.208362818,0.55,3879,56,40.4,0.162215248,0.55,54.6250076,49.2500038,99.99749,25.4403725,11.4403915,68.98006,9.83979,5.04097366,66.12423,39,0.25,0,55,0,85,0.416,1.01,16,16,16,32,48,30,295,160,130,0,0,0,16,39,0.25,0,55,0,85,0.416,1.01,16,16,16,32,48,30,295,160,130,0,0,0,16,512,-1,485.785156,485.480469,0.3046875,0.5,7618.451,7618.951,0,0,0,0,0,0,0,0,0,0,0,0,512,600,1200,3000,52,0.974000037,1.30500007,0,2,15,37,2670,10451.9824,999,999,30,30,6,3,1,0,19.308,18.83,0.975,11383.6055,286.113281,5.96205139,0,0,0,0.00354405213,0,0.7303933,0.7199702,0,0,0,0,0,0,46.875,44,16376,4690,11685,71.35466,52.644,9.734963E+07,99328
05/27/2026 13:21:11,44,53,0,54,59,51,51,51,51,69,12.12,5.04,1.31000006,1.39200008,0.986000061,0.320000023,0.676000059,3.292,2.046,0,3.37200022,3.37200022,3.12000012,54,45,44.5,44.5,978,705,0,859,748,0,0,0,0,0,20.31,11.11,4.76,1.59,4.76,14.06,1.59,0,7.27,20.31,35.01467,3457,330,4850,1152,48.5,1.16912556,0.64375,3196,309,32.3333321,0.512149,0.64375,2982,122,32.3333321,0.247533351,0.64375,2899,91,32.3333321,0.19780235,0.64375,3005,170,32.3333321,0.31495288,0.65,4850,659,48.5,0.962503552,0.65,2914,70,32.3333321,0.181142688,0.65,2957,67,32.3333321,0.162951052,0.65,54.8750076,49.7500038,99.99749,25.4674454,11.4133186,69.05347,9.851509,5.029255,66.20298,39,0.25,0,55,0,85,0.416,1.01,16,16,16,32,48,30,295,160,130,0,0,0,16,39,0.25,0,55,0,85,0.416,1.01,16,16,16,32,48,30,295,160,130,0,0,0,16,512,-1,485.785156,485.480469,0.3046875,0.5,7618.451,7618.951,0,0,0,0,0,0,0,0,0,0,0,0,512,600,1200,3000,52,0.830000043,1.30500007,0,0,16,37,2670,10451.9824,1000,1000,30,30,6,3,1,0,19.712,20.227,0.975,11383.6055,286.113281,5.9073863,0,0,0,0.002991439,0,0.7285794,0.715331554,0,0,0,0,0,0,46.84375,44,16376,4690,11685,71.35466,54.394,6.954906E+07,249856
05/27/2026 13:21:13,44,54,0,54,59,51,51,51,51,69,12.144001,5.04,1.312,1.396,0.992000043,0.326,0.678000033,3.292,2.046,0,3.37200022,3.37200022,3.12000012,54,45,45,44.5,991,682,0,854,748,0,0,0,0,0,20.31,9.38,0,0,0,15.62,0,0,5.66,20.31,33.556057,3934,304,4850,1103,48.5,1.10573876,0.64375,3835,275,38.8,0.472695082,0.64375,3598,125,38.8,0.238665432,0.64375,3568,75,38.8,0.1810253,0.64375,3652,182,38.8,0.303550869,0.64375,4850,568,48.5,0.9283191,0.64375,3567,54,38.8,0.1585216,0.64375,3554,48,38.8,0.140055284,0.64375,54.6250076,48.7500038,99.99748,25.4352646,11.4454994,68.96621,9.821705,5.059059,66.00269,39,0.25,0,55,0,85,0.416,1.01,16,16,16,32,48,30,295,160,130,0,0,0,16,39,0.25,0,55,0,85,0.416,1.01,16,16,16,32,48,30,295,160,130,0,0,0,16,512,-1,485.785156,485.480469,0.3046875,0.5,7618.451,7618.951,0,0,0,0,0,0,0,0,0,0,0,0,512,600,1200,3000,52,0.784000039,1.30500007,0,1,15,37,2670,10451.9824,1000,1001,30,30,6,3,1,0,19.313,18.877,0.975,11383.6055,286.113281,5.993707,0,0,0,0.00286707561,0,0.7263762,0.7268087,0,0,0,0,0,0,46.84375,44,16376,4690,11685,71.35466,53.636,116349952,249856
05/27/2026 13:21:15,44,53,0,54,59,51,51,51,51,69,12.144001,5.04,1.312,1.396,0.982000053,0.314,0.678000033,3.292,2.046,0,3.37200022,3.37200022,3.12000012,54,45,44.5,44.5,977,681,0,843,767,0,0,0,0,0,21.54,4.62,0,0,1.54,10.77,0,1.54,5,21.54,34.37943,3975,350,4850,1161,48.5,1.23824513,0.64375,3880,330,38.8,0.6370076,0.64375,3651,139,38.8,0.281591475,0.64375,3685,101,38.8,0.220799252,0.64375,3721,204,38.8,0.3584979,0.64375,4850,741,48.5,1.0418855,0.64375,3590,72,38.8,0.1912234,0.64375,3574,53,38.8,0.162736148,0.64375,54.6250076,49.2500038,99.99748,25.4710732,11.4096909,69.0633,9.857655,5.02310944,66.24428,39,0.25,0,55,0,85,0.416,1.01,16,16,16,32,48,30,295,160,130,0,0,0,16,39,0.25,0,55,0,85,0.416,1.01,16,16,16,32,48,30,295,160,130,0,0,0,16,512,-1,485.785156,485.480469,0.3046875,0.5,7618.451,7618.951,0,0,0,0,0,0,0,0,0,0,0,0,512,600,1200,3000,52,0.965000033,1.30500007,0,3,15,37,2670,10451.9824,1000,1001,30,30,6,3,1,0,19.052,17.642,0.975,11383.98,286.113281,5.983961,0,0,0,0.00356543879,0,0.72809273,0.726465642,0,0,0,0,0,0,46.96875,44,16376,4690,11685,71.35695,52.447,9.949901E+07,249856
05/27/2026 13:21:17,44,53,0,54,59,51,51,51,51,69,12.144001,5.04,1.312,1.396,0.992000043,0.316,0.678000033,3.292,2.046,0,3.37600017,3.37200022,3.124,54,44.5,44.5,44.5,988,676,0,855,748,0,0,0,0,0,26.56,4.69,6.35,1.59,10.94,12.5,1.59,1.59,8.22,26.56,34.8210945,4074,325,4850,1104,48.5,1.16458762,0.65,4799,263,48.5,0.473589,0.65,3676,150,38.8,0.250636518,0.65,3559,88,38.8,0.19673343,0.65,3694,199,38.8,0.3116596,0.65,4850,665,48.5,0.949220061,0.65,3532,60,38.8,0.1691413,0.65,3628,70,38.8,0.163623184,0.65,54.8750076,49.2500038,99.99749,25.4628868,11.4178772,69.04111,9.850086,5.030678,66.19342,39,0.25,0,55,0,85,0.416,1.01,16,16,16,32,48,30,295,160,130,0,0,0,16,39,0.25,0,55,0,85,0.416,1.01,16,16,16,32,48,30,295,160,130,0,0,0,16,512,-1,485.785156,485.480469,0.3046875,0.5,7618.451,7618.951,0,0,0,0,0,0,0,0,0,0,0,0,512,600,1200,3000,52,0.969000041,1.30500007,0,2,15,37,2670,10451.9824,1001,998,30,30,6,3,1,0,19.521,19.723,0.975,11383.98,285.8828,5.88528967,0,0,0,0.00282250042,0,0.7185591,0.714835346,0,0,0.008437791,0,0,0,46.96875,44,16376,4690,11685,71.35695,53.238,849920,299008
05/27/2026 13:21:19,44,54,0,54,59,51,51,51,51,69,12.144001,5.04,1.31000006,1.396,0.9760001,0.322000027,0.676000059,3.292,2.046,0,3.37600017,3.37600017,3.124,54,45,44.5,44.5,996,678,0,839,766,0,0,0,0,0,14.06,4.69,1.56,0,0,12.5,0,0,4.1,14.06,34.2616043,3389,298,3600,1028,36,1.094697,0.64375,3516,271,36,0.446250647,0.64375,3295,103,36,0.211298838,0.64375,3281,87,36,0.191560209,0.64375,3388,166,36,0.259894371,0.64375,3600,619,36,0.9349067,0.64375,3229,59,36,0.160913,0.64375,3205,48,36,0.1437081,0.64375,54.8750076,49.7500038,99.99748,25.4618149,11.4189491,69.0382,9.84948,5.03128433,66.18935,39,0.25,0,55,0,85,0.416,1.01,16,16,16,32,48,30,295,160,130,0,0,0,16,39,0.25,0,55,0,85,0.416,1.01,16,16,16,32,48,30,295,160,130,0,0,0,16,512,-1,485.785156,485.480469,0.3046875,0.5,7618.451,7618.951,0,0,0,0,0,0,0,0,0,0,0,0,512,600,1200,3000,52,0.965000033,1.30500007,0,0,15,37,2670,10451.9824,1000,1001,30,30,6,3,1,0,19.702,20.926,0.975,11383.9922,286.523438,5.95059729,0,0,0,0.00293317041,0,0.7215301,0.7148981,0,0,0.032702364,0,0,0,47.0625,44,16376,4690,11685,71.35695,54.728,899072,21399552
05/27/2026 13:21:21,44,53,0,54,59,51,51,51,51,69,12.12,5.04,1.312,1.396,0.982000053,0.326,0.676000059,3.292,2.046,0,3.37200022,3.37200022,3.12000012,54,44.5,44.5,44.5,979,680,0,856,768,0,0,0,0,0,20,1.54,0,1.54,1.54,6.15,0,0,3.85,20,33.7560921,3995,315,4850,1141,48.5,1.14274979,0.64375,3880,282,38.8,0.47143212,0.64375,3688,113,38.8,0.2347216,0.64375,3725,111,38.8,0.22027187,0.64375,3741,180,38.8,0.2907878,0.64375,4850,574,48.5,0.909414351,0.64375,3622,68,38.8,0.179137573,0.64375,3602,54,38.8,0.161267519,0.64375,54.5000076,49.2500038,99.99748,25.4653969,11.4153671,69.04791,9.852856,5.02790833,66.21203,39,0.25,0,55,0,85,0.416,1.01,16,16,16,32,48,30,295,160,130,0,0,0,16,39,0.25,0,55,0,85,0.416,1.01,16,16,16,32,48,30,295,160,130,0,0,0,16,512,-1,485.785156,485.480469,0.3046875,0.5,7618.451,7618.951,0,0,0,0,0,0,0,0,0,0,0,0,512,600,1200,3000,52,0.950000048,1.30500007,0,1,15,37,2670,10451.9824,1000,999,30,30,6,3,1,0,18.903,17.511,0.975,11383.9922,286.714844,5.95896339,0,0,0,0.00363385165,0,0.7185448,0.716066241,0,0,0,0,0,0,46.96875,44,16376,4690,11685,71.35695,53.072,9.929933E+07,249856
05/27/2026 13:21:23,44,53,0,54,59,51,51,51,51,69,12.144001,5.04,1.312,1.39200008,0.9760001,0.314,0.678000033,3.292,2.046,0,3.37600017,3.37200022,3.12000012,54,45,44.5,44.5,984,674,0,839,767,0,0,0,0,0,17.46,4.76,1.59,3.17,6.35,14.29,1.56,0,6.15,17.46,34.0048866,4210,289,4850,1019,48.5,1.03563559,0.64375,4776,276,48.5,0.420361072,0.64375,4454,109,48.5,0.213289782,0.64375,4378,84,48.5,0.185965613,0.64375,4577,173,48.5,0.282205,0.64375,4850,534,48.5,0.868340969,0.64375,2960,72,32.3333321,0.164503276,0.64375,2837,42,32.3333321,0.132795125,0.64375,54.3750076,48.7500038,99.99749,25.4334145,11.44735,68.96119,9.821091,5.05967331,65.9985657,39,0.25,0,55,0,85,0.416,1.01,16,16,16,32,48,30,295,160,130,0,0,0,16,39,0.25,0,55,0,85,0.416,1.01,16,16,16,32,48,30,295,160,130,0,0,0,16,512,-1,485.785156,485.480469,0.3046875,0.5,7618.451,7618.951,0,0,0,0,0,0,0,0,0,0,0,0,512,600,1200,3000,53,0.965000033,1.30500007,0,3,16,37,2670,10451.9824,1001,1000,30,30,6,3,1,0,18.983,17.852,0.975,11383.9922,286.714844,6.044387,0,0,0,0.00297473464,0,0.7400998,0.7268607,0,0,0,0,0,0,47,44,16376,4690,11685,71.35695,52.279,9.929933E+07,299008
05/27/2026 13:21:25,44,53,0,54,59,51,51,51,51,69,12.144001,5.04,1.312,1.396,0.984,0.320000023,0.676000059,3.292,2.046,0,3.37200022,3.37200022,3.12000012,54,45,44.5,44.5,981,671,0,854,749,0,0,0,0,0,14.29,6.35,1.56,0,1.59,9.52,0,0,4.16,14.29,34.387413,4238,312,4850,996,48.5,1.0634644,0.65,4850,307,48.5,0.464314818,0.65,3732,144,38.8,0.248921022,0.6375,3640,98,38.8,0.209253967,0.6375,4639,179,48.5,0.299975544,0.6375,4850,621,48.5,0.9349812,0.6375,3597,78,38.8,0.189685076,0.6375,3747,70,38.8,0.176830709,0.6375,54.3750076,49.2500038,99.99748,25.4360771,11.4446869,68.9684143,9.824112,5.056652,66.01887,39,0.25,0,55,0,85,0.416,1.01,16,16,16,32,48,30,295,160,130,0,0,0,16,39,0.25,0,55,0,85,0.416,1.01,16,16,16,32,48,30,295,160,130,0,0,0,16,512,-1,485.785156,485.480469,0.3046875,0.5,7618.451,7618.951,0,0,0,0,0,0,0,0,0,0,0,0,512,600,1200,3000,52,0.969000041,1.30500007,0,2,15,37,2670,10451.9824,1001,1000,30,30,6,3,1,0,19.512,20.386,0.975,11383.9922,286.714844,5.88161,0,0,0,0.00288264686,0,0.720988631,0.712459564,0,0,0,0,0,0,46.90625,44,16376,4690,11685,71.35695,53.571,9.924915E+07,249856
05/27/2026 13:21:27,44,53,0,54,59,51,51,51,51,69,12.144001,5.04,1.312,1.396,0.982000053,0.312,0.676000059,3.292,2.046,0,3.37200022,3.37200022,3.124,54,44.5,44.5,44.5,989,676,0,839,767,0,0,0,0,0,14.29,9.52,0,3.23,3.17,14.29,3.23,0,5.97,14.29,33.6582642,3678,315,4850,1095,48.5,1.13522708,0.65625,4757,277,48.5,0.493620425,0.65625,3003,123,32.3333321,0.234137326,0.64375,2957,91,32.3333321,0.202279419,0.64375,2994,175,32.3333321,0.3002364,0.64375,4850,630,48.5,0.953277946,0.64375,3000,74,32.3333321,0.190852389,0.64375,3016,55,32.3333321,0.15923588,0.64375,54.7500076,49.7500038,99.99749,25.4349518,11.4458122,68.96536,9.829739,5.05102539,66.05668,39,0.25,0,55,0,85,0.416,1.01,16,16,16,32,48,30,295,160,130,0,0,0,16,39,0.25,0,55,0,85,0.416,1.01,16,16,16,32,48,30,295,160,130,0,0,0,16,512,-1,485.785156,485.480469,0.3046875,0.5,7618.451,7618.951,0,0,0,0,0,0,0,0,0,0,0,0,512,600,1200,3000,52,0.965000033,1.30500007,0,0,16,37,2670,10451.9824,1001,998,30,30,6,3,1,0,19.432,19.574,0.975,11383.9922,286.714844,5.94673,0,0,0,0.00361480075,0,0.7351437,0.727068365,0,0,0,0,0,0,46.90625,44,16376,4690,11685,71.35695,54.109,9.949901E+07,249856
05/27/2026 13:21:29,45,53,0,54,59,52,52,53,53,70,12.144001,5.04,1.312,1.396,0.984,0.320000023,0.676000059,3.292,2.046,0,3.37200022,3.37200022,3.124,55,44.5,45,44.5,1005,677,0,859,751,0,0,0,0,0,17.46,7.94,0,3.23,1.61,17.46,0,1.59,6.16,17.46,34.3707,3662,378,4850,1203,48.5,1.25021768,0.64375,4833,363,48.5,0.6136811,0.64375,2971,135,32.3333321,0.2761149,0.64375,2989,116,32.3333321,0.225598574,0.64375,3019,188,32.3333321,0.368938684,0.64375,4850,885,48.5,1.16509461,0.64375,2901,68,32.3333321,0.190930188,0.64375,2886,62,32.3333321,0.1702179,0.64375,55.5000076,49.2500038,99.99749,25.4951553,11.3856087,69.1286,9.869564,5.0112,66.32431,39,0.25,0,55,0,85,0.416,1.01,16,16,16,32,48,30,295,160,130,0,0,0,16,39,0.25,0,55,0,85,0.416,1.01,16,16,16,32,48,30,295,160,130,0,0,0,16,512,-1,485.785156,485.480469,0.3046875,0.5,7618.451,7618.951,0,0,0,0,0,0,0,0,0,0,0,0,512,600,1200,3000,52,0.955000043,1.30500007,0,1,16,37,2670,10451.9824,1001,1001,30,30,6,3,1,0,18.868,17.905,0.975,11384.3711,287.042969,5.657856,0,0,0,0.00331363641,0,0.7088246,0.705752134,0,0,0.034552,0,0,0,46.875,44,16376,4690,11685,71.35924,52.723,9.534976E+07,249856
05/27/2026 13:21:31,45,53,0,55,60,53,53,53,53,70,12.12,5.04,1.312,1.39200008,0.978000045,0.316,0.676000059,3.288,2.046,0,3.37200022,3.37200022,3.12000012,55,44.5,45,44.5,1008,674,0,841,753,0,0,0,0,0,25,7.81,3.12,3.17,3.12,14.06,3.17,0,7.43,25,33.8050766,4138,313,4850,1087,48.5,1.119434,0.6625,4850,281,48.5,0.456461668,0.6625,4684,114,48.5,0.2241353,0.6625,3112,91,32.3333321,0.203019887,0.6625,4665,185,48.5,0.287939072,0.6625,4850,636,48.5,0.948143661,0.6625,3050,62,32.3333321,0.163328052,0.6625,3045,50,32.3333321,0.144509614,0.6625,55.1250076,49.7500038,99.99749,25.5272369,11.3535271,69.21559,9.900219,4.980545,66.53032,39,0.25,0,55,0,85,0.416,1.01,16,16,16,32,48,30,295,160,130,0,0,0,16,39,0.25,0,55,0,85,0.416,1.01,16,16,16,32,48,30,295,160,130,0,0,0,16,512,-1,485.785156,485.480469,0.3046875,0.5,7618.451,7618.951,0,0,0,0,0,0,0,0,0,0,0,0,512,600,1200,3000,53,0.965000033,1.30500007,0,4,16,37,2670,10451.9824,1000,999,30,30,6,3,1,0,19.17,18.686,0.975,11384.3711,287.042969,5.84353971,0,0,0,0.003103479,0,0.7242355,0.7226486,0,0,0,0,0,0,47.09375,44,16376,4690,11685,71.35924,52.333,9.854976E+07,299008
05/27/2026 13:21:33,45,53,0,55,60,53,53,53,53,70,12.12,5.04,1.31000006,1.39200008,0.974000037,0.322000027,0.678000033,3.288,2.046,0,3.37200022,3.37200022,3.12000012,55,44.5,45,44.5,994,672,0,853,761,0,0,0,0,0,24.62,4.62,1.54,3.08,3.08,7.69,1.54,1.54,5.96,24.62,34.416687,4465,314,4850,1136,48.5,1.14526176,0.64375,4850,279,48.5,0.45538795,0.64375,3702,130,38.8,0.22916007,0.64375,3761,112,38.8,0.210235447,0.64375,4636,174,48.5,0.3000863,0.64375,4850,567,48.5,0.9018746,0.64375,4536,63,48.5,0.170306712,0.64375,4535,54,48.5,0.155900061,0.64375,55.1250076,49.2500038,99.99749,25.4974747,11.3832893,69.13489,9.885464,4.99530029,66.43115,39,0.25,0,55,0,85,0.416,1.01,16,16,16,32,48,30,295,160,130,0,0,0,16,39,0.25,0,55,0,85,0.416,1.01,16,16,16,32,48,30,295,160,130,0,0,0,16,512,-1,485.785156,485.480469,0.3046875,0.5,7618.451,7618.951,0,0,0,0,0,0,0,0,0,0,0,0,512,600,1200,3000,53,0.865000069,1.30500007,0,0,15,37,2670,10451.9824,1000,1000,30,30,6,3,1,0,18.309,20.452,0.975,11384.3711,287.042969,5.70985842,0,0,0,0.003766682,0,0.717258632,0.7081166,0,0,0,0,0,0,46.875,44,16376,4690,11685,71.35924,54.011,899072,21699584
05/27/2026 13:21:35,44,53,0,55,60,51,51,51,51,69,12.144001,5.04,1.312,1.396,0.988000035,0.320000023,0.678000033,3.292,2.046,0,3.37600017,3.37200022,3.124,54,45,44.5,44.5,997,694,0,855,783,0,0,0,0,0,25.4,7.94,3.23,1.59,0,7.94,0,3.23,6.16,25.4,33.37461,3684,282,4850,1035,48.5,1.0759443,0.6625,4758,252,48.5,0.423395127,0.6625,3010,99,32.3333321,0.206513613,0.6625,3044,98,32.3333321,0.197374478,0.6625,3019,159,32.3333321,0.269750237,0.6625,4850,490,48.5,0.836222649,0.6625,2963,63,32.3333321,0.161324844,0.6625,2976,61,32.3333321,0.15172407,0.6625,54.6250076,49.2500038,99.99749,25.4921837,11.38858,69.1205444,9.876438,5.004326,66.37051,39,0.25,0,55,0,85,0.416,1.01,16,16,16,32,48,30,295,160,130,0,0,0,16,39,0.25,0,55,0,85,0.416,1.01,16,16,16,32,48,30,295,160,130,0,0,0,16,512,-1,485.785156,485.480469,0.3046875,0.5,7618.451,7618.951,0,0,0,0,0,0,0,0,0,0,0,0,512,600,1200,3000,52,0.969000041,1.30500007,0,2,15,37,2670,10451.9824,1001,1001,30,30,6,3,1,0,19.148,18.78,0.975,11384.3711,287.042969,5.850542,0,0,0,0.002890783,0,0.7312573,0.7258182,0,0,0,0,0,0,46.875,44,16376,4690,11685,71.35924,53.583,9.80992E+07,249856
05/27/2026 13:21:37,44,54,0,54,59,51,51,51,51,69,12.12,5.04,1.312,1.396,0.98,0.316,0.678000033,3.292,2.046,0,3.37200022,3.37200022,3.124,54,45,45,44.5,990,702,0,843,774,0,0,0,0,0,15.62,10.94,0,0,6.25,18.75,0,0,6.45,18.75,34.19303,3887,378,4850,1121,48.5,1.18723309,0.64375,4850,375,48.5,0.5873223,0.64375,3016,159,32.3333321,0.292316824,0.64375,3030,115,32.3333321,0.243004188,0.64375,4548,208,48.5,0.372245878,0.64375,4850,899,48.5,1.14836419,0.64375,3008,86,32.3333321,0.2120614,0.64375,2945,62,32.3333321,0.187222064,0.64375,54.7500076,49.2500038,99.99749,25.49855,11.3822136,69.1378,9.875263,5.005501,66.36261,39,0.25,0,55,0,85,0.416,1.01,16,16,16,32,48,30,295,160,130,0,0,0,16,38.75,0.25,0,55,0,85,0.416,1.01,16,16,16,32,48,30,295,160,130,0,0,0,16,512,-1,485.785156,485.480469,0.3046875,0.5,7618.451,7618.951,0,0,0,0,0,0,0,0,0,0,0,0,512,600,1200,3000,53,0.960000038,1.30500007,0,3,15,37,2670,10451.9824,999,999,30,30,6,3,1,0,18.867,17.453,0.975,11384.3672,286.980469,5.95022,0,0,0,0.00287801516,0,0.738815963,0.736344755,0,0,0.0298072863,0,0,0,46.96875,44,16376,4690,11685,71.35924,52.408,9.319936E+07,249856
05/27/2026 13:21:39,44,54,0,54,59,51,51,51,51,69,12.12,5.04,1.312,1.396,0.982000053,0.314,0.678000033,3.292,2.046,0,3.37200022,3.37200022,3.12000012,54,45,44.5,44.5,994,708,0,858,750,0,0,0,0,0,21.54,3.08,4.69,4.69,3.12,6.15,3.12,0,5.8,21.54,34.0414543,4257,357,4850,1094,48.5,1.14997613,0.65,4850,348,48.5,0.539092,0.65,4670,141,48.5,0.2686217,0.65,3669,99,38.8,0.226740479,0.64375,3772,229,38.8,0.3698246,0.64375,4850,781,48.5,1.06006181,0.64375,3707,89,38.8,0.209087938,0.64375,3686,72,38.8,0.188344315,0.64375,54.7500076,49.7500038,99.99748,25.4980774,11.3826866,69.13652,9.885162,4.99560165,66.42913,39,0.25,0,55,0,85,0.416,1.01,16,16,16,32,48,30,295,160,130,0,0,0,16,39,0.25,0,55,0,85,0.416,1.01,16,16,16,32,48,30,295,160,130,0,0,0,16,512,-1,485.785156,485.480469,0.3046875,0.5,7618.451,7618.951,0,0,0,0,0,0,0,0,0,0,0,0,512,600,1200,3000,52,1.03000009,1.30500007,0,8,16,37,2670,10451.9824,999,1000,30,30,6,3,1,0,19.365,19.302,0.975,11390.0938,292.417969,5.937336,0,0,0,0.0344902538,0,0.7241663,0.7152038,0,0,0.4396192,0,0,0,47,44,16376,4684,11691,71.39383,53.133,9.799987E+07,249856
05/27/2026 13:21:41,44,54,0,54,59,51,51,51,51,69,12.12,5.04,1.312,1.396,0.982000053,0.324,0.678000033,3.292,2.046,0,3.37200022,3.37200022,3.124,54,45,44.5,44.5,988,709,0,857,750,0,0,0,0,0,23.81,4.76,1.56,1.56,4.69,14.29,4.69,0,6.92,23.81,34.32928,3997,376,4150,1191,41.5,1.26160848,0.6375,4150,340,41.5,0.5930747,0.6375,3950,157,41.5,0.30810672,0.6375,3966,137,41.5,0.265084,0.6375,4015,257,41.5,0.414921343,0.6375,4150,780,41.5,1.09861982,0.6375,3807,84,41.5,0.224490061,0.6375,3790,62,41.5,0.192969352,0.6375,54.7500076,49.2500038,99.9975,25.53535,11.3454132,69.23759,9.899433,4.981331,66.52503,39,0.25,0,55,0,85,0.416,1.01,16,16,16,32,48,30,295,160,130,0,0,0,16,38.75,0.25,0,55,0,85,0.416,1.01,16,16,16,32,48,30,295,160,130,0,0,0,16,512,-1,485.785156,485.480469,0.3046875,0.5,7618.451,7618.951,0,0,0,0,0,0,0,0,0,0,0,0,512,600,1200,3000,52,0.965000033,1.30500007,0,2,15,37,2670,10451.9824,1000,1000,30,30,6,3,1,0,19.52,20.67,0.975,11390.0938,292.9961,6.0279274,0,0,0,0.00391627057,0,0.731356,0.7275892,0,0,0.0354557,0,0,0,46.875,44,16376,4684,11691,71.39383,54.215,109099008,99328
05/27/2026 13:21:43,44,54,0,54,59,51,51,51,51,69,12.144001,5.04,1.312,1.396,0.978000045,0.316,0.678000033,3.292,2.046,0,3.37600017,3.37600017,3.124,54,45,45,44.5,977,683,0,840,768,0,0,0,0,0,23.44,1.59,1.59,3.17,3.17,17.46,1.59,4.76,7.1,23.44,34.10774,3477,341,4850,1148,48.5,1.1940378,0.64375,3160,290,32.3333321,0.5251764,0.64375,3051,139,32.3333321,0.276622,0.64375,2976,105,32.3333321,0.2319258,0.64375,3032,190,32.3333321,0.3411188,0.64375,4850,704,48.5,1.000379,0.64375,2949,75,32.3333321,0.202500537,0.64375,2950,77,32.3333321,0.193952039,0.65,54.7500076,49.2500038,99.99749,25.49868,11.3820839,69.13815,9.875122,5.005642,66.3616638,39,0.25,0,55,0,85,0.416,1.01,16,16,16,32,48,30,295,160,130,0,0,0,16,38.75,0.25,0,55,0,85,0.416,1.01,16,16,16,32,48,30,295,160,130,0,0,0,16,512,-1,485.785156,485.480469,0.3046875,0.5,7618.451,7618.951,0,0,0,0,0,0,0,0,0,0,0,0,512,600,1200,3000,52,0.965000033,1.30500007,0,1,16,37,2670,10451.9824,1003,1001,30,30,7,3,1,0,19.165,17.561,0.975,11390.0938,292.9961,5.959374,0,0,0,0.00365012931,0,0.7344905,0.7326001,0,0,0,0,0,0,46.90625,44,16376,4684,11691,71.39383,53.429,116149248,299008
05/27/2026 13:21:45,44,53,0,54,59,51,51,51,51,69,12.144001,5.04,1.312,1.396,0.984,0.316,0.676000059,3.292,2.046,0,3.37600017,3.37200022,3.124,54,45,45,44.5,983,679,0,842,768,0,0,0,0,0,16.92,3.08,1.54,1.54,3.08,9.23,1.54,0,4.62,16.92,34.1601868,3662,318,4850,1082,48.5,1.10903609,0.64375,4749,284,48.5,0.465696126,0.64375,3011,126,32.3333321,0.25224,0.64375,2958,101,32.3333321,0.214219525,0.64375,2999,179,32.3333321,0.305353463,0.64375,4850,634,48.5,0.977603137,0.64375,2894,71,32.3333321,0.18147783,0.64375,2982,63,32.3333321,0.174656034,0.64375,54.6250076,49.2500038,99.99749,25.53408,11.3466835,69.2341461,9.910923,4.969841,66.60225,39,0.25,0,55,0,85,0.416,1.01,16,16,16,32,48,30,295,160,130,0,0,0,16,38.75,0.25,0,55,0,85,0.416,1.01,16,16,16,32,48,30,295,160,130,0,0,0,16,512,-1,485.785156,485.480469,0.3046875,0.5,7618.451,7618.951,0,0,0,0,0,0,0,0,0,0,0,0,512,600,1200,3000,52,0.974000037,1.30500007,0,4,15,37,2670,10451.9824,999,999,30,30,6,3,1,0,18.957,18.055,0.975,11390.0938,293.042969,5.905645,0,0,0,0.00551367458,0,0.724588752,0.727924943,0,0,0.008939744,0,0,0,47.03125,44,16376,4684,11691,71.39383,52.331,9.349939E+07,249856
05/27/2026 13:21:47,44,54,0,54,59,51,51,51,51,69,12.144001,5.04,1.312,1.396,0.986000061,0.328,0.678000033,3.292,2.046,0,3.37600017,3.37200022,3.124,54,45,44.5,44.5,984,682,0,853,749,0,0,0,0,0,27.69,4.62,1.52,1.52,3.08,18.46,0,0,7.11,27.69,34.0218925,4032,329,4040,1061,40.4,1.13293612,0.51875,4040,311,40.4,0.5455165,0.51875,3874,148,40.4,0.277870655,0.51875,3799,91,40.4,0.222322658,0.51875,3850,185,40.4,0.353629649,0.51875,5050,710,50.5,1.03958321,0.51875,3813,72,40.4,0.202684984,0.51875,3789,53,40.4,0.1798325,0.51875,54.6250076,49.7500038,99.99749,25.5051231,11.3756409,69.1556244,9.89138,4.9893837,66.47092,39,0.25,0,55,0,85,0.416,1.01,16,16,16,32,48,30,295,160,130,0,0,0,16,39,0.25,0,55,0,85,0.416,1.01,16,16,16,32,48,30,295,160,130,0,0,0,16,512,-1,485.785156,485.480469,0.3046875,0.5,7618.451,7618.951,0,0,0,0,0,0,0,0,0,0,0,0,512,600,1200,3000,53,0.965000033,1.30500007,0,0,15,37,2670,10451.9824,1000,1002,30,30,6,3,1,0,18.248,20.788,0.975,11390.0938,293.042969,6.01669359,0,0,0,0.002776429,0,0.73541975,0.7321472,0,0,0,0,0,0,47.03125,44,16376,4684,11691,71.39383,53.607,9.844941E+07,299008
05/27/2026 13:21:49,44,54,0,54,59,51,51,51,51,69,12.144001,5.04,1.312,1.396,1.006,0.326,0.676000059,3.29600024,2.046,0,3.37600017,3.37600017,3.12000012,54,45,45,44.5,992,710,0,843,768,0,0,0,0,0,12.7,7.94,1.56,3.12,3.12,19.05,1.56,0,6.13,19.05,34.3253937,3657,363,4850,903,48.5,1.08316839,0.6625,3188,331,32.3333321,0.5360228,0.6625,2979,134,32.3333321,0.2658268,0.6625,3014,117,32.3333321,0.266925663,0.6625,4476,188,48.5,0.352954715,0.65,4850,1065,48.5,1.25249493,0.65,2960,103,32.3333321,0.224442363,0.65,2937,63,32.3333321,0.189673513,0.65,55.0000076,49.2500038,99.99749,25.5314865,11.3492775,69.22711,9.907856,4.972908,66.5816345,39,0.25,0,55,0,85,0.416,1.01,16,16,16,32,48,30,295,160,130,0,0,0,16,39,0.25,0,55,0,85,0.416,1.01,16,16,16,32,48,30,295,160,130,0,0,0,16,512,-1,485.785156,485.480469,0.3046875,0.5,7618.451,7618.951,0,0,0,0,0,0,0,0,0,0,0,0,512,600,1200,3000,52,0.969000041,1.30500007,0,2,15,37,2670,10451.9824,998,998,30,30,7,3,1,0,19.579,19.477,0.975,11390.0938,293.042969,6.01021433,0,0,0,0.0029941136,0,0.7400602,0.730604053,0,0,0,0,0,0,46.90625,44,16376,4684,11691,71.39383,54.252,173249536,299008
05/27/2026 13:21:51,44,54,0,54,59,53,53,53,53,70,12.144001,5.04,1.312,1.396,0.98,0.316,0.678000033,3.292,2.046,0,3.37600017,3.37600017,3.124,55,45,44.5,44.5,986,709,0,839,768,0,0,0,0,0,15.38,10.77,4.69,1.56,4.62,23.08,3.12,3.12,8.29,23.08,34.23085,4099,333,4850,922,48.5,1.10601485,0.6375,4815,271,48.5,0.501629,0.6375,3714,139,38.8,0.2579177,0.6375,3639,91,38.8,0.213657647,0.6375,3706,181,38.8,0.3294965,0.64375,4850,926,48.5,1.15029013,0.64375,3589,67,38.8,0.19010441,0.64375,3632,67,38.8,0.176466957,0.64375,55.3750076,49.2500038,99.99748,25.5017166,11.3790474,69.1463852,9.8783,5.00246429,66.38301,39,0.25,0,55,0,85,0.416,1.01,16,16,16,32,48,30,295,160,130,0,0,0,16,38.75,0.25,0,55,0,85,0.416,1.01,16,16,16,32,48,30,295,160,130,0,0,0,16,512,-1,485.785156,485.480469,0.3046875,0.5,7618.451,7618.951,0,0,0,0,0,0,0,0,0,0,0,0,512,600,1200,3000,52,0.969000041,1.30500007,0,6,16,37,2670,10451.9824,1001,1001,30,30,6,3,1,0,19.002,17.292,0.975,11390.0938,293.042969,5.83810043,0,0,0,0.00361972651,0,0.7346848,0.728512347,0,0,0,0,0,0,46.90625,44,16376,4684,11691,71.39383,52.671,173749248,249856
05/27/2026 13:21:53,45,54,0,55,60,54,54,54,54,71,12.12,5.04,1.312,1.396,1,0.326,0.678000033,3.292,2.046,0,3.37600017,3.37200022,3.12000012,56,45,45,44.5,1014,683,0,845,772,0,0,0,0,0,21.88,4.69,4.69,1.56,1.56,25,3.12,0,7.81,25,35.5901527,4128,438,4850,1201,48.5,1.34339035,0.64375,4850,410,48.5,0.7331445,0.64375,3710,146,38.8,0.314908743,0.64375,3682,113,38.8,0.268891245,0.64375,3779,240,38.8,0.453285724,0.64375,4850,1238,48.5,1.45292711,0.64375,3685,91,38.8,0.243248716,0.64375,3621,63,38.8,0.202035308,0.64375,57.0000076,49.7500038,99.99749,25.5400162,11.3407478,69.25024,9.911602,4.969162,66.60681,39,0.25,0,55,0,85,0.416,1.01,16,16,16,32,48,30,295,160,130,0,0,0,16,38.75,0.25,0,55,0,85,0.416,1.01,16,16,16,32,48,30,295,160,130,0,0,0,16,512,-1,485.785156,485.480469,0.3046875,0.5,7618.451,7618.951,0,0,0,0,0,0,0,0,0,0,0,0,512,600,1200,3000,52,1.05000007,1.30500007,0,17,16,37,2670,10451.9824,999,1000,30,30,6,3,1,0,18.179,18.986,0.975,11390.0938,293.042969,6.008248,0,0,0,0.00299358554,0,0.7539588,0.7427834,0,0,0,0,0,0,47.0625,44,16376,4684,11691,71.39383,52.674,104199168,249856
05/27/2026 13:21:55,47,53,0,56,61,54,54,54,54,71,12.144001,5.04,1.312,1.396,0.994,0.314,0.678000033,3.292,2.046,0,3.37200022,3.37200022,3.124,56,45,45,44.5,1044,680,0,855,780,0,0,0,0,0,21.54,7.69,1.54,1.54,4.62,15.38,0,1.54,6.73,21.54,34.8202,3470,366,4850,1006,48.5,1.1202364,0.66875,3165,322,32.3333321,0.5488081,0.66875,3010,172,32.3333321,0.3030729,0.66875,3002,112,32.3333321,0.24011384,0.66875,3015,200,32.3333321,0.3571877,0.66875,4850,978,48.5,1.19577229,0.66875,2934,74,32.3333321,0.202593237,0.66875,2932,64,32.3333321,0.183330759,0.66875,56.7500076,49.7500038,99.99749,25.53563,11.3451347,69.23834,9.908283,4.972481,66.5845,39,0.25,0,55,0,85,0.416,1.01,16,16,16,32,48,30,295,160,130,0,0,0,16,38.75,0.25,0,55,0,85,0.416,1.01,16,16,16,32,48,30,295,160,130,0,0,0,16,512,-1,485.785156,485.480469,0.3046875,0.5,7618.451,7618.951,0,0,0,0,0,0,0,0,0,0,0,0,512,600,1200,3000,52,0.969000041,1.30500007,0,5,16,37,2670,10451.9824,1000,1002,30,30,6,3,1,0,18.25,20.306,0.975,11390.0938,293.042969,5.795856,0,0,0,0.003880474,0,0.7237231,0.7167088,0,0,0,0,0,0,46.90625,44,16376,4684,11691,71.39383,54.023,49152,249856
05/27/2026 13:21:57,47,54,0,56,62,54,54,54,54,71,12.144001,5.04,1.312,1.396,0.998,0.314,0.678000033,3.292,2.046,0,3.37600017,3.37200022,3.124,56,45,44.5,44.5,1049,682,0,864,791,0,0,0,0,0,14.29,4.69,0,3.12,3.12,22.22,1.56,0,6.13,22.22,34.6633339,3693,383,4850,1102,48.5,1.24634981,0.64375,4818,323,48.5,0.5778344,0.64375,2978,131,32.3333321,0.274726272,0.64375,3032,120,32.3333321,0.24321638,0.64375,3054,208,32.3333321,0.38491118,0.64375,4850,1037,48.5,1.262971,0.64375,2976,79,32.3333321,0.20738253,0.64375,2987,65,32.3333321,0.185578614,0.6375,56.6250076,49.7500038,99.99748,25.53812,11.3426437,69.2450943,9.913834,4.96693039,66.6218,39,0.25,0,55,0,85,0.416,1.01,16,16,16,32,48,30,295,160,130,0,0,0,16,38.75,0.25,0,55,0,85,0.416,1.01,16,16,16,32,48,30,295,160,130,0,0,0,16,512,-1,485.785156,485.480469,0.3046875,0.5,7618.451,7618.951,0,0,0,0,0,0,0,0,0,0,0,0,512,600,1200,3000,52,0.969000041,1.30500007,0,2,15,37,2670,10451.9824,1002,1000,30,30,6,3,1,0,19.292,18.706,0.975,11390.0938,293.042969,5.96405029,0,0,0,0.0023000075,0,0.7383426,0.7332806,0,0,0,0,0,0,47,44,16376,4684,11691,71.39383,53.906,173549568,249856
05/27/2026 13:21:59,47,54,0,57,62,56,56,56,56,73,12.144001,5.04,1.312,1.396,1,0.324,0.676000059,3.292,2.046,0,3.37600017,3.37200022,3.124,57,45,45,44.5,1049,709,0,888,780,0,0,0,0,0,23.44,6.25,3.12,1.56,4.69,25,1.56,1.56,8.4,25,35.80868,3473,452,4850,1340,48.5,1.497276,0.64375,3199,373,32.3333321,0.696414649,0.64375,3038,176,32.3333321,0.335143745,0.64375,2927,105,32.3333321,0.2703527,0.64375,3049,215,32.3333321,0.4307419,0.64375,4850,1242,48.5,1.45633411,0.64375,2917,90,32.3333321,0.245589212,0.64375,2953,71,32.3333321,0.2259706,0.64375,57.8750076,49.7500038,99.99749,25.4544029,11.4263611,69.0181,9.848953,5.03181076,66.18581,39,0.25,0,55,0,85,0.416,1.01,16,16,16,32,48,30,295,160,130,0,0,0,16,38.75,0.25,0,55,0,85,0.416,1.01,16,16,16,32,48,30,295,160,130,0,0,0,16,512,-1,485.785156,485.480469,0.3046875,0.5,7618.451,7618.951,0,0,0,0,0,0,0,0,0,0,0,0,512,600,1200,3000,52,0.974000037,1.30500007,0,5,16,37,2670,10451.9824,998,999,30,30,6,3,1,0,18.785,17.082,0.975,11390.0938,293.042969,5.94859648,0,0,0,0.002313188,0,0.7589286,0.7509643,0,0,0,0,0,0,47.03125,44,16376,4684,11691,71.39383,51.991,173699072,299008
05/27/2026 13:22:01,49,54,0,58,63,58,58,58,58,74,12.144001,5.05,1.312,1.396,0.992000043,0.318000019,0.678000033,3.292,2.046,0,3.37600017,3.37600017,3.124,58,45,45,44.5,1077,709,0,875,806,0,0,0,0,0,25,6.25,4.69,3.12,0,21.88,1.56,1.56,8.01,25,36.0057869,3828,398,4850,1130,48.5,1.33718634,0.65,4773,323,48.5,0.6287349,0.65,4477,139,48.5,0.284462154,0.65,2969,104,32.3333321,0.235559881,0.65,4496,186,48.5,0.371589571,0.65,3233,1184,32.3333321,1.40115678,0.6375,2957,67,32.3333321,0.2101734,0.6375,2868,54,32.3333321,0.189579338,0.6375,58.5000076,49.7500038,99.99748,25.4467316,11.4340324,68.9973,9.836536,5.0442276,66.102356,39,0.25,0,55,0,85,0.416,1.01,16,16,16,32,48,30,295,160,130,0,0,0,16,38.75,0.25,0,55,0,85,0.416,1.01,16,16,16,32,48,30,295,160,130,0,0,0,16,512,-1,485.785156,485.480469,0.3046875,0.5,7618.451,7618.951,0,0,0,0,0,0,0,0,0,0,0,0,512,600,1200,3000,52,1.04000008,1.30500007,0,17,16,37,2670,10451.9824,999,1001,30,30,6,3,1,0,18.166,20.115,0.975,11390.0938,293.273438,6.004828,0,0,0,0.00238055456,0,0.7450329,0.7344112,0,0,0,0,0,0,46.96875,44,16376,4684,11691,71.39383,52.751,1.738496E+08,299008
05/27/2026 13:22:03,49,54,0,59,64,58,58,58,58,74,12.144001,5.04,1.312,1.396,1.008,0.316,0.676000059,3.292,2.046,0,3.37600017,3.37600017,3.124,58,45,45,44.5,1095,683,0,904,798,0,0,0,0,0,24.62,6.15,1.56,0,4.69,21.54,1.56,0,7.52,24.62,35.9289055,3665,442,4850,1457,48.5,1.60154831,0.6375,3217,383,32.3333321,0.7352285,0.6375,3017,150,32.3333321,0.316875964,0.6375,2965,104,32.3333321,0.25883612,0.6375,4544,207,48.5,0.43043223,0.6375,4850,1084,48.5,1.32831419,0.6375,2948,83,32.3333321,0.225638717,0.6375,2931,64,32.3333321,0.205938667,0.6375,58.6250076,53.2500038,99.9975,25.4557152,11.4250488,69.02166,9.84605,5.03471375,66.16629,39,0.25,0,55,0,85,0.416,1.01,16,16,16,32,48,30,295,160,130,0,0,0,16,38.75,0.25,0,55,0,85,0.416,1.01,16,16,16,32,48,30,295,160,130,0,0,0,16,512,-1,485.785156,485.480469,0.3046875,0.5,7618.451,7618.951,0,0,0,0,0,0,0,0,0,0,0,0,512,600,1200,3000,53,0.974000037,1.30500007,0,2,15,37,2670,10451.9824,1001,1000,30,30,6,3,1,0,18.196,20.218,0.975,11390.0938,293.273438,5.77704573,0,0,0,0.003824667,0,0.740858734,0.731865346,0,0,0,0,0,0,47,46,16376,4684,11691,71.39383,54.35,949248,4.659917E+07
05/27/2026 13:22:05,50,54,0,59,65,58,58,58,58,74,12.144001,5.05,1.312,1.396,0.986000061,0.316,0.678000033,3.29600024,2.046,0,3.37600017,3.37600017,3.124,58,45,45,44.5,1113,683,0,916,809,0,0,0,0,0,21.88,1.56,3.12,4.69,3.12,7.81,3.12,3.12,6.05,21.88,34.44813,4176,374,5050,1249,50.5,1.33193457,0.5625,5050,354,50.5,0.63374424,0.5625,3868,133,40.4,0.2623655,0.5625,3807,96,40.4,0.213977739,0.5625,3904,203,40.4,0.343783,0.5625,4040,805,40.4,1.05155313,0.5625,3835,85,40.4,0.204858422,0.5625,3853,66,40.4,0.190465838,0.5625,57.8750076,49.2500038,99.99749,25.4501534,11.4306107,69.00658,9.846058,5.034706,66.16635,39,0.25,0,55,0,85,0.416,1.01,16,16,16,32,48,30,295,160,130,0,0,0,16,38.75,0.25,0,55,0,85,0.416,1.01,16,16,16,32,48,30,295,160,130,0,0,0,16,512,-1,485.785156,485.480469,0.3046875,0.5,7618.451,7618.951,0,0,0,0,0,0,0,0,0,0,0,0,512,600,1200,3000,52,0.955000043,1.30500007,0,5,16,37,2670,10451.9824,1001,999,30,30,6,3,1,0,17.725,17.838,0.975,11390.0938,293.273438,5.860761,0,0,0,0.003022538,0,0.730307043,0.721309245,0,0,0,0,0,0,46.875,44,16376,4684,11691,71.39383,53.43,125499392,249856
05/27/2026 13:22:07,49,54,0,59,64,56,56,56,56,73,12.144001,5.04,1.312,1.396,0.994,0.322000027,0.678000033,3.292,2.046,0,3.37600017,3.37200022,3.124,56,44.5,45,44.5,1121,683,0,905,819,0,0,0,0,0,20.31,1.56,1.56,1.54,3.12,21.88,0,1.54,6.44,21.88,34.4025421,3874,346,4850,1115,48.5,1.24217081,0.6375,4790,289,48.5,0.5603131,0.6375,3005,131,32.3333321,0.237676531,0.6375,2998,90,32.3333321,0.20038791,0.6375,4547,171,48.5,0.310152978,0.6375,4850,851,48.5,1.07282758,0.6375,2989,67,32.3333321,0.180818588,0.6375,2959,53,32.3333321,0.156340882,0.6375,56.7500076,49.2500038,99.99749,25.4479218,11.4328423,69.00053,9.847595,5.033169,66.17668,39,0.25,0,55,0,85,0.416,1.01,16,16,16,32,48,30,295,160,130,0,0,0,16,38.75,0.25,0,55,0,85,0.416,1.01,16,16,16,32,48,30,295,160,130,0,0,0,16,512,-1,485.785156,485.480469,0.3046875,0.5,7618.451,7618.951,0,0,0,0,0,0,0,0,0,0,0,0,512,600,1200,3000,52,0.969000041,1.30500007,0,4,16,37,2670,10451.9824,1000,1001,30,30,6,3,1,0,17.651,17.629,0.975,11390.0938,293.273438,5.894318,0,0,0,0.00312082283,0,0.7377726,0.7254202,0,0,0,0,0,0,46.875,44,16376,4684,11691,71.39383,52.3,849920,249856
05/27/2026 13:22:09,48,54,0,58,63,56,56,56,56,73,12.144001,5.04,1.312,1.396,0.986000061,0.316,0.676000059,3.292,2.046,0,3.37600017,3.37200022,3.124,57,45,45,44.5,1084,705,0,898,815,0,0,0,0,0,23.81,3.17,3.17,0,1.59,12.7,0,3.17,5.95,23.81,34.70334,3659,388,4850,1067,48.5,1.26244843,0.65,4774,356,48.5,0.6654756,0.65,3007,156,32.3333321,0.309353977,0.65,2938,102,32.3333321,0.239416987,0.65,2984,217,32.3333321,0.3742062,0.65,4850,1053,48.5,1.21582937,0.65,2950,82,32.3333321,0.235253587,0.65,2918,67,32.3333321,0.195249319,0.65,57.2500076,49.2500038,99.99749,25.4554672,11.4252968,69.02099,9.851627,5.02913666,66.20377,39,0.25,0,55,0,85,0.416,1.01,16,16,16,32,48,30,295,160,130,0,0,0,16,38.75,0.25,0,55,0,85,0.416,1.01,16,16,16,32,48,30,295,160,130,0,0,0,16,512,-1,485.785156,485.480469,0.3046875,0.5,7618.451,7618.951,0,0,0,0,0,0,0,0,0,0,0,0,512,600,1200,3000,52,1.064,1.30500007,0,7,16,37,2670,10451.9824,1000,998,30,30,6,3,1,0,18.212,22.094,0.975,11390.0938,293.273438,5.912408,0,0,0,0.00276850862,0,0.7556119,0.740471,0,0,0,0,0,0,47.03125,44,16376,4684,11691,71.39383,53.597,171999232,299008
05/27/2026 13:22:11,48,54,0,57,63,56,56,55,55,72,12.144001,5.04,1.312,1.396,0.992000043,0.328,0.678000033,3.292,2.046,0,3.37600017,3.37200022,3.124,56,44.5,45,44.5,1084,707,0,891,829,0,0,0,0,0,23.81,4.76,3.12,1.56,6.25,22.22,3.12,0,8.11,23.81,34.0170746,3487,322,4850,873,48.5,1.043995,0.65625,3199,288,32.3333321,0.466540426,0.65625,3005,134,32.3333321,0.257160485,0.65625,3007,99,32.3333321,0.214292735,0.65625,3033,197,32.3333321,0.312012225,0.65625,4850,848,48.5,1.03620279,0.65625,2980,71,32.3333321,0.1888671,0.65625,2972,64,32.3333321,0.180163,0.65625,56.5000076,48.7500038,99.99748,25.4791145,11.4016495,69.0851059,9.865982,5.014782,66.30024,39,0.25,0,55,0,85,0.416,1.01,16,16,16,32,48,30,295,160,130,0,0,0,16,38.75,0.25,0,55,0,85,0.416,1.01,16,16,16,32,48,30,295,160,130,0,0,0,16,512,-1,485.785156,485.480469,0.3046875,0.5,7618.451,7618.951,0,0,0,0,0,0,0,0,0,0,0,0,512,600,1200,3000,53,0.995000064,1.30500007,0,2,16,37,2670,10451.9824,1000,999,30,30,6,3,1,0,19.486,19.645,0.975,11390.0938,293.273438,5.821628,0,0,0,0.00379296532,0,0.740423,0.7267603,0,0,0,0,0,0,47.03125,44,16376,4684,11691,71.39383,54.432,174949376,249856
05/27/2026 13:22:13,47,53,0,56,62,54,54,54,54,71,12.144001,5.04,1.312,1.39200008,0.984,0.322000027,0.678000033,3.292,2.046,0,3.37600017,3.37200022,3.124,55,44.5,44.5,44.5,1066,704,0,897,800,0,0,0,0,0,21.54,12.31,3.08,1.54,6.15,15.38,3.08,4.62,8.46,21.54,34.3115349,4541,360,4850,1056,48.5,1.20419145,0.61875,4850,331,48.5,0.627442241,0.61875,4734,142,48.5,0.257996649,0.61875,4711,108,48.5,0.219866976,0.61875,4743,201,48.5,0.356033564,0.61875,4850,891,48.5,1.09497023,0.61875,3717,74,38.8,0.193714172,0.61875,3873,80,38.8,0.19342652,0.61875,55.8750076,49.2500038,99.99749,25.4474869,11.4332771,68.9993439,9.838314,5.04245,66.1143,39,0.25,0,55,0,85,0.416,1.01,16,16,16,32,48,30,295,160,130,0,0,0,16,38.75,0.25,0,55,0,85,0.416,1.01,16,16,16,32,48,30,295,160,130,0,0,0,16,512,-1,485.785156,485.480469,0.3046875,0.5,7618.451,7618.951,0,0,0,0,0,0,0,0,0,0,0,0,512,600,1200,3000,52,0.969000041,1.30500007,0,2,16,37,2670,10451.9824,1002,1000,30,30,6,3,1,0,17.712,17.602,0.975,11390.0938,293.273438,5.732304,0,0,0,0.004478029,0,0.7331854,0.71563077,0,0,0,0,0,0,46.90625,44,16376,4684,11691,71.39383,53.013,1.718999E+08,249856
05/27/2026 13:22:15,45,53,0,55,60,53,53,53,53,70,12.144001,5.04,1.312,1.396,0.994,0.320000023,0.678000033,3.292,2.046,0,3.37600017,3.37200022,3.124,55,45,45,44.5,1034,700,0,879,804,0,0,0,0,0,20,6.15,1.56,1.56,6.15,15.38,0,1.56,6.55,20,34.5387955,3728,371,4850,1039,48.5,1.19144559,0.64375,4850,375,48.5,0.590404451,0.64375,3116,161,32.3333321,0.292393416,0.64375,3022,109,32.3333321,0.23648636,0.64375,3095,242,32.3333321,0.410042644,0.64375,4850,873,48.5,1.07634664,0.64375,2984,84,32.3333321,0.214529619,0.64375,3061,87,32.3333321,0.203025445,0.64375,55.5000076,49.2500038,99.99748,25.472496,11.408268,69.06716,9.867329,5.01343536,66.30929,39,0.25,0,55,0,85,0.416,1.01,16,16,16,32,48,30,295,160,130,0,0,0,16,38.75,0.25,0,55,0,85,0.416,1.01,16,16,16,32,48,30,295,160,130,0,0,0,16,512,-1,485.785156,485.480469,0.3046875,0.5,7618.451,7618.951,0,0,0,0,0,0,0,0,0,0,0,0,512,600,1200,3000,52,0.969000041,1.30500007,0,2,15,37,2670,10451.9824,998,1000,30,30,6,3,1,0,17.952,18.797,0.975,11390.0938,293.273438,5.93373632,0,0,0,0.00309742778,0,0.732079,0.7287201,0,0,0,0,0,0,46.875,44,16376,4684,11691,71.39383,52.597,169949184,2299904
05/27/2026 13:22:17,45,54,0,55,60,53,53,53,53,70,12.144001,5.04,1.312,1.39200008,0.982000053,0.318000019,0.676000059,3.292,2.046,0,3.37600017,3.37200022,3.12000012,55,45,45,44.5,1009,705,0,853,771,0,0,0,0,0,22.22,4.76,3.12,1.56,3.17,14.29,0,0,6.14,22.22,34.65474,4609,369,4850,1077,48.5,1.20258844,0.64375,4764,337,48.5,0.518078148,0.64375,4595,169,48.5,0.289029568,0.64375,4503,118,48.5,0.239577159,0.64375,4490,211,48.5,0.354426473,0.64375,4850,885,48.5,1.07048762,0.64375,4438,84,48.5,0.203993976,0.64375,4384,72,48.5,0.185716137,0.64375,55.3750076,49.2500038,99.99749,25.4745827,11.4061813,69.0728149,9.870403,5.01036072,66.32995,39,0.25,0,55,0,85,0.416,1.01,16,16,16,32,48,30,295,160,130,0,0,0,16,38.75,0.25,0,55,0,85,0.416,1.01,16,16,16,32,48,30,295,160,130,0,0,0,16,512,-1,485.785156,485.480469,0.3046875,0.5,7618.451,7618.951,0,0,0,0,0,0,0,0,0,0,0,0,512,600,1200,3000,52,0.974000037,1.30500007,0,3,15,37,2670,10451.9824,1000,999,30,30,6,3,1,0,18.438,20.414,0.975,11390.0938,293.042969,5.85958338,0,0,0,0.003089502,0,0.7297086,0.7180261,0,0,0,0,0,0,46.96875,44,16376,4684,11691,71.39383,54.297,1.90524928E+09,4948992
05/27/2026 13:22:19,45,54,0,55,60,53,53,53,53,70,12.144001,5.04,1.312,1.396,0.994,0.332000017,0.678000033,3.292,2.046,0,3.37600017,3.37600017,3.124,55,45,45,44.5,1007,708,0,857,784,0,0,0,0,0,15.62,10.94,1.56,1.59,9.38,21.88,0,0,7.62,21.88,33.969883,3750,325,4850,822,48.5,1.02735066,0.65625,4850,301,48.5,0.463234961,0.65625,3115,131,32.3333321,0.245727643,0.65625,3078,100,32.3333321,0.210750356,0.65625,3136,200,32.3333321,0.318388045,0.65625,4850,915,48.5,1.09279549,0.65625,3058,70,32.3333321,0.182606488,0.65625,3059,64,32.3333321,0.16921483,0.65625,55.1250076,48.7500038,99.99749,25.4782486,11.4025154,69.082756,9.87402,5.00674438,66.35425,39,0.25,0,55,0,85,0.416,1.01,16,16,16,32,48,30,295,160,130,0,0,0,16,38.75,0.25,0,55,0,85,0.416,1.01,16,16,16,32,48,30,295,160,130,0,0,0,16,512,-1,485.785156,485.480469,0.3046875,0.5,7618.451,7618.951,0,0,0,0,0,0,0,0,0,0,0,0,512,600,1200,3000,52,0.974000037,1.30500007,0,2,15,37,2670,10451.9824,1001,1001,30,30,6,3,1,0,18.052,19.006,0.975,11390.0938,293.042969,5.782221,0,0,0,0.00329622,0,0.732883,0.723715663,0,0,0,0,0,0,47,44,16376,4684,11691,71.39383,54.04,1.69899E+08,299008
05/27/2026 13:22:21,45,54,0,55,60,53,53,53,53,70,12.144001,5.04,1.312,1.396,0.974000037,0.314,0.676000059,3.292,2.046,0,3.37200022,3.37200022,3.124,55,45,45,44.5,996,683,0,867,783,0,0,0,0,0,15.62,6.25,3.12,1.56,3.12,14.06,3.12,0,5.86,15.62,34.4209137,3730,363,4850,994,48.5,1.17623711,0.64375,4850,383,48.5,0.6493178,0.64375,3106,149,32.3333321,0.291626,0.64375,3079,132,32.3333321,0.263207167,0.64375,3120,215,32.3333321,0.379392326,0.64375,4850,891,48.5,1.07631969,0.64375,3002,72,32.3333321,0.212460324,0.64375,2986,70,32.3333321,0.192082092,0.64375,55.0000076,49.2500038,99.99749,25.4792175,11.4015465,69.08539,9.874538,5.00622559,66.35774,39,0.25,0,55,0,85,0.416,1.01,16,16,16,32,48,30,295,160,130,0,0,0,16,38.75,0.25,0,55,0,85,0.416,1.01,16,16,16,32,48,30,295,160,130,0,0,0,16,512,-1,485.785156,485.480469,0.3046875,0.5,7618.451,7618.951,0,0,0,0,0,0,0,0,0,0,0,0,512,600,1200,3000,52,0.969000041,1.30500007,0,7,16,37,2670,10451.9824,1000,1000,30,30,6,3,1,0,18.832,17.279,0.975,11390.0938,293.042969,5.84494543,0,0,0,0.00304901158,0,0.731712639,0.7297569,0,0,0,0,0,0,46.875,44,16376,4684,11691,71.39383,52.513,1.697495E+08,249856
05/27/2026 13:22:23,45,54,0,55,60,53,53,53,53,70,12.144001,5.04,1.312,1.396,1.00200009,0.328,0.676000059,3.292,2.046,0,3.37600017,3.37600017,3.124,55,45,45,44.5,1005,683,0,869,783,0,0,0,0,0,22.22,11.11,4.76,3.17,4.76,17.46,1.59,8.06,9.14,22.22,34.57034,3984,372,4850,1010,48.5,1.16564953,0.6375,3880,380,38.8,0.5559831,0.6375,3740,155,38.8,0.2704632,0.65,3646,109,38.8,0.225727141,0.65,3762,230,38.8,0.367936641,0.65,4850,941,48.5,1.12559652,0.65,3606,80,38.8,0.196419984,0.65,3539,73,38.8,0.174509391,0.65,55.0000076,49.2500038,99.9975,25.47335,11.4074135,69.06947,9.873146,5.007618,66.34838,39,0.25,0,55,0,85,0.416,1.01,16,16,16,32,48,30,295,160,130,0,0,0,16,38.75,0.25,0,55,0,85,0.416,1.01,16,16,16,32,48,30,295,160,130,0,0,0,16,512,-1,485.785156,485.480469,0.3046875,0.5,7618.451,7618.951,0,0,0,0,0,0,0,0,0,0,0,0,512,600,1200,3000,53,0.965000033,1.30500007,0,3,15,37,2670,10451.9824,1001,1000,30,30,7,3,1,1,18.116,19.586,0.975,11390.0938,293.042969,5.99189425,0,0,0,0.002459276,0,0.7497337,0.7352118,0,0,0,0,0,0,47.03125,44,16376,4684,11691,71.39383,52.951,171799552,249856
05/27/2026 13:22:25,45,54,0,55,60,53,53,53,53,70,12.12,5.04,1.312,1.396,0.98,0.318000019,0.676000059,3.292,2.046,0,3.37600017,3.37200022,3.124,54,45,45,44.5,1000,709,0,852,783,0,0,0,0,0,21.88,6.25,7.94,4.69,3.12,26.56,4.76,6.35,10.19,26.56,34.35142,3957,332,4850,895,48.5,1.07656765,0.64375,3233,351,32.3333321,0.5386957,0.64375,3182,174,32.3333321,0.2695051,0.64375,3134,106,32.3333321,0.2174583,0.64375,3132,183,32.3333321,0.3067242,0.64375,4850,803,48.5,1.0236671,0.65625,4618,83,48.5,0.194602638,0.65625,4656,63,48.5,0.169680074,0.65625,54.8750076,48.7500038,99.99749,25.44976,11.4310036,69.0055161,9.855106,5.02565765,66.22716,39,0.25,0,55,0,85,0.416,1.01,16,16,16,32,48,30,295,160,130,0,0,0,16,38.75,0.25,0,55,0,85,0.416,1.01,16,16,16,32,48,30,295,160,130,0,0,0,16,512,-1,485.785156,485.480469,0.3046875,0.5,7618.451,7618.951,0,0,0,0,0,0,0,0,0,0,0,0,512,600,1200,3000,52,0.974000037,1.30500007,0,4,16,37,2670,10451.9824,999,1000,30,30,6,3,1,0,18.319,21.215,0.975,11390.1719,293.8086,5.67035341,0,0,0,0.0022260407,0,0.717197,0.7122448,0,0,0,0,0,0,46.90625,44,16376,4684,11691,71.39426,54.36,0,249856
05/27/2026 13:22:27,44,53,0,54,59,51,51,51,51,69,12.12,5.04,1.312,1.396,0.982000053,0.324,0.676000059,3.288,2.046,0,3.37200022,3.37200022,3.12000012,54,44.5,45,44.5,979,704,0,861,777,0,0,0,0,0,17.46,7.94,3.17,3.17,3.17,9.52,3.17,1.59,6.15,17.46,33.6385078,3252,291,4850,830,48.5,0.988628566,0.64375,3153,287,32.3333321,0.41860655,0.64375,2963,123,32.3333321,0.232829586,0.64375,2958,88,32.3333321,0.19657366,0.64375,2971,168,32.3333321,0.287937373,0.64375,3233,694,32.3333321,0.918396235,0.64375,2931,71,32.3333321,0.187917829,0.64375,2957,68,32.3333321,0.172901034,0.64375,54.6250076,49.2500038,99.99749,25.4739914,11.4067726,69.07121,9.872124,5.00864029,66.34151,39,0.25,0,55,0,85,0.416,1.01,16,16,16,32,48,30,295,160,130,0,0,0,16,38.75,0.25,0,55,0,85,0.416,1.01,16,16,16,32,48,30,295,160,130,0,0,0,16,512,-1,485.785156,485.480469,0.3046875,0.5,7618.451,7618.951,0,0,0,0,0,0,0,0,0,0,0,0,512,600,1200,3000,53,0.955000043,1.30500007,0,1,16,37,2670,10451.9824,1001,1001,30,30,6,3,1,0,17.799,17.877,0.975,11390.2422,293.839844,5.885445,0,0,0,0.00487525761,0,0.7349829,0.7273016,0,0,0,0,0,0,46.96875,44,16376,4684,11691,71.39469,53.645,1.738496E+08,11348992
05/27/2026 13:22:29,44,53,0,54,59,51,51,51,51,69,12.12,5.04,1.31000006,1.39200008,0.98,0.322000027,0.678000033,3.288,2.046,0,3.37200022,3.37200022,3.12000012,54,44.5,44.5,44.5,980,694,0,845,753,0,0,0,0,0,12.7,3.17,6.35,0,1.59,17.46,0,0,5.16,17.46,34.1392365,4066,347,4850,873,48.5,1.092794,0.64375,3880,308,38.8,0.5225845,0.64375,3827,139,38.8,0.275300056,0.65625,3746,104,38.8,0.227659658,0.65625,3832,210,38.8,0.34231934,0.65625,4850,968,48.5,1.13058257,0.65625,3771,95,38.8,0.207238987,0.65625,3769,82,38.8,0.1934066,0.65625,54.7500076,49.2500038,99.99749,25.44907,11.431694,69.00364,9.844826,5.03593826,66.1580658,39,0.25,0,55,0,85,0.416,1.01,16,16,16,32,48,30,295,160,130,0,0,0,16,38.75,0.25,0,55,0,85,0.416,1.01,16,16,16,32,48,30,295,160,130,0,0,0,16,512,-1,485.785156,485.480469,0.3046875,0.5,7618.451,7618.951,0,0,0,0,0,0,0,0,0,0,0,0,512,600,1200,3000,52,0.965000033,1.30500007,0,2,15,37,2670,10451.9824,1001,1001,30,30,6,3,1,0,17.599,17.47,0.975,11390.2422,293.839844,5.76588058,0,0,0,0.003247144,0,0.7259218,0.7155246,0,0,0,0,0,0,47.09375,44,16376,4684,11691,71.39469,52.543,175699968,4599808
05/27/2026 13:22:31,44,53,0,54,59,51,51,51,51,69,12.12,5.04,1.31000006,1.396,0.974000037,0.320000023,0.676000059,3.288,2.046,0,3.37200022,3.37200022,3.12000012,54,44.5,44.5,44.5,988,667,0,854,751,0,0,0,0,0,12.31,6.25,3.12,1.56,3.12,13.85,3.12,0,5.42,13.85,33.6848564,3984,295,4850,815,48.5,1.00328147,0.64375,3863,274,38.8,0.4405422,0.64375,3701,132,38.8,0.242984533,0.64375,3670,93,38.8,0.209585547,0.64375,3695,180,38.8,0.300621331,0.64375,4850,736,48.5,0.93846333,0.64375,3626,71,38.8,0.183406308,0.64375,3620,56,38.8,0.166418627,0.65,54.5000076,49.2500038,99.99749,25.4396935,11.4410706,68.97822,9.844658,5.036106,66.15694,39,0.25,0,55,0,85,0.416,1.01,16,16,16,32,48,30,295,160,130,0,0,0,16,38.75,0.25,0,55,0,85,0.416,1.01,16,16,16,32,48,30,295,160,130,0,0,0,16,512,-1,485.785156,485.480469,0.3046875,0.5,7618.451,7618.951,0,0,0,0,0,0,0,0,0,0,0,0,512,600,1200,3000,52,0.974000037,1.30500007,0,3,16,37,2670,10451.9824,1000,1001,30,30,6,3,1,0,18.22,22.114,0.975,11390.2422,293.839844,5.80587149,0,0,0,0.003109749,0,0.7271348,0.7209153,0,0,0,0,0,0,47.03125,44,16376,4684,11691,71.39469,53.316,0,249856
05/27/2026 13:22:33,44,53,0,54,59,51,51,51,51,69,12.144001,5.04,1.312,1.396,0.982000053,0.322000027,0.678000033,3.292,2.046,0,3.37600017,3.37600017,3.12000012,54,45,45,44.5,980,670,0,844,767,0,0,0,0,0,25,12.5,4.62,10.77,12.31,26.56,4.62,6.15,12.82,26.56,34.21712,4039,313,4040,804,40.4,0.9919446,0.54375,4040,323,40.4,0.476202667,0.54375,3906,133,40.4,0.244550735,0.54375,3797,108,40.4,0.214222714,0.54375,3936,200,40.4,0.31107673,0.54375,5050,802,50.5,0.9743215,0.54375,3763,74,40.4,0.190088779,0.54375,3783,61,40.4,0.166299909,0.54375,54.5000076,49.2500038,99.99749,25.447628,11.433136,68.99973,9.850765,5.029999,66.19798,39,0.25,0,55,0,85,0.416,1.01,16,16,16,32,48,30,295,160,130,0,0,0,16,38.75,0.25,0,55,0,85,0.416,1.01,16,16,16,32,48,30,295,160,130,0,0,0,16,512,-1,485.785156,485.480469,0.3046875,0.5,7618.451,7618.951,0,0,0,0,0,0,0,0,0,0,0,0,512,600,1200,3000,52,0.974000037,1.30500007,0,2,15,37,2670,10451.9824,999,998,30,30,6,3,1,0,18.217,24.098,0.975,11390.2422,293.839844,6.12426,0,0,0,0.0022774206,0,0.7729329,0.7619993,0,0,0,0,0,0,47.03125,44,16376,4684,11691,71.39469,54.328,899072,56349696
05/27/2026 13:22:35,44,54,0,54,59,51,51,51,51,69,12.144001,5.04,1.312,1.396,0.9760001,0.322000027,0.678000033,3.292,2.046,0,3.37600017,3.37600017,3.124,54,45,44.5,44.5,975,703,0,839,768,0,0,0,0,0,19.05,3.17,1.56,0,6.35,14.29,0,1.56,5.75,19.05,34.0113373,3932,316,4850,836,48.5,1.03226721,0.64375,4732,305,48.5,0.474285364,0.64375,3032,135,32.3333321,0.2537796,0.64375,2974,95,32.3333321,0.210265338,0.64375,4621,204,48.5,0.320203453,0.64375,5050,817,50.5,1.01531947,0.64375,3083,70,33.6666679,0.189441,0.64375,3114,62,33.6666679,0.172625139,0.64375,54.3750076,49.2500038,99.99749,25.445755,11.435009,68.99465,9.848789,5.031975,66.1847,39,0.25,0,55,0,85,0.416,1.01,16,16,16,32,48,30,295,160,130,0,0,0,16,38.75,0.25,0,55,0,85,0.416,1.01,16,16,16,32,48,30,295,160,130,0,0,0,16,512,-1,485.785156,485.480469,0.3046875,0.5,7618.451,7618.951,0,0,0,0,0,0,0,0,0,0,0,0,512,600,1200,3000,52,0.965000033,1.30500007,0,2,15,37,2670,10451.9824,1001,1001,30,30,6,3,1,0,17.68,23.545,0.975,11390.2422,293.839844,6.112652,0,0,0,0.00228151982,0,0.7331383,0.7237621,0,0,0,0,0,0,47,44,16376,4684,11691,71.39469,52.96,899072,56349696
05/27/2026 13:22:37,44,54,0,54,59,51,51,51,51,69,12.144001,5.04,1.312,1.396,0.98,0.322000027,0.678000033,3.292,2.046,0,3.37600017,3.37600017,3.124,54,45,44.5,44.5,982,681,0,855,749,0,0,0,0,0,20,7.69,3.08,3.08,4.62,16.92,1.54,0,7.12,20,34.31826,4138,331,4040,896,40.4,1.08156586,0.53125,4040,325,40.4,0.5128586,0.53125,3793,141,40.4,0.260693073,0.53125,4778,110,50.5,0.226659119,0.53125,3876,203,40.4,0.340751439,0.53125,5050,813,50.5,1.00516868,0.53125,3753,89,40.4,0.208444625,0.53125,3775,71,40.4,0.1834264,0.53125,54.5000076,48.7500038,99.9975,25.4416962,11.4390678,68.98365,9.84647751,5.0342865,66.16917,39,0.25,0,55,0,85,0.416,1.01,16,16,16,32,48,30,295,160,130,0,0,0,16,38.75,0.25,0,55,0,85,0.416,1.01,16,16,16,32,48,30,295,160,130,0,0,0,16,512,-1,485.785156,485.480469,0.3046875,0.5,7618.451,7618.951,0,0,0,0,0,0,0,0,0,0,0,0,512,600,1200,3000,52,0.969000041,1.30500007,0,5,16,37,2670,10451.9824,1000,1000,30,30,6,3,1,0,17.911,23.543,0.975,11390.2422,293.839844,5.83177948,0,0,0,0.00298925652,0,0.7291886,0.7185013,0,0,0,0,0,0,47.03125,44,16376,4684,11691,71.39469,52.275,149504,56249344
05/27/2026 13:22:39,44,54,0,54,59,51,51,51,51,69,12.144001,5.04,1.312,1.396,0.968000054,0.322000027,0.678000033,3.292,2.046,0,3.37600017,3.37600017,3.124,54,45,44.5,44.5,977,683,0,845,768,0,0,0,0,0,23.44,3.12,1.56,3.12,3.12,6.25,1.56,1.56,5.47,23.44,34.154686,3723,337,5050,1205,50.5,1.214467,0.54375,4040,310,40.4,0.5042662,0.54375,3868,144,40.4,0.280156344,0.54375,3189,108,33.6666679,0.230330482,0.54375,3250,199,33.6666679,0.355990171,0.54375,4040,583,40.4,0.920865655,0.575,3157,76,33.6666679,0.2019194,0.575,3191,70,33.6666679,0.181888685,0.575,54.6250076,49.2500038,99.99749,25.4476738,11.43309,68.999855,9.84859848,5.03216553,66.18342,39,0.25,0,55,0,85,0.416,1.01,16,16,16,32,48,30,295,160,130,0,0,0,16,38.75,0.25,0,55,0,85,0.416,1.01,16,16,16,32,48,30,295,160,130,0,0,0,16,512,-1,485.785156,485.480469,0.3046875,0.5,7618.451,7618.951,0,0,0,0,0,0,0,0,0,0,0,0,512,600,1200,3000,53,1.064,1.30500007,0,9,15,37,2670,10451.9824,1000,1000,30,30,6,3,1,0,18.325,24.288,0.975,11390.2422,293.839844,5.8008976,0,0,0,0.00224383734,0,0.7211693,0.721009731,0,0,0,0,0,0,47.0625,44,16376,4684,11691,71.39469,53.92,0,5.614899E+07
05/27/2026 13:22:41,44,54,0,54,59,51,51,51,51,69,12.12,5.04,1.312,1.396,0.978000045,0.328,0.678000033,3.292,2.046,0,3.37600017,3.37600017,3.124,54,45,44.5,44.5,987,683,0,860,748,0,0,0,0,0,23.44,6.25,0,0,1.56,15.62,0,3.12,6.25,23.44,34.6063271,3922,323,4850,1080,48.5,1.12948048,0.64375,4850,319,48.5,0.542073,0.64375,3066,136,32.3333321,0.25792402,0.64375,3031,100,32.3333321,0.222935811,0.64375,4619,206,48.5,0.33982408,0.64375,4850,593,48.5,0.8965215,0.64375,3030,74,32.3333321,0.194072127,0.64375,3078,79,32.3333321,0.191384345,0.64375,54.7500076,49.2500038,99.99749,25.4764366,11.4043274,69.07784,9.874924,5.0058403,66.36032,39,0.25,0,55,0,85,0.416,1.01,16,16,16,32,48,30,295,160,130,0,0,0,16,38.75,0.25,0,55,0,85,0.416,1.01,16,16,16,32,48,30,295,160,130,0,0,0,16,512,-1,485.785156,485.480469,0.3046875,0.5,7618.451,7618.951,0,0,0,0,0,0,0,0,0,0,0,0,512,600,1200,3000,52,0.965000033,1.30500007,0,2,16,37,2670,10451.9824,1000,999,30,30,6,3,1,0,18.175,18.895,0.975,11390.7969,293.8711,5.74843073,0,0,0,0.00466034748,0,0.7138947,0.708784,0,0,0.04924695,0,0,0,47,44,16376,4683,11692,71.39807,54.35,1.73099E+08,249856
05/27/2026 13:22:43,44,53,0,54,59,51,51,51,51,69,12.12,5.04,1.312,1.396,0.9760001,0.322000027,0.678000033,3.292,2.046,0,3.37600017,3.37600017,3.124,54,45,44.5,44.5,991,708,0,845,749,0,0,0,0,0,24.62,4.62,1.54,3.08,4.62,10.77,0,1.54,6.35,24.62,34.20789,4057,356,4850,1227,48.5,1.26908422,0.6625,4806,327,48.5,0.578655839,0.6625,3036,144,32.3333321,0.281351715,0.6625,2954,97,32.3333321,0.224679157,0.6625,3070,223,32.3333321,0.3721518,0.6625,4850,661,48.5,0.988307059,0.6625,4429,83,48.5,0.21504724,0.6625,4460,85,48.5,0.21070759,0.6625,54.5000076,48.7500038,99.99749,25.4459648,11.4347992,68.995224,9.841892,5.038872,66.13835,39,0.25,0,55,0,85,0.416,1.01,16,16,16,32,48,30,295,160,130,0,0,0,16,38.75,0.25,0,55,0,85,0.416,1.01,16,16,16,32,48,30,295,160,130,0,0,0,16,512,-1,485.785156,485.480469,0.3046875,0.5,7618.451,7618.951,0,0,0,0,0,0,0,0,0,0,0,0,512,600,1200,3000,52,1.05000007,1.30500007,0,16,16,37,2670,10451.9824,1000,1001,30,30,6,3,1,0,18.101,18.061,0.975,11390.7969,293.8711,5.589906,0,0,0,0.00208206428,0,0.7290893,0.7263331,0,0,0,0,0,0,46.96875,44,16376,4683,11692,71.39807,52.476,173299712,249856
05/27/2026 13:22:45,44,54,0,54,59,51,51,51,51,69,12.12,5.04,1.31000006,1.396,0.978000045,0.312,0.678000033,3.292,2.046,0,3.37200022,3.37200022,3.12000012,54,45,44.5,44.5,977,707,0,859,750,0,0,0,0,0,18.46,6.15,3.08,1.54,3.08,10.77,1.54,0,5.58,18.46,34.69895,4522,326,4850,1183,48.5,1.19383311,0.64375,4850,283,48.5,0.5068404,0.64375,4757,128,48.5,0.251734048,0.64375,3731,100,38.8,0.220360741,0.64375,3822,213,38.8,0.3460065,0.64375,4850,546,48.5,0.872851968,0.64375,4661,95,48.5,0.220269188,0.64375,4651,61,48.5,0.1872784,0.64375,54.6250076,49.2500038,99.99748,25.4778442,11.40292,69.08166,9.874126,5.00663757,66.3549652,39,0.25,0,55,0,85,0.416,1.01,16,16,16,32,48,30,295,160,130,0,0,0,16,38.75,0.25,0,55,0,85,0.416,1.01,16,16,16,32,48,30,295,160,130,0,0,0,16,512,-1,485.785156,485.480469,0.3046875,0.5,7618.451,7618.951,0,0,0,0,0,0,0,0,0,0,0,0,512,600,1200,3000,52,0.974000037,1.30500007,0,2,16,37,2670,10451.9824,999,1000,30,30,6,3,1,0,18.455,19.777,0.975,11390.7969,293.8711,5.809647,0,0,0,0.00359190884,0,0.731568754,0.7214834,0,0,0,0,0,0,47,44,16376,4683,11692,71.39807,52.72,173649920,299008
05/27/2026 13:22:47,44,53,0,54,59,51,51,51,51,69,12.144001,5.04,1.312,1.396,0.986000061,0.328,0.678000033,3.292,2.046,0,3.37600017,3.37200022,3.124,54,45,44.5,44.5,986,707,0,860,768,0,0,0,0,0,23.44,4.69,1.56,0,3.12,10.94,0,1.56,5.66,23.44,34.0146,3811,338,4850,1170,48.5,1.22097981,0.64375,3847,332,38.8,0.54482764,0.64375,3626,141,38.8,0.2766464,0.64375,3590,118,38.8,0.244867712,0.64375,3659,198,38.8,0.347270817,0.64375,3880,581,38.8,0.9062324,0.64375,3544,86,38.8,0.216569319,0.64375,3492,75,38.8,0.187465444,0.64375,54.6250076,49.2500038,99.99749,25.4481354,11.4326286,69.00111,9.84293,5.037834,66.1453247,39,0.25,0,55,0,85,0.416,1.01,16,16,16,32,48,30,295,160,130,0,0,0,16,38.75,0.25,0,55,0,85,0.416,1.01,16,16,16,32,48,30,295,160,130,0,0,0,16,512,-1,485.785156,485.480469,0.3046875,0.5,7618.451,7618.951,0,0,0,0,0,0,0,0,0,0,0,0,512,600,1200,3000,53,0.984,1.30500007,0,2,15,37,2670,10451.9824,1001,999,30,30,6,3,1,0,18.985,20.229,0.975,11390.7969,293.8711,5.699056,0,0,0,0.001374473,0,0.7228452,0.7134595,0,0,0,0,0,0,47.0625,44,16376,4683,11692,71.39807,54.35,173749248,299008
05/27/2026 13:22:49,44,54,0,54,59,51,51,51,51,69,12.144001,5.04,1.312,1.396,0.984,0.320000023,0.678000033,3.292,2.046,0,3.37600017,3.37200022,3.124,54,45,44.5,44.5,976,681,0,838,750,0,0,0,0,0,22.22,6.35,3.17,4.76,6.35,14.29,1.59,4.76,7.94,22.22,34.5098267,4766,362,4850,1231,48.5,1.290216,0.66875,4850,338,48.5,0.614991248,0.66875,4689,146,48.5,0.285325468,0.66875,4717,113,48.5,0.246560067,0.66875,4724,209,48.5,0.382033318,0.66875,4850,674,48.5,1.00052786,0.66875,4628,81,48.5,0.213217273,0.66875,4819,106,48.5,0.236461267,0.66875,54.7500076,49.7500038,99.99748,25.4475937,11.43317,68.99963,9.851273,5.02949142,66.2013855,39,0.25,0,55,0,85,0.416,1.01,16,16,16,32,48,30,295,160,130,0,0,0,16,38.75,0.25,0,55,0,85,0.416,1.01,16,16,16,32,48,30,295,160,130,0,0,0,16,512,-1,485.785156,485.480469,0.3046875,0.5,7618.451,7618.951,0,0,0,0,0,0,0,0,0,0,0,0,512,600,1200,3000,52,0.969000041,1.30500007,0,2,15,37,2670,10451.9824,1001,1001,30,30,7,3,2,0,18.265,18.365,0.975,11390.7969,293.8711,6.06965733,0,0,0,0.00276366971,0,0.7331707,0.729329467,0,0,0,0,0,0,47.03125,44,16376,4683,11692,71.39807,53.25,3149824,45449216
05/27/2026 13:22:51,44,54,0,54,59,51,51,51,51,69,12.144001,5.04,1.312,1.396,0.986000061,0.316,0.678000033,3.292,2.046,0,3.37600017,3.37600017,3.12000012,54,45,45,44.5,988,683,0,844,750,0,0,0,0,0,18.46,7.69,6.25,1.56,1.56,7.69,3.12,1.56,5.99,18.46,33.87939,3309,301,4850,989,48.5,1.06635153,0.64375,3233,317,32.3333321,0.472932249,0.64375,3150,148,32.3333321,0.2498991,0.64375,2998,92,32.3333321,0.19981,0.64375,3106,174,32.3333321,0.287890941,0.64375,3233,546,32.3333321,0.8463693,0.64375,2969,77,32.3333321,0.174355626,0.64375,2934,67,32.3333321,0.163320854,0.64375,54.6250076,49.2500038,99.9975,25.4826012,11.3981628,69.09456,9.877228,5.003536,66.37581,39,0.25,0,55,0,85,0.416,1.01,16,16,16,32,48,30,295,160,130,0,0,0,16,38.75,0.25,0,55,0,85,0.416,1.01,16,16,16,32,48,30,295,160,130,0,0,0,16,512,-1,485.785156,485.480469,0.3046875,0.5,7618.451,7618.951,0,0,0,0,0,0,0,0,0,0,0,0,512,600,1200,3000,52,0.969000041,1.30500007,0,3,16,37,2670,10451.9824,1000,1000,30,30,6,3,1,0,18.548,17.28,0.975,11390.7969,293.8711,5.94226265,0,0,0,0.00219619321,0,0.721106648,0.713534236,0,0,0,0,0,0,47.03125,44,16376,4683,11692,71.39807,52.187,173649920,249856
05/27/2026 13:22:53,44,53,0,54,59,51,51,51,51,69,12.144001,5.04,1.312,1.396,0.98,0.324,0.676000059,3.292,2.046,0,3.37600017,3.37200022,3.124,54,45,44.5,44.5,979,681,0,840,768,0,0,0,0,0,30.16,12.7,7.94,3.17,6.35,17.46,4.76,4.76,10.91,30.16,34.596096,4637,345,4850,1122,48.5,1.20331025,0.65625,4817,322,48.5,0.548402369,0.65625,4616,149,48.5,0.2654285,0.64375,4472,95,48.5,0.2193797,0.64375,4612,202,48.5,0.3426032,0.64375,4850,717,48.5,1.00058615,0.61875,4489,92,48.5,0.215727,0.61875,4389,64,48.5,0.176555946,0.61875,54.5000076,49.2500038,99.99748,25.4814072,11.3993568,69.0913239,9.881977,4.998787,66.40773,39,0.25,0,55,0,85,0.416,1.01,16,16,16,32,48,30,295,160,130,0,0,0,16,38.75,0.25,0,55,0,85,0.416,1.01,16,16,16,32,48,30,295,160,130,0,0,0,16,512,-1,485.785156,485.480469,0.3046875,0.5,7618.451,7618.951,0,0,0,0,0,0,0,0,0,0,0,0,512,600,1200,3000,52,0.950000048,1.30500007,0,3,15,37,2670,10451.9824,1000,999,30,30,6,3,2,0,19.493,19.738,0.975,11390.7969,293.8711,5.91776133,0,0,0,0.002848327,0,0.7420759,0.737675846,0,0,0,0,0,0,47.0625,44,16376,4683,11692,71.39807,53.261,173699072,149504
05/27/2026 13:22:55,44,54,0,54,59,51,51,51,51,69,12.144001,5.04,1.312,1.396,0.984,0.312,0.678000033,3.292,2.046,0,3.37600017,3.37200022,3.124,54,45,45,44.5,977,707,0,861,768,0,0,0,0,0,18.46,6.15,1.54,0,3.08,13.85,0,0,5.38,18.46,34.952076,3666,324,4850,1099,48.5,1.16525483,0.64375,4825,300,48.5,0.5170677,0.64375,2980,125,32.3333321,0.246643022,0.64375,2987,104,32.3333321,0.209114268,0.64375,2996,176,32.3333321,0.315318972,0.64375,4850,656,48.5,0.935162,0.64375,2935,70,32.3333321,0.18478097,0.64375,2908,61,32.3333321,0.16955775,0.64375,54.6250076,49.7500038,99.99748,25.4770927,11.4036713,69.07962,9.876171,5.004593,66.36871,39,0.25,0,55,0,85,0.416,1.01,16,16,16,32,48,30,295,160,130,0,0,0,16,38.75,0.25,0,55,0,85,0.416,1.01,16,16,16,32,48,30,295,160,130,0,0,0,16,512,-1,485.785156,485.480469,0.3046875,0.5,7618.451,7618.951,0,0,0,0,0,0,0,0,0,0,0,0,512,600,1200,3000,52,0.960000038,1.30500007,0,1,16,37,2670,10451.9824,1000,1000,30,30,6,3,1,0,19.544,19.98,0.975,11390.7969,293.8711,5.9329567,0,0,0,0.00143640931,0,0.707084656,0.7053649,0,0,0,0,0,0,47.03125,44,16376,4683,11692,71.39807,54.204,0,249856
05/27/2026 13:22:57,44,54,0,54,59,51,51,51,51,69,12.144001,5.04,1.312,1.396,0.990000069,0.314,0.678000033,3.292,2.046,0,3.37600017,3.37600017,3.124,54,45,44.5,44.5,987,708,0,847,749,0,0,0,0,0,20,4.62,4.62,0,4.62,16.92,1.54,1.54,6.73,20,34.6339531,4708,332,4850,1099,48.5,1.18100238,0.6375,4850,338,48.5,0.5291765,0.6375,4619,140,48.5,0.2512196,0.6375,4638,104,48.5,0.21651803,0.6375,4730,208,48.5,0.342689216,0.6375,4850,610,48.5,0.954353034,0.6375,4565,88,48.5,0.1970115,0.6375,4558,65,48.5,0.178073838,0.6375,54.7500076,49.7500038,99.99749,25.478054,11.40271,69.08223,9.87841,5.00235367,66.38376,39,0.25,0,55,0,85,0.416,1.01,16,16,16,32,48,30,295,160,130,0,0,0,16,38.75,0.25,0,55,0,85,0.416,1.01,16,16,16,32,48,30,295,160,130,0,0,0,16,512,-1,485.785156,485.480469,0.3046875,0.5,7618.451,7618.951,0,0,0,0,0,0,0,0,0,0,0,0,512,600,1200,3000,53,0.974000037,1.30500007,0,2,15,37,2670,10451.9824,1000,1000,30,30,7,3,2,0,18.68,17.402,0.975,11391.1758,293.886719,5.7137084,0,0,0,0.00285641733,0,0.7181681,0.7158614,0,0,0,0,0,0,47,44,16376,4683,11692,71.40036,52.883,749568,249856
05/27/2026 13:22:59,44,54,0,54,59,51,51,51,51,69,12.144001,5.04,1.312,1.396,0.984,0.314,0.678000033,3.292,2.046,0,3.37600017,3.37600017,3.124,54,45,44.5,44.5,977,709,0,847,768,0,0,0,0,0,23.08,4.62,3.12,1.56,1.56,7.69,1.56,0,5.4,23.08,33.8276,3448,300,4850,960,48.5,1.04174078,0.6375,3179,274,32.3333321,0.412254155,0.6375,2989,133,32.3333321,0.24460879,0.6375,2938,92,32.3333321,0.200916171,0.6375,2986,174,32.3333321,0.287010074,0.65625,4850,616,48.5,0.8897434,0.65625,2868,72,32.3333321,0.181819633,0.65625,2924,75,32.3333321,0.177489877,0.65625,54.5000076,49.2500038,99.99748,25.4470062,11.4337578,68.99805,9.845322,5.03544235,66.1614,39,0.25,0,55,0,85,0.416,1.01,16,16,16,32,48,30,295,160,130,0,0,0,16,38.75,0.25,0,55,0,85,0.416,1.01,16,16,16,32,48,30,295,160,130,0,0,0,16,512,-1,485.785156,485.480469,0.3046875,0.5,7618.451,7618.951,0,0,0,0,0,0,0,0,0,0,0,0,512,600,1200,3000,53,0.974000037,1.30500007,0,2,15,37,2670,10451.9824,998,999,30,30,6,3,1,0,18.971,18.612,0.975,11391.1758,293.886719,5.772727,0,0,0,0.0021626635,0,0.733681142,0.7214526,0,0,0,0,0,0,47.0625,44,16376,4683,11692,71.40036,52.415,173399040,249856
05/27/2026 13:23:01,44,54,0,54,59,51,51,51,51,69,12.144001,5.04,1.312,1.396,0.986000061,0.328,0.678000033,3.292,2.046,0,3.37600017,3.37600017,3.124,54,45,44.5,44.5,990,683,0,843,768,0,0,0,0,0,24.62,3.08,4.62,0,3.08,6.15,3.08,1.54,5.77,24.62,34.4776535,3928,362,4850,1193,48.5,1.22553289,0.65625,3880,341,38.8,0.540325463,0.65625,3740,152,38.8,0.294236183,0.65625,3787,123,38.8,0.236418113,0.65625,3854,244,38.8,0.3886748,0.65625,3880,674,38.8,0.9688066,0.65625,3717,95,38.8,0.214636758,0.65625,3714,74,38.8,0.1942994,0.65625,54.5000076,48.7500038,99.9975,25.4464912,11.4342728,68.99665,9.85117,5.02959442,66.2007,39,0.25,0,55,0,85,0.416,1.01,16,16,16,32,48,30,295,160,130,0,0,0,16,38.75,0.25,0,55,0,85,0.416,1.01,16,16,16,32,48,30,295,160,130,0,0,0,16,512,-1,485.785156,485.480469,0.3046875,0.5,7618.451,7618.951,0,0,0,0,0,0,0,0,0,0,0,0,512,600,1200,3000,52,1.04500008,1.30500007,0,6,16,37,2670,10451.9824,1001,1001,30,30,7,3,1,0,18.449,21.258,0.975,11391.1758,294.1172,5.78153944,0,0,0,0.00294948043,0,0.72339,0.718995631,0,0,0,0,0,0,47.09375,44,16376,4683,11692,71.40036,53.772,849920,4.649984E+07
05/27/2026 13:23:03,44,54,0,54,59,51,51,51,51,69,12.144001,5.04,1.312,1.396,0.984,0.326,0.676000059,3.292,2.046,0,3.37600017,3.37200022,3.124,54,45,45,44.5,981,684,0,845,749,0,0,0,0,0,18.75,3.12,1.56,0,0,7.81,0,0,3.91,18.75,34.6501236,3956,298,4850,1004,48.5,1.07654834,0.66875,3863,271,38.8,0.442777723,0.66875,3643,125,38.8,0.229604185,0.66875,3614,93,38.8,0.201446027,0.66875,3638,178,38.8,0.298391372,0.66875,4850,579,48.5,0.865635335,0.66875,3568,65,38.8,0.170648068,0.66875,3622,65,38.8,0.154793933,0.66875,54.5000076,49.7500038,99.99749,25.4482574,11.4325066,69.0014343,9.84827,5.03249359,66.18121,39,0.25,0,55,0,85,0.416,1.01,16,16,16,32,48,30,295,160,130,0,0,0,16,38.75,0.25,0,55,0,85,0.416,1.01,16,16,16,32,48,30,295,160,130,0,0,0,16,512,-1,485.785156,485.480469,0.3046875,0.5,7618.451,7618.951,0,0,0,0,0,0,0,0,0,0,0,0,512,600,1200,3000,53,0.974000037,1.30500007,0,3,16,37,2670,10451.9824,1000,1001,30,30,7,3,1,0,19.613,19.4,0.975,11391.1758,294.1172,5.787103,0,0,0,0.0022470518,0,0.7265434,0.720548,0,0,0,0,0,0,47.09375,44,16376,4683,11692,71.40036,54.372,0,299008
05/27/2026 13:23:05,44,54,0,54,59,51,51,51,51,69,12.144001,5.04,1.312,1.396,0.986000061,0.328,0.676000059,3.292,2.046,0,3.37600017,3.37200022,3.124,54,45,44.5,44.5,978,709,0,861,749,0,0,0,0,0,26.98,6.35,1.59,1.59,4.76,11.11,1.59,3.17,7.14,26.98,34.0814247,4486,340,4850,1067,48.5,1.16056561,0.64375,4832,319,48.5,0.5889314,0.64375,4587,148,48.5,0.2788553,0.64375,4509,97,48.5,0.2185606,0.64375,4641,207,48.5,0.352828264,0.64375,4850,722,48.5,0.9979907,0.64375,4548,80,48.5,0.202030167,0.64375,3074,81,32.3333321,0.19581975,0.64375,54.7500076,49.2500038,99.99749,25.4549637,11.4258,69.01962,9.8549,5.02586365,66.22577,39,0.25,0,55,0,85,0.416,1.01,16,16,16,32,48,30,295,160,130,0,0,0,16,38.75,0.25,0,55,0,85,0.416,1.01,16,16,16,32,48,30,295,160,130,0,0,0,16,512,-1,485.785156,485.480469,0.3046875,0.5,7618.451,7618.951,0,0,0,0,0,0,0,0,0,0,0,0,512,600,1200,3000,52,0.965000033,1.30500007,0,2,16,37,2670,10451.9824,1000,1000,30,30,6,3,1,0,19.069,17.285,0.975,11391.1758,294.1172,5.829755,0,0,0,0.00280240946,0,0.7281242,0.7257738,0,0,0,0,0,0,47.15625,44,16376,4683,11692,71.40036,52.688,190449664,18399232
05/27/2026 13:23:07,44,53,0,54,59,51,51,51,51,69,12.144001,5.04,1.312,1.396,0.992000043,0.316,0.678000033,3.292,2.046,0,3.37600017,3.37600017,3.124,54,44.5,44.5,44.5,988,705,0,840,768,0,0,0,0,0,17.19,7.81,0,0,3.12,20.31,0,0,6.05,20.31,34.18759,4055,349,4850,1072,48.5,1.16695845,0.65625,4784,341,48.5,0.591857731,0.65625,3657,150,38.8,0.276575685,0.65625,3592,108,38.8,0.226758465,0.65625,3659,222,38.8,0.371684074,0.65625,4850,762,48.5,1.03361964,0.65625,3558,68,38.8,0.202415764,0.6375,3488,69,38.8,0.193881914,0.6375,54.7500076,49.7500038,99.9975,25.4505577,11.4302063,69.0076752,9.850281,5.03048325,66.194725,39,0.25,0,55,0,85,0.416,1.01,16,16,16,32,48,30,295,160,130,0,0,0,16,38.75,0.25,0,55,0,85,0.416,1.01,16,16,16,32,48,30,295,160,130,0,0,0,16,512,-1,485.785156,485.480469,0.3046875,0.5,7618.451,7618.951,0,0,0,0,0,0,0,0,0,0,0,0,512,600,1200,3000,52,1.03000009,1.30500007,0,5,16,37,2670,10451.9824,1001,1001,30,30,6,3,1,0,17.865,18.842,0.975,11391.6719,291.972656,5.81242371,0,0,0,0.009652414,0,0.7382146,0.7297325,0,0,0.03850963,0,0,0,47.03125,44,16376,4682,11693,71.40341,52.949,899072,46099456
05/27/2026 13:23:09,44,53,0,54,59,51,51,51,51,69,12.144001,5.04,1.312,1.396,0.988000035,0.316,0.678000033,3.292,2.046,0,3.37600017,3.37600017,3.124,54,45,44.5,44.5,986,699,0,843,748,0,0,0,0,0,20.31,9.38,7.94,1.59,4.76,15.62,6.35,3.17,8.64,20.31,34.4951935,3550,357,4850,1111,48.5,1.19719028,0.65,3233,363,32.3333321,0.5879563,0.65,3041,150,32.3333321,0.2833236,0.65,3013,109,32.3333321,0.23909761,0.65,3079,208,32.3333321,0.350891918,0.65,5050,762,50.5,1.01847017,0.5375,3060,81,33.6666679,0.207798153,0.5375,3070,73,33.6666679,0.192651287,0.5375,54.7500076,49.2500038,99.99749,25.45071,11.4300537,69.00809,9.854298,5.02646637,66.22172,39,0.25,0,55,0,85,0.416,1.01,16,16,16,32,48,30,295,160,130,0,0,0,16,38.75,0.25,0,55,0,85,0.416,1.01,16,16,16,32,48,30,295,160,130,0,0,0,16,512,-1,485.785156,485.480469,0.3046875,0.5,7618.451,7618.951,0,0,0,0,0,0,0,0,0,0,0,0,512,600,1200,3000,53,1.03500009,1.30500007,0,8,16,37,2670,10451.9824,1001,999,30,30,7,3,1,0,18.311,20.23,0.975,11392.0469,291.972656,6.03051424,0,0,0,0.0021705078,0,0.7528474,0.7516952,0,0,0.0188762173,0,0,0,47.09375,44,16376,4682,11693,71.40571,54.355,899072,4.619981E+07
05/27/2026 13:23:11,44,53,0,54,59,51,51,51,51,69,12.144001,5.04,1.312,1.396,0.992000043,0.314,0.678000033,3.292,2.046,0,3.37600017,3.37200022,3.124,54,45,45,44.5,988,701,0,838,748,0,0,0,0,0,17.46,11.11,1.56,4.69,3.12,19.05,0,0,7.12,19.05,34.49559,4144,348,5050,1127,50.5,1.16788709,0.5375,4040,327,40.4,0.510619044,0.5375,3875,161,40.4,0.284847766,0.5375,3797,123,40.4,0.249502242,0.5375,3886,211,40.4,0.363052,0.5375,5050,686,50.5,1.00272369,0.5375,3771,83,40.4,0.213517949,0.5375,3684,69,40.4,0.190278724,0.5375,54.7500076,49.2500038,99.99748,25.4499855,11.4307785,69.00612,9.854019,5.026745,66.21985,39,0.25,0,55,0,85,0.416,1.01,16,16,16,32,48,30,295,160,130,0,0,0,16,38.75,0.25,0,55,0,85,0.416,1.01,16,16,16,32,48,30,295,160,130,0,0,0,16,512,-1,485.785156,485.480469,0.3046875,0.5,7618.451,7618.951,0,0,0,0,0,0,0,0,0,0,0,0,512,600,1200,3000,53,0.955000043,1.30500007,0,4,15,37,2670,10451.9824,1000,1000,30,30,6,3,1,0,17.838,23.917,0.975,11392.0469,291.972656,5.73664141,0,0,0,0.00367976329,0,0.7335793,0.722011447,0,0,0,0,0,0,47.03125,44,16376,4682,11693,71.40571,53.507,899072,232549376
05/27/2026 13:23:13,44,54,0,54,59,51,51,51,51,69,12.144001,5.04,1.312,1.396,0.98,0.318000019,0.678000033,3.292,2.046,0,3.37600017,3.37600017,3.124,54,45,44.5,44.5,980,707,0,854,768,0,0,0,0,0,16.92,6.25,1.56,3.12,4.69,10.77,1.56,1.56,5.81,16.92,33.7688522,4095,293,4850,904,48.5,1.01928532,0.6625,4850,316,48.5,0.488712639,0.6625,3639,112,38.8,0.218057409,0.64375,3655,92,38.8,0.191279754,0.64375,3651,160,38.8,0.2931992,0.64375,4850,641,48.5,0.9207004,0.64375,3679,74,38.8,0.1713678,0.64375,3587,46,38.8,0.146112472,0.64375,54.6250076,49.2500038,99.99749,25.4876671,11.3930969,69.10829,9.882702,4.998062,66.4126,39,0.25,0,55,0,85,0.416,1.01,16,16,16,32,48,30,295,160,130,0,0,0,16,38.75,0.25,0,55,0,85,0.416,1.01,16,16,16,32,48,30,295,160,130,0,0,0,16,512,-1,485.785156,485.480469,0.3046875,0.5,7618.451,7618.951,0,0,0,0,0,0,0,0,0,0,0,0,512,600,1200,3000,52,0.969000041,1.30500007,0,2,15,37,2670,10451.9824,999,1001,30,30,6,3,1,0,17.629,17.158,0.975,11392.0469,291.972656,5.830666,0,0,0,0.00280910986,0,0.72507906,0.716761351,0,0,0,0,0,0,47.15625,44,16376,4682,11693,71.40571,52.643,849920,4.634931E+07
05/27/2026 13:23:15,44,54,0,54,59,51,51,51,51,69,12.144001,5.04,1.312,1.396,0.986000061,0.314,0.678000033,3.292,2.046,0,3.37600017,3.37600017,3.124,54,45,45,44.5,976,709,0,855,767,0,0,0,0,0,20.31,4.69,3.12,3.12,3.12,10.94,1.56,1.56,6.05,20.31,34.37012,3785,333,5050,1097,50.5,1.13295925,0.55,4040,322,40.4,0.496740669,0.55,3826,144,40.4,0.255232334,0.55,3216,105,33.6666679,0.2156095,0.55,3862,195,40.4,0.314704478,0.55,4040,666,40.4,0.96487385,0.55,3129,75,33.6666679,0.1945193,0.55,3116,57,33.6666679,0.1730398,0.55,54.6250076,49.2500038,99.99748,25.4892769,11.3914871,69.11266,9.888554,4.99221039,66.45192,39,0.25,0,55,0,85,0.416,1.01,16,16,16,32,48,30,295,160,130,0,0,0,16,38.75,0.25,0,55,0,85,0.416,1.01,16,16,16,32,48,30,295,160,130,0,0,0,16,512,-1,485.785156,485.480469,0.3046875,0.5,7618.451,7618.951,0,0,0,0,0,0,0,0,0,0,0,0,512,600,1200,3000,52,0.965000033,1.30500007,0,5,16,37,2670,10451.9824,1001,1000,30,30,6,3,1,0,18.122,24.167,0.975,11392.0469,291.972656,5.828058,0,0,0,0.00296085444,0,0.7440043,0.742928565,0,0,0,0,0,0,47.03125,46,16376,4682,11693,71.40571,53.054,899072,4.614963E+07
05/27/2026 13:23:17,44,53,0,54,59,51,51,51,51,69,12.144001,5.04,1.312,1.396,0.982000053,0.33,0.678000033,3.292,2.046,0,3.37600017,3.37200022,3.124,54,45,44.5,44.5,979,678,0,843,750,0,0,0,0,0,15.87,3.17,1.59,1.56,0,7.94,1.56,0,3.96,15.87,34.30979,3548,343,4850,1025,48.5,1.12994826,0.6375,3233,335,32.3333321,0.575380862,0.6375,3101,146,32.3333321,0.268995076,0.6375,3077,105,32.3333321,0.222720891,0.6375,3122,205,32.3333321,0.3568903,0.6375,4850,778,48.5,1.04954326,0.6375,3108,95,32.3333321,0.21059759,0.6375,3046,55,32.3333321,0.166430131,0.6375,54.7500076,49.2500038,99.9975,25.4540863,11.4266777,69.01724,9.85371,5.027054,66.21777,39,0.25,0,55,0,85,0.416,1.01,16,16,16,32,48,30,295,160,130,0,0,0,16,38.75,0.25,0,55,0,85,0.416,1.01,16,16,16,32,48,30,295,160,130,0,0,0,16,512,-1,485.785156,485.480469,0.3046875,0.5,7618.451,7618.951,0,0,0,0,0,0,0,0,0,0,0,0,512,600,1200,3000,53,0.984,1.30500007,0,7,16,37,2670,10451.9824,999,1001,30,30,6,3,1,0,18.134,19.948,0.975,11392.4219,291.7422,5.432203,0,0,0,0.0029218283,0,0.7370766,0.686760664,0,0,0.0193545949,0,0,0,47.09375,44,16376,4682,11693,71.408,54.118,849920,4.619981E+07
05/27/2026 13:23:19,44,54,0,54,59,51,51,51,51,69,12.144001,5.04,1.31000006,1.39200008,0.984,0.312,0.678000033,3.292,2.046,0,3.37200022,3.37200022,3.124,55,44.5,45,44.5,980,679,0,852,768,0,0,0,0,0,24.62,6.15,4.62,3.08,4.62,12.31,3.08,1.54,7.5,24.62,34.4489021,3841,394,4040,1208,40.4,1.28400266,0.51875,3977,329,40.4,0.561930656,0.51875,3802,163,40.4,0.290080041,0.51875,3763,118,40.4,0.2345885,0.51875,3180,218,33.6666679,0.377068728,0.51875,5050,942,50.5,1.2647419,0.51875,3144,82,33.6666679,0.203429684,0.51875,3774,90,40.4,0.202479184,0.50625,54.7500076,49.7500038,99.99749,25.46447,11.4162941,69.0453949,9.856667,5.02409744,66.23764,39,0.25,0,55,0,85,0.416,1.01,16,16,16,32,48,30,295,160,130,0,0,0,16,38.75,0.25,0,55,0,85,0.416,1.01,16,16,16,32,48,30,295,160,130,0,0,0,16,512,-1,485.785156,485.480469,0.3046875,0.5,7618.451,7618.951,0,0,0,0,0,0,0,0,0,0,0,0,512,600,1200,3000,53,1.04000008,1.30500007,0,7,16,37,2670,10451.9824,1000,1000,30,30,6,3,1,0,17.68,17.352,0.975,11392.4219,291.7422,5.90658474,0,0,0,0.0035009908,0,0.6930038,0.737766445,0,0,0,0,0,0,47.03125,44,16376,4682,11693,71.408,53.12,170399744,249856
05/27/2026 13:23:21,45,54,0,55,60,53,53,53,53,70,12.144001,5.04,1.312,1.39200008,0.98,0.316,0.678000033,3.292,2.046,0,3.37200022,3.37200022,3.124,55,45,44.5,44.5,1004,682,0,839,768,0,0,0,0,0,30.16,11.11,6.35,0,7.94,11.11,3.17,1.59,8.93,30.16,34.38984,3945,347,4850,1157,48.5,1.20309973,0.64375,3799,318,38.8,0.537443042,0.64375,3603,143,38.8,0.284089327,0.64375,3613,113,38.8,0.248055086,0.64375,3625,207,38.8,0.3587069,0.64375,4850,687,48.5,1.00309634,0.64375,3529,75,38.8,0.206926316,0.64375,3694,78,38.8,0.197552,0.64375,55.2500076,49.2500038,99.99748,25.4846878,11.3960762,69.10022,9.880699,5.000065,66.39914,39,0.25,0,55,0,85,0.416,1.01,16,16,16,32,48,30,295,160,130,0,0,0,16,38.75,0.25,0,55,0,85,0.416,1.01,16,16,16,32,48,30,295,160,130,0,0,0,16,512,-1,485.785156,485.480469,0.3046875,0.5,7618.451,7618.951,0,0,0,0,0,0,0,0,0,0,0,0,512,600,1200,3000,52,0.969000041,1.30500007,0,3,15,37,2670,10451.9824,1000,1000,30,30,6,3,1,0,17.718,17.879,0.975,11392.4219,291.7422,5.43049049,0,0,0,0.0029755393,0,0.731105149,0.6781405,0,0,0,0,0,0,47.0625,44,16376,4682,11693,71.408,52.491,849920,4.634931E+07
05/27/2026 13:23:23,45,54,0,55,60,53,53,53,53,70,12.144001,5.04,1.312,1.396,0.978000045,0.320000023,0.678000033,3.292,2.046,0,3.37600017,3.37200022,3.124,55,45,45,44.5,997,684,0,856,753,0,0,0,0,0,23.44,14.29,4.76,6.35,7.94,4.69,3.17,7.94,9.07,23.44,34.4301643,4076,322,4850,1031,48.5,1.092778,0.64375,3880,328,38.8,0.531345069,0.64375,3723,131,38.8,0.243794709,0.64375,3757,101,38.8,0.206981212,0.64375,3726,188,38.8,0.323853642,0.64375,5050,674,50.5,0.9594776,0.55625,3826,61,40.4,0.170346,0.55625,3799,58,40.4,0.1485961,0.55625,55.0000076,49.2500038,99.99749,25.4457588,11.4350052,68.99466,9.848961,5.031803,66.18585,39,0.25,0,55,0,85,0.416,1.01,16,16,16,32,48,30,295,160,130,0,0,0,16,38.75,0.25,0,55,0,85,0.416,1.01,16,16,16,32,48,30,295,160,130,0,0,0,16,512,-1,485.785156,485.480469,0.3046875,0.5,7618.451,7618.951,0,0,0,0,0,0,0,0,0,0,0,0,512,600,1200,3000,53,0.965000033,1.30500007,0,4,16,37,2670,10451.9824,1001,1000,30,30,6,3,1,0,18.408,24.656,0.975,11392.4219,291.7422,5.893346,0,0,0,0.00294849044,0,0.7321445,0.7266413,0,0,0,0,0,0,47,46,16376,4682,11693,71.408,53.967,849920,46099456
05/27/2026 13:23:25,45,54,0,55,60,53,53,53,53,70,12.12,5.04,1.312,1.396,0.996000051,0.322000027,0.678000033,3.292,2.046,0,3.37600017,3.37600017,3.124,55,45,45,44.5,1012,710,0,868,779,0,0,0,0,0,26.15,7.69,4.62,1.54,6.15,13.85,3.08,0,7.88,26.15,34.6555176,3761,371,4040,1194,40.4,1.26642525,0.6375,4040,338,40.4,0.567930341,0.6375,3839,151,40.4,0.2883264,0.6375,3081,105,33.6666679,0.2418065,0.6375,3848,229,40.4,0.382819921,0.6375,5050,792,50.5,1.07213831,0.5375,3061,89,33.6666679,0.216055244,0.5375,3129,73,33.6666679,0.196968958,0.54375,54.8750076,49.2500038,99.99748,25.4796867,11.4010773,69.0866547,9.879196,5.001568,66.38904,39,0.25,0,55,0,85,0.416,1.01,16,16,16,32,48,30,295,160,130,0,0,0,16,38.75,0.25,0,55,0,85,0.416,1.01,16,16,16,32,48,30,295,160,130,0,0,0,16,512,-1,485.785156,485.480469,0.3046875,0.5,7618.451,7618.951,0,0,0,0,0,0,0,0,0,0,0,0,512,600,1200,3000,53,0.849000037,1.30500007,0,1,16,37,2670,10451.9824,1000,1002,30,30,6,3,1,0,18.036,23.315,0.975,11392.7969,291.7578,6.05320168,0,0,0,0.00433927262,0,0.7279014,0.758545756,0,0,0.0143000875,0,0,0,47.0625,44,16376,4681,11694,71.4102859,53.987,899072,46449664
05/27/2026 13:23:27,45,54,0,55,60,52,52,52,52,69,12.144001,5.04,1.312,1.396,0.984,0.316,0.678000033,3.292,2.046,0,3.37600017,3.37600017,3.124,54,45,44.5,44.5,1001,710,0,869,779,0,0,0,0,0,21.54,6.15,3.12,3.12,6.25,21.54,3.12,1.56,8.3,21.54,33.8728,4073,312,4040,768,40.4,0.987904847,0.64375,5010,322,50.5,0.526711345,0.64375,3778,124,40.4,0.233940274,0.64375,3690,94,40.4,0.1929821,0.64375,3719,173,40.4,0.3095951,0.64375,5050,872,50.5,1.056923,0.5375,3659,73,40.4,0.176472187,0.5375,3641,67,40.4,0.164283916,0.5375,54.8750076,49.7500038,99.9975,25.4864,11.3943634,69.10486,9.88353348,4.99723053,66.41818,39,0.25,0,55,0,85,0.416,1.01,16,16,16,32,48,30,295,160,130,0,0,0,16,38.75,0.25,0,55,0,85,0.416,1.01,16,16,16,32,48,30,295,160,130,0,0,0,16,512,-1,485.785156,485.480469,0.3046875,0.5,7618.451,7618.951,0,0,0,0,0,0,0,0,0,0,0,0,512,600,1200,3000,53,0.965000033,1.30500007,0,1,15,37,2670,10451.9824,1001,999,30,30,6,3,1,0,17.615,22.843,0.975,11392.7969,291.7578,5.966546,0,0,0,0.00223647826,0,0.72442013,0.766883433,0,0,0,0,0,0,47.09375,44,16376,4681,11694,71.4102859,52.716,899072,46299136
05/27/2026 13:23:29,44,53,0,54,59,51,51,51,51,69,12.144001,5.04,1.312,1.396,0.982000053,0.322000027,0.678000033,3.292,2.046,0,3.37200022,3.37600017,3.124,54,44.5,45,44.5,990,684,0,846,757,0,0,0,0,0,19.05,1.59,3.17,6.35,7.94,17.46,3.17,3.17,7.74,19.05,34.3363266,3354,352,4850,1019,48.5,1.15969288,0.64375,3233,326,32.3333321,0.5772736,0.64375,3140,136,32.3333321,0.2668948,0.64375,3109,113,32.3333321,0.236236289,0.64375,3130,196,32.3333321,0.34122166,0.64375,3233,887,32.3333321,1.11327767,0.64375,3054,73,32.3333321,0.198205426,0.64375,3085,69,32.3333321,0.191547841,0.64375,54.8750076,49.7500038,99.9975,25.4865,11.3942642,69.10513,9.886578,4.9941864,66.4386444,39,0.25,0,55,0,85,0.416,1.01,16,16,16,32,48,30,295,160,130,0,0,0,16,38.75,0.25,0,55,0,85,0.416,1.01,16,16,16,32,48,30,295,160,130,0,0,0,16,512,-1,485.785156,485.480469,0.3046875,0.5,7618.451,7618.951,0,0,0,0,0,0,0,0,0,0,0,0,512,600,1200,3000,52,1.04000008,1.30500007,0,8,16,37,2670,10451.9824,1000,1001,30,30,6,3,1,0,17.925,18.783,0.975,11392.7969,291.7578,5.430135,0,0,0,0.003093491,0,0.6921359,0.6827647,0,0,0,0,0,0,47.0625,44,16376,4681,11694,71.4102859,52.619,899072,4.659917E+07
05/27/2026 13:23:31,44,53,0,54,59,52,52,52,52,69,12.144001,5.04,1.312,1.396,0.984,0.318000019,0.678000033,3.292,2.046,0,3.37600017,3.37600017,3.124,54,44.5,45,44.5,988,676,0,859,755,0,0,0,0,0,19.05,4.76,0,0,3.23,19.05,1.56,0,5.96,19.05,34.55122,3932,320,4850,968,48.5,1.106154,0.65,4850,279,48.5,0.519633651,0.65,3125,143,32.3333321,0.248350546,0.65,3076,98,32.3333321,0.211957157,0.65,4640,170,48.5,0.307318419,0.65,4850,786,48.5,1.00088024,0.65,3028,64,32.3333321,0.172930866,0.65,3037,54,32.3333321,0.1623369,0.64375,54.8750076,49.2500038,99.99749,25.4494553,11.4313087,69.0046844,9.850857,5.029907,66.19859,39,0.25,0,55,0,85,0.416,1.01,16,16,16,32,48,30,295,160,130,0,0,0,16,38.75,0.25,0,55,0,85,0.416,1.01,16,16,16,32,48,30,295,160,130,0,0,0,16,512,-1,485.785156,485.480469,0.3046875,0.5,7618.451,7618.951,0,0,0,0,0,0,0,0,0,0,0,0,512,600,1200,3000,53,0.995000064,1.30500007,0,3,15,37,2670,10451.9824,1000,1001,30,30,6,3,1,0,18.322,20.464,0.975,11392.7969,292.6836,5.58941269,0,0,0,0.002236002,0,0.7019719,0.690567255,0,0,0.0398090035,0,0,0,47,44,16376,4681,11694,71.4102859,54.442,899072,4.90496E+07
05/27/2026 13:23:33,44,53,0,54,59,51,51,51,51,69,12.144001,5.04,1.312,1.396,0.978000045,0.320000023,0.676000059,3.292,2.046,0,3.37600017,3.37200022,3.124,54,45,44.5,44.5,987,674,0,844,750,0,0,0,0,0,16.92,0,1.54,0,4.62,12.31,0,0,4.42,16.92,34.9100952,3850,332,4850,863,48.5,1.0447619,0.64375,3188,315,32.3333321,0.500992239,0.64375,2998,143,32.3333321,0.272930384,0.64375,2985,102,32.3333321,0.2316316,0.64375,3055,202,32.3333321,0.342309326,0.64375,4850,898,48.5,1.08283448,0.64375,4453,70,48.5,0.201206431,0.64375,4424,66,48.5,0.19170697,0.64375,54.8750076,49.2500038,99.99749,25.4870911,11.3936729,69.1067352,9.887535,4.993229,66.44508,39,0.25,0,55,0,85,0.416,1.01,16,16,16,32,48,30,295,160,130,0,0,0,16,38.75,0.25,0,55,0,85,0.416,1.01,16,16,16,32,48,30,295,160,130,0,0,0,16,512,-1,485.785156,485.480469,0.3046875,0.5,7618.451,7618.951,0,0,0,0,0,0,0,0,0,0,0,0,512,600,1200,3000,53,0.974000037,1.30500007,0,2,15,37,2670,10451.9824,1001,1000,30,30,6,3,1,0,17.819,18.968,0.975,11392.7969,292.6836,6.00417852,0,0,0,0.00277996156,0,0.717788,0.7539177,0,0,0,0,0,0,47.09375,44,16376,4681,11694,71.4102859,53.676,179299328,249856
05/27/2026 13:23:35,44,54,0,54,59,51,51,51,51,69,12.144001,5.04,1.314,1.396,0.97,0.316,0.678000033,3.292,2.046,0,3.37600017,3.37600017,3.124,54,45,44.5,44.5,979,681,0,843,749,0,0,0,0,0,16.92,4.62,1.54,3.08,1.54,20,1.54,0,6.15,20,34.1034126,4104,344,4040,827,40.4,1.04419291,0.55,5050,351,50.5,0.5400779,0.55,3894,145,40.4,0.2799616,0.55,3987,135,40.4,0.254743755,0.55,3922,214,40.4,0.352808028,0.55,4040,898,40.4,1.0665735,0.55,3869,91,40.4,0.209016651,0.55,4034,88,40.4,0.195902184,0.55,54.6250076,49.2500038,99.9975,25.4494972,11.4312668,69.0048,9.849319,5.03144455,66.18826,39,0.25,0,55,0,85,0.416,1.01,16,16,16,32,48,30,295,160,130,0,0,0,16,38.75,0.25,0,55,0,85,0.416,1.01,16,16,16,32,48,30,295,160,130,0,0,0,16,512,-1,485.785156,485.480469,0.3046875,0.5,7618.451,7618.951,0,0,0,0,0,0,0,0,0,0,0,0,512,600,1200,3000,52,0.960000038,1.30500007,0,1,15,37,2670,10451.9824,999,1000,30,30,6,3,1,0,17.617,23.084,0.975,11392.7969,292.6836,6.067317,0,0,0,0.00208687852,0,0.7271436,0.7635008,0,0,0,0,0,0,47,44,16376,4681,11694,71.4102859,52.68,899072,49449984
05/27/2026 13:23:37,44,54,0,54,59,51,51,51,51,69,12.144001,5.04,1.312,1.396,0.986000061,0.320000023,0.678000033,3.292,2.046,0,3.37600017,3.37600017,3.124,54,45,44.5,44.5,980,683,0,855,768,0,0,0,0,0,12.7,4.76,0,3.17,1.59,17.46,0,0,4.96,17.46,33.9584465,4028,319,4850,859,48.5,1.01674223,0.625,4775,296,48.5,0.462261677,0.625,4471,136,48.5,0.24715589,0.625,2957,99,32.3333321,0.213017225,0.625,4488,171,48.5,0.285364151,0.625,4850,854,48.5,1.03027177,0.625,2927,75,32.3333321,0.182379976,0.625,2910,65,32.3333321,0.165763676,0.625,54.5000076,49.7500038,99.99749,25.4818573,11.3989067,69.0925446,9.881023,4.9997406,66.40132,39,0.25,0,55,0,85,0.416,1.01,16,16,16,32,48,30,295,160,130,0,0,0,16,38.75,0.25,0,55,0,85,0.416,1.01,16,16,16,32,48,30,295,160,130,0,0,0,16,512,-1,485.785156,485.480469,0.3046875,0.5,7618.451,7618.951,0,0,0,0,0,0,0,0,0,0,0,0,512,600,1200,3000,52,1.069,1.30500007,0,14,16,37,2670,10451.9824,1001,1001,30,30,6,3,1,0,18.242,23.601,0.975,11392.7969,292.6836,5.72540474,0,0,0,0.0022845983,0,0.739706635,0.7277301,0,0,0,0,0,0,47.125,44,16376,4681,11694,71.4102859,53.298,899072,49199104
05/27/2026 13:23:39,44,54,0,54,59,51,51,51,51,69,12.144001,5.04,1.312,1.396,0.986000061,0.318000019,0.678000033,3.29600024,2.046,0,3.37600017,3.37600017,3.124,54,45,45,44.5,979,710,0,843,748,0,0,0,0,0,15.62,4.62,3.08,0,3.08,15.62,0,0,5.25,15.62,34.72768,4085,367,4040,1050,40.4,1.19157946,0.525,4978,348,50.5,0.6010408,0.525,3734,132,40.4,0.264539957,0.525,3711,105,40.4,0.224799931,0.525,3829,212,40.4,0.355392069,0.525,5050,947,50.5,1.17205644,0.525,3678,73,40.4,0.202121168,0.525,3660,67,40.4,0.188031048,0.525,54.6250076,50.5000038,99.99749,25.4592628,11.4215012,69.03128,9.861713,5.0190506,66.27155,39,0.25,0,55,0,85,0.416,1.01,16,16,16,32,48,30,295,160,130,0,0,0,16,38.75,0.25,0,55,0,85,0.416,1.01,16,16,16,32,48,30,295,160,130,0,0,0,16,512,-1,485.785156,485.480469,0.3046875,0.5,7618.451,7618.951,0,0,0,0,0,0,0,0,0,0,0,0,512,600,1200,3000,52,0.965000033,1.30500007,0,4,15,37,2670,10451.9824,1000,999,30,30,6,3,1,0,18.315,20.283,0.975,11392.7969,292.6836,5.7516017,0,0,0,0.00393604673,0,0.752893567,0.7385936,0,0,0,0,0,0,47.03125,44,16376,4681,11694,71.4102859,54.473,178049024,249856
05/27/2026 13:23:41,44,54,0,54,59,51,51,51,51,69,12.144001,5.04,1.312,1.396,0.982000053,0.314,0.678000033,3.292,2.046,0,3.37600017,3.37600017,3.124,54,45,44.5,44.5,985,710,0,838,749,0,0,0,0,0,10.77,4.62,0,1.54,3.08,13.85,0,0,4.23,13.85,35.36495,4295,289,4850,687,48.5,0.9243836,0.6375,4850,294,48.5,0.4849593,0.6375,4948,133,50.5,0.231829509,0.6125,3904,93,40.4,0.197485745,0.53125,3985,173,40.4,0.300246924,0.53125,4040,803,40.4,0.9863999,0.53125,3876,69,40.4,0.1720191,0.53125,3907,61,40.4,0.160284758,0.53125,54.8750076,49.7500038,99.99749,25.48325,11.3975143,69.09631,9.884041,4.996723,66.4216,39,0.25,0,55,0,85,0.416,1.01,16,16,16,32,48,30,295,160,130,0,0,0,16,38.75,0.25,0,55,0,85,0.416,1.01,16,16,16,32,48,30,295,160,130,0,0,0,16,512,-1,485.785156,485.480469,0.3046875,0.5,7618.451,7618.951,0,0,0,0,0,0,0,0,0,0,0,0,512,600,1200,3000,52,0.969000041,1.30500007,0,3,15,37,2670,10451.9824,1001,999,30,30,6,3,1,0,17.661,18.336,0.975,11392.7969,292.6836,5.49195528,0,0,0,0.00288069132,0,0.7175558,0.7075271,0,0,0,0,0,0,47.15625,44,16376,4681,11694,71.4102859,53.572,1.780992E+08,1449984
05/27/2026 13:23:43,44,54,0,54,59,51,51,51,51,69,12.144001,5.04,1.312,1.396,0.984,0.328,0.678000033,3.292,2.046,0,3.37600017,3.37600017,3.124,54,45,44.5,44.5,987,684,0,838,768,0,0,0,0,0,14.06,6.15,4.62,3.08,4.62,20.31,3.08,1.54,7.18,20.31,34.2142563,3712,356,4850,1042,48.5,1.16524673,0.64375,4811,326,48.5,0.558018446,0.64375,3085,163,32.3333321,0.286836,0.64375,3041,107,32.3333321,0.241354629,0.64375,3063,206,32.3333321,0.353299469,0.64375,4850,857,48.5,1.0792805,0.64375,3001,77,32.3333321,0.210228652,0.64375,2993,66,32.3333321,0.191978753,0.64375,54.7500076,49.7500038,99.99748,25.4580383,11.4227257,69.0279541,9.858925,5.021839,66.2528152,39,0.25,0,55,0,85,0.416,1.01,16,16,16,32,48,30,295,160,130,0,0,0,16,38.75,0.25,0,55,0,85,0.416,1.01,16,16,16,32,48,30,295,160,130,0,0,0,16,512,-1,485.785156,485.480469,0.3046875,0.5,7618.451,7618.951,0,0,0,0,0,0,0,0,0,0,0,0,512,600,1200,3000,53,0.984,1.30500007,0,4,15,37,2670,10451.9824,999,1003,30,30,6,3,1,0,17.679,17.82,0.975,11392.7969,292.6836,5.70793247,0,0,0,0.00375920837,0,0.720808446,0.714576066,0,0,0,0,0,0,47.09375,44,16376,4681,11694,71.4102859,52.457,178399232,299008
05/27/2026 13:23:45,44,54,0,54,59,51,51,51,51,69,12.144001,5.04,1.312,1.396,0.972000062,0.312,0.678000033,3.29600024,2.046,0,3.37600017,3.37600017,3.124,54,45,44.5,44.5,982,709,0,854,768,0,0,0,0,0,17.46,4.76,1.56,1.56,1.59,11.11,1.56,0,4.95,17.46,33.5914268,3850,290,4850,719,48.5,0.936095953,0.63125,4786,298,48.5,0.4799102,0.6375,3002,129,32.3333321,0.239235029,0.6375,2951,91,32.3333321,0.204113975,0.6375,4510,180,48.5,0.2935271,0.6375,4850,783,48.5,0.994827747,0.6375,2916,66,32.3333321,0.174026251,0.6375,2931,52,32.3333321,0.161325648,0.6375,54.6250076,49.2500038,99.99749,25.454258,11.426506,69.01771,9.854477,5.026287,66.22292,39,0.25,0,55,0,85,0.416,1.01,16,16,16,32,48,30,295,160,130,0,0,0,16,38.75,0.25,0,55,0,85,0.416,1.01,16,16,16,32,48,30,295,160,130,0,0,0,16,512,-1,485.785156,485.480469,0.3046875,0.5,7618.451,7618.951,0,0,0,0,0,0,0,0,0,0,0,0,512,600,1200,3000,53,1.04500008,1.30500007,0,8,17,37,2670,10451.9824,1000,999,30,30,6,3,1,0,18.285,20.352,0.975,11392.7969,292.6836,5.61681652,0,0,0,0.00227468787,0,0.6953812,0.6835284,0,0,0,0,0,0,47.125,44,16376,4681,11694,71.4102859,53.731,111649792,299008
05/27/2026 13:23:47,44,54,0,54,59,51,51,51,51,69,12.144001,5.04,1.312,1.396,0.998,0.322000027,0.678000033,3.292,2.046,0,3.37200022,3.37200022,3.124,54,45,44.5,44.5,986,683,0,844,768,0,0,0,0,0,15.38,7.69,3.08,3.08,6.15,18.46,1.54,3.08,7.31,18.46,34.3046951,3905,341,4850,897,48.5,1.10033548,0.64375,3880,319,38.8,0.5327318,0.64375,3705,144,38.8,0.266419351,0.64375,3715,105,38.8,0.22597225,0.64375,3735,208,38.8,0.335017532,0.64375,3880,879,38.8,1.08878791,0.64375,3716,87,38.8,0.207871869,0.64375,3760,86,38.8,0.206787363,0.64375,54.7500076,49.2500038,99.99748,25.4591217,11.4216423,69.0309,9.860413,5.02035141,66.26281,39,0.25,0,55,0,85,0.416,1.01,16,16,16,32,48,30,295,160,130,0,0,0,16,38.75,0.25,0,55,0,85,0.416,1.01,16,16,16,32,48,30,295,160,130,0,0,0,16,512,-1,485.785156,485.480469,0.3046875,0.5,7618.451,7618.951,0,0,0,0,0,0,0,0,0,0,0,0,512,600,1200,3000,53,0.965000033,1.30500007,0,2,15,37,2670,10451.9824,999,1001,30,30,6,3,1,0,18.102,21.73,0.975,11392.7969,292.6836,5.619286,0,0,0,0.0029903173,0,0.7359681,0.7227267,0,0,0,0,0,0,47.0625,44,16376,4681,11694,71.4102859,54.406,899072,4.914995E+07
05/27/2026 13:23:49,44,54,0,54,59,51,51,51,51,69,12.144001,5.04,1.312,1.396,0.974000037,0.320000023,0.678000033,3.292,2.046,0,3.37600017,3.37600017,3.124,54,45,44.5,44.5,989,683,0,856,749,0,0,0,0,0,21.88,9.52,6.35,4.76,9.52,17.19,4.76,4.76,9.84,21.88,34.431282,4073,326,5050,943,50.5,1.08226848,0.54375,3970,324,40.4,0.499732465,0.54375,3718,116,40.4,0.231913581,0.54375,3694,104,40.4,0.210170269,0.54375,3823,200,40.4,0.30662024,0.54375,5050,799,50.5,1.00481856,0.54375,3667,65,40.4,0.176771089,0.54375,3609,60,40.4,0.1620351,0.54375,54.6250076,49.2500038,99.99749,25.4518318,11.4289322,69.01113,9.854252,5.026512,66.22141,39,0.25,0,55,0,85,0.416,1.01,16,16,16,32,48,30,295,160,130,0,0,0,16,38.75,0.25,0,55,0,85,0.416,1.01,16,16,16,32,48,30,295,160,130,0,0,0,16,512,-1,485.785156,485.480469,0.3046875,0.5,7618.451,7618.951,0,0,0,0,0,0,0,0,0,0,0,0,512,600,1200,3000,52,0.815000057,1.30500007,0,0,16,37,2670,10451.9824,1000,999,30,30,6,3,1,0,17.5,19.212,0.975,11392.7969,292.6836,5.53859568,0,0,0,0.00215927325,0,0.7305741,0.7230166,0,0,0,0,0,0,47.03125,44,16376,4681,11694,71.4102859,52.708,899072,4.939981E+07
05/27/2026 13:23:51,44,53,0,54,59,51,51,51,51,69,12.144001,5.04,1.312,1.39200008,0.992000043,0.316,0.678000033,3.292,2.046,0,3.37200022,3.37200022,3.124,54,45,44.5,44.5,980,699,0,837,768,0,0,0,0,0,26.56,4.69,1.59,4.76,4.69,17.19,0,4.76,8.03,26.56,34.2327,4178,344,4850,984,48.5,1.16215,0.64375,4835,326,48.5,0.5394626,0.64375,3601,135,38.8,0.258529127,0.64375,3662,107,38.8,0.2337238,0.64375,4529,196,48.5,0.34866643,0.64375,4850,860,48.5,1.08070433,0.64375,3549,74,38.8,0.192900121,0.64375,3546,69,38.8,0.180032939,0.64375,54.5000076,49.2500038,99.9975,25.45882,11.4219437,69.0300751,9.857651,5.02311325,66.24425,39,0.25,0,55,0,85,0.416,1.01,16,16,16,32,48,30,295,160,130,0,0,0,16,38.75,0.25,0,55,0,85,0.416,1.01,16,16,16,32,48,30,295,160,130,0,0,0,16,512,-1,485.785156,485.480469,0.3046875,0.5,7618.451,7618.951,0,0,0,0,0,0,0,0,0,0,0,0,512,600,1200,3000,52,0.965000033,1.30500007,0,2,15,37,2670,10451.9824,999,1001,30,30,6,3,1,0,17.889,18.924,0.975,11392.7969,292.6836,5.640833,0,0,0,0.00228654384,0,0.7371636,0.680100739,0,0,0,0,0,0,47.0625,44,16376,4681,11694,71.4102859,52.515,899072,46749696
05/27/2026 13:23:53,44,53,0,54,59,51,51,51,51,69,12.144001,5.04,1.312,1.396,0.990000069,0.322000027,0.678000033,3.292,2.046,0,3.37600017,3.37600017,3.124,54,45,44.5,44.5,987,673,0,859,749,0,0,0,0,0,20.31,6.35,4.76,1.59,3.17,18.75,1.59,0,7.07,20.31,34.4519653,4111,321,4850,908,48.5,1.06058753,0.64375,4850,322,48.5,0.5397758,0.64375,3669,113,38.8,0.232053,0.64375,3661,88,38.8,0.203156948,0.64375,3701,182,38.8,0.305410475,0.64375,4850,821,48.5,1.03851986,0.64375,3651,69,38.8,0.179040685,0.64375,3659,65,38.8,0.1671688,0.64375,54.6250076,49.2500038,99.99749,25.48325,11.3975143,69.09631,9.882931,4.99783325,66.41414,39,0.25,0,55,0,85,0.416,1.01,16,16,16,32,48,30,295,160,130,0,0,0,16,38.75,0.25,0,55,0,85,0.416,1.01,16,16,16,32,48,30,295,160,130,0,0,0,16,512,-1,485.785156,485.480469,0.3046875,0.5,7618.451,7618.951,0,0,0,0,0,0,0,0,0,0,0,0,512,600,1200,3000,53,0.960000038,1.30500007,0,4,16,37,2670,10451.9824,1000,999,30,30,6,3,1,0,18.276,21.236,0.975,11392.7969,292.6836,5.578435,0,0,0,0.00298858341,0,0.7037097,0.6854326,0,0,0,0,0,0,47.125,44,16376,4681,11694,71.4102859,54.181,899072,4.669952E+07
05/27/2026 13:23:55,44,54,0,54,59,51,51,51,51,69,12.144001,5.05,1.312,1.396,0.986000061,0.314,0.678000033,3.292,2.046,0,3.37600017,3.37200022,3.124,54,45,45,44.5,980,679,0,846,748,0,0,0,0,0,18.75,9.23,1.56,1.56,6.25,16.92,1.56,1.56,7.18,18.75,34.6905632,4039,367,5050,1136,50.5,1.23214424,0.50625,5000,332,50.5,0.561219454,0.50625,3729,142,40.4,0.265008777,0.50625,4639,109,50.5,0.225012675,0.50625,3772,217,40.4,0.3566904,0.50625,4040,869,40.4,1.09454155,0.50625,3057,68,33.6666679,0.191086337,0.53125,3025,61,33.6666679,0.1843248,0.53125,54.7500076,49.2500038,99.99749,25.4603271,11.4204369,69.0341644,9.859322,5.02144241,66.25548,39,0.25,0,55,0,85,0.416,1.01,16,16,16,32,48,30,295,160,130,0,0,0,16,38.75,0.25,0,55,0,85,0.416,1.01,16,16,16,32,48,30,295,160,130,0,0,0,16,512,-1,485.785156,485.480469,0.3046875,0.5,7618.451,7618.951,0,0,0,0,0,0,0,0,0,0,0,0,512,600,1200,3000,52,0.965000033,1.30500007,0,2,16,37,2670,10451.9824,1001,1001,30,30,6,3,1,0,19.244,22.888,0.975,11393.1719,292.6836,5.55558157,0,0,0,0.00310487836,0,0.735715449,0.7268832,0,0,0,0,0,0,47.0625,44,16376,4681,11694,71.4125748,53.63,149504,4.574925E+07
05/27/2026 13:23:57,44,54,0,54,59,51,51,51,51,69,12.144001,5.04,1.312,1.396,0.972000062,0.314,0.678000033,3.292,2.046,0,3.37600017,3.37600017,3.124,54,45,45,44.5,976,682,0,841,750,0,0,0,0,0,12.7,3.17,1.56,1.56,3.17,9.52,0,1.56,4.16,12.7,34.8453,3314,282,4850,662,48.5,0.879783452,0.6375,3233,277,32.3333321,0.42297253,0.6375,3060,123,32.3333321,0.2424305,0.6375,3041,88,32.3333321,0.198375583,0.6375,3069,169,32.3333321,0.2960067,0.6375,3233,812,32.3333321,0.985485,0.6375,3009,64,32.3333321,0.181675509,0.6375,3019,58,32.3333321,0.166320533,0.6375,54.8750076,49.2500038,99.99749,25.4838829,11.3968811,69.09804,9.885357,4.995407,66.4304352,39,0.25,0,55,0,85,0.416,1.01,16,16,16,32,48,30,295,160,130,0,0,0,16,38.75,0.25,0,55,0,85,0.416,1.01,16,16,16,32,48,30,295,160,130,0,0,0,16,512,-1,485.785156,485.480469,0.3046875,0.5,7618.451,7618.951,0,0,0,0,0,0,0,0,0,0,0,0,512,600,1200,3000,52,0.974000037,1.30500007,0,2,16,37,2670,10451.9824,1001,999,30,30,6,3,1,0,18.846,22.882,0.975,11393.1719,292.6836,5.794903,0,0,0,0.00294314441,0,0.7194254,0.7167894,0,0,0,0,0,0,47.03125,44,16376,4681,11694,71.4125748,52.132,0,45999104
05/27/2026 13:23:59,44,54,0,54,59,51,51,51,51,69,12.144001,5.04,1.312,1.396,0.986000061,0.328,0.678000033,3.292,2.046,0,3.37600017,3.37600017,3.124,54,45,45,44.5,988,710,0,856,768,0,0,0,0,0,14.29,7.94,3.12,3.12,10.94,22.22,1.56,1.56,8.09,22.22,34.1413,4412,338,4040,887,40.4,1.06199551,0.54375,5050,342,50.5,0.5223966,0.54375,4872,140,50.5,0.272192448,0.51875,4769,113,50.5,0.23436287,0.51875,3897,201,40.4,0.332621872,0.51875,5050,874,50.5,1.07539022,0.51875,3803,81,40.4,0.2080932,0.51875,3812,63,40.4,0.183031484,0.51875,54.7500076,49.2500038,99.99749,25.4554939,11.42527,69.02106,9.857609,5.023155,66.24397,39,0.25,0,55,0,85,0.416,1.01,16,16,16,32,48,30,295,160,130,0,0,0,16,38.75,0.25,0,55,0,85,0.416,1.01,16,16,16,32,48,30,295,160,130,0,0,0,16,512,-1,485.785156,485.480469,0.3046875,0.5,7618.451,7618.951,0,0,0,0,0,0,0,0,0,0,0,0,512,600,1200,3000,52,0.969000041,1.30500007,0,2,15,37,2670,10451.9824,1000,1000,30,30,6,3,1,0,19.511,23.913,0.975,11393.1719,292.6836,5.89917564,0,0,0,0.0022747335,0,0.728586137,0.728586137,0,0,0,0,0,0,47.03125,44,16376,4681,11694,71.4125748,52.909,1849344,4.974899E+07
05/27/2026 13:24:01,44,54,0,54,59,51,51,51,51,69,12.144001,5.04,1.312,1.396,0.990000069,0.322000027,0.678000033,3.29600024,2.046,0,3.37200022,3.37200022,3.124,54,45,44.5,44.5,990,710,0,843,749,0,0,0,0,0,13.85,9.23,3.08,1.54,1.54,10.77,1.54,0,5.19,13.85,34.32207,3740,306,4850,779,48.5,0.983540952,0.64375,4850,294,48.5,0.5029895,0.64375,3119,135,32.3333321,0.248033956,0.64375,3051,103,32.3333321,0.210703358,0.64375,3109,186,32.3333321,0.331320435,0.64375,4850,820,48.5,1.01280916,0.64375,3042,68,32.3333321,0.184614539,0.64375,3048,59,32.3333321,0.167242274,0.64375,54.7500076,49.2500038,99.99748,25.4858665,11.3948975,69.10341,9.886509,4.994255,66.43819,39,0.25,0,55,0,85,0.416,1.01,16,16,16,32,48,30,295,160,130,0,0,0,16,38.75,0.25,0,55,0,85,0.416,1.01,16,16,16,32,48,30,295,160,130,0,0,0,16,512,-1,485.785156,485.480469,0.3046875,0.5,7618.451,7618.951,0,0,0,0,0,0,0,0,0,0,0,0,512,600,1200,3000,52,0.974000037,1.30500007,0,4,16,37,2670,10451.9824,1000,999,30,30,6,3,1,0,19.643,24.162,0.975,11393.1719,292.914063,5.54834127,0,0,0,0.001526089,0,0.7345376,0.7347371,0,0,0,0,0,0,47.03125,44,16376,4681,11694,71.4125748,54.406,6.164992E+07,4.169933E+07
05/27/2026 13:24:03,44,54,0,54,59,51,51,51,51,69,12.144001,5.04,1.312,1.396,0.994,0.316,0.678000033,3.29600024,2.046,0,3.37600017,3.37200022,3.124,54,45,45,44.5,978,683,0,857,768,0,0,0,0,0,21.54,1.54,1.54,1.54,0,16.92,0,0,5.38,21.54,34.7051277,4087,384,4850,1052,48.5,1.18950939,0.64375,4806,380,48.5,0.6261538,0.64375,3626,159,38.8,0.305725753,0.64375,3601,109,38.8,0.252220362,0.64375,3742,255,38.8,0.410288721,0.64375,4850,939,48.5,1.17588,0.64375,3702,114,38.8,0.242579043,0.64375,3522,66,38.8,0.190820381,0.64375,54.8750076,49.2500038,99.9975052,25.46545,11.4153137,69.04806,9.859634,5.02112961,66.25758,39,0.25,0,55,0,85,0.416,1.01,16,16,16,32,48,30,295,160,130,0,0,0,16,38.75,0.25,0,55,0,85,0.416,1.01,16,16,16,32,48,30,295,160,130,0,0,0,16,512,-1,485.785156,485.480469,0.3046875,0.5,7618.451,7618.951,0,0,0,0,0,0,0,0,0,0,0,0,512,600,1200,3000,53,0.955000043,1.30500007,0,0,16,37,2670,10451.9824,998,1000,30,30,6,3,1,0,19.115,23.278,0.975,11393.5469,292.914063,5.77329826,0,0,0,0.00299354969,0,0.731972456,0.723814547,0,0,0.01920035,0,0,0,47,44,16376,4681,11694,71.41486,53.588,6400000,4.219904E+07
05/27/2026 13:24:05,45,53,0,55,60,53,53,53,53,70,12.144001,5.04,1.312,1.396,0.98,0.33,0.676000059,3.292,2.046,0,3.37600017,3.37600017,3.124,55,45,45,44.5,1010,679,0,846,772,0,0,0,0,0,18.75,6.25,3.12,1.56,6.25,18.75,1.56,1.56,7.23,18.75,35.0395355,3686,348,4850,1011,48.5,1.127619,0.64375,4797,342,48.5,0.5672905,0.64375,3173,173,32.3333321,0.290442824,0.64375,2981,103,32.3333321,0.235897943,0.64375,3003,193,32.3333321,0.3418802,0.64375,4850,835,48.5,1.06672263,0.64375,2952,71,32.3333321,0.206295058,0.64375,2879,60,32.3333321,0.18532908,0.64375,55.5000076,54.0000038,99.9975,25.459671,11.421093,69.03239,9.86189651,5.01886749,66.27278,39,0.25,0,55,0,85,0.416,1.01,16,16,16,32,48,30,295,160,130,0,0,0,16,38.75,0.25,0,55,0,85,0.416,1.01,16,16,16,32,48,30,295,160,130,0,0,0,16,512,-1,485.785156,485.480469,0.3046875,0.5,7618.451,7618.951,0,0,0,0,0,0,0,0,0,0,0,0,512,600,1200,3000,53,0.974000037,1.30500007,0,2,16,37,2670,10451.9824,1001,999,30,30,6,3,1,0,19.045,17.591,0.975,11393.5469,292.9453,5.59591341,0,0,0,0.00408476545,0,0.721377432,0.71314913,0,0,0.0195030421,0,0,0,47.0625,44,16376,4681,11694,71.41486,52.398,1.73099E+08,299008
05/27/2026 13:24:07,45,54,0,55,60,53,53,53,53,70,12.144001,5.04,1.312,1.396,0.984,0.324,0.676000059,3.292,2.046,0,3.37600017,3.37200022,3.124,55,45,44.5,44.5,1007,682,0,854,776,0,0,0,0,0,19.05,11.11,1.56,1.56,6.35,19.05,1.56,1.56,7.73,19.05,34.2194023,4046,346,4850,874,48.5,1.08333659,0.63125,3880,350,38.8,0.626201153,0.63125,3773,145,38.8,0.284894824,0.63125,3756,126,38.8,0.256367,0.63125,3787,202,38.8,0.3692513,0.63125,4850,937,48.5,1.12945652,0.63125,3731,78,38.8,0.212056845,0.63125,3745,57,38.8,0.186356515,0.63125,55.1250076,49.2500038,99.99748,25.45858,11.422184,69.02943,9.860085,5.02067947,66.2606049,39,0.25,0,55,0,85,0.416,1.01,16,16,16,32,48,30,295,160,130,0,0,0,16,38.75,0.25,0,55,0,85,0.416,1.01,16,16,16,32,48,30,295,160,130,0,0,0,16,512,-1,485.785156,485.480469,0.3046875,0.5,7618.451,7618.951,0,0,0,0,0,0,0,0,0,0,0,0,512,600,1200,3000,53,1.064,1.30500007,0,9,16,37,2670,10451.9824,1000,1001,30,30,6,3,1,0,19.636,20.886,0.975,11393.6406,293.0703,5.676232,0,0,0,0.00231313077,0,0.7394174,0.734107256,0,0,0,0,0,0,47.03125,44,16376,4681,11694,71.41541,53.682,182599680,249856
05/27/2026 13:24:09,45,54,0,55,60,53,53,53,53,70,12.144001,5.04,1.312,1.396,0.9760001,0.324,0.678000033,3.292,2.046,0,3.37600017,3.37200022,3.124,54,45,45,44.5,999,710,0,857,781,0,0,0,0,0,14.06,1.56,1.56,1.56,0,10.94,0,0,3.71,14.06,34.31585,4066,320,4850,922,48.5,1.068044,0.54375,4850,312,48.5,0.5494087,0.54375,3632,128,38.8,0.250406653,0.54375,3602,96,38.8,0.210652426,0.54375,3661,181,38.8,0.3138459,0.61875,4850,805,48.5,1.04496384,0.61875,3532,62,38.8,0.17885524,0.61875,3548,57,38.8,0.1658592,0.61875,54.8750076,49.7500038,99.99749,25.460907,11.419857,69.0357361,9.8605,5.02026367,66.2634,39,0.25,0,55,0,85,0.416,1.01,16,16,16,32,48,30,295,160,130,0,0,0,16,38.75,0.25,0,55,0,85,0.416,1.01,16,16,16,32,48,30,295,160,130,0,0,0,16,512,-1,485.785156,485.480469,0.3046875,0.5,7618.451,7618.951,0,0,0,0,0,0,0,0,0,0,0,0,512,600,1200,3000,53,0.974000037,1.30500007,0,4,15,37,2670,10451.9824,1000,1000,30,30,6,3,1,0,19.523,19.745,0.975,11394.0156,293.0703,5.708195,0,0,0,0.00304793078,0,0.7404338,0.7406573,0,0,0,0,0,0,47.15625,44,16376,4680,11695,71.41771,54.306,1.683497E+08,249856
05/27/2026 13:24:11,44,54,0,54,59,51,51,51,51,69,12.12,5.04,1.312,1.39200008,0.996000051,0.326,0.678000033,3.292,2.046,0,3.37200022,3.37200022,3.12000012,54,44.5,45,44.5,1004,709,0,851,780,0,0,0,0,0,20,4.62,0,1.54,4.62,15.38,0,0,5.77,20,34.3037758,4066,358,4850,931,48.5,1.12125134,0.6375,3880,349,38.8,0.5482266,0.6375,3771,146,38.8,0.274467349,0.6375,3791,105,38.8,0.232780486,0.6375,3834,221,38.8,0.3849443,0.6375,4850,953,48.5,1.13209867,0.6375,3725,84,38.8,0.208449349,0.65,3827,79,38.8,0.201232865,0.65,54.7500076,49.2500038,99.99748,25.4697075,11.4110565,69.0596,9.869595,5.01116943,66.32452,39,0.25,0,55,0,85,0.416,1.01,16,16,16,32,48,30,295,160,130,0,0,0,16,38.75,0.25,0,55,0,85,0.416,1.01,16,16,16,32,48,30,295,160,130,0,0,0,16,512,-1,485.785156,485.480469,0.3046875,0.5,7618.451,7618.951,0,0,0,0,0,0,0,0,0,0,0,0,512,600,1200,3000,53,0.969000041,1.30500007,0,1,15,37,2670,10451.9824,999,999,30,30,6,3,1,0,18.985,17.326,0.975,11394.3945,293.0703,5.61002636,0,0,0,0.00302666984,0,0.7209291,0.710902631,0,0,0.0306117591,0,0,0,47.0625,44,16376,4680,11695,71.42,52.887,168999936,249856
05/27/2026 13:24:13,44,53,0,54,59,51,51,51,51,69,12.144001,5.04,1.312,1.39200008,0.984,0.324,0.678000033,3.292,2.046,0,3.37600017,3.37200022,3.124,54,44.5,45,44.5,989,681,0,846,776,0,0,0,0,0,15.62,7.81,3.12,1.56,1.56,17.19,1.56,1.56,6.25,17.19,34.4218941,3931,296,4850,767,48.5,0.987266839,0.64375,3880,291,38.8,0.453323543,0.64375,3602,127,38.8,0.237264454,0.64375,3590,89,38.8,0.19656162,0.64375,3603,177,38.8,0.29373154,0.64375,4850,797,48.5,1.00492036,0.64375,3561,67,38.8,0.173466951,0.64375,3509,55,38.8,0.160906956,0.64375,54.6250076,49.7500038,99.99749,25.4615822,11.4191818,69.03757,9.863544,5.01721954,66.28386,39,0.25,0,55,0,85,0.416,1.01,16,16,16,32,48,30,295,160,130,0,0,0,16,38.75,0.25,0,55,0,85,0.416,1.01,16,16,16,32,48,30,295,160,130,0,0,0,16,512,-1,485.785156,485.480469,0.3046875,0.5,7618.451,7618.951,0,0,0,0,0,0,0,0,0,0,0,0,512,600,1200,3000,52,0.965000033,1.30500007,0,5,16,37,2670,10451.9824,1001,1000,30,30,6,3,1,0,19.33,18.668,0.975,11394.3945,293.0703,5.63339043,0,0,0,0.00237843837,0,0.724948,0.7191208,0,0,0,0,0,0,47,44,16376,4680,11695,71.42,52.629,168949760,299008
05/27/2026 13:24:15,44,54,0,54,59,51,51,51,51,69,12.144001,5.04,1.312,1.396,0.978000045,0.320000023,0.678000033,3.292,2.046,0,3.37600017,3.37200022,3.124,54,45,44.5,44.5,981,680,0,843,770,0,0,0,0,0,20,9.23,1.56,1.54,4.62,15.38,1.54,1.54,6.93,20,34.01052,3266,322,4850,876,48.5,1.04113162,0.65,3189,291,32.3333321,0.4582016,0.65,3002,138,32.3333321,0.250782877,0.65,2958,93,32.3333321,0.21135132,0.65,3035,185,32.3333321,0.3114294,0.65,3233,859,32.3333321,1.054406,0.65,2908,71,32.3333321,0.1901062,0.65,2951,66,32.3333321,0.179378152,0.65,54.5000076,49.2500038,99.99749,25.4693832,11.4113808,69.0587158,9.867531,5.013233,66.3106461,39,0.25,0,55,0,85,0.416,1.01,16,16,16,32,48,30,295,160,130,0,0,0,16,38.75,0.25,0,55,0,85,0.416,1.01,16,16,16,32,48,30,295,160,130,0,0,0,16,512,-1,485.785156,485.480469,0.3046875,0.5,7618.451,7618.951,0,0,0,0,0,0,0,0,0,0,0,0,512,600,1200,3000,52,0.995000064,1.30500007,0,6,16,37,2670,10451.9824,1000,999,30,30,6,3,1,0,19.654,20.353,0.975,11394.3945,293.0703,5.770734,0,0,0,0.00296237366,0,0.723362267,0.7107228,0,0,0,0,0,0,47.0625,44,16376,4680,11695,71.42,54.01,1.69899E+08,249856
05/27/2026 13:24:17,44,54,0,54,59,51,51,51,51,69,12.144001,5.04,1.312,1.396,0.98,0.314,0.678000033,3.292,2.046,0,3.37600017,3.37200022,3.124,54,45,44.5,44.5,990,683,0,857,768,0,0,0,0,0,15.38,4.62,0,1.54,1.54,10.77,0,0,4.23,15.38,34.34846,4165,318,4850,1070,48.5,1.123478,0.6375,4850,282,48.5,0.4900653,0.6375,3787,127,38.8,0.235476986,0.6375,3757,97,38.8,0.2051714,0.6375,3763,189,38.8,0.3145104,0.6375,4850,652,48.5,0.943944633,0.6375,3731,72,38.8,0.18592222,0.6375,3729,58,38.8,0.1612061,0.6375,54.5000076,49.7500038,99.99749,25.4913673,11.3893967,69.1183243,9.890404,4.99036026,66.4643555,39,0.25,0,55,0,85,0.416,1.01,16,16,16,32,48,30,295,160,130,0,0,0,16,38.75,0.25,0,55,0,85,0.416,1.01,16,16,16,32,48,30,295,160,130,0,0,0,16,512,-1,485.785156,485.480469,0.3046875,0.5,7618.451,7618.951,0,0,0,0,0,0,0,0,0,0,0,0,512,600,1200,3000,52,0.969000041,1.30500007,0,2,15,37,2670,10451.9824,1001,1000,30,30,6,3,1,0,19.143,18.617,0.975,11394.3945,292.839844,5.71221733,0,0,0,0.00225809473,0,0.737553954,0.7244972,0,0,0,0,0,0,47.03125,44,16376,4680,11695,71.42,53.885,168299520,299008
05/27/2026 13:24:19,44,54,0,54,59,51,51,51,51,69,12.144001,5.04,1.312,1.396,1.01,0.320000023,0.678000033,3.292,2.046,0,3.37600017,3.37600017,3.124,54,45,44.5,44.5,980,710,0,855,749,0,0,0,0,0,25.4,12.7,6.35,3.12,6.35,19.05,3.12,6.25,10.29,25.4,34.20687,3851,348,4850,1103,48.5,1.15490711,0.6125,4801,325,48.5,0.525615454,0.6125,3029,138,32.3333321,0.273474842,0.6125,3052,118,32.3333321,0.240651727,0.6125,3015,220,32.3333321,0.3507943,0.6125,4850,750,48.5,1.03579462,0.6125,4344,71,48.5,0.195157051,0.6125,2864,62,32.3333321,0.184128985,0.61875,54.5000076,49.2500038,99.99749,25.4695587,11.4112053,69.0592,9.860268,5.02049637,66.26184,39,0.25,0,55,0,85,0.416,1.01,16,16,16,32,48,30,295,160,130,0,0,0,16,38.75,0.25,0,55,0,85,0.416,1.01,16,16,16,32,48,30,295,160,130,0,0,0,16,512,-1,485.785156,485.480469,0.3046875,0.5,7618.451,7618.951,0,0,0,0,0,0,0,0,0,0,0,0,512,600,1200,3000,53,1.03500009,1.30500007,0,6,16,37,2670,10451.9824,1000,999,30,30,6,3,1,0,18.946,17.588,0.975,11394.77,292.839844,5.75664568,0,0,0,0.0027864,0,0.7329843,0.7292122,0,0,0.0205188971,0,0,0,47.0625,44,16376,4679,11696,71.42229,52.358,168199168,2349056
05/27/2026 13:24:21,44,54,0,54,59,51,51,51,51,69,12.144001,5.04,1.312,1.396,0.982000053,0.316,0.678000033,3.292,2.046,0,3.37600017,3.37600017,3.124,54,45,44.5,44.5,994,709,0,839,767,0,0,0,0,0,16.67,3.03,1.52,3.03,1.52,12.12,0,0,4.73,16.67,34.0869827,4149,320,4850,1126,48.5,1.18220115,0.64375,4850,287,48.5,0.5187688,0.64375,3726,139,38.8,0.250118524,0.64375,3749,108,38.8,0.212742284,0.64375,3855,220,38.8,0.3432687,0.64375,4850,560,48.5,0.891324759,0.64375,3657,68,38.8,0.183648676,0.64375,3654,51,38.8,0.168319792,0.64375,54.7500076,49.7500038,99.9975,25.4633217,11.4174423,69.04228,9.85456848,5.02619553,66.22354,39,0.25,0,55,0,85,0.416,1.01,16,16,16,32,48,30,295,160,130,0,0,0,16,38.75,0.25,0,55,0,85,0.416,1.01,16,16,16,32,48,30,295,160,130,0,0,0,16,512,-1,485.785156,485.480469,0.3046875,0.5,7618.451,7618.951,0,0,0,0,0,0,0,0,0,0,0,0,512,600,1200,3000,52,1.0200001,1.30500007,0,5,15,37,2670,10451.9824,1000,1000,30,30,6,3,1,0,19.338,19.63,0.975,11394.77,292.839844,5.81587029,0,0,0,0.00209937361,0,0.7086899,0.703124166,0,0,0,0,0,0,47.0625,44,16376,4679,11696,71.42229,52.946,699392,249856
05/27/2026 13:24:23,44,54,0,54,59,51,51,51,51,69,12.144001,5.04,1.312,1.396,0.98,0.324,0.678000033,3.292,2.046,0,3.37600017,3.37600017,3.124,54,45,45,44.5,990,710,0,844,749,0,0,0,0,0,17.46,3.12,4.69,1.56,4.69,9.38,3.12,1.56,5.7,17.46,34.2015839,4230,350,4850,1151,48.5,1.22495568,0.65,4850,333,48.5,0.6162789,0.65,3685,153,38.8,0.26220417,0.65,3651,104,38.8,0.218372941,0.65,4649,201,48.5,0.362152934,0.65,4850,733,48.5,1.05210328,0.65,3657,66,38.8,0.185983285,0.65,3648,57,38.8,0.172376245,0.65,54.8750076,49.7500038,99.99749,25.4989777,11.3817863,69.13896,9.894817,4.98594666,66.49402,39,0.25,0,55,0,85,0.416,1.01,16,16,16,32,48,30,295,160,130,0,0,0,16,38.75,0.25,0,55,0,85,0.416,1.01,16,16,16,32,48,30,295,160,130,0,0,0,16,512,-1,485.785156,485.480469,0.3046875,0.5,7618.451,7618.951,0,0,0,0,0,0,0,0,0,0,0,0,512,600,1200,3000,52,0.979000032,1.30500007,0,2,15,37,2670,10451.9824,998,1000,30,30,6,3,1,0,19.676,20.286,0.975,11394.77,292.839844,5.726617,0,0,0,0.00643833447,0,0.735187352,0.7363845,0,0,0,0,0,0,47.125,44,16376,4679,11696,71.42229,54.224,1.93749E+08,249856
05/27/2026 13:24:25,44,53,0,54,59,51,51,51,51,69,12.12,5.03,1.31000006,1.39200008,0.974000037,0.316,0.678000033,3.28400016,2.046,0,3.36800027,3.36800027,3.11600018,54,44.5,45,44.5,977,680,0,844,748,0,0,0,0,0,15.87,4.76,1.56,0,3.17,11.11,1.56,0,4.76,15.87,34.791008,4159,360,4850,1065,48.5,1.17467082,0.6125,4850,355,48.5,0.5832002,0.6125,4692,167,48.5,0.305569917,0.6125,3091,120,32.3333321,0.245602012,0.6125,4734,242,48.5,0.387561142,0.6125,4850,759,48.5,1.05622184,0.6125,3078,92,32.3333321,0.221240044,0.6125,3125,83,32.3333321,0.205659539,0.6375,54.8750076,49.2500038,99.99748,25.47443,11.4063339,69.0724,9.865215,5.01554871,66.29509,39,0.25,0,55,0,85,0.416,1.01,16,16,16,32,48,30,295,160,130,0,0,0,16,38.75,0.25,0,55,0,85,0.416,1.01,16,16,16,32,48,30,295,160,130,0,0,0,16,512,-1,485.785156,485.480469,0.3046875,0.5,7618.451,7618.951,0,0,0,0,0,0,0,0,0,0,0,0,512,600,1200,3000,53,0.974000037,1.30500007,0,2,15,37,2670,10451.9824,1000,1000,30,30,6,3,1,0,18.988,18.335,0.975,11395.1445,293.089844,5.766278,0,0,0,0.00229388056,0,0.738051,0.73419404,0,0,0,0,0,0,47.15625,44,16376,4679,11696,71.4245758,53.505,1.756498E+08,299008
05/27/2026 13:24:27,45,53,0,55,60,53,53,53,53,70,12.0960007,5.03,1.30800009,1.39200008,0.974000037,0.314,0.678000033,3.28400016,2.046,0,3.364,3.364,3.11600018,55,44.5,45,44.5,990,670,0,855,750,0,0,0,0,0,18.46,6.15,3.08,3.08,1.54,6.15,1.54,0,5,18.46,35.19259,4193,303,4850,1085,48.5,1.13001525,0.65,3880,270,38.8,0.4287084,0.65,3649,141,38.8,0.240955189,0.65,3621,96,38.8,0.207055926,0.65,3695,179,38.8,0.305900127,0.65,4850,519,48.5,0.855660856,0.65,4556,74,48.5,0.195806459,0.65,4445,58,48.5,0.167242631,0.65,55.2500076,49.7500038,99.99748,25.4957352,11.3850288,69.13017,9.891727,4.98903656,66.47325,39,0.25,0,55,0,85,0.416,1.01,16,16,16,32,48,30,295,160,130,0,0,0,16,38.75,0.25,0,55,0,85,0.416,1.01,16,16,16,32,48,30,295,160,130,0,0,0,16,512,-1,485.785156,485.480469,0.3046875,0.5,7618.451,7618.951,0,0,0,0,0,0,0,0,0,0,0,0,512,600,1200,3000,52,0.969000041,1.30500007,0,2,15,37,2670,10451.9824,1001,999,30,30,6,3,1,0,19.083,22.589,0.975,11395.1445,293.089844,5.56849432,0,0,0,0.00289955339,0,0.7065212,0.712085247,0,0,0,0,0,0,47.0625,44,16376,4679,11696,71.4245758,52.493,899072,4.939981E+07
05/27/2026 13:24:29,45,53,0,55,60,53,53,53,53,70,12.12,5.03,1.30800009,1.39200008,0.98,0.316,0.678000033,3.28400016,2.046,0,3.364,3.364,3.11600018,54,44.5,45,44.5,1010,693,0,851,777,0,0,0,0,0,20.63,4.69,1.56,1.56,1.56,11.11,0,0,5.14,20.63,34.2854652,3925,335,4850,1093,48.5,1.15342844,0.64375,4850,300,48.5,0.5062123,0.64375,3062,148,32.3333321,0.286118,0.64375,3105,133,32.3333321,0.2525129,0.64375,4613,185,48.5,0.333256364,0.64375,4850,664,48.5,0.9648911,0.64375,3040,87,32.3333321,0.220406353,0.64375,3030,70,32.3333321,0.2039097,0.64375,54.8750076,49.7500038,99.99749,25.470211,11.410553,69.06097,9.860546,5.020218,66.26371,39,0.25,0,55,0,85,0.416,1.01,16,16,16,32,48,30,295,160,130,0,0,0,16,38.75,0.25,0,55,0,85,0.416,1.01,16,16,16,32,48,30,295,160,130,0,0,0,16,512,-1,485.785156,485.480469,0.3046875,0.5,7618.451,7618.951,0,0,0,0,0,0,0,0,0,0,0,0,512,600,1200,3000,53,1.05500007,1.30500007,0,6,16,37,2670,10451.9824,999,1000,30,30,6,3,1,0,19.624,21.132,0.975,11395.1445,293.089844,5.70890427,0,0,0,0.00299378368,0,0.7361593,0.726304,0,0,0,0,0,0,47.1875,44,16376,4679,11696,71.4245758,53.674,173149184,299008
05/27/2026 13:24:31,44,53,0,55,60,53,53,53,53,70,12.12,5.03,1.30800009,1.39200008,1.0480001,0.320000023,0.676000059,3.28400016,2.046,0,3.364,3.364,3.11600018,62,44.5,45,44.5,995,667,0,855,780,0,0,0,0,0,36.92,12.5,4.69,1.56,7.81,41.54,4.69,40.62,18.79,41.54,41.33744,4057,989,4850,1898,48.5,2.18717265,0.64375,3880,769,38.8,1.29150009,0.64375,3719,229,38.8,0.443786472,0.64375,3709,177,38.8,0.330150157,0.64375,3841,385,38.8,0.869048953,0.64375,4850,2052,48.5,2.537309,0.64375,3727,184,38.8,0.330010384,0.64375,3880,2216,38.8,2.81104422,0.64375,65.62501,50.7500038,99.99748,25.4779968,11.4027672,69.08208,9.471138,5.409626,63.6468544,39,0.25,0,55,0,85,0.416,1.01,16,16,16,32,48,30,295,160,130,0,0,0,16,38.75,0.25,0,55,0,85,0.416,1.01,16,16,16,32,48,30,295,160,130,0,0,0,16,512,-1,485.785156,485.480469,0.3046875,0.5,7618.451,7618.951,0,0,0,0,0,0,0,0,0,0,0,0,512,600,1200,3000,53,1.079,1.30500007,0,20,16,37,2670,10451.9824,1002,1001,30,30,6,3,1,0,19.625,19.812,0.975,11395.1445,293.089844,5.681291,0,0,0,0.00302367262,0,0.723995,0.7210012,0,0,0,0,0,0,47,44,16376,4679,11696,71.4245758,54.565,173199360,249856
05/27/2026 13:24:33,45,53,0,55,60,56,56,56,56,73,12.12,5.03,1.31000006,1.39200008,0.988000035,0.314,0.676000059,3.28400016,2.046,0,3.36800027,3.36800027,3.11600018,62,44.5,45,44.5,1011,667,0,864,780,0,0,0,0,0,15.38,7.69,1.56,1.56,3.12,10.77,1.56,0,5.21,15.38,34.3442345,3533,341,4850,1058,48.5,1.134218,0.64375,3233,345,32.3333321,0.5252573,0.64375,3031,134,32.3333321,0.26629287,0.64375,3099,117,32.3333321,0.240382642,0.64375,3078,195,32.3333321,0.3278642,0.64375,4850,694,48.5,0.993450761,0.64375,3112,108,32.3333321,0.234572,0.65625,3009,74,32.3333321,0.19730112,0.65625,62.3750076,49.2500038,99.99749,25.4825668,11.3981972,69.09447,9.481815,5.39894867,63.718605,39,0.25,0,55,0,85,0.416,1.01,16,16,16,32,48,30,295,160,130,0,0,0,16,38.75,0.25,0,55,0,85,0.416,1.01,16,16,16,32,48,30,295,160,130,0,0,0,16,512,-1,485.785156,485.480469,0.3046875,0.5,7618.451,7618.951,0,0,0,0,0,0,0,0,0,0,0,0,512,600,1200,3000,53,0.969000041,1.30500007,0,4,16,37,2670,10451.9824,998,999,30,30,6,3,1,0,18.965,22.57,0.975,11395.1445,293.089844,5.709789,0,0,0,0.00219259481,0,0.7327089,0.7267346,0,0,0,0,0,0,47.1875,44,16376,4679,11696,71.4245758,53.132,749568,799744
05/27/2026 13:24:35,47,53,0,56,61,60,60,60,60,76,12.12,5.03,1.30800009,1.39200008,0.978000045,0.318000019,0.678000033,3.28400016,2.046,0,3.36800027,3.36800027,3.11600018,60,44.5,44.5,44.5,1043,692,0,859,766,0,0,0,0,0,17.19,3.12,3.12,3.12,3.12,10.94,0,1.56,5.27,17.19,34.8976135,3479,294,4850,953,48.5,1.05914032,0.6375,3178,274,32.3333321,0.449798971,0.6375,3030,122,32.3333321,0.244681537,0.6375,3003,100,32.3333321,0.204549223,0.6375,3007,166,32.3333321,0.3023979,0.6375,4850,600,48.5,0.8910003,0.6375,2934,69,32.3333321,0.185754016,0.6375,2980,65,32.3333321,0.170397878,0.6375,61.1250076,51.0000038,99.99749,25.5031242,11.37764,69.15021,9.504547,5.376217,63.8713646,39,0.25,0,55,0,85,0.416,1.01,16,16,16,32,48,30,295,160,130,0,0,0,16,38.75,0.25,0,55,0,85,0.416,1.01,16,16,16,32,48,30,295,160,130,0,0,0,16,512,-1,485.785156,485.480469,0.3046875,0.5,7618.451,7618.951,0,0,0,0,0,0,0,0,0,0,0,0,512,600,1200,3000,52,0.965000033,1.30500007,0,5,16,37,2670,10451.9824,999,1000,30,30,6,3,1,0,17.984,19.02,0.975,11395.1445,293.089844,5.57514429,0,0,0,0.00315690553,0,0.7157842,0.708754659,0,0,0,0,0,0,47.09375,44,16376,4679,11696,71.4245758,52.446,172549120,249856
05/27/2026 13:24:37,48,53,0,57,62,60,60,60,60,75,12.12,5.03,1.31000006,1.39200008,0.974000037,0.320000023,0.678000033,3.288,2.046,0,3.36800027,3.36800027,3.12000012,58,44.5,44.5,44.5,1063,667,0,884,798,0,0,0,0,0,23.08,9.23,1.56,0,3.08,13.85,0,0,6.35,23.08,34.2779961,3912,352,4850,1152,48.5,1.20721889,0.65,4850,372,48.5,0.6013619,0.65,3056,146,32.3333321,0.270857275,0.65,3092,113,32.3333321,0.237635791,0.65,4619,219,48.5,0.3533737,0.65,4850,659,48.5,0.9854144,0.65,2984,89,32.3333321,0.215614259,0.65,2993,63,32.3333321,0.201962426,0.65,58.3750076,49.2500038,99.99749,25.4829636,11.3978,69.09554,9.486488,5.39427567,63.75001,39,0.25,0,55,0,85,0.416,1.01,16,16,16,32,48,30,295,160,130,0,0,0,16,38.75,0.25,0,55,0,85,0.416,1.01,16,16,16,32,48,30,295,160,130,0,0,0,16,512,-1,485.785156,485.480469,0.3046875,0.5,7618.451,7618.951,0,0,0,0,0,0,0,0,0,0,0,0,512,600,1200,3000,53,0.965000033,1.30500007,0,3,16,37,2670,10451.9824,1001,1001,30,30,6,3,1,0,19.364,24.148,0.975,11395.0664,284.1289,5.5875597,0,0,0,0.00429061474,0,0.7231519,0.7208629,0,0,0.009800041,0,0,0,47.15625,44,16376,4679,11696,71.4245758,53.887,1.910999E+08,1849344
05/27/2026 13:24:39,49,53,0,58,63,57,57,57,57,73,12.12,5.03,1.31000006,1.39200008,0.982000053,0.322000027,0.678000033,3.288,2.046,0,3.36800027,3.36800027,3.11600018,57,44.5,44.5,44.5,1095,666,0,876,788,0,0,0,0,0,23.44,1.56,3.12,0,1.56,17.19,1.56,0,6.05,23.44,34.12249,3305,334,4850,1125,48.5,1.16318655,0.6375,3233,312,32.3333321,0.4981073,0.6375,3053,141,32.3333321,0.26285097,0.6375,3029,101,32.3333321,0.224771008,0.6375,3093,193,32.3333321,0.329334468,0.6375,3233,656,32.3333321,0.9686353,0.6375,2980,77,32.3333321,0.198534757,0.6375,2970,67,32.3333321,0.181562841,0.6375,57.3750076,49.7500038,99.99749,25.5052567,11.3755074,69.15599,9.511154,5.36961,63.9157639,39,0.25,0,55,0,85,0.416,1.01,16,16,16,32,48,30,295,160,130,0,0,0,16,38.75,0.25,0,55,0,85,0.416,1.01,16,16,16,32,48,30,295,160,130,0,0,0,16,512,-1,485.785156,485.480469,0.3046875,0.5,7618.451,7618.951,0,0,0,0,0,0,0,0,0,0,0,0,512,600,1200,3000,53,0.974000037,1.30500007,0,2,15,37,2670,10451.9824,999,999,30,30,6,3,1,0,18.262,19.036,0.975,11395.0664,284.1289,5.538849,0,0,0,0.00230047177,0,0.701456547,0.7026328,0,0,0,0,0,0,47.0625,44,16376,4679,11696,71.4245758,54.351,174099456,299008
05/27/2026 13:24:41,47,53,0,58,63,55,55,55,55,72,12.0960007,5.03,1.31000006,1.39200008,0.988000035,0.320000023,0.678000033,3.28400016,2.046,0,3.36800027,3.36800027,3.11600018,56,44.5,44.5,44.5,1086,692,0,883,796,0,0,0,0,0,28.12,9.52,4.76,6.25,6.35,15.62,1.56,1.56,9.22,28.12,34.1010246,3462,342,4850,1171,48.5,1.23736572,0.64375,3233,309,32.3333321,0.5478291,0.64375,3038,141,32.3333321,0.252230376,0.64375,2967,100,32.3333321,0.216520667,0.64375,3003,184,32.3333321,0.319109619,0.64375,4850,700,48.5,1.00149214,0.64375,2903,69,32.3333321,0.185289949,0.64375,2848,59,32.3333321,0.175063163,0.64375,56.5000076,49.2500038,99.99749,25.47461,11.4061546,69.07289,9.482273,5.398491,63.72168,39,0.25,0,55,0,85,0.416,1.01,16,16,16,32,48,30,295,160,130,0,0,0,16,38.75,0.25,0,55,0,85,0.416,1.01,16,16,16,32,48,30,295,160,130,0,0,0,16,512,-1,485.785156,485.480469,0.3046875,0.5,7618.451,7618.951,0,0,0,0,0,0,0,0,0,0,0,0,512,600,1200,3000,53,0.965000033,1.30500007,0,1,15,37,2670,10451.9824,1001,1000,30,30,6,3,1,0,18.321,17.392,0.975,11395.0664,284.1289,5.711493,0,0,0,0.00296540116,0,0.734688163,0.7321836,0,0,0,0,0,0,47.0625,44,16376,4679,11696,71.4245758,52.347,184049664,249856
05/27/2026 13:24:43,47,53,0,56,62,54,54,54,54,71,12.12,5.03,1.31000006,1.39200008,0.9760001,0.316,0.678000033,3.28400016,2.046,0,3.36800027,3.36800027,3.11600018,56,44,45,44.5,1066,667,0,883,800,0,0,0,0,0,22.22,3.17,1.56,0,3.17,19.05,1.56,0,6.34,22.22,34.76113,4049,360,3880,1158,38.8,1.20793927,0.66875,4150,333,41.5,0.5759614,0.65,4025,146,41.5,0.269515753,0.65,4013,114,41.5,0.231645882,0.65,4142,253,41.5,0.39661777,0.65,4150,732,41.5,1.06999779,0.65,3989,74,41.5,0.210664347,0.65,4043,68,41.5,0.190910771,0.65,56.1250076,49.7500038,99.9975,25.51447,11.3662949,69.18097,9.5162735,5.36449051,63.95017,39,0.25,0,55,0,85,0.416,1.01,16,16,16,32,48,30,295,160,130,0,0,0,16,38.75,0.25,0,55,0,85,0.416,1.01,16,16,16,32,48,30,295,160,130,0,0,0,16,512,-1,485.785156,485.480469,0.3046875,0.5,7618.451,7618.951,0,0,0,0,0,0,0,0,0,0,0,0,512,600,1200,3000,53,0.969000041,1.30500007,0,3,16,37,2670,10451.9824,999,999,30,30,6,3,1,0,18.854,20.147,0.975,11395.4414,284.1289,5.65920925,0,0,0,0.0037253534,0,0.726602852,0.7219735,0,0,0,0,0,0,47.125,44,16376,4679,11696,71.4268646,52.673,158049280,899072
05/27/2026 13:24:45,46,53,0,56,61,53,53,53,53,71,12.12,5.03,1.31000006,1.39200008,0.9760001,0.314,0.678000033,3.28400016,2.046,0,3.36800027,3.36800027,3.11600018,55,44.5,44.5,44.5,1056,667,0,870,792,0,0,0,0,0,23.81,9.52,4.76,3.17,7.94,12.7,4.76,3.17,8.73,23.81,34.1443367,4116,352,4850,1210,48.5,1.24497736,0.64375,4850,335,48.5,0.611906946,0.64375,4601,143,48.5,0.271553338,0.64375,3059,108,32.3333321,0.249081656,0.64375,4656,214,48.5,0.358618945,0.64375,4850,652,48.5,1.0017761,0.64375,3045,86,32.3333321,0.226777136,0.64375,3019,72,32.3333321,0.216497391,0.64375,55.7500076,49.7500038,99.99749,25.5061836,11.37458,69.1585,9.51092148,5.36984253,63.9142,39,0.25,0,55,0,85,0.416,1.01,16,16,16,32,48,30,295,160,130,0,0,0,16,38.75,0.25,0,55,0,85,0.416,1.01,16,16,16,32,48,30,295,160,130,0,0,0,16,512,-1,485.785156,485.480469,0.3046875,0.5,7618.451,7618.951,0,0,0,0,0,0,0,0,0,0,0,0,512,600,1200,3000,52,0.974000037,1.30500007,0,0,16,37,2670,10451.9824,1000,1000,30,30,6,3,1,0,19.109,20.527,0.975,11395.4414,284.1289,5.75200653,0,0,0,0.00298745232,0,0.750446,0.739515543,0,0,0,0,0,0,47.03125,44,16376,4679,11696,71.4268646,54.013,172249088,299008
05/27/2026 13:24:47,45,53,0,55,60,53,53,53,53,70,12.12,5.03,1.30800009,1.39200008,0.9760001,0.324,0.678000033,3.28400016,2.046,0,3.364,3.364,3.11200023,55,44,45,44.5,1030,692,0,865,779,0,0,0,0,0,21.88,9.38,4.69,1.56,3.12,17.19,1.56,1.56,7.62,21.88,34.18356,3747,318,4850,1091,48.5,1.132708,0.64375,4850,305,48.5,0.52602,0.64375,3091,130,32.3333321,0.24221842,0.64375,3101,105,32.3333321,0.208145678,0.64375,3108,184,32.3333321,0.321813464,0.64375,4850,602,48.5,0.937605858,0.64375,3067,66,32.3333321,0.1754524,0.64375,3062,59,32.3333321,0.162378162,0.64375,55.2500076,49.7500038,99.99749,25.47593,11.4048347,69.07647,9.48481,5.395954,63.73873,39,0.25,0,55,0,85,0.416,1.01,16,16,16,32,48,30,295,160,130,0,0,0,16,38.75,0.25,0,55,0,85,0.416,1.01,16,16,16,32,48,30,295,160,130,0,0,0,16,512,-1,485.785156,485.480469,0.3046875,0.5,7618.451,7618.951,0,0,0,0,0,0,0,0,0,0,0,0,512,600,1200,3000,53,0.965000033,1.30500007,0,2,16,37,2670,10451.9824,1000,1001,30,30,6,3,1,0,18.567,18.176,0.975,11395.4414,284.1289,5.70528936,0,0,0,0.00309074786,0,0.723827064,0.7223318,0,0,0,0,0,0,47.125,44,16376,4679,11696,71.4268646,53.679,1349632,2599936
05/27/2026 13:24:50,45,53,0,55,60,53,53,53,53,70,12.12,5.03,1.30800009,1.39200008,0.972000062,0.320000023,0.676000059,3.28400016,2.046,0,3.36800027,3.36800027,3.11600018,55,44.5,45,44.5,997,667,0,851,789,0,0,0,0,0,21.54,4.62,1.54,0,4.62,15.38,3.08,0,6.35,21.54,34.4338226,3912,380,5050,1271,50.5,1.30454326,0.50625,4040,363,40.4,0.6317845,0.50625,3806,162,40.4,0.308164984,0.50625,3765,120,40.4,0.2639267,0.50625,3838,244,40.4,0.3989339,0.50625,4850,709,48.5,1.04579341,0.50625,2974,93,32.3333321,0.2333104,0.55625,2977,74,32.3333321,0.214238912,0.55625,55.5000076,49.7500038,99.9975,25.4855232,11.3952408,69.10248,9.496437,5.384327,63.8168678,39,0.25,0,55,0,85,0.416,1.01,16,16,16,32,48,30,295,160,130,0,0,0,16,38.75,0.25,0,55,0,85,0.416,1.01,16,16,16,32,48,30,295,160,130,0,0,0,16,512,-1,485.785156,485.480469,0.3046875,0.5,7618.451,7618.951,0,0,0,0,0,0,0,0,0,0,0,0,512,600,1200,3000,52,0.969000041,1.30500007,0,0,15,37,2670,10451.9824,999,1000,30,30,6,3,1,0,19.025,23.049,0.975,11395.6719,284.394531,5.6716404,0,0,0,0.00279713329,0,0.733356535,0.7300816,0,0,0,0,0,0,47.09375,44,16376,4678,11697,71.4282,52.454,899072,47149056
05/27/2026 13:24:52,45,53,0,55,60,53,53,53,53,70,12.12,5.03,1.31000006,1.39200008,0.984,0.326,0.678000033,3.288,2.046,0,3.36800027,3.36800027,3.12000012,55,44.5,45,44.5,995,692,0,855,784,0,0,0,0,0,17.19,4.69,3.12,3.12,4.69,14.06,3.12,1.56,6.45,17.19,34.9681244,4297,323,4850,992,48.5,1.07192338,0.6375,3825,280,38.8,0.475102454,0.6375,3664,134,38.8,0.2583695,0.6375,3641,108,38.8,0.22854954,0.6375,4581,194,48.5,0.328441173,0.64375,4850,751,48.5,1.045914,0.64375,4504,68,48.5,0.197976321,0.64375,4463,58,48.5,0.179650769,0.64375,55.5000076,49.7500038,99.99749,25.478653,11.4021111,69.0838547,9.484211,5.396553,63.7347069,39,0.25,0,55,0,85,0.416,1.01,16,16,16,32,48,30,295,160,130,0,0,0,16,38.75,0.25,0,55,0,85,0.416,1.01,16,16,16,32,48,30,295,160,130,0,0,0,16,512,-1,485.785156,485.480469,0.3046875,0.5,7618.451,7618.951,0,0,0,0,0,0,0,0,0,0,0,0,512,600,1200,3000,52,1.03500009,1.30500007,0,9,16,37,2670,10451.9824,1000,1000,30,30,6,3,1,0,19.579,20.306,0.975,11395.6719,284.410156,5.71544075,0,0,0,0.00224378356,0,0.716963,0.715579152,0,0,0,0,0,0,47.09375,44,16376,4678,11697,71.4282,53.569,171799552,249856
05/27/2026 13:24:54,45,53,0,55,60,53,53,53,53,70,12.12,5.03,1.30800009,1.39200008,0.998,0.33,0.678000033,3.28400016,2.046,0,3.36800027,3.36800027,3.11200023,55,44.5,44.5,44.5,995,692,0,870,784,0,0,0,0,0,19.05,3.17,0,1.56,3.12,11.11,1.56,0,4.95,19.05,34.4063148,4266,378,4850,1272,48.5,1.27078509,0.56875,4850,371,48.5,0.5802399,0.56875,3730,147,38.8,0.282354,0.56875,3700,110,38.8,0.245959386,0.56875,4760,249,48.5,0.391968,0.56875,4850,733,48.5,1.05524409,0.56875,3678,75,38.8,0.206046686,0.56875,3707,67,38.8,0.1880875,0.56875,55.2500076,49.7500038,99.99749,25.4806633,11.4001007,69.08931,9.486614,5.39415,63.7508545,39,0.25,0,55,0,85,0.416,1.01,16,16,16,32,48,30,295,160,130,0,0,0,16,38.75,0.25,0,55,0,85,0.416,1.01,16,16,16,32,48,30,295,160,130,0,0,0,16,512,-1,485.785156,485.480469,0.3046875,0.5,7618.451,7618.951,0,0,0,0,0,0,0,0,0,0,0,0,512,600,1200,3000,51,0.969000041,1.30500007,0,3,15,37,2670,10451.9824,1001,999,30,30,6,3,1,0,19.449,23.574,0.975,11396.7773,284.957031,5.748533,0,0,0,0.015571977,0,0.729952753,0.728666,0,0,0.120011792,0,0,0,47.09375,44,16376,4677,11698,71.4348755,54.175,1499136,4.639949E+07
05/27/2026 13:24:56,45,53,0,55,60,53,53,53,53,70,12.12,5.03,1.31000006,1.39200008,0.98,0.33,0.678000033,3.288,2.046,0,3.36800027,3.36800027,3.11600018,54,44.5,44.5,44.5,1014,667,0,869,783,0,0,0,0,0,14.06,6.25,3.08,1.54,4.62,7.81,0,0,4.67,14.06,34.3040771,4640,316,4850,1122,48.5,1.15579236,0.64375,4830,306,48.5,0.514264047,0.64375,4548,133,48.5,0.249566838,0.64375,4523,95,48.5,0.207063526,0.64375,4552,183,48.5,0.3162634,0.64375,4850,567,48.5,0.92683965,0.64375,4556,75,48.5,0.1880315,0.64375,4408,50,48.5,0.162609383,0.64375,55.0000076,49.7500038,99.99748,25.5106277,11.3701363,69.17055,9.514835,5.36592865,63.9405022,39,0.25,0,55,0,85,0.416,1.01,16,16,16,32,48,30,295,160,130,0,0,0,16,38.75,0.25,0,55,0,85,0.416,1.01,16,16,16,32,48,30,295,160,130,0,0,0,16,512,-1,485.785156,485.480469,0.3046875,0.5,7618.451,7618.951,0,0,0,0,0,0,0,0,0,0,0,0,512,600,1200,3000,53,0.969000041,1.30500007,0,1,15,37,2670,10451.9824,999,1001,30,30,6,3,1,0,18.95,17.389,0.975,11397.1523,284.957031,5.58209848,0,0,0,0.002387424,0,0.7371871,0.7287881,0,0,0,0,0,0,47.125,44,16376,4677,11698,71.4371643,52.676,172499968,299008
05/27/2026 13:24:58,44,53,0,54,59,51,51,51,51,69,12.12,5.03,1.30800009,1.39200008,0.978000045,0.318000019,0.678000033,3.288,2.046,0,3.36800027,3.36800027,3.12000012,54,44.5,45,44.5,975,692,0,843,776,0,0,0,0,0,21.54,7.69,1.56,3.12,3.12,9.23,0,0,5.78,21.54,34.1132736,4019,354,4850,1214,48.5,1.24768674,0.64375,3835,294,38.8,0.534963,0.64375,3704,149,38.8,0.272690624,0.64375,3636,94,38.8,0.222886115,0.64375,3674,187,38.8,0.322343677,0.64375,5025,753,50.25,1.04121315,0.5375,3675,71,40.2,0.2005225,0.5375,3751,71,40.2,0.187900722,0.5375,54.7500076,49.2500038,99.99748,25.5195465,11.3612175,69.19473,9.518738,5.362026,63.96673,39,0.25,0,55,0,85,0.416,1.01,16,16,16,32,48,30,295,160,130,0,0,0,16,38.75,0.25,0,55,0,85,0.416,1.01,16,16,16,32,48,30,295,160,130,0,0,0,16,512,-1,485.785156,485.480469,0.3046875,0.5,7618.451,7618.951,0,0,0,0,0,0,0,0,0,0,0,0,512,600,1200,3000,53,0.945000052,1.30500007,0,2,15,37,2670,10451.9824,1001,1000,30,30,6,3,1,0,19.147,18.291,0.975,11397.1523,284.957031,5.59451151,0,0,0,0.00275394972,0,0.7219283,0.712751746,0,0,0,0,0,0,47.125,44,16376,4677,11698,71.4371643,52.687,1.707991E+08,149504
05/27/2026 13:25:00,44,53,0,54,59,51,51,51,51,69,12.0960007,5.03,1.30800009,1.39200008,1.006,0.33,0.678000033,3.28400016,2.046,0,3.36800027,3.36800027,3.11600018,55,44,45,44.5,995,691,0,859,751,0,0,0,0,0,18.75,7.81,4.76,3.17,4.69,20.31,3.12,3.17,8.22,20.31,36.38033,3918,438,4850,1274,48.5,1.30507481,0.6375,3880,436,38.8,0.724780738,0.6375,3731,178,38.8,0.3402601,0.6375,3750,131,38.8,0.265654534,0.6375,3855,299,38.8,0.490092,0.65,3880,992,38.8,1.29456615,0.65,3674,92,38.8,0.226951092,0.65,3723,100,38.8,0.204570949,0.65,55.5000076,50.2500038,99.99749,25.5738754,11.3068886,69.34204,9.569347,5.31141663,64.30682,39,0.25,0,55,0,85,0.416,1.01,16,16,16,32,48,30,295,160,130,0,0,0,16,38.75,0.25,0,55,0,85,0.416,1.01,16,16,16,32,48,30,295,160,130,0,0,0,16,512,-1,485.785156,485.480469,0.3046875,0.5,7618.451,7618.951,0,0,0,0,0,0,0,0,0,0,0,0,512,600,1200,3000,52,0.965000033,1.30500007,0,2,15,37,2670,10451.9824,1000,1000,30,30,6,3,1,0,19.72,20.45,0.975,11397.5273,284.957031,5.718286,0,0,0,0.00210573641,0,0.7192381,0.7223669,0,0,0,0,0,0,47.15625,44,16376,4677,11698,71.43945,54.277,172199936,149504
05/27/2026 13:25:02,45,53,0,55,60,53,53,53,53,70,12.0960007,5.03,1.30800009,1.39200008,0.98,0.314,0.678000033,3.28400016,2.046,0,3.36800027,3.364,3.11600018,55,44,45,44.5,1015,666,0,849,754,0,0,0,0,0,16.92,6.15,1.54,1.54,3.08,12.31,1.54,1.54,5.58,16.92,33.6653671,4205,302,4850,951,48.5,1.05792511,0.64375,4741,274,48.5,0.489811122,0.64375,4461,115,48.5,0.237076774,0.64375,4429,87,48.5,0.20229888,0.64375,4532,180,48.5,0.305744261,0.64375,4850,694,48.5,0.9915762,0.64375,2920,61,32.3333321,0.1696438,0.64375,2857,50,32.3333321,0.154135227,0.64375,55.3750076,49.2500038,99.9975,25.5435867,11.3371773,69.25992,9.541191,5.339573,64.1176147,39,0.25,0,55,0,85,0.416,1.01,16,16,16,32,48,30,295,160,130,0,0,0,16,38.75,0.25,0,55,0,85,0.416,1.01,16,16,16,32,48,30,295,160,130,0,0,0,16,512,-1,485.785156,485.480469,0.3046875,0.5,7618.451,7618.951,0,0,0,0,0,0,0,0,0,0,0,0,512,600,1200,3000,52,0.955000043,1.30500007,0,4,15,37,2670,10451.9824,1000,1000,30,30,6,3,1,0,19.265,19.109,0.975,11397.5273,285.1875,5.77991056,0,0,0,0.00292199361,0,0.7153751,0.7110119,0,0,0,0,0,0,47.125,44,16376,4677,11698,71.43945,53.948,172499968,299008
05/27/2026 13:25:04,45,53,0,55,60,53,53,53,53,70,12.0960007,5.03,1.30800009,1.39200008,0.982000053,0.318000019,0.678000033,3.28400016,2.046,0,3.364,3.364,3.11600018,55,44,45,44.5,1005,692,0,867,775,0,0,0,0,0,17.19,4.69,1.56,1.56,3.12,9.38,4.69,3.12,5.66,17.19,34.3883362,3523,328,4850,958,48.5,1.06522763,0.64375,3233,319,32.3333321,0.5012455,0.64375,3100,147,32.3333321,0.2731456,0.64375,3053,109,32.3333321,0.227852881,0.64375,3070,197,32.3333321,0.32367152,0.64375,4850,752,48.5,1.01468635,0.64375,3013,77,32.3333321,0.196530834,0.65,3017,63,32.3333321,0.17731154,0.65,55.2500076,49.7500038,99.9975,25.58532,11.2954445,69.37308,9.572292,5.30847168,64.3266144,39,0.25,0,55,0,85,0.416,1.01,16,16,16,32,48,30,295,160,130,0,0,0,16,38.75,0.25,0,55,0,85,0.416,1.01,16,16,16,32,48,30,295,160,130,0,0,0,16,512,-1,485.785156,485.480469,0.3046875,0.5,7618.451,7618.951,0,0,0,0,0,0,0,0,0,0,0,0,512,600,1200,3000,53,0.969000041,1.30500007,0,1,16,37,2670,10451.9824,1000,999,30,30,6,3,1,0,18.975,17.336,0.975,11397.5273,285.1875,5.78755331,0,0,0,0.0030133028,0,0.7393512,0.7311506,0,0,0,0,0,0,47.125,44,16376,4677,11698,71.43945,52.355,199680,46749696
05/27/2026 13:25:06,45,53,0,55,60,53,53,53,53,70,12.0960007,5.03,1.30800009,1.39200008,0.982000053,0.318000019,0.678000033,3.28400016,2.046,0,3.364,3.364,3.11200023,55,44,45,44.5,1000,667,0,868,762,0,0,0,0,0,20,7.69,3.08,3.08,4.62,18.46,1.54,0,7.31,20,34.2964058,3819,351,3960,1077,39.6,1.18061614,0.51875,3960,326,39.6,0.621315658,0.51875,3766,149,39.6,0.270500571,0.51875,3888,133,39.6,0.2480276,0.51875,3777,197,39.6,0.3499861,0.51875,5000,786,50,1.08609772,0.5375,3076,76,33.3333321,0.197152928,0.5375,3127,67,33.3333321,0.1788352,0.5375,55.5000076,57.5000038,99.99749,25.57965,11.3011131,69.3577042,9.569786,5.310978,64.30978,39,0.25,0,55,0,85,0.416,1.01,16,16,16,32,48,30,295,160,130,0,0,0,16,38.75,0.25,0,55,0,85,0.416,1.01,16,16,16,32,48,30,295,160,130,0,0,0,16,512,-1,485.785156,485.480469,0.3046875,0.5,7618.451,7618.951,0,0,0,0,0,0,0,0,0,0,0,0,512,600,1200,3000,52,1.04500008,1.30500007,0,7,15,38,2670,10451.9824,999,1000,30,30,6,3,1,0,19.455,19.544,0.975,11397.9023,285.1875,5.66776752,0,0,0,0.00363900326,0,0.7248079,0.7205624,0,0,0,0,0,0,47.1875,44,16376,4676,11699,71.44175,53.301,1.688494E+08,249856
05/27/2026 13:25:08,45,53,0,55,60,53,53,53,53,70,12.12,5.03,1.31000006,1.39200008,0.978000045,0.320000023,0.678000033,3.28400016,2.046,0,3.364,3.364,3.11600018,55,44,45,44.5,1000,666,0,869,784,0,0,0,0,0,20,4.62,3.08,1.54,3.08,10.77,0,0,5.38,20,34.86306,3922,340,4850,1037,48.5,1.16022372,0.76875,3796,318,38.8,0.5542394,0.76875,3610,136,38.8,0.2637049,0.76875,3580,103,38.8,0.224312916,0.76875,3649,198,38.8,0.335758984,0.76875,4850,798,48.5,1.0334934,0.76875,3532,68,38.8,0.193998739,0.76875,3513,58,38.8,0.174766362,0.76875,55.5000076,49.2500038,99.99749,25.5749664,11.3057976,69.345,9.567501,5.313263,64.29442,39,0.25,0,55,0,85,0.416,1.01,16,16,16,32,48,30,295,160,130,0,0,0,16,38.75,0.25,0,55,0,85,0.416,1.01,16,16,16,32,48,30,295,160,130,0,0,0,16,512,-1,485.785156,485.480469,0.3046875,0.5,7618.451,7618.951,0,0,0,0,0,0,0,0,0,0,0,0,512,600,1200,3000,52,0.940000057,1.30500007,0,5,16,38,2670,10451.9824,1001,1002,30,30,6,3,1,0,19.786,20.611,0.975,11397.9023,285.1875,5.673163,0,0,0,0.002167081,0,0.7184315,0.7100867,0,0,0,0,0,0,47.125,44,16376,4676,11699,71.44175,54.585,142499840,249856
05/27/2026 13:25:10,45,53,0,55,60,53,53,53,53,70,12.0960007,5.03,1.30800009,1.39200008,0.978000045,0.314,0.678000033,3.28400016,2.046,0,3.36800027,3.364,3.11600018,55,44,45,44.5,1008,692,0,871,783,0,0,0,0,0,20,9.38,1.56,0,1.56,15.38,0,0,5.99,20,33.7221756,3544,294,4850,883,48.5,1.02176011,0.64375,3233,289,32.3333321,0.450404018,0.64375,3084,117,32.3333321,0.220678657,0.64375,3080,84,32.3333321,0.194177151,0.64375,3123,164,32.3333321,0.270838439,0.64375,4850,686,48.5,0.946969032,0.64375,3066,64,32.3333321,0.174487278,0.64375,3065,64,32.3333321,0.160955235,0.64375,55.0000076,49.7500038,99.99749,25.54269,11.3380737,69.2574844,9.539757,5.341007,64.10798,39,0.25,0,55,0,85,0.416,1.01,16,16,16,32,48,30,295,160,130,0,0,0,16,38.75,0.25,0,55,0,85,0.416,1.01,16,16,16,32,48,30,295,160,130,0,0,0,16,512,-1,485.785156,485.480469,0.3046875,0.5,7618.451,7618.951,0,0,0,0,0,0,0,0,0,0,0,0,512,600,1200,3000,53,1.04500008,1.30500007,0,5,15,38,2670,10451.9824,999,999,30,30,6,3,1,0,19.291,17.967,0.975,11397.9023,285.1875,5.691055,0,0,0,0.00312882569,0,0.729524553,0.7218121,0,0,0,0,0,0,47.125,44,16376,4676,11699,71.44175,53.649,175599616,99328
05/27/2026 13:25:12,45,53,0,55,60,53,53,53,53,70,12.12,5.03,1.30800009,1.39200008,0.982000053,0.328,0.676000059,3.288,2.046,0,3.36800027,3.36800027,3.11600018,55,44,44.5,44.5,1010,667,0,865,783,0,0,0,0,0,20.31,12.5,1.54,1.54,3.12,12.5,0,1.54,6.63,20.31,34.2540779,3752,342,4850,826,48.5,1.02857327,0.6125,4850,326,48.5,0.503273964,0.6125,3089,125,32.3333321,0.255645066,0.6125,3095,121,32.3333321,0.235459775,0.6125,3144,213,32.3333321,0.35200265,0.6125,4850,984,48.5,1.14374053,0.6125,3071,73,32.3333321,0.200016543,0.6125,3064,65,32.3333321,0.1889598,0.6375,55.1250076,49.7500038,99.9975,25.5426941,11.33807,69.25749,9.54594,5.33482361,64.1495361,39,0.25,0,55,0,85,0.416,1.01,16,16,16,32,48,30,295,160,130,0,0,0,16,38.75,0.25,0,55,0,85,0.416,1.01,16,16,16,32,48,30,295,160,130,0,0,0,16,512,-1,485.785156,485.480469,0.3046875,0.5,7618.451,7618.951,0,0,0,0,0,0,0,0,0,0,0,0,512,600,1200,3000,53,1.04500008,1.30500007,0,11,16,38,2670,10451.9824,999,1000,30,30,6,3,1,0,17.749,17.879,0.975,11397.9023,285.1875,5.608472,0,0,0,0.00306082866,0,0.7335451,0.723068058,0,0,0,0,0,0,47.09375,44,16376,4676,11699,71.44175,52.72,849920,47299584
05/27/2026 13:25:14,45,53,0,55,60,53,53,53,53,70,12.12,5.03,1.31000006,1.39200008,0.98,0.326,0.678000033,3.28400016,2.046,0,3.36800027,3.36800027,3.11600018,55,44,45,44.5,1003,667,0,849,782,0,0,0,0,0,6.25,3.12,0,3.08,3.12,14.06,0,0,3.7,14.06,34.1351852,3704,325,4850,855,48.5,1.01992178,0.65,4825,312,48.5,0.5141328,0.65,3023,137,32.3333321,0.250452,0.65,3020,100,32.3333321,0.203893319,0.65,3067,201,32.3333321,0.3159133,0.65,4850,845,48.5,1.06422,0.65,2982,72,32.3333321,0.185673386,0.65,3018,75,32.3333321,0.1831854,0.65,55.0000076,49.2500038,99.99749,25.5735321,11.3072319,69.34111,9.568798,5.311966,64.30314,39,0.25,0,55,0,85,0.416,1.01,16,16,16,32,48,30,295,160,130,0,0,0,16,38.75,0.25,0,55,0,85,0.416,1.01,16,16,16,32,48,30,295,160,130,0,0,0,16,512,-1,485.785156,485.480469,0.3046875,0.5,7618.451,7618.951,0,0,0,0,0,0,0,0,0,0,0,0,512,600,1200,3000,52,0.974000037,1.30500007,0,2,15,38,2670,10451.9824,1001,1000,30,30,6,3,1,0,18.332,24.025,0.975,11397.9023,285.1875,5.82818031,0,0,0,0.002915296,0,0.75402534,0.7482335,0,0,0,0,0,0,47.125,44,16376,4676,11699,71.44175,54.021,149504,4.744909E+07
05/27/2026 13:25:16,44,53,0,55,60,51,51,51,51,69,12.12,5.03,1.31000006,1.39200008,0.984,0.33,0.678000033,3.288,2.046,0,3.36800027,3.36800027,3.11600018,55,44,44.5,44.5,999,692,0,852,764,0,0,0,0,0,11.11,6.35,3.12,1.56,6.25,23.81,3.12,0,6.92,23.81,34.4812546,3882,376,4850,933,48.5,1.10809529,0.64375,4743,327,48.5,0.553679049,0.64375,2998,154,32.3333321,0.299592733,0.64375,2968,108,32.3333321,0.2391735,0.64375,4564,223,48.5,0.3743719,0.64375,4850,1085,48.5,1.22957885,0.64375,2976,86,32.3333321,0.217180535,0.64375,3104,90,32.3333321,0.215398982,0.64375,55.0000076,49.2500038,99.99749,25.55212,11.3286438,69.28306,9.553864,5.32690048,64.202774,39,0.25,0,55,0,85,0.416,1.01,16,16,16,32,48,30,295,160,130,0,0,0,16,38.75,0.25,0,55,0,85,0.416,1.01,16,16,16,32,48,30,295,160,130,0,0,0,16,512,-1,485.785156,485.480469,0.3046875,0.5,7618.451,7618.951,0,0,0,0,0,0,0,0,0,0,0,0,512,600,1200,3000,52,0.965000033,1.30500007,0,2,16,38,2670,10451.9824,1000,1000,30,30,6,3,1,0,19.633,19.802,0.975,11397.9023,285.1875,5.67471552,0,0,0,0.00325433584,0,0.7474091,0.7329107,0,0,0,0,0,0,47.15625,44,16376,4676,11699,71.44175,54.71,201949184,249856
05/27/2026 13:25:18,44,53,0,55,60,52,52,52,52,69,12.12,5.03,1.31000006,1.39200008,0.984,0.314,0.678000033,3.288,2.046,0,3.36800027,3.36800027,3.11600018,55,44.5,45,44.5,1008,667,0,866,779,0,0,0,0,0,15.38,6.15,1.54,0,3.08,12.31,0,0,4.81,15.38,33.964283,4281,319,4850,741,48.5,0.958868,0.65625,4850,301,48.5,0.473051816,0.65625,4664,127,48.5,0.245100826,0.65625,3728,96,38.8,0.2141769,0.65625,4793,207,48.5,0.339402676,0.65625,3880,952,38.8,1.14848554,0.64375,3724,69,38.8,0.186863154,0.64375,3758,58,38.8,0.177028775,0.64375,55.0000076,49.7500038,99.9975,25.5821953,11.2985687,69.3646,9.57502,5.305744,64.34495,39,0.25,0,55,0,85,0.416,1.01,16,16,16,32,48,30,295,160,130,0,0,0,16,38.75,0.25,0,55,0,85,0.416,1.01,16,16,16,32,48,30,295,160,130,0,0,0,16,512,-1,485.785156,485.480469,0.3046875,0.5,7618.451,7618.951,0,0,0,0,0,0,0,0,0,0,0,0,512,600,1200,3000,53,1.06000006,1.30500007,0,18,16,38,2670,10451.9824,1000,1001,30,30,6,3,1,0,17.706,17.448,0.975,11397.9023,284.957031,5.707059,0,0,0,0.00385333039,0,0.7259773,0.7186955,0,0,0,0,0,0,47.09375,44,16376,4676,11699,71.44175,52.876,899072,5.639987E+07
05/27/2026 13:25:20,45,53,0,55,60,52,52,52,52,70,12.12,5.03,1.31000006,1.39200008,0.996000051,0.326,0.678000033,3.288,2.046,0,3.36800027,3.36800027,3.11600018,55,44,44.5,44.5,1003,667,0,853,777,0,0,0,0,0,15.62,6.25,3.17,1.59,1.59,10.94,0,0,4.9,15.62,34.4729919,3566,373,4850,1028,48.5,1.17552531,0.64375,3233,366,32.3333321,0.6128972,0.64375,3143,161,32.3333321,0.30209735,0.64375,3089,111,32.3333321,0.252855718,0.65,3128,199,32.3333321,0.3528491,0.65,4850,933,48.5,1.14568007,0.65,3051,80,32.3333321,0.221571445,0.65,3188,107,32.3333321,0.239176482,0.65,55.0000076,49.7500038,99.99748,25.5526962,11.3280678,69.28462,9.55793,5.322834,64.2301,39,0.25,0,55,0,85,0.416,1.01,16,16,16,32,48,30,295,160,130,0,0,0,16,38.75,0.25,0,55,0,85,0.416,1.01,16,16,16,32,48,30,295,160,130,0,0,0,16,512,-1,485.785156,485.480469,0.3046875,0.5,7618.451,7618.951,0,0,0,0,0,0,0,0,0,0,0,0,512,600,1200,3000,52,0.965000033,1.30500007,0,0,15,37,2670,10451.9824,1001,1001,30,30,6,3,1,0,17.981,18.729,0.975,11397.9063,285.988281,5.547243,0,0,0,0.00238745566,0,0.6973921,0.689587,0,0,0.026404852,0,0,0,47.0625,44,16376,4676,11699,71.44175,52.75,749568,2399232
05/27/2026 13:25:22,44,53,0,55,60,51,51,51,51,69,12.12,5.03,1.30800009,1.39200008,0.988000035,0.318000019,0.678000033,3.28400016,2.046,0,3.36800027,3.36800027,3.11600018,54,44.5,45,44.5,995,692,0,849,760,0,0,0,0,0,20,10.77,1.56,1.56,4.69,16.92,3.12,1.56,7.52,20,34.6163864,4108,317,4850,803,48.5,1.00656724,0.65,4839,307,48.5,0.494446456,0.65,3038,125,32.3333321,0.2413102,0.65,3107,100,32.3333321,0.231630027,0.65,3096,185,32.3333321,0.3250503,0.65,4850,879,48.5,1.07022166,0.64375,4580,73,48.5,0.1920322,0.64375,4503,61,48.5,0.163432941,0.64375,54.8750076,58.5000038,99.99749,25.54601,11.3347549,69.26649,9.55281448,5.32794952,64.1957245,39,0.25,0,55,0,85,0.416,1.01,16,16,16,32,48,30,295,160,130,0,0,0,16,38.75,0.25,0,55,0,85,0.416,1.01,16,16,16,32,48,30,295,160,130,0,0,0,16,512,-1,485.785156,485.480469,0.3046875,0.5,7618.451,7618.951,0,0,0,0,0,0,0,0,0,0,0,0,512,600,1200,3000,53,0.969000041,1.30500007,0,0,15,37,2670,10451.9824,997,999,30,30,6,3,1,0,18.498,20.408,0.975,11397.9063,286.175781,5.70580435,0,0,0,0.00210337364,0,0.7244058,0.7185675,0,0,0,0,0,0,47.15625,44,16376,4676,11699,71.44175,54.564,799744,149504
05/27/2026 13:25:24,44,53,0,54,59,51,51,51,51,69,12.12,5.03,1.30800009,1.39200008,0.984,0.326,0.678000033,3.288,2.046,0,3.36800027,3.36800027,3.11600018,54,44.5,45,44.5,993,667,0,868,762,0,0,0,0,0,10.77,1.54,0,0,3.08,16.92,0,0,4.04,16.92,34.32093,3490,360,4850,994,48.5,1.144376,0.65625,3220,349,32.3333321,0.5412708,0.65625,2999,152,32.3333321,0.2858076,0.65625,3027,109,32.3333321,0.239589989,0.65625,3044,215,32.3333321,0.369531184,0.65625,4850,928,48.5,1.16476357,0.65625,2970,72,32.3333321,0.200209126,0.65625,2958,62,32.3333321,0.194011018,0.65625,54.7500076,49.7500038,99.99749,25.5537033,11.3270607,69.2873459,9.556656,5.324108,64.22154,39,0.25,0,55,0,85,0.416,1.01,16,16,16,32,48,30,295,160,130,0,0,0,16,38.75,0.25,0,55,0,85,0.416,1.01,16,16,16,32,48,30,295,160,130,0,0,0,16,512,-1,485.785156,485.480469,0.3046875,0.5,7618.451,7618.951,0,0,0,0,0,0,0,0,0,0,0,0,512,600,1200,3000,52,0.995000064,1.30500007,0,4,16,37,2670,10451.9824,1001,1000,30,30,6,3,1,0,18.138,19.041,0.975,11397.9063,286.175781,5.730775,0,0,0,0.00221196818,0,0.7185737,0.7188107,0,0,0,0,0,0,47.1875,44,16376,4676,11699,71.44175,54.525,899072,5.844992E+07
05/27/2026 13:25:26,44,53,0,54,59,51,51,51,51,69,12.12,5.03,1.31000006,1.39200008,0.986000061,0.314,0.678000033,3.288,2.046,0,3.36800027,3.36800027,3.11600018,54,44.5,44.5,44.5,988,667,0,860,772,0,0,0,0,0,16.92,9.23,1.54,1.54,4.62,18.46,1.54,3.12,7.12,18.46,33.9401665,3602,343,4850,923,48.5,1.09289289,0.625,3233,339,32.3333321,0.6017947,0.625,3090,130,32.3333321,0.2659597,0.625,3044,115,32.3333321,0.224531919,0.625,3268,212,33.6666679,0.357064456,0.63125,5050,891,50.5,1.09217572,0.55,3151,75,33.6666679,0.199169368,0.55,3132,58,33.6666679,0.179863855,0.55,54.7500076,49.2500038,99.9975,25.5435333,11.3372307,69.25977,9.54711151,5.3336525,64.1574,39,0.25,0,55,0,85,0.416,1.01,16,16,16,32,48,30,295,160,130,0,0,0,16,38.75,0.25,0,55,0,85,0.416,1.01,16,16,16,32,48,30,295,160,130,0,0,0,16,512,-1,485.785156,485.480469,0.3046875,0.5,7618.451,7618.951,0,0,0,0,0,0,0,0,0,0,0,0,512,600,1200,3000,52,1.069,1.30500007,0,24,16,37,2670,10451.9824,999,1000,30,30,6,3,1,0,17.713,23.398,0.975,11397.9063,286.175781,5.806163,0,0,0,0.003062111,0,0.7355671,0.729372859,0,0,0,0,0,0,47.03125,44,16376,4676,11699,71.44175,52.66,949248,5.339955E+07
05/27/2026 13:25:28,44,53,0,54,59,51,51,51,51,69,12.12,5.03,1.30800009,1.39200008,0.986000061,0.326,0.678000033,3.28400016,2.046,0,3.36800027,3.364,3.11600018,54,44.5,45,44.5,980,692,0,839,768,0,0,0,0,0,12.31,6.15,3.08,3.08,1.54,15.38,1.54,1.54,5.58,15.38,34.39841,4106,316,4850,786,48.5,1.01511538,0.61875,4837,305,48.5,0.5265013,0.61875,4544,128,48.5,0.236986846,0.61875,2974,100,32.3333321,0.210508645,0.61875,4556,179,48.5,0.3090094,0.61875,5050,931,50.5,1.10854268,0.64375,3028,52,33.6666679,0.175879478,0.64375,3013,47,33.6666679,0.1635921,0.55,54.7500076,49.2500038,99.99748,25.54359,11.3371735,69.25993,9.546555,5.33420944,64.153656,39,0.25,0,55,0,85,0.416,1.01,16,16,16,32,48,30,295,160,130,0,0,0,16,38.75,0.25,0,55,0,85,0.416,1.01,16,16,16,32,48,30,295,160,130,0,0,0,16,512,-1,485.785156,485.480469,0.3046875,0.5,7618.451,7618.951,0,0,0,0,0,0,0,0,0,0,0,0,512,600,1200,3000,52,0.974000037,1.30500007,0,5,16,38,2670,10451.9824,1001,999,30,30,6,3,1,0,18.127,23.945,0.975,11397.9063,286.175781,5.729779,0,0,0,0.00283513567,0,0.7373957,0.734811,0,0,0,0,0,0,47.125,44,16376,4676,11699,71.44175,53.262,899072,5.12E+07
05/27/2026 13:25:30,44,53,0,54,59,51,51,51,51,69,12.0960007,5.03,1.30800009,1.39200008,0.984,0.322000027,0.676000059,3.28400016,2.046,0,3.364,3.364,3.11600018,54,44,45,44.5,980,666,0,861,748,0,0,0,0,0,19.05,4.76,7.94,7.81,4.76,23.81,4.69,4.69,9.69,23.81,34.55953,4111,383,4040,941,40.4,1.13687408,0.55625,4040,393,40.4,0.60595423,0.55625,3931,171,40.4,0.303584456,0.55625,3919,118,40.4,0.246374831,0.55625,3996,216,40.4,0.37338078,0.55625,5050,1041,50.5,1.2235018,0.55625,4040,115,40.4,0.243596435,0.56875,3869,67,40.4,0.19828324,0.56875,54.7500076,49.7500038,99.99749,25.5013657,11.3793983,69.14544,9.518818,5.361946,63.96727,39,0.25,0,55,0,85,0.416,1.01,16,16,16,32,48,30,295,160,130,0,0,0,16,38.75,0.25,0,55,0,85,0.416,1.01,16,16,16,32,48,30,295,160,130,0,0,0,16,512,-1,485.785156,485.480469,0.3046875,0.5,7618.451,7618.951,0,0,0,0,0,0,0,0,0,0,0,0,512,600,1200,3000,52,0.965000033,1.30500007,0,2,16,37,2670,10451.9824,999,1001,30,30,6,3,1,0,18.376,24.256,0.975,11398.2813,286.175781,5.718294,0,0,0,0.00314063812,0,0.7305523,0.7254375,0,0,0.0161518529,0,0,0,47.1875,44,16376,4676,11699,71.44404,54.849,899072,4.699955E+07
05/27/2026 13:25:32,44,53,0,54,59,51,51,51,51,69,12.12,5.03,1.30800009,1.39200008,0.9760001,0.320000023,0.678000033,3.288,2.046,0,3.36800027,3.36800027,3.11600018,54,44.5,45,44.5,989,692,0,843,767,0,0,0,0,0,10.94,4.69,3.12,1.56,4.69,17.19,0,0,5.27,17.19,33.8608475,3879,318,4850,851,48.5,1.01172268,0.65,4799,294,48.5,0.4854085,0.65,3201,129,33.6666679,0.2531715,0.64375,3147,99,33.6666679,0.2277412,0.64375,3813,190,40.4,0.3235445,0.64375,5050,835,50.5,1.04027,0.54375,3150,86,33.6666679,0.202811092,0.54375,3025,60,33.6666679,0.173779771,0.54375,54.7500076,49.2500038,99.99749,25.4940681,11.3866959,69.1256561,9.508652,5.37211227,63.89895,39,0.25,0,55,0,85,0.416,1.01,16,16,16,32,48,30,295,160,130,0,0,0,16,38.75,0.25,0,55,0,85,0.416,1.01,16,16,16,32,48,30,295,160,130,0,0,0,16,512,-1,485.785156,485.480469,0.3046875,0.5,7618.451,7618.951,0,0,0,0,0,0,0,0,0,0,0,0,512,600,1200,3000,52,0.969000041,1.30500007,0,4,16,37,2670,10451.9824,999,1000,30,30,6,3,1,0,17.905,23.489,0.975,11398.2813,286.175781,5.780535,0,0,0,0.00293943821,0,0.73508954,0.7245715,0,0,0,0,0,0,47.1875,44,16376,4676,11699,71.44404,53.832,899072,4.639949E+07
05/27/2026 13:25:34,44,53,0,54,59,51,51,51,51,69,12.0960007,5.03,1.30800009,1.39200008,0.98,0.328,0.678000033,3.28400016,2.046,0,3.36800027,3.364,3.11600018,54,44,44.5,44.5,979,691,0,855,748,0,0,0,0,0,10.94,3.12,6.25,1.56,1.56,17.19,4.69,3.12,6.05,17.19,33.90379,3522,333,4850,859,48.5,1.0322305,0.65,3214,305,32.3333321,0.470895737,0.65,3063,148,32.3333321,0.268284678,0.65,2994,104,32.3333321,0.219534874,0.65,3093,194,32.3333321,0.3170651,0.65,4850,874,48.5,1.084702,0.65,3091,110,32.3333321,0.2153537,0.65,3022,69,32.3333321,0.183788091,0.65,54.8750076,49.2500038,99.99749,25.49789,11.3828735,69.13602,9.510967,5.36979675,63.91451,39,0.25,0,55,0,85,0.416,1.01,16,16,16,32,48,30,295,160,130,0,0,0,16,38.75,0.25,0,55,0,85,0.416,1.01,16,16,16,32,48,30,295,160,130,0,0,0,16,512,-1,485.785156,485.480469,0.3046875,0.5,7618.451,7618.951,0,0,0,0,0,0,0,0,0,0,0,0,512,600,1200,3000,53,1.04500008,1.30500007,0,5,15,37,2670,10451.9824,1001,999,30,30,6,3,1,0,17.663,17.489,0.975,11398.2813,286.175781,5.510436,0,0,0,0.004078447,0,0.7052719,0.6996653,0,0,0,0,0,0,47.09375,44,16376,4676,11699,71.44404,52.685,849920,4.669952E+07
05/27/2026 13:25:36,44,53,0,54,59,51,51,51,51,69,12.12,5.03,1.30800009,1.39200008,0.978000045,0.328,0.678000033,3.28400016,2.046,0,3.36800027,3.36800027,3.11600018,54,44,44.5,44.5,986,666,0,844,749,0,0,0,0,0,9.38,6.25,1.54,0,1.54,23.44,0,0,5.27,23.44,35.0831566,3850,320,4040,744,40.4,0.9696996,0.54375,4040,306,40.4,0.5790739,0.54375,3785,126,40.4,0.238850519,0.54375,3747,86,40.4,0.2011486,0.54375,3793,174,40.4,0.319798321,0.54375,4040,1006,40.4,1.1719079,0.54375,3700,65,40.4,0.175901368,0.54375,3653,49,40.4,0.155964613,0.54375,54.7500076,49.7500038,99.99749,25.520565,11.360199,69.1974945,9.526283,5.35448074,64.01743,39,0.25,0,55,0,85,0.416,1.01,16,16,16,32,48,30,295,160,130,0,0,0,16,38.75,0.25,0,55,0,85,0.416,1.01,16,16,16,32,48,30,295,160,130,0,0,0,16,512,-1,485.785156,485.480469,0.3046875,0.5,7618.451,7618.951,0,0,0,0,0,0,0,0,0,0,0,0,512,600,1200,3000,53,0.974000037,1.30500007,0,0,15,37,2670,10451.9824,999,1001,30,30,6,3,1,0,18.189,23.905,0.975,11398.2813,286.175781,5.7459836,0,0,0,0.00293882843,0,0.736518741,0.7331169,0,0,0,0,0,0,47.09375,44,16376,4676,11699,71.44404,53.431,899072,46649344
05/27/2026 13:25:38,44,53,0,54,59,51,51,51,51,69,12.12,5.03,1.30800009,1.39200008,0.986000061,0.316,0.676000059,3.28400016,2.046,0,3.36800027,3.36800027,3.11600018,55,44.5,45,44.5,977,691,0,845,748,0,0,0,0,0,13.85,7.69,1.54,1.54,0,20,0,0,5.58,20,34.6697578,4084,401,4150,1036,41.5,1.20883858,0.64375,4150,406,41.5,0.6566534,0.64375,4106,175,41.5,0.315219432,0.64375,4026,131,41.5,0.264230043,0.64375,3997,228,41.5,0.3879243,0.64375,4150,1036,41.5,1.24019706,0.64375,3954,88,41.5,0.2235285,0.64375,4139,109,41.5,0.242874473,0.64375,54.7500076,49.7500038,99.99749,25.4991837,11.38158,69.13952,9.513313,5.36745071,63.930275,39,0.25,0,55,0,85,0.416,1.01,16,16,16,32,48,30,295,160,130,0,0,0,16,38.75,0.25,0,55,0,85,0.416,1.01,16,16,16,32,48,30,295,160,130,0,0,0,16,512,-1,485.785156,485.480469,0.3046875,0.5,7618.451,7618.951,0,0,0,0,0,0,0,0,0,0,0,0,512,600,1200,3000,53,0.965000033,1.30500007,0,2,15,37,2670,10451.9824,999,999,30,30,6,3,1,0,18.356,23.749,0.975,11398.6563,286.175781,6.02402639,0,0,0,0.00305810617,0,0.772491336,0.764192164,0,0,0.0218197349,0,0,0,47.15625,44,16376,4675,11700,71.44633,54.534,899072,5.174989E+07
05/27/2026 13:25:40,45,53,0,54,59,53,53,53,53,70,12.12,5.03,1.30800009,1.39200008,0.982000053,0.314,0.678000033,3.28400016,2.046,0,3.36800027,3.36800027,3.11600018,55,44,45,44.5,997,666,0,854,768,0,0,0,0,0,12.5,6.25,1.56,1.56,6.25,20.31,0,1.56,6.25,20.31,33.8108673,3847,291,4040,699,40.4,0.9023489,0.525,3990,275,40.4,0.429679126,0.525,3808,124,40.4,0.239581883,0.525,3730,94,40.4,0.197544917,0.525,3770,182,40.4,0.302102953,0.525,4040,812,40.4,1.02660179,0.525,3688,85,40.4,0.183970377,0.54375,3707,59,40.4,0.158468336,0.54375,55.0000076,49.7500038,99.99749,25.5233,11.3574638,69.20491,9.527466,5.353298,64.0253754,39,0.25,0,55,0,85,0.416,1.01,16,16,16,32,48,30,295,160,130,0,0,0,16,38.75,0.25,0,55,0,85,0.416,1.01,16,16,16,32,48,30,295,160,130,0,0,0,16,512,-1,485.785156,485.480469,0.3046875,0.5,7618.451,7618.951,0,0,0,0,0,0,0,0,0,0,0,0,512,600,1200,3000,53,0.969000041,1.30500007,0,8,16,37,2670,10451.9824,1000,1000,30,30,6,3,1,0,17.673,23.034,0.975,11398.6563,286.175781,5.703669,0,0,0,0.002226389,0,0.7254634,0.722877562,0,0,0,0,0,0,47.09375,46,16376,4675,11700,71.44633,53.113,849920,4.659917E+07
05/27/2026 13:25:42,44,53,0,54,59,51,51,51,51,69,12.0960007,5.03,1.31000006,1.39200008,0.9760001,0.318000019,0.678000033,3.28400016,2.046,0,3.36800027,3.36800027,3.11600018,55,44.5,44.5,44.5,995,666,0,840,751,0,0,0,0,0,18.75,3.12,3.12,0,4.69,12.5,0,0,5.27,18.75,34.3973122,4072,327,4040,904,40.4,1.045471,0.61875,3972,304,40.4,0.489385545,0.61875,3731,132,40.4,0.242129773,0.61875,3695,93,40.4,0.208214566,0.61875,4801,190,50.5,0.3093562,0.61875,5050,854,50.5,1.10861659,0.53125,3673,81,40.4,0.187045589,0.53125,3618,58,40.4,0.171860963,0.53125,54.8750076,49.7500038,99.99748,25.4991074,11.3816566,69.13931,9.521,5.359764,63.981926,39,0.25,0,55,0,85,0.416,1.01,16,16,16,32,48,30,295,160,130,0,0,0,16,38.75,0.25,0,55,0,85,0.416,1.01,16,16,16,32,48,30,295,160,130,0,0,0,16,512,-1,485.785156,485.480469,0.3046875,0.5,7618.451,7618.951,0,0,0,0,0,0,0,0,0,0,0,0,512,600,1200,3000,53,1.05500007,1.30500007,0,11,16,37,2670,10451.9824,1000,1001,30,30,6,3,1,0,17.842,23.365,0.975,11398.6563,286.175781,5.758077,0,0,0,0.00307982275,0,0.734684169,0.7291001,0,0,0,0,0,0,47.125,44,16376,4675,11700,71.44633,52.707,849920,46849024
05/27/2026 13:25:44,45,53,0,55,60,53,53,53,53,70,12.12,5.03,1.31000006,1.39200008,0.9760001,0.316,0.676000059,3.28400016,2.046,0,3.36800027,3.36800027,3.11600018,55,44.5,45,44.5,1003,692,0,841,771,0,0,0,0,0,14.29,11.11,3.17,3.17,6.35,20.63,3.17,6.35,8.53,20.63,33.64425,4021,290,4850,714,48.5,0.9230711,0.64375,4717,267,48.5,0.425030679,0.64375,4427,121,48.5,0.226501971,0.64375,2951,89,32.3333321,0.20018594,0.64375,4515,170,48.5,0.277863622,0.64375,4850,815,48.5,1.01523173,0.64375,2913,79,32.3333321,0.1762191,0.64375,2945,61,32.3333321,0.18203105,0.64375,54.8750076,49.7500038,99.9975,25.52193,11.3588333,69.2012,9.52961,5.35115433,64.03979,39,0.25,0,55,0,85,0.416,1.01,16,16,16,32,48,30,295,160,130,0,0,0,16,38.75,0.25,0,55,0,85,0.416,1.01,16,16,16,32,48,30,295,160,130,0,0,0,16,512,-1,485.785156,485.480469,0.3046875,0.5,7618.451,7618.951,0,0,0,0,0,0,0,0,0,0,0,0,512,600,1200,3000,53,0.955000043,1.30500007,0,4,15,37,2670,10451.9824,999,1000,30,30,6,3,1,0,18.426,24.574,0.975,11398.6563,286.175781,5.40357637,0,0,0,0.00153938239,0,0.692985356,0.6874254,0,0,0,0,0,0,47.0625,44,16376,4675,11700,71.44633,54.12,849920,4.679987E+07
05/27/2026 13:25:46,44,53,0,55,60,51,51,51,51,69,12.0960007,5.03,1.30800009,1.39200008,0.974000037,0.322000027,0.678000033,3.28400016,2.046,0,3.36800027,3.364,3.11600018,54,44,44.5,44.5,1004,667,0,849,756,0,0,0,0,0,20,6.15,1.56,3.12,3.08,6.15,0,0,5.01,20,34.56922,3886,339,4850,1053,48.5,1.14610648,0.65,3880,322,38.8,0.536755145,0.65,3704,143,38.8,0.2756536,0.65,3657,107,38.8,0.22719653,0.65,3797,219,38.8,0.361102045,0.65,3880,726,38.8,1.012529,0.65,3685,77,38.8,0.207187489,0.65,3638,67,38.8,0.194066808,0.65,54.8750076,49.7500038,99.99749,25.4987411,11.3820229,69.13832,9.506016,5.374748,63.8812332,39,0.25,0,55,0,85,0.416,1.01,16,16,16,32,48,30,295,160,130,0,0,0,16,38.75,0.25,0,55,0,85,0.416,1.01,16,16,16,32,48,30,295,160,130,0,0,0,16,512,-1,485.785156,485.480469,0.3046875,0.5,7618.451,7618.951,0,0,0,0,0,0,0,0,0,0,0,0,512,600,1200,3000,53,0.969000041,1.30500007,0,2,15,37,2670,10451.9824,1001,999,30,30,6,3,1,0,18.063,19.412,0.975,11398.6563,286.175781,5.930073,0,0,0,0.00282229576,0,0.761502266,0.7510627,0,0,0,0,0,0,47.125,44,16376,4675,11700,71.44633,54.267,1.716992E+08,249856
05/27/2026 13:25:48,44,53,0,54,59,51,51,51,51,69,12.12,5.04,1.312,1.396,0.978000045,0.320000023,0.678000033,3.292,2.046,0,3.37200022,3.37200022,3.12000012,54,44.5,44.5,44.5,990,667,0,843,755,0,0,0,0,0,21.88,3.12,1.54,0,4.62,23.44,1.56,0,7.02,23.44,34.4921379,3802,380,4040,957,40.4,1.15292573,0.55,4040,356,40.4,0.641619146,0.55,3850,146,40.4,0.281575948,0.55,3166,112,33.6666679,0.236101121,0.55,3982,242,40.4,0.394327968,0.55,5050,1090,50.5,1.24391222,0.55625,3141,72,33.6666679,0.192131475,0.55625,3143,63,33.6666679,0.178447977,0.55625,54.7500076,49.7500038,99.99749,25.49326,11.3875046,69.12346,9.514717,5.366047,63.93971,39,0.25,0,55,0,85,0.416,1.01,16,16,16,32,48,30,295,160,130,0,0,0,16,38.75,0.25,0,55,0,85,0.416,1.01,16,16,16,32,48,30,295,160,130,0,0,0,16,512,-1,485.785156,485.480469,0.3046875,0.5,7618.451,7618.951,0,0,0,0,0,0,0,0,0,0,0,0,512,600,1200,3000,52,0.960000038,1.30500007,0,2,16,37,2670,10451.9824,1000,1002,30,30,6,3,1,0,17.727,23.149,0.975,11398.6563,286.175781,5.718733,0,0,0,0.003937766,0,0.7589421,0.8010513,0,0,0,0,0,0,47.09375,44,16376,4675,11700,71.44633,52.674,899072,5.194957E+07
05/27/2026 13:25:50,44,53,0,54,59,51,51,51,51,69,12.12,5.04,1.31000006,1.39200008,0.9760001,0.312,0.678000033,3.292,2.046,0,3.37200022,3.37200022,3.12000012,54,44.5,45,44.5,978,691,0,858,770,0,0,0,0,0,15.87,3.12,3.12,0,3.12,21.88,1.56,0,6.09,21.88,34.2323074,3645,278,4850,714,48.5,0.9003444,0.64375,3141,262,32.3333321,0.4333609,0.64375,2996,111,32.3333321,0.221651822,0.64375,2940,73,32.3333321,0.1833986,0.65,4527,165,48.5,0.2865584,0.65,4850,790,48.5,0.990371048,0.65,2949,61,32.3333321,0.166099489,0.65,2904,49,32.3333321,0.148061469,0.65,54.7500076,49.2500038,99.99748,25.52182,11.3589439,69.2009,9.53018951,5.35057449,64.0436859,39,0.25,0,55,0,85,0.416,1.01,16,16,16,32,48,30,295,160,130,0,0,0,16,38.75,0.25,0,55,0,85,0.416,1.01,16,16,16,32,48,30,295,160,130,0,0,0,16,512,-1,485.785156,485.480469,0.3046875,0.5,7618.451,7618.951,0,0,0,0,0,0,0,0,0,0,0,0,512,600,1200,3000,52,0.965000033,1.30500007,0,4,15,37,2670,10451.9824,1000,999,30,30,6,3,1,0,18.074,22.962,0.975,11398.6563,286.175781,5.33875275,0,0,0,0.00385297462,0,0.6966888,0.6824328,0,0,0,0,0,0,47.09375,44,16376,4675,11700,71.44633,53.013,899072,4.669952E+07
05/27/2026 13:25:52,44,53,0,54,59,51,51,51,51,69,12.12,5.04,1.312,1.396,0.984,0.322000027,0.678000033,3.292,2.046,0,3.37600017,3.37600017,3.124,55,44.5,44.5,44.5,984,667,0,838,750,0,0,0,0,0,23.44,9.38,1.56,1.56,4.69,23.44,1.56,0,8.2,23.44,34.5117874,4009,350,4850,938,48.5,1.13420451,0.64375,3880,330,38.8,0.5590971,0.64375,3654,131,38.8,0.272220671,0.64375,3654,98,38.8,0.2394239,0.64375,3698,204,38.8,0.36181438,0.64375,4850,939,48.5,1.17415416,0.64375,3608,72,38.8,0.205637932,0.64375,3880,90,38.8,0.216431081,0.64375,55.0000076,49.7500038,99.99749,25.5297966,11.3509674,69.22253,9.535629,5.34513474,64.08024,39,0.25,0,55,0,85,0.416,1.01,16,16,16,32,48,30,295,160,130,0,0,0,16,38.75,0.25,0,55,0,85,0.416,1.01,16,16,16,32,48,30,295,160,130,0,0,0,16,512,-1,485.785156,485.480469,0.3046875,0.5,7618.451,7618.951,0,0,0,0,0,0,0,0,0,0,0,0,512,600,1200,3000,52,0.969000041,1.30500007,0,3,16,37,2670,10451.9824,1001,1000,30,30,6,3,1,0,18.26,24.276,0.975,11398.6563,286.175781,5.840184,0,0,0,0.00224400638,0,0.793955,0.7796741,0,0,0,0,0,0,47.09375,44,16376,4675,11700,71.44633,54.349,849920,4.649984E+07
05/27/2026 13:25:54,45,53,0,54,59,53,53,53,53,70,12.144001,5.04,1.312,1.39200008,0.988000035,0.328,0.678000033,3.292,2.046,0,3.37600017,3.37200022,3.124,55,45,44.5,44.5,995,693,0,858,750,0,0,0,0,0,25.4,9.52,4.76,4.76,4.76,20.63,6.35,3.17,9.92,25.4,34.414257,4612,367,4850,1078,48.5,1.18420136,0.65,4850,392,48.5,0.6021436,0.65,4494,151,48.5,0.286425829,0.65,4533,118,48.5,0.2481138,0.65,4538,194,48.5,0.370504618,0.65,4850,856,48.5,1.09843314,0.65,4394,77,48.5,0.212095529,0.65,4391,68,48.5,0.203354433,0.65,55.1250076,49.2500038,99.99749,25.521347,11.359417,69.1996155,9.530972,5.34979248,64.0489349,39,0.25,0,55,0,85,0.416,1.01,16,16,16,32,48,30,295,160,130,0,0,0,16,38.75,0.25,0,55,0,85,0.416,1.01,16,16,16,32,48,30,295,160,130,0,0,0,16,512,-1,485.785156,485.480469,0.3046875,0.5,7618.451,7618.951,0,0,0,0,0,0,0,0,0,0,0,0,512,600,1200,3000,53,0.965000033,1.30500007,0,1,15,37,2670,10451.9824,1000,1000,30,30,6,3,1,0,17.995,23.366,0.975,11398.6563,286.175781,5.4709034,0,0,0,0.004002436,0,0.701543748,0.691903353,0,0,0,0,0,0,47.15625,44,16376,4675,11700,71.44633,53.956,899072,4.959949E+07
05/27/2026 13:25:56,45,54,0,55,60,53,53,53,53,70,12.144001,5.04,1.312,1.396,0.988000035,0.33,0.678000033,3.292,2.046,0,3.37600017,3.37200022,3.124,55,45,45,44.5,1005,702,0,843,752,0,0,0,0,0,13.85,3.08,1.54,0,1.54,6.15,0,1.54,3.46,13.85,33.83516,4514,313,4850,1002,48.5,1.07519209,0.6375,4850,305,48.5,0.495178,0.6375,4567,144,48.5,0.259788662,0.6375,4516,97,48.5,0.211317137,0.6375,4684,218,48.5,0.3449772,0.6375,5050,594,50.5,0.929016948,0.54375,3835,82,40.4,0.20364213,0.54375,3757,64,40.4,0.177925155,0.54375,55.0000076,49.7500038,99.9975,25.4914055,11.3893585,69.11843,9.51366,5.36710358,63.93261,39,0.25,0,55,0,85,0.416,1.01,16,16,16,32,48,30,295,160,130,0,0,0,16,38.75,0.25,0,55,0,85,0.416,1.01,16,16,16,32,48,30,295,160,130,0,0,0,16,512,-1,485.785156,485.480469,0.3046875,0.5,7618.451,7618.951,0,0,0,0,0,0,0,0,0,0,0,0,512,600,1200,3000,53,0.935000062,1.30500007,0,6,16,37,2670,10451.9824,999,1001,30,30,6,3,1,0,17.789,22.862,0.975,11398.6563,286.175781,6.10403061,0,0,0,0.002890655,0,0.72824645,0.7679805,0,0,0,0,0,0,47.15625,44,16376,4675,11700,71.44633,52.759,849920,53899264
05/27/2026 13:25:58,45,54,0,55,60,53,53,53,53,70,12.144001,5.04,1.312,1.396,0.984,0.314,0.676000059,3.292,2.046,0,3.37600017,3.37200022,3.124,55,45,45,44.5,998,707,0,855,761,0,0,0,0,0,20.63,9.52,1.56,1.56,1.56,14.29,1.56,1.56,6.53,20.63,34.3299942,3689,322,4850,1094,48.5,1.154653,0.65,4850,319,48.5,0.498190582,0.65,3054,139,32.3333321,0.267107874,0.64375,2952,105,32.3333321,0.228149161,0.64375,3066,199,32.3333321,0.355983466,0.64375,4850,587,48.5,0.9445862,0.64375,2942,69,32.3333321,0.202864781,0.64375,2945,62,32.3333321,0.1838045,0.64375,55.0000076,49.2500038,99.99748,25.4933624,11.3874016,69.12374,9.509747,5.37101746,63.9063072,39,0.25,0,55,0,85,0.416,1.01,16,16,16,32,48,30,295,160,130,0,0,0,16,38.75,0.25,0,55,0,85,0.416,1.01,16,16,16,32,48,30,295,160,130,0,0,0,16,512,-1,485.785156,485.480469,0.3046875,0.5,7618.451,7618.951,0,0,0,0,0,0,0,0,0,0,0,0,512,600,1200,3000,53,1.03000009,1.30500007,0,4,16,37,2670,10451.9824,1001,1000,30,30,6,3,1,0,18.253,23.514,0.975,11399.0313,286.175781,5.4338913,0,0,0,0.00214306219,0,0.6933263,0.6832204,0,0,0,0,0,0,47.09375,44,16376,4675,11700,71.448616,53.62,849920,4.719923E+07
05/27/2026 13:26:00,44,54,0,55,60,51,51,51,51,69,12.144001,5.04,1.312,1.396,0.992000043,0.322000027,0.678000033,3.292,2.046,0,3.37600017,3.37600017,3.124,54,45,45,44.5,998,682,0,853,763,0,0,0,0,0,17.19,10.94,3.12,3.12,4.69,15.62,1.54,3.12,7.42,17.19,35.11885,4079,351,5050,1100,50.5,1.131912,0.5375,4040,338,40.4,0.5183232,0.5375,3952,180,40.4,0.2782901,0.5375,3914,128,40.4,0.243590489,0.5375,3855,193,40.4,0.324777275,0.5375,4040,693,40.4,1.00912189,0.5375,3807,81,40.4,0.19731544,0.5375,3975,96,40.4,0.204408139,0.5375,55.0000076,49.7500038,99.99749,25.5326614,11.3481026,69.23029,9.54295,5.33781433,64.12943,39,0.25,0,55,0,85,0.416,1.01,16,16,16,32,48,30,295,160,130,0,0,0,16,38.75,0.25,0,55,0,85,0.416,1.01,16,16,16,32,48,30,295,160,130,0,0,0,16,512,-1,485.785156,485.480469,0.3046875,0.5,7618.451,7618.951,0,0,0,0,0,0,0,0,0,0,0,0,512,600,1200,3000,52,0.969000041,1.30500007,0,0,16,37,2670,10451.9824,999,1000,30,30,6,3,1,0,18.38,21.892,0.975,11399.0313,286.175781,6.152508,0,0,0,0.002802758,0,0.7582645,0.7635246,0,0,0,0,0,0,47.15625,44,16376,4675,11700,71.448616,54.457,899072,4.699955E+07
05/27/2026 13:26:02,44,54,0,54,59,51,51,51,51,69,12.144001,5.04,1.312,1.396,1.00200009,0.316,0.676000059,3.292,2.046,0,3.37600017,3.37600017,3.124,55,45,45,44.5,994,683,0,852,762,0,0,0,0,0,17.19,3.12,1.56,0,3.12,12.5,0,0,4.69,17.19,34.33357,3797,359,4900,1075,49,1.16818154,0.49375,3920,348,39.2,0.5639034,0.49375,3167,137,32.6666679,0.274438679,0.49375,3160,105,32.6666679,0.228581831,0.49375,3187,194,32.6666679,0.342681855,0.49375,3920,813,39.2,1.10430574,0.49375,3125,74,32.6666679,0.205309823,0.49375,5000,125,50,0.239870027,0.525,55.0000076,56.8750038,99.99749,25.5043221,11.376442,69.15346,9.52076,5.36000443,63.9803162,39,0.25,0,55,0,85,0.416,1.01,16,16,16,32,48,30,295,160,130,0,0,0,16,38.75,0.25,0,55,0,85,0.416,1.01,16,16,16,32,48,30,295,160,130,0,0,0,16,512,-1,485.785156,485.480469,0.3046875,0.5,7618.451,7618.951,0,0,0,0,0,0,0,0,0,0,0,0,512,600,1200,3000,52,0.969000041,1.30500007,0,0,15,37,2670,10451.9824,1000,1000,30,30,6,3,1,0,17.701,19.655,0.975,11399.0313,286.40625,5.64184332,0,0,0,0.00290785753,0,0.725745261,0.7236668,0,0,0,0,0,0,47.125,44,16376,4675,11700,71.448616,53.347,899072,4.734976E+07
05/27/2026 13:26:04,45,54,0,55,60,53,53,53,53,70,12.12,5.04,1.312,1.39200008,0.986000061,0.318000019,0.678000033,3.292,2.046,0,3.37600017,3.37200022,3.124,54,45,45,44.5,1009,710,0,865,759,0,0,0,0,0,22.22,4.76,1.59,1.59,1.59,4.76,0,0,4.56,22.22,33.7138023,4157,300,4850,1051,48.5,1.10052621,0.65625,4843,293,48.5,0.491353273,0.65625,3598,135,38.8,0.232488215,0.65625,3553,98,38.8,0.2101386,0.65625,4509,167,48.5,0.2881624,0.65625,4850,534,48.5,0.890977144,0.65625,3547,62,38.8,0.178884745,0.65625,3506,59,38.8,0.160513133,0.65625,54.8750076,49.2500038,99.99748,25.5248718,11.3558922,69.2091751,9.537415,5.34334946,64.09224,39,0.25,0,55,0,85,0.416,1.01,16,16,16,32,48,30,295,160,130,0,0,0,16,38.75,0.25,0,55,0,85,0.416,1.01,16,16,16,32,48,30,295,160,130,0,0,0,16,512,-1,485.785156,485.480469,0.3046875,0.5,7618.451,7618.951,0,0,0,0,0,0,0,0,0,0,0,0,512,600,1200,3000,53,1.05500007,1.30500007,0,5,15,37,2670,10451.9824,1001,1001,30,30,6,3,1,0,17.848,20.139,0.975,11399.0313,286.40625,5.41411257,0,0,0,0.00216230261,0,0.687096953,0.6791348,0,0,0,0,0,0,47.1875,44,16376,4675,11700,71.448616,52.731,899072,47399936
05/27/2026 13:26:06,45,54,0,55,60,53,53,53,53,70,12.144001,5.04,1.312,1.396,0.986000061,0.318000019,0.676000059,3.292,2.046,0,3.37600017,3.37200022,3.12000012,55,45,45,44.5,1002,709,0,866,759,0,0,0,0,0,23.08,6.15,1.54,3.08,6.15,13.85,3.08,1.54,7.31,23.08,34.6622925,3980,349,4040,1161,40.4,1.25396919,0.61875,4040,310,40.4,0.547173142,0.55,3898,144,40.4,0.264743358,0.55,4040,133,40.4,0.244754046,0.55,3859,183,40.4,0.333723426,0.55,5050,722,50.5,1.03161728,0.55,3771,71,40.4,0.1875793,0.55,3138,67,33.6666679,0.180434734,0.55,55.3750076,49.7500038,99.99749,25.5053215,11.3754425,69.1561661,9.514381,5.3663826,63.9374542,39,0.25,0,55,0,85,0.416,1.01,16,16,16,32,48,30,295,160,130,0,0,0,16,38.75,0.25,0,55,0,85,0.416,1.01,16,16,16,32,48,30,295,160,130,0,0,0,16,512,-1,485.785156,485.480469,0.3046875,0.5,7618.451,7618.951,0,0,0,0,0,0,0,0,0,0,0,0,512,600,1200,3000,52,0.969000041,1.30500007,0,6,16,37,2670,10451.9824,999,998,30,30,6,3,1,0,18.432,20.444,0.975,11399.0313,286.40625,5.67384624,0,0,0,0.00212130719,0,0.728919148,0.7207341,0,0,0,0,0,0,47.15625,44,16376,4675,11700,71.448616,54.119,899072,4.699955E+07
05/27/2026 13:26:08,45,54,0,55,60,53,53,53,53,70,12.144001,5.04,1.31000006,1.396,0.982000053,0.316,0.678000033,3.292,2.046,0,3.37200022,3.37600017,3.124,55,45,44.5,44.5,1004,709,0,868,781,0,0,0,0,0,23.44,4.69,3.12,1.56,3.12,7.69,0,0,5.45,23.44,35.2421379,4189,315,5050,1060,50.5,1.08947289,0.5625,3935,277,40.4,0.4794519,0.5625,4693,145,50.5,0.2565843,0.5625,3756,120,40.4,0.216323346,0.5625,3757,184,40.4,0.309089363,0.5625,5050,610,50.5,0.9431462,0.5625,3674,70,40.4,0.190990627,0.5625,3594,57,40.4,0.175233066,0.5625,55.5000076,49.7500038,99.99748,25.5298729,11.3508911,69.22273,9.539822,5.34094238,64.10841,39,0.25,0,55,0,85,0.416,1.01,16,16,16,32,48,30,295,160,130,0,0,0,16,38.75,0.25,0,55,0,85,0.416,1.01,16,16,16,32,48,30,295,160,130,0,0,0,16,512,-1,485.785156,485.480469,0.3046875,0.5,7618.451,7618.951,0,0,0,0,0,0,0,0,0,0,0,0,512,600,1200,3000,53,0.974000037,1.30500007,0,2,15,37,2670,10451.9824,1000,1000,30,30,6,3,1,0,18.115,23.745,0.975,11399.0234,285.449219,6.02404833,0,0,0,0.00285592652,0,0.71558255,0.7598247,0,0,0,0,0,0,47.0625,44,16376,4675,11700,71.448616,54.452,899072,47299584
05/27/2026 13:26:10,45,54,0,55,60,53,53,53,53,70,12.12,5.04,1.312,1.39200008,0.98,0.314,0.676000059,3.292,2.046,0,3.37600017,3.37200022,3.124,55,45,45,44.5,1008,684,0,870,783,0,0,0,0,0,26.56,7.81,1.56,1.56,3.12,7.81,1.56,3.12,6.64,26.56,33.81154,4198,315,4850,1113,48.5,1.12314785,0.6375,4850,305,48.5,0.491165251,0.6375,3742,131,38.8,0.241569743,0.6375,3721,86,38.8,0.194783151,0.6375,3751,177,38.8,0.303982556,0.6375,5050,576,50.5,0.9142782,0.61875,3811,69,40.4,0.172038063,0.61875,3812,60,40.4,0.167433858,0.61875,55.0000076,49.2500038,99.9975,25.5305252,11.3502388,69.2245,9.540577,5.340187,64.1134949,39,0.25,0,55,0,85,0.416,1.01,16,16,16,32,48,30,295,160,130,0,0,0,16,38.75,0.25,0,55,0,85,0.416,1.01,16,16,16,32,48,30,295,160,130,0,0,0,16,512,-1,485.785156,485.480469,0.3046875,0.5,7618.451,7618.951,0,0,0,0,0,0,0,0,0,0,0,0,512,600,1200,3000,52,0.974000037,1.30500007,0,2,16,37,2670,10451.9824,1000,1001,30,30,6,3,1,0,17.701,19.102,0.975,11399.0234,285.449219,5.74161243,0,0,0,0.00285554654,0,0.733083963,0.7249582,0,0,0,0,0,0,47.1875,44,16376,4675,11700,71.448616,52.59,899072,4.744909E+07
05/27/2026 13:26:12,44,54,0,55,60,51,51,51,51,69,12.144001,5.04,1.312,1.396,0.990000069,0.314,0.676000059,3.292,2.046,0,3.37200022,3.37200022,3.124,54,45,45,44.5,1001,684,0,866,783,0,0,0,0,0,28.12,9.38,3.12,1.56,6.25,18.75,1.56,1.56,8.79,28.12,34.3353577,4302,341,4850,1151,48.5,1.1788857,0.575,4810,322,48.5,0.5254225,0.575,4540,134,48.5,0.2652542,0.575,3567,109,38.8,0.231666043,0.575,4552,206,48.5,0.366533369,0.575,4850,655,48.5,1.003027,0.575,3787,97,38.8,0.226926923,0.63125,3461,57,38.8,0.184199139,0.63125,54.8750076,49.7500038,99.99749,25.49189,11.3888741,69.11974,9.514206,5.366558,63.93627,39,0.25,0,55,0,85,0.416,1.01,16,16,16,32,48,30,295,160,130,0,0,0,16,38.75,0.25,0,55,0,85,0.416,1.01,16,16,16,32,48,30,295,160,130,0,0,0,16,512,-1,485.785156,485.480469,0.3046875,0.5,7618.451,7618.951,0,0,0,0,0,0,0,0,0,0,0,0,512,600,1200,3000,52,1.03000009,1.30500007,0,7,16,37,2670,10451.9824,1000,1000,30,30,6,3,1,0,18.114,23.813,0.975,11399.0234,285.449219,5.739505,0,0,0,0.00292139384,0,0.728149831,0.7231303,0,0,0,0,0,0,47.21875,44,16376,4675,11700,71.448616,52.931,0,4.774912E+07
05/27/2026 13:26:14,44,54,0,54,59,51,51,51,51,69,12.144001,5.04,1.312,1.396,0.994,0.326,0.678000033,3.292,2.046,0,3.37600017,3.37600017,3.124,54,45,45,44.5,983,710,0,855,783,0,0,0,0,0,27.69,9.38,7.81,3.12,7.81,15.38,3.12,0,9.29,27.69,34.41303,3732,347,4850,1152,48.5,1.194152,0.575,4849,333,48.5,0.563374043,0.575,3095,141,32.3333321,0.270422,0.575,3051,106,32.3333321,0.217221454,0.575,3092,207,32.3333321,0.359239519,0.575,4850,706,48.5,1.035279,0.575,3045,80,32.3333321,0.18589963,0.575,3024,53,32.3333321,0.169339389,0.575,55.0000076,49.2500038,99.99749,25.49723,11.3835335,69.1342239,9.517761,5.363003,63.9601631,39,0.25,0,55,0,85,0.416,1.01,16,16,16,32,48,30,295,160,130,0,0,0,16,38.75,0.25,0,55,0,85,0.416,1.01,16,16,16,32,48,30,295,160,130,0,0,0,16,512,-1,485.785156,485.480469,0.3046875,0.5,7618.451,7618.951,0,0,0,0,0,0,0,0,0,0,0,0,512,600,1200,3000,53,0.965000033,1.30500007,0,5,16,37,2670,10451.9824,1000,1000,30,30,6,3,1,0,18.476,24.473,0.975,11399.0234,285.449219,5.85640574,0,0,0,0.00307047158,0,0.7306909,0.7348289,0,0,0,0,0,0,47.125,44,16376,4675,11700,71.448616,54.787,3249152,4.659917E+07
05/27/2026 13:26:16,45,54,0,55,60,53,53,53,53,70,12.144001,5.04,1.312,1.396,0.984,0.324,0.676000059,3.292,2.046,0,3.37600017,3.37600017,3.124,55,45,45,44.5,1002,710,0,840,753,0,0,0,0,0,15.87,1.59,1.59,0,1.59,11.11,1.59,0,4.17,15.87,34.5873,4207,304,4850,1007,48.5,1.05402541,0.65,3868,273,38.8,0.4779365,0.65,3665,133,38.8,0.230465621,0.65,3659,99,38.8,0.203476727,0.65,3759,194,38.8,0.315371633,0.65,4850,597,48.5,0.930432737,0.65,4531,73,48.5,0.177405,0.65625,4474,57,48.5,0.161121443,0.65625,55.0000076,49.7500038,99.99749,25.496788,11.383976,69.1330261,9.516212,5.36455154,63.9497566,39,0.25,0,55,0,85,0.416,1.01,16,16,16,32,48,30,295,160,130,0,0,0,16,38.75,0.25,0,55,0,85,0.416,1.01,16,16,16,32,48,30,295,160,130,0,0,0,16,512,-1,485.785156,485.480469,0.3046875,0.5,7618.451,7618.951,0,0,0,0,0,0,0,0,0,0,0,0,512,600,1200,3000,53,0.969000041,1.30500007,0,6,16,37,2670,10451.9824,1002,1000,30,30,6,3,1,0,17.961,18.365,0.975,11399.0234,286.105469,5.72582245,0,0,0,0.002205041,0,0.7132914,0.7138722,0,0,0.0385783762,0,0,0,47.125,44,16376,4675,11700,71.448616,53.771,176049152,299008
05/27/2026 13:26:18,44,54,0,54,59,51,51,51,51,69,12.144001,5.05,1.312,1.396,0.990000069,0.316,0.676000059,3.29600024,2.046,0,3.37600017,3.37600017,3.124,54,45,45,44.5,1005,683,0,865,756,0,0,0,0,0,21.88,6.25,1.59,0,6.25,14.06,0,1.59,6.45,21.88,34.23639,3970,342,4850,1104,48.5,1.18426836,0.65,4850,336,48.5,0.586519957,0.65,3233,184,32.3333321,0.321722716,0.65,3111,104,32.3333321,0.232755527,0.65,4734,209,48.5,0.354394227,0.65,4850,666,48.5,1.00966716,0.65,3090,68,32.3333321,0.20530656,0.65,3043,68,32.3333321,0.187381029,0.65,54.7500076,49.7500038,99.99748,25.5019417,11.3788223,69.147,9.518715,5.362049,63.9665756,39,0.25,0,55,0,85,0.416,1.01,16,16,16,32,48,30,295,160,130,0,0,0,16,38.75,0.25,0,55,0,85,0.416,1.01,16,16,16,32,48,30,295,160,130,0,0,0,16,512,-1,485.785156,485.480469,0.3046875,0.5,7618.451,7618.951,0,0,0,0,0,0,0,0,0,0,0,0,512,600,1200,3000,53,0.965000033,1.30500007,0,2,16,37,2670,10451.9824,1000,1000,30,30,6,3,1,0,17.69,23.099,0.975,11399.0273,286.09375,5.84486675,0,0,0,0.00322134956,0,0.729414165,0.7306524,0,0,0,0,0,0,47.15625,44,16376,4675,11700,71.448616,52.506,1999872,46749696
05/27/2026 13:26:20,44,54,0,54,59,51,51,51,51,69,12.144001,5.04,1.312,1.396,0.996000051,0.332000017,0.676000059,3.29600024,2.046,0,3.37600017,3.37600017,3.124,54,45,45,44.5,982,683,0,855,771,0,0,0,0,0,25.4,6.35,3.12,3.12,4.69,17.46,6.25,6.25,9.08,25.4,34.23731,4096,343,4040,1165,40.4,1.17983139,0.53125,5043,325,50.5,0.522577643,0.53125,3758,145,40.4,0.2522456,0.53125,3729,102,40.4,0.223288685,0.53125,3790,190,40.4,0.330226839,0.53125,5050,679,50.5,1.03180361,0.53125,3678,76,40.4,0.18517001,0.53125,3681,60,40.4,0.170721814,0.53125,54.8750076,49.7500038,99.99749,25.4973068,11.3834572,69.13443,9.511871,5.36889267,63.92058,39,0.25,0,55,0,85,0.416,1.01,16,16,16,32,48,30,295,160,130,0,0,0,16,38.75,0.25,0,55,0,85,0.416,1.01,16,16,16,32,48,30,295,160,130,0,0,0,16,512,-1,485.785156,485.480469,0.3046875,0.5,7618.451,7618.951,0,0,0,0,0,0,0,0,0,0,0,0,512,600,1200,3000,53,0.969000041,1.30500007,0,2,16,37,2670,10451.9824,1000,999,30,30,6,3,1,0,18.112,23.692,0.975,11399.0273,286.09375,5.919327,0,0,0,0.00318520213,0,0.748268068,0.73985225,0,0,0,0,0,0,47.09375,44,16376,4675,11700,71.448616,53.349,6449152,4.58496E+07
05/27/2026 13:26:22,44,54,0,54,59,51,51,51,51,69,12.144001,5.04,1.312,1.396,0.988000035,0.314,0.676000059,3.29600024,2.046,0,3.37600017,3.37600017,3.12800026,54,45,45,44.5,984,709,0,839,750,0,0,0,0,0,26.56,3.17,0,1.56,0,10.94,1.56,0,5.47,26.56,34.1215363,4014,336,4850,1228,48.5,1.2186023,0.65,3880,296,38.8,0.5079431,0.65,3662,132,38.8,0.248771936,0.65,3878,136,38.8,0.242159814,0.65,3742,187,38.8,0.3241472,0.65,4850,579,48.5,0.9427099,0.65,3639,66,38.8,0.186620951,0.65,3615,67,38.8,0.187812045,0.65,54.7500076,49.7500038,99.99749,25.5029678,11.3777962,69.14978,9.519043,5.361721,63.9687767,39,0.25,0,55,0,85,0.416,1.01,16,16,16,32,48,30,295,160,130,0,0,0,16,38.75,0.25,0,55,0,85,0.416,1.01,16,16,16,32,48,30,295,160,130,0,0,0,16,512,-1,485.785156,485.480469,0.3046875,0.5,7618.451,7618.951,0,0,0,0,0,0,0,0,0,0,0,0,512,600,1200,3000,53,1.0250001,1.30500007,0,5,16,37,2670,10451.9824,1000,1000,30,30,6,3,1,0,18.273,24.138,0.975,11399.0273,286.1875,5.830035,0,0,0,0.002319433,0,0.726812363,0.723623157,0,0,0,0,0,0,47.09375,44,16376,4675,11700,71.448616,54.724,1748992,4.699955E+07
05/27/2026 13:26:24,44,54,0,54,59,52,52,53,53,70,12.144001,5.04,1.312,1.396,0.98,0.326,0.676000059,3.29600024,2.046,0,3.37600017,3.37600017,3.124,55,45,45,44.5,978,709,0,855,749,0,0,0,0,0,20.31,7.81,3.12,0,4.69,10.94,0,1.59,6.06,20.31,35.2496338,3771,372,4850,1153,48.5,1.24834454,0.6375,4850,363,48.5,0.6290389,0.6375,3094,145,32.3333321,0.285106927,0.6375,3057,110,32.3333321,0.240805611,0.6375,3151,215,32.3333321,0.396506518,0.6375,4850,797,48.5,1.12513864,0.6375,3090,88,32.3333321,0.2133237,0.6375,3226,107,32.3333321,0.226105362,0.6375,55.0000076,56.1250038,99.99749,25.5291824,11.3515816,69.2208557,9.546677,5.33408737,64.15448,39,0.25,0,55,0,85,0.416,1.01,16,16,16,32,48,30,295,160,130,0,0,0,16,38.75,0.25,0,55,0,85,0.416,1.01,16,16,16,32,48,30,295,160,130,0,0,0,16,512,-1,485.785156,485.480469,0.3046875,0.5,7618.451,7618.951,0,0,0,0,0,0,0,0,0,0,0,0,512,600,1200,3000,53,0.965000033,1.30500007,0,2,15,37,2670,10451.9824,999,1001,30,30,6,3,1,0,17.979,18.215,0.975,11399.0273,286.1875,5.838271,0,0,0,0.002929308,0,0.7377141,0.727511644,0,0,0,0,0,0,47.125,44,16376,4675,11700,71.448616,53.301,9449472,4.489933E+07
05/27/2026 13:26:26,45,54,0,55,60,53,53,53,53,70,12.144001,5.05,1.312,1.396,0.984,0.326,0.678000033,3.29600024,2.046,0,3.37600017,3.37600017,3.124,55,45,45,44.5,1005,709,0,840,749,0,0,0,0,0,15.38,3.08,3.08,0,4.62,13.85,1.54,0,5.19,15.38,33.82757,3871,315,3900,1089,39,1.12088478,0.525,3900,275,39,0.4728244,0.525,3663,116,39,0.218640655,0.525,3649,107,39,0.2056238,0.525,3728,185,39.2,0.2849948,0.56875,4900,620,49,0.9464047,0.56875,3613,74,39.2,0.1765967,0.56875,3618,57,39.2,0.162219211,0.56875,55.0000076,60.3750038,99.9975,25.49953,11.3812332,69.1404648,9.520458,5.360306,63.97829,39,0.25,0,55,0,85,0.416,1.01,16,16,16,32,48,30,295,160,130,0,0,0,16,38.75,0.25,0,55,0,85,0.416,1.01,16,16,16,32,48,30,295,160,130,0,0,0,16,512,-1,485.785156,485.480469,0.3046875,0.5,7618.451,7618.951,0,0,0,0,0,0,0,0,0,0,0,0,512,600,1200,3000,53,0.979000032,1.30500007,0,5,16,37,2670,10451.9824,1000,1000,30,30,6,3,1,0,17.802,17.705,0.975,11399.0273,286.1875,5.71850729,0,0,0,0.00308038783,0,0.723594,0.7167498,0,0,0,0,0,0,47.15625,44,16376,4675,11700,71.448616,52.423,175149056,299008
05/27/2026 13:26:28,45,54,0,55,60,53,53,53,53,70,12.144001,5.04,1.312,1.396,0.98,0.318000019,0.678000033,3.29600024,2.046,0,3.37600017,3.37600017,3.124,55,45,45,44.5,1002,683,0,849,775,0,0,0,0,0,23.08,9.23,1.54,1.56,3.08,16.92,1.56,1.56,7.32,23.08,34.360775,4315,331,4850,1106,48.5,1.13829911,0.64375,4850,353,48.5,0.5073764,0.64375,4562,124,48.5,0.234526381,0.64375,3643,110,38.8,0.218928874,0.64375,4539,185,48.5,0.316702783,0.64375,4850,631,48.5,0.95556134,0.64375,3599,74,38.8,0.192272946,0.64375,3624,63,38.8,0.179706588,0.64375,55.0000076,49.2500038,99.99748,25.534771,11.345993,69.23601,9.54961,5.331154,64.1741943,39,0.25,0,55,0,85,0.416,1.01,16,16,16,32,48,30,295,160,130,0,0,0,16,38.75,0.25,0,55,0,85,0.416,1.01,16,16,16,32,48,30,295,160,130,0,0,0,16,512,-1,485.785156,485.480469,0.3046875,0.5,7618.451,7618.951,0,0,0,0,0,0,0,0,0,0,0,0,512,600,1200,3000,53,1.06000006,1.30500007,0,7,16,37,2670,10451.9824,999,1000,30,30,6,3,1,0,18.346,20.938,0.975,11399.0273,286.1875,5.76390457,0,0,0,0.002904877,0,0.7305217,0.725071251,0,0,0,0,0,0,47.0625,44,16376,4675,11700,71.448616,53.937,1.436498E+08,299008
05/27/2026 13:26:30,44,54,0,55,60,51,51,51,51,69,12.144001,5.04,1.312,1.396,0.98,0.332000017,0.676000059,3.29600024,2.046,0,3.37600017,3.37600017,3.124,54,45,45,44.5,990,684,0,868,780,0,0,0,0,0,20,4.62,3.08,0,1.54,12.31,0,0,5.19,20,33.9806938,3724,334,4850,1142,48.5,1.16108,0.64375,4838,316,48.5,0.5544163,0.64375,3009,129,32.3333321,0.2488007,0.64375,2980,91,32.3333321,0.209758356,0.64375,2991,182,32.3333321,0.32394588,0.64375,4975,685,49.75,1.00858927,0.53125,3002,63,33.1666679,0.179281846,0.53125,3151,66,33.1666679,0.17943126,0.53125,54.8750076,49.7500038,99.99749,25.4968071,11.3839569,69.13307,9.517593,5.36317062,63.9590378,39,0.25,0,55,0,85,0.416,1.01,16,16,16,32,48,30,295,160,130,0,0,0,16,38.75,0.25,0,55,0,85,0.416,1.01,16,16,16,32,48,30,295,160,130,0,0,0,16,512,-1,485.785156,485.480469,0.3046875,0.5,7618.451,7618.951,0,0,0,0,0,0,0,0,0,0,0,0,512,600,1200,3000,53,0.974000037,1.30500007,0,7,16,37,2670,10451.9824,1001,999,30,30,6,3,1,0,18.236,23.597,0.975,11399.0273,286.1875,5.65937,0,0,0,0.00282284827,0,0.716709435,0.7134063,0,0,0,0,0,0,47.1875,44,16376,4675,11700,71.448616,54.33,899072,2.44992E+07
05/27/2026 13:26:32,44,54,0,54,59,51,51,51,51,69,12.144001,5.04,1.312,1.396,0.994,0.318000019,0.676000059,3.292,2.046,0,3.37600017,3.37200022,3.124,54,45,45,44.5,987,709,0,865,777,0,0,0,0,0,18.75,4.69,4.69,1.56,1.56,12.5,0,1.56,5.66,18.75,35.80396,3983,320,5050,1070,50.5,1.11597729,0.55625,3965,290,40.4,0.4674179,0.55625,3932,165,40.4,0.287293255,0.55625,3728,92,40.4,0.216026947,0.55625,3784,185,40.4,0.315887749,0.5625,4040,631,40.4,0.950143039,0.5625,3692,70,40.4,0.1908084,0.5625,3674,54,40.4,0.170507088,0.5625,54.8750076,49.7500038,99.99749,25.5252266,11.3555374,69.21014,9.538372,5.342392,64.09867,39,0.25,0,55,0,85,0.416,1.01,16,16,16,32,48,30,295,160,130,0,0,0,16,38.75,0.25,0,55,0,85,0.416,1.01,16,16,16,32,48,30,295,160,130,0,0,0,16,512,-1,485.785156,485.480469,0.3046875,0.5,7618.451,7618.951,0,0,0,0,0,0,0,0,0,0,0,0,512,600,1200,3000,52,0.935000062,1.30500007,0,2,15,37,2670,10451.9824,999,1000,30,30,6,3,1,0,19.105,23.216,0.975,11399.0273,286.1875,5.86362553,0,0,0,0.002777653,0,0.7574386,0.747902632,0,0,0,0,0,0,47.0625,44,16376,4675,11700,71.448616,52.884,949248,24148992
05/27/2026 13:26:34,44,54,0,54,59,51,51,51,51,69,12.144001,5.04,1.312,1.396,0.978000045,0.326,0.678000033,3.29600024,2.046,0,3.37600017,3.37600017,3.124,54,45,45,44.5,977,709,0,843,772,0,0,0,0,0,17.19,3.12,0,1.56,3.12,9.38,0,0,4.3,17.19,33.50243,3638,289,4850,944,48.5,1.02067947,0.64375,4741,276,48.5,0.4283572,0.64375,2990,125,32.3333321,0.226541236,0.64375,2881,82,32.3333321,0.181364238,0.64375,2973,164,32.3333321,0.275365949,0.64375,4850,614,48.5,0.911995232,0.64375,2962,65,32.3333321,0.1666512,0.64375,2853,45,32.3333321,0.14916037,0.64375,54.7500076,49.2500038,99.99749,25.515007,11.365757,69.18243,9.534119,5.34664536,64.07008,39,0.25,0,55,0,85,0.416,1.01,16,16,16,32,48,30,295,160,130,0,0,0,16,38.75,0.25,0,55,0,85,0.416,1.01,16,16,16,32,48,30,295,160,130,0,0,0,16,512,-1,485.785156,485.480469,0.3046875,0.5,7618.451,7618.951,0,0,0,0,0,0,0,0,0,0,0,0,512,600,1200,3000,53,0.935000062,1.30500007,0,4,15,37,2670,10451.9824,1000,1000,30,30,6,3,1,0,18.61,19.435,0.975,11399.0273,286.1875,5.667625,0,0,0,0.00375089678,0,0.7308748,0.719152,0,0,0,0,0,0,47.09375,44,16376,4675,11700,71.448616,52.783,105999360,249856
05/27/2026 13:26:36,44,54,0,54,59,51,51,51,51,69,12.144001,5.04,1.312,1.396,0.992000043,0.320000023,0.676000059,3.292,2.046,0,3.37600017,3.37600017,3.124,54,45,45,44.5,991,710,0,841,768,0,0,0,0,0,25,1.56,1.56,0,1.56,12.5,0,0,5.27,25,34.1996422,4281,351,4850,1218,48.5,1.263338,0.6375,4850,318,48.5,0.5933251,0.6375,3762,134,38.8,0.2650929,0.6375,3753,99,38.8,0.22214593,0.6375,4720,215,48.5,0.3631851,0.6375,4850,687,48.5,1.01768553,0.6375,3746,70,38.8,0.196997613,0.6375,3717,68,38.8,0.179444447,0.6375,54.7500076,49.7500038,99.99749,25.5196457,11.3611183,69.19501,9.537655,5.343109,64.09386,39,0.25,0,55,0,85,0.416,1.01,16,16,16,32,48,30,295,160,130,0,0,0,16,38.75,0.25,0,55,0,85,0.416,1.01,16,16,16,32,48,30,295,160,130,0,0,0,16,512,-1,485.785156,485.480469,0.3046875,0.5,7618.451,7618.951,0,0,0,0,0,0,0,0,0,0,0,0,512,600,1200,3000,52,0.965000033,1.30500007,0,4,16,37,2670,10451.9824,1000,1000,30,30,6,3,1,0,19.168,20.433,0.975,11399.0273,286.1875,5.72428465,0,0,0,0.00286619016,0,0.6878957,0.73215574,0,0,0,0,0,0,47.21875,44,16376,4675,11700,71.448616,54.16,899072,23949312
05/27/2026 13:26:38,44,54,0,54,59,51,51,51,51,69,12.144001,5.05,1.312,1.396,0.9760001,0.320000023,0.678000033,3.292,2.046,0,3.37600017,3.37600017,3.124,54,45,44.5,44.5,989,684,0,859,749,0,0,0,0,0,11.11,3.17,3.12,0,6.35,14.29,1.56,0,4.95,14.29,34.1764832,4140,315,5050,1069,50.5,1.09165454,0.54375,4983,284,50.5,0.463717133,0.54375,3791,123,40.4,0.228104651,0.54375,3115,90,33.6666679,0.192187518,0.54375,3849,200,40.4,0.308345139,0.54375,5050,630,50.5,0.946433,0.51875,3628,70,39.8,0.177270174,0.51875,3654,57,39.8,0.163425669,0.5375,54.8750076,49.7500038,99.99749,25.51472,11.3660431,69.1816559,9.532845,5.34791946,64.06152,39,0.25,0,55,0,85,0.416,1.01,16,16,16,32,48,30,295,160,130,0,0,0,16,38.75,0.25,0,55,0,85,0.416,1.01,16,16,16,32,48,30,295,160,130,0,0,0,16,512,-1,485.785156,485.480469,0.3046875,0.5,7618.451,7618.951,0,0,0,0,0,0,0,0,0,0,0,0,512,600,1200,3000,53,0.965000033,1.30500007,0,2,15,37,2670,10451.9824,1000,1001,30,30,6,3,2,0,18.233,21.709,0.975,11399.0273,286.1875,5.71878147,0,0,0,0.00301301,0,0.766870141,0.758185565,0,0,0,0,0,0,47.21875,44,16376,4675,11700,71.448616,53.51,999424,26699776
05/27/2026 13:26:40,44,54,0,54,59,51,51,52,52,69,12.144001,5.05,1.312,1.396,0.974000037,0.316,0.676000059,3.29600024,2.046,0,3.37600017,3.37600017,3.124,55,45,45,44.5,981,683,0,841,768,0,0,0,0,0,15.62,3.17,1.56,1.59,3.17,9.38,0,1.59,4.51,15.62,34.29644,3817,356,5050,1145,50.5,1.1819489,0.5375,3269,288,33.6666679,0.502725,0.5375,3146,164,33.6666679,0.28459987,0.5375,3734,110,40.4,0.22899729,0.5375,3879,236,40.4,0.380842775,0.5375,4040,746,40.4,1.06190455,0.5375,3769,91,40.4,0.220470622,0.5375,3650,66,40.4,0.188648239,0.5375,55.0000076,59.8750038,99.99749,25.5207062,11.3600578,69.197876,9.53568649,5.34507751,64.08063,39,0.25,0,55,0,85,0.416,1.01,16,16,16,32,48,30,295,160,130,0,0,0,16,38.75,0.25,0,55,0,85,0.416,1.01,16,16,16,32,48,30,295,160,130,0,0,0,16,512,-1,485.785156,485.480469,0.3046875,0.5,7618.451,7618.951,0,0,0,0,0,0,0,0,0,0,0,0,512,600,1200,3000,52,0.940000057,1.30500007,0,2,15,37,2670,10451.9824,1000,999,30,30,6,3,1,0,17.846,20.021,0.975,11399.0273,286.1875,5.60555124,0,0,0,0.00287658814,0,0.72504,0.7226429,0,0,0,0,0,0,47.09375,44,16376,4675,11700,71.448616,52.351,899072,26699776
05/27/2026 13:26:42,45,54,0,55,60,53,53,53,53,70,12.144001,5.04,1.312,1.396,0.974000037,0.316,0.676000059,3.29600024,2.046,0,3.37600017,3.37600017,3.124,55,45,45,44.5,997,710,0,865,752,0,0,0,0,0,15.87,4.76,1.59,1.56,4.76,4.76,1.56,0,4.36,15.87,33.61517,3725,291,4850,999,48.5,1.02022779,0.6125,4850,308,48.5,0.45754692,0.6125,3059,122,32.3333321,0.23936674,0.6125,3069,89,32.3333321,0.204721555,0.6125,3074,174,32.3333321,0.287071079,0.6125,4850,521,48.5,0.869217753,0.6125,3039,63,32.3333321,0.1645608,0.6125,3012,50,32.3333321,0.152899727,0.6125,55.0000076,49.2500038,99.99749,25.517395,11.363369,69.1889,9.522408,5.35835648,63.99139,39,0.25,0,55,0,85,0.416,1.01,16,16,16,32,48,30,295,160,130,0,0,0,16,38.75,0.25,0,55,0,85,0.416,1.01,16,16,16,32,48,30,295,160,130,0,0,0,16,512,-1,485.785156,485.480469,0.3046875,0.5,7618.451,7618.951,0,0,0,0,0,0,0,0,0,0,0,0,512,600,1200,3000,53,1.04500008,1.30500007,0,6,16,37,2670,10451.9824,1001,1000,30,30,6,3,2,0,18.823,23.826,0.975,11399.0273,286.1875,5.74041128,0,0,0,0.004037601,0,0.7250363,0.7289934,0,0,0,0,0,0,47.1875,44,16376,4675,11700,71.448616,53.18,899072,26799104
05/27/2026 13:26:44,45,54,0,55,60,53,53,53,53,70,12.144001,5.04,1.312,1.396,0.982000053,0.314,0.678000033,3.29600024,2.046,0,3.37600017,3.37600017,3.124,55,45,45,44.5,998,709,0,848,756,0,0,0,0,0,23.81,9.52,6.35,3.17,4.76,9.52,1.59,0,7.34,23.81,34.56231,4223,337,4850,1136,48.5,1.1992234,0.6375,4850,324,48.5,0.579133153,0.6375,3706,148,38.8,0.2793356,0.6375,3621,94,38.8,0.222839341,0.6375,4704,215,48.5,0.381941319,0.6375,4850,641,48.5,0.9758993,0.6375,3589,70,38.8,0.198203966,0.6375,3614,67,38.8,0.180449009,0.6375,55.0000076,49.7500038,99.9975,25.53962,11.3411446,69.24916,9.551651,5.329113,64.1879044,39,0.25,0,55,0,85,0.416,1.01,16,16,16,32,48,30,295,160,130,0,0,0,16,38.75,0.25,0,55,0,85,0.416,1.01,16,16,16,32,48,30,295,160,130,0,0,0,16,512,-1,485.785156,485.480469,0.3046875,0.5,7618.451,7618.951,0,0,0,0,0,0,0,0,0,0,0,0,512,600,1200,3000,52,0.965000033,1.30500007,0,2,15,37,2670,10451.9824,1001,1001,30,30,7,3,2,0,19.25,20.295,0.975,11399.0273,286.1875,5.611632,0,0,0,0.00319223478,0,0.6885405,0.689440846,0,0,0,0,0,0,47.1875,44,16376,4675,11700,71.448616,54.282,899072,26699776
05/27/2026 13:26:46,45,54,0,55,60,53,53,53,53,70,12.144001,5.04,1.312,1.396,0.9760001,0.326,0.676000059,3.29600024,2.046,0,3.37600017,3.37600017,3.124,54,45,44.5,44.5,994,683,0,852,781,0,0,0,0,0,20,3.08,1.54,1.54,1.54,10.77,0,0,4.81,20,33.7504463,3914,312,4040,862,40.4,1.03772,0.5375,3910,294,40.4,0.4893276,0.5375,3679,133,40.4,0.241627336,0.54375,3693,103,40.4,0.209538326,0.54375,3726,179,40.4,0.304995656,0.54375,5050,797,50.5,1.02753854,0.54375,3632,70,40.4,0.185666487,0.54375,3585,54,40.4,0.164418757,0.54375,54.7500076,49.7500038,99.99748,25.5009117,11.3798523,69.14421,9.514351,5.366413,63.93725,39,0.25,0,55,0,85,0.416,1.01,16,16,16,32,48,30,295,160,130,0,0,0,16,38.75,0.25,0,55,0,85,0.416,1.01,16,16,16,32,48,30,295,160,130,0,0,0,16,512,-1,485.785156,485.480469,0.3046875,0.5,7618.451,7618.951,0,0,0,0,0,0,0,0,0,0,0,0,512,600,1200,3000,53,0.979000032,1.30500007,0,0,15,37,2670,10451.9824,1000,1000,30,30,6,3,1,0,17.654,17.582,0.975,11399.0273,286.1875,5.71417,0,0,0,0.003539092,0,0.7663987,0.712311745,0,0,0,0,0,0,47.0625,44,16376,4675,11700,71.448616,52.678,899072,2.66496E+07
05/27/2026 13:26:48,44,54,0,54,59,51,51,51,51,69,12.144001,5.04,1.312,1.396,0.98,0.318000019,0.676000059,3.292,2.046,0,3.37600017,3.37600017,3.124,54,45,44.5,44.5,988,683,0,867,763,0,0,0,0,0,18.75,6.25,4.76,3.17,7.94,15.62,3.17,3.17,7.86,18.75,34.2957954,4306,359,4850,971,48.5,1.1034739,0.5625,4850,341,48.5,0.543749452,0.5625,3799,146,38.8,0.263575137,0.5625,3783,105,38.8,0.226537958,0.5625,4750,198,48.5,0.347200543,0.5625,4850,950,48.5,1.16108191,0.5625,3714,73,38.8,0.190468162,0.5625,3851,88,38.8,0.202598915,0.5625,54.8750076,49.7500038,99.99749,25.5094223,11.3713417,69.16728,9.522606,5.358158,63.99272,39,0.25,0,55,0,85,0.416,1.01,16,16,16,32,48,30,295,160,130,0,0,0,16,38.75,0.25,0,55,0,85,0.416,1.01,16,16,16,32,48,30,295,160,130,0,0,0,16,512,-1,485.785156,485.480469,0.3046875,0.5,7618.451,7618.951,0,0,0,0,0,0,0,0,0,0,0,0,512,600,1200,3000,52,0.965000033,1.30500007,0,2,15,37,2670,10451.9824,1000,1001,30,30,6,3,1,0,17.623,20.285,0.975,11399.0273,286.1875,5.796642,0,0,0,0.002935458,0,0.735750854,0.7274489,0,0,0,0,0,0,47.1875,44,16376,4675,11700,71.448616,52.146,4899840,2.324992E+07
05/27/2026 13:26:50,44,54,0,54,59,51,51,52,52,69,12.12,5.04,1.312,1.396,0.978000045,0.316,0.678000033,3.292,2.046,0,3.37600017,3.37200022,3.12000012,54,45,45,44.5,974,683,0,858,773,0,0,0,0,0,14.06,4.69,0,1.56,0,7.81,0,0,3.52,14.06,34.0140457,3320,333,4850,957,48.5,1.09444785,0.64375,3233,305,32.3333321,0.5206354,0.64375,3115,129,32.3333321,0.238779217,0.64375,3040,89,32.3333321,0.1955349,0.64375,3091,194,32.3333321,0.323168755,0.64375,3233,870,32.3333321,1.07777679,0.64375,3015,64,32.3333321,0.171638727,0.64375,2982,54,32.3333321,0.1558347,0.64375,54.8750076,49.2500038,99.99749,25.50132,11.3794441,69.14531,9.515659,5.36510468,63.9460373,39,0.25,0,55,0,85,0.416,1.01,16,16,16,32,48,30,295,160,130,0,0,0,16,38.75,0.25,0,55,0,85,0.416,1.01,16,16,16,32,48,30,295,160,130,0,0,0,16,512,-1,485.785156,485.480469,0.3046875,0.5,7618.451,7618.951,0,0,0,0,0,0,0,0,0,0,0,0,512,600,1200,3000,53,1.05000007,1.30500007,0,19,16,37,2670,10451.9824,999,1000,30,30,5,3,1,0,18.213,23.392,0.975,11399.0273,288.71875,5.50642347,0,0,0,0.0022329737,0,0.7336615,0.725048542,0,0,0.035637863,0,0,0,47.125,44,16376,4675,11700,71.448616,53.69,175749120,349184
05/27/2026 13:26:52,45,54,0,55,60,52,52,53,53,70,12.144001,5.05,1.312,1.396,1.006,0.318000019,0.676000059,3.292,2.046,0,3.37600017,3.37600017,3.124,56,45,45,44.5,1000,709,0,842,750,0,0,0,0,0,30.16,6.35,0,1.59,6.35,19.05,1.59,0,8.13,30.16,34.85449,3646,420,4040,1307,40.4,1.48397219,0.525,4040,341,40.4,0.7142189,0.525,3238,157,33.6666679,0.311823428,0.525,3197,105,33.6666679,0.254593849,0.525,3252,215,33.6666679,0.401369065,0.525,5050,1089,50.5,1.31402326,0.525,3185,82,33.6666679,0.226681083,0.525,3165,65,33.6666679,0.203563988,0.525,56.1250076,50.2500038,99.99749,25.5021362,11.3786278,69.14752,9.516407,5.364357,63.9510651,39,0.25,0,55,0,85,0.416,1.01,16,16,16,32,48,30,295,160,130,0,0,0,16,38.75,0.25,0,55,0,85,0.416,1.01,16,16,16,32,48,30,295,160,130,0,0,0,16,512,-1,485.785156,485.480469,0.3046875,0.5,7618.451,7618.951,0,0,0,0,0,0,0,0,0,0,0,0,512,600,1200,3000,53,0.969000041,1.30500007,0,2,15,37,2670,10451.9824,1000,1000,30,30,6,3,1,0,17.974,19.5,0.975,11399.0273,288.84375,5.81334543,0,0,0,0.003139674,0,0.760004342,0.7482077,0,0,0,0,0,0,47.21875,44,16376,4675,11700,71.448616,53.971,949248,4.954931E+07
05/27/2026 13:26:54,46,54,0,55,60,56,56,56,56,73,12.144001,5.04,1.312,1.396,1.01200008,0.33,0.678000033,3.29600024,2.046,0,3.37600017,3.37600017,3.124,58,45,45,44.5,1023,710,0,862,773,0,0,0,0,0,19.05,12.7,3.12,3.12,3.12,26.98,0,0,8.51,26.98,36.027298,4194,432,4850,1253,48.5,1.45971954,0.625,4850,388,48.5,0.719108343,0.625,3654,152,38.8,0.3140143,0.625,3625,105,38.8,0.270614058,0.625,4540,201,48.5,0.420526922,0.625,4850,1215,48.5,1.44774652,0.625,3598,74,38.8,0.231811836,0.625,3581,65,38.8,0.213829562,0.625,57.3750076,50.2500038,99.99749,25.5038033,11.3769608,69.15205,9.520603,5.360161,63.97926,39,0.25,0,55,0,85,0.416,1.01,16,16,16,32,48,30,295,160,130,0,0,0,16,38.75,0.25,0,55,0,85,0.416,1.01,16,16,16,32,48,30,295,160,130,0,0,0,16,512,-1,485.785156,485.480469,0.3046875,0.5,7618.451,7618.951,0,0,0,0,0,0,0,0,0,0,0,0,512,600,1200,3000,52,0.969000041,1.30500007,0,2,15,37,2670,10451.9824,999,1000,30,30,6,3,1,0,17.745,17.938,0.975,11399.0273,288.96875,5.694026,0,0,0,0.002200053,0,0.731343448,0.724394858,0,0,0,0,0,0,47.1875,44,16376,4675,11700,71.448616,52.381,172349440,2549760
05/27/2026 13:26:56,47,54,0,56,61,58,58,58,58,74,12.144001,5.04,1.312,1.396,1.014,0.332000017,0.678000033,3.292,2.046,0,3.37600017,3.37600017,3.124,58,45,45,44.5,1048,684,0,856,779,0,0,0,0,0,28.57,9.52,1.59,3.17,4.76,20.63,3.17,1.56,9.12,28.57,35.11408,3904,411,4850,1109,48.5,1.3136071,0.6375,3233,384,32.3333321,0.633380055,0.6375,3035,143,32.3333321,0.278547078,0.6375,2990,102,32.3333321,0.235648781,0.6375,3068,228,32.3333321,0.409239441,0.6375,4850,1124,48.5,1.39169061,0.6375,4709,121,48.5,0.2473106,0.6375,4500,78,48.5,0.197590351,0.6375,58.2500076,49.7500038,99.99749,25.51772,11.3630447,69.18978,9.52063751,5.3601265,63.979496,39,0.25,0,55,0,85,0.416,1.01,16,16,16,32,48,30,295,160,130,0,0,0,16,38.75,0.25,0,55,0,85,0.416,1.01,16,16,16,32,48,30,295,160,130,0,0,0,16,512,-1,485.785156,485.480469,0.3046875,0.5,7618.451,7618.951,0,0,0,0,0,0,0,0,0,0,0,0,512,600,1200,3000,53,0.965000033,1.30500007,0,4,16,37,2670,10451.9824,1001,1000,30,30,6,3,2,0,17.865,23.479,0.975,11399.0273,288.96875,5.86592674,0,0,0,0.002395291,0,0.740789056,0.728681743,0,0,0,0,0,0,47.1875,44,16376,4675,11700,71.448616,52.383,172249088,249856
05/27/2026 13:26:58,48,54,0,57,62,56,56,56,56,73,12.144001,5.04,1.312,1.396,0.978000045,0.326,0.678000033,3.292,2.046,0,3.37600017,3.37600017,3.124,57,45,45,44.5,1061,684,0,881,774,0,0,0,0,0,22.22,9.52,3.17,1.56,6.35,23.81,4.76,1.56,9.12,23.81,34.2651138,3858,348,4850,953,48.5,1.10308325,0.65,4771,327,48.5,0.5283736,0.65,2974,134,32.3333321,0.266737044,0.65,2891,104,32.3333321,0.227258116,0.65,4570,209,48.5,0.367607117,0.65,4850,874,48.5,1.100248,0.65,3088,114,32.3333321,0.235363469,0.65,2867,66,32.3333321,0.186715931,0.65,57.1250076,49.7500038,99.99749,25.5459518,11.3348122,69.26633,9.555996,5.324768,64.2171,39,0.25,0,55,0,85,0.416,1.01,16,16,16,32,48,30,295,160,130,0,0,0,16,38.75,0.25,0,55,0,85,0.416,1.01,16,16,16,32,48,30,295,160,130,0,0,0,16,512,-1,485.785156,485.480469,0.3046875,0.5,7618.451,7618.951,0,0,0,0,0,0,0,0,0,0,0,0,512,600,1200,3000,52,0.969000041,1.30500007,0,3,16,37,2670,10451.9824,999,1000,30,30,6,3,1,0,18.382,24.261,0.975,11399.0273,288.96875,5.677064,0,0,0,0.00155519671,0,0.7341034,0.7307102,0,0,0,0,0,0,47.0625,44,16376,4675,11700,71.448616,54.046,172299264,199680
05/27/2026 13:27:00,48,54,0,56,62,54,54,54,54,71,12.144001,5.04,1.312,1.396,0.98,0.318000019,0.678000033,3.292,2.046,0,3.37600017,3.37200022,3.124,56,45,44.5,44.5,1073,709,0,893,786,0,0,0,0,0,16.92,13.85,0,1.56,4.69,24.62,1.56,0,7.9,24.62,34.3245277,4152,321,4850,760,48.5,0.9411546,0.64375,3880,289,38.8,0.48121196,0.64375,3757,124,38.8,0.240606919,0.64375,3769,105,38.8,0.2010629,0.64375,4709,183,48.5,0.3259801,0.64375,4850,971,48.5,1.11798489,0.64375,3704,79,38.8,0.1777401,0.64375,3695,58,38.8,0.15665099,0.64375,56.3750076,49.7500038,99.9975,25.5088921,11.3718719,69.16585,9.517895,5.36286926,63.9610634,39,0.25,0,55,0,85,0.416,1.01,16,16,16,32,48,30,295,160,130,0,0,0,16,38.75,0.25,0,55,0,85,0.416,1.01,16,16,16,32,48,30,295,160,130,0,0,0,16,512,-1,485.785156,485.480469,0.3046875,0.5,7618.451,7618.951,0,0,0,0,0,0,0,0,0,0,0,0,512,600,1200,3000,52,0.965000033,1.30500007,0,4,16,37,2670,10451.9824,1001,1001,30,30,6,3,1,0,18.05,23.554,0.975,11399.0273,288.96875,5.710459,0,0,0,0.00289733172,0,0.7403036,0.7306727,0,0,0,0,0,0,47.1875,44,16376,4675,11700,71.448616,53.819,10949632,43899904
05/27/2026 13:27:02,47,54,0,56,62,54,54,54,54,71,12.144001,5.04,1.312,1.396,0.984,0.316,0.676000059,3.292,2.046,0,3.37600017,3.37600017,3.124,55,45,45,44.5,1053,709,0,889,786,0,0,0,0,0,16.92,6.15,1.54,3.08,3.08,16.92,1.54,1.54,6.35,16.92,34.3417969,3607,324,3600,845,36,1.0334065,0.64375,3233,306,32.3333321,0.5146777,0.875,3138,135,32.3333321,0.2657463,0.875,3111,102,32.3333321,0.222584665,0.875,4770,221,48.5,0.367514163,0.875,4850,853,48.5,1.0560596,0.875,3074,65,32.3333321,0.182029426,0.875,3077,62,32.3333321,0.176772,0.875,56.1250076,49.7500038,99.99749,25.5139771,11.366787,69.1796341,9.526894,5.35387039,64.02154,39,0.25,0,55,0,85,0.416,1.01,16,16,16,32,48,30,295,160,130,0,0,0,16,38.75,0.25,0,55,0,85,0.416,1.01,16,16,16,32,48,30,295,160,130,0,0,0,16,512,-1,485.785156,485.480469,0.3046875,0.5,7618.451,7618.951,0,0,0,0,0,0,0,0,0,0,0,0,512,600,1200,3000,53,0.969000041,1.30500007,0,0,16,37,2670,10451.9824,999,1000,30,30,6,3,1,0,17.656,18.162,0.975,11399.0273,289.199219,5.664059,0,0,0,0.00218640943,0,0.715073,0.707791448,0,0,0,0,0,0,47.125,44,16376,4675,11700,71.448616,52.123,171299840,99328
05/27/2026 13:27:04,45,54,0,55,60,53,53,53,53,70,12.144001,5.04,1.312,1.396,0.988000035,0.320000023,0.676000059,3.292,2.046,0,3.37600017,3.37200022,3.124,55,45,45,44.5,1039,684,0,866,801,0,0,0,0,0,20.63,9.38,1.56,1.56,4.69,17.19,3.12,1.56,7.46,20.63,34.1575623,3760,333,4040,910,40.4,1.06564832,0.54375,4022,301,40.4,0.49530974,0.54375,3765,142,40.4,0.274355769,0.54375,3099,97,33.6666679,0.221275389,0.54375,3820,190,40.4,0.3190333,0.54375,5050,864,50.5,1.08704221,0.54375,3166,87,33.6666679,0.201894775,0.525,3117,70,33.6666679,0.1809316,0.525,55.8750076,59.0000038,99.99749,25.5050659,11.3756981,69.15547,9.518414,5.36235046,63.96455,39,0.25,0,55,0,85,0.416,1.01,16,16,16,32,48,30,295,160,130,0,0,0,16,38.75,0.25,0,55,0,85,0.416,1.01,16,16,16,32,48,30,295,160,130,0,0,0,16,512,-1,485.785156,485.480469,0.3046875,0.5,7618.451,7618.951,0,0,0,0,0,0,0,0,0,0,0,0,512,600,1200,3000,53,0.945000052,1.30500007,0,4,16,37,2670,10451.9824,1001,1001,30,30,6,3,1,0,18.125,19.558,0.975,11399.0273,289.199219,5.738291,0,0,0,0.0022346538,0,0.737035,0.7243686,0,0,0,0,0,0,47.15625,44,16376,4675,11700,71.448616,52.781,172199936,249856
05/27/2026 13:27:06,45,54,0,55,60,53,53,53,53,70,12.144001,5.04,1.312,1.396,0.982000053,0.328,0.676000059,3.292,2.046,0,3.37600017,3.37600017,3.124,55,45,45,44.5,1005,684,0,876,777,0,0,0,0,0,10.94,6.25,3.12,3.12,4.69,14.06,0,1.56,5.47,14.06,33.5499077,3661,288,4850,740,48.5,0.9115741,0.64375,4786,280,48.5,0.4124702,0.64375,3011,129,32.3333321,0.228830546,0.64375,3020,108,32.3333321,0.203420237,0.6375,3007,167,32.3333321,0.2836593,0.6375,4850,757,48.5,0.978412,0.6375,2893,65,32.3333321,0.1695041,0.6375,2871,55,32.3333321,0.156821892,0.6375,55.3750076,49.2500038,99.99748,25.5060043,11.37476,69.15802,9.519035,5.36172867,63.9687271,39,0.25,0,55,0,85,0.416,1.01,16,16,16,32,48,30,295,160,130,0,0,0,16,38.75,0.25,0,55,0,85,0.416,1.01,16,16,16,32,48,30,295,160,130,0,0,0,16,512,-1,485.785156,485.480469,0.3046875,0.5,7618.451,7618.951,0,0,0,0,0,0,0,0,0,0,0,0,512,600,1200,3000,53,0.979000032,1.30500007,0,6,16,37,2670,10451.9824,999,999,30,30,6,3,1,0,18.294,20.355,0.975,11399.0273,289.199219,5.533467,0,0,0,0.00146936055,0,0.7047653,0.7000054,0,0,0,0,0,0,47.0625,44,16376,4675,11700,71.448616,54.457,172249088,249856
05/27/2026 13:27:08,45,54,0,55,60,53,53,53,53,70,12.144001,5.04,1.312,1.396,0.988000035,0.33,0.676000059,3.292,2.046,0,3.37600017,3.37600017,3.124,55,45,45,44.5,998,710,0,853,786,0,0,0,0,0,18.75,7.81,3.17,4.76,6.25,17.19,1.56,3.17,7.83,18.75,34.36041,4553,365,4850,1040,48.5,1.19511056,0.64375,4850,353,48.5,0.6164006,0.6625,4738,141,48.5,0.268090785,0.6625,4723,113,48.5,0.238207668,0.6625,4785,220,48.5,0.3820355,0.6625,4850,854,48.5,1.09126973,0.6625,3748,84,38.8,0.211018935,0.6625,3880,115,38.8,0.2406418,0.6625,55.3750076,49.7500038,99.99749,25.51527,11.3654938,69.183136,9.523266,5.357498,63.9971581,39,0.25,0,55,0,85,0.416,1.01,16,16,16,32,48,30,295,160,130,0,0,0,16,38.75,0.25,0,55,0,85,0.416,1.01,16,16,16,32,48,30,295,160,130,0,0,0,16,512,-1,485.785156,485.480469,0.3046875,0.5,7618.451,7618.951,0,0,0,0,0,0,0,0,0,0,0,0,512,600,1200,3000,53,0.969000041,1.30500007,0,2,16,37,2670,10451.9824,1000,1001,30,30,6,3,1,0,17.71,17.708,0.975,11399.0273,289.199219,5.750673,0,0,0,0.00403718371,0,0.7280154,0.7267632,0,0,0,0,0,0,47.1875,44,16376,4675,11700,71.448616,53.244,1.720494E+08,249856
05/27/2026 13:27:10,45,54,0,55,60,53,53,53,53,70,12.144001,5.04,1.31000006,1.396,0.984,0.322000027,0.676000059,3.292,2.046,0,3.37200022,3.37200022,3.124,55,45,45,44.5,997,710,0,852,784,0,0,0,0,0,13.85,0,0,1.56,3.08,12.31,1.56,1.56,4.24,13.85,34.4252472,3440,292,4850,777,48.5,0.950608432,0.6875,3124,269,32.3333321,0.4432511,0.6875,2982,123,32.3333321,0.2276418,0.6875,2943,92,32.3333321,0.1991678,0.6875,2963,163,32.3333321,0.279367656,0.6875,4850,790,48.5,0.995756865,0.6875,2906,67,32.3333321,0.169862568,0.6875,2906,57,32.3333321,0.155429542,0.6875,55.2500076,60.8750038,99.99748,25.5055084,11.3752556,69.15667,9.522259,5.35850525,63.99039,39,0.25,0,55,0,85,0.416,1.01,16,16,16,32,48,30,295,160,130,0,0,0,16,38.75,0.25,0,55,0,85,0.416,1.01,16,16,16,32,48,30,295,160,130,0,0,0,16,512,-1,485.785156,485.480469,0.3046875,0.5,7618.451,7618.951,0,0,0,0,0,0,0,0,0,0,0,0,512,600,1200,3000,52,0.965000033,1.30500007,0,1,16,37,2670,10451.9824,1001,1000,30,30,6,3,1,0,17.615,17.511,0.975,11399.4063,289.199219,5.631797,0,0,0,0.00218922528,0,0.7203042,0.7112724,0,0,0,0,0,0,47.1875,44,16376,4675,11700,71.4509048,52.6,849920,699392
05/27/2026 13:27:12,45,54,0,55,60,53,53,53,53,70,12.144001,5.04,1.31000006,1.39200008,0.996000051,0.316,0.678000033,3.292,2.046,0,3.37200022,3.37200022,3.12000012,54,45,45,44.5,998,710,0,855,782,0,0,0,0,0,17.19,6.25,1.59,3.17,9.38,15.62,1.56,0,6.85,17.19,34.0179024,4018,329,4850,844,48.5,1.03194427,0.65,3880,344,38.8,0.5456141,0.65,3728,125,38.8,0.259986848,0.65,3693,94,38.8,0.215016976,0.65,3789,207,38.8,0.353722364,0.65,4850,888,48.5,1.1006186,0.65,3673,71,38.8,0.199256435,0.65,3677,58,38.8,0.179190412,0.65,54.8750076,49.2500038,99.99748,25.5117645,11.3689995,69.17364,9.519428,5.36133575,63.97137,39,0.25,0,55,0,85,0.416,1.01,16,16,16,32,48,30,295,160,130,0,0,0,16,38.75,0.25,0,55,0,85,0.416,1.01,16,16,16,32,48,30,295,160,130,0,0,0,16,512,-1,485.785156,485.480469,0.3046875,0.5,7618.451,7618.951,0,0,0,0,0,0,0,0,0,0,0,0,512,600,1200,3000,52,1.05000007,1.30500007,0,17,16,37,2670,10451.9824,999,1002,30,30,6,3,1,0,18.331,20.88,0.975,11399.4063,289.199219,5.7241993,0,0,0,0.00234006927,0,0.7271015,0.7234014,0,0,0,0,0,0,47.09375,46,16376,4675,11700,71.4509048,53.851,1.715497E+08,249856
05/27/2026 13:27:14,45,54,0,55,60,53,53,53,53,70,12.144001,5.04,1.312,1.396,0.984,0.322000027,0.676000059,3.29600024,2.046,0,3.37600017,3.37600017,3.124,55,45,45,44.5,997,684,0,852,781,0,0,0,0,0,16.92,4.62,4.62,1.54,3.08,12.31,0,0,5.38,16.92,34.4837265,3534,319,4850,781,48.5,0.987600446,0.64375,3233,327,32.3333321,0.5947026,0.64375,3103,131,32.3333321,0.256328344,0.64375,3077,97,32.3333321,0.203321844,0.64375,3159,210,32.3333321,0.3416996,0.6625,4850,888,48.5,1.08529234,0.6625,3024,66,32.3333321,0.174818784,0.6625,2976,49,32.3333321,0.155372337,0.6625,55.0000076,49.7500038,99.99749,25.54039,11.340374,69.25125,9.555389,5.3253746,64.21303,39,0.25,0,55,0,85,0.416,1.01,16,16,16,32,48,30,295,160,130,0,0,0,16,38.75,0.25,0,55,0,85,0.416,1.01,16,16,16,32,48,30,295,160,130,0,0,0,16,512,-1,485.785156,485.480469,0.3046875,0.5,7618.451,7618.951,0,0,0,0,0,0,0,0,0,0,0,0,512,600,1200,3000,52,0.989,1.30500007,0,5,16,37,2670,10451.9824,999,1001,30,30,6,3,1,0,18.101,19.764,0.975,11399.4063,289.199219,5.743666,0,0,0,0.002931031,0,0.7336812,0.7259421,0,0,0,0,0,0,47.15625,44,16376,4675,11700,71.4509048,54.461,1549312,99328
05/27/2026 13:27:16,45,54,0,55,60,53,53,53,53,70,12.144001,5.04,1.312,1.396,0.984,0.314,0.676000059,3.292,2.046,0,3.37600017,3.37600017,3.124,55,45,44.5,44.5,1003,684,0,867,760,0,0,0,0,0,19.05,6.35,1.59,1.59,1.59,15.87,1.59,0,5.95,19.05,34.3033371,4187,363,4850,920,48.5,1.101968,0.64375,4850,361,48.5,0.604775131,0.64375,3777,141,38.8,0.2605185,0.64375,3766,105,38.8,0.228828847,0.64375,3786,219,38.8,0.349215776,0.64375,4850,972,48.5,1.16138625,0.64375,3880,126,38.8,0.244550839,0.64375,3734,60,38.8,0.185363024,0.64375,55.0000076,49.2500038,99.99749,25.5182343,11.36253,69.19118,9.522591,5.35817337,63.99262,39,0.25,0,55,0,85,0.416,1.01,16,16,16,32,48,30,295,160,130,0,0,0,16,38.75,0.25,0,55,0,85,0.416,1.01,16,16,16,32,48,30,295,160,130,0,0,0,16,512,-1,485.785156,485.480469,0.3046875,0.5,7618.451,7618.951,0,0,0,0,0,0,0,0,0,0,0,0,512,600,1200,3000,52,0.945000052,1.30500007,0,2,16,37,2670,10451.9824,1000,999,30,30,6,3,1,0,17.774,17.498,0.975,11399.4063,289.199219,5.7830534,0,0,0,0.00386574469,0,0.7330016,0.72610563,0,0,0,0,0,0,47.15625,44,16376,4675,11700,71.4509048,53.032,171599872,249856
05/27/2026 13:27:18,45,54,0,55,60,53,53,53,53,70,12.12,5.04,1.312,1.39200008,0.978000045,0.318000019,0.676000059,3.292,2.046,0,3.37200022,3.37200022,3.124,55,45,45,44.5,1008,710,0,873,781,0,0,0,0,0,23.44,7.81,7.81,4.69,9.38,14.06,4.69,3.12,9.38,23.44,35.0523033,3624,298,4850,939,48.5,1.05559623,0.65,3109,259,32.3333321,0.4722456,0.65,2985,117,32.3333321,0.2284238,0.65,2961,91,32.3333321,0.191141263,0.65,4462,162,48.5,0.292076945,0.65,4850,718,48.5,0.975554168,0.65,2907,53,32.3333321,0.158804789,0.65,2865,48,32.3333321,0.152336732,0.65,55.1250076,51.3750038,99.99749,25.5374031,11.3433609,69.24315,9.553791,5.326973,64.2022858,39,0.25,0,55,0,85,0.416,1.01,16,16,16,32,48,30,295,160,130,0,0,0,16,38.75,0.25,0,55,0,85,0.416,1.01,16,16,16,32,48,30,295,160,130,0,0,0,16,512,-1,485.785156,485.480469,0.3046875,0.5,7618.451,7618.951,0,0,0,0,0,0,0,0,0,0,0,0,512,600,1200,3000,53,0.965000033,1.30500007,0,4,15,37,2670,10451.9824,999,1000,30,30,6,3,1,0,17.886,18.676,0.975,11399.4063,288.96875,5.59572649,0,0,0,0.002379851,0,0.7301064,0.722598433,0,0,0,0,0,0,47.1875,44,16376,4675,11700,71.4509048,52.804,8.114995E+07,249856
05/27/2026 13:27:20,44,54,0,54,59,51,51,51,51,69,12.12,5.04,1.312,1.396,0.986000061,0.316,0.676000059,3.292,2.046,0,3.37200022,3.37200022,3.124,54,45,45,44.5,994,710,0,864,763,0,0,0,0,0,17.19,1.56,3.17,3.17,11.11,14.06,1.59,0,6.48,17.19,34.12034,4119,340,4850,944,48.5,1.07365215,0.64375,4824,313,48.5,0.543482542,0.64375,3726,136,38.8,0.261315078,0.64375,3614,100,38.8,0.214543089,0.64375,3732,193,38.8,0.351910859,0.64375,4850,874,48.5,1.10193646,0.64375,3818,97,38.8,0.2209155,0.64375,3541,61,38.8,0.183249161,0.64375,54.7500076,49.2500038,99.99749,25.51476,11.3660049,69.1817551,9.52029,5.36047363,63.97716,39,0.25,0,55,0,85,0.416,1.01,16,16,16,32,48,30,295,160,130,0,0,0,16,38.75,0.25,0,55,0,85,0.416,1.01,16,16,16,32,48,30,295,160,130,0,0,0,16,512,-1,485.785156,485.480469,0.3046875,0.5,7618.451,7618.951,0,0,0,0,0,0,0,0,0,0,0,0,512,600,1200,3000,52,1.0200001,1.30500007,0,9,16,37,2670,10451.9824,1001,999,30,30,6,3,1,0,18.416,21.221,0.975,11399.4063,288.96875,5.67269373,0,0,0,0.002162486,0,0.763930857,0.754053831,0,0,0,0,0,0,47.15625,44,16376,4675,11700,71.4509048,54.55,9.289933E+07,249856
05/27/2026 13:27:22,44,54,0,54,59,51,51,51,51,69,12.144001,5.04,1.312,1.396,0.984,0.326,0.676000059,3.292,2.046,0,3.37600017,3.37200022,3.124,54,45,45,44.5,980,684,0,858,755,0,0,0,0,0,12.7,6.35,0,1.56,0,12.7,0,0,4.16,12.7,34.1132469,3486,323,4850,898,48.5,1.06100965,0.64375,3233,343,32.3333321,0.5684074,0.64375,3049,148,32.3333321,0.254778177,0.64375,2990,82,32.3333321,0.203589872,0.64375,3024,175,32.3333321,0.3090378,0.64375,4850,822,48.5,1.03868842,0.64375,2985,61,32.3333321,0.175451815,0.64375,2905,56,32.3333321,0.160366759,0.64375,54.6250076,49.7500038,99.99748,25.5068588,11.3739052,69.16033,9.526196,5.35456848,64.0168457,39,0.25,0,55,0,85,0.416,1.01,16,16,16,32,48,30,295,160,130,0,0,0,16,38.75,0.25,0,55,0,85,0.416,1.01,16,16,16,32,48,30,295,160,130,0,0,0,16,512,-1,485.785156,485.480469,0.3046875,0.5,7618.451,7618.951,0,0,0,0,0,0,0,0,0,0,0,0,512,600,1200,3000,53,0.955000043,1.30500007,0,2,15,37,2670,10451.9824,999,1000,30,30,6,3,1,0,18.048,18.605,0.975,11399.4063,289,5.703297,0,0,0,0.00354603049,0,0.75286597,0.7392305,0,0,0.0150579289,0,0,0,47.25,44,16376,4675,11700,71.4509048,54.085,9.694925E+07,249856
05/27/2026 13:27:24,44,54,0,54,59,51,51,51,51,69,12.12,5.04,1.312,1.396,0.988000035,0.332000017,0.676000059,3.292,2.046,0,3.37600017,3.37600017,3.124,54,45,44.5,44.5,981,684,0,840,770,0,0,0,0,0,15.38,3.08,1.54,0,0,7.69,0,1.56,3.66,15.38,34.2557564,4263,340,4850,999,48.5,1.17622745,0.6625,4783,312,48.5,0.549043536,0.6625,4432,133,48.5,0.2592407,0.6625,3545,105,38.8,0.232663542,0.6625,4509,194,48.5,0.3529425,0.6625,4850,842,48.5,1.07476771,0.6625,3526,67,38.8,0.194616124,0.6625,3612,68,38.8,0.192009926,0.6625,54.7500076,49.2500038,99.9975,25.5083771,11.3723869,69.16445,9.5270195,5.35374451,64.0223846,39,0.25,0,55,0,85,0.416,1.01,16,16,16,32,48,30,295,160,130,0,0,0,16,38.75,0.25,0,55,0,85,0.416,1.01,16,16,16,32,48,30,295,160,130,0,0,0,16,512,-1,485.785156,485.480469,0.3046875,0.5,7618.451,7618.951,0,0,0,0,0,0,0,0,0,0,0,0,512,600,1200,3000,52,0.965000033,1.30500007,0,2,15,37,2670,10451.9824,1000,1001,30,30,6,3,1,0,17.638,22.826,0.975,11399.4063,289,5.76266575,0,0,0,0.003843821,0,0.748910844,0.7435968,0,0,0,0,0,0,47.15625,46,16376,4675,11700,71.4509048,52.786,899072,21149696
05/27/2026 13:27:26,44,54,0,54,59,51,51,51,51,69,12.144001,5.04,1.312,1.396,0.984,0.328,0.676000059,3.292,2.046,0,3.37600017,3.37600017,3.124,55,45,45,44.5,989,710,0,859,768,0,0,0,0,0,10.77,6.15,3.08,4.62,1.54,20,1.54,3.08,6.35,20,34.90528,4084,373,4040,904,40.4,1.09138417,0.525,4040,353,40.4,0.5475691,0.525,3971,153,40.4,0.287854433,0.525,3901,120,40.4,0.237779051,0.525,3943,212,40.4,0.358692259,0.5375,5050,1093,50.5,1.25582051,0.5375,3864,76,40.4,0.209712788,0.5375,3865,72,40.4,0.195486829,0.5375,55.0000076,49.2500038,99.99748,25.5388451,11.3419189,69.24706,9.540913,5.33985138,64.1157455,39,0.25,0,55,0,85,0.416,1.01,16,16,16,32,48,30,295,160,130,0,0,0,16,38.75,0.25,0,55,0,85,0.416,1.01,16,16,16,32,48,30,295,160,130,0,0,0,16,512,-1,485.785156,485.480469,0.3046875,0.5,7618.451,7618.951,0,0,0,0,0,0,0,0,0,0,0,0,512,600,1200,3000,52,0.940000057,1.30500007,0,2,15,37,2670,10451.9824,1000,999,30,30,6,3,1,0,18.036,23.349,0.975,11399.4063,289,5.87582731,0,0,0,0.00297701778,0,0.7702616,0.755789161,0,0,0,0,0,0,47.125,44,16376,4675,11700,71.4509048,53.167,899072,20999168
05/27/2026 13:27:28,45,54,0,55,60,53,53,53,53,70,12.12,5.04,1.312,1.396,0.9760001,0.326,0.676000059,3.292,2.046,0,3.37600017,3.37200022,3.124,55,45,45,44.5,1005,710,0,842,749,0,0,0,0,0,15.87,9.52,6.25,3.12,3.17,17.46,1.56,1.56,7.32,17.46,34.0305977,3678,330,4850,849,48.5,1.07140756,0.6375,4850,351,48.5,0.5601382,0.6375,3043,139,32.3333321,0.2530351,0.6375,2967,99,32.3333321,0.2147958,0.6375,3024,197,32.3333321,0.340355963,0.6375,4850,884,48.5,1.05982125,0.6375,2922,68,32.3333321,0.18126902,0.6375,2917,53,32.3333321,0.1665732,0.6375,55.2500076,49.7500038,99.99749,25.5088844,11.37188,69.1658249,9.517094,5.36367035,63.955677,39,0.25,0,55,0,85,0.416,1.01,16,16,16,32,48,30,295,160,130,0,0,0,16,38.75,0.25,0,55,0,85,0.416,1.01,16,16,16,32,48,30,295,160,130,0,0,0,16,512,-1,485.785156,485.480469,0.3046875,0.5,7618.451,7618.951,0,0,0,0,0,0,0,0,0,0,0,0,512,600,1200,3000,52,1.04000008,1.30500007,0,7,16,37,2670,10451.9824,1000,1001,30,30,6,3,1,0,18.303,20.465,0.975,11399.7813,289,5.689639,0,0,0,0.00439673662,0,0.7414047,0.730957448,0,0,0.0157919489,0,0,0,47.09375,44,16376,4674,11701,71.45319,54.414,7.739904E+07,1.084928E+07
05/27/2026 13:27:30,45,54,0,55,60,53,53,53,53,70,12.144001,5.05,1.312,1.396,0.974000037,0.318000019,0.676000059,3.292,2.046,0,3.37600017,3.37200022,3.124,55,45,45,44.5,995,684,0,850,760,0,0,0,0,0,14.06,3.12,1.56,0,1.56,18.75,0,0,4.88,18.75,34.6173668,4063,338,4850,942,48.5,1.12983239,0.64375,4787,308,48.5,0.5192812,0.64375,3682,135,38.8,0.269739568,0.64375,3561,93,38.8,0.230163947,0.64375,3784,226,38.8,0.39235127,0.64375,4850,885,48.5,1.07817876,0.64375,3487,62,38.8,0.191556409,0.64375,3506,51,38.8,0.178382725,0.64375,55.1250076,49.2500038,99.99749,25.5135574,11.3672066,69.1785,9.518452,5.36231232,63.9648056,39,0.25,0,55,0,85,0.416,1.01,16,16,16,32,48,30,295,160,130,0,0,0,16,38.75,0.25,0,55,0,85,0.416,1.01,16,16,16,32,48,30,295,160,130,0,0,0,16,512,-1,485.785156,485.480469,0.3046875,0.5,7618.451,7618.951,0,0,0,0,0,0,0,0,0,0,0,0,512,600,1200,3000,52,0.974000037,1.30500007,0,2,16,37,2670,10451.9824,1001,1001,30,30,6,3,1,0,17.696,21.264,0.975,11399.7813,289,5.327125,0,0,0,0.00238970714,0,0.6986792,0.6893034,0,0,0,0,0,0,47.25,44,16376,4674,11701,71.45319,53.486,899072,2.02496E+07
05/27/2026 13:27:32,45,54,0,55,60,53,53,53,53,69,12.144001,5.04,1.312,1.396,0.974000037,0.33,0.676000059,3.29600024,2.046,0,3.37600017,3.37600017,3.124,54,45,45,44.5,997,684,0,849,763,0,0,0,0,0,10.94,4.62,4.62,1.54,4.62,13.85,0,0,5.02,13.85,34.5129128,3710,312,4850,920,48.5,1.0649929,0.64375,4850,295,48.5,0.444509447,0.64375,3105,131,32.3333321,0.241669968,0.64375,3030,100,32.3333321,0.203673884,0.64375,3039,170,32.3333321,0.2914672,0.64375,4850,773,48.5,1.00095081,0.64375,2989,57,32.3333321,0.170043632,0.64375,2967,53,32.3333321,0.1621017,0.64375,55.0000076,49.7500038,99.99749,25.5081711,11.3725929,69.1638947,9.515732,5.365032,63.9465256,39,0.25,0,55,0,85,0.416,1.01,16,16,16,32,48,30,295,160,130,0,0,0,16,38.75,0.25,0,55,0,85,0.416,1.01,16,16,16,32,48,30,295,160,130,0,0,0,16,512,-1,485.785156,485.480469,0.3046875,0.5,7618.451,7618.951,0,0,0,0,0,0,0,0,0,0,0,0,512,600,1200,3000,53,0.810000062,1.30500007,0,0,15,37,2670,10451.9824,999,999,30,30,6,3,1,0,19.028,18.855,0.975,11399.7813,289,5.827309,0,0,0,0.003726637,0,0.7589462,0.7496686,0,0,0,0,0,0,47.15625,44,16376,4674,11701,71.45319,52.503,20199424,1.534976E+07
05/27/2026 13:27:34,44,54,0,54,59,51,51,52,52,69,12.144001,5.04,1.312,1.396,0.992000043,0.322000027,0.676000059,3.292,2.046,0,3.37600017,3.37600017,3.124,55,45,45,44.5,984,710,0,864,759,0,0,0,0,0,25,14.06,6.25,4.69,7.81,15.62,3.12,1.56,9.77,25,33.9716034,3449,332,4850,1012,48.5,1.11776257,0.65625,3233,316,32.3333321,0.5044524,0.65625,2947,135,32.3333321,0.267492,0.65625,2935,88,32.3333321,0.215355262,0.65625,3021,177,32.3333321,0.3333967,0.65625,4850,818,48.5,1.07051265,0.65625,2886,59,32.3333321,0.190058514,0.65625,2868,48,32.3333321,0.172568649,0.65625,54.8750076,49.7500038,99.99748,25.5134621,11.3673019,69.17824,9.528557,5.352207,64.0327148,39,0.25,0,55,0,85,0.416,1.01,16,16,16,32,48,30,295,160,130,0,0,0,16,38.75,0.25,0,55,0,85,0.416,1.01,16,16,16,32,48,30,295,160,130,0,0,0,16,512,-1,485.785156,485.480469,0.3046875,0.5,7618.451,7618.951,0,0,0,0,0,0,0,0,0,0,0,0,512,600,1200,3000,52,0.960000038,1.30500007,0,4,15,37,2670,10451.9824,1002,1001,30,30,6,3,1,0,19.684,22.429,0.975,11399.7813,289,5.568695,0,0,0,0.0022022964,0,0.72151,0.716678858,0,0,0,0,0,0,47.21875,44,16376,4674,11701,71.45319,53.662,0,2.004992E+07
05/27/2026 13:27:36,44,54,0,54,59,53,53,53,53,69,12.144001,5.04,1.312,1.396,0.986000061,0.328,0.676000059,3.292,2.046,0,3.37200022,3.37200022,3.124,54,45,45,44.5,1008,709,0,843,753,0,0,0,0,0,14.06,6.25,4.69,1.56,4.69,9.38,1.56,1.56,5.47,14.06,33.6896362,4187,286,4040,937,40.4,1.01142609,0.54375,4979,265,50.5,0.413416237,0.54375,3744,123,40.4,0.214309484,0.54375,4691,87,50.5,0.1952601,0.54375,3784,166,40.4,0.2820168,0.54375,5050,594,50.5,0.891842544,0.54375,3652,66,40.4,0.165253088,0.54375,3559,48,40.4,0.145406783,0.54375,54.8750076,49.2500038,99.99749,25.5361748,11.3445892,69.23982,9.545761,5.335003,64.14833,39,0.25,0,55,0,85,0.416,1.01,16,16,16,32,48,30,295,160,130,0,0,0,16,38.75,0.25,0,55,0,85,0.416,1.01,16,16,16,32,48,30,295,160,130,0,0,0,16,512,-1,485.785156,485.480469,0.3046875,0.5,7618.451,7618.951,0,0,0,0,0,0,0,0,0,0,0,0,512,600,1200,3000,53,0.979000032,1.30500007,0,4,16,37,2670,10451.9824,998,999,30,30,6,3,1,0,18.303,21.447,0.975,11399.7813,289,5.63894749,0,0,0,0.00279937149,0,0.7249469,0.7232412,0,0,0,0,0,0,47.1875,46,16376,4674,11701,71.45319,54.401,899072,2.02496E+07
05/27/2026 13:27:38,44,54,0,54,59,51,51,52,52,69,12.144001,5.05,1.312,1.396,0.968000054,0.316,0.676000059,3.292,2.046,0,3.37600017,3.37600017,3.124,54,45,44.5,44.5,992,683,0,854,753,0,0,0,0,0,15.38,6.15,0,1.54,3.08,7.69,0,0,4.23,15.38,34.3122177,4137,323,5050,1078,50.5,1.14629734,0.54375,3983,299,40.4,0.449775845,0.54375,3750,140,40.4,0.253423959,0.54375,3704,89,40.4,0.203612253,0.54375,3774,178,40.4,0.309500426,0.54375,5050,637,50.5,0.9256829,0.54375,3742,71,40.4,0.183653876,0.54375,4040,95,40.4,0.209463447,0.54375,55.0000076,49.2500038,99.99748,25.5067825,11.3739815,69.1601257,9.510658,5.37010574,63.9124336,39,0.25,0,55,0,85,0.416,1.01,16,16,16,32,48,30,295,160,130,0,0,0,16,38.75,0.25,0,55,0,85,0.416,1.01,16,16,16,32,48,30,295,160,130,0,0,0,16,512,-1,485.785156,485.480469,0.3046875,0.5,7618.451,7618.951,0,0,0,0,0,0,0,0,0,0,0,0,512,600,1200,3000,53,0.960000038,1.30500007,0,0,16,37,2670,10451.9824,1001,1001,30,30,6,3,1,0,17.587,22.46,0.975,11399.7617,287.5586,5.627273,0,0,0,0.003632033,0,0.730740964,0.7246006,0,0,0,0,0,0,47.15625,44,16376,4674,11701,71.45319,52.756,899072,2.004992E+07
05/27/2026 13:27:40,45,54,0,55,60,53,53,53,53,70,12.144001,5.04,1.312,1.396,0.9760001,0.316,0.678000033,3.292,2.046,0,3.37600017,3.37600017,3.12800026,55,45,44.5,44.5,997,683,0,856,750,0,0,0,0,0,17.19,9.38,4.69,4.69,7.81,14.06,6.25,4.69,8.59,17.19,34.86043,3244,277,4850,894,48.5,0.997362256,0.64375,3184,262,32.3333321,0.426077157,0.64375,2971,105,32.3333321,0.211975351,0.64375,2963,88,32.3333321,0.184435666,0.64375,2997,165,32.3333321,0.293330461,0.64375,3233,598,32.3333321,0.8848242,0.64375,2892,56,32.3333321,0.159364432,0.64375,2859,45,32.3333321,0.150174618,0.64375,55.3750076,49.7500038,99.99749,25.5368919,11.3438721,69.24176,9.547047,5.33371735,64.15697,39,0.25,0,55,0,85,0.416,1.01,16,16,16,32,48,30,295,160,130,0,0,0,16,38.75,0.25,0,55,0,85,0.416,1.01,16,16,16,32,48,30,295,160,130,0,0,0,16,512,-1,485.785156,485.480469,0.3046875,0.5,7618.451,7618.951,0,0,0,0,0,0,0,0,0,0,0,0,512,600,1200,3000,53,0.935000062,1.30500007,0,4,16,37,2670,10451.9824,1001,999,30,30,6,3,1,0,19.114,18.244,0.975,11399.7617,287.5586,5.46516371,0,0,0,0.00339307031,0,0.7064216,0.70332104,0,0,0,0,0,0,47.21875,44,16376,4674,11701,71.45319,52.381,9.319936E+07,299008
05/27/2026 13:27:42,45,54,0,55,60,53,53,53,53,70,12.12,5.03,1.31000006,1.396,0.984,0.320000023,0.676000059,3.292,2.046,0,3.36800027,3.36800027,3.11600018,55,44.5,45,44.5,996,710,0,851,776,0,0,0,0,0,18.46,3.08,4.62,3.08,1.54,15.38,1.54,3.08,6.35,18.46,34.24902,4752,343,5050,1115,50.5,1.16046739,0.55625,4850,340,48.5,0.594649553,0.525,4706,151,48.5,0.2723337,0.525,4636,108,48.5,0.2293209,0.525,4713,221,48.5,0.3713738,0.525,4850,669,48.5,1.007589,0.525,4612,73,48.5,0.203383878,0.525,4595,64,48.5,0.186683431,0.525,55.0000076,49.2500038,99.99749,25.5155983,11.3651657,69.18403,9.519871,5.36089325,63.97434,39,0.25,0,55,0,85,0.416,1.01,16,16,16,32,48,30,295,160,130,0,0,0,16,38.75,0.25,0,55,0,85,0.416,1.01,16,16,16,32,48,30,295,160,130,0,0,0,16,512,-1,485.785156,485.480469,0.3046875,0.5,7618.451,7618.951,0,0,0,0,0,0,0,0,0,0,0,0,512,600,1200,3000,52,0.960000038,1.30500007,0,0,15,37,2670,10451.9824,999,999,30,30,6,3,1,0,19.758,24.6,0.975,11400.1367,287.5586,5.596109,0,0,0,0.00225296617,0,0.7251162,0.7214078,0,0,0,0,0,0,47.15625,44,16376,4674,11701,71.45549,54.096,899072,20499456
05/27/2026 13:27:44,45,53,0,55,60,53,53,53,53,70,12.12,5.03,1.31000006,1.39200008,0.982000053,0.316,0.676000059,3.288,2.046,0,3.36800027,3.36800027,3.12000012,55,45,45,44.5,997,704,0,854,782,0,0,0,0,0,17.19,7.81,0,0,4.69,12.5,0,0,5.27,17.19,33.8133354,3972,314,4040,1068,40.4,1.11819446,0.5125,3964,298,40.4,0.525956452,0.5125,4720,112,50.5,0.226308554,0.5125,3748,92,40.4,0.199887991,0.5125,3848,192,40.4,0.319578379,0.5125,4040,639,40.4,0.95551306,0.5125,3692,55,40.4,0.161791444,0.5125,3725,59,40.4,0.1487039,0.5125,54.8750076,49.2500038,99.99749,25.5099144,11.37085,69.16862,9.522789,5.357975,63.9939537,39,0.25,0,55,0,85,0.416,1.01,16,16,16,32,48,30,295,160,130,0,0,0,16,38.75,0.25,0,55,0,85,0.416,1.01,16,16,16,32,48,30,295,160,130,0,0,0,16,512,-1,485.785156,485.480469,0.3046875,0.5,7618.451,7618.951,0,0,0,0,0,0,0,0,0,0,0,0,512,600,1200,3000,52,0.955000043,1.30500007,0,2,15,37,2670,10451.9824,1000,999,30,30,6,3,1,0,19.444,23.355,0.975,11400.1367,287.5586,5.82939053,0,0,0,0.00289219921,0,0.7860061,0.778408945,0,0,0,0,0,0,47.1875,44,16376,4674,11701,71.45549,54.223,999424,20299776
05/27/2026 13:27:46,44,53,0,55,60,51,51,52,52,69,12.12,5.03,1.31000006,1.39200008,0.986000061,0.326,0.678000033,3.288,2.046,0,3.37200022,3.36800027,3.12000012,54,44.5,44.5,44.5,1002,697,0,869,782,0,0,0,0,0,23.44,3.12,4.69,1.56,3.12,12.5,3.12,1.56,6.64,23.44,34.4053535,3835,356,5050,1162,50.5,1.223982,0.61875,4040,367,40.4,0.6404403,0.61875,3059,121,32.3333321,0.244431362,0.5875,3014,87,32.3333321,0.203517884,0.5875,4642,195,48.5,0.350182235,0.5875,4850,791,48.5,1.10415208,0.5875,3031,66,32.3333321,0.18213366,0.5875,2997,57,32.3333321,0.166359365,0.5875,55.0000076,49.2500038,99.99748,25.5057983,11.3749657,69.1574554,9.513538,5.36722565,63.93179,39,0.25,0,55,0,85,0.416,1.01,16,16,16,32,48,30,295,160,130,0,0,0,16,38.75,0.25,0,55,0,85,0.416,1.01,16,16,16,32,48,30,295,160,130,0,0,0,16,512,-1,485.785156,485.480469,0.3046875,0.5,7618.451,7618.951,0,0,0,0,0,0,0,0,0,0,0,0,512,600,1200,3000,53,1.05500007,1.30500007,0,9,16,37,2670,10451.9824,1001,1002,30,30,6,3,1,0,19.025,23.349,0.975,11400.1367,287.5586,5.59027863,0,0,0,0.0028479863,0,0.760014057,0.7518784,0,0,0,0,0,0,47.15625,44,16376,4674,11701,71.45549,52.742,3399680,3.784909E+07
05/27/2026 13:27:48,44,53,0,54,59,51,51,51,51,69,12.12,5.03,1.31000006,1.39200008,0.9760001,0.314,0.678000033,3.288,2.046,0,3.37200022,3.36800027,3.12000012,54,44.5,45,44.5,982,667,0,865,761,0,0,0,0,0,15.62,6.25,0,1.56,1.56,7.81,0,0,4.1,15.62,34.37815,4174,303,4850,985,48.5,1.08902025,0.6375,3853,298,38.8,0.584158957,0.6375,3633,126,38.8,0.233612329,0.6375,3607,84,38.8,0.198085889,0.6375,3596,163,38.8,0.3015753,0.6375,4850,642,48.5,0.9274556,0.6375,4539,76,48.5,0.174044877,0.64375,4461,50,48.5,0.150946051,0.64375,54.8750076,53.2500038,99.99749,25.5061569,11.3746071,69.15843,9.521751,5.3590126,63.98698,39,0.25,0,55,0,85,0.416,1.01,16,16,16,32,48,30,295,160,130,0,0,0,16,38.75,0.25,0,55,0,85,0.416,1.01,16,16,16,32,48,30,295,160,130,0,0,0,16,512,-1,485.785156,485.480469,0.3046875,0.5,7618.451,7618.951,0,0,0,0,0,0,0,0,0,0,0,0,512,600,1200,3000,52,0.989,1.30500007,0,2,16,37,2670,10451.9824,1002,1000,30,30,6,3,1,0,19.354,23.499,0.975,11400.5117,287.5586,5.28857374,0,0,0,0.00293836137,0,0.725636244,0.718945563,0,0,0,0,0,0,47.1875,44,16376,4674,11701,71.45778,52.993,0,2.02496E+07
05/27/2026 13:27:50,44,53,0,54,59,51,51,51,51,69,12.12,5.03,1.31000006,1.39200008,0.986000061,0.322000027,0.676000059,3.288,2.046,0,3.37200022,3.36800027,3.12000012,54,44.5,45,44.5,990,667,0,854,752,0,0,0,0,0,26.98,14.29,3.17,3.17,4.76,12.7,0,0,8.13,26.98,34.077404,3646,319,4040,1146,40.4,1.18979371,0.525,4001,301,40.4,0.4973625,0.525,3718,114,40.4,0.2499769,0.525,3070,82,33.6666679,0.20111005,0.525,3247,231,33.6666679,0.378070325,0.525,5050,559,50.5,0.9033497,0.525,3017,69,33.6666679,0.182266057,0.525,3021,53,33.6666679,0.164681271,0.525,54.7500076,49.7500038,99.99749,25.5126877,11.3680763,69.17614,9.519722,5.361042,63.9733429,39,0.25,0,55,0,85,0.416,1.01,16,16,16,32,48,30,295,160,130,0,0,0,16,38.75,0.25,0,55,0,85,0.416,1.01,16,16,16,32,48,30,295,160,130,0,0,0,16,512,-1,485.785156,485.480469,0.3046875,0.5,7618.451,7618.951,0,0,0,0,0,0,0,0,0,0,0,0,512,600,1200,3000,53,1.04500008,1.30500007,0,12,16,37,2670,10451.9824,999,1001,30,30,6,3,1,0,18.429,24.633,0.975,11400.5117,287.5586,5.64879847,0,0,0,0.00300086825,0,0.729170859,0.7224967,0,0,0,0,0,0,47.0625,44,16376,4674,11701,71.45778,54.432,899072,20399104
05/27/2026 13:27:52,44,53,0,54,59,51,51,51,51,69,12.12,5.04,1.31000006,1.39200008,0.98,0.320000023,0.676000059,3.288,2.046,0,3.36800027,3.36800027,3.12000012,54,44.5,44.5,44.5,978,692,0,844,768,0,0,0,0,0,21.88,4.69,0,0,6.25,6.25,1.56,0,5.08,21.88,34.1294022,4101,306,5050,1063,50.5,1.1137743,0.525,4005,282,40.4,0.5065479,0.525,3793,129,40.4,0.2392113,0.525,3735,81,40.4,0.188918278,0.525,3800,176,40.4,0.3078543,0.525,5050,607,50.5,0.911048234,0.525,3710,65,40.4,0.1589222,0.525,3664,46,40.4,0.145242691,0.525,54.6250076,49.2500038,99.9975,25.5055,11.3752632,69.15665,9.519295,5.36146927,63.97047,39,0.25,0,55,0,85,0.416,1.01,16,16,16,32,48,30,295,160,130,0,0,0,16,38.75,0.25,0,55,0,85,0.416,1.01,16,16,16,32,48,30,295,160,130,0,0,0,16,512,-1,485.785156,485.480469,0.3046875,0.5,7618.451,7618.951,0,0,0,0,0,0,0,0,0,0,0,0,512,600,1200,3000,52,0.979000032,1.30500007,0,0,15,37,2670,10451.9824,1000,999,30,30,6,3,1,0,19.146,23.561,0.975,11400.5117,287.5586,5.93568,0,0,0,0.00285384734,0,0.735264,0.7270151,0,0,0,0,0,0,47.1875,44,16376,4674,11701,71.45778,53.542,1099776,20549632
05/27/2026 13:27:54,44,53,0,54,59,51,51,51,51,69,12.12,5.04,1.31000006,1.39200008,0.98,0.318000019,0.676000059,3.288,2.046,0,3.37200022,3.36800027,3.12000012,54,44.5,44.5,44.5,995,667,0,858,749,0,0,0,0,0,18.46,4.62,0,0,3.08,12.31,0,0,4.81,18.46,34.1150436,4053,331,4040,1154,40.4,1.187696,0.51875,4040,300,40.4,0.5238225,0.51875,3824,130,40.4,0.249856815,0.51875,3798,86,40.4,0.212814,0.51875,3919,201,40.4,0.3303996,0.51875,5050,598,50.5,0.9243327,0.55,4027,117,40.4,0.2253124,0.55,3725,64,40.4,0.1704317,0.55,54.6250076,58.5000038,99.99749,25.5133781,11.3673859,69.17801,9.524483,5.35628128,64.00534,39,0.25,0,55,0,85,0.416,1.01,16,16,16,32,48,30,295,160,130,0,0,0,16,38.75,0.25,0,55,0,85,0.416,1.01,16,16,16,32,48,30,295,160,130,0,0,0,16,512,-1,485.785156,485.480469,0.3046875,0.5,7618.451,7618.951,0,0,0,0,0,0,0,0,0,0,0,0,512,600,1200,3000,53,0.974000037,1.30500007,0,2,15,37,2670,10451.9824,1001,1001,30,30,6,3,1,0,18.923,23.138,0.975,11400.5117,287.5586,5.563633,0,0,0,0.00368115027,0,0.7242564,0.7117583,0,0,0,0,0,0,47.15625,44,16376,4674,11701,71.45778,52.503,1449984,19849216
05/27/2026 13:27:56,44,53,0,54,59,51,51,51,51,69,12.12,5.04,1.31000006,1.39200008,0.982000053,0.320000023,0.676000059,3.288,2.046,0,3.37200022,3.36800027,3.12000012,54,44.5,45,44.5,980,667,0,841,748,0,0,0,0,0,17.19,3.12,0,1.56,4.69,3.12,0,0,3.71,17.19,34.91099,4031,278,4850,908,48.5,1.00968552,0.6375,3880,292,38.8,0.426369548,0.6375,3748,109,38.8,0.221695751,0.6375,3751,82,38.8,0.183050841,0.6375,3760,166,38.8,0.278547049,0.6375,4850,557,48.5,0.844584942,0.6375,3685,58,38.8,0.159651309,0.6375,3724,56,38.8,0.143752992,0.6375,55.0000076,49.7500038,99.99749,25.53357,11.3471947,69.23276,9.546322,5.334442,64.1521,39,0.25,0,55,0,85,0.416,1.01,16,16,16,32,48,30,295,160,130,0,0,0,16,38.75,0.25,0,55,0,85,0.416,1.01,16,16,16,32,48,30,295,160,130,0,0,0,16,512,-1,485.785156,485.480469,0.3046875,0.5,7618.451,7618.951,0,0,0,0,0,0,0,0,0,0,0,0,512,600,1200,3000,52,0.950000048,1.30500007,0,2,16,37,2670,10451.9824,1000,1000,30,30,6,3,1,0,19.512,23.823,0.975,11400.5117,287.5586,5.58762646,0,0,0,0.00290437858,0,0.7227427,0.716914,0,0,0,0,0,0,47.1875,44,16376,4674,11701,71.45778,53.534,0,20549632
05/27/2026 13:27:58,44,53,0,54,59,51,51,52,52,69,12.12,5.04,1.31000006,1.39200008,0.978000045,0.316,0.676000059,3.288,2.046,0,3.36800027,3.36800027,3.12000012,55,44.5,45,44.5,991,692,0,856,768,0,0,0,0,0,23.44,4.69,3.12,0,6.25,15.62,1.56,1.56,7.03,23.44,34.1916733,4045,349,4040,1120,40.4,1.18564808,0.5125,4033,329,40.4,0.5172648,0.5125,3790,138,40.4,0.264488161,0.5125,3765,96,40.4,0.217320919,0.5125,3881,208,40.4,0.333045,0.5125,5050,731,50.5,1.02612042,0.5125,4850,119,48.5,0.242135316,0.525,2954,52,32.3333321,0.1716979,0.525,55.0000076,49.2500038,99.99748,25.51196,11.3688049,69.1741638,9.520123,5.36064148,63.9760323,39,0.25,0,55,0,85,0.416,1.01,16,16,16,32,48,30,295,160,130,0,0,0,16,38.75,0.25,0,55,0,85,0.416,1.01,16,16,16,32,48,30,295,160,130,0,0,0,16,512,-1,485.785156,485.480469,0.3046875,0.5,7618.451,7618.951,0,0,0,0,0,0,0,0,0,0,0,0,512,600,1200,3000,53,1.03500009,1.30500007,0,8,16,37,2670,10451.9824,1001,1000,30,30,6,3,1,0,19.518,24.042,0.975,11400.5117,287.5586,5.35558748,0,0,0,0.00298743416,0,0.7348687,0.724432766,0,0,0,0,0,0,47.1875,44,16376,4674,11701,71.45778,54.229,849920,2.044928E+07
05/27/2026 13:28:00,45,53,0,55,60,53,53,53,53,70,12.12,5.04,1.31000006,1.39200008,0.9760001,0.316,0.676000059,3.288,2.046,0,3.36800027,3.36800027,3.12000012,55,44.5,44.5,44.5,1004,667,0,843,768,0,0,0,0,0,12.5,7.81,1.56,0,6.25,12.5,0,0,5.08,12.5,34.34036,3897,295,4850,1054,48.5,1.072093,0.64375,4769,284,48.5,0.458570153,0.64375,3021,116,32.3333321,0.215558723,0.64375,3022,88,32.3333321,0.18391934,0.64375,4476,171,48.5,0.2892037,0.64375,5050,542,50.5,0.84869945,0.5375,3035,59,33.6666679,0.162902832,0.5375,2953,49,33.6666679,0.148407891,0.5375,55.1250076,49.2500038,99.99748,25.5392113,11.3415527,69.2480545,9.5498085,5.33095551,64.17552,39,0.25,0,55,0,85,0.416,1.01,16,16,16,32,48,30,295,160,130,0,0,0,16,38.75,0.25,0,55,0,85,0.416,1.01,16,16,16,32,48,30,295,160,130,0,0,0,16,512,-1,485.785156,485.480469,0.3046875,0.5,7618.451,7618.951,0,0,0,0,0,0,0,0,0,0,0,0,512,600,1200,3000,52,0.974000037,1.30500007,0,2,15,37,2670,10451.9824,1000,1001,30,30,6,3,1,0,18.919,23.44,0.975,11400.5117,287.5586,5.87016344,0,0,0,0.00287963846,0,0.7327472,0.725940764,0,0,0,0,0,0,47.09375,44,16376,4674,11701,71.45778,52.908,899072,20499456
05/27/2026 13:28:02,45,53,0,55,60,53,53,53,53,70,12.12,5.03,1.30800009,1.39200008,0.984,0.320000023,0.676000059,3.288,2.046,0,3.36800027,3.36800027,3.11600018,55,44.5,45,44.5,1005,692,0,852,757,0,0,0,0,0,21.54,1.56,1.54,0,3.12,7.81,0,0,4.45,21.54,34.8883,3568,335,4850,1046,48.5,1.1417526,0.68125,3233,337,32.3333321,0.5979865,0.68125,3130,148,32.3333321,0.27574414,0.68125,3112,101,32.3333321,0.229501337,0.68125,3144,194,32.3333321,0.346069872,0.68125,4850,710,48.5,1.00430119,0.68125,3134,76,32.3333321,0.20510976,0.68125,3089,65,32.3333321,0.18679291,0.68125,55.2500076,49.7500038,99.99749,25.507267,11.373497,69.16144,9.515205,5.36555862,63.94299,39,0.25,0,55,0,85,0.416,1.01,16,16,16,32,48,30,295,160,130,0,0,0,16,38.75,0.25,0,55,0,85,0.416,1.01,16,16,16,32,48,30,295,160,130,0,0,0,16,512,-1,485.785156,485.480469,0.3046875,0.5,7618.451,7618.951,0,0,0,0,0,0,0,0,0,0,0,0,512,600,1200,3000,52,0.965000033,1.30500007,0,2,15,37,2670,10451.9824,999,999,30,30,6,3,1,0,19.089,18.511,0.975,11400.5117,287.789063,5.527967,0,0,0,0.002977862,0,0.728107,0.730611563,0,0,0,0,0,0,47.0625,44,16376,4674,11701,71.45778,52.505,0,21249024
05/27/2026 13:28:04,44,53,0,55,60,51,51,51,51,69,12.0960007,5.03,1.31000006,1.39200008,0.978000045,0.318000019,0.676000059,3.288,2.046,0,3.36800027,3.36800027,3.11600018,54,44.5,44.5,44.5,1006,692,0,866,762,0,0,0,0,0,9.52,6.35,0,0,3.17,11.11,0,0,3.77,11.11,33.79427,4032,314,4040,1016,40.4,1.0808562,0.54375,3995,288,40.4,0.500114858,0.54375,3885,126,40.4,0.228218213,0.54375,3849,90,40.4,0.193488017,0.54375,3872,178,40.4,0.304301232,0.54375,5050,714,50.5,1.01029825,0.5375,3771,60,40.4,0.159964144,0.53125,3798,44,40.4,0.1398997,0.53125,54.8750076,59.3750038,99.99749,25.507309,11.373455,69.16155,9.523586,5.35717773,63.99931,39,0.25,0,55,0,85,0.416,1.01,16,16,16,32,48,30,295,160,130,0,0,0,16,38.75,0.25,0,55,0,85,0.416,1.01,16,16,16,32,48,30,295,160,130,0,0,0,16,512,-1,485.785156,485.480469,0.3046875,0.5,7618.451,7618.951,0,0,0,0,0,0,0,0,0,0,0,0,512,600,1200,3000,52,0.965000033,1.30500007,0,2,16,37,2670,10451.9824,1001,1000,30,30,6,3,1,0,19.662,24.639,0.975,11400.5117,287.789063,5.909843,0,0,0,0.00292095914,0,0.7442724,0.7324782,0,0,0,0,0,0,47.0625,44,16376,4674,11701,71.45778,54.07,899072,20199424
05/27/2026 13:28:06,44,53,0,55,60,53,53,53,53,70,12.12,5.03,1.31000006,1.39200008,0.9760001,0.326,0.676000059,3.28400016,2.046,0,3.36800027,3.36800027,3.11600018,54,44.5,45,44.5,995,667,0,851,762,0,0,0,0,0,14.06,3.12,1.56,0,3.12,10.94,1.56,0,4.3,14.06,33.7918434,4108,302,5050,1056,50.5,1.10528636,0.53125,4000,275,40.4,0.4590399,0.53125,3785,123,40.4,0.230070472,0.53125,3804,91,40.4,0.189806223,0.53125,3804,176,40.4,0.303029358,0.53125,5050,586,50.5,0.896135569,0.5375,3703,62,40.4,0.162142724,0.5375,3672,50,40.4,0.147691637,0.5375,54.8750076,49.2500038,99.9975,25.5054016,11.3753624,69.15638,9.514702,5.366062,63.9396057,39,0.25,0,55,0,85,0.416,1.01,16,16,16,32,48,30,295,160,130,0,0,0,16,38.75,0.25,0,55,0,85,0.416,1.01,16,16,16,32,48,30,295,160,130,0,0,0,16,512,-1,485.785156,485.480469,0.3046875,0.5,7618.451,7618.951,0,0,0,0,0,0,0,0,0,0,0,0,512,600,1200,3000,53,0.965000033,1.30500007,0,4,15,37,2670,10451.9824,999,1001,30,30,6,3,1,0,19.357,23.349,0.975,11400.5117,287.789063,5.70750952,0,0,0,0.00374431279,0,0.735945165,0.7312978,0,0,0,0,0,0,47.15625,44,16376,4674,11701,71.45778,53.946,899072,20649984
05/27/2026 13:28:08,44,53,0,54,59,51,51,51,51,69,12.12,5.03,1.30800009,1.39200008,0.98,0.316,0.676000059,3.288,2.046,0,3.36800027,3.36800027,3.11600018,54,44.5,44.5,44.5,997,692,0,872,783,0,0,0,0,0,17.19,1.56,1.56,1.56,0,6.25,0,0,3.52,17.19,33.8106651,4233,295,5050,1013,50.5,1.06440723,0.53125,5025,292,50.5,0.4986277,0.53125,3802,125,40.4,0.235680223,0.53125,3724,84,40.4,0.183162659,0.53125,3808,169,40.4,0.2883385,0.53125,5050,565,50.5,0.887217045,0.53125,3717,60,40.4,0.164822936,0.53125,3691,49,40.4,0.14989163,0.53125,54.5000076,49.2500038,99.99748,25.5039635,11.3768005,69.15248,9.520706,5.360058,63.9799538,39,0.25,0,55,0,85,0.416,1.01,16,16,16,32,48,30,295,160,130,0,0,0,16,38.75,0.25,0,55,0,85,0.416,1.01,16,16,16,32,48,30,295,160,130,0,0,0,16,512,-1,485.785156,485.480469,0.3046875,0.5,7618.451,7618.951,0,0,0,0,0,0,0,0,0,0,0,0,512,600,1200,3000,52,0.969000041,1.30500007,0,2,16,37,2670,10451.9824,1000,1000,30,30,6,3,1,0,18.86,23.055,0.975,11400.5117,287.789063,5.86946058,0,0,0,0.00215174584,0,0.750498235,0.743213,0,0,0,0,0,0,47.21875,44,16376,4674,11701,71.45778,52.407,849920,20649984
05/27/2026 13:28:10,44,53,0,54,59,51,51,51,51,69,12.12,5.04,1.31000006,1.39200008,0.9760001,0.316,0.676000059,3.28400016,2.046,0,3.36800027,3.36800027,3.11600018,54,44.5,45,44.5,981,692,0,854,753,0,0,0,0,0,20.31,9.38,4.69,4.69,4.69,6.25,3.12,3.12,7.03,20.31,34.1125526,3830,301,4850,1069,48.5,1.111805,0.65,4711,284,48.5,0.446452916,0.65,2971,122,32.3333321,0.2505982,0.65,2939,84,32.3333321,0.203386441,0.65,2962,166,32.3333321,0.302736282,0.65,4850,556,48.5,0.8782017,0.6375,2976,67,32.3333321,0.191227868,0.6375,4382,59,48.5,0.170908689,0.6375,54.5000076,49.2500038,99.99749,25.50597,11.374794,69.15792,9.517513,5.36325073,63.9585,39,0.25,0,55,0,85,0.416,1.01,16,16,16,32,48,30,295,160,130,0,0,0,16,38.75,0.25,0,55,0,85,0.416,1.01,16,16,16,32,48,30,295,160,130,0,0,0,16,512,-1,485.785156,485.480469,0.3046875,0.5,7618.451,7618.951,0,0,0,0,0,0,0,0,0,0,0,0,512,600,1200,3000,53,0.969000041,1.30500007,0,2,15,37,2670,10451.9824,1000,1000,30,30,6,3,1,0,19.328,18.832,0.975,11400.5117,287.789063,5.63785028,0,0,0,0.00280653615,0,0.71140784,0.70437187,0,0,0,0,0,0,47.1875,44,16376,4674,11701,71.45778,52.841,9.344922E+07,299008
05/27/2026 13:28:12,44,53,0,54,59,51,51,51,51,69,12.12,5.03,1.31000006,1.39200008,0.984,0.320000023,0.676000059,3.288,2.046,0,3.36800027,3.36800027,3.11600018,54,44.5,44.5,44.5,991,666,0,842,768,0,0,0,0,0,20.63,3.17,3.17,3.17,3.17,9.52,0,1.59,5.56,20.63,33.404747,4304,279,4850,903,48.5,1.00069535,0.6375,4850,260,48.5,0.4476215,0.6375,3765,120,38.8,0.219811782,0.6375,3675,79,38.8,0.178959221,0.6375,4644,155,48.5,0.26861605,0.6375,5050,616,50.5,0.900294542,0.54375,3798,51,40.4,0.1575696,0.54375,3796,46,40.4,0.1497495,0.54375,54.2500076,49.2500038,99.99749,25.50536,11.3754044,69.1562653,9.52162552,5.35913849,63.9861374,39,0.25,0,55,0,85,0.416,1.01,16,16,16,32,48,30,295,160,130,0,0,0,16,38.75,0.25,0,55,0,85,0.416,1.01,16,16,16,32,48,30,295,160,130,0,0,0,16,512,-1,485.785156,485.480469,0.3046875,0.5,7618.451,7618.951,0,0,0,0,0,0,0,0,0,0,0,0,512,600,1200,3000,52,1.079,1.30500007,0,8,16,37,2670,10451.9824,1000,1000,30,30,6,3,1,0,19.734,24.374,0.975,11400.5117,287.789063,5.758081,0,0,0,0.00292103924,0,0.730952442,0.7243575,0,0,0,0,0,0,47.1875,44,16376,4674,11701,71.45778,54.513,899072,20649984
05/27/2026 13:28:14,44,53,0,54,59,51,51,51,51,69,12.12,5.03,1.31000006,1.39200008,0.982000053,0.324,0.676000059,3.28400016,2.046,0,3.36800027,3.36800027,3.11600018,54,44.5,44.5,44.5,978,692,0,852,749,0,0,0,0,0,19.05,7.94,3.17,1.59,1.59,7.94,1.59,1.59,5.56,19.05,34.2146645,4039,306,4850,1028,48.5,1.11197913,0.64375,5050,307,50.5,0.510101438,0.64375,3827,121,40.4,0.247301713,0.56875,3786,84,40.4,0.203569263,0.56875,3874,180,40.4,0.3234314,0.56875,3367,616,33.6666679,0.908839941,0.56875,3793,63,40.4,0.1773731,0.56875,3766,50,40.4,0.165591627,0.55625,54.3750076,49.7500038,99.99749,25.5047646,11.3759995,69.1546555,9.513294,5.36747,63.93015,39,0.25,0,55,0,85,0.416,1.01,16,16,16,32,48,30,295,160,130,0,0,0,16,38.75,0.25,0,55,0,85,0.416,1.01,16,16,16,32,48,30,295,160,130,0,0,0,16,512,-1,485.785156,485.480469,0.3046875,0.5,7618.451,7618.951,0,0,0,0,0,0,0,0,0,0,0,0,512,600,1200,3000,53,0.969000041,1.30500007,0,5,16,37,2670,10451.9824,1000,1000,30,30,6,3,1,0,19.175,23.32,0.975,11400.5117,287.789063,5.730849,0,0,0,0.00296340371,0,0.771607637,0.7579942,0,0,0,0,0,0,47.09375,44,16376,4674,11701,71.45778,53.726,899072,19949568
05/27/2026 13:28:16,44,53,0,54,59,51,51,51,51,69,12.12,5.03,1.31000006,1.39200008,0.98,0.314,0.676000059,3.288,2.046,0,3.36800027,3.36800027,3.12000012,54,44.5,44.5,44.5,989,667,0,857,748,0,0,0,0,0,25,3.12,0,1.56,1.56,17.19,1.56,0,6.25,25,33.8977127,3986,322,4040,983,40.4,1.08397937,0.5625,4040,312,40.4,0.5401352,0.5625,3785,120,40.4,0.244471163,0.5625,3796,93,40.4,0.22414054,0.5625,3764,181,40.4,0.314040959,0.5625,5050,760,50.5,1.0050379,0.5625,3696,71,40.4,0.183586136,0.5625,3717,57,40.4,0.167422384,0.5625,54.2500076,49.2500038,99.99748,25.5113411,11.3694229,69.1724854,9.52055,5.360214,63.9789047,39,0.25,0,55,0,85,0.416,1.01,16,16,16,32,48,30,295,160,130,0,0,0,16,38.75,0.25,0,55,0,85,0.416,1.01,16,16,16,32,48,30,295,160,130,0,0,0,16,512,-1,485.785156,485.480469,0.3046875,0.5,7618.451,7618.951,0,0,0,0,0,0,0,0,0,0,0,0,512,600,1200,3000,53,0.974000037,1.30500007,0,4,15,37,2670,10451.9824,1001,1000,30,30,6,3,1,0,18.737,22.968,0.975,11400.8867,287.789063,5.745416,0,0,0,0.00278219185,0,0.7258218,0.724720955,0,0,0.0186546966,0,0,0,47.15625,44,16376,4673,11702,71.46007,52.408,899072,1.979904E+07
05/27/2026 13:28:18,44,53,0,54,59,51,51,51,51,69,12.12,5.03,1.31000006,1.39200008,0.986000061,0.314,0.676000059,3.288,2.046,0,3.36800027,3.36800027,3.12000012,54,44.5,45,44.5,978,667,0,838,767,0,0,0,0,0,20.31,9.38,3.12,0,4.69,14.06,0,0,6.45,20.31,34.6397171,4198,362,4040,1218,40.4,1.28356361,0.54375,4040,315,40.4,0.571253061,0.54375,3882,139,40.4,0.271001965,0.525,3861,96,40.4,0.226895154,0.525,3913,209,40.4,0.3447188,0.525,5050,766,50.5,1.07919371,0.525,3796,65,40.4,0.191486284,0.525,5000,87,50,0.205418453,0.51875,54.7500076,49.7500038,99.99749,25.5181274,11.3626366,69.19089,9.528549,5.352215,64.03266,39,0.25,0,55,0,85,0.416,1.01,16,16,16,32,48,30,295,160,130,0,0,0,16,38.75,0.25,0,55,0,85,0.416,1.01,16,16,16,32,48,30,295,160,130,0,0,0,16,512,-1,485.785156,485.480469,0.3046875,0.5,7618.451,7618.951,0,0,0,0,0,0,0,0,0,0,0,0,512,600,1200,3000,53,0.969000041,1.30500007,0,2,15,37,2670,10451.9824,1000,1000,30,30,6,3,1,0,19.707,20.692,0.975,11400.8867,287.5586,5.612831,0,0,0,0.002755723,0,0.7105759,0.7034032,0,0,0,0,0,0,47.15625,44,16376,4673,11702,71.46007,53.496,118699008,249856
05/27/2026 13:28:20,44,53,0,54,59,53,53,53,53,70,12.0960007,5.03,1.30800009,1.39200008,0.966,0.314,0.676000059,3.28400016,2.046,0,3.36800027,3.36800027,3.11600018,55,44,45,44.5,994,692,0,843,768,0,0,0,0,0,14.06,4.69,3.12,0,3.12,9.38,0,0,4.3,14.06,33.89785,4571,296,4850,963,48.5,1.04311979,0.625,4850,287,48.5,0.463675141,0.625,4606,123,48.5,0.232094809,0.625,4580,85,48.5,0.189770579,0.625,4660,175,48.5,0.296163768,0.625,4850,621,48.5,0.9047128,0.625,4538,65,48.5,0.163486272,0.625,3637,47,38.8,0.149776667,0.625,55.3750076,49.2500038,99.99749,25.51149,11.3692741,69.17289,9.521809,5.35895538,63.9873657,39,0.25,0,55,0,85,0.416,1.01,16,16,16,32,48,30,295,160,130,0,0,0,16,38.75,0.25,0,55,0,85,0.416,1.01,16,16,16,32,48,30,295,160,130,0,0,0,16,512,-1,485.785156,485.480469,0.3046875,0.5,7618.451,7618.951,0,0,0,0,0,0,0,0,0,0,0,0,512,600,1200,3000,52,1.03000009,1.30500007,0,6,16,37,2670,10451.9824,1000,1000,30,30,6,3,1,0,19.497,19.968,0.975,11401.2617,287.5586,5.84654856,0,0,0,0.00300332322,0,0.7264375,0.7168526,0,0,0,0,0,0,47.15625,44,16376,4673,11702,71.46236,54.479,9.15497E+07,249856
05/27/2026 13:28:22,45,53,0,55,60,53,53,53,53,70,12.0960007,5.03,1.30800009,1.39200008,0.978000045,0.316,0.676000059,3.288,2.046,0,3.36800027,3.36800027,3.11600018,55,44.5,45,44.5,1011,667,0,866,754,0,0,0,0,0,28.12,6.25,1.56,3.12,3.12,15.62,0,1.56,7.42,28.12,34.40611,4049,334,4850,958,48.5,1.07247317,0.65625,3880,316,38.8,0.49819544,0.6375,3742,143,38.8,0.271790415,0.6375,3707,105,38.8,0.2271878,0.6375,3808,218,38.8,0.3537358,0.6375,4850,723,48.5,1.00521624,0.6375,3880,130,38.8,0.2529732,0.6375,3673,78,38.8,0.202277258,0.6375,55.1250076,49.7500038,99.99748,25.5488586,11.3319054,69.2742157,9.550491,5.33027267,64.1801147,39,0.25,0,55,0,85,0.416,1.01,16,16,16,32,48,30,295,160,130,0,0,0,16,38.75,0.25,0,55,0,85,0.416,1.01,16,16,16,32,48,30,295,160,130,0,0,0,16,512,-1,485.785156,485.480469,0.3046875,0.5,7618.451,7618.951,0,0,0,0,0,0,0,0,0,0,0,0,512,600,1200,3000,52,0.974000037,1.30500007,0,3,16,37,2670,10451.9824,999,999,30,30,6,3,1,0,19.081,17.288,0.975,11401.2617,287.5586,5.7695837,0,0,0,0.002211809,0,0.7349338,0.7253225,0,0,0,0,0,0,47.15625,44,16376,4673,11702,71.46236,53.276,8.129946E+07,449536
05/27/2026 13:28:24,45,53,0,55,60,53,53,53,53,70,12.0960007,5.03,1.30800009,1.39200008,0.974000037,0.320000023,0.676000059,3.28400016,2.046,0,3.36800027,3.364,3.11600018,55,44,44.5,44.5,1004,666,0,869,759,0,0,0,0,0,14.06,4.69,0,0,1.56,18.75,1.56,0,5.08,18.75,33.78673,3460,317,4850,737,48.5,0.9612802,0.64375,3172,305,32.3333321,0.469799668,0.64375,3080,180,32.3333321,0.284822643,0.65625,2946,86,32.3333321,0.208418757,0.65625,2992,164,32.3333321,0.2925702,0.65625,4850,938,48.5,1.11572635,0.65625,2924,67,32.3333321,0.18517606,0.65625,2864,57,32.3333321,0.171809211,0.65625,55.0000076,48.7500038,99.99748,25.511692,11.369072,69.17343,9.523376,5.35738754,63.9979,39,0.25,0,55,0,85,0.416,1.01,16,16,16,32,48,30,295,160,130,0,0,0,16,38.75,0.25,0,55,0,85,0.416,1.01,16,16,16,32,48,30,295,160,130,0,0,0,16,512,-1,485.785156,485.480469,0.3046875,0.5,7618.451,7618.951,0,0,0,0,0,0,0,0,0,0,0,0,512,600,1200,3000,53,0.969000041,1.30500007,0,0,15,37,2670,10451.9824,1000,1001,30,30,6,3,1,0,19.241,22.678,0.975,11401.2656,288.285156,5.72670174,0,0,0,0.004589307,0,0.7272813,0.7138801,0,0,0.06669859,0,0,0,47.125,44,16376,4673,11702,71.46236,52.63,899072,21499904
05/27/2026 13:28:26,45,53,0,55,60,53,53,53,53,70,12.12,5.03,1.31000006,1.39200008,0.992000043,0.316,0.676000059,3.28400016,2.046,0,3.36800027,3.36800027,3.11600018,55,44.5,44.5,44.5,1005,692,0,850,780,0,0,0,0,0,19.05,3.17,1.56,3.12,1.59,19.05,0,0,5.94,19.05,34.3651428,3962,350,4850,912,48.5,1.090909,0.63125,3848,305,38.8,0.5191538,0.63125,3646,125,38.8,0.270928681,0.63125,3654,96,38.8,0.230474159,0.63125,3703,191,38.8,0.341008455,0.63125,4850,1052,48.5,1.20659292,0.63125,3564,67,38.8,0.199576661,0.63125,3585,51,38.8,0.179296389,0.63125,55.0000076,49.7500038,99.99749,25.517437,11.363327,69.18901,9.528503,5.35226059,64.03235,39,0.25,0,55,0,85,0.416,1.01,16,16,16,32,48,30,295,160,130,0,0,0,16,38.75,0.25,0,55,0,85,0.416,1.01,16,16,16,32,48,30,295,160,130,0,0,0,16,512,-1,485.785156,485.480469,0.3046875,0.5,7618.451,7618.951,0,0,0,0,0,0,0,0,0,0,0,0,512,600,1200,3000,53,1.05000007,1.30500007,0,8,16,37,2670,10451.9824,1001,1000,30,30,6,3,1,0,19.672,20.362,0.975,11401.2656,288.660156,5.720697,0,0,0,0.00242314464,0,0.7316109,0.7112525,0,0,0.0174486265,0,0,0,47.15625,44,16376,4673,11702,71.46236,53.934,899072,2.109952E+07
05/27/2026 13:28:28,45,53,0,55,60,53,53,53,53,70,12.12,5.04,1.31000006,1.39200008,0.9760001,0.324,0.676000059,3.288,2.046,0,3.36800027,3.36800027,3.12000012,55,44.5,45,44.5,1000,667,0,852,763,0,0,0,0,0,18.75,4.69,1.54,0,3.12,17.19,0,0,5.66,18.75,33.7820778,4491,300,4850,800,48.5,1.00738883,0.64375,4850,277,48.5,0.4888178,0.64375,4679,125,48.5,0.23639679,0.64375,4695,97,48.5,0.201510817,0.64375,4667,182,48.5,0.306245118,0.64375,4850,807,48.5,1.00572121,0.64375,3681,56,38.8,0.17149727,0.64375,3656,53,38.8,0.158186376,0.64375,55.0000076,49.2500038,99.9975,25.542038,11.338726,69.25572,9.553902,5.32686234,64.20303,39,0.25,0,55,0,85,0.416,1.01,16,16,16,32,48,30,295,160,130,0,0,0,16,38.75,0.25,0,55,0,85,0.416,1.01,16,16,16,32,48,30,295,160,130,0,0,0,16,512,-1,485.785156,485.480469,0.3046875,0.5,7618.451,7618.951,0,0,0,0,0,0,0,0,0,0,0,0,512,600,1200,3000,52,0.974000037,1.30500007,0,4,15,37,2670,10451.9824,999,1000,30,30,6,3,1,0,19.026,19.677,0.975,11401.2656,288.660156,5.793474,0,0,0,0.00396436732,0,0.745159864,0.7291914,0,0,0,0,0,0,47.1875,44,16376,4673,11702,71.46236,54.074,899072,2.089984E+07
05/27/2026 13:28:30,45,53,0,55,60,53,53,53,53,70,12.12,5.04,1.31000006,1.39200008,1.00200009,0.324,0.676000059,3.288,2.046,0,3.36800027,3.36800027,3.12000012,56,44.5,44.5,44.5,995,667,0,854,783,0,0,0,0,0,30.77,12.31,6.15,1.54,7.69,32.31,1.54,6.15,12.31,32.31,35.5645447,3567,540,4850,1295,48.5,1.46003675,0.65,3233,531,32.3333321,0.817740142,0.65,3132,216,32.3333321,0.403589129,0.65,3083,149,32.3333321,0.3166924,0.65,3182,367,32.3333321,0.5863098,0.65,4850,1395,48.5,1.595361,0.65,2973,105,32.3333321,0.269527763,0.65,3233,266,32.3333321,0.4251753,0.65,56.1250076,49.7500038,99.9975,25.5777245,11.30304,69.35248,9.573238,5.30752563,64.33298,39,0.25,0,55,0,85,0.416,1.01,16,16,16,32,48,30,295,160,130,0,0,0,16,38.75,0.25,0,55,0,85,0.416,1.01,16,16,16,32,48,30,295,160,130,0,0,0,16,512,-1,485.785156,485.480469,0.3046875,0.5,7618.451,7618.951,0,0,0,0,0,0,0,0,0,0,0,0,512,600,1200,3000,53,0.995000064,1.30500007,0,6,16,37,2670,10451.9824,1000,998,30,30,6,3,1,0,18.214,19.538,0.975,11401.6445,289.050781,5.79550362,0,0,0,0.00314212474,0,0.7321653,0.7277984,0,0,0.0287710223,0,0,0,47.09375,44,16376,4672,11703,71.4646454,52.451,899072,20149248
05/27/2026 13:28:32,46,53,0,56,61,54,54,54,54,71,12.12,5.03,1.30800009,1.39200008,0.986000061,0.314,0.676000059,3.288,2.046,0,3.36800027,3.36800027,3.11600018,56,44.5,45,44.5,1030,691,0,859,770,0,0,0,0,0,19.05,9.52,4.76,3.17,4.76,14.29,3.17,4.76,7.94,19.05,34.0655823,4003,343,4020,915,40.2,1.079981,0.51875,3999,336,40.2,0.5378481,0.51875,3768,123,40.2,0.2551141,0.51875,3775,102,40.2,0.224393025,0.51875,3818,202,40.2,0.3481647,0.51875,5050,939,50.5,1.11046588,0.525,3792,68,40.4,0.180502951,0.525,3799,56,40.4,0.176620141,0.525,56.1250076,54.2500038,99.99749,25.6034355,11.2773285,69.4221954,9.596798,5.283966,64.4913,39,0.25,0,55,0,85,0.416,1.01,16,16,16,32,48,30,295,160,130,0,0,0,16,38.75,0.25,0,55,0,85,0.416,1.01,16,16,16,32,48,30,295,160,130,0,0,0,16,512,-1,485.785156,485.480469,0.3046875,0.5,7618.451,7618.951,0,0,0,0,0,0,0,0,0,0,0,0,512,600,1200,3000,53,0.965000033,1.30500007,0,2,16,37,2670,10451.9824,999,1002,30,30,6,3,1,0,18.576,19.435,0.975,11402.02,289.175781,5.80924225,0,0,0,0.002904606,0,0.739504635,0.727170169,0,0,0.0438514836,0,0,0,47.1875,44,16376,4672,11703,71.46694,52.697,799744,499712
05/27/2026 13:28:34,47,53,0,56,62,54,54,54,54,71,12.12,5.03,1.30800009,1.39200008,0.9760001,0.316,0.676000059,3.28400016,2.046,0,3.36800027,3.36800027,3.11600018,55,44.5,45,44.5,1047,667,0,879,777,0,0,0,0,0,17.19,6.35,3.17,1.59,3.17,18.75,0,1.59,6.48,18.75,34.6404762,3925,326,4850,801,48.5,1.03132617,0.6375,3233,304,32.3333321,0.5049607,0.6375,3082,127,32.3333321,0.253812432,0.6375,3233,134,32.3333321,0.2544823,0.6375,3061,180,32.3333321,0.3159563,0.6375,4850,934,48.5,1.10284793,0.6375,4514,67,48.5,0.183676049,0.65,4579,61,48.5,0.175242022,0.65,55.8750076,50.2500038,99.99749,25.6083031,11.2724609,69.4353943,9.601982,5.278782,64.52614,39,0.25,0,55,0,85,0.416,1.01,16,16,16,32,48,30,295,160,130,0,0,0,16,38.75,0.25,0,55,0,85,0.416,1.01,16,16,16,32,48,30,295,160,130,0,0,0,16,512,-1,485.785156,485.480469,0.3046875,0.5,7618.451,7618.951,0,0,0,0,0,0,0,0,0,0,0,0,512,600,1200,3000,52,0.969000041,1.30500007,0,2,15,37,2670,10451.9824,999,999,30,30,6,3,1,0,18.605,24.383,0.975,11402.02,289.175781,5.780108,0,0,0,0.00235460163,0,0.727452159,0.7196002,0,0,0,0,0,0,47.1875,44,16376,4672,11703,71.46694,54.226,9.229926E+07,849920
05/27/2026 13:28:36,46,53,0,56,61,53,53,53,53,70,12.12,5.03,1.31000006,1.39200008,0.992000043,0.320000023,0.678000033,3.288,2.046,0,3.36800027,3.37200022,3.12000012,55,44.5,44.5,44.5,1041,692,0,868,801,0,0,0,0,0,20.31,7.81,6.25,1.56,4.69,14.06,1.56,0,7.03,20.31,34.1421051,4245,327,4850,823,48.5,1.04101968,0.6375,4850,334,48.5,0.525797546,0.6375,3880,193,38.8,0.3196141,0.6375,3640,92,38.8,0.215599135,0.6375,4628,171,48.5,0.317294538,0.6375,4850,879,48.5,1.05466247,0.6375,3643,67,38.8,0.18993111,0.6375,3622,60,38.8,0.174304456,0.6375,55.6250076,49.7500038,99.99749,25.5707283,11.3100357,69.33351,9.578865,5.301899,64.37079,39,0.25,0,55,0,85,0.416,1.01,16,16,16,32,48,30,295,160,130,0,0,0,16,38.75,0.25,0,55,0,85,0.416,1.01,16,16,16,32,48,30,295,160,130,0,0,0,16,512,-1,485.785156,485.480469,0.3046875,0.5,7618.451,7618.951,0,0,0,0,0,0,0,0,0,0,0,0,512,600,1200,3000,52,0.969000041,1.30500007,0,4,15,37,2670,10451.9824,1000,999,30,30,6,3,1,0,17.902,18.953,0.975,11402.02,289.175781,5.68313837,0,0,0,0.003091849,0,0.736380339,0.724163055,0,0,0,0,0,0,47.09375,44,16376,4672,11703,71.46694,53.472,9.25993E+07,299008
05/27/2026 13:28:38,45,53,0,55,60,53,53,53,53,70,12.12,5.04,1.31000006,1.39200008,0.982000053,0.322000027,0.676000059,3.288,2.046,0,3.36800027,3.36800027,3.11600018,55,44.5,44.5,44.5,1019,692,0,860,796,0,0,0,0,0,15.38,3.08,1.54,0,1.54,16.92,0,0,4.81,16.92,34.3592873,3892,326,4850,850,48.5,1.05292165,0.64375,4821,327,48.5,0.5284123,0.64375,3046,115,32.3333321,0.236252546,0.64375,2989,83,32.3333321,0.205760479,0.64375,4574,181,48.5,0.339087039,0.64375,4850,933,48.5,1.10374379,0.64375,2990,58,32.3333321,0.176387608,0.64375,3018,57,32.3333321,0.166167751,0.64375,55.7500076,49.7500038,99.99749,25.60215,11.278614,69.41871,9.598064,5.28269958,64.49981,39,0.25,0,55,0,85,0.416,1.01,16,16,16,32,48,30,295,160,130,0,0,0,16,38.75,0.25,0,55,0,85,0.416,1.01,16,16,16,32,48,30,295,160,130,0,0,0,16,512,-1,485.785156,485.480469,0.3046875,0.5,7618.451,7618.951,0,0,0,0,0,0,0,0,0,0,0,0,512,600,1200,3000,53,0.969000041,1.30500007,0,0,15,37,2670,10451.9824,1001,1001,30,30,6,3,1,0,18.477,17.497,0.975,11402.02,289.175781,5.758424,0,0,0,0.00236684084,0,0.737595439,0.7246927,0,0,0,0,0,0,47.125,44,16376,4672,11703,71.46694,52.44,102799360,249856
05/27/2026 13:28:40,45,53,0,55,60,53,53,53,53,70,12.12,5.03,1.31000006,1.39200008,0.988000035,0.314,0.676000059,3.288,2.046,0,3.37200022,3.36800027,3.11600018,55,44.5,44.5,44.5,996,666,0,852,786,0,0,0,0,0,14.06,3.12,3.08,1.54,3.08,10.94,0,0,4.48,14.06,34.3939857,4336,357,4850,966,48.5,1.12297606,0.64375,4850,348,48.5,0.599102855,0.64375,4549,146,48.5,0.282293558,0.64375,3597,90,38.8,0.2229545,0.64375,4600,208,48.5,0.358647436,0.64375,5000,962,50,1.16836607,0.50625,3685,73,40,0.202301174,0.50625,3556,63,39.6,0.187535152,0.50625,55.3750076,49.2500038,99.99748,25.5805969,11.3001671,69.36027,9.574806,5.305958,64.34351,39,0.25,0,55,0,85,0.416,1.01,16,16,16,32,48,30,295,160,130,0,0,0,16,38.75,0.25,0,55,0,85,0.416,1.01,16,16,16,32,48,30,295,160,130,0,0,0,16,512,-1,485.785156,485.480469,0.3046875,0.5,7618.451,7618.951,0,0,0,0,0,0,0,0,0,0,0,0,512,600,1200,3000,52,1.04500008,1.30500007,0,5,16,37,2670,10451.9824,1001,1001,30,30,6,3,1,0,19.437,20.32,0.975,11402.02,289.175781,5.766917,0,0,0,0.00149219972,0,0.725475848,0.711957157,0,0,0,0,0,0,47.0625,44,16376,4672,11703,71.46694,52.98,8.494899E+07,299008
05/27/2026 13:28:42,45,53,0,55,60,53,53,53,53,70,12.12,5.03,1.31000006,1.39200008,0.972000062,0.320000023,0.676000059,3.288,2.046,0,3.37200022,3.36800027,3.12000012,55,44.5,45,44.5,999,692,0,851,784,0,0,0,0,0,11.11,9.52,4.76,0,1.59,19.05,0,0,5.75,19.05,34.53212,4103,323,4850,763,48.5,1.00598133,0.55625,4832,320,48.5,0.5196163,0.55625,4591,137,48.5,0.256278038,0.55625,3085,95,32.3333321,0.2134461,0.55625,4622,192,48.5,0.330584854,0.55625,4850,965,48.5,1.1267184,0.55625,3011,63,32.3333321,0.190838248,0.55625,2985,49,32.3333321,0.171342954,0.55625,55.3750076,50.2500038,99.99748,25.5746155,11.3061485,69.34405,9.585117,5.29564667,64.4128,39,0.25,0,55,0,85,0.416,1.01,16,16,16,32,48,30,295,160,130,0,0,0,16,38.75,0.25,0,55,0,85,0.416,1.01,16,16,16,32,48,30,295,160,130,0,0,0,16,512,-1,485.785156,485.480469,0.3046875,0.5,7618.451,7618.951,0,0,0,0,0,0,0,0,0,0,0,0,512,600,1200,3000,52,0.965000033,1.30500007,0,0,16,37,2670,10451.9824,1000,1000,30,30,6,3,1,0,19.589,20.038,0.975,11402.02,289.1914,5.73579931,0,0,0,0.00532093551,0,0.7388044,0.721011639,0,0,0,0,0,0,47.125,46,16376,4672,11703,71.46694,54.289,0,249856
05/27/2026 13:28:44,45,53,0,55,60,53,53,53,53,70,12.12,5.03,1.31000006,1.39200008,0.982000053,0.314,0.676000059,3.288,2.046,0,3.36800027,3.36800027,3.12000012,55,44.5,44.5,44.5,994,692,0,855,783,0,0,0,0,0,12.5,4.69,3.12,3.12,3.12,14.06,0,0,5.08,14.06,34.09971,4534,324,4850,810,48.5,1.05950582,0.55,4850,317,48.5,0.498361945,0.55,4541,132,48.5,0.26277712,0.55,4539,114,48.5,0.230439529,0.55,4561,183,48.5,0.314443916,0.55,4850,903,48.5,1.07935417,0.55,4500,66,48.5,0.194254443,0.55,3580,65,38.8,0.180602923,0.55,55.0000076,50.2500038,99.99749,25.5712852,11.3094788,69.33502,9.581661,5.299103,64.38958,39,0.25,0,55,0,85,0.416,1.01,16,16,16,32,48,30,295,160,130,0,0,0,16,38.75,0.25,0,55,0,85,0.416,1.01,16,16,16,32,48,30,295,160,130,0,0,0,16,512,-1,485.785156,485.480469,0.3046875,0.5,7618.451,7618.951,0,0,0,0,0,0,0,0,0,0,0,0,512,600,1200,3000,52,0.955000043,1.30500007,0,2,16,37,2670,10451.9824,1000,1000,30,30,6,3,1,0,19.061,17.574,0.975,11402.02,289.1914,5.77082634,0,0,0,0.002072261,0,0.7406081,0.7235695,0,0,0,0,0,0,47.21875,44,16376,4672,11703,71.46694,52.868,849920,24749056
05/27/2026 13:28:46,44,53,0,55,60,52,52,53,53,69,12.12,5.03,1.31000006,1.39200008,0.982000053,0.324,0.676000059,3.288,2.046,0,3.36800027,3.36800027,3.11600018,55,44.5,44.5,44.5,993,667,0,866,784,0,0,0,0,0,14.29,7.94,3.17,3.17,3.17,17.46,3.17,3.17,6.94,17.46,34.2731056,4230,314,4850,801,48.5,1.01191676,0.64375,4850,337,48.5,0.5115221,0.64375,3699,136,38.8,0.2578194,0.64375,3675,103,38.8,0.223131582,0.64375,4639,183,48.5,0.32535252,0.64375,4850,818,48.5,1.05358589,0.64375,3660,80,38.8,0.197159052,0.64375,3616,57,38.8,0.177110553,0.64375,55.0000076,49.2500038,99.99749,25.5809135,11.29985,69.36113,9.577515,5.30324936,64.36171,39,0.25,0,55,0,85,0.416,1.01,16,16,16,32,48,30,295,160,130,0,0,0,16,38.75,0.25,0,55,0,85,0.416,1.01,16,16,16,32,48,30,295,160,130,0,0,0,16,512,-1,485.785156,485.480469,0.3046875,0.5,7618.451,7618.951,0,0,0,0,0,0,0,0,0,0,0,0,512,600,1200,3000,52,1.03500009,1.30500007,0,5,16,37,2670,10451.9824,999,999,30,30,6,3,1,0,19.082,18.318,0.975,11402.02,289.1914,5.841134,0,0,0,0.00383404316,0,0.745264947,0.731713951,0,0,0,0,0,0,47.09375,44,16376,4672,11703,71.46694,52.137,55199744,149504
05/27/2026 13:28:48,45,53,0,55,60,53,53,53,53,70,12.12,5.04,1.31000006,1.39200008,0.968000054,0.314,0.676000059,3.288,2.046,0,3.36800027,3.36800027,3.11600018,56,44.5,45,44.5,1000,692,0,867,764,0,0,0,0,0,20,7.69,6.25,1.56,3.08,16.92,0,1.56,7.13,20,34.55341,3614,369,4040,889,40.4,1.10012436,0.51875,4040,361,40.4,0.5464032,0.51875,3163,148,33.6666679,0.281640679,0.51875,3158,114,33.6666679,0.2477994,0.51875,3200,224,33.6666679,0.374044985,0.51875,4975,982,49.75,1.18288887,0.53125,3019,72,33.1666679,0.202392429,0.53125,3317,165,33.1666679,0.3050031,0.53125,55.8750076,59.0000038,99.99748,25.5938644,11.2869,69.39624,9.589325,5.291439,64.44108,39,0.25,0,55,0,85,0.416,1.01,16,16,16,32,48,30,295,160,130,0,0,0,16,38.75,0.25,0,55,0,85,0.416,1.01,16,16,16,32,48,30,295,160,130,0,0,0,16,512,-1,485.785156,485.480469,0.3046875,0.5,7618.451,7618.951,0,0,0,0,0,0,0,0,0,0,0,0,512,600,1200,3000,53,0.969000041,1.30500007,0,2,16,37,2670,10451.9824,1001,1001,30,30,6,3,1,0,19.774,20.524,0.975,11402.02,289.1914,5.71887827,0,0,0,0.00226914464,0,0.7223113,0.7149787,0,0,0,0,0,0,47.09375,44,16376,4672,11703,71.46694,53.515,899072,849920
05/27/2026 13:28:50,45,53,0,55,60,53,53,53,53,70,12.12,5.04,1.31000006,1.396,0.98,0.322000027,0.678000033,3.288,2.046,0,3.36800027,3.36800027,3.12000012,55,44.5,44.5,44.5,1009,667,0,852,784,0,0,0,0,0,23.81,4.62,3.12,3.12,4.69,20.31,3.12,0,7.85,23.81,34.6759758,4371,411,5025,973,50.25,1.19082189,0.51875,5050,391,50.5,0.5902665,0.55,3943,190,40.4,0.326130182,0.55,3862,124,40.4,0.263172418,0.55,3985,243,40.4,0.4099182,0.55,4040,1130,40.4,1.30235183,0.55,4040,138,40.4,0.283038765,0.55,5025,97,50.25,0.234786868,0.51875,55.7500076,49.7500038,99.99748,25.6255913,11.2551727,69.48227,9.618263,5.262501,64.6355438,39,0.25,0,55,0,85,0.416,1.01,16,16,16,32,48,30,295,160,130,0,0,0,16,38.75,0.25,0,55,0,85,0.416,1.01,16,16,16,32,48,30,295,160,130,0,0,0,16,512,-1,485.785156,485.480469,0.3046875,0.5,7618.451,7618.951,0,0,0,0,0,0,0,0,0,0,0,0,512,600,1200,3000,52,0.955000043,1.30500007,0,0,16,37,2670,10451.9824,1001,1000,30,30,7,3,1,1,19.537,23.534,0.975,11402.02,289.1914,5.98157167,0,0,0,0.00368046737,0,0.7719976,0.7504532,0,0,0,0,0,0,47.1875,44,16376,4672,11703,71.46694,53.841,899072,24649728
05/27/2026 13:28:52,45,53,0,55,60,53,53,53,53,70,12.12,5.04,1.31000006,1.39200008,0.9760001,0.328,0.676000059,3.288,2.046,0,3.36800027,3.36800027,3.12000012,55,44.5,45,44.5,998,667,0,856,783,0,0,0,0,0,15.62,3.12,1.56,0,6.25,15.62,0,0,5.27,15.62,34.10174,4114,344,4850,806,48.5,1.01469266,0.65625,4850,341,48.5,0.531344354,0.65625,4686,163,48.5,0.288237423,0.65625,3023,111,32.3333321,0.238478974,0.65625,4640,189,48.5,0.342654526,0.65625,4850,1005,48.5,1.14113462,0.65625,3028,75,32.3333321,0.199202418,0.65625,2981,61,32.3333321,0.184843421,0.65625,55.5000076,49.7500038,99.9975,25.615345,11.265419,69.45448,9.608231,5.27253342,64.56813,39,0.25,0,55,0,85,0.416,1.01,16,16,16,32,48,30,295,160,130,0,0,0,16,38.75,0.25,0,55,0,85,0.416,1.01,16,16,16,32,48,30,295,160,130,0,0,0,16,512,-1,485.785156,485.480469,0.3046875,0.5,7618.451,7618.951,0,0,0,0,0,0,0,0,0,0,0,0,512,600,1200,3000,52,0.945000052,1.30500007,0,3,15,37,2670,10451.9824,999,999,30,30,6,3,1,0,18.992,17.602,0.975,11402.02,289.1914,5.9206686,0,0,0,0.00292250258,0,0.7327748,0.723977149,0,0,0,0,0,0,47.15625,44,16376,4672,11703,71.46694,52.193,9.644954E+07,249856
05/27/2026 13:28:54,45,53,0,55,60,53,53,53,53,70,12.12,5.03,1.31000006,1.39200008,0.9760001,0.316,0.676000059,3.288,2.046,0,3.37200022,3.36800027,3.12000012,56,44.5,45,44.5,996,692,0,851,784,0,0,0,0,0,15.87,4.76,1.59,0,0,19.05,1.59,1.59,5.56,19.05,35.8394051,3525,402,4850,949,48.5,1.154757,0.63125,3233,416,32.3333321,0.6657783,0.63125,3043,165,32.3333321,0.3371315,0.63125,2979,103,32.3333321,0.26381135,0.63125,3052,268,32.3333321,0.428377837,0.63125,4850,1104,48.5,1.317661,0.63125,3013,107,32.3333321,0.254765749,0.63125,3181,105,32.3333321,0.253997117,0.63125,56.3750076,49.2500038,99.99749,25.6080475,11.2727165,69.4347,9.602058,5.2787056,64.52665,39,0.25,0,55,0,85,0.416,1.01,16,16,16,32,48,30,295,160,130,0,0,0,16,38.75,0.25,0,55,0,85,0.416,1.01,16,16,16,32,48,30,295,160,130,0,0,0,16,512,-1,485.785156,485.480469,0.3046875,0.5,7618.451,7618.951,0,0,0,0,0,0,0,0,0,0,0,0,512,600,1200,3000,53,0.965000033,1.30500007,0,3,15,37,2670,10451.9824,1000,1000,30,30,6,3,1,0,19.386,19.162,0.975,11402.0234,289.457031,5.851018,0,0,0,0.005528861,0,0.7047702,0.701104939,0,0,0.0231553242,0,0,0,47.125,44,16376,4672,11703,71.46694,52.198,103049216,249856
05/27/2026 13:28:56,46,53,0,56,61,55,55,55,55,72,12.12,5.03,1.31000006,1.39200008,0.988000035,0.314,0.676000059,3.288,2.046,0,3.37200022,3.36800027,3.12000012,57,44.5,45,44.5,1031,667,0,868,783,0,0,0,0,0,24.62,7.69,3.12,0,4.62,21.54,1.56,0,7.89,24.62,36.07385,3930,521,4850,1312,48.5,1.53076708,0.65,3233,558,32.3333321,0.94102,0.65,3088,221,32.3333321,0.4238657,0.65,3083,165,32.3333321,0.342283219,0.65,3106,306,32.3333321,0.6131443,0.65,4850,1391,48.5,1.6327002,0.65,4582,114,48.5,0.2792354,0.65,4649,104,48.5,0.2621715,0.65,57.6250076,50.2500038,99.9975,25.6226082,11.2581558,69.47418,9.62964249,5.25112152,64.71201,39,0.25,0,55,0,85,0.416,1.01,16,16,16,32,48,30,295,160,130,0,0,0,16,38.75,0.25,0,55,0,85,0.416,1.01,16,16,16,32,48,30,295,160,130,0,0,0,16,512,-1,485.785156,485.480469,0.3046875,0.5,7618.451,7618.951,0,0,0,0,0,0,0,0,0,0,0,0,512,600,1200,3000,52,0.969000041,1.30500007,0,0,15,37,2670,10451.9824,1001,1001,30,30,6,3,1,0,18.369,20.695,0.975,11402.0234,289.457031,5.561386,0,0,0,0.00213875249,0,0.7739321,0.7621088,0,0,0,0,0,0,47.09375,44,16376,4672,11703,71.46694,54.221,949248,2.494976E+07
05/27/2026 13:28:58,47,53,0,57,62,56,56,56,56,73,12.12,5.03,1.31000006,1.39200008,0.9760001,0.326,0.676000059,3.288,2.046,0,3.36800027,3.36800027,3.12000012,57,44.5,45,44.5,1046,667,0,885,775,0,0,0,0,0,9.23,7.69,3.08,4.62,6.15,18.46,1.54,3.08,6.73,18.46,35.22965,4316,441,4850,1026,48.5,1.25656378,0.6625,4821,409,48.5,0.7042357,0.6625,4496,155,48.5,0.2821745,0.6625,4621,134,48.5,0.2604885,0.6625,4535,223,48.5,0.40375796,0.6625,4850,1312,48.5,1.48500657,0.6625,3119,135,32.3333321,0.262557447,0.6625,3233,133,32.3333321,0.265139818,0.6625,57.1250076,49.7500038,99.99749,25.6238022,11.2569618,69.47742,9.630039,5.250725,64.7146759,39,0.25,0,55,0,85,0.416,1.01,16,16,16,32,48,30,295,160,130,0,0,0,16,38.75,0.25,0,55,0,85,0.416,1.01,16,16,16,32,48,30,295,160,130,0,0,0,16,512,-1,485.785156,485.480469,0.3046875,0.5,7618.451,7618.951,0,0,0,0,0,0,0,0,0,0,0,0,512,600,1200,3000,53,0.974000037,1.30500007,0,2,16,38,2670,10451.9824,1000,998,30,30,7,3,1,0,19.314,18.58,0.975,11402.0234,289.457031,5.92248249,0,0,0,0.00291962433,0,0.7307671,0.7161393,0,0,0,0,0,0,47.125,44,16376,4672,11703,71.46694,53.604,1699840,25249792
05/27/2026 13:29:00,47,53,0,57,62,55,55,55,55,71,12.12,5.03,1.31000006,1.39200008,0.988000035,0.33,0.676000059,3.288,2.046,0,3.37200022,3.36800027,3.12000012,56,44.5,45,44.5,1054,692,0,878,810,0,0,0,0,0,13.85,4.62,0,0,3.08,18.46,0,0,5,18.46,34.88451,4181,401,4850,938,48.5,1.17296886,0.64375,4850,407,48.5,0.6341161,0.64375,3798,153,38.8,0.304255962,0.64375,3767,115,38.8,0.238725543,0.64375,3880,328,38.8,0.5055507,0.64375,4850,1125,48.5,1.30232084,0.64375,3737,75,38.8,0.194577426,0.64375,3713,70,38.8,0.178887412,0.64375,56.5000076,49.7500038,99.99749,25.5966263,11.2841377,69.40373,9.609676,5.27108765,64.57784,39,0.25,0,55,0,85,0.416,1.01,16,16,16,32,48,30,295,160,130,0,0,0,16,38.75,0.25,0,55,0,85,0.416,1.01,16,16,16,32,48,30,295,160,130,0,0,0,16,512,-1,485.785156,485.480469,0.3046875,0.5,7618.451,7618.951,0,0,0,0,0,0,0,0,0,0,0,0,512,600,1200,3000,52,0.989,1.30500007,0,4,15,37,2670,10451.9824,1000,1000,30,30,6,3,1,0,18.793,17.108,0.975,11402.0234,289.457031,5.80459261,0,0,0,0.00232919538,0,0.722456932,0.713229358,0,0,0,0,0,0,47.09375,44,16376,4672,11703,71.46694,52.016,949248,18599936
05/27/2026 13:29:02,47,53,0,56,62,54,54,54,54,71,12.12,5.03,1.31000006,1.39200008,1.042,0.322000027,0.676000059,3.288,2.046,0,3.36800027,3.36800027,3.11600018,56,44.5,45,44.5,1048,667,0,886,807,0,0,0,0,0,25.4,4.69,3.12,4.69,3.12,22.22,1.56,4.69,8.69,25.4,35.3442879,4842,463,4850,872,48.5,1.1254276,0.64375,4850,562,48.5,0.72140044,0.64375,4850,257,48.5,0.3614072,0.64375,4850,199,48.5,0.291254431,0.64375,4787,292,48.5,0.434776276,0.64375,4850,946,48.5,1.1607492,0.64375,4850,140,48.5,0.2335406,0.64375,4850,437,48.5,0.447927266,0.64375,56.1250076,49.7500038,99.9975,25.5531883,11.3275757,69.28595,9.556683,5.32408142,64.2217255,39,0.25,0,55,0,85,0.416,1.01,16,16,16,32,48,30,295,160,130,0,0,0,16,38.75,0.25,0,55,0,85,0.416,1.01,16,16,16,32,48,30,295,160,130,0,0,0,16,512,-1,485.785156,485.480469,0.3046875,0.5,7618.451,7618.951,0,0,0,0,0,0,0,0,0,0,0,0,512,600,1200,3000,52,0.965000033,1.30500007,0,4,16,38,2670,10451.9824,1000,1001,30,30,6,3,1,0,19.385,19.876,0.975,11402.0234,289.6875,6.07632,0,0,0,0.00396002037,0,0.747262955,0.7362482,0,0,0,0,0,0,47.1875,44,16376,4672,11703,71.46694,52.336,111849472,249856
05/27/2026 13:29:04,47,53,0,56,62,54,54,54,54,71,12.12,5.03,1.31000006,1.39200008,0.986000061,0.320000023,0.676000059,3.288,2.046,0,3.36800027,3.36800027,3.11600018,56,44.5,44.5,44.5,1060,667,0,873,785,0,0,0,0,0,11.11,3.17,1.56,1.56,3.12,17.46,0,1.56,4.94,17.46,34.74328,4401,327,4850,918,48.5,1.10949683,0.64375,4850,290,48.5,0.465671659,0.64375,4722,125,48.5,0.234246492,0.64375,3746,97,38.8,0.212297738,0.64375,4728,190,48.5,0.306736559,0.64375,4850,887,48.5,1.05842471,0.64375,3729,60,38.8,0.172222674,0.64375,3730,50,38.8,0.156599164,0.64375,56.1250076,49.2500038,99.99749,25.5550652,11.3256989,69.2910461,9.575481,5.30528259,64.34805,39,0.25,0,55,0,85,0.416,1.01,16,16,16,32,48,30,295,160,130,0,0,0,16,39,0.25,0,55,0,85,0.416,1.01,16,16,16,32,48,30,295,160,130,0,0,0,16,512,-1,485.785156,485.480469,0.3046875,0.5,7618.451,7618.951,0,0,0,0,0,0,0,0,0,0,0,0,512,600,1200,3000,52,0.960000038,1.30500007,0,6,16,37,2670,10451.9824,1000,999,30,30,6,3,1,0,19.557,23.274,0.975,11402.0234,289.6875,5.9326086,0,0,0,0.00207763724,0,0.7257316,0.720930159,0,0,0,0,0,0,47.15625,44,16376,4672,11703,71.46694,53.662,4099072,149504
05/27/2026 13:29:06,47,53,0,56,62,54,54,54,54,71,12.12,5.03,1.30800009,1.39200008,0.974000037,0.326,0.676000059,3.28400016,2.046,0,3.364,3.364,3.11200023,55,44.5,45,44.5,1045,692,0,872,804,0,0,0,0,0,12.31,0,1.54,1.54,3.08,10.77,3.08,0,4.04,12.31,34.0024643,4726,309,4850,842,48.5,1.01206231,0.6625,4850,302,48.5,0.491143852,0.6625,4676,136,48.5,0.246977538,0.6625,4616,92,48.5,0.214996353,0.6625,4745,191,48.5,0.3285477,0.6625,4850,787,48.5,0.996902943,0.6625,4606,66,48.5,0.191977754,0.6625,4613,59,48.5,0.1760174,0.6625,55.6250076,49.2500038,99.99749,25.5545,11.3262634,69.289505,9.57806,5.302704,64.36538,39,0.25,0,55,0,85,0.416,1.01,16,16,16,32,48,30,295,160,130,0,0,0,16,38.75,0.25,0,55,0,85,0.416,1.01,16,16,16,32,48,30,295,160,130,0,0,0,16,512,-1,485.785156,485.480469,0.3046875,0.5,7618.451,7618.951,0,0,0,0,0,0,0,0,0,0,0,0,512,600,1200,3000,52,0.950000048,1.30500007,0,2,15,38,2670,10451.9824,1001,1002,30,30,6,3,1,0,19.115,17.58,0.975,11402.0234,289.6875,5.90376854,0,0,0,0.00293337228,0,0.727208734,0.7161789,0,0,0,0,0,0,47.125,44,16376,4672,11703,71.46694,52.89,0,249856
05/27/2026 13:29:08,45,53,0,55,60,53,53,53,53,70,12.12,5.03,1.31000006,1.39200008,0.972000062,0.316,0.676000059,3.28400016,2.046,0,3.36800027,3.364,3.11600018,55,44,44.5,44.5,1018,667,0,889,784,0,0,0,0,0,17.19,10.94,3.12,1.56,3.12,12.5,1.56,1.56,6.45,17.19,34.10932,3964,310,4850,727,48.5,0.947634161,0.65,4837,304,48.5,0.47190088,0.65,3656,132,38.8,0.24648574,0.65,3525,91,38.8,0.205461666,0.65,3625,174,38.8,0.307215,0.65,3880,891,38.8,1.08189332,0.65,3880,114,38.8,0.230721578,0.65,3463,48,38.8,0.164704978,0.64375,55.2500076,49.2500038,99.99749,25.559742,11.321022,69.30373,9.578434,5.30233,64.36789,39,0.25,0,55,0,85,0.416,1.01,16,16,16,32,48,30,295,160,130,0,0,0,16,38.75,0.25,0,55,0,85,0.416,1.01,16,16,16,32,48,30,295,160,130,0,0,0,16,512,-1,485.785156,485.480469,0.3046875,0.5,7618.451,7618.951,0,0,0,0,0,0,0,0,0,0,0,0,512,600,1200,3000,53,1.06000006,1.30500007,0,19,16,37,2670,10451.9824,999,999,30,30,6,3,1,0,19.123,17.814,0.975,11402.0156,288.6328,6.050044,0,0,0,0.00300981547,0,0.7447971,0.727541566,0,0,0,0,0,0,47.125,44,16376,4672,11703,71.46694,52.171,107348992,249856
05/27/2026 13:29:10,45,53,0,55,60,53,53,53,53,70,12.12,5.03,1.30800009,1.39200008,0.968000054,0.312,0.676000059,3.28400016,2.046,0,3.36800027,3.364,3.11600018,55,44.5,45,44.5,995,692,0,868,771,0,0,0,0,0,12.7,12.7,1.59,3.17,6.35,22.22,3.17,1.59,7.94,22.22,34.34417,3741,344,4850,850,48.5,1.06031477,0.64375,4850,333,48.5,0.560396254,0.64375,3037,138,32.3333321,0.2790351,0.64375,3077,110,32.3333321,0.2405878,0.64375,3071,202,32.3333321,0.3620738,0.64375,4850,952,48.5,1.11379552,0.64375,3233,118,32.3333321,0.243259117,0.64375,2962,53,32.3333321,0.178945079,0.64375,55.1250076,49.7500038,99.99749,25.56092,11.3198433,69.3069153,9.581425,5.29933929,64.3879852,39,0.25,0,55,0,85,0.416,1.01,16,16,16,32,48,30,295,160,130,0,0,0,16,38.75,0.25,0,55,0,85,0.416,1.01,16,16,16,32,48,30,295,160,130,0,0,0,16,512,-1,485.785156,485.480469,0.3046875,0.5,7618.451,7618.951,0,0,0,0,0,0,0,0,0,0,0,0,512,600,1200,3000,52,0.965000033,1.30500007,0,2,16,37,2670,10451.9824,1000,1000,30,30,6,3,1,0,19.733,20.365,0.975,11402.0156,288.6328,6.06195164,0,0,0,0.003026355,0,0.697036564,0.734703541,0,0,0,0,0,0,47.0625,44,16376,4672,11703,71.46694,53.424,1.089495E+08,99328
05/27/2026 13:29:12,45,53,0,55,60,53,53,53,53,70,12.12,5.03,1.30800009,1.39200008,0.972000062,0.312,0.676000059,3.28400016,2.046,0,3.364,3.364,3.11600018,55,44,44.5,44.5,997,691,0,872,766,0,0,0,0,0,13.85,3.12,1.56,0,1.56,13.85,1.56,0,4.44,13.85,34.4348068,3512,350,3233,991,32.3333321,1.17774034,0.6625,3221,331,32.3333321,0.5459232,0.65,3005,140,32.3333321,0.262417823,0.65,2968,88,32.3333321,0.214847192,0.65,4576,187,48.5,0.33224842,0.6625,5050,947,50.5,1.1876266,0.55,3055,65,33.6666679,0.191254348,0.55,2991,50,33.6666679,0.170831591,0.55,55.2500076,49.7500038,99.99749,25.55376,11.3270035,69.2875061,9.580635,5.300129,64.38268,39,0.25,0,55,0,85,0.416,1.01,16,16,16,32,48,30,295,160,130,0,0,0,16,39,0.25,0,55,0,85,0.416,1.01,16,16,16,32,48,30,295,160,130,0,0,0,16,512,-1,485.785156,485.480469,0.3046875,0.5,7618.451,7618.951,0,0,0,0,0,0,0,0,0,0,0,0,512,600,1200,3000,53,0.960000038,1.30500007,0,2,16,37,2670,10451.9824,1000,1001,30,30,6,3,1,0,19.495,19.521,0.975,11402.0156,288.6328,6.03522,0,0,0,0.00145635672,0,0.7588791,0.74810797,0,0,0,0,0,0,47.125,44,16376,4672,11703,71.46694,53.923,899072,24999936
05/27/2026 13:29:14,45,53,0,55,60,53,53,53,53,70,12.12,5.03,1.31000006,1.39200008,0.982000053,0.324,0.676000059,3.28400016,2.046,0,3.36800027,3.36800027,3.11600018,55,44,45,44.5,994,667,0,867,764,0,0,0,0,0,20,1.54,0,1.56,4.69,10.77,1.56,1.56,5.21,20,33.8433,4164,312,4850,1028,48.5,1.127432,0.65625,4850,285,48.5,0.5121188,0.65625,3801,136,38.8,0.242991358,0.65625,3801,107,38.8,0.210332617,0.65625,3758,166,38.8,0.298479348,0.65625,4850,669,48.5,0.965477347,0.65625,3706,57,38.8,0.170243487,0.65625,3698,46,38.8,0.155940115,0.65625,55.2500076,49.2500038,99.99748,25.5810661,11.2996979,69.36154,9.592529,5.28823471,64.462616,39,0.25,0,55,0,85,0.416,1.01,16,16,16,32,48,30,295,160,130,0,0,0,16,38.75,0.25,0,55,0,85,0.416,1.01,16,16,16,32,48,30,295,160,130,0,0,0,16,512,-1,485.785156,485.480469,0.3046875,0.5,7618.451,7618.951,0,0,0,0,0,0,0,0,0,0,0,0,512,600,1200,3000,52,0.969000041,1.30500007,0,3,15,37,2670,10451.9824,999,998,30,30,6,3,1,0,19.02,17.473,0.975,11402.0156,288.6328,5.912344,0,0,0,0.00294404267,0,0.7264724,0.7215093,0,0,0,0,0,0,47.15625,44,16376,4672,11703,71.46694,52.26,3.239936E+07,1799168
05/27/2026 13:29:16,45,53,0,55,60,53,53,53,53,70,12.0960007,5.03,1.30800009,1.39200008,0.986000061,0.316,0.676000059,3.28400016,2.046,0,3.36800027,3.364,3.11600018,55,44.5,44.5,44.5,1006,692,0,853,784,0,0,0,0,0,18.75,6.25,3.17,0,4.76,15.62,0,0,6.07,18.75,34.36384,3898,324,4850,1055,48.5,1.13092661,0.65625,4842,307,48.5,0.472718447,0.65625,3043,127,32.3333321,0.255674928,0.65625,3043,109,32.3333321,0.214016974,0.65625,4622,201,48.5,0.330392271,0.65625,4850,674,48.5,0.977394342,0.65625,2989,66,32.3333321,0.185210273,0.65625,2942,55,32.3333321,0.170496508,0.65625,55.2500076,49.7500038,99.99749,25.58794,11.2928238,69.38018,9.605225,5.2755394,64.54793,39,0.25,0,55,0,85,0.416,1.01,16,16,16,32,48,30,295,160,130,0,0,0,16,38.75,0.25,0,55,0,85,0.416,1.01,16,16,16,32,48,30,295,160,130,0,0,0,16,512,-1,485.785156,485.480469,0.3046875,0.5,7618.451,7618.951,0,0,0,0,0,0,0,0,0,0,0,0,512,600,1200,3000,52,0.974000037,1.30500007,0,2,15,37,2670,10451.9824,999,1001,30,30,6,3,1,0,19.176,18.292,0.975,11402.0156,288.6328,6.015796,0,0,0,0.00213608542,0,0.6939836,0.730693758,0,0,0,0,0,0,47.125,44,16376,4672,11703,71.46694,52.101,9.454899E+07,249856
05/27/2026 13:29:18,45,53,0,55,60,53,53,53,53,70,12.0960007,5.03,1.30800009,1.39200008,0.982000053,0.314,0.676000059,3.28400016,2.046,0,3.364,3.36800027,3.11600018,55,44.5,44.5,44.5,1006,691,0,855,783,0,0,0,0,0,20,3.08,3.12,3.12,6.25,15.38,0,0,6.37,20,33.6105652,3472,291,4850,878,48.5,1.01517522,0.6375,3195,294,32.3333321,0.47356537,0.6375,3009,119,32.3333321,0.218394741,0.6375,2993,85,32.3333321,0.190797657,0.6375,3020,175,32.3333321,0.290353477,0.6375,4850,670,48.5,0.948344469,0.6375,2944,60,32.3333321,0.166734159,0.6375,2912,47,32.3333321,0.1443946,0.6375,54.8750076,49.2500038,99.99749,25.5519638,11.3288,69.28263,9.582485,5.298279,64.39511,39,0.25,0,55,0,85,0.416,1.01,16,16,16,32,48,30,295,160,130,0,0,0,16,38.75,0.25,0,55,0,85,0.416,1.01,16,16,16,32,48,30,295,160,130,0,0,0,16,512,-1,485.785156,485.480469,0.3046875,0.5,7618.451,7618.951,0,0,0,0,0,0,0,0,0,0,0,0,512,600,1200,3000,53,0.969000041,1.30500007,0,5,16,37,2670,10451.9824,1002,999,30,30,6,3,1,0,19.666,24.339,0.975,11402.0156,288.402344,6.03621054,0,0,0,0.0042438,0,0.7539657,0.7419786,0,0,0,0,0,0,47.03125,44,16376,4672,11703,71.46694,53.811,1249280,2.174976E+07
05/27/2026 13:29:20,44,53,0,54,59,51,51,51,51,69,12.12,5.03,1.31000006,1.39200008,0.988000035,0.318000019,0.676000059,3.288,2.046,0,3.37200022,3.36800027,3.12000012,55,44.5,45,44.5,980,666,0,875,783,0,0,0,0,0,23.44,4.69,1.56,0,4.69,15.62,0,0,6.25,23.44,34.2303543,4360,351,4850,1035,48.5,1.147569,0.64375,4850,326,48.5,0.5687711,0.64375,4733,150,48.5,0.279516727,0.64375,4669,95,48.5,0.216465324,0.64375,4721,212,48.5,0.360613227,0.64375,4850,861,48.5,1.12111,0.64375,3099,70,32.3333321,0.1954989,0.64375,3106,60,32.3333321,0.179355681,0.64375,54.8750076,49.2500038,99.997345,25.557518,11.323246,69.29769,9.585239,5.2955246,64.41362,39,0.25,0,55,0,85,0.416,1.01,16,16,16,32,48,30,295,160,130,0,0,0,16,38.75,0.25,0,55,0,85,0.416,1.01,16,16,16,32,48,30,295,160,130,0,0,0,16,512,-1,485.785156,485.480469,0.3046875,0.5,7618.451,7618.951,0,0,0,0,0,0,0,0,0,0,0,0,512,600,1200,3000,52,0.969000041,1.30500007,0,2,16,37,2670,10451.9824,1000,1002,30,30,6,3,1,0,19.235,19.592,0.975,11402.0156,288.402344,5.8225975,0,0,0,0.00227235,0,0.7263846,0.721510947,0,0,0,0,0,0,47.03125,44,16376,4672,11703,71.46694,53.389,899072,22099968
05/27/2026 13:29:22,44,53,0,54,59,51,51,52,52,69,12.12,5.03,1.31000006,1.39200008,0.982000053,0.316,0.678000033,3.288,2.046,0,3.36800027,3.36800027,3.12000012,54,44.5,45,44.5,991,691,0,849,777,0,0,0,0,0,25,7.81,0,3.12,1.56,7.81,0,3.12,6.05,25,34.1049423,3535,317,5050,1213,50.5,1.23659968,0.5625,3932,294,40.4,0.523974359,0.5625,3072,115,33.6666679,0.235279188,0.5625,3024,92,33.6666679,0.205087557,0.5625,3154,175,33.6666679,0.302994072,0.5625,4040,529,40.4,0.8984877,0.5625,3017,66,33.6666679,0.178407773,0.5625,2989,51,33.6666679,0.1662393,0.5625,54.7500076,49.7500038,99.99748,25.54935,11.3314133,69.27554,9.576111,5.304653,64.35228,39,0.25,0,55,0,85,0.416,1.01,16,16,16,32,48,30,295,160,130,0,0,0,16,38.75,0.25,0,55,0,85,0.416,1.01,16,16,16,32,48,30,295,160,130,0,0,0,16,512,-1,485.785156,485.480469,0.3046875,0.5,7618.451,7618.951,0,0,0,0,0,0,0,0,0,0,0,0,512,600,1200,3000,52,0.974000037,1.30500007,0,2,16,37,2670,10451.9824,1000,1000,30,30,6,3,1,0,18.83,17.229,0.975,11402.3906,288.402344,5.95997238,0,0,0,0.00280899019,0,0.7342036,0.7263102,0,0,0,0,0,0,47.09375,46,16376,4672,11703,71.46923,51.8,9.82999E+07,249856
05/27/2026 13:29:24,44,53,0,54,59,51,51,51,51,69,12.12,5.04,1.31000006,1.39200008,0.986000061,0.316,0.676000059,3.288,2.046,0,3.36800027,3.36800027,3.12000012,54,44.5,45,44.5,981,667,0,839,753,0,0,0,0,0,23.81,9.52,3.17,4.76,9.52,17.46,0,1.59,8.73,23.81,34.3496246,4124,360,4850,1232,48.5,1.254405,0.64375,4850,352,48.5,0.526126564,0.64375,4643,138,48.5,0.263117731,0.64375,3082,104,32.3333321,0.236818388,0.64375,4626,198,48.5,0.348843277,0.64375,4850,722,48.5,1.030744,0.64375,3063,73,32.3333321,0.204842389,0.64375,3028,60,32.3333321,0.178826123,0.64375,54.8750076,49.7500038,99.99748,25.55505,11.3257141,69.291,9.583286,5.29747772,64.4005,39,0.25,0,55,0,85,0.416,1.01,16,16,16,32,48,30,295,160,130,0,0,0,16,38.75,0.25,0,55,0,85,0.416,1.01,16,16,16,32,48,30,295,160,130,0,0,0,16,512,-1,485.785156,485.480469,0.3046875,0.5,7618.451,7618.951,0,0,0,0,0,0,0,0,0,0,0,0,512,600,1200,3000,52,0.965000033,1.30500007,0,3,16,37,2670,10451.9824,999,999,30,30,6,3,1,0,19.4,19.388,0.975,11402.77,288.402344,5.82272768,0,0,0,0.00219813548,0,0.69005096,0.6891819,0,0,0.0234740414,0,0,0,47.15625,44,16376,4671,11704,71.47152,52.519,9.149952E+07,249856
05/27/2026 13:29:26,44,53,0,54,59,51,51,52,52,69,12.12,5.03,1.31000006,1.39200008,0.988000035,0.316,0.676000059,3.288,2.046,0,3.36800027,3.36800027,3.11600018,55,44.5,45,44.5,977,667,0,838,750,0,0,0,0,0,28.57,11.11,3.17,1.59,7.94,11.11,1.59,3.17,8.53,28.57,34.37208,3982,336,4850,1123,48.5,1.19295835,0.66875,3880,340,38.8,0.599859834,0.66875,3691,137,38.8,0.275817,0.66875,3653,89,38.8,0.225388065,0.66875,3679,194,38.8,0.358502865,0.66875,4850,665,48.5,0.999879,0.66875,3625,73,38.8,0.198295921,0.66875,3630,71,38.8,0.189958334,0.66875,54.8750076,49.7500038,99.99749,25.5501251,11.3306389,69.27765,9.580723,5.300041,64.38327,39,0.25,0,55,0,85,0.416,1.01,16,16,16,32,48,30,295,160,130,0,0,0,16,38.75,0.25,0,55,0,85,0.416,1.01,16,16,16,32,48,30,295,160,130,0,0,0,16,512,-1,485.785156,485.480469,0.3046875,0.5,7618.451,7618.951,0,0,0,0,0,0,0,0,0,0,0,0,512,600,1200,3000,52,0.955000043,1.30500007,0,4,16,37,2670,10451.9824,1002,1000,30,30,6,3,1,0,19.686,20.367,0.975,11402.77,288.402344,5.60146046,0,0,0,0.00303010619,0,0.6975629,0.694056451,0,0,0,0,0,0,47.125,44,16376,4671,11704,71.47152,53.761,899072,21649408
05/27/2026 13:29:28,44,53,0,55,60,51,51,51,51,69,12.12,5.03,1.31000006,1.39200008,1.01,0.314,0.676000059,3.288,2.046,0,3.36800027,3.36800027,3.12000012,55,44.5,45,44.5,985,692,0,857,772,0,0,0,0,0,23.81,6.35,3.17,1.59,1.59,14.29,3.17,1.59,6.94,23.81,34.6848068,4317,396,4850,1179,48.5,1.29198885,0.6375,4850,385,48.5,0.6588426,0.6375,3712,162,38.8,0.3052021,0.6375,3768,134,38.8,0.2785825,0.6375,4681,233,48.5,0.3782924,0.61875,4850,864,48.5,1.14466953,0.61875,3787,82,40.4,0.214077547,0.6125,4040,131,40.4,0.260267973,0.6125,55.2500076,49.2500038,99.9975,25.5555534,11.3252106,69.292366,9.579948,5.30081558,64.37807,39,0.25,0,55,0,85,0.416,1.01,16,16,16,32,48,30,295,160,130,0,0,0,16,38.75,0.25,0,55,0,85,0.416,1.01,16,16,16,32,48,30,295,160,130,0,0,0,16,512,-1,485.785156,485.480469,0.3046875,0.5,7618.451,7618.951,0,0,0,0,0,0,0,0,0,0,0,0,512,600,1200,3000,53,0.974000037,1.30500007,0,2,16,37,2670,10451.9824,999,1001,30,30,6,3,1,0,19.044,18.047,0.975,11402.77,288.527344,5.85496426,0,0,0,0.00217935932,0,0.738853,0.7233464,0,0,0.009229637,0,0,0,47.0625,44,16376,4671,11704,71.47152,52.816,899072,4449280
05/27/2026 13:29:30,45,53,0,55,60,53,53,53,53,70,12.12,5.03,1.31000006,1.39200008,0.986000061,0.326,0.676000059,3.288,2.046,0,3.36800027,3.36800027,3.12000012,55,44.5,44.5,44.5,996,667,0,856,754,0,0,0,0,0,24.62,7.69,1.54,3.08,3.08,13.85,3.08,1.54,7.31,24.62,33.73491,3490,304,4850,1078,48.5,1.1190505,0.6375,3200,266,32.3333321,0.415473431,0.6375,3007,109,32.3333321,0.210621536,0.6375,3025,89,32.3333321,0.184835374,0.65625,3001,158,32.3333321,0.275664061,0.65625,4850,606,48.5,0.878363848,0.65625,3048,69,32.3333321,0.17347452,0.65625,2943,54,32.3333321,0.146659464,0.65625,55.1250076,49.2500038,99.9975,25.5786171,11.3021469,69.3549042,9.600098,5.28066635,64.51347,39,0.25,0,55,0,85,0.416,1.01,16,16,16,32,48,30,295,160,130,0,0,0,16,38.75,0.25,0,55,0,85,0.416,1.01,16,16,16,32,48,30,295,160,130,0,0,0,16,512,-1,485.785156,485.480469,0.3046875,0.5,7618.451,7618.951,0,0,0,0,0,0,0,0,0,0,0,0,512,600,1200,3000,52,0.969000041,1.30500007,0,2,15,37,2670,10451.9824,1001,1000,30,30,6,3,1,0,18.911,18.267,0.975,11403.1445,288.8711,5.86226463,0,0,0,0.00296723377,0,0.7200685,0.7127988,0,0,0.0179319829,0,0,0,47.03125,44,16376,4671,11704,71.47381,51.81,899072,21149696
05/27/2026 13:29:32,45,53,0,55,60,53,53,54,54,71,12.12,5.03,1.30800009,1.39200008,0.988000035,0.314,0.676000059,3.28400016,2.046,0,3.36800027,3.36800027,3.11600018,61,44.5,45,44.5,1008,667,0,853,778,0,0,0,0,0,29.23,15.38,3.08,3.08,1.54,26.15,1.54,29.23,13.65,29.23,37.00224,3340,676,4850,1347,48.5,1.55338717,0.6125,3233,556,32.3333321,0.936148465,0.6125,3009,190,32.3333321,0.417672127,0.6125,3015,149,32.3333321,0.3159654,0.6125,3178,381,32.3333321,0.7046659,0.6125,3233,1288,32.3333321,1.66877651,0.6125,2968,122,32.3333321,0.2660681,0.6125,3233,1376,32.3333321,1.67371726,0.6125,60.7500076,49.2500038,99.99749,25.555809,11.324955,69.29306,9.39513,5.485634,63.1360741,39,0.25,0,55,0,85,0.416,1.01,16,16,16,32,48,30,295,160,130,0,0,0,16,38.75,0.25,0,55,0,85,0.416,1.01,16,16,16,32,48,30,295,160,130,0,0,0,16,512,-1,485.785156,485.480469,0.3046875,0.5,7618.451,7618.951,0,0,0,0,0,0,0,0,0,0,0,0,512,600,1200,3000,53,0.969000041,1.30500007,0,5,16,37,2670,10451.9824,999,1000,30,30,6,3,1,0,19.558,20.245,0.975,11403.1445,288.8711,5.909703,0,0,0,0.004488828,0,0.7337531,0.7272603,0,0,0,0,0,0,47.125,44,16376,4671,11704,71.47381,53.253,899072,21449728
05/27/2026 13:29:34,46,53,0,56,61,57,57,58,58,75,12.0960007,5.03,1.30800009,1.39200008,0.9760001,0.312,0.676000059,3.28400016,2.046,0,3.36800027,3.36800027,3.11600018,59,44,45,44.5,1026,692,0,860,787,0,0,0,0,0,18.46,6.25,0,0,4.69,10.77,0,0,5.02,18.46,34.2581062,4085,280,4850,907,48.5,1.02090478,0.63125,3880,289,38.8,0.468578547,0.63125,3654,115,38.8,0.210818291,0.63125,3676,85,38.8,0.187467456,0.63125,3669,163,38.8,0.27686137,0.63125,4850,571,48.5,0.8651974,0.63125,3612,58,38.8,0.166083783,0.64375,4492,49,48.5,0.147403121,0.64375,59.7500076,49.7500038,99.99749,25.5483131,11.3324509,69.2727356,9.404476,5.476288,63.19888,39,0.25,0,55,0,85,0.416,1.01,16,16,16,32,48,30,295,160,130,0,0,0,16,38.75,0.25,0,55,0,85,0.416,1.01,16,16,16,32,48,30,295,160,130,0,0,0,16,512,-1,485.785156,485.480469,0.3046875,0.5,7618.451,7618.951,0,0,0,0,0,0,0,0,0,0,0,0,512,600,1200,3000,52,0.974000037,1.30500007,0,6,16,37,2670,10451.9824,1000,999,30,30,6,3,1,0,19.425,19.42,0.975,11403.1445,288.8711,5.81218529,0,0,0,0.00288493815,0,0.7594083,0.712924361,0,0,0,0,0,0,47.15625,44,16376,4671,11704,71.47381,53.809,899072,22049792
05/27/2026 13:29:36,47,53,0,57,62,58,58,58,58,74,12.0960007,5.03,1.30800009,1.39200008,0.98,0.316,0.676000059,3.28400016,2.046,0,3.364,3.364,3.11600018,57,44,45,44.5,1068,667,0,868,794,0,0,0,0,0,18.46,3.08,0,3.08,0,10.77,0,3.12,4.81,18.46,34.08084,4054,339,4850,1143,48.5,1.20887721,0.6125,4702,313,48.5,0.532969236,0.6125,4528,133,48.5,0.275257051,0.6125,2930,91,32.3333321,0.226107255,0.6125,4487,186,48.5,0.342042267,0.6125,4850,677,48.5,0.9804756,0.6125,2903,73,32.3333321,0.193828434,0.6125,3185,99,32.3333321,0.2271354,0.6125,57.6250076,49.2500038,99.99749,25.5570984,11.3236656,69.2965546,9.406021,5.474743,63.2092628,39,0.25,0,55,0,85,0.416,1.01,16,16,16,32,48,30,295,160,130,0,0,0,16,38.75,0.25,0,55,0,85,0.416,1.01,16,16,16,32,48,30,295,160,130,0,0,0,16,512,-1,485.785156,485.480469,0.3046875,0.5,7618.451,7618.951,0,0,0,0,0,0,0,0,0,0,0,0,512,600,1200,3000,52,0.955000043,1.30500007,0,2,15,37,2670,10451.9824,1002,1000,30,30,6,3,1,0,18.91,17.491,0.975,11403.1445,288.8711,5.823868,0,0,0,0.002103795,0,0.7228857,0.715112567,0,0,0,0,0,0,47.125,46,16376,4671,11704,71.47381,52.407,899072,21499904
05/27/2026 13:29:38,49,53,0,58,63,56,56,57,57,73,12.12,5.03,1.31000006,1.39200008,1.006,0.316,0.676000059,3.288,2.046,0,3.36800027,3.36800027,3.12000012,58,44.5,44.5,44.5,1080,666,0,877,785,0,0,0,0,0,22.22,6.35,1.59,0,1.59,20.63,1.59,0,6.75,22.22,34.44557,4260,371,4850,1220,48.5,1.2962904,0.64375,4850,353,48.5,0.586280465,0.64375,4686,145,48.5,0.300514579,0.64375,3707,98,38.8,0.237698272,0.64375,4711,211,48.5,0.384955168,0.64375,3880,799,38.8,1.09976208,0.64375,3682,82,38.8,0.195670277,0.64375,3717,62,38.8,0.175981641,0.64375,57.6250076,49.2500038,99.99749,25.5849533,11.2958107,69.3720856,9.422638,5.458126,63.3209267,39,0.25,0,55,0,85,0.416,1.01,16,16,16,32,48,30,295,160,130,0,0,0,16,38.75,0.25,0,55,0,85,0.416,1.01,16,16,16,32,48,30,295,160,130,0,0,0,16,512,-1,485.785156,485.480469,0.3046875,0.5,7618.451,7618.951,0,0,0,0,0,0,0,0,0,0,0,0,512,600,1200,3000,52,0.965000033,1.30500007,0,2,15,37,2670,10451.9824,999,999,30,30,6,3,1,0,19.148,18.877,0.975,11403.1484,289.0625,6.04344654,0,0,0,0.00223850249,0,0.714217663,0.7084496,0,0,0.0181266647,0,0,0,47.15625,44,16376,4671,11704,71.47381,52.134,7.699968E+07,299008
05/27/2026 13:29:40,48,53,0,58,63,56,56,56,56,73,12.12,5.03,1.31000006,1.39200008,0.984,0.314,0.676000059,3.288,2.046,0,3.36800027,3.36800027,3.12000012,57,44.5,45,44.5,1093,692,0,909,818,0,0,0,0,0,20,9.23,4.62,6.15,9.23,21.54,1.54,1.54,9.23,21.54,34.4283829,3539,371,4850,1163,48.5,1.22873509,0.625,3134,295,32.3333321,0.530979156,0.625,3132,180,32.3333321,0.293802321,0.625,3208,164,32.3333321,0.28607586,0.625,3008,199,32.3333321,0.3430491,0.625,4850,826,48.5,1.06084669,0.625,3115,89,33.6666679,0.208473414,0.5875,3014,54,33.6666679,0.180556238,0.5875,56.8750076,48.7500038,99.99749,25.580471,11.300293,69.3599243,9.417259,5.463505,63.2847824,39,0.25,0,55,0,85,0.416,1.01,16,16,16,32,48,30,295,160,130,0,0,0,16,38.75,0.25,0,55,0,85,0.416,1.01,16,16,16,32,48,30,295,160,130,0,0,0,16,512,-1,485.785156,485.480469,0.3046875,0.5,7618.451,7618.951,0,0,0,0,0,0,0,0,0,0,0,0,512,600,1200,3000,53,0.960000038,1.30500007,0,6,16,37,2670,10451.9824,1000,1000,30,30,6,3,1,0,19.687,20.453,0.975,11403.1523,289.578125,5.804287,0,0,0,0.00219549937,0,0.7195205,0.71289444,0,0,0,0,0,0,47.15625,44,16376,4671,11704,71.47381,53.629,849920,21449728
05/27/2026 13:29:42,47,53,0,57,63,55,55,54,54,71,12.12,5.03,1.31000006,1.39200008,0.982000053,0.312,0.676000059,3.288,2.046,0,3.36800027,3.36800027,3.11600018,56,44.5,45,44.5,1074,666,0,908,804,0,0,0,0,0,10.94,4.69,1.56,1.56,3.12,10.94,1.56,1.56,4.49,10.94,34.9482,3532,294,3233,1027,32.3333321,1.09233069,0.65,3992,272,40.4,0.4030105,0.65,3663,112,40.4,0.222395569,0.65,3095,74,33.6666679,0.183104143,0.65,3129,171,33.6666679,0.2756343,0.65,5050,577,50.5,0.880658865,0.65,2995,57,33.6666679,0.164036229,0.65,3096,61,33.6666679,0.161195472,0.65,56.7500076,49.7500038,99.99748,25.5772552,11.3035088,69.35121,9.424885,5.455879,63.33603,39,0.25,0,55,0,85,0.416,1.01,16,16,16,32,48,30,295,160,130,0,0,0,16,38.75,0.25,0,55,0,85,0.416,1.01,16,16,16,32,48,30,295,160,130,0,0,0,16,512,-1,485.785156,485.480469,0.3046875,0.5,7618.451,7618.951,0,0,0,0,0,0,0,0,0,0,0,0,512,600,1200,3000,53,1.069,1.30500007,0,16,16,37,2670,10451.9824,1000,1000,30,30,6,3,1,0,19.121,18.545,0.975,11403.1523,289.578125,5.811384,0,0,0,0.0029393204,0,0.7330129,0.7129441,0,0,0,0,0,0,47.1875,46,16376,4671,11704,71.47381,53.566,899072,21999616
05/27/2026 13:29:44,47,53,0,56,62,54,54,54,54,71,12.12,5.03,1.31000006,1.39200008,0.98,0.33,0.676000059,3.288,2.046,0,3.36800027,3.36800027,3.12000012,56,44.5,45,44.5,1052,692,0,881,799,0,0,0,0,0,20.31,3.12,1.56,0,3.12,9.38,1.56,0,4.88,20.31,34.0143852,3780,328,4850,1052,48.5,1.16477025,0.65625,4850,346,48.5,0.553902447,0.65625,3159,137,32.3333321,0.261626035,0.65625,3114,82,32.3333321,0.201138631,0.65625,3233,238,32.3333321,0.379086077,0.65625,4850,639,48.5,0.9154302,0.65625,3108,75,32.3333321,0.183457464,0.65625,3073,55,32.3333321,0.164901435,0.65625,55.8750076,49.7500038,99.99748,25.583931,11.296833,69.36931,9.426403,5.454361,63.34623,39,0.25,0,55,0,85,0.416,1.01,16,16,16,32,48,30,295,160,130,0,0,0,16,38.75,0.25,0,55,0,85,0.416,1.01,16,16,16,32,48,30,295,160,130,0,0,0,16,512,-1,485.785156,485.480469,0.3046875,0.5,7618.451,7618.951,0,0,0,0,0,0,0,0,0,0,0,0,512,600,1200,3000,53,0.974000037,1.30500007,0,2,15,37,2670,10451.9824,1001,1001,30,30,6,3,1,0,18.928,17.391,0.975,11403.1523,289.578125,5.78775549,0,0,0,0.002073155,0,0.726419449,0.726530135,0,0,0,0,0,0,47.1875,44,16376,4671,11704,71.47381,52.119,9.729946E+07,299008
05/27/2026 13:29:46,45,53,0,55,61,53,53,53,53,70,12.12,5.04,1.31000006,1.39200008,0.984,0.314,0.676000059,3.288,2.046,0,3.37200022,3.36800027,3.12000012,55,44.5,45,44.5,1031,692,0,884,814,0,0,0,0,0,17.19,6.35,6.35,6.25,3.17,7.94,0,0,5.91,17.19,33.92599,3245,286,4850,930,48.5,1.02233326,0.64375,3168,267,32.3333321,0.431413174,0.64375,2955,110,32.3333321,0.234370589,0.64375,2920,81,32.3333321,0.186626121,0.64375,3007,165,32.3333321,0.301736921,0.64375,3233,628,32.3333321,0.908189952,0.64375,2927,61,32.3333321,0.167456448,0.64375,2899,49,32.3333321,0.151686653,0.64375,55.5000076,49.2500038,99.99749,25.5468826,11.3338814,69.26885,9.39307,5.487694,63.12223,39,0.25,0,55,0,85,0.416,1.01,16,16,16,32,48,30,295,160,130,0,0,0,16,38.75,0.25,0,55,0,85,0.416,1.01,16,16,16,32,48,30,295,160,130,0,0,0,16,512,-1,485.785156,485.480469,0.3046875,0.5,7618.451,7618.951,0,0,0,0,0,0,0,0,0,0,0,0,512,600,1200,3000,52,0.965000033,1.30500007,0,2,15,37,2670,10451.9824,999,1002,30,30,6,3,1,0,19.354,19.752,0.975,11403.1523,289.578125,5.662962,0,0,0,0.00303041865,0,0.692307353,0.690689743,0,0,0,0,0,0,47.15625,44,16376,4671,11704,71.47381,52.401,899072,49152
05/27/2026 13:29:48,45,53,0,55,60,53,53,53,53,70,12.12,5.03,1.31000006,1.39200008,0.974000037,0.314,0.676000059,3.288,2.046,0,3.36800027,3.36800027,3.12000012,55,44.5,44.5,44.5,1005,667,0,880,778,0,0,0,0,0,21.88,6.25,0,1.56,3.12,12.5,1.56,0,5.86,21.88,34.1966171,3958,350,4850,1061,48.5,1.13074815,0.64375,3847,324,38.8,0.5092861,0.64375,3797,148,40.4,0.2773109,0.64375,3787,107,40.4,0.240386873,0.64375,3851,213,40.4,0.3775666,0.64375,4040,806,40.4,1.11438537,0.64375,3759,81,40.4,0.211507887,0.64375,3734,62,40.4,0.185184747,0.64375,55.6250076,49.2500038,99.99748,25.5557861,11.3249779,69.293,9.404747,5.476017,63.2007027,39,0.25,0,55,0,85,0.416,1.01,16,16,16,32,48,30,295,160,130,0,0,0,16,38.75,0.25,0,55,0,85,0.416,1.01,16,16,16,32,48,30,295,160,130,0,0,0,16,512,-1,485.785156,485.480469,0.3046875,0.5,7618.451,7618.951,0,0,0,0,0,0,0,0,0,0,0,0,512,600,1200,3000,52,0.955000043,1.30500007,0,2,15,37,2670,10451.9824,1000,1000,30,30,6,3,1,0,19.475,20.353,0.975,11403.1523,289.578125,5.57012939,0,0,0,0.00295680412,0,0.6972654,0.6845919,0,0,0,0,0,0,47.15625,44,16376,4671,11704,71.47381,53.957,949248,2149376
05/27/2026 13:29:50,45,53,0,55,60,53,53,53,53,70,12.12,5.03,1.31000006,1.39200008,0.992000043,0.314,0.676000059,3.288,2.046,0,3.37200022,3.37200022,3.12000012,55,44.5,45,44.5,1010,692,0,854,768,0,0,0,0,0,26.56,3.12,3.12,3.12,0,6.25,0,0,5.27,26.56,35.0627174,4660,305,4150,1015,41.5,1.10747027,0.65625,4850,306,48.5,0.497190237,0.79375,4697,137,48.5,0.2471866,0.79375,4679,87,48.5,0.205301464,0.79375,4729,178,48.5,0.325068235,0.79375,4850,589,48.5,0.8889271,0.79375,4666,75,48.5,0.184834987,0.79375,4658,52,48.5,0.170000225,0.79375,55.7500076,56.6250038,99.99749,25.5781212,11.3026428,69.35355,9.42543,5.45533371,63.33969,39,0.25,0,55,0,85,0.416,1.01,16,16,16,32,48,30,295,160,130,0,0,0,16,38.75,0.25,0,55,0,85,0.416,1.01,16,16,16,32,48,30,295,160,130,0,0,0,16,512,-1,485.785156,485.480469,0.3046875,0.5,7618.451,7618.951,0,0,0,0,0,0,0,0,0,0,0,0,512,600,1200,3000,52,0.969000041,1.30500007,0,3,15,37,2670,10451.9824,1001,997,30,30,6,3,1,0,19.048,17.788,0.975,11403.1523,289.578125,5.75901556,0,0,0,0.00294596725,0,0.7327643,0.7193872,0,0,0,0,0,0,47.21875,44,16376,4671,11704,71.47381,53.02,899072,2.174976E+07
05/27/2026 13:29:52,45,53,0,55,60,53,53,53,53,70,12.12,5.03,1.31000006,1.39200008,0.986000061,0.324,0.676000059,3.288,2.046,0,3.36800027,3.36800027,3.12000012,55,44.5,44.5,44.5,1013,691,0,856,783,0,0,0,0,0,22.22,3.17,1.59,3.23,1.59,9.52,1.59,4.76,5.96,22.22,34.01509,4074,328,4850,1132,48.5,1.20968044,0.65625,4844,329,48.5,0.5145881,0.65625,3647,128,38.8,0.255236566,0.65625,3607,94,38.8,0.2102492,0.65625,3652,174,38.8,0.31827125,0.65625,4850,639,48.5,0.9399875,0.65625,3577,61,38.8,0.181244,0.65625,3561,65,38.8,0.172601923,0.65625,55.6250076,49.7500038,99.99749,25.550251,11.330513,69.2779846,9.391716,5.489048,63.1131325,39,0.25,0,55,0,85,0.416,1.01,16,16,16,32,48,30,295,160,130,0,0,0,16,38.75,0.25,0,55,0,85,0.416,1.01,16,16,16,32,48,30,295,160,130,0,0,0,16,512,-1,485.785156,485.480469,0.3046875,0.5,7618.451,7618.951,0,0,0,0,0,0,0,0,0,0,0,0,512,600,1200,3000,52,0.965000033,1.30500007,0,5,16,37,2670,10451.9824,999,1000,30,30,6,3,1,0,18.858,17.927,0.975,11403.1523,289.578125,5.765743,0,0,0,0.00220410363,0,0.7339564,0.728749454,0,0,0,0,0,0,47.21875,46,16376,4671,11704,71.47381,51.896,9.124966E+07,299008
05/27/2026 13:29:54,45,53,0,55,60,53,53,53,53,70,12.12,5.03,1.31000006,1.39200008,0.98,0.33,0.676000059,3.288,2.046,0,3.36800027,3.36800027,3.12000012,55,44.5,44.5,44.5,1001,666,0,853,783,0,0,0,0,0,30.16,9.52,1.59,1.59,7.94,12.7,1.59,3.12,8.53,30.16,34.3023834,3720,355,4850,1105,48.5,1.22247958,0.6375,4850,371,48.5,0.6134093,0.6375,3052,134,32.3333321,0.270789951,0.6375,3003,96,32.3333321,0.224801138,0.6375,3180,248,32.3333321,0.398923934,0.6375,4850,744,48.5,1.02300858,0.6375,2965,73,32.3333321,0.2035004,0.6375,3008,71,32.3333321,0.1904188,0.6375,55.3750076,49.7500038,99.99749,25.5535469,11.3272171,69.28693,9.399151,5.481613,63.1630936,39,0.25,0,55,0,85,0.416,1.01,16,16,16,32,48,30,295,160,130,0,0,0,16,38.75,0.25,0,55,0,85,0.416,1.01,16,16,16,32,48,30,295,160,130,0,0,0,16,512,-1,485.785156,485.480469,0.3046875,0.5,7618.451,7618.951,0,0,0,0,0,0,0,0,0,0,0,0,512,600,1200,3000,52,0.960000038,1.30500007,0,2,15,37,2670,10451.9824,999,1001,30,30,6,3,1,0,19.482,20.327,0.975,11403.1523,289.578125,5.766662,0,0,0,0.00373475859,0,0.7033967,0.691946149,0,0,0,0,0,0,47.15625,46,16376,4671,11704,71.47381,53.03,0,299008
05/27/2026 13:29:56,45,53,0,55,60,53,53,53,53,70,12.12,5.03,1.31000006,1.39200008,0.974000037,0.316,0.676000059,3.288,2.046,0,3.37200022,3.36800027,3.11600018,55,44.5,45,44.5,990,691,0,855,783,0,0,0,0,0,26.56,4.69,4.62,6.15,6.25,14.06,1.52,1.54,8.17,26.56,34.24426,3515,346,3920,1109,39.2,1.1889236,0.53125,3920,323,39.2,0.5751194,0.53125,3087,137,32.6666679,0.279366732,0.53125,3079,114,33,0.225492328,0.54375,3134,199,33,0.353436,0.54375,4950,773,49.5,1.0881809,0.58125,3024,65,33,0.189525485,0.58125,3008,49,33,0.173585445,0.58125,55.7500076,59.3750038,99.99748,25.5433311,11.3374329,69.2592239,9.394894,5.48587036,63.1344833,39,0.25,0,55,0,85,0.416,1.01,16,16,16,32,48,30,295,160,130,0,0,0,16,38.75,0.25,0,55,0,85,0.416,1.01,16,16,16,32,48,30,295,160,130,0,0,0,16,512,-1,485.785156,485.480469,0.3046875,0.5,7618.451,7618.951,0,0,0,0,0,0,0,0,0,0,0,0,512,600,1200,3000,53,0.965000033,1.30500007,0,3,16,37,2670,10451.9824,1000,999,30,30,6,3,1,0,19.535,23.784,0.975,11403.1523,289.578125,5.8429184,0,0,0,0.00363278878,0,0.7624242,0.7536662,0,0,0,0,0,0,47.21875,44,16376,4671,11704,71.47381,53.883,899072,2.279936E+07
05/27/2026 13:29:58,45,53,0,55,60,53,53,53,53,70,12.12,5.03,1.30800009,1.39200008,0.98,0.316,0.676000059,3.28400016,2.046,0,3.36800027,3.36800027,3.12000012,55,44.5,45,44.5,996,666,0,872,783,0,0,0,0,0,18.46,6.15,1.54,1.56,1.54,13.85,1.54,0,5.58,18.46,34.9755249,3639,320,5050,1023,50.5,1.11449146,0.5375,3367,344,33.6666679,0.5117707,0.5375,3238,165,33.6666679,0.274996638,0.5375,3162,88,33.6666679,0.213891238,0.5375,3923,202,40.4,0.335923135,0.5375,4040,620,40.4,0.9146884,0.5375,3177,67,33.6666679,0.1930261,0.5375,3154,55,33.6666679,0.172354832,0.5375,55.8750076,48.7500038,99.9975,25.5746117,11.3061523,69.34404,9.431889,5.44887543,63.38309,39,0.25,0,55,0,85,0.416,1.01,16,16,16,32,48,30,295,160,130,0,0,0,16,38.75,0.25,0,55,0,85,0.416,1.01,16,16,16,32,48,30,295,160,130,0,0,0,16,512,-1,485.785156,485.480469,0.3046875,0.5,7618.451,7618.951,0,0,0,0,0,0,0,0,0,0,0,0,512,600,1200,3000,53,0.950000048,1.30500007,0,5,16,37,2670,10451.9824,1001,1001,30,30,6,3,1,0,18.976,23.175,0.975,11403.1523,289.578125,5.9996295,0,0,0,0.003724879,0,0.757613063,0.7539272,0,0,0,0,0,0,47.28125,44,16376,4671,11704,71.47381,52.549,849920,22299648
05/27/2026 13:30:00,45,53,0,55,60,53,53,53,53,70,12.12,5.03,1.31000006,1.39200008,0.988000035,0.314,0.676000059,3.288,2.046,0,3.36800027,3.36800027,3.11600018,55,44.5,45,44.5,996,666,0,852,784,0,0,0,0,0,18.46,6.15,3.08,4.62,7.69,12.31,3.08,1.54,7.12,18.46,34.38057,4459,355,4850,1166,48.5,1.2505275,0.65625,4850,337,48.5,0.534642637,0.65625,4505,139,48.5,0.2745704,0.65625,4603,111,48.5,0.225798324,0.65625,4792,285,48.5,0.402870059,0.65625,4850,660,48.5,0.942733347,0.61875,3602,74,38.8,0.195743114,0.61875,3618,69,38.8,0.183153138,0.61875,55.8750076,49.7500038,99.99749,25.546917,11.333847,69.26894,9.396946,5.483818,63.1482735,39,0.25,0,55,0,85,0.416,1.01,16,16,16,32,48,30,295,160,130,0,0,0,16,38.75,0.25,0,55,0,85,0.416,1.01,16,16,16,32,48,30,295,160,130,0,0,0,16,512,-1,485.785156,485.480469,0.3046875,0.5,7618.451,7618.951,0,0,0,0,0,0,0,0,0,0,0,0,512,600,1200,3000,53,0.974000037,1.30500007,0,2,16,37,2670,10451.9824,1001,998,30,30,6,3,1,0,19.189,18.398,0.975,11403.1523,289.578125,5.806895,0,0,0,0.00220639538,0,0.7294721,0.7186985,0,0,0,0,0,0,47.25,44,16376,4671,11704,71.47381,52.21,0,249856
05/27/2026 13:30:02,45,53,0,55,60,53,53,53,53,70,12.12,5.03,1.30800009,1.39200008,0.978000045,0.312,0.676000059,3.28400016,2.046,0,3.36800027,3.364,3.11600018,55,44.5,45,44.5,999,691,0,858,783,0,0,0,0,0,20,4.62,0,3.08,6.15,16.92,0,1.54,6.54,20,34.4486427,4072,310,4850,881,48.5,1.01977551,0.64375,4769,280,48.5,0.454041421,0.64375,4539,135,48.5,0.240008414,0.64375,3233,144,32.3333321,0.258407027,0.64375,4514,179,48.5,0.2889285,0.64375,4850,744,48.5,0.969585,0.64375,2938,63,32.3333321,0.170699865,0.64375,2884,52,32.3333321,0.156847343,0.64375,55.8750076,49.2500038,99.99749,25.5558739,11.32489,69.2932358,9.40263748,5.47812653,63.1865273,39,0.25,0,55,0,85,0.416,1.01,16,16,16,32,48,30,295,160,130,0,0,0,16,38.75,0.25,0,55,0,85,0.416,1.01,16,16,16,32,48,30,295,160,130,0,0,0,16,512,-1,485.785156,485.480469,0.3046875,0.5,7618.451,7618.951,0,0,0,0,0,0,0,0,0,0,0,0,512,600,1200,3000,53,0.965000033,1.30500007,0,2,15,37,2670,10451.9824,1000,1000,30,30,6,3,1,0,19.734,20.502,0.975,11403.1523,289.8086,5.81855059,0,0,0,0.00300696143,0,0.731784165,0.721520364,0,0,0,0,0,0,47.1875,44,16376,4671,11704,71.47381,53.799,899072,22349824
05/27/2026 13:30:04,45,53,0,55,60,53,53,53,53,70,12.0960007,5.03,1.30800009,1.39200008,0.992000043,0.322000027,0.676000059,3.28400016,2.046,0,3.364,3.364,3.11600018,55,44.5,45,44.5,1023,666,0,854,782,0,0,0,0,0,13.85,3.08,1.54,0,6.15,13.85,0,0,4.81,13.85,35.1939049,3464,343,4850,951,48.5,1.14033127,0.65625,3209,333,32.3333321,0.532838345,0.65625,2988,129,32.3333321,0.246932015,0.65625,2981,104,32.3333321,0.225206435,0.65625,3050,211,32.3333321,0.3344782,0.65625,4850,893,48.5,1.08350933,0.65625,2931,69,32.3333321,0.191442683,0.65625,2855,55,32.3333321,0.171693519,0.65625,56.0000076,49.7500038,99.99749,25.5783882,11.3023758,69.35428,9.432777,5.4479866,63.38907,39,0.25,0,55,0,85,0.416,1.01,16,16,16,32,48,30,295,160,130,0,0,0,16,38.75,0.25,0,55,0,85,0.416,1.01,16,16,16,32,48,30,295,160,130,0,0,0,16,512,-1,485.785156,485.480469,0.3046875,0.5,7618.451,7618.951,0,0,0,0,0,0,0,0,0,0,0,0,512,600,1200,3000,53,0.965000033,1.30500007,0,2,15,37,2670,10451.9824,1000,1001,30,30,6,3,1,0,19.407,21.821,0.975,11403.5273,289.8086,5.60903835,0,0,0,0.00227652676,0,0.768789,0.753864,0,0,0,0,0,0,47.125,44,16376,4671,11704,71.4761,53.985,949248,22899712
05/27/2026 13:30:06,45,53,0,55,60,53,53,53,53,70,12.0960007,5.03,1.30800009,1.39200008,0.978000045,0.318000019,0.676000059,3.28400016,2.046,0,3.36800027,3.364,3.11600018,55,44.5,44.5,44.5,1010,692,0,870,783,0,0,0,0,0,14.29,4.76,4.69,1.56,1.56,12.7,3.12,1.56,5.53,14.29,33.79522,4156,300,4850,785,48.5,0.99780333,0.6375,4850,283,48.5,0.432405472,0.6375,3793,136,38.8,0.245032832,0.6375,3674,83,38.8,0.192323253,0.6375,3880,221,38.8,0.32995975,0.6375,4850,781,48.5,0.984055042,0.6375,3685,59,38.8,0.169746578,0.6375,3669,54,38.8,0.157888114,0.6375,55.5000076,49.7500038,99.99748,25.5571213,11.3236427,69.2966156,9.40099,5.47977448,63.1754532,39,0.25,0,55,0,85,0.416,1.01,16,16,16,32,48,30,295,160,130,0,0,0,16,38.75,0.25,0,55,0,85,0.416,1.01,16,16,16,32,48,30,295,160,130,0,0,0,16,512,-1,485.785156,485.480469,0.3046875,0.5,7618.451,7618.951,0,0,0,0,0,0,0,0,0,0,0,0,512,600,1200,3000,53,0.979000032,1.30500007,0,5,16,37,2670,10451.9824,1003,999,30,30,6,3,1,0,18.949,17.597,0.975,11403.5273,289.8086,5.74266434,0,0,0,0.0022924887,0,0.732480347,0.7227976,0,0,0,0,0,0,47.09375,44,16376,4671,11704,71.4761,52.305,8.359936E+07,99328
05/27/2026 13:30:08,45,53,0,55,60,53,53,53,53,70,12.0960007,5.03,1.30800009,1.39200008,0.98,0.312,0.676000059,3.28400016,2.046,0,3.364,3.364,3.11600018,55,44,45,44.5,998,692,0,868,764,0,0,0,0,0,23.81,9.38,4.84,4.69,6.25,22.22,4.76,1.59,9.69,23.81,34.4558563,3932,359,4850,912,48.5,1.11079788,0.64375,3880,337,38.8,0.5474128,0.64375,3714,128,38.8,0.272661477,0.64375,3758,106,38.8,0.2167124,0.64375,3799,205,38.8,0.3601885,0.64375,3880,984,38.8,1.14866948,0.64375,3880,140,38.8,0.2646095,0.64375,3695,62,38.8,0.184243187,0.64375,55.2500076,49.7500038,99.99748,25.5520248,11.3287392,69.2828,9.391991,5.48877335,63.11498,39,0.25,0,55,0,85,0.416,1.01,16,16,16,32,48,30,295,160,130,0,0,0,16,38.75,0.25,0,55,0,85,0.416,1.01,16,16,16,32,48,30,295,160,130,0,0,0,16,512,-1,485.785156,485.480469,0.3046875,0.5,7618.451,7618.951,0,0,0,0,0,0,0,0,0,0,0,0,512,600,1200,3000,52,0.974000037,1.30500007,0,2,15,37,2670,10451.9824,998,1001,30,30,6,3,1,0,19.361,19.317,0.975,11403.9063,289.8086,5.79871035,0,0,0,0.00311709987,0,0.7388029,0.7256508,0,0,0.0233983584,0,0,0,47.15625,44,16376,4670,11705,71.47839,52.478,8.509952E+07,3799040
05/27/2026 13:30:10,45,53,0,55,60,53,53,53,53,70,12.0960007,5.03,1.30800009,1.39200008,0.98,0.314,0.676000059,3.28400016,2.046,0,3.364,3.364,3.11600018,55,44.5,45,44.5,996,667,0,857,783,0,0,0,0,0,10.94,3.12,0,0,1.56,20.31,0,0,4.49,20.31,34.2779427,4208,336,4850,841,48.5,1.0766691,0.6375,4850,343,48.5,0.6208722,0.6375,3661,124,38.8,0.2549178,0.6375,3600,90,38.8,0.211816967,0.6375,4615,192,48.5,0.332710147,0.6375,4850,978,48.5,1.15423644,0.6375,3602,65,38.8,0.186897427,0.6375,3633,54,38.8,0.168291762,0.6375,55.2500076,49.7500038,99.99749,25.5501862,11.3305779,69.27782,9.397636,5.48312759,63.152916,39,0.25,0,55,0,85,0.416,1.01,16,16,16,32,48,30,295,160,130,0,0,0,16,38.75,0.25,0,55,0,85,0.416,1.01,16,16,16,32,48,30,295,160,130,0,0,0,16,512,-1,485.785156,485.480469,0.3046875,0.5,7618.451,7618.951,0,0,0,0,0,0,0,0,0,0,0,0,512,600,1200,3000,53,0.965000033,1.30500007,0,2,16,37,2670,10451.9824,1001,999,30,30,6,3,1,0,19.684,20.565,0.975,11403.9063,289.8086,5.969306,0,0,0,0.00299986661,0,0.706907332,0.735742748,0,0,0,0,0,0,47.21875,44,16376,4670,11705,71.47839,53.919,9.324954E+07,249856
05/27/2026 13:30:12,45,53,0,55,60,53,53,53,53,70,12.0960007,5.03,1.30800009,1.39200008,0.984,0.314,0.676000059,3.28400016,2.046,0,3.36800027,3.364,3.11600018,55,44,44.5,44.5,997,692,0,856,783,0,0,0,0,0,23.08,4.62,3.12,3.12,10.77,15.38,1.56,3.12,8.1,23.08,34.38105,4036,378,5050,993,50.5,1.1840471,0.55625,4040,349,40.4,0.6034498,0.5625,3873,167,40.4,0.302180022,0.5625,3797,107,40.4,0.239445969,0.5625,4030,283,40.4,0.442660183,0.5625,4040,995,40.4,1.16957855,0.5625,3759,67,40.4,0.201692119,0.5625,3702,59,40.4,0.184173137,0.5625,55.2500076,49.2500038,99.99749,25.55732,11.3234444,69.29715,9.413139,5.46762466,63.2571,39,0.25,0,55,0,85,0.416,1.01,16,16,16,32,48,30,295,160,130,0,0,0,16,38.75,0.25,0,55,0,85,0.416,1.01,16,16,16,32,48,30,295,160,130,0,0,0,16,512,-1,485.785156,485.480469,0.3046875,0.5,7618.451,7618.951,0,0,0,0,0,0,0,0,0,0,0,0,512,600,1200,3000,52,0.969000041,1.30500007,0,4,16,37,2670,10451.9824,1001,1000,30,30,6,3,1,0,19.093,21.976,0.975,11404.2813,289.8086,5.804266,0,0,0,0.00365706231,0,0.7716792,0.75248456,0,0,0.0188133363,0,0,0,47.21875,46,16376,4670,11705,71.48068,53.291,1.214976E+07,19349504
05/27/2026 13:30:14,45,53,0,55,60,53,53,53,53,70,12.12,5.03,1.30800009,1.39200008,0.972000062,0.316,0.676000059,3.28400016,2.046,0,3.36800027,3.36800027,3.11600018,55,44.5,45,44.5,999,692,0,858,783,0,0,0,0,0,12.31,6.15,0,3.08,3.08,15.38,1.56,0,5.2,15.38,33.7385674,3444,308,4850,831,48.5,1.02192831,0.6375,3165,279,32.3333321,0.4842176,0.6375,3043,130,32.3333321,0.245974228,0.6375,2964,87,32.3333321,0.2027028,0.6375,2970,177,32.3333321,0.2912505,0.65,4850,857,48.5,1.0273962,0.65,2892,59,32.3333321,0.172736332,0.65,2819,45,32.3333321,0.151579052,0.65,55.1250076,49.2500038,99.99749,25.54881,11.331955,69.27408,9.404964,5.47579956,63.20216,39,0.25,0,55,0,85,0.416,1.01,16,16,16,32,48,30,295,160,130,0,0,0,16,38.75,0.25,0,55,0,85,0.416,1.01,16,16,16,32,48,30,295,160,130,0,0,0,16,512,-1,485.785156,485.480469,0.3046875,0.5,7618.451,7618.951,0,0,0,0,0,0,0,0,0,0,0,0,512,600,1200,3000,53,0.969000041,1.30500007,0,2,16,37,2670,10451.9824,998,1000,30,30,6,3,1,0,18.973,19.934,0.975,11404.2813,290.167969,5.949827,0,0,0,0.002937842,0,0.737517834,0.720070064,0,0,0.0206844,0,0,0,47.15625,44,16376,4670,11705,71.48068,52.122,102149120,199680
05/27/2026 13:30:16,45,53,0,55,60,53,53,53,53,70,12.12,5.03,1.31000006,1.39200008,0.972000062,0.316,0.676000059,3.28400016,2.046,0,3.36800027,3.36800027,3.11600018,55,44.5,45,44.5,999,666,0,869,783,0,0,0,0,0,26.98,6.35,4.69,0,1.59,19.05,0,0,7.33,26.98,34.3025627,3821,348,4040,984,40.4,1.12894309,0.525,3915,314,40.4,0.528644145,0.525,3759,135,40.4,0.239708468,0.525,4769,115,50.5,0.222220451,0.525,3832,191,40.4,0.343814462,0.525,4040,934,40.4,1.15969753,0.525,3135,67,33.6666679,0.183454558,0.525,3079,47,33.6666679,0.164175808,0.525,55.2500076,51.3750038,99.99749,25.55894,11.3218231,69.3015442,9.413513,5.467251,63.25961,39,0.25,0,55,0,85,0.416,1.01,16,16,16,32,48,30,295,160,130,0,0,0,16,38.75,0.25,0,55,0,85,0.416,1.01,16,16,16,32,48,30,295,160,130,0,0,0,16,512,-1,485.785156,485.480469,0.3046875,0.5,7618.451,7618.951,0,0,0,0,0,0,0,0,0,0,0,0,512,600,1200,3000,53,0.995000064,1.30500007,0,2,16,37,2670,10451.9824,1001,1002,30,30,6,3,1,0,19.451,22.432,0.975,11404.2813,290.886719,6.066883,0,0,0,0.00306305964,0,0.7458092,0.7319593,0,0,0,0,0,0,47.25,44,16376,4670,11705,71.48068,52.797,849920,2.279936E+07
05/27/2026 13:30:18,45,53,0,55,60,53,53,53,53,70,12.12,5.03,1.31000006,1.39200008,1.024,0.334000021,0.676000059,3.28400016,2.046,0,3.36800027,3.36800027,3.11600018,57,44.5,45,44.5,1000,667,0,868,764,0,0,0,0,0,36.36,6.06,3.03,4.55,1.52,31.82,0,3.08,10.8,36.36,35.4326363,4205,522,5050,1762,50.5,1.833169,0.54375,5050,389,50.5,0.6266046,0.5375,3730,129,40.4,0.213219717,0.5375,3702,100,40.4,0.16843985,0.5375,3744,178,40.4,0.326767623,0.5375,5050,1510,50.5,1.47098231,0.5625,3665,53,40.4,0.143344671,0.5625,3647,53,40.4,0.13708131,0.5625,57.2500076,50.2500038,99.99749,25.56065,11.3201141,69.30618,9.392849,5.487915,63.1207428,39,0.25,0,55,0,85,0.416,1.01,16,16,16,32,48,30,295,160,130,0,0,0,16,38.75,0.25,0,55,0,85,0.416,1.01,16,16,16,32,48,30,295,160,130,0,0,0,16,512,-1,485.785156,485.480469,0.3046875,0.5,7618.451,7618.951,0,0,0,0,0,0,0,0,0,0,0,0,512,600,1200,3000,52,1.05000007,1.30500007,0,5,15,37,2670,10451.9824,1000,998,30,30,0,1,1,0,17.53,20.341,0.975,11407.9727,290.796875,4.35137558,0,0,0,0.003565341,0,0.654723644,0.646331847,0,0,0.136251017,0,0,0,47.0625,44,16376,4666,11709,71.5032,54.317,49152,149504
05/27/2026 13:30:20,45,53,0,55,60,56,56,56,56,73,12.0960007,5.03,1.30800009,1.39200008,1.054,0.326,0.676000059,3.28400016,2.046,0,3.36800027,3.364,3.11600018,59,44,45,44.5,1020,667,0,852,784,0,0,0,0,0,17.19,6.25,0,0,1.56,93.75,1.56,0,15.04,93.75,38.53674,3795,784,4040,783,40.4,1.11935651,0.5375,3874,272,40.4,0.539527237,0.5375,3038,92,33.6666679,0.131533384,0.5375,2981,60,33.6666679,0.09918292,0.5375,3764,179,40.4,0.221510023,0.5375,5050,4726,50.5,3.675618,0.5375,4040,117,40.4,0.157064423,0.5375,3571,40,40.4,0.07180905,0.525,58.6250076,56.6250038,99.99748,25.5255241,11.35524,69.2109451,9.341194,5.53957,62.77362,39,0.25,0,55,0,85,0.416,1.01,16,16,16,32,48,30,295,160,130,0,0,0,16,38.75,0.25,0,55,0,85,0.416,1.01,16,16,16,32,48,30,295,160,130,0,0,0,16,512,-1,485.785156,485.480469,0.3046875,0.5,7618.451,7618.951,0,0,0,0,0,0,0,0,0,0,0,0,512,600,1200,3000,53,1.04500008,1.30500007,0,6,16,37,2670,10451.9824,999,1000,30,30,0,1,0,0,15.646,17.667,0.975,11420.7734,297.234375,0.118112676,0,0,0,0.0605400167,0,0.237368912,0.236747846,0,0,0.8798857,0,0,0,46.875,44,16376,4653,11722,71.5807648,45.167,449536,0
05/27/2026 13:30:22,47,53,0,56,61,60,60,60,60,77,12.12,5.03,1.31000006,1.39200008,1.072,0.326,0.676000059,3.28400016,2.046,0,3.36800027,3.36800027,3.12000012,70,44.5,45,44.5,1043,666,0,861,789,0,0,0,0,0,33.33,3.33,1.67,0,3.33,88.33,0,1.64,16.45,88.33,42.3577538,4003,980,4950,1606,49.5,2.05724,0.51875,3923,652,39.6,1.18924737,0.51875,3740,304,39.6,0.634142339,0.51875,3725,159,39.6,0.479821444,0.51875,3807,486,39.6,0.83765465,0.51875,5050,4516,50.5,5.78552246,0.5125,3145,83,33.6666679,0.234897509,0.5125,3681,33,40.4,0.0322631039,0.51875,70.37501,58.5000038,99.9975,27.3798485,9.500916,74.23883,9.601589,5.279175,64.5235,39,0.25,0,55,0,85,0.416,1.01,16,16,16,32,48,30,295,160,130,0,0,0,16,38.75,0.25,0,55,0,85,0.416,1.01,16,16,16,32,48,30,295,160,130,0,0,0,16,512,-1,485.785156,485.480469,0.3046875,0.5,7618.451,7618.951,0,0,0,0,0,0,0,0,0,0,0,0,512,600,1200,3000,53,1.06000006,1.30500007,0,21,16,37,2670,10451.9824,1001,1001,30,30,32,2,0,0,15.834,18.261,0.975,12903.8047,457.488281,0.227292731,0,0,0,0.023868354,0,0.237349853,0.239641845,0,0,9.493796,0,0,0,46.90625,44,16376,3172,13203,80.62711,46.199,0,199680
05/27/2026 13:30:24,48,53,0,57,62,64,64,64,64,81,12.12,5.03,1.31000006,1.39200008,1.062,0.320000023,0.676000059,3.28400016,2.046,0,3.36800027,3.36800027,3.11600018,71,44.5,45,44.5,1060,692,0,865,776,0,0,0,0,0,43.08,12.31,3.08,0,7.69,73.85,1.54,0,17.69,73.85,42.48262,3872,910,4040,2238,40.4,2.71003985,0.525,4015,638,40.4,1.10727668,0.525,3587,215,40.4,0.461445063,0.525,3539,129,40.4,0.323759228,0.525,3676,320,40.4,0.614115238,0.525,5050,3638,50.5,4.52739763,0.525,3528,57,40.4,0.173762277,0.525,3537,42,40.4,0.0697522,0.51875,71.00001,64.625,99.99749,27.2810936,9.59967,73.97106,9.712048,5.16871643,65.2657852,39.25,0.25,0,55,0,85,0.416,1.01,16,16,16,32,48,30,295,160,130,0,0,0,16,38.75,0.25,0,55,0,85,0.416,1.01,16,16,16,32,48,30,295,160,130,0,0,0,16,512,-1,485.785156,485.480469,0.3046875,0.5,7618.451,7618.951,0,0,0,0,0,0,0,0,0,0,0,0,512,600,1200,3000,53,1.06000006,1.30500007,0,21,16,37,2670,10451.9824,999,1001,30,30,4,1,0,0,16.48,21.153,0.975,12635.2148,504.90625,0.145367533,0,0,0,0,0,0.2602729,0.207360923,0,0,6.51640034,0,0,0,46.8125,44,16376,3405,12970,79.20134,48.149,103299072,6749184
05/27/2026 13:30:26,49,53,0,58,63,68,68,68,68,85,12.0960007,5.03,1.30800009,1.39200008,1.07,0.320000023,0.676000059,3.28400016,2.046,0,3.36800027,3.364,3.11600018,69,44,45,44.5,1083,667,0,868,787,0,0,0,0,0,69.7,25.76,15.15,6.06,21.21,46.97,10.61,18.18,26.7,69.7,44.1012955,4419,1318,5050,3291,50.5,2.94033146,0.5375,4040,1515,40.4,2.02216434,0.53125,4040,633,40.4,1.07054019,0.53125,4040,471,40.4,0.8530464,0.53125,4040,797,40.4,1.2844466,0.53125,5050,2428,50.5,2.72505474,0.50625,4040,438,40.4,0.7571213,0.50625,5050,973,50.5,1.1011796,0.50625,69.25001,53.2500038,99.99748,27.6183968,9.262367,74.88564,9.75593948,5.12482452,65.5607452,39.25,0.25,0,55,0,85,0.416,1.01,16,16,16,32,48,30,295,160,130,0,0,0,16,39,0.25,0,55,0,85,0.416,1.01,16,16,16,32,48,30,295,160,130,0,0,0,16,512,-1,485.785156,485.480469,0.3046875,0.5,7618.451,7618.951,0,0,0,0,0,0,0,0,0,0,0,0,512,600,1200,3000,53,1.06000006,1.30500007,0,9,16,37,2670,10451.9824,1001,997,30,30,17,3,1,4,17.134,19.252,0.975,12789.9492,424.5547,4.473791,0,0,0,1.59517848,0,0.332548857,0.3851724,0,0,6.707489,0,0,0,47.09375,44,16376,3286,13089,79.9324951,46.969,3.162799E+09,3.07499E+08
05/27/2026 13:30:28,50,53,0,58,64,72,72,72,72,86,12.12,5.03,1.30800009,1.39200008,0.988000035,0.318000019,0.676000059,3.28400016,2.046,0,3.36800027,3.36800027,3.11600018,65,44,45,44.5,1105,667,0,889,814,0,0,0,0,0,10.94,4.69,3.12,1.56,1.56,23.44,1.56,1.56,6.05,23.44,42.879982,3487,371,4850,874,48.5,1.10453224,0.64375,3233,379,32.3333321,0.6253456,0.64375,3001,148,32.3333321,0.3010587,0.64375,3013,129,32.3333321,0.2628744,0.64375,3013,190,32.3333321,0.378637135,0.64375,4850,1067,48.5,1.27165091,0.64375,2988,102,32.3333321,0.247827515,0.64375,2947,79,32.3333321,0.2270492,0.64375,67.37501,50.2500038,99.99749,27.1889839,9.69178,73.72131,9.748867,5.131897,65.5132141,39.25,0.25,0,55,0,85,0.416,1.01,16,16,16,32,48,30,295,160,130,0,0,0,16,39,0.25,0,55,0,85,0.416,1.01,16,16,16,32,48,30,295,160,130,0,0,0,16,512,-1,485.785156,485.480469,0.3046875,0.5,7618.451,7618.951,0,0,0,0,0,0,0,0,0,0,0,0,512,600,1200,3000,53,0.965000033,1.30500007,0,2,15,39,2670,10451.9824,1000,1000,30,30,17,4,1,0,25.034,16.912,0.975,12513.6133,401.921875,16.3130035,0,0,0,0.00301138,0,0.7528054,0.725495,0,0,0,0,0,0,47.65625,44,16376,3562,12813,78.24703,72.018,4.152494E+08,299008
05/27/2026 13:30:30,51,53,0,59,64,68,68,68,68,82,12.12,5.03,1.31000006,1.39200008,0.994,0.316,0.676000059,3.288,2.046,0,3.36800027,3.36800027,3.11600018,62,44.5,45,44.5,1131,667,0,899,825,0,0,0,0,0,12.5,6.25,1.56,1.56,3.12,12.5,0,3.12,5.08,12.5,34.4812469,4274,339,4850,783,48.5,0.994121552,0.63125,4850,327,48.5,0.56516,0.63125,4651,172,48.5,0.304178029,0.63125,4522,117,48.5,0.252810985,0.63125,4525,188,48.5,0.353785425,0.63125,4850,947,48.5,1.18543255,0.63125,2938,90,32.3333321,0.225650221,0.63125,3010,89,32.3333321,0.223634139,0.64375,62.3750076,49.7500038,99.99749,26.9304657,9.950298,73.0203552,9.730679,5.15008545,65.39099,39.25,0.25,0,55,0,85,0.416,1.01,16,16,16,32,48,30,295,160,130,0,0,0,16,39,0.25,0,55,0,85,0.416,1.01,16,16,16,32,48,30,295,160,130,0,0,0,16,512,-1,485.785156,485.480469,0.3046875,0.5,7618.451,7618.951,0,0,0,0,0,0,0,0,0,0,0,0,512,600,1200,3000,53,1.04500008,1.30500007,0,8,16,40,2670,10451.9824,1000,1001,30,30,17,4,1,0,25.632,18.75,0.975,12513.6133,402.265625,16.8109818,0,0,0,0.00291011482,0,0.7528173,0.734778643,0,0,0,0,0,0,47.78125,44,16376,3562,12813,78.24703,68.708,435299328,299008
05/27/2026 13:30:32,52,53,0,60,65,64,64,64,64,78,12.12,5.03,1.31000006,1.39200008,0.998,0.328,0.676000059,3.288,2.046,0,3.36800027,3.36800027,3.11600018,60,44,45,44.5,1151,692,0,924,818,0,0,0,0,0,25.4,9.52,4.69,4.69,4.76,26.98,3.12,4.69,10.48,26.98,34.93554,4080,422,4850,1051,48.5,1.22096753,0.65625,3880,408,38.8,0.6618831,0.65625,3760,187,38.8,0.386083037,0.65625,3828,150,38.8,0.3355032,0.65625,3768,239,38.8,0.472614616,0.65625,4850,1043,48.5,1.31909645,0.65625,3826,139,38.8,0.3170093,0.65625,3880,158,38.8,0.3292097,0.65,60.1250076,49.7500038,99.99749,26.9434967,9.937267,73.05569,9.735657,5.14510727,65.42444,39.25,0.25,0,55,0,85,0.416,1.01,16,16,16,32,48,30,295,160,130,0,0,0,16,39,0.25,0,55,0,85,0.416,1.01,16,16,16,32,48,30,295,160,130,0,0,0,16,512,-1,485.785156,485.480469,0.3046875,0.5,7618.451,7618.951,0,0,0,0,0,0,0,0,0,0,0,0,512,600,1200,3000,53,0.965000033,1.30500007,0,2,15,40,2670,10451.9824,1000,1001,30,30,19,5,1,0,25.706,20.559,0.975,12516.8711,402.96875,16.8947544,0,0,0,0.00376599142,0,0.75086987,0.741748452,0,0,0.148918644,0,0,0,47.8125,44,16376,3559,12816,78.26693,70.952,314549248,299008
05/27/2026 13:30:34,52,53,0,60,66,60,60,60,60,75,12.0960007,5.03,1.30800009,1.39200008,0.986000061,0.314,0.676000059,3.28400016,2.046,0,3.36800027,3.36800027,3.11600018,58,44,45,44.5,1182,667,0,927,831,0,0,0,0,0,23.44,10.94,6.35,4.76,1.56,17.19,4.76,4.69,9.21,23.44,34.549614,4063,397,4040,874,40.4,1.09978366,0.60625,4040,446,40.4,0.6835495,0.60625,3822,171,40.4,0.3394979,0.60625,3838,151,40.4,0.3119141,0.60625,3833,233,40.4,0.414172679,0.60625,4040,1004,40.4,1.22416472,0.60625,3844,140,40.4,0.279361159,0.60625,5050,154,50.5,0.294187158,0.50625,58.6250076,50.7500038,99.99748,26.9662132,9.914551,73.11729,9.738396,5.14236832,65.44285,39.25,0.25,0,55,0,85,0.416,1.01,16,16,16,32,48,30,295,160,130,0,0,0,16,39,0.25,0,55,0,85,0.416,1.01,16,16,16,32,48,30,295,160,130,0,0,0,16,512,-1,485.785156,485.480469,0.3046875,0.5,7618.451,7618.951,0,0,0,0,0,0,0,0,0,0,0,0,512,600,1200,3000,53,0.965000033,1.30500007,0,1,15,40,2670,10451.9824,1000,998,30,30,18,5,1,0,26.805,43.233,0.975,12517.02,402.96875,16.3755989,0,0,0,0.00276345015,0,0.7569254,0.7598333,0,0,0,0,0,0,48,44,16376,3558,12817,78.26784,71.036,149504,8.839987E+07
05/27/2026 13:30:36,51,53,0,60,65,58,58,58,58,74,12.12,5.03,1.30800009,1.39200008,0.986000061,0.316,0.676000059,3.28400016,2.046,0,3.36800027,3.36800027,3.11600018,57,44,45,44.5,1141,666,0,920,856,0,0,0,0,0,25,3.12,6.25,0,3.12,14.06,1.56,1.56,6.84,25,34.99503,3707,436,4850,1049,48.5,1.238431,0.64375,3233,390,32.3333321,0.652214766,0.64375,3233,282,32.3333321,0.450555056,0.64375,3088,175,32.3333321,0.344664246,0.64375,4535,244,48.5,0.443013221,0.64375,4850,1157,48.5,1.388504,0.64375,2940,95,32.3333321,0.267826229,0.64375,2928,94,32.3333321,0.2585287,0.64375,57.7500076,50.2500038,99.9975,26.9343147,9.946449,73.03079,9.731281,5.14948273,65.3950348,39.25,0.25,0,55,0,85,0.416,1.01,16,16,16,32,48,30,295,160,130,0,0,0,16,39,0.25,0,55,0,85,0.416,1.01,16,16,16,32,48,30,295,160,130,0,0,0,16,512,-1,485.785156,485.480469,0.3046875,0.5,7618.451,7618.951,0,0,0,0,0,0,0,0,0,0,0,0,512,600,1200,3000,53,0.969000041,1.30500007,0,2,15,40,2670,10451.9824,999,999,30,30,18,4,1,0,26.065,17.83,0.975,12517.02,402.96875,16.135458,0,0,0,0.00232353923,0,0.7531372,0.7352399,0,0,0,0,0,0,48.125,46,16376,3558,12817,78.26784,69.818,448749568,299008
05/27/2026 13:30:38,50,53,0,58,64,56,56,56,56,73,12.12,5.03,1.31000006,1.39200008,0.982000053,0.322000027,0.676000059,3.28400016,2.046,0,3.36800027,3.36800027,3.11600018,57,44.5,45,44.5,1132,691,0,923,855,0,0,0,0,0,20.63,12.7,3.12,1.56,3.12,25.4,1.56,3.12,8.9,25.4,34.4798622,3779,386,4850,814,48.5,1.06177688,0.64375,4850,386,48.5,0.598216534,0.64375,3158,194,32.3333321,0.344605774,0.64375,3146,150,32.3333321,0.299215376,0.64375,3104,227,32.3333321,0.41974628,0.64375,4850,1046,48.5,1.245236,0.64375,3038,104,32.3333321,0.251055032,0.6375,3233,171,32.3333321,0.325384468,0.6375,57.2500076,49.7500038,99.99749,26.9354286,9.945335,73.03381,9.73381,5.14695358,65.41203,39.25,0.25,0,55,0,85,0.416,1.01,16,16,16,32,48,30,295,160,130,0,0,0,16,39,0.25,0,55,0,85,0.416,1.01,16,16,16,32,48,30,295,160,130,0,0,0,16,512,-1,485.785156,485.480469,0.3046875,0.5,7618.451,7618.951,0,0,0,0,0,0,0,0,0,0,0,0,512,600,1200,3000,52,1.04000008,1.30500007,0,7,16,40,2670,10451.9824,999,1001,30,30,17,4,1,0,27,19.895,0.975,12517.0117,401.359375,16.70334,0,0,0,0.00283689727,0,0.7404703,0.736079633,0,0,0,0,0,0,48.0625,44,16376,3558,12817,78.26784,70.692,4.653998E+08,249856
05/27/2026 13:30:40,49,53,0,57,63,54,54,54,54,71,12.12,5.03,1.30800009,1.39200008,0.984,0.318000019,0.676000059,3.28400016,2.046,0,3.36800027,3.36800027,3.11600018,56,44,45,44.5,1103,692,0,900,822,0,0,0,0,0,19.05,7.94,3.17,4.76,1.59,20.63,0,3.17,7.54,20.63,35.26352,3727,440,4850,997,48.5,1.2154628,0.64375,4850,444,48.5,0.695423245,0.64375,3160,253,32.3333321,0.4301415,0.64375,3057,191,32.3333321,0.35274753,0.64375,3075,294,32.3333321,0.480718881,0.6375,4850,1092,48.5,1.31314075,0.6375,2903,112,32.3333321,0.284053355,0.6375,3069,139,32.3333321,0.314533859,0.6375,56.6250076,49.7500038,99.99748,26.9433022,9.937462,73.05516,9.740826,5.13993835,65.4591751,39.25,0.25,0,55,0,85,0.416,1.01,16,16,16,32,48,30,295,160,130,0,0,0,16,39,0.25,0,55,0,85,0.416,1.01,16,16,16,32,48,30,295,160,130,0,0,0,16,512,-1,485.785156,485.480469,0.3046875,0.5,7618.451,7618.951,0,0,0,0,0,0,0,0,0,0,0,0,512,600,1200,3000,52,0.969000041,1.30500007,0,2,15,40,2670,10451.9824,1000,1000,30,30,18,5,1,0,26.864,19.911,0.975,12517.0117,401.359375,17.0031281,0,0,0,0.00306183519,0,0.7612029,0.740341544,0,0,0,0,0,0,48.15625,46,16376,3558,12817,78.26784,71.996,3.160494E+08,249856
05/27/2026 13:30:42,47,53,0,56,62,54,54,54,54,71,12.0960007,5.03,1.30800009,1.39200008,0.986000061,0.316,0.676000059,3.28400016,2.046,0,3.364,3.364,3.11200023,56,44,45,44.5,1069,667,0,897,824,0,0,0,0,0,10.77,9.23,4.62,1.56,7.69,12.31,1.56,4.62,6.54,12.31,35.7971153,4225,404,4040,831,40.4,1.06810939,0.5,4040,418,40.4,0.627954543,0.5,3902,178,40.4,0.335974425,0.5,3902,152,40.4,0.302678585,0.5,3945,272,40.4,0.44078356,0.5,5050,945,50.5,1.17871022,0.4875,3868,105,40.4,0.253897965,0.4875,5050,335,50.5,0.422504216,0.5125,56.7500076,51.8750038,99.99749,26.96513,9.915634,73.11435,9.742916,5.137848,65.47322,39.25,0.25,0,55,0,85,0.416,1.01,16,16,16,32,48,30,295,160,130,0,0,0,16,39,0.25,0,55,0,85,0.416,1.01,16,16,16,32,48,30,295,160,130,0,0,0,16,512,-1,485.785156,485.480469,0.3046875,0.5,7618.451,7618.951,0,0,0,0,0,0,0,0,0,0,0,0,512,600,1200,3000,53,0.969000041,1.30500007,0,7,16,41,2670,10451.9824,1002,1001,30,30,18,5,1,0,26.491,38.142,0.975,12517.0117,401.359375,16.667717,0,0,0,0.00228507887,0,0.7189172,0.727478862,0,0,0,0,0,0,48.21875,46,16376,3558,12817,78.26784,70.748,899072,8.874906E+07
05/27/2026 13:30:44,47,53,0,56,62,54,54,54,54,71,12.0960007,5.03,1.31000006,1.39200008,0.998,0.324,0.676000059,3.28400016,2.046,0,3.36800027,3.36800027,3.11600018,56,44,45,44.5,1061,691,0,886,792,0,0,0,0,0,15.38,10.77,1.56,0,4.69,26.15,1.56,0,7.52,26.15,34.6822929,3708,416,4850,1052,48.5,1.20756638,0.64375,4850,400,48.5,0.653959453,0.64375,3016,177,32.3333321,0.350020766,0.64375,3075,164,32.3333321,0.3255771,0.64375,3041,233,32.3333321,0.4265665,0.64375,4850,1089,48.5,1.3243562,0.64375,2978,116,32.3333321,0.276356131,0.64375,3002,98,32.3333321,0.26460436,0.64375,56.3750076,49.7500038,99.99749,26.9445343,9.93623,73.0585,9.741241,5.13952255,65.4619751,39.25,0.25,0,55,0,85,0.416,1.01,16,16,16,32,48,30,295,160,130,0,0,0,16,39,0.25,0,55,0,85,0.416,1.01,16,16,16,32,48,30,295,160,130,0,0,0,16,512,-1,485.785156,485.480469,0.3046875,0.5,7618.451,7618.951,0,0,0,0,0,0,0,0,0,0,0,0,512,600,1200,3000,52,0.965000033,1.30500007,0,2,16,41,2670,10451.9824,1001,998,30,30,17,4,1,0,26.472,17.405,0.975,12517.0117,401.359375,17.0241661,0,0,0,0.00300115254,0,0.726666451,0.7285546,0,0,0,0,0,0,48.3125,44,16376,3558,12817,78.26784,70.184,451249152,499712
05/27/2026 13:30:46,47,53,0,56,62,55,55,55,55,72,12.12,5.03,1.31000006,1.39200008,0.992000043,0.316,0.676000059,3.28400016,2.046,0,3.36800027,3.36800027,3.11600018,57,44.5,45,44.5,1053,666,0,871,809,0,0,0,0,0,23.44,9.38,9.38,4.69,6.25,28.12,6.25,4.69,11.52,28.12,35.8719559,4308,468,4850,944,48.5,1.20314682,0.61875,3880,456,38.8,0.7772558,0.61875,3880,268,38.8,0.459361,0.61875,4767,189,48.5,0.373999327,0.61875,3801,287,38.8,0.5181394,0.61875,4850,1373,48.5,1.55407619,0.61875,4661,117,48.5,0.3085207,0.61875,3771,114,38.8,0.302120775,0.61875,57.0000076,50.2500038,99.99749,26.9397774,9.940987,73.04561,9.7365,5.144264,65.43011,39.25,0.25,0,55,0,85,0.416,1.01,16,16,16,32,48,30,295,160,130,0,0,0,16,39,0.25,0,55,0,85,0.416,1.01,16,16,16,32,48,30,295,160,130,0,0,0,16,512,-1,485.785156,485.480469,0.3046875,0.5,7618.451,7618.951,0,0,0,0,0,0,0,0,0,0,0,0,512,600,1200,3000,52,1.05500007,1.30500007,0,5,16,41,2670,10451.9824,1000,1001,30,30,16,4,1,0,27.782,20.562,0.975,12517.02,406.578125,17.2895088,0,0,0,0.00317327725,0,0.7274321,0.7152818,0,0,0.06358037,0,0,0,48.40625,46,16376,3558,12817,78.26784,71.845,542999552,299008
05/27/2026 13:30:48,47,53,0,56,62,54,54,54,54,71,12.12,5.03,1.31000006,1.39200008,0.992000043,0.314,0.676000059,3.28400016,2.046,0,3.36800027,3.36800027,3.11600018,56,44,45,44.5,1048,667,0,873,788,0,0,0,0,0,14.29,9.52,4.76,1.59,3.17,17.46,4.76,0,6.94,17.46,35.3304749,4285,456,4850,1036,48.5,1.25134969,0.6375,4850,476,48.5,0.753445864,0.6375,3762,236,38.8,0.423608333,0.6375,3800,245,38.8,0.403293669,0.6375,4628,290,48.5,0.468993843,0.6375,4850,1037,48.5,1.28504682,0.6375,3852,184,38.8,0.360286236,0.6375,3689,143,38.8,0.3191595,0.6375,56.5000076,49.7500038,99.99749,26.9782715,9.902493,73.14998,9.759552,5.121212,65.58502,39.25,0.25,0,55,0,85,0.416,1.01,16,16,16,32,48,30,295,160,130,0,0,0,16,39,0.25,0,55,0,85,0.416,1.01,16,16,16,32,48,30,295,160,130,0,0,0,16,512,-1,485.785156,485.480469,0.3046875,0.5,7618.451,7618.951,0,0,0,0,0,0,0,0,0,0,0,0,512,600,1200,3000,53,0.965000033,1.30500007,0,4,15,41,2670,10451.9824,999,1001,30,30,19,5,1,1,27.358,19.176,0.975,12517.02,410.34375,16.3599453,0,0,0,0.00323925,0,0.7749549,0.7384675,0,0,0.0189567432,0,0,0,48.25,44,16376,3558,12817,78.26784,72.424,385849344,299008
05/27/2026 13:30:50,47,53,0,57,62,55,55,55,55,72,12.0960007,5.03,1.30800009,1.39200008,0.978000045,0.326,0.676000059,3.28400016,2.046,0,3.36800027,3.36800027,3.11600018,56,44.5,45,44.5,1063,692,0,884,807,0,0,0,0,0,22.22,11.11,6.35,9.38,14.29,28.57,7.81,4.69,13.05,28.57,36.5840721,3739,427,4040,1000,40.4,1.15877914,0.49375,3367,433,33.6666679,0.6852245,0.49375,3208,206,33.6666679,0.371411532,0.49375,3188,173,33.6666679,0.329838663,0.49375,3243,260,33.6666679,0.465079367,0.49375,4040,958,40.4,1.22891843,0.49375,3773,125,40.4,0.286148429,0.5,5050,261,50.5,0.378003031,0.5,57.0000076,56.6250038,99.99748,26.9413261,9.939438,73.0498047,9.72871,5.152054,65.37776,39.25,0.25,0,55,0,85,0.416,1.01,16,16,16,32,48,30,295,160,130,0,0,0,16,39,0.25,0,55,0,85,0.416,1.01,16,16,16,32,48,30,295,160,130,0,0,0,16,512,-1,485.785156,485.480469,0.3046875,0.5,7618.451,7618.951,0,0,0,0,0,0,0,0,0,0,0,0,512,600,1200,3000,52,0.969000041,1.30500007,0,2,15,41,2670,10451.9824,1001,1000,30,30,18,5,1,1,27.317,17.726,0.975,12517.0234,411.296875,17.2635574,0,0,0,0.00321189757,0,0.7432412,0.7333833,0,0,0,0,0,0,48.40625,46,16376,3558,12817,78.26784,70.761,380699648,299008
05/27/2026 13:30:52,47,53,0,56,62,54,54,54,54,71,12.12,5.03,1.30800009,1.39200008,0.996000051,0.318000019,0.676000059,3.28400016,2.046,0,3.36800027,3.36800027,3.11600018,56,44.5,45,44.5,1050,667,0,883,791,0,0,0,0,0,22.22,11.11,6.35,1.59,3.17,31.75,3.17,7.94,10.91,31.75,35.19299,3993,448,4850,1073,48.5,1.26319647,0.65,4850,429,48.5,0.7081922,0.61875,3114,204,32.3333321,0.390012443,0.61875,3111,156,32.3333321,0.3358385,0.61875,4704,266,48.5,0.478121877,0.61875,4850,1119,48.5,1.32300806,0.61875,3233,172,32.3333321,0.354756385,0.61875,3233,167,32.3333321,0.3423492,0.61875,56.6250076,49.2500038,99.99749,26.9802246,9.900539,73.15527,9.751152,5.129612,65.52857,39.25,0.25,0,55,0,85,0.416,1.01,16,16,16,32,48,30,295,160,130,0,0,0,16,39,0.25,0,55,0,85,0.416,1.01,16,16,16,32,48,30,295,160,130,0,0,0,16,512,-1,485.785156,485.480469,0.3046875,0.5,7618.451,7618.951,0,0,0,0,0,0,0,0,0,0,0,0,512,600,1200,3000,52,0.955000043,1.30500007,0,0,16,41,2670,10451.9824,998,999,30,30,18,4,1,0,28.306,18.518,0.975,12517.0234,411.390625,17.6322479,0,0,0,0.00311274268,0,0.7540594,0.7374581,0,0,0.0100131594,0,0,0,48.5,44,16376,3558,12817,78.26784,72.13,517199872,549888
05/27/2026 13:30:54,47,53,0,56,62,54,54,54,54,71,12.12,5.03,1.31000006,1.39200008,0.994,0.316,0.676000059,3.288,2.046,0,3.36800027,3.36800027,3.11600018,56,44.5,45,44.5,1048,666,0,891,789,0,0,0,0,0,12.7,9.52,1.59,1.59,3.17,30.16,0,1.61,7.54,30.16,35.28579,3739,428,4850,870,48.5,1.12863982,0.64375,3233,431,32.3333321,0.721791148,0.64375,3123,202,32.3333321,0.3777313,0.64375,3050,142,32.3333321,0.307503223,0.64375,4726,280,48.5,0.4696064,0.64375,4850,1272,48.5,1.40672934,0.64375,3025,105,32.3333321,0.27634272,0.64375,3055,124,32.3333321,0.280298084,0.64375,56.5000076,49.7500038,99.99748,26.9411926,9.939571,73.04944,9.72842,5.15234375,65.37581,39.25,0.25,0,55,0,85,0.416,1.01,16,16,16,32,48,30,295,160,130,0,0,0,16,39,0.25,0,55,0,85,0.416,1.01,16,16,16,32,48,30,295,160,130,0,0,0,16,512,-1,485.785156,485.480469,0.3046875,0.5,7618.451,7618.951,0,0,0,0,0,0,0,0,0,0,0,0,512,600,1200,3000,53,1.04500008,1.30500007,0,5,15,41,2670,10451.9824,999,1001,30,30,18,4,1,0,28.303,20.014,0.975,12517.0234,411.390625,16.9750443,0,0,0,0.00419187034,0,0.772734165,0.748336136,0,0,0,0,0,0,48.59375,46,16376,3558,12817,78.26784,73.66,5.402491E+08,299008
05/27/2026 13:30:56,47,53,0,56,62,54,54,54,54,71,12.0960007,5.03,1.30800009,1.39200008,1,0.316,0.676000059,3.28400016,2.046,0,3.36800027,3.36800027,3.11600018,56,44.5,45,44.5,1052,691,0,887,789,0,0,0,0,0,31.75,11.11,3.12,4.69,7.81,30.16,3.12,1.56,11.67,31.75,35.542,3756,484,4850,1057,48.5,1.31587553,0.64375,4850,502,48.5,0.8161327,0.64375,3102,210,32.3333321,0.388753563,0.6375,3063,166,32.3333321,0.3366603,0.6375,3073,255,32.3333321,0.473880053,0.6375,4850,1377,48.5,1.5449326,0.6375,3027,135,32.3333321,0.310720921,0.6375,3233,173,32.3333321,0.3488256,0.6375,56.2500076,49.7500038,99.9975,26.9476814,9.933083,73.06704,9.738747,5.14201736,65.4452057,39.25,0.25,0,55,0,85,0.416,1.01,16,16,16,32,48,30,295,160,130,0,0,0,16,39,0.25,0,55,0,85,0.416,1.01,16,16,16,32,48,30,295,160,130,0,0,0,16,512,-1,485.785156,485.480469,0.3046875,0.5,7618.451,7618.951,0,0,0,0,0,0,0,0,0,0,0,0,512,600,1200,3000,52,0.965000033,1.30500007,0,12,16,41,2670,10451.9824,1000,1000,30,30,20,5,2,1,27.847,18.079,0.975,12517.0273,412.328125,17.3779526,0,0,0,0.00230022217,0,0.7235129,0.7197934,0,0,0.0175991468,0,0,0,48.59375,46,16376,3558,12817,78.26784,73.152,1.053993E+08,99328
05/27/2026 13:30:58,47,53,0,57,62,56,56,56,56,73,12.12,5.03,1.30800009,1.39200008,0.990000069,0.316,0.676000059,3.28400016,2.046,0,3.36800027,3.36800027,3.11600018,57,44,45,44.5,1048,667,0,871,807,0,0,0,0,0,20.31,1.56,1.59,0,1.56,15.62,0,0,5.08,20.31,34.7407341,4120,427,4040,1036,40.4,1.1851753,0.55,4040,386,40.4,0.660674751,0.55,3860,202,40.4,0.375390381,0.55,3848,170,40.4,0.332875371,0.55,3902,263,40.4,0.446869135,0.55,5050,1046,50.5,1.254692,0.55,3168,117,33.6666679,0.2825609,0.55,5050,193,50.5,0.330282778,0.51875,57.1250076,51.8750038,99.99749,26.974678,9.906086,73.1402359,9.745316,5.13544846,65.48935,39.25,0.25,0,55,0,85,0.416,1.01,16,16,16,32,48,30,295,160,130,0,0,0,16,39,0.25,0,55,0,85,0.416,1.01,16,16,16,32,48,30,295,160,130,0,0,0,16,512,-1,485.785156,485.480469,0.3046875,0.5,7618.451,7618.951,0,0,0,0,0,0,0,0,0,0,0,0,512,600,1200,3000,52,0.965000033,1.30500007,0,4,16,41,2670,10451.9824,1000,1000,30,30,19,4,1,0,28.047,17.011,0.975,12517.0352,414.203125,17.8132782,0,0,0,0.0029025597,0,0.749267936,0.7359381,0,0,0,0,0,0,48.65625,46,16376,3558,12817,78.26784,72.173,108699648,8.329933E+07
05/27/2026 13:31:00,48,53,0,57,62,56,56,56,56,73,12.12,5.03,1.31000006,1.39200008,0.992000043,0.320000023,0.676000059,3.288,2.046,0,3.36800027,3.36800027,3.11600018,57,44.5,45,44.5,1068,691,0,877,791,0,0,0,0,0,25,6.35,1.59,3.17,1.59,20.31,0,1.59,7.45,25,35.7805977,3777,494,4850,1439,48.5,1.51919079,0.6375,3233,467,32.3333321,0.7672392,0.6375,3099,241,32.3333321,0.447153747,0.6375,3227,214,32.3333321,0.413641274,0.6375,4723,288,48.5,0.5257038,0.6375,4850,1008,48.5,1.3446728,0.6375,3005,122,32.3333321,0.307382822,0.6375,3229,169,32.3333321,0.353599548,0.6375,57.1250076,49.7500038,99.99749,26.955986,9.924778,73.0895538,9.749622,5.13114166,65.5182953,39.25,0.25,0,55,0,85,0.416,1.01,16,16,16,32,48,30,295,160,130,0,0,0,16,39,0.25,0,55,0,85,0.416,1.01,16,16,16,32,48,30,295,160,130,0,0,0,16,512,-1,485.785156,485.480469,0.3046875,0.5,7618.451,7618.951,0,0,0,0,0,0,0,0,0,0,0,0,512,600,1200,3000,53,0.965000033,1.30500007,0,2,15,41,2670,10451.9824,1002,1001,30,30,18,4,1,0,28.248,19.585,0.975,12517.0352,415.140625,17.56282,0,0,0,0.002815056,0,0.753415942,0.742044747,0,0,0.0167793483,0,0,0,48.6875,48,16376,3558,12817,78.26784,72.128,419149824,34049024
05/27/2026 13:31:02,48,53,0,58,63,56,56,56,56,73,12.12,5.03,1.31000006,1.39200008,0.98,0.322000027,0.676000059,3.288,2.046,0,3.36800027,3.36800027,3.11600018,57,44.5,45,44.5,1079,692,0,897,816,0,0,0,0,0,23.44,6.25,0,0,1.56,20.31,1.56,3.12,7.03,23.44,35.3528328,4102,410,4850,1191,48.5,1.292325,0.63125,4850,383,48.5,0.616822064,0.63125,4605,200,48.5,0.3683212,0.63125,3048,159,32.3333321,0.320402354,0.63125,4632,256,48.5,0.4420937,0.63125,4850,888,48.5,1.21443951,0.63125,2978,106,32.3333321,0.268741518,0.63125,3007,98,32.3333321,0.262309045,0.63125,57.2500076,49.7500038,99.99748,26.975502,9.905262,73.14247,9.754734,5.12603,65.55264,39.25,0.25,0,55,0,85,0.416,1.01,16,16,16,32,48,30,295,160,130,0,0,0,16,39,0.25,0,55,0,85,0.416,1.01,16,16,16,32,48,30,295,160,130,0,0,0,16,512,-1,485.785156,485.480469,0.3046875,0.5,7618.451,7618.951,0,0,0,0,0,0,0,0,0,0,0,0,512,600,1200,3000,53,1.06000006,1.30500007,0,6,16,40,2670,10451.9824,999,998,30,30,19,5,1,0,28.317,20.571,0.975,12517.0352,415.3711,16.6220074,0,0,0,0.002876484,0,0.7618936,0.7392058,0,0,0,0,0,0,48.71875,46,16376,3558,12817,78.26784,73.553,441499648,3.439923E+07
05/27/2026 13:31:04,48,53,0,58,63,56,56,56,56,73,12.12,5.03,1.31000006,1.39200008,0.990000069,0.316,0.676000059,3.288,2.046,0,3.36800027,3.36800027,3.11600018,57,44.5,45,44.5,1081,666,0,903,802,0,0,0,0,0,28.12,9.38,3.12,1.59,1.56,14.06,1.59,9.52,8.62,28.12,35.7142639,4130,501,4850,1434,48.5,1.52767873,0.65,3233,411,32.3333321,0.70664376,0.65,3134,273,32.3333321,0.45905146,0.65,3032,177,32.3333321,0.3464917,0.65,4633,294,48.5,0.513307,0.65,4850,1014,48.5,1.34228146,0.65,4462,131,48.5,0.306192428,0.65,4850,275,48.5,0.4620446,0.65,57.1250076,49.7500038,99.99749,26.9548645,9.92589951,73.08652,9.753075,5.12768936,65.54149,39.25,0.25,0,55,0,85,0.416,1.01,16,16,16,32,48,30,295,160,130,0,0,0,16,39,0.25,0,55,0,85,0.416,1.01,16,16,16,32,48,30,295,160,130,0,0,0,16,512,-1,485.785156,485.480469,0.3046875,0.5,7618.451,7618.951,0,0,0,0,0,0,0,0,0,0,0,0,512,600,1200,3000,53,0.969000041,1.30500007,0,2,16,41,2670,10451.9824,1000,999,30,30,19,5,1,1,27.631,17.188,0.975,12517.0352,416.402344,17.44938,0,0,0,0.00284605962,0,0.738363445,0.732740939,0,0,0,0,0,0,48.75,46,16376,3558,12817,78.26784,72.493,3.580498E+08,4599808
05/27/2026 13:31:06,49,53,0,58,63,56,56,56,56,73,12.0960007,5.03,1.31000006,1.39200008,0.984,0.316,0.676000059,3.28400016,2.046,0,3.36800027,3.36800027,3.11600018,57,44.5,45,44.5,1079,691,0,901,829,0,0,0,0,0,23.44,9.38,6.25,4.69,7.81,14.06,6.35,4.76,9.59,23.44,34.91703,4466,447,4040,1191,40.4,1.28681076,0.5375,5050,505,50.5,0.7777365,0.5375,5046,258,50.5,0.425467163,0.5375,4831,174,50.5,0.337580651,0.5,3902,271,40.4,0.486625671,0.5,4040,817,40.4,1.162894,0.5,3770,114,40.4,0.281044215,0.5,5050,245,50.5,0.365307152,0.51875,57.3750076,51.8750038,99.99749,26.9686623,9.912102,73.1239243,9.743172,5.13759232,65.4749451,39.25,0.25,0,55,0,85,0.416,1.01,16,16,16,32,48,30,295,160,130,0,0,0,16,39,0.25,0,55,0,85,0.416,1.01,16,16,16,32,48,30,295,160,130,0,0,0,16,512,-1,485.785156,485.480469,0.3046875,0.5,7618.451,7618.951,0,0,0,0,0,0,0,0,0,0,0,0,512,600,1200,3000,53,0.969000041,1.30500007,0,2,15,40,2670,10451.9824,1000,1002,30,30,19,5,1,0,28.015,24.362,0.975,12517.0391,418.214844,16.9973755,0,0,0,0.002822896,0,0.7310022,0.71903193,0,0,0.0243044458,0,0,0,48.84375,46,16376,3558,12817,78.26784,71.516,849920,999424
05/27/2026 13:31:08,48,53,0,58,63,56,56,56,56,73,12.0960007,5.03,1.31000006,1.39200008,0.98,0.312,0.676000059,3.28400016,2.046,0,3.36800027,3.36800027,3.11600018,57,44.5,45,44.5,1081,666,0,893,810,0,0,0,0,0,24.62,6.15,3.08,1.54,3.08,16.92,1.54,1.54,7.31,24.62,35.6789436,4201,493,4040,1308,40.4,1.43471408,0.55,5050,467,50.5,0.7886762,0.55,3919,243,40.4,0.436888874,0.54375,3850,178,40.4,0.34741053,0.54375,3882,290,40.4,0.52364707,0.54375,5050,1150,50.5,1.426591,0.54375,3780,121,40.4,0.304371446,0.54375,4040,187,40.4,0.360631645,0.55,57.1250076,49.7500038,99.99748,26.952095,9.928669,73.079,9.751453,5.12931061,65.5305939,39.25,0.25,0,55,0,85,0.416,1.01,16,16,16,32,48,30,295,160,130,0,0,0,16,39,0.25,0,55,0,85,0.416,1.01,16,16,16,32,48,30,295,160,130,0,0,0,16,512,-1,485.785156,485.480469,0.3046875,0.5,7618.451,7618.951,0,0,0,0,0,0,0,0,0,0,0,0,512,600,1200,3000,53,1.05000007,1.30500007,0,8,16,40,2670,10451.9824,1000,998,30,30,18,4,1,0,28.409,24.132,0.975,12517.0391,418.214844,17.3957081,0,0,0,0.002997844,0,0.7836542,0.7782225,0,0,0,0,0,0,48.71875,46,16376,3558,12817,78.26784,72.979,899072,157549568
05/27/2026 13:31:10,48,53,0,58,63,56,56,56,56,73,12.12,5.03,1.30800009,1.39200008,0.984,0.318000019,0.676000059,3.28400016,2.046,0,3.36800027,3.36800027,3.11600018,57,44.5,45,44.5,1090,667,0,904,829,0,0,0,0,0,20,6.15,4.62,3.08,3.08,10.77,1.54,1.54,6.35,20,35.43452,3882,392,4040,1217,40.4,1.27311182,0.63125,3367,422,33.6666679,0.6806317,0.63125,3229,189,33.6666679,0.344151855,0.63125,3932,181,40.4,0.3397021,0.63125,3886,249,40.4,0.4153176,0.55,5050,695,50.5,1.03690541,0.5375,3801,96,40.4,0.251420259,0.5375,3747,86,40.4,0.242698267,0.5375,57.1250076,49.2500038,99.99749,26.9696388,9.911125,73.12657,9.754929,5.12583542,65.55395,39.25,0.25,0,55,0,85,0.416,1.01,16,16,16,32,48,30,295,160,130,0,0,0,16,39,0.25,0,55,0,85,0.416,1.01,16,16,16,32,48,30,295,160,130,0,0,0,16,512,-1,485.785156,485.480469,0.3046875,0.5,7618.451,7618.951,0,0,0,0,0,0,0,0,0,0,0,0,512,600,1200,3000,52,0.969000041,1.30500007,0,4,16,39,2670,10451.9824,1001,1002,30,30,18,5,1,0,28.132,20.656,0.975,12517.0391,420.0664,17.7247753,0,0,0,0.00309946644,0,0.745456755,0.7298591,0,0,0.0330308825,0,0,0,48.84375,46,16376,3558,12817,78.26784,73.625,899072,150449152
05/27/2026 13:31:12,47,53,0,57,62,55,55,55,55,72,12.0960007,5.03,1.31000006,1.39200008,0.978000045,0.326,0.676000059,3.288,2.046,0,3.37200022,3.36800027,3.11600018,57,44.5,45,44.5,1074,692,0,907,807,0,0,0,0,0,28.12,12.5,3.12,3.12,4.69,21.88,1.56,3.12,9.77,28.12,35.8829842,4057,470,5050,1296,50.5,1.38594043,0.5375,4040,534,40.4,0.817039132,0.5375,3877,253,40.4,0.412772566,0.5375,3783,152,40.4,0.321594238,0.5375,3862,271,40.4,0.484007955,0.5375,4040,935,40.4,1.28569841,0.55625,3764,128,40.4,0.291499048,0.55625,4040,189,40.4,0.3553367,0.55625,56.7500076,49.2500038,99.99748,26.9543839,9.92638,73.08521,9.756489,5.124275,65.56444,39.25,0.25,0,55,0,85,0.416,1.01,16,16,16,32,48,30,295,160,130,0,0,0,16,39,0.25,0,55,0,85,0.416,1.01,16,16,16,32,48,30,295,160,130,0,0,0,16,512,-1,485.785156,485.480469,0.3046875,0.5,7618.451,7618.951,0,0,0,0,0,0,0,0,0,0,0,0,512,600,1200,3000,52,0.965000033,1.30500007,0,2,16,39,2670,10451.9824,999,999,30,30,19,5,1,1,27.66,19.506,0.975,12517.043,423.3164,17.56276,0,0,0,0.002989923,0,0.775588036,0.7228387,0,0,0.0182365514,0,0,0,48.9375,46,16376,3558,12817,78.26784,71.954,899072,8.199987E+07
05/27/2026 13:31:14,48,53,0,58,63,56,56,56,56,73,12.12,5.03,1.30800009,1.39200008,1.00200009,0.324,0.676000059,3.288,2.046,0,3.36800027,3.364,3.11600018,57,44.5,45,44.5,1080,667,0,899,824,0,0,0,0,0,25,1.56,3.12,6.25,6.25,12.5,4.69,6.25,8.2,25,35.5144424,4380,480,4040,1380,40.4,1.46834254,0.50625,4040,401,40.4,0.696210742,0.51875,3883,201,40.4,0.394567221,0.51875,4040,259,40.4,0.406955361,0.51875,4894,270,50.5,0.4946676,0.51875,5050,788,50.5,1.14459252,0.51875,4040,231,40.4,0.3596079,0.51875,5050,312,50.5,0.431167334,0.50625,57.2500076,52.8750038,99.99749,26.972599,9.908165,73.1346,9.746696,5.13406754,65.49863,39.25,0.25,0,55,0,85,0.416,1.01,16,16,16,32,48,30,295,160,130,0,0,0,16,39,0.25,0,55,0,85,0.416,1.01,16,16,16,32,48,30,295,160,130,0,0,0,16,512,-1,485.785156,485.480469,0.3046875,0.5,7618.451,7618.951,0,0,0,0,0,0,0,0,0,0,0,0,512,600,1200,3000,53,0.974000037,1.30500007,0,2,16,39,2670,10451.9824,1002,1002,30,30,18,4,1,0,28.071,19.026,0.975,12517.043,424.089844,16.88417,0,0,0,0.00302385027,0,0.73100096,0.7287973,0,0,0.008557694,0,0,0,49.0625,46,16376,3558,12817,78.26784,71.735,2.784E+08,26249216
05/27/2026 13:31:16,48,53,0,58,63,56,56,56,56,73,12.0960007,5.03,1.31000006,1.39200008,0.984,0.316,0.676000059,3.28400016,2.046,0,3.36800027,3.364,3.11600018,57,44.5,45,44.5,1095,667,0,900,824,0,0,0,0,0,35.94,12.5,4.69,3.12,4.69,15.62,1.56,4.69,10.35,35.94,35.7576,4153,482,5050,1457,50.5,1.52809536,0.5625,4040,521,40.4,0.8241508,0.5625,3792,232,40.4,0.420883566,0.5625,3745,177,40.4,0.364157528,0.5625,3791,264,40.4,0.492964238,0.5625,5050,867,50.5,1.26330376,0.5625,3715,123,40.4,0.3019708,0.5625,4040,216,40.4,0.402663946,0.5625,57.1250076,49.7500038,99.99749,26.9539757,9.926788,73.08411,9.757118,5.123646,65.5686646,39.25,0.25,0,55,0,85,0.416,1.01,16,16,16,32,48,30,295,160,130,0,0,0,16,39,0.25,0,55,0,85,0.416,1.01,16,16,16,32,48,30,295,160,130,0,0,0,16,512,-1,485.785156,485.480469,0.3046875,0.5,7618.451,7618.951,0,0,0,0,0,0,0,0,0,0,0,0,512,600,1200,3000,52,1.05000007,1.30500007,0,15,16,40,2670,10451.9824,999,998,30,30,18,4,1,0,28.445,43.252,0.975,12517.043,424.089844,17.57039,0,0,0,0.002176294,0,0.7517672,0.746763766,0,0,0,0,0,0,48.96875,46,16376,3558,12817,78.26784,73.778,99328,1.504E+08
05/27/2026 13:31:18,48,53,0,58,63,56,56,56,56,73,12.12,5.03,1.31000006,1.39200008,0.98,0.316,0.676000059,3.28400016,2.046,0,3.36800027,3.36800027,3.11600018,57,44.5,45,44.5,1092,692,0,903,826,0,0,0,0,0,21.54,7.69,1.54,3.08,4.62,20,0,1.54,7.5,21.54,36.1024,3779,471,4850,1371,48.5,1.43246114,0.64375,4850,509,48.5,0.8368044,0.64375,3137,203,32.3333321,0.402121454,0.64375,3099,161,32.3333321,0.329933137,0.64375,3152,296,32.3333321,0.51817137,0.64375,4850,939,48.5,1.28625131,0.64375,3064,116,32.3333321,0.27756232,0.64375,3233,173,32.3333321,0.339706779,0.64375,57.1250076,49.7500038,99.99749,26.9762421,9.904522,73.14448,9.769424,5.11133957,65.65137,39.25,0.25,0,55,0,85,0.416,1.01,16,16,16,32,48,30,295,160,130,0,0,0,16,39,0.25,0,55,0,85,0.416,1.01,16,16,16,32,48,30,295,160,130,0,0,0,16,512,-1,485.785156,485.480469,0.3046875,0.5,7618.451,7618.951,0,0,0,0,0,0,0,0,0,0,0,0,512,600,1200,3000,52,0.989,1.30500007,0,3,16,40,2670,10451.9824,1000,1002,30,30,18,5,1,0,28.029,42.747,0.975,12517.0469,428.4375,17.8402615,0,0,0,0.002945528,0,0.750438333,0.7358109,0,0,0.03955423,0,0,0,49.0625,46,16376,3558,12817,78.26784,73.77,404549632,21999616
05/27/2026 13:31:20,48,53,0,58,63,56,56,56,56,73,12.12,5.03,1.30800009,1.39200008,0.9760001,0.316,0.676000059,3.288,2.046,0,3.36800027,3.36800027,3.11600018,57,44.5,45,44.5,1090,667,0,887,806,0,0,0,0,0,28.12,15.62,6.25,3.12,7.81,21.88,6.25,6.25,11.91,28.12,35.44169,3929,566,4850,1419,48.5,1.555197,0.6375,4850,566,48.5,0.898148835,0.6375,3178,313,32.3333321,0.5338677,0.6375,3143,239,32.3333321,0.45979923,0.6375,4751,375,48.5,0.6371087,0.64375,4040,1118,40.4,1.51159811,0.61875,3256,221,33.6666679,0.443331,0.61875,3367,280,33.6666679,0.5083281,0.61875,56.7500076,50.2500038,99.99748,26.96109,9.919674,73.10339,9.764343,5.11642075,65.61722,39.25,0.25,0,55,0,85,0.416,1.01,16,16,16,32,48,30,295,160,130,0,0,0,16,39,0.25,0,55,0,85,0.416,1.01,16,16,16,32,48,30,295,160,130,0,0,0,16,512,-1,485.785156,485.480469,0.3046875,0.5,7618.451,7618.951,0,0,0,0,0,0,0,0,0,0,0,0,512,600,1200,3000,53,0.969000041,1.30500007,0,2,16,39,2670,10451.9824,1000,998,30,30,19,5,1,0,27.568,17.252,0.975,12517.0469,428.464844,17.35781,0,0,0,0.00209732144,0,0.7304417,0.719875932,0,0,0,0,0,0,49.125,46,16376,3558,12817,78.26784,72.236,353849344,299008
05/27/2026 13:31:22,49,53,0,58,64,58,58,58,58,74,12.12,5.03,1.31000006,1.39200008,0.978000045,0.314,0.676000059,3.288,2.046,0,3.36800027,3.36800027,3.11600018,57,44.5,45,44.5,1091,667,0,888,807,0,0,0,0,0,21.88,9.38,3.17,3.17,3.12,20.31,3.17,4.76,8.62,21.88,35.3256874,4359,472,5050,1159,50.5,1.27617669,0.4875,4040,460,40.4,0.6589584,0.4875,3876,204,40.4,0.369006366,0.4875,3925,191,40.4,0.3554168,0.4875,3842,258,40.4,0.436785251,0.4875,5050,809,50.5,1.18387985,0.4875,4040,176,40.4,0.319808334,0.4875,5050,520,50.5,0.606874645,0.50625,57.7500076,50.5000038,99.99749,26.9504318,9.930332,73.07449,9.723972,5.15679169,65.34592,39.25,0.25,0,55,0,85,0.416,1.01,16,16,16,32,48,30,295,160,130,0,0,0,16,39,0.25,0,55,0,85,0.416,1.01,16,16,16,32,48,30,295,160,130,0,0,0,16,512,-1,485.785156,485.480469,0.3046875,0.5,7618.451,7618.951,0,0,0,0,0,0,0,0,0,0,0,0,512,600,1200,3000,53,0.969000041,1.30500007,0,0,15,39,2670,10451.9824,999,1000,30,30,19,5,1,0,22.532,19.336,0.975,12517.0469,428.464844,17.7703075,0,0,0,0.00285900827,0,0.7205767,0.7555632,0,0,0,0,0,0,49.21875,46,16376,3558,12817,78.26784,72.384,899072,105799680
05/27/2026 13:31:24,48,53,0,58,63,56,56,56,56,73,12.12,5.03,1.30800009,1.39200008,0.986000061,0.318000019,0.676000059,3.28400016,2.046,0,3.36800027,3.36800027,3.11600018,57,44.5,45,44.5,1101,692,0,891,827,0,0,0,0,0,23.08,4.62,1.54,1.54,1.54,15.38,1.54,3.08,6.54,23.08,35.73033,3971,453,4850,1244,48.5,1.36614656,0.64375,3233,424,32.3333321,0.6930249,0.64375,3099,209,32.3333321,0.3804316,0.64375,3233,224,32.3333321,0.395728767,0.64375,3112,263,32.3333321,0.466922432,0.64375,4850,965,48.5,1.27515662,0.65,4538,125,48.5,0.291271746,0.65,4850,169,48.5,0.343370646,0.65,57.2500076,49.7500038,99.99748,26.97702,9.903744,73.14659,9.765671,5.115093,65.62614,39.25,0.25,0,55,0,85,0.416,1.01,16,16,16,32,48,30,295,160,130,0,0,0,16,39,0.25,0,55,0,85,0.416,1.01,16,16,16,32,48,30,295,160,130,0,0,0,16,512,-1,485.785156,485.480469,0.3046875,0.5,7618.451,7618.951,0,0,0,0,0,0,0,0,0,0,0,0,512,600,1200,3000,53,1.064,1.30500007,0,12,16,39,2670,10451.9824,1000,1000,30,30,18,4,1,0,28.314,45.216,0.975,12517.0469,428.464844,17.19834,0,0,0,0.00212672027,0,0.7328199,0.726998866,0,0,0,0,0,0,49.125,46,16376,3558,12817,78.26784,73.672,409649152,24049664
05/27/2026 13:31:26,48,53,0,58,63,56,56,56,56,73,12.12,5.03,1.31000006,1.39200008,0.986000061,0.316,0.676000059,3.28400016,2.046,0,3.36800027,3.36800027,3.11600018,57,44.5,45,44.5,1096,667,0,903,807,0,0,0,0,0,25.4,7.94,3.17,1.59,7.94,22.22,0,1.59,8.73,25.4,35.9228554,4166,514,5050,1470,50.5,1.57458067,0.55,4040,534,40.4,0.8324266,0.55,3786,211,40.4,0.42704165,0.55,3778,184,40.4,0.378244,0.55,3884,368,40.4,0.6060286,0.55,5050,1051,50.5,1.40839148,0.55,3697,118,40.4,0.289950758,0.55,4040,179,40.4,0.353588939,0.55,57.2500076,53.2500038,99.99749,26.9867363,9.894028,73.17293,9.776234,5.10453033,65.69712,39.25,0.25,0,55,0,85,0.416,1.01,16,16,16,32,48,30,295,160,130,0,0,0,16,39,0.25,0,55,0,85,0.416,1.01,16,16,16,32,48,30,295,160,130,0,0,0,16,512,-1,485.785156,485.480469,0.3046875,0.5,7618.451,7618.951,0,0,0,0,0,0,0,0,0,0,0,0,512,600,1200,3000,52,1.064,1.30500007,0,13,16,39,2670,10451.9824,1000,1000,30,30,18,5,1,0,27.682,44.523,0.975,12517.0469,430.167969,18.2612,0,0,0,0.003071043,0,0.7634613,0.756684542,0,0,0.0395140871,0,0,0,49.1875,46,16376,3558,12817,78.26784,72.701,149504,1.419991E+08
05/27/2026 13:31:28,48,53,0,58,63,56,56,56,56,73,12.12,5.03,1.31000006,1.39200008,0.982000053,0.320000023,0.676000059,3.28400016,2.046,0,3.36800027,3.36800027,3.11600018,57,44.5,45,44.5,1082,667,0,904,806,0,0,0,0,0,23.44,6.25,3.12,0,1.56,17.19,1.56,9.38,7.81,23.44,35.3042336,3862,463,3980,1241,39.8,1.35727727,0.50625,3980,465,39.8,0.7281884,0.50625,3237,203,33.6666679,0.383771271,0.54375,3244,174,33.6666679,0.341970772,0.54375,3231,252,33.6666679,0.466825217,0.54375,5050,1003,50.5,1.36081338,0.54375,3172,106,33.6666679,0.279652238,0.54375,5000,261,50,0.46898818,0.51875,56.8750076,49.7500038,99.99749,26.985981,9.894783,73.17088,9.766296,5.11446762,65.63034,39.25,0.25,0,55,0,85,0.416,1.01,16,16,16,32,48,30,295,160,130,0,0,0,16,39,0.25,0,55,0,85,0.416,1.01,16,16,16,32,48,30,295,160,130,0,0,0,16,512,-1,485.785156,485.480469,0.3046875,0.5,7618.451,7618.951,0,0,0,0,0,0,0,0,0,0,0,0,512,600,1200,3000,53,0.969000041,1.30500007,0,0,15,39,2670,10451.9824,1000,1000,30,30,19,5,1,0,27.541,17.311,0.975,12517.0469,430.167969,18.0751514,0,0,0,0.00298331561,0,0.7321234,0.713622868,0,0,0,0,0,0,49.1875,48,16376,3558,12817,78.26784,70.099,359249920,299008
05/27/2026 13:31:30,48,53,0,58,63,56,56,56,56,73,12.0960007,5.03,1.30800009,1.39200008,0.984,0.324,0.676000059,3.28000021,2.046,0,3.36800027,3.364,3.11600018,57,44,45,44.5,1092,692,0,887,807,0,0,0,0,0,27.69,9.23,4.62,1.54,4.62,18.46,1.54,6.15,9.23,27.69,36.10177,4259,524,4040,1253,40.4,1.3546747,0.51875,5050,544,50.5,0.8266815,0.5375,3956,235,40.4,0.440756917,0.5375,3932,190,40.4,0.388605028,0.54375,3964,303,40.4,0.5516421,0.54375,4040,969,40.4,1.33859563,0.54375,4040,211,40.4,0.3862599,0.54375,5050,490,50.5,0.6348188,0.5,57.8750076,52.8750038,99.9975,26.9564362,9.924328,73.0907745,9.737522,5.143242,65.43697,39.25,0.25,0,55,0,85,0.416,1.01,16,16,16,32,48,30,295,160,130,0,0,0,16,39,0.25,0,55,0,85,0.416,1.01,16,16,16,32,48,30,295,160,130,0,0,0,16,512,-1,485.785156,485.480469,0.3046875,0.5,7618.451,7618.951,0,0,0,0,0,0,0,0,0,0,0,0,512,600,1200,3000,53,1.05000007,1.30500007,0,7,16,39,2670,10451.9824,998,1000,30,30,19,5,1,0,28.603,20.361,0.975,12517.0469,430.167969,17.046093,0,0,0,0.002866858,0,0.7349465,0.7131702,0,0,0,0,0,0,49.28125,46,16376,3558,12817,78.26784,71.41,354699264,299008
05/27/2026 13:31:32,48,53,0,58,63,56,56,56,56,73,12.0960007,5.03,1.31000006,1.39200008,0.984,0.316,0.676000059,3.288,2.046,0,3.36800027,3.36800027,3.11600018,57,44,45,44.5,1093,666,0,907,827,0,0,0,0,0,18.75,7.81,4.69,3.12,6.25,15.62,0,0,7.03,18.75,35.62695,4405,384,5050,1057,50.5,1.15692413,0.50625,4040,414,40.4,0.6453647,0.50625,4825,203,50.5,0.364278078,0.50625,3801,139,40.4,0.297085583,0.50625,4890,243,50.5,0.433413684,0.50625,5050,821,50.5,1.14028561,0.50625,3784,103,40.4,0.2531533,0.54375,3798,94,40.4,0.246688291,0.54375,57.3750076,52.8750038,99.99748,26.9470177,9.933746,73.06524,9.747974,5.13278961,65.50722,39.25,0.25,0,55,0,85,0.416,1.01,16,16,16,32,48,30,295,160,130,0,0,0,16,39,0.25,0,55,0,85,0.416,1.01,16,16,16,32,48,30,295,160,130,0,0,0,16,512,-1,485.785156,485.480469,0.3046875,0.5,7618.451,7618.951,0,0,0,0,0,0,0,0,0,0,0,0,512,600,1200,3000,53,1.04500008,1.30500007,0,15,17,39,2670,10451.9824,999,1000,30,30,18,5,1,0,28.235,45.472,0.975,12517.0469,430.167969,16.88474,0,0,0,0.00225701928,0,0.754090667,0.745729446,0,0,0,0,0,0,49.28125,46,16376,3558,12817,78.26784,72.331,149504,145699840
05/27/2026 13:31:34,48,53,0,58,63,56,56,56,56,73,12.0960007,5.03,1.31000006,1.39200008,0.988000035,0.318000019,0.676000059,3.288,2.046,0,3.36800027,3.36800027,3.11600018,57,44.5,45,44.5,1089,692,0,890,807,0,0,0,0,0,23.44,7.81,3.12,3.12,3.12,23.44,0,1.56,8.2,23.44,35.2809677,4076,464,5050,1212,50.5,1.326075,0.5625,4040,440,40.4,0.7463435,0.5625,3956,232,40.4,0.424386263,0.5625,3818,162,40.4,0.3367651,0.5625,3916,268,40.4,0.470511556,0.5625,4040,1121,40.4,1.40256715,0.5625,3750,109,40.4,0.284002334,0.5625,4040,171,40.4,0.343111366,0.5625,57.1250076,49.7500038,99.9975,26.959156,9.921608,73.09815,9.760128,5.120636,65.58889,39.25,0.25,0,55,0,85,0.416,1.01,16,16,16,32,48,30,295,160,130,0,0,0,16,39,0.25,0,55,0,85,0.416,1.01,16,16,16,32,48,30,295,160,130,0,0,0,16,512,-1,485.785156,485.480469,0.3046875,0.5,7618.451,7618.951,0,0,0,0,0,0,0,0,0,0,0,0,512,600,1200,3000,53,0.969000041,1.30500007,0,2,15,39,2670,10451.9824,1001,999,30,30,19,5,1,0,22.116,16.997,0.975,12517.0547,432.542969,17.6072483,0,0,0,0.00279868324,0,0.7240772,0.7043224,0,0,0.0273788422,0,0,0,49.21875,48,16376,3558,12817,78.26784,70.493,8.024986E+07,119799808
05/27/2026 13:31:36,49,53,0,58,64,58,58,58,58,74,12.0960007,5.03,1.31000006,1.39200008,0.996000051,0.320000023,0.676000059,3.28400016,2.046,0,3.36800027,3.36800027,3.11600018,58,44.5,45,44.5,1090,692,0,892,827,0,0,0,0,0,20.31,10.94,4.69,3.12,6.25,23.44,3.12,4.69,9.57,23.44,34.8713036,3694,413,4850,1119,48.5,1.234383,0.65,4850,419,48.5,0.6963819,0.65,3074,199,32.3333321,0.356288433,0.65,2974,142,32.3333321,0.3092896,0.65,3021,248,32.3333321,0.4588411,0.65,4850,975,48.5,1.2835778,0.64375,2937,103,32.3333321,0.2671401,0.64375,2998,102,32.3333321,0.26468277,0.64375,58.1250076,49.2500038,99.99748,26.9852371,9.895527,73.16887,9.778099,5.102665,65.7096558,39.25,0.25,0,55,0,85,0.416,1.01,16,16,16,32,48,30,295,160,130,0,0,0,16,39,0.25,0,55,0,85,0.416,1.01,16,16,16,32,48,30,295,160,130,0,0,0,16,512,-1,485.785156,485.480469,0.3046875,0.5,7618.451,7618.951,0,0,0,0,0,0,0,0,0,0,0,0,512,600,1200,3000,53,0.974000037,1.30500007,0,2,15,39,2670,10451.9824,999,1000,30,30,19,5,1,0,27.888,44.858,0.975,12517.0547,434.292969,17.2241611,0,0,0,0.00212205458,0,0.765576661,0.735615253,0,0,0.0109437378,0,0,0,49.34375,46,16376,3558,12817,78.26784,70.451,26749952,9.739981E+07
05/27/2026 13:31:38,49,53,0,58,64,56,56,56,56,73,12.0960007,5.04,1.30800009,1.39200008,1.064,0.336000025,0.676000059,3.288,2.046,0,3.36800027,3.36800027,3.11600018,57,44.5,45,44.5,1111,666,0,888,807,0,0,0,0,0,25,9.38,1.56,4.69,3.12,21.88,9.38,4.69,9.96,25,36.54826,4154,563,5050,1414,50.5,1.54205811,0.55625,4040,544,40.4,0.9137568,0.55625,4040,255,40.4,0.443812966,0.55625,4040,222,40.4,0.4139578,0.55625,3945,271,40.4,0.51373446,0.55625,4040,966,40.4,1.33621633,0.55625,4040,524,40.4,0.628850758,0.55625,4040,311,40.4,0.5093844,0.55625,57.5000076,49.2500038,99.99749,26.9676819,9.913082,73.12127,9.767998,5.11276627,65.64178,39.25,0.25,0,55,0,85,0.416,1.01,16,16,16,32,48,30,295,160,130,0,0,0,16,39,0.25,0,55,0,85,0.416,1.01,16,16,16,32,48,30,295,160,130,0,0,0,16,512,-1,485.785156,485.480469,0.3046875,0.5,7618.451,7618.951,0,0,0,0,0,0,0,0,0,0,0,0,512,600,1200,3000,52,0.974000037,1.30500007,0,2,15,39,2670,10451.9824,1000,1001,30,30,19,5,1,0,28.631,45.064,0.975,12517.0547,435.5586,17.6604061,0,0,0,0.00277945,0,0.7363843,0.727816,0,0,0.010607901,0,0,0,49.3125,48,16376,3558,12817,78.26784,72.083,149504,9.999974E+07
05/27/2026 13:31:40,48,53,0,58,63,56,56,56,56,73,12.0960007,5.03,1.31000006,1.39200008,1.05000007,0.320000023,0.676000059,3.28400016,2.046,0,3.36800027,3.36800027,3.11600018,57,44.5,45,44.5,1084,692,0,890,831,0,0,0,0,0,23.44,15.62,10.94,3.12,10.94,25,6.25,4.69,12.5,25,36.466526,4003,539,4850,1386,48.5,1.47538722,0.65,4850,516,48.5,0.827465,0.65,3191,292,32.3333321,0.482691765,0.65,3233,288,32.3333321,0.45175156,0.65,4850,381,48.5,0.576994538,0.65,4850,1111,48.5,1.40908217,0.65,2969,117,32.3333321,0.3015119,0.65,3233,220,32.3333321,0.4489023,0.65,57.5000076,50.2500038,99.99749,26.9669189,9.913845,73.1192,9.770195,5.110569,65.65654,39.25,0.25,0,55,0,85,0.416,1.01,16,16,16,32,48,30,295,160,130,0,0,0,16,39,0.25,0,55,0,85,0.416,1.01,16,16,16,32,48,30,295,160,130,0,0,0,16,512,-1,485.785156,485.480469,0.3046875,0.5,7618.451,7618.951,0,0,0,0,0,0,0,0,0,0,0,0,512,600,1200,3000,53,1.04500008,1.30500007,0,7,16,39,2670,10451.9824,1001,1000,30,30,18,4,1,0,28.176,45.451,0.975,12517.0547,437.589844,17.1951675,0,0,0,0.00214510551,0,0.7614509,0.7549848,0,0,0.06558481,0,0,0,49.40625,46,16376,3558,12817,78.26784,72.212,410899456,20099072
05/27/2026 13:31:42,48,53,0,58,63,56,56,56,56,73,12.0960007,5.03,1.30800009,1.39200008,1.06000006,0.322000027,0.676000059,3.28400016,2.046,0,3.36800027,3.364,3.11600018,57,44,45,44.5,1079,692,0,888,808,0,0,0,0,0,35.94,6.25,6.25,6.25,4.69,15.62,6.25,17.19,12.3,35.94,35.6710548,4208,578,4850,1492,48.5,1.62873507,0.6625,3880,483,38.8,0.845659137,0.6625,3827,265,38.8,0.4866413,0.6625,3794,192,38.8,0.399081826,0.6625,3795,318,38.8,0.570709765,0.6625,3880,941,38.8,1.3598088,0.6625,4787,142,48.5,0.335554749,0.6625,4850,787,48.5,0.8949765,0.6625,57.0000076,50.5000038,99.99748,27.0044365,9.87632751,73.2209244,9.781715,5.09904861,65.73396,39.25,0.25,0,55,0,85,0.416,1.01,16,16,16,32,48,30,295,160,130,0,0,0,16,39,0.25,0,55,0,85,0.416,1.01,16,16,16,32,48,30,295,160,130,0,0,0,16,512,-1,485.785156,485.480469,0.3046875,0.5,7618.451,7618.951,0,0,0,0,0,0,0,0,0,0,0,0,512,600,1200,3000,52,0.955000043,1.30500007,0,4,15,39,2670,10451.9824,1000,1000,30,30,18,5,1,0,27.635,24.858,0.975,12517.0547,437.589844,16.9507084,0,0,0,0.003536635,0,0.727869,0.731228769,0,0,0,0,0,0,49.46875,46,16376,3558,12817,78.26784,70.319,1.555497E+08,9.364992E+07
05/27/2026 13:31:44,49,53,0,58,64,56,56,56,56,73,12.0960007,5.03,1.31000006,1.39200008,0.992000043,0.328,0.674,3.28400016,2.046,0,3.364,3.364,3.11600018,57,44.5,45,44.5,1089,667,0,890,828,0,0,0,0,0,19.05,7.94,3.17,3.17,1.59,15.87,1.59,3.17,6.94,19.05,34.74548,4276,397,5050,1131,50.5,1.25718117,0.5375,5050,388,50.5,0.626459,0.5375,4937,212,50.5,0.368774176,0.5375,3816,163,40.4,0.303073674,0.5375,3856,238,40.4,0.4227687,0.5375,4040,835,40.4,1.15542221,0.5375,3739,117,40.4,0.27100125,0.5375,3716,93,40.4,0.248510092,0.5375,57.6250076,49.7500038,99.99749,26.9875374,9.893227,73.1751,9.780857,5.099907,65.7281952,39.25,0.25,0,55,0,85,0.416,1.01,16,16,16,32,48,30,295,160,130,0,0,0,16,39,0.25,0,55,0,85,0.416,1.01,16,16,16,32,48,30,295,160,130,0,0,0,16,512,-1,485.785156,485.480469,0.3046875,0.5,7618.451,7618.951,0,0,0,0,0,0,0,0,0,0,0,0,512,600,1200,3000,53,1.05500007,1.30500007,0,10,16,39,2670,10451.9824,1001,999,30,30,19,5,1,0,27.825,44.742,0.975,12517.0547,437.589844,18.14996,0,0,0,0.00287490827,0,0.761185646,0.7536557,0,0,0,0,0,0,49.46875,48,16376,3558,12817,78.26784,70.914,849920,9.989939E+07
05/27/2026 13:31:46,48,53,0,58,63,56,56,56,56,73,12.0960007,5.03,1.31000006,1.39200008,1.042,0.336000025,0.674,3.28400016,2.046,0,3.36800027,3.36800027,3.11600018,57,44.5,45,44.5,1085,692,0,888,807,0,0,0,0,0,34.38,12.5,6.15,0,1.56,28.12,4.62,12.31,12.45,34.38,36.9557076,3604,579,4850,1518,48.5,1.615509,0.6375,3233,501,32.3333321,0.8607941,0.6375,3214,307,32.3333321,0.496816337,0.65625,3058,191,32.3333321,0.391344249,0.65625,3178,334,32.3333321,0.592935741,0.65625,4850,1053,48.5,1.41070068,0.65625,3220,189,32.3333321,0.367879063,0.65625,3233,536,32.3333321,0.7069515,0.65625,57.2500076,49.7500038,99.99748,26.9722023,9.908562,73.13352,9.776848,5.103916,65.70125,39.25,0.25,0,55,0,85,0.416,1.01,16,16,16,32,48,30,295,160,130,0,0,0,16,39,0.25,0,55,0,85,0.416,1.01,16,16,16,32,48,30,295,160,130,0,0,0,16,512,-1,485.785156,485.480469,0.3046875,0.5,7618.451,7618.951,0,0,0,0,0,0,0,0,0,0,0,0,512,600,1200,3000,52,0.965000033,1.30500007,0,2,16,39,2670,10451.9824,999,1000,30,30,18,4,1,0,28.365,21.973,0.975,12517.0547,437.589844,17.0323353,0,0,0,0.0030169948,0,0.7336359,0.7287035,0,0,0,0,0,0,49.53125,46,16376,3558,12817,78.26784,72.264,2.776996E+08,17949696
05/27/2026 13:31:48,48,53,0,58,63,56,56,56,56,73,12.0960007,5.03,1.31000006,1.39200008,0.990000069,0.324,0.676000059,3.288,2.046,0,3.36800027,3.36800027,3.11600018,58,44.5,45,44.5,1084,692,0,904,828,0,0,0,0,0,23.44,12.5,9.38,4.69,7.81,23.44,9.38,9.38,12.5,23.44,36.8881645,3637,627,4850,1268,48.5,1.45563972,0.64375,3233,629,32.3333321,0.942207038,0.64375,3233,332,32.3333321,0.594075859,0.64375,3233,369,32.3333321,0.5864784,0.64375,3233,427,32.3333321,0.7235397,0.64375,4850,1287,48.5,1.66838908,0.64375,3233,257,32.3333321,0.4686106,0.64375,3233,444,32.3333321,0.640228152,0.64375,58.1250076,49.7500038,99.99749,27.0021248,9.878639,73.21466,9.778427,5.102337,65.71186,39.25,0.25,0,55,0,85,0.416,1.01,16,16,16,32,48,30,295,160,130,0,0,0,16,39,0.25,0,55,0,85,0.416,1.01,16,16,16,32,48,30,295,160,130,0,0,0,16,512,-1,485.785156,485.480469,0.3046875,0.5,7618.451,7618.951,0,0,0,0,0,0,0,0,0,0,0,0,512,600,1200,3000,53,1.08400011,1.30500007,0,27,17,39,2670,10451.9824,1000,1000,30,30,18,4,1,0,27.652,24.468,0.975,12517.0586,439.6211,17.623558,0,0,0,0.002228627,0,0.7560921,0.7454048,0,0,0,0,0,0,49.4375,46,16376,3558,12817,78.26784,71.192,4.262492E+08,17549312
05/27/2026 13:31:50,48,53,0,58,64,56,56,56,56,73,12.12,5.03,1.31000006,1.39200008,1.02200007,0.326,0.674,3.288,2.046,0,3.36800027,3.36800027,3.11600018,58,44.5,45,44.5,1095,666,0,887,807,0,0,0,0,0,23.44,6.25,1.56,7.81,9.38,23.44,7.81,10.94,11.33,23.44,35.52113,4233,741,4850,1384,48.5,1.70797479,0.6375,3880,732,38.8,1.17971551,0.6375,3791,283,38.8,0.535582244,0.64375,3880,302,38.8,0.5043056,0.64375,4850,506,48.5,0.7830887,0.64375,4850,1826,48.5,2.04693532,0.64375,3880,377,38.8,0.5509499,0.64375,3880,516,38.8,0.719979048,0.64375,57.6250076,49.7500038,99.99749,26.9822731,9.898491,73.16083,9.783806,5.096958,65.74801,39.25,0.25,0,55,0,85,0.416,1.01,16,16,16,32,48,30,295,160,130,0,0,0,16,39,0.25,0,55,0,85,0.416,1.01,16,16,16,32,48,30,295,160,130,0,0,0,16,512,-1,485.785156,485.480469,0.3046875,0.5,7618.451,7618.951,0,0,0,0,0,0,0,0,0,0,0,0,512,600,1200,3000,53,0.969000041,1.30500007,0,2,16,39,2670,10451.9824,1000,1001,30,30,18,5,1,0,27.589,23.036,0.975,12517.0586,439.6211,16.9565449,0,0,0,0.003094343,0,0.7414105,0.7193559,0,0,0,0,0,0,49.53125,48,16376,3558,12817,78.26784,70.262,4.7505E+08,249856
05/27/2026 13:31:52,49,53,0,59,64,58,58,58,58,75,12.12,5.03,1.31000006,1.39200008,0.986000061,0.322000027,0.674,3.28400016,2.046,0,3.36800027,3.36800027,3.11600018,58,44.5,45,44.5,1109,692,0,895,831,0,0,0,0,0,20.31,9.38,4.69,3.12,4.69,29.69,0,4.69,9.57,29.69,35.4130135,4195,437,5050,904,50.5,1.19002783,0.54375,5050,411,50.5,0.7023838,0.54375,3876,214,40.4,0.400379956,0.54375,3777,144,40.4,0.311326861,0.54375,3855,237,40.4,0.468355954,0.54375,4040,1110,40.4,1.2904886,0.54375,3870,145,40.4,0.300423771,0.54375,4040,333,40.4,0.4859603,0.54375,58.6250076,51.8750038,99.99748,26.9568825,9.923882,73.09198,9.758453,5.12231064,65.57764,39.25,0.25,0,55,0,85,0.416,1.01,16,16,16,32,48,30,295,160,130,0,0,0,16,39,0.25,0,55,0,85,0.416,1.01,16,16,16,32,48,30,295,160,130,0,0,0,16,512,-1,485.785156,485.480469,0.3046875,0.5,7618.451,7618.951,0,0,0,0,0,0,0,0,0,0,0,0,512,600,1200,3000,53,0.965000033,1.30500007,0,2,16,39,2670,10451.9824,1000,999,30,30,19,5,1,0,28.119,39.856,0.975,12517.0586,439.6211,17.3506336,0,0,0,0.00237838877,0,0.7525901,0.755174458,0,0,0,0,0,0,49.59375,48,16376,3558,12817,78.26784,71.51,899072,9.944986E+07
05/27/2026 13:31:54,51,53,0,60,65,59,59,59,59,75,12.0960007,5.03,1.30800009,1.39200008,1,0.320000023,0.674,3.28400016,2.046,0,3.36800027,3.364,3.11600018,58,44.5,45,44.5,1123,667,0,904,820,0,0,0,0,0,19.05,9.52,6.25,1.56,9.52,23.81,3.12,12.5,10.67,23.81,36.648037,4105,587,5050,1066,50.5,1.34900582,0.55,4040,579,40.4,0.904183745,0.55,4040,307,40.4,0.509010255,0.55,3861,215,40.4,0.418439984,0.55,4040,463,40.4,0.712301254,0.55,4040,1313,40.4,1.579361,0.55,3730,155,40.4,0.348936975,0.55,4040,601,40.4,0.728565037,0.55,58.5000076,50.7500038,99.99749,26.98135,9.899414,73.1583252,9.765766,5.114998,65.62678,39.25,0.25,0,55,0,85,0.416,1.01,16,16,16,32,48,30,295,160,130,0,0,0,16,39,0.25,0,55,0,85,0.416,1.01,16,16,16,32,48,30,295,160,130,0,0,0,16,512,-1,485.785156,485.480469,0.3046875,0.5,7618.451,7618.951,0,0,0,0,0,0,0,0,0,0,0,0,512,600,1200,3000,52,1.069,1.30500007,0,9,16,39,2670,10451.9824,1000,1000,30,30,18,5,1,0,28.326,36.829,0.975,12517.0586,439.6211,17.3213825,0,0,0,0.00338674174,0,0.7741093,0.742326,0,0,0.008336595,0,0,0,49.5,48,16376,3558,12817,78.26784,73.695,899072,100149248
05/27/2026 13:31:56,51,53,0,60,65,60,60,60,60,75,12.12,5.03,1.30800009,1.39200008,0.982000053,0.328,0.674,3.28400016,2.046,0,3.36800027,3.36800027,3.11600018,58,44.5,45,44.5,1129,667,0,906,848,0,0,0,0,0,17.19,9.38,1.56,4.69,9.38,14.06,0,3.12,7.42,17.19,35.0811653,4396,418,5050,856,50.5,1.11387229,0.49375,5050,448,50.5,0.719086,0.50625,3811,197,40.4,0.379283845,0.50625,3783,185,40.4,0.353307843,0.50625,3866,269,40.4,0.48804763,0.50625,5050,1130,50.5,1.33506715,0.50625,4618,110,50.5,0.28605637,0.50625,3940,151,40.4,0.3195052,0.50625,58.7500076,51.0000038,99.99748,26.9834824,9.897282,73.16411,9.777485,5.103279,65.7055359,39.25,0.25,0,55,0,85,0.416,1.01,16,16,16,32,48,30,295,160,130,0,0,0,16,39,0.25,0,55,0,85,0.416,1.01,16,16,16,32,48,30,295,160,130,0,0,0,16,512,-1,485.785156,485.480469,0.3046875,0.5,7618.451,7618.951,0,0,0,0,0,0,0,0,0,0,0,0,512,600,1200,3000,52,1.05000007,1.30500007,0,7,16,39,2670,10451.9824,999,999,30,30,19,4,1,0,28.049,27.915,0.975,12517.0586,440.1211,17.9027061,0,0,0,0.00215899828,0,0.717793643,0.715859354,0,0,0,0,0,0,49.59375,46,16376,3558,12817,78.26784,71.331,489649152,249856
05/27/2026 13:31:58,51,53,0,59,65,58,58,58,58,74,12.12,5.03,1.30800009,1.39200008,0.996000051,0.316,0.674,3.28400016,2.046,0,3.36800027,3.36800027,3.11600018,58,44.5,45,44.5,1145,692,0,924,852,0,0,0,0,0,28.57,4.76,1.59,4.76,7.94,19.05,1.59,7.94,9.52,28.57,37.2791176,4292,611,4040,1116,40.4,1.37569761,0.50625,5050,592,50.5,0.9296542,0.51875,4040,274,40.4,0.546620667,0.54375,4040,297,40.4,0.493309051,0.54375,5050,438,50.5,0.7186635,0.54375,4040,1453,40.4,1.64636517,0.54375,4040,220,40.4,0.411359966,0.54375,4040,500,40.4,0.732988238,0.54375,59.0000076,50.2500038,99.99749,26.94883,9.931934,73.07015,9.763512,5.11725235,65.61163,39.25,0.25,0,55,0,85,0.416,1.01,16,16,16,32,48,30,295,160,130,0,0,0,16,39,0.25,0,55,0,85,0.416,1.01,16,16,16,32,48,30,295,160,130,0,0,0,16,512,-1,485.785156,485.480469,0.3046875,0.5,7618.451,7618.951,0,0,0,0,0,0,0,0,0,0,0,0,512,600,1200,3000,53,0.969000041,1.30500007,0,2,15,40,2670,10451.9824,999,1001,30,30,20,5,1,0,27.993,30.389,0.975,12517.0625,441.402344,18.6620255,0,0,0,0.00376650342,0,0.74629277,0.7372653,0,0,0.08856837,0,0,0,49.65625,48,16376,3558,12817,78.26784,71.174,99328,1.398999E+08
05/27/2026 13:32:00,50,53,0,59,65,58,58,58,58,74,12.0960007,5.03,1.31000006,1.39200008,0.998,0.326,0.674,3.28400016,2.046,0,3.36800027,3.364,3.11200023,58,44.5,45,44.5,1117,667,0,910,828,0,0,0,0,0,18.46,15.38,3.08,1.54,6.15,27.69,6.15,16.92,11.92,27.69,37.3011665,4386,662,4040,1161,40.4,1.40988958,0.5375,4040,682,40.4,1.00687456,0.53125,4965,279,50.5,0.5335058,0.51875,3897,252,40.4,0.491126567,0.51875,4020,414,40.4,0.6750377,0.51875,5050,1490,50.5,1.68774569,0.51875,4028,292,40.4,0.4935963,0.51875,5050,724,50.5,0.8439031,0.51875,58.7500076,56.1250038,99.99749,27.0367546,9.844009,73.3085556,9.810497,5.07026672,65.9273758,39.25,0.25,0,55,0,85,0.416,1.01,16,16,16,32,48,30,295,160,130,0,0,0,16,39,0.25,0,55,0,85,0.416,1.01,16,16,16,32,48,30,295,160,130,0,0,0,16,512,-1,485.785156,485.480469,0.3046875,0.5,7618.451,7618.951,0,0,0,0,0,0,0,0,0,0,0,0,512,600,1200,3000,52,0.965000033,1.30500007,0,2,16,40,2670,10451.9824,1000,1000,30,30,21,5,1,0,28.593,36.422,0.975,12517.0625,442.0586,18.37215,0,0,0,0.00292223622,0,0.740091145,0.733849049,0,0,0.08843244,0,0,0,49.71875,46,16376,3558,12817,78.26784,73.23,149504,1.021993E+08
05/27/2026 13:32:02,51,53,0,60,65,60,60,60,60,75,12.12,5.03,1.31000006,1.39200008,0.986000061,0.320000023,0.674,3.28400016,2.046,0,3.364,3.364,3.11600018,59,44.5,45,44.5,1121,667,0,922,828,0,0,0,0,0,26.56,7.81,7.81,7.81,4.69,28.12,6.25,9.38,12.3,28.12,38.1717949,4094,615,5050,1319,50.5,1.56345356,0.54375,4040,657,40.4,0.964106441,0.5375,3927,327,40.4,0.5923932,0.5375,3864,285,40.4,0.5101793,0.5625,3875,381,40.4,0.670373261,0.5625,4040,1361,40.4,1.65185153,0.5625,3969,298,40.4,0.5294261,0.5625,3991,293,40.4,0.5323193,0.5625,59.8750076,50.5000038,99.99748,27.05848,9.822285,73.36746,9.836235,5.044529,66.10034,39.25,0.25,0,55,0,85,0.416,1.01,16,16,16,32,48,30,295,160,130,0,0,0,16,39,0.25,0,55,0,85,0.416,1.01,16,16,16,32,48,30,295,160,130,0,0,0,16,512,-1,485.785156,485.480469,0.3046875,0.5,7618.451,7618.951,0,0,0,0,0,0,0,0,0,0,0,0,512,600,1200,3000,53,1.069,1.30500007,0,12,16,40,2670,10451.9824,1002,1000,30,30,20,5,1,0,28.149,31.779,0.975,12517.0625,442.289063,19.37076,0,0,0,0.00291005243,0,0.750813842,0.74109,0,0,0,0,0,0,49.71875,48,16376,3558,12817,78.26784,73.85,899072,102049792
05/27/2026 13:32:04,52,53,0,60,66,60,60,60,60,75,12.12,5.03,1.31000006,1.39200008,0.992000043,0.322000027,0.674,3.288,2.046,0,3.36800027,3.36800027,3.11600018,58,44.5,45,44.5,1143,692,0,933,835,0,0,0,0,0,18.75,3.12,0,3.12,1.56,15.62,0,0,5.27,18.75,37.2600441,3927,408,4850,1114,48.5,1.30671978,0.64375,3233,382,32.3333321,0.6611543,0.64375,3078,194,32.3333321,0.366015971,0.64375,3076,154,32.3333321,0.310217083,0.64375,3085,234,32.3333321,0.422024876,0.64375,4850,933,48.5,1.16011834,0.65,4656,128,48.5,0.290997326,0.65,4589,127,48.5,0.2731879,0.65,59.5000076,49.7500038,99.99749,27.0155449,9.865219,73.2510452,9.8181,5.062664,65.97847,39.25,0.25,0,55,0,85,0.416,1.01,16,16,16,32,48,30,295,160,130,0,0,0,16,39,0.25,0,55,0,85,0.416,1.01,16,16,16,32,48,30,295,160,130,0,0,0,16,512,-1,485.785156,485.480469,0.3046875,0.5,7618.451,7618.951,0,0,0,0,0,0,0,0,0,0,0,0,512,600,1200,3000,53,0.969000041,1.30500007,0,2,15,40,2670,10451.9824,999,999,30,30,20,5,1,0,27.272,38.748,0.975,12517.07,443.289063,18.401022,0,0,0,0.00299043185,0,0.7331083,0.7276488,0,0,0,0,0,0,49.8125,48,16376,3558,12817,78.26784,72.086,493749248,249856
05/27/2026 13:32:06,51,53,0,60,65,58,58,58,58,74,12.12,5.03,1.31000006,1.39200008,0.984,0.324,0.674,3.288,2.046,0,3.36800027,3.36800027,3.11600018,58,44.5,45,44.5,1146,667,0,927,837,0,0,0,0,0,18.46,7.69,3.08,1.54,4.62,16.92,3.08,4.62,7.5,18.46,35.502964,4307,473,5050,1179,50.5,1.36967146,0.56875,4040,464,40.4,0.749417,0.56875,4825,224,50.5,0.416219,0.56875,3834,180,40.4,0.36502704,0.56875,3885,307,40.4,0.517717957,0.56875,5050,1058,50.5,1.29916239,0.56875,3735,121,40.4,0.306129545,0.56875,4040,251,40.4,0.451603264,0.56875,58.1250076,49.7500038,99.99749,27.0564117,9.824352,73.3618546,9.836262,5.04450226,66.10052,39.25,0.25,0,55,0,85,0.416,1.01,16,16,16,32,48,30,295,160,130,0,0,0,16,39,0.25,0,55,0,85,0.416,1.01,16,16,16,32,48,30,295,160,130,0,0,0,16,512,-1,485.785156,485.480469,0.3046875,0.5,7618.451,7618.951,0,0,0,0,0,0,0,0,0,0,0,0,512,600,1200,3000,53,0.935000062,1.30500007,0,2,16,40,2670,10451.9824,1001,1000,30,30,20,5,1,0,27.026,37.25,0.975,12517.07,444.6328,19.5052757,0,0,0,0.00305993366,0,0.7517537,0.735784054,0,0,0,0,0,0,49.75,48,16376,3558,12817,78.26784,73.637,149504,1.528494E+08
05/27/2026 13:32:08,50,53,0,59,65,58,58,58,58,74,12.12,5.03,1.31000006,1.39200008,0.978000045,0.314,0.674,3.288,2.046,0,3.36800027,3.36800027,3.11600018,58,44.5,45,44.5,1125,667,0,907,835,0,0,0,0,0,20,10.77,4.69,3.12,4.62,23.08,3.12,6.25,9.46,23.08,35.47596,4206,468,5050,1117,50.5,1.31360447,0.5375,4040,473,40.4,0.7101987,0.5375,3918,248,40.4,0.4246842,0.55625,3870,185,40.4,0.352142036,0.55625,3919,296,40.4,0.496991426,0.55625,5050,1032,50.5,1.27288973,0.55625,3764,129,40.4,0.304399639,0.55625,4040,262,40.4,0.439045876,0.55625,58.2500076,49.7500038,99.99748,27.0511665,9.829597,73.34763,9.837524,5.04323959,66.109,39.25,0.25,0,55,0,85,0.416,1.01,16,16,16,32,48,30,295,160,130,0,0,0,16,39,0.25,0,55,0,85,0.416,1.01,16,16,16,32,48,30,295,160,130,0,0,0,16,512,-1,485.785156,485.480469,0.3046875,0.5,7618.451,7618.951,0,0,0,0,0,0,0,0,0,0,0,0,512,600,1200,3000,53,1.05000007,1.30500007,0,11,16,40,2670,10451.9824,1001,1000,30,30,22,5,1,1,28.472,42.627,0.975,12517.0742,444.773438,19.8099575,0,0,0,0.00144218234,0,0.751216769,0.738868058,0,0,0,0,0,0,49.78125,48,16376,3558,12817,78.26784,75.796,149504,1.121495E+08
05/27/2026 13:32:10,49,53,0,59,64,57,57,57,57,74,12.12,5.03,1.31000006,1.39200008,1.00400007,0.316,0.674,3.28400016,2.046,0,3.36800027,3.36800027,3.11600018,57,44.5,45,44.5,1118,692,0,921,849,0,0,0,0,0,25.4,14.29,1.59,1.59,4.76,23.81,3.17,6.35,10.12,25.4,35.30689,4187,501,5000,1205,50,1.4095577,0.53125,4040,496,40.4,0.78489846,0.53125,3875,208,40.4,0.38576293,0.51875,4879,185,50.5,0.3572997,0.51875,3839,285,40.4,0.5137934,0.51875,4040,1275,40.4,1.49100065,0.51875,3780,133,40.4,0.3061132,0.51875,4040,224,40.4,0.396363884,0.5375,57.6250076,50.0000038,99.99749,27.0317574,9.849007,73.2950058,9.832844,5.04792,66.0775452,39.25,0.25,0,55,0,85,0.416,1.01,16,16,16,32,48,30,295,160,130,0,0,0,16,39,0.25,0,55,0,85,0.416,1.01,16,16,16,32,48,30,295,160,130,0,0,0,16,512,-1,485.785156,485.480469,0.3046875,0.5,7618.451,7618.951,0,0,0,0,0,0,0,0,0,0,0,0,512,600,1200,3000,52,0.965000033,1.30500007,0,4,16,40,2670,10451.9824,999,1000,30,30,21,5,1,0,26.329,42.934,0.975,12517.0742,444.773438,19.6150913,0,0,0,0.00297777075,0,0.756465137,0.7432779,0,0,0,0,0,0,49.875,48,16376,3558,12817,78.26784,75.638,149504,113748992
05/27/2026 13:32:12,50,53,0,59,65,58,58,58,58,74,12.12,5.03,1.31000006,1.39200008,0.988000035,0.316,0.674,3.288,2.046,0,3.36800027,3.36800027,3.11600018,58,44.5,45,44.5,1105,667,0,918,844,0,0,0,0,0,12.5,6.25,3.12,4.69,6.25,23.44,1.56,1.56,7.42,23.44,37.7017441,3965,398,4850,934,48.5,1.15032864,0.64375,4850,390,48.5,0.637060642,0.64375,3136,199,32.3333321,0.357441932,0.64375,3113,159,32.3333321,0.3220106,0.64375,4637,238,48.5,0.4181707,0.64375,4850,1029,48.5,1.26374793,0.64375,3053,98,32.3333321,0.26047352,0.64375,3233,137,32.3333321,0.302581966,0.64375,58.0000076,58.0000038,99.99748,27.0149078,9.865856,73.24931,9.814529,5.06623459,65.95447,39.25,0.25,0,55,0,85,0.416,1.01,16,16,16,32,48,30,295,160,130,0,0,0,16,39,0.25,0,55,0,85,0.416,1.01,16,16,16,32,48,30,295,160,130,0,0,0,16,512,-1,485.785156,485.480469,0.3046875,0.5,7618.451,7618.951,0,0,0,0,0,0,0,0,0,0,0,0,512,600,1200,3000,53,0.965000033,1.30500007,0,2,16,40,2670,10451.9824,999,1000,30,30,21,5,1,1,26.444,17.164,0.975,12517.0742,444.773438,19.6509438,0,0,0,0.00231862417,0,0.75025326,0.7333194,0,0,0,0,0,0,49.875,48,16376,3558,12817,78.26784,74.617,5.2625E+08,499712
05/27/2026 13:32:14,49,53,0,59,64,56,56,56,56,73,12.12,5.03,1.31000006,1.39200008,0.982000053,0.320000023,0.674,3.28400016,2.046,0,3.36800027,3.364,3.11600018,57,44.5,45,44.5,1103,667,0,919,846,0,0,0,0,0,20.63,7.94,4.76,4.76,4.76,23.81,3.17,4.76,9.33,23.81,35.36533,3942,460,4850,1176,48.5,1.3707999,0.63125,4850,411,48.5,0.6812824,0.63125,3092,218,32.3333321,0.397486567,0.63125,2989,155,32.3333321,0.316366851,0.63125,3059,259,32.3333321,0.482162,0.63125,4850,1080,48.5,1.301748,0.63125,2995,131,32.3333321,0.306053728,0.63125,4850,254,48.5,0.458670735,0.64375,57.6250076,49.7500038,99.99749,27.0538826,9.826881,73.3549957,9.835678,5.045086,66.09659,39.25,0.25,0,55,0,85,0.416,1.01,16,16,16,32,48,30,295,160,130,0,0,0,16,39,0.25,0,55,0,85,0.416,1.01,16,16,16,32,48,30,295,160,130,0,0,0,16,512,-1,485.785156,485.480469,0.3046875,0.5,7618.451,7618.951,0,0,0,0,0,0,0,0,0,0,0,0,512,600,1200,3000,53,0.965000033,1.30500007,0,5,16,40,2670,10451.9824,999,1000,30,30,20,5,1,0,26.575,42.401,0.975,12517.0742,444.773438,19.6681347,0,0,0,0.00309695024,0,0.749734342,0.748665035,0,0,0,0,0,0,49.96875,46,16376,3558,12817,78.26784,76.174,1799168,154849280
05/27/2026 13:32:16,49,53,0,59,64,56,56,56,56,74,12.12,5.03,1.30800009,1.39200008,0.982000053,0.324,0.674,3.288,2.046,0,3.36800027,3.36800027,3.11600018,58,44.5,45,44.5,1112,692,0,901,825,0,0,0,0,0,23.08,10.77,7.81,6.25,9.38,23.08,6.25,6.25,11.61,23.08,36.4364281,4234,567,4850,1233,48.5,1.481098,0.6375,3880,609,38.8,0.892511,0.6375,3860,303,38.8,0.558430851,0.6375,4799,255,48.5,0.46718505,0.6375,3875,371,38.8,0.637668967,0.6375,4850,1233,48.5,1.5500865,0.6375,3880,264,38.8,0.483479321,0.6375,3880,267,38.8,0.492060244,0.6375,58.2500076,49.7500038,99.99748,27.05088,9.829884,73.3468552,9.840603,5.040161,66.1296844,39.25,0.25,0,55,0,85,0.416,1.01,16,16,16,32,48,30,295,160,130,0,0,0,16,39,0.25,0,55,0,85,0.416,1.01,16,16,16,32,48,30,295,160,130,0,0,0,16,512,-1,485.785156,485.480469,0.3046875,0.5,7618.451,7618.951,0,0,0,0,0,0,0,0,0,0,0,0,512,600,1200,3000,52,1.04500008,1.30500007,0,6,16,40,2670,10451.9824,999,1000,30,30,20,5,1,1,26.447,42.418,0.975,12517.0742,444.773438,18.5299473,0,0,0,0.002296993,0,0.737796247,0.7258288,0,0,0,0,0,0,50.09375,48,16376,3558,12817,78.26784,76.643,2649088,114899968
05/27/2026 13:32:18,50,53,0,59,65,57,57,57,57,74,12.12,5.03,1.31000006,1.39200008,0.994,0.33,0.674,3.288,2.046,0,3.36800027,3.36800027,3.11600018,57,44.5,45,44.5,1122,667,0,901,823,0,0,0,0,0,18.75,9.38,0,0,0,21.88,0,3.12,6.64,21.88,35.7967339,4162,540,4040,1300,40.4,1.510338,0.53125,4040,550,40.4,0.877001464,0.53125,3820,237,39.8,0.447625816,0.53125,3795,192,39.8,0.389933437,0.53125,3902,325,40.4,0.5708594,0.525,5000,1278,50,1.49834573,0.51875,3722,141,40,0.3335916,0.5375,4975,301,49.75,0.498793036,0.53125,57.7500076,60.3750038,99.99749,27.05468,9.826084,73.3571548,9.838448,5.04231644,66.1152039,39.25,0.25,0,55,0,85,0.416,1.01,16,16,16,32,48,30,295,160,130,0,0,0,16,39,0.25,0,55,0,85,0.416,1.01,16,16,16,32,48,30,295,160,130,0,0,0,16,512,-1,485.785156,485.480469,0.3046875,0.5,7618.451,7618.951,0,0,0,0,0,0,0,0,0,0,0,0,512,600,1200,3000,52,0.965000033,1.30500007,0,5,16,40,2670,10451.9824,1001,1000,30,30,20,5,1,1,26.485,16.947,0.975,12517.0781,444.792969,17.8997669,0,0,0,0.00512875,0,0.749031544,0.720872164,0,0,0,0,0,0,50.0625,48,16376,3558,12817,78.26784,75.019,3.942492E+08,549888
05/27/2026 13:32:20,49,53,0,58,64,56,56,56,56,74,12.12,5.04,1.31000006,1.39200008,0.98,0.316,0.674,3.288,2.046,0,3.36800027,3.36800027,3.11600018,58,44.5,45,44.5,1112,692,0,923,826,0,0,0,0,0,12.31,7.69,3.08,0,1.54,21.54,0,3.08,6.15,21.54,37.0153,3756,401,4850,985,48.5,1.18220353,0.6875,4850,426,48.5,0.672384858,0.6875,3100,200,32.3333321,0.365546137,0.6875,3107,164,32.3333321,0.3260143,0.6875,3136,260,32.3333321,0.438990146,0.6875,4850,926,48.5,1.15821385,0.6875,3068,133,32.3333321,0.300427049,0.6875,3085,114,32.3333321,0.274539,0.6875,58.1250076,50.5000038,99.99748,27.0088081,9.871956,73.23278,9.815392,5.06537247,65.9602661,39.25,0.25,0,55,0,85,0.416,1.01,16,16,16,32,48,30,295,160,130,0,0,0,16,39,0.25,0,55,0,85,0.416,1.01,16,16,16,32,48,30,295,160,130,0,0,0,16,512,-1,485.785156,485.480469,0.3046875,0.5,7618.451,7618.951,0,0,0,0,0,0,0,0,0,0,0,0,512,600,1200,3000,53,0.969000041,1.30500007,0,2,16,40,2670,10451.9824,1000,1001,30,30,19,5,1,1,27.035,17.742,0.975,12519.082,444.792969,18.189106,0,0,0,0.00238329079,0,0.7401476,0.7438482,0,0,0.0177288689,0,0,0,50.0625,48,16376,3556,12819,78.28005,74.039,5.532498E+08,299008
05/27/2026 13:32:22,49,53,0,58,64,56,56,56,56,73,12.12,5.03,1.31000006,1.39200008,0.986000061,0.324,0.674,3.288,2.046,0,3.36800027,3.36800027,3.11600018,57,44.5,45,44.5,1104,692,0,898,821,0,0,0,0,0,26.56,14.06,4.69,3.12,7.81,17.19,3.12,4.69,10.16,26.56,35.544857,4190,488,4850,1284,48.5,1.45732713,0.64375,4850,479,48.5,0.7548975,0.64375,3751,232,38.8,0.427631,0.64375,3741,172,38.8,0.367672145,0.64375,3778,275,38.8,0.484731019,0.64375,4850,1039,48.5,1.28006482,0.64375,3822,163,38.8,0.344215572,0.64375,3880,256,38.8,0.4555466,0.64375,57.3750076,49.7500038,99.9975,27.0483856,9.832378,73.34009,9.83802,5.04274368,66.1123352,39.25,0.25,0,55,0,85,0.416,1.01,16,16,16,32,48,30,295,160,130,0,0,0,16,39,0.25,0,55,0,85,0.416,1.01,16,16,16,32,48,30,295,160,130,0,0,0,16,512,-1,485.785156,485.480469,0.3046875,0.5,7618.451,7618.951,0,0,0,0,0,0,0,0,0,0,0,0,512,600,1200,3000,52,0.950000048,1.30500007,0,2,16,40,2670,10451.9824,1000,999,30,30,19,5,1,0,24.76,47.034,0.975,12519.082,444.792969,17.69724,0,0,0,0.00378284464,0,0.745039761,0.74282223,0,0,0,0,0,0,50,48,16376,3556,12819,78.28005,75.48,432249856,30399488
05/27/2026 13:32:24,49,53,0,58,64,56,56,56,56,73,12.12,5.03,1.31000006,1.39200008,0.984,0.322000027,0.674,3.288,2.046,0,3.36800027,3.36800027,3.11600018,57,44.5,45,44.5,1110,667,0,892,812,0,0,0,0,0,17.46,4.76,4.69,3.12,4.69,25.4,3.12,6.25,8.69,25.4,35.78411,4066,432,4850,1061,48.5,1.22457337,0.64375,3880,465,38.8,0.7205389,0.64375,3824,234,38.8,0.414705783,0.64375,3833,176,38.8,0.362448752,0.64375,3793,278,38.8,0.477882653,0.64375,4850,965,48.5,1.2408756,0.64375,3702,150,38.8,0.323608875,0.64375,3793,127,38.8,0.3258012,0.64375,57.6250076,49.7500038,99.99749,27.0349617,9.845802,73.3036957,9.837208,5.043556,66.10687,39.25,0.25,0,55,0,85,0.416,1.01,16,16,16,32,48,30,295,160,130,0,0,0,16,39,0.25,0,55,0,85,0.416,1.01,16,16,16,32,48,30,295,160,130,0,0,0,16,512,-1,485.785156,485.480469,0.3046875,0.5,7618.451,7618.951,0,0,0,0,0,0,0,0,0,0,0,0,512,600,1200,3000,52,1.05500007,1.30500007,0,6,16,40,2670,10451.9824,1000,1000,30,30,20,5,1,1,25.143,45.993,0.975,12519.082,444.792969,18.0668774,0,0,0,0.00223323074,0,0.782075346,0.765388131,0,0,0,0,0,0,50.125,48,16376,3556,12819,78.28005,75.289,2.948997E+08,29099008
05/27/2026 13:32:26,48,53,0,58,63,56,56,56,56,73,12.0960007,5.04,1.31000006,1.39200008,0.982000053,0.326,0.674,3.28400016,2.046,0,3.36800027,3.36800027,3.11600018,57,44.5,45,44.5,1084,692,0,903,828,0,0,0,0,0,31.75,12.7,7.94,6.35,9.52,19.05,4.76,11.11,12.9,31.75,35.7262955,3602,508,3960,1356,39.6,1.49828911,0.53125,3960,459,39.6,0.7370788,0.53125,3151,254,33.3333321,0.4428871,0.53125,3164,194,33.3333321,0.388964236,0.525,3181,291,33.3333321,0.516742647,0.525,4975,1114,49.75,1.355817,0.5625,3106,142,33.1666679,0.343470752,0.5625,3317,253,33.1666679,0.461280227,0.5625,57.2500076,58.0000038,99.99748,27.0193062,9.861458,73.2612457,9.827976,5.052788,66.04484,39.25,0.25,0,55,0,85,0.416,1.01,16,16,16,32,48,30,295,160,130,0,0,0,16,39,0.25,0,55,0,85,0.416,1.01,16,16,16,32,48,30,295,160,130,0,0,0,16,512,-1,485.785156,485.480469,0.3046875,0.5,7618.451,7618.951,0,0,0,0,0,0,0,0,0,0,0,0,512,600,1200,3000,53,0.965000033,1.30500007,0,2,16,40,2670,10451.9824,1000,999,30,30,19,5,1,1,24.148,46.663,0.975,12519.082,444.792969,17.3906879,0,0,0,0.00298055424,0,0.7432354,0.741634369,0,0,0,0,0,0,50,48,16376,3556,12819,78.28005,73.771,3.158999E+08,26549248
05/27/2026 13:32:28,49,53,0,58,64,56,56,56,56,73,12.0960007,5.03,1.30800009,1.39200008,0.9760001,0.324,0.674,3.28400016,2.046,0,3.364,3.364,3.11600018,57,44.5,45,44.5,1082,692,0,905,809,0,0,0,0,0,20,1.54,1.54,0,3.08,16.92,1.56,4.62,6.16,20,36.1527672,4090,434,4150,1086,41.5,1.28614867,0.65,4150,450,41.5,0.727003455,0.65,4010,184,41.5,0.367028,0.65,4048,157,41.5,0.3223423,0.65,4084,285,41.5,0.488247424,0.65,4150,965,41.5,1.2225008,0.65,3974,112,41.5,0.277498156,0.65,4150,232,41.5,0.410137832,0.65,57.5000076,54.7500038,99.99748,27.0381126,9.842651,73.31223,9.834583,5.04618073,66.08923,39.25,0.25,0,55,0,85,0.416,1.01,16,16,16,32,48,30,295,160,130,0,0,0,16,39,0.25,0,55,0,85,0.416,1.01,16,16,16,32,48,30,295,160,130,0,0,0,16,512,-1,485.785156,485.480469,0.3046875,0.5,7618.451,7618.951,0,0,0,0,0,0,0,0,0,0,0,0,512,600,1200,3000,53,0.974000037,1.30500007,0,2,15,40,2670,10451.9824,999,999,30,30,20,5,1,1,28.646,19.439,0.975,12519.082,444.792969,18.0060616,0,0,0,0.00231937878,0,0.736501932,0.7336374,0,0,0,0,0,0,50.1875,48,16376,3556,12819,78.28005,74.183,300199936,499712
05/27/2026 13:32:30,49,53,0,58,63,56,56,56,56,73,12.12,5.03,1.31000006,1.39200008,1.05800009,0.326,0.674,3.28400016,2.046,0,3.36800027,3.36800027,3.11600018,57,44.5,45,44.5,1086,666,0,892,832,0,0,0,0,0,29.23,10.77,6.25,6.25,9.23,21.54,7.81,9.38,12.56,29.23,36.72021,4158,591,4040,1394,40.4,1.53919184,0.5375,4040,675,40.4,0.96721077,0.5375,4040,283,40.4,0.494183481,0.5375,4019,251,40.4,0.4546604,0.5375,5009,348,50.5,0.5906105,0.54375,4040,1047,40.4,1.33472466,0.54375,4040,292,40.4,0.466997564,0.54375,4040,437,40.4,0.6869214,0.54375,57.5000076,50.7500038,99.99749,26.9570923,9.923672,73.09255,9.750919,5.12984467,65.52701,39.25,0.25,0,55,0,85,0.416,1.01,16,16,16,32,48,30,295,160,130,0,0,0,16,39,0.25,0,55,0,85,0.416,1.01,16,16,16,32,48,30,295,160,130,0,0,0,16,512,-1,485.785156,485.480469,0.3046875,0.5,7618.451,7618.951,0,0,0,0,0,0,0,0,0,0,0,0,512,600,1200,3000,53,0.965000033,1.30500007,0,1,16,40,2670,10451.9824,1000,1000,30,30,19,5,1,0,29.357,20.408,0.975,12519.082,444.792969,18.7696781,0,0,0,0.003730325,0,0.7379261,0.7330687,0,0,0,0,0,0,50.125,48,16376,3556,12819,78.28005,76.49,5.293998E+08,499712
05/27/2026 13:32:32,49,53,0,58,64,58,58,58,58,75,12.0960007,5.03,1.31000006,1.39200008,0.972000062,0.320000023,0.672000051,3.288,2.046,0,3.36800027,3.36800027,3.11600018,58,44.5,45,44.5,1087,692,0,887,809,0,0,0,0,0,14.06,12.5,4.76,4.76,7.81,23.44,4.76,7.94,10,23.44,36.52962,4060,556,4850,1074,48.5,1.36083615,0.64375,3880,629,38.8,0.9227844,0.64375,3830,311,38.8,0.577645659,0.64375,3810,301,38.8,0.5548779,0.64375,3814,377,38.8,0.6461193,0.64375,4850,1334,48.5,1.58726037,0.64375,3681,210,38.8,0.4384851,0.64375,3763,214,38.8,0.469317317,0.64375,58.5000076,50.2500038,99.99748,26.99509,9.88567352,73.19559,9.802101,5.078663,65.87096,39.25,0.25,0,55,0,85,0.416,1.01,16,16,16,32,48,30,295,160,130,0,0,0,16,39,0.25,0,55,0,85,0.416,1.01,16,16,16,32,48,30,295,160,130,0,0,0,16,512,-1,485.785156,485.480469,0.3046875,0.5,7618.451,7618.951,0,0,0,0,0,0,0,0,0,0,0,0,512,600,1200,3000,52,1.04500008,1.30500007,0,5,16,40,2670,10451.9824,1002,1000,30,30,19,5,1,0,28.522,17.797,0.975,12519.082,444.792969,18.7287121,0,0,0,0.00232757023,0,0.7633195,0.7628663,0,0,0,0,0,0,50.125,48,16376,3556,12819,78.28005,76.036,3.960996E+08,499712
05/27/2026 13:32:34,50,53,0,59,65,58,58,58,58,74,12.0960007,5.03,1.31000006,1.39200008,0.982000053,0.316,0.674,3.288,2.046,0,3.36800027,3.36800027,3.11600018,58,44.5,45,44.5,1124,666,0,900,837,0,0,0,0,0,17.46,7.94,1.56,1.56,4.76,28.57,3.17,6.35,8.92,28.57,35.5750771,4083,511,4150,1090,41.5,1.30585909,0.6375,4850,488,48.5,0.7645673,0.76875,3741,232,38.8,0.4315079,0.76875,3696,183,38.8,0.3775352,0.76875,3831,312,38.8,0.55060637,0.76875,4850,1336,48.5,1.51527679,0.76875,3669,153,38.8,0.3437263,0.76875,3880,295,38.8,0.5167823,0.76875,57.7500076,49.7500038,99.99749,26.9655113,9.915253,73.11538,9.782791,5.097973,65.74119,39.25,0.25,0,55,0,85,0.416,1.01,16,16,16,32,48,30,295,160,130,0,0,0,16,39,0.25,0,55,0,85,0.416,1.01,16,16,16,32,48,30,295,160,130,0,0,0,16,512,-1,485.785156,485.480469,0.3046875,0.5,7618.451,7618.951,0,0,0,0,0,0,0,0,0,0,0,0,512,600,1200,3000,53,0.969000041,1.30500007,0,2,15,40,2670,10451.9824,999,999,30,30,20,5,1,0,28.962,17.812,0.975,12519.082,444.792969,18.4313412,0,0,0,0.00276275072,0,0.740660667,0.7414474,0,0,0,0,0,0,50.25,48,16376,3556,12819,78.28005,75.038,4.3665E+08,1899520
05/27/2026 13:32:36,51,53,0,60,65,58,58,58,58,75,12.0960007,5.03,1.31000006,1.39200008,1.052,0.316,0.674,3.28400016,2.046,0,3.36800027,3.36800027,3.11600018,58,44.5,45,44.5,1141,667,0,920,845,0,0,0,0,0,16.92,7.69,3.08,6.15,4.62,23.08,1.54,6.15,8.65,23.08,36.2033463,4315,521,4850,1069,48.5,1.31165516,0.64375,5050,520,50.5,0.812689662,0.5,3954,259,40.4,0.4514759,0.5,3905,187,40.4,0.390229821,0.5,3898,295,40.4,0.5276055,0.5,5050,1371,50.5,1.59399521,0.5375,3776,135,40.4,0.325698853,0.5375,4040,329,40.4,0.536512136,0.5375,59.3750076,50.2500038,99.99748,26.9653282,9.915436,73.11488,9.780823,5.09994125,65.72796,39.25,0.25,0,55,0,85,0.416,1.01,16,16,16,32,48,30,295,160,130,0,0,0,16,39,0.25,0,55,0,85,0.416,1.01,16,16,16,32,48,30,295,160,130,0,0,0,16,512,-1,485.785156,485.480469,0.3046875,0.5,7618.451,7618.951,0,0,0,0,0,0,0,0,0,0,0,0,512,600,1200,3000,53,0.965000033,1.30500007,0,1,15,40,2670,10451.9824,999,1000,30,30,20,5,1,1,29.533,19.559,0.975,12519.082,444.792969,18.6054859,0,0,0,0.00236187153,0,0.7487233,0.7401301,0,0,0,0,0,0,50.28125,48,16376,3556,12819,78.28005,76.11,538399744,499712
05/27/2026 13:32:38,51,53,0,60,65,58,58,58,58,75,12.0960007,5.03,1.31000006,1.39200008,1.042,0.324,0.674,3.28400016,2.046,0,3.36800027,3.36800027,3.11600018,58,44.5,45,44.5,1143,692,0,904,850,0,0,0,0,0,25.4,12.7,7.94,6.25,10.94,20.63,3.12,4.69,11.46,25.4,35.5247421,3805,498,4040,1283,40.4,1.408117,0.51875,4040,440,40.4,0.7788822,0.51875,3308,266,33.6666679,0.435878336,0.51875,3367,251,33.6666679,0.418858618,0.51875,3230,309,33.6666679,0.537694633,0.51875,4040,974,40.4,1.31095684,0.51875,3367,214,33.6666679,0.3906762,0.51875,5050,244,50.5,0.396380275,0.50625,58.6250076,53.5000038,99.99749,26.95271,9.928055,73.08067,9.75116348,5.12960052,65.52864,39.25,0.25,0,55,0,85,0.416,1.01,16,16,16,32,48,30,295,160,130,0,0,0,16,39,0.25,0,55,0,85,0.416,1.01,16,16,16,32,48,30,295,160,130,0,0,0,16,512,-1,485.785156,485.480469,0.3046875,0.5,7618.451,7618.951,0,0,0,0,0,0,0,0,0,0,0,0,512,600,1200,3000,53,1.03500009,1.30500007,0,5,16,40,2670,10451.9824,1001,1000,30,30,20,5,1,0,29.994,19.715,0.975,12519.082,445.464844,17.9740868,0,0,0,0.002756331,0,0.743226469,0.7483946,0,0,0,0,0,0,50.15625,48,16376,3556,12819,78.28005,77.339,4.260997E+08,2.899968E+07
05/27/2026 13:32:40,50,53,0,59,65,58,58,58,58,74,12.0960007,5.03,1.31000006,1.39200008,0.994,0.320000023,0.674,3.288,2.046,0,3.36800027,3.36800027,3.11600018,58,44.5,45,44.5,1120,667,0,924,832,0,0,0,0,0,28.57,7.81,7.81,1.56,1.56,19.05,3.12,4.69,9.27,28.57,35.7851524,4450,498,4850,1296,48.5,1.41503167,0.64375,4850,432,48.5,0.7048002,0.64375,4850,265,48.5,0.47358197,0.64375,3781,188,38.8,0.370476782,0.64375,4736,295,48.5,0.5009159,0.64375,4850,1047,48.5,1.37983775,0.64375,3799,172,38.8,0.372638732,0.64375,3880,290,38.8,0.494521827,0.64375,58.1250076,49.7500038,99.99748,26.9916687,9.889095,73.18631,9.786282,5.09448242,65.76465,39.5,0.25,0,55,0,85,0.416,1.01,16,16,16,32,48,30,295,160,130,0,0,0,16,39,0.25,0,55,0,85,0.416,1.01,16,16,16,32,48,30,295,160,130,0,0,0,16,512,-1,485.785156,485.480469,0.3046875,0.5,7618.451,7618.951,0,0,0,0,0,0,0,0,0,0,0,0,512,600,1200,3000,53,0.969000041,1.30500007,0,4,16,40,2670,10451.9824,1001,999,30,30,20,5,1,1,29.447,17.483,0.975,12519.082,445.464844,18.3033466,0,0,0,0.0021182,0,0.7434679,0.7460422,0,0,0,0,0,0,50.3125,48,16376,3556,12819,78.28005,76.153,335899648,20649984
05/27/2026 13:32:42,50,53,0,59,65,58,58,58,58,74,12.0960007,5.03,1.31000006,1.39200008,0.978000045,0.324,0.672000051,3.288,2.046,0,3.36800027,3.36800027,3.11600018,58,44.5,45,44.5,1115,667,0,911,850,0,0,0,0,0,21.54,3.08,3.08,3.08,1.54,15.38,0,4.62,6.54,21.54,36.52683,4332,449,4850,1343,48.5,1.39284086,0.64375,4850,426,48.5,0.6974651,0.64375,3097,200,32.3333321,0.389870077,0.64375,3112,180,32.3333321,0.3485311,0.64375,4553,260,48.5,0.467951566,0.63125,4850,780,48.5,1.16081131,0.63125,4497,123,48.5,0.291550577,0.63125,4850,279,48.5,0.4583753,0.63125,58.1250076,50.2500038,99.99749,26.9831123,9.897652,73.16311,9.794495,5.08626938,65.81984,39.5,0.25,0,55,0,85,0.416,1.01,16,16,16,32,48,30,295,160,130,0,0,0,16,39,0.25,0,55,0,85,0.416,1.01,16,16,16,32,48,30,295,160,130,0,0,0,16,512,-1,485.785156,485.480469,0.3046875,0.5,7618.451,7618.951,0,0,0,0,0,0,0,0,0,0,0,0,512,600,1200,3000,53,0.965000033,1.30500007,0,3,16,40,2670,10451.9824,1000,1001,30,30,20,5,1,0,29.666,17.886,0.975,12519.082,445.464844,18.6191578,0,0,0,0.00379248,0,0.7314881,0.712927461,0,0,0,0,0,0,50.3125,48,16376,3556,12819,78.28005,75.407,2.817495E+08,5.074944E+07
05/27/2026 13:32:44,49,53,0,58,64,56,56,56,56,73,12.12,5.03,1.31000006,1.39200008,0.984,0.324,0.672000051,3.288,2.046,0,3.36800027,3.36800027,3.11600018,58,44.5,45,45,1097,692,0,920,845,0,0,0,0,0,24.62,9.23,3.08,0,3.08,16.92,1.56,4.69,7.9,24.62,35.37842,4176,473,4850,1315,48.5,1.40584707,0.64375,4850,437,48.5,0.705272555,0.64375,4732,229,48.5,0.4136039,0.64375,3162,211,32.3333321,0.3908869,0.64375,4676,283,48.5,0.4859073,0.64375,4850,845,48.5,1.19675672,0.64375,3051,132,32.3333321,0.320083827,0.64375,3233,330,32.3333321,0.569955647,0.64375,58.0000076,49.7500038,99.99748,26.9940987,9.886665,73.192894,9.786716,5.09404755,65.76756,39.5,0.25,0,55,0,85,0.416,1.01,16,16,16,32,48,30,295,160,130,0,0,0,16,39,0.25,0,55,0,85,0.416,1.01,16,16,16,32,48,30,295,160,130,0,0,0,16,512,-1,485.785156,485.480469,0.3046875,0.5,7618.451,7618.951,0,0,0,0,0,0,0,0,0,0,0,0,512,600,1200,3000,53,0.965000033,1.30500007,0,2,16,40,2670,10451.9824,1000,1000,30,30,21,5,1,1,30.552,35.24,0.975,12519.082,445.464844,18.7310047,0,0,0,0.00222363346,0,0.729599953,0.7263042,0,0,0,0,0,0,50.28125,48,16376,3556,12819,78.28005,77.216,949248,8.074957E+07
05/27/2026 13:32:46,50,53,0,59,65,60,60,60,60,75,12.12,5.03,1.31000006,1.39200008,0.994,0.316,0.672000051,3.288,2.046,0,3.36800027,3.36800027,3.11600018,59,44.5,45,44.5,1121,667,0,914,844,0,0,0,0,0,17.19,10.94,3.12,0,3.12,20.31,1.56,3.12,7.42,20.31,35.4287262,4453,479,5050,1334,50.5,1.39264154,0.51875,5050,435,50.5,0.707249343,0.51875,3859,221,40.4,0.40686053,0.51875,3864,191,40.4,0.3763265,0.51875,4870,300,50.5,0.49988386,0.51875,5050,979,50.5,1.32879555,0.50625,3840,143,40.4,0.3301936,0.50625,4040,227,40.4,0.418115973,0.50625,59.1250076,50.5000038,99.9975,26.9829025,9.89786148,73.16254,9.79665,5.084114,65.83432,39.5,0.25,0,55,0,85,0.416,1.01,16,16,16,32,48,30,295,160,130,0,0,0,16,39,0.25,0,55,0,85,0.416,1.01,16,16,16,32,48,30,295,160,130,0,0,0,16,512,-1,485.785156,485.480469,0.3046875,0.5,7618.451,7618.951,0,0,0,0,0,0,0,0,0,0,0,0,512,600,1200,3000,52,1.05000007,1.30500007,0,9,16,41,2670,10451.9824,999,998,30,30,23,5,1,1,30.962,32.926,0.975,12519.082,445.464844,20.8366814,0,0,0,0.00295598828,0,0.7357605,0.730499864,0,0,0,0,0,0,50.25,48,16376,3556,12819,78.28005,78.935,899072,143499264
05/27/2026 13:32:48,51,53,0,59,65,58,58,58,58,74,12.0960007,5.03,1.31000006,1.39200008,0.988000035,0.316,0.672000051,3.28400016,2.046,0,3.36800027,3.36800027,3.11600018,58,44.5,45,45,1140,667,0,915,844,0,0,0,0,0,28.12,21.88,1.56,4.69,15.62,25,1.56,1.56,12.5,28.12,35.4455872,4493,506,5050,1330,50.5,1.407544,0.5125,5050,523,50.5,0.7923932,0.5125,3928,209,40.4,0.396002948,0.5125,5050,206,50.5,0.384988248,0.5125,3929,313,40.4,0.513229847,0.5125,5050,1097,50.5,1.43434489,0.5125,3844,116,40.4,0.300092846,0.5125,4040,254,40.4,0.446428955,0.5125,58.3750076,52.3750038,99.99748,26.962307,9.918457,73.10669,9.782658,5.09810638,65.7402954,39.5,0.25,0,55,0,85,0.416,1.01,16,16,16,32,48,30,295,160,130,0,0,0,16,39,0.25,0,55,0,85,0.416,1.01,16,16,16,32,48,30,295,160,130,0,0,0,16,512,-1,485.785156,485.480469,0.3046875,0.5,7618.451,7618.951,0,0,0,0,0,0,0,0,0,0,0,0,512,600,1200,3000,53,0.974000037,1.30500007,0,2,15,41,2670,10451.9824,1001,1000,30,30,22,5,1,0,30.252,29.905,0.975,12519.082,445.464844,21.160862,0,0,0,0.003002155,0,0.755052149,0.743428946,0,0,0,0,0,0,50.40625,48,16376,3556,12819,78.28005,77.748,849920,159599616
05/27/2026 13:32:50,51,53,0,60,65,60,60,60,60,75,12.12,5.03,1.30800009,1.39200008,0.986000061,0.316,0.672000051,3.288,2.046,0,3.36800027,3.364,3.11600018,59,44.5,45,45,1127,692,0,910,847,0,0,0,0,0,26.56,4.69,1.56,1.56,3.12,14.06,1.56,1.56,6.84,26.56,37.3133659,4029,419,4850,1172,48.5,1.246532,0.61875,3880,390,38.8,0.636136,0.61875,4666,198,48.5,0.373265028,0.61875,3709,169,38.8,0.346911371,0.61875,3709,265,38.8,0.4684029,0.61875,3880,846,38.8,1.21405375,0.61875,3662,129,38.8,0.3070087,0.61875,3873,184,38.8,0.359290272,0.61875,59.2500076,51.0000038,99.99749,26.9824486,9.898315,73.16131,9.79435,5.08641434,65.81886,39.5,0.25,0,55,0,85,0.416,1.01,16,16,16,32,48,30,295,160,130,0,0,0,16,39,0.25,0,55,0,85,0.416,1.01,16,16,16,32,48,30,295,160,130,0,0,0,16,512,-1,485.785156,485.480469,0.3046875,0.5,7618.451,7618.951,0,0,0,0,0,0,0,0,0,0,0,0,512,600,1200,3000,51,0.955000043,1.30500007,0,2,15,41,2670,10451.9824,1001,1001,30,30,24,5,1,0,30.909,36.072,0.975,12519.082,445.464844,22.3683014,0,0,0,0.00291652279,0,0.7380886,0.7245675,0,0,0,0,0,0,50.46875,48,16376,3556,12819,78.28005,78.313,8.044954E+07,107199488
05/27/2026 13:32:52,51,53,0,59,65,58,58,58,58,74,12.12,5.03,1.30800009,1.39200008,0.994,0.33,0.672000051,3.28400016,2.046,0,3.36800027,3.36800027,3.11600018,58,44.5,45,45,1131,666,0,921,831,0,0,0,0,0,24.62,6.15,4.62,4.62,4.62,20,0,3.08,8.46,24.62,35.6008453,4379,492,5050,1266,50.5,1.34852242,0.53125,5050,490,50.5,0.7533777,0.53125,3966,231,40.4,0.433342785,0.53125,3965,221,40.4,0.405790359,0.53125,3996,291,40.4,0.4912455,0.53125,5050,1019,50.5,1.38283777,0.53125,3914,158,40.4,0.3411972,0.53125,4040,261,40.4,0.458660036,0.53125,58.2500076,50.2500038,99.99749,26.9615784,9.919186,73.10472,9.770451,5.11031342,65.6582642,39.5,0.25,0,55,0,85,0.416,1.01,16,16,16,32,48,30,295,160,130,0,0,0,16,39,0.25,0,55,0,85,0.416,1.01,16,16,16,32,48,30,295,160,130,0,0,0,16,512,-1,485.785156,485.480469,0.3046875,0.5,7618.451,7618.951,0,0,0,0,0,0,0,0,0,0,0,0,512,600,1200,3000,52,0.965000033,1.30500007,0,2,15,41,2670,10451.9824,1000,999,30,30,24,5,1,1,31.205,40.85,0.975,12519.082,445.542969,22.67835,0,0,0,0.00325639639,0,0.7313249,0.7368717,0,0,0,0,0,0,50.46875,48,16376,3556,12819,78.28005,79.983,99328,107599872
05/27/2026 13:32:54,50,53,0,59,65,58,58,58,58,74,12.12,5.04,1.31000006,1.39200008,0.990000069,0.322000027,0.672000051,3.292,2.046,0,3.37200022,3.37200022,3.12000012,58,45,45,45,1115,668,0,910,830,0,0,0,0,0,31.25,14.06,4.69,1.56,3.12,9.38,0,4.69,8.59,31.25,35.34241,4186,451,5050,1315,50.5,1.3920759,0.5375,5050,464,50.5,0.736140668,0.5375,3868,214,40.4,0.396663,0.5375,3795,159,40.4,0.329621881,0.5375,3882,265,40.4,0.469367057,0.5375,4040,829,40.4,1.1758728,0.5375,3767,131,40.4,0.3036738,0.5375,4040,229,40.4,0.4167107,0.5375,58.2500076,49.7500038,99.99749,26.9812241,9.89954,73.15799,9.794659,5.08610535,65.82094,39.5,0.25,0,55,0,85,0.416,1.01,16,16,16,32,48,30,295,160,130,0,0,0,16,39,0.25,0,55,0,85,0.416,1.01,16,16,16,32,48,30,295,160,130,0,0,0,16,512,-1,485.785156,485.480469,0.3046875,0.5,7618.451,7618.951,0,0,0,0,0,0,0,0,0,0,0,0,512,600,1200,3000,53,1.06000006,1.30500007,0,15,16,41,2670,10451.9824,999,999,30,30,24,5,1,0,30.876,38.762,0.975,12519.082,445.542969,22.59278,0,0,0,0.0025762415,0,0.7427402,0.747229636,0,0,0,0,0,0,50.5,48,16376,3556,12819,78.28005,79.606,1748992,138949632
05/27/2026 13:32:56,50,54,0,59,65,58,58,58,58,74,12.12,5.04,1.31000006,1.39200008,0.990000069,0.316,0.672000051,3.292,2.046,0,3.37200022,3.37200022,3.12000012,58,45,45,45,1126,702,0,909,848,0,0,0,0,0,26.56,6.25,4.69,1.56,3.12,25,4.69,3.12,9.38,26.56,35.60946,4405,488,4040,1235,40.4,1.32978606,0.54375,5050,480,50.5,0.764808655,0.54375,4802,213,50.5,0.40354532,0.54375,3772,169,40.4,0.350708127,0.54375,4736,262,50.5,0.481638521,0.54375,5050,1134,50.5,1.44545519,0.54375,3753,154,40.4,0.3268225,0.54375,4040,260,40.4,0.449445844,0.54375,57.8750076,51.0000038,99.9961,26.96479,9.915974,73.11343,9.772392,5.10837173,65.67131,39.5,0.25,0,55,0,85,0.416,1.01,16,16,16,32,48,30,295,160,130,0,0,0,16,39,0.25,0,55,0,85,0.416,1.01,16,16,16,32,48,30,295,160,130,0,0,0,16,512,-1,485.785156,485.480469,0.3046875,0.5,7618.451,7618.951,0,0,0,0,0,0,0,0,0,0,0,0,512,600,1200,3000,53,0.969000041,1.30500007,0,4,16,41,2670,10451.9824,1001,1002,30,30,23,5,1,0,30.499,43.271,0.975,12519.082,445.542969,22.2960625,0,0,0,0.0037853464,0,0.7271896,0.7182621,0,0,0,0,0,0,50.40625,48,16376,3556,12819,78.28005,78.146,420999168,29749248
05/27/2026 13:32:58,50,54,0,59,65,58,58,58,58,74,12.144001,5.04,1.312,1.396,0.994,0.318000019,0.672000051,3.292,2.046,0,3.37600017,3.37200022,3.124,58,45,45,45,1133,708,0,922,848,0,0,0,0,0,26.15,10.77,0,0,0,23.08,0,1.54,7.69,26.15,36.5221252,4172,415,4850,1160,48.5,1.25166333,0.61875,4850,421,48.5,0.684381068,0.61875,4759,201,48.5,0.370752782,0.61875,3076,139,32.3333321,0.3135768,0.61875,4675,255,48.5,0.4789483,0.61875,4850,883,48.5,1.24776113,0.61875,3080,127,32.3333321,0.303960055,0.61875,3233,136,32.3333321,0.316217631,0.61875,58.2500076,55.2500038,99.99749,26.9834366,9.897327,73.16399,9.796753,5.084011,65.83501,39.5,0.25,0,55,0,85,0.416,1.01,16,16,16,32,48,30,295,160,130,0,0,0,16,39,0.25,0,55,0,85,0.416,1.01,16,16,16,32,48,30,295,160,130,0,0,0,16,512,-1,485.785156,485.480469,0.3046875,0.5,7618.451,7618.951,0,0,0,0,0,0,0,0,0,0,0,0,512,600,1200,3000,53,0.969000041,1.30500007,0,2,16,41,2670,10451.9824,999,1000,30,30,24,5,1,0,31.234,19.814,0.975,12519.082,445.542969,23.6785812,0,0,0,0.00301267835,0,0.738086343,0.7202085,0,0,0,0,0,0,50.46875,48,16376,3556,12819,78.28005,79.136,350499840,31949824
05/27/2026 13:33:00,49,54,0,58,64,56,56,56,56,73,12.144001,5.04,1.312,1.396,0.994,0.322000027,0.672000051,3.288,2.046,0,3.37600017,3.37200022,3.124,58,45,45,45,1111,684,0,911,827,0,0,0,0,0,31.25,10.94,6.25,4.69,7.81,25,6.25,9.38,12.7,31.25,36.94416,4156,630,4850,1534,48.5,1.70037723,0.64375,4850,597,48.5,0.9580676,0.64375,4756,383,48.5,0.6626831,0.64375,3042,291,32.3333321,0.5560411,0.64375,4684,418,48.5,0.708437,0.64375,4850,1188,48.5,1.56607819,0.64375,2981,239,32.3333321,0.49020502,0.64375,3233,387,32.3333321,0.674640834,0.64375,58.2500076,49.7500038,99.99749,26.9738541,9.90691,73.138,9.78001,5.100754,65.7225,39.5,0.25,0,55,0,85,0.416,1.01,16,16,16,32,48,30,295,160,130,0,0,0,16,39,0.25,0,55,0,85,0.416,1.01,16,16,16,32,48,30,295,160,130,0,0,0,16,512,-1,485.785156,485.480469,0.3046875,0.5,7618.451,7618.951,0,0,0,0,0,0,0,0,0,0,0,0,512,600,1200,3000,52,0.974000037,1.30500007,0,2,15,41,2670,10451.9824,1002,1002,30,30,23,5,1,0,31.279,19.892,0.975,12519.082,445.542969,22.2980137,0,0,0,0.00239202357,0,0.7376841,0.7380744,0,0,0,0,0,0,50.65625,48,16376,3556,12819,78.28005,80.404,355649536,5949440
05/27/2026 13:33:02,50,54,0,59,64,58,58,58,58,74,12.144001,5.04,1.312,1.39200008,0.990000069,0.324,0.672000051,3.292,2.046,0,3.37200022,3.37200022,3.124,58,45.5,45,45,1111,684,0,900,820,0,0,0,0,0,21.88,9.38,4.69,3.12,6.25,21.88,0,4.69,8.98,21.88,36.0293579,3365,487,4850,1404,48.5,1.49604321,0.64375,3233,548,32.3333321,0.8157523,0.64375,3168,246,32.3333321,0.459959418,0.64375,3080,192,32.3333321,0.373357534,0.64375,3150,317,32.3333321,0.533975363,0.64375,3233,916,32.3333321,1.251117,0.64375,3116,143,32.3333321,0.3288238,0.64375,3089,131,32.3333321,0.3043414,0.6625,58.1250076,49.2500038,99.99749,26.991684,9.88908,73.18635,9.801476,5.07928848,65.866745,39.5,0.25,0,55,0,85,0.416,1.01,16,16,16,32,48,30,295,160,130,0,0,0,16,39,0.25,0,55,0,85,0.416,1.01,16,16,16,32,48,30,295,160,130,0,0,0,16,512,-1,485.785156,485.480469,0.3046875,0.5,7618.451,7618.951,0,0,0,0,0,0,0,0,0,0,0,0,512,600,1200,3000,53,1.04000008,1.30500007,0,6,16,41,2670,10451.9824,999,999,30,30,24,5,1,0,30.844,16.986,0.975,12519.082,445.773438,22.5882683,0,0,0,0.00301628374,0,0.7406043,0.7438135,0,0,0,0,0,0,50.625,48,16376,3556,12819,78.28005,79.276,448749568,2099200
05/27/2026 13:33:04,50,54,0,59,65,57,57,57,57,74,12.144001,5.04,1.312,1.396,1.0480001,0.326,0.672000051,3.292,2.046,0,3.37200022,3.37200022,3.12000012,58,45.5,45,45,1111,709,0,909,823,0,0,0,0,0,25.4,9.52,3.17,3.17,6.35,22.22,1.59,6.35,9.72,25.4,36.2764359,3944,518,3880,1486,38.8,1.579677,0.66875,3880,473,38.8,0.785941362,0.66875,3784,247,38.8,0.4532087,0.66875,3803,222,38.8,0.403398544,0.66875,3777,319,38.8,0.5551582,0.66875,4850,928,48.5,1.27792346,0.66875,3701,154,38.8,0.3299705,0.66875,3880,319,38.8,0.5420117,0.66875,58.3750076,50.2500038,99.99748,26.9634628,9.917301,73.1098251,9.783493,5.097271,65.7459,39.5,0.25,0,55,0,85,0.416,1.01,16,16,16,32,48,30,295,160,130,0,0,0,16,39,0.25,0,55,0,85,0.416,1.01,16,16,16,32,48,30,295,160,130,0,0,0,16,512,-1,485.785156,485.480469,0.3046875,0.5,7618.451,7618.951,0,0,0,0,0,0,0,0,0,0,0,0,512,600,1200,3000,52,0.969000041,1.30500007,0,2,16,41,2670,10451.9824,1000,998,30,30,23,5,1,0,30.902,17.626,0.975,12519.082,445.773438,22.0192719,0,0,0,0.00295600644,0,0.740070164,0.7316016,0,0,0,0,0,0,50.71875,48,16376,3556,12819,78.28005,78.585,496399360,1899520
05/27/2026 13:33:06,50,54,0,59,65,58,58,58,58,74,12.144001,5.04,1.312,1.396,1,0.322000027,0.672000051,3.292,2.046,0,3.37600017,3.37600017,3.124,58,45.5,45,45,1115,710,0,921,827,0,0,0,0,0,17.19,9.38,4.62,3.08,1.56,15.62,1.54,3.08,7.01,17.19,36.1820641,4169,411,4850,1162,48.5,1.27091265,0.65,4850,502,48.5,0.7786651,0.65,3780,189,38.8,0.359031767,0.65,3858,180,38.8,0.337130845,0.65,3742,246,38.8,0.437540054,0.65,4850,797,48.5,1.15699482,0.65,3714,111,38.8,0.272340566,0.65,3709,101,38.8,0.262063265,0.65,58.7500076,49.7500038,99.99748,26.9609184,9.919846,73.10293,9.781239,5.09952545,65.73076,39.5,0.25,0,55,0,85,0.416,1.01,16,16,16,32,48,30,295,160,130,0,0,0,16,39,0.25,0,55,0,85,0.416,1.01,16,16,16,32,48,30,295,160,130,0,0,0,16,512,-1,485.785156,485.480469,0.3046875,0.5,7618.451,7618.951,0,0,0,0,0,0,0,0,0,0,0,0,512,600,1200,3000,52,0.965000033,1.30500007,0,2,16,41,2670,10451.9824,999,1001,30,30,23,5,1,0,24.281,19.965,0.975,12519.09,447.300781,21.5244751,0,0,0,0.00298726186,0,0.73056674,0.768960357,0,0,0.0329382345,0,0,0,50.75,48,16376,3556,12819,78.28005,80.018,1349632,3649536
05/27/2026 13:33:08,49,54,0,58,64,56,56,56,56,73,12.144001,5.04,1.312,1.396,0.996000051,0.316,0.672000051,3.292,2.046,0,3.37600017,3.37200022,3.124,58,45,45,45,1111,683,0,908,827,0,0,0,0,0,31.25,7.94,4.76,3.17,9.52,20.31,3.17,6.35,10.81,31.25,35.85526,3959,511,4850,1500,48.5,1.58676779,0.625,4850,486,48.5,0.761642456,0.625,3089,219,32.3333321,0.4239273,0.625,3103,193,32.3333321,0.3750778,0.625,4645,307,48.5,0.5264073,0.6375,4850,910,48.5,1.25054967,0.6375,3052,150,32.3333321,0.341946334,0.6375,3233,321,32.3333321,0.5530928,0.6375,58.0000076,49.7500038,99.99749,26.9629936,9.91777,73.10855,9.780495,5.10026932,65.72575,39.5,0.25,0,55,0,85,0.416,1.01,16,16,16,32,48,30,295,160,130,0,0,0,16,39,0.25,0,55,0,85,0.416,1.01,16,16,16,32,48,30,295,160,130,0,0,0,16,512,-1,485.785156,485.480469,0.3046875,0.5,7618.451,7618.951,0,0,0,0,0,0,0,0,0,0,0,0,512,600,1200,3000,52,0.969000041,1.30500007,0,6,16,41,2670,10451.9824,1000,1000,30,30,23,5,1,0,24.17,19.032,0.975,12519.09,447.300781,21.993042,0,0,0,0.0021001196,0,0.734491765,0.735331833,0,0,0.009370533,0,0,0,50.6875,48,16376,3556,12819,78.28005,80.313,100699136,7.164928E+07
05/27/2026 13:33:10,50,54,0,59,64,58,58,58,58,74,12.12,5.04,1.31000006,1.39200008,0.988000035,0.320000023,0.672000051,3.292,2.046,0,3.37200022,3.37200022,3.124,58,45,45,45,1109,684,0,919,820,0,0,0,0,0,28.12,10.94,3.12,1.56,1.56,10.94,1.56,17.19,9.38,28.12,36.4890862,4139,562,4975,1615,49.75,1.66700935,0.51875,3980,475,39.8,0.8075274,0.51875,3864,257,39.8,0.455308825,0.51875,3803,189,39.8,0.383595228,0.51875,3790,299,39.8,0.5420297,0.51875,3980,922,39.8,1.32178771,0.51875,3745,142,39.8,0.336753935,0.51875,4975,595,49.75,0.8345331,0.51875,59.5000076,63.5000038,99.99749,26.9975357,9.883228,73.20221,9.811859,5.068905,65.93652,39.5,0.25,0,55,0,85,0.416,1.01,16,16,16,32,48,30,295,160,130,0,0,0,16,39,0.25,0,55,0,85,0.416,1.01,16,16,16,32,48,30,295,160,130,0,0,0,16,512,-1,485.785156,485.480469,0.3046875,0.5,7618.451,7618.951,0,0,0,0,0,0,0,0,0,0,0,0,512,600,1200,3000,53,0.965000033,1.30500007,0,6,16,41,2670,10451.9824,1000,999,30,30,24,5,1,0,23.721,17.112,0.975,12519.09,448.925781,21.9589729,0,0,0,0.00226442027,0,0.7330656,0.695783556,0,0,0,0,0,0,50.6875,48,16376,3556,12819,78.28005,78.875,8.734925E+07,1949696
05/27/2026 13:33:12,51,54,0,60,65,60,60,60,60,75,12.144001,5.04,1.312,1.396,1.044,0.324,0.672000051,3.292,2.046,0,3.37200022,3.37200022,3.12000012,59,45,45,45,1131,710,0,907,824,0,0,0,0,0,31.25,12.5,7.69,3.08,10.77,21.88,0,0,10.9,31.25,36.5809555,4300,579,4850,1631,48.5,1.83439255,0.6125,4850,575,48.5,0.903563559,0.6125,4648,308,48.5,0.57139647,0.6125,4583,264,48.5,0.5127545,0.6125,4617,374,48.5,0.6636159,0.6125,4850,1094,48.5,1.43288517,0.6125,3003,209,32.3333321,0.4368118,0.6125,2996,174,32.3333321,0.409699231,0.6125,60.1250076,50.2500038,99.99748,26.96799,9.912773,73.1221,9.776798,5.10396576,65.70091,39.5,0.25,0,55,0,85,0.416,1.01,16,16,16,32,48,30,295,160,130,0,0,0,16,39,0.25,0,55,0,85,0.416,1.01,16,16,16,32,48,30,295,160,130,0,0,0,16,512,-1,485.785156,485.480469,0.3046875,0.5,7618.451,7618.951,0,0,0,0,0,0,0,0,0,0,0,0,512,600,1200,3000,52,0.965000033,1.30500007,0,5,16,41,2670,10451.9824,998,1000,30,30,22,4,1,0,24.135,28.59,0.975,12519.0938,450.472656,21.5807266,0,0,0,0.002955658,0,0.7310951,0.731824636,0,0,0.007015011,0,0,0,50.65625,48,16376,3556,12819,78.28005,77.17,64249856,27149312
05/27/2026 13:33:14,52,54,0,60,66,60,60,60,60,75,12.144001,5.04,1.31000006,1.39200008,0.988000035,0.320000023,0.672000051,3.292,2.046,0,3.37600017,3.37200022,3.12000012,59,45.5,45,45,1149,709,0,931,833,0,0,0,0,0,35.94,20.31,4.76,3.17,7.94,23.44,4.76,3.17,12.94,35.94,37.20085,3920,626,4850,1833,48.5,1.92613077,0.6375,4850,702,48.5,1.1166321,0.6375,3100,286,32.3333321,0.571379364,0.6375,3075,221,32.3333321,0.4112428,0.6375,4652,387,48.5,0.7294075,0.6375,4850,1311,48.5,1.714291,0.6375,3005,144,32.3333321,0.339188218,0.6375,2982,123,32.3333321,0.309715539,0.6375,59.3750076,49.7500038,99.99749,27.01181,9.868954,73.24092,9.815735,5.065029,65.96257,39.5,0.25,0,55,0,85,0.416,1.01,16,16,16,32,48,30,295,160,130,0,0,0,16,39,0.25,0,55,0,85,0.416,1.01,16,16,16,32,48,30,295,160,130,0,0,0,16,512,-1,485.785156,485.480469,0.3046875,0.5,7618.451,7618.951,0,0,0,0,0,0,0,0,0,0,0,0,512,600,1200,3000,53,0.969000041,1.30500007,0,7,16,41,2670,10451.9824,1001,999,30,30,23,5,1,0,24.191,20.091,0.975,12519.0938,452.1289,21.23425,0,0,0,0.00308404351,0,0.736165166,0.743755162,0,0,0.07836274,0,0,0,50.8125,48,16376,3556,12819,78.28005,80.052,107599872,10149888
05/27/2026 13:33:16,52,54,0,60,66,59,59,59,59,75,12.144001,5.04,1.312,1.396,0.994,0.322000027,0.672000051,3.292,2.046,0,3.37600017,3.37600017,3.124,59,45.5,45,45,1146,709,0,921,860,0,0,0,0,0,20,13.85,9.23,7.69,9.23,21.54,4.62,7.69,11.73,21.54,35.6373062,4371,499,5050,1257,50.5,1.35990465,0.53125,5050,491,50.5,0.7634371,0.53125,3977,233,40.4,0.428164721,0.53125,3936,200,40.4,0.382654816,0.53125,3949,305,40.4,0.5061218,0.53125,5050,1059,50.5,1.40632486,0.525,3917,147,40.4,0.335751444,0.525,4040,297,40.4,0.5148139,0.525,59.2500076,52.8750038,99.99749,26.9726219,9.908142,73.13466,9.794041,5.08672333,65.81679,39.5,0.25,0,55,0,85,0.416,1.01,16,16,16,32,48,30,295,160,130,0,0,0,16,39,0.25,0,55,0,85,0.416,1.01,16,16,16,32,48,30,295,160,130,0,0,0,16,512,-1,485.785156,485.480469,0.3046875,0.5,7618.451,7618.951,0,0,0,0,0,0,0,0,0,0,0,0,512,600,1200,3000,53,0.965000033,1.30500007,0,2,15,41,2670,10451.9824,1000,1001,30,30,22,4,1,0,23.859,43.601,0.975,12519.0938,452.597656,21.691885,0,0,0,0.00299427123,0,0.7717857,0.782103658,0,0,0.0175042152,0,0,0,50.65625,48,16376,3556,12819,78.28005,77.458,1299456,9.179955E+07
05/27/2026 13:33:18,52,54,0,60,66,60,60,60,60,75,12.144001,5.04,1.312,1.396,0.984,0.328,0.672000051,3.292,2.046,0,3.37600017,3.37200022,3.124,58,45.5,45,45,1151,683,0,936,841,0,0,0,0,0,17.19,6.25,0,3.12,1.56,14.06,0,1.56,5.47,17.19,35.3761063,4072,402,5050,1242,50.5,1.27727294,0.54375,4040,437,40.4,0.6826657,0.54375,3945,203,40.4,0.375455558,0.55,3867,171,40.4,0.337028563,0.55,3905,242,40.4,0.4219545,0.5625,4040,711,40.4,1.08860457,0.5625,3857,117,40.4,0.2822102,0.5625,3872,95,40.4,0.261009663,0.5625,58.5000076,50.0000038,99.99749,27.0024529,9.878311,73.2155457,9.81842,5.0623436,65.98062,39.5,0.25,0,55,0,85,0.416,1.01,16,16,16,32,48,30,295,160,130,0,0,0,16,39,0.25,0,55,0,85,0.416,1.01,16,16,16,32,48,30,295,160,130,0,0,0,16,512,-1,485.785156,485.480469,0.3046875,0.5,7618.451,7618.951,0,0,0,0,0,0,0,0,0,0,0,0,512,600,1200,3000,52,1.069,1.30500007,0,22,17,41,2670,10451.9824,1000,999,30,30,23,5,1,0,23.675,38.845,0.975,12519.0938,452.3672,21.35926,0,0,0,0.00219913316,0,0.7426483,0.741807163,0,0,0,0,0,0,50.75,48,16376,3556,12819,78.28005,78.663,1349632,130549760
05/27/2026 13:33:20,51,54,0,59,65,57,57,57,57,73,12.12,5.04,1.312,1.396,0.982000053,0.328,0.672000051,3.292,2.046,0,3.37600017,3.37200022,3.124,58,45.5,45,45,1147,683,0,933,842,0,0,0,0,0,31.25,6.25,9.38,3.12,7.81,23.44,4.69,7.81,11.72,31.25,35.5933151,3703,530,4000,1490,40,1.55878842,0.51875,3333,454,33.3333321,0.796179056,0.51875,3241,260,33.3333321,0.4484365,0.51875,3146,163,33.3333321,0.3641744,0.51875,3800,290,40,0.549986541,0.51875,4000,991,40,1.3687557,0.51875,3104,139,33.3333321,0.343281627,0.51875,5000,449,50,0.686577439,0.50625,57.8750076,49.7500038,99.99749,27.0146141,9.86615,73.24852,9.821621,5.059143,66.00213,39.5,0.25,0,55,0,85,0.416,1.01,16,16,16,32,48,30,295,160,130,0,0,0,16,39,0.25,0,55,0,85,0.416,1.01,16,16,16,32,48,30,295,160,130,0,0,0,16,512,-1,485.785156,485.480469,0.3046875,0.5,7618.451,7618.951,0,0,0,0,0,0,0,0,0,0,0,0,512,600,1200,3000,53,0.965000033,1.30500007,0,2,15,41,2670,10451.9824,1000,1001,30,30,22,5,1,0,24.387,19.764,0.975,12519.0938,452.4922,21.0764656,0,0,0,0.002849076,0,0.710757256,0.710369647,0,0,0.0139062041,0,0,0,50.9375,48,16376,3556,12819,78.28005,77.868,309349376,99328
05/27/2026 13:33:22,50,54,0,59,65,58,58,58,58,75,12.12,5.04,1.312,1.396,0.9760001,0.324,0.672000051,3.292,2.046,0,3.37200022,3.37600017,3.124,58,45.5,45,45,1116,710,0,907,853,0,0,0,0,0,21.54,6.15,3.08,4.62,3.08,13.85,1.54,1.54,6.92,21.54,34.80586,4124,412,5050,1246,50.5,1.31214643,0.53125,4040,403,40.4,0.642537057,0.53125,3805,194,40.4,0.370289922,0.53125,4741,164,50.5,0.3380132,0.53125,3814,261,40.4,0.451972425,0.53125,4040,794,40.4,1.1762377,0.53125,3716,118,40.4,0.2868051,0.5375,3783,118,40.4,0.313459277,0.5375,58.3750076,49.7500038,99.99748,27.0028381,9.877926,73.21659,9.818161,5.062603,65.97888,39.5,0.25,0,55,0,85,0.416,1.01,16,16,16,32,48,30,295,160,130,0,0,0,16,39,0.25,0,55,0,85,0.416,1.01,16,16,16,32,48,30,295,160,130,0,0,0,16,512,-1,485.785156,485.480469,0.3046875,0.5,7618.451,7618.951,0,0,0,0,0,0,0,0,0,0,0,0,512,600,1200,3000,53,0.955000043,1.30500007,0,2,16,41,2670,10451.9824,999,999,30,30,22,5,1,0,24.038,38.806,0.975,12519.0938,452.4922,21.4076,0,0,0,0.00212269323,0,0.781270146,0.7411473,0,0,0,0,0,0,50.78125,48,16376,3556,12819,78.28005,80.509,1399808,9.239962E+07
05/27/2026 13:33:24,50,54,0,59,65,57,57,57,57,73,12.12,5.04,1.31000006,1.39200008,0.992000043,0.328,0.672000051,3.292,2.046,0,3.37200022,3.37200022,3.12000012,58,45,45,45,1122,710,0,910,828,0,0,0,0,0,29.69,10.94,7.81,4.69,6.25,18.75,3.12,4.69,10.74,29.69,35.5198479,4222,476,5050,1295,50.5,1.37681937,0.55,5050,479,50.5,0.757676244,0.55,3938,262,40.4,0.44703114,0.55,3874,174,40.4,0.3719549,0.55,3958,293,40.4,0.4986099,0.54375,4040,898,40.4,1.27646148,0.54375,3823,121,40.4,0.3137006,0.54375,4040,289,40.4,0.5068068,0.54375,58.1250076,49.7500038,99.99749,27.01432,9.866444,73.24773,9.824661,5.05610275,66.02256,39.5,0.25,0,55,0,85,0.416,1.01,16,16,16,32,48,30,295,160,130,0,0,0,16,39,0.25,0,55,0,85,0.416,1.01,16,16,16,32,48,30,295,160,130,0,0,0,16,512,-1,485.785156,485.480469,0.3046875,0.5,7618.451,7618.951,0,0,0,0,0,0,0,0,0,0,0,0,512,600,1200,3000,52,1.06000006,1.30500007,0,19,16,41,2670,10451.9824,1000,999,30,30,22,4,1,0,23.719,34.536,0.975,12519.0938,452.4922,21.03033,0,0,0,0.00365268253,0,0.7398978,0.7420634,0,0,0,0,0,0,50.78125,48,16376,3556,12819,78.28005,79.61,1399808,9.16992E+07
05/27/2026 13:33:26,50,54,0,59,65,58,58,58,58,75,12.144001,5.04,1.312,1.396,0.978000045,0.334000021,0.672000051,3.292,2.046,0,3.37600017,3.37600017,3.124,58,45.5,45,45,1124,684,0,925,828,0,0,0,0,0,18.46,7.69,0,0,1.54,15.38,0,3.08,5.77,18.46,35.8456879,4080,454,5050,1265,50.5,1.32622135,0.55,4040,457,40.4,0.7211,0.53125,3908,224,40.4,0.400386244,0.53125,3839,151,40.4,0.324761271,0.53125,3879,260,40.4,0.450164378,0.53125,4040,829,40.4,1.21225464,0.53125,3841,136,40.4,0.3141152,0.53125,4040,307,40.4,0.489046335,0.53125,58.5000076,49.7500038,99.99749,27.0065041,9.87426,73.22653,9.82526,5.055504,66.02658,39.5,0.25,0,55,0,85,0.416,1.01,16,16,16,32,48,30,295,160,130,0,0,0,16,39,0.25,0,55,0,85,0.416,1.01,16,16,16,32,48,30,295,160,130,0,0,0,16,512,-1,485.785156,485.480469,0.3046875,0.5,7618.451,7618.951,0,0,0,0,0,0,0,0,0,0,0,0,512,600,1200,3000,52,0.969000041,1.30500007,0,5,16,41,2670,10451.9824,999,1002,30,30,23,5,1,0,23.562,33.25,0.975,12519.0938,452.6172,21.5135345,0,0,0,0.00214426545,0,0.730207145,0.741686463,0,0,0,0,0,0,50.90625,48,16376,3556,12819,78.28005,78.564,1299456,131599360
05/27/2026 13:33:28,50,54,0,59,65,57,57,57,57,73,12.12,5.04,1.312,1.396,0.9760001,0.318000019,0.672000051,3.292,2.046,0,3.37600017,3.37200022,3.124,58,45.5,45,45,1119,684,0,910,828,0,0,0,0,0,20.31,4.69,3.12,3.12,3.12,15.62,1.56,3.12,6.84,20.31,35.3469849,3561,486,4850,1223,48.5,1.37902319,0.65,3233,438,32.3333321,0.734052956,0.65,3061,215,32.3333321,0.411484778,0.65,3009,164,32.3333321,0.357887059,0.65,3118,302,32.3333321,0.525795341,0.65,4850,1108,48.5,1.41826975,0.65,3133,175,32.3333321,0.3663618,0.65,3233,263,32.3333321,0.4603693,0.65,57.8750076,50.5000038,99.99749,26.9836426,9.897121,73.16454,9.796501,5.084263,65.83332,39.5,0.25,0,55,0,85,0.416,1.01,16,16,16,32,48,30,295,160,130,0,0,0,16,39,0.25,0,55,0,85,0.416,1.01,16,16,16,32,48,30,295,160,130,0,0,0,16,512,-1,485.785156,485.480469,0.3046875,0.5,7618.451,7618.951,0,0,0,0,0,0,0,0,0,0,0,0,512,600,1200,3000,52,0.969000041,1.30500007,0,2,16,41,2670,10451.9824,1000,1001,30,30,22,5,1,0,24.419,37.52,0.975,12519.0938,452.726563,21.0966969,0,0,0,0.00306906272,0,0.728248954,0.7348425,0,0,0,0,0,0,50.90625,48,16376,3556,12819,78.28005,78.35,370149376,14249984
05/27/2026 13:33:30,50,54,0,59,65,58,58,58,58,75,12.12,5.04,1.312,1.396,0.986000061,0.33,0.672000051,3.292,2.046,0,3.37600017,3.37200022,3.124,59,45.5,45,45,1131,710,0,923,848,0,0,0,0,0,26.98,9.52,4.76,6.35,9.52,20.31,1.59,3.17,10.28,26.98,36.4530067,4142,566,4040,1431,40.4,1.68734884,0.525,4040,574,40.4,0.8943101,0.525,4007,298,40.4,0.5256731,0.525,4031,262,40.4,0.506049335,0.525,4008,365,40.4,0.6398126,0.525,5050,1109,50.5,1.42047131,0.525,3917,181,40.4,0.410232,0.525,4040,305,40.4,0.539529741,0.525,59.1250076,49.7500038,99.99749,27.0137825,9.86698151,73.24627,9.823349,5.057415,66.01374,39.5,0.25,0,55,0,85,0.416,1.01,16,16,16,32,48,30,295,160,130,0,0,0,16,39,0.25,0,55,0,85,0.416,1.01,16,16,16,32,48,30,295,160,130,0,0,0,16,512,-1,485.785156,485.480469,0.3046875,0.5,7618.451,7618.951,0,0,0,0,0,0,0,0,0,0,0,0,512,600,1200,3000,52,0.965000033,1.30500007,0,2,15,41,2670,10451.9824,999,998,30,30,23,5,1,0,23.854,31.968,0.975,12519.0938,452.726563,20.4616013,0,0,0,0.00315923057,0,0.7382639,0.7390788,0,0,0,0,0,0,50.9375,48,16376,3556,12819,78.28005,80.273,1299456,8.904909E+07
05/27/2026 13:33:32,51,54,0,59,65,58,58,58,58,74,12.12,5.04,1.312,1.396,0.988000035,0.318000019,0.672000051,3.292,2.046,0,3.37600017,3.37200022,3.124,58,45.5,45,45,1136,710,0,906,848,0,0,0,0,0,18.46,9.23,1.54,3.08,4.62,16.92,3.08,4.62,7.69,18.46,35.5747,4122,484,5050,1164,50.5,1.3673861,0.53125,4040,477,40.4,0.7650887,0.5625,3912,218,40.4,0.407558054,0.5625,3891,171,40.4,0.3722993,0.5625,3965,284,40.4,0.5100388,0.5625,4040,1083,40.4,1.34071767,0.5625,4040,192,40.4,0.3779018,0.5625,4040,281,40.4,0.497289747,0.55625,58.3750076,50.2500038,99.99748,26.9859962,9.894768,73.17093,9.804592,5.076172,65.8876953,39.5,0.25,0,55,0,85,0.416,1.01,16,16,16,32,48,30,295,160,130,0,0,0,16,39,0.25,0,55,0,85,0.416,1.01,16,16,16,32,48,30,295,160,130,0,0,0,16,512,-1,485.785156,485.480469,0.3046875,0.5,7618.451,7618.951,0,0,0,0,0,0,0,0,0,0,0,0,512,600,1200,3000,53,1.04000008,1.30500007,0,1,16,41,2670,10451.9824,1002,1001,30,30,23,4,1,0,23.612,30.486,0.975,12519.0938,452.726563,21.5490723,0,0,0,0.00235727429,0,0.73989445,0.7439298,0,0,0.0101482654,0,0,0,50.90625,48,16376,3556,12819,78.28005,78.986,549888,8.989901E+07
05/27/2026 13:33:34,50,54,0,59,65,59,59,59,59,75,12.12,5.04,1.312,1.39200008,0.982000053,0.316,0.672000051,3.292,2.046,0,3.37600017,3.37200022,3.124,59,45.5,45,45,1123,709,0,910,849,0,0,0,0,0,23.44,7.81,9.38,6.25,9.38,15.62,4.69,7.81,10.55,23.44,34.93859,4044,424,5050,1062,50.5,1.28851807,0.55625,4021,396,40.4,0.638776958,0.575,3819,225,40.4,0.405211449,0.575,3779,143,40.4,0.312545866,0.575,3888,269,40.4,0.4551899,0.575,4040,985,40.4,1.21873772,0.575,3719,107,40.4,0.285577029,0.575,4040,209,40.4,0.386134416,0.575,58.7500076,49.7500038,99.99749,27.0050011,9.875763,73.22246,9.814102,5.066662,65.9516,39.5,0.25,0,55,0,85,0.416,1.01,16,16,16,32,48,30,295,160,130,0,0,0,16,39,0.25,0,55,0,85,0.416,1.01,16,16,16,32,48,30,295,160,130,0,0,0,16,512,-1,485.785156,485.480469,0.3046875,0.5,7618.451,7618.951,0,0,0,0,0,0,0,0,0,0,0,0,512,600,1200,3000,52,0.974000037,1.30500007,0,2,15,42,2670,10451.9824,1000,1000,30,30,23,5,1,0,23.844,18.935,0.975,12519.0938,452.851563,22.30265,0,0,0,0.00221082242,0,0.7200238,0.729825735,0,0,0,0,0,0,50.96875,48,16376,3556,12819,78.28005,77.234,4.335995E+08,299008
05/27/2026 13:33:36,50,54,0,59,65,58,58,58,58,74,12.12,5.04,1.312,1.39200008,0.990000069,0.318000019,0.672000051,3.288,2.046,0,3.37200022,3.37200022,3.124,59,45.5,45,45,1122,684,0,925,828,0,0,0,0,0,18.75,10.94,3.12,6.25,3.12,20.31,4.69,6.25,9.18,20.31,35.4859,4212,511,4850,1250,48.5,1.40495884,0.64375,3880,485,38.8,0.7825619,0.64375,3754,207,38.8,0.427573264,0.64375,3872,202,38.8,0.391649842,0.64375,4729,281,48.5,0.556783259,0.64375,4850,1118,48.5,1.29074466,0.64375,3880,208,38.8,0.3984551,0.64375,3880,335,38.8,0.5703938,0.64375,58.2500076,49.7500038,99.99749,26.99778,9.882984,73.20288,9.815311,5.06545258,65.95973,39.5,0.25,0,55,0,85,0.416,1.01,16,16,16,32,48,30,295,160,130,0,0,0,16,39,0.25,0,55,0,85,0.416,1.01,16,16,16,32,48,30,295,160,130,0,0,0,16,512,-1,485.785156,485.480469,0.3046875,0.5,7618.451,7618.951,0,0,0,0,0,0,0,0,0,0,0,0,512,600,1200,3000,52,0.969000041,1.30500007,0,2,16,42,2670,10451.9824,1001,999,30,30,24,5,1,0,25.399,40.33,0.975,12518.5859,323.796875,22.85832,0,0,0,0.00305498019,0,0.736438036,0.7337192,0,0,1.84513879,0,0,0,51.03125,48,16376,3556,12819,78.28005,78.876,3.073495E+08,2.429952E+07
05/27/2026 13:33:38,51,54,0,60,65,60,60,60,60,75,12.0960007,5.04,1.312,1.396,0.982000053,0.318000019,0.672000051,3.292,2.046,0,3.37200022,3.37200022,3.12000012,59,45.5,45,45,1137,684,0,910,828,0,0,0,0,0,15.38,7.69,1.54,3.08,3.08,24.62,1.54,6.15,7.88,24.62,35.4130974,4260,471,4040,1170,40.4,1.37007964,0.53125,5050,443,50.5,0.76501,0.53125,3887,188,40.4,0.387395859,0.53125,3845,157,40.4,0.340294719,0.53125,3842,260,40.4,0.4890104,0.53125,4040,1066,40.4,1.35223436,0.53125,4526,114,48.5,0.2902311,0.53125,4850,372,48.5,0.5931094,0.5375,59.1250076,49.7500038,99.99749,27.0042,9.876564,73.22028,9.813667,5.06709671,65.9486847,39.5,0.25,0,55,0,85,0.416,1.01,16,16,16,32,48,30,295,160,130,0,0,0,16,39,0.25,0,55,0,85,0.416,1.01,16,16,16,32,48,30,295,160,130,0,0,0,16,512,-1,485.785156,485.480469,0.3046875,0.5,7618.451,7618.951,0,0,0,0,0,0,0,0,0,0,0,0,512,600,1200,3000,53,0.969000041,1.30500007,0,4,16,41,2670,10451.9824,1001,1001,30,30,23,5,1,0,23.844,44.222,0.975,12518.5859,324.140625,23.0989037,0,0,0,0.00224215444,0,0.7362438,0.7361242,0,0,0.06899857,0,0,0,50.96875,48,16376,3556,12819,78.28005,77.838,222999552,11348992
05/27/2026 13:33:40,51,54,0,60,65,58,58,58,58,74,12.12,5.04,1.312,1.396,0.990000069,0.334000021,0.67,3.288,2.046,0,3.37600017,3.37200022,3.124,58,45.5,45,45,1140,710,0,923,853,0,0,0,0,0,21.54,6.15,1.56,4.69,6.25,23.08,3.12,9.23,9.45,23.08,35.72547,3998,538,3900,1189,39,1.41717315,0.51875,3900,474,39,0.758032858,0.51875,3826,280,39,0.445024431,0.54375,3774,207,39,0.385494769,0.54375,3831,319,39,0.514676034,0.54375,3900,1162,39,1.41931462,0.54375,3900,198,39,0.3880522,0.54375,4950,475,49.5,0.689944148,0.525,58.8750076,60.7500038,99.99748,26.9786644,9.9021,73.15105,9.801376,5.07938766,65.86608,39.5,0.25,0,55,0,85,0.416,1.01,16,16,16,32,48,30,295,160,130,0,0,0,16,39,0.25,0,55,0,85,0.416,1.01,16,16,16,32,48,30,295,160,130,0,0,0,16,512,-1,485.785156,485.480469,0.3046875,0.5,7618.451,7618.951,0,0,0,0,0,0,0,0,0,0,0,0,512,600,1200,3000,53,0.974000037,1.30500007,0,9,16,42,2670,10451.9824,1000,999,30,30,24,5,1,0,23.822,16.997,0.975,12518.59,324.671875,22.49386,0,0,0,0.00377720245,0,0.738498151,0.738738656,0,0,0,0,0,0,51.0625,48,16376,3556,12819,78.28005,76.425,272949248,299008
05/27/2026 13:33:42,51,54,0,60,65,58,58,58,58,75,12.144001,5.04,1.312,1.396,0.990000069,0.324,0.67,3.292,2.046,0,3.37200022,3.37600017,3.124,58,45.5,45,45,1139,710,0,906,850,0,0,0,0,0,23.81,3.17,1.59,3.17,4.76,25.4,0,1.59,7.94,25.4,36.46939,3842,397,3233,976,32.3333321,1.15245569,0.875,3233,454,32.3333321,0.7042146,0.875,3016,169,32.3333321,0.336457223,0.875,3001,149,32.3333321,0.313864231,0.875,4554,245,48.5,0.425118148,0.6875,4850,987,48.5,1.23886037,0.6875,4431,106,48.5,0.274856448,0.6875,4415,92,48.5,0.259213954,0.6875,59.2500076,49.7500038,99.99749,27.0002441,9.88052,73.20956,9.811913,5.06885147,65.93689,39.5,0.25,0,55,0,85,0.416,1.01,16,16,16,32,48,30,295,160,130,0,0,0,16,39,0.25,0,55,0,85,0.416,1.01,16,16,16,32,48,30,295,160,130,0,0,0,16,512,-1,485.785156,485.480469,0.3046875,0.5,7618.451,7618.951,0,0,0,0,0,0,0,0,0,0,0,0,512,600,1200,3000,53,0.965000033,1.30500007,0,3,16,42,2670,10451.9824,1002,1001,30,30,24,5,1,0,24.279,19.444,0.975,12518.59,324.738281,22.2989159,0,0,0,0.002064175,0,0.7238506,0.7406915,0,0,0,0,0,0,51.09375,48,16376,3556,12819,78.28005,77.696,3.90699E+08,249856
05/27/2026 13:33:44,50,54,0,59,64,57,57,58,58,73,12.144001,5.04,1.312,1.396,0.992000043,0.318000019,0.67,3.292,2.046,0,3.37600017,3.37600017,3.124,58,45.5,45,45,1121,684,0,909,827,0,0,0,0,0,23.08,6.15,3.08,3.08,0,18.46,1.54,6.15,7.69,23.08,35.6489258,3692,500,4040,1194,40.4,1.42000616,0.625,3367,480,33.6666679,0.7888654,0.625,3320,241,33.6666679,0.446236223,0.625,3255,180,33.6666679,0.3604012,0.625,3883,274,40.4,0.5066459,0.625,5050,1142,50.5,1.3686564,0.625,3256,161,33.6666679,0.350344241,0.5375,3367,330,33.6666679,0.5247691,0.5375,58.0000076,49.7500038,99.9975,27.0093536,9.87141,73.23425,9.822529,5.058235,66.0082245,39.5,0.25,0,55,0,85,0.416,1.01,16,16,16,32,48,30,295,160,130,0,0,0,16,39,0.25,0,55,0,85,0.416,1.01,16,16,16,32,48,30,295,160,130,0,0,0,16,512,-1,485.785156,485.480469,0.3046875,0.5,7618.451,7618.951,0,0,0,0,0,0,0,0,0,0,0,0,512,600,1200,3000,52,0.974000037,1.30500007,0,2,15,42,2670,10451.9824,997,1000,30,30,23,4,1,0,26.575,19.692,0.975,12518.59,324.738281,22.3422966,0,0,0,0.0029297052,0,0.723290741,0.729744,0,0,0,0,0,0,50.96875,48,16376,3556,12819,78.28005,78.998,360099840,249856
05/27/2026 13:33:46,50,54,0,60,65,60,60,60,60,75,12.12,5.04,1.312,1.396,0.986000061,0.318000019,0.67,3.292,2.046,0,3.37600017,3.37200022,3.124,59,45.5,45,45,1113,684,0,923,827,0,0,0,0,0,23.81,6.25,1.56,3.12,3.17,15.87,3.12,3.12,7.51,23.81,35.28772,3566,448,4850,1069,48.5,1.313481,0.63125,3224,405,32.3333321,0.7123897,0.63125,3064,188,32.3333321,0.3639905,0.63125,3095,177,32.3333321,0.337157577,0.63125,3155,290,32.3333321,0.486300856,0.65625,4850,1014,48.5,1.23437536,0.65625,3055,140,32.3333321,0.310652018,0.65625,3233,302,32.3333321,0.475193918,0.65625,59.3750076,49.2500038,99.99749,27.005661,9.875103,73.22424,9.823742,5.057022,66.01638,39.5,0.25,0,55,0,85,0.416,1.01,16,16,16,32,48,30,295,160,130,0,0,0,16,39,0.25,0,55,0,85,0.416,1.01,16,16,16,32,48,30,295,160,130,0,0,0,16,512,-1,485.785156,485.480469,0.3046875,0.5,7618.451,7618.951,0,0,0,0,0,0,0,0,0,0,0,0,512,600,1200,3000,52,1.04000008,1.30500007,0,11,16,42,2670,10451.9824,1000,1000,30,30,24,5,1,0,23.925,17.947,0.975,12518.59,324.738281,22.4813786,0,0,0,0.00293736276,0,0.740934551,0.739992559,0,0,0,0,0,0,51.09375,50,16376,3556,12819,78.28005,77.178,2.735995E+08,299008
05/27/2026 13:33:48,51,54,0,60,65,60,60,60,60,75,12.12,5.04,1.312,1.396,0.998,0.320000023,0.67,3.29600024,2.046,0,3.37600017,3.37600017,3.124,59,45.5,45,45,1133,710,0,911,827,0,0,0,0,0,28.12,12.5,4.69,3.12,9.38,15.62,3.12,7.81,10.55,28.12,35.4364624,4405,501,4850,1215,48.5,1.43663836,0.65625,4850,457,48.5,0.7446464,0.65625,4649,235,48.5,0.427412748,0.65625,3714,196,38.8,0.382009178,0.65625,4657,292,48.5,0.516695,0.65625,4850,1095,48.5,1.32151127,0.65625,3789,179,38.8,0.378057,0.65625,3880,337,38.8,0.572399139,0.65625,58.7500076,49.7500038,99.99748,26.9830971,9.897667,73.16306,9.798439,5.082325,65.846344,39.5,0.25,0,55,0,85,0.416,1.01,16,16,16,32,48,30,295,160,130,0,0,0,16,39,0.25,0,55,0,85,0.416,1.01,16,16,16,32,48,30,295,160,130,0,0,0,16,512,-1,485.785156,485.480469,0.3046875,0.5,7618.451,7618.951,0,0,0,0,0,0,0,0,0,0,0,0,512,600,1200,3000,53,0.960000038,1.30500007,0,0,15,42,2670,10451.9824,1002,1000,30,30,24,5,1,0,24.881,17.739,0.975,12518.59,324.738281,22.7820854,0,0,0,0.00241798325,0,0.7473711,0.744912267,0,0,0,0,0,0,51.125,48,16376,3556,12819,78.28005,76.863,270949376,249856
05/27/2026 13:33:50,51,54,0,60,66,60,60,60,60,75,12.144001,5.04,1.312,1.396,0.994,0.322000027,0.67,3.292,2.046,0,3.37200022,3.37200022,3.124,59,45.5,45,45,1141,710,0,916,856,0,0,0,0,0,14.29,9.52,3.17,1.59,1.59,19.05,0,3.17,6.55,19.05,36.6729164,3996,440,3320,1033,33.2,1.31290257,0.65,3320,466,33.2,0.7240764,0.65,3221,219,33.2,0.3958206,0.65,3165,154,33.2,0.332926869,0.65,4669,261,48.5,0.458563626,0.76875,4850,1087,48.5,1.296825,0.76875,4572,119,48.5,0.288928479,0.76875,4850,179,48.5,0.3594116,0.76875,59.1250076,61.1250038,99.99748,27.0037155,9.87704849,73.21897,9.824825,5.05593872,66.02367,39.5,0.25,0,55,0,85,0.416,1.01,16,16,16,32,48,30,295,160,130,0,0,0,16,39,0.25,0,55,0,85,0.416,1.01,16,16,16,32,48,30,295,160,130,0,0,0,16,512,-1,485.785156,485.480469,0.3046875,0.5,7618.451,7618.951,0,0,0,0,0,0,0,0,0,0,0,0,512,600,1200,3000,52,0.870000064,1.30500007,0,0,15,42,2670,10451.9824,999,1001,30,30,24,5,1,0,25.984,20.909,0.975,12518.59,324.738281,22.7319717,0,0,0,0.00223222119,0,0.731247663,0.737664044,0,0,0,0,0,0,51.125,48,16376,3556,12819,78.28005,78.584,6.054912E+07,6.254899E+07
05/27/2026 13:33:52,51,54,0,60,65,58,58,58,58,74,12.144001,5.04,1.312,1.39200008,1.00400007,0.318000019,0.67,3.292,2.046,0,3.37600017,3.37600017,3.12000012,58,45.5,45,45,1142,684,0,933,840,0,0,0,0,0,20.31,4.69,0,1.56,1.56,18.75,0,4.69,6.45,20.31,35.9224739,4143,523,3960,1178,39.6,1.437509,0.48125,3960,506,39.6,0.810801566,0.48125,3780,198,39.6,0.402775019,0.48125,3814,194,39.6,0.369525045,0.48125,3903,330,39.6,0.5422406,0.48125,4950,1244,49.5,1.47019649,0.48125,3805,136,39.6,0.335269362,0.48125,4975,396,49.75,0.605468035,0.51875,58.6250076,53.5000038,99.99748,26.98312,9.897644,73.1631241,9.799416,5.08134842,65.8529053,39.5,0.25,0,55,0,85,0.416,1.01,16,16,16,32,48,30,295,160,130,0,0,0,16,39,0.25,0,55,0,85,0.416,1.01,16,16,16,32,48,30,295,160,130,0,0,0,16,512,-1,485.785156,485.480469,0.3046875,0.5,7618.451,7618.951,0,0,0,0,0,0,0,0,0,0,0,0,512,600,1200,3000,52,0.984,1.30500007,0,7,16,42,2670,10451.9824,1001,1000,30,30,22,4,1,0,26.866,19.4,0.975,12518.59,324.738281,23.3788071,0,0,0,0.003015833,0,0.724871337,0.73151803,0,0,0,0,0,0,51.125,48,16376,3556,12819,78.28005,78.552,6.044979E+07,8.139981E+07
05/27/2026 13:33:54,51,54,0,60,65,60,60,60,60,75,12.144001,5.04,1.312,1.396,0.990000069,0.322000027,0.67,3.292,2.046,0,3.37600017,3.37200022,3.124,59,45.5,45,45,1133,684,0,909,855,0,0,0,0,0,18.75,7.81,1.59,3.17,9.52,28.12,1.59,0,8.82,28.12,35.8901939,3567,435,4850,880,48.5,1.10744619,0.6375,3233,454,32.3333321,0.715337038,0.6375,3151,224,32.3333321,0.401590824,0.6375,3121,168,32.3333321,0.3399137,0.6375,3160,301,32.3333321,0.492735416,0.6375,4850,1206,48.5,1.39287853,0.65625,3085,130,32.3333321,0.305850625,0.65625,3088,116,32.3333321,0.2838844,0.65625,58.6250076,49.7500038,99.99748,26.9973373,9.883427,73.2016754,9.82177,5.05899429,66.00313,39.5,0.25,0,55,0,85,0.416,1.01,16,16,16,32,48,30,295,160,130,0,0,0,16,39,0.25,0,55,0,85,0.416,1.01,16,16,16,32,48,30,295,160,130,0,0,0,16,512,-1,485.785156,485.480469,0.3046875,0.5,7618.451,7618.951,0,0,0,0,0,0,0,0,0,0,0,0,512,600,1200,3000,53,1.06000006,1.30500007,0,12,16,42,2670,10451.9824,998,999,30,30,25,5,1,0,25.308,17.059,0.975,12518.59,324.738281,22.5630741,0,0,0,0.00237040478,0,0.724803269,0.7194803,0,0,0,0,0,0,51.21875,48,16376,3556,12819,78.28005,76.953,270799872,249856
05/27/2026 13:33:56,50,54,0,59,65,58,58,58,58,74,12.144001,5.04,1.312,1.396,0.996000051,0.322000027,0.67,3.292,2.046,0,3.37600017,3.37200022,3.124,58,45.5,45,45,1118,710,0,923,828,0,0,0,0,0,27.69,3.08,3.03,4.62,6.15,16.92,1.54,6.06,8.64,27.69,35.93909,4325,520,5050,1266,50.5,1.494547,0.525,5050,502,50.5,0.836490035,0.53125,3847,211,40.4,0.4233178,0.53125,3793,152,40.4,0.351637542,0.53125,3993,352,40.4,0.5835875,0.53125,4040,1194,40.4,1.41837907,0.53125,3804,130,40.4,0.333105,0.53125,5025,353,50.25,0.5683117,0.51875,58.3750076,59.3750038,99.99749,27.005249,9.875515,73.22313,9.824455,5.05630875,66.02118,39.5,0.25,0,55,0,85,0.416,1.01,16,16,16,32,48,30,295,160,130,0,0,0,16,39,0.25,0,55,0,85,0.416,1.01,16,16,16,32,48,30,295,160,130,0,0,0,16,512,-1,485.785156,485.480469,0.3046875,0.5,7618.451,7618.951,0,0,0,0,0,0,0,0,0,0,0,0,512,600,1200,3000,53,0.965000033,1.30500007,0,1,16,42,2670,10451.9824,1000,1001,30,30,24,5,1,0,28.35,44.688,0.975,12518.59,324.738281,21.9653587,0,0,0,0.003508228,0,0.738439262,0.746377945,0,0,0,0,0,0,51.125,48,16376,3556,12819,78.28005,77.433,394199040,1.149952E+07
05/27/2026 13:33:58,50,54,0,59,65,58,58,58,58,74,12.144001,5.04,1.312,1.396,0.996000051,0.328,0.67,3.292,2.046,0,3.37600017,3.37200022,3.12000012,58,45.5,45,45,1125,710,0,907,828,0,0,0,0,0,20.31,7.81,4.69,1.56,6.25,23.44,0,4.69,8.59,23.44,35.0892868,3940,430,4850,1011,48.5,1.24206448,0.64375,4850,403,48.5,0.704858243,0.64375,3104,193,32.3333321,0.3769645,0.64375,3031,151,32.3333321,0.324236661,0.64375,4591,266,48.5,0.462109268,0.64375,4850,1093,48.5,1.31786656,0.64375,3023,126,32.3333321,0.292205334,0.64375,3224,201,32.3333321,0.367073834,0.64375,58.3750076,49.7500038,99.9975,26.9957771,9.884987,73.19745,9.819366,5.06139755,65.98698,39.5,0.25,0,55,0,85,0.416,1.01,16,16,16,32,48,30,295,160,130,0,0,0,16,39,0.25,0,55,0,85,0.416,1.01,16,16,16,32,48,30,295,160,130,0,0,0,16,512,-1,485.785156,485.480469,0.3046875,0.5,7618.451,7618.951,0,0,0,0,0,0,0,0,0,0,0,0,512,600,1200,3000,53,0.974000037,1.30500007,0,2,16,41,2670,10451.9824,1000,1000,30,30,23,5,1,0,27.476,20.685,0.975,12518.59,324.738281,22.4155064,0,0,0,0.00314792339,0,0.7439287,0.7523435,0,0,0,0,0,0,51.15625,48,16376,3556,12819,78.28005,79.433,3.860992E+08,299008
05/27/2026 13:34:00,49,54,0,59,64,57,57,58,58,73,12.144001,5.04,1.312,1.396,0.992000043,0.316,0.67,3.292,2.046,0,3.37600017,3.37200022,3.12000012,58,45.5,45,45,1110,710,0,927,848,0,0,0,0,0,12.31,3.08,3.08,3.08,4.62,21.54,0,7.69,6.92,21.54,35.6706924,4051,498,4850,1136,48.5,1.36383843,0.5625,4040,460,40.4,0.7156455,0.63125,3937,231,40.4,0.409011155,0.53125,3857,204,40.4,0.384489745,0.53125,3831,256,40.4,0.4598141,0.53125,4040,1172,40.4,1.39492321,0.53125,3812,145,40.4,0.331975043,0.5625,4040,378,40.4,0.6114104,0.5625,58.3750076,49.7500038,99.99748,27.01072,9.870045,73.23796,9.831482,5.049282,66.06839,39.5,0.25,0,55,0,85,0.416,1.01,16,16,16,32,48,30,295,160,130,0,0,0,16,39,0.25,0,55,0,85,0.416,1.01,16,16,16,32,48,30,295,160,130,0,0,0,16,512,-1,485.785156,485.480469,0.3046875,0.5,7618.451,7618.951,0,0,0,0,0,0,0,0,0,0,0,0,512,600,1200,3000,52,1.069,1.30500007,0,13,16,43,2670,10451.9824,1001,1001,30,30,22,4,1,0,27.332,17.856,0.975,12518.59,325.300781,23.0234566,0,0,0,0.00308036129,0,0.7176159,0.723638833,0,0,0.008542344,0,0,0,51.25,48,16376,3556,12819,78.28005,78.921,363249664,249856
05/27/2026 13:34:02,51,54,0,60,65,60,60,60,60,75,12.144001,5.04,1.312,1.396,0.986000061,0.318000019,0.67,3.292,2.046,0,3.37600017,3.37600017,3.124,59,45.5,45,45,1117,683,0,905,845,0,0,0,0,0,15.62,3.12,6.25,6.25,3.12,21.88,3.12,4.69,8.01,21.88,36.7645874,4177,439,4850,1089,48.5,1.28004229,0.6375,3880,417,38.8,0.713236153,0.6375,3805,234,38.8,0.41470176,0.6375,3764,182,38.8,0.3631838,0.6375,4707,273,48.5,0.4868393,0.6375,4850,1030,48.5,1.29306245,0.6375,3752,154,38.8,0.343006074,0.6375,3809,133,38.8,0.320055246,0.6375,59.2500076,49.7500038,99.99749,26.9679832,9.912781,73.1220856,9.790985,5.089779,65.79625,39.5,0.25,0,55,0,85,0.416,1.01,16,16,16,32,48,30,295,160,130,0,0,0,16,39,0.25,0,55,0,85,0.416,1.01,16,16,16,32,48,30,295,160,130,0,0,0,16,512,-1,485.785156,485.480469,0.3046875,0.5,7618.451,7618.951,0,0,0,0,0,0,0,0,0,0,0,0,512,600,1200,3000,53,0.965000033,1.30500007,0,4,16,43,2670,10451.9824,999,1000,30,30,25,5,1,0,26.133,17.28,0.975,12518.59,325.53125,23.130291,0,0,0,0.00250501186,0,0.755699158,0.7570187,0,0,0,0,0,0,51.28125,48,16376,3556,12819,78.28005,77.475,277349376,299008
05/27/2026 13:34:04,51,54,0,60,65,60,60,60,60,75,12.144001,5.04,1.312,1.396,0.992000043,0.318000019,0.67,3.292,2.046,0,3.37600017,3.37200022,3.124,59,45.5,45,45,1136,684,0,922,849,0,0,0,0,0,29.69,7.81,9.38,6.15,6.25,32.81,3.12,10.94,13.27,32.81,38.3610764,3236,589,3600,1301,36,1.51537812,0.6375,3233,542,32.3333321,0.8647599,0.83125,3138,254,32.3333321,0.4882122,0.83125,3227,257,32.3333321,0.448073834,0.83125,3227,409,32.3333321,0.6897626,0.83125,3233,1520,32.3333321,1.77739966,0.83125,2994,125,32.3333321,0.315454,0.83125,3233,303,32.3333321,0.5202187,0.83125,59.8750076,52.8750038,99.99749,26.99934,9.881424,73.20711,9.810909,5.06985474,65.9301453,39.5,0.25,0,55,0,85,0.416,1.01,16,16,16,32,48,30,295,160,130,0,0,0,16,39,0.25,0,55,0,85,0.416,1.01,16,16,16,32,48,30,295,160,130,0,0,0,16,512,-1,485.785156,485.480469,0.3046875,0.5,7618.451,7618.951,0,0,0,0,0,0,0,0,0,0,0,0,512,600,1200,3000,53,0.974000037,1.30500007,0,5,16,42,2670,10451.9824,1001,999,30,30,22,5,1,0,28.519,19.556,0.975,12518.59,325.53125,22.350481,0,0,0,0.003079798,0,0.7312941,0.7275135,0,0,0,0,0,0,51.28125,50,16376,3556,12819,78.28005,78.861,5.76E+07,113999872
05/27/2026 13:34:06,53,54,0,60,66,61,61,61,61,76,12.144001,5.04,1.312,1.396,1.05800009,0.322000027,0.67,3.292,2.046,0,3.37200022,3.37200022,3.124,61,45.5,45,45,1174,710,0,931,832,0,0,0,0,0,28.12,6.25,3.17,0,6.25,26.56,0,14.29,10.58,28.12,36.6562958,3574,568,4850,1323,48.5,1.56621969,0.69375,3233,488,32.3333321,0.8358108,0.69375,3129,248,32.3333321,0.47235173,0.65,3116,202,32.3333321,0.410319477,0.65,3109,288,32.3333321,0.5473949,0.65,4850,1250,48.5,1.53043592,0.65,3068,159,32.3333321,0.36611867,0.65,3233,586,32.3333321,0.8617268,0.65,60.6250076,49.7500038,99.99749,26.97649,9.904274,73.14515,9.790581,5.09018326,65.79353,39.5,0.25,0,55,0,85,0.416,1.01,16,16,16,32,48,30,295,160,130,0,0,0,16,39,0.25,0,55,0,85,0.416,1.01,16,16,16,32,48,30,295,160,130,0,0,0,16,512,-1,485.785156,485.480469,0.3046875,0.5,7618.451,7618.951,0,0,0,0,0,0,0,0,0,0,0,0,512,600,1200,3000,53,0.969000041,1.30500007,0,2,15,43,2670,10451.9824,1001,1002,30,30,23,5,1,0,28.139,20.097,0.975,12518.59,325.53125,22.619566,0,0,0,0.00234595174,0,0.729838431,0.729620636,0,0,0,0,0,0,51.375,48,16376,3556,12819,78.28005,79.861,6.364979E+07,299008
05/27/2026 13:34:08,53,54,0,61,67,61,61,61,61,76,12.144001,5.04,1.312,1.396,1.00200009,0.334000021,0.67,3.292,2.046,0,3.37200022,3.37200022,3.124,60,45.5,45,45,1177,709,0,920,836,0,0,0,0,0,20.31,10.77,4.62,3.08,6.15,24.62,4.62,3.08,9.65,24.62,35.532093,4316,491,4850,1105,48.5,1.32345033,0.65625,4850,528,48.5,0.8039039,0.65625,3786,251,38.8,0.442472219,0.65625,3735,194,38.8,0.369398952,0.65625,4696,278,48.5,0.475097448,0.65625,4850,1184,48.5,1.41258788,0.65625,3880,211,38.8,0.410741448,0.65625,3880,174,38.8,0.37395978,0.65625,60.2500076,49.7500038,99.99749,26.9962425,9.88452148,73.19871,9.814053,5.06671143,65.95126,39.5,0.25,0,55,0,85,0.416,1.01,16,16,16,32,48,30,295,160,130,0,0,0,16,39.25,0.25,0,55,0,85,0.416,1.01,16,16,16,32,48,30,295,160,130,0,0,0,16,512,-1,485.785156,485.480469,0.3046875,0.5,7618.451,7618.951,0,0,0,0,0,0,0,0,0,0,0,0,512,600,1200,3000,53,0.969000041,1.30500007,0,8,16,44,2670,10451.9824,1001,1003,30,30,24,5,2,0,27.936,22.849,0.975,12518.59,325.53125,22.7562,0,0,0,0.00292985723,0,0.7288293,0.7292067,0,0,0,0,0,0,51.34375,48,16376,3556,12819,78.28005,78.593,3.686994E+08,249856
05/27/2026 13:34:10,53,54,0,62,67,60,60,60,60,76,12.144001,5.04,1.312,1.396,0.982000053,0.318000019,0.67,3.292,2.046,0,3.37200022,3.37200022,3.124,59,45.5,45,45,1182,683,0,929,849,0,0,0,0,0,20.63,6.25,0,0,3.17,12.7,0,0,5.34,20.63,35.41452,4129,409,4850,1084,48.5,1.25749266,0.64375,4850,415,48.5,0.639759839,0.64375,4622,194,48.5,0.368686169,0.64375,3099,166,32.3333321,0.3317061,0.64375,4653,250,48.5,0.4310678,0.64375,4850,930,48.5,1.17884219,0.64375,3032,128,32.3333321,0.299416274,0.64375,3079,108,32.3333321,0.270439,0.64375,59.2500076,50.2500038,99.99749,26.9684181,9.912346,73.12326,9.789917,5.090847,65.78908,39.5,0.25,0,55,0,85,0.416,1.01,16,16,16,32,48,30,295,160,130,0,0,0,16,39.25,0.25,0,55,0,85,0.416,1.01,16,16,16,32,48,30,295,160,130,0,0,0,16,512,-1,485.785156,485.480469,0.3046875,0.5,7618.451,7618.951,0,0,0,0,0,0,0,0,0,0,0,0,512,600,1200,3000,53,0.965000033,1.30500007,0,2,15,44,2670,10451.9824,999,999,30,30,26,5,2,0,27.305,22.381,0.975,12518.59,325.53125,22.5756874,0,0,0,0.00227905787,0,0.7360141,0.7465079,0,0,0,0,0,0,51.28125,48,16376,3556,12819,78.28005,78.039,279549952,249856
05/27/2026 13:34:12,52,54,0,60,66,60,60,60,60,75,12.12,5.04,1.312,1.396,0.990000069,0.334000021,0.67,3.292,2.046,0,3.37200022,3.37200022,3.124,58,45.5,45,45,1186,683,0,950,859,0,0,0,0,0,18.46,6.15,4.62,3.08,3.08,21.54,1.52,1.52,7.49,21.54,36.44153,4228,415,4850,1048,48.5,1.26187074,0.65,4850,425,48.5,0.6644932,0.65,3675,185,38.8,0.3620542,0.65,3647,160,38.8,0.339239061,0.65,4648,253,48.5,0.4406447,0.65,4850,995,48.5,1.18507314,0.65,3626,126,38.8,0.301945925,0.65,3679,128,38.8,0.294266164,0.65,59.5000076,49.7500038,99.99749,26.96888,9.911884,73.12451,9.792274,5.08848953,65.80492,39.5,0.25,0,55,0,85,0.416,1.01,16,16,16,32,48,30,295,160,130,0,0,0,16,39,0.25,0,55,0,85,0.416,1.01,16,16,16,32,48,30,295,160,130,0,0,0,16,512,-1,485.785156,485.480469,0.3046875,0.5,7618.451,7618.951,0,0,0,0,0,0,0,0,0,0,0,0,512,600,1200,3000,53,0.945000052,1.30500007,0,2,15,44,2670,10451.9824,1001,999,30,30,24,5,2,0,29.448,20.102,0.975,12518.59,325.53125,22.83143,0,0,0,0.002868724,0,0.7130297,0.7247787,0,0,0,0,0,0,51.3125,48,16376,3556,12819,78.28005,79.263,5.714944E+07,114349056
05/27/2026 13:34:14,52,54,0,60,66,60,60,60,60,75,12.12,5.04,1.312,1.396,0.9760001,0.33,0.67,3.292,2.046,0,3.37600017,3.37200022,3.124,59,45.5,45,45,1163,709,0,934,872,0,0,0,0,0,20,7.69,1.54,6.15,3.08,13.85,4.62,3.08,7.5,20,34.6247,4126,405,4850,1086,48.5,1.26067281,0.61875,4850,397,48.5,0.6405401,0.61875,4641,206,48.5,0.387605637,0.61875,3107,186,32.3333321,0.346184671,0.61875,4595,235,48.5,0.419004947,0.61875,4850,892,48.5,1.09579384,0.61875,3060,123,32.3333321,0.285829663,0.61875,3052,116,32.3333321,0.280078262,0.61875,59.0000076,49.7500038,99.99748,26.9684372,9.912327,73.1233139,9.786167,5.094597,65.76387,39.5,0.25,0,55,0,85,0.416,1.01,16,16,16,32,48,30,295,160,130,0,0,0,16,39,0.25,0,55,0,85,0.416,1.01,16,16,16,32,48,30,295,160,130,0,0,0,16,512,-1,485.785156,485.480469,0.3046875,0.5,7618.451,7618.951,0,0,0,0,0,0,0,0,0,0,0,0,512,600,1200,3000,53,1.064,1.30500007,0,11,16,44,2670,10451.9824,1000,1000,30,30,23,5,1,0,30.029,19.259,0.975,12518.59,325.53125,22.5850086,0,0,0,0.001529074,0,0.7233612,0.7278988,0,0,0,0,0,0,51.25,48,16376,3556,12819,78.28005,79.659,328549376,12499968
05/27/2026 13:34:16,51,54,0,60,65,58,58,58,58,75,12.12,5.04,1.312,1.39200008,0.990000069,0.328,0.67,3.292,2.046,0,3.37200022,3.37200022,3.12000012,58,45.5,45,45,1150,709,0,935,844,0,0,0,0,0,33.33,11.11,4.69,4.69,7.94,26.98,4.69,9.38,12.85,33.33,35.6355171,4137,489,4850,1284,48.5,1.41646278,0.6375,4850,468,48.5,0.7047211,0.6375,4571,208,48.5,0.396447,0.6375,3105,218,32.3333321,0.3984331,0.6375,4632,266,48.5,0.486251861,0.6375,4850,1027,48.5,1.36324048,0.6375,3005,139,32.3333321,0.3272336,0.6125,3233,303,32.3333321,0.5034602,0.6125,58.8750076,49.7500038,99.9975,26.9761658,9.904598,73.14427,9.790283,5.090481,65.7915344,39.5,0.25,0,55,0,85,0.416,1.01,16,16,16,32,48,30,295,160,130,0,0,0,16,39,0.25,0,55,0,85,0.416,1.01,16,16,16,32,48,30,295,160,130,0,0,0,16,512,-1,485.785156,485.480469,0.3046875,0.5,7618.451,7618.951,0,0,0,0,0,0,0,0,0,0,0,0,512,600,1200,3000,53,0.965000033,1.30500007,0,0,15,44,2670,10451.9824,1000,998,30,30,24,5,2,0,29.185,19.668,0.975,12518.59,325.53125,23.0244732,0,0,0,0.00291070156,0,0.7440404,0.744620562,0,0,0,0,0,0,51.5,48,16376,3556,12819,78.28005,77.966,3.811492E+08,299008
05/27/2026 13:34:18,52,54,0,60,66,60,60,60,60,75,12.12,5.04,1.312,1.396,0.98,0.326,0.67,3.292,2.046,0,3.37600017,3.37200022,3.124,59,45.5,45,45,1151,710,0,919,865,0,0,0,0,0,17.19,4.69,1.56,4.69,1.56,15.62,1.54,4.69,6.44,17.19,35.91457,4264,432,4850,1370,48.5,1.38804185,0.64375,4850,427,48.5,0.7163723,0.64375,3767,196,38.8,0.376433581,0.64375,3703,150,38.8,0.3177883,0.64375,4653,240,48.5,0.4320647,0.64375,4850,837,48.5,1.2101171,0.64375,3682,125,38.8,0.289346218,0.64375,3758,113,38.8,0.2887959,0.64375,59.2500076,49.7500038,99.99749,26.9447632,9.936001,73.05913,9.773048,5.10771561,65.67572,39.5,0.25,0,55,0,85,0.416,1.01,16,16,16,32,48,30,295,160,130,0,0,0,16,39.25,0.25,0,55,0,85,0.416,1.01,16,16,16,32,48,30,295,160,130,0,0,0,16,512,-1,485.785156,485.480469,0.3046875,0.5,7618.451,7618.951,0,0,0,0,0,0,0,0,0,0,0,0,512,600,1200,3000,52,0.965000033,1.30500007,0,2,15,45,2670,10451.9824,1000,1001,30,30,25,5,2,0,28.153,18.971,0.975,12312.207,306.4961,23.19015,0,0,0,0.002998516,0,0.7141224,0.709748745,0,0,0.0402007923,0,0,0,51.375,48,16376,3763,12612,77.02082,78.423,277749760,299008
05/27/2026 13:34:20,51,54,0,60,65,58,58,59,59,75,12.144001,5.04,1.312,1.396,0.9760001,0.332000017,0.67,3.292,2.046,0,3.37200022,3.37200022,3.12000012,58,45.5,45,45,1148,683,0,917,861,0,0,0,0,0,27.69,4.62,3.08,3.03,3.08,16.92,1.52,9.23,8.65,27.69,36.7610931,4148,495,4850,1469,48.5,1.55248916,0.6125,3880,455,38.8,0.743721068,0.6125,3750,243,38.8,0.430368453,0.6125,3638,172,38.8,0.355322272,0.6125,3774,321,38.8,0.529926836,0.6125,3880,795,38.8,1.14736521,0.6125,4559,135,48.5,0.32438308,0.65625,4850,369,48.5,0.5807747,0.65625,58.5000076,50.2500038,99.99749,26.7092171,10.1715469,72.4204559,9.73811,5.14265442,65.4409256,39.5,0.25,0,55,0,85,0.416,1.01,16,16,16,32,48,30,295,160,130,0,0,0,16,39.25,0.25,0,55,0,85,0.416,1.01,16,16,16,32,48,30,295,160,130,0,0,0,16,512,-1,485.785156,485.480469,0.3046875,0.5,7618.451,7618.951,0,0,0,0,0,0,0,0,0,0,0,0,512,600,1200,3000,53,1.05000007,1.30500007,0,21,17,44,2670,10451.9824,1001,999,30,30,23,5,1,0,30.294,19.944,0.975,12312.207,306.636719,22.12965,0,0,0,0.00694497861,0,0.7216802,0.7210533,0,0,0.0165739115,0,0,0,51.40625,50,16376,3763,12612,77.02082,80.252,5.664973E+07,499712
05/27/2026 13:34:22,51,54,0,60,65,59,59,60,60,75,12.144001,5.04,1.312,1.396,0.978000045,0.33,0.67,3.292,2.046,0,3.37600017,3.37200022,3.12000012,58,45.5,45,45,1147,683,0,918,837,0,0,0,0,0,20.31,6.25,1.56,1.54,1.56,10.94,1.54,4.62,6.04,20.31,35.22694,3910,462,4850,1264,48.5,1.41621172,0.63125,3880,458,38.8,0.731059253,0.63125,3736,186,38.8,0.3640922,0.63125,3700,169,38.8,0.336221278,0.6375,3692,261,38.8,0.463713318,0.6375,3880,870,38.8,1.18859708,0.6375,3662,145,38.8,0.312579036,0.6375,3880,342,38.8,0.52423656,0.6375,58.7500076,49.7500038,99.99748,26.730793,10.149971,72.47896,9.75972748,5.12103653,65.5862,39.5,0.25,0,55,0,85,0.416,1.01,16,16,16,32,48,30,295,160,130,0,0,0,16,39.25,0.25,0,55,0,85,0.416,1.01,16,16,16,32,48,30,295,160,130,0,0,0,16,512,-1,485.785156,485.480469,0.3046875,0.5,7618.451,7618.951,0,0,0,0,0,0,0,0,0,0,0,0,512,600,1200,3000,52,0.974000037,1.30500007,0,5,16,44,2670,10451.9824,1000,999,30,30,23,5,1,0,29.918,18.53,0.975,12312.207,306.636719,22.0539265,0,0,0,0.00212266459,0,0.7330567,0.7345316,0,0,0,0,0,0,51.40625,48,16376,3763,12612,77.02082,79.607,241249280,349184
05/27/2026 13:34:24,51,54,0,60,65,58,58,58,58,75,12.12,5.04,1.31000006,1.39200008,0.984,0.322000027,0.67,3.288,2.046,0,3.37200022,3.37200022,3.12000012,58,45.5,45,45,1136,709,0,918,837,0,0,0,0,0,32.81,3.08,4.62,1.54,3.08,18.75,0,7.81,8.96,32.81,35.96597,4363,536,4850,1518,48.5,1.595418,0.64375,4850,490,48.5,0.79734844,0.64375,4706,250,48.5,0.446482539,0.64375,4601,191,48.5,0.3831892,0.64375,4753,307,48.5,0.5416071,0.64375,4850,984,48.5,1.31655061,0.64375,3058,148,32.3333321,0.341224283,0.64375,3233,401,32.3333321,0.6178943,0.64375,58.6250076,49.7500038,99.99748,26.7011948,10.1795692,72.3987045,9.737614,5.14315033,65.43759,39.5,0.25,0,55,0,85,0.416,1.01,16,16,16,32,48,30,295,160,130,0,0,0,16,39.25,0.25,0,55,0,85,0.416,1.01,16,16,16,32,48,30,295,160,130,0,0,0,16,512,-1,485.785156,485.480469,0.3046875,0.5,7618.451,7618.951,0,0,0,0,0,0,0,0,0,0,0,0,512,600,1200,3000,53,0.974000037,1.30500007,0,8,16,44,2670,10451.9824,1000,1000,30,30,23,5,1,0,30.538,17.023,0.975,12312.207,308.4961,22.94425,0,0,0,0.00283330563,0,0.7356209,0.6940288,0,0,0.0146706747,0,0,0,51.4375,48,16376,3763,12612,77.02082,78.912,110799872,99328
05/27/2026 13:34:26,51,54,0,60,65,60,60,60,60,75,12.0960007,5.04,1.31000006,1.39200008,0.978000045,0.322000027,0.67,3.288,2.046,0,3.37200022,3.37200022,3.12000012,59,45.5,45,45,1146,709,0,915,836,0,0,0,0,0,26.98,7.94,3.17,3.17,0,9.52,1.56,4.84,7.15,26.98,35.1671677,3774,442,4850,1402,48.5,1.46059227,0.64375,4850,415,48.5,0.7216279,0.64375,3113,199,32.3333321,0.381187737,0.64375,3083,155,32.3333321,0.324511439,0.64375,3136,286,32.3333321,0.473301977,0.64375,4850,732,48.5,1.078869,0.64375,3079,133,32.3333321,0.298545033,0.64375,3233,214,32.3333321,0.421010345,0.64375,59.0000076,49.7500038,99.9975,26.72395,10.1568146,72.4604,9.762939,5.11782455,65.60779,39.5,0.25,0,55,0,85,0.416,1.01,16,16,16,32,48,30,295,160,130,0,0,0,16,39.25,0.25,0,55,0,85,0.416,1.01,16,16,16,32,48,30,295,160,130,0,0,0,16,512,-1,485.785156,485.480469,0.3046875,0.5,7618.451,7618.951,0,0,0,0,0,0,0,0,0,0,0,0,512,600,1200,3000,52,0.974000037,1.30500007,0,2,15,44,2670,10451.9824,1000,1000,30,30,24,5,1,0,30.264,19.062,0.975,12312.207,308.4961,22.1633072,0,0,0,0.0022297008,0,0.6978247,0.7029899,0,0,0,0,0,0,51.4375,50,16376,3763,12612,77.02082,79.641,1.056E+08,599040
05/27/2026 13:34:28,52,54,0,61,66,60,60,61,61,76,12.12,5.04,1.312,1.39200008,1.01,0.324,0.67,3.292,2.046,0,3.37200022,3.37200022,3.12000012,59,45.5,45,45,1157,710,0,929,858,0,0,0,0,0,39.06,12.5,4.62,4.69,7.81,20.31,3.08,3.08,11.89,39.06,39.8448334,4207,679,5050,1844,50.5,1.97464013,0.5375,4040,663,40.4,1.04802108,0.5375,3807,242,40.4,0.5087726,0.5375,3873,237,40.4,0.4495565,0.5375,3938,385,40.4,0.694323361,0.54375,5050,1421,50.5,1.75770843,0.54375,3861,181,40.4,0.39072597,0.54375,4040,460,40.4,0.7131113,0.54375,59.3750076,59.0000038,99.9975,26.7178879,10.1628761,72.44397,9.780113,5.100651,65.72319,39.5,0.25,0,55,0,85,0.416,1.01,16,16,16,32,48,30,295,160,130,0,0,0,16,39.25,0.25,0,55,0,85,0.416,1.01,16,16,16,32,48,30,295,160,130,0,0,0,16,512,-1,485.785156,485.480469,0.3046875,0.5,7618.451,7618.951,0,0,0,0,0,0,0,0,0,0,0,0,512,600,1200,3000,52,1.05500007,1.30500007,0,5,15,44,2670,10451.9824,1000,1001,30,30,24,5,2,0,24.55,23.45,0.975,12312.2188,309.644531,21.4153576,0,0,0,0.0103278011,0,0.7652479,0.777753055,0,0,0.05011877,0,0,0,51.34375,48,16376,3763,12612,77.02082,80.314,899072,138549248
05/27/2026 13:34:30,53,54,0,61,67,61,61,61,61,76,12.12,5.04,1.31000006,1.396,0.994,0.318000019,0.668000042,3.292,2.046,0,3.37200022,3.37200022,3.124,60,45.5,45,45,1165,684,0,936,839,0,0,0,0,0,41.54,13.85,4.62,7.69,6.15,24.62,3.08,20,15.19,41.54,37.52647,4252,658,4040,1414,40.4,1.62922132,0.53125,4040,779,40.4,1.09427238,0.53125,4001,282,40.4,0.5272128,0.53125,4040,264,40.4,0.4712729,0.53125,4011,379,40.4,0.643755734,0.53125,5050,1244,50.5,1.57551944,0.53125,4797,173,50.5,0.379980564,0.5375,4040,733,40.4,0.8649462,0.5375,60.3750076,50.2500038,99.99749,26.7112923,10.1694717,72.42609,9.761333,5.11943054,65.59699,39.5,0.25,0,55,0,85,0.416,1.01,16,16,16,32,48,30,295,160,130,0,0,0,16,39.25,0.25,0,55,0,85,0.416,1.01,16,16,16,32,48,30,295,160,130,0,0,0,16,512,-1,485.785156,485.480469,0.3046875,0.5,7618.451,7618.951,0,0,0,0,0,0,0,0,0,0,0,0,512,600,1200,3000,53,1.05500007,1.30500007,0,8,17,44,2670,10451.9824,998,999,30,30,22,5,1,0,23.928,19.574,0.975,12312.2227,311.6914,21.209549,0,0,0,0.006893759,0,0.7371826,0.7453852,0,0,0.0705361441,0,0,0,51.375,48,16376,3763,12612,77.02082,78.358,149504,8.169984E+07
05/27/2026 13:34:32,53,54,0,62,67,61,61,61,61,76,12.12,5.04,1.312,1.39200008,1.054,0.324,0.67,3.292,2.046,0,3.37600017,3.37200022,3.124,62,45.5,45,45,1200,684,0,943,849,0,0,0,0,0,53.97,31.75,9.52,7.94,11.11,49.21,1.59,30.16,24.4,53.97,43.5435944,4019,1223,5050,2675,50.5,2.95474744,0.53125,4040,1351,40.4,1.90142274,0.53125,3999,536,40.4,0.880927444,0.53125,3351,354,33.6666679,0.628256142,0.53125,4040,721,40.4,1.3230983,0.53125,5050,2611,50.5,3.143042,0.525,3257,296,33.6666679,0.518520355,0.525,3367,1240,33.6666679,1.51514077,0.55625,62.3750076,52.8750038,99.99749,26.7517166,10.1290474,72.53569,9.657871,5.22289276,64.90172,39.5,0.25,0,55,0,85,0.416,1.01,16,16,16,32,48,30,295,160,130,0,0,0,16,39.25,0.25,0,55,0,85,0.416,1.01,16,16,16,32,48,30,295,160,130,0,0,0,16,512,-1,485.785156,485.480469,0.3046875,0.5,7618.451,7618.951,0,0,0,0,0,0,0,0,0,0,0,0,512,600,1200,3000,52,1.0250001,1.30500007,0,7,16,44,2670,10451.9824,1001,1001,30,30,22,5,1,0,23.225,20.011,0.975,12312.2266,312.1289,20.6938686,0,0,0,0.00433150632,0,0.6845396,0.7335115,0,0,0.008652238,0,0,0,51.28125,48,16376,3763,12612,77.02082,76.651,899072,7.55497E+07
05/27/2026 13:34:34,55,54,0,63,68,63,63,63,63,78,12.12,5.04,1.312,1.39200008,1.052,0.322000027,0.668000042,3.292,2.046,0,3.37600017,3.37200022,3.124,60,45.5,45,45,1209,709,0,937,860,0,0,0,0,0,56.06,25.76,7.58,3.03,15.15,60.61,1.52,3.03,21.59,60.61,41.8651276,4142,1053,4040,2622,40.4,2.93244123,0.5375,4040,1245,40.4,1.92370653,0.5375,4040,418,40.4,0.722710848,0.5375,4038,302,40.4,0.544581532,0.5375,4040,726,40.4,1.38128912,0.5375,5050,2629,50.5,3.21709,0.5375,3928,258,40.4,0.5035916,0.5375,3956,225,40.4,0.47141248,0.5375,60.6250076,51.7500038,99.99748,26.7354126,10.1453514,72.4914856,9.655243,5.225521,64.88405,39.5,0.25,0,55,0,85,0.416,1.01,16,16,16,32,48,30,295,160,130,0,0,0,16,39.25,0.25,0,55,0,85,0.416,1.01,16,16,16,32,48,30,295,160,130,0,0,0,16,512,-1,485.785156,485.480469,0.3046875,0.5,7618.451,7618.951,0,0,0,0,0,0,0,0,0,0,0,0,512,600,1200,3000,53,1.069,1.30500007,0,10,16,44,2670,10451.9824,1001,1001,30,30,21,4,1,0,23.636,46.292,0.975,12312.375,312.644531,20.2555218,0,0,0,0.01171011,0,0.7194123,0.7158846,0,0,0.051818464,0,0,0,51.25,50,16376,3762,12613,77.02166,77.388,300149760,27149312
05/27/2026 13:34:36,54,54,0,62,67,60,60,60,60,76,12.12,5.04,1.312,1.396,1.05000007,0.324,0.668000042,3.292,2.046,0,3.37600017,3.37200022,3.124,59,45.5,45,45,1218,709,0,958,887,0,0,0,0,0,64.62,21.54,4.62,4.62,7.69,44.62,1.54,0,18.65,64.62,41.7749672,4244,1027,5050,2957,50.5,3.23463249,0.55,4040,1250,40.4,1.89624989,0.5625,4040,390,40.4,0.7027719,0.5625,3973,288,40.4,0.5400692,0.5625,4973,651,50.5,1.33299136,0.5625,4040,2274,40.4,2.90151143,0.5625,3926,221,40.4,0.483847976,0.51875,3907,185,40.4,0.4272064,0.51875,60.0000076,51.8750038,99.99749,26.7060356,10.1747284,72.41183,9.636753,5.244011,64.7597961,39.5,0.25,0,55,0,85,0.416,1.01,16,16,16,32,48,30,295,160,130,0,0,0,16,39.25,0.25,0,55,0,85,0.416,1.01,16,16,16,32,48,30,295,160,130,0,0,0,16,512,-1,485.785156,485.480469,0.3046875,0.5,7618.451,7618.951,0,0,0,0,0,0,0,0,0,0,0,0,512,600,1200,3000,53,1.04000008,1.30500007,0,7,16,44,2670,10451.9824,999,1000,30,30,21,5,1,0,23.153,19.665,0.975,12312.375,312.644531,19.593647,0,0,0,0.00310076517,0,0.7314754,0.73004806,0,0,0,0,0,0,51.3125,48,16376,3762,12613,77.02166,76.954,4.78549E+08,249856
05/27/2026 13:34:38,53,54,0,61,66,58,58,58,58,74,12.12,5.04,1.312,1.39200008,1.0480001,0.332000017,0.668000042,3.292,2.046,0,3.37200022,3.37200022,3.12000012,58,45.5,45,45,1182,683,0,939,863,0,0,0,0,0,49.21,23.81,4.76,1.59,17.46,55.56,6.35,0,19.84,55.56,41.29008,4314,1002,5050,2669,50.5,2.97831678,0.55,4040,1138,40.4,1.80456173,0.53125,4953,377,50.5,0.6645637,0.53125,3842,249,40.4,0.464282781,0.53125,3903,683,40.4,1.34185,0.53125,5050,2512,50.5,3.102654,0.53125,3836,198,40.4,0.422335774,0.53125,3840,190,40.4,0.397851646,0.53125,58.6250076,50.7500038,99.9975,26.7048683,10.1758957,72.40866,9.636032,5.244732,64.75496,39.75,0.25,0,55,0,85,0.416,1.01,16,16,16,32,48,30,295,160,130,0,0,0,16,39.25,0.25,0,55,0,85,0.416,1.01,16,16,16,32,48,30,295,160,130,0,0,0,16,512,-1,485.785156,485.480469,0.3046875,0.5,7618.451,7618.951,0,0,0,0,0,0,0,0,0,0,0,0,512,600,1200,3000,53,1.06000006,1.30500007,0,24,16,44,2670,10451.9824,1000,998,30,30,20,4,1,0,22.646,44.399,0.975,12312.3789,312.925781,18.9658451,0,0,0,0.00301113655,0,0.7452361,0.742679656,0,0,0,0,0,0,51.25,50,16376,3762,12613,77.02166,75.111,175599616,26349568
05/27/2026 13:34:40,52,54,0,60,65,58,58,58,58,74,12.12,5.04,1.312,1.396,1.05000007,0.324,0.668000042,3.29600024,2.046,0,3.37600017,3.37200022,3.12000012,58,45.5,45,45,1163,683,0,947,879,0,0,0,0,0,50,17.19,10.94,4.69,17.19,51.56,7.81,9.38,21.09,51.56,41.5930176,4500,1025,5050,2852,50.5,3.21833062,0.53125,5050,1147,50.5,1.79294133,0.53125,4028,416,40.4,0.7336868,0.525,3923,256,40.4,0.4866029,0.525,4992,683,50.5,1.33359361,0.525,5050,2388,50.5,2.899511,0.525,3884,222,40.4,0.4559861,0.525,4021,236,40.4,0.470297426,0.525,58.2500076,52.3750038,99.99748,26.7018547,10.1789093,72.40049,9.640125,5.24063873,64.78246,39.75,0.25,0,55,0,85,0.416,1.01,16,16,16,32,48,30,295,160,130,0,0,0,16,39.25,0.25,0,55,0,85,0.416,1.01,16,16,16,32,48,30,295,160,130,0,0,0,16,512,-1,485.785156,485.480469,0.3046875,0.5,7618.451,7618.951,0,0,0,0,0,0,0,0,0,0,0,0,512,600,1200,3000,53,1.05000007,1.30500007,0,8,16,44,2670,10451.9824,1001,1001,30,30,20,5,1,0,22.933,45.401,0.975,12312.3789,312.9414,19.5571537,0,0,0,0.00228425255,0,0.747213364,0.7489417,0,0,0,0,0,0,51.21875,48,16376,3762,12613,77.02166,74.85,149504,9.774899E+07
05/27/2026 13:34:42,51,54,0,59,65,58,58,58,58,74,12.144001,5.04,1.312,1.396,1.05000007,0.326,0.668000042,3.292,2.046,0,3.37600017,3.37200022,3.12000012,58,45.5,45,45,1137,709,0,927,861,0,0,0,0,0,65.08,15.87,6.35,0,15.87,46.03,1.59,3.17,19.25,65.08,42.44321,3980,1006,4040,2787,40.4,3.106568,0.525,4040,1164,40.4,1.812023,0.525,4029,431,40.4,0.7135048,0.525,3919,255,40.4,0.5031354,0.525,3955,619,40.4,1.25214767,0.53125,4040,2358,40.4,2.91286278,0.53125,3867,216,40.4,0.4534087,0.53125,3946,220,40.4,0.4503877,0.53125,58.3750076,51.2500038,99.99748,26.7045822,10.1761818,72.40789,9.638496,5.24226761,64.7715149,39.75,0.25,0,55,0,85,0.416,1.01,16,16,16,32,48,30,295,160,130,0,0,0,16,39.25,0.25,0,55,0,85,0.416,1.01,16,16,16,32,48,30,295,160,130,0,0,0,16,512,-1,485.785156,485.480469,0.3046875,0.5,7618.451,7618.951,0,0,0,0,0,0,0,0,0,0,0,0,512,600,1200,3000,53,1.04500008,1.30500007,0,10,16,43,2670,10451.9824,999,1001,30,30,20,5,1,0,23.442,20.067,0.975,12312.3828,313.472656,19.8889084,0,0,0,0.008691672,0,0.73246187,0.730546951,0,0,0.01384119,0,0,0,51.34375,48,16376,3762,12613,77.02166,76.207,391399424,299008
05/27/2026 13:34:44,49,54,0,58,64,56,56,56,56,73,12.144001,5.04,1.312,1.39200008,1.05800009,0.33,0.668000042,3.292,2.046,0,3.37600017,3.37200022,3.124,57,45.5,45,45,1117,709,0,925,852,0,0,0,0,0,51.56,17.19,6.25,4.69,12.5,39.06,1.56,1.56,16.8,51.56,39.5594368,4195,841,4040,2315,40.4,2.58137226,0.525,4040,951,40.4,1.501413,0.525,3944,328,40.4,0.6123521,0.525,4800,223,50.5,0.442566156,0.525,3972,547,40.4,1.08205283,0.525,5050,2001,50.5,2.52445912,0.5375,3822,196,40.4,0.4064612,0.5375,3889,164,40.4,0.3668629,0.5375,57.6250076,50.2500038,99.99748,26.7317047,10.1490593,72.48143,9.62849,5.25227356,64.70427,39.75,0.25,0,55,0,85,0.416,1.01,16,16,16,32,48,30,295,160,130,0,0,0,16,39.25,0.25,0,55,0,85,0.416,1.01,16,16,16,32,48,30,295,160,130,0,0,0,16,512,-1,485.785156,485.480469,0.3046875,0.5,7618.451,7618.951,0,0,0,0,0,0,0,0,0,0,0,0,512,600,1200,3000,53,1.05500007,1.30500007,0,7,16,44,2670,10451.9824,1002,1003,30,30,20,5,1,0,23.115,48.299,0.975,12357.1367,314.988281,18.6979637,0,0,0,0.00288713723,0,0.7396184,0.733453155,0,0,0,0,0,0,51.34375,50,16376,3718,12657,77.29492,76.862,249856,131799040
05/27/2026 13:34:46,49,54,0,58,63,56,56,56,56,73,12.12,5.04,1.31000006,1.396,0.98,0.328,0.668000042,3.292,2.046,0,3.37600017,3.37200022,3.12000012,56,46,45,45,1093,710,0,894,837,0,0,0,0,0,23.08,6.15,4.62,3.08,3.08,12.31,3.08,3.08,7.31,23.08,34.3414345,3881,347,4850,1110,48.5,1.19888842,0.61875,4850,342,48.5,0.5956274,0.61875,4542,136,48.5,0.274625927,0.61875,3027,129,32.3333321,0.267219126,0.61875,3015,180,32.3333321,0.34970665,0.61875,4850,729,48.5,1.04020154,0.61875,2969,78,32.3333321,0.205697358,0.61875,2943,70,32.3333321,0.202492774,0.61875,56.7500076,49.7500038,99.99749,26.73183,10.1489334,72.48177,9.62558,5.255184,64.6847153,39.75,0.25,0,55,0,85,0.416,1.01,16,16,16,32,48,30,295,160,130,0,0,0,16,39.25,0.25,0,55,0,85,0.416,1.01,16,16,16,32,48,30,295,160,130,0,0,0,16,512,-1,485.785156,485.480469,0.3046875,0.5,7618.451,7618.951,0,0,0,0,0,0,0,0,0,0,0,0,512,600,1200,3000,53,0.965000033,1.30500007,0,4,16,43,2670,10451.9824,999,999,30,30,21,5,1,0,22.952,48.241,0.975,12357.1367,315.527344,18.79493,0,0,0,0.002870005,0,0.719935834,0.7146115,0,0,0.0185362734,0,0,0,51.25,48,16376,3718,12657,77.29492,75.484,184649728,25649152
