,/lpc/nct6687dr/0/control/0,/lpc/nct6687dr/0/control/1,/lpc/nct6687dr/0/control/2,/lpc/nct6687dr/0/control/10,/lpc/nct6687dr/0/control/11,/lpc/nct6687dr/0/control/12,/lpc/nct6687dr/0/control/13,/lpc/nct6687dr/0/control/14,/lpc/nct6687dr/0/control/15,/lpc/nct6687dr/0/control/3,/lpc/nct6687dr/0/voltage/0,/lpc/nct6687dr/0/voltage/1,/lpc/nct6687dr/0/voltage/2,/lpc/nct6687dr/0/voltage/3,/lpc/nct6687dr/0/voltage/4,/lpc/nct6687dr/0/voltage/5,/lpc/nct6687dr/0/voltage/6,/lpc/nct6687dr/0/voltage/8,/lpc/nct6687dr/0/voltage/9,/lpc/nct6687dr/0/voltage/10,/lpc/nct6687dr/0/voltage/11,/lpc/nct6687dr/0/voltage/12,/lpc/nct6687dr/0/voltage/13,/lpc/nct6687dr/0/temperature/0,/lpc/nct6687dr/0/temperature/1,/lpc/nct6687dr/0/temperature/2,/lpc/nct6687dr/0/temperature/3,/lpc/nct6687dr/0/fan/0,/lpc/nct6687dr/0/fan/1,/lpc/nct6687dr/0/fan/2,/lpc/nct6687dr/0/fan/10,/lpc/nct6687dr/0/fan/11,/lpc/nct6687dr/0/fan/12,/lpc/nct6687dr/0/fan/13,/lpc/nct6687dr/0/fan/14,/lpc/nct6687dr/0/fan/15,/lpc/nct6687dr/0/fan/3,/amdcpu/0/load/2,/amdcpu/0/load/3,/amdcpu/0/load/4,/amdcpu/0/load/5,/amdcpu/0/load/6,/amdcpu/0/load/7,/amdcpu/0/load/8,/amdcpu/0/load/9,/amdcpu/0/load/0,/amdcpu/0/load/1,/amdcpu/0/power/0,/amdcpu/0/clock/1,/amdcpu/0/clock/2,/amdcpu/0/clock/3,/amdcpu/0/clock/4,/amdcpu/0/factor/0,/amdcpu/0/power/1,/amdcpu/0/voltage/2,/amdcpu/0/clock/5,/amdcpu/0/clock/6,/amdcpu/0/factor/1,/amdcpu/0/power/2,/amdcpu/0/voltage/3,/amdcpu/0/clock/7,/amdcpu/0/clock/8,/amdcpu/0/factor/2,/amdcpu/0/power/3,/amdcpu/0/voltage/4,/amdcpu/0/clock/9,/amdcpu/0/clock/10,/amdcpu/0/factor/3,/amdcpu/0/power/4,/amdcpu/0/voltage/5,/amdcpu/0/clock/11,/amdcpu/0/clock/12,/amdcpu/0/factor/4,/amdcpu/0/power/5,/amdcpu/0/voltage/6,/amdcpu/0/clock/13,/amdcpu/0/clock/14,/amdcpu/0/factor/5,/amdcpu/0/power/6,/amdcpu/0/voltage/7,/amdcpu/0/clock/15,/amdcpu/0/clock/16,/amdcpu/0/factor/6,/amdcpu/0/power/7,/amdcpu/0/voltage/8,/amdcpu/0/clock/17,/amdcpu/0/clock/18,/amdcpu/0/factor/7,/amdcpu/0/power/8,/amdcpu/0/voltage/9,/amdcpu/0/temperature/2,/amdcpu/0/temperature/3,/amdcpu/0/clock/0,/vram/data/2,/vram/data/3,/vram/load/1,/ram/data/0,/ram/data/1,/ram/load/0,/memory/dimm/1/temperature/0,/memory/dimm/1/temperature/1,/memory/dimm/1/temperature/2,/memory/dimm/1/temperature/3,/memory/dimm/1/temperature/4,/memory/dimm/1/temperature/5,/memory/dimm/1/timing/20,/memory/dimm/1/timing/21,/memory/dimm/1/timing/22,/memory/dimm/1/timing/23,/memory/dimm/1/timing/24,/memory/dimm/1/timing/25,/memory/dimm/1/timing/26,/memory/dimm/1/timing/27,/memory/dimm/1/timing/28,/memory/dimm/1/timing/29,/memory/dimm/1/timing/30,/memory/dimm/1/timing/31,/memory/dimm/1/timing/32,/memory/dimm/1/timing/33,/memory/dimm/1/data/50,/memory/dimm/3/temperature/0,/memory/dimm/3/temperature/1,/memory/dimm/3/temperature/2,/memory/dimm/3/temperature/3,/memory/dimm/3/temperature/4,/memory/dimm/3/temperature/5,/memory/dimm/3/timing/20,/memory/dimm/3/timing/21,/memory/dimm/3/timing/22,/memory/dimm/3/timing/23,/memory/dimm/3/timing/24,/memory/dimm/3/timing/25,/memory/dimm/3/timing/26,/memory/dimm/3/timing/27,/memory/dimm/3/timing/28,/memory/dimm/3/timing/29,/memory/dimm/3/timing/30,/memory/dimm/3/timing/31,/memory/dimm/3/timing/32,/memory/dimm/3/timing/33,/memory/dimm/3/data/50,/gpu-amd/0/smalldata/2,/gpu-amd/0/factor/0,/gpu-amd/0/smalldata/5,/gpu-amd/0/smalldata/4,/gpu-amd/0/smalldata/3,/gpu-amd/0/smalldata/6,/gpu-amd/0/smalldata/7,/gpu-amd/0/smalldata/8,/gpu-amd/0/load/2,/gpu-amd/0/load/5,/gpu-amd/0/load/3,/gpu-amd/0/load/4,/gpu-amd/0/load/9,/gpu-amd/0/load/8,/gpu-amd/0/load/7,/gpu-amd/0/load/6,/gpu-amd/0/load/12,/gpu-amd/0/load/11,/gpu-amd/0/load/10,/gpu-amd/0/smalldata/0,/gpu-amd/0/smalldata/1,/gpu-amd/0/clock/0,/gpu-amd/0/clock/1,/gpu-amd/0/clock/2,/gpu-amd/0/temperature/4,/gpu-amd/0/voltage/0,/gpu-amd/0/voltage/2,/gpu-amd/0/load/0,/gpu-amd/0/power/0,/gpu-amd/0/power/2,/gpu-nvidia/0/temperature/0,/gpu-nvidia/0/clock/0,/gpu-nvidia/0/clock/4,/gpu-nvidia/0/fan/1,/gpu-nvidia/0/fan/2,/gpu-nvidia/0/control/1,/gpu-nvidia/0/control/2,/gpu-nvidia/0/load/0,/gpu-nvidia/0/load/1,/gpu-nvidia/0/load/2,/gpu-nvidia/0/load/3,/gpu-nvidia/0/load/4,/gpu-nvidia/0/load/5,/gpu-nvidia/0/voltage/0,/gpu-nvidia/0/smalldata/3,/gpu-nvidia/0/smalldata/4,/gpu-nvidia/0/load/7,/gpu-nvidia/0/load/15,/gpu-nvidia/0/load/17,/gpu-nvidia/0/load/8,/gpu-nvidia/0/load/9,/gpu-nvidia/0/load/16,/gpu-nvidia/0/load/18,/gpu-nvidia/0/load/19,/gpu-nvidia/0/load/14,/gpu-nvidia/0/load/20,/gpu-nvidia/0/load/10,/gpu-nvidia/0/load/11,/gpu-nvidia/0/load/12,/gpu-nvidia/0/load/13,/gpu-nvidia/0/temperature/2,/gpu-nvidia/0/temperature/3,/gpu-nvidia/0/smalldata/2,/gpu-nvidia/0/smalldata/0,/gpu-nvidia/0/smalldata/1,/gpu-nvidia/0/load/3,/gpu-nvidia/0/power/0,/gpu-nvidia/0/throughput/0,/gpu-nvidia/0/throughput/1
Time,"CPU Fan","Pump Fan","Chipset Fan","System Fan #1","System Fan #2","System Fan #3","System Fan #4","System Fan #5","System Fan #6","EZ-Connect Fan","+12V","+5V","CPU Northbridge/SoC","DIMM","Vcore","Chipset","CPU System Agent","+3.3V","VREF","+1.8V","+3V Standby","AVSB","CMOS Battery","CPU Core","System","VRM MOS","Chipset","CPU Fan","Pump Fan #1","Chipset Fan","System Fan #1","System Fan #2","System Fan #3","System Fan #4","System Fan #5","System Fan #6","EZ-Connect Fan","CPU Core #1","CPU Core #2","CPU Core #3","CPU Core #4","CPU Core #5","CPU Core #6","CPU Core #7","CPU Core #8","CPU Total","CPU Core Max","Package","Cores (Average)","Cores (Average Effective)","Core #1","Core #1 (Effective)","Core #1","Core #1 (SMU)","Core #1 VID","Core #2","Core #2 (Effective)","Core #2","Core #2 (SMU)","Core #2 VID","Core #3","Core #3 (Effective)","Core #3","Core #3 (SMU)","Core #3 VID","Core #4","Core #4 (Effective)","Core #4","Core #4 (SMU)","Core #4 VID","Core #5","Core #5 (Effective)","Core #5","Core #5 (SMU)","Core #5 VID","Core #6","Core #6 (Effective)","Core #6","Core #6 (SMU)","Core #6 VID","Core #7","Core #7 (Effective)","Core #7","Core #7 (SMU)","Core #7 VID","Core #8","Core #8 (Effective)","Core #8","Core #8 (SMU)","Core #8 VID","Core (Tctl/Tdie)","CCD1 (Tdie)","Bus Speed","Memory Used","Memory Available","Memory","Memory Used","Memory Available","Memory","DIMM #1","Temperature Sensor Resolution","Thermal Sensor Low Limit","Thermal Sensor High Limit","Thermal Sensor Critical Low Limit","Thermal Sensor Critical High Limit","tCKAVGmin (Minimum Cycle Time)","tCKAVGmax (Maximum Cycle Time)","tAA (CAS Latency Time)","tRCD (RAS to CAS Delay Time)","tRP (Row Precharge Delay Time)","tRAS (Active to Precharge Delay Time)","tRC (Active to Active/Refresh Delay Time)","tWR (Write Recovery Time)","tRFC1 (Normal Refresh Recovery Time)","tRFC2 (Fine Granularity Refresh Recovery Time)","tRFCsb (Same Bank Refresh Recovery Time)","tRFC1_dlr (Normal Refresh Recovery Time 3DS)","tRFC2_dlr (Fine Granularity Refresh Recovery Time 3DS)","tRFCsb_dlr (Same Bank Refresh Recovery Time 3DS)","Capacity","DIMM #3","Temperature Sensor Resolution","Thermal Sensor Low Limit","Thermal Sensor High Limit","Thermal Sensor Critical Low Limit","Thermal Sensor Critical High Limit","tCKAVGmin (Minimum Cycle Time)","tCKAVGmax (Maximum Cycle Time)","tAA (CAS Latency Time)","tRCD (RAS to CAS Delay Time)","tRP (Row Precharge Delay Time)","tRAS (Active to Precharge Delay Time)","tRC (Active to Active/Refresh Delay Time)","tWR (Write Recovery Time)","tRFC1 (Normal Refresh Recovery Time)","tRFC2 (Fine Granularity Refresh Recovery Time)","tRFCsb (Same Bank Refresh Recovery Time)","tRFC1_dlr (Normal Refresh Recovery Time 3DS)","tRFC2_dlr (Fine Granularity Refresh Recovery Time 3DS)","tRFCsb_dlr (Same Bank Refresh Recovery Time 3DS)","Capacity","GPU Memory Total","Fullscreen FPS","D3D Dedicated Memory Total","D3D Dedicated Memory Free","D3D Dedicated Memory Used","D3D Shared Memory Used","D3D Shared Memory Free","D3D Shared Memory Total","D3D 3D","D3D Copy","D3D Compute 0","D3D Compute 1","D3D Timer 0","D3D Security 1","D3D High Priority Compute","D3D High Priority 3D","D3D Video JPEG 0","D3D Video Decode 1","D3D Video Codec 0","GPU Memory Used","GPU Memory Free","GPU Core","GPU SoC","GPU Memory","GPU VR SoC","GPU Core","GPU SoC","GPU Core","GPU Core","GPU SoC","GPU Core","GPU Core","GPU Memory","GPU Fan 1","GPU Fan 2","GPU Fan 1","GPU Fan 2","GPU Core","GPU Memory Controller","GPU Video Engine","GPU Bus","GPU Power","GPU Board Power","GPU Core Voltage","D3D Dedicated Memory Used","D3D Shared Memory Used","D3D 3D","D3D Overlay","D3D Video Decode","D3D Copy","D3D Copy","D3D Security","D3D Video Encode","D3D Video Encode","D3D Optical Flow Accelerator 0","D3D VR","D3D Copy","D3D Copy","D3D Copy","D3D Copy","GPU Hot Spot","GPU Memory Junction","GPU Memory Total","GPU Memory Free","GPU Memory Used","GPU Memory","GPU Package","GPU PCIe Rx","GPU PCIe Tx"
05/28/2026 01:18:03,63,64,0,70,76,73,73,73,73,85,12.0960007,5.02000046,1.30800009,1.39200008,1.07,0.356,0.61,3.28000021,2.046,0,3.36800027,3.364,3.11600018,67,50.5,51.5,49,1390,863,0,1036,974,0,0,0,0,0,33.85,3.08,1.54,0,1.54,80,0,0,15,80,38.2175636,3363,731,4040,1441,40.4,1.36364114,0.53125,3049,144,33.6666679,0.261663318,0.53125,3450,66,40.4,0.104123294,0.53125,2803,37,33.6666679,0.075416334,0.53125,2934,73,33.6666679,0.132992417,0.53125,5050,4021,50.5,3.32964969,0.51875,2814,35,33.6666679,0.0719587058,0.51875,2763,29,33.6666679,0.06800511,0.51875,67.62501,57.0000038,99.99748,32.068882,4.811882,86.9528656,10.9642525,3.91651154,73.68071,45.5,0.25,0,55,0,85,0.416,1.01,16,16,16,32,48,30,295,160,130,0,0,0,16,44.75,0.25,0,55,0,85,0.416,1.01,16,16,16,32,48,30,295,160,130,0,0,0,16,512,-1,485.785156,485.480469,0.3046875,0.5,7618.451,7618.951,0,0,0,0,0,0,0,0,0,0,0,0,512,600,1200,3000,57,1.069,1.30500007,0,8,16,49,2670,10451.9824,1659,1655,50,50,0,1,0,0,17.626,21.552,0.975,12840.2266,441.199219,0,0,0,0,0,0,0,0,0,0,0,0,0,0,60.25,62,16376,3235,13140,80.23978,60.42,2599936,5.619917E+07
05/28/2026 01:18:05,64,64,0,71,77,76,76,76,76,87,12.0720005,5.02000046,1.30800009,1.39200008,1.008,0.354,0.61,3.28000021,2.046,0,3.36800027,3.36800027,3.11600018,67,50.5,51.5,49,1408,858,0,1016,996,0,0,0,0,0,44.62,29.23,9.23,10.77,20,32.31,1.54,3.08,18.85,44.62,41.3545837,4028,884,4850,1766,48.5,2.10839844,0.6125,4850,1102,48.5,1.740542,0.6125,3183,522,32.3333321,1.205581,0.6125,3224,438,32.3333321,1.12653577,0.6125,4850,759,48.5,1.38670874,0.6125,4850,1906,48.5,2.23402023,0.6125,3206,311,32.3333321,1.01512766,0.6125,3212,265,32.3333321,0.966848,0.6125,67.75001,57.0000038,99.99749,29.6897774,7.19098663,80.50207,10.8542747,4.02648926,72.94165,45.5,0.25,0,55,0,85,0.416,1.01,16,16,16,32,48,30,295,160,130,0,0,0,16,44.75,0.25,0,55,0,85,0.416,1.01,16,16,16,32,48,30,295,160,130,0,0,0,16,512,-1,485.785156,485.480469,0.3046875,0.5,7618.451,7618.951,0,0,0,0,0,0,0,0,0,0,0,0,512,600,1200,3000,58,1.05500007,1.30500007,0,22,17,53,2835,10451.9824,1599,1600,45,45,59,33,0,1,54.314,48.858,1.09,11737.6289,420.292969,54.5663757,0,0,0,0.0159757547,0,0,0,0,0,0.0175001211,0,0,0,62.53125,64,16376,4338,12037,73.50725,146.682,251449344,5.819904E+07
05/28/2026 01:18:07,64,64,0,71,78,73,73,73,73,85,12.0960007,5.02000046,1.30800009,1.39200008,1,0.346000016,0.61,3.28000021,2.046,0,3.36800027,3.364,3.11600018,65,50.5,51.5,49,1437,855,0,1051,1001,0,0,0,0,0,35.94,14.06,9.38,3.12,12.5,28.12,0,0,12.89,35.94,40.15276,4244,702,4850,1470,48.5,1.72861314,0.6375,4850,859,48.5,1.37986994,0.6375,4850,434,48.5,1.03680921,0.6375,3233,311,32.3333321,0.921169341,0.6375,4850,580,48.5,1.15755868,0.6375,4850,1503,48.5,1.78614676,0.6375,3233,262,32.3333321,0.8773975,0.6375,3233,200,32.3333321,0.8083934,0.6375,66.50001,57.0000038,99.99748,29.477726,7.403038,79.9271,10.8538322,4.026932,72.9386749,45.5,0.25,0,55,0,85,0.416,1.01,16,16,16,32,48,30,295,160,130,0,0,0,16,44.75,0.25,0,55,0,85,0.416,1.01,16,16,16,32,48,30,295,160,130,0,0,0,16,512,-1,485.785156,485.480469,0.3046875,0.5,7618.451,7618.951,0,0,0,0,0,0,0,0,0,0,0,0,512,600,1200,3000,57,1.05500007,1.30500007,0,6,16,53,2835,10451.9824,1520,1515,45,45,53,32,0,1,54.44,60.579,1.09,11737.6289,420.292969,47.3427162,0,0,0,0.0136586055,0,0,0,0,0,0,0,0,0,62.03125,64,16376,4338,12037,73.50725,153.221,238049280,62949376
05/28/2026 01:18:09,63,64,0,70,76,69,69,69,69,82,12.0960007,5.02000046,1.30600011,1.388,0.998,0.342,0.61,3.27600026,2.046,0,3.364,3.364,3.11200023,63,50.5,51.5,49,1401,854,0,1055,981,0,0,0,0,0,38.1,22.22,6.25,3.12,12.5,22.22,0,1.56,13.25,38.1,39.1456337,4850,704,4850,1503,48.5,1.728054,0.65,4850,840,48.5,1.365079,0.65,4850,449,48.5,1.04325581,0.65,4850,333,48.5,0.937074363,0.65,4850,583,48.5,1.150799,0.60625,4850,1454,48.5,1.75705636,0.60625,4850,253,48.5,0.859767854,0.60625,4850,218,48.5,0.82843405,0.60625,63.7500076,56.1250038,99.99749,29.50879,7.371975,80.01133,10.8832016,3.99756241,73.13604,45.5,0.25,0,55,0,85,0.416,1.01,16,16,16,32,48,30,295,160,130,0,0,0,16,44.75,0.25,0,55,0,85,0.416,1.01,16,16,16,32,48,30,295,160,130,0,0,0,16,512,-1,485.785156,485.480469,0.3046875,0.5,7618.451,7618.951,0,0,0,0,0,0,0,0,0,0,0,0,512,600,1200,3000,58,0.969000041,1.30500007,0,5,16,53,2835,10451.9824,1468,1461,45,45,53,32,0,1,53.478,48.56,1.09,11737.6289,420.292969,47.2203331,0,0,0,0.01681484,0,0,0,0,0,0,0,0,0,61.8125,64,16376,4338,12037,73.50725,154.248,2.579497E+08,5.999923E+07
05/28/2026 01:18:11,62,64,0,69,75,66,66,65,65,80,12.0960007,5.02000046,1.30800009,1.39200008,1.006,0.34800002,0.61,3.28400016,2.046,0,3.36800027,3.364,3.11600018,62,50.5,51.5,49,1395,854,0,1021,977,0,0,0,0,0,34.38,19.05,12.7,14.29,9.52,26.56,1.59,1.59,14.96,34.38,39.252533,3637,717,4850,1405,48.5,1.68608069,0.54375,3233,891,32.3333321,1.40765285,0.54375,3233,431,32.3333321,1.03140306,0.54375,3233,324,32.3333321,0.9419747,0.54375,3233,598,32.3333321,1.16996491,0.54375,4850,1640,48.5,1.8504982,0.54375,3233,246,32.3333321,0.8637479,0.54375,3233,198,32.3333321,0.8149367,0.54375,62.5000076,56.6250038,99.99749,29.5047836,7.37598038,80.0004654,10.8742027,4.00656128,73.07557,45.5,0.25,0,55,0,85,0.416,1.01,16,16,16,32,48,30,295,160,130,0,0,0,16,44.75,0.25,0,55,0,85,0.416,1.01,16,16,16,32,48,30,295,160,130,0,0,0,16,512,-1,485.785156,485.480469,0.3046875,0.5,7618.451,7618.951,0,0,0,0,0,0,0,0,0,0,0,0,512,600,1200,3000,58,0.965000033,1.30500007,0,7,16,53,2835,10451.9824,1440,1436,45,45,53,32,0,1,53.271,48.652,1.09,11737.6289,420.292969,47.8635941,0,0,0,0.0167601742,0,0,0,0,0,0,0,0,0,61.6875,64,16376,4338,12037,73.50725,154.81,244349952,49099776
05/28/2026 01:18:13,61,64,0,67,74,64,64,64,64,78,12.0720005,5.02000046,1.30800009,1.39200008,1.008,0.34800002,0.61,3.28000021,2.046,0,3.364,3.364,3.11200023,61,50.5,51.5,49,1372,853,0,1016,964,0,0,0,0,0,24.62,18.46,10.77,4.62,13.85,26.15,1.54,4.62,13.08,26.15,39.9140434,4157,751,4040,1492,40.4,1.807124,0.64375,4040,895,40.4,1.43397081,0.64375,4040,466,40.4,1.07943439,0.64375,4040,321,40.4,0.9520752,0.5375,4040,637,40.4,1.21657515,0.5375,5050,1756,50.5,1.9170717,0.5375,4013,248,40.4,0.883574843,0.5375,3991,196,40.4,0.8379068,0.5375,61.6250076,56.1250038,99.99749,29.4739571,7.406807,79.9168854,10.8464737,4.03429031,72.88923,45.5,0.25,0,55,0,85,0.416,1.01,16,16,16,32,48,30,295,160,130,0,0,0,16,44.75,0.25,0,55,0,85,0.416,1.01,16,16,16,32,48,30,295,160,130,0,0,0,16,512,-1,485.785156,485.480469,0.3046875,0.5,7618.451,7618.951,0,0,0,0,0,0,0,0,0,0,0,0,512,600,1200,3000,58,0.974000037,1.30500007,0,11,16,53,2835,10451.9824,1428,1425,45,45,52,32,0,1,52.983,57.804,1.09,11737.6289,420.292969,48.6715355,0,0,0,0.0150629813,0,0,0,0,0,0,0,0,0,61.5,64,16376,4338,12037,73.50725,153.451,243449856,6.099968E+07
05/28/2026 01:18:15,60,64,0,66,73,63,63,63,63,78,12.0720005,5.02000046,1.30800009,1.39200008,1.008,0.344,0.61,3.28400016,2.046,0,3.36800027,3.364,3.11600018,61,50.5,51.5,49,1334,854,0,1011,949,0,0,0,0,0,31.25,18.75,12.5,14.06,10.94,39.06,9.38,7.81,17.97,39.06,40.2688255,4312,744,5050,1495,50.5,1.80199552,0.53125,3367,892,33.6666679,1.45165408,0.53125,3367,461,33.6666679,1.07773006,0.53125,3367,355,33.6666679,0.9769161,0.53125,4850,608,48.5,1.20164549,0.5375,4850,1709,48.5,1.87993991,0.5375,4845,240,48.5,0.882310331,0.5375,4798,190,48.5,0.830078,0.5375,61.3750076,56.1250038,99.99749,29.50248,7.37828445,79.99422,10.8752518,4.005512,73.08262,45.5,0.25,0,55,0,85,0.416,1.01,16,16,16,32,48,30,295,160,130,0,0,0,16,44.75,0.25,0,55,0,85,0.416,1.01,16,16,16,32,48,30,295,160,130,0,0,0,16,512,-1,485.785156,485.480469,0.3046875,0.5,7618.451,7618.951,0,0,0,0,0,0,0,0,0,0,0,0,512,600,1200,3000,58,1,1.30500007,0,12,16,53,2835,10451.9824,1424,1426,45,45,52,32,0,1,53.428,54.725,1.09,11737.6289,420.292969,48.9245834,0,0,0,0.0164334681,0,0,0,0,0,0,0,0,0,61.46875,64,16376,4338,12037,73.50725,153.102,225349632,53699584
05/28/2026 01:18:17,59,64,0,65,72,62,62,62,62,77,12.0720005,5.02000046,1.30800009,1.39200008,1.00400007,0.36,0.61,3.28000021,2.046,0,3.364,3.36000013,3.11200023,60,50.5,51.5,49,1315,853,0,985,937,0,0,0,0,0,25.4,17.46,7.81,6.25,7.81,23.81,4.69,4.69,12.24,25.4,39.2395554,3618,729,4850,1543,48.5,1.818446,0.63125,3233,841,32.3333321,1.37384927,0.63125,3233,469,32.3333321,1.06950748,0.63125,3206,325,32.3333321,0.9432428,0.63125,3233,595,32.3333321,1.18081713,0.63125,4850,1643,48.5,1.82961643,0.63125,3172,233,32.3333321,0.8593532,0.63125,3170,180,32.3333321,0.801039338,0.63125,60.7500076,56.6250038,99.99749,29.4714622,7.40930176,79.91012,10.85083,4.029934,72.9185,45.5,0.25,0,55,0,85,0.416,1.01,16,16,16,32,48,30,295,160,130,0,0,0,16,44.75,0.25,0,55,0,85,0.416,1.01,16,16,16,32,48,30,295,160,130,0,0,0,16,512,-1,485.785156,485.480469,0.3046875,0.5,7618.451,7618.951,0,0,0,0,0,0,0,0,0,0,0,0,512,600,1200,3000,57,0.979000032,1.30500007,0,8,16,53,2835,10451.9824,1418,1420,44,44,52,32,0,1,54.11,51.931,1.09,11737.6289,420.0625,48.85467,0,0,0,0.0169860367,0,0,0,0,0,0.009781059,0,0,0,61.25,64,16376,4338,12037,73.50725,154.844,334799872,4.839936E+07
05/28/2026 01:18:19,58,64,0,64,71,61,61,61,61,76,12.0960007,5.02000046,1.30800009,1.39200008,1.01200008,0.356,0.61,3.28000021,2.046,0,3.36800027,3.364,3.11600018,60,50.5,51.5,49,1305,854,0,991,928,0,0,0,0,0,23.81,9.52,6.35,4.76,6.35,33.33,3.17,1.59,11.11,33.33,39.59018,4398,744,4020,1607,40.2,1.87498057,0.6125,5025,865,50.25,1.41071486,0.6125,4020,472,40.2,1.07131565,0.6125,5025,337,50.25,0.963204443,0.6125,4020,624,40.2,1.202444,0.6125,5050,1626,50.5,1.8356266,0.51875,4030,243,40.4,0.876343548,0.51875,3994,175,40.4,0.8115882,0.51875,60.5000076,55.6250038,99.99749,29.471817,7.408947,79.91108,10.8506508,4.030113,72.9173,45.5,0.25,0,55,0,85,0.416,1.01,16,16,16,32,48,30,295,160,130,0,0,0,16,44.75,0.25,0,55,0,85,0.416,1.01,16,16,16,32,48,30,295,160,130,0,0,0,16,512,-1,485.785156,485.480469,0.3046875,0.5,7618.451,7618.951,0,0,0,0,0,0,0,0,0,0,0,0,512,600,1200,3000,58,0.984,1.30500007,0,4,16,53,2835,10451.9824,1415,1416,44,44,52,32,0,1,53.573,53.252,1.09,11737.6289,420.0625,49.0831947,0,0,0,0.0149266468,0,0,0,0,0,0,0,0,0,61.1875,64,16376,4338,12037,73.50725,154.313,234149888,6.539981E+07
05/28/2026 01:18:21,56,64,0,63,70,61,61,61,61,76,12.0960007,5.02000046,1.30800009,1.39200008,1,0.350000024,0.61,3.28400016,2.046,0,3.364,3.364,3.11600018,60,50.5,51.5,49,1280,854,0,963,912,0,0,0,0,0,28.12,12.5,10.94,7.81,4.69,31.25,6.25,3.12,13.09,31.25,39.08736,4030,733,4850,1642,48.5,1.89136183,0.63125,4850,870,48.5,1.39120913,0.63125,3219,483,32.3333321,1.0835439,0.63125,3233,331,32.3333321,0.943478,0.63125,4850,603,48.5,1.17960012,0.63125,4850,1535,48.5,1.81089914,0.63125,3206,234,32.3333321,0.8651728,0.63125,3185,168,32.3333321,0.7963108,0.63125,60.3750076,56.1250038,99.99748,29.5027428,7.37802124,79.9949341,10.8807755,3.99998856,73.1197357,45.5,0.25,0,55,0,85,0.416,1.01,16,16,16,32,48,30,295,160,130,0,0,0,16,44.75,0.25,0,55,0,85,0.416,1.01,16,16,16,32,48,30,295,160,130,0,0,0,16,512,-1,485.785156,485.480469,0.3046875,0.5,7618.451,7618.951,0,0,0,0,0,0,0,0,0,0,0,0,512,600,1200,3000,57,0.974000037,1.30500007,0,1,16,53,2835,10451.9824,1410,1410,44,44,52,32,0,1,53.232,54.725,1.09,11737.6289,420.0625,49.13643,0,0,0,0.0144261913,0,0,0,0,0,0,0,0,0,61.09375,64,16376,4338,12037,73.50725,152.742,239849472,6.304973E+07
05/28/2026 01:18:23,55,64,0,62,69,61,61,61,61,76,12.0720005,5.02000046,1.30600011,1.39200008,1.006,0.344,0.61,3.27600026,2.046,0,3.364,3.364,3.11600018,60,50.5,51.5,49,1238,854,0,960,917,0,0,0,0,0,29.69,7.81,9.38,0,12.5,29.69,0,0,11.13,29.69,39.8349228,4021,744,4850,1480,48.5,1.79767549,0.65,4850,924,48.5,1.46179783,0.65,3233,456,32.3333321,1.07880378,0.65,3213,296,32.3333321,0.938943863,0.65,4849,574,48.5,1.18516183,0.65,4850,1828,48.5,1.97543013,0.65,3205,232,32.3333321,0.8659375,0.65,3121,161,32.3333321,0.8025439,0.65,60.3750076,56.1250038,99.99749,29.5007515,7.38001251,79.98953,10.87812,4.00264359,73.1019,45.5,0.25,0,55,0,85,0.416,1.01,16,16,16,32,48,30,295,160,130,0,0,0,16,44.75,0.25,0,55,0,85,0.416,1.01,16,16,16,32,48,30,295,160,130,0,0,0,16,512,-1,485.785156,485.480469,0.3046875,0.5,7618.451,7618.951,0,0,0,0,0,0,0,0,0,0,0,0,512,600,1200,3000,57,0.969000041,1.30500007,0,6,16,53,2835,10451.9824,1407,1407,44,44,52,32,0,1,53.808,51.977,1.09,11737.6289,420.0625,49.10953,0,0,0,0.0162652414,0,0,0,0,0,0,0,0,0,60.9375,62,16376,4338,12037,73.50725,153.793,270949376,6.569984E+07
05/28/2026 01:18:25,55,64,0,62,67,61,61,61,61,76,12.0960007,5.02000046,1.30600011,1.388,1.00400007,0.350000024,0.61,3.28000021,2.046,0,3.364,3.364,3.11200023,60,50,51.5,49,1219,853,0,936,901,0,0,0,0,0,35.94,17.19,10.94,1.56,10.94,32.81,3.12,3.12,14.45,35.94,39.2156219,3612,755,4850,1513,48.5,1.81925392,0.625,3233,921,32.3333321,1.46720183,0.625,3233,461,32.3333321,1.0881474,0.6375,3178,308,32.3333321,0.9428774,0.6375,3233,628,32.3333321,1.24791229,0.6375,4850,1838,48.5,1.95973516,0.6375,3166,206,32.3333321,0.8526634,0.6375,3157,167,32.3333321,0.80673945,0.6375,60.0000076,56.1250038,99.99749,29.50169,7.379074,79.99208,10.8782654,4.00249863,73.10287,45.5,0.25,0,55,0,85,0.416,1.01,16,16,16,32,48,30,295,160,130,0,0,0,16,44.75,0.25,0,55,0,85,0.416,1.01,16,16,16,32,48,30,295,160,130,0,0,0,16,512,-1,485.785156,485.480469,0.3046875,0.5,7618.451,7618.951,0,0,0,0,0,0,0,0,0,0,0,0,512,600,1200,3000,58,0.969000041,1.30500007,0,4,16,53,2835,10451.9824,1402,1402,44,44,52,32,0,1,53.392,54.657,1.09,11737.6289,420.0625,49.0602074,0,0,0,0.0153114563,0,0,0,0,0,0,0,0,0,60.84375,62,16376,4338,12037,73.50725,154.53,3.002491E+08,2.381998E+08
05/28/2026 01:18:27,53,64,0,61,67,60,60,60,60,76,12.0960007,5.03,1.31000006,1.39200008,1,0.342,0.61,3.28000021,2.046,0,3.37200022,3.36800027,3.12000012,59,50.5,51.5,49,1195,823,0,933,868,0,0,0,0,0,20.63,20.63,9.52,1.59,17.46,23.81,3.17,0,12.1,23.81,39.45155,3807,748,5050,1553,50.5,1.8239882,0.51875,4040,912,40.4,1.45105207,0.51875,3367,462,33.6666679,1.073766,0.51875,3318,305,33.6666679,0.932309151,0.51875,4040,614,40.4,1.205619,0.51875,4040,1759,40.4,1.91566312,0.51875,3294,211,33.6666679,0.8485388,0.51875,3304,166,33.6666679,0.7979929,0.51875,59.8750076,56.1250038,99.99748,29.472908,7.407856,79.91404,10.8496628,4.031101,72.91066,45.5,0.25,0,55,0,85,0.416,1.01,16,16,16,32,48,30,295,160,130,0,0,0,16,44.75,0.25,0,55,0,85,0.416,1.01,16,16,16,32,48,30,295,160,130,0,0,0,16,512,-1,485.785156,485.480469,0.3046875,0.5,7618.451,7618.951,0,0,0,0,0,0,0,0,0,0,0,0,512,600,1200,3000,58,0.965000033,1.30500007,0,10,16,53,2835,10451.9824,1393,1396,44,44,52,32,0,1,52.776,55.747,1.09,11737.6289,420.0625,48.71307,0,0,0,0.0166479684,0,0,0,0,0,0,0,0,0,60.84375,62,16376,4338,12037,73.50725,153.531,187949056,54549504
05/28/2026 01:18:29,53,64,0,60,66,61,61,61,61,76,12.0960007,5.03,1.30800009,1.39200008,1.00200009,0.344,0.61,3.28400016,2.046,0,3.36800027,3.36800027,3.12000012,59,50.5,51.5,49,1188,823,0,940,882,0,0,0,0,0,25,25,9.38,6.25,14.06,14.06,3.12,3.12,12.5,25,39.87066,4015,722,4850,1495,48.5,1.777036,0.61875,3233,876,32.3333321,1.41709363,0.61875,3233,452,32.3333321,1.05354881,0.61875,3224,317,32.3333321,0.9371152,0.61875,3233,583,32.3333321,1.18266726,0.61875,4850,1671,48.5,1.84348726,0.6375,4800,216,48.5,0.844143867,0.6375,4697,162,48.5,0.7933896,0.6375,60.0000076,56.1250038,99.99749,29.5021667,7.37859726,79.99337,10.87571,4.00505447,73.08569,45.5,0.25,0,55,0,85,0.416,1.01,16,16,16,32,48,30,295,160,130,0,0,0,16,44.75,0.25,0,55,0,85,0.416,1.01,16,16,16,32,48,30,295,160,130,0,0,0,16,512,-1,485.785156,485.480469,0.3046875,0.5,7618.451,7618.951,0,0,0,0,0,0,0,0,0,0,0,0,512,600,1200,3000,57,0.974000037,1.30500007,0,4,16,53,2835,10451.9824,1393,1390,43,43,52,32,0,1,53.421,58.296,1.09,11737.6289,420.0625,48.5614471,0,0,0,0.0155071989,0,0,0,0,0,0,0,0,0,60.6875,62,16376,4338,12037,73.50725,152.647,224849920,5.339955E+07
05/28/2026 01:18:31,53,64,0,61,66,60,60,60,60,76,12.0960007,5.03,1.31000006,1.39200008,1.014,0.358,0.612000048,3.292,2.046,0,3.37200022,3.37200022,3.11600018,59,50.5,51.5,49,1171,822,0,915,854,0,0,0,0,0,32.81,26.56,6.35,10.94,12.5,23.44,3.12,6.25,15.25,32.81,39.47655,3821,773,4850,1652,48.5,1.9308989,0.64375,4850,963,48.5,1.53204966,0.64375,3227,488,32.3333321,1.10235572,0.64375,3197,318,32.3333321,0.9612524,0.64375,3233,636,32.3333321,1.25630343,0.64375,4850,1727,48.5,1.94828546,0.64375,3173,230,32.3333321,0.8766364,0.64375,3190,172,32.3333321,0.8230033,0.64375,59.8750076,56.1250038,99.99749,29.4721756,7.40858841,79.912056,10.8503418,4.030422,72.91522,45.5,0.25,0,55,0,85,0.416,1.01,16,16,16,32,48,30,295,160,130,0,0,0,16,44.75,0.25,0,55,0,85,0.416,1.01,16,16,16,32,48,30,295,160,130,0,0,0,16,512,-1,485.785156,485.480469,0.3046875,0.5,7618.451,7618.951,0,0,0,0,0,0,0,0,0,0,0,0,512,600,1200,3000,58,1.064,1.30500007,0,17,16,53,2835,10451.9824,1383,1383,43,43,56,33,0,1,55.016,60.996,1.09,11737.6289,420.0625,50.21685,0,0,0,0.015336697,0,0,0,0,0,0,0,0,0,61.3125,62,16376,4338,12037,73.50725,154.476,301949952,5.564928E+07
05/28/2026 01:18:33,53,64,0,61,67,61,61,61,61,76,12.0960007,5.04,1.31000006,1.39200008,1.01,0.344,0.61,3.28400016,2.046,0,3.37200022,3.37200022,3.12000012,60,50.5,51.5,49,1168,823,0,923,846,0,0,0,0,0,37.5,18.75,9.38,4.69,10.94,25,3.12,0,13.67,37.5,39.7739639,4214,794,4020,1683,40.2,1.97563732,0.525,5025,1003,50.25,1.5628792,0.525,4895,466,50.25,1.10530591,0.525,3879,307,40.2,0.963721454,0.525,4011,626,40.4,1.24559653,0.53125,4040,1864,40.4,2.03095841,0.53125,3924,224,40.4,0.876969457,0.53125,3919,181,40.4,0.8337404,0.53125,60.1250076,59.0000038,99.99748,29.5023079,7.378456,79.99376,10.8780708,4.002693,73.10156,45.5,0.25,0,55,0,85,0.416,1.01,16,16,16,32,48,30,295,160,130,0,0,0,16,44.75,0.25,0,55,0,85,0.416,1.01,16,16,16,32,48,30,295,160,130,0,0,0,16,512,-1,485.785156,485.480469,0.3046875,0.5,7618.451,7618.951,0,0,0,0,0,0,0,0,0,0,0,0,512,600,1200,3000,58,0.974000037,1.30500007,0,14,17,53,2835,10451.9824,1376,1379,43,43,59,34,0,1,55.761,63.974,1.09,11737.6289,420.0625,57.0224075,0,0,0,0.01380927,0,0,0,0,0,0,0,0,0,60.59375,62,16376,4338,12037,73.50725,158.987,371299328,66599936
05/28/2026 01:18:35,53,64,0,62,67,61,61,61,61,76,12.0960007,5.03,1.31000006,1.39200008,1.01,0.352000028,0.61,3.288,2.046,0,3.37200022,3.37200022,3.12000012,60,51,51.5,49,1190,823,0,921,877,0,0,0,0,0,43.75,18.75,11.11,1.59,15.87,42.19,7.81,3.12,18.02,43.75,40.6338577,3798,851,4850,1789,48.5,2.10750461,0.63125,4850,1118,48.5,1.7178756,0.63125,3170,480,32.3333321,1.14355326,0.63125,3159,329,32.3333321,1.01093972,0.63125,3233,681,32.3333321,1.33234477,0.63125,4850,1979,48.5,2.24763131,0.63125,3124,233,32.3333321,0.9122906,0.63125,3146,198,32.3333321,0.871573567,0.63125,60.6250076,56.1250038,99.99748,29.5006866,7.38007736,79.98936,10.8716393,4.00912476,73.05834,45.5,0.25,0,55,0,85,0.416,1.01,16,16,16,32,48,30,295,160,130,0,0,0,16,44.75,0.25,0,55,0,85,0.416,1.01,16,16,16,32,48,30,295,160,130,0,0,0,16,512,-1,485.785156,485.480469,0.3046875,0.5,7618.451,7618.951,0,0,0,0,0,0,0,0,0,0,0,0,512,600,1200,3000,57,0.974000037,1.30500007,0,8,16,53,2835,10451.9824,1372,1372,43,43,56,33,0,1,54.849,48.881,1.09,11737.6289,420.0625,55.146553,0,0,0,0.0138356294,0,0,0,0,0,0,0,0,0,61.125,62,16376,4338,12037,73.50725,157.236,266249216,5.509939E+07
05/28/2026 01:18:37,53,65,0,62,67,61,61,61,61,76,12.0960007,5.03,1.31000006,1.39200008,1.01,0.34800002,0.612000048,3.288,2.046,0,3.37200022,3.37200022,3.12000012,60,51,51.5,49,1196,829,0,946,883,0,0,0,0,0,30.16,22.22,9.38,6.25,15.62,39.68,6.25,1.56,16.39,39.68,40.98521,4418,835,4850,1765,48.5,2.058307,0.63125,4850,1096,48.5,1.70420337,0.63125,3217,470,32.3333321,1.13491511,0.63125,3189,338,32.3333321,1.01270771,0.63125,4850,681,48.5,1.315522,0.63125,4850,1897,48.5,2.15251517,0.63125,4748,245,48.5,0.9184064,0.63125,4792,185,48.5,0.860520363,0.63125,60.6250076,56.1250038,99.99749,29.4726334,7.40813065,79.91329,10.8519592,4.028805,72.92609,45.5,0.25,0,55,0,85,0.416,1.01,16,16,16,32,48,30,295,160,130,0,0,0,16,44.75,0.25,0,55,0,85,0.416,1.01,16,16,16,32,48,30,295,160,130,0,0,0,16,512,-1,485.785156,485.480469,0.3046875,0.5,7618.451,7618.951,0,0,0,0,0,0,0,0,0,0,0,0,512,600,1200,3000,57,1.069,1.30500007,0,10,16,53,2835,10451.9824,1367,1366,42,43,56,33,0,1,54,50.127,1.09,11737.6289,420.0625,54.03969,0,0,0,0.0161450561,0,0,0,0,0,0,0,0,0,60.96875,62,16376,4338,12037,73.50725,155.703,365799424,63799296
05/28/2026 01:18:39,53,65,0,62,67,61,61,61,61,76,12.0960007,5.03,1.31000006,1.39200008,1.014,0.34800002,0.61,3.28400016,2.046,0,3.37200022,3.37200022,3.12000012,60,51,51.5,49,1195,871,0,933,864,0,0,0,0,0,39.06,17.19,4.69,4.69,15.62,40.62,1.56,1.56,15.62,40.62,40.7840233,4245,880,4040,1846,40.4,2.14212513,0.60625,5050,1145,50.5,1.75005662,0.60625,4001,528,40.4,1.199924,0.60625,3987,365,40.4,1.05228233,0.60625,4040,701,40.4,1.3660289,0.60625,5050,1976,50.5,2.290388,0.60625,3926,264,40.4,0.9533626,0.60625,3865,218,40.2,0.9008758,0.60625,60.7500076,56.1250038,99.99749,29.477417,7.403347,79.92626,10.852272,4.028492,72.92819,45.5,0.25,0,55,0,85,0.416,1.01,16,16,16,32,48,30,295,160,130,0,0,0,16,44.75,0.25,0,55,0,85,0.416,1.01,16,16,16,32,48,30,295,160,130,0,0,0,16,512,-1,485.785156,485.480469,0.3046875,0.5,7618.451,7618.951,0,0,0,0,0,0,0,0,0,0,0,0,512,600,1200,3000,57,1.064,1.30500007,0,7,16,53,2835,10451.9824,1360,1360,42,42,57,33,0,1,55.678,62.328,1.09,11740.1992,421.0625,54.2239952,0,0,0,0.015838068,0,0,0,0,0,0.0791903362,0,0,0,60.375,62,16376,4335,12040,73.5228958,157.474,353899520,244199424
05/28/2026 01:18:41,53,65,0,62,67,61,61,61,61,76,12.0960007,5.03,1.31000006,1.396,1.014,0.352000028,0.612000048,3.28400016,2.046,0,3.37200022,3.37200022,3.12000012,60,50.5,51.5,49,1183,844,0,933,886,0,0,0,0,0,37.5,15.62,10.94,7.81,15.62,31.25,0,1.56,15.04,37.5,41.1889038,4209,852,4850,1800,48.5,2.07571769,0.63125,4850,1102,48.5,1.686976,0.63125,4827,520,48.5,1.18564582,0.63125,3183,384,32.3333321,1.05400681,0.63125,4850,748,48.5,1.3774153,0.63125,4850,1805,48.5,2.12545848,0.63125,3140,264,32.3333321,0.9481183,0.63125,3121,194,32.3333321,0.8768261,0.63125,60.7500076,56.1250038,99.99749,29.5034142,7.37735,79.99675,10.8802376,4.00052643,73.11612,45.5,0.25,0,55,0,85,0.416,1.01,16,16,16,32,48,30,295,160,130,0,0,0,16,44.75,0.25,0,55,0,85,0.416,1.01,16,16,16,32,48,30,295,160,130,0,0,0,16,512,-1,485.785156,485.480469,0.3046875,0.5,7618.451,7618.951,0,0,0,0,0,0,0,0,0,0,0,0,512,600,1200,3000,58,1.064,1.30500007,0,5,16,53,2835,10451.9824,1355,1355,42,42,57,34,0,1,55.052,52.904,1.09,11740.3633,421.0625,53.9695549,0,0,0,0.0159511343,0,0,0,0,0,0,0,0,0,60.75,62,16376,4335,12040,73.5238953,159.544,327399424,8.374989E+07
05/28/2026 01:18:43,53,65,0,62,67,61,61,61,61,76,12.12,5.04,1.31000006,1.39200008,1.006,0.344,0.612000048,3.288,2.046,0,3.37200022,3.37200022,3.12000012,60,51,51.5,49,1188,875,0,951,886,0,0,0,0,0,26.15,24.62,10.77,10.77,13.85,26.15,10.77,7.69,16.35,26.15,40.024395,4543,821,4950,1715,49.5,2.00086665,0.5375,4950,1106,49.5,1.67613816,0.5375,4866,479,49.5,1.13849247,0.5375,3862,371,39.6,1.02984142,0.5375,4950,717,49.5,1.35130394,0.5375,5000,1732,50,2.0439713,0.5375,3909,241,40,0.9161896,0.5375,3856,205,40,0.8773932,0.5375,60.6250076,55.6250038,99.99748,29.5065956,7.3741684,80.00538,10.8785286,4.00223541,73.10464,45.5,0.25,0,55,0,85,0.416,1.01,16,16,16,32,48,30,295,160,130,0,0,0,16,44.75,0.25,0,55,0,85,0.416,1.01,16,16,16,32,48,30,295,160,130,0,0,0,16,512,-1,485.785156,485.480469,0.3046875,0.5,7618.451,7618.951,0,0,0,0,0,0,0,0,0,0,0,0,512,600,1200,3000,57,1.08400011,1.30500007,0,4,16,53,2835,10451.9824,1349,1349,42,42,57,35,0,1,55.107,50.381,1.09,11740.3633,421.0625,52.52136,0,0,0,0.015163145,0,0,0,0,0,0,0,0,0,61.09375,62,16376,4335,12040,73.5238953,158.062,256249856,8.739942E+07
05/28/2026 01:18:45,53,65,0,62,67,61,61,61,61,76,12.12,5.04,1.31000006,1.396,1.016,0.358,0.612000048,3.288,2.046,0,3.37200022,3.37200022,3.12000012,60,51,51.5,49,1188,873,0,931,864,0,0,0,0,0,36.51,20.63,9.52,7.94,7.94,33.33,4.76,4.76,15.67,36.51,40.53811,3994,850,4850,1756,48.5,2.0275135,0.63125,4850,1130,48.5,1.696328,0.63125,3200,479,32.3333321,1.14977467,0.63125,3141,353,32.3333321,1.02263892,0.63125,4850,776,48.5,1.427379,0.63125,4850,1878,48.5,2.09313917,0.63125,3115,244,32.3333321,0.924207866,0.63125,3099,188,32.3333321,0.8663144,0.63125,60.5000076,56.1250038,99.99749,29.5064163,7.37434769,80.0049,10.8797836,4.00098038,73.1130753,45.5,0.25,0,55,0,85,0.416,1.01,16,16,16,32,48,30,295,160,130,0,0,0,16,44.75,0.25,0,55,0,85,0.416,1.01,16,16,16,32,48,30,295,160,130,0,0,0,16,512,-1,485.785156,485.480469,0.3046875,0.5,7618.451,7618.951,0,0,0,0,0,0,0,0,0,0,0,0,512,600,1200,3000,58,0.984,1.30500007,0,5,16,53,2835,10451.9824,1341,1344,42,42,57,35,0,1,55.668,52.066,1.09,11740.3633,421.0625,49.4279442,0,0,0,0.016975956,0,0,0,0,0,0,0,0,0,60.84375,62,16376,4335,12040,73.5238953,158.912,185649152,6.919987E+07
05/28/2026 01:18:47,53,65,0,62,67,61,61,61,61,76,12.0960007,5.03,1.31000006,1.396,1.0200001,0.358,0.61,3.288,2.046,0,3.37200022,3.37200022,3.12000012,60,50.5,51.5,49,1189,838,0,948,886,0,0,0,0,0,22.22,29.69,7.81,7.81,17.19,30.16,4.69,6.25,15.73,30.16,40.05078,4197,836,4040,1783,40.4,2.03300071,0.51875,5050,1146,50.5,1.69624257,0.51875,4920,476,50.5,1.14131308,0.51875,3857,321,40.4,1.001024,0.51875,4040,715,40.4,1.37559724,0.51875,4040,1831,40.4,2.11878657,0.51875,3807,221,40.4,0.9042827,0.51875,3820,199,40.4,0.8634564,0.51875,60.3750076,57.2500038,99.99748,29.47699,7.40377426,79.92511,10.8500175,4.03074646,72.91304,45.5,0.25,0,55,0,85,0.416,1.01,16,16,16,32,48,30,295,160,130,0,0,0,16,44.75,0.25,0,55,0,85,0.416,1.01,16,16,16,32,48,30,295,160,130,0,0,0,16,512,-1,485.785156,485.480469,0.3046875,0.5,7618.451,7618.951,0,0,0,0,0,0,0,0,0,0,0,0,512,600,1200,3000,58,1.04500008,1.30500007,0,8,16,53,2835,10451.9824,1336,1338,42,42,58,34,0,1,56.122,59.719,1.09,11740.4336,421.0625,55.0594559,0,0,0,0.01463622,0,0,0,0,0,0,0,0,0,60.1875,62,16376,4335,12040,73.52432,158.125,3.748997E+08,7.244902E+07
05/28/2026 01:18:49,53,64,0,62,67,61,61,61,61,76,12.0960007,5.03,1.31000006,1.39200008,1.016,0.346000016,0.612000048,3.288,2.046,0,3.37200022,3.37200022,3.12000012,60,51,51.5,49,1182,831,0,946,865,0,0,0,0,0,42.19,14.06,3.12,4.76,10.94,29.69,0,0,13.1,42.19,40.2944832,4073,838,5050,1744,50.5,1.96596014,0.51875,4040,1150,40.4,1.64830542,0.51875,4016,480,40.4,1.13278019,0.51875,3932,340,40.4,0.999132931,0.51875,4040,735,40.4,1.36259937,0.51875,5050,1815,50.5,2.106051,0.525,3240,249,33.6666679,0.908876359,0.5375,3218,193,33.6666679,0.8511241,0.5375,60.5000076,55.6250038,99.99749,29.50774,7.373024,80.0084839,10.8758659,4.004898,73.08675,45.5,0.25,0,55,0,85,0.416,1.01,16,16,16,32,48,30,295,160,130,0,0,0,16,44.75,0.25,0,55,0,85,0.416,1.01,16,16,16,32,48,30,295,160,130,0,0,0,16,512,-1,485.785156,485.480469,0.3046875,0.5,7618.451,7618.951,0,0,0,0,0,0,0,0,0,0,0,0,512,600,1200,3000,57,0.969000041,1.30500007,0,4,16,53,2835,10451.9824,1333,1332,41,41,59,34,0,1,55.145,52.779,1.09,11740.4336,421.0625,55.04895,0,0,0,0.0155951483,0,0,0,0,0,0,0,0,0,60.1875,62,16376,4335,12040,73.52432,156.847,263949312,5.599949E+07
05/28/2026 01:18:51,53,64,0,62,67,61,61,61,61,76,12.0960007,5.03,1.31000006,1.396,1.01200008,0.344,0.612000048,3.28400016,2.046,0,3.37200022,3.37200022,3.12000012,60,50.5,51.5,49,1183,858,0,933,887,0,0,0,0,0,42.19,10.94,6.25,1.56,6.25,26.56,0,0,11.72,42.19,39.9386635,3974,861,4850,1839,48.5,2.10643935,0.51875,4850,1233,48.5,1.76895022,0.51875,3177,498,32.3333321,1.17391849,0.51875,3093,368,32.3333321,1.03438628,0.51875,4850,780,48.5,1.42987251,0.51875,4850,1706,48.5,2.065229,0.51875,3055,253,32.3333321,0.9352402,0.51875,3069,214,32.3333321,0.8915744,0.51875,60.6250076,56.1250038,99.99749,29.4779129,7.402851,79.92761,10.8479729,4.032791,72.8993,45.5,0.25,0,55,0,85,0.416,1.01,16,16,16,32,48,30,295,160,130,0,0,0,16,44.75,0.25,0,55,0,85,0.416,1.01,16,16,16,32,48,30,295,160,130,0,0,0,16,512,-1,485.785156,485.480469,0.3046875,0.5,7618.451,7618.951,0,0,0,0,0,0,0,0,0,0,0,0,512,600,1200,3000,57,1.064,1.30500007,0,4,16,53,2835,10451.9824,1328,1329,41,41,59,34,0,1,55.523,51.83,1.09,11740.4336,421.0625,54.44879,0,0,0,0.0174851026,0,0,0,0,0,0,0,0,0,60.125,62,16376,4335,12040,73.52432,155.767,3.034491E+08,7.594906E+07
05/28/2026 01:18:53,53,64,0,62,67,61,61,61,61,76,12.0720005,5.02000046,1.30800009,1.39200008,1.02200007,0.344,0.61,3.28000021,2.046,0,3.36800027,3.364,3.11600018,60,50.5,51.5,49,1202,857,0,949,888,0,0,0,0,0,47.69,23.08,10.77,4.62,12.31,29.23,3.08,1.54,16.54,47.69,39.8072929,4360,858,4040,1858,40.4,2.14748931,0.59375,5050,1244,50.5,1.785353,0.59375,4034,494,40.4,1.16981769,0.59375,3983,342,40.4,1.02431023,0.59375,4040,764,40.4,1.411519,0.59375,5050,1688,50.5,1.99952519,0.59375,3927,262,40,0.946089,0.53125,4756,208,50,0.8845947,0.53125,60.5000076,56.1250038,99.99749,29.4772339,7.40353,79.925766,10.850132,4.030632,72.91381,45.5,0.25,0,55,0,85,0.416,1.01,16,16,16,32,48,30,295,160,130,0,0,0,16,44.75,0.25,0,55,0,85,0.416,1.01,16,16,16,32,48,30,295,160,130,0,0,0,16,512,-1,485.785156,485.480469,0.3046875,0.5,7618.451,7618.951,0,0,0,0,0,0,0,0,0,0,0,0,512,600,1200,3000,57,0.979000032,1.30500007,0,5,16,53,2835,10451.9824,1322,1322,41,41,59,35,0,1,55.775,56.791,1.09,11740.4336,421.0625,54.3613663,0,0,0,0.0154807223,0,0,0,0,0,0,0,0,0,60.125,62,16376,4335,12040,73.52432,157.105,384899072,257299456
05/28/2026 01:18:55,53,64,0,62,67,61,61,61,61,76,12.0960007,5.02000046,1.30800009,1.39200008,1.00200009,0.352000028,0.612000048,3.28000021,2.046,0,3.364,3.364,3.11600018,60,50.5,51.5,49,1195,854,0,949,887,0,0,0,0,0,32.81,25,9.52,11.11,14.29,23.44,1.59,1.59,14.92,32.81,39.115303,3803,775,4850,1770,48.5,1.9915458,0.55,4850,1090,48.5,1.59274018,0.55,3233,434,32.3333321,1.07852161,0.55,3169,308,32.3333321,0.9559536,0.55,3233,645,32.3333321,1.27279186,0.6125,4850,1565,48.5,1.911325,0.6125,3121,212,32.3333321,0.8620023,0.6125,3121,174,32.3333321,0.8224676,0.6125,60.3750076,56.1250038,99.99749,29.5089989,7.371765,80.0118942,10.8799362,4.000828,73.1141,45.5,0.25,0,55,0,85,0.416,1.01,16,16,16,32,48,30,295,160,130,0,0,0,16,44.75,0.25,0,55,0,85,0.416,1.01,16,16,16,32,48,30,295,160,130,0,0,0,16,512,-1,485.785156,485.480469,0.3046875,0.5,7618.451,7618.951,0,0,0,0,0,0,0,0,0,0,0,0,512,600,1200,3000,58,1.04500008,1.30500007,0,3,16,52,2835,10451.9824,1314,1317,41,41,56,34,0,1,55.61,57.5,1.09,11740.8086,421.71875,45.43991,0,0,0,0.0150535954,0,0,0,0,0,0,0,0,0,60.59375,62,16376,4335,12040,73.52661,156.277,260049920,54549504
05/28/2026 01:18:57,53,64,0,62,67,61,61,61,61,76,12.0960007,5.02000046,1.30800009,1.39200008,1.008,0.344,0.612000048,3.28000021,2.046,0,3.364,3.364,3.11600018,60,50,51.5,49,1188,853,0,933,865,0,0,0,0,0,43.08,24.62,7.69,1.54,15.38,35.38,3.08,4.62,16.92,43.08,39.6904831,4498,798,4040,1783,40.4,2.02378225,0.5625,5050,1081,50.5,1.60792232,0.5625,5037,439,50.5,1.07956111,0.5625,4930,301,50.5,0.956701,0.5625,4040,677,40.4,1.30775177,0.5625,5050,1662,50.5,1.98879933,0.5625,3919,244,40.4,0.8981163,0.5625,3919,194,40.4,0.851324737,0.5625,60.2500076,55.6250038,99.99749,29.4800758,7.400688,79.93347,10.8512726,4.02949142,72.92148,45.5,0.25,0,55,0,85,0.416,1.01,16,16,16,32,48,30,295,160,130,0,0,0,16,44.75,0.25,0,55,0,85,0.416,1.01,16,16,16,32,48,30,295,160,130,0,0,0,16,512,-1,485.785156,485.480469,0.3046875,0.5,7618.451,7618.951,0,0,0,0,0,0,0,0,0,0,0,0,512,600,1200,3000,56,1.06000006,1.30500007,0,22,17,52,2835,10451.9824,1312,1311,41,41,57,34,0,1,55.473,62,1.09,11740.8086,421.71875,50.5892868,0,0,0,0.015333062,0,0,0,0,0,0,0,0,0,60.0625,62,16376,4335,12040,73.52661,155.585,3.055995E+08,62949376
05/28/2026 01:18:59,53,64,0,62,67,61,61,61,61,76,12.0720005,5.02000046,1.30800009,1.39200008,1.008,0.34800002,0.612000048,3.27600026,2.046,0,3.364,3.364,3.11600018,60,50,51.5,49,1186,852,0,949,855,0,0,0,0,0,39.68,17.46,3.17,3.17,4.76,42.86,3.17,0,14.29,42.86,40.21015,4106,791,5025,1722,50.25,1.97179031,0.50625,4020,1099,40.2,1.6093334,0.50625,3995,436,40.2,1.08560884,0.50625,3933,314,40.2,0.9701573,0.50625,4020,682,40.2,1.31607592,0.50625,4020,1635,40.2,1.9668386,0.50625,3944,235,40.4,0.887457848,0.51875,3895,208,40.4,0.8664031,0.51875,60.2500076,55.6250038,99.9975,29.5103989,7.370365,80.01569,10.8795471,4.001217,73.11148,45.5,0.25,0,55,0,85,0.416,1.01,16,16,16,32,48,30,295,160,130,0,0,0,16,44.75,0.25,0,55,0,85,0.416,1.01,16,16,16,32,48,30,295,160,130,0,0,0,16,512,-1,485.785156,485.480469,0.3046875,0.5,7618.451,7618.951,0,0,0,0,0,0,0,0,0,0,0,0,512,600,1200,3000,58,0.989,1.30500007,0,15,16,52,2835,10451.9824,1303,1306,40,40,57,34,0,1,56.071,63.027,1.09,11740.8086,422.046875,55.1367874,0,0,0,0.0152618075,0,0,0,0,0,0.02129485,0,0,0,60.03125,62,16376,4335,12040,73.52661,155.738,2.507991E+08,5.289984E+07
05/28/2026 01:19:01,53,64,0,62,67,61,61,61,61,76,12.0960007,5.02000046,1.30800009,1.39200008,1.006,0.342,0.612000048,3.28000021,2.046,0,3.364,3.364,3.11200023,59,50,51.5,49,1186,852,0,951,865,0,0,0,0,0,43.94,10.77,7.69,4.62,12.31,43.08,3.08,4.62,16.26,43.94,39.6136131,3391,773,4850,1694,48.5,1.93150294,0.65,3233,1047,32.3333321,1.57003176,0.65,3233,458,32.3333321,1.089286,0.65,3137,318,32.3333321,0.96506387,0.65,3233,711,32.3333321,1.32840335,0.65,3233,1537,32.3333321,1.8699075,0.65,3123,227,32.3333321,0.882991552,0.65,3087,192,32.3333321,0.847618639,0.65,59.8750076,55.1250038,99.99749,29.4800072,7.400757,79.93329,10.8524094,4.02835464,72.9291153,45.5,0.25,0,55,0,85,0.416,1.01,16,16,16,32,48,30,295,160,130,0,0,0,16,44.75,0.25,0,55,0,85,0.416,1.01,16,16,16,32,48,30,295,160,130,0,0,0,16,512,-1,485.785156,485.480469,0.3046875,0.5,7618.451,7618.951,0,0,0,0,0,0,0,0,0,0,0,0,512,600,1200,3000,57,1,1.30500007,0,5,16,52,2835,10451.9824,1300,1301,40,40,56,34,0,1,56.286,48.451,1.09,11740.8086,422.605469,57.0689545,0,0,0,0.0162491724,0,0,0,0,0,0.0126273688,0,0,0,60.625,62,16376,4335,12040,73.52661,157.09,2.579497E+08,65949696
05/28/2026 01:19:03,53,64,0,62,67,61,61,61,61,76,12.0960007,5.02000046,1.30800009,1.39200008,1.00200009,0.350000024,0.612000048,3.28000021,2.046,0,3.364,3.364,3.11200023,59,50,51.5,49,1188,821,0,935,888,0,0,0,0,0,31.25,17.19,9.38,1.56,9.38,39.06,0,0,13.48,39.06,39.4416351,4006,774,4850,1675,48.5,1.89231217,0.5375,4850,1061,48.5,1.53221583,0.5375,3233,466,32.3333321,1.08777452,0.5375,3166,294,32.3333321,0.933690548,0.5375,4850,716,48.5,1.325435,0.5375,4850,1553,48.5,1.85672128,0.5375,3157,239,32.3333321,0.88240397,0.5375,3091,191,32.3333321,0.83148545,0.5375,59.8750076,55.6250038,99.99748,29.4807053,7.40005875,79.93518,10.8521271,4.028637,72.9272156,45.5,0.25,0,55,0,85,0.416,1.01,16,16,16,32,48,30,295,160,130,0,0,0,16,44.75,0.25,0,55,0,85,0.416,1.01,16,16,16,32,48,30,295,160,130,0,0,0,16,512,-1,485.785156,485.480469,0.3046875,0.5,7618.451,7618.951,0,0,0,0,0,0,0,0,0,0,0,0,512,600,1200,3000,57,0.974000037,1.30500007,0,4,16,52,2835,10451.9824,1297,1295,40,40,56,34,0,1,55.471,61.07,1.09,11740.8086,422.605469,53.6644669,0,0,0,0.0148184318,0,0,0,0,0,0,0,0,0,59.96875,62,16376,4335,12040,73.52661,156.882,331749376,62449664
05/28/2026 01:19:05,52,64,0,60,66,60,60,60,60,75,12.0960007,5.03,1.30800009,1.39200008,0.998,0.350000024,0.612000048,3.28000021,2.046,0,3.364,3.364,3.11600018,59,50.5,51.5,49,1177,822,0,939,880,0,0,0,0,0,31.25,25.4,6.35,4.76,12.7,31.25,3.17,4.76,14.96,31.25,40.02698,3596,789,4850,1736,48.5,1.94845927,0.65,3233,1103,32.3333321,1.58769774,0.65,3229,442,32.3333321,1.06678724,0.65,3163,326,32.3333321,0.9636992,0.65,3233,711,32.3333321,1.31984258,0.65,4850,1564,48.5,1.88155913,0.65,3119,231,32.3333321,0.8785541,0.65,3092,200,32.3333321,0.8429263,0.65,59.7500076,55.1250038,99.99749,29.5104065,7.37035751,80.01572,10.8793106,4.0014534,73.10989,45.5,0.25,0,55,0,85,0.416,1.01,16,16,16,32,48,30,295,160,130,0,0,0,16,44.75,0.25,0,55,0,85,0.416,1.01,16,16,16,32,48,30,295,160,130,0,0,0,16,512,-1,485.785156,485.480469,0.3046875,0.5,7618.451,7618.951,0,0,0,0,0,0,0,0,0,0,0,0,512,600,1200,3000,57,1,1.30500007,0,3,16,52,2835,10451.9824,1292,1291,40,40,56,34,0,1,54.928,49.819,1.09,11740.8086,422.605469,52.2929573,0,0,0,0.0154333785,0,0,0,0,0,0,0,0,0,60.46875,62,16376,4335,12040,73.52661,155.554,2.64149E+08,5.364941E+07
05/28/2026 01:19:07,52,64,0,60,66,60,60,60,60,75,12.0960007,5.02000046,1.30800009,1.39200008,1.01,0.342,0.612000048,3.28400016,2.046,0,3.36800027,3.364,3.11600018,59,50,51.5,49,1159,822,0,925,872,0,0,0,0,0,40,15.38,6.15,4.62,7.69,44.62,4.62,6.15,16.15,44.62,40.1256065,4237,809,5050,1783,50.5,2.08673048,0.51875,5050,1055,50.5,1.637023,0.51875,4040,471,40.4,1.12366438,0.51875,3908,330,40.4,0.9980496,0.50625,4040,671,40.4,1.31581044,0.50625,4040,1723,40.4,2.05788922,0.50625,3871,233,40.4,0.897206545,0.50625,3894,208,40.4,0.870485246,0.50625,59.8750076,55.1250038,99.99749,29.4793434,7.40142059,79.93149,10.85046,4.030304,72.9160156,45.5,0.25,0,55,0,85,0.416,1.01,16,16,16,32,48,30,295,160,130,0,0,0,16,44.75,0.25,0,55,0,85,0.416,1.01,16,16,16,32,48,30,295,160,130,0,0,0,16,512,-1,485.785156,485.480469,0.3046875,0.5,7618.451,7618.951,0,0,0,0,0,0,0,0,0,0,0,0,512,600,1200,3000,57,0.989,1.30500007,0,16,17,52,2835,10451.9824,1286,1285,40,40,59,34,0,1,57.705,59.008,1.09,11740.875,378.949219,54.6287537,0,0,0,0.019191958,0,0,0,0,0,0.0248095952,0,0,0,60.03125,62,16376,4335,12040,73.5277557,156.48,304249856,55849984
05/28/2026 01:19:09,52,64,0,61,66,61,61,61,61,76,12.0720005,5.02000046,1.30800009,1.39200008,1.0200001,0.342,0.612000048,3.28000021,2.046,0,3.364,3.364,3.11200023,60,50,51.5,49,1157,821,0,923,867,0,0,0,0,0,43.08,21.54,13.85,10.94,9.23,33.85,7.81,3.12,17.93,43.08,41.0187378,4625,923,4850,1892,48.5,2.18030357,0.63125,4850,1208,48.5,1.81583238,0.63125,4850,532,48.5,1.21387458,0.63125,3205,392,32.3333321,1.07470632,0.63125,4850,760,48.5,1.41066921,0.63125,4850,2024,48.5,2.28460431,0.63125,4698,274,48.5,0.962383866,0.63125,4850,301,48.5,0.9749212,0.63125,60.5000076,55.6250038,99.99748,29.5695724,7.31119156,80.17614,10.9283447,3.95241928,73.43941,45.5,0.25,0,55,0,85,0.416,1.01,16,16,16,32,48,30,295,160,130,0,0,0,16,44.75,0.25,0,55,0,85,0.416,1.01,16,16,16,32,48,30,295,160,130,0,0,0,16,512,-1,485.785156,485.480469,0.3046875,0.5,7618.451,7618.951,0,0,0,0,0,0,0,0,0,0,0,0,512,600,1200,3000,57,0.979000032,1.30500007,0,10,16,52,2835,10451.9824,1282,1280,40,40,53,32,0,1,55.062,60.937,1.09,11741.2539,379.027344,49.3549957,0,0,0,0.0159973744,0,0,0,0,0,0.0173634868,0,0,0,60.21875,62,16376,4334,12041,73.53005,156.005,159299584,59099136
05/28/2026 01:19:11,53,64,0,62,67,63,63,62,62,78,12.0720005,5.02000046,1.30800009,1.39200008,1.008,0.352000028,0.612000048,3.28000021,2.046,0,3.36800027,3.36800027,3.11600018,60,50,51.5,49,1196,821,0,941,846,0,0,0,0,0,34.92,36.51,12.7,4.69,17.46,33.33,6.25,3.12,18.62,36.51,39.53844,3830,782,4850,1647,48.5,1.947305,0.5625,4850,1033,48.5,1.58722413,0.5625,3233,453,32.3333321,1.09498739,0.5625,3209,310,32.3333321,0.95811975,0.5625,3233,669,32.3333321,1.28499615,0.5625,4850,1731,48.5,2.02060986,0.625,3225,233,32.3333321,0.881453,0.625,3191,183,32.3333321,0.8281201,0.625,60.7500076,55.1250038,99.99749,29.5418358,7.338928,80.10094,10.9056931,3.975071,73.2871857,45.25,0.25,0,55,0,85,0.416,1.01,16,16,16,32,48,30,295,160,130,0,0,0,16,44.75,0.25,0,55,0,85,0.416,1.01,16,16,16,32,48,30,295,160,130,0,0,0,16,512,-1,485.785156,485.480469,0.3046875,0.5,7618.451,7618.951,0,0,0,0,0,0,0,0,0,0,0,0,512,600,1200,3000,56,0.974000037,1.30500007,0,6,16,52,2835,10451.9824,1274,1274,39,39,55,33,0,1,54.627,48.917,1.09,11741.2539,379.027344,52.05263,0,0,0,0.015002355,0,0,0,0,0,0,0,0,0,59.96875,62,16376,4334,12041,73.53005,157.001,2.378496E+08,50699264
05/28/2026 01:19:13,53,64,0,62,67,61,61,61,61,76,12.0720005,5.02000046,1.30800009,1.39200008,1.016,0.346000016,0.612000048,3.28000021,2.046,0,3.364,3.36000013,3.11200023,60,50,51.5,49,1194,822,0,932,857,0,0,0,0,0,29.69,10.94,9.38,1.56,9.38,14.06,1.56,1.56,9.77,29.69,39.66602,4177,786,4040,1660,40.4,1.96227646,0.5375,5050,1056,50.5,1.61872518,0.5375,3990,443,40.4,1.0876447,0.5375,3324,302,33.6666679,0.949800968,0.5375,4040,662,40.4,1.290773,0.5375,5050,1760,50.5,2.08292317,0.5125,3970,229,40.4,0.88004297,0.5375,3949,173,40.4,0.8212906,0.5375,60.3750076,57.1250038,99.99748,29.5424881,7.338276,80.1027,10.9033546,3.97740936,73.27147,45.25,0.25,0,55,0,85,0.416,1.01,16,16,16,32,48,30,295,160,130,0,0,0,16,44.75,0.25,0,55,0,85,0.416,1.01,16,16,16,32,48,30,295,160,130,0,0,0,16,512,-1,485.785156,485.480469,0.3046875,0.5,7618.451,7618.951,0,0,0,0,0,0,0,0,0,0,0,0,512,600,1200,3000,57,1.05000007,1.30500007,0,7,16,52,2835,10451.9824,1270,1271,39,39,55,33,0,1,54.463,62.314,1.09,11741.2539,379.027344,52.1645966,0,0,0,0.0171530042,0,0,0,0,0,0,0,0,0,60,62,16376,4334,12041,73.53005,156.274,249499648,5.174989E+07
05/28/2026 01:19:15,53,64,0,62,67,61,61,61,61,76,12.0720005,5.03,1.30800009,1.39200008,1.016,0.344,0.612000048,3.28000021,2.046,0,3.36800027,3.364,3.11600018,60,50,51.5,49,1203,852,0,956,886,0,0,0,0,0,40.62,20.31,6.25,9.52,15.62,31.25,4.76,7.94,17.04,40.62,40.4873466,4598,802,4850,1757,48.5,2.03213,0.675,3233,1062,32.3333321,1.61032033,0.675,4784,450,48.5,1.09949911,0.675,4769,315,48.5,0.9644758,0.64375,4850,689,48.5,1.30814123,0.64375,4850,1729,48.5,2.030474,0.64375,4751,237,48.5,0.891980767,0.64375,4701,178,48.5,0.8264855,0.64375,60.2500076,55.6250038,99.99748,29.5709229,7.309841,80.1798,10.9321022,3.9486618,73.46466,45.25,0.25,0,55,0,85,0.416,1.01,16,16,16,32,48,30,295,160,130,0,0,0,16,44.75,0.25,0,55,0,85,0.416,1.01,16,16,16,32,48,30,295,160,130,0,0,0,16,512,-1,485.785156,485.480469,0.3046875,0.5,7618.451,7618.951,0,0,0,0,0,0,0,0,0,0,0,0,512,600,1200,3000,57,1.069,1.30500007,0,10,16,52,2835,10451.9824,1265,1266,39,39,55,33,0,1,55.097,60.49,1.09,11741.6328,379.027344,51.7198639,0,0,0,0.01700427,0,0,0,0,0,0.0161718931,0,0,0,60.0625,60,16376,4334,12041,73.53234,157.137,277049344,62649344
05/28/2026 01:19:17,54,64,0,62,68,62,62,63,63,78,12.0960007,5.02000046,1.30800009,1.39200008,1.042,0.36,0.612000048,3.27600026,2.046,0,3.364,3.364,3.11200023,62,50,51.5,49,1212,852,0,951,866,0,0,0,0,0,34.38,28.12,10.94,10.94,12.5,21.88,0,0,14.84,34.38,41.5394478,3787,995,4850,2053,48.5,2.39894,0.61875,4850,1207,48.5,1.83174479,0.61875,3172,562,32.3333321,1.25898135,0.61875,3120,443,32.3333321,1.141942,0.61875,3229,808,32.3333321,1.497515,0.61875,4850,2278,48.5,2.65108919,0.61875,3140,353,32.3333321,1.05973637,0.61875,3086,259,32.3333321,0.9713193,0.61875,62.7500076,56.1250038,99.9975,29.58974,7.29102325,80.23083,10.9551582,3.92560577,73.6196,45.25,0.25,0,55,0,85,0.416,1.01,16,16,16,32,48,30,295,160,130,0,0,0,16,44.75,0.25,0,55,0,85,0.416,1.01,16,16,16,32,48,30,295,160,130,0,0,0,16,512,-1,485.785156,485.480469,0.3046875,0.5,7618.451,7618.951,0,0,0,0,0,0,0,0,0,0,0,0,512,600,1200,3000,57,1.064,1.30500007,0,18,16,52,2835,10451.9824,1261,1262,39,39,55,33,0,1,54.685,50.834,1.09,11741.6328,378.796875,52.2349434,0,0,0,0.0150941825,0,0,0,0,0,0.007031949,0,0,0,59.9375,60,16376,4334,12041,73.53234,158.373,2.547497E+08,5.874995E+07
05/28/2026 01:19:19,55,64,0,63,69,65,65,65,65,79,12.0720005,5.02000046,1.30800009,1.39200008,1.018,0.342,0.612000048,3.28000021,2.046,0,3.364,3.364,3.11200023,62,50,51.5,49,1223,852,0,941,894,0,0,0,0,0,51.56,26.56,10.94,7.81,10.94,21.88,1.56,3.12,16.8,51.56,40.1499,4355,830,4850,1783,48.5,2.007595,0.55,4850,1102,48.5,1.65230548,0.55,4727,465,48.5,1.13168359,0.55,4615,312,48.5,0.9849238,0.55,4850,724,48.5,1.36712289,0.55,4850,1843,48.5,2.073765,0.60625,3059,231,32.3333321,0.9016932,0.60625,3041,180,32.3333321,0.8450539,0.60625,61.8750076,55.1250038,99.9975,29.55093,7.329834,80.1255951,10.9154472,3.96531677,73.35274,45.25,0.25,0,55,0,85,0.416,1.01,16,16,16,32,48,30,295,160,130,0,0,0,16,44.75,0.25,0,55,0,85,0.416,1.01,16,16,16,32,48,30,295,160,130,0,0,0,16,512,-1,485.785156,485.480469,0.3046875,0.5,7618.451,7618.951,0,0,0,0,0,0,0,0,0,0,0,0,512,600,1200,3000,57,1.04000008,1.30500007,0,17,17,52,2835,10451.9824,1255,1258,39,39,58,34,0,1,54.612,48.825,1.09,11741.6328,378.796875,54.40816,0,0,0,0.0161275975,0,0,0,0,0,0,0,0,0,60.75,62,16376,4334,12041,73.53234,158.556,262949888,5.489971E+07
05/28/2026 01:19:21,55,64,0,63,69,63,63,63,63,78,12.0720005,5.02000046,1.30800009,1.39200008,1.018,0.354,0.612000048,3.28000021,2.046,0,3.364,3.364,3.11200023,61,50,51.5,49,1226,852,0,943,900,0,0,0,0,0,52.38,20.63,9.52,1.59,12.7,34.92,1.59,0,16.67,52.38,40.0006943,4087,870,5050,1872,50.5,2.07938051,0.55625,4040,1178,40.4,1.7246604,0.55625,3940,477,40.4,1.15188444,0.55625,3909,354,40.4,1.02292573,0.55625,4040,736,40.4,1.38916945,0.55625,4040,1879,40.4,2.1420424,0.55625,3827,255,40.4,0.9265807,0.55625,3850,212,40.4,0.8834044,0.55625,61.2500076,55.6250038,99.99749,29.58421,7.29655457,80.21583,10.9488945,3.93186951,73.5775,45.25,0.25,0,55,0,85,0.416,1.01,16,16,16,32,48,30,295,160,130,0,0,0,16,44.75,0.25,0,55,0,85,0.416,1.01,16,16,16,32,48,30,295,160,130,0,0,0,16,512,-1,485.785156,485.480469,0.3046875,0.5,7618.451,7618.951,0,0,0,0,0,0,0,0,0,0,0,0,512,600,1200,3000,57,1.06000006,1.30500007,0,10,16,52,2835,10451.9824,1250,1251,39,39,58,34,0,1,54.755,50.177,1.09,11741.6328,378.796875,54.1443748,0,0,0,0.0161529128,0,0,0,0,0,0,0,0,0,60.53125,62,16376,4334,12041,73.53234,158.39,1.478994E+08,65649664
05/28/2026 01:19:23,55,64,0,63,69,62,62,62,62,77,12.0720005,5.02000046,1.30800009,1.388,1.016,0.354,0.612000048,3.27600026,2.046,0,3.364,3.364,3.11200023,60,50,51.5,49,1217,853,0,951,885,0,0,0,0,0,50,18.75,4.69,0,10.94,31.25,0,3.12,14.84,50,40.2259178,3827,831,4040,1770,40.4,2.03791022,0.5375,4040,1101,40.4,1.64747083,0.5375,3359,461,33.6666679,1.11123991,0.5375,3276,349,33.6666679,1.00413573,0.5375,4850,716,48.5,1.34380257,0.53125,4850,1795,48.5,2.080933,0.53125,3077,250,32.3333321,0.9082556,0.53125,3123,208,32.3333321,0.8681179,0.53125,61.0000076,55.1250038,99.99748,29.582943,7.297821,80.2123947,10.9351768,3.94558716,73.48532,45.25,0.25,0,55,0,85,0.416,1.01,16,16,16,32,48,30,295,160,130,0,0,0,16,44.75,0.25,0,55,0,85,0.416,1.01,16,16,16,32,48,30,295,160,130,0,0,0,16,512,-1,485.785156,485.480469,0.3046875,0.5,7618.451,7618.951,0,0,0,0,0,0,0,0,0,0,0,0,512,600,1200,3000,57,0.984,1.30500007,0,5,16,53,2835,10451.9824,1247,1245,38,38,56,33,0,1,54.633,59.676,1.09,11741.6328,378.796875,49.07137,0,0,0,0.0141670825,0,0,0,0,0,0,0,0,0,60.46875,60,16376,4334,12041,73.53234,157.85,2.53099E+08,61899776
05/28/2026 01:19:25,53,63,0,62,68,61,61,61,61,76,12.0720005,5.02000046,1.30600011,1.39200008,1.018,0.346000016,0.612000048,3.27600026,2.046,0,3.364,3.364,3.11200023,60,49.5,51.5,49,1207,848,0,958,905,0,0,0,0,0,37.5,31.25,14.06,4.69,14.06,21.88,7.81,10.94,17.77,37.5,40.06726,4774,848,4850,1792,48.5,2.04636359,0.5375,4850,1106,48.5,1.63912249,0.5375,4781,468,48.5,1.13383591,0.5375,4726,362,48.5,1.02323627,0.5375,4850,722,48.5,1.37143075,0.5375,4850,1854,48.5,2.10012317,0.5375,4643,260,48.5,0.9309042,0.5375,4640,224,48.5,0.884669244,0.5375,60.3750076,55.6250038,99.9975,29.5841064,7.29665756,80.2155457,10.9477882,3.93297577,73.57007,45.25,0.25,0,55,0,85,0.416,1.01,16,16,16,32,48,30,295,160,130,0,0,0,16,44.75,0.25,0,55,0,85,0.416,1.01,16,16,16,32,48,30,295,160,130,0,0,0,16,512,-1,485.785156,485.480469,0.3046875,0.5,7618.451,7618.951,0,0,0,0,0,0,0,0,0,0,0,0,512,600,1200,3000,57,0.979000032,1.30500007,0,5,16,53,2835,10451.9824,1241,1243,38,38,57,34,0,1,54.308,52.171,1.09,11742.0078,378.796875,53.0627975,0,0,0,0.016206596,0,0,0,0,0,0,0,0,0,60.125,60,16376,4333,12042,73.53463,158.086,2.757499E+08,5.279949E+07
05/28/2026 01:19:27,53,63,0,62,67,61,61,61,61,76,12.0960007,5.03,1.30800009,1.39200008,1.016,0.34800002,0.612000048,3.28000021,2.046,0,3.36800027,3.364,3.11600018,60,50,51.5,49,1189,808,0,951,896,0,0,0,0,0,30.16,20.63,12.7,7.94,11.11,22.22,4.76,0,13.69,30.16,39.9946938,3381,847,4850,1733,48.5,1.96838486,0.6375,3233,1142,32.3333321,1.658101,0.6375,3183,481,32.3333321,1.12966871,0.6375,3124,348,32.3333321,1.00052273,0.6375,3233,754,32.3333321,1.37458467,0.6375,3233,1840,32.3333321,2.08869147,0.6375,3078,268,32.3333321,0.9259567,0.6375,3117,207,32.3333321,0.8661698,0.6375,60.1250076,55.1250038,99.99748,29.5845146,7.29624939,80.21665,10.9394,3.94136429,73.5137,45.25,0.25,0,55,0,85,0.416,1.01,16,16,16,32,48,30,295,160,130,0,0,0,16,44.75,0.25,0,55,0,85,0.416,1.01,16,16,16,32,48,30,295,160,130,0,0,0,16,512,-1,485.785156,485.480469,0.3046875,0.5,7618.451,7618.951,0,0,0,0,0,0,0,0,0,0,0,0,512,600,1200,3000,57,0.984,1.30500007,0,6,16,53,2835,10451.9824,1238,1239,38,38,57,34,0,1,54.408,52.419,1.09,11742.0078,378.796875,52.8391,0,0,0,0.01482195,0,0,0,0,0,0,0,0,0,60.3125,62,16376,4333,12042,73.53463,156.582,254849024,55599104
05/28/2026 01:19:29,53,63,0,62,67,61,61,61,61,76,12.0720005,5.02000046,1.30800009,1.39200008,1.00400007,0.344,0.612000048,3.28000021,2.046,0,3.364,3.364,3.11600018,60,50,51.5,49,1188,840,0,940,867,0,0,0,0,0,28.12,12.5,4.69,3.12,7.81,28.12,4.69,0,11.13,28.12,40.2007866,4218,812,4850,1652,48.5,1.93239951,0.6125,4850,1038,48.5,1.58816326,0.6125,3233,483,32.3333321,1.11131632,0.6125,3195,345,32.3333321,0.9856858,0.6125,3233,721,32.3333321,1.32289648,0.6125,4850,1801,48.5,2.059236,0.625,4759,251,48.5,0.9010628,0.625,4775,205,48.5,0.845741451,0.625,60.0000076,56.6250038,99.99749,29.5829582,7.297806,80.21243,10.9472542,3.93350983,73.56648,45.25,0.25,0,55,0,85,0.416,1.01,16,16,16,32,48,30,295,160,130,0,0,0,16,44.75,0.25,0,55,0,85,0.416,1.01,16,16,16,32,48,30,295,160,130,0,0,0,16,512,-1,485.785156,485.480469,0.3046875,0.5,7618.451,7618.951,0,0,0,0,0,0,0,0,0,0,0,0,512,600,1200,3000,57,0.989,1.30500007,0,5,16,53,2835,10451.9824,1234,1234,38,38,57,34,0,1,56.018,60.169,1.09,11742.0078,378.796875,52.0417633,0,0,0,0.0152031546,0,0,0,0,0,0,0,0,0,60.09375,62,16376,4333,12042,73.53463,156.498,375199744,5.244928E+07
05/28/2026 01:19:31,53,63,0,61,67,60,60,60,60,76,12.0720005,5.02000046,1.30800009,1.39200008,1.03000009,0.350000024,0.612000048,3.28000021,2.046,0,3.36800027,3.364,3.11600018,60,50,51.5,49,1183,811,0,941,866,0,0,0,0,0,39.06,23.44,3.12,0,7.81,34.38,1.56,1.56,13.87,39.06,40.7604141,4822,917,4850,1880,48.5,2.220888,0.53125,4850,1184,48.5,1.80798066,0.53125,4819,522,48.5,1.20149958,0.53125,4829,406,48.5,1.08402526,0.53125,4850,753,48.5,1.412313,0.53125,4850,2061,48.5,2.28996873,0.53125,4768,284,48.5,0.972404659,0.53125,4757,244,48.5,0.918417931,0.53125,60.2500076,55.6250038,99.99749,29.5813446,7.2994194,80.20805,10.937767,3.942997,73.50272,45.25,0.25,0,55,0,85,0.416,1.01,16,16,16,32,48,30,295,160,130,0,0,0,16,44.75,0.25,0,55,0,85,0.416,1.01,16,16,16,32,48,30,295,160,130,0,0,0,16,512,-1,485.785156,485.480469,0.3046875,0.5,7618.451,7618.951,0,0,0,0,0,0,0,0,0,0,0,0,512,600,1200,3000,57,0.984,1.30500007,0,7,16,53,2835,10451.9824,1229,1231,38,38,58,34,0,1,56.36,50.956,1.09,11742.0078,378.796875,52.611042,0,0,0,0.0219634,0,0,0,0,0,0,0,0,0,60.4375,62,16376,4333,12042,73.53463,157.914,3.04E+08,7.099904E+07
05/28/2026 01:19:33,53,64,0,62,67,61,61,61,61,76,12.0720005,5.02000046,1.30800009,1.39200008,1.026,0.352000028,0.612000048,3.28000021,2.046,0,3.36800027,3.364,3.11600018,60,49.5,51.5,49,1179,845,0,941,881,0,0,0,0,0,29.69,18.75,15.62,10.94,23.44,31.25,4.69,1.56,16.99,31.25,40.9762344,3825,912,4850,1876,48.5,2.22150755,0.61875,4850,1175,48.5,1.80428064,0.61875,3233,556,32.3333321,1.22839975,0.61875,3184,414,32.3333321,1.08889747,0.61875,3233,776,32.3333321,1.41948926,0.61875,4850,1968,48.5,2.25056577,0.61875,3204,310,32.3333321,0.9938671,0.61875,3195,224,32.3333321,0.9135345,0.61875,60.2500076,55.1250038,99.99748,29.5819473,7.29881668,80.2096939,10.9434624,3.93730164,73.541,45.25,0.25,0,55,0,85,0.416,1.01,16,16,16,32,48,30,295,160,130,0,0,0,16,44.75,0.25,0,55,0,85,0.416,1.01,16,16,16,32,48,30,295,160,130,0,0,0,16,512,-1,485.785156,485.480469,0.3046875,0.5,7618.451,7618.951,0,0,0,0,0,0,0,0,0,0,0,0,512,600,1200,3000,57,0.995000064,1.30500007,0,4,16,52,2835,10451.9824,1226,1225,38,38,57,34,0,1,55.988,48.928,1.09,11742.4961,378.796875,52.728405,0,0,0,0.0203985814,0,0,0,0,0,0,0,0,0,60.03125,62,16376,4333,12042,73.53759,157.017,260449280,53999616
05/28/2026 01:19:35,53,64,0,62,67,61,61,61,61,76,12.0960007,5.02000046,1.30800009,1.39200008,1.00400007,0.356,0.614,3.27600026,2.046,0,3.364,3.364,3.11600018,60,49.5,51.5,49,1191,817,0,938,886,0,0,0,0,0,33.85,15.38,9.23,4.62,12.31,18.46,1.54,0,11.92,33.85,40.28484,4491,880,5050,1781,50.5,2.04637074,0.5375,5000,1142,50,1.67299616,0.53125,5000,551,50,1.194008,0.53125,3900,396,40,1.04591,0.53125,4000,787,40,1.3807987,0.53125,5050,1869,50.5,2.097634,0.50625,3992,311,40.4,0.9612037,0.50625,3933,206,40.4,0.869356453,0.50625,60.2500076,55.6250038,99.99748,29.57985,7.300915,80.204,10.93713,3.943634,73.49844,45.25,0.25,0,55,0,85,0.416,1.01,16,16,16,32,48,30,295,160,130,0,0,0,16,44.75,0.25,0,55,0,85,0.416,1.01,16,16,16,32,48,30,295,160,130,0,0,0,16,512,-1,485.785156,485.480469,0.3046875,0.5,7618.451,7618.951,0,0,0,0,0,0,0,0,0,0,0,0,512,600,1200,3000,56,1.064,1.30500007,0,17,16,52,2835,10451.9824,1222,1223,38,38,57,34,0,1,55.916,51.824,1.09,11742.4961,378.796875,52.3139725,0,0,0,0.0151378661,0,0,0,0,0,0,0,0,0,60,62,16376,4333,12042,73.53759,155.956,232749056,58899456
05/28/2026 01:19:37,53,63,0,62,67,61,61,60,60,76,12.0960007,5.02000046,1.30600011,1.39200008,1.01,0.342,0.614,3.28000021,2.046,0,3.364,3.364,3.11200023,59,49.5,51.5,49,1197,816,0,935,866,0,0,0,0,0,26.98,17.46,9.52,1.56,7.94,33.33,3.12,1.56,12.69,33.33,39.8627167,3611,801,4850,1666,48.5,1.932817,0.5375,3233,1064,32.3333321,1.61283648,0.5375,3200,485,32.3333321,1.10948193,0.5375,3197,351,32.3333321,0.979933262,0.5375,3233,689,32.3333321,1.29338217,0.5375,4850,1719,48.5,1.95901048,0.5375,3169,258,32.3333321,0.9044688,0.5375,3158,179,32.3333321,0.82881093,0.5375,60.0000076,55.1250038,99.99749,29.58096,7.29980469,80.207016,10.9457588,3.93500519,73.55643,45.25,0.25,0,55,0,85,0.416,1.01,16,16,16,32,48,30,295,160,130,0,0,0,16,44.75,0.25,0,55,0,85,0.416,1.01,16,16,16,32,48,30,295,160,130,0,0,0,16,512,-1,485.785156,485.480469,0.3046875,0.5,7618.451,7618.951,0,0,0,0,0,0,0,0,0,0,0,0,512,600,1200,3000,57,0.989,1.30500007,0,7,16,51,2835,10451.9824,1218,1219,37,37,56,34,0,1,56.343,54.536,1.09,11742.4961,378.796875,52.1629333,0,0,0,0.0152892275,0,0,0,0,0,0,0,0,0,60.125,62,16376,4333,12042,73.53759,157.088,170499072,5.374976E+07
05/28/2026 01:19:39,53,62,0,61,67,60,60,60,60,75,12.0720005,5.02000046,1.30600011,1.39200008,1.006,0.34,0.614,3.27600026,2.046,0,3.364,3.364,3.11200023,59,50,51.5,49,1200,835,0,947,887,0,0,0,0,0,40.62,25,14.06,12.5,12.5,37.5,7.81,7.81,19.73,40.62,39.9353676,4370,876,4020,1804,40.2,2.092594,0.5125,5025,1159,50.25,1.73675406,0.5125,5025,521,50.25,1.17427444,0.5125,3994,358,40.2,1.02652812,0.5125,4020,780,40.2,1.39018667,0.5125,5050,1944,50.5,2.14526272,0.50625,3938,261,40.4,0.934173763,0.50625,3888,185,40.4,0.8594356,0.50625,59.8750076,55.6250038,99.99749,29.4969864,7.38377762,79.9793243,10.8675156,4.01324844,73.03063,45.25,0.25,0,55,0,85,0.416,1.01,16,16,16,32,48,30,295,160,130,0,0,0,16,44.75,0.25,0,55,0,85,0.416,1.01,16,16,16,32,48,30,295,160,130,0,0,0,16,512,-1,485.785156,485.480469,0.3046875,0.5,7618.451,7618.951,0,0,0,0,0,0,0,0,0,0,0,0,512,600,1200,3000,57,0.969000041,1.30500007,0,6,16,52,2835,10451.9824,1212,1213,37,37,54,34,0,1,57.353,52.358,1.09,11742.8711,378.796875,50.3983536,0,0,0,0.0169666428,0,0,0,0,0,0.0136475181,0,0,0,60.03125,62,16376,4333,12042,73.53988,159.35,2.899497E+08,7.104922E+07
05/28/2026 01:19:41,53,62,0,60,66,61,61,61,61,76,12.0720005,5.02000046,1.30600011,1.388,1.01,0.34,0.614,3.28000021,2.046,0,3.364,3.364,3.11200023,60,49.5,51.5,49,1183,800,0,946,863,0,0,0,0,0,31.75,17.46,9.38,6.25,15.62,31.75,3.12,3.12,14.81,31.75,40.4386749,4133,798,4040,1884,40.4,2.16906357,0.5125,4040,1005,40.4,1.57687736,0.5125,4028,470,40.4,1.09932637,0.5125,4014,333,40.4,0.973958254,0.5125,5050,673,50.5,1.27953339,0.5125,4040,1624,40.4,1.94452453,0.5125,3957,225,40.4,0.8731477,0.5125,3893,169,40.4,0.815903544,0.5125,60.3750076,54.6250038,99.9974747,29.5227547,7.35800934,80.0491943,10.892334,3.98843,73.19741,45.25,0.25,0,55,0,85,0.416,1.01,16,16,16,32,48,30,295,160,130,0,0,0,16,44.75,0.25,0,55,0,85,0.416,1.01,16,16,16,32,48,30,295,160,130,0,0,0,16,512,-1,485.785156,485.480469,0.3046875,0.5,7618.451,7618.951,0,0,0,0,0,0,0,0,0,0,0,0,512,600,1200,3000,57,0.974000037,1.30500007,0,4,16,52,2835,10451.9824,1209,1208,37,37,49,33,0,0,53.722,61.013,1.09,11742.9648,378.796875,47.14776,0,0,0,0.0205864664,0,0,0,0,0,0,0,0,0,60.125,62,16376,4333,12042,73.54045,158.161,1.638994E+08,53999616
05/28/2026 01:19:43,53,62,0,61,67,61,61,61,61,76,12.0720005,5.02000046,1.30800009,1.39200008,1.00400007,0.346000016,0.614,3.27600026,2.046,0,3.364,3.364,3.11600018,60,49.5,51.5,49,1188,796,0,940,877,0,0,0,0,0,20,9.23,6.15,7.69,16.92,20,1.54,3.08,10.58,20,38.8091927,4824,740,4850,1533,48.5,1.7822721,0.625,4850,926,48.5,1.43732119,0.625,4835,462,48.5,1.04854035,0.625,4826,337,48.5,0.9316962,0.625,4850,678,48.5,1.2451663,0.625,4850,1578,48.5,1.83224607,0.625,4776,229,48.5,0.8407211,0.625,4752,176,48.5,0.7879415,0.625,60.0000076,55.1250038,99.99749,29.49295,7.38781357,79.96838,10.8640785,4.01668549,73.00753,45.25,0.25,0,55,0,85,0.416,1.01,16,16,16,32,48,30,295,160,130,0,0,0,16,44.75,0.25,0,55,0,85,0.416,1.01,16,16,16,32,48,30,295,160,130,0,0,0,16,512,-1,485.785156,485.480469,0.3046875,0.5,7618.451,7618.951,0,0,0,0,0,0,0,0,0,0,0,0,512,600,1200,3000,56,0.969000041,1.30500007,0,4,16,52,2835,10451.9824,1205,1206,37,37,49,33,0,0,54.778,64.66,1.09,11742.9648,378.796875,47.3261,0,0,0,0.0153689366,0,0,0,0,0,0,0,0,0,60.9375,60,16376,4333,12042,73.54045,158.283,199349248,54749184
05/28/2026 01:19:45,53,62,0,62,67,61,61,60,60,76,12.0960007,5.02000046,1.30800009,1.39200008,1.01200008,0.352000028,0.614,3.28000021,2.046,0,3.364,3.364,3.11200023,59,49.5,51.5,49,1194,795,0,935,863,0,0,0,0,0,35.94,15.62,10.94,6.25,6.25,23.44,1.56,0,12.5,35.94,39.45034,4134,794,4040,1786,40.4,2.07616949,0.63125,4040,1011,40.4,1.58481765,0.63125,3998,464,40.4,1.09969068,0.53125,3965,333,40.4,0.9686071,0.53125,4040,688,40.4,1.28323185,0.53125,5050,1673,50.5,1.98172474,0.53125,3979,239,40.4,0.8868235,0.53125,3958,158,40.4,0.8104336,0.53125,59.8750076,55.1250038,99.9975,29.5233536,7.35741043,80.05082,10.8912849,3.989479,73.19036,45.25,0.25,0,55,0,85,0.416,1.01,16,16,16,32,48,30,295,160,130,0,0,0,16,44.75,0.25,0,55,0,85,0.416,1.01,16,16,16,32,48,30,295,160,130,0,0,0,16,512,-1,485.785156,485.480469,0.3046875,0.5,7618.451,7618.951,0,0,0,0,0,0,0,0,0,0,0,0,512,600,1200,3000,56,1.08400011,1.30500007,0,10,16,52,2835,10451.9824,1203,1203,37,37,53,34,0,1,56.873,63.36,1.09,11743.418,378.796875,49.5696526,0,0,0,0.0236077756,0,0,0,0,0,0.06908047,0,0,0,60.21875,62,16376,4332,12043,73.54322,159.953,2.874491E+08,6.684979E+07
05/28/2026 01:19:47,52,62,0,60,66,60,60,60,60,75,12.0720005,5.02000046,1.30800009,1.39200008,1.018,0.344,0.614,3.28000021,2.046,0,3.364,3.364,3.11200023,59,49.5,51.5,49,1174,795,0,938,883,0,0,0,0,0,31.25,14.06,7.81,6.25,14.06,29.69,4.69,4.69,14.06,31.25,39.8906364,4578,836,4850,1830,48.5,2.130612,0.61875,4850,1048,48.5,1.64353788,0.61875,3144,501,32.3333321,1.14899111,0.61875,4660,369,48.5,1.0193125,0.625,4812,666,48.5,1.2939204,0.625,4850,1810,48.5,2.09416,0.625,4792,272,48.5,0.927784,0.625,4669,193,48.5,0.8534088,0.625,59.7500076,55.1250038,99.99748,29.5186119,7.362152,80.0379639,10.8851891,3.995575,73.1494,45.25,0.25,0,55,0,85,0.416,1.01,16,16,16,32,48,30,295,160,130,0,0,0,16,44.75,0.25,0,55,0,85,0.416,1.01,16,16,16,32,48,30,295,160,130,0,0,0,16,512,-1,485.785156,485.480469,0.3046875,0.5,7618.451,7618.951,0,0,0,0,0,0,0,0,0,0,0,0,512,600,1200,3000,56,0.984,1.30500007,0,18,16,53,2835,10451.9824,1198,1200,37,37,55,33,0,1,54.22,61.609,1.09,11743.418,378.796875,56.0672874,0,0,0,0.0154666118,0,0,0,0,0,0,0,0,0,60.21875,62,16376,4332,12043,73.54322,161.535,3.05749E+08,6.704947E+07
05/28/2026 01:19:49,52,62,0,60,66,60,60,60,60,75,12.0720005,5.02000046,1.30800009,1.388,1.02200007,0.344,0.614,3.28000021,2.046,0,3.364,3.364,3.11200023,60,49.5,51.5,49,1157,795,0,937,876,0,0,0,0,0,38.1,25.4,15.87,9.52,17.46,57.14,6.35,25.4,24.4,57.14,41.26035,4197,1154,4850,1948,48.5,2.18917751,0.65,4850,1274,48.5,1.814619,0.65,4722,678,48.5,1.30558717,0.65,3064,479,32.3333321,1.15491736,0.65,4850,977,48.5,1.48897028,0.65,4850,2418,48.5,2.4489255,0.6375,3156,546,32.3333321,1.09873664,0.6375,3233,915,32.3333321,1.25951028,0.6375,60.6250076,55.1250038,99.99748,29.492588,7.388176,79.9674,10.781395,4.099369,72.45189,45.25,0.25,0,55,0,85,0.416,1.01,16,16,16,32,48,30,295,160,130,0,0,0,16,44.5,0.25,0,55,0,85,0.416,1.01,16,16,16,32,48,30,295,160,130,0,0,0,16,512,-1,485.785156,485.480469,0.3046875,0.5,7618.451,7618.951,0,0,0,0,0,0,0,0,0,0,0,0,512,600,1200,3000,57,1.04000008,1.30500007,0,7,16,53,2835,10451.9824,1195,1197,37,37,56,34,0,1,55.505,46.897,1.09,11743.793,378.796875,51.0613632,0,0,0,0.017648397,0,0,0,0,0,0,0,0,0,60.125,62,16376,4332,12043,73.54551,156.238,214499328,59549696
05/28/2026 01:19:51,53,62,0,61,66,61,61,61,61,76,12.0720005,5.02000046,1.30800009,1.388,1.01200008,0.342,0.614,3.272,2.046,0,3.364,3.364,3.11200023,60,49.5,51.5,49,1177,795,0,936,850,0,0,0,0,0,25,14.06,6.25,7.81,12.5,28.12,6.25,6.25,13.28,28.12,40.7072678,4771,776,4850,1643,48.5,1.91003227,0.625,4850,902,48.5,1.47941732,0.625,4711,381,48.5,1.02085638,0.625,4698,285,48.5,0.91877985,0.625,4845,668,48.5,1.24582589,0.625,4850,1969,48.5,2.04727483,0.625,4712,196,48.5,0.8337662,0.625,4651,165,48.5,0.794244,0.625,60.3750076,55.1250038,99.99748,29.5193481,7.361416,80.0399551,10.8091011,4.071663,72.63808,45.25,0.25,0,55,0,85,0.416,1.01,16,16,16,32,48,30,295,160,130,0,0,0,16,44.75,0.25,0,55,0,85,0.416,1.01,16,16,16,32,48,30,295,160,130,0,0,0,16,512,-1,485.785156,485.480469,0.3046875,0.5,7618.451,7618.951,0,0,0,0,0,0,0,0,0,0,0,0,512,600,1200,3000,56,0.984,1.30500007,0,9,16,53,2835,10451.9824,1191,1192,37,37,52,33,0,1,55.124,52.462,1.09,11743.793,378.796875,47.7033,0,0,0,0.03224892,0,0,0,0,0,0,0,0,0,60.21875,62,16376,4332,12043,73.54551,157.173,288249856,5.894963E+07
05/28/2026 01:19:53,53,62,0,62,67,61,61,60,60,76,12.0720005,5.02000046,1.30800009,1.39200008,1.016,0.352000028,0.614,3.27600026,2.046,0,3.364,3.364,3.11200023,59,50,51.5,49,1184,798,0,935,842,0,0,0,0,0,37.5,18.75,9.38,10.94,15.62,45.31,4.69,3.12,18.16,45.31,39.8834038,4099,846,4040,1846,40.4,2.106335,0.5,4040,1045,40.4,1.652151,0.5,3934,425,40.4,1.0941335,0.5,3955,358,40.4,1.00364637,0.5,4008,667,40.4,1.30062032,0.5,5050,2018,50.5,2.21661115,0.5,3914,230,40.4,0.8917579,0.5,3854,175,40.4,0.8345037,0.5,59.7500076,55.6250038,99.9975,29.5200233,7.36074066,80.04179,10.8064766,4.07428741,72.62044,45.25,0.25,0,55,0,85,0.416,1.01,16,16,16,32,48,30,295,160,130,0,0,0,16,44.75,0.25,0,55,0,85,0.416,1.01,16,16,16,32,48,30,295,160,130,0,0,0,16,512,-1,485.785156,485.480469,0.3046875,0.5,7618.451,7618.951,0,0,0,0,0,0,0,0,0,0,0,0,512,600,1200,3000,57,1.064,1.30500007,0,18,17,53,2835,10451.9824,1187,1187,36,36,52,34,0,1,55.562,45.829,1.09,11743.793,378.796875,46.4903755,0,0,0,0.02837999,0,0,0,0,0,0,0,0,0,60.21875,62,16376,4332,12043,73.54551,157.508,3.139492E+08,62649344
05/28/2026 01:19:55,52,62,0,60,66,60,60,60,60,75,12.0720005,5.02000046,1.30600011,1.39200008,1.016,0.34800002,0.614,3.28000021,2.046,0,3.364,3.364,3.11200023,59,49.5,51.5,49,1177,800,0,943,877,0,0,0,0,0,31.25,15.62,7.81,6.25,15.62,45.31,6.25,4.69,16.6,45.31,39.6412125,4232,824,4850,1684,48.5,1.96213007,0.63125,4850,989,48.5,1.57240045,0.63125,4818,430,48.5,1.07682562,0.63125,3200,306,32.3333321,0.946992457,0.63125,4850,736,48.5,1.330587,0.63125,4850,2030,48.5,2.110958,0.63125,3201,235,32.3333321,0.8724628,0.63125,3233,179,32.3333321,0.8234776,0.63125,59.5000076,55.1250038,99.99748,29.5180511,7.362713,80.03644,10.7985191,4.082245,72.56697,45.25,0.25,0,55,0,85,0.416,1.01,16,16,16,32,48,30,295,160,130,0,0,0,16,44.75,0.25,0,55,0,85,0.416,1.01,16,16,16,32,48,30,295,160,130,0,0,0,16,512,-1,485.785156,485.480469,0.3046875,0.5,7618.451,7618.951,0,0,0,0,0,0,0,0,0,0,0,0,512,600,1200,3000,56,0.974000037,1.30500007,0,6,16,53,2835,10451.9824,1185,1186,36,36,53,34,0,1,54.577,45.26,1.09,11743.793,378.796875,46.11036,0,0,0,0.01732957,0,0,0,0,0,0,0,0,0,60.1875,62,16376,4332,12043,73.54551,154.945,242149376,7.779942E+07
05/28/2026 01:19:57,52,62,0,60,66,60,60,60,60,75,12.0720005,5.02000046,1.30800009,1.39200008,1.01,0.34800002,0.614,3.28000021,2.046,0,3.364,3.364,3.11200023,59,49.5,51.5,49,1157,826,0,917,872,0,0,0,0,0,27.69,18.46,4.62,6.15,9.23,38.46,1.54,0,13.27,38.46,39.5993347,3794,815,4850,1831,48.5,2.08918786,0.625,4850,1004,48.5,1.60954809,0.625,3183,426,32.3333321,1.08728945,0.625,3176,297,32.3333321,0.9448637,0.625,3214,642,32.3333321,1.26983714,0.625,4850,1928,48.5,2.07671762,0.625,3137,231,32.3333321,0.8784841,0.625,3091,159,32.3333321,0.8114304,0.625,59.2500076,54.6250038,99.9975,29.4887466,7.39201736,79.9569855,10.7809105,4.09985352,72.44864,45.25,0.25,0,55,0,85,0.416,1.01,16,16,16,32,48,30,295,160,130,0,0,0,16,44.75,0.25,0,55,0,85,0.416,1.01,16,16,16,32,48,30,295,160,130,0,0,0,16,512,-1,485.785156,485.480469,0.3046875,0.5,7618.451,7618.951,0,0,0,0,0,0,0,0,0,0,0,0,512,600,1200,3000,56,0.960000038,1.30500007,0,6,16,53,2835,10451.9824,1182,1181,36,36,53,33,0,1,55.368,47.898,1.09,11743.793,378.796875,46.0433426,0,0,0,0.0181336775,0,0,0,0,0,0,0,0,0,60.6875,62,16376,4332,12043,73.54551,154.169,238299136,4.744909E+07
05/28/2026 01:19:59,52,62,0,60,66,60,60,60,60,75,12.0960007,5.02000046,1.30800009,1.39200008,1.008,0.350000024,0.614,3.27600026,2.046,0,3.364,3.364,3.11200023,59,49.5,51.5,49,1165,825,0,920,870,0,0,0,0,0,31.25,15.62,10.94,0,9.38,42.19,3.12,1.56,14.26,42.19,39.31598,4254,793,4040,1604,40.4,1.92862272,0.61875,5050,980,50.5,1.59149992,0.61875,3980,425,40.4,1.0486449,0.61875,3995,290,40.4,0.922091663,0.61875,4030,622,40.4,1.24260163,0.61875,5050,2058,50.5,2.11942,0.61875,3969,215,40.4,0.854597569,0.61875,3915,151,40.4,0.7915779,0.51875,59.2500076,54.1250038,99.99749,29.4869156,7.39384842,79.95202,10.777359,4.103405,72.42477,45.25,0.25,0,55,0,85,0.416,1.01,16,16,16,32,48,30,295,160,130,0,0,0,16,44.75,0.25,0,55,0,85,0.416,1.01,16,16,16,32,48,30,295,160,130,0,0,0,16,512,-1,485.785156,485.480469,0.3046875,0.5,7618.451,7618.951,0,0,0,0,0,0,0,0,0,0,0,0,512,600,1200,3000,56,0.969000041,1.30500007,0,5,16,52,2835,10451.9824,1177,1175,36,36,54,33,0,0,57.163,62.595,1.09,11743.793,378.796875,46.98208,0,0,0,0.02571758,0,0,0,0,0,0,0,0,0,61.46875,62,16376,4332,12043,73.54551,157.488,297349120,45599744
05/28/2026 01:20:01,52,62,0,60,66,60,60,60,60,75,12.0960007,5.02000046,1.30600011,1.388,1.014,0.356,0.614,3.28000021,2.046,0,3.364,3.364,3.11200023,59,49.5,51.5,49,1148,828,0,938,848,0,0,0,0,0,46.88,18.75,7.81,4.69,14.06,37.5,4.69,4.69,17.38,46.88,40.1179733,4448,883,4850,1872,48.5,2.16799235,0.6375,4850,1089,48.5,1.74301779,0.6375,4625,486,48.5,1.17491,0.6375,4646,350,48.5,1.03933573,0.6375,4776,737,48.5,1.38117123,0.6375,4850,2082,48.5,2.31067777,0.63125,3097,249,32.3333321,0.942407668,0.63125,3894,202,40.4,0.879265845,0.63125,59.3750076,54.6250038,99.9975,29.48708,7.39368439,79.95247,10.7790985,4.1016655,72.43646,45.25,0.25,0,55,0,85,0.416,1.01,16,16,16,32,48,30,295,160,130,0,0,0,16,44.5,0.25,0,55,0,85,0.416,1.01,16,16,16,32,48,30,295,160,130,0,0,0,16,512,-1,485.785156,485.480469,0.3046875,0.5,7618.451,7618.951,0,0,0,0,0,0,0,0,0,0,0,0,512,600,1200,3000,56,1.069,1.30500007,0,5,16,52,2835,10451.9824,1173,1173,36,36,65,37,0,1,57.385,53.963,1.09,11743.793,379.027344,59.64098,0,0,0,0.0175292511,0,0,0,0,0,0.009398875,0,0,0,60.40625,62,16376,4332,12043,73.54551,160.677,288999424,7.794995E+07
05/28/2026 01:20:03,52,62,0,60,66,60,60,60,60,75,12.0720005,5.02000046,1.30800009,1.39200008,1.018,0.346000016,0.614,3.28000021,2.046,0,3.364,3.364,3.11200023,59,49.5,51.5,49,1158,825,0,936,848,0,0,0,0,0,46.03,25.4,7.94,6.35,9.52,49.21,4.76,3.17,19.05,49.21,40.8428535,4287,898,4020,1922,40.2,2.181804,0.625,5025,1142,50.25,1.7391386,0.625,3879,508,40.2,1.180625,0.625,3827,362,40.2,1.0323602,0.625,4932,746,50,1.36306155,0.5375,5000,2061,50,2.29262614,0.5375,3804,248,40,0.9289577,0.5375,3811,199,40,0.882586062,0.5375,59.7500076,54.6250038,99.99748,29.5184784,7.36228561,80.0376,10.8099442,4.07082,72.6437454,45.25,0.25,0,55,0,85,0.416,1.01,16,16,16,32,48,30,295,160,130,0,0,0,16,44.5,0.25,0,55,0,85,0.416,1.01,16,16,16,32,48,30,295,160,130,0,0,0,16,512,-1,485.785156,485.480469,0.3046875,0.5,7618.451,7618.951,0,0,0,0,0,0,0,0,0,0,0,0,512,600,1200,3000,56,0.989,1.30500007,0,15,16,52,2835,10451.9824,1169,1169,36,36,65,37,0,1,56.6,54.928,1.09,11743.793,379.027344,61.40712,0,0,0,0.0176030025,0,0,0,0,0,0,0,0,0,60.40625,62,16376,4332,12043,73.54551,159.041,416999424,63399936
05/28/2026 01:20:05,52,62,0,60,66,60,60,60,60,75,12.0720005,5.02000046,1.30600011,1.39200008,1.018,0.352000028,0.614,3.28000021,2.046,0,3.364,3.364,3.11200023,59,49.5,51.5,49,1153,825,0,931,870,0,0,0,0,0,31.75,28.57,4.76,3.17,11.11,22.22,0,3.17,13.1,31.75,39.8636932,4310,822,4020,1874,40.2,2.144092,0.63125,5025,1048,50.25,1.64380646,0.63125,3933,451,40.2,1.105401,0.63125,3902,309,40.2,0.969195545,0.63125,3924,723,39.8,1.32308042,0.53125,4975,1775,49.75,2.09569716,0.53125,3863,231,39.8,0.8944193,0.53125,4842,169,49.75,0.824776232,0.53125,59.7500076,54.6250038,99.99749,29.4876976,7.39306641,79.95414,10.7797089,4.101055,72.44056,45.25,0.25,0,55,0,85,0.416,1.01,16,16,16,32,48,30,295,160,130,0,0,0,16,44.5,0.25,0,55,0,85,0.416,1.01,16,16,16,32,48,30,295,160,130,0,0,0,16,512,-1,485.785156,485.480469,0.3046875,0.5,7618.451,7618.951,0,0,0,0,0,0,0,0,0,0,0,0,512,600,1200,3000,56,0.969000041,1.30500007,0,6,16,52,2835,10451.9824,1164,1164,36,36,65,37,0,1,57.159,57.285,1.09,11743.793,379.027344,61.5781441,0,0,0,0.0190694313,0,0,0,0,0,0,0,0,0,60.4375,62,16376,4332,12043,73.54551,158.495,357449728,7.274906E+07
05/28/2026 01:20:07,52,62,0,60,66,60,60,60,60,75,12.0720005,5.02000046,1.30800009,1.39200008,1.01200008,0.342,0.614,3.28000021,2.046,0,3.364,3.364,3.11200023,59,50,51.5,49,1165,824,0,922,847,0,0,0,0,0,34.38,14.06,12.5,3.12,12.5,39.06,6.25,3.12,15.62,39.06,40.88784,4014,829,4850,1814,48.5,2.102387,0.525,4850,1040,48.5,1.618806,0.525,4805,510,48.5,1.15797114,0.525,3172,337,32.3333321,0.997909367,0.525,3233,729,32.3333321,1.34572566,0.60625,4850,1767,48.5,2.120217,0.60625,3139,242,32.3333321,0.9120632,0.60625,3210,194,32.3333321,0.8571615,0.60625,59.8750076,54.6250038,99.99749,29.5196,7.361164,80.04064,10.8075294,4.07323456,72.62752,45.25,0.25,0,55,0,85,0.416,1.01,16,16,16,32,48,30,295,160,130,0,0,0,16,44.5,0.25,0,55,0,85,0.416,1.01,16,16,16,32,48,30,295,160,130,0,0,0,16,512,-1,485.785156,485.480469,0.3046875,0.5,7618.451,7618.951,0,0,0,0,0,0,0,0,0,0,0,0,512,600,1200,3000,56,0.969000041,1.30500007,0,4,16,52,2835,10451.9824,1161,1161,36,36,65,36,0,1,58.761,54.981,1.09,11743.793,379.027344,62.0888062,0,0,0,0.01600743,0,0,0,0,0,0,0,0,0,60.65625,62,16376,4332,12043,73.54551,164.78,3.424E+08,7.24992E+07
05/28/2026 01:20:09,52,62,0,60,66,60,60,60,60,75,12.0960007,5.02000046,1.30800009,1.388,1.014,0.342,0.614,3.28000021,2.046,0,3.364,3.364,3.11200023,59,49.5,51.5,49,1154,827,0,920,846,0,0,0,0,0,39.06,32.81,10.94,6.25,15.62,31.25,4.69,4.69,18.16,39.06,40.387516,4131,856,4040,1929,40.4,2.230453,0.61875,4040,1094,40.4,1.69986546,0.61875,3972,504,40.4,1.162944,0.61875,3974,347,40.4,1.02647543,0.61875,4040,777,40.4,1.37272692,0.61875,5050,1715,50.5,2.133116,0.61875,3997,277,40.4,0.9519837,0.61875,3934,207,40.4,0.87710464,0.61875,59.7500076,54.6250038,99.99749,29.5177765,7.36298752,80.0357,10.8061409,4.074623,72.61819,45,0.25,0,55,0,85,0.416,1.01,16,16,16,32,48,30,295,160,130,0,0,0,16,44.5,0.25,0,55,0,85,0.416,1.01,16,16,16,32,48,30,295,160,130,0,0,0,16,512,-1,485.785156,485.480469,0.3046875,0.5,7618.451,7618.951,0,0,0,0,0,0,0,0,0,0,0,0,512,600,1200,3000,56,1.079,1.30500007,0,9,16,52,2835,10451.9824,1162,1161,35,36,63,35,0,1,56.433,56.583,1.09,11743.793,379.027344,59.5075455,0,0,0,0.0193474777,0,0,0,0,0,0,0,0,0,60.6875,62,16376,4332,12043,73.54551,160.417,299249664,7.044915E+07
05/28/2026 01:20:11,52,62,0,60,66,60,60,60,60,75,12.0720005,5.02000046,1.30600011,1.388,1.01,0.346000016,0.614,3.27600026,2.046,0,3.364,3.364,3.11200023,59,49.5,51.5,49,1159,825,0,937,869,0,0,0,0,0,40.62,18.75,7.81,10.94,15.62,35.94,3.12,1.56,16.8,40.62,40.1372566,3747,845,4000,1809,40,2.04885578,0.55,5000,1095,50,1.63693035,0.55,3274,516,33.3333321,1.15583944,0.55,3254,359,33.3333321,1.00814724,0.55,4000,780,40,1.37918448,0.55,4000,1742,40,2.07677054,0.55,3225,249,33.3333321,0.912686646,0.55,3220,211,33.3333321,0.859407067,0.55,59.7500076,54.6250038,99.99748,29.5195045,7.36125946,80.04038,10.8069153,4.07384872,72.62339,45,0.25,0,55,0,85,0.416,1.01,16,16,16,32,48,30,295,160,130,0,0,0,16,44.5,0.25,0,55,0,85,0.416,1.01,16,16,16,32,48,30,295,160,130,0,0,0,16,512,-1,485.785156,485.480469,0.3046875,0.5,7618.451,7618.951,0,0,0,0,0,0,0,0,0,0,0,0,512,600,1200,3000,57,0.969000041,1.30500007,0,5,16,52,2835,10451.9824,1159,1160,35,35,61,34,0,1,54.828,62.624,1.09,11744.1719,379.027344,56.41869,0,0,0,0.01775541,0,0,0,0,0,0.0176120549,0,0,0,60.59375,62,16376,4331,12044,73.5478,158.328,381199360,6.794957E+07
05/28/2026 01:20:13,52,62,0,60,66,60,60,60,60,75,12.0720005,5.02000046,1.30800009,1.39200008,1.01,0.342,0.614,3.28000021,2.046,0,3.364,3.364,3.11200023,59,49.5,51.5,49,1152,825,0,933,869,0,0,0,0,0,30.77,15.38,12.31,6.15,26.15,35.38,6.15,3.08,16.92,35.38,40.2488937,4380,889,4850,1966,48.5,2.27078724,0.625,4850,1117,48.5,1.774137,0.625,3151,511,32.3333321,1.19151652,0.625,3130,356,32.3333321,1.04197824,0.625,4850,774,48.5,1.3948369,0.63125,4850,1915,48.5,2.20124531,0.63125,4665,262,48.5,0.9476777,0.63125,4696,208,48.5,0.8858204,0.63125,59.6250076,54.6250038,99.99749,29.4862328,7.39453125,79.9501648,10.778595,4.102169,72.433075,45,0.25,0,55,0,85,0.416,1.01,16,16,16,32,48,30,295,160,130,0,0,0,16,44.5,0.25,0,55,0,85,0.416,1.01,16,16,16,32,48,30,295,160,130,0,0,0,16,512,-1,485.785156,485.480469,0.3046875,0.5,7618.451,7618.951,0,0,0,0,0,0,0,0,0,0,0,0,512,600,1200,3000,56,1.05000007,1.30500007,0,7,16,52,2835,10451.9824,1155,1156,35,35,58,35,0,1,56.641,59.242,1.09,11744.1719,379.027344,54.0546951,0,0,0,0.0182731785,0,0,0,0,0,0,0,0,0,60.53125,64,16376,4331,12044,73.5478,158.336,304999424,66799616
05/28/2026 01:20:15,52,62,0,60,66,60,60,60,60,75,12.0960007,5.02000046,1.30600011,1.39200008,1.016,0.350000024,0.614,3.28400016,2.046,0,3.364,3.364,3.11200023,59,49.5,51.5,49,1162,825,0,938,869,0,0,0,0,0,41.27,25.4,12.7,7.81,14.29,46.03,4.69,6.25,19.8,46.03,40.23045,4579,900,5025,1937,50.25,2.2130847,0.525,5050,1133,50.5,1.76144123,0.5,4875,522,50.5,1.20671213,0.5,3864,359,40.4,1.05104136,0.5,5050,784,50.5,1.42783523,0.5,5050,1958,50.5,2.187019,0.5,3861,269,40.4,0.966314852,0.5,3854,234,40.4,0.915363431,0.5,59.5000076,54.7500038,99.99748,29.5174828,7.36328125,80.0349,10.8091888,4.071575,72.63867,45,0.25,0,55,0,85,0.416,1.01,16,16,16,32,48,30,295,160,130,0,0,0,16,44.5,0.25,0,55,0,85,0.416,1.01,16,16,16,32,48,30,295,160,130,0,0,0,16,512,-1,485.785156,485.480469,0.3046875,0.5,7618.451,7618.951,0,0,0,0,0,0,0,0,0,0,0,0,512,600,1200,3000,56,1.069,1.30500007,0,8,16,53,2835,10451.9824,1149,1151,35,35,60,34,0,1,55.581,48.949,1.09,11744.1719,379.027344,57.9556732,0,0,0,0.0170551538,0,0,0,0,0,0,0,0,0,60.90625,62,16376,4331,12044,73.5478,160.462,390649856,6.154957E+07
05/28/2026 01:20:17,52,62,0,60,66,60,60,60,60,75,12.0720005,5.02000046,1.30800009,1.39200008,1.01200008,0.358,0.614,3.27600026,2.046,0,3.36000013,3.36000013,3.11200023,59,49.5,51.5,49,1167,824,0,916,869,0,0,0,0,0,41.27,22.22,11.11,7.81,15.87,46.03,6.25,7.81,19.8,46.03,40.1522179,4234,869,3980,1831,39.8,2.056402,0.51875,5050,1131,50.5,1.6907413,0.51875,3966,544,40.4,1.19744027,0.51875,3936,352,40.4,1.0197773,0.51875,4029,798,40.4,1.39669,0.51875,5050,1813,50.5,2.10351634,0.51875,3924,266,40.4,0.9353976,0.51875,3939,214,40.4,0.8758939,0.51875,59.3750076,56.1250038,99.99749,29.48965,7.39111328,79.9594345,10.7811089,4.099655,72.44997,45,0.25,0,55,0,85,0.416,1.01,16,16,16,32,48,30,295,160,130,0,0,0,16,44.5,0.25,0,55,0,85,0.416,1.01,16,16,16,32,48,30,295,160,130,0,0,0,16,512,-1,485.785156,485.480469,0.3046875,0.5,7618.451,7618.951,0,0,0,0,0,0,0,0,0,0,0,0,512,600,1200,3000,56,0.979000032,1.30500007,0,13,16,53,2835,10451.9824,1149,1149,35,35,60,34,0,1,55.034,49.407,1.09,11744.1719,378.796875,57.6234245,0,0,0,0.0198963061,0,0,0,0,0,0.008399549,0,0,0,60.59375,64,16376,4331,12044,73.5478,159.508,3.517993E+08,7.059968E+07
05/28/2026 01:20:19,52,62,0,60,66,60,60,60,60,75,12.0720005,5.02000046,1.30800009,1.39200008,1.01200008,0.352000028,0.614,3.28000021,2.046,0,3.364,3.36000013,3.11200023,59,49.5,51.5,49,1153,825,0,921,847,0,0,0,0,0,37.88,13.64,10.61,4.55,10.61,22.73,3.03,1.52,13.07,37.88,40.2601967,4249,814,4040,1823,40.4,2.113392,0.53125,5050,1031,50.5,1.61977887,0.53125,4936,466,50.5,1.1076324,0.53125,3969,367,40.4,1.012525,0.53125,4025,682,40.4,1.29381192,0.53125,4040,1669,40.4,2.00461125,0.53125,3939,259,40.4,0.911263466,0.53125,3991,216,40.4,0.865532,0.53125,59.3750076,54.6250038,99.99749,29.51831,7.36245346,80.03714,10.8114738,4.06929,72.65402,45,0.25,0,55,0,85,0.416,1.01,16,16,16,32,48,30,295,160,130,0,0,0,16,44.5,0.25,0,55,0,85,0.416,1.01,16,16,16,32,48,30,295,160,130,0,0,0,16,512,-1,485.785156,485.480469,0.3046875,0.5,7618.451,7618.951,0,0,0,0,0,0,0,0,0,0,0,0,512,600,1200,3000,56,0.989,1.30500007,0,5,16,52,2835,10451.9824,1146,1146,35,35,60,36,0,1,55.155,52.227,1.09,11744.1719,378.796875,55.6726952,0,0,0,0.0183903165,0,0,0,0,0,0,0,0,0,60.65625,62,16376,4331,12044,73.5478,157.137,266399744,7.024947E+07
05/28/2026 01:20:21,52,62,0,60,66,60,60,60,60,75,12.0720005,5.02000046,1.30800009,1.39200008,1.014,0.34,0.614,3.27600026,2.046,0,3.364,3.364,3.11200023,59,49.5,51.5,49,1170,825,0,938,869,0,0,0,0,0,40.62,20.31,14.06,1.56,14.06,34.38,3.12,3.12,16.41,40.62,40.1016121,3803,860,4850,1880,48.5,2.193664,0.64375,4850,1113,48.5,1.72941053,0.64375,3184,493,32.3333321,1.15868163,0.64375,3164,353,32.3333321,1.02092206,0.64375,3233,729,32.3333321,1.35639119,0.64375,4850,1853,48.5,2.213703,0.64375,3137,256,32.3333321,0.926252067,0.64375,3157,201,32.3333321,0.873022,0.64375,59.2500076,54.1250038,99.99749,29.4905014,7.3902626,79.96175,10.7829056,4.09785843,72.46204,45,0.25,0,55,0,85,0.416,1.01,16,16,16,32,48,30,295,160,130,0,0,0,16,44.5,0.25,0,55,0,85,0.416,1.01,16,16,16,32,48,30,295,160,130,0,0,0,16,512,-1,485.785156,485.480469,0.3046875,0.5,7618.451,7618.951,0,0,0,0,0,0,0,0,0,0,0,0,512,600,1200,3000,56,0.984,1.30500007,0,5,16,53,2835,10451.9824,1142,1144,35,35,66,36,0,1,57.361,59.648,1.09,11744.1719,378.796875,57.6828766,0,0,0,0.01648531,0,0,0,0,0,0,0,0,0,61.75,62,16376,4331,12044,73.5478,159.33,239899648,7.624909E+07
05/28/2026 01:20:23,52,62,0,60,66,60,60,60,60,75,12.0720005,5.02000046,1.30600011,1.39200008,1.01200008,0.344,0.614,3.27600026,2.046,0,3.364,3.364,3.11200023,59,49.5,51.5,49,1161,825,0,936,869,0,0,0,0,0,31.25,28.12,12.5,1.56,12.5,40.62,0,0,15.82,40.62,39.7561378,4013,820,4850,1789,48.5,2.08388376,0.61875,4850,1091,48.5,1.68849134,0.61875,3221,458,32.3333321,1.10557711,0.61875,3162,330,32.3333321,0.9862658,0.61875,4850,734,48.5,1.34337461,0.61875,4850,1740,48.5,2.13515234,0.61875,3177,232,32.3333321,0.889655769,0.61875,3142,186,32.3333321,0.838891149,0.61875,59.3750076,54.1250038,99.99748,29.5206566,7.36010742,80.0435,10.8129082,4.067856,72.6636658,45,0.25,0,55,0,85,0.416,1.01,16,16,16,32,48,30,295,160,130,0,0,0,16,44.5,0.25,0,55,0,85,0.416,1.01,16,16,16,32,48,30,295,160,130,0,0,0,16,512,-1,485.785156,485.480469,0.3046875,0.5,7618.451,7618.951,0,0,0,0,0,0,0,0,0,0,0,0,512,600,1200,3000,56,0.995000064,1.30500007,0,10,16,52,2835,10451.9824,1141,1142,35,35,56,33,0,1,54.179,54.479,1.09,11744.1719,378.796875,54.38409,0,0,0,0.0268483385,0,0,0,0,0,0,0,0,0,60.71875,64,16376,4331,12044,73.5478,159.479,2.820997E+08,50349056
05/28/2026 01:20:25,52,62,0,60,66,60,60,60,60,75,12.0720005,5.02000046,1.30600011,1.39200008,0.998,0.354,0.614,3.28000021,2.046,0,3.364,3.364,3.11200023,59,49.5,51.5,49,1150,824,0,936,870,0,0,0,0,0,33.33,20.63,9.52,6.35,12.7,22.22,7.94,4.76,14.68,33.33,39.0801239,4030,746,4850,1596,48.5,1.84218156,0.5125,4850,969,48.5,1.48240483,0.5125,3233,479,32.3333321,1.07686126,0.5125,3233,319,32.3333321,0.924161434,0.5125,4850,686,48.5,1.25045407,0.61875,4850,1511,48.5,1.86653388,0.61875,3217,246,32.3333321,0.8519174,0.61875,3157,163,32.3333321,0.77760005,0.61875,59.2500076,54.6250038,99.99749,29.4873123,7.39345169,79.9530945,10.7818069,4.098957,72.45466,45,0.25,0,55,0,85,0.416,1.01,16,16,16,32,48,30,295,160,130,0,0,0,16,44.5,0.25,0,55,0,85,0.416,1.01,16,16,16,32,48,30,295,160,130,0,0,0,16,512,-1,485.785156,485.480469,0.3046875,0.5,7618.451,7618.951,0,0,0,0,0,0,0,0,0,0,0,0,512,600,1200,3000,56,0.969000041,1.30500007,0,8,16,53,2835,10451.9824,1137,1136,35,35,53,33,0,1,52.551,55.414,1.09,11744.1719,378.796875,48.12628,0,0,0,0.04315566,0,0,0,0,0,0,0,0,0,60.65625,62,16376,4331,12044,73.5478,152.206,238349312,5.129933E+07
05/28/2026 01:20:27,52,62,0,60,66,60,60,60,60,75,12.0720005,5.02000046,1.30600011,1.39200008,0.988000035,0.338000029,0.614,3.27600026,2.046,0,3.364,3.364,3.11200023,59,49.5,51.5,49,1167,824,0,933,869,0,0,0,0,0,25.4,14.29,7.94,7.94,7.94,25.4,1.59,0,11.31,25.4,39.1772728,4228,770,4850,1757,48.5,1.98466563,0.6125,4850,999,48.5,1.54395938,0.6125,4850,487,48.5,1.09395218,0.6125,3206,319,32.3333321,0.9341344,0.6125,4850,723,48.5,1.287765,0.6125,4850,1469,48.5,1.88532865,0.6125,3224,240,32.3333321,0.855949759,0.6125,3148,169,32.3333321,0.795223,0.6125,59.1250076,54.1250038,99.99749,29.5162163,7.36454773,80.03146,10.8077927,4.07297134,72.62929,45,0.25,0,55,0,85,0.416,1.01,16,16,16,32,48,30,295,160,130,0,0,0,16,44.5,0.25,0,55,0,85,0.416,1.01,16,16,16,32,48,30,295,160,130,0,0,0,16,512,-1,485.785156,485.480469,0.3046875,0.5,7618.451,7618.951,0,0,0,0,0,0,0,0,0,0,0,0,512,600,1200,3000,56,1.05500007,1.30500007,0,14,16,53,2835,10451.9824,1134,1135,35,35,53,33,0,1,52.822,54.96,1.09,11744.1719,378.796875,47.95048,0,0,0,0.04248349,0,0,0,0,0,0,0,0,0,60.65625,62,16376,4331,12044,73.5478,151.912,241499136,53699584
05/28/2026 01:20:29,52,62,0,60,66,60,60,60,60,75,12.0960007,5.03,1.31000006,1.396,1.008,0.356,0.614,3.288,2.046,0,3.37200022,3.36800027,3.12000012,59,49.5,51.5,49,1151,825,0,919,869,0,0,0,0,0,15.62,15.62,7.81,6.25,6.25,32.81,4.69,6.25,11.91,32.81,40.8365059,4817,802,4850,1699,48.5,1.92699,0.61875,4850,1014,48.5,1.52903521,0.61875,4850,525,48.5,1.12010682,0.61875,4835,345,48.5,0.971350551,0.61875,4837,692,48.5,1.26056862,0.61875,4850,1697,48.5,1.97168648,0.61875,4757,253,48.5,0.8806559,0.61875,4706,189,48.5,0.8211261,0.61875,59.8750076,54.6250038,99.99749,29.5159645,7.3647995,80.0307846,10.7924423,4.08832169,72.52613,45,0.25,0,55,0,85,0.416,1.01,16,16,16,32,48,30,295,160,130,0,0,0,16,44.5,0.25,0,55,0,85,0.416,1.01,16,16,16,32,48,30,295,160,130,0,0,0,16,512,-1,485.785156,485.480469,0.3046875,0.5,7618.451,7618.951,0,0,0,0,0,0,0,0,0,0,0,0,512,600,1200,3000,56,0.969000041,1.30500007,0,5,16,53,2835,10451.9824,1132,1131,34,34,52,32,0,1,53.205,63.487,1.09,11744.5508,378.796875,45.747406,0,0,0,0.0178212319,0,0,0,0,0,0,0,0,0,60.75,62,16376,4331,12044,73.55009,153.897,368749568,5.44E+07
05/28/2026 01:20:31,52,62,0,60,66,60,60,60,60,75,12.12,5.03,1.31000006,1.39200008,1.006,0.34,0.614,3.28400016,2.046,0,3.37200022,3.37200022,3.12000012,59,50,51.5,49,1167,825,0,933,848,0,0,0,0,0,33.85,15.38,12.31,9.23,15.38,26.15,1.54,1.54,14.42,33.85,38.9376373,4154,787,4040,1618,40.4,1.8188535,0.54375,4040,1032,40.4,1.55353522,0.54375,4040,523,40.4,1.11951232,0.54375,4040,331,40.4,0.9520564,0.51875,4040,716,40.4,1.267018,0.51875,5050,1604,50.5,1.888489,0.51875,3998,272,40.4,0.8851167,0.51875,3982,197,40.4,0.818644047,0.51875,59.3750076,54.1250038,99.9974747,29.4863167,7.39444733,79.95039,10.7621651,4.118599,72.32266,45,0.25,0,55,0,85,0.416,1.01,16,16,16,32,48,30,295,160,130,0,0,0,16,44.5,0.25,0,55,0,85,0.416,1.01,16,16,16,32,48,30,295,160,130,0,0,0,16,512,-1,485.785156,485.480469,0.3046875,0.5,7618.451,7618.951,0,0,0,0,0,0,0,0,0,0,0,0,512,600,1200,3000,56,0.989,1.30500007,0,4,16,53,2835,10451.9824,1128,1128,34,34,52,32,0,1,52.912,62.667,1.09,11744.5508,378.796875,45.7061424,0,0,0,0.0168563277,0,0,0,0,0,0,0,0,0,60.71875,62,16376,4331,12044,73.55009,153.942,265149440,52299776
05/28/2026 01:20:33,52,63,0,60,66,60,60,60,60,75,12.12,5.04,1.31000006,1.396,1.006,0.342,0.614,3.288,2.046,0,3.37200022,3.37200022,3.12000012,59,50,51.5,49,1153,834,0,934,847,0,0,0,0,0,57.14,14.29,7.94,9.38,9.52,47.62,7.81,6.25,19.99,57.14,39.3970032,4080,790,4040,1718,40.4,1.9046545,0.5,5050,980,50.5,1.49907136,0.5,4035,485,40.4,1.07527745,0.5,4016,326,40.4,0.9336033,0.5,4040,665,40.4,1.23009264,0.5,5050,1719,50.5,1.94802761,0.5,3198,251,32.3333321,0.867276132,0.5125,3209,176,32.3333321,0.7925978,0.5125,59.2500076,54.2500038,99.99749,29.4842758,7.396488,79.94486,10.759922,4.120842,72.30759,45,0.25,0,55,0,85,0.416,1.01,16,16,16,32,48,30,295,160,130,0,0,0,16,44.5,0.25,0,55,0,85,0.416,1.01,16,16,16,32,48,30,295,160,130,0,0,0,16,512,-1,485.785156,485.480469,0.3046875,0.5,7618.451,7618.951,0,0,0,0,0,0,0,0,0,0,0,0,512,600,1200,3000,56,0.969000041,1.30500007,0,4,16,53,2835,10451.9824,1127,1126,34,34,53,32,0,1,53.751,63.835,1.09,11744.5508,378.796875,46.785183,0,0,0,0.0147665907,0,0,0,0,0,0,0,0,0,60.75,62,16376,4331,12044,73.55009,152.919,1.95799962E+09,6.364979E+07
05/28/2026 01:20:35,52,64,0,60,66,60,60,60,60,75,12.12,5.03,1.31000006,1.39200008,1.008,0.34800002,0.614,3.28400016,2.046,0,3.37200022,3.37200022,3.12000012,59,50,51.5,49,1162,814,0,939,847,0,0,0,0,0,53.97,15.87,7.94,4.76,11.11,28.57,3.17,6.35,16.47,53.97,39.6846428,4024,825,4850,1691,48.5,1.9308877,0.6375,4850,1107,48.5,1.622798,0.6375,3233,509,32.3333321,1.12284577,0.6375,3217,345,32.3333321,0.9815703,0.6375,4850,704,48.5,1.28283846,0.6375,4850,1807,48.5,2.07371473,0.6375,3157,236,32.3333321,0.877400339,0.6375,3183,198,32.3333321,0.8343656,0.6375,59.5000076,54.6250038,99.99749,29.5157585,7.36500549,80.03023,10.7883339,4.09243,72.49852,45,0.25,0,55,0,85,0.416,1.01,16,16,16,32,48,30,295,160,130,0,0,0,16,44.5,0.25,0,55,0,85,0.416,1.01,16,16,16,32,48,30,295,160,130,0,0,0,16,512,-1,485.785156,485.480469,0.3046875,0.5,7618.451,7618.951,0,0,0,0,0,0,0,0,0,0,0,0,512,600,1200,3000,56,1.064,1.30500007,0,15,16,54,2835,10451.9824,1122,1121,34,34,52,31,0,1,54.355,61.768,1.09,11744.2227,289.019531,45.9047928,0,0,0,0.02480835,0,0,0,0,0,1.10201454,0,0,0,62.0625,62,16376,4331,12044,73.55057,156.251,185199616,45999104
05/28/2026 01:20:37,52,64,0,60,66,60,60,60,60,75,12.12,5.03,1.31000006,1.396,1.024,0.342,0.614,3.28400016,2.046,0,3.37200022,3.37200022,3.12000012,59,50,51.5,49,1167,820,0,917,848,0,0,0,0,0,21.88,6.25,4.69,1.56,6.25,29.69,4.69,3.12,9.77,29.69,39.64105,3410,826,4850,1738,48.5,2.04125047,0.625,3233,1115,32.3333321,1.67747617,0.625,3233,504,32.3333321,1.13721979,0.625,3233,349,32.3333321,0.9928032,0.625,3233,724,32.3333321,1.31028581,0.625,3233,1764,32.3333321,2.0504055,0.625,3148,235,32.3333321,0.878903568,0.625,3113,179,32.3333321,0.8180295,0.625,59.5000076,54.6250038,99.99748,29.5172577,7.36350632,80.03429,10.7916565,4.08910751,72.52085,45,0.25,0,55,0,85,0.416,1.01,16,16,16,32,48,30,295,160,130,0,0,0,16,44.5,0.25,0,55,0,85,0.416,1.01,16,16,16,32,48,30,295,160,130,0,0,0,16,512,-1,485.785156,485.480469,0.3046875,0.5,7618.451,7618.951,0,0,0,0,0,0,0,0,0,0,0,0,512,600,1200,3000,56,1.074,1.30500007,0,8,16,54,2835,10451.9824,1121,1121,34,34,51,31,0,1,54.452,47.896,1.09,11744.6016,289.019531,46.72543,0,0,0,0.0195917077,0,0,0,0,0,0.0162683818,0,0,0,60.78125,62,16376,4330,12045,73.55286,157.782,238649344,5.779968E+07
05/28/2026 01:20:39,52,64,0,60,66,60,60,60,60,75,12.12,5.03,1.31000006,1.396,1.00400007,0.350000024,0.614,3.28400016,2.046,0,3.37200022,3.37200022,3.12000012,59,50,51.5,49,1154,820,0,920,848,0,0,0,0,0,23.44,27.69,9.23,6.15,10.77,29.69,3.08,4.62,14.33,29.69,39.9144554,3890,824,4040,1754,40.4,2.019515,0.51875,4040,1120,40.4,1.65365779,0.51875,4040,509,40.4,1.14657009,0.51875,3365,359,33.6666679,0.9950393,0.51875,4040,759,40.4,1.34725165,0.51875,5050,1692,50.5,2.01103067,0.51875,3276,212,33.6666679,0.859154344,0.51875,3271,189,33.6666679,0.816537738,0.51875,59.3750076,54.1250038,99.99748,29.5140915,7.36667252,80.0257,10.7865372,4.094227,72.48645,45,0.25,0,55,0,85,0.416,1.01,16,16,16,32,48,30,295,160,130,0,0,0,16,44.5,0.25,0,55,0,85,0.416,1.01,16,16,16,32,48,30,295,160,130,0,0,0,16,512,-1,485.785156,485.480469,0.3046875,0.5,7618.451,7618.951,0,0,0,0,0,0,0,0,0,0,0,0,512,600,1200,3000,56,0.979000032,1.30500007,0,12,16,54,2835,10451.9824,1119,1121,34,34,50,31,0,0,53.846,63.045,1.09,11744.6094,289.910156,47.20864,0,0,0,0.02504794,0,0,0,0,0,0.060071338,0,0,0,60.9375,64,16376,4330,12045,73.55286,157.075,278649856,5.384909E+07
05/28/2026 01:20:41,52,64,0,60,66,60,60,60,60,75,12.12,5.03,1.31000006,1.396,0.996000051,0.34,0.614,3.288,2.046,0,3.37200022,3.37200022,3.12000012,59,50,51.5,49,1161,852,0,938,847,0,0,0,0,0,31.25,25.4,12.7,6.35,19.05,21.88,4.69,6.25,15.94,31.25,39.74814,3635,828,4850,1747,48.5,1.96650565,0.625,3233,1146,32.3333321,1.62501407,0.625,3233,507,32.3333321,1.1094631,0.64375,3233,353,32.3333321,0.964801,0.64375,3233,766,32.3333321,1.30838132,0.64375,4850,1655,48.5,1.91300333,0.64375,3212,255,32.3333321,0.867265642,0.64375,3233,197,32.3333321,0.805440366,0.64375,59.2500076,54.1250038,99.99749,29.5158272,7.364937,80.03041,10.7801666,4.10059738,72.443634,45,0.25,0,55,0,85,0.416,1.01,16,16,16,32,48,30,295,160,130,0,0,0,16,44.5,0.25,0,55,0,85,0.416,1.01,16,16,16,32,48,30,295,160,130,0,0,0,16,512,-1,485.785156,485.480469,0.3046875,0.5,7618.451,7618.951,0,0,0,0,0,0,0,0,0,0,0,0,512,600,1200,3000,56,1.08400011,1.30500007,0,7,16,54,2835,10451.9824,1115,1118,34,34,50,31,0,0,53.655,61.881,1.09,11744.6094,289.910156,46.7982941,0,0,0,0.02360211,0,0,0,0,0,0,0,0,0,60.875,62,16376,4330,12045,73.55286,155.883,204399616,44949504
05/28/2026 01:20:43,52,64,0,60,66,60,60,60,60,75,12.0960007,5.03,1.31000006,1.396,0.998,0.346000016,0.614,3.288,2.046,0,3.37200022,3.37200022,3.12000012,59,50,51.5,49,1149,852,0,934,849,0,0,0,0,0,31.25,20.31,7.81,10.94,15.62,26.56,4.69,1.56,14.84,31.25,39.6112823,4738,824,4850,1715,48.5,1.94269431,0.61875,4850,1124,48.5,1.61089063,0.61875,4850,544,48.5,1.14351666,0.61875,4850,365,48.5,0.9759419,0.61875,4850,795,48.5,1.3380729,0.61875,4850,1607,48.5,1.861276,0.61875,4767,248,48.5,0.8769779,0.61875,4033,197,40.4,0.8111209,0.61875,59.2500076,54.1250038,99.9975,29.5184212,7.362343,80.0374451,10.7806282,4.100136,72.44674,45,0.25,0,55,0,85,0.416,1.01,16,16,16,32,48,30,295,160,130,0,0,0,16,44.5,0.25,0,55,0,85,0.416,1.01,16,16,16,32,48,30,295,160,130,0,0,0,16,512,-1,485.785156,485.480469,0.3046875,0.5,7618.451,7618.951,0,0,0,0,0,0,0,0,0,0,0,0,512,600,1200,3000,56,1.01,1.30500007,0,11,16,54,2835,10451.9824,1112,1113,34,34,50,31,0,0,54.251,61.311,1.09,11744.6094,290.1289,46.92827,0,0,0,0.0228476729,0,0,0,0,0,0.008821878,0,0,0,60.90625,62,16376,4330,12045,73.55286,157.009,177899520,5.76E+07
05/28/2026 01:20:45,52,64,0,60,66,60,60,60,60,75,12.12,5.03,1.31000006,1.39200008,0.996000051,0.342,0.614,3.288,2.046,0,3.37200022,3.37200022,3.12000012,59,50.5,51.5,49,1167,851,0,938,870,0,0,0,0,0,32.81,18.46,10.77,1.54,12.31,32.31,3.12,0,13.92,32.81,39.3817329,4424,818,4850,1615,48.5,1.84591329,0.65,4850,1180,48.5,1.63393164,0.65,4850,545,48.5,1.128944,0.65,4807,344,48.5,0.952979445,0.65,4850,820,48.5,1.35440159,0.65,4850,1606,48.5,1.78399193,0.65,3157,240,32.3333321,0.864374638,0.65,3176,196,32.3333321,0.8034027,0.65,59.1250076,54.1250038,99.99749,29.5151672,7.365597,80.0286255,10.7821655,4.09859848,72.45707,45,0.25,0,55,0,85,0.416,1.01,16,16,16,32,48,30,295,160,130,0,0,0,16,44.5,0.25,0,55,0,85,0.416,1.01,16,16,16,32,48,30,295,160,130,0,0,0,16,512,-1,485.785156,485.480469,0.3046875,0.5,7618.451,7618.951,0,0,0,0,0,0,0,0,0,0,0,0,512,600,1200,3000,56,0.784000039,1.30500007,0,2,16,54,2835,10451.9824,1110,1109,34,34,50,31,0,1,55.004,59.853,1.09,11744.6094,290.222656,47.1284,0,0,0,0.0247164387,0,0,0,0,0,0,0,0,0,61.5625,62,16376,4330,12045,73.55286,157.803,215999488,59899904
05/28/2026 01:20:47,52,64,0,60,66,60,60,60,60,75,12.0960007,5.03,1.31000006,1.39200008,0.994,0.354,0.614,3.28400016,2.046,0,3.37200022,3.37200022,3.12000012,59,50,51.5,48.5,1161,852,0,917,870,0,0,0,0,0,28.12,26.56,7.81,4.69,18.75,29.69,1.56,1.56,14.84,29.69,39.1132278,3832,819,4040,1605,40.4,1.827303,0.5,4040,1194,40.4,1.63533723,0.5,4040,535,40.4,1.12898207,0.5,4040,375,40.4,0.989974558,0.5,3233,752,32.3333321,1.30200136,0.53125,4850,1646,48.5,1.78200018,0.53125,3211,250,32.3333321,0.865648568,0.53125,3201,196,32.3333321,0.8032401,0.53125,58.8750076,56.1250038,99.99749,29.51775,7.363014,80.03563,10.7882843,4.09247971,72.4981842,45,0.25,0,55,0,85,0.416,1.01,16,16,16,32,48,30,295,160,130,0,0,0,16,44.5,0.25,0,55,0,85,0.416,1.01,16,16,16,32,48,30,295,160,130,0,0,0,16,512,-1,485.785156,485.480469,0.3046875,0.5,7618.451,7618.951,0,0,0,0,0,0,0,0,0,0,0,0,512,600,1200,3000,56,1.09,1.30500007,0,9,16,54,2835,10451.9824,1108,1106,34,34,49,31,0,1,54.344,57.908,1.09,11744.6094,290.222656,46.93144,0,0,0,0.0171825923,0,0,0,0,0,0,0,0,0,61.03125,62,16376,4330,12045,73.55286,156.626,248299520,47149056
05/28/2026 01:20:49,51,64,0,60,65,58,58,58,58,75,12.0960007,5.03,1.31000006,1.396,0.998,0.338000029,0.614,3.292,2.046,0,3.37200022,3.37200022,3.12000012,58,50,51.5,48.5,1163,821,0,916,845,0,0,0,0,0,28.57,15.87,12.7,6.35,7.94,25.4,4.76,3.17,13.1,28.57,39.1830559,4019,805,4850,1755,48.5,1.9631896,0.63125,4850,1111,48.5,1.59030032,0.63125,3233,532,32.3333321,1.12335134,0.63125,3215,327,32.3333321,0.937371969,0.63125,4850,689,48.5,1.25255358,0.63125,4850,1624,48.5,1.82666719,0.63125,3185,221,32.3333321,0.847204864,0.63125,3118,178,32.3333321,0.7881015,0.63125,58.8750076,54.1250038,99.99749,29.4894028,7.391361,79.95876,10.7589455,4.12181854,72.3010254,45,0.25,0,55,0,85,0.416,1.01,16,16,16,32,48,30,295,160,130,0,0,0,16,44.5,0.25,0,55,0,85,0.416,1.01,16,16,16,32,48,30,295,160,130,0,0,0,16,512,-1,485.785156,485.480469,0.3046875,0.5,7618.451,7618.951,0,0,0,0,0,0,0,0,0,0,0,0,512,600,1200,3000,56,0.989,1.30500007,0,12,17,54,2835,10451.9824,1107,1106,34,34,50,31,0,1,54.767,56.912,1.09,11744.6094,290.222656,46.8702545,0,0,0,0.014838988,0,0,0,0,0,0,0,0,0,61.78125,64,16376,4330,12045,73.55286,155.991,2.136494E+08,4.90496E+07
05/28/2026 01:20:51,51,64,0,59,65,59,59,59,59,75,12.12,5.03,1.31000006,1.39200008,1.006,0.34,0.614,3.28000021,2.046,0,3.37200022,3.37200022,3.12000012,59,50,51.5,49,1142,820,0,927,862,0,0,0,0,0,26.15,18.46,9.23,3.08,9.23,21.54,1.54,0,11.15,26.15,39.69884,4020,824,4850,1822,48.5,2.08495474,0.65,4850,1068,48.5,1.61486256,0.65,3233,512,32.3333321,1.11212039,0.65,3213,358,32.3333321,0.9752861,0.65,4850,691,48.5,1.265773,0.65,4850,1700,48.5,1.98643649,0.65,3164,250,32.3333321,0.884661257,0.65,3147,193,32.3333321,0.824953437,0.65,59.1250076,54.1250038,99.9975,29.4877663,7.39299774,79.95432,10.7587967,4.12196732,72.30003,45,0.25,0,55,0,85,0.416,1.01,16,16,16,32,48,30,295,160,130,0,0,0,16,44.5,0.25,0,55,0,85,0.416,1.01,16,16,16,32,48,30,295,160,130,0,0,0,16,512,-1,485.785156,485.480469,0.3046875,0.5,7618.451,7618.951,0,0,0,0,0,0,0,0,0,0,0,0,512,600,1200,3000,56,0.974000037,1.30500007,0,4,16,53,2835,10451.9824,1105,1105,34,34,50,32,0,1,57.249,60.373,1.09,11744.6094,290.222656,47.7026825,0,0,0,0.0152936671,0,0,0,0,0,0,0,0,0,62.15625,62,16376,4330,12045,73.55286,157.511,321299456,7.14496E+07
05/28/2026 01:20:53,51,64,0,59,65,58,58,59,59,75,12.12,5.03,1.31000006,1.39200008,1.008,0.352000028,0.616000056,3.28400016,2.046,0,3.37200022,3.37200022,3.12000012,59,50.5,51.5,49,1163,820,0,907,836,0,0,0,0,0,31.25,14.06,10.94,9.38,17.19,23.44,4.69,1.56,14.06,31.25,38.93964,4226,802,4850,1719,48.5,1.96070635,0.625,4850,1061,48.5,1.56568849,0.625,4850,521,48.5,1.10958445,0.625,3233,371,32.3333321,0.976806164,0.625,4850,736,48.5,1.28696239,0.625,4850,1576,48.5,1.86462617,0.625,3203,247,32.3333321,0.873690069,0.625,3126,188,32.3333321,0.809534,0.625,58.8750076,54.1250038,99.99749,29.5201988,7.360565,80.04227,10.7883644,4.0923996,72.4987259,45,0.25,0,55,0,85,0.416,1.01,16,16,16,32,48,30,295,160,130,0,0,0,16,44.5,0.25,0,55,0,85,0.416,1.01,16,16,16,32,48,30,295,160,130,0,0,0,16,512,-1,485.785156,485.480469,0.3046875,0.5,7618.451,7618.951,0,0,0,0,0,0,0,0,0,0,0,0,512,600,1200,3000,56,0.969000041,1.30500007,0,6,16,52,2835,10451.9824,1103,1105,33,33,52,32,0,1,55.02,52.771,1.09,11744.6094,290.222656,46.4533653,0,0,0,0.0144701293,0,0,0,0,0,0,0,0,0,61.4375,62,16376,4330,12045,73.55286,157.456,257499136,56699904
05/28/2026 01:20:55,51,64,0,60,65,59,59,58,58,75,12.12,5.03,1.31000006,1.39200008,1.01200008,0.354,0.616000056,3.288,2.046,0,3.37200022,3.37200022,3.12000012,58,50,51.5,48.5,1146,820,0,924,856,0,0,0,0,0,23.44,15.62,9.38,10.94,9.38,23.44,4.69,3.12,12.5,23.44,38.9500961,3827,802,4850,1643,48.5,1.91213536,0.61875,3233,1088,32.3333321,1.59079373,0.61875,3233,511,32.3333321,1.10432017,0.64375,3224,392,32.3333321,0.991345763,0.64375,4850,681,48.5,1.25094438,0.64375,4850,1618,48.5,1.89569068,0.64375,3189,282,32.3333321,0.8981491,0.64375,3187,203,32.3333321,0.8245013,0.64375,58.7500076,54.1250038,99.99749,29.489212,7.391552,79.9582443,10.7583961,4.122368,72.29733,45,0.25,0,55,0,85,0.416,1.01,16,16,16,32,48,30,295,160,130,0,0,0,16,44.5,0.25,0,55,0,85,0.416,1.01,16,16,16,32,48,30,295,160,130,0,0,0,16,512,-1,485.785156,485.480469,0.3046875,0.5,7618.451,7618.951,0,0,0,0,0,0,0,0,0,0,0,0,512,600,1200,3000,57,1.069,1.30500007,0,10,16,52,2835,10451.9824,1101,1104,33,33,59,34,0,1,55.849,48.272,1.09,11744.6094,290.222656,52.6727142,0,0,0,0.0161466561,0,0,0,0,0,0,0,0,0,62.53125,62,16376,4330,12045,73.55286,157.09,293749760,62949376
05/28/2026 01:20:57,51,64,0,59,65,59,59,59,59,76,12.12,5.03,1.31000006,1.396,1.026,0.352000028,0.616000056,3.288,2.046,0,3.37200022,3.37200022,3.12000012,60,50,51.5,49,1135,851,0,921,833,0,0,0,0,0,40,23.08,16.92,12.31,15.38,60,6.15,1.54,21.92,60,40.6967049,3527,1021,4040,1775,40.4,2.05206132,0.5,4040,1240,40.4,1.7855618,0.5,3123,594,32.3333321,1.2813369,0.50625,3043,422,32.3333321,1.12687564,0.50625,3107,798,32.3333321,1.44697642,0.50625,4850,2725,48.5,2.42514563,0.50625,2998,331,32.3333321,1.04019177,0.50625,3013,284,32.3333321,0.979268968,0.50625,60.2500076,55.3750038,99.99748,29.507885,7.372879,80.00888,10.7616425,4.11912155,72.31915,45,0.25,0,55,0,85,0.416,1.01,16,16,16,32,48,30,295,160,130,0,0,0,16,44.5,0.25,0,55,0,85,0.416,1.01,16,16,16,32,48,30,295,160,130,0,0,0,16,512,-1,485.785156,485.480469,0.3046875,0.5,7618.451,7618.951,0,0,0,0,0,0,0,0,0,0,0,0,512,600,1200,3000,56,1.095,1.30500007,0,11,16,52,2835,10451.9824,1098,1101,33,33,59,34,0,1,56.118,63.694,1.09,11744.6094,290.222656,53.2961273,0,0,0,0.016744528,0,0,0,0,0,0,0,0,0,61.1875,62,16376,4330,12045,73.55286,156.125,3.24949E+08,6.194995E+07
05/28/2026 01:20:59,52,64,0,60,65,61,61,61,61,76,12.12,5.03,1.31000006,1.39200008,1.034,0.354,0.614,3.28400016,2.046,0,3.37200022,3.37200022,3.12000012,60,50,51.5,48.5,1163,852,0,911,859,0,0,0,0,0,39.06,15.62,9.38,6.25,9.38,60.94,9.38,6.35,19.54,60.94,40.82757,3721,1042,4850,1858,48.5,2.15987,0.625,4850,1338,48.5,1.935179,0.625,3069,545,32.3333321,1.27943277,0.625,3026,409,32.3333321,1.12772894,0.625,3115,824,32.3333321,1.52137375,0.625,4850,2799,48.5,2.591183,0.625,2995,294,32.3333321,1.00884271,0.625,3015,273,32.3333321,0.9771316,0.625,60.1250076,54.1250038,99.99749,29.50629,7.37447357,80.0045547,10.758709,4.122055,72.29944,45,0.25,0,55,0,85,0.416,1.01,16,16,16,32,48,30,295,160,130,0,0,0,16,44.5,0.25,0,55,0,85,0.416,1.01,16,16,16,32,48,30,295,160,130,0,0,0,16,512,-1,485.785156,485.480469,0.3046875,0.5,7618.451,7618.951,0,0,0,0,0,0,0,0,0,0,0,0,512,600,1200,3000,57,0.965000033,1.30500007,0,7,16,53,2835,10451.9824,1095,1099,33,33,59,34,0,1,56.071,55.896,1.09,11744.9883,290.222656,52.3800659,0,0,0,0.017792,0,0,0,0,0,0.017037008,0,0,0,61.125,62,16376,4330,12045,73.5551453,157.364,318499840,7.309926E+07
05/28/2026 01:21:01,53,64,0,61,66,61,61,61,61,76,12.12,5.03,1.31000006,1.396,1.036,0.358,0.616000056,3.28400016,2.046,0,3.37200022,3.37200022,3.12000012,60,50,51.5,48.5,1195,852,0,933,842,0,0,0,0,0,20.63,17.46,11.11,4.76,14.29,55.56,6.35,1.59,16.47,55.56,40.63976,3926,998,4850,1693,48.5,2.075788,0.63125,4850,1322,48.5,1.93211424,0.63125,3086,516,32.3333321,1.255142,0.63125,3058,378,32.3333321,1.101593,0.63125,4726,847,48.5,1.52933657,0.63125,4850,2772,48.5,2.510888,0.63125,2998,271,32.3333321,0.9912669,0.63125,2992,187,32.3333321,0.907578349,0.63125,60.1250076,54.6250038,99.99748,29.5374565,7.3433075,80.08906,10.7917709,4.088993,72.52162,44.75,0.25,0,55,0,85,0.416,1.01,16,16,16,32,48,30,295,160,130,0,0,0,16,44.5,0.25,0,55,0,85,0.416,1.01,16,16,16,32,48,30,295,160,130,0,0,0,16,512,-1,485.785156,485.480469,0.3046875,0.5,7618.451,7618.951,0,0,0,0,0,0,0,0,0,0,0,0,512,600,1200,3000,56,1.069,1.30500007,0,9,16,53,2835,10451.9824,1093,1097,33,33,56,33,0,1,55.18,53.116,1.09,11744.9883,290.453125,48.13688,0,0,0,0.0165431984,0,0,0,0,0,0.0122990273,0,0,0,61.1875,62,16376,4330,12045,73.5551453,156.808,1.825495E+08,5.704909E+07
05/28/2026 01:21:03,53,64,0,62,67,61,61,61,61,76,12.0960007,5.03,1.31000006,1.39200008,1.028,0.34,0.616000056,3.28400016,2.046,0,3.37200022,3.36800027,3.12000012,59,50,51.5,49,1190,852,0,939,872,0,0,0,0,0,36.51,12.5,7.81,0,7.81,55.56,3.12,1.56,15.61,55.56,40.800766,4286,959,4020,1625,40.2,1.99756753,0.49375,5025,1227,50.25,1.7870537,0.49375,4842,510,50.25,1.2193644,0.49375,3809,356,40.2,1.05948663,0.49375,3937,753,40.4,1.43958139,0.5,5050,2723,50.5,2.34729934,0.5,3825,267,40.4,0.966942847,0.5,3780,213,40.4,0.899061739,0.5,59.7500076,54.7500038,99.99749,29.5058365,7.37492752,80.00333,10.7596931,4.121071,72.30605,44.75,0.25,0,55,0,85,0.416,1.01,16,16,16,32,48,30,295,160,130,0,0,0,16,44.5,0.25,0,55,0,85,0.416,1.01,16,16,16,32,48,30,295,160,130,0,0,0,16,512,-1,485.785156,485.480469,0.3046875,0.5,7618.451,7618.951,0,0,0,0,0,0,0,0,0,0,0,0,512,600,1200,3000,56,0.979000032,1.30500007,0,5,16,53,2835,10451.9824,1092,1094,33,33,55,33,0,1,54.298,54.529,1.09,11744.9883,290.453125,48.49052,0,0,0,0.0181173962,0,0,0,0,0,0,0,0,0,61.28125,62,16376,4330,12045,73.5551453,155.589,252749824,6.739968E+07
05/28/2026 01:21:05,53,64,0,61,66,60,60,60,60,75,12.12,5.03,1.31000006,1.39200008,1.024,0.344,0.616000056,3.288,2.046,0,3.37200022,3.36800027,3.12000012,59,50,51.5,48.5,1176,820,0,936,860,0,0,0,0,0,39.06,25,7.81,1.56,17.19,42.19,1.56,0,16.8,42.19,40.8763,3785,972,3900,1793,39,2.06007385,0.55625,3900,1285,39,1.83552325,0.55625,4648,482,48.75,1.18520474,0.55625,3048,329,32.5,1.03071558,0.55625,3880,786,39,1.45024586,0.55625,4875,2682,48.75,2.354137,0.59375,3014,227,32.5,0.9270416,0.59375,3013,192,32.5,0.8794901,0.59375,59.5000076,64.125,99.99749,29.5374031,7.343361,80.08891,10.7915192,4.089245,72.51993,44.75,0.25,0,55,0,85,0.416,1.01,16,16,16,32,48,30,295,160,130,0,0,0,16,44.5,0.25,0,55,0,85,0.416,1.01,16,16,16,32,48,30,295,160,130,0,0,0,16,512,-1,485.785156,485.480469,0.3046875,0.5,7618.451,7618.951,0,0,0,0,0,0,0,0,0,0,0,0,512,600,1200,3000,56,0.989,1.30500007,0,8,16,54,2835,10451.9824,1090,1089,33,33,55,33,0,1,54.654,55.818,1.09,11744.9883,290.453125,49.0430565,0,0,0,0.0188899077,0,0,0,0,0,0,0,0,0,61.1875,64,16376,4330,12045,73.5551453,156.513,307599360,50499584
05/28/2026 01:21:07,52,64,0,60,66,60,60,60,60,75,12.0960007,5.03,1.31000006,1.39200008,1.03000009,0.342,0.616000056,3.288,2.046,0,3.36800027,3.37200022,3.12000012,59,50,51.5,48.5,1158,821,0,942,877,0,0,0,0,0,23.44,28.12,4.69,4.69,17.19,48.44,1.56,1.56,16.21,48.44,41.5081253,4213,935,4040,1603,40.4,1.92642188,0.63125,5050,1261,50.5,1.75671768,0.63125,3861,446,40.4,1.140218,0.63125,3813,304,40.4,0.990461349,0.63125,4015,771,40.4,1.42077982,0.63125,3880,2677,38.8,2.31949234,0.63125,4548,242,48.5,0.9221502,0.51875,4497,178,48.5,0.8627608,0.51875,59.6250076,54.1250038,99.99749,29.5078659,7.372898,80.00883,10.764473,4.116291,72.33817,44.75,0.25,0,55,0,85,0.416,1.01,16,16,16,32,48,30,295,160,130,0,0,0,16,44.5,0.25,0,55,0,85,0.416,1.01,16,16,16,32,48,30,295,160,130,0,0,0,16,512,-1,485.785156,485.480469,0.3046875,0.5,7618.451,7618.951,0,0,0,0,0,0,0,0,0,0,0,0,512,600,1200,3000,56,0.969000041,1.30500007,0,7,16,54,2835,10451.9824,1089,1087,33,33,55,32,0,1,54.448,55.241,1.09,11744.9883,290.453125,49.0336647,0,0,0,0.0178883821,0,0,0,0,0,0,0,0,0,61.28125,62,16376,4330,12045,73.5551453,157.554,329349120,5.844992E+07
05/28/2026 01:21:09,52,64,0,60,66,60,60,60,60,75,12.0960007,5.03,1.31000006,1.396,1.03000009,0.346000016,0.616000056,3.28400016,2.046,0,3.37200022,3.37200022,3.12000012,59,50.5,51.5,48.5,1146,821,0,918,871,0,0,0,0,0,24.62,41.54,9.23,6.15,7.69,64.62,3.08,4.62,20.19,64.62,40.60758,4234,933,4040,1591,40.4,1.9342041,0.51875,5000,1229,50,1.71172857,0.51875,4719,450,50,1.13949943,0.51875,3726,295,40,0.9880026,0.51875,3941,728,40,1.39153171,0.51875,5000,2744,50,2.36593986,0.51875,3758,246,40,0.9336767,0.51875,3685,178,40,0.8656842,0.51875,59.3750076,54.1250038,99.99748,29.5380821,7.342682,80.09075,10.7919807,4.08878326,72.5230255,44.75,0.25,0,55,0,85,0.416,1.01,16,16,16,32,48,30,295,160,130,0,0,0,16,44.5,0.25,0,55,0,85,0.416,1.01,16,16,16,32,48,30,295,160,130,0,0,0,16,512,-1,485.785156,485.480469,0.3046875,0.5,7618.451,7618.951,0,0,0,0,0,0,0,0,0,0,0,0,512,600,1200,3000,56,1.05500007,1.30500007,0,10,16,54,2835,10451.9824,1088,1087,33,33,55,32,0,1,53.799,47.84,1.09,11744.9883,290.453125,49.4404449,0,0,0,0.0175497718,0,0,0,0,0,0,0,0,0,61.40625,62,16376,4330,12045,73.5551453,156.679,2.40299E+08,6.18496E+07
05/28/2026 01:21:11,52,64,0,60,66,60,60,60,60,75,12.12,5.03,1.31000006,1.396,1.02200007,0.344,0.616000056,3.288,2.046,0,3.37200022,3.37200022,3.12000012,59,50.5,51.5,48.5,1159,820,0,934,848,0,0,0,0,0,40,35.38,10.94,9.38,15.38,50.77,3.12,4.69,21.21,50.77,40.55957,3813,924,4040,1693,40.4,1.97540164,0.525,4040,1194,40.4,1.71354532,0.51875,3867,445,40.4,1.13054311,0.51875,3187,304,33.6666679,0.988665342,0.51875,4038,729,40.4,1.38146257,0.51875,5050,2612,50.5,2.247429,0.50625,3148,231,33.6666679,0.906509757,0.50625,3136,184,33.6666679,0.865817547,0.50625,59.1250076,54.6250038,99.99749,29.5077324,7.37303162,80.00846,10.7651405,4.11562347,72.34266,44.75,0.25,0,55,0,85,0.416,1.01,16,16,16,32,48,30,295,160,130,0,0,0,16,44.5,0.25,0,55,0,85,0.416,1.01,16,16,16,32,48,30,295,160,130,0,0,0,16,512,-1,485.785156,485.480469,0.3046875,0.5,7618.451,7618.951,0,0,0,0,0,0,0,0,0,0,0,0,512,600,1200,3000,56,0.984,1.30500007,0,7,16,54,2835,10451.9824,1084,1083,33,33,54,32,0,1,53.9,51.46,1.09,11744.9883,290.453125,49.4641457,0,0,0,0.0168354623,0,0,0,0,0,0,0,0,0,61.90625,64,16376,4330,12045,73.5551453,155.926,2.374994E+08,5.039923E+07
05/28/2026 01:21:13,52,64,0,60,66,60,60,60,60,75,12.0960007,5.03,1.31000006,1.396,1.034,0.346000016,0.616000056,3.288,2.046,0,3.37200022,3.37200022,3.12000012,59,50.5,51.5,48.5,1154,851,0,936,849,0,0,0,0,0,38.46,24.62,6.15,10.77,21.54,46.15,1.54,0,18.65,46.15,41.38272,4129,918,4850,1623,48.5,1.94708538,0.61875,4850,1124,48.5,1.70229065,0.61875,3092,458,32.3333321,1.14710391,0.61875,3057,311,32.3333321,1.00507069,0.61875,4789,755,48.5,1.418284,0.61875,4850,2654,48.5,2.31771469,0.61875,3035,237,32.3333321,0.918168,0.61875,4507,183,48.5,0.8637544,0.625,59.3750076,54.6250038,99.99748,29.5371742,7.34359,80.08829,10.7917137,4.08905029,72.52123,44.75,0.25,0,55,0,85,0.416,1.01,16,16,16,32,48,30,295,160,130,0,0,0,16,44.5,0.25,0,55,0,85,0.416,1.01,16,16,16,32,48,30,295,160,130,0,0,0,16,512,-1,485.785156,485.480469,0.3046875,0.5,7618.451,7618.951,0,0,0,0,0,0,0,0,0,0,0,0,512,600,1200,3000,56,1.079,1.30500007,0,16,17,54,2835,10451.9824,1081,1082,33,33,54,32,0,1,54.721,46.253,1.09,11744.9883,290.453125,49.4204979,0,0,0,0.0164533984,0,0,0,0,0,0,0,0,0,61.65625,64,16376,4330,12045,73.5551453,157.484,340849664,63599616
05/28/2026 01:21:15,52,64,0,60,66,60,60,60,60,75,12.0960007,5.03,1.31000006,1.39200008,1.026,0.342,0.614,3.28400016,2.046,0,3.37200022,3.37200022,3.12000012,59,50,51.5,48.5,1162,852,0,933,849,0,0,0,0,0,33.33,30.16,11.11,3.17,12.7,65.08,4.76,1.59,20.24,65.08,40.3381538,3931,942,4850,1684,48.5,2.03365517,0.51875,4850,1241,48.5,1.799078,0.51875,3105,480,32.3333321,1.18274248,0.51875,3025,338,32.3333321,1.03395593,0.51875,4732,714,48.5,1.39283657,0.51875,4850,2653,48.5,2.270702,0.51875,3037,245,32.3333321,0.9416024,0.51875,2996,183,32.3333321,0.870392144,0.51875,59.2500076,54.1250038,99.99748,29.5073547,7.37340927,80.00744,10.762764,4.118,72.32669,44.75,0.25,0,55,0,85,0.416,1.01,16,16,16,32,48,30,295,160,130,0,0,0,16,44.5,0.25,0,55,0,85,0.416,1.01,16,16,16,32,48,30,295,160,130,0,0,0,16,512,-1,485.785156,485.480469,0.3046875,0.5,7618.451,7618.951,0,0,0,0,0,0,0,0,0,0,0,0,512,600,1200,3000,56,1.04000008,1.30500007,0,8,16,54,2835,10451.9824,1079,1081,33,33,54,32,0,1,54.25,63.294,1.09,11744.9883,290.453125,48.7616959,0,0,0,0.0170105565,0,0,0,0,0,0,0,0,0,61.375,64,16376,4330,12045,73.5551453,157.551,2.218496E+08,5.619917E+07
05/28/2026 01:21:17,52,64,0,60,66,60,60,60,60,75,12.12,5.03,1.31000006,1.39200008,1.026,0.354,0.616000056,3.28000021,2.046,0,3.37200022,3.36800027,3.12000012,59,50,51.5,48.5,1154,852,0,938,848,0,0,0,0,0,35.38,35.38,10.77,4.62,15.38,44.62,4.62,0,18.85,44.62,39.9201431,3640,949,4040,1621,40.4,1.87888074,0.50625,5050,1365,50.5,1.84138107,0.50625,3272,500,33.6666679,1.17040491,0.50625,3172,356,33.6666679,1.03124082,0.50625,3295,726,33.6666679,1.38124275,0.50625,4040,2587,40.4,2.25794053,0.50625,3128,236,33.6666679,0.922804832,0.50625,3126,200,33.6666679,0.8751929,0.50625,59.1250076,54.1250038,99.99749,29.5349464,7.34581757,80.08225,10.7895622,4.091202,72.5067749,44.75,0.25,0,55,0,85,0.416,1.01,16,16,16,32,48,30,295,160,130,0,0,0,16,44.5,0.25,0,55,0,85,0.416,1.01,16,16,16,32,48,30,295,160,130,0,0,0,16,512,-1,485.785156,485.480469,0.3046875,0.5,7618.451,7618.951,0,0,0,0,0,0,0,0,0,0,0,0,512,600,1200,3000,56,0.974000037,1.30500007,0,7,16,54,2835,10451.9824,1079,1080,33,33,54,32,0,1,53.811,46.701,1.09,11744.9883,290.222656,48.88891,0,0,0,0.01718899,0,0,0,0,0,0.008948803,0,0,0,61.5,62,16376,4330,12045,73.5551453,156.104,179099648,7.654912E+07
05/28/2026 01:21:19,52,64,0,60,66,60,60,60,60,75,12.0960007,5.03,1.31000006,1.39200008,1.028,0.34,0.616000056,3.288,2.046,0,3.37200022,3.37200022,3.12000012,59,50.5,51.5,48.5,1150,852,0,921,848,0,0,0,0,0,30.16,38.1,9.52,6.35,17.46,46.03,7.94,3.17,19.84,46.03,40.5461731,3943,980,4850,1789,48.5,2.01573,0.53125,4850,1333,48.5,1.82508063,0.53125,3160,551,32.3333321,1.22365069,0.53125,3066,379,32.3333321,1.05933845,0.53125,4789,793,48.5,1.42921913,0.53125,4850,2517,48.5,2.22809958,0.53125,2999,267,32.3333321,0.953959167,0.53125,2981,208,32.3333321,0.8937713,0.53125,59.1250076,54.6250038,99.99749,29.5077362,7.373028,80.00847,10.7638321,4.116932,72.33387,44.75,0.25,0,55,0,85,0.416,1.01,16,16,16,32,48,30,295,160,130,0,0,0,16,44.5,0.25,0,55,0,85,0.416,1.01,16,16,16,32,48,30,295,160,130,0,0,0,16,512,-1,485.785156,485.480469,0.3046875,0.5,7618.451,7618.951,0,0,0,0,0,0,0,0,0,0,0,0,512,600,1200,3000,56,1.05500007,1.30500007,0,12,16,54,2835,10451.9824,1077,1076,33,33,54,32,0,1,54.023,63.271,1.09,11744.9883,290.222656,49.10426,0,0,0,0.0182460938,0,0,0,0,0,0,0,0,0,61.46875,62,16376,4330,12045,73.5551453,156.06,350049280,55899136
05/28/2026 01:21:21,52,64,0,60,66,60,60,60,60,75,12.0960007,5.03,1.31000006,1.39200008,1.036,0.34,0.616000056,3.28400016,2.046,0,3.36800027,3.37200022,3.12000012,59,50,51.5,48.5,1156,820,0,933,871,0,0,0,0,0,29.23,20,13.85,12.31,10.77,55.38,7.69,3.08,19.04,55.38,40.89937,4157,952,4040,1645,40.4,1.939331,0.54375,4040,1258,40.4,1.80089247,0.54375,4905,531,50.5,1.21209109,0.54375,3820,400,40.4,1.07998312,0.54375,3928,735,40.4,1.38481259,0.54375,5050,2597,50.5,2.21744967,0.5125,3737,250,40.4,0.947002649,0.5125,3739,196,40.4,0.8842835,0.5125,59.2500076,54.1250038,99.99749,29.53547,7.345295,80.08367,10.7902184,4.09054565,72.5111847,44.75,0.25,0,55,0,85,0.416,1.01,16,16,16,32,48,30,295,160,130,0,0,0,16,44.5,0.25,0,55,0,85,0.416,1.01,16,16,16,32,48,30,295,160,130,0,0,0,16,512,-1,485.785156,485.480469,0.3046875,0.5,7618.451,7618.951,0,0,0,0,0,0,0,0,0,0,0,0,512,600,1200,3000,56,0.989,1.30500007,0,11,16,54,2835,10451.9824,1076,1076,33,33,54,32,0,1,54.392,60.513,1.09,11744.9883,290.222656,48.65063,0,0,0,0.0172396917,0,0,0,0,0,0,0,0,0,61.5,64,16376,4330,12045,73.5551453,157.846,256649216,56049664
05/28/2026 01:21:23,52,64,0,60,66,60,60,60,60,75,12.0960007,5.03,1.31000006,1.39200008,1.024,0.356,0.616000056,3.28400016,2.046,0,3.37200022,3.36800027,3.12000012,59,50,51.5,48.5,1160,820,0,936,871,0,0,0,0,0,22.22,23.81,15.87,9.52,15.87,52.38,6.35,3.17,18.65,52.38,40.0456619,4315,950,4850,1618,48.5,1.93083823,0.6125,4850,1211,48.5,1.76357055,0.6125,3181,547,32.3333321,1.22543943,0.6125,3046,367,32.3333321,1.04597533,0.6125,4772,809,48.5,1.43233383,0.61875,4850,2576,48.5,2.21306777,0.61875,4496,280,48.5,0.9644985,0.61875,4476,193,48.5,0.8863084,0.61875,59.1250076,54.1250038,99.99749,29.5380363,7.34272766,80.09063,10.7924767,4.08828735,72.52636,44.75,0.25,0,55,0,85,0.416,1.01,16,16,16,32,48,30,295,160,130,0,0,0,16,44.5,0.25,0,55,0,85,0.416,1.01,16,16,16,32,48,30,295,160,130,0,0,0,16,512,-1,485.785156,485.480469,0.3046875,0.5,7618.451,7618.951,0,0,0,0,0,0,0,0,0,0,0,0,512,600,1200,3000,56,0.984,1.30500007,0,13,16,54,2835,10451.9824,1073,1073,33,33,54,31,0,1,53.972,50.091,1.09,11744.9883,290.222656,48.644413,0,0,0,0.019325383,0,0,0,0,0,0,0,0,0,61.9375,64,16376,4330,12045,73.5551453,157.118,257499136,6.089933E+07
05/28/2026 01:21:25,52,64,0,60,66,60,60,60,60,75,12.12,5.03,1.31000006,1.39200008,1.03200006,0.350000024,0.616000056,3.288,2.046,0,3.37200022,3.37200022,3.12000012,59,50.5,51.5,48.5,1146,820,0,933,870,0,0,0,0,0,32.81,26.56,10.94,6.25,14.06,56.25,1.56,1.56,18.75,56.25,40.2553444,3949,933,4850,1602,48.5,1.91013634,0.61875,4850,1182,48.5,1.73686075,0.61875,3153,517,32.3333321,1.1765393,0.61875,3060,358,32.3333321,1.02942169,0.61875,4811,818,48.5,1.42616618,0.61875,4850,2560,48.5,2.19827342,0.61875,3023,259,32.3333321,0.938937068,0.61875,2996,165,32.3333321,0.84866035,0.61875,59.0000076,54.1250038,99.99748,29.506237,7.374527,80.00441,10.7641449,4.116619,72.33597,44.75,0.25,0,55,0,85,0.416,1.01,16,16,16,32,48,30,295,160,130,0,0,0,16,44.5,0.25,0,55,0,85,0.416,1.01,16,16,16,32,48,30,295,160,130,0,0,0,16,512,-1,485.785156,485.480469,0.3046875,0.5,7618.451,7618.951,0,0,0,0,0,0,0,0,0,0,0,0,512,600,1200,3000,56,0.969000041,1.30500007,0,6,16,54,2835,10451.9824,1074,1072,32,32,54,31,0,1,53.649,50.419,1.09,11744.9883,290.222656,47.9642258,0,0,0,0.0180194527,0,0,0,0,0,0,0,0,0,62.03125,62,16376,4330,12045,73.5551453,155.835,257499136,5.609984E+07
05/28/2026 01:21:27,52,64,0,60,66,60,60,60,60,75,12.0960007,5.03,1.31000006,1.39200008,1.0200001,0.350000024,0.616000056,3.288,2.046,0,3.37200022,3.37200022,3.12000012,59,50,51.5,48.5,1150,821,0,939,871,0,0,0,0,0,32.31,24.62,1.54,6.15,13.85,53.85,4.62,4.62,17.69,53.85,40.4393845,4118,988,4000,1852,40,2.12015367,0.54375,5000,1211,50,1.83364379,0.54375,3845,522,40,1.21181273,0.54375,3790,398,40,1.0952034,0.54375,3893,770,40.2,1.43243086,0.55,5025,2654,50.25,2.37345219,0.55,3718,284,40.2,0.9801663,0.55,3675,217,40.2,0.908651531,0.55,59.2500076,59.0000038,99.99749,29.5388412,7.34192276,80.09281,10.7969322,4.083832,72.5563049,44.75,0.25,0,55,0,85,0.416,1.01,16,16,16,32,48,30,295,160,130,0,0,0,16,44.5,0.25,0,55,0,85,0.416,1.01,16,16,16,32,48,30,295,160,130,0,0,0,16,512,-1,485.785156,485.480469,0.3046875,0.5,7618.451,7618.951,0,0,0,0,0,0,0,0,0,0,0,0,512,600,1200,3000,56,0.984,1.30500007,0,6,16,54,2835,10451.9824,1071,1072,32,32,53,31,0,1,54.445,51.809,1.09,11744.9883,290.222656,49.16459,0,0,0,0.0177680384,0,0,0,0,0,0,0,0,0,61.5625,64,16376,4330,12045,73.5551453,156.849,162899968,7.749939E+07
05/28/2026 01:21:29,52,64,0,60,66,60,60,60,60,75,12.12,5.03,1.31000006,1.39200008,1.0200001,0.346000016,0.616000056,3.28400016,2.046,0,3.37200022,3.37200022,3.12000012,59,50,51.5,48.5,1153,851,0,917,871,0,0,0,0,0,20.63,28.57,4.76,6.35,7.94,46.03,1.59,0,14.48,46.03,41.17398,4140,953,5050,1709,50.5,1.9760586,0.51875,5050,1146,50.5,1.714734,0.51875,3853,512,40.4,1.1928637,0.51875,3804,396,40.4,1.0738951,0.51875,3892,773,40.4,1.39543736,0.525,4040,2622,40.4,2.29812527,0.525,3728,266,40.4,0.964165151,0.525,3701,198,40.4,0.885956168,0.525,59.5000076,57.5000038,99.99749,29.535614,7.34515,80.08406,10.7916145,4.08914948,72.52057,44.75,0.25,0,55,0,85,0.416,1.01,16,16,16,32,48,30,295,160,130,0,0,0,16,44.5,0.25,0,55,0,85,0.416,1.01,16,16,16,32,48,30,295,160,130,0,0,0,16,512,-1,485.785156,485.480469,0.3046875,0.5,7618.451,7618.951,0,0,0,0,0,0,0,0,0,0,0,0,512,600,1200,3000,56,0.984,1.30500007,0,6,16,54,2835,10451.9824,1068,1070,32,32,53,31,0,1,54.989,54.162,1.09,11744.9883,290.222656,49.07235,0,0,0,0.0239228364,0,0,0,0,0,0,0,0,0,61.59375,62,16376,4330,12045,73.5551453,158.133,256399360,5.574963E+07
05/28/2026 01:21:31,52,64,0,60,66,60,60,60,60,75,12.0960007,5.03,1.31000006,1.39200008,1.014,0.346000016,0.616000056,3.288,2.046,0,3.37200022,3.36800027,3.12000012,59,50,51.5,48.5,1166,851,0,934,849,0,0,0,0,0,29.69,29.69,9.52,3.17,14.06,53.12,3.17,4.76,18.4,53.12,39.959404,3730,931,4850,1662,48.5,1.85044527,0.63125,4850,1107,48.5,1.64627743,0.63125,3119,547,32.3333321,1.19533145,0.63125,3049,378,32.3333321,1.02894068,0.63125,3123,755,32.3333321,1.351411,0.63125,4850,2499,48.5,2.1613462,0.6375,2998,281,32.3333321,0.947643,0.6375,2998,218,32.3333321,0.8801053,0.6375,59.1250076,54.1250038,99.99749,29.53452,7.346245,80.08109,10.7915611,4.089203,72.52021,44.75,0.25,0,55,0,85,0.416,1.01,16,16,16,32,48,30,295,160,130,0,0,0,16,44.5,0.25,0,55,0,85,0.416,1.01,16,16,16,32,48,30,295,160,130,0,0,0,16,512,-1,485.785156,485.480469,0.3046875,0.5,7618.451,7618.951,0,0,0,0,0,0,0,0,0,0,0,0,512,600,1200,3000,56,0.989,1.30500007,0,5,16,53,2835,10451.9824,1068,1069,32,32,53,32,0,1,54.516,55.005,1.09,11744.9922,290.347656,49.2000122,0,0,0,0.0204936061,0,0,0,0,0,0.0108448258,0,0,0,61.71875,64,16376,4330,12045,73.5551453,156.906,243949568,6.804992E+07
05/28/2026 01:21:33,52,64,0,60,66,60,60,60,60,75,12.0960007,5.03,1.31000006,1.396,1.026,0.350000024,0.616000056,3.288,2.046,0,3.37200022,3.37200022,3.12000012,59,50,51.5,48.5,1156,851,0,936,849,0,0,0,0,0,34.92,26.98,9.38,9.38,18.75,45.31,1.56,3.12,18.68,45.31,40.90346,3979,956,4850,1747,48.5,2.01049018,0.625,4850,1073,48.5,1.70422673,0.625,3093,512,32.3333321,1.194741,0.625,3046,376,32.3333321,1.06127918,0.625,4671,727,48.5,1.35236311,0.625,5050,2725,50.5,2.370755,0.5375,3130,268,33.6666679,0.9512747,0.5375,3141,219,33.6666679,0.893713653,0.5375,59.2500076,54.1250038,99.99749,29.5051231,7.375641,80.00139,10.76395,4.11681366,72.33466,44.75,0.25,0,55,0,85,0.416,1.01,16,16,16,32,48,30,295,160,130,0,0,0,16,44.5,0.25,0,55,0,85,0.416,1.01,16,16,16,32,48,30,295,160,130,0,0,0,16,512,-1,485.785156,485.480469,0.3046875,0.5,7618.451,7618.951,0,0,0,0,0,0,0,0,0,0,0,0,512,600,1200,3000,56,1,1.30500007,0,6,16,53,2835,10451.9824,1066,1067,32,32,53,32,0,1,54.898,56.251,1.09,11744.9922,290.347656,49.29542,0,0,0,0.0180599038,0,0,0,0,0,0,0,0,0,61.96875,62,16376,4330,12045,73.5551453,155.879,238649344,5.614899E+07
05/28/2026 01:21:35,52,64,0,60,66,60,60,60,60,75,12.12,5.03,1.31000006,1.39200008,1.024,0.342,0.616000056,3.28400016,2.046,0,3.37200022,3.37200022,3.12000012,59,50,51.5,48.5,1149,852,0,936,849,0,0,0,0,0,25,20.31,14.06,6.25,12.5,60.94,1.56,1.56,17.77,60.94,40.8626,4354,910,5050,1571,50.5,1.88998616,0.53125,5050,991,50.5,1.577894,0.53125,3790,493,40.4,1.15120339,0.53125,3786,395,40,1.05872309,0.50625,4738,683,50,1.30486608,0.50625,5000,2683,50,2.27250624,0.50625,3717,271,40,0.9372692,0.50625,3700,197,40,0.869527757,0.50625,59.1250076,54.6250038,99.99749,29.5022583,7.37850571,79.99362,10.75906,4.121704,72.301796,44.75,0.25,0,55,0,85,0.416,1.01,16,16,16,32,48,30,295,160,130,0,0,0,16,44.5,0.25,0,55,0,85,0.416,1.01,16,16,16,32,48,30,295,160,130,0,0,0,16,512,-1,485.785156,485.480469,0.3046875,0.5,7618.451,7618.951,0,0,0,0,0,0,0,0,0,0,0,0,512,600,1200,3000,56,1.069,1.30500007,0,9,16,54,2835,10451.9824,1065,1067,32,32,58,33,0,1,56.289,61.447,1.09,11744.9922,290.347656,51.88254,0,0,0,0.0177958179,0,0,0,0,0,0,0,0,0,61.71875,62,16376,4330,12045,73.5551453,157.646,319049728,5.809971E+07
05/28/2026 01:21:37,52,64,0,60,66,60,60,60,60,75,12.12,5.03,1.31000006,1.396,1.034,0.344,0.616000056,3.28400016,2.046,0,3.37200022,3.37200022,3.12000012,59,50,51,48.5,1146,820,0,939,848,0,0,0,0,0,36.36,21.21,4.55,7.58,9.09,54.55,6.06,1.52,17.61,54.55,40.7642,4040,954,4040,1739,40.4,1.96058607,0.51875,4040,1023,40.4,1.63465619,0.51875,3858,522,40.4,1.19852829,0.51875,3853,390,40.4,1.06372762,0.51875,3922,741,40.2,1.3689183,0.51875,5025,2701,50.25,2.33092618,0.51875,3772,292,40.2,0.9584795,0.51875,3812,225,40.2,0.8995115,0.51875,59.1250076,54.1250038,99.99749,29.5071373,7.37362671,80.00685,10.76046,4.120304,72.3112,44.75,0.25,0,55,0,85,0.416,1.01,16,16,16,32,48,30,295,160,130,0,0,0,16,44.5,0.25,0,55,0,85,0.416,1.01,16,16,16,32,48,30,295,160,130,0,0,0,16,512,-1,485.785156,485.480469,0.3046875,0.5,7618.451,7618.951,0,0,0,0,0,0,0,0,0,0,0,0,512,600,1200,3000,56,1.064,1.30500007,0,7,16,54,2835,10451.9824,1064,1062,32,32,53,32,0,1,55.568,46.921,1.09,11744.9922,290.347656,47.2449951,0,0,0,0.01636325,0,0,0,0,0,0,0,0,0,61.78125,62,16376,4330,12045,73.5551453,157.762,2.301993E+08,6.784922E+07
05/28/2026 01:21:39,52,64,0,60,66,60,60,60,60,75,12.0960007,5.03,1.312,1.396,1.02200007,0.344,0.616000056,3.288,2.046,0,3.37200022,3.37200022,3.12000012,59,50.5,51,48.5,1156,820,0,916,848,0,0,0,0,0,36.51,22.22,12.5,7.81,10.94,44.44,3.12,3.12,17.58,44.44,40.2996178,4134,921,4850,1639,48.5,1.88242316,0.64375,4850,970,48.5,1.55714571,0.64375,4661,534,48.5,1.18582475,0.64375,3089,387,32.3333321,1.03831124,0.64375,4674,648,48.5,1.26559234,0.64375,4850,2672,48.5,2.22985578,0.64375,3050,279,32.3333321,0.948261142,0.64375,3052,239,32.3333321,0.894658864,0.64375,59.1250076,54.1250038,99.99748,29.5032043,7.37755966,79.9961853,10.7615891,4.119175,72.3187943,44.75,0.25,0,55,0,85,0.416,1.01,16,16,16,32,48,30,295,160,130,0,0,0,16,44.5,0.25,0,55,0,85,0.416,1.01,16,16,16,32,48,30,295,160,130,0,0,0,16,512,-1,485.785156,485.480469,0.3046875,0.5,7618.451,7618.951,0,0,0,0,0,0,0,0,0,0,0,0,512,600,1200,3000,56,0.965000033,1.30500007,0,8,16,54,2835,10451.9824,1061,1060,32,32,53,32,0,1,55.338,46.541,1.09,11744.9922,290.347656,46.2106323,0,0,0,0.0176407453,0,0,0,0,0,0,0,0,0,61.96875,62,16376,4330,12045,73.5551453,155.634,2.392494E+08,5.44E+07
05/28/2026 01:21:41,52,64,0,60,66,60,60,60,60,75,12.0960007,5.03,1.31000006,1.396,1.026,0.352000028,0.616000056,3.288,2.046,0,3.37200022,3.37200022,3.12000012,59,50,51.5,48.5,1150,820,0,933,870,0,0,0,0,0,34.38,23.44,14.06,6.25,17.19,45.31,3.12,3.12,18.36,45.31,40.35074,3813,922,4850,1577,48.5,1.82363188,0.63125,4850,892,48.5,1.45296013,0.63125,3108,539,32.3333321,1.18154693,0.63125,3103,409,32.3333321,1.04546213,0.63125,3143,688,32.3333321,1.296039,0.63125,5050,2725,50.5,2.2473917,0.5375,3214,310,33.6666679,0.9679732,0.5375,3183,232,33.6666679,0.8931278,0.5375,59.1250076,54.1250038,99.99749,29.5331383,7.34762573,80.07735,10.7927475,4.08801651,72.52818,44.75,0.25,0,55,0,85,0.416,1.01,16,16,16,32,48,30,295,160,130,0,0,0,16,44.5,0.25,0,55,0,85,0.416,1.01,16,16,16,32,48,30,295,160,130,0,0,0,16,512,-1,485.785156,485.480469,0.3046875,0.5,7618.451,7618.951,0,0,0,0,0,0,0,0,0,0,0,0,512,600,1200,3000,56,1.064,1.30500007,0,10,16,54,2835,10451.9824,1059,1059,32,32,53,32,0,1,55.58,45.929,1.09,11744.9922,290.347656,45.67144,0,0,0,0.0155881718,0,0,0,0,0,0,0,0,0,62.78125,62,16376,4330,12045,73.5551453,155.656,219499520,51549184
05/28/2026 01:21:43,52,64,0,60,66,60,60,60,60,75,12.0960007,5.03,1.31000006,1.396,1.02200007,0.34,0.616000056,3.288,2.046,0,3.37200022,3.37200022,3.12000012,59,50,51.5,48.5,1145,852,0,936,870,0,0,0,0,0,32.81,25,9.38,7.81,18.75,46.88,7.81,7.81,19.53,46.88,40.38399,3797,896,4040,1573,40.4,1.76290154,0.55,4040,903,40.4,1.43487048,0.55,3203,524,33.6666679,1.15207684,0.55,3198,411,33.6666679,1.04991627,0.55,3203,634,33.6666679,1.23027837,0.55,5050,2552,50.5,2.1693716,0.54375,3806,303,40.4,0.951579154,0.54375,3834,272,40.4,0.918208361,0.54375,59.1250076,54.1250038,99.99749,29.5023918,7.378372,79.99398,10.7623482,4.118416,72.3239,44.75,0.25,0,55,0,85,0.416,1.01,16,16,16,32,48,30,295,160,130,0,0,0,16,44.5,0.25,0,55,0,85,0.416,1.01,16,16,16,32,48,30,295,160,130,0,0,0,16,512,-1,485.785156,485.480469,0.3046875,0.5,7618.451,7618.951,0,0,0,0,0,0,0,0,0,0,0,0,512,600,1200,3000,56,0.969000041,1.30500007,0,4,16,53,2835,10451.9824,1059,1058,32,32,53,32,0,1,55.822,45.846,1.09,11744.9922,290.347656,44.92876,0,0,0,0.01644178,0,0,0,0,0,0,0,0,0,61.8125,62,16376,4330,12045,73.5551453,156.974,195849216,5.979955E+07
05/28/2026 01:21:45,52,64,0,60,66,60,60,60,60,75,12.12,5.03,1.31000006,1.396,1.026,0.354,0.616000056,3.288,2.046,0,3.37200022,3.37200022,3.12000012,59,50,51,48.5,1169,851,0,934,871,0,0,0,0,0,35.38,20,12.31,6.15,12.31,60.61,1.54,1.54,18.73,60.61,40.108654,3637,932,4040,1600,40.4,1.91052806,0.54375,4040,957,40.4,1.55857444,0.54375,3193,499,33.6666679,1.16630137,0.54375,3201,409,33.6666679,1.07256687,0.54375,3221,678,33.6666679,1.31533849,0.54375,5050,2758,50.5,2.298321,0.53125,3162,303,33.6666679,0.9682963,0.53125,3188,250,33.6666679,0.9254714,0.53125,59.0000076,54.1250038,99.99748,29.50151,7.37925339,79.99159,10.7621422,4.118622,72.32251,44.75,0.25,0,55,0,85,0.416,1.01,16,16,16,32,48,30,295,160,130,0,0,0,16,44.5,0.25,0,55,0,85,0.416,1.01,16,16,16,32,48,30,295,160,130,0,0,0,16,512,-1,485.785156,485.480469,0.3046875,0.5,7618.451,7618.951,0,0,0,0,0,0,0,0,0,0,0,0,512,600,1200,3000,56,0.965000033,1.30500007,0,5,16,53,2835,10451.9824,1060,1058,32,32,54,32,0,1,55.533,46.836,1.09,11744.9922,290.347656,45.12877,0,0,0,0.0164081231,0,0,0,0,0,0,0,0,0,61.8125,62,16376,4330,12045,73.5551453,156.11,264449024,60299264
05/28/2026 01:21:47,52,64,0,60,66,60,60,60,60,75,12.12,5.03,1.31000006,1.396,1.028,0.346000016,0.616000056,3.28400016,2.046,0,3.37200022,3.37200022,3.12000012,59,50,51,48.5,1161,851,0,936,870,0,0,0,0,0,42.86,12.7,6.35,6.35,12.7,47.62,1.59,6.35,17.06,47.62,40.136013,4156,965,4040,1784,40.4,2.00721145,0.5375,4040,1115,40.4,1.75226963,0.53125,4773,514,50.5,1.19872046,0.53125,3799,386,40.4,1.07265949,0.53125,3956,776,40.4,1.41421175,0.53125,5050,2634,50.5,2.347951,0.53125,3795,287,40.4,0.9733521,0.53125,3796,223,40.4,0.905615032,0.53125,59.2500076,54.6250038,99.99748,29.53423,7.34653473,80.08031,10.7941475,4.08661652,72.53759,44.75,0.25,0,55,0,85,0.416,1.01,16,16,16,32,48,30,295,160,130,0,0,0,16,44.5,0.25,0,55,0,85,0.416,1.01,16,16,16,32,48,30,295,160,130,0,0,0,16,512,-1,485.785156,485.480469,0.3046875,0.5,7618.451,7618.951,0,0,0,0,0,0,0,0,0,0,0,0,512,600,1200,3000,56,0.974000037,1.30500007,0,4,16,53,2835,10451.9824,1056,1059,32,32,55,33,0,1,55.171,58.227,1.09,11744.9922,291.511719,45.13051,0,0,0,0.01728089,0,0,0,0,0,0.0142419394,0,0,0,61.9375,64,16376,4330,12045,73.5551453,154.814,252549120,6.4E+07
05/28/2026 01:21:49,52,64,0,60,66,60,60,60,60,75,12.0960007,5.04,1.31000006,1.39200008,1.016,0.346000016,0.616000056,3.28400016,2.046,0,3.37200022,3.37200022,3.12000012,59,50,51,48.5,1150,851,0,919,870,0,0,0,0,0,34.38,18.75,9.38,6.25,10.94,42.19,9.38,4.69,16.99,42.19,39.81626,3610,890,4850,1717,48.5,1.87247252,0.63125,3233,907,32.3333321,1.511907,0.63125,3094,507,32.3333321,1.14091563,0.64375,3072,336,32.3333321,0.986498058,0.64375,3159,689,32.3333321,1.298481,0.64375,5050,2515,50.5,2.18276715,0.625,3204,250,33.6666679,0.9069801,0.625,3217,202,33.6666679,0.8532854,0.625,59.0000076,54.1250038,99.99749,29.5380249,7.342739,80.0906,10.7941513,4.0866127,72.53761,44.75,0.25,0,55,0,85,0.416,1.01,16,16,16,32,48,30,295,160,130,0,0,0,16,44.5,0.25,0,55,0,85,0.416,1.01,16,16,16,32,48,30,295,160,130,0,0,0,16,512,-1,485.785156,485.480469,0.3046875,0.5,7618.451,7618.951,0,0,0,0,0,0,0,0,0,0,0,0,512,600,1200,3000,56,0.935000062,1.30500007,0,6,16,54,2835,10451.9824,1054,1056,32,32,55,33,0,1,56.06,57.033,1.09,11744.9922,291.511719,45.0268631,0,0,0,0.01862158,0,0,0,0,0,0,0,0,0,61.9375,64,16376,4330,12045,73.5551453,155.846,235449344,56899584
05/28/2026 01:21:51,52,64,0,60,66,60,60,60,60,75,12.0960007,5.03,1.31000006,1.396,1.0200001,0.34,0.616000056,3.28400016,2.046,0,3.37200022,3.37200022,3.12000012,59,50,51,48.5,1146,820,0,934,849,0,0,0,0,0,25,14.06,12.5,9.38,18.75,54.69,1.56,0,16.99,54.69,40.0856628,4728,905,4850,1769,48.5,1.95051086,0.6125,4850,1001,48.5,1.57193756,0.6125,4702,492,48.5,1.13514566,0.6125,4636,349,48.5,1.01138163,0.6125,4804,730,48.5,1.34758222,0.6125,4850,2454,48.5,2.215398,0.6125,4588,264,48.5,0.9252266,0.6125,4542,183,48.5,0.846434653,0.6125,59.0000076,54.1250038,99.99749,29.5082245,7.37253952,80.0097961,10.7675438,4.11322,72.35881,44.75,0.25,0,55,0,85,0.416,1.01,16,16,16,32,48,30,295,160,130,0,0,0,16,44.5,0.25,0,55,0,85,0.416,1.01,16,16,16,32,48,30,295,160,130,0,0,0,16,512,-1,485.785156,485.480469,0.3046875,0.5,7618.451,7618.951,0,0,0,0,0,0,0,0,0,0,0,0,512,600,1200,3000,56,0.979000032,1.30500007,0,7,16,54,2835,10451.9824,1055,1057,32,32,54,33,0,1,56.164,56.653,1.09,11744.9961,292.511719,45.2964668,0,0,0,0.0174043421,0,0,0,0,0,0.008135933,0,0,0,61.875,64,16376,4330,12045,73.5551453,157.426,263749632,5.449933E+07
05/28/2026 01:21:53,51,64,0,60,65,59,59,59,59,75,12.12,5.03,1.31000006,1.39200008,1.024,0.34800002,0.616000056,3.288,2.046,0,3.37200022,3.37200022,3.12000012,58,50,51,48.5,1151,820,0,938,850,0,0,0,0,0,25,14.06,10.94,3.12,4.69,46.88,4.69,3.12,14.06,46.88,39.7478523,3941,893,4850,1788,48.5,1.90638292,0.53125,4850,922,48.5,1.51638973,0.53125,3102,517,32.3333321,1.16330874,0.53125,3094,373,32.3333321,1.02426314,0.53125,4691,672,48.5,1.28787124,0.53125,4850,2407,48.5,2.17179728,0.53125,3056,268,32.3333321,0.9281202,0.53125,3035,196,32.3333321,0.8570718,0.53125,58.8750076,54.1250038,99.99749,29.5338364,7.34692764,80.07924,10.7964249,4.084339,72.5528946,44.75,0.25,0,55,0,85,0.416,1.01,16,16,16,32,48,30,295,160,130,0,0,0,16,44.5,0.25,0,55,0,85,0.416,1.01,16,16,16,32,48,30,295,160,130,0,0,0,16,512,-1,485.785156,485.480469,0.3046875,0.5,7618.451,7618.951,0,0,0,0,0,0,0,0,0,0,0,0,512,600,1200,3000,56,1.069,1.30500007,0,20,17,54,2835,10451.9824,1055,1055,32,32,55,33,0,1,55.556,52.989,1.09,11744.9961,292.511719,45.00121,0,0,0,0.0187266991,0,0,0,0,0,0,0,0,0,62.0625,64,16376,4330,12045,73.5551453,156.137,308449280,6.28992E+07
05/28/2026 01:21:55,51,64,0,59,65,58,58,58,58,74,12.12,5.03,1.31000006,1.396,1.024,0.354,0.616000056,3.28400016,2.046,0,3.37200022,3.37200022,3.12000012,58,50,51,48.5,1129,820,0,931,846,0,0,0,0,0,20,7.69,4.62,3.08,13.85,49.23,0,0,12.31,49.23,39.9499435,3943,874,4850,1655,48.5,1.86805081,0.61875,4850,993,48.5,1.54131353,0.61875,3066,487,32.3333321,1.10811341,0.61875,3087,356,32.3333321,0.9945146,0.61875,4767,700,48.5,1.27282715,0.625,4850,2384,48.5,2.11853123,0.625,3038,242,32.3333321,0.8953795,0.625,3037,172,32.3333321,0.820882559,0.625,58.8750076,54.1250038,99.99749,29.5047,7.3760643,80.0002441,10.7620087,4.11875534,72.32161,44.75,0.25,0,55,0,85,0.416,1.01,16,16,16,32,48,30,295,160,130,0,0,0,16,44.5,0.25,0,55,0,85,0.416,1.01,16,16,16,32,48,30,295,160,130,0,0,0,16,512,-1,485.785156,485.480469,0.3046875,0.5,7618.451,7618.951,0,0,0,0,0,0,0,0,0,0,0,0,512,600,1200,3000,56,0.969000041,1.30500007,0,5,16,54,2835,10451.9824,1051,1053,32,32,55,33,0,1,55.595,60.106,1.09,11744.9961,292.511719,45.2229767,0,0,0,0.018439509,0,0,0,0,0,0,0,0,0,63.125,62,16376,4330,12045,73.5551453,155.131,235799552,57949184
05/28/2026 01:21:57,50,64,0,59,65,58,58,58,58,74,12.0960007,5.03,1.31000006,1.39200008,1.02200007,0.342,0.616000056,3.288,2.046,0,3.37200022,3.37200022,3.12000012,58,50.5,51,48.5,1132,851,0,925,839,0,0,0,0,0,25,17.19,6.25,3.12,6.25,48.44,1.56,0,13.48,48.44,40.1007843,3750,915,4850,1666,48.5,1.97171474,0.53125,4850,980,48.5,1.59191155,0.53125,3105,491,32.3333321,1.14796233,0.53125,3080,375,32.3333321,1.03289783,0.53125,3184,791,32.3333321,1.35518467,0.53125,4850,2574,48.5,2.24079251,0.53125,3054,258,32.3333321,0.926957,0.6125,3024,186,32.3333321,0.854711056,0.6125,58.8750076,56.6250038,99.99748,29.53452,7.346245,80.08109,10.7948418,4.08592224,72.54225,44.75,0.25,0,55,0,85,0.416,1.01,16,16,16,32,48,30,295,160,130,0,0,0,16,44.5,0.25,0,55,0,85,0.416,1.01,16,16,16,32,48,30,295,160,130,0,0,0,16,512,-1,485.785156,485.480469,0.3046875,0.5,7618.451,7618.951,0,0,0,0,0,0,0,0,0,0,0,0,512,600,1200,3000,56,0.984,1.30500007,0,6,16,53,2835,10451.9824,1051,1050,32,32,55,33,0,1,56.294,46.827,1.09,11744.9961,292.855469,45.4306946,0,0,0,0.01853216,0,0,0,0,0,0,0,0,0,62.5,64,16376,4330,12045,73.5551453,156.998,236299264,5.204992E+07
05/28/2026 01:21:59,50,64,0,60,65,60,60,60,60,75,12.12,5.03,1.31000006,1.396,1.024,0.34,0.616000056,3.28400016,2.046,0,3.37200022,3.37200022,3.12000012,59,50,51,48.5,1125,851,0,910,857,0,0,0,0,0,40.62,26.56,14.06,4.69,18.75,40.62,1.56,4.69,18.95,40.62,41.07458,3977,929,4850,1922,48.5,2.11004877,0.61875,4850,1119,48.5,1.72824824,0.61875,3098,520,32.3333321,1.19085944,0.61875,3097,367,32.3333321,1.0417521,0.61875,3214,780,32.3333321,1.39921892,0.61875,5050,2276,50.5,2.20347166,0.625,3836,252,40.4,0.9313333,0.625,3821,197,40.4,0.867919266,0.625,59.1250076,54.1250038,99.99749,29.5374222,7.343342,80.08897,10.7940674,4.08669662,72.53705,44.75,0.25,0,55,0,85,0.416,1.01,16,16,16,32,48,30,295,160,130,0,0,0,16,44.5,0.25,0,55,0,85,0.416,1.01,16,16,16,32,48,30,295,160,130,0,0,0,16,512,-1,485.785156,485.480469,0.3046875,0.5,7618.451,7618.951,0,0,0,0,0,0,0,0,0,0,0,0,512,600,1200,3000,56,0.984,1.30500007,0,6,16,53,2835,10451.9824,1050,1051,32,32,54,33,0,1,55.688,62.942,1.09,11744.9961,293.105469,47.3474655,0,0,0,0.0171722341,0,0,0,0,0,0.0164587889,0,0,0,62.03125,64,16376,4330,12045,73.5551453,157.164,3.267492E+08,5.729997E+07
