,/lpc/nct6687dr/0/control/0,/lpc/nct6687dr/0/control/1,/lpc/nct6687dr/0/control/2,/lpc/nct6687dr/0/control/10,/lpc/nct6687dr/0/control/11,/lpc/nct6687dr/0/control/12,/lpc/nct6687dr/0/control/13,/lpc/nct6687dr/0/control/14,/lpc/nct6687dr/0/control/15,/lpc/nct6687dr/0/control/3,/lpc/nct6687dr/0/voltage/0,/lpc/nct6687dr/0/voltage/1,/lpc/nct6687dr/0/voltage/2,/lpc/nct6687dr/0/voltage/3,/lpc/nct6687dr/0/voltage/4,/lpc/nct6687dr/0/voltage/5,/lpc/nct6687dr/0/voltage/6,/lpc/nct6687dr/0/voltage/8,/lpc/nct6687dr/0/voltage/9,/lpc/nct6687dr/0/voltage/10,/lpc/nct6687dr/0/voltage/11,/lpc/nct6687dr/0/voltage/12,/lpc/nct6687dr/0/voltage/13,/lpc/nct6687dr/0/temperature/0,/lpc/nct6687dr/0/temperature/1,/lpc/nct6687dr/0/temperature/2,/lpc/nct6687dr/0/temperature/3,/lpc/nct6687dr/0/fan/0,/lpc/nct6687dr/0/fan/1,/lpc/nct6687dr/0/fan/2,/lpc/nct6687dr/0/fan/10,/lpc/nct6687dr/0/fan/11,/lpc/nct6687dr/0/fan/12,/lpc/nct6687dr/0/fan/13,/lpc/nct6687dr/0/fan/14,/lpc/nct6687dr/0/fan/15,/lpc/nct6687dr/0/fan/3,/amdcpu/0/load/2,/amdcpu/0/load/3,/amdcpu/0/load/4,/amdcpu/0/load/5,/amdcpu/0/load/6,/amdcpu/0/load/7,/amdcpu/0/load/8,/amdcpu/0/load/9,/amdcpu/0/load/0,/amdcpu/0/load/1,/amdcpu/0/power/0,/amdcpu/0/clock/1,/amdcpu/0/clock/2,/amdcpu/0/clock/3,/amdcpu/0/clock/4,/amdcpu/0/factor/0,/amdcpu/0/power/1,/amdcpu/0/voltage/2,/amdcpu/0/clock/5,/amdcpu/0/clock/6,/amdcpu/0/factor/1,/amdcpu/0/power/2,/amdcpu/0/voltage/3,/amdcpu/0/clock/7,/amdcpu/0/clock/8,/amdcpu/0/factor/2,/amdcpu/0/power/3,/amdcpu/0/voltage/4,/amdcpu/0/clock/9,/amdcpu/0/clock/10,/amdcpu/0/factor/3,/amdcpu/0/power/4,/amdcpu/0/voltage/5,/amdcpu/0/clock/11,/amdcpu/0/clock/12,/amdcpu/0/factor/4,/amdcpu/0/power/5,/amdcpu/0/voltage/6,/amdcpu/0/clock/13,/amdcpu/0/clock/14,/amdcpu/0/factor/5,/amdcpu/0/power/6,/amdcpu/0/voltage/7,/amdcpu/0/clock/15,/amdcpu/0/clock/16,/amdcpu/0/factor/6,/amdcpu/0/power/7,/amdcpu/0/voltage/8,/amdcpu/0/clock/17,/amdcpu/0/clock/18,/amdcpu/0/factor/7,/amdcpu/0/power/8,/amdcpu/0/voltage/9,/amdcpu/0/temperature/2,/amdcpu/0/temperature/3,/amdcpu/0/clock/0,/gpu-amd/0/smalldata/2,/gpu-amd/0/factor/0,/gpu-amd/0/smalldata/5,/gpu-amd/0/smalldata/4,/gpu-amd/0/smalldata/3,/gpu-amd/0/smalldata/6,/gpu-amd/0/smalldata/7,/gpu-amd/0/smalldata/8,/gpu-amd/0/load/2,/gpu-amd/0/load/5,/gpu-amd/0/load/3,/gpu-amd/0/load/4,/gpu-amd/0/load/9,/gpu-amd/0/load/8,/gpu-amd/0/load/7,/gpu-amd/0/load/6,/gpu-amd/0/load/12,/gpu-amd/0/load/11,/gpu-amd/0/load/10,/gpu-amd/0/smalldata/0,/gpu-amd/0/smalldata/1,/gpu-amd/0/clock/0,/gpu-amd/0/clock/1,/gpu-amd/0/clock/2,/gpu-amd/0/temperature/4,/gpu-amd/0/voltage/0,/gpu-amd/0/voltage/2,/gpu-amd/0/load/0,/gpu-amd/0/power/0,/gpu-amd/0/power/2,/gpu-nvidia/0/temperature/0,/gpu-nvidia/0/clock/0,/gpu-nvidia/0/clock/4,/gpu-nvidia/0/fan/1,/gpu-nvidia/0/fan/2,/gpu-nvidia/0/control/1,/gpu-nvidia/0/control/2,/gpu-nvidia/0/load/0,/gpu-nvidia/0/load/1,/gpu-nvidia/0/load/2,/gpu-nvidia/0/load/3,/gpu-nvidia/0/load/4,/gpu-nvidia/0/load/5,/gpu-nvidia/0/voltage/0,/gpu-nvidia/0/smalldata/3,/gpu-nvidia/0/smalldata/4,/gpu-nvidia/0/load/7,/gpu-nvidia/0/load/15,/gpu-nvidia/0/load/17,/gpu-nvidia/0/load/8,/gpu-nvidia/0/load/9,/gpu-nvidia/0/load/16,/gpu-nvidia/0/load/18,/gpu-nvidia/0/load/19,/gpu-nvidia/0/load/14,/gpu-nvidia/0/load/20,/gpu-nvidia/0/load/10,/gpu-nvidia/0/load/11,/gpu-nvidia/0/load/12,/gpu-nvidia/0/load/13,/gpu-nvidia/0/temperature/2,/gpu-nvidia/0/temperature/3,/gpu-nvidia/0/smalldata/2,/gpu-nvidia/0/smalldata/0,/gpu-nvidia/0/smalldata/1,/gpu-nvidia/0/load/3,/gpu-nvidia/0/power/0,/gpu-nvidia/0/throughput/0,/gpu-nvidia/0/throughput/1,/vram/data/2,/vram/data/3,/vram/load/1,/ram/data/0,/ram/data/1,/ram/load/0,/memory/dimm/1/temperature/0,/memory/dimm/1/temperature/1,/memory/dimm/1/temperature/2,/memory/dimm/1/temperature/3,/memory/dimm/1/temperature/4,/memory/dimm/1/temperature/5,/memory/dimm/1/timing/20,/memory/dimm/1/timing/21,/memory/dimm/1/timing/22,/memory/dimm/1/timing/23,/memory/dimm/1/timing/24,/memory/dimm/1/timing/25,/memory/dimm/1/timing/26,/memory/dimm/1/timing/27,/memory/dimm/1/timing/28,/memory/dimm/1/timing/29,/memory/dimm/1/timing/30,/memory/dimm/1/timing/31,/memory/dimm/1/timing/32,/memory/dimm/1/timing/33,/memory/dimm/1/data/50,/memory/dimm/3/temperature/0,/memory/dimm/3/temperature/1,/memory/dimm/3/temperature/2,/memory/dimm/3/temperature/3,/memory/dimm/3/temperature/4,/memory/dimm/3/temperature/5,/memory/dimm/3/timing/20,/memory/dimm/3/timing/21,/memory/dimm/3/timing/22,/memory/dimm/3/timing/23,/memory/dimm/3/timing/24,/memory/dimm/3/timing/25,/memory/dimm/3/timing/26,/memory/dimm/3/timing/27,/memory/dimm/3/timing/28,/memory/dimm/3/timing/29,/memory/dimm/3/timing/30,/memory/dimm/3/timing/31,/memory/dimm/3/timing/32,/memory/dimm/3/timing/33,/memory/dimm/3/data/50
Time,"CPU Fan","Pump Fan","Chipset Fan","System Fan #1","System Fan #2","System Fan #3","System Fan #4","System Fan #5","System Fan #6","EZ-Connect Fan","+12V","+5V","CPU Northbridge/SoC","DIMM","Vcore","Chipset","CPU System Agent","+3.3V","VREF","+1.8V","+3V Standby","AVSB","CMOS Battery","CPU Core","System","VRM MOS","Chipset","CPU Fan","Pump Fan #1","Chipset Fan","System Fan #1","System Fan #2","System Fan #3","System Fan #4","System Fan #5","System Fan #6","EZ-Connect Fan","CPU Core #1","CPU Core #2","CPU Core #3","CPU Core #4","CPU Core #5","CPU Core #6","CPU Core #7","CPU Core #8","CPU Total","CPU Core Max","Package","Cores (Average)","Cores (Average Effective)","Core #1","Core #1 (Effective)","Core #1","Core #1 (SMU)","Core #1 VID","Core #2","Core #2 (Effective)","Core #2","Core #2 (SMU)","Core #2 VID","Core #3","Core #3 (Effective)","Core #3","Core #3 (SMU)","Core #3 VID","Core #4","Core #4 (Effective)","Core #4","Core #4 (SMU)","Core #4 VID","Core #5","Core #5 (Effective)","Core #5","Core #5 (SMU)","Core #5 VID","Core #6","Core #6 (Effective)","Core #6","Core #6 (SMU)","Core #6 VID","Core #7","Core #7 (Effective)","Core #7","Core #7 (SMU)","Core #7 VID","Core #8","Core #8 (Effective)","Core #8","Core #8 (SMU)","Core #8 VID","Core (Tctl/Tdie)","CCD1 (Tdie)","Bus Speed","GPU Memory Total","Fullscreen FPS","D3D Dedicated Memory Total","D3D Dedicated Memory Free","D3D Dedicated Memory Used","D3D Shared Memory Used","D3D Shared Memory Free","D3D Shared Memory Total","D3D 3D","D3D Copy","D3D Compute 0","D3D Compute 1","D3D Timer 0","D3D Security 1","D3D High Priority Compute","D3D High Priority 3D","D3D Video JPEG 0","D3D Video Decode 1","D3D Video Codec 0","GPU Memory Used","GPU Memory Free","GPU Core","GPU SoC","GPU Memory","GPU VR SoC","GPU Core","GPU SoC","GPU Core","GPU Core","GPU SoC","GPU Core","GPU Core","GPU Memory","GPU Fan 1","GPU Fan 2","GPU Fan 1","GPU Fan 2","GPU Core","GPU Memory Controller","GPU Video Engine","GPU Bus","GPU Power","GPU Board Power","GPU Core Voltage","D3D Dedicated Memory Used","D3D Shared Memory Used","D3D 3D","D3D Overlay","D3D Video Decode","D3D Copy","D3D Copy","D3D Security","D3D Video Encode","D3D Video Encode","D3D Optical Flow Accelerator 0","D3D VR","D3D Copy","D3D Copy","D3D Copy","D3D Copy","GPU Hot Spot","GPU Memory Junction","GPU Memory Total","GPU Memory Free","GPU Memory Used","GPU Memory","GPU Package","GPU PCIe Rx","GPU PCIe Tx","Memory Used","Memory Available","Memory","Memory Used","Memory Available","Memory","DIMM #1","Temperature Sensor Resolution","Thermal Sensor Low Limit","Thermal Sensor High Limit","Thermal Sensor Critical Low Limit","Thermal Sensor Critical High Limit","tCKAVGmin (Minimum Cycle Time)","tCKAVGmax (Maximum Cycle Time)","tAA (CAS Latency Time)","tRCD (RAS to CAS Delay Time)","tRP (Row Precharge Delay Time)","tRAS (Active to Precharge Delay Time)","tRC (Active to Active/Refresh Delay Time)","tWR (Write Recovery Time)","tRFC1 (Normal Refresh Recovery Time)","tRFC2 (Fine Granularity Refresh Recovery Time)","tRFCsb (Same Bank Refresh Recovery Time)","tRFC1_dlr (Normal Refresh Recovery Time 3DS)","tRFC2_dlr (Fine Granularity Refresh Recovery Time 3DS)","tRFCsb_dlr (Same Bank Refresh Recovery Time 3DS)","Capacity","DIMM #3","Temperature Sensor Resolution","Thermal Sensor Low Limit","Thermal Sensor High Limit","Thermal Sensor Critical Low Limit","Thermal Sensor Critical High Limit","tCKAVGmin (Minimum Cycle Time)","tCKAVGmax (Maximum Cycle Time)","tAA (CAS Latency Time)","tRCD (RAS to CAS Delay Time)","tRP (Row Precharge Delay Time)","tRAS (Active to Precharge Delay Time)","tRC (Active to Active/Refresh Delay Time)","tWR (Write Recovery Time)","tRFC1 (Normal Refresh Recovery Time)","tRFC2 (Fine Granularity Refresh Recovery Time)","tRFCsb (Same Bank Refresh Recovery Time)","tRFC1_dlr (Normal Refresh Recovery Time 3DS)","tRFC2_dlr (Fine Granularity Refresh Recovery Time 3DS)","tRFCsb_dlr (Same Bank Refresh Recovery Time 3DS)","Capacity"
05/26/2026 23:51:53,67,66,0,72,78,89,89,89,89,93,12.0960007,5.02000046,1.30600011,1.39200008,1.064,0.354,0.594000041,3.28000021,2.046,0,3.364,3.364,3.11200023,75,51.5,52.5,50.5,1459,883,0,1048,993,0,0,0,0,0,77.27,21.21,1.52,1.52,9.09,48.48,1.52,1.52,20.27,77.27,43.7430038,3905,1031,4875,3954,48.75,4.09537458,0.525,4875,913,48.75,1.31899869,0.525,3704,271,39,0.621837437,0.525,3102,171,32.6666679,0.360859245,0.55625,3790,445,39.2,0.8443005,0.55625,5000,2380,50,2.69508624,0.51875,2955,65,33.5,0.165274665,0.5125,2936,46,33.5,0.111673735,0.5125,75.87501,59.8750038,99.99749,512,-1,485.785156,485.5,0.28515625,0.5,7618.451,7618.951,0,0,0,0,0,0,0,0,0,0,0,0,512,600,1200,3000,59,1.06000006,1.30500007,0,13,17,47,2670,10451.9824,1245,1239,35,35,0,1,0,0,16.737,19.868,0.975,10705.75,459.3086,3.501964,0,0,0,1.16949272,0,0,0,0,0,7.3526454,0,0,0,58.09375,60,16376,5370,11005,67.20732,52.512,249856,0,28.0227165,8.85804749,75.98193,10.6158485,4.26491547,71.3394,46.75,0.25,0,55,0,85,0.416,1.01,16,16,16,32,48,30,295,160,130,0,0,0,16,45.5,0.25,0,55,0,85,0.416,1.01,16,16,16,32,48,30,295,160,130,0,0,0,16
05/26/2026 23:51:54,68,66,0,73,79,93,93,93,93,95,12.0720005,5.02000046,1.30600011,1.388,1.05800009,0.352000028,0.592,3.28000021,2.046,0,3.36000013,3.36000013,3.11200023,77,51,52.5,50.5,1488,881,0,1073,1005,0,0,0,0,0,55.38,7.69,3.08,3.08,4.62,63.08,3.08,3.08,17.88,63.08,42.4061165,3609,855,5050,2608,50.5,3.28493714,0.5375,3216,434,33.6666679,0.725266635,0.5375,3084,181,33.6666679,0.359007031,0.5375,3201,137,33.6666679,0.214023426,0.5375,3061,246,33.6666679,0.4624451,0.5375,5025,3108,50.25,3.618045,0.5375,3141,73,33.5,0.166497275,0.5375,3093,51,33.5,0.106419496,0.5375,77.37501,58.5000038,99.99749,512,-1,485.785156,485.5,0.28515625,0.5,7618.451,7618.951,0,0,0,0,0,0,0,0,0,0,0,0,512,600,1200,3000,59,1.069,1.30500007,0,9,17,46,2670,10451.9824,1171,1168,33,33,0,1,0,0,27.344,20.238,0.975,11638.2344,410.3086,4.14325762,0,0,0,0.07041582,0,0,0,0,0,3.25832438,0,0,0,57.90625,58,16376,4437,11938,72.90149,50.63,2949120,17849344,28.9621315,7.91863251,78.5291,10.5351791,4.345585,70.7973,46.75,0.25,0,55,0,85,0.416,1.01,16,16,16,32,48,30,295,160,130,0,0,0,16,45.5,0.25,0,55,0,85,0.416,1.01,16,16,16,32,48,30,295,160,130,0,0,0,16
05/26/2026 23:51:56,69,66,0,73,80,94,94,94,94,95,12.048,5.02000046,1.30600011,1.39200008,1.046,0.358,0.592,3.27600026,2.046,0,3.364,3.364,3.11200023,76,51,52.5,50.5,1526,849,0,1077,1008,0,0,0,0,0,71.43,15.87,12.7,7.94,20.63,39.68,3.17,9.52,22.62,71.43,42.6356049,3988,1018,4850,3345,48.5,3.63004518,0.51875,4850,994,48.5,1.48112392,0.51875,3233,461,32.3333321,0.9024605,0.51875,3160,311,32.3333321,0.715642333,0.51875,4846,596,48.5,1.09415448,0.51875,4850,2000,48.5,2.23223472,0.51875,3024,235,32.3333321,0.5927128,0.51875,3087,206,32.3333321,0.5536195,0.51875,77.62501,62.2500038,99.99749,512,-1,485.785156,485.5,0.28515625,0.5,7618.451,7618.951,0,0,0,0,0,0,0,0,0,0,0,0,512,600,1200,3000,59,0.989,1.30500007,0,11,17,52,2835,10451.9824,1115,1110,32,32,99,54,0,3,88.23,90.172,1.09,11579.27,408.90625,43.9433975,0,0,0,0.107964844,0,0,0,0,0,3.7050786,0,0,0,67.625,62,16376,4496,11879,72.54042,89.399,7.564493E+08,337849344,28.6014023,8.279362,77.551,10.3121529,4.568611,69.2985458,46.75,0.25,0,55,0,85,0.416,1.01,16,16,16,32,48,30,295,160,130,0,0,0,16,45.5,0.25,0,55,0,85,0.416,1.01,16,16,16,32,48,30,295,160,130,0,0,0,16
05/26/2026 23:51:58,70,66,0,74,81,91,91,91,91,92,12.0720005,5.02000046,1.30800009,1.39200008,1.028,0.362000018,0.592,3.27600026,2.046,0,3.364,3.364,3.11200023,72,51,52.5,50.5,1532,846,0,1091,1023,0,0,0,0,0,46.88,26.56,10.94,9.23,12.5,51.56,7.69,6.15,21.44,51.56,43.5074654,4003,1058,3940,2318,39.4,2.484457,0.54375,3960,1197,39.6,1.89785779,0.54375,3829,549,40.2,1.27066255,0.55,3879,441,40.2,1.09490848,0.55,3868,743,40.2,1.53117836,0.55,5025,2656,50.25,2.61629033,0.55,3766,307,40.2,0.926642358,0.55,3760,250,40.2,0.8537732,0.55,72.00001,59.8750038,99.9975,512,-1,485.785156,485.5,0.28515625,0.5,7618.451,7618.951,0,0,0,0,0,0,0,0,0,0,0,0,512,600,1200,3000,59,1.069,1.30500007,0,10,17,59,2835,10451.9824,1080,1075,32,32,99,55,0,2,89.207,88.844,1.09,11579.27,409.339844,89.85536,0,0,0,0.0271083415,0,0,0,0,0,0.04579659,0,0,0,69.6875,64,16376,4496,11879,72.54042,251.328,6.081495E+08,3.827497E+08,28.569931,8.310833,77.46567,10.2871475,4.59361649,69.13051,46.75,0.25,0,55,0,85,0.416,1.01,16,16,16,32,48,30,295,160,130,0,0,0,16,45.5,0.25,0,55,0,85,0.416,1.01,16,16,16,32,48,30,295,160,130,0,0,0,16
05/26/2026 23:52:00,71,66,0,75,82,87,87,87,87,90,12.048,5.02000046,1.30800009,1.39200008,1.03800011,0.358,0.592,3.28000021,2.046,0,3.364,3.364,3.108,69,51,52.5,50.5,1564,879,0,1099,1033,0,0,0,0,0,61.54,26.15,7.69,9.23,15.38,56.92,7.69,1.54,23.27,61.54,43.6999855,3644,1109,4000,2256,40,2.53379583,0.51875,5000,1263,50,1.99624777,0.51875,3243,575,33.6666679,1.36803961,0.53125,3233,446,33.6666679,1.163815,0.53125,3268,793,33.6666679,1.61036217,0.53125,3367,2895,33.6666679,2.75502658,0.5375,3820,352,40.4,1.02280557,0.5375,3218,294,33.6666679,0.9470489,0.5375,69.00001,62.7500038,99.99749,512,-1,485.785156,485.5,0.28515625,0.5,7618.451,7618.951,0,0,0,0,0,0,0,0,0,0,0,0,512,600,1200,3000,59,1.06000006,1.30500007,0,23,17,59,2835,10451.9824,1072,1069,36,36,99,56,0,2,91.007,93.106,1.09,11579.2734,409.574219,94.6323,0,0,0,0.012298218,0,0,0,0,0,0.0298486967,0,0,0,70.03125,66,16376,4496,11879,72.54042,260.457,8.678994E+08,338949120,28.3266258,8.554138,76.80596,10.2824936,4.59827042,69.09923,46.75,0.25,0,55,0,85,0.416,1.01,16,16,16,32,48,30,295,160,130,0,0,0,16,45.5,0.25,0,55,0,85,0.416,1.01,16,16,16,32,48,30,295,160,130,0,0,0,16
05/26/2026 23:52:02,70,66,0,74,81,83,83,83,83,87,12.048,5.02000046,1.30800009,1.39200008,1.042,0.354,0.592,3.28000021,2.046,0,3.364,3.364,3.11200023,67,51,52.5,50.5,1548,879,0,1079,1034,0,0,0,0,0,57.81,21.88,18.75,7.81,17.19,51.56,12.5,7.81,24.41,57.81,44.1274147,4496,1088,4850,2169,48.5,2.414905,0.5375,4875,1190,48.75,1.935803,0.6,4689,614,48.25,1.38850594,0.5875,4623,447,48.25,1.1621716,0.5875,4709,827,48.25,1.60469413,0.5875,4825,2878,48.25,2.74846625,0.5875,3694,324,39.4,0.992895365,0.5875,3706,255,39.4,0.914898634,0.625,66.87501,65.5,99.9975,512,-1,485.785156,485.5,0.28515625,0.5,7618.451,7618.951,0,0,0,0,0,0,0,0,0,0,0,0,512,600,1200,3000,59,0.989,1.30500007,0,7,17,60,2835,10451.9824,1122,1119,39,39,99,56,0,2,90.224,88.518,1.09,11579.2734,409.796875,94.63152,0,0,0,0.0122775156,0,0,0,0,0,0.0224718787,0,0,0,71.6875,66,16376,4496,11879,72.54042,260.655,6.909E+08,3.302994E+08,28.3219,8.558865,76.7931442,10.2783165,4.60244751,69.07116,46.75,0.25,0,55,0,85,0.416,1.01,16,16,16,32,48,30,295,160,130,0,0,0,16,45.5,0.25,0,55,0,85,0.416,1.01,16,16,16,32,48,30,295,160,130,0,0,0,16
05/26/2026 23:52:04,69,66,0,73,80,79,79,79,79,84,12.048,5.02000046,1.30600011,1.39200008,1.024,0.34800002,0.592,3.27600026,2.046,0,3.364,3.364,3.11200023,65,51.5,52.5,50.5,1522,879,0,1089,1057,0,0,0,0,0,39.68,22.22,17.19,17.19,17.46,57.14,12.5,7.81,23.9,57.14,43.3073044,4317,1083,5050,2244,50.5,2.424214,0.53125,5050,1200,50.5,1.91058147,0.53125,3902,611,40.4,1.34933913,0.53125,3937,482,40.4,1.16067135,0.53125,3903,728,40.4,1.52144563,0.53125,5050,2792,50.5,2.69263434,0.53125,3813,324,40.4,0.9803665,0.53125,3834,281,40.4,0.913642347,0.53125,66.00001,57.5000038,99.99749,512,-1,485.785156,485.5,0.28515625,0.5,7618.451,7618.951,0,0,0,0,0,0,0,0,0,0,0,0,512,600,1200,3000,59,0.979000032,1.30500007,0,15,17,61,2820,10451.9824,1201,1198,40,40,99,56,0,2,90.019,91.539,1.085,11579.2734,411.398438,94.34071,0,0,0,0.0128952628,0,0,0,0,0,0.121816985,0,0,0,72.40625,66,16376,4496,11879,72.54042,259.802,6.447995E+08,308699136,28.3230629,8.557701,76.7963,10.28001,4.600754,69.08254,46.75,0.25,0,55,0,85,0.416,1.01,16,16,16,32,48,30,295,160,130,0,0,0,16,45.5,0.25,0,55,0,85,0.416,1.01,16,16,16,32,48,30,295,160,130,0,0,0,16
05/26/2026 23:52:06,67,66,0,72,78,75,75,75,75,82,12.048,5.01,1.30600011,1.39200008,1.03000009,0.358,0.592,3.27600026,2.046,0,3.364,3.364,3.11200023,64,51,52.5,50.5,1501,848,0,1072,1024,0,0,0,0,0,33.85,23.08,12.31,4.62,10.77,44.62,4.62,1.54,16.92,44.62,43.23329,4292,1054,5050,2041,50.5,2.28359056,0.525,5025,1182,50.25,1.90609121,0.53125,3888,580,40.2,1.33874619,0.53125,3902,432,40.2,1.129988,0.53125,3890,749,40.2,1.54374874,0.53125,5000,2842,50,2.706889,0.51875,3793,326,40,0.9829274,0.51875,3790,278,40,0.900977731,0.51875,64.25001,62.7500038,99.99749,512,-1,485.785156,485.5,0.28515625,0.5,7618.451,7618.951,0,0,0,0,0,0,0,0,0,0,0,0,512,600,1200,3000,59,1.064,1.30500007,0,11,17,62,2820,10451.9824,1260,1264,41,41,99,56,0,2,90.985,90.198,1.085,11579.2734,411.398438,93.902,0,0,0,0.0126042673,0,0,0,0,0,0,0,0,0,71.3125,68,16376,4496,11879,72.54042,259.806,1.07539968E+09,222149632,28.3540421,8.526722,76.8803,10.3099251,4.570839,69.28357,46.75,0.25,0,55,0,85,0.416,1.01,16,16,16,32,48,30,295,160,130,0,0,0,16,45.5,0.25,0,55,0,85,0.416,1.01,16,16,16,32,48,30,295,160,130,0,0,0,16
05/26/2026 23:52:08,66,66,0,71,77,71,71,71,71,82,12.048,5.02000046,1.30800009,1.39200008,1.036,0.354,0.592,3.27600026,2.046,0,3.36000013,3.364,3.108,63,51,52.5,50.5,1461,848,0,1069,1004,0,0,0,0,0,41.27,19.05,7.94,6.35,11.11,63.49,6.35,4.76,20.04,63.49,43.4838562,4081,1071,4975,1994,49.75,2.3286705,0.53125,4975,1186,49.75,1.89035881,0.53125,3188,590,33.1666679,1.32453573,0.5375,3178,446,33.1666679,1.13968062,0.5375,3852,745,39.8,1.52029014,0.5375,4975,3010,49.75,2.74856,0.5375,3746,310,39.8,0.9691394,0.54375,3762,288,39.8,0.9225688,0.54375,63.7500076,62.2500038,99.99748,512,-1,485.785156,485.5,0.28515625,0.5,7618.451,7618.951,0,0,0,0,0,0,0,0,0,0,0,0,512,600,1200,3000,59,1.05500007,1.30500007,0,9,17,62,2820,10451.9824,1303,1312,42,42,99,57,0,2,91.039,93.992,1.085,11579.2734,411.980469,94.78188,0,0,0,0.0123934885,0,0,0,0,0,0,0,0,0,72.96875,68,16376,4496,11879,72.54042,262.085,6.976E+08,3.356498E+08,28.3252716,8.555492,76.80229,10.2798271,4.600937,69.0813141,46.75,0.25,0,55,0,85,0.416,1.01,16,16,16,32,48,30,295,160,130,0,0,0,16,45.5,0.25,0,55,0,85,0.416,1.01,16,16,16,32,48,30,295,160,130,0,0,0,16
05/26/2026 23:52:10,65,66,0,69,76,67,67,67,67,81,12.0720005,5.02000046,1.30800009,1.39200008,1.034,0.350000024,0.592,3.28000021,2.046,0,3.364,3.364,3.11200023,63,51.5,52.5,50.5,1433,880,0,1033,1013,0,0,0,0,0,39.06,20.31,18.75,12.5,15.62,48.44,6.25,4.69,20.7,48.44,43.4933128,4467,1073,5025,2219,50.25,2.41033125,0.55,5025,1178,50.25,1.87786841,0.55,4960,633,50.25,1.34231484,0.55,4911,471,50.25,1.14903224,0.51875,3854,753,40.2,1.53151834,0.51875,5025,2720,50.25,2.628721,0.51875,3795,329,40.2,0.9782708,0.51875,3142,283,33.5,0.9095362,0.51875,63.5000076,59.0000038,99.99749,512,-1,485.785156,485.5,0.28515625,0.5,7618.451,7618.951,0,0,0,0,0,0,0,0,0,0,0,0,512,600,1200,3000,58,0.979000032,1.30500007,0,8,17,62,2820,10451.9824,1336,1340,43,43,99,56,0,2,91.678,91.215,1.085,11579.2773,412.105469,94.2034,0,0,0,0.0123491473,0,0,0,0,0,0.008855048,0,0,0,73.375,68,16376,4496,11879,72.54042,261.108,1.12785E+09,254099456,28.3258247,8.554939,76.80379,10.2811317,4.59963226,69.09008,46.75,0.25,0,55,0,85,0.416,1.01,16,16,16,32,48,30,295,160,130,0,0,0,16,45.5,0.25,0,55,0,85,0.416,1.01,16,16,16,32,48,30,295,160,130,0,0,0,16
05/26/2026 23:52:12,64,66,0,69,75,67,67,67,67,81,12.048,5.02000046,1.30800009,1.39200008,1.04000008,0.356,0.592,3.27600026,2.046,0,3.36800027,3.364,3.11200023,63,51.5,52.5,50.5,1408,881,0,1019,975,0,0,0,0,0,50.77,24.62,20,15.38,16.92,35.38,6.15,9.23,22.31,50.77,44.1164742,4039,1145,5025,2587,50.25,2.77265525,0.53125,4975,1433,49.75,2.10996032,0.5375,3265,640,33.6666679,1.40821874,0.5375,3257,480,33.6666679,1.17926121,0.5375,3301,849,33.6666679,1.63519311,0.5375,5050,2535,50.5,2.56344247,0.525,3710,323,39.8,0.9873525,0.55625,3728,314,39.8,0.94883883,0.55625,64.00001,59.6250038,99.99749,512,-1,485.785156,485.5,0.28515625,0.5,7618.451,7618.951,0,0,0,0,0,0,0,0,0,0,0,0,512,600,1200,3000,58,1.05000007,1.30500007,0,18,17,62,2820,10451.9824,1364,1366,44,44,96,54,0,2,90.356,91.687,1.085,11579.2891,418.480469,93.61376,0,0,0,0.0120319836,0,0,0,0,0,0.129397452,0,0,0,72,70,16376,4496,11879,72.54042,256.887,9.412997E+08,311899136,28.35746,8.523304,76.88957,10.3111839,4.56958,69.29203,46.75,0.25,0,55,0,85,0.416,1.01,16,16,16,32,48,30,295,160,130,0,0,0,16,45.5,0.25,0,55,0,85,0.416,1.01,16,16,16,32,48,30,295,160,130,0,0,0,16
05/26/2026 23:52:14,63,66,0,67,74,68,68,68,68,82,12.0720005,5.02000046,1.30800009,1.39200008,1.04000008,0.366000026,0.592,3.27600026,2.046,0,3.36800027,3.364,3.11600018,64,51,52.5,50.5,1411,881,0,1023,960,0,0,0,0,0,46.97,13.64,7.58,7.58,12.12,49.23,6.06,3.03,18.28,49.23,43.5351677,4238,1076,4975,2187,49.75,2.42760968,0.54375,4950,1185,49.5,1.88507938,0.5375,3890,597,39.6,1.32635236,0.5375,4869,489,49.5,1.15635717,0.5375,3855,735,39.6,1.53646553,0.5375,5025,2811,50.25,2.69347215,0.5375,3145,323,33.5,0.9684976,0.5375,3192,278,33.5,0.9091684,0.5375,64.25001,57.1250038,99.99748,512,-1,485.785156,485.5,0.28515625,0.5,7618.451,7618.951,0,0,0,0,0,0,0,0,0,0,0,0,512,600,1200,3000,58,1.069,1.30500007,0,24,18,62,2820,10451.9824,1385,1388,44,44,99,56,0,2,92.148,89.022,1.085,11579.2891,418.480469,94.52705,0,0,0,0.0130688762,0,0,0,0,0,0,0,0,0,74.53125,68,16376,4496,11879,72.54042,261.509,1.30139955E+09,192199680,28.3292427,8.551521,76.81306,10.2856712,4.595093,69.12059,46.75,0.25,0,55,0,85,0.416,1.01,16,16,16,32,48,30,295,160,130,0,0,0,16,45.5,0.25,0,55,0,85,0.416,1.01,16,16,16,32,48,30,295,160,130,0,0,0,16
05/26/2026 23:52:16,62,66,0,66,73,67,67,67,67,81,12.048,5.02000046,1.30800009,1.39200008,1.028,0.352000028,0.592,3.27600026,2.046,0,3.36800027,3.36800027,3.11600018,63,51.5,52.5,50.5,1390,882,0,1022,952,0,0,0,0,0,33.85,24.62,15.62,9.38,12.31,53.85,12.31,7.81,21.22,53.85,44.06875,4337,1108,4975,2136,49.75,2.3796103,0.53125,4975,1231,49.75,1.935967,0.53125,3955,671,39.8,1.40227008,0.53125,4854,481,49.75,1.16174257,0.53125,3903,779,39.8,1.56139815,0.53125,3980,2839,39.8,2.70302367,0.53125,4823,392,50,1.02607715,0.53125,3232,336,33.3333321,0.9487078,0.53125,63.5000076,60.3750038,99.99749,512,-1,485.785156,485.5,0.28515625,0.5,7618.451,7618.951,0,0,0,0,0,0,0,0,0,0,0,0,512,600,1200,3000,58,1.06000006,1.30500007,0,10,17,62,2820,10451.9824,1399,1399,45,45,99,56,0,2,92.211,88.724,1.085,11579.2891,418.636719,94.7801,0,0,0,0.0135406144,0,0,0,0,0,0.0109287715,0,0,0,74.5625,70,16376,4496,11879,72.54042,261.998,1.00359987E+09,3.091497E+08,28.3299751,8.550789,76.81505,10.2821388,4.598625,69.09685,46.75,0.25,0,55,0,85,0.416,1.01,16,16,16,32,48,30,295,160,130,0,0,0,16,45.5,0.25,0,55,0,85,0.416,1.01,16,16,16,32,48,30,295,160,130,0,0,0,16
05/26/2026 23:52:19,61,66,0,66,72,67,67,67,67,81,12.0720005,5.02000046,1.30800009,1.39200008,1.03200006,0.362000018,0.592,3.28000021,2.046,0,3.36800027,3.364,3.11200023,65,51.5,52.5,50.5,1351,849,0,1012,937,0,0,0,0,0,60,30.77,10.77,10.77,23.08,53.85,7.69,10.77,25.96,60,44.529026,3795,1269,4975,2983,49.75,3.26601887,0.55625,4975,1695,49.75,2.27565217,0.55625,3837,734,40,1.50111365,0.55,3134,482,33.3333321,1.21880925,0.55,3248,1035,33.3333321,1.7811656,0.55,4000,2508,40,2.66481948,0.55,3070,360,33.3333321,1.06349337,0.55,3120,354,33.3333321,1.02511847,0.55,64.12501,64.125,99.99748,512,-1,485.785156,485.5,0.28515625,0.5,7618.451,7618.951,0,0,0,0,0,0,0,0,0,0,0,0,512,600,1200,3000,58,1.05000007,1.30500007,0,13,17,63,2820,10451.9824,1415,1409,45,45,99,56,0,2,91.529,88.207,1.085,11579.293,418.9453,94.07595,0,0,0,0.012508464,0,0,0,0,0,0.009609086,0,0,0,76.6875,70,16376,4496,11879,72.54042,261.509,1.23449958E+09,284649472,28.3307571,8.550007,76.81717,10.2868309,4.593933,69.12838,46.75,0.25,0,55,0,85,0.416,1.01,16,16,16,32,48,30,295,160,130,0,0,0,16,45.5,0.25,0,55,0,85,0.416,1.01,16,16,16,32,48,30,295,160,130,0,0,0,16
05/26/2026 23:52:20,62,66,0,67,73,70,70,70,70,83,12.048,5.02000046,1.30800009,1.39200008,1.042,0.358,0.592,3.28400016,2.046,0,3.36800027,3.36800027,3.11600018,66,51.5,52.5,50.5,1379,850,0,1004,925,0,0,0,0,0,50.79,31.75,12.7,11.11,14.29,55.56,4.76,4.76,23.21,55.56,46.0105934,3979,1311,3980,2491,39.8,2.83861876,0.525,3980,1849,39.8,2.48339,0.525,3884,780,39.8,1.56757641,0.525,3820,568,39.8,1.328317,0.525,4853,1010,49.75,1.78256512,0.525,4975,2984,49.75,3.11595416,0.51875,3136,401,33.1666679,1.11130321,0.51875,3201,406,33.1666679,1.09798515,0.51875,66.12501,57.0000038,99.99749,512,-1,485.785156,485.5,0.28515625,0.5,7618.451,7618.951,0,0,0,0,0,0,0,0,0,0,0,0,512,600,1200,3000,59,1.04500008,1.30500007,0,24,17,63,2820,10451.9824,1426,1427,45,45,96,54,0,2,87.263,92.551,1.085,11580.0508,418.925781,94.45391,0,0,0,0.0270604417,0,0,0,0,0,0.06158827,0,0,0,73.125,70,16376,4496,11879,72.545,261.571,824049664,291049472,28.3346176,8.546146,76.82764,10.2875557,4.59320831,69.13325,46.75,0.25,0,55,0,85,0.416,1.01,16,16,16,32,48,30,295,160,130,0,0,0,16,45.5,0.25,0,55,0,85,0.416,1.01,16,16,16,32,48,30,295,160,130,0,0,0,16
05/26/2026 23:52:23,62,66,0,67,74,70,70,70,70,83,12.048,5.02000046,1.30800009,1.39200008,1.03000009,0.36,0.592,3.28000021,2.046,0,3.364,3.364,3.11600018,64,51.5,52.5,50.5,1390,850,0,994,954,0,0,0,0,0,41.54,16.92,10.77,6.15,18.46,50.77,3.08,6.15,19.23,50.77,43.7505341,4259,1083,3980,2051,39.8,2.33701777,0.53125,4975,1206,49.75,1.94117081,0.53125,4891,679,49.75,1.416592,0.53125,3859,445,39.8,1.14736986,0.53125,4888,819,49.75,1.60953045,0.53125,5050,2867,50.5,2.68944454,0.5375,3192,317,33.6666679,0.997979164,0.51875,3236,283,33.6666679,0.9445377,0.51875,64.62501,61.7500038,99.99748,512,-1,485.785156,485.5,0.28515625,0.5,7618.451,7618.951,0,0,0,0,0,0,0,0,0,0,0,0,512,600,1200,3000,58,0.974000037,1.30500007,0,5,17,64,2820,10451.9824,1435,1435,46,46,99,54,0,2,91.585,91.268,1.085,11580.0508,419.1914,94.57555,0,0,0,0.0138438335,0,0,0,0,0,0.0144280866,0,0,0,73.0625,70,16376,4496,11879,72.545,261.239,623549440,268349440,28.3630219,8.517742,76.90465,10.314209,4.566555,69.31236,46.75,0.25,0,55,0,85,0.416,1.01,16,16,16,32,48,30,295,160,130,0,0,0,16,45.5,0.25,0,55,0,85,0.416,1.01,16,16,16,32,48,30,295,160,130,0,0,0,16
05/26/2026 23:52:25,61,66,0,67,73,68,68,68,68,82,12.048,5.02000046,1.30800009,1.39200008,1.03000009,0.358,0.592,3.27600026,2.046,0,3.36800027,3.36800027,3.11600018,64,51.5,52.5,50.5,1357,850,0,994,936,0,0,0,0,0,28.57,14.29,12.7,3.12,12.7,60.32,4.69,4.69,17.63,60.32,43.56674,3903,1063,4950,2011,49.5,2.3375237,0.525,3960,1172,39.6,1.90773869,0.525,3235,629,33,1.35341322,0.525,3188,428,33,1.12527263,0.525,3837,768,39.6,1.55795956,0.525,5025,2893,50.25,2.68822956,0.54375,3183,332,33.6666679,0.9878268,0.59375,3849,272,40.4,0.934369564,0.59375,63.8750076,60.8750038,99.99749,512,-1,485.785156,485.5,0.28515625,0.5,7618.451,7618.951,0,0,0,0,0,0,0,0,0,0,0,0,512,600,1200,3000,58,1.069,1.30500007,0,9,16,64,2820,10451.9824,1448,1448,46,46,99,54,0,2,91.83,91.619,1.085,11580.0547,423.8789,94.34114,0,0,0,0.0131827062,0,0,0,0,0,0,0,0,0,74.65625,70,16376,4496,11879,72.545,260.678,1.0081495E+09,2.714491E+08,28.3631172,8.517647,76.90491,10.320652,4.560112,69.35566,46.75,0.25,0,55,0,85,0.416,1.01,16,16,16,32,48,30,295,160,130,0,0,0,16,45.75,0.25,0,55,0,85,0.416,1.01,16,16,16,32,48,30,295,160,130,0,0,0,16
05/26/2026 23:52:27,60,66,0,66,72,67,67,67,67,81,12.0720005,5.02000046,1.30800009,1.39200008,1.036,0.350000024,0.592,3.272,2.046,0,3.36800027,3.364,3.11600018,63,51.5,52.5,50.5,1352,882,0,1010,936,0,0,0,0,0,32.31,29.23,10.77,7.69,13.85,58.46,3.08,6.15,20.19,58.46,43.9366074,3601,1070,4850,1974,48.5,2.345055,0.63125,3233,1188,32.3333321,1.94185,0.63125,3144,601,32.3333321,1.356798,0.63125,3090,455,32.3333321,1.15710032,0.63125,3152,820,32.3333321,1.61962891,0.63125,5025,2954,50.25,2.723325,0.50625,3139,301,33.5,0.988133669,0.50625,3176,265,33.6666679,0.9201935,0.50625,63.5000076,61.2500038,99.99749,512,-1,485.785156,485.5,0.28515625,0.5,7618.451,7618.951,0,0,0,0,0,0,0,0,0,0,0,0,512,600,1200,3000,58,1.064,1.30500007,0,18,17,64,2820,10451.9824,1455,1453,46,46,99,54,0,2,91.527,91.105,1.085,11580.0625,426.1289,94.41918,0,0,0,0.0125410184,0,0,0,0,0,0.009187595,0,0,0,75.375,70,16376,4496,11879,72.545,259.573,1.00219904E+09,356199424,28.3338547,8.546909,76.82556,10.2928581,4.587906,69.1688843,46.75,0.25,0,55,0,85,0.416,1.01,16,16,16,32,48,30,295,160,130,0,0,0,16,45.75,0.25,0,55,0,85,0.416,1.01,16,16,16,32,48,30,295,160,130,0,0,0,16
05/26/2026 23:52:29,59,66,0,66,72,67,67,67,67,81,12.0720005,5.02000046,1.30800009,1.39200008,1.03200006,0.368000031,0.592,3.28000021,2.046,0,3.36800027,3.36800027,3.11600018,63,51.5,52.5,50.5,1305,882,0,1005,949,0,0,0,0,0,46.88,17.19,9.38,9.38,12.5,50,3.12,4.69,19.14,50,43.07566,4051,1056,5025,1905,50.25,2.22294116,0.51875,4020,1151,40.2,1.861984,0.51875,4890,639,50.25,1.34429145,0.51875,3272,476,33.5,1.13645983,0.51875,3902,744,40.2,1.52844238,0.51875,4975,2891,49.75,2.71419024,0.5375,3126,321,33.1666679,0.9699156,0.5375,3200,324,33.1666679,0.9507782,0.5375,63.0000076,57.2500038,99.99749,512,-1,485.785156,485.5,0.28515625,0.5,7618.451,7618.951,0,0,0,0,0,0,0,0,0,0,0,0,512,600,1200,3000,58,1.064,1.30500007,0,11,17,63,2820,10451.9824,1461,1458,47,47,99,54,0,2,92.879,90.241,1.085,11580.0625,426.1289,94.55336,0,0,0,0.01243183,0,0,0,0,0,0,0,0,0,75.84375,70,16376,4496,11879,72.545,260.47,1.07039949E+09,248999936,28.3349762,8.545788,76.8286057,10.2890511,4.591713,69.1432953,46.75,0.25,0,55,0,85,0.416,1.01,16,16,16,32,48,30,295,160,130,0,0,0,16,45.5,0.25,0,55,0,85,0.416,1.01,16,16,16,32,48,30,295,160,130,0,0,0,16
05/26/2026 23:52:31,58,66,0,65,71,65,65,65,65,79,12.0720005,5.02000046,1.30800009,1.39200008,1.03000009,0.36,0.592,3.28000021,2.046,0,3.36800027,3.36800027,3.11200023,62,51.5,52.5,50.5,1284,882,0,995,918,0,0,0,0,0,34.92,17.46,14.29,6.25,9.52,53.97,4.69,10.94,19,53.97,43.48483,4082,1052,5000,1908,50,2.2376492,0.5375,5000,1177,50,1.882328,0.5375,3250,613,33.3333321,1.35995245,0.5375,3192,438,33.3333321,1.12472725,0.5375,4883,770,50,1.559839,0.5375,5000,2926,50,2.716393,0.51875,3158,320,33.5,0.994977832,0.53125,3176,262,33.5,0.907129467,0.53125,62.8750076,60.8750038,99.99749,512,-1,485.785156,485.5,0.28515625,0.5,7618.451,7618.951,0,0,0,0,0,0,0,0,0,0,0,0,512,600,1200,3000,58,1.064,1.30500007,0,28,18,63,2820,10451.9824,1470,1468,47,47,99,54,0,2,92.075,91.655,1.085,11580.0625,426.1289,94.16003,0,0,0,0.01826798,0,0,0,0,0,0,0,0,0,75.9375,72,16376,4496,11879,72.545,261.728,1.05049907E+09,312799232,28.33347,8.547295,76.82452,10.284462,4.596302,69.11246,46.75,0.25,0,55,0,85,0.416,1.01,16,16,16,32,48,30,295,160,130,0,0,0,16,45.75,0.25,0,55,0,85,0.416,1.01,16,16,16,32,48,30,295,160,130,0,0,0,16
05/26/2026 23:52:33,56,66,0,64,71,65,65,65,65,79,12.0720005,5.02000046,1.30800009,1.39200008,1.044,0.356,0.592,3.27600026,2.046,0,3.364,3.364,3.11200023,62,51,52.5,50.5,1268,882,0,985,909,0,0,0,0,0,39.06,31.25,12.5,12.5,14.06,53.12,9.38,6.25,22.27,53.12,44.126152,4372,1097,5000,1939,50,2.36204529,0.55625,5000,1285,50,2.00613236,0.55625,4851,642,49.75,1.42339218,0.55625,3800,430,39.8,1.16073418,0.54375,4921,833,49.75,1.64088011,0.54375,5025,3020,50.25,2.80771041,0.55,3164,323,33.5,1.02324629,0.55,3215,304,33.5,0.978068531,0.55,62.8750076,59.2500038,99.99749,512,-1,485.785156,485.5,0.28515625,0.5,7618.451,7618.951,0,0,0,0,0,0,0,0,0,0,0,0,512,600,1200,3000,58,1.06000006,1.30500007,0,12,17,63,2820,10451.9824,1478,1480,47,47,99,54,0,2,91.605,89.411,1.085,11580.0625,426.1289,94.2158356,0,0,0,0.0119430786,0,0,0,0,0,0,0,0,0,75.6875,70,16376,4496,11879,72.545,260.175,604199936,310849536,28.334671,8.546093,76.827774,10.2950439,4.58572,69.18357,46.75,0.25,0,55,0,85,0.416,1.01,16,16,16,32,48,30,295,160,130,0,0,0,16,45.75,0.25,0,55,0,85,0.416,1.01,16,16,16,32,48,30,295,160,130,0,0,0,16
05/26/2026 23:52:35,56,66,0,64,71,65,65,65,65,80,12.0720005,5.02000046,1.30800009,1.39200008,1.024,0.354,0.592,3.28000021,2.046,0,3.364,3.364,3.11200023,63,51,52.5,50.5,1267,850,0,987,903,0,0,0,0,0,39.68,20.63,11.11,15.62,19.05,61.9,9.38,9.38,23.34,61.9,43.1872826,4087,1062,4040,2048,40.4,2.260442,0.51875,4040,1175,40.4,1.89246118,0.51875,3994,640,40.4,1.348446,0.51875,3929,444,40.4,1.11343133,0.51875,3958,818,40.4,1.57984817,0.51875,5050,2824,50.5,2.68448424,0.51875,3830,290,40.4,0.9635308,0.51875,3854,260,40.4,0.904170632,0.51875,62.8750076,57.5000038,99.99748,512,-1,485.785156,485.5,0.28515625,0.5,7618.451,7618.951,0,0,0,0,0,0,0,0,0,0,0,0,512,600,1200,3000,58,1.06000006,1.30500007,0,24,18,63,2820,10451.9824,1487,1488,47,47,99,54,0,2,91.574,90.685,1.085,11580.0625,426.1289,94.82282,0,0,0,0.0125083132,0,0,0,0,0,0,0,0,0,74.59375,70,16376,4496,11879,72.545,260.109,1.057749E+09,213249024,28.3342628,8.546501,76.82667,10.2938766,4.58688736,69.17573,46.75,0.25,0,55,0,85,0.416,1.01,16,16,16,32,48,30,295,160,130,0,0,0,16,45.75,0.25,0,55,0,85,0.416,1.01,16,16,16,32,48,30,295,160,130,0,0,0,16
05/26/2026 23:52:37,56,66,0,64,71,65,65,65,65,79,12.0720005,5.02000046,1.30800009,1.39200008,1.026,0.36,0.592,3.28000021,2.046,0,3.36800027,3.364,3.11600018,62,51.5,52.5,50.5,1272,850,0,965,926,0,0,0,0,0,42.42,12.12,6.06,9.09,12.12,51.52,3.03,4.55,17.61,51.52,43.090416,3771,1037,3940,1910,39.4,2.27217269,0.51875,5000,1126,50,1.85971367,0.54375,3272,597,33.6666679,1.31520414,0.54375,3273,465,33.6666679,1.14419639,0.54375,3281,761,33.6666679,1.52949822,0.54375,5050,2861,50.5,2.68757486,0.54375,3169,304,33.6666679,0.97490865,0.54375,3185,273,33.6666679,0.9230978,0.54375,62.7500076,60.3750038,99.99748,512,-1,485.785156,485.5,0.28515625,0.5,7618.451,7618.951,0,0,0,0,0,0,0,0,0,0,0,0,512,600,1200,3000,58,1.064,1.30500007,0,7,16,63,2820,10451.9824,1496,1494,47,48,99,54,0,2,92.777,93.424,1.085,11580.0625,425.898438,95.00734,0,0,0,0.0128265871,0,0,0,0,0,0.00672008,0,0,0,73.875,70,16376,4496,11879,72.545,261.41,9.89099E+08,346949632,28.3346329,8.546131,76.8276749,10.2943611,4.586403,69.1789856,46.75,0.25,0,55,0,85,0.416,1.01,16,16,16,32,48,30,295,160,130,0,0,0,16,45.75,0.25,0,55,0,85,0.416,1.01,16,16,16,32,48,30,295,160,130,0,0,0,16
05/26/2026 23:52:39,56,66,0,65,71,66,66,66,66,81,12.0720005,5.02000046,1.30800009,1.39200008,1.028,0.354,0.592,3.28400016,2.046,0,3.364,3.364,3.11600018,63,51.5,52.5,50.5,1255,850,0,980,924,0,0,0,0,0,42.86,14.29,14.29,4.76,11.11,55.56,3.12,3.12,18.64,55.56,44.1056366,4363,1103,3980,2196,39.8,2.43116236,0.54375,4975,1213,49.75,1.92324972,0.54375,4914,690,49.75,1.41628361,0.54375,4793,457,49.75,1.144547,0.54375,4906,844,49.75,1.60757518,0.54375,4975,2772,49.75,2.637976,0.53125,3156,344,33.1666679,1.02518117,0.53125,3208,308,33.1666679,0.961800635,0.53125,63.3750076,57.5000038,99.99749,512,-1,485.785156,485.5,0.28515625,0.5,7618.451,7618.951,0,0,0,0,0,0,0,0,0,0,0,0,512,600,1200,3000,58,1.06000006,1.30500007,0,27,17,64,2820,10451.9824,1494,1498,48,48,99,54,0,3,91.446,92.787,1.085,11580.0625,425.898438,93.90629,0,0,0,0.0126949307,0,0,0,0,0,0,0,0,0,75.65625,70,16376,4496,11879,72.545,261.863,1.0112E+09,3.123497E+08,28.36441,8.516354,76.90842,10.32634,4.55442429,69.39388,46.75,0.25,0,55,0,85,0.416,1.01,16,16,16,32,48,30,295,160,130,0,0,0,16,45.75,0.25,0,55,0,85,0.416,1.01,16,16,16,32,48,30,295,160,130,0,0,0,16
05/26/2026 23:52:41,58,66,0,66,72,67,67,67,67,81,12.0720005,5.02000046,1.30800009,1.39200008,1.036,0.350000024,0.592,3.27600026,2.046,0,3.36800027,3.364,3.11200023,63,51.5,52.5,50.5,1287,850,0,992,907,0,0,0,0,0,52.31,23.08,12.31,7.69,16.92,50.77,9.23,4.62,22.12,52.31,43.95896,3899,1088,4825,2079,48.25,2.39038825,0.6,4825,1182,48.25,1.9410646,0.6,3108,638,32.1666679,1.38809335,0.6,3093,436,32.1666679,1.14878488,0.6,3096,778,32.1666679,1.59168744,0.6,4875,2999,48.75,2.77577853,0.63125,3660,311,39,1.00772917,0.63125,3712,278,39,0.9531082,0.63125,63.2500076,68.875,99.99749,512,-1,485.785156,485.5,0.28515625,0.5,7618.451,7618.951,0,0,0,0,0,0,0,0,0,0,0,0,512,600,1200,3000,58,1.06000006,1.30500007,0,11,17,64,2820,10451.9824,1498,1499,48,48,99,55,0,2,92.131,90.381,1.085,11580.0625,425.898438,95.21189,0,0,0,0.0116663584,0,0,0,0,0,0,0,0,0,75.875,70,16376,4496,11879,72.545,260.369,1.04684954E+09,300899328,28.33546,8.545303,76.82992,10.2969818,4.583782,69.1965942,46.75,0.25,0,55,0,85,0.416,1.01,16,16,16,32,48,30,295,160,130,0,0,0,16,45.75,0.25,0,55,0,85,0.416,1.01,16,16,16,32,48,30,295,160,130,0,0,0,16
05/26/2026 23:52:43,58,66,0,66,72,67,67,67,67,81,12.048,5.03,1.30800009,1.388,1.03800011,0.362000018,0.592,3.272,2.046,0,3.364,3.364,3.11600018,63,51.5,52.5,50.5,1317,883,0,979,913,0,0,0,0,0,46.15,23.08,9.23,6.15,6.15,52.31,4.62,1.54,18.65,52.31,44.1195946,3768,1054,4040,2087,40.4,2.31456161,0.63125,4020,1132,40.2,1.87595081,0.53125,3252,600,33.6666679,1.34849834,0.55,3259,456,33.6666679,1.15252,0.55,3894,761,40.4,1.54868269,0.54375,4040,2786,40.4,2.68140459,0.54375,3818,347,40.4,1.01948452,0.54375,3819,266,40.4,0.9236365,0.54375,63.2500076,62.2500038,99.99749,512,-1,485.785156,485.5,0.28515625,0.5,7618.451,7618.951,0,0,0,0,0,0,0,0,0,0,0,0,512,600,1200,3000,59,0.979000032,1.30500007,0,6,17,64,2820,10451.9824,1502,1506,48,48,99,54,0,2,91.067,90.906,1.085,11580.0625,425.898438,95.07392,0,0,0,0.0116511453,0,0,0,0,0,0,0,0,0,74.03125,70,16376,4496,11879,72.545,260.667,1.0475991E+09,3.380992E+08,28.364769,8.515995,76.9093857,10.3232613,4.55750275,69.37319,46.75,0.25,0,55,0,85,0.416,1.01,16,16,16,32,48,30,295,160,130,0,0,0,16,45.75,0.25,0,55,0,85,0.416,1.01,16,16,16,32,48,30,295,160,130,0,0,0,16
05/26/2026 23:52:45,58,66,0,66,72,67,67,67,67,81,12.048,5.02000046,1.30800009,1.39200008,1.044,0.368000031,0.592,3.28000021,2.046,0,3.36800027,3.364,3.11200023,63,51.5,52.5,50.5,1301,883,0,979,916,0,0,0,0,0,56.25,26.56,12.5,14.29,25,56.25,11.11,4.76,25.84,56.25,43.29417,3787,1072,3940,2384,39.4,2.4463098,0.51875,4900,1212,49,1.9256953,0.525,3212,586,33,1.28922224,0.54375,3184,425,33,1.08210611,0.54375,3220,770,33,1.54447424,0.54375,4950,2688,49.5,2.604488,0.54375,3103,284,33,0.9210825,0.54375,3786,230,40.4,0.8554299,0.54375,63.1250076,59.0000038,99.99749,512,-1,485.785156,485.5,0.28515625,0.5,7618.451,7618.951,0,0,0,0,0,0,0,0,0,0,0,0,512,600,1200,3000,58,1.069,1.30500007,0,10,17,64,2820,10451.9824,1506,1508,48,48,99,54,0,2,91.668,90.876,1.085,11580.0625,425.898438,91.46769,0,0,0,0.0141397854,0,0,0,0,0,0,0,0,0,76.21875,72,16376,4496,11879,72.545,256.98,1.13969971E+09,254349312,28.3319664,8.548798,76.82044,10.2927017,4.58806229,69.16783,46.75,0.25,0,55,0,85,0.416,1.01,16,16,16,32,48,30,295,160,130,0,0,0,16,45.75,0.25,0,55,0,85,0.416,1.01,16,16,16,32,48,30,295,160,130,0,0,0,16
05/26/2026 23:52:47,58,66,0,66,72,67,67,67,67,81,12.0720005,5.03,1.30800009,1.39200008,1.03000009,0.362000018,0.592,3.28400016,2.046,0,3.364,3.364,3.11200023,63,51.5,52.5,50.5,1304,883,0,996,916,0,0,0,0,0,40,24.62,12.31,7.69,12.31,49.23,3.03,7.69,19.61,49.23,43.503952,3910,1060,5050,2025,50.5,2.29954767,0.51875,5025,1153,50.25,1.89332128,0.51875,3277,592,33.5,1.32844067,0.51875,3255,485,33.5,1.16595781,0.51875,3268,772,33.5,1.55665565,0.51875,5025,2860,50.25,2.68489718,0.51875,3183,300,33.5,0.984423637,0.51875,3197,291,33.5,0.9450677,0.51875,63.1250076,63.6250038,99.99749,512,-1,485.785156,485.5,0.28515625,0.5,7618.451,7618.951,0,0,0,0,0,0,0,0,0,0,0,0,512,600,1200,3000,59,1.074,1.30500007,0,3,16,63,2820,10451.9824,1511,1514,48,48,99,54,0,2,91.692,90.632,1.085,11580.0625,425.898438,94.7868347,0,0,0,0.011927695,0,0,0,0,0,0,0,0,0,75.53125,70,16376,4496,11879,72.545,261.382,1.04054989E+09,1.76E+08,28.33271,8.548054,76.822464,10.29446,4.58630371,69.17965,46.75,0.25,0,55,0,85,0.416,1.01,16,16,16,32,48,30,295,160,130,0,0,0,16,45.75,0.25,0,55,0,85,0.416,1.01,16,16,16,32,48,30,295,160,130,0,0,0,16
05/26/2026 23:52:49,58,66,0,66,72,67,67,67,67,81,12.0720005,5.02000046,1.30800009,1.39200008,1.03800011,0.356,0.592,3.272,2.046,0,3.36800027,3.364,3.11200023,63,51.5,52.5,50.5,1314,883,0,980,939,0,0,0,0,0,29.69,21.88,12.5,9.38,12.5,57.81,4.69,3.12,18.95,57.81,43.20136,4420,1050,4850,2003,48.5,2.267893,0.63125,4850,1097,48.5,1.84350359,0.63125,4763,624,48.5,1.34411216,0.63125,4729,445,48.5,1.123483,0.63125,4778,824,48.5,1.56363761,0.6,5050,2823,50.5,2.66303945,0.625,3164,300,33.6666679,0.9735138,0.625,3178,287,33.6666679,0.928245962,0.625,62.8750076,57.0000038,99.9975,512,-1,485.785156,485.5,0.28515625,0.5,7618.451,7618.951,0,0,0,0,0,0,0,0,0,0,0,0,512,600,1200,3000,58,0.940000057,1.30500007,0,7,17,64,2820,10451.9824,1517,1520,48,48,99,54,0,2,91.321,90.016,1.085,11580.0625,425.898438,94.49765,0,0,0,0.0122829489,0,0,0,0,0,0,0,0,0,74.90625,72,16376,4496,11879,72.545,260.723,1.06759987E+09,303499264,28.33654,8.544224,76.83285,10.29258,4.58818436,69.16701,46.75,0.25,0,55,0,85,0.416,1.01,16,16,16,32,48,30,295,160,130,0,0,0,16,45.75,0.25,0,55,0,85,0.416,1.01,16,16,16,32,48,30,295,160,130,0,0,0,16
05/26/2026 23:52:51,58,66,0,66,72,67,67,67,67,81,12.048,5.02000046,1.30800009,1.39200008,1.046,0.354,0.592,3.27600026,2.046,0,3.364,3.364,3.11200023,63,51.5,52.5,50.5,1311,851,0,1002,940,0,0,0,0,0,24.62,24.62,12.31,7.69,9.23,63.08,3.08,4.62,18.65,63.08,43.6872559,4151,1104,4000,2166,40,2.47986126,0.51875,5000,1312,50,1.99676538,0.51875,3904,614,40,1.36770642,0.51875,3842,441,40,1.13751924,0.51875,3915,796,40,1.61740172,0.51875,5000,2920,50,2.85740566,0.51875,3792,325,40,1.00214159,0.51875,3757,262,39.8,0.9123805,0.51875,63.6250076,63.6250038,99.99749,512,-1,485.785156,485.5,0.28515625,0.5,7618.451,7618.951,0,0,0,0,0,0,0,0,0,0,0,0,512,600,1200,3000,59,1.06000006,1.30500007,0,12,17,64,2820,10451.9824,1521,1523,49,49,99,54,0,2,92.368,92.342,1.085,11580.0625,425.898438,92.418,0,0,0,0.0135416165,0,0,0,0,0,0,0,0,0,74.625,72,16376,4496,11879,72.545,258.882,1.11189914E+09,3.171492E+08,28.3664322,8.514332,76.9138947,10.3241539,4.55661,69.3791962,46.75,0.25,0,55,0,85,0.416,1.01,16,16,16,32,48,30,295,160,130,0,0,0,16,45.75,0.25,0,55,0,85,0.416,1.01,16,16,16,32,48,30,295,160,130,0,0,0,16
05/26/2026 23:52:53,58,66,0,66,72,67,67,67,67,81,12.0720005,5.02000046,1.30800009,1.39200008,1.04000008,0.362000018,0.592,3.28400016,2.046,0,3.36800027,3.364,3.11600018,63,51.5,52.5,50.5,1315,851,0,982,917,0,0,0,0,0,50.79,17.46,14.29,9.52,15.87,48.44,3.17,3.17,20.34,50.79,43.65617,4309,1106,4900,2275,49,2.50976419,0.5375,4900,1258,49,1.99594319,0.5375,4785,640,49,1.41053283,0.5375,3738,435,39.2,1.159543,0.5375,4799,823,49,1.63108146,0.5375,5025,2774,50.25,2.67071724,0.54375,3155,330,33.5,1.03259885,0.54375,3172,311,33.5,0.9675322,0.54375,63.3750076,62.2500038,99.99748,512,-1,485.785156,485.5,0.28515625,0.5,7618.451,7618.951,0,0,0,0,0,0,0,0,0,0,0,0,512,600,1200,3000,58,0.979000032,1.30500007,0,6,17,63,2820,10451.9824,1525,1526,49,49,99,54,0,2,91.506,91.195,1.085,11580.0625,425.898438,94.28688,0,0,0,0.0126227178,0,0,0,0,0,0,0,0,0,76.6875,72,16376,4496,11879,72.545,263.006,883249152,316499968,28.3370285,8.5437355,76.83417,10.2972794,4.58348465,69.19859,46.75,0.25,0,55,0,85,0.416,1.01,16,16,16,32,48,30,295,160,130,0,0,0,16,45.75,0.25,0,55,0,85,0.416,1.01,16,16,16,32,48,30,295,160,130,0,0,0,16
05/26/2026 23:52:55,58,66,0,66,72,67,67,67,67,81,12.048,5.02000046,1.30800009,1.39200008,1.034,0.356,0.592,3.272,2.046,0,3.364,3.364,3.11600018,63,51.5,52.5,50.5,1320,851,0,980,916,0,0,0,0,0,41.27,26.98,7.94,9.52,15.87,53.97,9.52,9.52,21.83,53.97,43.6731224,4218,1105,3980,2188,39.8,2.48813319,0.525,4975,1263,49.75,2.02696276,0.525,3850,622,39.8,1.39988387,0.525,4789,482,49.75,1.19838333,0.525,4885,842,49.75,1.65627277,0.525,4975,2826,49.75,2.73013186,0.525,3111,321,33.1666679,1.03433669,0.525,3180,299,33.1666679,0.9749667,0.525,63.3750076,63.2500038,99.9975,512,-1,485.785156,485.5,0.28515625,0.5,7618.451,7618.951,0,0,0,0,0,0,0,0,0,0,0,0,512,600,1200,3000,58,1.05000007,1.30500007,0,9,17,64,2820,10451.9824,1529,1532,49,49,99,54,0,2,91.514,92.388,1.085,11580.0625,425.898438,94.3389053,0,0,0,0.0133524742,0,0,0,0,0,0,0,0,0,77.4375,72,16376,4496,11879,72.545,261.374,1.272149E+09,259549184,28.3356934,8.545071,76.83055,10.2947235,4.5860405,69.18142,46.75,0.25,0,55,0,85,0.416,1.01,16,16,16,32,48,30,295,160,130,0,0,0,16,45.75,0.25,0,55,0,85,0.416,1.01,16,16,16,32,48,30,295,160,130,0,0,0,16
05/26/2026 23:52:57,58,66,0,66,72,67,67,67,67,81,12.0720005,5.02000046,1.31000006,1.39200008,1.036,0.358,0.590000033,3.28400016,2.046,0,3.36800027,3.364,3.11200023,63,51.5,52.5,50.5,1300,851,0,981,939,0,0,0,0,0,33.33,20.63,7.81,4.69,19.05,61.9,10.94,3.12,20.19,61.9,43.7060738,4236,1070,4020,2108,40.2,2.352705,0.5125,3350,1188,33.5,1.929838,0.5125,3896,606,40.2,1.37369335,0.5125,3896,442,40.2,1.15423918,0.5125,4737,830,48.5,1.61691439,0.525,4850,2810,48.5,2.68367624,0.525,4561,317,48.5,0.9991088,0.525,4574,263,48.5,0.9370734,0.525,63.3750076,60.3750038,99.99749,512,-1,485.785156,485.5,0.28515625,0.5,7618.451,7618.951,0,0,0,0,0,0,0,0,0,0,0,0,512,600,1200,3000,59,1.06000006,1.30500007,0,22,17,64,2820,10451.9824,1534,1534,49,49,99,54,0,2,91.978,92.751,1.085,11580.0625,425.898438,94.90712,0,0,0,0.0124264834,0,0,0,0,0,0,0,0,0,75.375,72,16376,4496,11879,72.545,261.573,1.02474957E+09,185699328,28.3351135,8.54565048,76.82898,10.2947464,4.58601761,69.18157,46.75,0.25,0,55,0,85,0.416,1.01,16,16,16,32,48,30,295,160,130,0,0,0,16,45.75,0.25,0,55,0,85,0.416,1.01,16,16,16,32,48,30,295,160,130,0,0,0,16
05/26/2026 23:52:59,58,66,0,66,72,67,67,67,67,81,12.048,5.02000046,1.30600011,1.39200008,1.03800011,0.362000018,0.592,3.28000021,2.046,0,3.36800027,3.364,3.11200023,63,51.5,52.5,50.5,1317,851,0,998,939,0,0,0,0,0,39.68,12.7,7.94,6.35,12.7,38.1,1.59,3.17,15.28,39.68,43.6963577,4236,1103,5050,2041,50.5,2.35555816,0.50625,5050,1196,50.5,1.91783464,0.50625,5020,665,50.5,1.40283108,0.50625,3307,514,33.6666679,1.20361161,0.50625,3983,833,40.4,1.60037279,0.50625,5025,2884,50.25,2.734393,0.525,3199,350,33.5,1.02211833,0.525,3257,341,33.5,0.9773536,0.525,63.3750076,57.5000038,99.99749,512,-1,485.785156,485.5,0.28515625,0.5,7618.451,7618.951,0,0,0,0,0,0,0,0,0,0,0,0,512,600,1200,3000,59,1.04500008,1.30500007,0,4,16,63,2820,10451.9824,1537,1536,49,49,99,53,0,2,92.483,88.837,1.085,11580.0625,425.898438,94.6282,0,0,0,0.0142358476,0,0,0,0,0,0,0,0,0,75.59375,72,16376,4496,11879,72.545,263.12,1.1956992E+09,2.172498E+08,28.3670044,8.51376,76.91545,10.3234253,4.55733871,69.3743,46.75,0.25,0,55,0,85,0.416,1.01,16,16,16,32,48,30,295,160,130,0,0,0,16,45.75,0.25,0,55,0,85,0.416,1.01,16,16,16,32,48,30,295,160,130,0,0,0,16
05/26/2026 23:53:01,58,66,0,66,72,67,67,67,67,81,12.0720005,5.02000046,1.30800009,1.39200008,1.034,0.352000028,0.592,3.28000021,2.046,0,3.364,3.364,3.11200023,63,51.5,52.5,51,1311,851,0,980,938,0,0,0,0,0,39.68,19.05,7.94,12.7,17.46,49.21,4.76,4.76,19.44,49.21,43.9248428,4139,1118,3940,2123,39.4,2.44231153,0.53125,5000,1369,50,2.07073975,0.54375,3916,663,40,1.43029249,0.55,3847,446,40,1.18454063,0.55,3929,834,40,1.63884318,0.55,4975,2926,49.75,2.74499464,0.53125,3717,301,39.8,1.01039207,0.53125,3790,278,39.8,0.9564849,0.53125,63.3750076,59.3750038,99.99748,512,-1,485.785156,485.5,0.28515625,0.5,7618.451,7618.951,0,0,0,0,0,0,0,0,0,0,0,0,512,600,1200,3000,59,0.984,1.30500007,0,6,17,64,2820,10451.9824,1538,1541,49,49,99,54,0,2,91.276,91.149,1.085,11580.0625,426.1289,94.44007,0,0,0,0.0119880084,0,0,0,0,0,0.008061081,0,0,0,74.34375,72,16376,4496,11879,72.545,262.369,7.012997E+08,3.552E+08,28.3382,8.542564,76.83734,10.29649,4.58427429,69.19328,46.75,0.25,0,55,0,85,0.416,1.01,16,16,16,32,48,30,295,160,130,0,0,0,16,45.75,0.25,0,55,0,85,0.416,1.01,16,16,16,32,48,30,295,160,130,0,0,0,16
05/26/2026 23:53:03,58,66,0,66,72,67,67,67,67,81,12.0720005,5.02000046,1.30800009,1.39200008,1.044,0.36,0.590000033,3.28400016,2.046,0,3.364,3.364,3.11200023,63,51.5,52.5,51,1318,883,0,1000,939,0,0,0,0,0,42.19,20.31,17.19,9.38,18.75,53.12,9.38,4.69,21.88,53.12,44.09242,3730,1094,3960,2005,39.6,2.379465,0.53125,4925,1303,49.25,2.01905227,0.53125,3227,605,33.3333321,1.39520216,0.5375,3230,478,33.3333321,1.19716549,0.5375,3271,828,33.3333321,1.638989,0.5375,4975,2971,49.75,2.789209,0.54375,3116,316,33.1666679,1.01854813,0.54375,3132,249,33.1666679,0.945250332,0.54375,63.5000076,59.8750038,99.99749,512,-1,485.785156,485.5,0.28515625,0.5,7618.451,7618.951,0,0,0,0,0,0,0,0,0,0,0,0,512,600,1200,3000,59,0.979000032,1.30500007,0,7,17,64,2820,10451.9824,1543,1544,49,49,99,54,0,2,92.728,90.742,1.085,11580.0625,426.1289,94.82185,0,0,0,0.0136175128,0,0,0,0,0,0,0,0,0,75.28125,72,16376,4496,11879,72.545,261.059,1.1286999E+09,281099264,28.36697,8.513794,76.91535,10.3204269,4.560337,69.35415,46.75,0.25,0,55,0,85,0.416,1.01,16,16,16,32,48,30,295,160,130,0,0,0,16,45.75,0.25,0,55,0,85,0.416,1.01,16,16,16,32,48,30,295,160,130,0,0,0,16
05/26/2026 23:53:05,58,66,0,66,72,67,67,67,67,81,12.048,5.02000046,1.30800009,1.39200008,1.04000008,0.368000031,0.590000033,3.27600026,2.046,0,3.364,3.364,3.11200023,63,51.5,52.5,50.5,1305,883,0,994,915,0,0,0,0,0,40.62,14.06,7.81,9.38,15.62,59.38,4.69,4.69,19.53,59.38,44.5405,3543,1080,4000,1905,40,2.29540586,0.5125,3333,1137,33.3333321,1.90680039,0.5125,3201,608,33.3333321,1.36959314,0.5125,3247,491,33.3333321,1.17817044,0.5125,3248,836,33.3333321,1.61797523,0.5125,5000,3082,50,2.81850982,0.5125,3127,301,33.3333321,1.00231028,0.5125,3188,279,33.3333321,0.9737364,0.5125,63.6250076,61.7500038,99.99749,512,-1,485.785156,485.5,0.28515625,0.5,7618.451,7618.951,0,0,0,0,0,0,0,0,0,0,0,0,512,600,1200,3000,59,1.064,1.30500007,0,3,17,64,2820,10451.9824,1545,1547,49,49,99,54,0,2,93.485,92.106,1.085,11580.0625,426.1289,94.57199,0,0,0,0.0134952124,0,0,0,0,0,0,0,0,0,76.5,72,16376,4496,11879,72.545,262.413,7.399496E+08,3.119493E+08,28.3663979,8.514366,76.9138,10.3227768,4.557987,69.36994,46.75,0.25,0,55,0,85,0.416,1.01,16,16,16,32,48,30,295,160,130,0,0,0,16,45.75,0.25,0,55,0,85,0.416,1.01,16,16,16,32,48,30,295,160,130,0,0,0,16
05/26/2026 23:53:07,58,66,0,66,72,67,67,67,67,81,12.0720005,5.02000046,1.30800009,1.39200008,1.03800011,0.352000028,0.590000033,3.27600026,2.046,0,3.36800027,3.364,3.11600018,63,51.5,52.5,51,1304,883,0,981,939,0,0,0,0,0,48.44,18.75,7.81,15.62,17.19,64.06,10.94,7.81,23.83,64.06,43.8762131,4115,1073,5000,1992,50,2.30038857,0.525,5000,1196,50,1.92321312,0.525,3889,602,40,1.3514359,0.525,3914,498,40,1.18492007,0.525,4866,800,50,1.58016825,0.525,4000,2918,40,2.71987915,0.525,3119,320,33.3333321,1.02063274,0.525,3130,255,33.3333321,0.9276554,0.525,63.5000076,61.2500038,99.99749,512,-1,485.785156,485.5,0.28515625,0.5,7618.451,7618.951,0,0,0,0,0,0,0,0,0,0,0,0,512,600,1200,3000,59,1.069,1.30500007,0,26,18,65,2820,10451.9824,1547,1548,49,49,99,54,0,2,92.767,92.409,1.085,11580.0625,426.1289,94.58784,0,0,0,0.011923803,0,0,0,0,0,0,0,0,0,76.53125,72,16376,4496,11879,72.545,263.15,8.808499E+08,317399040,28.3329086,8.547855,76.823,10.2948532,4.585911,69.18229,46.75,0.25,0,55,0,85,0.416,1.01,16,16,16,32,48,30,295,160,130,0,0,0,16,45.75,0.25,0,55,0,85,0.416,1.01,16,16,16,32,48,30,295,160,130,0,0,0,16
05/26/2026 23:53:09,58,66,0,66,72,67,67,67,67,81,12.048,5.02000046,1.30800009,1.39200008,1.036,0.366000026,0.590000033,3.27600026,2.046,0,3.364,3.364,3.11200023,63,51.5,52.5,51,1311,883,0,996,941,0,0,0,0,0,41.54,10.77,7.69,4.62,12.31,53.85,3.08,3.08,17.12,53.85,43.71088,3812,1043,4020,1907,40.2,2.275858,0.525,4020,1108,40.2,1.87152791,0.525,4826,607,50.25,1.35497642,0.525,3230,444,33.5,1.130915,0.525,3249,781,33.5,1.55231726,0.525,4950,2936,49.5,2.71876,0.54375,3104,310,33,0.9947454,0.54375,3095,252,33,0.923149467,0.54375,63.3750076,57.5000038,99.9975,512,-1,485.785156,485.5,0.28515625,0.5,7618.451,7618.951,0,0,0,0,0,0,0,0,0,0,0,0,512,600,1200,3000,59,0.979000032,1.30500007,0,4,17,64,2820,10451.9824,1548,1550,49,49,99,54,0,2,91.474,93.715,1.085,11580.0625,426.1289,94.75353,0,0,0,0.0118637374,0,0,0,0,0,0,0,0,0,76.625,72,16376,4496,11879,72.545,262.306,1.28534938E+09,276899840,28.3600883,8.520676,76.8967,10.3230057,4.55775833,69.3714752,46.75,0.25,0,55,0,85,0.416,1.01,16,16,16,32,48,30,295,160,130,0,0,0,16,45.75,0.25,0,55,0,85,0.416,1.01,16,16,16,32,48,30,295,160,130,0,0,0,16
05/26/2026 23:53:11,58,66,0,66,72,67,67,67,67,81,12.0720005,5.02000046,1.30800009,1.39200008,1.042,0.358,0.592,3.27600026,2.046,0,3.364,3.364,3.11200023,63,51.5,52.5,51,1315,851,0,979,939,0,0,0,0,0,36.92,26.56,15.62,15.38,16.92,64.06,9.23,4.62,23.67,64.06,43.63471,3867,1080,4000,1969,40,2.27204514,0.6125,4000,1242,40,1.960218,0.6125,3909,643,40,1.37179136,0.55625,3855,463,40,1.16652894,0.55625,3868,790,40,1.57728028,0.55625,5000,2941,50,2.75986314,0.525,3144,329,33.3333321,1.02380776,0.525,3159,261,33.3333321,0.928087056,0.525,63.5000076,58.0000038,99.99749,512,-1,485.785156,485.5,0.28515625,0.5,7618.451,7618.951,0,0,0,0,0,0,0,0,0,0,0,0,512,600,1200,3000,59,1.05000007,1.30500007,0,9,17,64,2820,10451.9824,1555,1555,49,49,99,54,0,2,91.509,88.101,1.085,11580.0625,419.636719,93.99411,0,0,0,0.0145897521,0,0,0,0,0,0,0,0,0,76.3125,72,16376,4496,11879,72.545,261.765,1.33569946E+09,306749440,28.3306046,8.550159,76.81675,10.2941856,4.58657837,69.1778,46.75,0.25,0,55,0,85,0.416,1.01,16,16,16,32,48,30,295,160,130,0,0,0,16,45.75,0.25,0,55,0,85,0.416,1.01,16,16,16,32,48,30,295,160,130,0,0,0,16
05/26/2026 23:53:13,58,66,0,66,72,67,67,67,67,81,12.048,5.02000046,1.30800009,1.39200008,1.03800011,0.356,0.590000033,3.27600026,2.046,0,3.364,3.364,3.11200023,63,51.5,52.5,51,1311,851,0,997,939,0,0,0,0,0,44.62,21.54,13.85,4.62,16.92,49.23,4.62,0,19.42,49.23,43.5899429,4350,1078,4975,1971,49.75,2.29360819,0.53125,4975,1178,49.75,1.92207241,0.53125,3894,647,39.8,1.38904059,0.53125,4816,463,49.75,1.17021513,0.53125,4886,812,49.75,1.60298014,0.53125,4925,2944,49.25,2.7307322,0.525,3135,325,33.1666679,1.03037059,0.5375,3192,285,33.5,0.958672643,0.5375,63.5000076,60.8750038,99.99749,512,-1,485.785156,485.5,0.28515625,0.5,7618.451,7618.951,0,0,0,0,0,0,0,0,0,0,0,0,512,600,1200,3000,59,0.969000041,1.30500007,0,6,17,64,2820,10451.9824,1557,1558,50,50,99,54,0,2,92.55,89.678,1.085,11580.0625,419.636719,94.19593,0,0,0,0.0135434223,0,0,0,0,0,0,0,0,0,77.03125,72,16376,4496,11879,72.545,262.755,1.07734938E+09,235949056,28.3598747,8.520889,76.89612,10.3190384,4.56172562,69.34482,46.75,0.25,0,55,0,85,0.416,1.01,16,16,16,32,48,30,295,160,130,0,0,0,16,45.75,0.25,0,55,0,85,0.416,1.01,16,16,16,32,48,30,295,160,130,0,0,0,16
05/26/2026 23:53:15,58,66,0,66,72,67,67,67,67,81,12.048,5.02000046,1.30800009,1.39200008,1.04000008,0.352000028,0.590000033,3.27600026,2.046,0,3.364,3.364,3.11200023,63,51.5,52.5,51,1302,850,0,996,939,0,0,0,0,0,39.06,21.88,18.75,10.94,23.44,50,3.12,9.38,22.07,50,43.6622925,4262,1071,3900,1904,39,2.25699,0.5625,4875,1197,48.75,1.93581331,0.5625,4758,631,48.75,1.38734734,0.5625,4706,467,48.75,1.17207038,0.5625,4739,802,48.75,1.61207342,0.5625,4925,3014,49.25,2.78015351,0.5625,3092,300,32.8333321,1.00840008,0.55,3104,253,32.8333321,0.9272416,0.55,63.6250076,65.125,99.99749,512,-1,485.785156,485.5,0.28515625,0.5,7618.451,7618.951,0,0,0,0,0,0,0,0,0,0,0,0,512,600,1200,3000,59,1.069,1.30500007,0,20,17,63,2820,10451.9824,1556,1557,50,50,99,54,0,2,91.774,90.807,1.085,11580.0625,421.824219,95.1478043,0,0,0,0.0125922123,0,0,0,0,0,0.03420317,0,0,0,76.46875,72,16376,4496,11879,72.545,263.077,7.464499E+08,343749632,28.329937,8.550827,76.81494,10.2908707,4.58989334,69.1555252,46.75,0.25,0,55,0,85,0.416,1.01,16,16,16,32,48,30,295,160,130,0,0,0,16,45.75,0.25,0,55,0,85,0.416,1.01,16,16,16,32,48,30,295,160,130,0,0,0,16
05/26/2026 23:53:17,58,66,0,66,72,67,67,67,67,81,12.048,5.02000046,1.30800009,1.39200008,1.04000008,0.354,0.590000033,3.27600026,2.046,0,3.364,3.364,3.11200023,64,51.5,52.5,51,1298,851,0,1002,938,0,0,0,0,0,44.44,22.22,4.76,6.35,11.11,49.21,3.12,3.12,18.04,49.21,43.5172958,4102,1105,4950,2165,49.5,2.46440148,0.525,3960,1274,39.6,1.91570044,0.525,3879,622,39.6,1.30343366,0.525,4848,484,49.5,1.11055255,0.525,3963,835,40.2,1.54280245,0.525,4975,2885,49.75,2.87253237,0.54375,3110,301,33.1666679,0.9136171,0.525,3127,276,33.1666679,0.859810948,0.525,64.75001,57.5000038,99.99749,512,-1,485.785156,485.5,0.28515625,0.5,7618.451,7618.951,0,0,0,0,0,0,0,0,0,0,0,0,512,600,1200,3000,60,1.05500007,1.30500007,0,7,17,61,2820,10451.9824,1557,1558,50,50,99,55,0,2,93.155,94.026,1.085,11580.0625,425.5,81.36309,0,0,0,0.0122416392,0,0,0,0,0,0.0543737821,0,0,0,75.6875,72,16376,4496,11879,72.545,237.456,1.00259942E+09,3.259996E+08,28.3333969,8.547367,76.8243256,10.2967491,4.584015,69.19503,46.75,0.25,0,55,0,85,0.416,1.01,16,16,16,32,48,30,295,160,130,0,0,0,16,45.75,0.25,0,55,0,85,0.416,1.01,16,16,16,32,48,30,295,160,130,0,0,0,16
05/26/2026 23:53:19,59,66,0,66,72,68,68,68,68,82,12.048,5.02000046,1.30600011,1.39200008,1.03800011,0.352000028,0.590000033,3.28000021,2.046,0,3.364,3.364,3.11200023,64,51.5,52.5,51,1320,851,0,997,915,0,0,0,0,0,33.85,21.54,13.85,4.62,4.62,58.46,6.15,6.15,18.65,58.46,43.67815,3998,1095,4850,1932,48.5,2.39772844,0.51875,4850,1199,48.5,1.96190464,0.51875,3125,618,32.3333321,1.38091433,0.51875,3095,444,32.3333321,1.15809715,0.51875,4695,763,48.5,1.58872557,0.51875,5025,3226,50.25,2.8906033,0.5375,3152,310,33.5,0.988498449,0.5375,3195,270,33.5,0.9234082,0.5375,64.50001,58.0000038,99.9975,512,-1,485.785156,485.5,0.28515625,0.5,7618.451,7618.951,0,0,0,0,0,0,0,0,0,0,0,0,512,600,1200,3000,59,1.05000007,1.30500007,0,14,17,64,2820,10451.9824,1561,1561,50,50,99,56,0,2,93.305,91.128,1.085,11580.0625,426.949219,94.66274,0,0,0,0.0129697984,0,0,0,0,0,0.0216485467,0,0,0,75.8125,72,16376,4496,11879,72.545,265.069,8.8E+08,341399552,28.3340645,8.5467,76.82613,10.2975235,4.58324051,69.20023,46.75,0.25,0,55,0,85,0.416,1.01,16,16,16,32,48,30,295,160,130,0,0,0,16,45.75,0.25,0,55,0,85,0.416,1.01,16,16,16,32,48,30,295,160,130,0,0,0,16
05/26/2026 23:53:21,60,66,0,67,73,68,68,68,68,82,12.048,5.02000046,1.30600011,1.39200008,1.042,0.364000022,0.590000033,3.27600026,2.046,0,3.364,3.364,3.11200023,64,51.5,52.5,51,1330,851,0,1002,942,0,0,0,0,0,49.21,20.63,11.11,7.94,17.46,55.56,6.35,6.35,21.83,55.56,44.0459251,4053,1125,3920,2198,39.2,2.4566884,0.525,5000,1311,50,2.036222,0.5375,3246,667,33.3333321,1.41109657,0.5375,3848,507,39.8,1.2228024,0.55,3870,841,39.8,1.61620665,0.55,4950,2770,49.5,2.80775857,0.55,3771,368,39.6,1.05168962,0.55,3819,338,39.6,1.000753,0.55,64.50001,60.3750038,99.99749,512,-1,485.785156,485.5,0.28515625,0.5,7618.451,7618.951,0,0,0,0,0,0,0,0,0,0,0,0,512,600,1200,3000,59,0.979000032,1.30500007,0,7,17,64,2820,10451.9824,1562,1560,50,50,96,54,0,2,92.937,92.84,1.085,11580.0625,428.136719,90.4593,0,0,0,0.0116085624,0,0,0,0,0,0.0182922818,0,0,0,74.59375,72,16376,4496,11879,72.545,261.409,1.3523497E+09,363449344,28.3383865,8.542377,76.83785,10.2984924,4.58227158,69.20674,46.75,0.25,0,55,0,85,0.416,1.01,16,16,16,32,48,30,295,160,130,0,0,0,16,45.75,0.25,0,55,0,85,0.416,1.01,16,16,16,32,48,30,295,160,130,0,0,0,16
05/26/2026 23:53:23,60,66,0,67,73,68,68,68,68,82,12.048,5.02000046,1.30600011,1.39200008,1.044,0.356,0.590000033,3.27600026,2.046,0,3.36000013,3.36000013,3.11200023,64,51.5,52.5,51,1342,883,0,992,951,0,0,0,0,0,49.23,32.31,16.92,10.77,18.46,56.92,9.23,6.15,25,56.92,43.83487,4067,1098,4925,2154,49.25,2.43887281,0.525,4925,1205,49.25,1.93891263,0.525,3810,628,39.4,1.39074326,0.525,3216,513,32.8333321,1.22044468,0.525,3856,809,39.4,1.5842315,0.525,4925,2841,49.25,2.71797061,0.525,3700,303,39.4,0.9887807,0.525,3176,332,32.8333321,0.977180958,0.525,64.12501,59.3750038,99.99749,512,-1,485.785156,485.5,0.28515625,0.5,7618.451,7618.951,0,0,0,0,0,0,0,0,0,0,0,0,512,600,1200,3000,59,1.04000008,1.30500007,0,14,18,63,2820,10451.9824,1561,1563,50,50,99,57,0,2,92.039,94.216,1.085,11580.0625,428.136719,94.50311,0,0,0,0.01305337,0,0,0,0,0,0,0,0,0,74.78125,72,16376,4496,11879,72.545,264.428,1.25274931E+09,3.98549E+08,28.3650322,8.515732,76.9100952,10.3292274,4.55153656,69.4132843,46.75,0.25,0,55,0,85,0.416,1.01,16,16,16,32,48,30,295,160,130,0,0,0,16,45.75,0.25,0,55,0,85,0.416,1.01,16,16,16,32,48,30,295,160,130,0,0,0,16
05/26/2026 23:53:25,60,66,0,67,73,68,68,68,68,82,12.048,5.01,1.30600011,1.39200008,1.03000009,0.354,0.590000033,3.27600026,2.046,0,3.364,3.364,3.11200023,63,51.5,52.5,51,1346,883,0,994,954,0,0,0,0,0,68.75,29.69,9.38,7.81,15.62,54.69,12.5,6.25,25.59,68.75,43.65332,4090,1090,4975,2212,49.75,2.42753935,0.55,4975,1271,49.75,1.9550308,0.55,3845,629,39.8,1.37237418,0.55,3834,440,39.8,1.14077127,0.55,3843,766,39.8,1.5657872,0.55,4975,2752,49.75,2.70094013,0.53125,3141,360,33.1666679,1.03997445,0.53125,3130,294,33.1666679,0.942308962,0.53125,64.00001,63.2500038,99.99749,512,-1,485.785156,485.5,0.28515625,0.5,7618.451,7618.951,0,0,0,0,0,0,0,0,0,0,0,0,512,600,1200,3000,59,1.064,1.30500007,0,8,17,63,2820,10451.9824,1561,1563,50,50,99,55,0,2,91.916,94.03,1.085,11580.0625,428.136719,94.0831451,0,0,0,0.0123972436,0,0,0,0,0,0,0,0,0,76.5,72,16376,4496,11879,72.545,262.876,1.21909965E+09,286999552,28.334671,8.546093,76.827774,10.3011093,4.57965469,69.2243347,46.75,0.25,0,55,0,85,0.416,1.01,16,16,16,32,48,30,295,160,130,0,0,0,16,45.75,0.25,0,55,0,85,0.416,1.01,16,16,16,32,48,30,295,160,130,0,0,0,16
05/26/2026 23:53:27,60,66,0,67,73,68,68,68,68,82,12.0720005,5.02000046,1.30800009,1.39200008,1.04000008,0.358,0.590000033,3.28000021,2.046,0,3.364,3.364,3.11200023,64,51.5,52.5,51,1317,882,0,1012,934,0,0,0,0,0,68.75,18.75,14.06,10.94,10.94,56.25,10.94,10.94,25.2,68.75,44.3212738,3816,1098,3600,2238,36,2.48620033,0.86875,3600,1233,36,1.95796525,0.86875,3544,639,36,1.40967834,0.86875,3481,458,36,1.16676474,0.86875,3523,790,36,1.59888411,0.86875,3600,2775,36,2.70457721,0.86875,4589,372,48.5,1.07625365,0.91875,4591,283,48.5,0.954532743,0.91875,64.00001,60.8750038,99.99749,512,-1,485.785156,485.5,0.28515625,0.5,7618.451,7618.951,0,0,0,0,0,0,0,0,0,0,0,0,512,600,1200,3000,59,1.04500008,1.30500007,0,9,17,63,2820,10451.9824,1565,1565,50,50,99,56,0,2,93.102,94.874,1.085,11580.0625,428.136719,94.52814,0,0,0,0.01244488,0,0,0,0,0,0,0,0,0,77.78125,72,16376,4496,11879,72.545,264.441,1.28124928E+09,424649728,28.3642159,8.516548,76.90788,10.3284187,4.55234528,69.40785,46.75,0.25,0,55,0,85,0.416,1.01,16,16,16,32,48,30,295,160,130,0,0,0,16,45.75,0.25,0,55,0,85,0.416,1.01,16,16,16,32,48,30,295,160,130,0,0,0,16
05/26/2026 23:53:29,60,66,0,67,73,68,68,68,68,82,12.048,5.02000046,1.30800009,1.39200008,1.044,0.358,0.590000033,3.27600026,2.046,0,3.364,3.364,3.11200023,64,51.5,52.5,51,1346,883,0,1006,954,0,0,0,0,0,39.06,21.88,14.06,12.31,18.75,56.25,3.08,3.08,21.06,56.25,44.45376,4362,1118,5000,2165,50,2.48532677,0.51875,5000,1236,50,1.99790549,0.51875,3891,656,40,1.44448423,0.51875,4866,495,50,1.23675871,0.51875,4939,820,50.25,1.631812,0.53125,4950,2910,49.5,2.81193447,0.525,3083,354,33,1.04134214,0.525,3166,306,33,0.970583,0.525,64.00001,62.7500038,99.99749,512,-1,485.785156,485.5,0.28515625,0.5,7618.451,7618.951,0,0,0,0,0,0,0,0,0,0,0,0,512,600,1200,3000,58,0.974000037,1.30500007,0,7,17,64,2820,10451.9824,1569,1568,50,50,99,56,0,2,92.845,94.271,1.085,11580.0625,428.394531,94.13502,0,0,0,0.0112580778,0,0,0,0,0,0.0101392008,0,0,0,78.125,72,16376,4496,11879,72.545,264.542,1.37299968E+09,287049728,28.362442,8.518322,76.9030762,10.3300476,4.5507164,69.4188,46.75,0.25,0,55,0,85,0.416,1.01,16,16,16,32,48,30,295,160,130,0,0,0,16,45.75,0.25,0,55,0,85,0.416,1.01,16,16,16,32,48,30,295,160,130,0,0,0,16
05/26/2026 23:53:31,60,66,0,67,74,69,69,69,69,83,12.048,5.02000046,1.30800009,1.39200008,1.028,0.358,0.590000033,3.28000021,2.046,0,3.364,3.364,3.11200023,65,51.5,52.5,51,1342,883,0,995,956,0,0,0,0,0,38.81,23.88,14.93,5.97,14.93,52.24,8.96,5.97,20.71,52.24,44.13967,4509,1060,4975,2167,49.75,2.402527,0.53125,4975,1161,49.75,1.82992291,0.53125,4818,578,49.75,1.25712585,0.53125,4798,455,49.75,1.07947719,0.53125,3879,704,40.2,1.45257378,0.53125,5025,2830,50.25,2.82526088,0.53125,3796,329,40.2,0.9373068,0.53125,3806,258,40.2,0.840041,0.53125,65.00001,58.0000038,99.9975,512,-1,485.785156,485.5,0.28515625,0.5,7618.451,7618.951,0,0,0,0,0,0,0,0,0,0,0,0,512,600,1200,3000,59,1.069,1.30500007,0,19,17,64,2820,10451.9824,1570,1567,50,50,99,56,0,2,93.897,93.312,1.085,11580.0625,428.523438,88.47049,0,0,0,0.0126477648,0,0,0,0,0,0,0,0,0,76.625,72,16376,4496,11879,72.545,251.308,590099456,406849536,28.36988,8.510883,76.92325,10.3364067,4.5443573,69.46153,46.75,0.25,0,55,0,85,0.416,1.01,16,16,16,32,48,30,295,160,130,0,0,0,16,45.75,0.25,0,55,0,85,0.416,1.01,16,16,16,32,48,30,295,160,130,0,0,0,16
05/26/2026 23:53:33,60,66,0,67,74,68,68,68,68,82,12.048,5.02000046,1.30600011,1.39200008,1.04000008,0.352000028,0.590000033,3.27600026,2.046,0,3.364,3.364,3.11200023,64,51.5,52.5,51,1359,883,0,1015,939,0,0,0,0,0,44.44,20.63,17.46,15.87,14.29,52.38,6.35,11.11,22.82,52.38,44.0699158,4129,1083,3920,2158,39.2,2.3745718,0.525,5000,1214,50,1.93680191,0.5375,3824,575,39.8,1.34101963,0.53125,3853,470,39.8,1.17643273,0.53125,3907,789,39.8,1.56501663,0.53125,4975,2833,49.75,2.69427681,0.53125,3752,348,39.8,1.01225543,0.53125,3798,279,39.8,0.9281406,0.53125,64.37501,61.2500038,99.99749,512,-1,485.785156,485.5,0.28515625,0.5,7618.451,7618.951,0,0,0,0,0,0,0,0,0,0,0,0,512,600,1200,3000,59,1.05500007,1.30500007,0,13,17,65,2820,10451.9824,1572,1572,50,50,99,56,0,2,92.736,94.659,1.085,11580.0625,428.523438,94.8607941,0,0,0,0.012253372,0,0,0,0,0,0,0,0,0,75.3125,72,16376,4496,11879,72.545,264.856,5.821491E+08,387099648,28.36536,8.515404,76.91099,10.3332138,4.54755,69.44008,46.75,0.25,0,55,0,85,0.416,1.01,16,16,16,32,48,30,295,160,130,0,0,0,16,46,0.25,0,55,0,85,0.416,1.01,16,16,16,32,48,30,295,160,130,0,0,0,16
05/26/2026 23:53:35,60,66,0,67,73,68,68,68,68,82,12.0720005,5.02000046,1.30600011,1.39200008,1.03200006,0.358,0.590000033,3.28000021,2.046,0,3.364,3.364,3.11200023,64,51.5,52.5,51,1336,883,0,1012,939,0,0,0,0,0,48.44,26.56,14.06,12.7,17.19,54.69,12.5,7.81,24.24,54.69,44.3119774,4155,1101,5025,2179,50.25,2.43534732,0.53125,5025,1192,50.25,1.91542649,0.53125,3928,638,40.2,1.39534044,0.53125,3940,509,40.2,1.199874,0.53125,3924,780,40.2,1.581323,0.53125,5025,2829,50.25,2.72762847,0.53125,3154,355,33.5,1.0253756,0.53125,3217,329,33.5,0.9788991,0.53125,64.25001,58.0000038,99.99748,512,-1,485.785156,485.5,0.28515625,0.5,7618.451,7618.951,0,0,0,0,0,0,0,0,0,0,0,0,512,600,1200,3000,59,1.05500007,1.30500007,0,11,17,64,2820,10451.9824,1569,1573,50,50,99,55,0,2,93.487,91.71,1.085,11580.0625,428.523438,94.10675,0,0,0,0.0124688121,0,0,0,0,0,0,0,0,0,76.78125,72,16376,4496,11879,72.545,265.581,1.15479962E+09,3.619492E+08,28.3331451,8.547619,76.82364,10.3029137,4.57785034,69.23646,46.75,0.25,0,55,0,85,0.416,1.01,16,16,16,32,48,30,295,160,130,0,0,0,16,46,0.25,0,55,0,85,0.416,1.01,16,16,16,32,48,30,295,160,130,0,0,0,16
05/26/2026 23:53:37,60,66,0,67,73,68,68,68,68,82,12.048,5.02000046,1.30800009,1.39200008,1.03800011,0.364000022,0.590000033,3.28000021,2.046,0,3.364,3.364,3.11200023,65,51.5,52.5,51,1348,851,0,1008,936,0,0,0,0,0,54.55,18.18,9.09,9.09,12.12,56.06,4.55,4.55,21.02,56.06,43.108036,3927,1019,5025,2550,50.25,2.67381573,0.5125,4020,1019,40.2,1.64614379,0.5125,3259,515,33.5,1.10206389,0.5125,3230,372,33.5,0.928131163,0.5125,3870,578,40.2,1.239781,0.5125,5050,2622,50.5,2.6052227,0.525,3157,268,33.6666679,0.7902026,0.525,3805,225,40.4,0.695926249,0.5375,65.12501,58.0000038,99.9975,512,-1,485.785156,485.5,0.28515625,0.5,7618.451,7618.951,0,0,0,0,0,0,0,0,0,0,0,0,512,600,1200,3000,59,0.965000033,1.30500007,0,7,17,65,2835,10451.9824,1573,1573,50,50,2,1,0,0,22.467,22.338,1.09,11584.0156,430.726563,69.51894,0,0,0,0.02591954,0,0,0,0,0,0.1993746,0,0,0,66.84375,70,16376,4492,11883,72.569046,264.943,3499008,0,28.8446426,8.036121,78.21053,10.33947,4.541294,69.48212,46.75,0.25,0,55,0,85,0.416,1.01,16,16,16,32,48,30,295,160,130,0,0,0,16,46,0.25,0,55,0,85,0.416,1.01,16,16,16,32,48,30,295,160,130,0,0,0,16
05/26/2026 23:53:39,61,66,0,67,74,69,69,70,70,84,12.0960007,5.02000046,1.30800009,1.39200008,1.05800009,0.356,0.590000033,3.28000021,2.046,0,3.364,3.364,3.11200023,68,51.5,52.5,51,1343,851,0,1017,935,0,0,0,0,0,45.31,4.69,1.54,1.54,0,62.5,3.08,0,14.83,62.5,39.7212029,4132,725,4020,2344,40.2,2.25376964,0.51875,4011,272,40.2,0.3941445,0.51875,4515,82,50.25,0.132871523,0.53125,3571,65,40.2,0.10743732,0.53125,4721,122,50.5,0.175912127,0.51875,5025,2827,50.25,2.73076487,0.51875,3602,47,40.2,0.112249561,0.51875,3587,42,40.2,0.106563561,0.51875,68.87501,57.5000038,99.99748,512,-1,485.785156,485.5,0.28515625,0.5,7618.451,7618.951,0,0,0,0,0,0,0,0,0,0,0,0,512,600,1200,3000,59,1.05500007,1.30500007,0,5,17,52,2670,10451.9824,1576,1579,50,50,0,1,0,0,17.391,18.688,0.975,11584.0156,430.726563,0,0,0,0,0,0,0,0,0,0,0,0,0,0,63.09375,66,16376,4492,11883,72.569046,63.122,7.172997E+08,3.12149E+08,29.0585327,7.82223129,78.79048,10.4968681,4.383896,70.53985,46.75,0.25,0,55,0,85,0.416,1.01,16,16,16,32,48,30,295,160,130,0,0,0,16,46,0.25,0,55,0,85,0.416,1.01,16,16,16,32,48,30,295,160,130,0,0,0,16
05/26/2026 23:53:41,62,66,0,68,75,73,73,74,74,87,12.0720005,5.02000046,1.30600011,1.39200008,1.036,0.366000026,0.590000033,3.27600026,2.046,0,3.364,3.364,3.11200023,67,51.5,52.5,51,1368,851,0,1000,936,0,0,0,0,0,34.38,17.19,9.38,4.69,3.12,54.69,3.12,1.56,16.02,54.69,44.5527267,3637,900,3980,2353,39.8,2.58411813,0.55625,3840,859,39.8,1.4648174,0.55625,3089,346,33.1666679,1.018953,0.55625,3059,277,33.1666679,0.9041696,0.55625,3062,418,33.1666679,1.09711075,0.55625,4975,2644,49.75,2.89987469,0.55,3518,161,39.8,0.7603771,0.55,3572,139,39.8,0.722871959,0.55,68.37501,59.3750038,99.99749,512,-1,485.785156,485.5,0.28515625,0.5,7618.451,7618.951,0,0,0,0,0,0,0,0,0,0,0,0,512,600,1200,3000,59,1.04500008,1.30500007,0,10,16,54,2835,10451.9824,1567,1570,49,49,42,28,0,0,48.323,50.119,1.085,11239.1094,576.8242,34.5422554,0,0,0,0.7006884,0,0,0,0,0,0.392479628,0,0,0,64.125,66,16376,4837,11538,70.4621048,93.259,8.764928E+07,27849728,28.5352554,8.345509,77.37165,10.7060852,4.174679,71.9458,47,0.25,0,55,0,85,0.416,1.01,16,16,16,32,48,30,295,160,130,0,0,0,16,46,0.25,0,55,0,85,0.416,1.01,16,16,16,32,48,30,295,160,130,0,0,0,16
05/26/2026 23:53:43,63,66,0,69,75,74,74,74,74,86,12.0960007,5.02000046,1.30800009,1.39200008,1.044,0.358,0.590000033,3.28000021,2.046,0,3.364,3.364,3.11200023,67,51.5,52.5,51,1384,851,0,1011,970,0,0,0,0,0,46.03,12.7,1.59,3.17,3.17,38.1,0,3.17,13.49,46.03,42.389534,3639,850,3980,2379,39.8,2.76401782,0.525,3866,850,39.8,1.46899474,0.525,3086,379,33.1666679,1.06699753,0.525,3093,246,33.1666679,0.9433402,0.525,3675,481,39.8,1.17400587,0.525,4975,2176,49.75,2.56056762,0.53125,3461,156,39,0.8333663,0.53125,2979,134,33.5,0.814013064,0.5375,67.12501,60.8750038,99.9975,512,-1,485.785156,485.5,0.28515625,0.5,7618.451,7618.951,0,0,0,0,0,0,0,0,0,0,0,0,512,600,1200,3000,59,1.06000006,1.30500007,0,14,17,53,2670,10451.9824,1549,1548,48,48,35,25,0,0,33.237,31.286,0.975,11239.1094,577.8711,30.2961235,0,0,0,0.1690274,0,0,0,0,0,0.020460682,0,0,0,62.75,66,16376,4837,11538,70.4621048,121.299,6.994944E+07,6.129971E+07,28.56152,8.319244,77.44286,10.7306557,4.15010834,72.1109161,47,0.25,0,55,0,85,0.416,1.01,16,16,16,32,48,30,295,160,130,0,0,0,16,46,0.25,0,55,0,85,0.416,1.01,16,16,16,32,48,30,295,160,130,0,0,0,16
05/26/2026 23:53:45,63,66,0,70,76,73,73,73,73,85,12.0720005,5.02000046,1.30600011,1.39200008,1.024,0.354,0.588,3.27600026,2.046,0,3.364,3.364,3.11200023,65,51.5,52.5,51,1393,851,0,1035,956,0,0,0,0,0,37.5,12.5,3.12,7.94,3.12,40.62,1.59,1.56,13.5,40.62,40.6610146,3847,713,4000,2076,40,2.366612,0.51875,4896,753,50,1.3340838,0.51875,3784,296,40.4,0.9451827,0.51875,3191,277,33.6666679,0.912299454,0.51875,3730,347,40.4,0.9908122,0.51875,5050,1674,50.5,1.94434273,0.51875,3067,149,33.6666679,0.772237062,0.51875,3060,134,33.6666679,0.7601764,0.51875,65.75001,57.7500038,99.99748,512,-1,485.785156,485.5,0.28515625,0.5,7618.451,7618.951,0,0,0,0,0,0,0,0,0,0,0,0,512,600,1200,3000,59,1.05000007,1.30500007,0,14,17,51,2670,10451.9824,1531,1530,47,47,37,26,0,0,33.869,32.221,0.975,11239.1094,577.8711,30.7163048,0,0,0,0.120774873,0,0,0,0,0,0,0,0,0,62.0625,66,16376,4837,11538,70.4621048,92.619,7.614976E+07,19449856,28.5321274,8.348637,77.36317,10.7060814,4.17468262,71.94578,47,0.25,0,55,0,85,0.416,1.01,16,16,16,32,48,30,295,160,130,0,0,0,16,46,0.25,0,55,0,85,0.416,1.01,16,16,16,32,48,30,295,160,130,0,0,0,16
05/26/2026 23:53:47,62,66,0,69,75,70,70,70,70,83,12.0960007,5.02000046,1.30600011,1.39200008,1.024,0.354,0.588,3.27600026,2.046,0,3.364,3.364,3.11200023,65,51.5,52.5,51,1393,883,0,1024,984,0,0,0,0,0,47.69,15.38,6.15,6.15,9.23,27.69,0,0,14.04,47.69,41.10357,3756,736,4950,2431,49.5,2.61035347,0.55,3940,726,39.6,1.32599854,0.55,3624,266,39.6,0.9301715,0.55,3099,272,33,0.9186106,0.55,3633,332,39.6,0.999003649,0.55,4950,1593,49.5,1.97104347,0.54375,2974,153,33,0.7816768,0.54375,2874,116,33,0.6381352,0.54375,65.25001,57.5000038,99.99749,512,-1,485.785156,485.5,0.28515625,0.5,7618.451,7618.951,0,0,0,0,0,0,0,0,0,0,0,0,512,600,1200,3000,59,1.064,1.30500007,0,14,17,51,2670,10451.9824,1510,1507,46,46,37,27,0,0,34.938,32.7,0.975,11239.1094,578.1367,31.0527687,0,0,0,0.2536164,0,0,0,0,0,0.020862123,0,0,0,61.59375,66,16376,4837,11538,70.4621048,99.384,8.134963E+07,29449216,28.5629768,8.317787,77.4468155,10.7349739,4.14579,72.13994,47,0.25,0,55,0,85,0.416,1.01,16,16,16,32,48,30,295,160,130,0,0,0,16,46,0.25,0,55,0,85,0.416,1.01,16,16,16,32,48,30,295,160,130,0,0,0,16
05/26/2026 23:53:49,62,66,0,68,75,70,70,70,70,83,12.0960007,5.02000046,1.30600011,1.39200008,1.016,0.350000024,0.588,3.28000021,2.046,0,3.364,3.364,3.11200023,64,51.5,52.5,51,1376,884,0,1019,960,0,0,0,0,0,46.88,18.75,6.25,6.25,6.25,34.38,1.56,9.38,16.21,46.88,41.0825958,3984,766,5050,2211,50.5,2.3843205,0.525,4018,833,40.2,1.41563809,0.53125,3750,335,40.2,0.9891613,0.53125,3751,306,40.2,0.9465427,0.53125,3704,390,40.2,1.044709,0.53125,4020,1385,40.2,1.78219974,0.53125,3556,156,40.2,0.7979302,0.53125,4020,509,40.2,1.05581343,0.53125,65.00001,57.5000038,99.99749,512,-1,485.785156,485.5,0.28515625,0.5,7618.451,7618.951,0,0,0,0,0,0,0,0,0,0,0,0,512,600,1200,3000,59,0.979000032,1.30500007,0,7,16,51,2670,10451.9824,1493,1486,46,46,35,26,0,0,33.559,35.727,0.975,11239.1094,578.1367,31.7244511,0,0,0,0.01196366,0,0,0,0,0,0,0,0,0,61.21875,66,16376,4837,11538,70.4621048,97.03,9.484902E+07,29349888,28.5351067,8.345657,77.37125,10.6817093,4.19905472,71.782,46.75,0.25,0,55,0,85,0.416,1.01,16,16,16,32,48,30,295,160,130,0,0,0,16,46,0.25,0,55,0,85,0.416,1.01,16,16,16,32,48,30,295,160,130,0,0,0,16
05/26/2026 23:53:51,61,66,0,67,74,69,69,68,68,82,12.0960007,5.02000046,1.30600011,1.39200008,1.014,0.362000018,0.590000033,3.28000021,2.046,0,3.364,3.364,3.11200023,64,51.5,52.5,51,1366,883,0,1010,955,0,0,0,0,0,34.38,17.19,17.19,6.15,7.81,37.5,0,0,15.03,37.5,40.85359,4099,716,5025,1701,50.25,2.02138662,0.51875,5000,823,50,1.38764715,0.51875,3799,359,40,1.00886428,0.51875,3010,212,33.3333321,0.846809447,0.51875,3732,355,40,1.009306,0.51875,5000,1979,50,2.14981627,0.51875,3554,135,40.4,0.763890445,0.525,3670,165,40.4,0.790946066,0.525,64.25001,60.8750038,99.99749,512,-1,485.785156,485.5,0.28515625,0.5,7618.451,7618.951,0,0,0,0,0,0,0,0,0,0,0,0,512,600,1200,3000,59,0.805000067,1.30500007,0,2,17,50,2670,10451.9824,1469,1462,44,44,35,26,0,0,32.809,28.415,0.975,11180.5547,424.1289,31.4193535,0,0,0,0.013357549,0,0,0,0,0,0.144825011,0,0,0,60.65625,64,16376,4895,11480,70.10641,93.464,9.269965E+07,28699648,28.53106,8.349705,77.3602753,10.6214333,4.25933075,71.37694,47,0.25,0,55,0,85,0.416,1.01,16,16,16,32,48,30,295,160,130,0,0,0,16,46,0.25,0,55,0,85,0.416,1.01,16,16,16,32,48,30,295,160,130,0,0,0,16
05/26/2026 23:53:53,60,66,0,66,73,68,68,68,68,82,12.0960007,5.02000046,1.30800009,1.39200008,1.026,0.358,0.588,3.28000021,2.046,0,3.36800027,3.364,3.11200023,64,51.5,52.5,51,1334,883,0,998,964,0,0,0,0,0,41.54,23.08,9.23,4.62,6.15,47.69,3.08,0,16.92,47.69,40.9630737,3781,749,4020,1773,40.2,2.13375759,0.54375,5025,780,50.25,1.37470281,0.54375,3742,347,40.2,1.00532866,0.54375,3073,243,33.5,0.8959229,0.54375,3662,335,40,1.00347984,0.53125,5000,2275,50,2.55727482,0.54375,2859,115,32.8333321,0.7582616,0.5375,2869,121,32.8333321,0.7696198,0.5375,64.37501,57.0000038,99.9975,512,-1,485.785156,485.5,0.28515625,0.5,7618.451,7618.951,0,0,0,0,0,0,0,0,0,0,0,0,512,600,1200,3000,58,0.979000032,1.30500007,0,7,16,50,2670,10451.9824,1431,1427,43,43,36,27,0,0,33.474,35.847,0.975,11180.5547,424.1289,32.8579826,0,0,0,0.251506448,0,0,0,0,0,0,0,0,0,60.21875,64,16376,4895,11480,70.10641,94.873,8.079974E+07,20849664,28.4753914,8.405373,77.2093353,10.6210976,4.25966644,71.37468,46.75,0.25,0,55,0,85,0.416,1.01,16,16,16,32,48,30,295,160,130,0,0,0,16,46,0.25,0,55,0,85,0.416,1.01,16,16,16,32,48,30,295,160,130,0,0,0,16
05/26/2026 23:53:55,60,66,0,67,73,68,68,68,68,82,12.0960007,5.02000046,1.30800009,1.39200008,1.006,0.350000024,0.590000033,3.28000021,2.046,0,3.364,3.364,3.11200023,64,51.5,52.5,51,1339,883,0,993,938,0,0,0,0,0,29.69,17.19,3.12,7.81,10.94,37.5,0,3.12,13.67,37.5,40.6419868,4161,706,3900,1706,39,2.05993867,0.5875,4875,830,48.75,1.38582575,0.5875,4541,287,48.75,0.936589539,0.5875,3575,238,39,0.877120137,0.5875,3725,417,39.2,1.04371989,0.56875,4900,1943,49,2.1886065,0.56875,3424,108,39.2,0.7399362,0.56875,4349,117,49,0.748943,0.56875,64.12501,57.5000038,99.99748,512,-1,485.785156,485.5,0.28515625,0.5,7618.451,7618.951,0,0,0,0,0,0,0,0,0,0,0,0,512,600,1200,3000,59,1.064,1.30500007,0,10,17,49,2670,10451.9824,1396,1394,42,42,33,23,0,0,32.321,28.942,0.975,11180.5547,424.2539,29.9829731,0,0,0,0.0122008072,0,0,0,0,0,0,0,0,0,59.65625,64,16376,4895,11480,70.10641,92.429,9.38496E+07,28049408,28.473999,8.406765,77.20555,10.62088,4.259884,71.3732147,46.75,0.25,0,55,0,85,0.416,1.01,16,16,16,32,48,30,295,160,130,0,0,0,16,46,0.25,0,55,0,85,0.416,1.01,16,16,16,32,48,30,295,160,130,0,0,0,16
05/26/2026 23:53:57,59,66,0,67,73,67,67,67,67,81,12.0960007,5.02000046,1.30800009,1.39200008,1,0.364000022,0.588,3.28000021,2.046,0,3.364,3.364,3.11200023,63,51.5,52.5,51,1320,850,0,992,961,0,0,0,0,0,25,17.19,3.12,1.56,3.12,33.33,0,0,10.42,33.33,40.5719337,3730,660,3940,1414,39.4,1.71966422,0.525,3940,855,39.4,1.41089451,0.525,3703,290,39.4,0.9103939,0.525,4657,274,49.5,0.886117935,0.5375,3704,360,40,0.980774164,0.54375,4000,1844,40,2.11579919,0.54375,3004,137,33.3333321,0.7467679,0.54375,2892,106,33.3333321,0.723349,0.54375,63.5000076,59.0000038,99.99749,512,-1,485.785156,485.5,0.28515625,0.5,7618.451,7618.951,0,0,0,0,0,0,0,0,0,0,0,0,512,600,1200,3000,58,1.064,1.30500007,0,14,17,49,2670,10451.9824,1361,1361,41,41,31,23,0,0,31.772,29.36,0.975,11180.5547,424.2539,28.4680939,0,0,0,0.0122926049,0,0,0,0,0,0,0,0,0,59.40625,64,16376,4895,11480,70.10641,90.506,9.019904E+07,27749376,28.3138046,8.566959,76.7711945,10.4704742,4.41029,70.36247,46.75,0.25,0,55,0,85,0.416,1.01,16,16,16,32,48,30,295,160,130,0,0,0,16,46,0.25,0,55,0,85,0.416,1.01,16,16,16,32,48,30,295,160,130,0,0,0,16
05/26/2026 23:53:59,58,66,0,66,72,67,67,67,67,81,12.0960007,5.02000046,1.30800009,1.39200008,1.014,0.350000024,0.588,3.28000021,2.046,0,3.364,3.364,3.11200023,63,51.5,52.5,51,1308,850,0,997,938,0,0,0,0,0,23.08,9.23,4.62,4.62,1.54,32.31,1.54,0,9.62,32.31,40.42329,3664,644,3980,1457,39.8,1.76823378,0.51875,3980,733,39.8,1.30148971,0.51875,3778,344,39.8,0.966647446,0.51875,3126,268,33.1666679,0.8873261,0.51875,3678,335,39.6,0.959507465,0.53125,4950,1787,49.5,2.045426,0.53125,2904,117,33,0.714742362,0.53125,2915,111,33,0.716805756,0.53125,63.2500076,57.5000038,99.99749,512,-1,485.785156,485.5,0.28515625,0.5,7618.451,7618.951,0,0,0,0,0,0,0,0,0,0,0,0,512,600,1200,3000,59,1.05500007,1.30500007,0,13,17,49,2670,10451.9824,1324,1324,40,40,31,23,0,0,30.874,32.912,0.975,11180.5547,424.2539,28.50785,0,0,0,0.0120575586,0,0,0,0,0,0,0,0,0,59.03125,62,16376,4895,11480,70.10641,89.287,8.64E+07,3.764941E+07,28.3150787,8.565685,76.77465,10.4705315,4.41023254,70.36286,46.75,0.25,0,55,0,85,0.416,1.01,16,16,16,32,48,30,295,160,130,0,0,0,16,46,0.25,0,55,0,85,0.416,1.01,16,16,16,32,48,30,295,160,130,0,0,0,16
05/26/2026 23:54:01,58,66,0,66,72,67,67,67,67,81,12.0960007,5.02000046,1.30800009,1.39200008,1.006,0.356,0.588,3.28000021,2.046,0,3.364,3.364,3.11200023,62,51.5,52.5,51,1307,849,0,984,925,0,0,0,0,0,31.75,9.52,9.52,9.52,0,25.4,0,3.17,11.11,31.75,40.13705,4124,654,4020,1667,40.2,1.91014707,0.53125,5025,820,50.25,1.31263554,0.53125,3853,343,40.2,0.942259669,0.53125,3829,271,40.2,0.865860641,0.53125,3939,363,40.2,0.9583453,0.53125,5025,1515,50.25,1.74466264,0.525,3644,121,40.2,0.7163149,0.525,3655,131,40.2,0.714959,0.525,62.8750076,58.0000038,99.99749,512,-1,485.785156,485.5,0.28515625,0.5,7618.451,7618.951,0,0,0,0,0,0,0,0,0,0,0,0,512,600,1200,3000,59,0.979000032,1.30500007,0,12,17,49,2670,10451.9824,1293,1290,38,38,30,23,0,0,30.788,31.236,0.975,11180.5547,424.484375,28.6679344,0,0,0,0.0134279188,0,0,0,0,0,0.009544655,0,0,0,58.75,62,16376,4895,11480,70.10641,88.359,7.174963E+07,2.02496E+07,28.31392,8.566845,76.77151,10.4712219,4.409542,70.3675,46.75,0.25,0,55,0,85,0.416,1.01,16,16,16,32,48,30,295,160,130,0,0,0,16,46,0.25,0,55,0,85,0.416,1.01,16,16,16,32,48,30,295,160,130,0,0,0,16
05/26/2026 23:54:03,57,66,0,65,71,65,65,65,65,79,12.12,5.03,1.30800009,1.396,0.996000051,0.350000024,0.588,3.28400016,2.046,0,3.36800027,3.36800027,3.12000012,62,51.5,52.5,51,1288,849,0,994,919,0,0,0,0,0,31.25,21.88,0,1.56,3.12,25,0,0,10.35,31.25,40.22033,4157,687,4850,1897,48.5,2.098763,0.64375,4850,849,48.5,1.36693311,0.64375,4587,321,48.5,0.930413246,0.64375,3054,230,32.3333321,0.832967758,0.64375,4850,407,48.5,1.00470936,0.64375,5050,1549,50.5,1.72571659,0.6,3046,142,33.6666679,0.741270661,0.6,2971,104,33.6666679,0.700572431,0.6,62.7500076,62.2500038,99.99749,512,-1,485.785156,485.5,0.28515625,0.5,7618.451,7618.951,0,0,0,0,0,0,0,0,0,0,0,0,512,600,1200,3000,58,0.965000033,1.30500007,0,7,17,48,2670,10451.9824,1259,1257,37,38,30,22,0,0,31.244,31.127,0.975,11180.5547,424.484375,28.8334332,0,0,0,0.0121964933,0,0,0,0,0,0,0,0,0,58.5,62,16376,4895,11480,70.10641,89.713,8.269926E+07,24999936,28.3154335,8.56533051,76.77561,10.4712944,4.4094696,70.36799,46.75,0.25,0,55,0,85,0.416,1.01,16,16,16,32,48,30,295,160,130,0,0,0,16,46,0.25,0,55,0,85,0.416,1.01,16,16,16,32,48,30,295,160,130,0,0,0,16
05/26/2026 23:54:05,56,66,0,64,71,65,65,65,65,79,12.0960007,5.03,1.30800009,1.39200008,0.994,0.34800002,0.588,3.28400016,2.046,0,3.36800027,3.36800027,3.11600018,62,51.5,52.5,51,1272,881,0,973,911,0,0,0,0,0,32.81,17.46,7.81,4.69,4.69,23.44,0,0,11.36,32.81,40.3718758,3954,696,4040,1786,40.4,2.07312655,0.54375,4040,906,40.4,1.41076028,0.55,3818,316,40.4,0.9459075,0.55,3694,204,40.4,0.833445549,0.55,4020,443,40.2,1.042373,0.53125,5000,1669,50,1.90736926,0.51875,3512,129,40,0.734539032,0.51875,3512,114,40,0.7271508,0.51875,62.8750076,59.8750038,99.99749,512,-1,485.785156,485.5,0.28515625,0.5,7618.451,7618.951,0,0,0,0,0,0,0,0,0,0,0,0,512,600,1200,3000,58,0.965000033,1.30500007,0,6,17,48,2670,10451.9824,1229,1225,37,37,31,24,0,0,31.145,32.817,0.975,11180.5547,424.484375,29.2873535,0,0,0,0.0122970827,0,0,0,0,0,0,0,0,0,58.21875,62,16376,4895,11480,70.10641,90.322,8.369971E+07,36849664,28.3442764,8.536488,76.85382,10.5010643,4.37969971,70.56805,46.75,0.25,0,55,0,85,0.416,1.01,16,16,16,32,48,30,295,160,130,0,0,0,16,46,0.25,0,55,0,85,0.416,1.01,16,16,16,32,48,30,295,160,130,0,0,0,16
05/26/2026 23:54:07,57,66,0,64,71,66,66,66,66,81,12.12,5.03,1.31000006,1.396,1.008,0.352000028,0.588,3.28400016,2.046,0,3.36800027,3.36800027,3.11600018,63,52,52.5,51,1248,882,0,982,907,0,0,0,0,0,46.03,19.05,1.59,3.17,12.7,37.5,3.17,1.56,15.6,46.03,40.7949562,3913,708,3940,1991,39.4,2.24039435,0.53125,4925,839,49.25,1.41074848,0.53125,3688,256,39.4,0.8968245,0.53125,3699,230,40,0.854804754,0.53125,4000,440,40,1.06396937,0.53125,5050,1656,50.5,1.901563,0.525,3046,151,33.6666679,0.7720035,0.525,2957,102,33.6666679,0.727028251,0.525,63.0000076,60.8750038,99.99748,512,-1,485.785156,485.5,0.28515625,0.5,7618.451,7618.951,0,0,0,0,0,0,0,0,0,0,0,0,512,600,1200,3000,58,1.05000007,1.30500007,0,13,17,48,2670,10451.9824,1201,1200,36,36,32,25,0,0,30.775,33.54,0.975,11180.5547,424.484375,30.6471252,0,0,0,0.0122245774,0,0,0,0,0,0,0,0,0,58.125,62,16376,4895,11480,70.10641,89.748,8.64E+07,25249792,28.34504,8.535725,76.85589,10.5027542,4.37801,70.57941,46.75,0.25,0,55,0,85,0.416,1.01,16,16,16,32,48,30,295,160,130,0,0,0,16,46,0.25,0,55,0,85,0.416,1.01,16,16,16,32,48,30,295,160,130,0,0,0,16
05/26/2026 23:54:09,58,67,0,65,71,67,67,67,67,81,12.12,5.03,1.31000006,1.39200008,0.998,0.34800002,0.588,3.288,2.046,0,3.37200022,3.36800027,3.12000012,62,52,52.5,51,1288,892,0,968,929,0,0,0,0,0,40,20,1.54,3.08,10.77,27.69,1.54,3.08,13.46,40,40.52993,4053,711,4975,1961,49.75,2.217072,0.525,4975,948,49.75,1.45762348,0.525,3838,347,39.8,0.9678688,0.54375,3701,259,39.8,0.88116014,0.54375,3980,422,39.8,1.05608535,0.54375,3980,1504,39.8,1.81949651,0.54375,3475,120,39.8,0.7361481,0.54375,3500,126,39.8,0.739224732,0.54375,62.8750076,57.0000038,99.99749,512,-1,485.785156,485.5,0.28515625,0.5,7618.451,7618.951,0,0,0,0,0,0,0,0,0,0,0,0,512,600,1200,3000,58,0.979000032,1.30500007,0,6,17,48,2670,10451.9824,1181,1178,35,35,32,25,0,0,31.698,31.821,0.975,11180.5547,424.484375,30.97557,0,0,0,0.0123219723,0,0,0,0,0,0,0,0,0,58.03125,62,16376,4895,11480,70.10641,90.767,8.914944E+07,3.719987E+07,28.31472,8.566044,76.77368,10.471653,4.409111,70.3704,46.75,0.25,0,55,0,85,0.416,1.01,16,16,16,32,48,30,295,160,130,0,0,0,16,46,0.25,0,55,0,85,0.416,1.01,16,16,16,32,48,30,295,160,130,0,0,0,16
05/26/2026 23:54:11,57,68,0,64,71,65,65,65,65,79,12.0960007,5.03,1.31000006,1.39200008,1.006,0.358,0.590000033,3.288,2.046,0,3.37200022,3.37200022,3.12000012,62,51.5,52.5,51,1284,870,0,994,939,0,0,0,0,0,28.12,18.75,6.25,3.12,7.81,32.81,0,0,12.11,32.81,40.5330353,3514,646,5000,1503,50,1.7787993,0.51875,3333,815,33.3333321,1.324539,0.51875,3266,360,33.3333321,0.955028653,0.51875,3194,273,33.3333321,0.8634278,0.51875,3333,383,33.3333321,0.976607561,0.51875,4000,1614,40,1.8938725,0.51875,3029,123,33.3333321,0.7018941,0.51875,2961,98,33.3333321,0.6729827,0.51875,62.7500076,57.5000038,99.99749,512,-1,485.785156,485.5,0.28515625,0.5,7618.451,7618.951,0,0,0,0,0,0,0,0,0,0,0,0,512,600,1200,3000,59,0.969000041,1.30500007,0,7,16,48,2670,10451.9824,1160,1161,35,35,32,25,0,0,32.157,28.501,0.975,11180.5547,424.484375,31.211,0,0,0,0.01236871,0,0,0,0,0,0,0,0,0,57.84375,60,16376,4895,11480,70.10641,93.223,8.83497E+07,26099712,28.3446388,8.536125,76.854805,10.5029488,4.37781525,70.58071,46.75,0.25,0,55,0,85,0.416,1.01,16,16,16,32,48,30,295,160,130,0,0,0,16,46,0.25,0,55,0,85,0.416,1.01,16,16,16,32,48,30,295,160,130,0,0,0,16
05/26/2026 23:54:13,56,67,0,64,71,65,65,65,65,79,12.12,5.03,1.31000006,1.39200008,1,0.364000022,0.588,3.28400016,2.046,0,3.37200022,3.37200022,3.11600018,62,52,52.5,51,1267,901,0,988,910,0,0,0,0,0,34.38,15.62,7.81,3.12,7.81,21.88,0,0,11.33,34.38,40.09525,3796,662,4950,1634,49.5,1.91588724,0.51875,3960,792,39.6,1.32860053,0.51875,3203,340,33,0.9516141,0.51875,3189,252,33,0.8362498,0.51875,3960,394,39.6,0.9971626,0.51875,5050,1669,50.5,1.96590459,0.53125,3036,111,33.6666679,0.6985648,0.53125,3017,106,33.6666679,0.683771133,0.53125,62.6250076,59.0000038,99.99749,512,-1,485.785156,485.5,0.28515625,0.5,7618.451,7618.951,0,0,0,0,0,0,0,0,0,0,0,0,512,600,1200,3000,58,1.069,1.30500007,0,12,16,48,2670,10451.9824,1140,1140,34,34,32,25,0,0,31.567,28.24,0.975,11180.5547,424.484375,31.2347584,0,0,0,0.01222692,0,0,0,0,0,0,0,0,0,57.75,62,16376,4895,11480,70.10641,91.823,8.75991E+07,37549056,28.3150063,8.565758,76.77446,10.4735565,4.40720749,70.383194,46.75,0.25,0,55,0,85,0.416,1.01,16,16,16,32,48,30,295,160,130,0,0,0,16,46,0.25,0,55,0,85,0.416,1.01,16,16,16,32,48,30,295,160,130,0,0,0,16
05/26/2026 23:54:15,56,68,0,64,71,65,65,65,65,79,12.12,5.03,1.31000006,1.396,0.996000051,0.350000024,0.588,3.288,2.046,0,3.37200022,3.37200022,3.12000012,62,52,52.5,51,1260,868,0,988,908,0,0,0,0,0,42.86,15.87,11.11,7.94,12.7,28.57,3.17,3.17,15.67,42.86,39.7499962,3956,619,4020,1353,40.2,1.59519613,0.5375,5025,818,50.25,1.31262529,0.5375,3217,321,33.1666679,0.8977018,0.53125,3161,248,33.1666679,0.8246396,0.53125,3937,333,39.8,0.913403034,0.53125,5050,1635,50.5,1.9324944,0.54375,3717,141,40.4,0.7027066,0.54375,3520,104,40.4,0.664826,0.54375,62.2500076,56.1250038,99.99749,512,-1,485.785156,485.5,0.28515625,0.5,7618.451,7618.951,0,0,0,0,0,0,0,0,0,0,0,0,512,600,1200,3000,58,1.06000006,1.30500007,0,18,17,48,2670,10451.9824,1124,1122,34,34,33,25,0,0,31.288,37.136,0.975,11180.5547,424.484375,31.16933,0,0,0,0.0126422644,0,0,0,0,0,0,0,0,0,57.6875,60,16376,4895,11480,70.10641,90.311,8.184934E+07,26349568,28.311821,8.568943,76.76582,10.4703178,4.410446,70.36143,46.75,0.25,0,55,0,85,0.416,1.01,16,16,16,32,48,30,295,160,130,0,0,0,16,46,0.25,0,55,0,85,0.416,1.01,16,16,16,32,48,30,295,160,130,0,0,0,16
05/26/2026 23:54:17,56,68,0,64,71,65,65,65,65,79,12.12,5.03,1.31000006,1.39200008,1.014,0.356,0.588,3.288,2.046,0,3.37200022,3.36800027,3.12000012,62,52,52.5,51,1255,905,0,982,907,0,0,0,0,0,48.44,12.5,10.94,9.38,7.81,28.12,3.12,3.12,15.43,48.44,40.1366425,3759,675,3960,1722,39.6,2.03130341,0.55625,3960,816,39.6,1.35760093,0.55625,3713,262,39.6,0.879505754,0.55625,3693,247,39.6,0.8508308,0.55625,3897,404,39.6,1.01586175,0.55625,4950,1694,49.5,2.04802084,0.54375,2995,141,33,0.745459259,0.54375,2902,113,33,0.6901093,0.54375,62.2500076,56.6250038,99.99749,512,-1,485.785156,485.5,0.28515625,0.5,7618.451,7618.951,0,0,0,0,0,0,0,0,0,0,0,0,512,600,1200,3000,58,1.04500008,1.30500007,0,15,17,48,2670,10451.9824,1110,1110,33,33,33,25,0,0,32.11,29.086,0.975,11180.5547,424.5,31.17342,0,0,0,0.0128624374,0,0,0,0,0,0.02157117,0,0,0,57.59375,60,16376,4895,11480,70.10641,91.703,8.669901E+07,25699328,28.31351,8.567253,76.7704,10.4698372,4.410927,70.3582,46.75,0.25,0,55,0,85,0.416,1.01,16,16,16,32,48,30,295,160,130,0,0,0,16,46,0.25,0,55,0,85,0.416,1.01,16,16,16,32,48,30,295,160,130,0,0,0,16
05/26/2026 23:54:19,56,67,0,64,71,65,65,65,65,79,12.12,5.03,1.30800009,1.39200008,1.01200008,0.354,0.588,3.28400016,2.046,0,3.37200022,3.37200022,3.12000012,62,52,52.5,51,1253,870,0,969,932,0,0,0,0,0,38.46,13.85,4.62,6.15,9.23,35.38,0,0,13.46,38.46,40.5417061,4003,652,5050,1599,50.5,1.8715049,0.5375,4040,780,40.4,1.30511808,0.5375,3899,318,40.4,0.9105877,0.5375,3775,234,40.4,0.82820785,0.5375,3943,391,40.4,0.991391659,0.5375,4040,1628,40.4,1.97745407,0.5375,3633,146,40.4,0.7296524,0.5375,3641,122,40.4,0.713873446,0.5375,62.3750076,56.6250038,99.99749,512,-1,485.785156,485.5,0.28515625,0.5,7618.451,7618.951,0,0,0,0,0,0,0,0,0,0,0,0,512,600,1200,3000,58,0.979000032,1.30500007,0,12,17,48,2670,10451.9824,1091,1094,33,33,35,27,0,0,32.499,28.884,0.975,11180.5547,424.5,32.4015,0,0,0,0.0294006169,0,0,0,0,0,0,0,0,0,57.5,60,16376,4895,11480,70.10641,93.696,6.879949E+07,30599168,28.3410835,8.53968048,76.84517,10.5012436,4.37952042,70.56925,46.75,0.25,0,55,0,85,0.416,1.01,16,16,16,32,48,30,295,160,130,0,0,0,16,46,0.25,0,55,0,85,0.416,1.01,16,16,16,32,48,30,295,160,130,0,0,0,16
05/26/2026 23:54:21,57,67,0,64,71,66,66,66,66,81,12.0960007,5.03,1.30800009,1.39200008,1.01200008,0.354,0.588,3.28400016,2.046,0,3.36800027,3.36800027,3.11600018,63,51.5,52.5,51,1257,899,0,969,909,0,0,0,0,0,43.75,9.38,12.5,4.69,9.38,32.81,0,0,14.06,43.75,41.3194771,3961,751,4020,2270,40.2,2.55085731,0.55,4975,843,49.75,1.379607,0.53125,3872,370,39.6,0.988858461,0.53125,3780,292,39.6,0.909820735,0.53125,3857,392,40.2,1.0240339,0.54375,5025,1553,50.25,1.963104,0.54375,3074,139,33.5,0.745365,0.54375,3083,151,33.5,0.7656363,0.54375,63.7500076,56.6250038,99.99748,512,-1,485.785156,485.5,0.28515625,0.5,7618.451,7618.951,0,0,0,0,0,0,0,0,0,0,0,0,512,600,1200,3000,58,1.064,1.30500007,0,13,17,48,2670,10451.9824,1078,1075,32,32,37,28,0,0,33.828,32.044,0.975,11180.5547,424.5,34.4776955,0,0,0,0.3117738,0,0,0,0,0,0,0,0,0,57.53125,60,16376,4895,11480,70.10641,97.328,127349760,21349376,28.3122253,8.568539,76.7669144,10.4727745,4.4079895,70.37794,46.75,0.25,0,55,0,85,0.416,1.01,16,16,16,32,48,30,295,160,130,0,0,0,16,46,0.25,0,55,0,85,0.416,1.01,16,16,16,32,48,30,295,160,130,0,0,0,16
05/26/2026 23:54:23,58,67,0,65,71,67,67,67,67,81,12.0960007,5.02000046,1.30800009,1.39200008,1.00400007,0.366000026,0.588,3.28000021,2.046,0,3.36800027,3.364,3.11600018,63,51.5,52.5,51,1290,863,0,988,937,0,0,0,0,0,44.44,15.87,7.94,12.7,7.94,34.92,4.76,1.59,16.27,44.44,40.961422,3757,713,3980,2265,39.8,2.55706978,0.53125,5000,845,50,1.37939119,0.51875,3788,324,39.4,0.9409188,0.51875,3654,251,39.4,0.8568697,0.51875,3779,329,40.4,0.94506526,0.525,4000,1452,40,1.84894419,0.5375,2959,135,33.3333321,0.7154885,0.5375,2896,102,33.1666679,0.7002183,0.53125,63.8750076,60.8750038,99.99749,512,-1,485.785156,485.5,0.28515625,0.5,7618.451,7618.951,0,0,0,0,0,0,0,0,0,0,0,0,512,600,1200,3000,58,0.979000032,1.30500007,0,9,17,48,2670,10451.9824,1067,1063,32,32,37,28,0,0,34.326,33.564,0.975,11180.5547,424.765625,34.25638,0,0,0,0.306529969,0,0,0,0,0,0,0,0,0,57.4375,60,16376,4895,11480,70.10641,97.303,8.729907E+07,2.109952E+07,28.3124657,8.568298,76.76757,10.4716263,4.40913773,70.370224,46.75,0.25,0,55,0,85,0.416,1.01,16,16,16,32,48,30,295,160,130,0,0,0,16,46,0.25,0,55,0,85,0.416,1.01,16,16,16,32,48,30,295,160,130,0,0,0,16
05/26/2026 23:54:25,59,66,0,66,72,67,67,68,68,82,12.0960007,5.03,1.30800009,1.39200008,1.01,0.352000028,0.588,3.28000021,2.046,0,3.36800027,3.364,3.11600018,63,51.5,52.5,51,1295,851,0,1002,920,0,0,0,0,0,38.46,18.46,10.77,4.62,10.77,36.92,0,1.54,15.19,38.46,40.8704643,3128,706,3600,2171,36,2.454709,0.5375,3233,789,32.3333321,1.33254361,0.5375,3068,327,32.3333321,0.946573555,0.825,2993,231,32.3333321,0.8444178,0.825,3062,354,32.3333321,0.9740587,0.825,3233,1494,32.3333321,1.91026747,0.825,2928,146,32.3333321,0.747750163,0.825,2904,136,32.3333321,0.740174234,0.825,63.8750076,59.0000038,99.99748,512,-1,485.785156,485.5,0.28515625,0.5,7618.451,7618.951,0,0,0,0,0,0,0,0,0,0,0,0,512,600,1200,3000,58,1.05000007,1.30500007,0,12,17,48,2670,10451.9824,1057,1059,32,32,38,28,0,0,35.438,34.846,0.975,11180.5547,424.765625,34.3337364,0,0,0,0.281886339,0,0,0,0,0,0,0,0,0,57.4375,60,16376,4895,11480,70.10641,99.285,5.814989E+07,28899328,28.314785,8.565979,76.77386,10.4716225,4.40914154,70.37019,46.75,0.25,0,55,0,85,0.416,1.01,16,16,16,32,48,30,295,160,130,0,0,0,16,46,0.25,0,55,0,85,0.416,1.01,16,16,16,32,48,30,295,160,130,0,0,0,16
05/26/2026 23:54:27,58,66,0,66,72,67,67,67,67,81,12.12,5.03,1.30800009,1.39200008,1.008,0.358,0.588,3.28400016,2.046,0,3.36800027,3.36800027,3.11600018,63,51.5,52.5,51,1301,848,0,985,946,0,0,0,0,0,31.75,17.46,12.7,7.94,12.7,41.27,3.17,1.59,16.07,41.27,40.24361,3968,656,4020,1662,40.2,1.94960129,0.5125,5050,828,50.5,1.36368358,0.51875,3092,295,33.6666679,0.8979246,0.51875,4663,228,50.5,0.8304467,0.50625,3890,398,40.4,0.992714345,0.50625,5050,1604,50.5,2.008138,0.50625,3010,127,33.6666679,0.7220756,0.50625,2968,104,33.6666679,0.6984607,0.50625,63.3750076,56.1250038,99.99749,512,-1,485.785156,485.5,0.28515625,0.5,7618.451,7618.951,0,0,0,0,0,0,0,0,0,0,0,0,512,600,1200,3000,58,1.074,1.30500007,0,8,16,47,2670,10451.9824,1048,1053,31,31,36,28,0,0,32.799,31.728,0.975,11180.5547,424.765625,32.07727,0,0,0,0.0122591937,0,0,0,0,0,0,0,0,0,57.1875,60,16376,4895,11480,70.10641,93.717,9.544909E+07,28499968,28.3134232,8.567341,76.7701645,10.4714127,4.40935135,70.36878,46.75,0.25,0,55,0,85,0.416,1.01,16,16,16,32,48,30,295,160,130,0,0,0,16,46,0.25,0,55,0,85,0.416,1.01,16,16,16,32,48,30,295,160,130,0,0,0,16
05/26/2026 23:54:29,58,66,0,66,72,67,67,67,67,81,12.12,5.03,1.30800009,1.39200008,0.992000043,0.34800002,0.588,3.28400016,2.046,0,3.37200022,3.36800027,3.11600018,63,52,52.5,51,1305,847,0,1000,924,0,0,0,0,0,36.51,19.05,4.76,4.76,12.7,41.27,3.17,3.17,15.67,41.27,40.1805573,4070,669,4040,1482,40.4,1.75772953,0.5125,4040,788,40.4,1.3104943,0.5125,4893,325,50.5,0.9156802,0.5125,3747,246,40.4,0.8375751,0.5125,4936,428,49.75,1.00668252,0.51875,4975,1822,49.75,2.11227155,0.51875,2969,139,33.1666679,0.724660337,0.51875,2958,119,33.1666679,0.7043071,0.51875,63.0000076,56.8750038,99.99749,512,-1,485.785156,485.5,0.28515625,0.5,7618.451,7618.951,0,0,0,0,0,0,0,0,0,0,0,0,512,600,1200,3000,57,1.05500007,1.30500007,0,7,16,47,2670,10451.9824,1039,1044,31,31,34,26,0,0,32.398,34.364,0.975,11180.5547,424.765625,30.47591,0,0,0,0.0124527086,0,0,0,0,0,0,0,0,0,57,60,16376,4895,11480,70.10641,90.397,4.924928E+07,29249536,28.3419342,8.53883,76.84747,10.5014839,4.37928,70.57086,46.75,0.25,0,55,0,85,0.416,1.01,16,16,16,32,48,30,295,160,130,0,0,0,16,46,0.25,0,55,0,85,0.416,1.01,16,16,16,32,48,30,295,160,130,0,0,0,16
05/26/2026 23:54:31,57,66,0,65,71,65,65,65,65,79,12.0960007,5.03,1.30800009,1.396,0.998,0.352000028,0.588,3.28400016,2.046,0,3.36800027,3.36800027,3.11600018,62,51.5,52.5,51,1288,879,0,1006,947,0,0,0,0,0,41.27,22.22,11.11,4.76,14.29,42.86,3.12,1.56,17.65,42.86,40.4760361,4070,700,4040,1734,40.4,2.04166842,0.60625,4040,788,40.4,1.32969868,0.60625,3901,323,40.4,0.9422693,0.60625,3840,266,40.4,0.8677083,0.60625,3983,449,40.4,1.04689884,0.51875,5000,1751,50,2.09700322,0.5125,3057,139,33.3333321,0.728763163,0.5125,4702,152,50,0.736087263,0.5125,62.5000076,55.6250038,99.9975,512,-1,485.785156,485.5,0.28515625,0.5,7618.451,7618.951,0,0,0,0,0,0,0,0,0,0,0,0,512,600,1200,3000,58,1.064,1.30500007,0,10,17,47,2670,10451.9824,1029,1030,31,31,36,27,0,1,33.152,35.023,0.975,11180.5547,424.765625,31.4203682,0,0,0,0.0124249486,0,0,0,0,0,0,0,0,0,57.03125,60,16376,4895,11480,70.10641,91.236,9.319936E+07,2.76992E+07,28.3433533,8.537411,76.85132,10.4952087,4.38555527,70.5286942,46.75,0.25,0,55,0,85,0.416,1.01,16,16,16,32,48,30,295,160,130,0,0,0,16,46,0.25,0,55,0,85,0.416,1.01,16,16,16,32,48,30,295,160,130,0,0,0,16
05/26/2026 23:54:33,56,66,0,64,71,65,65,65,65,79,12.12,5.03,1.30800009,1.39200008,1.008,0.354,0.588,3.28400016,2.046,0,3.36800027,3.36800027,3.11600018,62,51.5,52.5,51,1259,879,0,977,938,0,0,0,0,0,31.25,21.88,7.81,10.94,9.38,42.19,3.12,3.12,16.21,42.19,40.4566422,3920,645,3960,1482,39.6,1.80419135,0.51875,3960,838,39.6,1.35608983,0.51875,3759,324,39.6,0.914755166,0.51875,3711,270,39.6,0.8564461,0.51875,3838,368,39.6,0.9686292,0.51875,4950,1615,49.5,1.97888,0.51875,3576,145,39.8,0.7297151,0.51875,3609,121,39.8,0.7068072,0.54375,62.3750076,56.6250038,99.99748,512,-1,485.785156,485.5,0.28515625,0.5,7618.451,7618.951,0,0,0,0,0,0,0,0,0,0,0,0,512,600,1200,3000,58,0.979000032,1.30500007,0,9,16,47,2670,10451.9824,1019,1017,30,30,35,27,0,0,33.046,37.544,0.975,11180.5547,424.765625,31.9370022,0,0,0,0.0123210987,0,0,0,0,0,0,0,0,0,56.96875,60,16376,4895,11480,70.10641,93.196,8.914944E+07,28449792,28.3442421,8.536522,76.85373,10.4965172,4.384247,70.53749,46.75,0.25,0,55,0,85,0.416,1.01,16,16,16,32,48,30,295,160,130,0,0,0,16,46,0.25,0,55,0,85,0.416,1.01,16,16,16,32,48,30,295,160,130,0,0,0,16
05/26/2026 23:54:35,56,66,0,64,71,65,65,65,65,79,12.12,5.03,1.31000006,1.39200008,0.986000061,0.354,0.588,3.28400016,2.046,0,3.36800027,3.36800027,3.12000012,62,51.5,52.5,51,1267,847,0,970,933,0,0,0,0,0,42.86,19.05,4.76,7.94,9.52,34.92,3.17,1.59,15.48,42.86,40.0836143,4020,658,3940,1524,39.4,1.801824,0.53125,3940,734,39.4,1.24707806,0.53125,4714,341,49.25,0.9152802,0.53125,4721,326,50,0.901483059,0.53125,3821,328,40,0.912725031,0.53125,5000,1732,50,2.07972836,0.53125,3017,150,33.3333321,0.7249982,0.53125,3005,132,33.3333321,0.711016357,0.53125,62.2500076,55.6250038,99.99749,512,-1,485.785156,485.5,0.28515625,0.5,7618.451,7618.951,0,0,0,0,0,0,0,0,0,0,0,0,512,600,1200,3000,57,0.974000037,1.30500007,0,5,16,47,2670,10451.9824,1008,1007,30,30,35,27,0,0,34.062,36.89,0.975,11180.5547,424.765625,31.433073,0,0,0,0.105514668,0,0,0,0,0,0,0,0,0,56.96875,60,16376,4895,11480,70.10641,91.571,7.78496E+07,19949568,28.3118248,8.568939,76.76583,10.4733009,4.407463,70.38147,46.75,0.25,0,55,0,85,0.416,1.01,16,16,16,32,48,30,295,160,130,0,0,0,16,46,0.25,0,55,0,85,0.416,1.01,16,16,16,32,48,30,295,160,130,0,0,0,16
05/26/2026 23:54:37,56,66,0,64,71,65,65,65,65,79,12.0960007,5.03,1.31000006,1.39200008,1.026,0.354,0.588,3.28400016,2.046,0,3.36800027,3.36800027,3.11600018,62,51.5,52.5,51,1252,846,0,967,933,0,0,0,0,0,49.21,12.7,1.59,0,4.76,22.22,1.59,0,11.51,49.21,41.1607475,4113,741,5050,2282,50.5,2.56062627,0.53125,4040,894,40.4,1.45087767,0.53125,3894,287,40.4,0.9341026,0.53125,3738,202,40.4,0.8374083,0.53125,4010,413,40.4,1.04290867,0.53125,5000,1569,50,1.95192027,0.525,3699,173,40,0.790791631,0.525,3474,111,40,0.73379916,0.525,62.6250076,59.0000038,99.99749,512,-1,485.785156,485.5,0.28515625,0.5,7618.451,7618.951,0,0,0,0,0,0,0,0,0,0,0,0,512,600,1200,3000,57,1.06000006,1.30500007,0,10,16,49,2835,10451.9824,1002,1000,30,30,40,28,0,0,47.535,55.594,1.075,11180.5547,424.765625,37.9543953,0,0,0,0.23379083,0,0,0,0,0,0,0,0,0,58.09375,60,16376,4895,11480,70.10641,115.33,7.939994E+07,27949056,28.3406,8.540165,76.84385,10.5004158,4.380348,70.56369,46.75,0.25,0,55,0,85,0.416,1.01,16,16,16,32,48,30,295,160,130,0,0,0,16,46,0.25,0,55,0,85,0.416,1.01,16,16,16,32,48,30,295,160,130,0,0,0,16
05/26/2026 23:54:39,57,66,0,64,71,66,66,66,66,81,12.0960007,5.03,1.30800009,1.39200008,1.018,0.354,0.588,3.28400016,2.046,0,3.36800027,3.36800027,3.11600018,62,51.5,52.5,51,1259,879,0,987,909,0,0,0,0,0,40.62,14.06,3.12,0,1.56,23.44,1.56,0,10.55,40.62,40.34003,3666,689,4975,2195,49.75,2.43047714,0.54375,3317,824,33.1666679,1.35458,0.54375,3195,317,33.1666679,0.930989563,0.54375,3152,251,33.1666679,0.840651453,0.54375,3253,339,33.1666679,0.9512695,0.54375,4950,1359,49.5,1.75028741,0.53125,3620,127,40.2,0.713679731,0.54375,2865,100,33,0.678703,0.53125,62.8750076,55.6250038,99.99749,512,-1,485.785156,485.5,0.28515625,0.5,7618.451,7618.951,0,0,0,0,0,0,0,0,0,0,0,0,512,600,1200,3000,57,1.05000007,1.30500007,0,16,17,50,2850,10451.9824,1000,999,30,30,40,28,0,0,48.226,54.396,1.09,11180.5547,424.765625,37.73437,0,0,0,0.2495166,0,0,0,0,0,0,0,0,0,58.65625,60,16376,4895,11480,70.10641,135.547,7.744922E+07,21449728,28.3126221,8.568142,76.76799,10.4740562,4.406708,70.38655,46.75,0.25,0,55,0,85,0.416,1.01,16,16,16,32,48,30,295,160,130,0,0,0,16,46,0.25,0,55,0,85,0.416,1.01,16,16,16,32,48,30,295,160,130,0,0,0,16
05/26/2026 23:54:41,56,66,0,64,71,65,65,65,65,79,12.0960007,5.03,1.31000006,1.39200008,1.03000009,0.362000018,0.590000033,3.28000021,2.046,0,3.37200022,3.36800027,3.12000012,62,51.5,52.5,51,1263,879,0,988,909,0,0,0,0,0,46.15,15.38,3.08,6.15,4.62,26.15,0,0,12.69,46.15,40.65556,4023,681,5050,1938,50.5,2.24148083,0.54375,4040,804,40.4,1.33434641,0.54375,3791,268,40.4,0.883900464,0.54375,3780,252,40.4,0.857482255,0.54375,4850,372,48.5,0.9957791,0.54375,4850,1544,48.5,1.90269673,0.5375,2879,125,32.3333321,0.7195014,0.5375,2947,142,32.3333321,0.7038009,0.5375,62.7500076,56.6250038,99.99749,512,-1,485.785156,485.5,0.28515625,0.5,7618.451,7618.951,0,0,0,0,0,0,0,0,0,0,0,0,512,600,1200,3000,57,1.04500008,1.30500007,0,7,16,55,2835,10451.9824,996,998,30,30,57,33,0,0,64.636,69.865,1.085,11180.5039,406.011719,53.98379,0,0,0,0.219422445,0,0,0,0,0,0.0475426726,0,0,0,61.96875,60,16376,4895,11480,70.10641,184.652,6.60992E+07,22049792,28.3420677,8.538696,76.84783,10.4972458,4.383518,70.54239,46.75,0.25,0,55,0,85,0.416,1.01,16,16,16,32,48,30,295,160,130,0,0,0,16,46,0.25,0,55,0,85,0.416,1.01,16,16,16,32,48,30,295,160,130,0,0,0,16
05/26/2026 23:54:43,56,66,0,64,71,65,65,65,65,79,12.0960007,5.03,1.30800009,1.39200008,1.026,0.354,0.588,3.28400016,2.046,0,3.36800027,3.364,3.11600018,62,51.5,52.5,51,1268,847,0,989,933,0,0,0,0,0,52.38,14.29,1.59,0,0,26.98,1.59,0,12.1,52.38,40.3596764,3912,685,3960,1942,39.6,2.248962,0.5375,5050,849,50.5,1.35467684,0.53125,3757,250,40.2,0.87952733,0.51875,3030,166,33.5,0.77941066,0.51875,3962,342,40.2,0.966715336,0.51875,5025,1696,50.25,2.00455284,0.51875,2969,121,33.5,0.71204704,0.51875,3545,115,40.4,0.5966848,0.53125,62.6250076,61.2500038,99.99749,512,-1,485.785156,485.5,0.28515625,0.5,7618.451,7618.951,0,0,0,0,0,0,0,0,0,0,0,0,512,600,1200,3000,57,1.064,1.30500007,0,10,17,55,2835,10451.9824,998,997,30,30,57,33,0,0,64.144,60.297,1.085,11180.5039,406.011719,53.79493,0,0,0,0.207552075,0,0,0,0,0,0,0,0,0,64.40625,60,16376,4895,11480,70.10641,185.622,4.979917E+07,26999808,28.3092537,8.57151,76.75886,10.4697495,4.41101456,70.357605,46.5,0.25,0,55,0,85,0.416,1.01,16,16,16,32,48,30,295,160,130,0,0,0,16,46,0.25,0,55,0,85,0.416,1.01,16,16,16,32,48,30,295,160,130,0,0,0,16
05/26/2026 23:54:45,56,66,0,64,71,65,65,65,65,79,12.0960007,5.02000046,1.30800009,1.39200008,1.018,0.350000024,0.590000033,3.28400016,2.046,0,3.36800027,3.36800027,3.11600018,62,51.5,52.5,51,1252,846,0,984,909,0,0,0,0,0,29.23,15.38,3.08,4.62,7.69,36.92,3.08,1.54,12.69,36.92,40.7898026,3573,690,5000,1659,50,1.96917176,0.525,3333,832,33.3333321,1.37728453,0.525,3117,272,33.3333321,0.885163546,0.525,3064,216,33.3333321,0.823273957,0.525,3303,326,33.3333321,0.958318353,0.525,4975,1975,49.75,2.232966,0.53125,2891,123,33.1666679,0.6920369,0.53125,2901,120,33.1666679,0.684568048,0.53125,62.5000076,55.6250038,99.99748,512,-1,485.785156,485.5,0.28515625,0.5,7618.451,7618.951,0,0,0,0,0,0,0,0,0,0,0,0,512,600,1200,3000,58,1.04500008,1.30500007,0,13,17,56,2835,10451.9824,1001,1000,30,30,57,33,0,0,64.875,57.522,1.09,11180.5039,406.011719,53.99501,0,0,0,0.213520676,0,0,0,0,0,0,0,0,0,66.65625,60,16376,4895,11480,70.10641,186.987,7.734989E+07,21349376,28.3408966,8.539867,76.84466,10.4999466,4.38081741,70.56053,46.5,0.25,0,55,0,85,0.416,1.01,16,16,16,32,48,30,295,160,130,0,0,0,16,46,0.25,0,55,0,85,0.416,1.01,16,16,16,32,48,30,295,160,130,0,0,0,16
05/26/2026 23:54:47,56,66,0,64,71,65,65,65,65,79,12.0960007,5.03,1.30800009,1.39200008,1.018,0.36,0.588,3.28000021,2.046,0,3.36800027,3.36800027,3.11600018,62,51.5,52.5,51,1265,879,0,988,908,0,0,0,0,0,23.44,14.06,0,1.56,6.25,34.38,0,1.56,10.16,34.38,41.2198944,3440,732,3600,1702,36,1.98953927,0.6125,3600,959,36,1.45744681,0.6125,3479,305,36,0.9245508,0.6125,3371,242,36,0.8585775,0.6125,3569,378,36,1.00410986,0.6125,3600,2044,36,2.26207685,0.6125,3098,103,36,0.703366756,0.6125,3199,119,36,0.7171994,0.6125,62.6250076,55.6250038,99.99748,512,-1,485.785156,485.5,0.28515625,0.5,7618.451,7618.951,0,0,0,0,0,0,0,0,0,0,0,0,512,600,1200,3000,58,1.03500009,1.30500007,0,2,16,51,2835,10451.9824,1003,1000,30,30,35,27,0,0,42.618,40.333,1.085,11180.5039,406.011719,35.5086555,0,0,0,0.232254386,0,0,0,0,0,0,0,0,0,59.71875,60,16376,4895,11480,70.10641,145.506,5.064909E+07,2.76992E+07,28.3122864,8.568478,76.76708,10.4722443,4.40851974,70.3743744,46.5,0.25,0,55,0,85,0.416,1.01,16,16,16,32,48,30,295,160,130,0,0,0,16,46,0.25,0,55,0,85,0.416,1.01,16,16,16,32,48,30,295,160,130,0,0,0,16
05/26/2026 23:54:49,56,66,0,64,71,65,65,65,65,79,12.0960007,5.02000046,1.30800009,1.39200008,1.0200001,0.352000028,0.590000033,3.288,2.046,0,3.37200022,3.36800027,3.11600018,62,51.5,52.5,51,1257,879,0,969,933,0,0,0,0,0,29.23,7.69,4.62,7.69,3.08,35.38,0,1.54,11.15,35.38,40.9936142,3380,715,3600,1790,36,2.05419827,0.54375,3600,842,36,1.3585732,0.54375,3029,276,32.3333321,0.8896607,0.85625,3034,243,32.3333321,0.850151062,0.85625,3195,350,32.3333321,0.96734333,0.85625,4850,1944,48.5,2.21807957,0.85625,2877,136,32.3333321,0.730514646,0.85625,2859,136,32.3333321,0.7290927,0.85625,62.8750076,55.6250038,99.99749,512,-1,485.785156,485.5,0.28515625,0.5,7618.451,7618.951,0,0,0,0,0,0,0,0,0,0,0,0,512,600,1200,3000,58,1.06000006,1.30500007,0,13,16,48,2670,10451.9824,1000,1000,30,30,34,26,0,0,32.704,36.373,0.975,11180.5039,406.011719,32.615818,0,0,0,0.266250819,0,0,0,0,0,0,0,0,0,58.40625,60,16376,4895,11480,70.10641,102.207,5.529907E+07,27599872,28.3386917,8.542072,76.83868,10.4992027,4.38156128,70.5555344,46.5,0.25,0,55,0,85,0.416,1.01,16,16,16,32,48,30,295,160,130,0,0,0,16,45.75,0.25,0,55,0,85,0.416,1.01,16,16,16,32,48,30,295,160,130,0,0,0,16
05/26/2026 23:54:51,56,66,0,64,71,65,65,65,65,79,12.12,5.03,1.31000006,1.39200008,1.024,0.350000024,0.588,3.28400016,2.046,0,3.37200022,3.36800027,3.11600018,63,51.5,52.5,51,1269,847,0,968,933,0,0,0,0,0,39.68,12.7,3.17,0,3.17,25.4,1.59,1.59,10.91,39.68,41.0539627,4199,780,5025,2146,50.25,2.443714,0.51875,5025,883,50.25,1.40313125,0.51875,3171,314,33.5,0.9603009,0.51875,4535,189,50.25,0.82368,0.51875,4902,399,50,1.03206491,0.53125,5025,2048,50.25,2.39565754,0.525,2950,143,33.5,0.7668005,0.525,2961,120,33.5,0.74853754,0.525,63.2500076,56.5000038,99.99748,512,-1,485.785156,485.5,0.28515625,0.5,7618.451,7618.951,0,0,0,0,0,0,0,0,0,0,0,0,512,600,1200,3000,57,0.969000041,1.30500007,0,10,17,48,2670,10451.9824,999,1001,30,30,31,24,0,0,30.467,28.851,0.975,11180.5039,406.011719,29.3709545,0,0,0,0.1322846,0,0,0,0,0,0,0,0,0,58.03125,62,16376,4895,11480,70.10641,91.938,6.259917E+07,17999872,28.309742,8.571022,76.7601852,10.4691391,4.411625,70.35351,46.5,0.25,0,55,0,85,0.416,1.01,16,16,16,32,48,30,295,160,130,0,0,0,16,46,0.25,0,55,0,85,0.416,1.01,16,16,16,32,48,30,295,160,130,0,0,0,16
05/26/2026 23:54:53,57,66,0,65,71,67,67,67,67,81,12.0960007,5.03,1.31000006,1.396,1.034,0.354,0.590000033,3.28400016,2.046,0,3.36800027,3.36800027,3.11600018,63,51.5,52.5,51,1275,845,0,976,911,0,0,0,0,0,35.94,10.94,4.69,1.56,7.81,25,3.12,3.12,11.52,35.94,41.0986443,3772,766,3960,2289,39.6,2.58129215,0.53125,3960,883,39.6,1.41520739,0.53125,3736,298,40,0.929439068,0.53125,3654,225,40,0.8527026,0.53125,3923,436,40,1.05295956,0.53125,5000,1715,50,2.078184,0.53125,2981,136,33.3333321,0.754532158,0.53125,2960,148,33.3333321,0.7572579,0.53125,63.2500076,55.2500038,99.99749,512,-1,485.785156,485.5,0.28515625,0.5,7618.451,7618.951,0,0,0,0,0,0,0,0,0,0,0,0,512,600,1200,3000,57,1.06000006,1.30500007,0,8,17,48,2670,10451.9824,1001,1001,30,30,30,24,0,0,31.118,28.298,0.975,11180.5039,406.011719,29.0480213,0,0,0,0.0124702342,0,0,0,0,0,0,0,0,0,57.90625,60,16376,4895,11480,70.10641,88.965,5.12E+07,41399296,28.3400612,8.540703,76.84239,10.4995689,4.381195,70.558,46.5,0.25,0,55,0,85,0.416,1.01,16,16,16,32,48,30,295,160,130,0,0,0,16,46,0.25,0,55,0,85,0.416,1.01,16,16,16,32,48,30,295,160,130,0,0,0,16
05/26/2026 23:54:55,58,66,0,66,72,67,67,67,67,81,12.12,5.03,1.31000006,1.39200008,1.024,0.350000024,0.588,3.28400016,2.046,0,3.37200022,3.36800027,3.12000012,63,51.5,52.5,51,1298,879,0,1004,920,0,0,0,0,0,35.38,10.77,1.54,1.54,3.08,27.69,1.54,1.54,10.38,35.38,41.1980934,3965,736,5050,2316,50.5,2.58444238,0.5375,4040,857,40.4,1.3934412,0.5375,3850,329,40.4,0.94348824,0.5375,3684,207,40.4,0.818435,0.5375,3991,376,40.4,0.9993523,0.5375,4040,1546,40.4,1.92364621,0.5375,3575,128,40.4,0.7335708,0.5375,3487,127,40.4,0.735708535,0.5375,63.1250076,59.3750038,99.9975,512,-1,485.785156,485.5,0.28515625,0.5,7618.451,7618.951,0,0,0,0,0,0,0,0,0,0,0,0,512,600,1200,3000,57,1.06000006,1.30500007,0,6,16,48,2670,10451.9824,999,1003,30,30,30,24,0,0,30.802,36.218,0.975,11180.5039,406.011719,28.717535,0,0,0,0.0121366475,0,0,0,0,0,0,0,0,0,57.6875,60,16376,4895,11480,70.10641,89.744,4.764979E+07,41549824,28.3096046,8.571159,76.75981,10.4724846,4.40827942,70.37599,46.5,0.25,0,55,0,85,0.416,1.01,16,16,16,32,48,30,295,160,130,0,0,0,16,45.75,0.25,0,55,0,85,0.416,1.01,16,16,16,32,48,30,295,160,130,0,0,0,16
05/26/2026 23:54:57,58,66,0,66,72,67,67,67,67,81,12.12,5.02000046,1.31000006,1.39200008,1.01,0.356,0.590000033,3.288,2.046,0,3.37200022,3.36800027,3.11600018,62,51.5,52.5,51,1302,878,0,997,947,0,0,0,0,0,31.25,4.69,1.56,1.56,4.69,31.25,0,0,9.38,31.25,40.25351,3792,695,4040,1909,40.4,2.14973474,0.54375,5000,819,50,1.33150327,0.54375,3262,293,33.3333321,0.8910737,0.525,3145,283,33.3333321,0.8681245,0.525,3962,425,40,1.004342,0.51875,5050,1572,50.5,1.91860211,0.51875,2973,156,33.6666679,0.7345979,0.51875,2906,103,33.6666679,0.6868322,0.51875,62.8750076,55.1250038,99.99749,512,-1,485.785156,485.5,0.28515625,0.5,7618.451,7618.951,0,0,0,0,0,0,0,0,0,0,0,0,512,600,1200,3000,57,1.079,1.30500007,0,13,16,48,2670,10451.9824,1001,1000,30,30,30,24,0,0,30.373,26.72,0.975,11180.5039,406.011719,28.8843536,0,0,0,0.0121959355,0,0,0,0,0,0,0,0,0,57.5625,60,16376,4895,11480,70.10641,87.93,8.764928E+07,26749952,28.3482132,8.532551,76.8644943,10.508831,4.371933,70.62024,46.5,0.25,0,55,0,85,0.416,1.01,16,16,16,32,48,30,295,160,130,0,0,0,16,45.75,0.25,0,55,0,85,0.416,1.01,16,16,16,32,48,30,295,160,130,0,0,0,16
